fact_id,run_id,task_id,case_id,family_id,block_id,episode_attempt_id,receipt_sha256,inclusion_status,leaf_id,leaf_version,estimand_id,estimand_version,metric_role,metric_name,seat_id,value,unit,metric_metadata,score_status,validity_status,validity_reasons,evidence_refs,source_kind,source_id,source_sha256,reportable
result_c3ec142014a0c402004c2d69,runplan_dc8ae57dfeff5543,cell_148a4d9bc4509495b6a7,housing_v1__experiment__000001,housing_v1,housing_controlled_model_landlords_experiment,episode_attempt_cc8981e8dafde14c60c3,93374d4db936ca6208dd010f4ee84cdf213ab65bfde95b1104418f1a89dad468,included,housing_social_welfare_leaf,1.0.0,social_welfare,1.0.0,primary,social_welfare,,1382.9,utility_points,{},ok,valid,[],"[""event_00000249""]",evaluation_receipt,episode_attempt_cc8981e8dafde14c60c3,93374d4db936ca6208dd010f4ee84cdf213ab65bfde95b1104418f1a89dad468,true
result_91ffd7beed2d3f5654d21480,runplan_dc8ae57dfeff5543,cell_148a4d9bc4509495b6a7,housing_v1__experiment__000001,housing_v1,housing_controlled_model_landlords_experiment,episode_attempt_cc8981e8dafde14c60c3,93374d4db936ca6208dd010f4ee84cdf213ab65bfde95b1104418f1a89dad468,included,housing_social_welfare_leaf,1.0.0,social_welfare,1.0.0,metric,comparison_baseline_gap,,-225.3499999999999,utility_points,{},ok,valid,[],"[""event_00000249""]",evaluation_receipt,episode_attempt_cc8981e8dafde14c60c3,93374d4db936ca6208dd010f4ee84cdf213ab65bfde95b1104418f1a89dad468,true
result_17d074a0bd7df3bfa903c40a,runplan_dc8ae57dfeff5543,cell_148a4d9bc4509495b6a7,housing_v1__experiment__000001,housing_v1,housing_controlled_model_landlords_experiment,episode_attempt_cc8981e8dafde14c60c3,93374d4db936ca6208dd010f4ee84cdf213ab65bfde95b1104418f1a89dad468,included,housing_social_welfare_leaf,1.0.0,social_welfare,1.0.0,metric,ir_violation_count,,0.0,count,{},ok,valid,[],"[""event_00000249""]",evaluation_receipt,episode_attempt_cc8981e8dafde14c60c3,93374d4db936ca6208dd010f4ee84cdf213ab65bfde95b1104418f1a89dad468,true
result_391569ebaefdd9e40bdf66b0,runplan_dc8ae57dfeff5543,cell_148a4d9bc4509495b6a7,housing_v1__experiment__000001,housing_v1,housing_controlled_model_landlords_experiment,episode_attempt_cc8981e8dafde14c60c3,93374d4db936ca6208dd010f4ee84cdf213ab65bfde95b1104418f1a89dad468,included,housing_social_welfare_leaf,1.0.0,social_welfare,1.0.0,metric,social_welfare,,1382.9,utility_points,{},ok,valid,[],"[""event_00000249""]",evaluation_receipt,episode_attempt_cc8981e8dafde14c60c3,93374d4db936ca6208dd010f4ee84cdf213ab65bfde95b1104418f1a89dad468,true
result_70805b1b1b373fbe5baf834e,runplan_dc8ae57dfeff5543,cell_148a4d9bc4509495b6a7,housing_v1__experiment__000001,housing_v1,housing_controlled_model_landlords_experiment,episode_attempt_cc8981e8dafde14c60c3,93374d4db936ca6208dd010f4ee84cdf213ab65bfde95b1104418f1a89dad468,included,housing_social_welfare_leaf,1.0.0,social_welfare,1.0.0,metric,upper_bound_gap,,406.0899999999999,utility_points,{},ok,valid,[],"[""event_00000249""]",evaluation_receipt,episode_attempt_cc8981e8dafde14c60c3,93374d4db936ca6208dd010f4ee84cdf213ab65bfde95b1104418f1a89dad468,true
result_95d9fb3f58b33268bf0ba321,runplan_dc8ae57dfeff5543,cell_148a4d9bc4509495b6a7,housing_v1__experiment__000001,housing_v1,housing_controlled_model_landlords_experiment,episode_attempt_cc8981e8dafde14c60c3,93374d4db936ca6208dd010f4ee84cdf213ab65bfde95b1104418f1a89dad468,included,housing_social_welfare_leaf,1.0.0,social_welfare,1.0.0,metric,wasted_contacts,,7.0,count,{},ok,valid,[],"[""event_00000249""]",evaluation_receipt,episode_attempt_cc8981e8dafde14c60c3,93374d4db936ca6208dd010f4ee84cdf213ab65bfde95b1104418f1a89dad468,true
result_3425e8b725faf9959af3f2e5,runplan_dc8ae57dfeff5543,cell_148a4d9bc4509495b6a7,housing_v1__experiment__000001,housing_v1,housing_controlled_model_landlords_experiment,episode_attempt_cc8981e8dafde14c60c3,93374d4db936ca6208dd010f4ee84cdf213ab65bfde95b1104418f1a89dad468,included,housing_social_welfare_leaf,1.0.0,social_welfare,1.0.0,metric,within_case_score,,0.77300599779764,ratio,{},ok,valid,[],"[""event_00000249""]",evaluation_receipt,episode_attempt_cc8981e8dafde14c60c3,93374d4db936ca6208dd010f4ee84cdf213ab65bfde95b1104418f1a89dad468,true
result_7abea7c1f8229a02bede4849,runplan_dc8ae57dfeff5543,cell_148a4d9bc4509495b6a7,housing_v1__experiment__000001,housing_v1,housing_controlled_model_landlords_experiment,episode_attempt_cc8981e8dafde14c60c3,93374d4db936ca6208dd010f4ee84cdf213ab65bfde95b1104418f1a89dad468,included,housing_social_welfare_leaf,1.0.0,social_welfare,1.0.0,reference,comparison_baseline,,1608.25,utility_points,"{""policy"":""naive"",""reference_kind"":""comparison_baseline""}",ok,valid,[],"[""event_00000249""]",evaluation_receipt,episode_attempt_cc8981e8dafde14c60c3,93374d4db936ca6208dd010f4ee84cdf213ab65bfde95b1104418f1a89dad468,true
result_c3f5f62b4b82beb78bde032b,runplan_dc8ae57dfeff5543,cell_148a4d9bc4509495b6a7,housing_v1__experiment__000001,housing_v1,housing_controlled_model_landlords_experiment,episode_attempt_cc8981e8dafde14c60c3,93374d4db936ca6208dd010f4ee84cdf213ab65bfde95b1104418f1a89dad468,included,housing_social_welfare_leaf,1.0.0,social_welfare,1.0.0,reference,optimum_lower_bound,,0.0,utility_points,"{""policy"":""do_nothing"",""reference_kind"":""objective_lower_bound""}",ok,valid,[],"[""event_00000249""]",evaluation_receipt,episode_attempt_cc8981e8dafde14c60c3,93374d4db936ca6208dd010f4ee84cdf213ab65bfde95b1104418f1a89dad468,true
result_dcbc68244e513c7403c67d28,runplan_dc8ae57dfeff5543,cell_148a4d9bc4509495b6a7,housing_v1__experiment__000001,housing_v1,housing_controlled_model_landlords_experiment,episode_attempt_cc8981e8dafde14c60c3,93374d4db936ca6208dd010f4ee84cdf213ab65bfde95b1104418f1a89dad468,included,housing_social_welfare_leaf,1.0.0,social_welfare,1.0.0,reference,optimum_upper_bound,,1788.99,utility_points,"{""reference_kind"":""objective_upper_bound"",""semantics"":""full_information_allocation_relaxation""}",ok,valid,[],"[""event_00000249""]",evaluation_receipt,episode_attempt_cc8981e8dafde14c60c3,93374d4db936ca6208dd010f4ee84cdf213ab65bfde95b1104418f1a89dad468,true
result_79ce8468e1716f3b84ad7cf7,runplan_dc8ae57dfeff5543,cell_148a4d9bc4509495b6a7,housing_v1__experiment__000001,housing_v1,housing_controlled_model_landlords_experiment,episode_attempt_cc8981e8dafde14c60c3,93374d4db936ca6208dd010f4ee84cdf213ab65bfde95b1104418f1a89dad468,included,housing_social_welfare_leaf,1.0.0,social_welfare,1.0.0,utility,landlord_0,landlord_0,73.6,utility_points,"{""disagreement_utility"":0.0}",ok,valid,[],"[""event_00000249""]",evaluation_receipt,episode_attempt_cc8981e8dafde14c60c3,93374d4db936ca6208dd010f4ee84cdf213ab65bfde95b1104418f1a89dad468,true
result_746d952b680173111612f20a,runplan_dc8ae57dfeff5543,cell_148a4d9bc4509495b6a7,housing_v1__experiment__000001,housing_v1,housing_controlled_model_landlords_experiment,episode_attempt_cc8981e8dafde14c60c3,93374d4db936ca6208dd010f4ee84cdf213ab65bfde95b1104418f1a89dad468,included,housing_social_welfare_leaf,1.0.0,social_welfare,1.0.0,utility,landlord_1,landlord_1,0.0,utility_points,"{""disagreement_utility"":0.0}",ok,valid,[],"[""event_00000249""]",evaluation_receipt,episode_attempt_cc8981e8dafde14c60c3,93374d4db936ca6208dd010f4ee84cdf213ab65bfde95b1104418f1a89dad468,true
result_baa7da59d2f1134fd9620238,runplan_dc8ae57dfeff5543,cell_148a4d9bc4509495b6a7,housing_v1__experiment__000001,housing_v1,housing_controlled_model_landlords_experiment,episode_attempt_cc8981e8dafde14c60c3,93374d4db936ca6208dd010f4ee84cdf213ab65bfde95b1104418f1a89dad468,included,housing_social_welfare_leaf,1.0.0,social_welfare,1.0.0,utility,landlord_2,landlord_2,0.0,utility_points,"{""disagreement_utility"":0.0}",ok,valid,[],"[""event_00000249""]",evaluation_receipt,episode_attempt_cc8981e8dafde14c60c3,93374d4db936ca6208dd010f4ee84cdf213ab65bfde95b1104418f1a89dad468,true
result_548880ada0c847688c699ae6,runplan_dc8ae57dfeff5543,cell_148a4d9bc4509495b6a7,housing_v1__experiment__000001,housing_v1,housing_controlled_model_landlords_experiment,episode_attempt_cc8981e8dafde14c60c3,93374d4db936ca6208dd010f4ee84cdf213ab65bfde95b1104418f1a89dad468,included,housing_social_welfare_leaf,1.0.0,social_welfare,1.0.0,utility,landlord_3,landlord_3,87.64,utility_points,"{""disagreement_utility"":0.0}",ok,valid,[],"[""event_00000249""]",evaluation_receipt,episode_attempt_cc8981e8dafde14c60c3,93374d4db936ca6208dd010f4ee84cdf213ab65bfde95b1104418f1a89dad468,true
result_da638cd88769d0c78e8b9079,runplan_dc8ae57dfeff5543,cell_148a4d9bc4509495b6a7,housing_v1__experiment__000001,housing_v1,housing_controlled_model_landlords_experiment,episode_attempt_cc8981e8dafde14c60c3,93374d4db936ca6208dd010f4ee84cdf213ab65bfde95b1104418f1a89dad468,included,housing_social_welfare_leaf,1.0.0,social_welfare,1.0.0,utility,landlord_4,landlord_4,47.52,utility_points,"{""disagreement_utility"":0.0}",ok,valid,[],"[""event_00000249""]",evaluation_receipt,episode_attempt_cc8981e8dafde14c60c3,93374d4db936ca6208dd010f4ee84cdf213ab65bfde95b1104418f1a89dad468,true
result_4ec28206b02ff66016961d86,runplan_dc8ae57dfeff5543,cell_148a4d9bc4509495b6a7,housing_v1__experiment__000001,housing_v1,housing_controlled_model_landlords_experiment,episode_attempt_cc8981e8dafde14c60c3,93374d4db936ca6208dd010f4ee84cdf213ab65bfde95b1104418f1a89dad468,included,housing_social_welfare_leaf,1.0.0,social_welfare,1.0.0,utility,tenant_0,tenant_0,406.79,utility_points,"{""disagreement_utility"":0.0}",ok,valid,[],"[""event_00000249""]",evaluation_receipt,episode_attempt_cc8981e8dafde14c60c3,93374d4db936ca6208dd010f4ee84cdf213ab65bfde95b1104418f1a89dad468,true
result_580571cd100545f0e23fb10a,runplan_dc8ae57dfeff5543,cell_148a4d9bc4509495b6a7,housing_v1__experiment__000001,housing_v1,housing_controlled_model_landlords_experiment,episode_attempt_cc8981e8dafde14c60c3,93374d4db936ca6208dd010f4ee84cdf213ab65bfde95b1104418f1a89dad468,included,housing_social_welfare_leaf,1.0.0,social_welfare,1.0.0,utility,tenant_1,tenant_1,371.04,utility_points,"{""disagreement_utility"":0.0}",ok,valid,[],"[""event_00000249""]",evaluation_receipt,episode_attempt_cc8981e8dafde14c60c3,93374d4db936ca6208dd010f4ee84cdf213ab65bfde95b1104418f1a89dad468,true
result_7752baab5bd23967ba2a683d,runplan_dc8ae57dfeff5543,cell_148a4d9bc4509495b6a7,housing_v1__experiment__000001,housing_v1,housing_controlled_model_landlords_experiment,episode_attempt_cc8981e8dafde14c60c3,93374d4db936ca6208dd010f4ee84cdf213ab65bfde95b1104418f1a89dad468,included,housing_social_welfare_leaf,1.0.0,social_welfare,1.0.0,utility,tenant_2,tenant_2,0.0,utility_points,"{""disagreement_utility"":0.0}",ok,valid,[],"[""event_00000249""]",evaluation_receipt,episode_attempt_cc8981e8dafde14c60c3,93374d4db936ca6208dd010f4ee84cdf213ab65bfde95b1104418f1a89dad468,true
result_b00a714c83cbd353055ddb10,runplan_dc8ae57dfeff5543,cell_148a4d9bc4509495b6a7,housing_v1__experiment__000001,housing_v1,housing_controlled_model_landlords_experiment,episode_attempt_cc8981e8dafde14c60c3,93374d4db936ca6208dd010f4ee84cdf213ab65bfde95b1104418f1a89dad468,included,housing_social_welfare_leaf,1.0.0,social_welfare,1.0.0,utility,tenant_3,tenant_3,0.0,utility_points,"{""disagreement_utility"":0.0}",ok,valid,[],"[""event_00000249""]",evaluation_receipt,episode_attempt_cc8981e8dafde14c60c3,93374d4db936ca6208dd010f4ee84cdf213ab65bfde95b1104418f1a89dad468,true
result_222acb28e68b170095ce0e71,runplan_dc8ae57dfeff5543,cell_148a4d9bc4509495b6a7,housing_v1__experiment__000001,housing_v1,housing_controlled_model_landlords_experiment,episode_attempt_cc8981e8dafde14c60c3,93374d4db936ca6208dd010f4ee84cdf213ab65bfde95b1104418f1a89dad468,included,housing_social_welfare_leaf,1.0.0,social_welfare,1.0.0,utility,tenant_4,tenant_4,396.31,utility_points,"{""disagreement_utility"":0.0}",ok,valid,[],"[""event_00000249""]",evaluation_receipt,episode_attempt_cc8981e8dafde14c60c3,93374d4db936ca6208dd010f4ee84cdf213ab65bfde95b1104418f1a89dad468,true
result_8b1f631f2f3c01352f835508,runplan_dc8ae57dfeff5543,cell_148a4d9bc4509495b6a7,housing_v1__experiment__000001,housing_v1,housing_controlled_model_landlords_experiment,episode_attempt_cc8981e8dafde14c60c3,93374d4db936ca6208dd010f4ee84cdf213ab65bfde95b1104418f1a89dad468,included,housing_social_welfare_leaf,1.0.0,social_welfare,1.0.0,utility,tenant_5,tenant_5,0.0,utility_points,"{""disagreement_utility"":0.0}",ok,valid,[],"[""event_00000249""]",evaluation_receipt,episode_attempt_cc8981e8dafde14c60c3,93374d4db936ca6208dd010f4ee84cdf213ab65bfde95b1104418f1a89dad468,true
result_5f19f1eef665d70499ec9713,runplan_dc8ae57dfeff5543,cell_148a4d9bc4509495b6a7,housing_v1__experiment__000001,housing_v1,housing_controlled_model_landlords_experiment,episode_attempt_cc8981e8dafde14c60c3,93374d4db936ca6208dd010f4ee84cdf213ab65bfde95b1104418f1a89dad468,included,housing_social_welfare_leaf,1.0.0,social_welfare,1.0.0,capture,landlord_0,landlord_0,73.6,utility_points,"{""disagreement_utility"":0.0}",ok,valid,[],"[""event_00000249""]",evaluation_receipt,episode_attempt_cc8981e8dafde14c60c3,93374d4db936ca6208dd010f4ee84cdf213ab65bfde95b1104418f1a89dad468,true
result_e895f2a6104a0330e52f0bb9,runplan_dc8ae57dfeff5543,cell_148a4d9bc4509495b6a7,housing_v1__experiment__000001,housing_v1,housing_controlled_model_landlords_experiment,episode_attempt_cc8981e8dafde14c60c3,93374d4db936ca6208dd010f4ee84cdf213ab65bfde95b1104418f1a89dad468,included,housing_social_welfare_leaf,1.0.0,social_welfare,1.0.0,capture,landlord_1,landlord_1,0.0,utility_points,"{""disagreement_utility"":0.0}",ok,valid,[],"[""event_00000249""]",evaluation_receipt,episode_attempt_cc8981e8dafde14c60c3,93374d4db936ca6208dd010f4ee84cdf213ab65bfde95b1104418f1a89dad468,true
result_0134aee09f87b702fec37616,runplan_dc8ae57dfeff5543,cell_148a4d9bc4509495b6a7,housing_v1__experiment__000001,housing_v1,housing_controlled_model_landlords_experiment,episode_attempt_cc8981e8dafde14c60c3,93374d4db936ca6208dd010f4ee84cdf213ab65bfde95b1104418f1a89dad468,included,housing_social_welfare_leaf,1.0.0,social_welfare,1.0.0,capture,landlord_2,landlord_2,0.0,utility_points,"{""disagreement_utility"":0.0}",ok,valid,[],"[""event_00000249""]",evaluation_receipt,episode_attempt_cc8981e8dafde14c60c3,93374d4db936ca6208dd010f4ee84cdf213ab65bfde95b1104418f1a89dad468,true
result_fe1cd45dadf33ccd4f921223,runplan_dc8ae57dfeff5543,cell_148a4d9bc4509495b6a7,housing_v1__experiment__000001,housing_v1,housing_controlled_model_landlords_experiment,episode_attempt_cc8981e8dafde14c60c3,93374d4db936ca6208dd010f4ee84cdf213ab65bfde95b1104418f1a89dad468,included,housing_social_welfare_leaf,1.0.0,social_welfare,1.0.0,capture,landlord_3,landlord_3,87.64,utility_points,"{""disagreement_utility"":0.0}",ok,valid,[],"[""event_00000249""]",evaluation_receipt,episode_attempt_cc8981e8dafde14c60c3,93374d4db936ca6208dd010f4ee84cdf213ab65bfde95b1104418f1a89dad468,true
result_06e34dcdec52efd321db9019,runplan_dc8ae57dfeff5543,cell_148a4d9bc4509495b6a7,housing_v1__experiment__000001,housing_v1,housing_controlled_model_landlords_experiment,episode_attempt_cc8981e8dafde14c60c3,93374d4db936ca6208dd010f4ee84cdf213ab65bfde95b1104418f1a89dad468,included,housing_social_welfare_leaf,1.0.0,social_welfare,1.0.0,capture,landlord_4,landlord_4,47.52,utility_points,"{""disagreement_utility"":0.0}",ok,valid,[],"[""event_00000249""]",evaluation_receipt,episode_attempt_cc8981e8dafde14c60c3,93374d4db936ca6208dd010f4ee84cdf213ab65bfde95b1104418f1a89dad468,true
result_a833b592514303e12cba3c42,runplan_dc8ae57dfeff5543,cell_148a4d9bc4509495b6a7,housing_v1__experiment__000001,housing_v1,housing_controlled_model_landlords_experiment,episode_attempt_cc8981e8dafde14c60c3,93374d4db936ca6208dd010f4ee84cdf213ab65bfde95b1104418f1a89dad468,included,housing_social_welfare_leaf,1.0.0,social_welfare,1.0.0,capture,tenant_0,tenant_0,406.79,utility_points,"{""disagreement_utility"":0.0}",ok,valid,[],"[""event_00000249""]",evaluation_receipt,episode_attempt_cc8981e8dafde14c60c3,93374d4db936ca6208dd010f4ee84cdf213ab65bfde95b1104418f1a89dad468,true
result_b39382baf60119b96cc77607,runplan_dc8ae57dfeff5543,cell_148a4d9bc4509495b6a7,housing_v1__experiment__000001,housing_v1,housing_controlled_model_landlords_experiment,episode_attempt_cc8981e8dafde14c60c3,93374d4db936ca6208dd010f4ee84cdf213ab65bfde95b1104418f1a89dad468,included,housing_social_welfare_leaf,1.0.0,social_welfare,1.0.0,capture,tenant_1,tenant_1,371.04,utility_points,"{""disagreement_utility"":0.0}",ok,valid,[],"[""event_00000249""]",evaluation_receipt,episode_attempt_cc8981e8dafde14c60c3,93374d4db936ca6208dd010f4ee84cdf213ab65bfde95b1104418f1a89dad468,true
result_e230df1341d5aa0b7ced24dc,runplan_dc8ae57dfeff5543,cell_148a4d9bc4509495b6a7,housing_v1__experiment__000001,housing_v1,housing_controlled_model_landlords_experiment,episode_attempt_cc8981e8dafde14c60c3,93374d4db936ca6208dd010f4ee84cdf213ab65bfde95b1104418f1a89dad468,included,housing_social_welfare_leaf,1.0.0,social_welfare,1.0.0,capture,tenant_2,tenant_2,0.0,utility_points,"{""disagreement_utility"":0.0}",ok,valid,[],"[""event_00000249""]",evaluation_receipt,episode_attempt_cc8981e8dafde14c60c3,93374d4db936ca6208dd010f4ee84cdf213ab65bfde95b1104418f1a89dad468,true
result_a7e309facafe0061aa157743,runplan_dc8ae57dfeff5543,cell_148a4d9bc4509495b6a7,housing_v1__experiment__000001,housing_v1,housing_controlled_model_landlords_experiment,episode_attempt_cc8981e8dafde14c60c3,93374d4db936ca6208dd010f4ee84cdf213ab65bfde95b1104418f1a89dad468,included,housing_social_welfare_leaf,1.0.0,social_welfare,1.0.0,capture,tenant_3,tenant_3,0.0,utility_points,"{""disagreement_utility"":0.0}",ok,valid,[],"[""event_00000249""]",evaluation_receipt,episode_attempt_cc8981e8dafde14c60c3,93374d4db936ca6208dd010f4ee84cdf213ab65bfde95b1104418f1a89dad468,true
result_85d492fb430e80f8999a048d,runplan_dc8ae57dfeff5543,cell_148a4d9bc4509495b6a7,housing_v1__experiment__000001,housing_v1,housing_controlled_model_landlords_experiment,episode_attempt_cc8981e8dafde14c60c3,93374d4db936ca6208dd010f4ee84cdf213ab65bfde95b1104418f1a89dad468,included,housing_social_welfare_leaf,1.0.0,social_welfare,1.0.0,capture,tenant_4,tenant_4,396.31,utility_points,"{""disagreement_utility"":0.0}",ok,valid,[],"[""event_00000249""]",evaluation_receipt,episode_attempt_cc8981e8dafde14c60c3,93374d4db936ca6208dd010f4ee84cdf213ab65bfde95b1104418f1a89dad468,true
result_9ea5925381929b9bf559a6ab,runplan_dc8ae57dfeff5543,cell_148a4d9bc4509495b6a7,housing_v1__experiment__000001,housing_v1,housing_controlled_model_landlords_experiment,episode_attempt_cc8981e8dafde14c60c3,93374d4db936ca6208dd010f4ee84cdf213ab65bfde95b1104418f1a89dad468,included,housing_social_welfare_leaf,1.0.0,social_welfare,1.0.0,capture,tenant_5,tenant_5,0.0,utility_points,"{""disagreement_utility"":0.0}",ok,valid,[],"[""event_00000249""]",evaluation_receipt,episode_attempt_cc8981e8dafde14c60c3,93374d4db936ca6208dd010f4ee84cdf213ab65bfde95b1104418f1a89dad468,true
result_22b657a81875cc15dfa7aa96,runplan_dc8ae57dfeff5543,cell_1914b5cf2c009e198af0,housing_v1__experiment__000001,housing_v1,housing_controlled_model_landlords_experiment,episode_attempt_f73f32e0c01de0c23626,9a0ccb2d557b8f653499d65aadd975fb95994d522c4538d4bd8752341bba15d3,included,housing_social_welfare_leaf,1.0.0,social_welfare,1.0.0,primary,social_welfare,,1479.7,utility_points,{},ok,valid,[],"[""event_00000277""]",evaluation_receipt,episode_attempt_f73f32e0c01de0c23626,9a0ccb2d557b8f653499d65aadd975fb95994d522c4538d4bd8752341bba15d3,true
result_a93c27574d2a39a965e3e801,runplan_dc8ae57dfeff5543,cell_1914b5cf2c009e198af0,housing_v1__experiment__000001,housing_v1,housing_controlled_model_landlords_experiment,episode_attempt_f73f32e0c01de0c23626,9a0ccb2d557b8f653499d65aadd975fb95994d522c4538d4bd8752341bba15d3,included,housing_social_welfare_leaf,1.0.0,social_welfare,1.0.0,metric,comparison_baseline_gap,,-128.54999999999995,utility_points,{},ok,valid,[],"[""event_00000277""]",evaluation_receipt,episode_attempt_f73f32e0c01de0c23626,9a0ccb2d557b8f653499d65aadd975fb95994d522c4538d4bd8752341bba15d3,true
result_2aa038b4dbd077e6a4df081e,runplan_dc8ae57dfeff5543,cell_1914b5cf2c009e198af0,housing_v1__experiment__000001,housing_v1,housing_controlled_model_landlords_experiment,episode_attempt_f73f32e0c01de0c23626,9a0ccb2d557b8f653499d65aadd975fb95994d522c4538d4bd8752341bba15d3,included,housing_social_welfare_leaf,1.0.0,social_welfare,1.0.0,metric,ir_violation_count,,1.0,count,{},ok,valid,[],"[""event_00000277""]",evaluation_receipt,episode_attempt_f73f32e0c01de0c23626,9a0ccb2d557b8f653499d65aadd975fb95994d522c4538d4bd8752341bba15d3,true
result_cadd104a523afadd92a3dcb5,runplan_dc8ae57dfeff5543,cell_1914b5cf2c009e198af0,housing_v1__experiment__000001,housing_v1,housing_controlled_model_landlords_experiment,episode_attempt_f73f32e0c01de0c23626,9a0ccb2d557b8f653499d65aadd975fb95994d522c4538d4bd8752341bba15d3,included,housing_social_welfare_leaf,1.0.0,social_welfare,1.0.0,metric,social_welfare,,1479.7,utility_points,{},ok,valid,[],"[""event_00000277""]",evaluation_receipt,episode_attempt_f73f32e0c01de0c23626,9a0ccb2d557b8f653499d65aadd975fb95994d522c4538d4bd8752341bba15d3,true
result_8128ce9eb4348411f85d2c5b,runplan_dc8ae57dfeff5543,cell_1914b5cf2c009e198af0,housing_v1__experiment__000001,housing_v1,housing_controlled_model_landlords_experiment,episode_attempt_f73f32e0c01de0c23626,9a0ccb2d557b8f653499d65aadd975fb95994d522c4538d4bd8752341bba15d3,included,housing_social_welfare_leaf,1.0.0,social_welfare,1.0.0,metric,upper_bound_gap,,309.28999999999996,utility_points,{},ok,valid,[],"[""event_00000277""]",evaluation_receipt,episode_attempt_f73f32e0c01de0c23626,9a0ccb2d557b8f653499d65aadd975fb95994d522c4538d4bd8752341bba15d3,true
result_f2591360f4f489ad69b3cf34,runplan_dc8ae57dfeff5543,cell_1914b5cf2c009e198af0,housing_v1__experiment__000001,housing_v1,housing_controlled_model_landlords_experiment,episode_attempt_f73f32e0c01de0c23626,9a0ccb2d557b8f653499d65aadd975fb95994d522c4538d4bd8752341bba15d3,included,housing_social_welfare_leaf,1.0.0,social_welfare,1.0.0,metric,wasted_contacts,,7.0,count,{},ok,valid,[],"[""event_00000277""]",evaluation_receipt,episode_attempt_f73f32e0c01de0c23626,9a0ccb2d557b8f653499d65aadd975fb95994d522c4538d4bd8752341bba15d3,true
result_6e32375a48acfa79dda3cc0c,runplan_dc8ae57dfeff5543,cell_1914b5cf2c009e198af0,housing_v1__experiment__000001,housing_v1,housing_controlled_model_landlords_experiment,episode_attempt_f73f32e0c01de0c23626,9a0ccb2d557b8f653499d65aadd975fb95994d522c4538d4bd8752341bba15d3,included,housing_social_welfare_leaf,1.0.0,social_welfare,1.0.0,metric,within_case_score,,0.827114740719624,ratio,{},ok,valid,[],"[""event_00000277""]",evaluation_receipt,episode_attempt_f73f32e0c01de0c23626,9a0ccb2d557b8f653499d65aadd975fb95994d522c4538d4bd8752341bba15d3,true
result_b9ccb685ba10463fbb669162,runplan_dc8ae57dfeff5543,cell_1914b5cf2c009e198af0,housing_v1__experiment__000001,housing_v1,housing_controlled_model_landlords_experiment,episode_attempt_f73f32e0c01de0c23626,9a0ccb2d557b8f653499d65aadd975fb95994d522c4538d4bd8752341bba15d3,included,housing_social_welfare_leaf,1.0.0,social_welfare,1.0.0,reference,comparison_baseline,,1608.25,utility_points,"{""policy"":""naive"",""reference_kind"":""comparison_baseline""}",ok,valid,[],"[""event_00000277""]",evaluation_receipt,episode_attempt_f73f32e0c01de0c23626,9a0ccb2d557b8f653499d65aadd975fb95994d522c4538d4bd8752341bba15d3,true
result_3816cadcd42021bbc76baa66,runplan_dc8ae57dfeff5543,cell_1914b5cf2c009e198af0,housing_v1__experiment__000001,housing_v1,housing_controlled_model_landlords_experiment,episode_attempt_f73f32e0c01de0c23626,9a0ccb2d557b8f653499d65aadd975fb95994d522c4538d4bd8752341bba15d3,included,housing_social_welfare_leaf,1.0.0,social_welfare,1.0.0,reference,optimum_lower_bound,,0.0,utility_points,"{""policy"":""do_nothing"",""reference_kind"":""objective_lower_bound""}",ok,valid,[],"[""event_00000277""]",evaluation_receipt,episode_attempt_f73f32e0c01de0c23626,9a0ccb2d557b8f653499d65aadd975fb95994d522c4538d4bd8752341bba15d3,true
result_cfb1146cc3aebfecbb66e81d,runplan_dc8ae57dfeff5543,cell_1914b5cf2c009e198af0,housing_v1__experiment__000001,housing_v1,housing_controlled_model_landlords_experiment,episode_attempt_f73f32e0c01de0c23626,9a0ccb2d557b8f653499d65aadd975fb95994d522c4538d4bd8752341bba15d3,included,housing_social_welfare_leaf,1.0.0,social_welfare,1.0.0,reference,optimum_upper_bound,,1788.99,utility_points,"{""reference_kind"":""objective_upper_bound"",""semantics"":""full_information_allocation_relaxation""}",ok,valid,[],"[""event_00000277""]",evaluation_receipt,episode_attempt_f73f32e0c01de0c23626,9a0ccb2d557b8f653499d65aadd975fb95994d522c4538d4bd8752341bba15d3,true
result_cd4b59b3255b863edd81c82d,runplan_dc8ae57dfeff5543,cell_1914b5cf2c009e198af0,housing_v1__experiment__000001,housing_v1,housing_controlled_model_landlords_experiment,episode_attempt_f73f32e0c01de0c23626,9a0ccb2d557b8f653499d65aadd975fb95994d522c4538d4bd8752341bba15d3,included,housing_social_welfare_leaf,1.0.0,social_welfare,1.0.0,utility,landlord_0,landlord_0,-2906.4,utility_points,"{""disagreement_utility"":0.0}",ok,valid,[],"[""event_00000277""]",evaluation_receipt,episode_attempt_f73f32e0c01de0c23626,9a0ccb2d557b8f653499d65aadd975fb95994d522c4538d4bd8752341bba15d3,true
result_707d1a7bfa9d9f7f71f90692,runplan_dc8ae57dfeff5543,cell_1914b5cf2c009e198af0,housing_v1__experiment__000001,housing_v1,housing_controlled_model_landlords_experiment,episode_attempt_f73f32e0c01de0c23626,9a0ccb2d557b8f653499d65aadd975fb95994d522c4538d4bd8752341bba15d3,included,housing_social_welfare_leaf,1.0.0,social_welfare,1.0.0,utility,landlord_1,landlord_1,0.0,utility_points,"{""disagreement_utility"":0.0}",ok,valid,[],"[""event_00000277""]",evaluation_receipt,episode_attempt_f73f32e0c01de0c23626,9a0ccb2d557b8f653499d65aadd975fb95994d522c4538d4bd8752341bba15d3,true
result_1ec7a036504854da506991cf,runplan_dc8ae57dfeff5543,cell_1914b5cf2c009e198af0,housing_v1__experiment__000001,housing_v1,housing_controlled_model_landlords_experiment,episode_attempt_f73f32e0c01de0c23626,9a0ccb2d557b8f653499d65aadd975fb95994d522c4538d4bd8752341bba15d3,included,housing_social_welfare_leaf,1.0.0,social_welfare,1.0.0,utility,landlord_2,landlord_2,0.0,utility_points,"{""disagreement_utility"":0.0}",ok,valid,[],"[""event_00000277""]",evaluation_receipt,episode_attempt_f73f32e0c01de0c23626,9a0ccb2d557b8f653499d65aadd975fb95994d522c4538d4bd8752341bba15d3,true
result_08a9985ef2e64dd233ac718a,runplan_dc8ae57dfeff5543,cell_1914b5cf2c009e198af0,housing_v1__experiment__000001,housing_v1,housing_controlled_model_landlords_experiment,episode_attempt_f73f32e0c01de0c23626,9a0ccb2d557b8f653499d65aadd975fb95994d522c4538d4bd8752341bba15d3,included,housing_social_welfare_leaf,1.0.0,social_welfare,1.0.0,utility,landlord_3,landlord_3,97.64,utility_points,"{""disagreement_utility"":0.0}",ok,valid,[],"[""event_00000277""]",evaluation_receipt,episode_attempt_f73f32e0c01de0c23626,9a0ccb2d557b8f653499d65aadd975fb95994d522c4538d4bd8752341bba15d3,true
result_3e52816b423c161535737a66,runplan_dc8ae57dfeff5543,cell_1914b5cf2c009e198af0,housing_v1__experiment__000001,housing_v1,housing_controlled_model_landlords_experiment,episode_attempt_f73f32e0c01de0c23626,9a0ccb2d557b8f653499d65aadd975fb95994d522c4538d4bd8752341bba15d3,included,housing_social_welfare_leaf,1.0.0,social_welfare,1.0.0,utility,landlord_4,landlord_4,47.52,utility_points,"{""disagreement_utility"":0.0}",ok,valid,[],"[""event_00000277""]",evaluation_receipt,episode_attempt_f73f32e0c01de0c23626,9a0ccb2d557b8f653499d65aadd975fb95994d522c4538d4bd8752341bba15d3,true
result_2c4c9e9c0fb3d4aaff1bdeca,runplan_dc8ae57dfeff5543,cell_1914b5cf2c009e198af0,housing_v1__experiment__000001,housing_v1,housing_controlled_model_landlords_experiment,episode_attempt_f73f32e0c01de0c23626,9a0ccb2d557b8f653499d65aadd975fb95994d522c4538d4bd8752341bba15d3,included,housing_social_welfare_leaf,1.0.0,social_welfare,1.0.0,utility,tenant_0,tenant_0,3386.79,utility_points,"{""disagreement_utility"":0.0}",ok,valid,[],"[""event_00000277""]",evaluation_receipt,episode_attempt_f73f32e0c01de0c23626,9a0ccb2d557b8f653499d65aadd975fb95994d522c4538d4bd8752341bba15d3,true
result_09e40473531d6186f9e0e063,runplan_dc8ae57dfeff5543,cell_1914b5cf2c009e198af0,housing_v1__experiment__000001,housing_v1,housing_controlled_model_landlords_experiment,episode_attempt_f73f32e0c01de0c23626,9a0ccb2d557b8f653499d65aadd975fb95994d522c4538d4bd8752341bba15d3,included,housing_social_welfare_leaf,1.0.0,social_welfare,1.0.0,utility,tenant_1,tenant_1,393.72,utility_points,"{""disagreement_utility"":0.0}",ok,valid,[],"[""event_00000277""]",evaluation_receipt,episode_attempt_f73f32e0c01de0c23626,9a0ccb2d557b8f653499d65aadd975fb95994d522c4538d4bd8752341bba15d3,true
result_626769252e231696aaebd4e7,runplan_dc8ae57dfeff5543,cell_1914b5cf2c009e198af0,housing_v1__experiment__000001,housing_v1,housing_controlled_model_landlords_experiment,episode_attempt_f73f32e0c01de0c23626,9a0ccb2d557b8f653499d65aadd975fb95994d522c4538d4bd8752341bba15d3,included,housing_social_welfare_leaf,1.0.0,social_welfare,1.0.0,utility,tenant_2,tenant_2,460.43,utility_points,"{""disagreement_utility"":0.0}",ok,valid,[],"[""event_00000277""]",evaluation_receipt,episode_attempt_f73f32e0c01de0c23626,9a0ccb2d557b8f653499d65aadd975fb95994d522c4538d4bd8752341bba15d3,true
result_e0e3d85dfd422e73d1da2e12,runplan_dc8ae57dfeff5543,cell_1914b5cf2c009e198af0,housing_v1__experiment__000001,housing_v1,housing_controlled_model_landlords_experiment,episode_attempt_f73f32e0c01de0c23626,9a0ccb2d557b8f653499d65aadd975fb95994d522c4538d4bd8752341bba15d3,included,housing_social_welfare_leaf,1.0.0,social_welfare,1.0.0,utility,tenant_3,tenant_3,0.0,utility_points,"{""disagreement_utility"":0.0}",ok,valid,[],"[""event_00000277""]",evaluation_receipt,episode_attempt_f73f32e0c01de0c23626,9a0ccb2d557b8f653499d65aadd975fb95994d522c4538d4bd8752341bba15d3,true
result_8c8382592b9971e30886d47c,runplan_dc8ae57dfeff5543,cell_1914b5cf2c009e198af0,housing_v1__experiment__000001,housing_v1,housing_controlled_model_landlords_experiment,episode_attempt_f73f32e0c01de0c23626,9a0ccb2d557b8f653499d65aadd975fb95994d522c4538d4bd8752341bba15d3,included,housing_social_welfare_leaf,1.0.0,social_welfare,1.0.0,utility,tenant_4,tenant_4,0.0,utility_points,"{""disagreement_utility"":0.0}",ok,valid,[],"[""event_00000277""]",evaluation_receipt,episode_attempt_f73f32e0c01de0c23626,9a0ccb2d557b8f653499d65aadd975fb95994d522c4538d4bd8752341bba15d3,true
result_86fa36a291cd855fb0d04ae5,runplan_dc8ae57dfeff5543,cell_1914b5cf2c009e198af0,housing_v1__experiment__000001,housing_v1,housing_controlled_model_landlords_experiment,episode_attempt_f73f32e0c01de0c23626,9a0ccb2d557b8f653499d65aadd975fb95994d522c4538d4bd8752341bba15d3,included,housing_social_welfare_leaf,1.0.0,social_welfare,1.0.0,utility,tenant_5,tenant_5,0.0,utility_points,"{""disagreement_utility"":0.0}",ok,valid,[],"[""event_00000277""]",evaluation_receipt,episode_attempt_f73f32e0c01de0c23626,9a0ccb2d557b8f653499d65aadd975fb95994d522c4538d4bd8752341bba15d3,true
result_068062cca792b3339e0e5fac,runplan_dc8ae57dfeff5543,cell_1914b5cf2c009e198af0,housing_v1__experiment__000001,housing_v1,housing_controlled_model_landlords_experiment,episode_attempt_f73f32e0c01de0c23626,9a0ccb2d557b8f653499d65aadd975fb95994d522c4538d4bd8752341bba15d3,included,housing_social_welfare_leaf,1.0.0,social_welfare,1.0.0,capture,landlord_0,landlord_0,-2906.4,utility_points,"{""disagreement_utility"":0.0}",ok,valid,[],"[""event_00000277""]",evaluation_receipt,episode_attempt_f73f32e0c01de0c23626,9a0ccb2d557b8f653499d65aadd975fb95994d522c4538d4bd8752341bba15d3,true
result_56fe014bb5452a1480a8329b,runplan_dc8ae57dfeff5543,cell_1914b5cf2c009e198af0,housing_v1__experiment__000001,housing_v1,housing_controlled_model_landlords_experiment,episode_attempt_f73f32e0c01de0c23626,9a0ccb2d557b8f653499d65aadd975fb95994d522c4538d4bd8752341bba15d3,included,housing_social_welfare_leaf,1.0.0,social_welfare,1.0.0,capture,landlord_1,landlord_1,0.0,utility_points,"{""disagreement_utility"":0.0}",ok,valid,[],"[""event_00000277""]",evaluation_receipt,episode_attempt_f73f32e0c01de0c23626,9a0ccb2d557b8f653499d65aadd975fb95994d522c4538d4bd8752341bba15d3,true
result_8d1ee8c6c0ba6d6d62a898ce,runplan_dc8ae57dfeff5543,cell_1914b5cf2c009e198af0,housing_v1__experiment__000001,housing_v1,housing_controlled_model_landlords_experiment,episode_attempt_f73f32e0c01de0c23626,9a0ccb2d557b8f653499d65aadd975fb95994d522c4538d4bd8752341bba15d3,included,housing_social_welfare_leaf,1.0.0,social_welfare,1.0.0,capture,landlord_2,landlord_2,0.0,utility_points,"{""disagreement_utility"":0.0}",ok,valid,[],"[""event_00000277""]",evaluation_receipt,episode_attempt_f73f32e0c01de0c23626,9a0ccb2d557b8f653499d65aadd975fb95994d522c4538d4bd8752341bba15d3,true
result_c1916d0f06df8c84c5054fd4,runplan_dc8ae57dfeff5543,cell_1914b5cf2c009e198af0,housing_v1__experiment__000001,housing_v1,housing_controlled_model_landlords_experiment,episode_attempt_f73f32e0c01de0c23626,9a0ccb2d557b8f653499d65aadd975fb95994d522c4538d4bd8752341bba15d3,included,housing_social_welfare_leaf,1.0.0,social_welfare,1.0.0,capture,landlord_3,landlord_3,97.64,utility_points,"{""disagreement_utility"":0.0}",ok,valid,[],"[""event_00000277""]",evaluation_receipt,episode_attempt_f73f32e0c01de0c23626,9a0ccb2d557b8f653499d65aadd975fb95994d522c4538d4bd8752341bba15d3,true
result_e80781ea40bc4b8f0993aa01,runplan_dc8ae57dfeff5543,cell_1914b5cf2c009e198af0,housing_v1__experiment__000001,housing_v1,housing_controlled_model_landlords_experiment,episode_attempt_f73f32e0c01de0c23626,9a0ccb2d557b8f653499d65aadd975fb95994d522c4538d4bd8752341bba15d3,included,housing_social_welfare_leaf,1.0.0,social_welfare,1.0.0,capture,landlord_4,landlord_4,47.52,utility_points,"{""disagreement_utility"":0.0}",ok,valid,[],"[""event_00000277""]",evaluation_receipt,episode_attempt_f73f32e0c01de0c23626,9a0ccb2d557b8f653499d65aadd975fb95994d522c4538d4bd8752341bba15d3,true
result_a0b3d69e18238134fc062888,runplan_dc8ae57dfeff5543,cell_1914b5cf2c009e198af0,housing_v1__experiment__000001,housing_v1,housing_controlled_model_landlords_experiment,episode_attempt_f73f32e0c01de0c23626,9a0ccb2d557b8f653499d65aadd975fb95994d522c4538d4bd8752341bba15d3,included,housing_social_welfare_leaf,1.0.0,social_welfare,1.0.0,capture,tenant_0,tenant_0,3386.79,utility_points,"{""disagreement_utility"":0.0}",ok,valid,[],"[""event_00000277""]",evaluation_receipt,episode_attempt_f73f32e0c01de0c23626,9a0ccb2d557b8f653499d65aadd975fb95994d522c4538d4bd8752341bba15d3,true
result_7496877048c2f1bd1b9c6566,runplan_dc8ae57dfeff5543,cell_1914b5cf2c009e198af0,housing_v1__experiment__000001,housing_v1,housing_controlled_model_landlords_experiment,episode_attempt_f73f32e0c01de0c23626,9a0ccb2d557b8f653499d65aadd975fb95994d522c4538d4bd8752341bba15d3,included,housing_social_welfare_leaf,1.0.0,social_welfare,1.0.0,capture,tenant_1,tenant_1,393.72,utility_points,"{""disagreement_utility"":0.0}",ok,valid,[],"[""event_00000277""]",evaluation_receipt,episode_attempt_f73f32e0c01de0c23626,9a0ccb2d557b8f653499d65aadd975fb95994d522c4538d4bd8752341bba15d3,true
result_e7082816c437a1c09fdfb4f8,runplan_dc8ae57dfeff5543,cell_1914b5cf2c009e198af0,housing_v1__experiment__000001,housing_v1,housing_controlled_model_landlords_experiment,episode_attempt_f73f32e0c01de0c23626,9a0ccb2d557b8f653499d65aadd975fb95994d522c4538d4bd8752341bba15d3,included,housing_social_welfare_leaf,1.0.0,social_welfare,1.0.0,capture,tenant_2,tenant_2,460.43,utility_points,"{""disagreement_utility"":0.0}",ok,valid,[],"[""event_00000277""]",evaluation_receipt,episode_attempt_f73f32e0c01de0c23626,9a0ccb2d557b8f653499d65aadd975fb95994d522c4538d4bd8752341bba15d3,true
result_b9ff1104bd010ffb294f390f,runplan_dc8ae57dfeff5543,cell_1914b5cf2c009e198af0,housing_v1__experiment__000001,housing_v1,housing_controlled_model_landlords_experiment,episode_attempt_f73f32e0c01de0c23626,9a0ccb2d557b8f653499d65aadd975fb95994d522c4538d4bd8752341bba15d3,included,housing_social_welfare_leaf,1.0.0,social_welfare,1.0.0,capture,tenant_3,tenant_3,0.0,utility_points,"{""disagreement_utility"":0.0}",ok,valid,[],"[""event_00000277""]",evaluation_receipt,episode_attempt_f73f32e0c01de0c23626,9a0ccb2d557b8f653499d65aadd975fb95994d522c4538d4bd8752341bba15d3,true
result_e754579f4fbac7f452a1890b,runplan_dc8ae57dfeff5543,cell_1914b5cf2c009e198af0,housing_v1__experiment__000001,housing_v1,housing_controlled_model_landlords_experiment,episode_attempt_f73f32e0c01de0c23626,9a0ccb2d557b8f653499d65aadd975fb95994d522c4538d4bd8752341bba15d3,included,housing_social_welfare_leaf,1.0.0,social_welfare,1.0.0,capture,tenant_4,tenant_4,0.0,utility_points,"{""disagreement_utility"":0.0}",ok,valid,[],"[""event_00000277""]",evaluation_receipt,episode_attempt_f73f32e0c01de0c23626,9a0ccb2d557b8f653499d65aadd975fb95994d522c4538d4bd8752341bba15d3,true
result_0fb424407b487d491b36c151,runplan_dc8ae57dfeff5543,cell_1914b5cf2c009e198af0,housing_v1__experiment__000001,housing_v1,housing_controlled_model_landlords_experiment,episode_attempt_f73f32e0c01de0c23626,9a0ccb2d557b8f653499d65aadd975fb95994d522c4538d4bd8752341bba15d3,included,housing_social_welfare_leaf,1.0.0,social_welfare,1.0.0,capture,tenant_5,tenant_5,0.0,utility_points,"{""disagreement_utility"":0.0}",ok,valid,[],"[""event_00000277""]",evaluation_receipt,episode_attempt_f73f32e0c01de0c23626,9a0ccb2d557b8f653499d65aadd975fb95994d522c4538d4bd8752341bba15d3,true
result_b0a9c6f94d16ab6c991163d7,runplan_dc8ae57dfeff5543,cell_1d6e5749724fdc4a5c25,housing_v1__experiment__000004,housing_v1,housing_controlled_model_landlords_experiment,episode_attempt_e3d8692c4843d08d745f,bf3cd91cdbe16470a58f7d73bb63886b8863a51e97e81ad30611c903612ee2d9,included,housing_social_welfare_leaf,1.0.0,social_welfare,1.0.0,primary,social_welfare,,1221.68,utility_points,{},ok,valid,[],"[""event_00000273""]",evaluation_receipt,episode_attempt_e3d8692c4843d08d745f,bf3cd91cdbe16470a58f7d73bb63886b8863a51e97e81ad30611c903612ee2d9,true
result_3cfc12ad3bfa5bd8779cc455,runplan_dc8ae57dfeff5543,cell_1d6e5749724fdc4a5c25,housing_v1__experiment__000004,housing_v1,housing_controlled_model_landlords_experiment,episode_attempt_e3d8692c4843d08d745f,bf3cd91cdbe16470a58f7d73bb63886b8863a51e97e81ad30611c903612ee2d9,included,housing_social_welfare_leaf,1.0.0,social_welfare,1.0.0,metric,comparison_baseline_gap,,-68.72000000000003,utility_points,{},ok,valid,[],"[""event_00000273""]",evaluation_receipt,episode_attempt_e3d8692c4843d08d745f,bf3cd91cdbe16470a58f7d73bb63886b8863a51e97e81ad30611c903612ee2d9,true
result_4e7c0dfaf62a4def924d864f,runplan_dc8ae57dfeff5543,cell_1d6e5749724fdc4a5c25,housing_v1__experiment__000004,housing_v1,housing_controlled_model_landlords_experiment,episode_attempt_e3d8692c4843d08d745f,bf3cd91cdbe16470a58f7d73bb63886b8863a51e97e81ad30611c903612ee2d9,included,housing_social_welfare_leaf,1.0.0,social_welfare,1.0.0,metric,ir_violation_count,,1.0,count,{},ok,valid,[],"[""event_00000273""]",evaluation_receipt,episode_attempt_e3d8692c4843d08d745f,bf3cd91cdbe16470a58f7d73bb63886b8863a51e97e81ad30611c903612ee2d9,true
result_e4a5e36d4e3aa7d937994475,runplan_dc8ae57dfeff5543,cell_1d6e5749724fdc4a5c25,housing_v1__experiment__000004,housing_v1,housing_controlled_model_landlords_experiment,episode_attempt_e3d8692c4843d08d745f,bf3cd91cdbe16470a58f7d73bb63886b8863a51e97e81ad30611c903612ee2d9,included,housing_social_welfare_leaf,1.0.0,social_welfare,1.0.0,metric,social_welfare,,1221.68,utility_points,{},ok,valid,[],"[""event_00000273""]",evaluation_receipt,episode_attempt_e3d8692c4843d08d745f,bf3cd91cdbe16470a58f7d73bb63886b8863a51e97e81ad30611c903612ee2d9,true
result_1644fbc79627d95248c11021,runplan_dc8ae57dfeff5543,cell_1d6e5749724fdc4a5c25,housing_v1__experiment__000004,housing_v1,housing_controlled_model_landlords_experiment,episode_attempt_e3d8692c4843d08d745f,bf3cd91cdbe16470a58f7d73bb63886b8863a51e97e81ad30611c903612ee2d9,included,housing_social_welfare_leaf,1.0.0,social_welfare,1.0.0,metric,upper_bound_gap,,238.53999999999996,utility_points,{},ok,valid,[],"[""event_00000273""]",evaluation_receipt,episode_attempt_e3d8692c4843d08d745f,bf3cd91cdbe16470a58f7d73bb63886b8863a51e97e81ad30611c903612ee2d9,true
result_8a6dc1cf81a23e48699d3319,runplan_dc8ae57dfeff5543,cell_1d6e5749724fdc4a5c25,housing_v1__experiment__000004,housing_v1,housing_controlled_model_landlords_experiment,episode_attempt_e3d8692c4843d08d745f,bf3cd91cdbe16470a58f7d73bb63886b8863a51e97e81ad30611c903612ee2d9,included,housing_social_welfare_leaf,1.0.0,social_welfare,1.0.0,metric,wasted_contacts,,6.0,count,{},ok,valid,[],"[""event_00000273""]",evaluation_receipt,episode_attempt_e3d8692c4843d08d745f,bf3cd91cdbe16470a58f7d73bb63886b8863a51e97e81ad30611c903612ee2d9,true
result_be5ff37fd8143adaf1684cba,runplan_dc8ae57dfeff5543,cell_1d6e5749724fdc4a5c25,housing_v1__experiment__000004,housing_v1,housing_controlled_model_landlords_experiment,episode_attempt_e3d8692c4843d08d745f,bf3cd91cdbe16470a58f7d73bb63886b8863a51e97e81ad30611c903612ee2d9,included,housing_social_welfare_leaf,1.0.0,social_welfare,1.0.0,metric,within_case_score,,0.8366410540877403,ratio,{},ok,valid,[],"[""event_00000273""]",evaluation_receipt,episode_attempt_e3d8692c4843d08d745f,bf3cd91cdbe16470a58f7d73bb63886b8863a51e97e81ad30611c903612ee2d9,true
result_ee146229ee38403cb29e8a8a,runplan_dc8ae57dfeff5543,cell_1d6e5749724fdc4a5c25,housing_v1__experiment__000004,housing_v1,housing_controlled_model_landlords_experiment,episode_attempt_e3d8692c4843d08d745f,bf3cd91cdbe16470a58f7d73bb63886b8863a51e97e81ad30611c903612ee2d9,included,housing_social_welfare_leaf,1.0.0,social_welfare,1.0.0,reference,comparison_baseline,,1290.4,utility_points,"{""policy"":""naive"",""reference_kind"":""comparison_baseline""}",ok,valid,[],"[""event_00000273""]",evaluation_receipt,episode_attempt_e3d8692c4843d08d745f,bf3cd91cdbe16470a58f7d73bb63886b8863a51e97e81ad30611c903612ee2d9,true
result_97d1bb75fea334b5251d9be8,runplan_dc8ae57dfeff5543,cell_1d6e5749724fdc4a5c25,housing_v1__experiment__000004,housing_v1,housing_controlled_model_landlords_experiment,episode_attempt_e3d8692c4843d08d745f,bf3cd91cdbe16470a58f7d73bb63886b8863a51e97e81ad30611c903612ee2d9,included,housing_social_welfare_leaf,1.0.0,social_welfare,1.0.0,reference,optimum_lower_bound,,0.0,utility_points,"{""policy"":""do_nothing"",""reference_kind"":""objective_lower_bound""}",ok,valid,[],"[""event_00000273""]",evaluation_receipt,episode_attempt_e3d8692c4843d08d745f,bf3cd91cdbe16470a58f7d73bb63886b8863a51e97e81ad30611c903612ee2d9,true
result_c4abd014945cb68d9a31cc0e,runplan_dc8ae57dfeff5543,cell_1d6e5749724fdc4a5c25,housing_v1__experiment__000004,housing_v1,housing_controlled_model_landlords_experiment,episode_attempt_e3d8692c4843d08d745f,bf3cd91cdbe16470a58f7d73bb63886b8863a51e97e81ad30611c903612ee2d9,included,housing_social_welfare_leaf,1.0.0,social_welfare,1.0.0,reference,optimum_upper_bound,,1460.22,utility_points,"{""reference_kind"":""objective_upper_bound"",""semantics"":""full_information_allocation_relaxation""}",ok,valid,[],"[""event_00000273""]",evaluation_receipt,episode_attempt_e3d8692c4843d08d745f,bf3cd91cdbe16470a58f7d73bb63886b8863a51e97e81ad30611c903612ee2d9,true
result_60df6f1cd8db5608a5173371,runplan_dc8ae57dfeff5543,cell_1d6e5749724fdc4a5c25,housing_v1__experiment__000004,housing_v1,housing_controlled_model_landlords_experiment,episode_attempt_e3d8692c4843d08d745f,bf3cd91cdbe16470a58f7d73bb63886b8863a51e97e81ad30611c903612ee2d9,included,housing_social_welfare_leaf,1.0.0,social_welfare,1.0.0,utility,landlord_0,landlord_0,0.0,utility_points,"{""disagreement_utility"":0.0}",ok,valid,[],"[""event_00000273""]",evaluation_receipt,episode_attempt_e3d8692c4843d08d745f,bf3cd91cdbe16470a58f7d73bb63886b8863a51e97e81ad30611c903612ee2d9,true
result_14eb4480971cb7e07baa443e,runplan_dc8ae57dfeff5543,cell_1d6e5749724fdc4a5c25,housing_v1__experiment__000004,housing_v1,housing_controlled_model_landlords_experiment,episode_attempt_e3d8692c4843d08d745f,bf3cd91cdbe16470a58f7d73bb63886b8863a51e97e81ad30611c903612ee2d9,included,housing_social_welfare_leaf,1.0.0,social_welfare,1.0.0,utility,landlord_1,landlord_1,95.25,utility_points,"{""disagreement_utility"":0.0}",ok,valid,[],"[""event_00000273""]",evaluation_receipt,episode_attempt_e3d8692c4843d08d745f,bf3cd91cdbe16470a58f7d73bb63886b8863a51e97e81ad30611c903612ee2d9,true
result_4cf992c2c149518633de2134,runplan_dc8ae57dfeff5543,cell_1d6e5749724fdc4a5c25,housing_v1__experiment__000004,housing_v1,housing_controlled_model_landlords_experiment,episode_attempt_e3d8692c4843d08d745f,bf3cd91cdbe16470a58f7d73bb63886b8863a51e97e81ad30611c903612ee2d9,included,housing_social_welfare_leaf,1.0.0,social_welfare,1.0.0,utility,landlord_2,landlord_2,52.76,utility_points,"{""disagreement_utility"":0.0}",ok,valid,[],"[""event_00000273""]",evaluation_receipt,episode_attempt_e3d8692c4843d08d745f,bf3cd91cdbe16470a58f7d73bb63886b8863a51e97e81ad30611c903612ee2d9,true
result_966163bf5dde2528aa4e759b,runplan_dc8ae57dfeff5543,cell_1d6e5749724fdc4a5c25,housing_v1__experiment__000004,housing_v1,housing_controlled_model_landlords_experiment,episode_attempt_e3d8692c4843d08d745f,bf3cd91cdbe16470a58f7d73bb63886b8863a51e97e81ad30611c903612ee2d9,included,housing_social_welfare_leaf,1.0.0,social_welfare,1.0.0,utility,landlord_3,landlord_3,-1988.82,utility_points,"{""disagreement_utility"":0.0}",ok,valid,[],"[""event_00000273""]",evaluation_receipt,episode_attempt_e3d8692c4843d08d745f,bf3cd91cdbe16470a58f7d73bb63886b8863a51e97e81ad30611c903612ee2d9,true
result_da6f67a0f2853a282f2ec595,runplan_dc8ae57dfeff5543,cell_1d6e5749724fdc4a5c25,housing_v1__experiment__000004,housing_v1,housing_controlled_model_landlords_experiment,episode_attempt_e3d8692c4843d08d745f,bf3cd91cdbe16470a58f7d73bb63886b8863a51e97e81ad30611c903612ee2d9,included,housing_social_welfare_leaf,1.0.0,social_welfare,1.0.0,utility,landlord_4,landlord_4,62.65,utility_points,"{""disagreement_utility"":0.0}",ok,valid,[],"[""event_00000273""]",evaluation_receipt,episode_attempt_e3d8692c4843d08d745f,bf3cd91cdbe16470a58f7d73bb63886b8863a51e97e81ad30611c903612ee2d9,true
result_fed80683c9fa75bfd14c6558,runplan_dc8ae57dfeff5543,cell_1d6e5749724fdc4a5c25,housing_v1__experiment__000004,housing_v1,housing_controlled_model_landlords_experiment,episode_attempt_e3d8692c4843d08d745f,bf3cd91cdbe16470a58f7d73bb63886b8863a51e97e81ad30611c903612ee2d9,included,housing_social_welfare_leaf,1.0.0,social_welfare,1.0.0,utility,tenant_0,tenant_0,0.0,utility_points,"{""disagreement_utility"":0.0}",ok,valid,[],"[""event_00000273""]",evaluation_receipt,episode_attempt_e3d8692c4843d08d745f,bf3cd91cdbe16470a58f7d73bb63886b8863a51e97e81ad30611c903612ee2d9,true
result_affdf9fd04616244df8d089e,runplan_dc8ae57dfeff5543,cell_1d6e5749724fdc4a5c25,housing_v1__experiment__000004,housing_v1,housing_controlled_model_landlords_experiment,episode_attempt_e3d8692c4843d08d745f,bf3cd91cdbe16470a58f7d73bb63886b8863a51e97e81ad30611c903612ee2d9,included,housing_social_welfare_leaf,1.0.0,social_welfare,1.0.0,utility,tenant_1,tenant_1,27.76,utility_points,"{""disagreement_utility"":0.0}",ok,valid,[],"[""event_00000273""]",evaluation_receipt,episode_attempt_e3d8692c4843d08d745f,bf3cd91cdbe16470a58f7d73bb63886b8863a51e97e81ad30611c903612ee2d9,true
result_6f7aa300cdd85c1195e39765,runplan_dc8ae57dfeff5543,cell_1d6e5749724fdc4a5c25,housing_v1__experiment__000004,housing_v1,housing_controlled_model_landlords_experiment,episode_attempt_e3d8692c4843d08d745f,bf3cd91cdbe16470a58f7d73bb63886b8863a51e97e81ad30611c903612ee2d9,included,housing_social_welfare_leaf,1.0.0,social_welfare,1.0.0,utility,tenant_2,tenant_2,0.0,utility_points,"{""disagreement_utility"":0.0}",ok,valid,[],"[""event_00000273""]",evaluation_receipt,episode_attempt_e3d8692c4843d08d745f,bf3cd91cdbe16470a58f7d73bb63886b8863a51e97e81ad30611c903612ee2d9,true
result_2613d1b1b4653abf39986299,runplan_dc8ae57dfeff5543,cell_1d6e5749724fdc4a5c25,housing_v1__experiment__000004,housing_v1,housing_controlled_model_landlords_experiment,episode_attempt_e3d8692c4843d08d745f,bf3cd91cdbe16470a58f7d73bb63886b8863a51e97e81ad30611c903612ee2d9,included,housing_social_welfare_leaf,1.0.0,social_welfare,1.0.0,utility,tenant_3,tenant_3,208.44,utility_points,"{""disagreement_utility"":0.0}",ok,valid,[],"[""event_00000273""]",evaluation_receipt,episode_attempt_e3d8692c4843d08d745f,bf3cd91cdbe16470a58f7d73bb63886b8863a51e97e81ad30611c903612ee2d9,true
result_01eed50bf5085fe25619857d,runplan_dc8ae57dfeff5543,cell_1d6e5749724fdc4a5c25,housing_v1__experiment__000004,housing_v1,housing_controlled_model_landlords_experiment,episode_attempt_e3d8692c4843d08d745f,bf3cd91cdbe16470a58f7d73bb63886b8863a51e97e81ad30611c903612ee2d9,included,housing_social_welfare_leaf,1.0.0,social_welfare,1.0.0,utility,tenant_4,tenant_4,202.14,utility_points,"{""disagreement_utility"":0.0}",ok,valid,[],"[""event_00000273""]",evaluation_receipt,episode_attempt_e3d8692c4843d08d745f,bf3cd91cdbe16470a58f7d73bb63886b8863a51e97e81ad30611c903612ee2d9,true
result_1de65899969db95269174a32,runplan_dc8ae57dfeff5543,cell_1d6e5749724fdc4a5c25,housing_v1__experiment__000004,housing_v1,housing_controlled_model_landlords_experiment,episode_attempt_e3d8692c4843d08d745f,bf3cd91cdbe16470a58f7d73bb63886b8863a51e97e81ad30611c903612ee2d9,included,housing_social_welfare_leaf,1.0.0,social_welfare,1.0.0,utility,tenant_5,tenant_5,2561.5,utility_points,"{""disagreement_utility"":0.0}",ok,valid,[],"[""event_00000273""]",evaluation_receipt,episode_attempt_e3d8692c4843d08d745f,bf3cd91cdbe16470a58f7d73bb63886b8863a51e97e81ad30611c903612ee2d9,true
result_8697c4e68e5c6481274fa44c,runplan_dc8ae57dfeff5543,cell_1d6e5749724fdc4a5c25,housing_v1__experiment__000004,housing_v1,housing_controlled_model_landlords_experiment,episode_attempt_e3d8692c4843d08d745f,bf3cd91cdbe16470a58f7d73bb63886b8863a51e97e81ad30611c903612ee2d9,included,housing_social_welfare_leaf,1.0.0,social_welfare,1.0.0,capture,landlord_0,landlord_0,0.0,utility_points,"{""disagreement_utility"":0.0}",ok,valid,[],"[""event_00000273""]",evaluation_receipt,episode_attempt_e3d8692c4843d08d745f,bf3cd91cdbe16470a58f7d73bb63886b8863a51e97e81ad30611c903612ee2d9,true
result_843c38ecd3765baf27a604a7,runplan_dc8ae57dfeff5543,cell_1d6e5749724fdc4a5c25,housing_v1__experiment__000004,housing_v1,housing_controlled_model_landlords_experiment,episode_attempt_e3d8692c4843d08d745f,bf3cd91cdbe16470a58f7d73bb63886b8863a51e97e81ad30611c903612ee2d9,included,housing_social_welfare_leaf,1.0.0,social_welfare,1.0.0,capture,landlord_1,landlord_1,95.25,utility_points,"{""disagreement_utility"":0.0}",ok,valid,[],"[""event_00000273""]",evaluation_receipt,episode_attempt_e3d8692c4843d08d745f,bf3cd91cdbe16470a58f7d73bb63886b8863a51e97e81ad30611c903612ee2d9,true
result_d621f2467e3445571ed20a9a,runplan_dc8ae57dfeff5543,cell_1d6e5749724fdc4a5c25,housing_v1__experiment__000004,housing_v1,housing_controlled_model_landlords_experiment,episode_attempt_e3d8692c4843d08d745f,bf3cd91cdbe16470a58f7d73bb63886b8863a51e97e81ad30611c903612ee2d9,included,housing_social_welfare_leaf,1.0.0,social_welfare,1.0.0,capture,landlord_2,landlord_2,52.76,utility_points,"{""disagreement_utility"":0.0}",ok,valid,[],"[""event_00000273""]",evaluation_receipt,episode_attempt_e3d8692c4843d08d745f,bf3cd91cdbe16470a58f7d73bb63886b8863a51e97e81ad30611c903612ee2d9,true
result_6d732a6c4db2ef6a134b0351,runplan_dc8ae57dfeff5543,cell_1d6e5749724fdc4a5c25,housing_v1__experiment__000004,housing_v1,housing_controlled_model_landlords_experiment,episode_attempt_e3d8692c4843d08d745f,bf3cd91cdbe16470a58f7d73bb63886b8863a51e97e81ad30611c903612ee2d9,included,housing_social_welfare_leaf,1.0.0,social_welfare,1.0.0,capture,landlord_3,landlord_3,-1988.82,utility_points,"{""disagreement_utility"":0.0}",ok,valid,[],"[""event_00000273""]",evaluation_receipt,episode_attempt_e3d8692c4843d08d745f,bf3cd91cdbe16470a58f7d73bb63886b8863a51e97e81ad30611c903612ee2d9,true
result_e9c813c23e2c3cf6839c4968,runplan_dc8ae57dfeff5543,cell_1d6e5749724fdc4a5c25,housing_v1__experiment__000004,housing_v1,housing_controlled_model_landlords_experiment,episode_attempt_e3d8692c4843d08d745f,bf3cd91cdbe16470a58f7d73bb63886b8863a51e97e81ad30611c903612ee2d9,included,housing_social_welfare_leaf,1.0.0,social_welfare,1.0.0,capture,landlord_4,landlord_4,62.65,utility_points,"{""disagreement_utility"":0.0}",ok,valid,[],"[""event_00000273""]",evaluation_receipt,episode_attempt_e3d8692c4843d08d745f,bf3cd91cdbe16470a58f7d73bb63886b8863a51e97e81ad30611c903612ee2d9,true
result_a8dcc6b1adfe326c5b1a69b0,runplan_dc8ae57dfeff5543,cell_1d6e5749724fdc4a5c25,housing_v1__experiment__000004,housing_v1,housing_controlled_model_landlords_experiment,episode_attempt_e3d8692c4843d08d745f,bf3cd91cdbe16470a58f7d73bb63886b8863a51e97e81ad30611c903612ee2d9,included,housing_social_welfare_leaf,1.0.0,social_welfare,1.0.0,capture,tenant_0,tenant_0,0.0,utility_points,"{""disagreement_utility"":0.0}",ok,valid,[],"[""event_00000273""]",evaluation_receipt,episode_attempt_e3d8692c4843d08d745f,bf3cd91cdbe16470a58f7d73bb63886b8863a51e97e81ad30611c903612ee2d9,true
result_3c8bd2bf37ec4b2372b8e77d,runplan_dc8ae57dfeff5543,cell_1d6e5749724fdc4a5c25,housing_v1__experiment__000004,housing_v1,housing_controlled_model_landlords_experiment,episode_attempt_e3d8692c4843d08d745f,bf3cd91cdbe16470a58f7d73bb63886b8863a51e97e81ad30611c903612ee2d9,included,housing_social_welfare_leaf,1.0.0,social_welfare,1.0.0,capture,tenant_1,tenant_1,27.76,utility_points,"{""disagreement_utility"":0.0}",ok,valid,[],"[""event_00000273""]",evaluation_receipt,episode_attempt_e3d8692c4843d08d745f,bf3cd91cdbe16470a58f7d73bb63886b8863a51e97e81ad30611c903612ee2d9,true
result_b9320df1e7f15bd92ac1d19f,runplan_dc8ae57dfeff5543,cell_1d6e5749724fdc4a5c25,housing_v1__experiment__000004,housing_v1,housing_controlled_model_landlords_experiment,episode_attempt_e3d8692c4843d08d745f,bf3cd91cdbe16470a58f7d73bb63886b8863a51e97e81ad30611c903612ee2d9,included,housing_social_welfare_leaf,1.0.0,social_welfare,1.0.0,capture,tenant_2,tenant_2,0.0,utility_points,"{""disagreement_utility"":0.0}",ok,valid,[],"[""event_00000273""]",evaluation_receipt,episode_attempt_e3d8692c4843d08d745f,bf3cd91cdbe16470a58f7d73bb63886b8863a51e97e81ad30611c903612ee2d9,true
result_83342d0e0d78e2486dd8c294,runplan_dc8ae57dfeff5543,cell_1d6e5749724fdc4a5c25,housing_v1__experiment__000004,housing_v1,housing_controlled_model_landlords_experiment,episode_attempt_e3d8692c4843d08d745f,bf3cd91cdbe16470a58f7d73bb63886b8863a51e97e81ad30611c903612ee2d9,included,housing_social_welfare_leaf,1.0.0,social_welfare,1.0.0,capture,tenant_3,tenant_3,208.44,utility_points,"{""disagreement_utility"":0.0}",ok,valid,[],"[""event_00000273""]",evaluation_receipt,episode_attempt_e3d8692c4843d08d745f,bf3cd91cdbe16470a58f7d73bb63886b8863a51e97e81ad30611c903612ee2d9,true
result_08b44632a2630b8eed468eb9,runplan_dc8ae57dfeff5543,cell_1d6e5749724fdc4a5c25,housing_v1__experiment__000004,housing_v1,housing_controlled_model_landlords_experiment,episode_attempt_e3d8692c4843d08d745f,bf3cd91cdbe16470a58f7d73bb63886b8863a51e97e81ad30611c903612ee2d9,included,housing_social_welfare_leaf,1.0.0,social_welfare,1.0.0,capture,tenant_4,tenant_4,202.14,utility_points,"{""disagreement_utility"":0.0}",ok,valid,[],"[""event_00000273""]",evaluation_receipt,episode_attempt_e3d8692c4843d08d745f,bf3cd91cdbe16470a58f7d73bb63886b8863a51e97e81ad30611c903612ee2d9,true
result_2561b32c98edeb297c037549,runplan_dc8ae57dfeff5543,cell_1d6e5749724fdc4a5c25,housing_v1__experiment__000004,housing_v1,housing_controlled_model_landlords_experiment,episode_attempt_e3d8692c4843d08d745f,bf3cd91cdbe16470a58f7d73bb63886b8863a51e97e81ad30611c903612ee2d9,included,housing_social_welfare_leaf,1.0.0,social_welfare,1.0.0,capture,tenant_5,tenant_5,2561.5,utility_points,"{""disagreement_utility"":0.0}",ok,valid,[],"[""event_00000273""]",evaluation_receipt,episode_attempt_e3d8692c4843d08d745f,bf3cd91cdbe16470a58f7d73bb63886b8863a51e97e81ad30611c903612ee2d9,true
result_0e18b77d6ce156fabe168082,runplan_dc8ae57dfeff5543,cell_228dbcd40ff710c0498b,housing_v1__experiment__000007,housing_v1,housing_controlled_model_landlords_experiment,episode_attempt_c7b42245df68ffb57c1b,203831a337347830a5ddc659a9aad3490e56a3268bf17b7654b67f3f08f2a265,included,housing_social_welfare_leaf,1.0.0,social_welfare,1.0.0,primary,social_welfare,,522.32,utility_points,{},ok,valid,[],"[""event_00000261""]",evaluation_receipt,episode_attempt_c7b42245df68ffb57c1b,203831a337347830a5ddc659a9aad3490e56a3268bf17b7654b67f3f08f2a265,true
result_21e9fb1e54f6142951df2e7c,runplan_dc8ae57dfeff5543,cell_228dbcd40ff710c0498b,housing_v1__experiment__000007,housing_v1,housing_controlled_model_landlords_experiment,episode_attempt_c7b42245df68ffb57c1b,203831a337347830a5ddc659a9aad3490e56a3268bf17b7654b67f3f08f2a265,included,housing_social_welfare_leaf,1.0.0,social_welfare,1.0.0,metric,comparison_baseline_gap,,114.76000000000005,utility_points,{},ok,valid,[],"[""event_00000261""]",evaluation_receipt,episode_attempt_c7b42245df68ffb57c1b,203831a337347830a5ddc659a9aad3490e56a3268bf17b7654b67f3f08f2a265,true
result_8aab64841df94d3093587b1f,runplan_dc8ae57dfeff5543,cell_228dbcd40ff710c0498b,housing_v1__experiment__000007,housing_v1,housing_controlled_model_landlords_experiment,episode_attempt_c7b42245df68ffb57c1b,203831a337347830a5ddc659a9aad3490e56a3268bf17b7654b67f3f08f2a265,included,housing_social_welfare_leaf,1.0.0,social_welfare,1.0.0,metric,ir_violation_count,,1.0,count,{},ok,valid,[],"[""event_00000261""]",evaluation_receipt,episode_attempt_c7b42245df68ffb57c1b,203831a337347830a5ddc659a9aad3490e56a3268bf17b7654b67f3f08f2a265,true
result_b8c63e6e0d223e566e3396c9,runplan_dc8ae57dfeff5543,cell_228dbcd40ff710c0498b,housing_v1__experiment__000007,housing_v1,housing_controlled_model_landlords_experiment,episode_attempt_c7b42245df68ffb57c1b,203831a337347830a5ddc659a9aad3490e56a3268bf17b7654b67f3f08f2a265,included,housing_social_welfare_leaf,1.0.0,social_welfare,1.0.0,metric,social_welfare,,522.32,utility_points,{},ok,valid,[],"[""event_00000261""]",evaluation_receipt,episode_attempt_c7b42245df68ffb57c1b,203831a337347830a5ddc659a9aad3490e56a3268bf17b7654b67f3f08f2a265,true
result_12bbb186afdeaae7df57b92a,runplan_dc8ae57dfeff5543,cell_228dbcd40ff710c0498b,housing_v1__experiment__000007,housing_v1,housing_controlled_model_landlords_experiment,episode_attempt_c7b42245df68ffb57c1b,203831a337347830a5ddc659a9aad3490e56a3268bf17b7654b67f3f08f2a265,included,housing_social_welfare_leaf,1.0.0,social_welfare,1.0.0,metric,upper_bound_gap,,161.19999999999993,utility_points,{},ok,valid,[],"[""event_00000261""]",evaluation_receipt,episode_attempt_c7b42245df68ffb57c1b,203831a337347830a5ddc659a9aad3490e56a3268bf17b7654b67f3f08f2a265,true
result_be91aa4bec456832dcef0164,runplan_dc8ae57dfeff5543,cell_228dbcd40ff710c0498b,housing_v1__experiment__000007,housing_v1,housing_controlled_model_landlords_experiment,episode_attempt_c7b42245df68ffb57c1b,203831a337347830a5ddc659a9aad3490e56a3268bf17b7654b67f3f08f2a265,included,housing_social_welfare_leaf,1.0.0,social_welfare,1.0.0,metric,wasted_contacts,,6.0,count,{},ok,valid,[],"[""event_00000261""]",evaluation_receipt,episode_attempt_c7b42245df68ffb57c1b,203831a337347830a5ddc659a9aad3490e56a3268bf17b7654b67f3f08f2a265,true
result_c50b960fd4c8e01fd06aea11,runplan_dc8ae57dfeff5543,cell_228dbcd40ff710c0498b,housing_v1__experiment__000007,housing_v1,housing_controlled_model_landlords_experiment,episode_attempt_c7b42245df68ffb57c1b,203831a337347830a5ddc659a9aad3490e56a3268bf17b7654b67f3f08f2a265,included,housing_social_welfare_leaf,1.0.0,social_welfare,1.0.0,metric,within_case_score,,0.7641619850187267,ratio,{},ok,valid,[],"[""event_00000261""]",evaluation_receipt,episode_attempt_c7b42245df68ffb57c1b,203831a337347830a5ddc659a9aad3490e56a3268bf17b7654b67f3f08f2a265,true
result_eb2189cc94b131c08c37e32c,runplan_dc8ae57dfeff5543,cell_228dbcd40ff710c0498b,housing_v1__experiment__000007,housing_v1,housing_controlled_model_landlords_experiment,episode_attempt_c7b42245df68ffb57c1b,203831a337347830a5ddc659a9aad3490e56a3268bf17b7654b67f3f08f2a265,included,housing_social_welfare_leaf,1.0.0,social_welfare,1.0.0,reference,comparison_baseline,,407.56,utility_points,"{""policy"":""naive"",""reference_kind"":""comparison_baseline""}",ok,valid,[],"[""event_00000261""]",evaluation_receipt,episode_attempt_c7b42245df68ffb57c1b,203831a337347830a5ddc659a9aad3490e56a3268bf17b7654b67f3f08f2a265,true
result_bf8ab01711d3b7f7776f4eb9,runplan_dc8ae57dfeff5543,cell_228dbcd40ff710c0498b,housing_v1__experiment__000007,housing_v1,housing_controlled_model_landlords_experiment,episode_attempt_c7b42245df68ffb57c1b,203831a337347830a5ddc659a9aad3490e56a3268bf17b7654b67f3f08f2a265,included,housing_social_welfare_leaf,1.0.0,social_welfare,1.0.0,reference,optimum_lower_bound,,0.0,utility_points,"{""policy"":""do_nothing"",""reference_kind"":""objective_lower_bound""}",ok,valid,[],"[""event_00000261""]",evaluation_receipt,episode_attempt_c7b42245df68ffb57c1b,203831a337347830a5ddc659a9aad3490e56a3268bf17b7654b67f3f08f2a265,true
result_b516f2d2554a26e52e084b70,runplan_dc8ae57dfeff5543,cell_228dbcd40ff710c0498b,housing_v1__experiment__000007,housing_v1,housing_controlled_model_landlords_experiment,episode_attempt_c7b42245df68ffb57c1b,203831a337347830a5ddc659a9aad3490e56a3268bf17b7654b67f3f08f2a265,included,housing_social_welfare_leaf,1.0.0,social_welfare,1.0.0,reference,optimum_upper_bound,,683.52,utility_points,"{""reference_kind"":""objective_upper_bound"",""semantics"":""full_information_allocation_relaxation""}",ok,valid,[],"[""event_00000261""]",evaluation_receipt,episode_attempt_c7b42245df68ffb57c1b,203831a337347830a5ddc659a9aad3490e56a3268bf17b7654b67f3f08f2a265,true
result_d90cd3615bb95b8b765bb657,runplan_dc8ae57dfeff5543,cell_228dbcd40ff710c0498b,housing_v1__experiment__000007,housing_v1,housing_controlled_model_landlords_experiment,episode_attempt_c7b42245df68ffb57c1b,203831a337347830a5ddc659a9aad3490e56a3268bf17b7654b67f3f08f2a265,included,housing_social_welfare_leaf,1.0.0,social_welfare,1.0.0,utility,landlord_0,landlord_0,23.64,utility_points,"{""disagreement_utility"":0.0}",ok,valid,[],"[""event_00000261""]",evaluation_receipt,episode_attempt_c7b42245df68ffb57c1b,203831a337347830a5ddc659a9aad3490e56a3268bf17b7654b67f3f08f2a265,true
result_e7036026967fe33978c4b56c,runplan_dc8ae57dfeff5543,cell_228dbcd40ff710c0498b,housing_v1__experiment__000007,housing_v1,housing_controlled_model_landlords_experiment,episode_attempt_c7b42245df68ffb57c1b,203831a337347830a5ddc659a9aad3490e56a3268bf17b7654b67f3f08f2a265,included,housing_social_welfare_leaf,1.0.0,social_welfare,1.0.0,utility,landlord_1,landlord_1,26.68,utility_points,"{""disagreement_utility"":0.0}",ok,valid,[],"[""event_00000261""]",evaluation_receipt,episode_attempt_c7b42245df68ffb57c1b,203831a337347830a5ddc659a9aad3490e56a3268bf17b7654b67f3f08f2a265,true
result_9833eab412f0724d1dd1ba5f,runplan_dc8ae57dfeff5543,cell_228dbcd40ff710c0498b,housing_v1__experiment__000007,housing_v1,housing_controlled_model_landlords_experiment,episode_attempt_c7b42245df68ffb57c1b,203831a337347830a5ddc659a9aad3490e56a3268bf17b7654b67f3f08f2a265,included,housing_social_welfare_leaf,1.0.0,social_welfare,1.0.0,utility,landlord_2,landlord_2,0.0,utility_points,"{""disagreement_utility"":0.0}",ok,valid,[],"[""event_00000261""]",evaluation_receipt,episode_attempt_c7b42245df68ffb57c1b,203831a337347830a5ddc659a9aad3490e56a3268bf17b7654b67f3f08f2a265,true
result_9e7856f8800e5b66d2d7e0d9,runplan_dc8ae57dfeff5543,cell_228dbcd40ff710c0498b,housing_v1__experiment__000007,housing_v1,housing_controlled_model_landlords_experiment,episode_attempt_c7b42245df68ffb57c1b,203831a337347830a5ddc659a9aad3490e56a3268bf17b7654b67f3f08f2a265,included,housing_social_welfare_leaf,1.0.0,social_welfare,1.0.0,utility,landlord_3,landlord_3,94.7,utility_points,"{""disagreement_utility"":0.0}",ok,valid,[],"[""event_00000261""]",evaluation_receipt,episode_attempt_c7b42245df68ffb57c1b,203831a337347830a5ddc659a9aad3490e56a3268bf17b7654b67f3f08f2a265,true
result_cac75d347ef8a0a0f1f918d8,runplan_dc8ae57dfeff5543,cell_228dbcd40ff710c0498b,housing_v1__experiment__000007,housing_v1,housing_controlled_model_landlords_experiment,episode_attempt_c7b42245df68ffb57c1b,203831a337347830a5ddc659a9aad3490e56a3268bf17b7654b67f3f08f2a265,included,housing_social_welfare_leaf,1.0.0,social_welfare,1.0.0,utility,landlord_4,landlord_4,-2878.6,utility_points,"{""disagreement_utility"":0.0}",ok,valid,[],"[""event_00000261""]",evaluation_receipt,episode_attempt_c7b42245df68ffb57c1b,203831a337347830a5ddc659a9aad3490e56a3268bf17b7654b67f3f08f2a265,true
result_79fb208a6fa4103f568b7a43,runplan_dc8ae57dfeff5543,cell_228dbcd40ff710c0498b,housing_v1__experiment__000007,housing_v1,housing_controlled_model_landlords_experiment,episode_attempt_c7b42245df68ffb57c1b,203831a337347830a5ddc659a9aad3490e56a3268bf17b7654b67f3f08f2a265,included,housing_social_welfare_leaf,1.0.0,social_welfare,1.0.0,utility,tenant_0,tenant_0,153.84,utility_points,"{""disagreement_utility"":0.0}",ok,valid,[],"[""event_00000261""]",evaluation_receipt,episode_attempt_c7b42245df68ffb57c1b,203831a337347830a5ddc659a9aad3490e56a3268bf17b7654b67f3f08f2a265,true
result_5d611dd8d47dd45a6461dc46,runplan_dc8ae57dfeff5543,cell_228dbcd40ff710c0498b,housing_v1__experiment__000007,housing_v1,housing_controlled_model_landlords_experiment,episode_attempt_c7b42245df68ffb57c1b,203831a337347830a5ddc659a9aad3490e56a3268bf17b7654b67f3f08f2a265,included,housing_social_welfare_leaf,1.0.0,social_welfare,1.0.0,utility,tenant_1,tenant_1,18.46,utility_points,"{""disagreement_utility"":0.0}",ok,valid,[],"[""event_00000261""]",evaluation_receipt,episode_attempt_c7b42245df68ffb57c1b,203831a337347830a5ddc659a9aad3490e56a3268bf17b7654b67f3f08f2a265,true
result_868bcdc544ed5aabab01c54c,runplan_dc8ae57dfeff5543,cell_228dbcd40ff710c0498b,housing_v1__experiment__000007,housing_v1,housing_controlled_model_landlords_experiment,episode_attempt_c7b42245df68ffb57c1b,203831a337347830a5ddc659a9aad3490e56a3268bf17b7654b67f3f08f2a265,included,housing_social_welfare_leaf,1.0.0,social_welfare,1.0.0,utility,tenant_2,tenant_2,89.26,utility_points,"{""disagreement_utility"":0.0}",ok,valid,[],"[""event_00000261""]",evaluation_receipt,episode_attempt_c7b42245df68ffb57c1b,203831a337347830a5ddc659a9aad3490e56a3268bf17b7654b67f3f08f2a265,true
result_7630ae16f200de4d72e8a24e,runplan_dc8ae57dfeff5543,cell_228dbcd40ff710c0498b,housing_v1__experiment__000007,housing_v1,housing_controlled_model_landlords_experiment,episode_attempt_c7b42245df68ffb57c1b,203831a337347830a5ddc659a9aad3490e56a3268bf17b7654b67f3f08f2a265,included,housing_social_welfare_leaf,1.0.0,social_welfare,1.0.0,utility,tenant_3,tenant_3,2994.34,utility_points,"{""disagreement_utility"":0.0}",ok,valid,[],"[""event_00000261""]",evaluation_receipt,episode_attempt_c7b42245df68ffb57c1b,203831a337347830a5ddc659a9aad3490e56a3268bf17b7654b67f3f08f2a265,true
result_57281ba28d630b6b56299600,runplan_dc8ae57dfeff5543,cell_228dbcd40ff710c0498b,housing_v1__experiment__000007,housing_v1,housing_controlled_model_landlords_experiment,episode_attempt_c7b42245df68ffb57c1b,203831a337347830a5ddc659a9aad3490e56a3268bf17b7654b67f3f08f2a265,included,housing_social_welfare_leaf,1.0.0,social_welfare,1.0.0,utility,tenant_4,tenant_4,0.0,utility_points,"{""disagreement_utility"":0.0}",ok,valid,[],"[""event_00000261""]",evaluation_receipt,episode_attempt_c7b42245df68ffb57c1b,203831a337347830a5ddc659a9aad3490e56a3268bf17b7654b67f3f08f2a265,true
result_0573146077a3064d0fa1de8a,runplan_dc8ae57dfeff5543,cell_228dbcd40ff710c0498b,housing_v1__experiment__000007,housing_v1,housing_controlled_model_landlords_experiment,episode_attempt_c7b42245df68ffb57c1b,203831a337347830a5ddc659a9aad3490e56a3268bf17b7654b67f3f08f2a265,included,housing_social_welfare_leaf,1.0.0,social_welfare,1.0.0,utility,tenant_5,tenant_5,0.0,utility_points,"{""disagreement_utility"":0.0}",ok,valid,[],"[""event_00000261""]",evaluation_receipt,episode_attempt_c7b42245df68ffb57c1b,203831a337347830a5ddc659a9aad3490e56a3268bf17b7654b67f3f08f2a265,true
result_5ddc4e74b38cbc920c59ac17,runplan_dc8ae57dfeff5543,cell_228dbcd40ff710c0498b,housing_v1__experiment__000007,housing_v1,housing_controlled_model_landlords_experiment,episode_attempt_c7b42245df68ffb57c1b,203831a337347830a5ddc659a9aad3490e56a3268bf17b7654b67f3f08f2a265,included,housing_social_welfare_leaf,1.0.0,social_welfare,1.0.0,capture,landlord_0,landlord_0,23.64,utility_points,"{""disagreement_utility"":0.0}",ok,valid,[],"[""event_00000261""]",evaluation_receipt,episode_attempt_c7b42245df68ffb57c1b,203831a337347830a5ddc659a9aad3490e56a3268bf17b7654b67f3f08f2a265,true
result_d0f3dfcee99acc0c8cfb4adb,runplan_dc8ae57dfeff5543,cell_228dbcd40ff710c0498b,housing_v1__experiment__000007,housing_v1,housing_controlled_model_landlords_experiment,episode_attempt_c7b42245df68ffb57c1b,203831a337347830a5ddc659a9aad3490e56a3268bf17b7654b67f3f08f2a265,included,housing_social_welfare_leaf,1.0.0,social_welfare,1.0.0,capture,landlord_1,landlord_1,26.68,utility_points,"{""disagreement_utility"":0.0}",ok,valid,[],"[""event_00000261""]",evaluation_receipt,episode_attempt_c7b42245df68ffb57c1b,203831a337347830a5ddc659a9aad3490e56a3268bf17b7654b67f3f08f2a265,true
result_f74b40f3ca8b7016e8fb8f5a,runplan_dc8ae57dfeff5543,cell_228dbcd40ff710c0498b,housing_v1__experiment__000007,housing_v1,housing_controlled_model_landlords_experiment,episode_attempt_c7b42245df68ffb57c1b,203831a337347830a5ddc659a9aad3490e56a3268bf17b7654b67f3f08f2a265,included,housing_social_welfare_leaf,1.0.0,social_welfare,1.0.0,capture,landlord_2,landlord_2,0.0,utility_points,"{""disagreement_utility"":0.0}",ok,valid,[],"[""event_00000261""]",evaluation_receipt,episode_attempt_c7b42245df68ffb57c1b,203831a337347830a5ddc659a9aad3490e56a3268bf17b7654b67f3f08f2a265,true
result_9b001f63abb5ccb4c9a596a6,runplan_dc8ae57dfeff5543,cell_228dbcd40ff710c0498b,housing_v1__experiment__000007,housing_v1,housing_controlled_model_landlords_experiment,episode_attempt_c7b42245df68ffb57c1b,203831a337347830a5ddc659a9aad3490e56a3268bf17b7654b67f3f08f2a265,included,housing_social_welfare_leaf,1.0.0,social_welfare,1.0.0,capture,landlord_3,landlord_3,94.7,utility_points,"{""disagreement_utility"":0.0}",ok,valid,[],"[""event_00000261""]",evaluation_receipt,episode_attempt_c7b42245df68ffb57c1b,203831a337347830a5ddc659a9aad3490e56a3268bf17b7654b67f3f08f2a265,true
result_8e395fda6d60a4162add9421,runplan_dc8ae57dfeff5543,cell_228dbcd40ff710c0498b,housing_v1__experiment__000007,housing_v1,housing_controlled_model_landlords_experiment,episode_attempt_c7b42245df68ffb57c1b,203831a337347830a5ddc659a9aad3490e56a3268bf17b7654b67f3f08f2a265,included,housing_social_welfare_leaf,1.0.0,social_welfare,1.0.0,capture,landlord_4,landlord_4,-2878.6,utility_points,"{""disagreement_utility"":0.0}",ok,valid,[],"[""event_00000261""]",evaluation_receipt,episode_attempt_c7b42245df68ffb57c1b,203831a337347830a5ddc659a9aad3490e56a3268bf17b7654b67f3f08f2a265,true
result_72e0cbb14dceb525427c1e0c,runplan_dc8ae57dfeff5543,cell_228dbcd40ff710c0498b,housing_v1__experiment__000007,housing_v1,housing_controlled_model_landlords_experiment,episode_attempt_c7b42245df68ffb57c1b,203831a337347830a5ddc659a9aad3490e56a3268bf17b7654b67f3f08f2a265,included,housing_social_welfare_leaf,1.0.0,social_welfare,1.0.0,capture,tenant_0,tenant_0,153.84,utility_points,"{""disagreement_utility"":0.0}",ok,valid,[],"[""event_00000261""]",evaluation_receipt,episode_attempt_c7b42245df68ffb57c1b,203831a337347830a5ddc659a9aad3490e56a3268bf17b7654b67f3f08f2a265,true
result_083ee52514ace7b3b214383d,runplan_dc8ae57dfeff5543,cell_228dbcd40ff710c0498b,housing_v1__experiment__000007,housing_v1,housing_controlled_model_landlords_experiment,episode_attempt_c7b42245df68ffb57c1b,203831a337347830a5ddc659a9aad3490e56a3268bf17b7654b67f3f08f2a265,included,housing_social_welfare_leaf,1.0.0,social_welfare,1.0.0,capture,tenant_1,tenant_1,18.46,utility_points,"{""disagreement_utility"":0.0}",ok,valid,[],"[""event_00000261""]",evaluation_receipt,episode_attempt_c7b42245df68ffb57c1b,203831a337347830a5ddc659a9aad3490e56a3268bf17b7654b67f3f08f2a265,true
result_3fb27a6e573b327ef8bb679d,runplan_dc8ae57dfeff5543,cell_228dbcd40ff710c0498b,housing_v1__experiment__000007,housing_v1,housing_controlled_model_landlords_experiment,episode_attempt_c7b42245df68ffb57c1b,203831a337347830a5ddc659a9aad3490e56a3268bf17b7654b67f3f08f2a265,included,housing_social_welfare_leaf,1.0.0,social_welfare,1.0.0,capture,tenant_2,tenant_2,89.26,utility_points,"{""disagreement_utility"":0.0}",ok,valid,[],"[""event_00000261""]",evaluation_receipt,episode_attempt_c7b42245df68ffb57c1b,203831a337347830a5ddc659a9aad3490e56a3268bf17b7654b67f3f08f2a265,true
result_a7e09db75c9975e3d57e6500,runplan_dc8ae57dfeff5543,cell_228dbcd40ff710c0498b,housing_v1__experiment__000007,housing_v1,housing_controlled_model_landlords_experiment,episode_attempt_c7b42245df68ffb57c1b,203831a337347830a5ddc659a9aad3490e56a3268bf17b7654b67f3f08f2a265,included,housing_social_welfare_leaf,1.0.0,social_welfare,1.0.0,capture,tenant_3,tenant_3,2994.34,utility_points,"{""disagreement_utility"":0.0}",ok,valid,[],"[""event_00000261""]",evaluation_receipt,episode_attempt_c7b42245df68ffb57c1b,203831a337347830a5ddc659a9aad3490e56a3268bf17b7654b67f3f08f2a265,true
result_593bb72a3191ab7792483cd6,runplan_dc8ae57dfeff5543,cell_228dbcd40ff710c0498b,housing_v1__experiment__000007,housing_v1,housing_controlled_model_landlords_experiment,episode_attempt_c7b42245df68ffb57c1b,203831a337347830a5ddc659a9aad3490e56a3268bf17b7654b67f3f08f2a265,included,housing_social_welfare_leaf,1.0.0,social_welfare,1.0.0,capture,tenant_4,tenant_4,0.0,utility_points,"{""disagreement_utility"":0.0}",ok,valid,[],"[""event_00000261""]",evaluation_receipt,episode_attempt_c7b42245df68ffb57c1b,203831a337347830a5ddc659a9aad3490e56a3268bf17b7654b67f3f08f2a265,true
result_81e169cc80d3ba1a5ab3721d,runplan_dc8ae57dfeff5543,cell_228dbcd40ff710c0498b,housing_v1__experiment__000007,housing_v1,housing_controlled_model_landlords_experiment,episode_attempt_c7b42245df68ffb57c1b,203831a337347830a5ddc659a9aad3490e56a3268bf17b7654b67f3f08f2a265,included,housing_social_welfare_leaf,1.0.0,social_welfare,1.0.0,capture,tenant_5,tenant_5,0.0,utility_points,"{""disagreement_utility"":0.0}",ok,valid,[],"[""event_00000261""]",evaluation_receipt,episode_attempt_c7b42245df68ffb57c1b,203831a337347830a5ddc659a9aad3490e56a3268bf17b7654b67f3f08f2a265,true
result_fefe573c56ce0e6ff701fc0e,runplan_dc8ae57dfeff5543,cell_4918a2e8233b9a7e089f,housing_v1__experiment__000006,housing_v1,housing_controlled_model_landlords_experiment,episode_attempt_0270eb1b815e10885af0,e1e0559e7c10321f5197fc16c81cb654e925d6952776d77236d4d177b9f4777c,included,housing_social_welfare_leaf,1.0.0,social_welfare,1.0.0,primary,social_welfare,,1532.87,utility_points,{},ok,valid,[],"[""event_00000249""]",evaluation_receipt,episode_attempt_0270eb1b815e10885af0,e1e0559e7c10321f5197fc16c81cb654e925d6952776d77236d4d177b9f4777c,true
result_2dd58db8bb3945c635d357df,runplan_dc8ae57dfeff5543,cell_4918a2e8233b9a7e089f,housing_v1__experiment__000006,housing_v1,housing_controlled_model_landlords_experiment,episode_attempt_0270eb1b815e10885af0,e1e0559e7c10321f5197fc16c81cb654e925d6952776d77236d4d177b9f4777c,included,housing_social_welfare_leaf,1.0.0,social_welfare,1.0.0,metric,comparison_baseline_gap,,-33.690000000000055,utility_points,{},ok,valid,[],"[""event_00000249""]",evaluation_receipt,episode_attempt_0270eb1b815e10885af0,e1e0559e7c10321f5197fc16c81cb654e925d6952776d77236d4d177b9f4777c,true
result_1d22439dc6f1ec6148fa5321,runplan_dc8ae57dfeff5543,cell_4918a2e8233b9a7e089f,housing_v1__experiment__000006,housing_v1,housing_controlled_model_landlords_experiment,episode_attempt_0270eb1b815e10885af0,e1e0559e7c10321f5197fc16c81cb654e925d6952776d77236d4d177b9f4777c,included,housing_social_welfare_leaf,1.0.0,social_welfare,1.0.0,metric,ir_violation_count,,1.0,count,{},ok,valid,[],"[""event_00000249""]",evaluation_receipt,episode_attempt_0270eb1b815e10885af0,e1e0559e7c10321f5197fc16c81cb654e925d6952776d77236d4d177b9f4777c,true
result_7b57656396aa03dbb3a83550,runplan_dc8ae57dfeff5543,cell_4918a2e8233b9a7e089f,housing_v1__experiment__000006,housing_v1,housing_controlled_model_landlords_experiment,episode_attempt_0270eb1b815e10885af0,e1e0559e7c10321f5197fc16c81cb654e925d6952776d77236d4d177b9f4777c,included,housing_social_welfare_leaf,1.0.0,social_welfare,1.0.0,metric,social_welfare,,1532.87,utility_points,{},ok,valid,[],"[""event_00000249""]",evaluation_receipt,episode_attempt_0270eb1b815e10885af0,e1e0559e7c10321f5197fc16c81cb654e925d6952776d77236d4d177b9f4777c,true
result_4b757c832ab00faf788b4718,runplan_dc8ae57dfeff5543,cell_4918a2e8233b9a7e089f,housing_v1__experiment__000006,housing_v1,housing_controlled_model_landlords_experiment,episode_attempt_0270eb1b815e10885af0,e1e0559e7c10321f5197fc16c81cb654e925d6952776d77236d4d177b9f4777c,included,housing_social_welfare_leaf,1.0.0,social_welfare,1.0.0,metric,upper_bound_gap,,105.49000000000001,utility_points,{},ok,valid,[],"[""event_00000249""]",evaluation_receipt,episode_attempt_0270eb1b815e10885af0,e1e0559e7c10321f5197fc16c81cb654e925d6952776d77236d4d177b9f4777c,true
result_15b2a30ac7c15d92e3935220,runplan_dc8ae57dfeff5543,cell_4918a2e8233b9a7e089f,housing_v1__experiment__000006,housing_v1,housing_controlled_model_landlords_experiment,episode_attempt_0270eb1b815e10885af0,e1e0559e7c10321f5197fc16c81cb654e925d6952776d77236d4d177b9f4777c,included,housing_social_welfare_leaf,1.0.0,social_welfare,1.0.0,metric,wasted_contacts,,7.0,count,{},ok,valid,[],"[""event_00000249""]",evaluation_receipt,episode_attempt_0270eb1b815e10885af0,e1e0559e7c10321f5197fc16c81cb654e925d6952776d77236d4d177b9f4777c,true
result_ea52b2c5ce8435023736044a,runplan_dc8ae57dfeff5543,cell_4918a2e8233b9a7e089f,housing_v1__experiment__000006,housing_v1,housing_controlled_model_landlords_experiment,episode_attempt_0270eb1b815e10885af0,e1e0559e7c10321f5197fc16c81cb654e925d6952776d77236d4d177b9f4777c,included,housing_social_welfare_leaf,1.0.0,social_welfare,1.0.0,metric,within_case_score,,0.9356124417100027,ratio,{},ok,valid,[],"[""event_00000249""]",evaluation_receipt,episode_attempt_0270eb1b815e10885af0,e1e0559e7c10321f5197fc16c81cb654e925d6952776d77236d4d177b9f4777c,true
result_6f8ab6ce75e6e1eb2bae701a,runplan_dc8ae57dfeff5543,cell_4918a2e8233b9a7e089f,housing_v1__experiment__000006,housing_v1,housing_controlled_model_landlords_experiment,episode_attempt_0270eb1b815e10885af0,e1e0559e7c10321f5197fc16c81cb654e925d6952776d77236d4d177b9f4777c,included,housing_social_welfare_leaf,1.0.0,social_welfare,1.0.0,reference,comparison_baseline,,1566.56,utility_points,"{""policy"":""naive"",""reference_kind"":""comparison_baseline""}",ok,valid,[],"[""event_00000249""]",evaluation_receipt,episode_attempt_0270eb1b815e10885af0,e1e0559e7c10321f5197fc16c81cb654e925d6952776d77236d4d177b9f4777c,true
result_8ead0220872ddc7cb16f2c63,runplan_dc8ae57dfeff5543,cell_4918a2e8233b9a7e089f,housing_v1__experiment__000006,housing_v1,housing_controlled_model_landlords_experiment,episode_attempt_0270eb1b815e10885af0,e1e0559e7c10321f5197fc16c81cb654e925d6952776d77236d4d177b9f4777c,included,housing_social_welfare_leaf,1.0.0,social_welfare,1.0.0,reference,optimum_lower_bound,,0.0,utility_points,"{""policy"":""do_nothing"",""reference_kind"":""objective_lower_bound""}",ok,valid,[],"[""event_00000249""]",evaluation_receipt,episode_attempt_0270eb1b815e10885af0,e1e0559e7c10321f5197fc16c81cb654e925d6952776d77236d4d177b9f4777c,true
result_1386b29e8f12eda197b98abc,runplan_dc8ae57dfeff5543,cell_4918a2e8233b9a7e089f,housing_v1__experiment__000006,housing_v1,housing_controlled_model_landlords_experiment,episode_attempt_0270eb1b815e10885af0,e1e0559e7c10321f5197fc16c81cb654e925d6952776d77236d4d177b9f4777c,included,housing_social_welfare_leaf,1.0.0,social_welfare,1.0.0,reference,optimum_upper_bound,,1638.36,utility_points,"{""reference_kind"":""objective_upper_bound"",""semantics"":""full_information_allocation_relaxation""}",ok,valid,[],"[""event_00000249""]",evaluation_receipt,episode_attempt_0270eb1b815e10885af0,e1e0559e7c10321f5197fc16c81cb654e925d6952776d77236d4d177b9f4777c,true
result_e82619404cedfc2133463826,runplan_dc8ae57dfeff5543,cell_4918a2e8233b9a7e089f,housing_v1__experiment__000006,housing_v1,housing_controlled_model_landlords_experiment,episode_attempt_0270eb1b815e10885af0,e1e0559e7c10321f5197fc16c81cb654e925d6952776d77236d4d177b9f4777c,included,housing_social_welfare_leaf,1.0.0,social_welfare,1.0.0,utility,landlord_0,landlord_0,0.0,utility_points,"{""disagreement_utility"":0.0}",ok,valid,[],"[""event_00000249""]",evaluation_receipt,episode_attempt_0270eb1b815e10885af0,e1e0559e7c10321f5197fc16c81cb654e925d6952776d77236d4d177b9f4777c,true
result_5d5885a6ec215206ce12b8cd,runplan_dc8ae57dfeff5543,cell_4918a2e8233b9a7e089f,housing_v1__experiment__000006,housing_v1,housing_controlled_model_landlords_experiment,episode_attempt_0270eb1b815e10885af0,e1e0559e7c10321f5197fc16c81cb654e925d6952776d77236d4d177b9f4777c,included,housing_social_welfare_leaf,1.0.0,social_welfare,1.0.0,utility,landlord_1,landlord_1,-1499.27,utility_points,"{""disagreement_utility"":0.0}",ok,valid,[],"[""event_00000249""]",evaluation_receipt,episode_attempt_0270eb1b815e10885af0,e1e0559e7c10321f5197fc16c81cb654e925d6952776d77236d4d177b9f4777c,true
result_7c145b2b31a2e99efd57b492,runplan_dc8ae57dfeff5543,cell_4918a2e8233b9a7e089f,housing_v1__experiment__000006,housing_v1,housing_controlled_model_landlords_experiment,episode_attempt_0270eb1b815e10885af0,e1e0559e7c10321f5197fc16c81cb654e925d6952776d77236d4d177b9f4777c,included,housing_social_welfare_leaf,1.0.0,social_welfare,1.0.0,utility,landlord_2,landlord_2,76.53,utility_points,"{""disagreement_utility"":0.0}",ok,valid,[],"[""event_00000249""]",evaluation_receipt,episode_attempt_0270eb1b815e10885af0,e1e0559e7c10321f5197fc16c81cb654e925d6952776d77236d4d177b9f4777c,true
result_9f95d42b7a71f7dbcbfcd89b,runplan_dc8ae57dfeff5543,cell_4918a2e8233b9a7e089f,housing_v1__experiment__000006,housing_v1,housing_controlled_model_landlords_experiment,episode_attempt_0270eb1b815e10885af0,e1e0559e7c10321f5197fc16c81cb654e925d6952776d77236d4d177b9f4777c,included,housing_social_welfare_leaf,1.0.0,social_welfare,1.0.0,utility,landlord_3,landlord_3,503.83,utility_points,"{""disagreement_utility"":0.0}",ok,valid,[],"[""event_00000249""]",evaluation_receipt,episode_attempt_0270eb1b815e10885af0,e1e0559e7c10321f5197fc16c81cb654e925d6952776d77236d4d177b9f4777c,true
result_f18f8848afb78879a7aa4990,runplan_dc8ae57dfeff5543,cell_4918a2e8233b9a7e089f,housing_v1__experiment__000006,housing_v1,housing_controlled_model_landlords_experiment,episode_attempt_0270eb1b815e10885af0,e1e0559e7c10321f5197fc16c81cb654e925d6952776d77236d4d177b9f4777c,included,housing_social_welfare_leaf,1.0.0,social_welfare,1.0.0,utility,landlord_4,landlord_4,0.0,utility_points,"{""disagreement_utility"":0.0}",ok,valid,[],"[""event_00000249""]",evaluation_receipt,episode_attempt_0270eb1b815e10885af0,e1e0559e7c10321f5197fc16c81cb654e925d6952776d77236d4d177b9f4777c,true
result_ce94a90053b290174a5cf6b4,runplan_dc8ae57dfeff5543,cell_4918a2e8233b9a7e089f,housing_v1__experiment__000006,housing_v1,housing_controlled_model_landlords_experiment,episode_attempt_0270eb1b815e10885af0,e1e0559e7c10321f5197fc16c81cb654e925d6952776d77236d4d177b9f4777c,included,housing_social_welfare_leaf,1.0.0,social_welfare,1.0.0,utility,tenant_0,tenant_0,65.97,utility_points,"{""disagreement_utility"":0.0}",ok,valid,[],"[""event_00000249""]",evaluation_receipt,episode_attempt_0270eb1b815e10885af0,e1e0559e7c10321f5197fc16c81cb654e925d6952776d77236d4d177b9f4777c,true
result_119a1a06aee02e8d927bfdc7,runplan_dc8ae57dfeff5543,cell_4918a2e8233b9a7e089f,housing_v1__experiment__000006,housing_v1,housing_controlled_model_landlords_experiment,episode_attempt_0270eb1b815e10885af0,e1e0559e7c10321f5197fc16c81cb654e925d6952776d77236d4d177b9f4777c,included,housing_social_welfare_leaf,1.0.0,social_welfare,1.0.0,utility,tenant_1,tenant_1,248.29,utility_points,"{""disagreement_utility"":0.0}",ok,valid,[],"[""event_00000249""]",evaluation_receipt,episode_attempt_0270eb1b815e10885af0,e1e0559e7c10321f5197fc16c81cb654e925d6952776d77236d4d177b9f4777c,true
result_9a79ac297c3fefe790ef6b34,runplan_dc8ae57dfeff5543,cell_4918a2e8233b9a7e089f,housing_v1__experiment__000006,housing_v1,housing_controlled_model_landlords_experiment,episode_attempt_0270eb1b815e10885af0,e1e0559e7c10321f5197fc16c81cb654e925d6952776d77236d4d177b9f4777c,included,housing_social_welfare_leaf,1.0.0,social_welfare,1.0.0,utility,tenant_2,tenant_2,0.0,utility_points,"{""disagreement_utility"":0.0}",ok,valid,[],"[""event_00000249""]",evaluation_receipt,episode_attempt_0270eb1b815e10885af0,e1e0559e7c10321f5197fc16c81cb654e925d6952776d77236d4d177b9f4777c,true
result_f018d7488aa89a091f41c1a2,runplan_dc8ae57dfeff5543,cell_4918a2e8233b9a7e089f,housing_v1__experiment__000006,housing_v1,housing_controlled_model_landlords_experiment,episode_attempt_0270eb1b815e10885af0,e1e0559e7c10321f5197fc16c81cb654e925d6952776d77236d4d177b9f4777c,included,housing_social_welfare_leaf,1.0.0,social_welfare,1.0.0,utility,tenant_3,tenant_3,0.0,utility_points,"{""disagreement_utility"":0.0}",ok,valid,[],"[""event_00000249""]",evaluation_receipt,episode_attempt_0270eb1b815e10885af0,e1e0559e7c10321f5197fc16c81cb654e925d6952776d77236d4d177b9f4777c,true
result_c41f110fda50d93f90864f17,runplan_dc8ae57dfeff5543,cell_4918a2e8233b9a7e089f,housing_v1__experiment__000006,housing_v1,housing_controlled_model_landlords_experiment,episode_attempt_0270eb1b815e10885af0,e1e0559e7c10321f5197fc16c81cb654e925d6952776d77236d4d177b9f4777c,included,housing_social_welfare_leaf,1.0.0,social_welfare,1.0.0,utility,tenant_4,tenant_4,2137.52,utility_points,"{""disagreement_utility"":0.0}",ok,valid,[],"[""event_00000249""]",evaluation_receipt,episode_attempt_0270eb1b815e10885af0,e1e0559e7c10321f5197fc16c81cb654e925d6952776d77236d4d177b9f4777c,true
result_47383ee46add2ec30418ae6d,runplan_dc8ae57dfeff5543,cell_4918a2e8233b9a7e089f,housing_v1__experiment__000006,housing_v1,housing_controlled_model_landlords_experiment,episode_attempt_0270eb1b815e10885af0,e1e0559e7c10321f5197fc16c81cb654e925d6952776d77236d4d177b9f4777c,included,housing_social_welfare_leaf,1.0.0,social_welfare,1.0.0,utility,tenant_5,tenant_5,0.0,utility_points,"{""disagreement_utility"":0.0}",ok,valid,[],"[""event_00000249""]",evaluation_receipt,episode_attempt_0270eb1b815e10885af0,e1e0559e7c10321f5197fc16c81cb654e925d6952776d77236d4d177b9f4777c,true
result_2375366a8c8cddfca35d18ca,runplan_dc8ae57dfeff5543,cell_4918a2e8233b9a7e089f,housing_v1__experiment__000006,housing_v1,housing_controlled_model_landlords_experiment,episode_attempt_0270eb1b815e10885af0,e1e0559e7c10321f5197fc16c81cb654e925d6952776d77236d4d177b9f4777c,included,housing_social_welfare_leaf,1.0.0,social_welfare,1.0.0,capture,landlord_0,landlord_0,0.0,utility_points,"{""disagreement_utility"":0.0}",ok,valid,[],"[""event_00000249""]",evaluation_receipt,episode_attempt_0270eb1b815e10885af0,e1e0559e7c10321f5197fc16c81cb654e925d6952776d77236d4d177b9f4777c,true
result_011f6427023178dd48686fe1,runplan_dc8ae57dfeff5543,cell_4918a2e8233b9a7e089f,housing_v1__experiment__000006,housing_v1,housing_controlled_model_landlords_experiment,episode_attempt_0270eb1b815e10885af0,e1e0559e7c10321f5197fc16c81cb654e925d6952776d77236d4d177b9f4777c,included,housing_social_welfare_leaf,1.0.0,social_welfare,1.0.0,capture,landlord_1,landlord_1,-1499.27,utility_points,"{""disagreement_utility"":0.0}",ok,valid,[],"[""event_00000249""]",evaluation_receipt,episode_attempt_0270eb1b815e10885af0,e1e0559e7c10321f5197fc16c81cb654e925d6952776d77236d4d177b9f4777c,true
result_634e900e3f20ac3899f881ee,runplan_dc8ae57dfeff5543,cell_4918a2e8233b9a7e089f,housing_v1__experiment__000006,housing_v1,housing_controlled_model_landlords_experiment,episode_attempt_0270eb1b815e10885af0,e1e0559e7c10321f5197fc16c81cb654e925d6952776d77236d4d177b9f4777c,included,housing_social_welfare_leaf,1.0.0,social_welfare,1.0.0,capture,landlord_2,landlord_2,76.53,utility_points,"{""disagreement_utility"":0.0}",ok,valid,[],"[""event_00000249""]",evaluation_receipt,episode_attempt_0270eb1b815e10885af0,e1e0559e7c10321f5197fc16c81cb654e925d6952776d77236d4d177b9f4777c,true
result_11da21af2aedbd03f12a72ed,runplan_dc8ae57dfeff5543,cell_4918a2e8233b9a7e089f,housing_v1__experiment__000006,housing_v1,housing_controlled_model_landlords_experiment,episode_attempt_0270eb1b815e10885af0,e1e0559e7c10321f5197fc16c81cb654e925d6952776d77236d4d177b9f4777c,included,housing_social_welfare_leaf,1.0.0,social_welfare,1.0.0,capture,landlord_3,landlord_3,503.83,utility_points,"{""disagreement_utility"":0.0}",ok,valid,[],"[""event_00000249""]",evaluation_receipt,episode_attempt_0270eb1b815e10885af0,e1e0559e7c10321f5197fc16c81cb654e925d6952776d77236d4d177b9f4777c,true
result_b1615b7236b7bdde63ebf8e7,runplan_dc8ae57dfeff5543,cell_4918a2e8233b9a7e089f,housing_v1__experiment__000006,housing_v1,housing_controlled_model_landlords_experiment,episode_attempt_0270eb1b815e10885af0,e1e0559e7c10321f5197fc16c81cb654e925d6952776d77236d4d177b9f4777c,included,housing_social_welfare_leaf,1.0.0,social_welfare,1.0.0,capture,landlord_4,landlord_4,0.0,utility_points,"{""disagreement_utility"":0.0}",ok,valid,[],"[""event_00000249""]",evaluation_receipt,episode_attempt_0270eb1b815e10885af0,e1e0559e7c10321f5197fc16c81cb654e925d6952776d77236d4d177b9f4777c,true
result_6cd63cf1cf1951a985e07c96,runplan_dc8ae57dfeff5543,cell_4918a2e8233b9a7e089f,housing_v1__experiment__000006,housing_v1,housing_controlled_model_landlords_experiment,episode_attempt_0270eb1b815e10885af0,e1e0559e7c10321f5197fc16c81cb654e925d6952776d77236d4d177b9f4777c,included,housing_social_welfare_leaf,1.0.0,social_welfare,1.0.0,capture,tenant_0,tenant_0,65.97,utility_points,"{""disagreement_utility"":0.0}",ok,valid,[],"[""event_00000249""]",evaluation_receipt,episode_attempt_0270eb1b815e10885af0,e1e0559e7c10321f5197fc16c81cb654e925d6952776d77236d4d177b9f4777c,true
result_88e6dbb729840587df4fae2f,runplan_dc8ae57dfeff5543,cell_4918a2e8233b9a7e089f,housing_v1__experiment__000006,housing_v1,housing_controlled_model_landlords_experiment,episode_attempt_0270eb1b815e10885af0,e1e0559e7c10321f5197fc16c81cb654e925d6952776d77236d4d177b9f4777c,included,housing_social_welfare_leaf,1.0.0,social_welfare,1.0.0,capture,tenant_1,tenant_1,248.29,utility_points,"{""disagreement_utility"":0.0}",ok,valid,[],"[""event_00000249""]",evaluation_receipt,episode_attempt_0270eb1b815e10885af0,e1e0559e7c10321f5197fc16c81cb654e925d6952776d77236d4d177b9f4777c,true
result_2e2f3122a05715f2baeaa014,runplan_dc8ae57dfeff5543,cell_4918a2e8233b9a7e089f,housing_v1__experiment__000006,housing_v1,housing_controlled_model_landlords_experiment,episode_attempt_0270eb1b815e10885af0,e1e0559e7c10321f5197fc16c81cb654e925d6952776d77236d4d177b9f4777c,included,housing_social_welfare_leaf,1.0.0,social_welfare,1.0.0,capture,tenant_2,tenant_2,0.0,utility_points,"{""disagreement_utility"":0.0}",ok,valid,[],"[""event_00000249""]",evaluation_receipt,episode_attempt_0270eb1b815e10885af0,e1e0559e7c10321f5197fc16c81cb654e925d6952776d77236d4d177b9f4777c,true
result_e9f74ba46a0ddb5bc53b5de5,runplan_dc8ae57dfeff5543,cell_4918a2e8233b9a7e089f,housing_v1__experiment__000006,housing_v1,housing_controlled_model_landlords_experiment,episode_attempt_0270eb1b815e10885af0,e1e0559e7c10321f5197fc16c81cb654e925d6952776d77236d4d177b9f4777c,included,housing_social_welfare_leaf,1.0.0,social_welfare,1.0.0,capture,tenant_3,tenant_3,0.0,utility_points,"{""disagreement_utility"":0.0}",ok,valid,[],"[""event_00000249""]",evaluation_receipt,episode_attempt_0270eb1b815e10885af0,e1e0559e7c10321f5197fc16c81cb654e925d6952776d77236d4d177b9f4777c,true
result_d0d206abaaba2dfeb69ef12c,runplan_dc8ae57dfeff5543,cell_4918a2e8233b9a7e089f,housing_v1__experiment__000006,housing_v1,housing_controlled_model_landlords_experiment,episode_attempt_0270eb1b815e10885af0,e1e0559e7c10321f5197fc16c81cb654e925d6952776d77236d4d177b9f4777c,included,housing_social_welfare_leaf,1.0.0,social_welfare,1.0.0,capture,tenant_4,tenant_4,2137.52,utility_points,"{""disagreement_utility"":0.0}",ok,valid,[],"[""event_00000249""]",evaluation_receipt,episode_attempt_0270eb1b815e10885af0,e1e0559e7c10321f5197fc16c81cb654e925d6952776d77236d4d177b9f4777c,true
result_da30356b639c6d14d4d9da82,runplan_dc8ae57dfeff5543,cell_4918a2e8233b9a7e089f,housing_v1__experiment__000006,housing_v1,housing_controlled_model_landlords_experiment,episode_attempt_0270eb1b815e10885af0,e1e0559e7c10321f5197fc16c81cb654e925d6952776d77236d4d177b9f4777c,included,housing_social_welfare_leaf,1.0.0,social_welfare,1.0.0,capture,tenant_5,tenant_5,0.0,utility_points,"{""disagreement_utility"":0.0}",ok,valid,[],"[""event_00000249""]",evaluation_receipt,episode_attempt_0270eb1b815e10885af0,e1e0559e7c10321f5197fc16c81cb654e925d6952776d77236d4d177b9f4777c,true
result_2ba6f9de062f086368f6a178,runplan_dc8ae57dfeff5543,cell_4a26873fb6146c875472,housing_v1__experiment__000005,housing_v1,housing_controlled_model_landlords_experiment,episode_attempt_1f8f400da6027c93cc8c,dd49c85a74670b83e4136818c14a473dbe8b0d953239f4887c8206b7a4356dd6,included,housing_social_welfare_leaf,1.0.0,social_welfare,1.0.0,primary,social_welfare,,1178.08,utility_points,{},ok,valid,[],"[""event_00000249""]",evaluation_receipt,episode_attempt_1f8f400da6027c93cc8c,dd49c85a74670b83e4136818c14a473dbe8b0d953239f4887c8206b7a4356dd6,true
result_f8452e33b46ad7938f1f81bd,runplan_dc8ae57dfeff5543,cell_4a26873fb6146c875472,housing_v1__experiment__000005,housing_v1,housing_controlled_model_landlords_experiment,episode_attempt_1f8f400da6027c93cc8c,dd49c85a74670b83e4136818c14a473dbe8b0d953239f4887c8206b7a4356dd6,included,housing_social_welfare_leaf,1.0.0,social_welfare,1.0.0,metric,comparison_baseline_gap,,0.0,utility_points,{},ok,valid,[],"[""event_00000249""]",evaluation_receipt,episode_attempt_1f8f400da6027c93cc8c,dd49c85a74670b83e4136818c14a473dbe8b0d953239f4887c8206b7a4356dd6,true
result_8d2a78ce70195293bb6fd405,runplan_dc8ae57dfeff5543,cell_4a26873fb6146c875472,housing_v1__experiment__000005,housing_v1,housing_controlled_model_landlords_experiment,episode_attempt_1f8f400da6027c93cc8c,dd49c85a74670b83e4136818c14a473dbe8b0d953239f4887c8206b7a4356dd6,included,housing_social_welfare_leaf,1.0.0,social_welfare,1.0.0,metric,ir_violation_count,,0.0,count,{},ok,valid,[],"[""event_00000249""]",evaluation_receipt,episode_attempt_1f8f400da6027c93cc8c,dd49c85a74670b83e4136818c14a473dbe8b0d953239f4887c8206b7a4356dd6,true
result_755723bc901e552ad8474169,runplan_dc8ae57dfeff5543,cell_4a26873fb6146c875472,housing_v1__experiment__000005,housing_v1,housing_controlled_model_landlords_experiment,episode_attempt_1f8f400da6027c93cc8c,dd49c85a74670b83e4136818c14a473dbe8b0d953239f4887c8206b7a4356dd6,included,housing_social_welfare_leaf,1.0.0,social_welfare,1.0.0,metric,social_welfare,,1178.08,utility_points,{},ok,valid,[],"[""event_00000249""]",evaluation_receipt,episode_attempt_1f8f400da6027c93cc8c,dd49c85a74670b83e4136818c14a473dbe8b0d953239f4887c8206b7a4356dd6,true
result_3fae3737a48bdc7cf2df0ed7,runplan_dc8ae57dfeff5543,cell_4a26873fb6146c875472,housing_v1__experiment__000005,housing_v1,housing_controlled_model_landlords_experiment,episode_attempt_1f8f400da6027c93cc8c,dd49c85a74670b83e4136818c14a473dbe8b0d953239f4887c8206b7a4356dd6,included,housing_social_welfare_leaf,1.0.0,social_welfare,1.0.0,metric,upper_bound_gap,,47.99000000000001,utility_points,{},ok,valid,[],"[""event_00000249""]",evaluation_receipt,episode_attempt_1f8f400da6027c93cc8c,dd49c85a74670b83e4136818c14a473dbe8b0d953239f4887c8206b7a4356dd6,true
result_ed2414843fd5151ad4cbc171,runplan_dc8ae57dfeff5543,cell_4a26873fb6146c875472,housing_v1__experiment__000005,housing_v1,housing_controlled_model_landlords_experiment,episode_attempt_1f8f400da6027c93cc8c,dd49c85a74670b83e4136818c14a473dbe8b0d953239f4887c8206b7a4356dd6,included,housing_social_welfare_leaf,1.0.0,social_welfare,1.0.0,metric,wasted_contacts,,7.0,count,{},ok,valid,[],"[""event_00000249""]",evaluation_receipt,episode_attempt_1f8f400da6027c93cc8c,dd49c85a74670b83e4136818c14a473dbe8b0d953239f4887c8206b7a4356dd6,true
result_dc6e6f1ee098d90ec78f2b05,runplan_dc8ae57dfeff5543,cell_4a26873fb6146c875472,housing_v1__experiment__000005,housing_v1,housing_controlled_model_landlords_experiment,episode_attempt_1f8f400da6027c93cc8c,dd49c85a74670b83e4136818c14a473dbe8b0d953239f4887c8206b7a4356dd6,included,housing_social_welfare_leaf,1.0.0,social_welfare,1.0.0,metric,within_case_score,,0.9608586785420082,ratio,{},ok,valid,[],"[""event_00000249""]",evaluation_receipt,episode_attempt_1f8f400da6027c93cc8c,dd49c85a74670b83e4136818c14a473dbe8b0d953239f4887c8206b7a4356dd6,true
result_14406fba92d82cbd06241022,runplan_dc8ae57dfeff5543,cell_4a26873fb6146c875472,housing_v1__experiment__000005,housing_v1,housing_controlled_model_landlords_experiment,episode_attempt_1f8f400da6027c93cc8c,dd49c85a74670b83e4136818c14a473dbe8b0d953239f4887c8206b7a4356dd6,included,housing_social_welfare_leaf,1.0.0,social_welfare,1.0.0,reference,comparison_baseline,,1178.08,utility_points,"{""policy"":""naive"",""reference_kind"":""comparison_baseline""}",ok,valid,[],"[""event_00000249""]",evaluation_receipt,episode_attempt_1f8f400da6027c93cc8c,dd49c85a74670b83e4136818c14a473dbe8b0d953239f4887c8206b7a4356dd6,true
result_cf3a711d2827710f2cad4f65,runplan_dc8ae57dfeff5543,cell_4a26873fb6146c875472,housing_v1__experiment__000005,housing_v1,housing_controlled_model_landlords_experiment,episode_attempt_1f8f400da6027c93cc8c,dd49c85a74670b83e4136818c14a473dbe8b0d953239f4887c8206b7a4356dd6,included,housing_social_welfare_leaf,1.0.0,social_welfare,1.0.0,reference,optimum_lower_bound,,0.0,utility_points,"{""policy"":""do_nothing"",""reference_kind"":""objective_lower_bound""}",ok,valid,[],"[""event_00000249""]",evaluation_receipt,episode_attempt_1f8f400da6027c93cc8c,dd49c85a74670b83e4136818c14a473dbe8b0d953239f4887c8206b7a4356dd6,true
result_c9bb8d0667c6b05423ae641f,runplan_dc8ae57dfeff5543,cell_4a26873fb6146c875472,housing_v1__experiment__000005,housing_v1,housing_controlled_model_landlords_experiment,episode_attempt_1f8f400da6027c93cc8c,dd49c85a74670b83e4136818c14a473dbe8b0d953239f4887c8206b7a4356dd6,included,housing_social_welfare_leaf,1.0.0,social_welfare,1.0.0,reference,optimum_upper_bound,,1226.07,utility_points,"{""reference_kind"":""objective_upper_bound"",""semantics"":""full_information_allocation_relaxation""}",ok,valid,[],"[""event_00000249""]",evaluation_receipt,episode_attempt_1f8f400da6027c93cc8c,dd49c85a74670b83e4136818c14a473dbe8b0d953239f4887c8206b7a4356dd6,true
result_704449f9518170a8b6da1ec5,runplan_dc8ae57dfeff5543,cell_4a26873fb6146c875472,housing_v1__experiment__000005,housing_v1,housing_controlled_model_landlords_experiment,episode_attempt_1f8f400da6027c93cc8c,dd49c85a74670b83e4136818c14a473dbe8b0d953239f4887c8206b7a4356dd6,included,housing_social_welfare_leaf,1.0.0,social_welfare,1.0.0,utility,landlord_0,landlord_0,0.0,utility_points,"{""disagreement_utility"":0.0}",ok,valid,[],"[""event_00000249""]",evaluation_receipt,episode_attempt_1f8f400da6027c93cc8c,dd49c85a74670b83e4136818c14a473dbe8b0d953239f4887c8206b7a4356dd6,true
result_6d7385362a57a9555bba74c2,runplan_dc8ae57dfeff5543,cell_4a26873fb6146c875472,housing_v1__experiment__000005,housing_v1,housing_controlled_model_landlords_experiment,episode_attempt_1f8f400da6027c93cc8c,dd49c85a74670b83e4136818c14a473dbe8b0d953239f4887c8206b7a4356dd6,included,housing_social_welfare_leaf,1.0.0,social_welfare,1.0.0,utility,landlord_1,landlord_1,141.99,utility_points,"{""disagreement_utility"":0.0}",ok,valid,[],"[""event_00000249""]",evaluation_receipt,episode_attempt_1f8f400da6027c93cc8c,dd49c85a74670b83e4136818c14a473dbe8b0d953239f4887c8206b7a4356dd6,true
result_56a6be94ef98f17f7e43bafe,runplan_dc8ae57dfeff5543,cell_4a26873fb6146c875472,housing_v1__experiment__000005,housing_v1,housing_controlled_model_landlords_experiment,episode_attempt_1f8f400da6027c93cc8c,dd49c85a74670b83e4136818c14a473dbe8b0d953239f4887c8206b7a4356dd6,included,housing_social_welfare_leaf,1.0.0,social_welfare,1.0.0,utility,landlord_2,landlord_2,0.0,utility_points,"{""disagreement_utility"":0.0}",ok,valid,[],"[""event_00000249""]",evaluation_receipt,episode_attempt_1f8f400da6027c93cc8c,dd49c85a74670b83e4136818c14a473dbe8b0d953239f4887c8206b7a4356dd6,true
result_36c8508fe883b5dcb66e0864,runplan_dc8ae57dfeff5543,cell_4a26873fb6146c875472,housing_v1__experiment__000005,housing_v1,housing_controlled_model_landlords_experiment,episode_attempt_1f8f400da6027c93cc8c,dd49c85a74670b83e4136818c14a473dbe8b0d953239f4887c8206b7a4356dd6,included,housing_social_welfare_leaf,1.0.0,social_welfare,1.0.0,utility,landlord_3,landlord_3,43.77,utility_points,"{""disagreement_utility"":0.0}",ok,valid,[],"[""event_00000249""]",evaluation_receipt,episode_attempt_1f8f400da6027c93cc8c,dd49c85a74670b83e4136818c14a473dbe8b0d953239f4887c8206b7a4356dd6,true
result_ed1972556f0b53bb7b1f55bf,runplan_dc8ae57dfeff5543,cell_4a26873fb6146c875472,housing_v1__experiment__000005,housing_v1,housing_controlled_model_landlords_experiment,episode_attempt_1f8f400da6027c93cc8c,dd49c85a74670b83e4136818c14a473dbe8b0d953239f4887c8206b7a4356dd6,included,housing_social_welfare_leaf,1.0.0,social_welfare,1.0.0,utility,landlord_4,landlord_4,65.66,utility_points,"{""disagreement_utility"":0.0}",ok,valid,[],"[""event_00000249""]",evaluation_receipt,episode_attempt_1f8f400da6027c93cc8c,dd49c85a74670b83e4136818c14a473dbe8b0d953239f4887c8206b7a4356dd6,true
result_d6cac9a892c2d3393871af3a,runplan_dc8ae57dfeff5543,cell_4a26873fb6146c875472,housing_v1__experiment__000005,housing_v1,housing_controlled_model_landlords_experiment,episode_attempt_1f8f400da6027c93cc8c,dd49c85a74670b83e4136818c14a473dbe8b0d953239f4887c8206b7a4356dd6,included,housing_social_welfare_leaf,1.0.0,social_welfare,1.0.0,utility,tenant_0,tenant_0,367.79,utility_points,"{""disagreement_utility"":0.0}",ok,valid,[],"[""event_00000249""]",evaluation_receipt,episode_attempt_1f8f400da6027c93cc8c,dd49c85a74670b83e4136818c14a473dbe8b0d953239f4887c8206b7a4356dd6,true
result_5f277eb1b0f50fbbbe56d653,runplan_dc8ae57dfeff5543,cell_4a26873fb6146c875472,housing_v1__experiment__000005,housing_v1,housing_controlled_model_landlords_experiment,episode_attempt_1f8f400da6027c93cc8c,dd49c85a74670b83e4136818c14a473dbe8b0d953239f4887c8206b7a4356dd6,included,housing_social_welfare_leaf,1.0.0,social_welfare,1.0.0,utility,tenant_1,tenant_1,274.53,utility_points,"{""disagreement_utility"":0.0}",ok,valid,[],"[""event_00000249""]",evaluation_receipt,episode_attempt_1f8f400da6027c93cc8c,dd49c85a74670b83e4136818c14a473dbe8b0d953239f4887c8206b7a4356dd6,true
result_0453167fa01665b659be716a,runplan_dc8ae57dfeff5543,cell_4a26873fb6146c875472,housing_v1__experiment__000005,housing_v1,housing_controlled_model_landlords_experiment,episode_attempt_1f8f400da6027c93cc8c,dd49c85a74670b83e4136818c14a473dbe8b0d953239f4887c8206b7a4356dd6,included,housing_social_welfare_leaf,1.0.0,social_welfare,1.0.0,utility,tenant_2,tenant_2,0.0,utility_points,"{""disagreement_utility"":0.0}",ok,valid,[],"[""event_00000249""]",evaluation_receipt,episode_attempt_1f8f400da6027c93cc8c,dd49c85a74670b83e4136818c14a473dbe8b0d953239f4887c8206b7a4356dd6,true
result_a438d9691795bcfb43df8d11,runplan_dc8ae57dfeff5543,cell_4a26873fb6146c875472,housing_v1__experiment__000005,housing_v1,housing_controlled_model_landlords_experiment,episode_attempt_1f8f400da6027c93cc8c,dd49c85a74670b83e4136818c14a473dbe8b0d953239f4887c8206b7a4356dd6,included,housing_social_welfare_leaf,1.0.0,social_welfare,1.0.0,utility,tenant_3,tenant_3,0.0,utility_points,"{""disagreement_utility"":0.0}",ok,valid,[],"[""event_00000249""]",evaluation_receipt,episode_attempt_1f8f400da6027c93cc8c,dd49c85a74670b83e4136818c14a473dbe8b0d953239f4887c8206b7a4356dd6,true
result_6bbc6d8116eda0d4d8554a3d,runplan_dc8ae57dfeff5543,cell_4a26873fb6146c875472,housing_v1__experiment__000005,housing_v1,housing_controlled_model_landlords_experiment,episode_attempt_1f8f400da6027c93cc8c,dd49c85a74670b83e4136818c14a473dbe8b0d953239f4887c8206b7a4356dd6,included,housing_social_welfare_leaf,1.0.0,social_welfare,1.0.0,utility,tenant_4,tenant_4,0.0,utility_points,"{""disagreement_utility"":0.0}",ok,valid,[],"[""event_00000249""]",evaluation_receipt,episode_attempt_1f8f400da6027c93cc8c,dd49c85a74670b83e4136818c14a473dbe8b0d953239f4887c8206b7a4356dd6,true
result_b7fbd77dad68c248fee17b15,runplan_dc8ae57dfeff5543,cell_4a26873fb6146c875472,housing_v1__experiment__000005,housing_v1,housing_controlled_model_landlords_experiment,episode_attempt_1f8f400da6027c93cc8c,dd49c85a74670b83e4136818c14a473dbe8b0d953239f4887c8206b7a4356dd6,included,housing_social_welfare_leaf,1.0.0,social_welfare,1.0.0,utility,tenant_5,tenant_5,284.34,utility_points,"{""disagreement_utility"":0.0}",ok,valid,[],"[""event_00000249""]",evaluation_receipt,episode_attempt_1f8f400da6027c93cc8c,dd49c85a74670b83e4136818c14a473dbe8b0d953239f4887c8206b7a4356dd6,true
result_17d5e0c6a5e698b41e9f089f,runplan_dc8ae57dfeff5543,cell_4a26873fb6146c875472,housing_v1__experiment__000005,housing_v1,housing_controlled_model_landlords_experiment,episode_attempt_1f8f400da6027c93cc8c,dd49c85a74670b83e4136818c14a473dbe8b0d953239f4887c8206b7a4356dd6,included,housing_social_welfare_leaf,1.0.0,social_welfare,1.0.0,capture,landlord_0,landlord_0,0.0,utility_points,"{""disagreement_utility"":0.0}",ok,valid,[],"[""event_00000249""]",evaluation_receipt,episode_attempt_1f8f400da6027c93cc8c,dd49c85a74670b83e4136818c14a473dbe8b0d953239f4887c8206b7a4356dd6,true
result_01315d42e28b92cab48dd6f4,runplan_dc8ae57dfeff5543,cell_4a26873fb6146c875472,housing_v1__experiment__000005,housing_v1,housing_controlled_model_landlords_experiment,episode_attempt_1f8f400da6027c93cc8c,dd49c85a74670b83e4136818c14a473dbe8b0d953239f4887c8206b7a4356dd6,included,housing_social_welfare_leaf,1.0.0,social_welfare,1.0.0,capture,landlord_1,landlord_1,141.99,utility_points,"{""disagreement_utility"":0.0}",ok,valid,[],"[""event_00000249""]",evaluation_receipt,episode_attempt_1f8f400da6027c93cc8c,dd49c85a74670b83e4136818c14a473dbe8b0d953239f4887c8206b7a4356dd6,true
result_70d4aac95315f9223c0567fb,runplan_dc8ae57dfeff5543,cell_4a26873fb6146c875472,housing_v1__experiment__000005,housing_v1,housing_controlled_model_landlords_experiment,episode_attempt_1f8f400da6027c93cc8c,dd49c85a74670b83e4136818c14a473dbe8b0d953239f4887c8206b7a4356dd6,included,housing_social_welfare_leaf,1.0.0,social_welfare,1.0.0,capture,landlord_2,landlord_2,0.0,utility_points,"{""disagreement_utility"":0.0}",ok,valid,[],"[""event_00000249""]",evaluation_receipt,episode_attempt_1f8f400da6027c93cc8c,dd49c85a74670b83e4136818c14a473dbe8b0d953239f4887c8206b7a4356dd6,true
result_1220ec37ab29e1707a9b9938,runplan_dc8ae57dfeff5543,cell_4a26873fb6146c875472,housing_v1__experiment__000005,housing_v1,housing_controlled_model_landlords_experiment,episode_attempt_1f8f400da6027c93cc8c,dd49c85a74670b83e4136818c14a473dbe8b0d953239f4887c8206b7a4356dd6,included,housing_social_welfare_leaf,1.0.0,social_welfare,1.0.0,capture,landlord_3,landlord_3,43.77,utility_points,"{""disagreement_utility"":0.0}",ok,valid,[],"[""event_00000249""]",evaluation_receipt,episode_attempt_1f8f400da6027c93cc8c,dd49c85a74670b83e4136818c14a473dbe8b0d953239f4887c8206b7a4356dd6,true
result_19898a708f26432f659829a0,runplan_dc8ae57dfeff5543,cell_4a26873fb6146c875472,housing_v1__experiment__000005,housing_v1,housing_controlled_model_landlords_experiment,episode_attempt_1f8f400da6027c93cc8c,dd49c85a74670b83e4136818c14a473dbe8b0d953239f4887c8206b7a4356dd6,included,housing_social_welfare_leaf,1.0.0,social_welfare,1.0.0,capture,landlord_4,landlord_4,65.66,utility_points,"{""disagreement_utility"":0.0}",ok,valid,[],"[""event_00000249""]",evaluation_receipt,episode_attempt_1f8f400da6027c93cc8c,dd49c85a74670b83e4136818c14a473dbe8b0d953239f4887c8206b7a4356dd6,true
result_2c4f021d7d122b7c1a2268ff,runplan_dc8ae57dfeff5543,cell_4a26873fb6146c875472,housing_v1__experiment__000005,housing_v1,housing_controlled_model_landlords_experiment,episode_attempt_1f8f400da6027c93cc8c,dd49c85a74670b83e4136818c14a473dbe8b0d953239f4887c8206b7a4356dd6,included,housing_social_welfare_leaf,1.0.0,social_welfare,1.0.0,capture,tenant_0,tenant_0,367.79,utility_points,"{""disagreement_utility"":0.0}",ok,valid,[],"[""event_00000249""]",evaluation_receipt,episode_attempt_1f8f400da6027c93cc8c,dd49c85a74670b83e4136818c14a473dbe8b0d953239f4887c8206b7a4356dd6,true
result_9735da07909ab61d70116cb8,runplan_dc8ae57dfeff5543,cell_4a26873fb6146c875472,housing_v1__experiment__000005,housing_v1,housing_controlled_model_landlords_experiment,episode_attempt_1f8f400da6027c93cc8c,dd49c85a74670b83e4136818c14a473dbe8b0d953239f4887c8206b7a4356dd6,included,housing_social_welfare_leaf,1.0.0,social_welfare,1.0.0,capture,tenant_1,tenant_1,274.53,utility_points,"{""disagreement_utility"":0.0}",ok,valid,[],"[""event_00000249""]",evaluation_receipt,episode_attempt_1f8f400da6027c93cc8c,dd49c85a74670b83e4136818c14a473dbe8b0d953239f4887c8206b7a4356dd6,true
result_767ee721aadddd295327933d,runplan_dc8ae57dfeff5543,cell_4a26873fb6146c875472,housing_v1__experiment__000005,housing_v1,housing_controlled_model_landlords_experiment,episode_attempt_1f8f400da6027c93cc8c,dd49c85a74670b83e4136818c14a473dbe8b0d953239f4887c8206b7a4356dd6,included,housing_social_welfare_leaf,1.0.0,social_welfare,1.0.0,capture,tenant_2,tenant_2,0.0,utility_points,"{""disagreement_utility"":0.0}",ok,valid,[],"[""event_00000249""]",evaluation_receipt,episode_attempt_1f8f400da6027c93cc8c,dd49c85a74670b83e4136818c14a473dbe8b0d953239f4887c8206b7a4356dd6,true
result_06bb3e6f622ad2f3b1ad5380,runplan_dc8ae57dfeff5543,cell_4a26873fb6146c875472,housing_v1__experiment__000005,housing_v1,housing_controlled_model_landlords_experiment,episode_attempt_1f8f400da6027c93cc8c,dd49c85a74670b83e4136818c14a473dbe8b0d953239f4887c8206b7a4356dd6,included,housing_social_welfare_leaf,1.0.0,social_welfare,1.0.0,capture,tenant_3,tenant_3,0.0,utility_points,"{""disagreement_utility"":0.0}",ok,valid,[],"[""event_00000249""]",evaluation_receipt,episode_attempt_1f8f400da6027c93cc8c,dd49c85a74670b83e4136818c14a473dbe8b0d953239f4887c8206b7a4356dd6,true
result_5ece0d65ae1571e4c34972c6,runplan_dc8ae57dfeff5543,cell_4a26873fb6146c875472,housing_v1__experiment__000005,housing_v1,housing_controlled_model_landlords_experiment,episode_attempt_1f8f400da6027c93cc8c,dd49c85a74670b83e4136818c14a473dbe8b0d953239f4887c8206b7a4356dd6,included,housing_social_welfare_leaf,1.0.0,social_welfare,1.0.0,capture,tenant_4,tenant_4,0.0,utility_points,"{""disagreement_utility"":0.0}",ok,valid,[],"[""event_00000249""]",evaluation_receipt,episode_attempt_1f8f400da6027c93cc8c,dd49c85a74670b83e4136818c14a473dbe8b0d953239f4887c8206b7a4356dd6,true
result_d41dfa5d26e9935ef41da256,runplan_dc8ae57dfeff5543,cell_4a26873fb6146c875472,housing_v1__experiment__000005,housing_v1,housing_controlled_model_landlords_experiment,episode_attempt_1f8f400da6027c93cc8c,dd49c85a74670b83e4136818c14a473dbe8b0d953239f4887c8206b7a4356dd6,included,housing_social_welfare_leaf,1.0.0,social_welfare,1.0.0,capture,tenant_5,tenant_5,284.34,utility_points,"{""disagreement_utility"":0.0}",ok,valid,[],"[""event_00000249""]",evaluation_receipt,episode_attempt_1f8f400da6027c93cc8c,dd49c85a74670b83e4136818c14a473dbe8b0d953239f4887c8206b7a4356dd6,true
result_e2322fd47cee4966dd6e6477,runplan_dc8ae57dfeff5543,cell_4f5158ab4c71fda33dce,housing_v1__experiment__000006,housing_v1,housing_controlled_model_landlords_experiment,episode_attempt_a3d4aef75a77eb87d072,f83eb56f0f34ffa2170f5b376926c54af9f500a1923bdf418bb0b8666c1315e8,included,housing_social_welfare_leaf,1.0.0,social_welfare,1.0.0,primary,social_welfare,,1493.03,utility_points,{},ok,valid,[],"[""event_00000219""]",evaluation_receipt,episode_attempt_a3d4aef75a77eb87d072,f83eb56f0f34ffa2170f5b376926c54af9f500a1923bdf418bb0b8666c1315e8,true
result_7f058ed10b7060cefee887e7,runplan_dc8ae57dfeff5543,cell_4f5158ab4c71fda33dce,housing_v1__experiment__000006,housing_v1,housing_controlled_model_landlords_experiment,episode_attempt_a3d4aef75a77eb87d072,f83eb56f0f34ffa2170f5b376926c54af9f500a1923bdf418bb0b8666c1315e8,included,housing_social_welfare_leaf,1.0.0,social_welfare,1.0.0,metric,comparison_baseline_gap,,-73.52999999999997,utility_points,{},ok,valid,[],"[""event_00000219""]",evaluation_receipt,episode_attempt_a3d4aef75a77eb87d072,f83eb56f0f34ffa2170f5b376926c54af9f500a1923bdf418bb0b8666c1315e8,true
result_113f216e8fc71dc8a2a9ebce,runplan_dc8ae57dfeff5543,cell_4f5158ab4c71fda33dce,housing_v1__experiment__000006,housing_v1,housing_controlled_model_landlords_experiment,episode_attempt_a3d4aef75a77eb87d072,f83eb56f0f34ffa2170f5b376926c54af9f500a1923bdf418bb0b8666c1315e8,included,housing_social_welfare_leaf,1.0.0,social_welfare,1.0.0,metric,ir_violation_count,,0.0,count,{},ok,valid,[],"[""event_00000219""]",evaluation_receipt,episode_attempt_a3d4aef75a77eb87d072,f83eb56f0f34ffa2170f5b376926c54af9f500a1923bdf418bb0b8666c1315e8,true
result_6ebc4582eee5ba62da4fcb5d,runplan_dc8ae57dfeff5543,cell_4f5158ab4c71fda33dce,housing_v1__experiment__000006,housing_v1,housing_controlled_model_landlords_experiment,episode_attempt_a3d4aef75a77eb87d072,f83eb56f0f34ffa2170f5b376926c54af9f500a1923bdf418bb0b8666c1315e8,included,housing_social_welfare_leaf,1.0.0,social_welfare,1.0.0,metric,social_welfare,,1493.03,utility_points,{},ok,valid,[],"[""event_00000219""]",evaluation_receipt,episode_attempt_a3d4aef75a77eb87d072,f83eb56f0f34ffa2170f5b376926c54af9f500a1923bdf418bb0b8666c1315e8,true
result_40ebdaee1c562d847ac5a9be,runplan_dc8ae57dfeff5543,cell_4f5158ab4c71fda33dce,housing_v1__experiment__000006,housing_v1,housing_controlled_model_landlords_experiment,episode_attempt_a3d4aef75a77eb87d072,f83eb56f0f34ffa2170f5b376926c54af9f500a1923bdf418bb0b8666c1315e8,included,housing_social_welfare_leaf,1.0.0,social_welfare,1.0.0,metric,upper_bound_gap,,145.32999999999993,utility_points,{},ok,valid,[],"[""event_00000219""]",evaluation_receipt,episode_attempt_a3d4aef75a77eb87d072,f83eb56f0f34ffa2170f5b376926c54af9f500a1923bdf418bb0b8666c1315e8,true
result_d2db63a6440f57566e386f03,runplan_dc8ae57dfeff5543,cell_4f5158ab4c71fda33dce,housing_v1__experiment__000006,housing_v1,housing_controlled_model_landlords_experiment,episode_attempt_a3d4aef75a77eb87d072,f83eb56f0f34ffa2170f5b376926c54af9f500a1923bdf418bb0b8666c1315e8,included,housing_social_welfare_leaf,1.0.0,social_welfare,1.0.0,metric,wasted_contacts,,4.0,count,{},ok,valid,[],"[""event_00000219""]",evaluation_receipt,episode_attempt_a3d4aef75a77eb87d072,f83eb56f0f34ffa2170f5b376926c54af9f500a1923bdf418bb0b8666c1315e8,true
result_927ef89cc840903b402114ac,runplan_dc8ae57dfeff5543,cell_4f5158ab4c71fda33dce,housing_v1__experiment__000006,housing_v1,housing_controlled_model_landlords_experiment,episode_attempt_a3d4aef75a77eb87d072,f83eb56f0f34ffa2170f5b376926c54af9f500a1923bdf418bb0b8666c1315e8,included,housing_social_welfare_leaf,1.0.0,social_welfare,1.0.0,metric,within_case_score,,0.9112954417832467,ratio,{},ok,valid,[],"[""event_00000219""]",evaluation_receipt,episode_attempt_a3d4aef75a77eb87d072,f83eb56f0f34ffa2170f5b376926c54af9f500a1923bdf418bb0b8666c1315e8,true
result_b496b48d44a31441aca0ed24,runplan_dc8ae57dfeff5543,cell_4f5158ab4c71fda33dce,housing_v1__experiment__000006,housing_v1,housing_controlled_model_landlords_experiment,episode_attempt_a3d4aef75a77eb87d072,f83eb56f0f34ffa2170f5b376926c54af9f500a1923bdf418bb0b8666c1315e8,included,housing_social_welfare_leaf,1.0.0,social_welfare,1.0.0,reference,comparison_baseline,,1566.56,utility_points,"{""policy"":""naive"",""reference_kind"":""comparison_baseline""}",ok,valid,[],"[""event_00000219""]",evaluation_receipt,episode_attempt_a3d4aef75a77eb87d072,f83eb56f0f34ffa2170f5b376926c54af9f500a1923bdf418bb0b8666c1315e8,true
result_138304d6404b94c7d21e75b4,runplan_dc8ae57dfeff5543,cell_4f5158ab4c71fda33dce,housing_v1__experiment__000006,housing_v1,housing_controlled_model_landlords_experiment,episode_attempt_a3d4aef75a77eb87d072,f83eb56f0f34ffa2170f5b376926c54af9f500a1923bdf418bb0b8666c1315e8,included,housing_social_welfare_leaf,1.0.0,social_welfare,1.0.0,reference,optimum_lower_bound,,0.0,utility_points,"{""policy"":""do_nothing"",""reference_kind"":""objective_lower_bound""}",ok,valid,[],"[""event_00000219""]",evaluation_receipt,episode_attempt_a3d4aef75a77eb87d072,f83eb56f0f34ffa2170f5b376926c54af9f500a1923bdf418bb0b8666c1315e8,true
result_2f393a2aec42218ab97a4473,runplan_dc8ae57dfeff5543,cell_4f5158ab4c71fda33dce,housing_v1__experiment__000006,housing_v1,housing_controlled_model_landlords_experiment,episode_attempt_a3d4aef75a77eb87d072,f83eb56f0f34ffa2170f5b376926c54af9f500a1923bdf418bb0b8666c1315e8,included,housing_social_welfare_leaf,1.0.0,social_welfare,1.0.0,reference,optimum_upper_bound,,1638.36,utility_points,"{""reference_kind"":""objective_upper_bound"",""semantics"":""full_information_allocation_relaxation""}",ok,valid,[],"[""event_00000219""]",evaluation_receipt,episode_attempt_a3d4aef75a77eb87d072,f83eb56f0f34ffa2170f5b376926c54af9f500a1923bdf418bb0b8666c1315e8,true
result_cad6c35ad0750937159967f5,runplan_dc8ae57dfeff5543,cell_4f5158ab4c71fda33dce,housing_v1__experiment__000006,housing_v1,housing_controlled_model_landlords_experiment,episode_attempt_a3d4aef75a77eb87d072,f83eb56f0f34ffa2170f5b376926c54af9f500a1923bdf418bb0b8666c1315e8,included,housing_social_welfare_leaf,1.0.0,social_welfare,1.0.0,utility,landlord_0,landlord_0,0.0,utility_points,"{""disagreement_utility"":0.0}",ok,valid,[],"[""event_00000219""]",evaluation_receipt,episode_attempt_a3d4aef75a77eb87d072,f83eb56f0f34ffa2170f5b376926c54af9f500a1923bdf418bb0b8666c1315e8,true
result_50c66b775a1a44c552433c29,runplan_dc8ae57dfeff5543,cell_4f5158ab4c71fda33dce,housing_v1__experiment__000006,housing_v1,housing_controlled_model_landlords_experiment,episode_attempt_a3d4aef75a77eb87d072,f83eb56f0f34ffa2170f5b376926c54af9f500a1923bdf418bb0b8666c1315e8,included,housing_social_welfare_leaf,1.0.0,social_welfare,1.0.0,utility,landlord_1,landlord_1,100.73,utility_points,"{""disagreement_utility"":0.0}",ok,valid,[],"[""event_00000219""]",evaluation_receipt,episode_attempt_a3d4aef75a77eb87d072,f83eb56f0f34ffa2170f5b376926c54af9f500a1923bdf418bb0b8666c1315e8,true
result_4c1de10e841920fb7ddf053f,runplan_dc8ae57dfeff5543,cell_4f5158ab4c71fda33dce,housing_v1__experiment__000006,housing_v1,housing_controlled_model_landlords_experiment,episode_attempt_a3d4aef75a77eb87d072,f83eb56f0f34ffa2170f5b376926c54af9f500a1923bdf418bb0b8666c1315e8,included,housing_social_welfare_leaf,1.0.0,social_welfare,1.0.0,utility,landlord_2,landlord_2,10.53,utility_points,"{""disagreement_utility"":0.0}",ok,valid,[],"[""event_00000219""]",evaluation_receipt,episode_attempt_a3d4aef75a77eb87d072,f83eb56f0f34ffa2170f5b376926c54af9f500a1923bdf418bb0b8666c1315e8,true
result_71cc2b6330be0d166396d41e,runplan_dc8ae57dfeff5543,cell_4f5158ab4c71fda33dce,housing_v1__experiment__000006,housing_v1,housing_controlled_model_landlords_experiment,episode_attempt_a3d4aef75a77eb87d072,f83eb56f0f34ffa2170f5b376926c54af9f500a1923bdf418bb0b8666c1315e8,included,housing_social_welfare_leaf,1.0.0,social_welfare,1.0.0,utility,landlord_3,landlord_3,63.83,utility_points,"{""disagreement_utility"":0.0}",ok,valid,[],"[""event_00000219""]",evaluation_receipt,episode_attempt_a3d4aef75a77eb87d072,f83eb56f0f34ffa2170f5b376926c54af9f500a1923bdf418bb0b8666c1315e8,true
result_89cb35e032d1f466858e2dff,runplan_dc8ae57dfeff5543,cell_4f5158ab4c71fda33dce,housing_v1__experiment__000006,housing_v1,housing_controlled_model_landlords_experiment,episode_attempt_a3d4aef75a77eb87d072,f83eb56f0f34ffa2170f5b376926c54af9f500a1923bdf418bb0b8666c1315e8,included,housing_social_welfare_leaf,1.0.0,social_welfare,1.0.0,utility,landlord_4,landlord_4,0.0,utility_points,"{""disagreement_utility"":0.0}",ok,valid,[],"[""event_00000219""]",evaluation_receipt,episode_attempt_a3d4aef75a77eb87d072,f83eb56f0f34ffa2170f5b376926c54af9f500a1923bdf418bb0b8666c1315e8,true
result_d33c5d5e79cc3a6ff8cf137b,runplan_dc8ae57dfeff5543,cell_4f5158ab4c71fda33dce,housing_v1__experiment__000006,housing_v1,housing_controlled_model_landlords_experiment,episode_attempt_a3d4aef75a77eb87d072,f83eb56f0f34ffa2170f5b376926c54af9f500a1923bdf418bb0b8666c1315e8,included,housing_social_welfare_leaf,1.0.0,social_welfare,1.0.0,utility,tenant_0,tenant_0,249.66,utility_points,"{""disagreement_utility"":0.0}",ok,valid,[],"[""event_00000219""]",evaluation_receipt,episode_attempt_a3d4aef75a77eb87d072,f83eb56f0f34ffa2170f5b376926c54af9f500a1923bdf418bb0b8666c1315e8,true
result_9a55777d515a828c3addfd58,runplan_dc8ae57dfeff5543,cell_4f5158ab4c71fda33dce,housing_v1__experiment__000006,housing_v1,housing_controlled_model_landlords_experiment,episode_attempt_a3d4aef75a77eb87d072,f83eb56f0f34ffa2170f5b376926c54af9f500a1923bdf418bb0b8666c1315e8,included,housing_social_welfare_leaf,1.0.0,social_welfare,1.0.0,utility,tenant_1,tenant_1,0.0,utility_points,"{""disagreement_utility"":0.0}",ok,valid,[],"[""event_00000219""]",evaluation_receipt,episode_attempt_a3d4aef75a77eb87d072,f83eb56f0f34ffa2170f5b376926c54af9f500a1923bdf418bb0b8666c1315e8,true
result_25d604633fe130818dde2067,runplan_dc8ae57dfeff5543,cell_4f5158ab4c71fda33dce,housing_v1__experiment__000006,housing_v1,housing_controlled_model_landlords_experiment,episode_attempt_a3d4aef75a77eb87d072,f83eb56f0f34ffa2170f5b376926c54af9f500a1923bdf418bb0b8666c1315e8,included,housing_social_welfare_leaf,1.0.0,social_welfare,1.0.0,utility,tenant_2,tenant_2,530.76,utility_points,"{""disagreement_utility"":0.0}",ok,valid,[],"[""event_00000219""]",evaluation_receipt,episode_attempt_a3d4aef75a77eb87d072,f83eb56f0f34ffa2170f5b376926c54af9f500a1923bdf418bb0b8666c1315e8,true
result_64a122da728e64f4a47c8d27,runplan_dc8ae57dfeff5543,cell_4f5158ab4c71fda33dce,housing_v1__experiment__000006,housing_v1,housing_controlled_model_landlords_experiment,episode_attempt_a3d4aef75a77eb87d072,f83eb56f0f34ffa2170f5b376926c54af9f500a1923bdf418bb0b8666c1315e8,included,housing_social_welfare_leaf,1.0.0,social_welfare,1.0.0,utility,tenant_3,tenant_3,0.0,utility_points,"{""disagreement_utility"":0.0}",ok,valid,[],"[""event_00000219""]",evaluation_receipt,episode_attempt_a3d4aef75a77eb87d072,f83eb56f0f34ffa2170f5b376926c54af9f500a1923bdf418bb0b8666c1315e8,true
result_8c137214299e94810bae553f,runplan_dc8ae57dfeff5543,cell_4f5158ab4c71fda33dce,housing_v1__experiment__000006,housing_v1,housing_controlled_model_landlords_experiment,episode_attempt_a3d4aef75a77eb87d072,f83eb56f0f34ffa2170f5b376926c54af9f500a1923bdf418bb0b8666c1315e8,included,housing_social_welfare_leaf,1.0.0,social_welfare,1.0.0,utility,tenant_4,tenant_4,537.52,utility_points,"{""disagreement_utility"":0.0}",ok,valid,[],"[""event_00000219""]",evaluation_receipt,episode_attempt_a3d4aef75a77eb87d072,f83eb56f0f34ffa2170f5b376926c54af9f500a1923bdf418bb0b8666c1315e8,true
result_c7a2d771b3e4c90ee442b648,runplan_dc8ae57dfeff5543,cell_4f5158ab4c71fda33dce,housing_v1__experiment__000006,housing_v1,housing_controlled_model_landlords_experiment,episode_attempt_a3d4aef75a77eb87d072,f83eb56f0f34ffa2170f5b376926c54af9f500a1923bdf418bb0b8666c1315e8,included,housing_social_welfare_leaf,1.0.0,social_welfare,1.0.0,utility,tenant_5,tenant_5,0.0,utility_points,"{""disagreement_utility"":0.0}",ok,valid,[],"[""event_00000219""]",evaluation_receipt,episode_attempt_a3d4aef75a77eb87d072,f83eb56f0f34ffa2170f5b376926c54af9f500a1923bdf418bb0b8666c1315e8,true
result_023bf50911a2883d1d126b60,runplan_dc8ae57dfeff5543,cell_4f5158ab4c71fda33dce,housing_v1__experiment__000006,housing_v1,housing_controlled_model_landlords_experiment,episode_attempt_a3d4aef75a77eb87d072,f83eb56f0f34ffa2170f5b376926c54af9f500a1923bdf418bb0b8666c1315e8,included,housing_social_welfare_leaf,1.0.0,social_welfare,1.0.0,capture,landlord_0,landlord_0,0.0,utility_points,"{""disagreement_utility"":0.0}",ok,valid,[],"[""event_00000219""]",evaluation_receipt,episode_attempt_a3d4aef75a77eb87d072,f83eb56f0f34ffa2170f5b376926c54af9f500a1923bdf418bb0b8666c1315e8,true
result_7e6e021c60d61e78c62819ca,runplan_dc8ae57dfeff5543,cell_4f5158ab4c71fda33dce,housing_v1__experiment__000006,housing_v1,housing_controlled_model_landlords_experiment,episode_attempt_a3d4aef75a77eb87d072,f83eb56f0f34ffa2170f5b376926c54af9f500a1923bdf418bb0b8666c1315e8,included,housing_social_welfare_leaf,1.0.0,social_welfare,1.0.0,capture,landlord_1,landlord_1,100.73,utility_points,"{""disagreement_utility"":0.0}",ok,valid,[],"[""event_00000219""]",evaluation_receipt,episode_attempt_a3d4aef75a77eb87d072,f83eb56f0f34ffa2170f5b376926c54af9f500a1923bdf418bb0b8666c1315e8,true
result_4ffd6a756d3c3cff7972abfb,runplan_dc8ae57dfeff5543,cell_4f5158ab4c71fda33dce,housing_v1__experiment__000006,housing_v1,housing_controlled_model_landlords_experiment,episode_attempt_a3d4aef75a77eb87d072,f83eb56f0f34ffa2170f5b376926c54af9f500a1923bdf418bb0b8666c1315e8,included,housing_social_welfare_leaf,1.0.0,social_welfare,1.0.0,capture,landlord_2,landlord_2,10.53,utility_points,"{""disagreement_utility"":0.0}",ok,valid,[],"[""event_00000219""]",evaluation_receipt,episode_attempt_a3d4aef75a77eb87d072,f83eb56f0f34ffa2170f5b376926c54af9f500a1923bdf418bb0b8666c1315e8,true
result_93c7c8f80978efd89f491c9a,runplan_dc8ae57dfeff5543,cell_4f5158ab4c71fda33dce,housing_v1__experiment__000006,housing_v1,housing_controlled_model_landlords_experiment,episode_attempt_a3d4aef75a77eb87d072,f83eb56f0f34ffa2170f5b376926c54af9f500a1923bdf418bb0b8666c1315e8,included,housing_social_welfare_leaf,1.0.0,social_welfare,1.0.0,capture,landlord_3,landlord_3,63.83,utility_points,"{""disagreement_utility"":0.0}",ok,valid,[],"[""event_00000219""]",evaluation_receipt,episode_attempt_a3d4aef75a77eb87d072,f83eb56f0f34ffa2170f5b376926c54af9f500a1923bdf418bb0b8666c1315e8,true
result_f8ad86be581299243a8936fb,runplan_dc8ae57dfeff5543,cell_4f5158ab4c71fda33dce,housing_v1__experiment__000006,housing_v1,housing_controlled_model_landlords_experiment,episode_attempt_a3d4aef75a77eb87d072,f83eb56f0f34ffa2170f5b376926c54af9f500a1923bdf418bb0b8666c1315e8,included,housing_social_welfare_leaf,1.0.0,social_welfare,1.0.0,capture,landlord_4,landlord_4,0.0,utility_points,"{""disagreement_utility"":0.0}",ok,valid,[],"[""event_00000219""]",evaluation_receipt,episode_attempt_a3d4aef75a77eb87d072,f83eb56f0f34ffa2170f5b376926c54af9f500a1923bdf418bb0b8666c1315e8,true
result_b565b00464639ce2617acba2,runplan_dc8ae57dfeff5543,cell_4f5158ab4c71fda33dce,housing_v1__experiment__000006,housing_v1,housing_controlled_model_landlords_experiment,episode_attempt_a3d4aef75a77eb87d072,f83eb56f0f34ffa2170f5b376926c54af9f500a1923bdf418bb0b8666c1315e8,included,housing_social_welfare_leaf,1.0.0,social_welfare,1.0.0,capture,tenant_0,tenant_0,249.66,utility_points,"{""disagreement_utility"":0.0}",ok,valid,[],"[""event_00000219""]",evaluation_receipt,episode_attempt_a3d4aef75a77eb87d072,f83eb56f0f34ffa2170f5b376926c54af9f500a1923bdf418bb0b8666c1315e8,true
result_5adddfbb2b3b754ed04d9648,runplan_dc8ae57dfeff5543,cell_4f5158ab4c71fda33dce,housing_v1__experiment__000006,housing_v1,housing_controlled_model_landlords_experiment,episode_attempt_a3d4aef75a77eb87d072,f83eb56f0f34ffa2170f5b376926c54af9f500a1923bdf418bb0b8666c1315e8,included,housing_social_welfare_leaf,1.0.0,social_welfare,1.0.0,capture,tenant_1,tenant_1,0.0,utility_points,"{""disagreement_utility"":0.0}",ok,valid,[],"[""event_00000219""]",evaluation_receipt,episode_attempt_a3d4aef75a77eb87d072,f83eb56f0f34ffa2170f5b376926c54af9f500a1923bdf418bb0b8666c1315e8,true
result_b64591175644ecb1638ddbaa,runplan_dc8ae57dfeff5543,cell_4f5158ab4c71fda33dce,housing_v1__experiment__000006,housing_v1,housing_controlled_model_landlords_experiment,episode_attempt_a3d4aef75a77eb87d072,f83eb56f0f34ffa2170f5b376926c54af9f500a1923bdf418bb0b8666c1315e8,included,housing_social_welfare_leaf,1.0.0,social_welfare,1.0.0,capture,tenant_2,tenant_2,530.76,utility_points,"{""disagreement_utility"":0.0}",ok,valid,[],"[""event_00000219""]",evaluation_receipt,episode_attempt_a3d4aef75a77eb87d072,f83eb56f0f34ffa2170f5b376926c54af9f500a1923bdf418bb0b8666c1315e8,true
result_2c8c9f9104d6f81c6c29ba48,runplan_dc8ae57dfeff5543,cell_4f5158ab4c71fda33dce,housing_v1__experiment__000006,housing_v1,housing_controlled_model_landlords_experiment,episode_attempt_a3d4aef75a77eb87d072,f83eb56f0f34ffa2170f5b376926c54af9f500a1923bdf418bb0b8666c1315e8,included,housing_social_welfare_leaf,1.0.0,social_welfare,1.0.0,capture,tenant_3,tenant_3,0.0,utility_points,"{""disagreement_utility"":0.0}",ok,valid,[],"[""event_00000219""]",evaluation_receipt,episode_attempt_a3d4aef75a77eb87d072,f83eb56f0f34ffa2170f5b376926c54af9f500a1923bdf418bb0b8666c1315e8,true
result_da310f3aff9d273652fc690a,runplan_dc8ae57dfeff5543,cell_4f5158ab4c71fda33dce,housing_v1__experiment__000006,housing_v1,housing_controlled_model_landlords_experiment,episode_attempt_a3d4aef75a77eb87d072,f83eb56f0f34ffa2170f5b376926c54af9f500a1923bdf418bb0b8666c1315e8,included,housing_social_welfare_leaf,1.0.0,social_welfare,1.0.0,capture,tenant_4,tenant_4,537.52,utility_points,"{""disagreement_utility"":0.0}",ok,valid,[],"[""event_00000219""]",evaluation_receipt,episode_attempt_a3d4aef75a77eb87d072,f83eb56f0f34ffa2170f5b376926c54af9f500a1923bdf418bb0b8666c1315e8,true
result_bc9527d53239c0eba3961739,runplan_dc8ae57dfeff5543,cell_4f5158ab4c71fda33dce,housing_v1__experiment__000006,housing_v1,housing_controlled_model_landlords_experiment,episode_attempt_a3d4aef75a77eb87d072,f83eb56f0f34ffa2170f5b376926c54af9f500a1923bdf418bb0b8666c1315e8,included,housing_social_welfare_leaf,1.0.0,social_welfare,1.0.0,capture,tenant_5,tenant_5,0.0,utility_points,"{""disagreement_utility"":0.0}",ok,valid,[],"[""event_00000219""]",evaluation_receipt,episode_attempt_a3d4aef75a77eb87d072,f83eb56f0f34ffa2170f5b376926c54af9f500a1923bdf418bb0b8666c1315e8,true
result_7f79d3d9b40acc62bd105a4d,runplan_dc8ae57dfeff5543,cell_634fa554e5c4660e3b45,housing_v1__experiment__000002,housing_v1,housing_controlled_model_landlords_experiment,episode_attempt_2174f00c660ce428295a,c72645fdf2c1a9a7462c633b27510408314f2154d48ffca79c829a40bebdc30b,included,housing_social_welfare_leaf,1.0.0,social_welfare,1.0.0,primary,social_welfare,,1045.11,utility_points,{},ok,valid,[],"[""event_00000297""]",evaluation_receipt,episode_attempt_2174f00c660ce428295a,c72645fdf2c1a9a7462c633b27510408314f2154d48ffca79c829a40bebdc30b,true
result_9bb1d2208bd1eb21b541c00b,runplan_dc8ae57dfeff5543,cell_634fa554e5c4660e3b45,housing_v1__experiment__000002,housing_v1,housing_controlled_model_landlords_experiment,episode_attempt_2174f00c660ce428295a,c72645fdf2c1a9a7462c633b27510408314f2154d48ffca79c829a40bebdc30b,included,housing_social_welfare_leaf,1.0.0,social_welfare,1.0.0,metric,comparison_baseline_gap,,-364.3600000000001,utility_points,{},ok,valid,[],"[""event_00000297""]",evaluation_receipt,episode_attempt_2174f00c660ce428295a,c72645fdf2c1a9a7462c633b27510408314f2154d48ffca79c829a40bebdc30b,true
result_8184cf556f3ef8e8d2ca131b,runplan_dc8ae57dfeff5543,cell_634fa554e5c4660e3b45,housing_v1__experiment__000002,housing_v1,housing_controlled_model_landlords_experiment,episode_attempt_2174f00c660ce428295a,c72645fdf2c1a9a7462c633b27510408314f2154d48ffca79c829a40bebdc30b,included,housing_social_welfare_leaf,1.0.0,social_welfare,1.0.0,metric,ir_violation_count,,1.0,count,{},ok,valid,[],"[""event_00000297""]",evaluation_receipt,episode_attempt_2174f00c660ce428295a,c72645fdf2c1a9a7462c633b27510408314f2154d48ffca79c829a40bebdc30b,true
result_f13c82207447432f25acde2f,runplan_dc8ae57dfeff5543,cell_634fa554e5c4660e3b45,housing_v1__experiment__000002,housing_v1,housing_controlled_model_landlords_experiment,episode_attempt_2174f00c660ce428295a,c72645fdf2c1a9a7462c633b27510408314f2154d48ffca79c829a40bebdc30b,included,housing_social_welfare_leaf,1.0.0,social_welfare,1.0.0,metric,social_welfare,,1045.11,utility_points,{},ok,valid,[],"[""event_00000297""]",evaluation_receipt,episode_attempt_2174f00c660ce428295a,c72645fdf2c1a9a7462c633b27510408314f2154d48ffca79c829a40bebdc30b,true
result_68fabb8443e3296ca2fdab52,runplan_dc8ae57dfeff5543,cell_634fa554e5c4660e3b45,housing_v1__experiment__000002,housing_v1,housing_controlled_model_landlords_experiment,episode_attempt_2174f00c660ce428295a,c72645fdf2c1a9a7462c633b27510408314f2154d48ffca79c829a40bebdc30b,included,housing_social_welfare_leaf,1.0.0,social_welfare,1.0.0,metric,upper_bound_gap,,1132.03,utility_points,{},ok,valid,[],"[""event_00000297""]",evaluation_receipt,episode_attempt_2174f00c660ce428295a,c72645fdf2c1a9a7462c633b27510408314f2154d48ffca79c829a40bebdc30b,true
result_eac0a0350d6a73c492e95cdf,runplan_dc8ae57dfeff5543,cell_634fa554e5c4660e3b45,housing_v1__experiment__000002,housing_v1,housing_controlled_model_landlords_experiment,episode_attempt_2174f00c660ce428295a,c72645fdf2c1a9a7462c633b27510408314f2154d48ffca79c829a40bebdc30b,included,housing_social_welfare_leaf,1.0.0,social_welfare,1.0.0,metric,wasted_contacts,,9.0,count,{},ok,valid,[],"[""event_00000297""]",evaluation_receipt,episode_attempt_2174f00c660ce428295a,c72645fdf2c1a9a7462c633b27510408314f2154d48ffca79c829a40bebdc30b,true
result_dbaf7f1fe4ba646c930fb83e,runplan_dc8ae57dfeff5543,cell_634fa554e5c4660e3b45,housing_v1__experiment__000002,housing_v1,housing_controlled_model_landlords_experiment,episode_attempt_2174f00c660ce428295a,c72645fdf2c1a9a7462c633b27510408314f2154d48ffca79c829a40bebdc30b,included,housing_social_welfare_leaf,1.0.0,social_welfare,1.0.0,metric,within_case_score,,0.48003803154597313,ratio,{},ok,valid,[],"[""event_00000297""]",evaluation_receipt,episode_attempt_2174f00c660ce428295a,c72645fdf2c1a9a7462c633b27510408314f2154d48ffca79c829a40bebdc30b,true
result_6c3eb67d939d013536528be3,runplan_dc8ae57dfeff5543,cell_634fa554e5c4660e3b45,housing_v1__experiment__000002,housing_v1,housing_controlled_model_landlords_experiment,episode_attempt_2174f00c660ce428295a,c72645fdf2c1a9a7462c633b27510408314f2154d48ffca79c829a40bebdc30b,included,housing_social_welfare_leaf,1.0.0,social_welfare,1.0.0,reference,comparison_baseline,,1409.47,utility_points,"{""policy"":""naive"",""reference_kind"":""comparison_baseline""}",ok,valid,[],"[""event_00000297""]",evaluation_receipt,episode_attempt_2174f00c660ce428295a,c72645fdf2c1a9a7462c633b27510408314f2154d48ffca79c829a40bebdc30b,true
result_838c95671f31b1ef1100e732,runplan_dc8ae57dfeff5543,cell_634fa554e5c4660e3b45,housing_v1__experiment__000002,housing_v1,housing_controlled_model_landlords_experiment,episode_attempt_2174f00c660ce428295a,c72645fdf2c1a9a7462c633b27510408314f2154d48ffca79c829a40bebdc30b,included,housing_social_welfare_leaf,1.0.0,social_welfare,1.0.0,reference,optimum_lower_bound,,0.0,utility_points,"{""policy"":""do_nothing"",""reference_kind"":""objective_lower_bound""}",ok,valid,[],"[""event_00000297""]",evaluation_receipt,episode_attempt_2174f00c660ce428295a,c72645fdf2c1a9a7462c633b27510408314f2154d48ffca79c829a40bebdc30b,true
result_84b546de7db8581198906b2d,runplan_dc8ae57dfeff5543,cell_634fa554e5c4660e3b45,housing_v1__experiment__000002,housing_v1,housing_controlled_model_landlords_experiment,episode_attempt_2174f00c660ce428295a,c72645fdf2c1a9a7462c633b27510408314f2154d48ffca79c829a40bebdc30b,included,housing_social_welfare_leaf,1.0.0,social_welfare,1.0.0,reference,optimum_upper_bound,,2177.14,utility_points,"{""reference_kind"":""objective_upper_bound"",""semantics"":""full_information_allocation_relaxation""}",ok,valid,[],"[""event_00000297""]",evaluation_receipt,episode_attempt_2174f00c660ce428295a,c72645fdf2c1a9a7462c633b27510408314f2154d48ffca79c829a40bebdc30b,true
result_ce28e68f887bc6252a3c6b98,runplan_dc8ae57dfeff5543,cell_634fa554e5c4660e3b45,housing_v1__experiment__000002,housing_v1,housing_controlled_model_landlords_experiment,episode_attempt_2174f00c660ce428295a,c72645fdf2c1a9a7462c633b27510408314f2154d48ffca79c829a40bebdc30b,included,housing_social_welfare_leaf,1.0.0,social_welfare,1.0.0,utility,landlord_0,landlord_0,-2673.8,utility_points,"{""disagreement_utility"":0.0}",ok,valid,[],"[""event_00000297""]",evaluation_receipt,episode_attempt_2174f00c660ce428295a,c72645fdf2c1a9a7462c633b27510408314f2154d48ffca79c829a40bebdc30b,true
result_774281b804a7223e2d3d120b,runplan_dc8ae57dfeff5543,cell_634fa554e5c4660e3b45,housing_v1__experiment__000002,housing_v1,housing_controlled_model_landlords_experiment,episode_attempt_2174f00c660ce428295a,c72645fdf2c1a9a7462c633b27510408314f2154d48ffca79c829a40bebdc30b,included,housing_social_welfare_leaf,1.0.0,social_welfare,1.0.0,utility,landlord_1,landlord_1,0.0,utility_points,"{""disagreement_utility"":0.0}",ok,valid,[],"[""event_00000297""]",evaluation_receipt,episode_attempt_2174f00c660ce428295a,c72645fdf2c1a9a7462c633b27510408314f2154d48ffca79c829a40bebdc30b,true
result_263b94cbf39bfa51c83fa058,runplan_dc8ae57dfeff5543,cell_634fa554e5c4660e3b45,housing_v1__experiment__000002,housing_v1,housing_controlled_model_landlords_experiment,episode_attempt_2174f00c660ce428295a,c72645fdf2c1a9a7462c633b27510408314f2154d48ffca79c829a40bebdc30b,included,housing_social_welfare_leaf,1.0.0,social_welfare,1.0.0,utility,landlord_2,landlord_2,0.0,utility_points,"{""disagreement_utility"":0.0}",ok,valid,[],"[""event_00000297""]",evaluation_receipt,episode_attempt_2174f00c660ce428295a,c72645fdf2c1a9a7462c633b27510408314f2154d48ffca79c829a40bebdc30b,true
result_01a8e5f324c4084b8d92d222,runplan_dc8ae57dfeff5543,cell_634fa554e5c4660e3b45,housing_v1__experiment__000002,housing_v1,housing_controlled_model_landlords_experiment,episode_attempt_2174f00c660ce428295a,c72645fdf2c1a9a7462c633b27510408314f2154d48ffca79c829a40bebdc30b,included,housing_social_welfare_leaf,1.0.0,social_welfare,1.0.0,utility,landlord_3,landlord_3,41.13,utility_points,"{""disagreement_utility"":0.0}",ok,valid,[],"[""event_00000297""]",evaluation_receipt,episode_attempt_2174f00c660ce428295a,c72645fdf2c1a9a7462c633b27510408314f2154d48ffca79c829a40bebdc30b,true
result_c0c620e6668e8a267ac8fe38,runplan_dc8ae57dfeff5543,cell_634fa554e5c4660e3b45,housing_v1__experiment__000002,housing_v1,housing_controlled_model_landlords_experiment,episode_attempt_2174f00c660ce428295a,c72645fdf2c1a9a7462c633b27510408314f2154d48ffca79c829a40bebdc30b,included,housing_social_welfare_leaf,1.0.0,social_welfare,1.0.0,utility,landlord_4,landlord_4,0.0,utility_points,"{""disagreement_utility"":0.0}",ok,valid,[],"[""event_00000297""]",evaluation_receipt,episode_attempt_2174f00c660ce428295a,c72645fdf2c1a9a7462c633b27510408314f2154d48ffca79c829a40bebdc30b,true
result_a651a35a666a1500a05478a2,runplan_dc8ae57dfeff5543,cell_634fa554e5c4660e3b45,housing_v1__experiment__000002,housing_v1,housing_controlled_model_landlords_experiment,episode_attempt_2174f00c660ce428295a,c72645fdf2c1a9a7462c633b27510408314f2154d48ffca79c829a40bebdc30b,included,housing_social_welfare_leaf,1.0.0,social_welfare,1.0.0,utility,tenant_0,tenant_0,531.56,utility_points,"{""disagreement_utility"":0.0}",ok,valid,[],"[""event_00000297""]",evaluation_receipt,episode_attempt_2174f00c660ce428295a,c72645fdf2c1a9a7462c633b27510408314f2154d48ffca79c829a40bebdc30b,true
result_f7b3897bace820f53845a6a0,runplan_dc8ae57dfeff5543,cell_634fa554e5c4660e3b45,housing_v1__experiment__000002,housing_v1,housing_controlled_model_landlords_experiment,episode_attempt_2174f00c660ce428295a,c72645fdf2c1a9a7462c633b27510408314f2154d48ffca79c829a40bebdc30b,included,housing_social_welfare_leaf,1.0.0,social_welfare,1.0.0,utility,tenant_1,tenant_1,0.0,utility_points,"{""disagreement_utility"":0.0}",ok,valid,[],"[""event_00000297""]",evaluation_receipt,episode_attempt_2174f00c660ce428295a,c72645fdf2c1a9a7462c633b27510408314f2154d48ffca79c829a40bebdc30b,true
result_5277fd48a6b76cbe257ff3fc,runplan_dc8ae57dfeff5543,cell_634fa554e5c4660e3b45,housing_v1__experiment__000002,housing_v1,housing_controlled_model_landlords_experiment,episode_attempt_2174f00c660ce428295a,c72645fdf2c1a9a7462c633b27510408314f2154d48ffca79c829a40bebdc30b,included,housing_social_welfare_leaf,1.0.0,social_welfare,1.0.0,utility,tenant_2,tenant_2,0.0,utility_points,"{""disagreement_utility"":0.0}",ok,valid,[],"[""event_00000297""]",evaluation_receipt,episode_attempt_2174f00c660ce428295a,c72645fdf2c1a9a7462c633b27510408314f2154d48ffca79c829a40bebdc30b,true
result_1c915a6f1a0ff989eed7e3a1,runplan_dc8ae57dfeff5543,cell_634fa554e5c4660e3b45,housing_v1__experiment__000002,housing_v1,housing_controlled_model_landlords_experiment,episode_attempt_2174f00c660ce428295a,c72645fdf2c1a9a7462c633b27510408314f2154d48ffca79c829a40bebdc30b,included,housing_social_welfare_leaf,1.0.0,social_welfare,1.0.0,utility,tenant_3,tenant_3,0.0,utility_points,"{""disagreement_utility"":0.0}",ok,valid,[],"[""event_00000297""]",evaluation_receipt,episode_attempt_2174f00c660ce428295a,c72645fdf2c1a9a7462c633b27510408314f2154d48ffca79c829a40bebdc30b,true
result_64c6b287b47110c03fa65e2a,runplan_dc8ae57dfeff5543,cell_634fa554e5c4660e3b45,housing_v1__experiment__000002,housing_v1,housing_controlled_model_landlords_experiment,episode_attempt_2174f00c660ce428295a,c72645fdf2c1a9a7462c633b27510408314f2154d48ffca79c829a40bebdc30b,included,housing_social_welfare_leaf,1.0.0,social_welfare,1.0.0,utility,tenant_4,tenant_4,3146.22,utility_points,"{""disagreement_utility"":0.0}",ok,valid,[],"[""event_00000297""]",evaluation_receipt,episode_attempt_2174f00c660ce428295a,c72645fdf2c1a9a7462c633b27510408314f2154d48ffca79c829a40bebdc30b,true
result_e51f8c6f8ad0a4194a920215,runplan_dc8ae57dfeff5543,cell_634fa554e5c4660e3b45,housing_v1__experiment__000002,housing_v1,housing_controlled_model_landlords_experiment,episode_attempt_2174f00c660ce428295a,c72645fdf2c1a9a7462c633b27510408314f2154d48ffca79c829a40bebdc30b,included,housing_social_welfare_leaf,1.0.0,social_welfare,1.0.0,utility,tenant_5,tenant_5,0.0,utility_points,"{""disagreement_utility"":0.0}",ok,valid,[],"[""event_00000297""]",evaluation_receipt,episode_attempt_2174f00c660ce428295a,c72645fdf2c1a9a7462c633b27510408314f2154d48ffca79c829a40bebdc30b,true
result_92eecafc0bf180dee7089ae2,runplan_dc8ae57dfeff5543,cell_634fa554e5c4660e3b45,housing_v1__experiment__000002,housing_v1,housing_controlled_model_landlords_experiment,episode_attempt_2174f00c660ce428295a,c72645fdf2c1a9a7462c633b27510408314f2154d48ffca79c829a40bebdc30b,included,housing_social_welfare_leaf,1.0.0,social_welfare,1.0.0,capture,landlord_0,landlord_0,-2673.8,utility_points,"{""disagreement_utility"":0.0}",ok,valid,[],"[""event_00000297""]",evaluation_receipt,episode_attempt_2174f00c660ce428295a,c72645fdf2c1a9a7462c633b27510408314f2154d48ffca79c829a40bebdc30b,true
result_0cae2b46c86469eb77da76a1,runplan_dc8ae57dfeff5543,cell_634fa554e5c4660e3b45,housing_v1__experiment__000002,housing_v1,housing_controlled_model_landlords_experiment,episode_attempt_2174f00c660ce428295a,c72645fdf2c1a9a7462c633b27510408314f2154d48ffca79c829a40bebdc30b,included,housing_social_welfare_leaf,1.0.0,social_welfare,1.0.0,capture,landlord_1,landlord_1,0.0,utility_points,"{""disagreement_utility"":0.0}",ok,valid,[],"[""event_00000297""]",evaluation_receipt,episode_attempt_2174f00c660ce428295a,c72645fdf2c1a9a7462c633b27510408314f2154d48ffca79c829a40bebdc30b,true
result_6a2c1f08916130156f43b0a3,runplan_dc8ae57dfeff5543,cell_634fa554e5c4660e3b45,housing_v1__experiment__000002,housing_v1,housing_controlled_model_landlords_experiment,episode_attempt_2174f00c660ce428295a,c72645fdf2c1a9a7462c633b27510408314f2154d48ffca79c829a40bebdc30b,included,housing_social_welfare_leaf,1.0.0,social_welfare,1.0.0,capture,landlord_2,landlord_2,0.0,utility_points,"{""disagreement_utility"":0.0}",ok,valid,[],"[""event_00000297""]",evaluation_receipt,episode_attempt_2174f00c660ce428295a,c72645fdf2c1a9a7462c633b27510408314f2154d48ffca79c829a40bebdc30b,true
result_560983ae068e3422b2a43eca,runplan_dc8ae57dfeff5543,cell_634fa554e5c4660e3b45,housing_v1__experiment__000002,housing_v1,housing_controlled_model_landlords_experiment,episode_attempt_2174f00c660ce428295a,c72645fdf2c1a9a7462c633b27510408314f2154d48ffca79c829a40bebdc30b,included,housing_social_welfare_leaf,1.0.0,social_welfare,1.0.0,capture,landlord_3,landlord_3,41.13,utility_points,"{""disagreement_utility"":0.0}",ok,valid,[],"[""event_00000297""]",evaluation_receipt,episode_attempt_2174f00c660ce428295a,c72645fdf2c1a9a7462c633b27510408314f2154d48ffca79c829a40bebdc30b,true
result_8d150bd1135a22b353ec4b0f,runplan_dc8ae57dfeff5543,cell_634fa554e5c4660e3b45,housing_v1__experiment__000002,housing_v1,housing_controlled_model_landlords_experiment,episode_attempt_2174f00c660ce428295a,c72645fdf2c1a9a7462c633b27510408314f2154d48ffca79c829a40bebdc30b,included,housing_social_welfare_leaf,1.0.0,social_welfare,1.0.0,capture,landlord_4,landlord_4,0.0,utility_points,"{""disagreement_utility"":0.0}",ok,valid,[],"[""event_00000297""]",evaluation_receipt,episode_attempt_2174f00c660ce428295a,c72645fdf2c1a9a7462c633b27510408314f2154d48ffca79c829a40bebdc30b,true
result_221db9be4f64b39cae1f2e1c,runplan_dc8ae57dfeff5543,cell_634fa554e5c4660e3b45,housing_v1__experiment__000002,housing_v1,housing_controlled_model_landlords_experiment,episode_attempt_2174f00c660ce428295a,c72645fdf2c1a9a7462c633b27510408314f2154d48ffca79c829a40bebdc30b,included,housing_social_welfare_leaf,1.0.0,social_welfare,1.0.0,capture,tenant_0,tenant_0,531.56,utility_points,"{""disagreement_utility"":0.0}",ok,valid,[],"[""event_00000297""]",evaluation_receipt,episode_attempt_2174f00c660ce428295a,c72645fdf2c1a9a7462c633b27510408314f2154d48ffca79c829a40bebdc30b,true
result_125c1dc5081be90f5f9ebdb1,runplan_dc8ae57dfeff5543,cell_634fa554e5c4660e3b45,housing_v1__experiment__000002,housing_v1,housing_controlled_model_landlords_experiment,episode_attempt_2174f00c660ce428295a,c72645fdf2c1a9a7462c633b27510408314f2154d48ffca79c829a40bebdc30b,included,housing_social_welfare_leaf,1.0.0,social_welfare,1.0.0,capture,tenant_1,tenant_1,0.0,utility_points,"{""disagreement_utility"":0.0}",ok,valid,[],"[""event_00000297""]",evaluation_receipt,episode_attempt_2174f00c660ce428295a,c72645fdf2c1a9a7462c633b27510408314f2154d48ffca79c829a40bebdc30b,true
result_67641ddf7ff9b7914fc25227,runplan_dc8ae57dfeff5543,cell_634fa554e5c4660e3b45,housing_v1__experiment__000002,housing_v1,housing_controlled_model_landlords_experiment,episode_attempt_2174f00c660ce428295a,c72645fdf2c1a9a7462c633b27510408314f2154d48ffca79c829a40bebdc30b,included,housing_social_welfare_leaf,1.0.0,social_welfare,1.0.0,capture,tenant_2,tenant_2,0.0,utility_points,"{""disagreement_utility"":0.0}",ok,valid,[],"[""event_00000297""]",evaluation_receipt,episode_attempt_2174f00c660ce428295a,c72645fdf2c1a9a7462c633b27510408314f2154d48ffca79c829a40bebdc30b,true
result_23eb0e5159a4815cfea53e30,runplan_dc8ae57dfeff5543,cell_634fa554e5c4660e3b45,housing_v1__experiment__000002,housing_v1,housing_controlled_model_landlords_experiment,episode_attempt_2174f00c660ce428295a,c72645fdf2c1a9a7462c633b27510408314f2154d48ffca79c829a40bebdc30b,included,housing_social_welfare_leaf,1.0.0,social_welfare,1.0.0,capture,tenant_3,tenant_3,0.0,utility_points,"{""disagreement_utility"":0.0}",ok,valid,[],"[""event_00000297""]",evaluation_receipt,episode_attempt_2174f00c660ce428295a,c72645fdf2c1a9a7462c633b27510408314f2154d48ffca79c829a40bebdc30b,true
result_4943cf1d395f3f386627a3de,runplan_dc8ae57dfeff5543,cell_634fa554e5c4660e3b45,housing_v1__experiment__000002,housing_v1,housing_controlled_model_landlords_experiment,episode_attempt_2174f00c660ce428295a,c72645fdf2c1a9a7462c633b27510408314f2154d48ffca79c829a40bebdc30b,included,housing_social_welfare_leaf,1.0.0,social_welfare,1.0.0,capture,tenant_4,tenant_4,3146.22,utility_points,"{""disagreement_utility"":0.0}",ok,valid,[],"[""event_00000297""]",evaluation_receipt,episode_attempt_2174f00c660ce428295a,c72645fdf2c1a9a7462c633b27510408314f2154d48ffca79c829a40bebdc30b,true
result_5851978397f377368cd7b31a,runplan_dc8ae57dfeff5543,cell_634fa554e5c4660e3b45,housing_v1__experiment__000002,housing_v1,housing_controlled_model_landlords_experiment,episode_attempt_2174f00c660ce428295a,c72645fdf2c1a9a7462c633b27510408314f2154d48ffca79c829a40bebdc30b,included,housing_social_welfare_leaf,1.0.0,social_welfare,1.0.0,capture,tenant_5,tenant_5,0.0,utility_points,"{""disagreement_utility"":0.0}",ok,valid,[],"[""event_00000297""]",evaluation_receipt,episode_attempt_2174f00c660ce428295a,c72645fdf2c1a9a7462c633b27510408314f2154d48ffca79c829a40bebdc30b,true
result_23bd1a9e0556f0dccd5bfacc,runplan_dc8ae57dfeff5543,cell_6fb3990f1c24f37fae98,housing_v1__experiment__000007,housing_v1,housing_controlled_model_landlords_experiment,episode_attempt_b5f2aea38ffe6fb54bd7,adafb78bc01bd1332b692b4ddd69b44eb178d229adc22b4c7ccd302c8d650f38,included,housing_social_welfare_leaf,1.0.0,social_welfare,1.0.0,primary,social_welfare,,510.56,utility_points,{},ok,valid,[],"[""event_00000291""]",evaluation_receipt,episode_attempt_b5f2aea38ffe6fb54bd7,adafb78bc01bd1332b692b4ddd69b44eb178d229adc22b4c7ccd302c8d650f38,true
result_8e4efa1b2a4c23cf8bc9d978,runplan_dc8ae57dfeff5543,cell_6fb3990f1c24f37fae98,housing_v1__experiment__000007,housing_v1,housing_controlled_model_landlords_experiment,episode_attempt_b5f2aea38ffe6fb54bd7,adafb78bc01bd1332b692b4ddd69b44eb178d229adc22b4c7ccd302c8d650f38,included,housing_social_welfare_leaf,1.0.0,social_welfare,1.0.0,metric,comparison_baseline_gap,,103.0,utility_points,{},ok,valid,[],"[""event_00000291""]",evaluation_receipt,episode_attempt_b5f2aea38ffe6fb54bd7,adafb78bc01bd1332b692b4ddd69b44eb178d229adc22b4c7ccd302c8d650f38,true
result_92a4d22eff215b3853593428,runplan_dc8ae57dfeff5543,cell_6fb3990f1c24f37fae98,housing_v1__experiment__000007,housing_v1,housing_controlled_model_landlords_experiment,episode_attempt_b5f2aea38ffe6fb54bd7,adafb78bc01bd1332b692b4ddd69b44eb178d229adc22b4c7ccd302c8d650f38,included,housing_social_welfare_leaf,1.0.0,social_welfare,1.0.0,metric,ir_violation_count,,1.0,count,{},ok,valid,[],"[""event_00000291""]",evaluation_receipt,episode_attempt_b5f2aea38ffe6fb54bd7,adafb78bc01bd1332b692b4ddd69b44eb178d229adc22b4c7ccd302c8d650f38,true
result_697a72dc3dba26322a8dad60,runplan_dc8ae57dfeff5543,cell_6fb3990f1c24f37fae98,housing_v1__experiment__000007,housing_v1,housing_controlled_model_landlords_experiment,episode_attempt_b5f2aea38ffe6fb54bd7,adafb78bc01bd1332b692b4ddd69b44eb178d229adc22b4c7ccd302c8d650f38,included,housing_social_welfare_leaf,1.0.0,social_welfare,1.0.0,metric,social_welfare,,510.56,utility_points,{},ok,valid,[],"[""event_00000291""]",evaluation_receipt,episode_attempt_b5f2aea38ffe6fb54bd7,adafb78bc01bd1332b692b4ddd69b44eb178d229adc22b4c7ccd302c8d650f38,true
result_8cead6622242ad3715e54e2b,runplan_dc8ae57dfeff5543,cell_6fb3990f1c24f37fae98,housing_v1__experiment__000007,housing_v1,housing_controlled_model_landlords_experiment,episode_attempt_b5f2aea38ffe6fb54bd7,adafb78bc01bd1332b692b4ddd69b44eb178d229adc22b4c7ccd302c8d650f38,included,housing_social_welfare_leaf,1.0.0,social_welfare,1.0.0,metric,upper_bound_gap,,172.95999999999998,utility_points,{},ok,valid,[],"[""event_00000291""]",evaluation_receipt,episode_attempt_b5f2aea38ffe6fb54bd7,adafb78bc01bd1332b692b4ddd69b44eb178d229adc22b4c7ccd302c8d650f38,true
result_4915b08adfbda7f595f7d98b,runplan_dc8ae57dfeff5543,cell_6fb3990f1c24f37fae98,housing_v1__experiment__000007,housing_v1,housing_controlled_model_landlords_experiment,episode_attempt_b5f2aea38ffe6fb54bd7,adafb78bc01bd1332b692b4ddd69b44eb178d229adc22b4c7ccd302c8d650f38,included,housing_social_welfare_leaf,1.0.0,social_welfare,1.0.0,metric,wasted_contacts,,7.0,count,{},ok,valid,[],"[""event_00000291""]",evaluation_receipt,episode_attempt_b5f2aea38ffe6fb54bd7,adafb78bc01bd1332b692b4ddd69b44eb178d229adc22b4c7ccd302c8d650f38,true
result_637cc176364ad576eb3ba1e5,runplan_dc8ae57dfeff5543,cell_6fb3990f1c24f37fae98,housing_v1__experiment__000007,housing_v1,housing_controlled_model_landlords_experiment,episode_attempt_b5f2aea38ffe6fb54bd7,adafb78bc01bd1332b692b4ddd69b44eb178d229adc22b4c7ccd302c8d650f38,included,housing_social_welfare_leaf,1.0.0,social_welfare,1.0.0,metric,within_case_score,,0.7469569288389514,ratio,{},ok,valid,[],"[""event_00000291""]",evaluation_receipt,episode_attempt_b5f2aea38ffe6fb54bd7,adafb78bc01bd1332b692b4ddd69b44eb178d229adc22b4c7ccd302c8d650f38,true
result_72e7181ad3b2ad20af38e76e,runplan_dc8ae57dfeff5543,cell_6fb3990f1c24f37fae98,housing_v1__experiment__000007,housing_v1,housing_controlled_model_landlords_experiment,episode_attempt_b5f2aea38ffe6fb54bd7,adafb78bc01bd1332b692b4ddd69b44eb178d229adc22b4c7ccd302c8d650f38,included,housing_social_welfare_leaf,1.0.0,social_welfare,1.0.0,reference,comparison_baseline,,407.56,utility_points,"{""policy"":""naive"",""reference_kind"":""comparison_baseline""}",ok,valid,[],"[""event_00000291""]",evaluation_receipt,episode_attempt_b5f2aea38ffe6fb54bd7,adafb78bc01bd1332b692b4ddd69b44eb178d229adc22b4c7ccd302c8d650f38,true
result_474ce15ec6e272b5f39a1e7e,runplan_dc8ae57dfeff5543,cell_6fb3990f1c24f37fae98,housing_v1__experiment__000007,housing_v1,housing_controlled_model_landlords_experiment,episode_attempt_b5f2aea38ffe6fb54bd7,adafb78bc01bd1332b692b4ddd69b44eb178d229adc22b4c7ccd302c8d650f38,included,housing_social_welfare_leaf,1.0.0,social_welfare,1.0.0,reference,optimum_lower_bound,,0.0,utility_points,"{""policy"":""do_nothing"",""reference_kind"":""objective_lower_bound""}",ok,valid,[],"[""event_00000291""]",evaluation_receipt,episode_attempt_b5f2aea38ffe6fb54bd7,adafb78bc01bd1332b692b4ddd69b44eb178d229adc22b4c7ccd302c8d650f38,true
result_86dfcef4285bb16d71ae2809,runplan_dc8ae57dfeff5543,cell_6fb3990f1c24f37fae98,housing_v1__experiment__000007,housing_v1,housing_controlled_model_landlords_experiment,episode_attempt_b5f2aea38ffe6fb54bd7,adafb78bc01bd1332b692b4ddd69b44eb178d229adc22b4c7ccd302c8d650f38,included,housing_social_welfare_leaf,1.0.0,social_welfare,1.0.0,reference,optimum_upper_bound,,683.52,utility_points,"{""reference_kind"":""objective_upper_bound"",""semantics"":""full_information_allocation_relaxation""}",ok,valid,[],"[""event_00000291""]",evaluation_receipt,episode_attempt_b5f2aea38ffe6fb54bd7,adafb78bc01bd1332b692b4ddd69b44eb178d229adc22b4c7ccd302c8d650f38,true
result_26c5e6f98f77b6af82b96008,runplan_dc8ae57dfeff5543,cell_6fb3990f1c24f37fae98,housing_v1__experiment__000007,housing_v1,housing_controlled_model_landlords_experiment,episode_attempt_b5f2aea38ffe6fb54bd7,adafb78bc01bd1332b692b4ddd69b44eb178d229adc22b4c7ccd302c8d650f38,included,housing_social_welfare_leaf,1.0.0,social_welfare,1.0.0,utility,landlord_0,landlord_0,58.64,utility_points,"{""disagreement_utility"":0.0}",ok,valid,[],"[""event_00000291""]",evaluation_receipt,episode_attempt_b5f2aea38ffe6fb54bd7,adafb78bc01bd1332b692b4ddd69b44eb178d229adc22b4c7ccd302c8d650f38,true
result_eb19c6eb91eb0f55a63aefd0,runplan_dc8ae57dfeff5543,cell_6fb3990f1c24f37fae98,housing_v1__experiment__000007,housing_v1,housing_controlled_model_landlords_experiment,episode_attempt_b5f2aea38ffe6fb54bd7,adafb78bc01bd1332b692b4ddd69b44eb178d229adc22b4c7ccd302c8d650f38,included,housing_social_welfare_leaf,1.0.0,social_welfare,1.0.0,utility,landlord_1,landlord_1,30.68,utility_points,"{""disagreement_utility"":0.0}",ok,valid,[],"[""event_00000291""]",evaluation_receipt,episode_attempt_b5f2aea38ffe6fb54bd7,adafb78bc01bd1332b692b4ddd69b44eb178d229adc22b4c7ccd302c8d650f38,true
result_bff425a46922f8029fe39723,runplan_dc8ae57dfeff5543,cell_6fb3990f1c24f37fae98,housing_v1__experiment__000007,housing_v1,housing_controlled_model_landlords_experiment,episode_attempt_b5f2aea38ffe6fb54bd7,adafb78bc01bd1332b692b4ddd69b44eb178d229adc22b4c7ccd302c8d650f38,included,housing_social_welfare_leaf,1.0.0,social_welfare,1.0.0,utility,landlord_2,landlord_2,0.0,utility_points,"{""disagreement_utility"":0.0}",ok,valid,[],"[""event_00000291""]",evaluation_receipt,episode_attempt_b5f2aea38ffe6fb54bd7,adafb78bc01bd1332b692b4ddd69b44eb178d229adc22b4c7ccd302c8d650f38,true
result_aa043b1be112a7b8ae30e948,runplan_dc8ae57dfeff5543,cell_6fb3990f1c24f37fae98,housing_v1__experiment__000007,housing_v1,housing_controlled_model_landlords_experiment,episode_attempt_b5f2aea38ffe6fb54bd7,adafb78bc01bd1332b692b4ddd69b44eb178d229adc22b4c7ccd302c8d650f38,included,housing_social_welfare_leaf,1.0.0,social_welfare,1.0.0,utility,landlord_3,landlord_3,75.7,utility_points,"{""disagreement_utility"":0.0}",ok,valid,[],"[""event_00000291""]",evaluation_receipt,episode_attempt_b5f2aea38ffe6fb54bd7,adafb78bc01bd1332b692b4ddd69b44eb178d229adc22b4c7ccd302c8d650f38,true
result_5242dcaf815e1258ba55689d,runplan_dc8ae57dfeff5543,cell_6fb3990f1c24f37fae98,housing_v1__experiment__000007,housing_v1,housing_controlled_model_landlords_experiment,episode_attempt_b5f2aea38ffe6fb54bd7,adafb78bc01bd1332b692b4ddd69b44eb178d229adc22b4c7ccd302c8d650f38,included,housing_social_welfare_leaf,1.0.0,social_welfare,1.0.0,utility,landlord_4,landlord_4,-2878.6,utility_points,"{""disagreement_utility"":0.0}",ok,valid,[],"[""event_00000291""]",evaluation_receipt,episode_attempt_b5f2aea38ffe6fb54bd7,adafb78bc01bd1332b692b4ddd69b44eb178d229adc22b4c7ccd302c8d650f38,true
result_13a9077d94e18cd6366324c1,runplan_dc8ae57dfeff5543,cell_6fb3990f1c24f37fae98,housing_v1__experiment__000007,housing_v1,housing_controlled_model_landlords_experiment,episode_attempt_b5f2aea38ffe6fb54bd7,adafb78bc01bd1332b692b4ddd69b44eb178d229adc22b4c7ccd302c8d650f38,included,housing_social_welfare_leaf,1.0.0,social_welfare,1.0.0,utility,tenant_0,tenant_0,118.84,utility_points,"{""disagreement_utility"":0.0}",ok,valid,[],"[""event_00000291""]",evaluation_receipt,episode_attempt_b5f2aea38ffe6fb54bd7,adafb78bc01bd1332b692b4ddd69b44eb178d229adc22b4c7ccd302c8d650f38,true
result_ca1fd27786a63cca24004b64,runplan_dc8ae57dfeff5543,cell_6fb3990f1c24f37fae98,housing_v1__experiment__000007,housing_v1,housing_controlled_model_landlords_experiment,episode_attempt_b5f2aea38ffe6fb54bd7,adafb78bc01bd1332b692b4ddd69b44eb178d229adc22b4c7ccd302c8d650f38,included,housing_social_welfare_leaf,1.0.0,social_welfare,1.0.0,utility,tenant_1,tenant_1,14.46,utility_points,"{""disagreement_utility"":0.0}",ok,valid,[],"[""event_00000291""]",evaluation_receipt,episode_attempt_b5f2aea38ffe6fb54bd7,adafb78bc01bd1332b692b4ddd69b44eb178d229adc22b4c7ccd302c8d650f38,true
result_b1fcdc3d8a41495975e8341f,runplan_dc8ae57dfeff5543,cell_6fb3990f1c24f37fae98,housing_v1__experiment__000007,housing_v1,housing_controlled_model_landlords_experiment,episode_attempt_b5f2aea38ffe6fb54bd7,adafb78bc01bd1332b692b4ddd69b44eb178d229adc22b4c7ccd302c8d650f38,included,housing_social_welfare_leaf,1.0.0,social_welfare,1.0.0,utility,tenant_2,tenant_2,108.26,utility_points,"{""disagreement_utility"":0.0}",ok,valid,[],"[""event_00000291""]",evaluation_receipt,episode_attempt_b5f2aea38ffe6fb54bd7,adafb78bc01bd1332b692b4ddd69b44eb178d229adc22b4c7ccd302c8d650f38,true
result_d2fef2c6740fbe9fb3cc5aec,runplan_dc8ae57dfeff5543,cell_6fb3990f1c24f37fae98,housing_v1__experiment__000007,housing_v1,housing_controlled_model_landlords_experiment,episode_attempt_b5f2aea38ffe6fb54bd7,adafb78bc01bd1332b692b4ddd69b44eb178d229adc22b4c7ccd302c8d650f38,included,housing_social_welfare_leaf,1.0.0,social_welfare,1.0.0,utility,tenant_3,tenant_3,0.0,utility_points,"{""disagreement_utility"":0.0}",ok,valid,[],"[""event_00000291""]",evaluation_receipt,episode_attempt_b5f2aea38ffe6fb54bd7,adafb78bc01bd1332b692b4ddd69b44eb178d229adc22b4c7ccd302c8d650f38,true
result_942c3e00b2ae8e3df8442f6f,runplan_dc8ae57dfeff5543,cell_6fb3990f1c24f37fae98,housing_v1__experiment__000007,housing_v1,housing_controlled_model_landlords_experiment,episode_attempt_b5f2aea38ffe6fb54bd7,adafb78bc01bd1332b692b4ddd69b44eb178d229adc22b4c7ccd302c8d650f38,included,housing_social_welfare_leaf,1.0.0,social_welfare,1.0.0,utility,tenant_4,tenant_4,0.0,utility_points,"{""disagreement_utility"":0.0}",ok,valid,[],"[""event_00000291""]",evaluation_receipt,episode_attempt_b5f2aea38ffe6fb54bd7,adafb78bc01bd1332b692b4ddd69b44eb178d229adc22b4c7ccd302c8d650f38,true
result_6eacc9fe91054094827d70b5,runplan_dc8ae57dfeff5543,cell_6fb3990f1c24f37fae98,housing_v1__experiment__000007,housing_v1,housing_controlled_model_landlords_experiment,episode_attempt_b5f2aea38ffe6fb54bd7,adafb78bc01bd1332b692b4ddd69b44eb178d229adc22b4c7ccd302c8d650f38,included,housing_social_welfare_leaf,1.0.0,social_welfare,1.0.0,utility,tenant_5,tenant_5,2982.58,utility_points,"{""disagreement_utility"":0.0}",ok,valid,[],"[""event_00000291""]",evaluation_receipt,episode_attempt_b5f2aea38ffe6fb54bd7,adafb78bc01bd1332b692b4ddd69b44eb178d229adc22b4c7ccd302c8d650f38,true
result_ba8c1a364ad6d2bc94dcbcdc,runplan_dc8ae57dfeff5543,cell_6fb3990f1c24f37fae98,housing_v1__experiment__000007,housing_v1,housing_controlled_model_landlords_experiment,episode_attempt_b5f2aea38ffe6fb54bd7,adafb78bc01bd1332b692b4ddd69b44eb178d229adc22b4c7ccd302c8d650f38,included,housing_social_welfare_leaf,1.0.0,social_welfare,1.0.0,capture,landlord_0,landlord_0,58.64,utility_points,"{""disagreement_utility"":0.0}",ok,valid,[],"[""event_00000291""]",evaluation_receipt,episode_attempt_b5f2aea38ffe6fb54bd7,adafb78bc01bd1332b692b4ddd69b44eb178d229adc22b4c7ccd302c8d650f38,true
result_60f2f7c0ef0e3bd3fb0eb0ae,runplan_dc8ae57dfeff5543,cell_6fb3990f1c24f37fae98,housing_v1__experiment__000007,housing_v1,housing_controlled_model_landlords_experiment,episode_attempt_b5f2aea38ffe6fb54bd7,adafb78bc01bd1332b692b4ddd69b44eb178d229adc22b4c7ccd302c8d650f38,included,housing_social_welfare_leaf,1.0.0,social_welfare,1.0.0,capture,landlord_1,landlord_1,30.68,utility_points,"{""disagreement_utility"":0.0}",ok,valid,[],"[""event_00000291""]",evaluation_receipt,episode_attempt_b5f2aea38ffe6fb54bd7,adafb78bc01bd1332b692b4ddd69b44eb178d229adc22b4c7ccd302c8d650f38,true
result_eb90e72eea0152dac5544e24,runplan_dc8ae57dfeff5543,cell_6fb3990f1c24f37fae98,housing_v1__experiment__000007,housing_v1,housing_controlled_model_landlords_experiment,episode_attempt_b5f2aea38ffe6fb54bd7,adafb78bc01bd1332b692b4ddd69b44eb178d229adc22b4c7ccd302c8d650f38,included,housing_social_welfare_leaf,1.0.0,social_welfare,1.0.0,capture,landlord_2,landlord_2,0.0,utility_points,"{""disagreement_utility"":0.0}",ok,valid,[],"[""event_00000291""]",evaluation_receipt,episode_attempt_b5f2aea38ffe6fb54bd7,adafb78bc01bd1332b692b4ddd69b44eb178d229adc22b4c7ccd302c8d650f38,true
result_76589be748f045738e094c30,runplan_dc8ae57dfeff5543,cell_6fb3990f1c24f37fae98,housing_v1__experiment__000007,housing_v1,housing_controlled_model_landlords_experiment,episode_attempt_b5f2aea38ffe6fb54bd7,adafb78bc01bd1332b692b4ddd69b44eb178d229adc22b4c7ccd302c8d650f38,included,housing_social_welfare_leaf,1.0.0,social_welfare,1.0.0,capture,landlord_3,landlord_3,75.7,utility_points,"{""disagreement_utility"":0.0}",ok,valid,[],"[""event_00000291""]",evaluation_receipt,episode_attempt_b5f2aea38ffe6fb54bd7,adafb78bc01bd1332b692b4ddd69b44eb178d229adc22b4c7ccd302c8d650f38,true
result_e50df3087b82deafbe6719dd,runplan_dc8ae57dfeff5543,cell_6fb3990f1c24f37fae98,housing_v1__experiment__000007,housing_v1,housing_controlled_model_landlords_experiment,episode_attempt_b5f2aea38ffe6fb54bd7,adafb78bc01bd1332b692b4ddd69b44eb178d229adc22b4c7ccd302c8d650f38,included,housing_social_welfare_leaf,1.0.0,social_welfare,1.0.0,capture,landlord_4,landlord_4,-2878.6,utility_points,"{""disagreement_utility"":0.0}",ok,valid,[],"[""event_00000291""]",evaluation_receipt,episode_attempt_b5f2aea38ffe6fb54bd7,adafb78bc01bd1332b692b4ddd69b44eb178d229adc22b4c7ccd302c8d650f38,true
result_a1b78c905d2c9a5907d7706f,runplan_dc8ae57dfeff5543,cell_6fb3990f1c24f37fae98,housing_v1__experiment__000007,housing_v1,housing_controlled_model_landlords_experiment,episode_attempt_b5f2aea38ffe6fb54bd7,adafb78bc01bd1332b692b4ddd69b44eb178d229adc22b4c7ccd302c8d650f38,included,housing_social_welfare_leaf,1.0.0,social_welfare,1.0.0,capture,tenant_0,tenant_0,118.84,utility_points,"{""disagreement_utility"":0.0}",ok,valid,[],"[""event_00000291""]",evaluation_receipt,episode_attempt_b5f2aea38ffe6fb54bd7,adafb78bc01bd1332b692b4ddd69b44eb178d229adc22b4c7ccd302c8d650f38,true
result_6543c0e28e575233c95564c8,runplan_dc8ae57dfeff5543,cell_6fb3990f1c24f37fae98,housing_v1__experiment__000007,housing_v1,housing_controlled_model_landlords_experiment,episode_attempt_b5f2aea38ffe6fb54bd7,adafb78bc01bd1332b692b4ddd69b44eb178d229adc22b4c7ccd302c8d650f38,included,housing_social_welfare_leaf,1.0.0,social_welfare,1.0.0,capture,tenant_1,tenant_1,14.46,utility_points,"{""disagreement_utility"":0.0}",ok,valid,[],"[""event_00000291""]",evaluation_receipt,episode_attempt_b5f2aea38ffe6fb54bd7,adafb78bc01bd1332b692b4ddd69b44eb178d229adc22b4c7ccd302c8d650f38,true
result_8efdc4303900aaaec2fbd7d7,runplan_dc8ae57dfeff5543,cell_6fb3990f1c24f37fae98,housing_v1__experiment__000007,housing_v1,housing_controlled_model_landlords_experiment,episode_attempt_b5f2aea38ffe6fb54bd7,adafb78bc01bd1332b692b4ddd69b44eb178d229adc22b4c7ccd302c8d650f38,included,housing_social_welfare_leaf,1.0.0,social_welfare,1.0.0,capture,tenant_2,tenant_2,108.26,utility_points,"{""disagreement_utility"":0.0}",ok,valid,[],"[""event_00000291""]",evaluation_receipt,episode_attempt_b5f2aea38ffe6fb54bd7,adafb78bc01bd1332b692b4ddd69b44eb178d229adc22b4c7ccd302c8d650f38,true
result_f1860c2e9cdf9fe27da63e99,runplan_dc8ae57dfeff5543,cell_6fb3990f1c24f37fae98,housing_v1__experiment__000007,housing_v1,housing_controlled_model_landlords_experiment,episode_attempt_b5f2aea38ffe6fb54bd7,adafb78bc01bd1332b692b4ddd69b44eb178d229adc22b4c7ccd302c8d650f38,included,housing_social_welfare_leaf,1.0.0,social_welfare,1.0.0,capture,tenant_3,tenant_3,0.0,utility_points,"{""disagreement_utility"":0.0}",ok,valid,[],"[""event_00000291""]",evaluation_receipt,episode_attempt_b5f2aea38ffe6fb54bd7,adafb78bc01bd1332b692b4ddd69b44eb178d229adc22b4c7ccd302c8d650f38,true
result_7bd8d0f974cf34b19986a752,runplan_dc8ae57dfeff5543,cell_6fb3990f1c24f37fae98,housing_v1__experiment__000007,housing_v1,housing_controlled_model_landlords_experiment,episode_attempt_b5f2aea38ffe6fb54bd7,adafb78bc01bd1332b692b4ddd69b44eb178d229adc22b4c7ccd302c8d650f38,included,housing_social_welfare_leaf,1.0.0,social_welfare,1.0.0,capture,tenant_4,tenant_4,0.0,utility_points,"{""disagreement_utility"":0.0}",ok,valid,[],"[""event_00000291""]",evaluation_receipt,episode_attempt_b5f2aea38ffe6fb54bd7,adafb78bc01bd1332b692b4ddd69b44eb178d229adc22b4c7ccd302c8d650f38,true
result_52b745ef86caa079fc64d882,runplan_dc8ae57dfeff5543,cell_6fb3990f1c24f37fae98,housing_v1__experiment__000007,housing_v1,housing_controlled_model_landlords_experiment,episode_attempt_b5f2aea38ffe6fb54bd7,adafb78bc01bd1332b692b4ddd69b44eb178d229adc22b4c7ccd302c8d650f38,included,housing_social_welfare_leaf,1.0.0,social_welfare,1.0.0,capture,tenant_5,tenant_5,2982.58,utility_points,"{""disagreement_utility"":0.0}",ok,valid,[],"[""event_00000291""]",evaluation_receipt,episode_attempt_b5f2aea38ffe6fb54bd7,adafb78bc01bd1332b692b4ddd69b44eb178d229adc22b4c7ccd302c8d650f38,true
result_06dd7acb74cd56f2fae74afd,runplan_dc8ae57dfeff5543,cell_8987aaf11499f559b9bd,housing_v1__experiment__000003,housing_v1,housing_controlled_model_landlords_experiment,episode_attempt_cface224c7207b0f27cf,2249c90487617ef9eea235bf49524d59bcb86ff0aa6f62e8185caf96fcbfb853,included,housing_social_welfare_leaf,1.0.0,social_welfare,1.0.0,primary,social_welfare,,2037.03,utility_points,{},ok,valid,[],"[""event_00000279""]",evaluation_receipt,episode_attempt_cface224c7207b0f27cf,2249c90487617ef9eea235bf49524d59bcb86ff0aa6f62e8185caf96fcbfb853,true
result_5cb8e37fde0bfd3d55c081bd,runplan_dc8ae57dfeff5543,cell_8987aaf11499f559b9bd,housing_v1__experiment__000003,housing_v1,housing_controlled_model_landlords_experiment,episode_attempt_cface224c7207b0f27cf,2249c90487617ef9eea235bf49524d59bcb86ff0aa6f62e8185caf96fcbfb853,included,housing_social_welfare_leaf,1.0.0,social_welfare,1.0.0,metric,comparison_baseline_gap,,42.23000000000002,utility_points,{},ok,valid,[],"[""event_00000279""]",evaluation_receipt,episode_attempt_cface224c7207b0f27cf,2249c90487617ef9eea235bf49524d59bcb86ff0aa6f62e8185caf96fcbfb853,true
result_13dc7cbc6c2b5e7d295dedf9,runplan_dc8ae57dfeff5543,cell_8987aaf11499f559b9bd,housing_v1__experiment__000003,housing_v1,housing_controlled_model_landlords_experiment,episode_attempt_cface224c7207b0f27cf,2249c90487617ef9eea235bf49524d59bcb86ff0aa6f62e8185caf96fcbfb853,included,housing_social_welfare_leaf,1.0.0,social_welfare,1.0.0,metric,ir_violation_count,,0.0,count,{},ok,valid,[],"[""event_00000279""]",evaluation_receipt,episode_attempt_cface224c7207b0f27cf,2249c90487617ef9eea235bf49524d59bcb86ff0aa6f62e8185caf96fcbfb853,true
result_298914457b8b27780985195a,runplan_dc8ae57dfeff5543,cell_8987aaf11499f559b9bd,housing_v1__experiment__000003,housing_v1,housing_controlled_model_landlords_experiment,episode_attempt_cface224c7207b0f27cf,2249c90487617ef9eea235bf49524d59bcb86ff0aa6f62e8185caf96fcbfb853,included,housing_social_welfare_leaf,1.0.0,social_welfare,1.0.0,metric,social_welfare,,2037.03,utility_points,{},ok,valid,[],"[""event_00000279""]",evaluation_receipt,episode_attempt_cface224c7207b0f27cf,2249c90487617ef9eea235bf49524d59bcb86ff0aa6f62e8185caf96fcbfb853,true
result_919daae625d597ed11b18773,runplan_dc8ae57dfeff5543,cell_8987aaf11499f559b9bd,housing_v1__experiment__000003,housing_v1,housing_controlled_model_landlords_experiment,episode_attempt_cface224c7207b0f27cf,2249c90487617ef9eea235bf49524d59bcb86ff0aa6f62e8185caf96fcbfb853,included,housing_social_welfare_leaf,1.0.0,social_welfare,1.0.0,metric,upper_bound_gap,,93.14999999999986,utility_points,{},ok,valid,[],"[""event_00000279""]",evaluation_receipt,episode_attempt_cface224c7207b0f27cf,2249c90487617ef9eea235bf49524d59bcb86ff0aa6f62e8185caf96fcbfb853,true
result_6a4bb46f82de9b0f060a2140,runplan_dc8ae57dfeff5543,cell_8987aaf11499f559b9bd,housing_v1__experiment__000003,housing_v1,housing_controlled_model_landlords_experiment,episode_attempt_cface224c7207b0f27cf,2249c90487617ef9eea235bf49524d59bcb86ff0aa6f62e8185caf96fcbfb853,included,housing_social_welfare_leaf,1.0.0,social_welfare,1.0.0,metric,wasted_contacts,,4.0,count,{},ok,valid,[],"[""event_00000279""]",evaluation_receipt,episode_attempt_cface224c7207b0f27cf,2249c90487617ef9eea235bf49524d59bcb86ff0aa6f62e8185caf96fcbfb853,true
result_e52659b735e5dce4c4ba309a,runplan_dc8ae57dfeff5543,cell_8987aaf11499f559b9bd,housing_v1__experiment__000003,housing_v1,housing_controlled_model_landlords_experiment,episode_attempt_cface224c7207b0f27cf,2249c90487617ef9eea235bf49524d59bcb86ff0aa6f62e8185caf96fcbfb853,included,housing_social_welfare_leaf,1.0.0,social_welfare,1.0.0,metric,within_case_score,,0.9562713010168156,ratio,{},ok,valid,[],"[""event_00000279""]",evaluation_receipt,episode_attempt_cface224c7207b0f27cf,2249c90487617ef9eea235bf49524d59bcb86ff0aa6f62e8185caf96fcbfb853,true
result_ed5226b0ad757d596fccbd8c,runplan_dc8ae57dfeff5543,cell_8987aaf11499f559b9bd,housing_v1__experiment__000003,housing_v1,housing_controlled_model_landlords_experiment,episode_attempt_cface224c7207b0f27cf,2249c90487617ef9eea235bf49524d59bcb86ff0aa6f62e8185caf96fcbfb853,included,housing_social_welfare_leaf,1.0.0,social_welfare,1.0.0,reference,comparison_baseline,,1994.8,utility_points,"{""policy"":""naive"",""reference_kind"":""comparison_baseline""}",ok,valid,[],"[""event_00000279""]",evaluation_receipt,episode_attempt_cface224c7207b0f27cf,2249c90487617ef9eea235bf49524d59bcb86ff0aa6f62e8185caf96fcbfb853,true
result_13c17d18056a1e167cfe017a,runplan_dc8ae57dfeff5543,cell_8987aaf11499f559b9bd,housing_v1__experiment__000003,housing_v1,housing_controlled_model_landlords_experiment,episode_attempt_cface224c7207b0f27cf,2249c90487617ef9eea235bf49524d59bcb86ff0aa6f62e8185caf96fcbfb853,included,housing_social_welfare_leaf,1.0.0,social_welfare,1.0.0,reference,optimum_lower_bound,,0.0,utility_points,"{""policy"":""do_nothing"",""reference_kind"":""objective_lower_bound""}",ok,valid,[],"[""event_00000279""]",evaluation_receipt,episode_attempt_cface224c7207b0f27cf,2249c90487617ef9eea235bf49524d59bcb86ff0aa6f62e8185caf96fcbfb853,true
result_9c63ad126246cbd09d2e62c7,runplan_dc8ae57dfeff5543,cell_8987aaf11499f559b9bd,housing_v1__experiment__000003,housing_v1,housing_controlled_model_landlords_experiment,episode_attempt_cface224c7207b0f27cf,2249c90487617ef9eea235bf49524d59bcb86ff0aa6f62e8185caf96fcbfb853,included,housing_social_welfare_leaf,1.0.0,social_welfare,1.0.0,reference,optimum_upper_bound,,2130.18,utility_points,"{""reference_kind"":""objective_upper_bound"",""semantics"":""full_information_allocation_relaxation""}",ok,valid,[],"[""event_00000279""]",evaluation_receipt,episode_attempt_cface224c7207b0f27cf,2249c90487617ef9eea235bf49524d59bcb86ff0aa6f62e8185caf96fcbfb853,true
result_716aa0536fc79c7d9c7db41c,runplan_dc8ae57dfeff5543,cell_8987aaf11499f559b9bd,housing_v1__experiment__000003,housing_v1,housing_controlled_model_landlords_experiment,episode_attempt_cface224c7207b0f27cf,2249c90487617ef9eea235bf49524d59bcb86ff0aa6f62e8185caf96fcbfb853,included,housing_social_welfare_leaf,1.0.0,social_welfare,1.0.0,utility,landlord_0,landlord_0,0.0,utility_points,"{""disagreement_utility"":0.0}",ok,valid,[],"[""event_00000279""]",evaluation_receipt,episode_attempt_cface224c7207b0f27cf,2249c90487617ef9eea235bf49524d59bcb86ff0aa6f62e8185caf96fcbfb853,true
result_e3cb7a365c4bac9d25eb4f2b,runplan_dc8ae57dfeff5543,cell_8987aaf11499f559b9bd,housing_v1__experiment__000003,housing_v1,housing_controlled_model_landlords_experiment,episode_attempt_cface224c7207b0f27cf,2249c90487617ef9eea235bf49524d59bcb86ff0aa6f62e8185caf96fcbfb853,included,housing_social_welfare_leaf,1.0.0,social_welfare,1.0.0,utility,landlord_1,landlord_1,66.45,utility_points,"{""disagreement_utility"":0.0}",ok,valid,[],"[""event_00000279""]",evaluation_receipt,episode_attempt_cface224c7207b0f27cf,2249c90487617ef9eea235bf49524d59bcb86ff0aa6f62e8185caf96fcbfb853,true
result_5d7955710f2a8e681204a0bc,runplan_dc8ae57dfeff5543,cell_8987aaf11499f559b9bd,housing_v1__experiment__000003,housing_v1,housing_controlled_model_landlords_experiment,episode_attempt_cface224c7207b0f27cf,2249c90487617ef9eea235bf49524d59bcb86ff0aa6f62e8185caf96fcbfb853,included,housing_social_welfare_leaf,1.0.0,social_welfare,1.0.0,utility,landlord_2,landlord_2,76.96,utility_points,"{""disagreement_utility"":0.0}",ok,valid,[],"[""event_00000279""]",evaluation_receipt,episode_attempt_cface224c7207b0f27cf,2249c90487617ef9eea235bf49524d59bcb86ff0aa6f62e8185caf96fcbfb853,true
result_e08d76f7e25b253f4e6942c4,runplan_dc8ae57dfeff5543,cell_8987aaf11499f559b9bd,housing_v1__experiment__000003,housing_v1,housing_controlled_model_landlords_experiment,episode_attempt_cface224c7207b0f27cf,2249c90487617ef9eea235bf49524d59bcb86ff0aa6f62e8185caf96fcbfb853,included,housing_social_welfare_leaf,1.0.0,social_welfare,1.0.0,utility,landlord_3,landlord_3,56.11,utility_points,"{""disagreement_utility"":0.0}",ok,valid,[],"[""event_00000279""]",evaluation_receipt,episode_attempt_cface224c7207b0f27cf,2249c90487617ef9eea235bf49524d59bcb86ff0aa6f62e8185caf96fcbfb853,true
result_bf8ec75eaadcd415335694c4,runplan_dc8ae57dfeff5543,cell_8987aaf11499f559b9bd,housing_v1__experiment__000003,housing_v1,housing_controlled_model_landlords_experiment,episode_attempt_cface224c7207b0f27cf,2249c90487617ef9eea235bf49524d59bcb86ff0aa6f62e8185caf96fcbfb853,included,housing_social_welfare_leaf,1.0.0,social_welfare,1.0.0,utility,landlord_4,landlord_4,87.85,utility_points,"{""disagreement_utility"":0.0}",ok,valid,[],"[""event_00000279""]",evaluation_receipt,episode_attempt_cface224c7207b0f27cf,2249c90487617ef9eea235bf49524d59bcb86ff0aa6f62e8185caf96fcbfb853,true
result_3df4c825ec0ea933131ae632,runplan_dc8ae57dfeff5543,cell_8987aaf11499f559b9bd,housing_v1__experiment__000003,housing_v1,housing_controlled_model_landlords_experiment,episode_attempt_cface224c7207b0f27cf,2249c90487617ef9eea235bf49524d59bcb86ff0aa6f62e8185caf96fcbfb853,included,housing_social_welfare_leaf,1.0.0,social_welfare,1.0.0,utility,tenant_0,tenant_0,28.95,utility_points,"{""disagreement_utility"":0.0}",ok,valid,[],"[""event_00000279""]",evaluation_receipt,episode_attempt_cface224c7207b0f27cf,2249c90487617ef9eea235bf49524d59bcb86ff0aa6f62e8185caf96fcbfb853,true
result_583ac167919bc51a10d726ce,runplan_dc8ae57dfeff5543,cell_8987aaf11499f559b9bd,housing_v1__experiment__000003,housing_v1,housing_controlled_model_landlords_experiment,episode_attempt_cface224c7207b0f27cf,2249c90487617ef9eea235bf49524d59bcb86ff0aa6f62e8185caf96fcbfb853,included,housing_social_welfare_leaf,1.0.0,social_welfare,1.0.0,utility,tenant_1,tenant_1,520.96,utility_points,"{""disagreement_utility"":0.0}",ok,valid,[],"[""event_00000279""]",evaluation_receipt,episode_attempt_cface224c7207b0f27cf,2249c90487617ef9eea235bf49524d59bcb86ff0aa6f62e8185caf96fcbfb853,true
result_131026fdf68b4373c93391f0,runplan_dc8ae57dfeff5543,cell_8987aaf11499f559b9bd,housing_v1__experiment__000003,housing_v1,housing_controlled_model_landlords_experiment,episode_attempt_cface224c7207b0f27cf,2249c90487617ef9eea235bf49524d59bcb86ff0aa6f62e8185caf96fcbfb853,included,housing_social_welfare_leaf,1.0.0,social_welfare,1.0.0,utility,tenant_2,tenant_2,554.69,utility_points,"{""disagreement_utility"":0.0}",ok,valid,[],"[""event_00000279""]",evaluation_receipt,episode_attempt_cface224c7207b0f27cf,2249c90487617ef9eea235bf49524d59bcb86ff0aa6f62e8185caf96fcbfb853,true
result_a9eebbd0a2e28850666d6aea,runplan_dc8ae57dfeff5543,cell_8987aaf11499f559b9bd,housing_v1__experiment__000003,housing_v1,housing_controlled_model_landlords_experiment,episode_attempt_cface224c7207b0f27cf,2249c90487617ef9eea235bf49524d59bcb86ff0aa6f62e8185caf96fcbfb853,included,housing_social_welfare_leaf,1.0.0,social_welfare,1.0.0,utility,tenant_3,tenant_3,645.06,utility_points,"{""disagreement_utility"":0.0}",ok,valid,[],"[""event_00000279""]",evaluation_receipt,episode_attempt_cface224c7207b0f27cf,2249c90487617ef9eea235bf49524d59bcb86ff0aa6f62e8185caf96fcbfb853,true
result_90e15d1ca7e787f8b610d672,runplan_dc8ae57dfeff5543,cell_8987aaf11499f559b9bd,housing_v1__experiment__000003,housing_v1,housing_controlled_model_landlords_experiment,episode_attempt_cface224c7207b0f27cf,2249c90487617ef9eea235bf49524d59bcb86ff0aa6f62e8185caf96fcbfb853,included,housing_social_welfare_leaf,1.0.0,social_welfare,1.0.0,utility,tenant_4,tenant_4,0.0,utility_points,"{""disagreement_utility"":0.0}",ok,valid,[],"[""event_00000279""]",evaluation_receipt,episode_attempt_cface224c7207b0f27cf,2249c90487617ef9eea235bf49524d59bcb86ff0aa6f62e8185caf96fcbfb853,true
result_781e6334f29453a656a2c4fa,runplan_dc8ae57dfeff5543,cell_8987aaf11499f559b9bd,housing_v1__experiment__000003,housing_v1,housing_controlled_model_landlords_experiment,episode_attempt_cface224c7207b0f27cf,2249c90487617ef9eea235bf49524d59bcb86ff0aa6f62e8185caf96fcbfb853,included,housing_social_welfare_leaf,1.0.0,social_welfare,1.0.0,utility,tenant_5,tenant_5,0.0,utility_points,"{""disagreement_utility"":0.0}",ok,valid,[],"[""event_00000279""]",evaluation_receipt,episode_attempt_cface224c7207b0f27cf,2249c90487617ef9eea235bf49524d59bcb86ff0aa6f62e8185caf96fcbfb853,true
result_80841180048099662d0aab90,runplan_dc8ae57dfeff5543,cell_8987aaf11499f559b9bd,housing_v1__experiment__000003,housing_v1,housing_controlled_model_landlords_experiment,episode_attempt_cface224c7207b0f27cf,2249c90487617ef9eea235bf49524d59bcb86ff0aa6f62e8185caf96fcbfb853,included,housing_social_welfare_leaf,1.0.0,social_welfare,1.0.0,capture,landlord_0,landlord_0,0.0,utility_points,"{""disagreement_utility"":0.0}",ok,valid,[],"[""event_00000279""]",evaluation_receipt,episode_attempt_cface224c7207b0f27cf,2249c90487617ef9eea235bf49524d59bcb86ff0aa6f62e8185caf96fcbfb853,true
result_61e6675aac482e3167fab332,runplan_dc8ae57dfeff5543,cell_8987aaf11499f559b9bd,housing_v1__experiment__000003,housing_v1,housing_controlled_model_landlords_experiment,episode_attempt_cface224c7207b0f27cf,2249c90487617ef9eea235bf49524d59bcb86ff0aa6f62e8185caf96fcbfb853,included,housing_social_welfare_leaf,1.0.0,social_welfare,1.0.0,capture,landlord_1,landlord_1,66.45,utility_points,"{""disagreement_utility"":0.0}",ok,valid,[],"[""event_00000279""]",evaluation_receipt,episode_attempt_cface224c7207b0f27cf,2249c90487617ef9eea235bf49524d59bcb86ff0aa6f62e8185caf96fcbfb853,true
result_df1912f031e27076bb3a9887,runplan_dc8ae57dfeff5543,cell_8987aaf11499f559b9bd,housing_v1__experiment__000003,housing_v1,housing_controlled_model_landlords_experiment,episode_attempt_cface224c7207b0f27cf,2249c90487617ef9eea235bf49524d59bcb86ff0aa6f62e8185caf96fcbfb853,included,housing_social_welfare_leaf,1.0.0,social_welfare,1.0.0,capture,landlord_2,landlord_2,76.96,utility_points,"{""disagreement_utility"":0.0}",ok,valid,[],"[""event_00000279""]",evaluation_receipt,episode_attempt_cface224c7207b0f27cf,2249c90487617ef9eea235bf49524d59bcb86ff0aa6f62e8185caf96fcbfb853,true
result_dbd9515eeb0faef8e1aa34e8,runplan_dc8ae57dfeff5543,cell_8987aaf11499f559b9bd,housing_v1__experiment__000003,housing_v1,housing_controlled_model_landlords_experiment,episode_attempt_cface224c7207b0f27cf,2249c90487617ef9eea235bf49524d59bcb86ff0aa6f62e8185caf96fcbfb853,included,housing_social_welfare_leaf,1.0.0,social_welfare,1.0.0,capture,landlord_3,landlord_3,56.11,utility_points,"{""disagreement_utility"":0.0}",ok,valid,[],"[""event_00000279""]",evaluation_receipt,episode_attempt_cface224c7207b0f27cf,2249c90487617ef9eea235bf49524d59bcb86ff0aa6f62e8185caf96fcbfb853,true
result_792f1c855bc086a1aa471330,runplan_dc8ae57dfeff5543,cell_8987aaf11499f559b9bd,housing_v1__experiment__000003,housing_v1,housing_controlled_model_landlords_experiment,episode_attempt_cface224c7207b0f27cf,2249c90487617ef9eea235bf49524d59bcb86ff0aa6f62e8185caf96fcbfb853,included,housing_social_welfare_leaf,1.0.0,social_welfare,1.0.0,capture,landlord_4,landlord_4,87.85,utility_points,"{""disagreement_utility"":0.0}",ok,valid,[],"[""event_00000279""]",evaluation_receipt,episode_attempt_cface224c7207b0f27cf,2249c90487617ef9eea235bf49524d59bcb86ff0aa6f62e8185caf96fcbfb853,true
result_4f60fb3201f5635b51d48d60,runplan_dc8ae57dfeff5543,cell_8987aaf11499f559b9bd,housing_v1__experiment__000003,housing_v1,housing_controlled_model_landlords_experiment,episode_attempt_cface224c7207b0f27cf,2249c90487617ef9eea235bf49524d59bcb86ff0aa6f62e8185caf96fcbfb853,included,housing_social_welfare_leaf,1.0.0,social_welfare,1.0.0,capture,tenant_0,tenant_0,28.95,utility_points,"{""disagreement_utility"":0.0}",ok,valid,[],"[""event_00000279""]",evaluation_receipt,episode_attempt_cface224c7207b0f27cf,2249c90487617ef9eea235bf49524d59bcb86ff0aa6f62e8185caf96fcbfb853,true
result_af938459cacf6dfe66b3e318,runplan_dc8ae57dfeff5543,cell_8987aaf11499f559b9bd,housing_v1__experiment__000003,housing_v1,housing_controlled_model_landlords_experiment,episode_attempt_cface224c7207b0f27cf,2249c90487617ef9eea235bf49524d59bcb86ff0aa6f62e8185caf96fcbfb853,included,housing_social_welfare_leaf,1.0.0,social_welfare,1.0.0,capture,tenant_1,tenant_1,520.96,utility_points,"{""disagreement_utility"":0.0}",ok,valid,[],"[""event_00000279""]",evaluation_receipt,episode_attempt_cface224c7207b0f27cf,2249c90487617ef9eea235bf49524d59bcb86ff0aa6f62e8185caf96fcbfb853,true
result_fcceccddb60804e7cfbaf9fa,runplan_dc8ae57dfeff5543,cell_8987aaf11499f559b9bd,housing_v1__experiment__000003,housing_v1,housing_controlled_model_landlords_experiment,episode_attempt_cface224c7207b0f27cf,2249c90487617ef9eea235bf49524d59bcb86ff0aa6f62e8185caf96fcbfb853,included,housing_social_welfare_leaf,1.0.0,social_welfare,1.0.0,capture,tenant_2,tenant_2,554.69,utility_points,"{""disagreement_utility"":0.0}",ok,valid,[],"[""event_00000279""]",evaluation_receipt,episode_attempt_cface224c7207b0f27cf,2249c90487617ef9eea235bf49524d59bcb86ff0aa6f62e8185caf96fcbfb853,true
result_96d4fca7c9ffa0fa1ef3b365,runplan_dc8ae57dfeff5543,cell_8987aaf11499f559b9bd,housing_v1__experiment__000003,housing_v1,housing_controlled_model_landlords_experiment,episode_attempt_cface224c7207b0f27cf,2249c90487617ef9eea235bf49524d59bcb86ff0aa6f62e8185caf96fcbfb853,included,housing_social_welfare_leaf,1.0.0,social_welfare,1.0.0,capture,tenant_3,tenant_3,645.06,utility_points,"{""disagreement_utility"":0.0}",ok,valid,[],"[""event_00000279""]",evaluation_receipt,episode_attempt_cface224c7207b0f27cf,2249c90487617ef9eea235bf49524d59bcb86ff0aa6f62e8185caf96fcbfb853,true
result_c2c19b528cb047eb824fb927,runplan_dc8ae57dfeff5543,cell_8987aaf11499f559b9bd,housing_v1__experiment__000003,housing_v1,housing_controlled_model_landlords_experiment,episode_attempt_cface224c7207b0f27cf,2249c90487617ef9eea235bf49524d59bcb86ff0aa6f62e8185caf96fcbfb853,included,housing_social_welfare_leaf,1.0.0,social_welfare,1.0.0,capture,tenant_4,tenant_4,0.0,utility_points,"{""disagreement_utility"":0.0}",ok,valid,[],"[""event_00000279""]",evaluation_receipt,episode_attempt_cface224c7207b0f27cf,2249c90487617ef9eea235bf49524d59bcb86ff0aa6f62e8185caf96fcbfb853,true
result_cd5d95e28906a46be5912b76,runplan_dc8ae57dfeff5543,cell_8987aaf11499f559b9bd,housing_v1__experiment__000003,housing_v1,housing_controlled_model_landlords_experiment,episode_attempt_cface224c7207b0f27cf,2249c90487617ef9eea235bf49524d59bcb86ff0aa6f62e8185caf96fcbfb853,included,housing_social_welfare_leaf,1.0.0,social_welfare,1.0.0,capture,tenant_5,tenant_5,0.0,utility_points,"{""disagreement_utility"":0.0}",ok,valid,[],"[""event_00000279""]",evaluation_receipt,episode_attempt_cface224c7207b0f27cf,2249c90487617ef9eea235bf49524d59bcb86ff0aa6f62e8185caf96fcbfb853,true
result_fd051f890c328affba63a827,runplan_dc8ae57dfeff5543,cell_b648ca09476849d948d9,housing_v1__experiment__000002,housing_v1,housing_controlled_model_landlords_experiment,episode_attempt_d807c6736f14cb32e21d,d2ac43e9dcb43b699615d773bea30978118ebbc3db13b3dc4bdc46991117d2c8,included,housing_social_welfare_leaf,1.0.0,social_welfare,1.0.0,primary,social_welfare,,1027.63,utility_points,{},ok,valid,[],"[""event_00000267""]",evaluation_receipt,episode_attempt_d807c6736f14cb32e21d,d2ac43e9dcb43b699615d773bea30978118ebbc3db13b3dc4bdc46991117d2c8,true
result_a7079c6bcb2df707f3f7a2d1,runplan_dc8ae57dfeff5543,cell_b648ca09476849d948d9,housing_v1__experiment__000002,housing_v1,housing_controlled_model_landlords_experiment,episode_attempt_d807c6736f14cb32e21d,d2ac43e9dcb43b699615d773bea30978118ebbc3db13b3dc4bdc46991117d2c8,included,housing_social_welfare_leaf,1.0.0,social_welfare,1.0.0,metric,comparison_baseline_gap,,-381.8399999999999,utility_points,{},ok,valid,[],"[""event_00000267""]",evaluation_receipt,episode_attempt_d807c6736f14cb32e21d,d2ac43e9dcb43b699615d773bea30978118ebbc3db13b3dc4bdc46991117d2c8,true
result_2fc13eae17648dfe89795cc5,runplan_dc8ae57dfeff5543,cell_b648ca09476849d948d9,housing_v1__experiment__000002,housing_v1,housing_controlled_model_landlords_experiment,episode_attempt_d807c6736f14cb32e21d,d2ac43e9dcb43b699615d773bea30978118ebbc3db13b3dc4bdc46991117d2c8,included,housing_social_welfare_leaf,1.0.0,social_welfare,1.0.0,metric,ir_violation_count,,0.0,count,{},ok,valid,[],"[""event_00000267""]",evaluation_receipt,episode_attempt_d807c6736f14cb32e21d,d2ac43e9dcb43b699615d773bea30978118ebbc3db13b3dc4bdc46991117d2c8,true
result_7c938267ed9996f90b90aa8f,runplan_dc8ae57dfeff5543,cell_b648ca09476849d948d9,housing_v1__experiment__000002,housing_v1,housing_controlled_model_landlords_experiment,episode_attempt_d807c6736f14cb32e21d,d2ac43e9dcb43b699615d773bea30978118ebbc3db13b3dc4bdc46991117d2c8,included,housing_social_welfare_leaf,1.0.0,social_welfare,1.0.0,metric,social_welfare,,1027.63,utility_points,{},ok,valid,[],"[""event_00000267""]",evaluation_receipt,episode_attempt_d807c6736f14cb32e21d,d2ac43e9dcb43b699615d773bea30978118ebbc3db13b3dc4bdc46991117d2c8,true
result_4ee9519dde5b9e5fa6031c44,runplan_dc8ae57dfeff5543,cell_b648ca09476849d948d9,housing_v1__experiment__000002,housing_v1,housing_controlled_model_landlords_experiment,episode_attempt_d807c6736f14cb32e21d,d2ac43e9dcb43b699615d773bea30978118ebbc3db13b3dc4bdc46991117d2c8,included,housing_social_welfare_leaf,1.0.0,social_welfare,1.0.0,metric,upper_bound_gap,,1149.5099999999998,utility_points,{},ok,valid,[],"[""event_00000267""]",evaluation_receipt,episode_attempt_d807c6736f14cb32e21d,d2ac43e9dcb43b699615d773bea30978118ebbc3db13b3dc4bdc46991117d2c8,true
result_f5e8e4267855ee92d4884cf1,runplan_dc8ae57dfeff5543,cell_b648ca09476849d948d9,housing_v1__experiment__000002,housing_v1,housing_controlled_model_landlords_experiment,episode_attempt_d807c6736f14cb32e21d,d2ac43e9dcb43b699615d773bea30978118ebbc3db13b3dc4bdc46991117d2c8,included,housing_social_welfare_leaf,1.0.0,social_welfare,1.0.0,metric,wasted_contacts,,9.0,count,{},ok,valid,[],"[""event_00000267""]",evaluation_receipt,episode_attempt_d807c6736f14cb32e21d,d2ac43e9dcb43b699615d773bea30978118ebbc3db13b3dc4bdc46991117d2c8,true
result_c7d82692a306a6a2cfe1fa99,runplan_dc8ae57dfeff5543,cell_b648ca09476849d948d9,housing_v1__experiment__000002,housing_v1,housing_controlled_model_landlords_experiment,episode_attempt_d807c6736f14cb32e21d,d2ac43e9dcb43b699615d773bea30978118ebbc3db13b3dc4bdc46991117d2c8,included,housing_social_welfare_leaf,1.0.0,social_welfare,1.0.0,metric,within_case_score,,0.47200914961830664,ratio,{},ok,valid,[],"[""event_00000267""]",evaluation_receipt,episode_attempt_d807c6736f14cb32e21d,d2ac43e9dcb43b699615d773bea30978118ebbc3db13b3dc4bdc46991117d2c8,true
result_b7bf9785018ba483e860c19d,runplan_dc8ae57dfeff5543,cell_b648ca09476849d948d9,housing_v1__experiment__000002,housing_v1,housing_controlled_model_landlords_experiment,episode_attempt_d807c6736f14cb32e21d,d2ac43e9dcb43b699615d773bea30978118ebbc3db13b3dc4bdc46991117d2c8,included,housing_social_welfare_leaf,1.0.0,social_welfare,1.0.0,reference,comparison_baseline,,1409.47,utility_points,"{""policy"":""naive"",""reference_kind"":""comparison_baseline""}",ok,valid,[],"[""event_00000267""]",evaluation_receipt,episode_attempt_d807c6736f14cb32e21d,d2ac43e9dcb43b699615d773bea30978118ebbc3db13b3dc4bdc46991117d2c8,true
result_1e1c652611a26408894656ac,runplan_dc8ae57dfeff5543,cell_b648ca09476849d948d9,housing_v1__experiment__000002,housing_v1,housing_controlled_model_landlords_experiment,episode_attempt_d807c6736f14cb32e21d,d2ac43e9dcb43b699615d773bea30978118ebbc3db13b3dc4bdc46991117d2c8,included,housing_social_welfare_leaf,1.0.0,social_welfare,1.0.0,reference,optimum_lower_bound,,0.0,utility_points,"{""policy"":""do_nothing"",""reference_kind"":""objective_lower_bound""}",ok,valid,[],"[""event_00000267""]",evaluation_receipt,episode_attempt_d807c6736f14cb32e21d,d2ac43e9dcb43b699615d773bea30978118ebbc3db13b3dc4bdc46991117d2c8,true
result_ff90e799f21781ba499c440f,runplan_dc8ae57dfeff5543,cell_b648ca09476849d948d9,housing_v1__experiment__000002,housing_v1,housing_controlled_model_landlords_experiment,episode_attempt_d807c6736f14cb32e21d,d2ac43e9dcb43b699615d773bea30978118ebbc3db13b3dc4bdc46991117d2c8,included,housing_social_welfare_leaf,1.0.0,social_welfare,1.0.0,reference,optimum_upper_bound,,2177.14,utility_points,"{""reference_kind"":""objective_upper_bound"",""semantics"":""full_information_allocation_relaxation""}",ok,valid,[],"[""event_00000267""]",evaluation_receipt,episode_attempt_d807c6736f14cb32e21d,d2ac43e9dcb43b699615d773bea30978118ebbc3db13b3dc4bdc46991117d2c8,true
result_e9cd1f5824057dff691ec981,runplan_dc8ae57dfeff5543,cell_b648ca09476849d948d9,housing_v1__experiment__000002,housing_v1,housing_controlled_model_landlords_experiment,episode_attempt_d807c6736f14cb32e21d,d2ac43e9dcb43b699615d773bea30978118ebbc3db13b3dc4bdc46991117d2c8,included,housing_social_welfare_leaf,1.0.0,social_welfare,1.0.0,utility,landlord_0,landlord_0,25.2,utility_points,"{""disagreement_utility"":0.0}",ok,valid,[],"[""event_00000267""]",evaluation_receipt,episode_attempt_d807c6736f14cb32e21d,d2ac43e9dcb43b699615d773bea30978118ebbc3db13b3dc4bdc46991117d2c8,true
result_2ddc176ae1e04b5b2f78232a,runplan_dc8ae57dfeff5543,cell_b648ca09476849d948d9,housing_v1__experiment__000002,housing_v1,housing_controlled_model_landlords_experiment,episode_attempt_d807c6736f14cb32e21d,d2ac43e9dcb43b699615d773bea30978118ebbc3db13b3dc4bdc46991117d2c8,included,housing_social_welfare_leaf,1.0.0,social_welfare,1.0.0,utility,landlord_1,landlord_1,0.0,utility_points,"{""disagreement_utility"":0.0}",ok,valid,[],"[""event_00000267""]",evaluation_receipt,episode_attempt_d807c6736f14cb32e21d,d2ac43e9dcb43b699615d773bea30978118ebbc3db13b3dc4bdc46991117d2c8,true
result_4f1d372e2d548380913414e5,runplan_dc8ae57dfeff5543,cell_b648ca09476849d948d9,housing_v1__experiment__000002,housing_v1,housing_controlled_model_landlords_experiment,episode_attempt_d807c6736f14cb32e21d,d2ac43e9dcb43b699615d773bea30978118ebbc3db13b3dc4bdc46991117d2c8,included,housing_social_welfare_leaf,1.0.0,social_welfare,1.0.0,utility,landlord_2,landlord_2,0.0,utility_points,"{""disagreement_utility"":0.0}",ok,valid,[],"[""event_00000267""]",evaluation_receipt,episode_attempt_d807c6736f14cb32e21d,d2ac43e9dcb43b699615d773bea30978118ebbc3db13b3dc4bdc46991117d2c8,true
result_c17eb16c668b4657e828f443,runplan_dc8ae57dfeff5543,cell_b648ca09476849d948d9,housing_v1__experiment__000002,housing_v1,housing_controlled_model_landlords_experiment,episode_attempt_d807c6736f14cb32e21d,d2ac43e9dcb43b699615d773bea30978118ebbc3db13b3dc4bdc46991117d2c8,included,housing_social_welfare_leaf,1.0.0,social_welfare,1.0.0,utility,landlord_3,landlord_3,59.13,utility_points,"{""disagreement_utility"":0.0}",ok,valid,[],"[""event_00000267""]",evaluation_receipt,episode_attempt_d807c6736f14cb32e21d,d2ac43e9dcb43b699615d773bea30978118ebbc3db13b3dc4bdc46991117d2c8,true
result_a6076d09b395ec60b85041df,runplan_dc8ae57dfeff5543,cell_b648ca09476849d948d9,housing_v1__experiment__000002,housing_v1,housing_controlled_model_landlords_experiment,episode_attempt_d807c6736f14cb32e21d,d2ac43e9dcb43b699615d773bea30978118ebbc3db13b3dc4bdc46991117d2c8,included,housing_social_welfare_leaf,1.0.0,social_welfare,1.0.0,utility,landlord_4,landlord_4,0.0,utility_points,"{""disagreement_utility"":0.0}",ok,valid,[],"[""event_00000267""]",evaluation_receipt,episode_attempt_d807c6736f14cb32e21d,d2ac43e9dcb43b699615d773bea30978118ebbc3db13b3dc4bdc46991117d2c8,true
result_18dc47036ffd110f23bb1063,runplan_dc8ae57dfeff5543,cell_b648ca09476849d948d9,housing_v1__experiment__000002,housing_v1,housing_controlled_model_landlords_experiment,episode_attempt_d807c6736f14cb32e21d,d2ac43e9dcb43b699615d773bea30978118ebbc3db13b3dc4bdc46991117d2c8,included,housing_social_welfare_leaf,1.0.0,social_welfare,1.0.0,utility,tenant_0,tenant_0,413.75,utility_points,"{""disagreement_utility"":0.0}",ok,valid,[],"[""event_00000267""]",evaluation_receipt,episode_attempt_d807c6736f14cb32e21d,d2ac43e9dcb43b699615d773bea30978118ebbc3db13b3dc4bdc46991117d2c8,true
result_5dfae0aed56db25127c0d98e,runplan_dc8ae57dfeff5543,cell_b648ca09476849d948d9,housing_v1__experiment__000002,housing_v1,housing_controlled_model_landlords_experiment,episode_attempt_d807c6736f14cb32e21d,d2ac43e9dcb43b699615d773bea30978118ebbc3db13b3dc4bdc46991117d2c8,included,housing_social_welfare_leaf,1.0.0,social_welfare,1.0.0,utility,tenant_1,tenant_1,0.0,utility_points,"{""disagreement_utility"":0.0}",ok,valid,[],"[""event_00000267""]",evaluation_receipt,episode_attempt_d807c6736f14cb32e21d,d2ac43e9dcb43b699615d773bea30978118ebbc3db13b3dc4bdc46991117d2c8,true
result_bb27edc2aac1d821912811fe,runplan_dc8ae57dfeff5543,cell_b648ca09476849d948d9,housing_v1__experiment__000002,housing_v1,housing_controlled_model_landlords_experiment,episode_attempt_d807c6736f14cb32e21d,d2ac43e9dcb43b699615d773bea30978118ebbc3db13b3dc4bdc46991117d2c8,included,housing_social_welfare_leaf,1.0.0,social_welfare,1.0.0,utility,tenant_2,tenant_2,0.0,utility_points,"{""disagreement_utility"":0.0}",ok,valid,[],"[""event_00000267""]",evaluation_receipt,episode_attempt_d807c6736f14cb32e21d,d2ac43e9dcb43b699615d773bea30978118ebbc3db13b3dc4bdc46991117d2c8,true
result_bae4089b047f43c8b1626a59,runplan_dc8ae57dfeff5543,cell_b648ca09476849d948d9,housing_v1__experiment__000002,housing_v1,housing_controlled_model_landlords_experiment,episode_attempt_d807c6736f14cb32e21d,d2ac43e9dcb43b699615d773bea30978118ebbc3db13b3dc4bdc46991117d2c8,included,housing_social_welfare_leaf,1.0.0,social_welfare,1.0.0,utility,tenant_3,tenant_3,529.55,utility_points,"{""disagreement_utility"":0.0}",ok,valid,[],"[""event_00000267""]",evaluation_receipt,episode_attempt_d807c6736f14cb32e21d,d2ac43e9dcb43b699615d773bea30978118ebbc3db13b3dc4bdc46991117d2c8,true
result_10d35c8a9da466103f31fb6d,runplan_dc8ae57dfeff5543,cell_b648ca09476849d948d9,housing_v1__experiment__000002,housing_v1,housing_controlled_model_landlords_experiment,episode_attempt_d807c6736f14cb32e21d,d2ac43e9dcb43b699615d773bea30978118ebbc3db13b3dc4bdc46991117d2c8,included,housing_social_welfare_leaf,1.0.0,social_welfare,1.0.0,utility,tenant_4,tenant_4,0.0,utility_points,"{""disagreement_utility"":0.0}",ok,valid,[],"[""event_00000267""]",evaluation_receipt,episode_attempt_d807c6736f14cb32e21d,d2ac43e9dcb43b699615d773bea30978118ebbc3db13b3dc4bdc46991117d2c8,true
result_641559608c0db16705a4b007,runplan_dc8ae57dfeff5543,cell_b648ca09476849d948d9,housing_v1__experiment__000002,housing_v1,housing_controlled_model_landlords_experiment,episode_attempt_d807c6736f14cb32e21d,d2ac43e9dcb43b699615d773bea30978118ebbc3db13b3dc4bdc46991117d2c8,included,housing_social_welfare_leaf,1.0.0,social_welfare,1.0.0,utility,tenant_5,tenant_5,0.0,utility_points,"{""disagreement_utility"":0.0}",ok,valid,[],"[""event_00000267""]",evaluation_receipt,episode_attempt_d807c6736f14cb32e21d,d2ac43e9dcb43b699615d773bea30978118ebbc3db13b3dc4bdc46991117d2c8,true
result_41a6af82af9257dd1dae807d,runplan_dc8ae57dfeff5543,cell_b648ca09476849d948d9,housing_v1__experiment__000002,housing_v1,housing_controlled_model_landlords_experiment,episode_attempt_d807c6736f14cb32e21d,d2ac43e9dcb43b699615d773bea30978118ebbc3db13b3dc4bdc46991117d2c8,included,housing_social_welfare_leaf,1.0.0,social_welfare,1.0.0,capture,landlord_0,landlord_0,25.2,utility_points,"{""disagreement_utility"":0.0}",ok,valid,[],"[""event_00000267""]",evaluation_receipt,episode_attempt_d807c6736f14cb32e21d,d2ac43e9dcb43b699615d773bea30978118ebbc3db13b3dc4bdc46991117d2c8,true
result_231e91842792079831594b93,runplan_dc8ae57dfeff5543,cell_b648ca09476849d948d9,housing_v1__experiment__000002,housing_v1,housing_controlled_model_landlords_experiment,episode_attempt_d807c6736f14cb32e21d,d2ac43e9dcb43b699615d773bea30978118ebbc3db13b3dc4bdc46991117d2c8,included,housing_social_welfare_leaf,1.0.0,social_welfare,1.0.0,capture,landlord_1,landlord_1,0.0,utility_points,"{""disagreement_utility"":0.0}",ok,valid,[],"[""event_00000267""]",evaluation_receipt,episode_attempt_d807c6736f14cb32e21d,d2ac43e9dcb43b699615d773bea30978118ebbc3db13b3dc4bdc46991117d2c8,true
result_12274f7251d069c29a65afdc,runplan_dc8ae57dfeff5543,cell_b648ca09476849d948d9,housing_v1__experiment__000002,housing_v1,housing_controlled_model_landlords_experiment,episode_attempt_d807c6736f14cb32e21d,d2ac43e9dcb43b699615d773bea30978118ebbc3db13b3dc4bdc46991117d2c8,included,housing_social_welfare_leaf,1.0.0,social_welfare,1.0.0,capture,landlord_2,landlord_2,0.0,utility_points,"{""disagreement_utility"":0.0}",ok,valid,[],"[""event_00000267""]",evaluation_receipt,episode_attempt_d807c6736f14cb32e21d,d2ac43e9dcb43b699615d773bea30978118ebbc3db13b3dc4bdc46991117d2c8,true
result_c05efad831d70c42b277754c,runplan_dc8ae57dfeff5543,cell_b648ca09476849d948d9,housing_v1__experiment__000002,housing_v1,housing_controlled_model_landlords_experiment,episode_attempt_d807c6736f14cb32e21d,d2ac43e9dcb43b699615d773bea30978118ebbc3db13b3dc4bdc46991117d2c8,included,housing_social_welfare_leaf,1.0.0,social_welfare,1.0.0,capture,landlord_3,landlord_3,59.13,utility_points,"{""disagreement_utility"":0.0}",ok,valid,[],"[""event_00000267""]",evaluation_receipt,episode_attempt_d807c6736f14cb32e21d,d2ac43e9dcb43b699615d773bea30978118ebbc3db13b3dc4bdc46991117d2c8,true
result_f39461863713dbe7ad9f0503,runplan_dc8ae57dfeff5543,cell_b648ca09476849d948d9,housing_v1__experiment__000002,housing_v1,housing_controlled_model_landlords_experiment,episode_attempt_d807c6736f14cb32e21d,d2ac43e9dcb43b699615d773bea30978118ebbc3db13b3dc4bdc46991117d2c8,included,housing_social_welfare_leaf,1.0.0,social_welfare,1.0.0,capture,landlord_4,landlord_4,0.0,utility_points,"{""disagreement_utility"":0.0}",ok,valid,[],"[""event_00000267""]",evaluation_receipt,episode_attempt_d807c6736f14cb32e21d,d2ac43e9dcb43b699615d773bea30978118ebbc3db13b3dc4bdc46991117d2c8,true
result_ec7b01ee3d88a2207f800983,runplan_dc8ae57dfeff5543,cell_b648ca09476849d948d9,housing_v1__experiment__000002,housing_v1,housing_controlled_model_landlords_experiment,episode_attempt_d807c6736f14cb32e21d,d2ac43e9dcb43b699615d773bea30978118ebbc3db13b3dc4bdc46991117d2c8,included,housing_social_welfare_leaf,1.0.0,social_welfare,1.0.0,capture,tenant_0,tenant_0,413.75,utility_points,"{""disagreement_utility"":0.0}",ok,valid,[],"[""event_00000267""]",evaluation_receipt,episode_attempt_d807c6736f14cb32e21d,d2ac43e9dcb43b699615d773bea30978118ebbc3db13b3dc4bdc46991117d2c8,true
result_d1a597d1d988c8fdeebaa043,runplan_dc8ae57dfeff5543,cell_b648ca09476849d948d9,housing_v1__experiment__000002,housing_v1,housing_controlled_model_landlords_experiment,episode_attempt_d807c6736f14cb32e21d,d2ac43e9dcb43b699615d773bea30978118ebbc3db13b3dc4bdc46991117d2c8,included,housing_social_welfare_leaf,1.0.0,social_welfare,1.0.0,capture,tenant_1,tenant_1,0.0,utility_points,"{""disagreement_utility"":0.0}",ok,valid,[],"[""event_00000267""]",evaluation_receipt,episode_attempt_d807c6736f14cb32e21d,d2ac43e9dcb43b699615d773bea30978118ebbc3db13b3dc4bdc46991117d2c8,true
result_67b80d2a967cd5063e7dd4ae,runplan_dc8ae57dfeff5543,cell_b648ca09476849d948d9,housing_v1__experiment__000002,housing_v1,housing_controlled_model_landlords_experiment,episode_attempt_d807c6736f14cb32e21d,d2ac43e9dcb43b699615d773bea30978118ebbc3db13b3dc4bdc46991117d2c8,included,housing_social_welfare_leaf,1.0.0,social_welfare,1.0.0,capture,tenant_2,tenant_2,0.0,utility_points,"{""disagreement_utility"":0.0}",ok,valid,[],"[""event_00000267""]",evaluation_receipt,episode_attempt_d807c6736f14cb32e21d,d2ac43e9dcb43b699615d773bea30978118ebbc3db13b3dc4bdc46991117d2c8,true
result_2f26ab3bfecd31b126d7acf1,runplan_dc8ae57dfeff5543,cell_b648ca09476849d948d9,housing_v1__experiment__000002,housing_v1,housing_controlled_model_landlords_experiment,episode_attempt_d807c6736f14cb32e21d,d2ac43e9dcb43b699615d773bea30978118ebbc3db13b3dc4bdc46991117d2c8,included,housing_social_welfare_leaf,1.0.0,social_welfare,1.0.0,capture,tenant_3,tenant_3,529.55,utility_points,"{""disagreement_utility"":0.0}",ok,valid,[],"[""event_00000267""]",evaluation_receipt,episode_attempt_d807c6736f14cb32e21d,d2ac43e9dcb43b699615d773bea30978118ebbc3db13b3dc4bdc46991117d2c8,true
result_5f77af723afdf8e8f87c0e31,runplan_dc8ae57dfeff5543,cell_b648ca09476849d948d9,housing_v1__experiment__000002,housing_v1,housing_controlled_model_landlords_experiment,episode_attempt_d807c6736f14cb32e21d,d2ac43e9dcb43b699615d773bea30978118ebbc3db13b3dc4bdc46991117d2c8,included,housing_social_welfare_leaf,1.0.0,social_welfare,1.0.0,capture,tenant_4,tenant_4,0.0,utility_points,"{""disagreement_utility"":0.0}",ok,valid,[],"[""event_00000267""]",evaluation_receipt,episode_attempt_d807c6736f14cb32e21d,d2ac43e9dcb43b699615d773bea30978118ebbc3db13b3dc4bdc46991117d2c8,true
result_d336aaddfc6c4f184cc4f73c,runplan_dc8ae57dfeff5543,cell_b648ca09476849d948d9,housing_v1__experiment__000002,housing_v1,housing_controlled_model_landlords_experiment,episode_attempt_d807c6736f14cb32e21d,d2ac43e9dcb43b699615d773bea30978118ebbc3db13b3dc4bdc46991117d2c8,included,housing_social_welfare_leaf,1.0.0,social_welfare,1.0.0,capture,tenant_5,tenant_5,0.0,utility_points,"{""disagreement_utility"":0.0}",ok,valid,[],"[""event_00000267""]",evaluation_receipt,episode_attempt_d807c6736f14cb32e21d,d2ac43e9dcb43b699615d773bea30978118ebbc3db13b3dc4bdc46991117d2c8,true
result_cdd1687d3834796b59777c94,runplan_dc8ae57dfeff5543,cell_d6bcb7afbc311718ca99,housing_v1__experiment__000003,housing_v1,housing_controlled_model_landlords_experiment,episode_attempt_95f4fbd5e1ac317a54bd,98b41a1bc4a4f19270ac8647ee403b3453bcddd1e1d9678ea276008c4edea527,included,housing_social_welfare_leaf,1.0.0,social_welfare,1.0.0,primary,social_welfare,,2051.91,utility_points,{},ok,valid,[],"[""event_00000255""]",evaluation_receipt,episode_attempt_95f4fbd5e1ac317a54bd,98b41a1bc4a4f19270ac8647ee403b3453bcddd1e1d9678ea276008c4edea527,true
result_da753961bee35d394ab59747,runplan_dc8ae57dfeff5543,cell_d6bcb7afbc311718ca99,housing_v1__experiment__000003,housing_v1,housing_controlled_model_landlords_experiment,episode_attempt_95f4fbd5e1ac317a54bd,98b41a1bc4a4f19270ac8647ee403b3453bcddd1e1d9678ea276008c4edea527,included,housing_social_welfare_leaf,1.0.0,social_welfare,1.0.0,metric,comparison_baseline_gap,,57.1099999999999,utility_points,{},ok,valid,[],"[""event_00000255""]",evaluation_receipt,episode_attempt_95f4fbd5e1ac317a54bd,98b41a1bc4a4f19270ac8647ee403b3453bcddd1e1d9678ea276008c4edea527,true
result_5d679d1ee9032cf0c8f154d1,runplan_dc8ae57dfeff5543,cell_d6bcb7afbc311718ca99,housing_v1__experiment__000003,housing_v1,housing_controlled_model_landlords_experiment,episode_attempt_95f4fbd5e1ac317a54bd,98b41a1bc4a4f19270ac8647ee403b3453bcddd1e1d9678ea276008c4edea527,included,housing_social_welfare_leaf,1.0.0,social_welfare,1.0.0,metric,ir_violation_count,,0.0,count,{},ok,valid,[],"[""event_00000255""]",evaluation_receipt,episode_attempt_95f4fbd5e1ac317a54bd,98b41a1bc4a4f19270ac8647ee403b3453bcddd1e1d9678ea276008c4edea527,true
result_08f5f918973eaa6686fa02cd,runplan_dc8ae57dfeff5543,cell_d6bcb7afbc311718ca99,housing_v1__experiment__000003,housing_v1,housing_controlled_model_landlords_experiment,episode_attempt_95f4fbd5e1ac317a54bd,98b41a1bc4a4f19270ac8647ee403b3453bcddd1e1d9678ea276008c4edea527,included,housing_social_welfare_leaf,1.0.0,social_welfare,1.0.0,metric,social_welfare,,2051.91,utility_points,{},ok,valid,[],"[""event_00000255""]",evaluation_receipt,episode_attempt_95f4fbd5e1ac317a54bd,98b41a1bc4a4f19270ac8647ee403b3453bcddd1e1d9678ea276008c4edea527,true
result_a027ca88a5163496a4e9bf30,runplan_dc8ae57dfeff5543,cell_d6bcb7afbc311718ca99,housing_v1__experiment__000003,housing_v1,housing_controlled_model_landlords_experiment,episode_attempt_95f4fbd5e1ac317a54bd,98b41a1bc4a4f19270ac8647ee403b3453bcddd1e1d9678ea276008c4edea527,included,housing_social_welfare_leaf,1.0.0,social_welfare,1.0.0,metric,upper_bound_gap,,78.26999999999998,utility_points,{},ok,valid,[],"[""event_00000255""]",evaluation_receipt,episode_attempt_95f4fbd5e1ac317a54bd,98b41a1bc4a4f19270ac8647ee403b3453bcddd1e1d9678ea276008c4edea527,true
result_7685883414ebf4068acfd2f7,runplan_dc8ae57dfeff5543,cell_d6bcb7afbc311718ca99,housing_v1__experiment__000003,housing_v1,housing_controlled_model_landlords_experiment,episode_attempt_95f4fbd5e1ac317a54bd,98b41a1bc4a4f19270ac8647ee403b3453bcddd1e1d9678ea276008c4edea527,included,housing_social_welfare_leaf,1.0.0,social_welfare,1.0.0,metric,wasted_contacts,,3.0,count,{},ok,valid,[],"[""event_00000255""]",evaluation_receipt,episode_attempt_95f4fbd5e1ac317a54bd,98b41a1bc4a4f19270ac8647ee403b3453bcddd1e1d9678ea276008c4edea527,true
result_5a1d3e09cb282ec7075c59d3,runplan_dc8ae57dfeff5543,cell_d6bcb7afbc311718ca99,housing_v1__experiment__000003,housing_v1,housing_controlled_model_landlords_experiment,episode_attempt_95f4fbd5e1ac317a54bd,98b41a1bc4a4f19270ac8647ee403b3453bcddd1e1d9678ea276008c4edea527,included,housing_social_welfare_leaf,1.0.0,social_welfare,1.0.0,metric,within_case_score,,0.9632566262006028,ratio,{},ok,valid,[],"[""event_00000255""]",evaluation_receipt,episode_attempt_95f4fbd5e1ac317a54bd,98b41a1bc4a4f19270ac8647ee403b3453bcddd1e1d9678ea276008c4edea527,true
result_683065547ddc648fa46990b9,runplan_dc8ae57dfeff5543,cell_d6bcb7afbc311718ca99,housing_v1__experiment__000003,housing_v1,housing_controlled_model_landlords_experiment,episode_attempt_95f4fbd5e1ac317a54bd,98b41a1bc4a4f19270ac8647ee403b3453bcddd1e1d9678ea276008c4edea527,included,housing_social_welfare_leaf,1.0.0,social_welfare,1.0.0,reference,comparison_baseline,,1994.8,utility_points,"{""policy"":""naive"",""reference_kind"":""comparison_baseline""}",ok,valid,[],"[""event_00000255""]",evaluation_receipt,episode_attempt_95f4fbd5e1ac317a54bd,98b41a1bc4a4f19270ac8647ee403b3453bcddd1e1d9678ea276008c4edea527,true
result_a7db440846908fdbcba9d5df,runplan_dc8ae57dfeff5543,cell_d6bcb7afbc311718ca99,housing_v1__experiment__000003,housing_v1,housing_controlled_model_landlords_experiment,episode_attempt_95f4fbd5e1ac317a54bd,98b41a1bc4a4f19270ac8647ee403b3453bcddd1e1d9678ea276008c4edea527,included,housing_social_welfare_leaf,1.0.0,social_welfare,1.0.0,reference,optimum_lower_bound,,0.0,utility_points,"{""policy"":""do_nothing"",""reference_kind"":""objective_lower_bound""}",ok,valid,[],"[""event_00000255""]",evaluation_receipt,episode_attempt_95f4fbd5e1ac317a54bd,98b41a1bc4a4f19270ac8647ee403b3453bcddd1e1d9678ea276008c4edea527,true
result_404bf288f41aeabadcc87d23,runplan_dc8ae57dfeff5543,cell_d6bcb7afbc311718ca99,housing_v1__experiment__000003,housing_v1,housing_controlled_model_landlords_experiment,episode_attempt_95f4fbd5e1ac317a54bd,98b41a1bc4a4f19270ac8647ee403b3453bcddd1e1d9678ea276008c4edea527,included,housing_social_welfare_leaf,1.0.0,social_welfare,1.0.0,reference,optimum_upper_bound,,2130.18,utility_points,"{""reference_kind"":""objective_upper_bound"",""semantics"":""full_information_allocation_relaxation""}",ok,valid,[],"[""event_00000255""]",evaluation_receipt,episode_attempt_95f4fbd5e1ac317a54bd,98b41a1bc4a4f19270ac8647ee403b3453bcddd1e1d9678ea276008c4edea527,true
result_6f4af6cb3b3f437bf938346b,runplan_dc8ae57dfeff5543,cell_d6bcb7afbc311718ca99,housing_v1__experiment__000003,housing_v1,housing_controlled_model_landlords_experiment,episode_attempt_95f4fbd5e1ac317a54bd,98b41a1bc4a4f19270ac8647ee403b3453bcddd1e1d9678ea276008c4edea527,included,housing_social_welfare_leaf,1.0.0,social_welfare,1.0.0,utility,landlord_0,landlord_0,0.0,utility_points,"{""disagreement_utility"":0.0}",ok,valid,[],"[""event_00000255""]",evaluation_receipt,episode_attempt_95f4fbd5e1ac317a54bd,98b41a1bc4a4f19270ac8647ee403b3453bcddd1e1d9678ea276008c4edea527,true
result_248cbad65b9e5da9ac0de194,runplan_dc8ae57dfeff5543,cell_d6bcb7afbc311718ca99,housing_v1__experiment__000003,housing_v1,housing_controlled_model_landlords_experiment,episode_attempt_95f4fbd5e1ac317a54bd,98b41a1bc4a4f19270ac8647ee403b3453bcddd1e1d9678ea276008c4edea527,included,housing_social_welfare_leaf,1.0.0,social_welfare,1.0.0,utility,landlord_1,landlord_1,66.45,utility_points,"{""disagreement_utility"":0.0}",ok,valid,[],"[""event_00000255""]",evaluation_receipt,episode_attempt_95f4fbd5e1ac317a54bd,98b41a1bc4a4f19270ac8647ee403b3453bcddd1e1d9678ea276008c4edea527,true
result_5f62a8957fc501fd658be39c,runplan_dc8ae57dfeff5543,cell_d6bcb7afbc311718ca99,housing_v1__experiment__000003,housing_v1,housing_controlled_model_landlords_experiment,episode_attempt_95f4fbd5e1ac317a54bd,98b41a1bc4a4f19270ac8647ee403b3453bcddd1e1d9678ea276008c4edea527,included,housing_social_welfare_leaf,1.0.0,social_welfare,1.0.0,utility,landlord_2,landlord_2,76.96,utility_points,"{""disagreement_utility"":0.0}",ok,valid,[],"[""event_00000255""]",evaluation_receipt,episode_attempt_95f4fbd5e1ac317a54bd,98b41a1bc4a4f19270ac8647ee403b3453bcddd1e1d9678ea276008c4edea527,true
result_0dd351057fbac1d6a2397a93,runplan_dc8ae57dfeff5543,cell_d6bcb7afbc311718ca99,housing_v1__experiment__000003,housing_v1,housing_controlled_model_landlords_experiment,episode_attempt_95f4fbd5e1ac317a54bd,98b41a1bc4a4f19270ac8647ee403b3453bcddd1e1d9678ea276008c4edea527,included,housing_social_welfare_leaf,1.0.0,social_welfare,1.0.0,utility,landlord_3,landlord_3,54.11,utility_points,"{""disagreement_utility"":0.0}",ok,valid,[],"[""event_00000255""]",evaluation_receipt,episode_attempt_95f4fbd5e1ac317a54bd,98b41a1bc4a4f19270ac8647ee403b3453bcddd1e1d9678ea276008c4edea527,true
result_e40aeaeeec79bf9841cabe11,runplan_dc8ae57dfeff5543,cell_d6bcb7afbc311718ca99,housing_v1__experiment__000003,housing_v1,housing_controlled_model_landlords_experiment,episode_attempt_95f4fbd5e1ac317a54bd,98b41a1bc4a4f19270ac8647ee403b3453bcddd1e1d9678ea276008c4edea527,included,housing_social_welfare_leaf,1.0.0,social_welfare,1.0.0,utility,landlord_4,landlord_4,67.85,utility_points,"{""disagreement_utility"":0.0}",ok,valid,[],"[""event_00000255""]",evaluation_receipt,episode_attempt_95f4fbd5e1ac317a54bd,98b41a1bc4a4f19270ac8647ee403b3453bcddd1e1d9678ea276008c4edea527,true
result_0775194bd0c7c32547a40b22,runplan_dc8ae57dfeff5543,cell_d6bcb7afbc311718ca99,housing_v1__experiment__000003,housing_v1,housing_controlled_model_landlords_experiment,episode_attempt_95f4fbd5e1ac317a54bd,98b41a1bc4a4f19270ac8647ee403b3453bcddd1e1d9678ea276008c4edea527,included,housing_social_welfare_leaf,1.0.0,social_welfare,1.0.0,utility,tenant_0,tenant_0,28.95,utility_points,"{""disagreement_utility"":0.0}",ok,valid,[],"[""event_00000255""]",evaluation_receipt,episode_attempt_95f4fbd5e1ac317a54bd,98b41a1bc4a4f19270ac8647ee403b3453bcddd1e1d9678ea276008c4edea527,true
result_514bb7f53a28f84bb448b9ab,runplan_dc8ae57dfeff5543,cell_d6bcb7afbc311718ca99,housing_v1__experiment__000003,housing_v1,housing_controlled_model_landlords_experiment,episode_attempt_95f4fbd5e1ac317a54bd,98b41a1bc4a4f19270ac8647ee403b3453bcddd1e1d9678ea276008c4edea527,included,housing_social_welfare_leaf,1.0.0,social_welfare,1.0.0,utility,tenant_1,tenant_1,605.96,utility_points,"{""disagreement_utility"":0.0}",ok,valid,[],"[""event_00000255""]",evaluation_receipt,episode_attempt_95f4fbd5e1ac317a54bd,98b41a1bc4a4f19270ac8647ee403b3453bcddd1e1d9678ea276008c4edea527,true
result_479fd8e3cc23f121709c9546,runplan_dc8ae57dfeff5543,cell_d6bcb7afbc311718ca99,housing_v1__experiment__000003,housing_v1,housing_controlled_model_landlords_experiment,episode_attempt_95f4fbd5e1ac317a54bd,98b41a1bc4a4f19270ac8647ee403b3453bcddd1e1d9678ea276008c4edea527,included,housing_social_welfare_leaf,1.0.0,social_welfare,1.0.0,utility,tenant_2,tenant_2,0.0,utility_points,"{""disagreement_utility"":0.0}",ok,valid,[],"[""event_00000255""]",evaluation_receipt,episode_attempt_95f4fbd5e1ac317a54bd,98b41a1bc4a4f19270ac8647ee403b3453bcddd1e1d9678ea276008c4edea527,true
result_b80cbb613210cf0352c10541,runplan_dc8ae57dfeff5543,cell_d6bcb7afbc311718ca99,housing_v1__experiment__000003,housing_v1,housing_controlled_model_landlords_experiment,episode_attempt_95f4fbd5e1ac317a54bd,98b41a1bc4a4f19270ac8647ee403b3453bcddd1e1d9678ea276008c4edea527,included,housing_social_welfare_leaf,1.0.0,social_welfare,1.0.0,utility,tenant_3,tenant_3,647.06,utility_points,"{""disagreement_utility"":0.0}",ok,valid,[],"[""event_00000255""]",evaluation_receipt,episode_attempt_95f4fbd5e1ac317a54bd,98b41a1bc4a4f19270ac8647ee403b3453bcddd1e1d9678ea276008c4edea527,true
result_18beebdabccc9010fb4e39a1,runplan_dc8ae57dfeff5543,cell_d6bcb7afbc311718ca99,housing_v1__experiment__000003,housing_v1,housing_controlled_model_landlords_experiment,episode_attempt_95f4fbd5e1ac317a54bd,98b41a1bc4a4f19270ac8647ee403b3453bcddd1e1d9678ea276008c4edea527,included,housing_social_welfare_leaf,1.0.0,social_welfare,1.0.0,utility,tenant_4,tenant_4,0.0,utility_points,"{""disagreement_utility"":0.0}",ok,valid,[],"[""event_00000255""]",evaluation_receipt,episode_attempt_95f4fbd5e1ac317a54bd,98b41a1bc4a4f19270ac8647ee403b3453bcddd1e1d9678ea276008c4edea527,true
result_b9b601ea6698c7e49231f111,runplan_dc8ae57dfeff5543,cell_d6bcb7afbc311718ca99,housing_v1__experiment__000003,housing_v1,housing_controlled_model_landlords_experiment,episode_attempt_95f4fbd5e1ac317a54bd,98b41a1bc4a4f19270ac8647ee403b3453bcddd1e1d9678ea276008c4edea527,included,housing_social_welfare_leaf,1.0.0,social_welfare,1.0.0,utility,tenant_5,tenant_5,504.57,utility_points,"{""disagreement_utility"":0.0}",ok,valid,[],"[""event_00000255""]",evaluation_receipt,episode_attempt_95f4fbd5e1ac317a54bd,98b41a1bc4a4f19270ac8647ee403b3453bcddd1e1d9678ea276008c4edea527,true
result_2b1d07193b1e01a3c447c99b,runplan_dc8ae57dfeff5543,cell_d6bcb7afbc311718ca99,housing_v1__experiment__000003,housing_v1,housing_controlled_model_landlords_experiment,episode_attempt_95f4fbd5e1ac317a54bd,98b41a1bc4a4f19270ac8647ee403b3453bcddd1e1d9678ea276008c4edea527,included,housing_social_welfare_leaf,1.0.0,social_welfare,1.0.0,capture,landlord_0,landlord_0,0.0,utility_points,"{""disagreement_utility"":0.0}",ok,valid,[],"[""event_00000255""]",evaluation_receipt,episode_attempt_95f4fbd5e1ac317a54bd,98b41a1bc4a4f19270ac8647ee403b3453bcddd1e1d9678ea276008c4edea527,true
result_433567f5eb1298ca97acc9c3,runplan_dc8ae57dfeff5543,cell_d6bcb7afbc311718ca99,housing_v1__experiment__000003,housing_v1,housing_controlled_model_landlords_experiment,episode_attempt_95f4fbd5e1ac317a54bd,98b41a1bc4a4f19270ac8647ee403b3453bcddd1e1d9678ea276008c4edea527,included,housing_social_welfare_leaf,1.0.0,social_welfare,1.0.0,capture,landlord_1,landlord_1,66.45,utility_points,"{""disagreement_utility"":0.0}",ok,valid,[],"[""event_00000255""]",evaluation_receipt,episode_attempt_95f4fbd5e1ac317a54bd,98b41a1bc4a4f19270ac8647ee403b3453bcddd1e1d9678ea276008c4edea527,true
result_d13be47fd24b1194d7e51df8,runplan_dc8ae57dfeff5543,cell_d6bcb7afbc311718ca99,housing_v1__experiment__000003,housing_v1,housing_controlled_model_landlords_experiment,episode_attempt_95f4fbd5e1ac317a54bd,98b41a1bc4a4f19270ac8647ee403b3453bcddd1e1d9678ea276008c4edea527,included,housing_social_welfare_leaf,1.0.0,social_welfare,1.0.0,capture,landlord_2,landlord_2,76.96,utility_points,"{""disagreement_utility"":0.0}",ok,valid,[],"[""event_00000255""]",evaluation_receipt,episode_attempt_95f4fbd5e1ac317a54bd,98b41a1bc4a4f19270ac8647ee403b3453bcddd1e1d9678ea276008c4edea527,true
result_f0f101764f368a95a9d4e672,runplan_dc8ae57dfeff5543,cell_d6bcb7afbc311718ca99,housing_v1__experiment__000003,housing_v1,housing_controlled_model_landlords_experiment,episode_attempt_95f4fbd5e1ac317a54bd,98b41a1bc4a4f19270ac8647ee403b3453bcddd1e1d9678ea276008c4edea527,included,housing_social_welfare_leaf,1.0.0,social_welfare,1.0.0,capture,landlord_3,landlord_3,54.11,utility_points,"{""disagreement_utility"":0.0}",ok,valid,[],"[""event_00000255""]",evaluation_receipt,episode_attempt_95f4fbd5e1ac317a54bd,98b41a1bc4a4f19270ac8647ee403b3453bcddd1e1d9678ea276008c4edea527,true
result_999fabe66c68fde4a592a7fd,runplan_dc8ae57dfeff5543,cell_d6bcb7afbc311718ca99,housing_v1__experiment__000003,housing_v1,housing_controlled_model_landlords_experiment,episode_attempt_95f4fbd5e1ac317a54bd,98b41a1bc4a4f19270ac8647ee403b3453bcddd1e1d9678ea276008c4edea527,included,housing_social_welfare_leaf,1.0.0,social_welfare,1.0.0,capture,landlord_4,landlord_4,67.85,utility_points,"{""disagreement_utility"":0.0}",ok,valid,[],"[""event_00000255""]",evaluation_receipt,episode_attempt_95f4fbd5e1ac317a54bd,98b41a1bc4a4f19270ac8647ee403b3453bcddd1e1d9678ea276008c4edea527,true
result_fb626a787b668c37e849af5b,runplan_dc8ae57dfeff5543,cell_d6bcb7afbc311718ca99,housing_v1__experiment__000003,housing_v1,housing_controlled_model_landlords_experiment,episode_attempt_95f4fbd5e1ac317a54bd,98b41a1bc4a4f19270ac8647ee403b3453bcddd1e1d9678ea276008c4edea527,included,housing_social_welfare_leaf,1.0.0,social_welfare,1.0.0,capture,tenant_0,tenant_0,28.95,utility_points,"{""disagreement_utility"":0.0}",ok,valid,[],"[""event_00000255""]",evaluation_receipt,episode_attempt_95f4fbd5e1ac317a54bd,98b41a1bc4a4f19270ac8647ee403b3453bcddd1e1d9678ea276008c4edea527,true
result_d37a3b7c46fa617a4d8f6607,runplan_dc8ae57dfeff5543,cell_d6bcb7afbc311718ca99,housing_v1__experiment__000003,housing_v1,housing_controlled_model_landlords_experiment,episode_attempt_95f4fbd5e1ac317a54bd,98b41a1bc4a4f19270ac8647ee403b3453bcddd1e1d9678ea276008c4edea527,included,housing_social_welfare_leaf,1.0.0,social_welfare,1.0.0,capture,tenant_1,tenant_1,605.96,utility_points,"{""disagreement_utility"":0.0}",ok,valid,[],"[""event_00000255""]",evaluation_receipt,episode_attempt_95f4fbd5e1ac317a54bd,98b41a1bc4a4f19270ac8647ee403b3453bcddd1e1d9678ea276008c4edea527,true
result_c1ae3959005807eac3bd1917,runplan_dc8ae57dfeff5543,cell_d6bcb7afbc311718ca99,housing_v1__experiment__000003,housing_v1,housing_controlled_model_landlords_experiment,episode_attempt_95f4fbd5e1ac317a54bd,98b41a1bc4a4f19270ac8647ee403b3453bcddd1e1d9678ea276008c4edea527,included,housing_social_welfare_leaf,1.0.0,social_welfare,1.0.0,capture,tenant_2,tenant_2,0.0,utility_points,"{""disagreement_utility"":0.0}",ok,valid,[],"[""event_00000255""]",evaluation_receipt,episode_attempt_95f4fbd5e1ac317a54bd,98b41a1bc4a4f19270ac8647ee403b3453bcddd1e1d9678ea276008c4edea527,true
result_657f96042d275202d898602b,runplan_dc8ae57dfeff5543,cell_d6bcb7afbc311718ca99,housing_v1__experiment__000003,housing_v1,housing_controlled_model_landlords_experiment,episode_attempt_95f4fbd5e1ac317a54bd,98b41a1bc4a4f19270ac8647ee403b3453bcddd1e1d9678ea276008c4edea527,included,housing_social_welfare_leaf,1.0.0,social_welfare,1.0.0,capture,tenant_3,tenant_3,647.06,utility_points,"{""disagreement_utility"":0.0}",ok,valid,[],"[""event_00000255""]",evaluation_receipt,episode_attempt_95f4fbd5e1ac317a54bd,98b41a1bc4a4f19270ac8647ee403b3453bcddd1e1d9678ea276008c4edea527,true
result_bda522be43082bee98927229,runplan_dc8ae57dfeff5543,cell_d6bcb7afbc311718ca99,housing_v1__experiment__000003,housing_v1,housing_controlled_model_landlords_experiment,episode_attempt_95f4fbd5e1ac317a54bd,98b41a1bc4a4f19270ac8647ee403b3453bcddd1e1d9678ea276008c4edea527,included,housing_social_welfare_leaf,1.0.0,social_welfare,1.0.0,capture,tenant_4,tenant_4,0.0,utility_points,"{""disagreement_utility"":0.0}",ok,valid,[],"[""event_00000255""]",evaluation_receipt,episode_attempt_95f4fbd5e1ac317a54bd,98b41a1bc4a4f19270ac8647ee403b3453bcddd1e1d9678ea276008c4edea527,true
result_9fb32d8b0939178954a21bda,runplan_dc8ae57dfeff5543,cell_d6bcb7afbc311718ca99,housing_v1__experiment__000003,housing_v1,housing_controlled_model_landlords_experiment,episode_attempt_95f4fbd5e1ac317a54bd,98b41a1bc4a4f19270ac8647ee403b3453bcddd1e1d9678ea276008c4edea527,included,housing_social_welfare_leaf,1.0.0,social_welfare,1.0.0,capture,tenant_5,tenant_5,504.57,utility_points,"{""disagreement_utility"":0.0}",ok,valid,[],"[""event_00000255""]",evaluation_receipt,episode_attempt_95f4fbd5e1ac317a54bd,98b41a1bc4a4f19270ac8647ee403b3453bcddd1e1d9678ea276008c4edea527,true
result_91332b27b761cb6274f9a0aa,runplan_dc8ae57dfeff5543,cell_dd7d01ddeea0a629e5be,housing_v1__experiment__000008,housing_v1,housing_controlled_model_landlords_experiment,episode_attempt_e1d960db509c109db44d,6148d0cbee1a3613add6c032d6ef8c13c8e26284b5b461b8411e002bc1114800,included,housing_social_welfare_leaf,1.0.0,social_welfare,1.0.0,primary,social_welfare,,1146.65,utility_points,{},ok,valid,[],"[""event_00000249""]",evaluation_receipt,episode_attempt_e1d960db509c109db44d,6148d0cbee1a3613add6c032d6ef8c13c8e26284b5b461b8411e002bc1114800,true
result_cc4b336c3eee52d472cd2436,runplan_dc8ae57dfeff5543,cell_dd7d01ddeea0a629e5be,housing_v1__experiment__000008,housing_v1,housing_controlled_model_landlords_experiment,episode_attempt_e1d960db509c109db44d,6148d0cbee1a3613add6c032d6ef8c13c8e26284b5b461b8411e002bc1114800,included,housing_social_welfare_leaf,1.0.0,social_welfare,1.0.0,metric,comparison_baseline_gap,,194.36000000000013,utility_points,{},ok,valid,[],"[""event_00000249""]",evaluation_receipt,episode_attempt_e1d960db509c109db44d,6148d0cbee1a3613add6c032d6ef8c13c8e26284b5b461b8411e002bc1114800,true
result_f175b8dcc6b2217588c25a7d,runplan_dc8ae57dfeff5543,cell_dd7d01ddeea0a629e5be,housing_v1__experiment__000008,housing_v1,housing_controlled_model_landlords_experiment,episode_attempt_e1d960db509c109db44d,6148d0cbee1a3613add6c032d6ef8c13c8e26284b5b461b8411e002bc1114800,included,housing_social_welfare_leaf,1.0.0,social_welfare,1.0.0,metric,ir_violation_count,,1.0,count,{},ok,valid,[],"[""event_00000249""]",evaluation_receipt,episode_attempt_e1d960db509c109db44d,6148d0cbee1a3613add6c032d6ef8c13c8e26284b5b461b8411e002bc1114800,true
result_eac0342c7370d57df86c264d,runplan_dc8ae57dfeff5543,cell_dd7d01ddeea0a629e5be,housing_v1__experiment__000008,housing_v1,housing_controlled_model_landlords_experiment,episode_attempt_e1d960db509c109db44d,6148d0cbee1a3613add6c032d6ef8c13c8e26284b5b461b8411e002bc1114800,included,housing_social_welfare_leaf,1.0.0,social_welfare,1.0.0,metric,social_welfare,,1146.65,utility_points,{},ok,valid,[],"[""event_00000249""]",evaluation_receipt,episode_attempt_e1d960db509c109db44d,6148d0cbee1a3613add6c032d6ef8c13c8e26284b5b461b8411e002bc1114800,true
result_82bbfec98b4fa8b3df883b42,runplan_dc8ae57dfeff5543,cell_dd7d01ddeea0a629e5be,housing_v1__experiment__000008,housing_v1,housing_controlled_model_landlords_experiment,episode_attempt_e1d960db509c109db44d,6148d0cbee1a3613add6c032d6ef8c13c8e26284b5b461b8411e002bc1114800,included,housing_social_welfare_leaf,1.0.0,social_welfare,1.0.0,metric,upper_bound_gap,,83.84999999999991,utility_points,{},ok,valid,[],"[""event_00000249""]",evaluation_receipt,episode_attempt_e1d960db509c109db44d,6148d0cbee1a3613add6c032d6ef8c13c8e26284b5b461b8411e002bc1114800,true
result_58dbd4c5e9aa99d935c876c5,runplan_dc8ae57dfeff5543,cell_dd7d01ddeea0a629e5be,housing_v1__experiment__000008,housing_v1,housing_controlled_model_landlords_experiment,episode_attempt_e1d960db509c109db44d,6148d0cbee1a3613add6c032d6ef8c13c8e26284b5b461b8411e002bc1114800,included,housing_social_welfare_leaf,1.0.0,social_welfare,1.0.0,metric,wasted_contacts,,7.0,count,{},ok,valid,[],"[""event_00000249""]",evaluation_receipt,episode_attempt_e1d960db509c109db44d,6148d0cbee1a3613add6c032d6ef8c13c8e26284b5b461b8411e002bc1114800,true
result_da85111db1201faa7a032d1d,runplan_dc8ae57dfeff5543,cell_dd7d01ddeea0a629e5be,housing_v1__experiment__000008,housing_v1,housing_controlled_model_landlords_experiment,episode_attempt_e1d960db509c109db44d,6148d0cbee1a3613add6c032d6ef8c13c8e26284b5b461b8411e002bc1114800,included,housing_social_welfare_leaf,1.0.0,social_welfare,1.0.0,metric,within_case_score,,0.9318569687119058,ratio,{},ok,valid,[],"[""event_00000249""]",evaluation_receipt,episode_attempt_e1d960db509c109db44d,6148d0cbee1a3613add6c032d6ef8c13c8e26284b5b461b8411e002bc1114800,true
result_3d1af201c7c641eda5818e6c,runplan_dc8ae57dfeff5543,cell_dd7d01ddeea0a629e5be,housing_v1__experiment__000008,housing_v1,housing_controlled_model_landlords_experiment,episode_attempt_e1d960db509c109db44d,6148d0cbee1a3613add6c032d6ef8c13c8e26284b5b461b8411e002bc1114800,included,housing_social_welfare_leaf,1.0.0,social_welfare,1.0.0,reference,comparison_baseline,,952.29,utility_points,"{""policy"":""naive"",""reference_kind"":""comparison_baseline""}",ok,valid,[],"[""event_00000249""]",evaluation_receipt,episode_attempt_e1d960db509c109db44d,6148d0cbee1a3613add6c032d6ef8c13c8e26284b5b461b8411e002bc1114800,true
result_68b12ab31ad91d299f1f5997,runplan_dc8ae57dfeff5543,cell_dd7d01ddeea0a629e5be,housing_v1__experiment__000008,housing_v1,housing_controlled_model_landlords_experiment,episode_attempt_e1d960db509c109db44d,6148d0cbee1a3613add6c032d6ef8c13c8e26284b5b461b8411e002bc1114800,included,housing_social_welfare_leaf,1.0.0,social_welfare,1.0.0,reference,optimum_lower_bound,,0.0,utility_points,"{""policy"":""do_nothing"",""reference_kind"":""objective_lower_bound""}",ok,valid,[],"[""event_00000249""]",evaluation_receipt,episode_attempt_e1d960db509c109db44d,6148d0cbee1a3613add6c032d6ef8c13c8e26284b5b461b8411e002bc1114800,true
result_6eb0b7767e95e80e28b726b5,runplan_dc8ae57dfeff5543,cell_dd7d01ddeea0a629e5be,housing_v1__experiment__000008,housing_v1,housing_controlled_model_landlords_experiment,episode_attempt_e1d960db509c109db44d,6148d0cbee1a3613add6c032d6ef8c13c8e26284b5b461b8411e002bc1114800,included,housing_social_welfare_leaf,1.0.0,social_welfare,1.0.0,reference,optimum_upper_bound,,1230.5,utility_points,"{""reference_kind"":""objective_upper_bound"",""semantics"":""full_information_allocation_relaxation""}",ok,valid,[],"[""event_00000249""]",evaluation_receipt,episode_attempt_e1d960db509c109db44d,6148d0cbee1a3613add6c032d6ef8c13c8e26284b5b461b8411e002bc1114800,true
result_901d84baed273b7f2a758b21,runplan_dc8ae57dfeff5543,cell_dd7d01ddeea0a629e5be,housing_v1__experiment__000008,housing_v1,housing_controlled_model_landlords_experiment,episode_attempt_e1d960db509c109db44d,6148d0cbee1a3613add6c032d6ef8c13c8e26284b5b461b8411e002bc1114800,included,housing_social_welfare_leaf,1.0.0,social_welfare,1.0.0,utility,landlord_0,landlord_0,0.0,utility_points,"{""disagreement_utility"":0.0}",ok,valid,[],"[""event_00000249""]",evaluation_receipt,episode_attempt_e1d960db509c109db44d,6148d0cbee1a3613add6c032d6ef8c13c8e26284b5b461b8411e002bc1114800,true
result_f6270566b317793da6141474,runplan_dc8ae57dfeff5543,cell_dd7d01ddeea0a629e5be,housing_v1__experiment__000008,housing_v1,housing_controlled_model_landlords_experiment,episode_attempt_e1d960db509c109db44d,6148d0cbee1a3613add6c032d6ef8c13c8e26284b5b461b8411e002bc1114800,included,housing_social_welfare_leaf,1.0.0,social_welfare,1.0.0,utility,landlord_1,landlord_1,60.51,utility_points,"{""disagreement_utility"":0.0}",ok,valid,[],"[""event_00000249""]",evaluation_receipt,episode_attempt_e1d960db509c109db44d,6148d0cbee1a3613add6c032d6ef8c13c8e26284b5b461b8411e002bc1114800,true
result_1f50362ef6dedaae8ab46ddd,runplan_dc8ae57dfeff5543,cell_dd7d01ddeea0a629e5be,housing_v1__experiment__000008,housing_v1,housing_controlled_model_landlords_experiment,episode_attempt_e1d960db509c109db44d,6148d0cbee1a3613add6c032d6ef8c13c8e26284b5b461b8411e002bc1114800,included,housing_social_welfare_leaf,1.0.0,social_welfare,1.0.0,utility,landlord_2,landlord_2,0.0,utility_points,"{""disagreement_utility"":0.0}",ok,valid,[],"[""event_00000249""]",evaluation_receipt,episode_attempt_e1d960db509c109db44d,6148d0cbee1a3613add6c032d6ef8c13c8e26284b5b461b8411e002bc1114800,true
result_3176774dab57dd752ed96f01,runplan_dc8ae57dfeff5543,cell_dd7d01ddeea0a629e5be,housing_v1__experiment__000008,housing_v1,housing_controlled_model_landlords_experiment,episode_attempt_e1d960db509c109db44d,6148d0cbee1a3613add6c032d6ef8c13c8e26284b5b461b8411e002bc1114800,included,housing_social_welfare_leaf,1.0.0,social_welfare,1.0.0,utility,landlord_3,landlord_3,-2952.02,utility_points,"{""disagreement_utility"":0.0}",ok,valid,[],"[""event_00000249""]",evaluation_receipt,episode_attempt_e1d960db509c109db44d,6148d0cbee1a3613add6c032d6ef8c13c8e26284b5b461b8411e002bc1114800,true
result_e60319a17644ec7e6c848041,runplan_dc8ae57dfeff5543,cell_dd7d01ddeea0a629e5be,housing_v1__experiment__000008,housing_v1,housing_controlled_model_landlords_experiment,episode_attempt_e1d960db509c109db44d,6148d0cbee1a3613add6c032d6ef8c13c8e26284b5b461b8411e002bc1114800,included,housing_social_welfare_leaf,1.0.0,social_welfare,1.0.0,utility,landlord_4,landlord_4,60.91,utility_points,"{""disagreement_utility"":0.0}",ok,valid,[],"[""event_00000249""]",evaluation_receipt,episode_attempt_e1d960db509c109db44d,6148d0cbee1a3613add6c032d6ef8c13c8e26284b5b461b8411e002bc1114800,true
result_1ebaf25b74cb67379472fd12,runplan_dc8ae57dfeff5543,cell_dd7d01ddeea0a629e5be,housing_v1__experiment__000008,housing_v1,housing_controlled_model_landlords_experiment,episode_attempt_e1d960db509c109db44d,6148d0cbee1a3613add6c032d6ef8c13c8e26284b5b461b8411e002bc1114800,included,housing_social_welfare_leaf,1.0.0,social_welfare,1.0.0,utility,tenant_0,tenant_0,99.9,utility_points,"{""disagreement_utility"":0.0}",ok,valid,[],"[""event_00000249""]",evaluation_receipt,episode_attempt_e1d960db509c109db44d,6148d0cbee1a3613add6c032d6ef8c13c8e26284b5b461b8411e002bc1114800,true
result_d30bb3764937f961d5172578,runplan_dc8ae57dfeff5543,cell_dd7d01ddeea0a629e5be,housing_v1__experiment__000008,housing_v1,housing_controlled_model_landlords_experiment,episode_attempt_e1d960db509c109db44d,6148d0cbee1a3613add6c032d6ef8c13c8e26284b5b461b8411e002bc1114800,included,housing_social_welfare_leaf,1.0.0,social_welfare,1.0.0,utility,tenant_1,tenant_1,375.73,utility_points,"{""disagreement_utility"":0.0}",ok,valid,[],"[""event_00000249""]",evaluation_receipt,episode_attempt_e1d960db509c109db44d,6148d0cbee1a3613add6c032d6ef8c13c8e26284b5b461b8411e002bc1114800,true
result_ad134c22b19a867e5a84c96c,runplan_dc8ae57dfeff5543,cell_dd7d01ddeea0a629e5be,housing_v1__experiment__000008,housing_v1,housing_controlled_model_landlords_experiment,episode_attempt_e1d960db509c109db44d,6148d0cbee1a3613add6c032d6ef8c13c8e26284b5b461b8411e002bc1114800,included,housing_social_welfare_leaf,1.0.0,social_welfare,1.0.0,utility,tenant_2,tenant_2,0.0,utility_points,"{""disagreement_utility"":0.0}",ok,valid,[],"[""event_00000249""]",evaluation_receipt,episode_attempt_e1d960db509c109db44d,6148d0cbee1a3613add6c032d6ef8c13c8e26284b5b461b8411e002bc1114800,true
result_719b3c79b491ebe70036a920,runplan_dc8ae57dfeff5543,cell_dd7d01ddeea0a629e5be,housing_v1__experiment__000008,housing_v1,housing_controlled_model_landlords_experiment,episode_attempt_e1d960db509c109db44d,6148d0cbee1a3613add6c032d6ef8c13c8e26284b5b461b8411e002bc1114800,included,housing_social_welfare_leaf,1.0.0,social_welfare,1.0.0,utility,tenant_3,tenant_3,3501.62,utility_points,"{""disagreement_utility"":0.0}",ok,valid,[],"[""event_00000249""]",evaluation_receipt,episode_attempt_e1d960db509c109db44d,6148d0cbee1a3613add6c032d6ef8c13c8e26284b5b461b8411e002bc1114800,true
result_74d5b207892fccbec1d4cee2,runplan_dc8ae57dfeff5543,cell_dd7d01ddeea0a629e5be,housing_v1__experiment__000008,housing_v1,housing_controlled_model_landlords_experiment,episode_attempt_e1d960db509c109db44d,6148d0cbee1a3613add6c032d6ef8c13c8e26284b5b461b8411e002bc1114800,included,housing_social_welfare_leaf,1.0.0,social_welfare,1.0.0,utility,tenant_4,tenant_4,0.0,utility_points,"{""disagreement_utility"":0.0}",ok,valid,[],"[""event_00000249""]",evaluation_receipt,episode_attempt_e1d960db509c109db44d,6148d0cbee1a3613add6c032d6ef8c13c8e26284b5b461b8411e002bc1114800,true
result_dae5a7f366c046c66c2a9de5,runplan_dc8ae57dfeff5543,cell_dd7d01ddeea0a629e5be,housing_v1__experiment__000008,housing_v1,housing_controlled_model_landlords_experiment,episode_attempt_e1d960db509c109db44d,6148d0cbee1a3613add6c032d6ef8c13c8e26284b5b461b8411e002bc1114800,included,housing_social_welfare_leaf,1.0.0,social_welfare,1.0.0,utility,tenant_5,tenant_5,0.0,utility_points,"{""disagreement_utility"":0.0}",ok,valid,[],"[""event_00000249""]",evaluation_receipt,episode_attempt_e1d960db509c109db44d,6148d0cbee1a3613add6c032d6ef8c13c8e26284b5b461b8411e002bc1114800,true
result_c9c7fa895420b2541e4e34bd,runplan_dc8ae57dfeff5543,cell_dd7d01ddeea0a629e5be,housing_v1__experiment__000008,housing_v1,housing_controlled_model_landlords_experiment,episode_attempt_e1d960db509c109db44d,6148d0cbee1a3613add6c032d6ef8c13c8e26284b5b461b8411e002bc1114800,included,housing_social_welfare_leaf,1.0.0,social_welfare,1.0.0,capture,landlord_0,landlord_0,0.0,utility_points,"{""disagreement_utility"":0.0}",ok,valid,[],"[""event_00000249""]",evaluation_receipt,episode_attempt_e1d960db509c109db44d,6148d0cbee1a3613add6c032d6ef8c13c8e26284b5b461b8411e002bc1114800,true
result_82f48b10f38b701f6135f1f9,runplan_dc8ae57dfeff5543,cell_dd7d01ddeea0a629e5be,housing_v1__experiment__000008,housing_v1,housing_controlled_model_landlords_experiment,episode_attempt_e1d960db509c109db44d,6148d0cbee1a3613add6c032d6ef8c13c8e26284b5b461b8411e002bc1114800,included,housing_social_welfare_leaf,1.0.0,social_welfare,1.0.0,capture,landlord_1,landlord_1,60.51,utility_points,"{""disagreement_utility"":0.0}",ok,valid,[],"[""event_00000249""]",evaluation_receipt,episode_attempt_e1d960db509c109db44d,6148d0cbee1a3613add6c032d6ef8c13c8e26284b5b461b8411e002bc1114800,true
result_f39ae92c202b9e30fb48aacc,runplan_dc8ae57dfeff5543,cell_dd7d01ddeea0a629e5be,housing_v1__experiment__000008,housing_v1,housing_controlled_model_landlords_experiment,episode_attempt_e1d960db509c109db44d,6148d0cbee1a3613add6c032d6ef8c13c8e26284b5b461b8411e002bc1114800,included,housing_social_welfare_leaf,1.0.0,social_welfare,1.0.0,capture,landlord_2,landlord_2,0.0,utility_points,"{""disagreement_utility"":0.0}",ok,valid,[],"[""event_00000249""]",evaluation_receipt,episode_attempt_e1d960db509c109db44d,6148d0cbee1a3613add6c032d6ef8c13c8e26284b5b461b8411e002bc1114800,true
result_3ecf6119e2d06f1fd10d80cc,runplan_dc8ae57dfeff5543,cell_dd7d01ddeea0a629e5be,housing_v1__experiment__000008,housing_v1,housing_controlled_model_landlords_experiment,episode_attempt_e1d960db509c109db44d,6148d0cbee1a3613add6c032d6ef8c13c8e26284b5b461b8411e002bc1114800,included,housing_social_welfare_leaf,1.0.0,social_welfare,1.0.0,capture,landlord_3,landlord_3,-2952.02,utility_points,"{""disagreement_utility"":0.0}",ok,valid,[],"[""event_00000249""]",evaluation_receipt,episode_attempt_e1d960db509c109db44d,6148d0cbee1a3613add6c032d6ef8c13c8e26284b5b461b8411e002bc1114800,true
result_30e99a08eb5964fcf0dfa3ea,runplan_dc8ae57dfeff5543,cell_dd7d01ddeea0a629e5be,housing_v1__experiment__000008,housing_v1,housing_controlled_model_landlords_experiment,episode_attempt_e1d960db509c109db44d,6148d0cbee1a3613add6c032d6ef8c13c8e26284b5b461b8411e002bc1114800,included,housing_social_welfare_leaf,1.0.0,social_welfare,1.0.0,capture,landlord_4,landlord_4,60.91,utility_points,"{""disagreement_utility"":0.0}",ok,valid,[],"[""event_00000249""]",evaluation_receipt,episode_attempt_e1d960db509c109db44d,6148d0cbee1a3613add6c032d6ef8c13c8e26284b5b461b8411e002bc1114800,true
result_8e37e7e4147c3b098f68edd6,runplan_dc8ae57dfeff5543,cell_dd7d01ddeea0a629e5be,housing_v1__experiment__000008,housing_v1,housing_controlled_model_landlords_experiment,episode_attempt_e1d960db509c109db44d,6148d0cbee1a3613add6c032d6ef8c13c8e26284b5b461b8411e002bc1114800,included,housing_social_welfare_leaf,1.0.0,social_welfare,1.0.0,capture,tenant_0,tenant_0,99.9,utility_points,"{""disagreement_utility"":0.0}",ok,valid,[],"[""event_00000249""]",evaluation_receipt,episode_attempt_e1d960db509c109db44d,6148d0cbee1a3613add6c032d6ef8c13c8e26284b5b461b8411e002bc1114800,true
result_2513693f1fc7069d1168032c,runplan_dc8ae57dfeff5543,cell_dd7d01ddeea0a629e5be,housing_v1__experiment__000008,housing_v1,housing_controlled_model_landlords_experiment,episode_attempt_e1d960db509c109db44d,6148d0cbee1a3613add6c032d6ef8c13c8e26284b5b461b8411e002bc1114800,included,housing_social_welfare_leaf,1.0.0,social_welfare,1.0.0,capture,tenant_1,tenant_1,375.73,utility_points,"{""disagreement_utility"":0.0}",ok,valid,[],"[""event_00000249""]",evaluation_receipt,episode_attempt_e1d960db509c109db44d,6148d0cbee1a3613add6c032d6ef8c13c8e26284b5b461b8411e002bc1114800,true
result_e5b1960c3c9bc5427d0b22eb,runplan_dc8ae57dfeff5543,cell_dd7d01ddeea0a629e5be,housing_v1__experiment__000008,housing_v1,housing_controlled_model_landlords_experiment,episode_attempt_e1d960db509c109db44d,6148d0cbee1a3613add6c032d6ef8c13c8e26284b5b461b8411e002bc1114800,included,housing_social_welfare_leaf,1.0.0,social_welfare,1.0.0,capture,tenant_2,tenant_2,0.0,utility_points,"{""disagreement_utility"":0.0}",ok,valid,[],"[""event_00000249""]",evaluation_receipt,episode_attempt_e1d960db509c109db44d,6148d0cbee1a3613add6c032d6ef8c13c8e26284b5b461b8411e002bc1114800,true
result_5f1962525a77e54707911aab,runplan_dc8ae57dfeff5543,cell_dd7d01ddeea0a629e5be,housing_v1__experiment__000008,housing_v1,housing_controlled_model_landlords_experiment,episode_attempt_e1d960db509c109db44d,6148d0cbee1a3613add6c032d6ef8c13c8e26284b5b461b8411e002bc1114800,included,housing_social_welfare_leaf,1.0.0,social_welfare,1.0.0,capture,tenant_3,tenant_3,3501.62,utility_points,"{""disagreement_utility"":0.0}",ok,valid,[],"[""event_00000249""]",evaluation_receipt,episode_attempt_e1d960db509c109db44d,6148d0cbee1a3613add6c032d6ef8c13c8e26284b5b461b8411e002bc1114800,true
result_65952ed3e8b03ec1b5c62524,runplan_dc8ae57dfeff5543,cell_dd7d01ddeea0a629e5be,housing_v1__experiment__000008,housing_v1,housing_controlled_model_landlords_experiment,episode_attempt_e1d960db509c109db44d,6148d0cbee1a3613add6c032d6ef8c13c8e26284b5b461b8411e002bc1114800,included,housing_social_welfare_leaf,1.0.0,social_welfare,1.0.0,capture,tenant_4,tenant_4,0.0,utility_points,"{""disagreement_utility"":0.0}",ok,valid,[],"[""event_00000249""]",evaluation_receipt,episode_attempt_e1d960db509c109db44d,6148d0cbee1a3613add6c032d6ef8c13c8e26284b5b461b8411e002bc1114800,true
result_6a2094cb7909639461e377a6,runplan_dc8ae57dfeff5543,cell_dd7d01ddeea0a629e5be,housing_v1__experiment__000008,housing_v1,housing_controlled_model_landlords_experiment,episode_attempt_e1d960db509c109db44d,6148d0cbee1a3613add6c032d6ef8c13c8e26284b5b461b8411e002bc1114800,included,housing_social_welfare_leaf,1.0.0,social_welfare,1.0.0,capture,tenant_5,tenant_5,0.0,utility_points,"{""disagreement_utility"":0.0}",ok,valid,[],"[""event_00000249""]",evaluation_receipt,episode_attempt_e1d960db509c109db44d,6148d0cbee1a3613add6c032d6ef8c13c8e26284b5b461b8411e002bc1114800,true
result_5068ac5966c9bd9247d1f5fb,runplan_dc8ae57dfeff5543,cell_e2c1d382b1a43bad179b,housing_v1__experiment__000008,housing_v1,housing_controlled_model_landlords_experiment,episode_attempt_dfb1f77c11f3f70dee8c,69f2735daa956034d26bc8569be4544458025f29fe764c172cd71b095cee9c76,included,housing_social_welfare_leaf,1.0.0,social_welfare,1.0.0,primary,social_welfare,,1081.95,utility_points,{},ok,valid,[],"[""event_00000243""]",evaluation_receipt,episode_attempt_dfb1f77c11f3f70dee8c,69f2735daa956034d26bc8569be4544458025f29fe764c172cd71b095cee9c76,true
result_35d45c2f93213c78781a0eb2,runplan_dc8ae57dfeff5543,cell_e2c1d382b1a43bad179b,housing_v1__experiment__000008,housing_v1,housing_controlled_model_landlords_experiment,episode_attempt_dfb1f77c11f3f70dee8c,69f2735daa956034d26bc8569be4544458025f29fe764c172cd71b095cee9c76,included,housing_social_welfare_leaf,1.0.0,social_welfare,1.0.0,metric,comparison_baseline_gap,,129.66000000000008,utility_points,{},ok,valid,[],"[""event_00000243""]",evaluation_receipt,episode_attempt_dfb1f77c11f3f70dee8c,69f2735daa956034d26bc8569be4544458025f29fe764c172cd71b095cee9c76,true
result_6076e3136bc1234bad68f9a8,runplan_dc8ae57dfeff5543,cell_e2c1d382b1a43bad179b,housing_v1__experiment__000008,housing_v1,housing_controlled_model_landlords_experiment,episode_attempt_dfb1f77c11f3f70dee8c,69f2735daa956034d26bc8569be4544458025f29fe764c172cd71b095cee9c76,included,housing_social_welfare_leaf,1.0.0,social_welfare,1.0.0,metric,ir_violation_count,,0.0,count,{},ok,valid,[],"[""event_00000243""]",evaluation_receipt,episode_attempt_dfb1f77c11f3f70dee8c,69f2735daa956034d26bc8569be4544458025f29fe764c172cd71b095cee9c76,true
result_baea431cdaff844fd8ac4324,runplan_dc8ae57dfeff5543,cell_e2c1d382b1a43bad179b,housing_v1__experiment__000008,housing_v1,housing_controlled_model_landlords_experiment,episode_attempt_dfb1f77c11f3f70dee8c,69f2735daa956034d26bc8569be4544458025f29fe764c172cd71b095cee9c76,included,housing_social_welfare_leaf,1.0.0,social_welfare,1.0.0,metric,social_welfare,,1081.95,utility_points,{},ok,valid,[],"[""event_00000243""]",evaluation_receipt,episode_attempt_dfb1f77c11f3f70dee8c,69f2735daa956034d26bc8569be4544458025f29fe764c172cd71b095cee9c76,true
result_3066209b591ca414527a42f8,runplan_dc8ae57dfeff5543,cell_e2c1d382b1a43bad179b,housing_v1__experiment__000008,housing_v1,housing_controlled_model_landlords_experiment,episode_attempt_dfb1f77c11f3f70dee8c,69f2735daa956034d26bc8569be4544458025f29fe764c172cd71b095cee9c76,included,housing_social_welfare_leaf,1.0.0,social_welfare,1.0.0,metric,upper_bound_gap,,148.54999999999995,utility_points,{},ok,valid,[],"[""event_00000243""]",evaluation_receipt,episode_attempt_dfb1f77c11f3f70dee8c,69f2735daa956034d26bc8569be4544458025f29fe764c172cd71b095cee9c76,true
result_d0649c38d26c9a2f376b544c,runplan_dc8ae57dfeff5543,cell_e2c1d382b1a43bad179b,housing_v1__experiment__000008,housing_v1,housing_controlled_model_landlords_experiment,episode_attempt_dfb1f77c11f3f70dee8c,69f2735daa956034d26bc8569be4544458025f29fe764c172cd71b095cee9c76,included,housing_social_welfare_leaf,1.0.0,social_welfare,1.0.0,metric,wasted_contacts,,7.0,count,{},ok,valid,[],"[""event_00000243""]",evaluation_receipt,episode_attempt_dfb1f77c11f3f70dee8c,69f2735daa956034d26bc8569be4544458025f29fe764c172cd71b095cee9c76,true
result_e64c3afef12379cb8902fb10,runplan_dc8ae57dfeff5543,cell_e2c1d382b1a43bad179b,housing_v1__experiment__000008,housing_v1,housing_controlled_model_landlords_experiment,episode_attempt_dfb1f77c11f3f70dee8c,69f2735daa956034d26bc8569be4544458025f29fe764c172cd71b095cee9c76,included,housing_social_welfare_leaf,1.0.0,social_welfare,1.0.0,metric,within_case_score,,0.8792767167817961,ratio,{},ok,valid,[],"[""event_00000243""]",evaluation_receipt,episode_attempt_dfb1f77c11f3f70dee8c,69f2735daa956034d26bc8569be4544458025f29fe764c172cd71b095cee9c76,true
result_931af302df7513fea0a43778,runplan_dc8ae57dfeff5543,cell_e2c1d382b1a43bad179b,housing_v1__experiment__000008,housing_v1,housing_controlled_model_landlords_experiment,episode_attempt_dfb1f77c11f3f70dee8c,69f2735daa956034d26bc8569be4544458025f29fe764c172cd71b095cee9c76,included,housing_social_welfare_leaf,1.0.0,social_welfare,1.0.0,reference,comparison_baseline,,952.29,utility_points,"{""policy"":""naive"",""reference_kind"":""comparison_baseline""}",ok,valid,[],"[""event_00000243""]",evaluation_receipt,episode_attempt_dfb1f77c11f3f70dee8c,69f2735daa956034d26bc8569be4544458025f29fe764c172cd71b095cee9c76,true
result_e864b6819576de32e7053eee,runplan_dc8ae57dfeff5543,cell_e2c1d382b1a43bad179b,housing_v1__experiment__000008,housing_v1,housing_controlled_model_landlords_experiment,episode_attempt_dfb1f77c11f3f70dee8c,69f2735daa956034d26bc8569be4544458025f29fe764c172cd71b095cee9c76,included,housing_social_welfare_leaf,1.0.0,social_welfare,1.0.0,reference,optimum_lower_bound,,0.0,utility_points,"{""policy"":""do_nothing"",""reference_kind"":""objective_lower_bound""}",ok,valid,[],"[""event_00000243""]",evaluation_receipt,episode_attempt_dfb1f77c11f3f70dee8c,69f2735daa956034d26bc8569be4544458025f29fe764c172cd71b095cee9c76,true
result_091e186bb40ab36b0556dcb3,runplan_dc8ae57dfeff5543,cell_e2c1d382b1a43bad179b,housing_v1__experiment__000008,housing_v1,housing_controlled_model_landlords_experiment,episode_attempt_dfb1f77c11f3f70dee8c,69f2735daa956034d26bc8569be4544458025f29fe764c172cd71b095cee9c76,included,housing_social_welfare_leaf,1.0.0,social_welfare,1.0.0,reference,optimum_upper_bound,,1230.5,utility_points,"{""reference_kind"":""objective_upper_bound"",""semantics"":""full_information_allocation_relaxation""}",ok,valid,[],"[""event_00000243""]",evaluation_receipt,episode_attempt_dfb1f77c11f3f70dee8c,69f2735daa956034d26bc8569be4544458025f29fe764c172cd71b095cee9c76,true
result_92e194eb7096b821c6690bb4,runplan_dc8ae57dfeff5543,cell_e2c1d382b1a43bad179b,housing_v1__experiment__000008,housing_v1,housing_controlled_model_landlords_experiment,episode_attempt_dfb1f77c11f3f70dee8c,69f2735daa956034d26bc8569be4544458025f29fe764c172cd71b095cee9c76,included,housing_social_welfare_leaf,1.0.0,social_welfare,1.0.0,utility,landlord_0,landlord_0,0.0,utility_points,"{""disagreement_utility"":0.0}",ok,valid,[],"[""event_00000243""]",evaluation_receipt,episode_attempt_dfb1f77c11f3f70dee8c,69f2735daa956034d26bc8569be4544458025f29fe764c172cd71b095cee9c76,true
result_0fe8ba4e3e8a207a19f9e728,runplan_dc8ae57dfeff5543,cell_e2c1d382b1a43bad179b,housing_v1__experiment__000008,housing_v1,housing_controlled_model_landlords_experiment,episode_attempt_dfb1f77c11f3f70dee8c,69f2735daa956034d26bc8569be4544458025f29fe764c172cd71b095cee9c76,included,housing_social_welfare_leaf,1.0.0,social_welfare,1.0.0,utility,landlord_1,landlord_1,50.51,utility_points,"{""disagreement_utility"":0.0}",ok,valid,[],"[""event_00000243""]",evaluation_receipt,episode_attempt_dfb1f77c11f3f70dee8c,69f2735daa956034d26bc8569be4544458025f29fe764c172cd71b095cee9c76,true
result_5e0a46a2e696de0f2c8fa4ca,runplan_dc8ae57dfeff5543,cell_e2c1d382b1a43bad179b,housing_v1__experiment__000008,housing_v1,housing_controlled_model_landlords_experiment,episode_attempt_dfb1f77c11f3f70dee8c,69f2735daa956034d26bc8569be4544458025f29fe764c172cd71b095cee9c76,included,housing_social_welfare_leaf,1.0.0,social_welfare,1.0.0,utility,landlord_2,landlord_2,0.0,utility_points,"{""disagreement_utility"":0.0}",ok,valid,[],"[""event_00000243""]",evaluation_receipt,episode_attempt_dfb1f77c11f3f70dee8c,69f2735daa956034d26bc8569be4544458025f29fe764c172cd71b095cee9c76,true
result_1c18efd4d7a9a2613bd33491,runplan_dc8ae57dfeff5543,cell_e2c1d382b1a43bad179b,housing_v1__experiment__000008,housing_v1,housing_controlled_model_landlords_experiment,episode_attempt_dfb1f77c11f3f70dee8c,69f2735daa956034d26bc8569be4544458025f29fe764c172cd71b095cee9c76,included,housing_social_welfare_leaf,1.0.0,social_welfare,1.0.0,utility,landlord_3,landlord_3,107.98,utility_points,"{""disagreement_utility"":0.0}",ok,valid,[],"[""event_00000243""]",evaluation_receipt,episode_attempt_dfb1f77c11f3f70dee8c,69f2735daa956034d26bc8569be4544458025f29fe764c172cd71b095cee9c76,true
result_22a9bc42e117996fac9d3c53,runplan_dc8ae57dfeff5543,cell_e2c1d382b1a43bad179b,housing_v1__experiment__000008,housing_v1,housing_controlled_model_landlords_experiment,episode_attempt_dfb1f77c11f3f70dee8c,69f2735daa956034d26bc8569be4544458025f29fe764c172cd71b095cee9c76,included,housing_social_welfare_leaf,1.0.0,social_welfare,1.0.0,utility,landlord_4,landlord_4,64.91,utility_points,"{""disagreement_utility"":0.0}",ok,valid,[],"[""event_00000243""]",evaluation_receipt,episode_attempt_dfb1f77c11f3f70dee8c,69f2735daa956034d26bc8569be4544458025f29fe764c172cd71b095cee9c76,true
result_8eb21919b2dc0caca7f84c13,runplan_dc8ae57dfeff5543,cell_e2c1d382b1a43bad179b,housing_v1__experiment__000008,housing_v1,housing_controlled_model_landlords_experiment,episode_attempt_dfb1f77c11f3f70dee8c,69f2735daa956034d26bc8569be4544458025f29fe764c172cd71b095cee9c76,included,housing_social_welfare_leaf,1.0.0,social_welfare,1.0.0,utility,tenant_0,tenant_0,353.94,utility_points,"{""disagreement_utility"":0.0}",ok,valid,[],"[""event_00000243""]",evaluation_receipt,episode_attempt_dfb1f77c11f3f70dee8c,69f2735daa956034d26bc8569be4544458025f29fe764c172cd71b095cee9c76,true
result_600f34bea5daab533953d70f,runplan_dc8ae57dfeff5543,cell_e2c1d382b1a43bad179b,housing_v1__experiment__000008,housing_v1,housing_controlled_model_landlords_experiment,episode_attempt_dfb1f77c11f3f70dee8c,69f2735daa956034d26bc8569be4544458025f29fe764c172cd71b095cee9c76,included,housing_social_welfare_leaf,1.0.0,social_welfare,1.0.0,utility,tenant_1,tenant_1,0.0,utility_points,"{""disagreement_utility"":0.0}",ok,valid,[],"[""event_00000243""]",evaluation_receipt,episode_attempt_dfb1f77c11f3f70dee8c,69f2735daa956034d26bc8569be4544458025f29fe764c172cd71b095cee9c76,true
result_29b743e462165bcd18b0ca9a,runplan_dc8ae57dfeff5543,cell_e2c1d382b1a43bad179b,housing_v1__experiment__000008,housing_v1,housing_controlled_model_landlords_experiment,episode_attempt_dfb1f77c11f3f70dee8c,69f2735daa956034d26bc8569be4544458025f29fe764c172cd71b095cee9c76,included,housing_social_welfare_leaf,1.0.0,social_welfare,1.0.0,utility,tenant_2,tenant_2,98.82,utility_points,"{""disagreement_utility"":0.0}",ok,valid,[],"[""event_00000243""]",evaluation_receipt,episode_attempt_dfb1f77c11f3f70dee8c,69f2735daa956034d26bc8569be4544458025f29fe764c172cd71b095cee9c76,true
result_c9cd990676d4f8f95e2a79b3,runplan_dc8ae57dfeff5543,cell_e2c1d382b1a43bad179b,housing_v1__experiment__000008,housing_v1,housing_controlled_model_landlords_experiment,episode_attempt_dfb1f77c11f3f70dee8c,69f2735daa956034d26bc8569be4544458025f29fe764c172cd71b095cee9c76,included,housing_social_welfare_leaf,1.0.0,social_welfare,1.0.0,utility,tenant_3,tenant_3,0.0,utility_points,"{""disagreement_utility"":0.0}",ok,valid,[],"[""event_00000243""]",evaluation_receipt,episode_attempt_dfb1f77c11f3f70dee8c,69f2735daa956034d26bc8569be4544458025f29fe764c172cd71b095cee9c76,true
result_a06b86bae0e31ad702aaa979,runplan_dc8ae57dfeff5543,cell_e2c1d382b1a43bad179b,housing_v1__experiment__000008,housing_v1,housing_controlled_model_landlords_experiment,episode_attempt_dfb1f77c11f3f70dee8c,69f2735daa956034d26bc8569be4544458025f29fe764c172cd71b095cee9c76,included,housing_social_welfare_leaf,1.0.0,social_welfare,1.0.0,utility,tenant_4,tenant_4,0.0,utility_points,"{""disagreement_utility"":0.0}",ok,valid,[],"[""event_00000243""]",evaluation_receipt,episode_attempt_dfb1f77c11f3f70dee8c,69f2735daa956034d26bc8569be4544458025f29fe764c172cd71b095cee9c76,true
result_40d43f54d2da95e32d91d369,runplan_dc8ae57dfeff5543,cell_e2c1d382b1a43bad179b,housing_v1__experiment__000008,housing_v1,housing_controlled_model_landlords_experiment,episode_attempt_dfb1f77c11f3f70dee8c,69f2735daa956034d26bc8569be4544458025f29fe764c172cd71b095cee9c76,included,housing_social_welfare_leaf,1.0.0,social_welfare,1.0.0,utility,tenant_5,tenant_5,405.79,utility_points,"{""disagreement_utility"":0.0}",ok,valid,[],"[""event_00000243""]",evaluation_receipt,episode_attempt_dfb1f77c11f3f70dee8c,69f2735daa956034d26bc8569be4544458025f29fe764c172cd71b095cee9c76,true
result_ff1857b5cb5112c109acfdf2,runplan_dc8ae57dfeff5543,cell_e2c1d382b1a43bad179b,housing_v1__experiment__000008,housing_v1,housing_controlled_model_landlords_experiment,episode_attempt_dfb1f77c11f3f70dee8c,69f2735daa956034d26bc8569be4544458025f29fe764c172cd71b095cee9c76,included,housing_social_welfare_leaf,1.0.0,social_welfare,1.0.0,capture,landlord_0,landlord_0,0.0,utility_points,"{""disagreement_utility"":0.0}",ok,valid,[],"[""event_00000243""]",evaluation_receipt,episode_attempt_dfb1f77c11f3f70dee8c,69f2735daa956034d26bc8569be4544458025f29fe764c172cd71b095cee9c76,true
result_6c77f3e3b87bacd6228c5472,runplan_dc8ae57dfeff5543,cell_e2c1d382b1a43bad179b,housing_v1__experiment__000008,housing_v1,housing_controlled_model_landlords_experiment,episode_attempt_dfb1f77c11f3f70dee8c,69f2735daa956034d26bc8569be4544458025f29fe764c172cd71b095cee9c76,included,housing_social_welfare_leaf,1.0.0,social_welfare,1.0.0,capture,landlord_1,landlord_1,50.51,utility_points,"{""disagreement_utility"":0.0}",ok,valid,[],"[""event_00000243""]",evaluation_receipt,episode_attempt_dfb1f77c11f3f70dee8c,69f2735daa956034d26bc8569be4544458025f29fe764c172cd71b095cee9c76,true
result_622dbb6dd0c3960a5c80579c,runplan_dc8ae57dfeff5543,cell_e2c1d382b1a43bad179b,housing_v1__experiment__000008,housing_v1,housing_controlled_model_landlords_experiment,episode_attempt_dfb1f77c11f3f70dee8c,69f2735daa956034d26bc8569be4544458025f29fe764c172cd71b095cee9c76,included,housing_social_welfare_leaf,1.0.0,social_welfare,1.0.0,capture,landlord_2,landlord_2,0.0,utility_points,"{""disagreement_utility"":0.0}",ok,valid,[],"[""event_00000243""]",evaluation_receipt,episode_attempt_dfb1f77c11f3f70dee8c,69f2735daa956034d26bc8569be4544458025f29fe764c172cd71b095cee9c76,true
result_135a8482624a271fb03a065e,runplan_dc8ae57dfeff5543,cell_e2c1d382b1a43bad179b,housing_v1__experiment__000008,housing_v1,housing_controlled_model_landlords_experiment,episode_attempt_dfb1f77c11f3f70dee8c,69f2735daa956034d26bc8569be4544458025f29fe764c172cd71b095cee9c76,included,housing_social_welfare_leaf,1.0.0,social_welfare,1.0.0,capture,landlord_3,landlord_3,107.98,utility_points,"{""disagreement_utility"":0.0}",ok,valid,[],"[""event_00000243""]",evaluation_receipt,episode_attempt_dfb1f77c11f3f70dee8c,69f2735daa956034d26bc8569be4544458025f29fe764c172cd71b095cee9c76,true
result_a274236e3f9901701cf634f5,runplan_dc8ae57dfeff5543,cell_e2c1d382b1a43bad179b,housing_v1__experiment__000008,housing_v1,housing_controlled_model_landlords_experiment,episode_attempt_dfb1f77c11f3f70dee8c,69f2735daa956034d26bc8569be4544458025f29fe764c172cd71b095cee9c76,included,housing_social_welfare_leaf,1.0.0,social_welfare,1.0.0,capture,landlord_4,landlord_4,64.91,utility_points,"{""disagreement_utility"":0.0}",ok,valid,[],"[""event_00000243""]",evaluation_receipt,episode_attempt_dfb1f77c11f3f70dee8c,69f2735daa956034d26bc8569be4544458025f29fe764c172cd71b095cee9c76,true
result_3af3877e828ec9c59e1362e0,runplan_dc8ae57dfeff5543,cell_e2c1d382b1a43bad179b,housing_v1__experiment__000008,housing_v1,housing_controlled_model_landlords_experiment,episode_attempt_dfb1f77c11f3f70dee8c,69f2735daa956034d26bc8569be4544458025f29fe764c172cd71b095cee9c76,included,housing_social_welfare_leaf,1.0.0,social_welfare,1.0.0,capture,tenant_0,tenant_0,353.94,utility_points,"{""disagreement_utility"":0.0}",ok,valid,[],"[""event_00000243""]",evaluation_receipt,episode_attempt_dfb1f77c11f3f70dee8c,69f2735daa956034d26bc8569be4544458025f29fe764c172cd71b095cee9c76,true
result_f83d9548fd143634aec6da76,runplan_dc8ae57dfeff5543,cell_e2c1d382b1a43bad179b,housing_v1__experiment__000008,housing_v1,housing_controlled_model_landlords_experiment,episode_attempt_dfb1f77c11f3f70dee8c,69f2735daa956034d26bc8569be4544458025f29fe764c172cd71b095cee9c76,included,housing_social_welfare_leaf,1.0.0,social_welfare,1.0.0,capture,tenant_1,tenant_1,0.0,utility_points,"{""disagreement_utility"":0.0}",ok,valid,[],"[""event_00000243""]",evaluation_receipt,episode_attempt_dfb1f77c11f3f70dee8c,69f2735daa956034d26bc8569be4544458025f29fe764c172cd71b095cee9c76,true
result_6d3e86899cdbda7782ea9bec,runplan_dc8ae57dfeff5543,cell_e2c1d382b1a43bad179b,housing_v1__experiment__000008,housing_v1,housing_controlled_model_landlords_experiment,episode_attempt_dfb1f77c11f3f70dee8c,69f2735daa956034d26bc8569be4544458025f29fe764c172cd71b095cee9c76,included,housing_social_welfare_leaf,1.0.0,social_welfare,1.0.0,capture,tenant_2,tenant_2,98.82,utility_points,"{""disagreement_utility"":0.0}",ok,valid,[],"[""event_00000243""]",evaluation_receipt,episode_attempt_dfb1f77c11f3f70dee8c,69f2735daa956034d26bc8569be4544458025f29fe764c172cd71b095cee9c76,true
result_dae41fbc5850f477abe85b5e,runplan_dc8ae57dfeff5543,cell_e2c1d382b1a43bad179b,housing_v1__experiment__000008,housing_v1,housing_controlled_model_landlords_experiment,episode_attempt_dfb1f77c11f3f70dee8c,69f2735daa956034d26bc8569be4544458025f29fe764c172cd71b095cee9c76,included,housing_social_welfare_leaf,1.0.0,social_welfare,1.0.0,capture,tenant_3,tenant_3,0.0,utility_points,"{""disagreement_utility"":0.0}",ok,valid,[],"[""event_00000243""]",evaluation_receipt,episode_attempt_dfb1f77c11f3f70dee8c,69f2735daa956034d26bc8569be4544458025f29fe764c172cd71b095cee9c76,true
result_edd1e877e6a236212b96e5a4,runplan_dc8ae57dfeff5543,cell_e2c1d382b1a43bad179b,housing_v1__experiment__000008,housing_v1,housing_controlled_model_landlords_experiment,episode_attempt_dfb1f77c11f3f70dee8c,69f2735daa956034d26bc8569be4544458025f29fe764c172cd71b095cee9c76,included,housing_social_welfare_leaf,1.0.0,social_welfare,1.0.0,capture,tenant_4,tenant_4,0.0,utility_points,"{""disagreement_utility"":0.0}",ok,valid,[],"[""event_00000243""]",evaluation_receipt,episode_attempt_dfb1f77c11f3f70dee8c,69f2735daa956034d26bc8569be4544458025f29fe764c172cd71b095cee9c76,true
result_34a9471681623ff00be6b43e,runplan_dc8ae57dfeff5543,cell_e2c1d382b1a43bad179b,housing_v1__experiment__000008,housing_v1,housing_controlled_model_landlords_experiment,episode_attempt_dfb1f77c11f3f70dee8c,69f2735daa956034d26bc8569be4544458025f29fe764c172cd71b095cee9c76,included,housing_social_welfare_leaf,1.0.0,social_welfare,1.0.0,capture,tenant_5,tenant_5,405.79,utility_points,"{""disagreement_utility"":0.0}",ok,valid,[],"[""event_00000243""]",evaluation_receipt,episode_attempt_dfb1f77c11f3f70dee8c,69f2735daa956034d26bc8569be4544458025f29fe764c172cd71b095cee9c76,true
result_bb4d8ff981f7ec52dea4eeed,runplan_dc8ae57dfeff5543,cell_e2da79a0c322df0c7dee,housing_v1__experiment__000005,housing_v1,housing_controlled_model_landlords_experiment,episode_attempt_5110a20b1f5df6186a7a,58f229407c21f784b955ae5625c290610197d0b3a59deeee6d10d623feffd328,included,housing_social_welfare_leaf,1.0.0,social_welfare,1.0.0,primary,social_welfare,,1074.43,utility_points,{},ok,valid,[],"[""event_00000267""]",evaluation_receipt,episode_attempt_5110a20b1f5df6186a7a,58f229407c21f784b955ae5625c290610197d0b3a59deeee6d10d623feffd328,true
result_19850c71464ba2d58ab7a05d,runplan_dc8ae57dfeff5543,cell_e2da79a0c322df0c7dee,housing_v1__experiment__000005,housing_v1,housing_controlled_model_landlords_experiment,episode_attempt_5110a20b1f5df6186a7a,58f229407c21f784b955ae5625c290610197d0b3a59deeee6d10d623feffd328,included,housing_social_welfare_leaf,1.0.0,social_welfare,1.0.0,metric,comparison_baseline_gap,,-103.64999999999986,utility_points,{},ok,valid,[],"[""event_00000267""]",evaluation_receipt,episode_attempt_5110a20b1f5df6186a7a,58f229407c21f784b955ae5625c290610197d0b3a59deeee6d10d623feffd328,true
result_ecd6c72ade0582d7e6ef3edd,runplan_dc8ae57dfeff5543,cell_e2da79a0c322df0c7dee,housing_v1__experiment__000005,housing_v1,housing_controlled_model_landlords_experiment,episode_attempt_5110a20b1f5df6186a7a,58f229407c21f784b955ae5625c290610197d0b3a59deeee6d10d623feffd328,included,housing_social_welfare_leaf,1.0.0,social_welfare,1.0.0,metric,ir_violation_count,,0.0,count,{},ok,valid,[],"[""event_00000267""]",evaluation_receipt,episode_attempt_5110a20b1f5df6186a7a,58f229407c21f784b955ae5625c290610197d0b3a59deeee6d10d623feffd328,true
result_8a0e4e03b26387803a1d9ec1,runplan_dc8ae57dfeff5543,cell_e2da79a0c322df0c7dee,housing_v1__experiment__000005,housing_v1,housing_controlled_model_landlords_experiment,episode_attempt_5110a20b1f5df6186a7a,58f229407c21f784b955ae5625c290610197d0b3a59deeee6d10d623feffd328,included,housing_social_welfare_leaf,1.0.0,social_welfare,1.0.0,metric,social_welfare,,1074.43,utility_points,{},ok,valid,[],"[""event_00000267""]",evaluation_receipt,episode_attempt_5110a20b1f5df6186a7a,58f229407c21f784b955ae5625c290610197d0b3a59deeee6d10d623feffd328,true
result_bd12a8a099ae12ffb642d2ab,runplan_dc8ae57dfeff5543,cell_e2da79a0c322df0c7dee,housing_v1__experiment__000005,housing_v1,housing_controlled_model_landlords_experiment,episode_attempt_5110a20b1f5df6186a7a,58f229407c21f784b955ae5625c290610197d0b3a59deeee6d10d623feffd328,included,housing_social_welfare_leaf,1.0.0,social_welfare,1.0.0,metric,upper_bound_gap,,151.63999999999987,utility_points,{},ok,valid,[],"[""event_00000267""]",evaluation_receipt,episode_attempt_5110a20b1f5df6186a7a,58f229407c21f784b955ae5625c290610197d0b3a59deeee6d10d623feffd328,true
result_deee63b80e8e1780ec1b871a,runplan_dc8ae57dfeff5543,cell_e2da79a0c322df0c7dee,housing_v1__experiment__000005,housing_v1,housing_controlled_model_landlords_experiment,episode_attempt_5110a20b1f5df6186a7a,58f229407c21f784b955ae5625c290610197d0b3a59deeee6d10d623feffd328,included,housing_social_welfare_leaf,1.0.0,social_welfare,1.0.0,metric,wasted_contacts,,8.0,count,{},ok,valid,[],"[""event_00000267""]",evaluation_receipt,episode_attempt_5110a20b1f5df6186a7a,58f229407c21f784b955ae5625c290610197d0b3a59deeee6d10d623feffd328,true
result_6e3acfdef00f0663dcda0948,runplan_dc8ae57dfeff5543,cell_e2da79a0c322df0c7dee,housing_v1__experiment__000005,housing_v1,housing_controlled_model_landlords_experiment,episode_attempt_5110a20b1f5df6186a7a,58f229407c21f784b955ae5625c290610197d0b3a59deeee6d10d623feffd328,included,housing_social_welfare_leaf,1.0.0,social_welfare,1.0.0,metric,within_case_score,,0.8763202753513258,ratio,{},ok,valid,[],"[""event_00000267""]",evaluation_receipt,episode_attempt_5110a20b1f5df6186a7a,58f229407c21f784b955ae5625c290610197d0b3a59deeee6d10d623feffd328,true
result_d699167c53edde4a05a3afda,runplan_dc8ae57dfeff5543,cell_e2da79a0c322df0c7dee,housing_v1__experiment__000005,housing_v1,housing_controlled_model_landlords_experiment,episode_attempt_5110a20b1f5df6186a7a,58f229407c21f784b955ae5625c290610197d0b3a59deeee6d10d623feffd328,included,housing_social_welfare_leaf,1.0.0,social_welfare,1.0.0,reference,comparison_baseline,,1178.08,utility_points,"{""policy"":""naive"",""reference_kind"":""comparison_baseline""}",ok,valid,[],"[""event_00000267""]",evaluation_receipt,episode_attempt_5110a20b1f5df6186a7a,58f229407c21f784b955ae5625c290610197d0b3a59deeee6d10d623feffd328,true
result_e40d84a9dd738a9259814ebd,runplan_dc8ae57dfeff5543,cell_e2da79a0c322df0c7dee,housing_v1__experiment__000005,housing_v1,housing_controlled_model_landlords_experiment,episode_attempt_5110a20b1f5df6186a7a,58f229407c21f784b955ae5625c290610197d0b3a59deeee6d10d623feffd328,included,housing_social_welfare_leaf,1.0.0,social_welfare,1.0.0,reference,optimum_lower_bound,,0.0,utility_points,"{""policy"":""do_nothing"",""reference_kind"":""objective_lower_bound""}",ok,valid,[],"[""event_00000267""]",evaluation_receipt,episode_attempt_5110a20b1f5df6186a7a,58f229407c21f784b955ae5625c290610197d0b3a59deeee6d10d623feffd328,true
result_2b5e2524afa9585ce2456c61,runplan_dc8ae57dfeff5543,cell_e2da79a0c322df0c7dee,housing_v1__experiment__000005,housing_v1,housing_controlled_model_landlords_experiment,episode_attempt_5110a20b1f5df6186a7a,58f229407c21f784b955ae5625c290610197d0b3a59deeee6d10d623feffd328,included,housing_social_welfare_leaf,1.0.0,social_welfare,1.0.0,reference,optimum_upper_bound,,1226.07,utility_points,"{""reference_kind"":""objective_upper_bound"",""semantics"":""full_information_allocation_relaxation""}",ok,valid,[],"[""event_00000267""]",evaluation_receipt,episode_attempt_5110a20b1f5df6186a7a,58f229407c21f784b955ae5625c290610197d0b3a59deeee6d10d623feffd328,true
result_6811cf5dc1905439cce07fda,runplan_dc8ae57dfeff5543,cell_e2da79a0c322df0c7dee,housing_v1__experiment__000005,housing_v1,housing_controlled_model_landlords_experiment,episode_attempt_5110a20b1f5df6186a7a,58f229407c21f784b955ae5625c290610197d0b3a59deeee6d10d623feffd328,included,housing_social_welfare_leaf,1.0.0,social_welfare,1.0.0,utility,landlord_0,landlord_0,0.0,utility_points,"{""disagreement_utility"":0.0}",ok,valid,[],"[""event_00000267""]",evaluation_receipt,episode_attempt_5110a20b1f5df6186a7a,58f229407c21f784b955ae5625c290610197d0b3a59deeee6d10d623feffd328,true
result_0bc5e6827b2a2e5c5315c507,runplan_dc8ae57dfeff5543,cell_e2da79a0c322df0c7dee,housing_v1__experiment__000005,housing_v1,housing_controlled_model_landlords_experiment,episode_attempt_5110a20b1f5df6186a7a,58f229407c21f784b955ae5625c290610197d0b3a59deeee6d10d623feffd328,included,housing_social_welfare_leaf,1.0.0,social_welfare,1.0.0,utility,landlord_1,landlord_1,77.99,utility_points,"{""disagreement_utility"":0.0}",ok,valid,[],"[""event_00000267""]",evaluation_receipt,episode_attempt_5110a20b1f5df6186a7a,58f229407c21f784b955ae5625c290610197d0b3a59deeee6d10d623feffd328,true
result_3cb2b39845bb0bc7d1138651,runplan_dc8ae57dfeff5543,cell_e2da79a0c322df0c7dee,housing_v1__experiment__000005,housing_v1,housing_controlled_model_landlords_experiment,episode_attempt_5110a20b1f5df6186a7a,58f229407c21f784b955ae5625c290610197d0b3a59deeee6d10d623feffd328,included,housing_social_welfare_leaf,1.0.0,social_welfare,1.0.0,utility,landlord_2,landlord_2,0.0,utility_points,"{""disagreement_utility"":0.0}",ok,valid,[],"[""event_00000267""]",evaluation_receipt,episode_attempt_5110a20b1f5df6186a7a,58f229407c21f784b955ae5625c290610197d0b3a59deeee6d10d623feffd328,true
result_3bd619430356040a64b33287,runplan_dc8ae57dfeff5543,cell_e2da79a0c322df0c7dee,housing_v1__experiment__000005,housing_v1,housing_controlled_model_landlords_experiment,episode_attempt_5110a20b1f5df6186a7a,58f229407c21f784b955ae5625c290610197d0b3a59deeee6d10d623feffd328,included,housing_social_welfare_leaf,1.0.0,social_welfare,1.0.0,utility,landlord_3,landlord_3,43.77,utility_points,"{""disagreement_utility"":0.0}",ok,valid,[],"[""event_00000267""]",evaluation_receipt,episode_attempt_5110a20b1f5df6186a7a,58f229407c21f784b955ae5625c290610197d0b3a59deeee6d10d623feffd328,true
result_c06f3ff7b205bb3e74754ea9,runplan_dc8ae57dfeff5543,cell_e2da79a0c322df0c7dee,housing_v1__experiment__000005,housing_v1,housing_controlled_model_landlords_experiment,episode_attempt_5110a20b1f5df6186a7a,58f229407c21f784b955ae5625c290610197d0b3a59deeee6d10d623feffd328,included,housing_social_welfare_leaf,1.0.0,social_welfare,1.0.0,utility,landlord_4,landlord_4,18.66,utility_points,"{""disagreement_utility"":0.0}",ok,valid,[],"[""event_00000267""]",evaluation_receipt,episode_attempt_5110a20b1f5df6186a7a,58f229407c21f784b955ae5625c290610197d0b3a59deeee6d10d623feffd328,true
result_6635248d167e1d68a09b1acb,runplan_dc8ae57dfeff5543,cell_e2da79a0c322df0c7dee,housing_v1__experiment__000005,housing_v1,housing_controlled_model_landlords_experiment,episode_attempt_5110a20b1f5df6186a7a,58f229407c21f784b955ae5625c290610197d0b3a59deeee6d10d623feffd328,included,housing_social_welfare_leaf,1.0.0,social_welfare,1.0.0,utility,tenant_0,tenant_0,303.56,utility_points,"{""disagreement_utility"":0.0}",ok,valid,[],"[""event_00000267""]",evaluation_receipt,episode_attempt_5110a20b1f5df6186a7a,58f229407c21f784b955ae5625c290610197d0b3a59deeee6d10d623feffd328,true
result_bc969b3311ae33edf66d5c55,runplan_dc8ae57dfeff5543,cell_e2da79a0c322df0c7dee,housing_v1__experiment__000005,housing_v1,housing_controlled_model_landlords_experiment,episode_attempt_5110a20b1f5df6186a7a,58f229407c21f784b955ae5625c290610197d0b3a59deeee6d10d623feffd328,included,housing_social_welfare_leaf,1.0.0,social_welfare,1.0.0,utility,tenant_1,tenant_1,381.25,utility_points,"{""disagreement_utility"":0.0}",ok,valid,[],"[""event_00000267""]",evaluation_receipt,episode_attempt_5110a20b1f5df6186a7a,58f229407c21f784b955ae5625c290610197d0b3a59deeee6d10d623feffd328,true
result_c1f146b85ab3b76b9e5963d8,runplan_dc8ae57dfeff5543,cell_e2da79a0c322df0c7dee,housing_v1__experiment__000005,housing_v1,housing_controlled_model_landlords_experiment,episode_attempt_5110a20b1f5df6186a7a,58f229407c21f784b955ae5625c290610197d0b3a59deeee6d10d623feffd328,included,housing_social_welfare_leaf,1.0.0,social_welfare,1.0.0,utility,tenant_2,tenant_2,249.2,utility_points,"{""disagreement_utility"":0.0}",ok,valid,[],"[""event_00000267""]",evaluation_receipt,episode_attempt_5110a20b1f5df6186a7a,58f229407c21f784b955ae5625c290610197d0b3a59deeee6d10d623feffd328,true
result_af20b46dae8e9e67676f5cf4,runplan_dc8ae57dfeff5543,cell_e2da79a0c322df0c7dee,housing_v1__experiment__000005,housing_v1,housing_controlled_model_landlords_experiment,episode_attempt_5110a20b1f5df6186a7a,58f229407c21f784b955ae5625c290610197d0b3a59deeee6d10d623feffd328,included,housing_social_welfare_leaf,1.0.0,social_welfare,1.0.0,utility,tenant_3,tenant_3,0.0,utility_points,"{""disagreement_utility"":0.0}",ok,valid,[],"[""event_00000267""]",evaluation_receipt,episode_attempt_5110a20b1f5df6186a7a,58f229407c21f784b955ae5625c290610197d0b3a59deeee6d10d623feffd328,true
result_d88c4d5e9aff51e3fcf748e1,runplan_dc8ae57dfeff5543,cell_e2da79a0c322df0c7dee,housing_v1__experiment__000005,housing_v1,housing_controlled_model_landlords_experiment,episode_attempt_5110a20b1f5df6186a7a,58f229407c21f784b955ae5625c290610197d0b3a59deeee6d10d623feffd328,included,housing_social_welfare_leaf,1.0.0,social_welfare,1.0.0,utility,tenant_4,tenant_4,0.0,utility_points,"{""disagreement_utility"":0.0}",ok,valid,[],"[""event_00000267""]",evaluation_receipt,episode_attempt_5110a20b1f5df6186a7a,58f229407c21f784b955ae5625c290610197d0b3a59deeee6d10d623feffd328,true
result_0d53c2b094e2be476e420cc0,runplan_dc8ae57dfeff5543,cell_e2da79a0c322df0c7dee,housing_v1__experiment__000005,housing_v1,housing_controlled_model_landlords_experiment,episode_attempt_5110a20b1f5df6186a7a,58f229407c21f784b955ae5625c290610197d0b3a59deeee6d10d623feffd328,included,housing_social_welfare_leaf,1.0.0,social_welfare,1.0.0,utility,tenant_5,tenant_5,0.0,utility_points,"{""disagreement_utility"":0.0}",ok,valid,[],"[""event_00000267""]",evaluation_receipt,episode_attempt_5110a20b1f5df6186a7a,58f229407c21f784b955ae5625c290610197d0b3a59deeee6d10d623feffd328,true
result_1fce584c333c9d24d5a963c8,runplan_dc8ae57dfeff5543,cell_e2da79a0c322df0c7dee,housing_v1__experiment__000005,housing_v1,housing_controlled_model_landlords_experiment,episode_attempt_5110a20b1f5df6186a7a,58f229407c21f784b955ae5625c290610197d0b3a59deeee6d10d623feffd328,included,housing_social_welfare_leaf,1.0.0,social_welfare,1.0.0,capture,landlord_0,landlord_0,0.0,utility_points,"{""disagreement_utility"":0.0}",ok,valid,[],"[""event_00000267""]",evaluation_receipt,episode_attempt_5110a20b1f5df6186a7a,58f229407c21f784b955ae5625c290610197d0b3a59deeee6d10d623feffd328,true
result_d3c14fcdf4677dc1cd8becf0,runplan_dc8ae57dfeff5543,cell_e2da79a0c322df0c7dee,housing_v1__experiment__000005,housing_v1,housing_controlled_model_landlords_experiment,episode_attempt_5110a20b1f5df6186a7a,58f229407c21f784b955ae5625c290610197d0b3a59deeee6d10d623feffd328,included,housing_social_welfare_leaf,1.0.0,social_welfare,1.0.0,capture,landlord_1,landlord_1,77.99,utility_points,"{""disagreement_utility"":0.0}",ok,valid,[],"[""event_00000267""]",evaluation_receipt,episode_attempt_5110a20b1f5df6186a7a,58f229407c21f784b955ae5625c290610197d0b3a59deeee6d10d623feffd328,true
result_8e308ffb9f249c3b5250447a,runplan_dc8ae57dfeff5543,cell_e2da79a0c322df0c7dee,housing_v1__experiment__000005,housing_v1,housing_controlled_model_landlords_experiment,episode_attempt_5110a20b1f5df6186a7a,58f229407c21f784b955ae5625c290610197d0b3a59deeee6d10d623feffd328,included,housing_social_welfare_leaf,1.0.0,social_welfare,1.0.0,capture,landlord_2,landlord_2,0.0,utility_points,"{""disagreement_utility"":0.0}",ok,valid,[],"[""event_00000267""]",evaluation_receipt,episode_attempt_5110a20b1f5df6186a7a,58f229407c21f784b955ae5625c290610197d0b3a59deeee6d10d623feffd328,true
result_517992369a52debdc943312b,runplan_dc8ae57dfeff5543,cell_e2da79a0c322df0c7dee,housing_v1__experiment__000005,housing_v1,housing_controlled_model_landlords_experiment,episode_attempt_5110a20b1f5df6186a7a,58f229407c21f784b955ae5625c290610197d0b3a59deeee6d10d623feffd328,included,housing_social_welfare_leaf,1.0.0,social_welfare,1.0.0,capture,landlord_3,landlord_3,43.77,utility_points,"{""disagreement_utility"":0.0}",ok,valid,[],"[""event_00000267""]",evaluation_receipt,episode_attempt_5110a20b1f5df6186a7a,58f229407c21f784b955ae5625c290610197d0b3a59deeee6d10d623feffd328,true
result_9d9903833d6c0e258d0e5fdf,runplan_dc8ae57dfeff5543,cell_e2da79a0c322df0c7dee,housing_v1__experiment__000005,housing_v1,housing_controlled_model_landlords_experiment,episode_attempt_5110a20b1f5df6186a7a,58f229407c21f784b955ae5625c290610197d0b3a59deeee6d10d623feffd328,included,housing_social_welfare_leaf,1.0.0,social_welfare,1.0.0,capture,landlord_4,landlord_4,18.66,utility_points,"{""disagreement_utility"":0.0}",ok,valid,[],"[""event_00000267""]",evaluation_receipt,episode_attempt_5110a20b1f5df6186a7a,58f229407c21f784b955ae5625c290610197d0b3a59deeee6d10d623feffd328,true
result_6e45d989ea89a89d59af317a,runplan_dc8ae57dfeff5543,cell_e2da79a0c322df0c7dee,housing_v1__experiment__000005,housing_v1,housing_controlled_model_landlords_experiment,episode_attempt_5110a20b1f5df6186a7a,58f229407c21f784b955ae5625c290610197d0b3a59deeee6d10d623feffd328,included,housing_social_welfare_leaf,1.0.0,social_welfare,1.0.0,capture,tenant_0,tenant_0,303.56,utility_points,"{""disagreement_utility"":0.0}",ok,valid,[],"[""event_00000267""]",evaluation_receipt,episode_attempt_5110a20b1f5df6186a7a,58f229407c21f784b955ae5625c290610197d0b3a59deeee6d10d623feffd328,true
result_43b111f113915cbf9551c31c,runplan_dc8ae57dfeff5543,cell_e2da79a0c322df0c7dee,housing_v1__experiment__000005,housing_v1,housing_controlled_model_landlords_experiment,episode_attempt_5110a20b1f5df6186a7a,58f229407c21f784b955ae5625c290610197d0b3a59deeee6d10d623feffd328,included,housing_social_welfare_leaf,1.0.0,social_welfare,1.0.0,capture,tenant_1,tenant_1,381.25,utility_points,"{""disagreement_utility"":0.0}",ok,valid,[],"[""event_00000267""]",evaluation_receipt,episode_attempt_5110a20b1f5df6186a7a,58f229407c21f784b955ae5625c290610197d0b3a59deeee6d10d623feffd328,true
result_43776b8b40612479f13fc7f6,runplan_dc8ae57dfeff5543,cell_e2da79a0c322df0c7dee,housing_v1__experiment__000005,housing_v1,housing_controlled_model_landlords_experiment,episode_attempt_5110a20b1f5df6186a7a,58f229407c21f784b955ae5625c290610197d0b3a59deeee6d10d623feffd328,included,housing_social_welfare_leaf,1.0.0,social_welfare,1.0.0,capture,tenant_2,tenant_2,249.2,utility_points,"{""disagreement_utility"":0.0}",ok,valid,[],"[""event_00000267""]",evaluation_receipt,episode_attempt_5110a20b1f5df6186a7a,58f229407c21f784b955ae5625c290610197d0b3a59deeee6d10d623feffd328,true
result_8a5380880b05f40b72b3ce92,runplan_dc8ae57dfeff5543,cell_e2da79a0c322df0c7dee,housing_v1__experiment__000005,housing_v1,housing_controlled_model_landlords_experiment,episode_attempt_5110a20b1f5df6186a7a,58f229407c21f784b955ae5625c290610197d0b3a59deeee6d10d623feffd328,included,housing_social_welfare_leaf,1.0.0,social_welfare,1.0.0,capture,tenant_3,tenant_3,0.0,utility_points,"{""disagreement_utility"":0.0}",ok,valid,[],"[""event_00000267""]",evaluation_receipt,episode_attempt_5110a20b1f5df6186a7a,58f229407c21f784b955ae5625c290610197d0b3a59deeee6d10d623feffd328,true
result_88d66c2d3b791cf6e2fa6350,runplan_dc8ae57dfeff5543,cell_e2da79a0c322df0c7dee,housing_v1__experiment__000005,housing_v1,housing_controlled_model_landlords_experiment,episode_attempt_5110a20b1f5df6186a7a,58f229407c21f784b955ae5625c290610197d0b3a59deeee6d10d623feffd328,included,housing_social_welfare_leaf,1.0.0,social_welfare,1.0.0,capture,tenant_4,tenant_4,0.0,utility_points,"{""disagreement_utility"":0.0}",ok,valid,[],"[""event_00000267""]",evaluation_receipt,episode_attempt_5110a20b1f5df6186a7a,58f229407c21f784b955ae5625c290610197d0b3a59deeee6d10d623feffd328,true
result_e9925917b6b466e2b92621ca,runplan_dc8ae57dfeff5543,cell_e2da79a0c322df0c7dee,housing_v1__experiment__000005,housing_v1,housing_controlled_model_landlords_experiment,episode_attempt_5110a20b1f5df6186a7a,58f229407c21f784b955ae5625c290610197d0b3a59deeee6d10d623feffd328,included,housing_social_welfare_leaf,1.0.0,social_welfare,1.0.0,capture,tenant_5,tenant_5,0.0,utility_points,"{""disagreement_utility"":0.0}",ok,valid,[],"[""event_00000267""]",evaluation_receipt,episode_attempt_5110a20b1f5df6186a7a,58f229407c21f784b955ae5625c290610197d0b3a59deeee6d10d623feffd328,true
result_a86e58107734159f3da81ac4,runplan_dc8ae57dfeff5543,cell_e6e481764d1e503aa402,housing_v1__experiment__000004,housing_v1,housing_controlled_model_landlords_experiment,episode_attempt_5d531f12d72bf337afd8,d2b6ae66749703699729e1ce43e221273df2045e86194a978d1fd183ffe9da0b,included,housing_social_welfare_leaf,1.0.0,social_welfare,1.0.0,primary,social_welfare,,1171.33,utility_points,{},ok,valid,[],"[""event_00000285""]",evaluation_receipt,episode_attempt_5d531f12d72bf337afd8,d2b6ae66749703699729e1ce43e221273df2045e86194a978d1fd183ffe9da0b,true
result_2f5867a3c99a51db66149fd2,runplan_dc8ae57dfeff5543,cell_e6e481764d1e503aa402,housing_v1__experiment__000004,housing_v1,housing_controlled_model_landlords_experiment,episode_attempt_5d531f12d72bf337afd8,d2b6ae66749703699729e1ce43e221273df2045e86194a978d1fd183ffe9da0b,included,housing_social_welfare_leaf,1.0.0,social_welfare,1.0.0,metric,comparison_baseline_gap,,-119.07000000000016,utility_points,{},ok,valid,[],"[""event_00000285""]",evaluation_receipt,episode_attempt_5d531f12d72bf337afd8,d2b6ae66749703699729e1ce43e221273df2045e86194a978d1fd183ffe9da0b,true
result_36f7966290f3e4bf9525bb3b,runplan_dc8ae57dfeff5543,cell_e6e481764d1e503aa402,housing_v1__experiment__000004,housing_v1,housing_controlled_model_landlords_experiment,episode_attempt_5d531f12d72bf337afd8,d2b6ae66749703699729e1ce43e221273df2045e86194a978d1fd183ffe9da0b,included,housing_social_welfare_leaf,1.0.0,social_welfare,1.0.0,metric,ir_violation_count,,1.0,count,{},ok,valid,[],"[""event_00000285""]",evaluation_receipt,episode_attempt_5d531f12d72bf337afd8,d2b6ae66749703699729e1ce43e221273df2045e86194a978d1fd183ffe9da0b,true
result_f4f060c72007462110061764,runplan_dc8ae57dfeff5543,cell_e6e481764d1e503aa402,housing_v1__experiment__000004,housing_v1,housing_controlled_model_landlords_experiment,episode_attempt_5d531f12d72bf337afd8,d2b6ae66749703699729e1ce43e221273df2045e86194a978d1fd183ffe9da0b,included,housing_social_welfare_leaf,1.0.0,social_welfare,1.0.0,metric,social_welfare,,1171.33,utility_points,{},ok,valid,[],"[""event_00000285""]",evaluation_receipt,episode_attempt_5d531f12d72bf337afd8,d2b6ae66749703699729e1ce43e221273df2045e86194a978d1fd183ffe9da0b,true
result_aaf89fb49fbd5e899a433702,runplan_dc8ae57dfeff5543,cell_e6e481764d1e503aa402,housing_v1__experiment__000004,housing_v1,housing_controlled_model_landlords_experiment,episode_attempt_5d531f12d72bf337afd8,d2b6ae66749703699729e1ce43e221273df2045e86194a978d1fd183ffe9da0b,included,housing_social_welfare_leaf,1.0.0,social_welfare,1.0.0,metric,upper_bound_gap,,288.8900000000001,utility_points,{},ok,valid,[],"[""event_00000285""]",evaluation_receipt,episode_attempt_5d531f12d72bf337afd8,d2b6ae66749703699729e1ce43e221273df2045e86194a978d1fd183ffe9da0b,true
result_6d5da79f00cad0a3018268dd,runplan_dc8ae57dfeff5543,cell_e6e481764d1e503aa402,housing_v1__experiment__000004,housing_v1,housing_controlled_model_landlords_experiment,episode_attempt_5d531f12d72bf337afd8,d2b6ae66749703699729e1ce43e221273df2045e86194a978d1fd183ffe9da0b,included,housing_social_welfare_leaf,1.0.0,social_welfare,1.0.0,metric,wasted_contacts,,7.0,count,{},ok,valid,[],"[""event_00000285""]",evaluation_receipt,episode_attempt_5d531f12d72bf337afd8,d2b6ae66749703699729e1ce43e221273df2045e86194a978d1fd183ffe9da0b,true
result_05972f2755c613bc8c274282,runplan_dc8ae57dfeff5543,cell_e6e481764d1e503aa402,housing_v1__experiment__000004,housing_v1,housing_controlled_model_landlords_experiment,episode_attempt_5d531f12d72bf337afd8,d2b6ae66749703699729e1ce43e221273df2045e86194a978d1fd183ffe9da0b,included,housing_social_welfare_leaf,1.0.0,social_welfare,1.0.0,metric,within_case_score,,0.8021599485009108,ratio,{},ok,valid,[],"[""event_00000285""]",evaluation_receipt,episode_attempt_5d531f12d72bf337afd8,d2b6ae66749703699729e1ce43e221273df2045e86194a978d1fd183ffe9da0b,true
result_680ca9a10d6a339a715edffe,runplan_dc8ae57dfeff5543,cell_e6e481764d1e503aa402,housing_v1__experiment__000004,housing_v1,housing_controlled_model_landlords_experiment,episode_attempt_5d531f12d72bf337afd8,d2b6ae66749703699729e1ce43e221273df2045e86194a978d1fd183ffe9da0b,included,housing_social_welfare_leaf,1.0.0,social_welfare,1.0.0,reference,comparison_baseline,,1290.4,utility_points,"{""policy"":""naive"",""reference_kind"":""comparison_baseline""}",ok,valid,[],"[""event_00000285""]",evaluation_receipt,episode_attempt_5d531f12d72bf337afd8,d2b6ae66749703699729e1ce43e221273df2045e86194a978d1fd183ffe9da0b,true
result_99a4f57caf9a378c9397a491,runplan_dc8ae57dfeff5543,cell_e6e481764d1e503aa402,housing_v1__experiment__000004,housing_v1,housing_controlled_model_landlords_experiment,episode_attempt_5d531f12d72bf337afd8,d2b6ae66749703699729e1ce43e221273df2045e86194a978d1fd183ffe9da0b,included,housing_social_welfare_leaf,1.0.0,social_welfare,1.0.0,reference,optimum_lower_bound,,0.0,utility_points,"{""policy"":""do_nothing"",""reference_kind"":""objective_lower_bound""}",ok,valid,[],"[""event_00000285""]",evaluation_receipt,episode_attempt_5d531f12d72bf337afd8,d2b6ae66749703699729e1ce43e221273df2045e86194a978d1fd183ffe9da0b,true
result_b2d07c1290aa2c28c44f4a9f,runplan_dc8ae57dfeff5543,cell_e6e481764d1e503aa402,housing_v1__experiment__000004,housing_v1,housing_controlled_model_landlords_experiment,episode_attempt_5d531f12d72bf337afd8,d2b6ae66749703699729e1ce43e221273df2045e86194a978d1fd183ffe9da0b,included,housing_social_welfare_leaf,1.0.0,social_welfare,1.0.0,reference,optimum_upper_bound,,1460.22,utility_points,"{""reference_kind"":""objective_upper_bound"",""semantics"":""full_information_allocation_relaxation""}",ok,valid,[],"[""event_00000285""]",evaluation_receipt,episode_attempt_5d531f12d72bf337afd8,d2b6ae66749703699729e1ce43e221273df2045e86194a978d1fd183ffe9da0b,true
result_1a35387a6b1ab348459f62b2,runplan_dc8ae57dfeff5543,cell_e6e481764d1e503aa402,housing_v1__experiment__000004,housing_v1,housing_controlled_model_landlords_experiment,episode_attempt_5d531f12d72bf337afd8,d2b6ae66749703699729e1ce43e221273df2045e86194a978d1fd183ffe9da0b,included,housing_social_welfare_leaf,1.0.0,social_welfare,1.0.0,utility,landlord_0,landlord_0,0.0,utility_points,"{""disagreement_utility"":0.0}",ok,valid,[],"[""event_00000285""]",evaluation_receipt,episode_attempt_5d531f12d72bf337afd8,d2b6ae66749703699729e1ce43e221273df2045e86194a978d1fd183ffe9da0b,true
result_e4068a6cc2705bc61649cfc7,runplan_dc8ae57dfeff5543,cell_e6e481764d1e503aa402,housing_v1__experiment__000004,housing_v1,housing_controlled_model_landlords_experiment,episode_attempt_5d531f12d72bf337afd8,d2b6ae66749703699729e1ce43e221273df2045e86194a978d1fd183ffe9da0b,included,housing_social_welfare_leaf,1.0.0,social_welfare,1.0.0,utility,landlord_1,landlord_1,95.25,utility_points,"{""disagreement_utility"":0.0}",ok,valid,[],"[""event_00000285""]",evaluation_receipt,episode_attempt_5d531f12d72bf337afd8,d2b6ae66749703699729e1ce43e221273df2045e86194a978d1fd183ffe9da0b,true
result_a775304d3d22f38df019bd0f,runplan_dc8ae57dfeff5543,cell_e6e481764d1e503aa402,housing_v1__experiment__000004,housing_v1,housing_controlled_model_landlords_experiment,episode_attempt_5d531f12d72bf337afd8,d2b6ae66749703699729e1ce43e221273df2045e86194a978d1fd183ffe9da0b,included,housing_social_welfare_leaf,1.0.0,social_welfare,1.0.0,utility,landlord_2,landlord_2,60.76,utility_points,"{""disagreement_utility"":0.0}",ok,valid,[],"[""event_00000285""]",evaluation_receipt,episode_attempt_5d531f12d72bf337afd8,d2b6ae66749703699729e1ce43e221273df2045e86194a978d1fd183ffe9da0b,true
result_3b943a19c65ba6cd8cb31b5e,runplan_dc8ae57dfeff5543,cell_e6e481764d1e503aa402,housing_v1__experiment__000004,housing_v1,housing_controlled_model_landlords_experiment,episode_attempt_5d531f12d72bf337afd8,d2b6ae66749703699729e1ce43e221273df2045e86194a978d1fd183ffe9da0b,included,housing_social_welfare_leaf,1.0.0,social_welfare,1.0.0,utility,landlord_3,landlord_3,-1988.82,utility_points,"{""disagreement_utility"":0.0}",ok,valid,[],"[""event_00000285""]",evaluation_receipt,episode_attempt_5d531f12d72bf337afd8,d2b6ae66749703699729e1ce43e221273df2045e86194a978d1fd183ffe9da0b,true
result_9576bb5bef78eb2a2b6af63d,runplan_dc8ae57dfeff5543,cell_e6e481764d1e503aa402,housing_v1__experiment__000004,housing_v1,housing_controlled_model_landlords_experiment,episode_attempt_5d531f12d72bf337afd8,d2b6ae66749703699729e1ce43e221273df2045e86194a978d1fd183ffe9da0b,included,housing_social_welfare_leaf,1.0.0,social_welfare,1.0.0,utility,landlord_4,landlord_4,0.0,utility_points,"{""disagreement_utility"":0.0}",ok,valid,[],"[""event_00000285""]",evaluation_receipt,episode_attempt_5d531f12d72bf337afd8,d2b6ae66749703699729e1ce43e221273df2045e86194a978d1fd183ffe9da0b,true
result_3f18712fcae5baac3b4fed48,runplan_dc8ae57dfeff5543,cell_e6e481764d1e503aa402,housing_v1__experiment__000004,housing_v1,housing_controlled_model_landlords_experiment,episode_attempt_5d531f12d72bf337afd8,d2b6ae66749703699729e1ce43e221273df2045e86194a978d1fd183ffe9da0b,included,housing_social_welfare_leaf,1.0.0,social_welfare,1.0.0,utility,tenant_0,tenant_0,0.0,utility_points,"{""disagreement_utility"":0.0}",ok,valid,[],"[""event_00000285""]",evaluation_receipt,episode_attempt_5d531f12d72bf337afd8,d2b6ae66749703699729e1ce43e221273df2045e86194a978d1fd183ffe9da0b,true
result_cde08f2b3472f06e44490187,runplan_dc8ae57dfeff5543,cell_e6e481764d1e503aa402,housing_v1__experiment__000004,housing_v1,housing_controlled_model_landlords_experiment,episode_attempt_5d531f12d72bf337afd8,d2b6ae66749703699729e1ce43e221273df2045e86194a978d1fd183ffe9da0b,included,housing_social_welfare_leaf,1.0.0,social_welfare,1.0.0,utility,tenant_1,tenant_1,146.97,utility_points,"{""disagreement_utility"":0.0}",ok,valid,[],"[""event_00000285""]",evaluation_receipt,episode_attempt_5d531f12d72bf337afd8,d2b6ae66749703699729e1ce43e221273df2045e86194a978d1fd183ffe9da0b,true
result_6749046937abfd8d518f4801,runplan_dc8ae57dfeff5543,cell_e6e481764d1e503aa402,housing_v1__experiment__000004,housing_v1,housing_controlled_model_landlords_experiment,episode_attempt_5d531f12d72bf337afd8,d2b6ae66749703699729e1ce43e221273df2045e86194a978d1fd183ffe9da0b,included,housing_social_welfare_leaf,1.0.0,social_welfare,1.0.0,utility,tenant_2,tenant_2,239.24,utility_points,"{""disagreement_utility"":0.0}",ok,valid,[],"[""event_00000285""]",evaluation_receipt,episode_attempt_5d531f12d72bf337afd8,d2b6ae66749703699729e1ce43e221273df2045e86194a978d1fd183ffe9da0b,true
result_a4241a2a55237b8291eda446,runplan_dc8ae57dfeff5543,cell_e6e481764d1e503aa402,housing_v1__experiment__000004,housing_v1,housing_controlled_model_landlords_experiment,episode_attempt_5d531f12d72bf337afd8,d2b6ae66749703699729e1ce43e221273df2045e86194a978d1fd183ffe9da0b,included,housing_social_welfare_leaf,1.0.0,social_welfare,1.0.0,utility,tenant_3,tenant_3,2617.93,utility_points,"{""disagreement_utility"":0.0}",ok,valid,[],"[""event_00000285""]",evaluation_receipt,episode_attempt_5d531f12d72bf337afd8,d2b6ae66749703699729e1ce43e221273df2045e86194a978d1fd183ffe9da0b,true
result_83218e6b769674f1afe777a4,runplan_dc8ae57dfeff5543,cell_e6e481764d1e503aa402,housing_v1__experiment__000004,housing_v1,housing_controlled_model_landlords_experiment,episode_attempt_5d531f12d72bf337afd8,d2b6ae66749703699729e1ce43e221273df2045e86194a978d1fd183ffe9da0b,included,housing_social_welfare_leaf,1.0.0,social_welfare,1.0.0,utility,tenant_4,tenant_4,0.0,utility_points,"{""disagreement_utility"":0.0}",ok,valid,[],"[""event_00000285""]",evaluation_receipt,episode_attempt_5d531f12d72bf337afd8,d2b6ae66749703699729e1ce43e221273df2045e86194a978d1fd183ffe9da0b,true
result_6d528d2bdcbbe230f41a7b85,runplan_dc8ae57dfeff5543,cell_e6e481764d1e503aa402,housing_v1__experiment__000004,housing_v1,housing_controlled_model_landlords_experiment,episode_attempt_5d531f12d72bf337afd8,d2b6ae66749703699729e1ce43e221273df2045e86194a978d1fd183ffe9da0b,included,housing_social_welfare_leaf,1.0.0,social_welfare,1.0.0,utility,tenant_5,tenant_5,0.0,utility_points,"{""disagreement_utility"":0.0}",ok,valid,[],"[""event_00000285""]",evaluation_receipt,episode_attempt_5d531f12d72bf337afd8,d2b6ae66749703699729e1ce43e221273df2045e86194a978d1fd183ffe9da0b,true
result_90392b7f314b8f51a3fa532f,runplan_dc8ae57dfeff5543,cell_e6e481764d1e503aa402,housing_v1__experiment__000004,housing_v1,housing_controlled_model_landlords_experiment,episode_attempt_5d531f12d72bf337afd8,d2b6ae66749703699729e1ce43e221273df2045e86194a978d1fd183ffe9da0b,included,housing_social_welfare_leaf,1.0.0,social_welfare,1.0.0,capture,landlord_0,landlord_0,0.0,utility_points,"{""disagreement_utility"":0.0}",ok,valid,[],"[""event_00000285""]",evaluation_receipt,episode_attempt_5d531f12d72bf337afd8,d2b6ae66749703699729e1ce43e221273df2045e86194a978d1fd183ffe9da0b,true
result_9819d26be667eb231c4cde54,runplan_dc8ae57dfeff5543,cell_e6e481764d1e503aa402,housing_v1__experiment__000004,housing_v1,housing_controlled_model_landlords_experiment,episode_attempt_5d531f12d72bf337afd8,d2b6ae66749703699729e1ce43e221273df2045e86194a978d1fd183ffe9da0b,included,housing_social_welfare_leaf,1.0.0,social_welfare,1.0.0,capture,landlord_1,landlord_1,95.25,utility_points,"{""disagreement_utility"":0.0}",ok,valid,[],"[""event_00000285""]",evaluation_receipt,episode_attempt_5d531f12d72bf337afd8,d2b6ae66749703699729e1ce43e221273df2045e86194a978d1fd183ffe9da0b,true
result_3363cd3345e7177e740dde92,runplan_dc8ae57dfeff5543,cell_e6e481764d1e503aa402,housing_v1__experiment__000004,housing_v1,housing_controlled_model_landlords_experiment,episode_attempt_5d531f12d72bf337afd8,d2b6ae66749703699729e1ce43e221273df2045e86194a978d1fd183ffe9da0b,included,housing_social_welfare_leaf,1.0.0,social_welfare,1.0.0,capture,landlord_2,landlord_2,60.76,utility_points,"{""disagreement_utility"":0.0}",ok,valid,[],"[""event_00000285""]",evaluation_receipt,episode_attempt_5d531f12d72bf337afd8,d2b6ae66749703699729e1ce43e221273df2045e86194a978d1fd183ffe9da0b,true
result_97b53e4b6349afeb3be7ad05,runplan_dc8ae57dfeff5543,cell_e6e481764d1e503aa402,housing_v1__experiment__000004,housing_v1,housing_controlled_model_landlords_experiment,episode_attempt_5d531f12d72bf337afd8,d2b6ae66749703699729e1ce43e221273df2045e86194a978d1fd183ffe9da0b,included,housing_social_welfare_leaf,1.0.0,social_welfare,1.0.0,capture,landlord_3,landlord_3,-1988.82,utility_points,"{""disagreement_utility"":0.0}",ok,valid,[],"[""event_00000285""]",evaluation_receipt,episode_attempt_5d531f12d72bf337afd8,d2b6ae66749703699729e1ce43e221273df2045e86194a978d1fd183ffe9da0b,true
result_049fcda382962301ee98f4d7,runplan_dc8ae57dfeff5543,cell_e6e481764d1e503aa402,housing_v1__experiment__000004,housing_v1,housing_controlled_model_landlords_experiment,episode_attempt_5d531f12d72bf337afd8,d2b6ae66749703699729e1ce43e221273df2045e86194a978d1fd183ffe9da0b,included,housing_social_welfare_leaf,1.0.0,social_welfare,1.0.0,capture,landlord_4,landlord_4,0.0,utility_points,"{""disagreement_utility"":0.0}",ok,valid,[],"[""event_00000285""]",evaluation_receipt,episode_attempt_5d531f12d72bf337afd8,d2b6ae66749703699729e1ce43e221273df2045e86194a978d1fd183ffe9da0b,true
result_99d53cdfcfcab8eacb39891e,runplan_dc8ae57dfeff5543,cell_e6e481764d1e503aa402,housing_v1__experiment__000004,housing_v1,housing_controlled_model_landlords_experiment,episode_attempt_5d531f12d72bf337afd8,d2b6ae66749703699729e1ce43e221273df2045e86194a978d1fd183ffe9da0b,included,housing_social_welfare_leaf,1.0.0,social_welfare,1.0.0,capture,tenant_0,tenant_0,0.0,utility_points,"{""disagreement_utility"":0.0}",ok,valid,[],"[""event_00000285""]",evaluation_receipt,episode_attempt_5d531f12d72bf337afd8,d2b6ae66749703699729e1ce43e221273df2045e86194a978d1fd183ffe9da0b,true
result_fa5a65653b8835fce5fe3153,runplan_dc8ae57dfeff5543,cell_e6e481764d1e503aa402,housing_v1__experiment__000004,housing_v1,housing_controlled_model_landlords_experiment,episode_attempt_5d531f12d72bf337afd8,d2b6ae66749703699729e1ce43e221273df2045e86194a978d1fd183ffe9da0b,included,housing_social_welfare_leaf,1.0.0,social_welfare,1.0.0,capture,tenant_1,tenant_1,146.97,utility_points,"{""disagreement_utility"":0.0}",ok,valid,[],"[""event_00000285""]",evaluation_receipt,episode_attempt_5d531f12d72bf337afd8,d2b6ae66749703699729e1ce43e221273df2045e86194a978d1fd183ffe9da0b,true
result_5f58205947ba93f756d2177f,runplan_dc8ae57dfeff5543,cell_e6e481764d1e503aa402,housing_v1__experiment__000004,housing_v1,housing_controlled_model_landlords_experiment,episode_attempt_5d531f12d72bf337afd8,d2b6ae66749703699729e1ce43e221273df2045e86194a978d1fd183ffe9da0b,included,housing_social_welfare_leaf,1.0.0,social_welfare,1.0.0,capture,tenant_2,tenant_2,239.24,utility_points,"{""disagreement_utility"":0.0}",ok,valid,[],"[""event_00000285""]",evaluation_receipt,episode_attempt_5d531f12d72bf337afd8,d2b6ae66749703699729e1ce43e221273df2045e86194a978d1fd183ffe9da0b,true
result_59c4dda7ea0c447dbe478038,runplan_dc8ae57dfeff5543,cell_e6e481764d1e503aa402,housing_v1__experiment__000004,housing_v1,housing_controlled_model_landlords_experiment,episode_attempt_5d531f12d72bf337afd8,d2b6ae66749703699729e1ce43e221273df2045e86194a978d1fd183ffe9da0b,included,housing_social_welfare_leaf,1.0.0,social_welfare,1.0.0,capture,tenant_3,tenant_3,2617.93,utility_points,"{""disagreement_utility"":0.0}",ok,valid,[],"[""event_00000285""]",evaluation_receipt,episode_attempt_5d531f12d72bf337afd8,d2b6ae66749703699729e1ce43e221273df2045e86194a978d1fd183ffe9da0b,true
result_8c0e4b0c577d174cd91e173f,runplan_dc8ae57dfeff5543,cell_e6e481764d1e503aa402,housing_v1__experiment__000004,housing_v1,housing_controlled_model_landlords_experiment,episode_attempt_5d531f12d72bf337afd8,d2b6ae66749703699729e1ce43e221273df2045e86194a978d1fd183ffe9da0b,included,housing_social_welfare_leaf,1.0.0,social_welfare,1.0.0,capture,tenant_4,tenant_4,0.0,utility_points,"{""disagreement_utility"":0.0}",ok,valid,[],"[""event_00000285""]",evaluation_receipt,episode_attempt_5d531f12d72bf337afd8,d2b6ae66749703699729e1ce43e221273df2045e86194a978d1fd183ffe9da0b,true
result_75124fbe781572351be933fc,runplan_dc8ae57dfeff5543,cell_e6e481764d1e503aa402,housing_v1__experiment__000004,housing_v1,housing_controlled_model_landlords_experiment,episode_attempt_5d531f12d72bf337afd8,d2b6ae66749703699729e1ce43e221273df2045e86194a978d1fd183ffe9da0b,included,housing_social_welfare_leaf,1.0.0,social_welfare,1.0.0,capture,tenant_5,tenant_5,0.0,utility_points,"{""disagreement_utility"":0.0}",ok,valid,[],"[""event_00000285""]",evaluation_receipt,episode_attempt_5d531f12d72bf337afd8,d2b6ae66749703699729e1ce43e221273df2045e86194a978d1fd183ffe9da0b,true
