fact_id,run_id,task_id,case_id,family_id,block_id,episode_attempt_id,receipt_sha256,inclusion_status,leaf_id,leaf_version,estimand_id,estimand_version,metric_role,metric_name,seat_id,value,unit,metric_metadata,score_status,validity_status,validity_reasons,evidence_refs,source_kind,source_id,source_sha256,reportable
result_b995853b11e345e6d9a91435,runplan_668033750157196d,cell_026206b821b6b34f9597,housing_v1__experiment__000004,housing_v1,housing_controlled_model_landlords_experiment,episode_attempt_ebd5bca7a0977cd0993c,30ce3e98e2a8f5e7e7a3466e06caa64f207c1a50652d32f28aa70d72c20c38f2,included,housing_social_welfare_leaf,1.0.0,social_welfare,1.0.0,primary,social_welfare,,463.05,utility_points,{},ok,valid,[],"[""event_00000275""]",evaluation_receipt,episode_attempt_ebd5bca7a0977cd0993c,30ce3e98e2a8f5e7e7a3466e06caa64f207c1a50652d32f28aa70d72c20c38f2,true
result_dcbdd83303f1d947c6889b42,runplan_668033750157196d,cell_026206b821b6b34f9597,housing_v1__experiment__000004,housing_v1,housing_controlled_model_landlords_experiment,episode_attempt_ebd5bca7a0977cd0993c,30ce3e98e2a8f5e7e7a3466e06caa64f207c1a50652d32f28aa70d72c20c38f2,included,housing_social_welfare_leaf,1.0.0,social_welfare,1.0.0,metric,comparison_baseline_gap,,-586.27,utility_points,{},ok,valid,[],"[""event_00000275""]",evaluation_receipt,episode_attempt_ebd5bca7a0977cd0993c,30ce3e98e2a8f5e7e7a3466e06caa64f207c1a50652d32f28aa70d72c20c38f2,true
result_a341355a3eb23665ed2e9be6,runplan_668033750157196d,cell_026206b821b6b34f9597,housing_v1__experiment__000004,housing_v1,housing_controlled_model_landlords_experiment,episode_attempt_ebd5bca7a0977cd0993c,30ce3e98e2a8f5e7e7a3466e06caa64f207c1a50652d32f28aa70d72c20c38f2,included,housing_social_welfare_leaf,1.0.0,social_welfare,1.0.0,metric,ir_violation_count,,0.0,count,{},ok,valid,[],"[""event_00000275""]",evaluation_receipt,episode_attempt_ebd5bca7a0977cd0993c,30ce3e98e2a8f5e7e7a3466e06caa64f207c1a50652d32f28aa70d72c20c38f2,true
result_dde5c446c7f44eba9feeb923,runplan_668033750157196d,cell_026206b821b6b34f9597,housing_v1__experiment__000004,housing_v1,housing_controlled_model_landlords_experiment,episode_attempt_ebd5bca7a0977cd0993c,30ce3e98e2a8f5e7e7a3466e06caa64f207c1a50652d32f28aa70d72c20c38f2,included,housing_social_welfare_leaf,1.0.0,social_welfare,1.0.0,metric,social_welfare,,463.05,utility_points,{},ok,valid,[],"[""event_00000275""]",evaluation_receipt,episode_attempt_ebd5bca7a0977cd0993c,30ce3e98e2a8f5e7e7a3466e06caa64f207c1a50652d32f28aa70d72c20c38f2,true
result_17a0d3c5d72338e7749d5e15,runplan_668033750157196d,cell_026206b821b6b34f9597,housing_v1__experiment__000004,housing_v1,housing_controlled_model_landlords_experiment,episode_attempt_ebd5bca7a0977cd0993c,30ce3e98e2a8f5e7e7a3466e06caa64f207c1a50652d32f28aa70d72c20c38f2,included,housing_social_welfare_leaf,1.0.0,social_welfare,1.0.0,metric,upper_bound_gap,,725.0,utility_points,{},ok,valid,[],"[""event_00000275""]",evaluation_receipt,episode_attempt_ebd5bca7a0977cd0993c,30ce3e98e2a8f5e7e7a3466e06caa64f207c1a50652d32f28aa70d72c20c38f2,true
result_1c2c4ef2e4ab0328bd5a0557,runplan_668033750157196d,cell_026206b821b6b34f9597,housing_v1__experiment__000004,housing_v1,housing_controlled_model_landlords_experiment,episode_attempt_ebd5bca7a0977cd0993c,30ce3e98e2a8f5e7e7a3466e06caa64f207c1a50652d32f28aa70d72c20c38f2,included,housing_social_welfare_leaf,1.0.0,social_welfare,1.0.0,metric,wasted_contacts,,10.0,count,{},ok,valid,[],"[""event_00000275""]",evaluation_receipt,episode_attempt_ebd5bca7a0977cd0993c,30ce3e98e2a8f5e7e7a3466e06caa64f207c1a50652d32f28aa70d72c20c38f2,true
result_df5cb098da9995841bc8c4ca,runplan_668033750157196d,cell_026206b821b6b34f9597,housing_v1__experiment__000004,housing_v1,housing_controlled_model_landlords_experiment,episode_attempt_ebd5bca7a0977cd0993c,30ce3e98e2a8f5e7e7a3466e06caa64f207c1a50652d32f28aa70d72c20c38f2,included,housing_social_welfare_leaf,1.0.0,social_welfare,1.0.0,metric,within_case_score,,0.38975632338706284,ratio,{},ok,valid,[],"[""event_00000275""]",evaluation_receipt,episode_attempt_ebd5bca7a0977cd0993c,30ce3e98e2a8f5e7e7a3466e06caa64f207c1a50652d32f28aa70d72c20c38f2,true
result_22922dba2fd3e5ef7226824b,runplan_668033750157196d,cell_026206b821b6b34f9597,housing_v1__experiment__000004,housing_v1,housing_controlled_model_landlords_experiment,episode_attempt_ebd5bca7a0977cd0993c,30ce3e98e2a8f5e7e7a3466e06caa64f207c1a50652d32f28aa70d72c20c38f2,included,housing_social_welfare_leaf,1.0.0,social_welfare,1.0.0,reference,comparison_baseline,,1049.32,utility_points,"{""policy"":""naive"",""reference_kind"":""comparison_baseline""}",ok,valid,[],"[""event_00000275""]",evaluation_receipt,episode_attempt_ebd5bca7a0977cd0993c,30ce3e98e2a8f5e7e7a3466e06caa64f207c1a50652d32f28aa70d72c20c38f2,true
result_30b91e4dc3cef9ff83596a7c,runplan_668033750157196d,cell_026206b821b6b34f9597,housing_v1__experiment__000004,housing_v1,housing_controlled_model_landlords_experiment,episode_attempt_ebd5bca7a0977cd0993c,30ce3e98e2a8f5e7e7a3466e06caa64f207c1a50652d32f28aa70d72c20c38f2,included,housing_social_welfare_leaf,1.0.0,social_welfare,1.0.0,reference,optimum_lower_bound,,0.0,utility_points,"{""policy"":""do_nothing"",""reference_kind"":""objective_lower_bound""}",ok,valid,[],"[""event_00000275""]",evaluation_receipt,episode_attempt_ebd5bca7a0977cd0993c,30ce3e98e2a8f5e7e7a3466e06caa64f207c1a50652d32f28aa70d72c20c38f2,true
result_3f7cf866c76aa433c99cedbe,runplan_668033750157196d,cell_026206b821b6b34f9597,housing_v1__experiment__000004,housing_v1,housing_controlled_model_landlords_experiment,episode_attempt_ebd5bca7a0977cd0993c,30ce3e98e2a8f5e7e7a3466e06caa64f207c1a50652d32f28aa70d72c20c38f2,included,housing_social_welfare_leaf,1.0.0,social_welfare,1.0.0,reference,optimum_upper_bound,,1188.05,utility_points,"{""reference_kind"":""objective_upper_bound"",""semantics"":""full_information_allocation_relaxation""}",ok,valid,[],"[""event_00000275""]",evaluation_receipt,episode_attempt_ebd5bca7a0977cd0993c,30ce3e98e2a8f5e7e7a3466e06caa64f207c1a50652d32f28aa70d72c20c38f2,true
result_05604f55cd178eaab578e942,runplan_668033750157196d,cell_026206b821b6b34f9597,housing_v1__experiment__000004,housing_v1,housing_controlled_model_landlords_experiment,episode_attempt_ebd5bca7a0977cd0993c,30ce3e98e2a8f5e7e7a3466e06caa64f207c1a50652d32f28aa70d72c20c38f2,included,housing_social_welfare_leaf,1.0.0,social_welfare,1.0.0,utility,landlord_0,landlord_0,0.0,utility_points,"{""disagreement_utility"":0.0}",ok,valid,[],"[""event_00000275""]",evaluation_receipt,episode_attempt_ebd5bca7a0977cd0993c,30ce3e98e2a8f5e7e7a3466e06caa64f207c1a50652d32f28aa70d72c20c38f2,true
result_bb9bd77881d875ae351d0a77,runplan_668033750157196d,cell_026206b821b6b34f9597,housing_v1__experiment__000004,housing_v1,housing_controlled_model_landlords_experiment,episode_attempt_ebd5bca7a0977cd0993c,30ce3e98e2a8f5e7e7a3466e06caa64f207c1a50652d32f28aa70d72c20c38f2,included,housing_social_welfare_leaf,1.0.0,social_welfare,1.0.0,utility,landlord_1,landlord_1,0.0,utility_points,"{""disagreement_utility"":0.0}",ok,valid,[],"[""event_00000275""]",evaluation_receipt,episode_attempt_ebd5bca7a0977cd0993c,30ce3e98e2a8f5e7e7a3466e06caa64f207c1a50652d32f28aa70d72c20c38f2,true
result_891c4136c078fa6c26f37eee,runplan_668033750157196d,cell_026206b821b6b34f9597,housing_v1__experiment__000004,housing_v1,housing_controlled_model_landlords_experiment,episode_attempt_ebd5bca7a0977cd0993c,30ce3e98e2a8f5e7e7a3466e06caa64f207c1a50652d32f28aa70d72c20c38f2,included,housing_social_welfare_leaf,1.0.0,social_welfare,1.0.0,utility,landlord_2,landlord_2,0.0,utility_points,"{""disagreement_utility"":0.0}",ok,valid,[],"[""event_00000275""]",evaluation_receipt,episode_attempt_ebd5bca7a0977cd0993c,30ce3e98e2a8f5e7e7a3466e06caa64f207c1a50652d32f28aa70d72c20c38f2,true
result_c644b35da5b3e5d3c6c41292,runplan_668033750157196d,cell_026206b821b6b34f9597,housing_v1__experiment__000004,housing_v1,housing_controlled_model_landlords_experiment,episode_attempt_ebd5bca7a0977cd0993c,30ce3e98e2a8f5e7e7a3466e06caa64f207c1a50652d32f28aa70d72c20c38f2,included,housing_social_welfare_leaf,1.0.0,social_welfare,1.0.0,utility,landlord_3,landlord_3,111.18,utility_points,"{""disagreement_utility"":0.0}",ok,valid,[],"[""event_00000275""]",evaluation_receipt,episode_attempt_ebd5bca7a0977cd0993c,30ce3e98e2a8f5e7e7a3466e06caa64f207c1a50652d32f28aa70d72c20c38f2,true
result_25d6773cf789389caec64673,runplan_668033750157196d,cell_026206b821b6b34f9597,housing_v1__experiment__000004,housing_v1,housing_controlled_model_landlords_experiment,episode_attempt_ebd5bca7a0977cd0993c,30ce3e98e2a8f5e7e7a3466e06caa64f207c1a50652d32f28aa70d72c20c38f2,included,housing_social_welfare_leaf,1.0.0,social_welfare,1.0.0,utility,tenant_0,tenant_0,0.0,utility_points,"{""disagreement_utility"":0.0}",ok,valid,[],"[""event_00000275""]",evaluation_receipt,episode_attempt_ebd5bca7a0977cd0993c,30ce3e98e2a8f5e7e7a3466e06caa64f207c1a50652d32f28aa70d72c20c38f2,true
result_f70e12b496ebed7af771b288,runplan_668033750157196d,cell_026206b821b6b34f9597,housing_v1__experiment__000004,housing_v1,housing_controlled_model_landlords_experiment,episode_attempt_ebd5bca7a0977cd0993c,30ce3e98e2a8f5e7e7a3466e06caa64f207c1a50652d32f28aa70d72c20c38f2,included,housing_social_welfare_leaf,1.0.0,social_welfare,1.0.0,utility,tenant_1,tenant_1,351.87,utility_points,"{""disagreement_utility"":0.0}",ok,valid,[],"[""event_00000275""]",evaluation_receipt,episode_attempt_ebd5bca7a0977cd0993c,30ce3e98e2a8f5e7e7a3466e06caa64f207c1a50652d32f28aa70d72c20c38f2,true
result_beba4049f2391583d31a1f2c,runplan_668033750157196d,cell_026206b821b6b34f9597,housing_v1__experiment__000004,housing_v1,housing_controlled_model_landlords_experiment,episode_attempt_ebd5bca7a0977cd0993c,30ce3e98e2a8f5e7e7a3466e06caa64f207c1a50652d32f28aa70d72c20c38f2,included,housing_social_welfare_leaf,1.0.0,social_welfare,1.0.0,utility,tenant_2,tenant_2,0.0,utility_points,"{""disagreement_utility"":0.0}",ok,valid,[],"[""event_00000275""]",evaluation_receipt,episode_attempt_ebd5bca7a0977cd0993c,30ce3e98e2a8f5e7e7a3466e06caa64f207c1a50652d32f28aa70d72c20c38f2,true
result_35b0e104fcb8fc47bb7fb048,runplan_668033750157196d,cell_026206b821b6b34f9597,housing_v1__experiment__000004,housing_v1,housing_controlled_model_landlords_experiment,episode_attempt_ebd5bca7a0977cd0993c,30ce3e98e2a8f5e7e7a3466e06caa64f207c1a50652d32f28aa70d72c20c38f2,included,housing_social_welfare_leaf,1.0.0,social_welfare,1.0.0,utility,tenant_3,tenant_3,0.0,utility_points,"{""disagreement_utility"":0.0}",ok,valid,[],"[""event_00000275""]",evaluation_receipt,episode_attempt_ebd5bca7a0977cd0993c,30ce3e98e2a8f5e7e7a3466e06caa64f207c1a50652d32f28aa70d72c20c38f2,true
result_94177a15ef869bd2ca6d17db,runplan_668033750157196d,cell_026206b821b6b34f9597,housing_v1__experiment__000004,housing_v1,housing_controlled_model_landlords_experiment,episode_attempt_ebd5bca7a0977cd0993c,30ce3e98e2a8f5e7e7a3466e06caa64f207c1a50652d32f28aa70d72c20c38f2,included,housing_social_welfare_leaf,1.0.0,social_welfare,1.0.0,utility,tenant_4,tenant_4,0.0,utility_points,"{""disagreement_utility"":0.0}",ok,valid,[],"[""event_00000275""]",evaluation_receipt,episode_attempt_ebd5bca7a0977cd0993c,30ce3e98e2a8f5e7e7a3466e06caa64f207c1a50652d32f28aa70d72c20c38f2,true
result_716f85a500eda3e9511131a9,runplan_668033750157196d,cell_026206b821b6b34f9597,housing_v1__experiment__000004,housing_v1,housing_controlled_model_landlords_experiment,episode_attempt_ebd5bca7a0977cd0993c,30ce3e98e2a8f5e7e7a3466e06caa64f207c1a50652d32f28aa70d72c20c38f2,included,housing_social_welfare_leaf,1.0.0,social_welfare,1.0.0,utility,tenant_5,tenant_5,0.0,utility_points,"{""disagreement_utility"":0.0}",ok,valid,[],"[""event_00000275""]",evaluation_receipt,episode_attempt_ebd5bca7a0977cd0993c,30ce3e98e2a8f5e7e7a3466e06caa64f207c1a50652d32f28aa70d72c20c38f2,true
result_f81cf3f494ae5ae11d9e7da9,runplan_668033750157196d,cell_026206b821b6b34f9597,housing_v1__experiment__000004,housing_v1,housing_controlled_model_landlords_experiment,episode_attempt_ebd5bca7a0977cd0993c,30ce3e98e2a8f5e7e7a3466e06caa64f207c1a50652d32f28aa70d72c20c38f2,included,housing_social_welfare_leaf,1.0.0,social_welfare,1.0.0,capture,landlord_0,landlord_0,0.0,utility_points,"{""disagreement_utility"":0.0}",ok,valid,[],"[""event_00000275""]",evaluation_receipt,episode_attempt_ebd5bca7a0977cd0993c,30ce3e98e2a8f5e7e7a3466e06caa64f207c1a50652d32f28aa70d72c20c38f2,true
result_45c05bbe36b07bb9e7a263a5,runplan_668033750157196d,cell_026206b821b6b34f9597,housing_v1__experiment__000004,housing_v1,housing_controlled_model_landlords_experiment,episode_attempt_ebd5bca7a0977cd0993c,30ce3e98e2a8f5e7e7a3466e06caa64f207c1a50652d32f28aa70d72c20c38f2,included,housing_social_welfare_leaf,1.0.0,social_welfare,1.0.0,capture,landlord_1,landlord_1,0.0,utility_points,"{""disagreement_utility"":0.0}",ok,valid,[],"[""event_00000275""]",evaluation_receipt,episode_attempt_ebd5bca7a0977cd0993c,30ce3e98e2a8f5e7e7a3466e06caa64f207c1a50652d32f28aa70d72c20c38f2,true
result_e7ab41f5de38be3b1748d609,runplan_668033750157196d,cell_026206b821b6b34f9597,housing_v1__experiment__000004,housing_v1,housing_controlled_model_landlords_experiment,episode_attempt_ebd5bca7a0977cd0993c,30ce3e98e2a8f5e7e7a3466e06caa64f207c1a50652d32f28aa70d72c20c38f2,included,housing_social_welfare_leaf,1.0.0,social_welfare,1.0.0,capture,landlord_2,landlord_2,0.0,utility_points,"{""disagreement_utility"":0.0}",ok,valid,[],"[""event_00000275""]",evaluation_receipt,episode_attempt_ebd5bca7a0977cd0993c,30ce3e98e2a8f5e7e7a3466e06caa64f207c1a50652d32f28aa70d72c20c38f2,true
result_093a239ba0a6c92532d91422,runplan_668033750157196d,cell_026206b821b6b34f9597,housing_v1__experiment__000004,housing_v1,housing_controlled_model_landlords_experiment,episode_attempt_ebd5bca7a0977cd0993c,30ce3e98e2a8f5e7e7a3466e06caa64f207c1a50652d32f28aa70d72c20c38f2,included,housing_social_welfare_leaf,1.0.0,social_welfare,1.0.0,capture,landlord_3,landlord_3,111.18,utility_points,"{""disagreement_utility"":0.0}",ok,valid,[],"[""event_00000275""]",evaluation_receipt,episode_attempt_ebd5bca7a0977cd0993c,30ce3e98e2a8f5e7e7a3466e06caa64f207c1a50652d32f28aa70d72c20c38f2,true
result_cc6433f51ab60d0f83a4dc99,runplan_668033750157196d,cell_026206b821b6b34f9597,housing_v1__experiment__000004,housing_v1,housing_controlled_model_landlords_experiment,episode_attempt_ebd5bca7a0977cd0993c,30ce3e98e2a8f5e7e7a3466e06caa64f207c1a50652d32f28aa70d72c20c38f2,included,housing_social_welfare_leaf,1.0.0,social_welfare,1.0.0,capture,tenant_0,tenant_0,0.0,utility_points,"{""disagreement_utility"":0.0}",ok,valid,[],"[""event_00000275""]",evaluation_receipt,episode_attempt_ebd5bca7a0977cd0993c,30ce3e98e2a8f5e7e7a3466e06caa64f207c1a50652d32f28aa70d72c20c38f2,true
result_7f32b7c7fb07ef6299f0966b,runplan_668033750157196d,cell_026206b821b6b34f9597,housing_v1__experiment__000004,housing_v1,housing_controlled_model_landlords_experiment,episode_attempt_ebd5bca7a0977cd0993c,30ce3e98e2a8f5e7e7a3466e06caa64f207c1a50652d32f28aa70d72c20c38f2,included,housing_social_welfare_leaf,1.0.0,social_welfare,1.0.0,capture,tenant_1,tenant_1,351.87,utility_points,"{""disagreement_utility"":0.0}",ok,valid,[],"[""event_00000275""]",evaluation_receipt,episode_attempt_ebd5bca7a0977cd0993c,30ce3e98e2a8f5e7e7a3466e06caa64f207c1a50652d32f28aa70d72c20c38f2,true
result_76b434400411ffc7144808e2,runplan_668033750157196d,cell_026206b821b6b34f9597,housing_v1__experiment__000004,housing_v1,housing_controlled_model_landlords_experiment,episode_attempt_ebd5bca7a0977cd0993c,30ce3e98e2a8f5e7e7a3466e06caa64f207c1a50652d32f28aa70d72c20c38f2,included,housing_social_welfare_leaf,1.0.0,social_welfare,1.0.0,capture,tenant_2,tenant_2,0.0,utility_points,"{""disagreement_utility"":0.0}",ok,valid,[],"[""event_00000275""]",evaluation_receipt,episode_attempt_ebd5bca7a0977cd0993c,30ce3e98e2a8f5e7e7a3466e06caa64f207c1a50652d32f28aa70d72c20c38f2,true
result_a6ea08927bfdaddb9a8553e5,runplan_668033750157196d,cell_026206b821b6b34f9597,housing_v1__experiment__000004,housing_v1,housing_controlled_model_landlords_experiment,episode_attempt_ebd5bca7a0977cd0993c,30ce3e98e2a8f5e7e7a3466e06caa64f207c1a50652d32f28aa70d72c20c38f2,included,housing_social_welfare_leaf,1.0.0,social_welfare,1.0.0,capture,tenant_3,tenant_3,0.0,utility_points,"{""disagreement_utility"":0.0}",ok,valid,[],"[""event_00000275""]",evaluation_receipt,episode_attempt_ebd5bca7a0977cd0993c,30ce3e98e2a8f5e7e7a3466e06caa64f207c1a50652d32f28aa70d72c20c38f2,true
result_6b64f69399f50097b5c1e6dd,runplan_668033750157196d,cell_026206b821b6b34f9597,housing_v1__experiment__000004,housing_v1,housing_controlled_model_landlords_experiment,episode_attempt_ebd5bca7a0977cd0993c,30ce3e98e2a8f5e7e7a3466e06caa64f207c1a50652d32f28aa70d72c20c38f2,included,housing_social_welfare_leaf,1.0.0,social_welfare,1.0.0,capture,tenant_4,tenant_4,0.0,utility_points,"{""disagreement_utility"":0.0}",ok,valid,[],"[""event_00000275""]",evaluation_receipt,episode_attempt_ebd5bca7a0977cd0993c,30ce3e98e2a8f5e7e7a3466e06caa64f207c1a50652d32f28aa70d72c20c38f2,true
result_8e3e10eb477f16912dbcaf48,runplan_668033750157196d,cell_026206b821b6b34f9597,housing_v1__experiment__000004,housing_v1,housing_controlled_model_landlords_experiment,episode_attempt_ebd5bca7a0977cd0993c,30ce3e98e2a8f5e7e7a3466e06caa64f207c1a50652d32f28aa70d72c20c38f2,included,housing_social_welfare_leaf,1.0.0,social_welfare,1.0.0,capture,tenant_5,tenant_5,0.0,utility_points,"{""disagreement_utility"":0.0}",ok,valid,[],"[""event_00000275""]",evaluation_receipt,episode_attempt_ebd5bca7a0977cd0993c,30ce3e98e2a8f5e7e7a3466e06caa64f207c1a50652d32f28aa70d72c20c38f2,true
result_47b760cb873d0115813a05a3,runplan_668033750157196d,cell_0a5ec987b12e20c02154,housing_v1__experiment__000006,housing_v1,housing_controlled_model_landlords_experiment,episode_attempt_d560ab1a99afde89c4d7,8bfcfe7288f162a0ede9d15cea20b8b9667259f85497085eb5732ddd869b2023,included,housing_social_welfare_leaf,1.0.0,social_welfare,1.0.0,primary,social_welfare,,718.89,utility_points,{},ok,valid,[],"[""event_00000255""]",evaluation_receipt,episode_attempt_d560ab1a99afde89c4d7,8bfcfe7288f162a0ede9d15cea20b8b9667259f85497085eb5732ddd869b2023,true
result_6203fdfb308eb8950357d818,runplan_668033750157196d,cell_0a5ec987b12e20c02154,housing_v1__experiment__000006,housing_v1,housing_controlled_model_landlords_experiment,episode_attempt_d560ab1a99afde89c4d7,8bfcfe7288f162a0ede9d15cea20b8b9667259f85497085eb5732ddd869b2023,included,housing_social_welfare_leaf,1.0.0,social_welfare,1.0.0,metric,comparison_baseline_gap,,0.0,utility_points,{},ok,valid,[],"[""event_00000255""]",evaluation_receipt,episode_attempt_d560ab1a99afde89c4d7,8bfcfe7288f162a0ede9d15cea20b8b9667259f85497085eb5732ddd869b2023,true
result_562ba2987dd1e5e24b04536f,runplan_668033750157196d,cell_0a5ec987b12e20c02154,housing_v1__experiment__000006,housing_v1,housing_controlled_model_landlords_experiment,episode_attempt_d560ab1a99afde89c4d7,8bfcfe7288f162a0ede9d15cea20b8b9667259f85497085eb5732ddd869b2023,included,housing_social_welfare_leaf,1.0.0,social_welfare,1.0.0,metric,ir_violation_count,,0.0,count,{},ok,valid,[],"[""event_00000255""]",evaluation_receipt,episode_attempt_d560ab1a99afde89c4d7,8bfcfe7288f162a0ede9d15cea20b8b9667259f85497085eb5732ddd869b2023,true
result_80eddac1bb2b57cce5382ff5,runplan_668033750157196d,cell_0a5ec987b12e20c02154,housing_v1__experiment__000006,housing_v1,housing_controlled_model_landlords_experiment,episode_attempt_d560ab1a99afde89c4d7,8bfcfe7288f162a0ede9d15cea20b8b9667259f85497085eb5732ddd869b2023,included,housing_social_welfare_leaf,1.0.0,social_welfare,1.0.0,metric,social_welfare,,718.89,utility_points,{},ok,valid,[],"[""event_00000255""]",evaluation_receipt,episode_attempt_d560ab1a99afde89c4d7,8bfcfe7288f162a0ede9d15cea20b8b9667259f85497085eb5732ddd869b2023,true
result_47814d3d58c4c732aac5e756,runplan_668033750157196d,cell_0a5ec987b12e20c02154,housing_v1__experiment__000006,housing_v1,housing_controlled_model_landlords_experiment,episode_attempt_d560ab1a99afde89c4d7,8bfcfe7288f162a0ede9d15cea20b8b9667259f85497085eb5732ddd869b2023,included,housing_social_welfare_leaf,1.0.0,social_welfare,1.0.0,metric,upper_bound_gap,,409.2400000000001,utility_points,{},ok,valid,[],"[""event_00000255""]",evaluation_receipt,episode_attempt_d560ab1a99afde89c4d7,8bfcfe7288f162a0ede9d15cea20b8b9667259f85497085eb5732ddd869b2023,true
result_3acd55d23efe94076b07ac02,runplan_668033750157196d,cell_0a5ec987b12e20c02154,housing_v1__experiment__000006,housing_v1,housing_controlled_model_landlords_experiment,episode_attempt_d560ab1a99afde89c4d7,8bfcfe7288f162a0ede9d15cea20b8b9667259f85497085eb5732ddd869b2023,included,housing_social_welfare_leaf,1.0.0,social_welfare,1.0.0,metric,wasted_contacts,,9.0,count,{},ok,valid,[],"[""event_00000255""]",evaluation_receipt,episode_attempt_d560ab1a99afde89c4d7,8bfcfe7288f162a0ede9d15cea20b8b9667259f85497085eb5732ddd869b2023,true
result_7e3fd6cdd9b1134516603f46,runplan_668033750157196d,cell_0a5ec987b12e20c02154,housing_v1__experiment__000006,housing_v1,housing_controlled_model_landlords_experiment,episode_attempt_d560ab1a99afde89c4d7,8bfcfe7288f162a0ede9d15cea20b8b9667259f85497085eb5732ddd869b2023,included,housing_social_welfare_leaf,1.0.0,social_welfare,1.0.0,metric,within_case_score,,0.6372403889622649,ratio,{},ok,valid,[],"[""event_00000255""]",evaluation_receipt,episode_attempt_d560ab1a99afde89c4d7,8bfcfe7288f162a0ede9d15cea20b8b9667259f85497085eb5732ddd869b2023,true
result_8aafe1550d61f6865e499f3d,runplan_668033750157196d,cell_0a5ec987b12e20c02154,housing_v1__experiment__000006,housing_v1,housing_controlled_model_landlords_experiment,episode_attempt_d560ab1a99afde89c4d7,8bfcfe7288f162a0ede9d15cea20b8b9667259f85497085eb5732ddd869b2023,included,housing_social_welfare_leaf,1.0.0,social_welfare,1.0.0,reference,comparison_baseline,,718.89,utility_points,"{""policy"":""naive"",""reference_kind"":""comparison_baseline""}",ok,valid,[],"[""event_00000255""]",evaluation_receipt,episode_attempt_d560ab1a99afde89c4d7,8bfcfe7288f162a0ede9d15cea20b8b9667259f85497085eb5732ddd869b2023,true
result_ca94e595d6b8ef3914158d42,runplan_668033750157196d,cell_0a5ec987b12e20c02154,housing_v1__experiment__000006,housing_v1,housing_controlled_model_landlords_experiment,episode_attempt_d560ab1a99afde89c4d7,8bfcfe7288f162a0ede9d15cea20b8b9667259f85497085eb5732ddd869b2023,included,housing_social_welfare_leaf,1.0.0,social_welfare,1.0.0,reference,optimum_lower_bound,,0.0,utility_points,"{""policy"":""do_nothing"",""reference_kind"":""objective_lower_bound""}",ok,valid,[],"[""event_00000255""]",evaluation_receipt,episode_attempt_d560ab1a99afde89c4d7,8bfcfe7288f162a0ede9d15cea20b8b9667259f85497085eb5732ddd869b2023,true
result_a0cf55ac26c344aab7c9ae75,runplan_668033750157196d,cell_0a5ec987b12e20c02154,housing_v1__experiment__000006,housing_v1,housing_controlled_model_landlords_experiment,episode_attempt_d560ab1a99afde89c4d7,8bfcfe7288f162a0ede9d15cea20b8b9667259f85497085eb5732ddd869b2023,included,housing_social_welfare_leaf,1.0.0,social_welfare,1.0.0,reference,optimum_upper_bound,,1128.13,utility_points,"{""reference_kind"":""objective_upper_bound"",""semantics"":""full_information_allocation_relaxation""}",ok,valid,[],"[""event_00000255""]",evaluation_receipt,episode_attempt_d560ab1a99afde89c4d7,8bfcfe7288f162a0ede9d15cea20b8b9667259f85497085eb5732ddd869b2023,true
result_461b9e167c9f02460094f3ca,runplan_668033750157196d,cell_0a5ec987b12e20c02154,housing_v1__experiment__000006,housing_v1,housing_controlled_model_landlords_experiment,episode_attempt_d560ab1a99afde89c4d7,8bfcfe7288f162a0ede9d15cea20b8b9667259f85497085eb5732ddd869b2023,included,housing_social_welfare_leaf,1.0.0,social_welfare,1.0.0,utility,landlord_0,landlord_0,0.0,utility_points,"{""disagreement_utility"":0.0}",ok,valid,[],"[""event_00000255""]",evaluation_receipt,episode_attempt_d560ab1a99afde89c4d7,8bfcfe7288f162a0ede9d15cea20b8b9667259f85497085eb5732ddd869b2023,true
result_8e6b196b39afee8d764980ee,runplan_668033750157196d,cell_0a5ec987b12e20c02154,housing_v1__experiment__000006,housing_v1,housing_controlled_model_landlords_experiment,episode_attempt_d560ab1a99afde89c4d7,8bfcfe7288f162a0ede9d15cea20b8b9667259f85497085eb5732ddd869b2023,included,housing_social_welfare_leaf,1.0.0,social_welfare,1.0.0,utility,landlord_1,landlord_1,71.73,utility_points,"{""disagreement_utility"":0.0}",ok,valid,[],"[""event_00000255""]",evaluation_receipt,episode_attempt_d560ab1a99afde89c4d7,8bfcfe7288f162a0ede9d15cea20b8b9667259f85497085eb5732ddd869b2023,true
result_31a19f5f24d5c04a62112b34,runplan_668033750157196d,cell_0a5ec987b12e20c02154,housing_v1__experiment__000006,housing_v1,housing_controlled_model_landlords_experiment,episode_attempt_d560ab1a99afde89c4d7,8bfcfe7288f162a0ede9d15cea20b8b9667259f85497085eb5732ddd869b2023,included,housing_social_welfare_leaf,1.0.0,social_welfare,1.0.0,utility,landlord_2,landlord_2,0.0,utility_points,"{""disagreement_utility"":0.0}",ok,valid,[],"[""event_00000255""]",evaluation_receipt,episode_attempt_d560ab1a99afde89c4d7,8bfcfe7288f162a0ede9d15cea20b8b9667259f85497085eb5732ddd869b2023,true
result_39d24652acc9200f38451363,runplan_668033750157196d,cell_0a5ec987b12e20c02154,housing_v1__experiment__000006,housing_v1,housing_controlled_model_landlords_experiment,episode_attempt_d560ab1a99afde89c4d7,8bfcfe7288f162a0ede9d15cea20b8b9667259f85497085eb5732ddd869b2023,included,housing_social_welfare_leaf,1.0.0,social_welfare,1.0.0,utility,landlord_3,landlord_3,44.83,utility_points,"{""disagreement_utility"":0.0}",ok,valid,[],"[""event_00000255""]",evaluation_receipt,episode_attempt_d560ab1a99afde89c4d7,8bfcfe7288f162a0ede9d15cea20b8b9667259f85497085eb5732ddd869b2023,true
result_77b701879b634ff9e7ad32c8,runplan_668033750157196d,cell_0a5ec987b12e20c02154,housing_v1__experiment__000006,housing_v1,housing_controlled_model_landlords_experiment,episode_attempt_d560ab1a99afde89c4d7,8bfcfe7288f162a0ede9d15cea20b8b9667259f85497085eb5732ddd869b2023,included,housing_social_welfare_leaf,1.0.0,social_welfare,1.0.0,utility,tenant_0,tenant_0,428.22,utility_points,"{""disagreement_utility"":0.0}",ok,valid,[],"[""event_00000255""]",evaluation_receipt,episode_attempt_d560ab1a99afde89c4d7,8bfcfe7288f162a0ede9d15cea20b8b9667259f85497085eb5732ddd869b2023,true
result_ef4db60c6c50afb09149cd6e,runplan_668033750157196d,cell_0a5ec987b12e20c02154,housing_v1__experiment__000006,housing_v1,housing_controlled_model_landlords_experiment,episode_attempt_d560ab1a99afde89c4d7,8bfcfe7288f162a0ede9d15cea20b8b9667259f85497085eb5732ddd869b2023,included,housing_social_welfare_leaf,1.0.0,social_welfare,1.0.0,utility,tenant_1,tenant_1,174.11,utility_points,"{""disagreement_utility"":0.0}",ok,valid,[],"[""event_00000255""]",evaluation_receipt,episode_attempt_d560ab1a99afde89c4d7,8bfcfe7288f162a0ede9d15cea20b8b9667259f85497085eb5732ddd869b2023,true
result_34528f419cc1a82683093e56,runplan_668033750157196d,cell_0a5ec987b12e20c02154,housing_v1__experiment__000006,housing_v1,housing_controlled_model_landlords_experiment,episode_attempt_d560ab1a99afde89c4d7,8bfcfe7288f162a0ede9d15cea20b8b9667259f85497085eb5732ddd869b2023,included,housing_social_welfare_leaf,1.0.0,social_welfare,1.0.0,utility,tenant_2,tenant_2,0.0,utility_points,"{""disagreement_utility"":0.0}",ok,valid,[],"[""event_00000255""]",evaluation_receipt,episode_attempt_d560ab1a99afde89c4d7,8bfcfe7288f162a0ede9d15cea20b8b9667259f85497085eb5732ddd869b2023,true
result_6dccfc1ccd93344b70ebb459,runplan_668033750157196d,cell_0a5ec987b12e20c02154,housing_v1__experiment__000006,housing_v1,housing_controlled_model_landlords_experiment,episode_attempt_d560ab1a99afde89c4d7,8bfcfe7288f162a0ede9d15cea20b8b9667259f85497085eb5732ddd869b2023,included,housing_social_welfare_leaf,1.0.0,social_welfare,1.0.0,utility,tenant_3,tenant_3,0.0,utility_points,"{""disagreement_utility"":0.0}",ok,valid,[],"[""event_00000255""]",evaluation_receipt,episode_attempt_d560ab1a99afde89c4d7,8bfcfe7288f162a0ede9d15cea20b8b9667259f85497085eb5732ddd869b2023,true
result_46a0ad4f09c7e9fc4d63af54,runplan_668033750157196d,cell_0a5ec987b12e20c02154,housing_v1__experiment__000006,housing_v1,housing_controlled_model_landlords_experiment,episode_attempt_d560ab1a99afde89c4d7,8bfcfe7288f162a0ede9d15cea20b8b9667259f85497085eb5732ddd869b2023,included,housing_social_welfare_leaf,1.0.0,social_welfare,1.0.0,utility,tenant_4,tenant_4,0.0,utility_points,"{""disagreement_utility"":0.0}",ok,valid,[],"[""event_00000255""]",evaluation_receipt,episode_attempt_d560ab1a99afde89c4d7,8bfcfe7288f162a0ede9d15cea20b8b9667259f85497085eb5732ddd869b2023,true
result_0882c62eadbff5b90f7924ab,runplan_668033750157196d,cell_0a5ec987b12e20c02154,housing_v1__experiment__000006,housing_v1,housing_controlled_model_landlords_experiment,episode_attempt_d560ab1a99afde89c4d7,8bfcfe7288f162a0ede9d15cea20b8b9667259f85497085eb5732ddd869b2023,included,housing_social_welfare_leaf,1.0.0,social_welfare,1.0.0,utility,tenant_5,tenant_5,0.0,utility_points,"{""disagreement_utility"":0.0}",ok,valid,[],"[""event_00000255""]",evaluation_receipt,episode_attempt_d560ab1a99afde89c4d7,8bfcfe7288f162a0ede9d15cea20b8b9667259f85497085eb5732ddd869b2023,true
result_014defcc95963546b9f755f2,runplan_668033750157196d,cell_0a5ec987b12e20c02154,housing_v1__experiment__000006,housing_v1,housing_controlled_model_landlords_experiment,episode_attempt_d560ab1a99afde89c4d7,8bfcfe7288f162a0ede9d15cea20b8b9667259f85497085eb5732ddd869b2023,included,housing_social_welfare_leaf,1.0.0,social_welfare,1.0.0,capture,landlord_0,landlord_0,0.0,utility_points,"{""disagreement_utility"":0.0}",ok,valid,[],"[""event_00000255""]",evaluation_receipt,episode_attempt_d560ab1a99afde89c4d7,8bfcfe7288f162a0ede9d15cea20b8b9667259f85497085eb5732ddd869b2023,true
result_954546756982ab2688257396,runplan_668033750157196d,cell_0a5ec987b12e20c02154,housing_v1__experiment__000006,housing_v1,housing_controlled_model_landlords_experiment,episode_attempt_d560ab1a99afde89c4d7,8bfcfe7288f162a0ede9d15cea20b8b9667259f85497085eb5732ddd869b2023,included,housing_social_welfare_leaf,1.0.0,social_welfare,1.0.0,capture,landlord_1,landlord_1,71.73,utility_points,"{""disagreement_utility"":0.0}",ok,valid,[],"[""event_00000255""]",evaluation_receipt,episode_attempt_d560ab1a99afde89c4d7,8bfcfe7288f162a0ede9d15cea20b8b9667259f85497085eb5732ddd869b2023,true
result_9c27a839566933335c41a46a,runplan_668033750157196d,cell_0a5ec987b12e20c02154,housing_v1__experiment__000006,housing_v1,housing_controlled_model_landlords_experiment,episode_attempt_d560ab1a99afde89c4d7,8bfcfe7288f162a0ede9d15cea20b8b9667259f85497085eb5732ddd869b2023,included,housing_social_welfare_leaf,1.0.0,social_welfare,1.0.0,capture,landlord_2,landlord_2,0.0,utility_points,"{""disagreement_utility"":0.0}",ok,valid,[],"[""event_00000255""]",evaluation_receipt,episode_attempt_d560ab1a99afde89c4d7,8bfcfe7288f162a0ede9d15cea20b8b9667259f85497085eb5732ddd869b2023,true
result_c5993d002203a127e3ea49aa,runplan_668033750157196d,cell_0a5ec987b12e20c02154,housing_v1__experiment__000006,housing_v1,housing_controlled_model_landlords_experiment,episode_attempt_d560ab1a99afde89c4d7,8bfcfe7288f162a0ede9d15cea20b8b9667259f85497085eb5732ddd869b2023,included,housing_social_welfare_leaf,1.0.0,social_welfare,1.0.0,capture,landlord_3,landlord_3,44.83,utility_points,"{""disagreement_utility"":0.0}",ok,valid,[],"[""event_00000255""]",evaluation_receipt,episode_attempt_d560ab1a99afde89c4d7,8bfcfe7288f162a0ede9d15cea20b8b9667259f85497085eb5732ddd869b2023,true
result_4f8090beadf40c15932133d5,runplan_668033750157196d,cell_0a5ec987b12e20c02154,housing_v1__experiment__000006,housing_v1,housing_controlled_model_landlords_experiment,episode_attempt_d560ab1a99afde89c4d7,8bfcfe7288f162a0ede9d15cea20b8b9667259f85497085eb5732ddd869b2023,included,housing_social_welfare_leaf,1.0.0,social_welfare,1.0.0,capture,tenant_0,tenant_0,428.22,utility_points,"{""disagreement_utility"":0.0}",ok,valid,[],"[""event_00000255""]",evaluation_receipt,episode_attempt_d560ab1a99afde89c4d7,8bfcfe7288f162a0ede9d15cea20b8b9667259f85497085eb5732ddd869b2023,true
result_324a7505578a1b1320de120e,runplan_668033750157196d,cell_0a5ec987b12e20c02154,housing_v1__experiment__000006,housing_v1,housing_controlled_model_landlords_experiment,episode_attempt_d560ab1a99afde89c4d7,8bfcfe7288f162a0ede9d15cea20b8b9667259f85497085eb5732ddd869b2023,included,housing_social_welfare_leaf,1.0.0,social_welfare,1.0.0,capture,tenant_1,tenant_1,174.11,utility_points,"{""disagreement_utility"":0.0}",ok,valid,[],"[""event_00000255""]",evaluation_receipt,episode_attempt_d560ab1a99afde89c4d7,8bfcfe7288f162a0ede9d15cea20b8b9667259f85497085eb5732ddd869b2023,true
result_7199ab54f294992d6a9ddc6d,runplan_668033750157196d,cell_0a5ec987b12e20c02154,housing_v1__experiment__000006,housing_v1,housing_controlled_model_landlords_experiment,episode_attempt_d560ab1a99afde89c4d7,8bfcfe7288f162a0ede9d15cea20b8b9667259f85497085eb5732ddd869b2023,included,housing_social_welfare_leaf,1.0.0,social_welfare,1.0.0,capture,tenant_2,tenant_2,0.0,utility_points,"{""disagreement_utility"":0.0}",ok,valid,[],"[""event_00000255""]",evaluation_receipt,episode_attempt_d560ab1a99afde89c4d7,8bfcfe7288f162a0ede9d15cea20b8b9667259f85497085eb5732ddd869b2023,true
result_8311587b2e3d4279eb3abade,runplan_668033750157196d,cell_0a5ec987b12e20c02154,housing_v1__experiment__000006,housing_v1,housing_controlled_model_landlords_experiment,episode_attempt_d560ab1a99afde89c4d7,8bfcfe7288f162a0ede9d15cea20b8b9667259f85497085eb5732ddd869b2023,included,housing_social_welfare_leaf,1.0.0,social_welfare,1.0.0,capture,tenant_3,tenant_3,0.0,utility_points,"{""disagreement_utility"":0.0}",ok,valid,[],"[""event_00000255""]",evaluation_receipt,episode_attempt_d560ab1a99afde89c4d7,8bfcfe7288f162a0ede9d15cea20b8b9667259f85497085eb5732ddd869b2023,true
result_1f7b18e8b4e5a1e29525a8b9,runplan_668033750157196d,cell_0a5ec987b12e20c02154,housing_v1__experiment__000006,housing_v1,housing_controlled_model_landlords_experiment,episode_attempt_d560ab1a99afde89c4d7,8bfcfe7288f162a0ede9d15cea20b8b9667259f85497085eb5732ddd869b2023,included,housing_social_welfare_leaf,1.0.0,social_welfare,1.0.0,capture,tenant_4,tenant_4,0.0,utility_points,"{""disagreement_utility"":0.0}",ok,valid,[],"[""event_00000255""]",evaluation_receipt,episode_attempt_d560ab1a99afde89c4d7,8bfcfe7288f162a0ede9d15cea20b8b9667259f85497085eb5732ddd869b2023,true
result_b31e0fb1ec5e736ac62dbaa5,runplan_668033750157196d,cell_0a5ec987b12e20c02154,housing_v1__experiment__000006,housing_v1,housing_controlled_model_landlords_experiment,episode_attempt_d560ab1a99afde89c4d7,8bfcfe7288f162a0ede9d15cea20b8b9667259f85497085eb5732ddd869b2023,included,housing_social_welfare_leaf,1.0.0,social_welfare,1.0.0,capture,tenant_5,tenant_5,0.0,utility_points,"{""disagreement_utility"":0.0}",ok,valid,[],"[""event_00000255""]",evaluation_receipt,episode_attempt_d560ab1a99afde89c4d7,8bfcfe7288f162a0ede9d15cea20b8b9667259f85497085eb5732ddd869b2023,true
result_5b557aad7510b26c169eb467,runplan_668033750157196d,cell_351d10b9cee9c3d0ae86,housing_v1__experiment__000005,housing_v1,housing_controlled_model_landlords_experiment,episode_attempt_49a57312b56014702b0e,f3cab7c078098c782b4a134143ad7717dcead23599aaacc069b7d5d4ed48fb61,included,housing_social_welfare_leaf,1.0.0,social_welfare,1.0.0,primary,social_welfare,,1231.77,utility_points,{},ok,valid,[],"[""event_00000227""]",evaluation_receipt,episode_attempt_49a57312b56014702b0e,f3cab7c078098c782b4a134143ad7717dcead23599aaacc069b7d5d4ed48fb61,true
result_8e6503e21c61ae8ad382be8a,runplan_668033750157196d,cell_351d10b9cee9c3d0ae86,housing_v1__experiment__000005,housing_v1,housing_controlled_model_landlords_experiment,episode_attempt_49a57312b56014702b0e,f3cab7c078098c782b4a134143ad7717dcead23599aaacc069b7d5d4ed48fb61,included,housing_social_welfare_leaf,1.0.0,social_welfare,1.0.0,metric,comparison_baseline_gap,,0.0,utility_points,{},ok,valid,[],"[""event_00000227""]",evaluation_receipt,episode_attempt_49a57312b56014702b0e,f3cab7c078098c782b4a134143ad7717dcead23599aaacc069b7d5d4ed48fb61,true
result_3d6cdd5026e996e6e2ef8bb0,runplan_668033750157196d,cell_351d10b9cee9c3d0ae86,housing_v1__experiment__000005,housing_v1,housing_controlled_model_landlords_experiment,episode_attempt_49a57312b56014702b0e,f3cab7c078098c782b4a134143ad7717dcead23599aaacc069b7d5d4ed48fb61,included,housing_social_welfare_leaf,1.0.0,social_welfare,1.0.0,metric,ir_violation_count,,0.0,count,{},ok,valid,[],"[""event_00000227""]",evaluation_receipt,episode_attempt_49a57312b56014702b0e,f3cab7c078098c782b4a134143ad7717dcead23599aaacc069b7d5d4ed48fb61,true
result_f68e6fa62f3dc67f0ef8da66,runplan_668033750157196d,cell_351d10b9cee9c3d0ae86,housing_v1__experiment__000005,housing_v1,housing_controlled_model_landlords_experiment,episode_attempt_49a57312b56014702b0e,f3cab7c078098c782b4a134143ad7717dcead23599aaacc069b7d5d4ed48fb61,included,housing_social_welfare_leaf,1.0.0,social_welfare,1.0.0,metric,social_welfare,,1231.77,utility_points,{},ok,valid,[],"[""event_00000227""]",evaluation_receipt,episode_attempt_49a57312b56014702b0e,f3cab7c078098c782b4a134143ad7717dcead23599aaacc069b7d5d4ed48fb61,true
result_c7ac9573e2536fde1554ba3e,runplan_668033750157196d,cell_351d10b9cee9c3d0ae86,housing_v1__experiment__000005,housing_v1,housing_controlled_model_landlords_experiment,episode_attempt_49a57312b56014702b0e,f3cab7c078098c782b4a134143ad7717dcead23599aaacc069b7d5d4ed48fb61,included,housing_social_welfare_leaf,1.0.0,social_welfare,1.0.0,metric,upper_bound_gap,,117.01999999999998,utility_points,{},ok,valid,[],"[""event_00000227""]",evaluation_receipt,episode_attempt_49a57312b56014702b0e,f3cab7c078098c782b4a134143ad7717dcead23599aaacc069b7d5d4ed48fb61,true
result_367e7f2c7bd1bc618ec22dd7,runplan_668033750157196d,cell_351d10b9cee9c3d0ae86,housing_v1__experiment__000005,housing_v1,housing_controlled_model_landlords_experiment,episode_attempt_49a57312b56014702b0e,f3cab7c078098c782b4a134143ad7717dcead23599aaacc069b7d5d4ed48fb61,included,housing_social_welfare_leaf,1.0.0,social_welfare,1.0.0,metric,wasted_contacts,,7.0,count,{},ok,valid,[],"[""event_00000227""]",evaluation_receipt,episode_attempt_49a57312b56014702b0e,f3cab7c078098c782b4a134143ad7717dcead23599aaacc069b7d5d4ed48fb61,true
result_66cf1717d0d5ddd086e03666,runplan_668033750157196d,cell_351d10b9cee9c3d0ae86,housing_v1__experiment__000005,housing_v1,housing_controlled_model_landlords_experiment,episode_attempt_49a57312b56014702b0e,f3cab7c078098c782b4a134143ad7717dcead23599aaacc069b7d5d4ed48fb61,included,housing_social_welfare_leaf,1.0.0,social_welfare,1.0.0,metric,within_case_score,,0.9132407565299269,ratio,{},ok,valid,[],"[""event_00000227""]",evaluation_receipt,episode_attempt_49a57312b56014702b0e,f3cab7c078098c782b4a134143ad7717dcead23599aaacc069b7d5d4ed48fb61,true
result_69c408c7e7f7a7317b1dc5b8,runplan_668033750157196d,cell_351d10b9cee9c3d0ae86,housing_v1__experiment__000005,housing_v1,housing_controlled_model_landlords_experiment,episode_attempt_49a57312b56014702b0e,f3cab7c078098c782b4a134143ad7717dcead23599aaacc069b7d5d4ed48fb61,included,housing_social_welfare_leaf,1.0.0,social_welfare,1.0.0,reference,comparison_baseline,,1231.77,utility_points,"{""policy"":""naive"",""reference_kind"":""comparison_baseline""}",ok,valid,[],"[""event_00000227""]",evaluation_receipt,episode_attempt_49a57312b56014702b0e,f3cab7c078098c782b4a134143ad7717dcead23599aaacc069b7d5d4ed48fb61,true
result_dcb7bcd86065766bb840af9c,runplan_668033750157196d,cell_351d10b9cee9c3d0ae86,housing_v1__experiment__000005,housing_v1,housing_controlled_model_landlords_experiment,episode_attempt_49a57312b56014702b0e,f3cab7c078098c782b4a134143ad7717dcead23599aaacc069b7d5d4ed48fb61,included,housing_social_welfare_leaf,1.0.0,social_welfare,1.0.0,reference,optimum_lower_bound,,0.0,utility_points,"{""policy"":""do_nothing"",""reference_kind"":""objective_lower_bound""}",ok,valid,[],"[""event_00000227""]",evaluation_receipt,episode_attempt_49a57312b56014702b0e,f3cab7c078098c782b4a134143ad7717dcead23599aaacc069b7d5d4ed48fb61,true
result_2ccf66d70d7d09354f1eefe8,runplan_668033750157196d,cell_351d10b9cee9c3d0ae86,housing_v1__experiment__000005,housing_v1,housing_controlled_model_landlords_experiment,episode_attempt_49a57312b56014702b0e,f3cab7c078098c782b4a134143ad7717dcead23599aaacc069b7d5d4ed48fb61,included,housing_social_welfare_leaf,1.0.0,social_welfare,1.0.0,reference,optimum_upper_bound,,1348.79,utility_points,"{""reference_kind"":""objective_upper_bound"",""semantics"":""full_information_allocation_relaxation""}",ok,valid,[],"[""event_00000227""]",evaluation_receipt,episode_attempt_49a57312b56014702b0e,f3cab7c078098c782b4a134143ad7717dcead23599aaacc069b7d5d4ed48fb61,true
result_6d3e246e3eb7ba1aa384573d,runplan_668033750157196d,cell_351d10b9cee9c3d0ae86,housing_v1__experiment__000005,housing_v1,housing_controlled_model_landlords_experiment,episode_attempt_49a57312b56014702b0e,f3cab7c078098c782b4a134143ad7717dcead23599aaacc069b7d5d4ed48fb61,included,housing_social_welfare_leaf,1.0.0,social_welfare,1.0.0,utility,landlord_0,landlord_0,30.29,utility_points,"{""disagreement_utility"":0.0}",ok,valid,[],"[""event_00000227""]",evaluation_receipt,episode_attempt_49a57312b56014702b0e,f3cab7c078098c782b4a134143ad7717dcead23599aaacc069b7d5d4ed48fb61,true
result_42ecf8c6ba2a449394ebf5c4,runplan_668033750157196d,cell_351d10b9cee9c3d0ae86,housing_v1__experiment__000005,housing_v1,housing_controlled_model_landlords_experiment,episode_attempt_49a57312b56014702b0e,f3cab7c078098c782b4a134143ad7717dcead23599aaacc069b7d5d4ed48fb61,included,housing_social_welfare_leaf,1.0.0,social_welfare,1.0.0,utility,landlord_1,landlord_1,0.0,utility_points,"{""disagreement_utility"":0.0}",ok,valid,[],"[""event_00000227""]",evaluation_receipt,episode_attempt_49a57312b56014702b0e,f3cab7c078098c782b4a134143ad7717dcead23599aaacc069b7d5d4ed48fb61,true
result_41d84c9fc1bc4275aac45b17,runplan_668033750157196d,cell_351d10b9cee9c3d0ae86,housing_v1__experiment__000005,housing_v1,housing_controlled_model_landlords_experiment,episode_attempt_49a57312b56014702b0e,f3cab7c078098c782b4a134143ad7717dcead23599aaacc069b7d5d4ed48fb61,included,housing_social_welfare_leaf,1.0.0,social_welfare,1.0.0,utility,landlord_2,landlord_2,73.64,utility_points,"{""disagreement_utility"":0.0}",ok,valid,[],"[""event_00000227""]",evaluation_receipt,episode_attempt_49a57312b56014702b0e,f3cab7c078098c782b4a134143ad7717dcead23599aaacc069b7d5d4ed48fb61,true
result_c0396fbb97aca65782afafa2,runplan_668033750157196d,cell_351d10b9cee9c3d0ae86,housing_v1__experiment__000005,housing_v1,housing_controlled_model_landlords_experiment,episode_attempt_49a57312b56014702b0e,f3cab7c078098c782b4a134143ad7717dcead23599aaacc069b7d5d4ed48fb61,included,housing_social_welfare_leaf,1.0.0,social_welfare,1.0.0,utility,landlord_3,landlord_3,203.77,utility_points,"{""disagreement_utility"":0.0}",ok,valid,[],"[""event_00000227""]",evaluation_receipt,episode_attempt_49a57312b56014702b0e,f3cab7c078098c782b4a134143ad7717dcead23599aaacc069b7d5d4ed48fb61,true
result_7ca2ef9fcdac96c34d470b2f,runplan_668033750157196d,cell_351d10b9cee9c3d0ae86,housing_v1__experiment__000005,housing_v1,housing_controlled_model_landlords_experiment,episode_attempt_49a57312b56014702b0e,f3cab7c078098c782b4a134143ad7717dcead23599aaacc069b7d5d4ed48fb61,included,housing_social_welfare_leaf,1.0.0,social_welfare,1.0.0,utility,tenant_0,tenant_0,472.54,utility_points,"{""disagreement_utility"":0.0}",ok,valid,[],"[""event_00000227""]",evaluation_receipt,episode_attempt_49a57312b56014702b0e,f3cab7c078098c782b4a134143ad7717dcead23599aaacc069b7d5d4ed48fb61,true
result_0ed57f9da5ca897a96059686,runplan_668033750157196d,cell_351d10b9cee9c3d0ae86,housing_v1__experiment__000005,housing_v1,housing_controlled_model_landlords_experiment,episode_attempt_49a57312b56014702b0e,f3cab7c078098c782b4a134143ad7717dcead23599aaacc069b7d5d4ed48fb61,included,housing_social_welfare_leaf,1.0.0,social_welfare,1.0.0,utility,tenant_1,tenant_1,383.25,utility_points,"{""disagreement_utility"":0.0}",ok,valid,[],"[""event_00000227""]",evaluation_receipt,episode_attempt_49a57312b56014702b0e,f3cab7c078098c782b4a134143ad7717dcead23599aaacc069b7d5d4ed48fb61,true
result_7bde8d60a65f6b7ad37a114a,runplan_668033750157196d,cell_351d10b9cee9c3d0ae86,housing_v1__experiment__000005,housing_v1,housing_controlled_model_landlords_experiment,episode_attempt_49a57312b56014702b0e,f3cab7c078098c782b4a134143ad7717dcead23599aaacc069b7d5d4ed48fb61,included,housing_social_welfare_leaf,1.0.0,social_welfare,1.0.0,utility,tenant_2,tenant_2,68.28,utility_points,"{""disagreement_utility"":0.0}",ok,valid,[],"[""event_00000227""]",evaluation_receipt,episode_attempt_49a57312b56014702b0e,f3cab7c078098c782b4a134143ad7717dcead23599aaacc069b7d5d4ed48fb61,true
result_731b21927951e40b82c5176f,runplan_668033750157196d,cell_351d10b9cee9c3d0ae86,housing_v1__experiment__000005,housing_v1,housing_controlled_model_landlords_experiment,episode_attempt_49a57312b56014702b0e,f3cab7c078098c782b4a134143ad7717dcead23599aaacc069b7d5d4ed48fb61,included,housing_social_welfare_leaf,1.0.0,social_welfare,1.0.0,utility,tenant_3,tenant_3,0.0,utility_points,"{""disagreement_utility"":0.0}",ok,valid,[],"[""event_00000227""]",evaluation_receipt,episode_attempt_49a57312b56014702b0e,f3cab7c078098c782b4a134143ad7717dcead23599aaacc069b7d5d4ed48fb61,true
result_f4fee4d6d2e63d17b8fa26c8,runplan_668033750157196d,cell_351d10b9cee9c3d0ae86,housing_v1__experiment__000005,housing_v1,housing_controlled_model_landlords_experiment,episode_attempt_49a57312b56014702b0e,f3cab7c078098c782b4a134143ad7717dcead23599aaacc069b7d5d4ed48fb61,included,housing_social_welfare_leaf,1.0.0,social_welfare,1.0.0,utility,tenant_4,tenant_4,0.0,utility_points,"{""disagreement_utility"":0.0}",ok,valid,[],"[""event_00000227""]",evaluation_receipt,episode_attempt_49a57312b56014702b0e,f3cab7c078098c782b4a134143ad7717dcead23599aaacc069b7d5d4ed48fb61,true
result_5aa2e98e9591a27b7e70c69f,runplan_668033750157196d,cell_351d10b9cee9c3d0ae86,housing_v1__experiment__000005,housing_v1,housing_controlled_model_landlords_experiment,episode_attempt_49a57312b56014702b0e,f3cab7c078098c782b4a134143ad7717dcead23599aaacc069b7d5d4ed48fb61,included,housing_social_welfare_leaf,1.0.0,social_welfare,1.0.0,utility,tenant_5,tenant_5,0.0,utility_points,"{""disagreement_utility"":0.0}",ok,valid,[],"[""event_00000227""]",evaluation_receipt,episode_attempt_49a57312b56014702b0e,f3cab7c078098c782b4a134143ad7717dcead23599aaacc069b7d5d4ed48fb61,true
result_1dafb3d1120c5984f0ea4be9,runplan_668033750157196d,cell_351d10b9cee9c3d0ae86,housing_v1__experiment__000005,housing_v1,housing_controlled_model_landlords_experiment,episode_attempt_49a57312b56014702b0e,f3cab7c078098c782b4a134143ad7717dcead23599aaacc069b7d5d4ed48fb61,included,housing_social_welfare_leaf,1.0.0,social_welfare,1.0.0,capture,landlord_0,landlord_0,30.29,utility_points,"{""disagreement_utility"":0.0}",ok,valid,[],"[""event_00000227""]",evaluation_receipt,episode_attempt_49a57312b56014702b0e,f3cab7c078098c782b4a134143ad7717dcead23599aaacc069b7d5d4ed48fb61,true
result_2c43ec55d6087c7e3268d13a,runplan_668033750157196d,cell_351d10b9cee9c3d0ae86,housing_v1__experiment__000005,housing_v1,housing_controlled_model_landlords_experiment,episode_attempt_49a57312b56014702b0e,f3cab7c078098c782b4a134143ad7717dcead23599aaacc069b7d5d4ed48fb61,included,housing_social_welfare_leaf,1.0.0,social_welfare,1.0.0,capture,landlord_1,landlord_1,0.0,utility_points,"{""disagreement_utility"":0.0}",ok,valid,[],"[""event_00000227""]",evaluation_receipt,episode_attempt_49a57312b56014702b0e,f3cab7c078098c782b4a134143ad7717dcead23599aaacc069b7d5d4ed48fb61,true
result_945498abddf87ae682b41ffb,runplan_668033750157196d,cell_351d10b9cee9c3d0ae86,housing_v1__experiment__000005,housing_v1,housing_controlled_model_landlords_experiment,episode_attempt_49a57312b56014702b0e,f3cab7c078098c782b4a134143ad7717dcead23599aaacc069b7d5d4ed48fb61,included,housing_social_welfare_leaf,1.0.0,social_welfare,1.0.0,capture,landlord_2,landlord_2,73.64,utility_points,"{""disagreement_utility"":0.0}",ok,valid,[],"[""event_00000227""]",evaluation_receipt,episode_attempt_49a57312b56014702b0e,f3cab7c078098c782b4a134143ad7717dcead23599aaacc069b7d5d4ed48fb61,true
result_ca7be5d4e9c91e2bd0136b3f,runplan_668033750157196d,cell_351d10b9cee9c3d0ae86,housing_v1__experiment__000005,housing_v1,housing_controlled_model_landlords_experiment,episode_attempt_49a57312b56014702b0e,f3cab7c078098c782b4a134143ad7717dcead23599aaacc069b7d5d4ed48fb61,included,housing_social_welfare_leaf,1.0.0,social_welfare,1.0.0,capture,landlord_3,landlord_3,203.77,utility_points,"{""disagreement_utility"":0.0}",ok,valid,[],"[""event_00000227""]",evaluation_receipt,episode_attempt_49a57312b56014702b0e,f3cab7c078098c782b4a134143ad7717dcead23599aaacc069b7d5d4ed48fb61,true
result_9b6a5460e34f7c729db49a95,runplan_668033750157196d,cell_351d10b9cee9c3d0ae86,housing_v1__experiment__000005,housing_v1,housing_controlled_model_landlords_experiment,episode_attempt_49a57312b56014702b0e,f3cab7c078098c782b4a134143ad7717dcead23599aaacc069b7d5d4ed48fb61,included,housing_social_welfare_leaf,1.0.0,social_welfare,1.0.0,capture,tenant_0,tenant_0,472.54,utility_points,"{""disagreement_utility"":0.0}",ok,valid,[],"[""event_00000227""]",evaluation_receipt,episode_attempt_49a57312b56014702b0e,f3cab7c078098c782b4a134143ad7717dcead23599aaacc069b7d5d4ed48fb61,true
result_7b75f37b3ce3459eb198360c,runplan_668033750157196d,cell_351d10b9cee9c3d0ae86,housing_v1__experiment__000005,housing_v1,housing_controlled_model_landlords_experiment,episode_attempt_49a57312b56014702b0e,f3cab7c078098c782b4a134143ad7717dcead23599aaacc069b7d5d4ed48fb61,included,housing_social_welfare_leaf,1.0.0,social_welfare,1.0.0,capture,tenant_1,tenant_1,383.25,utility_points,"{""disagreement_utility"":0.0}",ok,valid,[],"[""event_00000227""]",evaluation_receipt,episode_attempt_49a57312b56014702b0e,f3cab7c078098c782b4a134143ad7717dcead23599aaacc069b7d5d4ed48fb61,true
result_3e1f532c792c28e4e6839941,runplan_668033750157196d,cell_351d10b9cee9c3d0ae86,housing_v1__experiment__000005,housing_v1,housing_controlled_model_landlords_experiment,episode_attempt_49a57312b56014702b0e,f3cab7c078098c782b4a134143ad7717dcead23599aaacc069b7d5d4ed48fb61,included,housing_social_welfare_leaf,1.0.0,social_welfare,1.0.0,capture,tenant_2,tenant_2,68.28,utility_points,"{""disagreement_utility"":0.0}",ok,valid,[],"[""event_00000227""]",evaluation_receipt,episode_attempt_49a57312b56014702b0e,f3cab7c078098c782b4a134143ad7717dcead23599aaacc069b7d5d4ed48fb61,true
result_15fdd074c26af3679da045bc,runplan_668033750157196d,cell_351d10b9cee9c3d0ae86,housing_v1__experiment__000005,housing_v1,housing_controlled_model_landlords_experiment,episode_attempt_49a57312b56014702b0e,f3cab7c078098c782b4a134143ad7717dcead23599aaacc069b7d5d4ed48fb61,included,housing_social_welfare_leaf,1.0.0,social_welfare,1.0.0,capture,tenant_3,tenant_3,0.0,utility_points,"{""disagreement_utility"":0.0}",ok,valid,[],"[""event_00000227""]",evaluation_receipt,episode_attempt_49a57312b56014702b0e,f3cab7c078098c782b4a134143ad7717dcead23599aaacc069b7d5d4ed48fb61,true
result_c5586627e580b6e5ca39c170,runplan_668033750157196d,cell_351d10b9cee9c3d0ae86,housing_v1__experiment__000005,housing_v1,housing_controlled_model_landlords_experiment,episode_attempt_49a57312b56014702b0e,f3cab7c078098c782b4a134143ad7717dcead23599aaacc069b7d5d4ed48fb61,included,housing_social_welfare_leaf,1.0.0,social_welfare,1.0.0,capture,tenant_4,tenant_4,0.0,utility_points,"{""disagreement_utility"":0.0}",ok,valid,[],"[""event_00000227""]",evaluation_receipt,episode_attempt_49a57312b56014702b0e,f3cab7c078098c782b4a134143ad7717dcead23599aaacc069b7d5d4ed48fb61,true
result_5baaee91dfdcd32b7cdd7d5c,runplan_668033750157196d,cell_351d10b9cee9c3d0ae86,housing_v1__experiment__000005,housing_v1,housing_controlled_model_landlords_experiment,episode_attempt_49a57312b56014702b0e,f3cab7c078098c782b4a134143ad7717dcead23599aaacc069b7d5d4ed48fb61,included,housing_social_welfare_leaf,1.0.0,social_welfare,1.0.0,capture,tenant_5,tenant_5,0.0,utility_points,"{""disagreement_utility"":0.0}",ok,valid,[],"[""event_00000227""]",evaluation_receipt,episode_attempt_49a57312b56014702b0e,f3cab7c078098c782b4a134143ad7717dcead23599aaacc069b7d5d4ed48fb61,true
result_47fc707ec83ede82e2c26a66,runplan_668033750157196d,cell_4b6cf626f8899ad0c6eb,housing_v1__experiment__000002,housing_v1,housing_controlled_model_landlords_experiment,episode_attempt_b3162c71adfc0f3124b9,5268b8807666cff9222932d70fe54faf40fb502c789c1127156a3273a11b5675,included,housing_social_welfare_leaf,1.0.0,social_welfare,1.0.0,primary,social_welfare,,781.1,utility_points,{},ok,valid,[],"[""event_00000251""]",evaluation_receipt,episode_attempt_b3162c71adfc0f3124b9,5268b8807666cff9222932d70fe54faf40fb502c789c1127156a3273a11b5675,true
result_8aba8ef33f939d986923092a,runplan_668033750157196d,cell_4b6cf626f8899ad0c6eb,housing_v1__experiment__000002,housing_v1,housing_controlled_model_landlords_experiment,episode_attempt_b3162c71adfc0f3124b9,5268b8807666cff9222932d70fe54faf40fb502c789c1127156a3273a11b5675,included,housing_social_welfare_leaf,1.0.0,social_welfare,1.0.0,metric,comparison_baseline_gap,,39.50999999999999,utility_points,{},ok,valid,[],"[""event_00000251""]",evaluation_receipt,episode_attempt_b3162c71adfc0f3124b9,5268b8807666cff9222932d70fe54faf40fb502c789c1127156a3273a11b5675,true
result_d28d386ade187f94e705ebd0,runplan_668033750157196d,cell_4b6cf626f8899ad0c6eb,housing_v1__experiment__000002,housing_v1,housing_controlled_model_landlords_experiment,episode_attempt_b3162c71adfc0f3124b9,5268b8807666cff9222932d70fe54faf40fb502c789c1127156a3273a11b5675,included,housing_social_welfare_leaf,1.0.0,social_welfare,1.0.0,metric,ir_violation_count,,0.0,count,{},ok,valid,[],"[""event_00000251""]",evaluation_receipt,episode_attempt_b3162c71adfc0f3124b9,5268b8807666cff9222932d70fe54faf40fb502c789c1127156a3273a11b5675,true
result_9d75e0712133c2ae20795520,runplan_668033750157196d,cell_4b6cf626f8899ad0c6eb,housing_v1__experiment__000002,housing_v1,housing_controlled_model_landlords_experiment,episode_attempt_b3162c71adfc0f3124b9,5268b8807666cff9222932d70fe54faf40fb502c789c1127156a3273a11b5675,included,housing_social_welfare_leaf,1.0.0,social_welfare,1.0.0,metric,social_welfare,,781.1,utility_points,{},ok,valid,[],"[""event_00000251""]",evaluation_receipt,episode_attempt_b3162c71adfc0f3124b9,5268b8807666cff9222932d70fe54faf40fb502c789c1127156a3273a11b5675,true
result_2d18f76e49ed72e82e718b39,runplan_668033750157196d,cell_4b6cf626f8899ad0c6eb,housing_v1__experiment__000002,housing_v1,housing_controlled_model_landlords_experiment,episode_attempt_b3162c71adfc0f3124b9,5268b8807666cff9222932d70fe54faf40fb502c789c1127156a3273a11b5675,included,housing_social_welfare_leaf,1.0.0,social_welfare,1.0.0,metric,upper_bound_gap,,225.68999999999994,utility_points,{},ok,valid,[],"[""event_00000251""]",evaluation_receipt,episode_attempt_b3162c71adfc0f3124b9,5268b8807666cff9222932d70fe54faf40fb502c789c1127156a3273a11b5675,true
result_d8386a9434e82c9b8bcb7398,runplan_668033750157196d,cell_4b6cf626f8899ad0c6eb,housing_v1__experiment__000002,housing_v1,housing_controlled_model_landlords_experiment,episode_attempt_b3162c71adfc0f3124b9,5268b8807666cff9222932d70fe54faf40fb502c789c1127156a3273a11b5675,included,housing_social_welfare_leaf,1.0.0,social_welfare,1.0.0,metric,wasted_contacts,,9.0,count,{},ok,valid,[],"[""event_00000251""]",evaluation_receipt,episode_attempt_b3162c71adfc0f3124b9,5268b8807666cff9222932d70fe54faf40fb502c789c1127156a3273a11b5675,true
result_a268d79fb554b9f2c5eae6fc,runplan_668033750157196d,cell_4b6cf626f8899ad0c6eb,housing_v1__experiment__000002,housing_v1,housing_controlled_model_landlords_experiment,episode_attempt_b3162c71adfc0f3124b9,5268b8807666cff9222932d70fe54faf40fb502c789c1127156a3273a11b5675,included,housing_social_welfare_leaf,1.0.0,social_welfare,1.0.0,metric,within_case_score,,0.7758321000407236,ratio,{},ok,valid,[],"[""event_00000251""]",evaluation_receipt,episode_attempt_b3162c71adfc0f3124b9,5268b8807666cff9222932d70fe54faf40fb502c789c1127156a3273a11b5675,true
result_3cb456f6298f649e49390ea6,runplan_668033750157196d,cell_4b6cf626f8899ad0c6eb,housing_v1__experiment__000002,housing_v1,housing_controlled_model_landlords_experiment,episode_attempt_b3162c71adfc0f3124b9,5268b8807666cff9222932d70fe54faf40fb502c789c1127156a3273a11b5675,included,housing_social_welfare_leaf,1.0.0,social_welfare,1.0.0,reference,comparison_baseline,,741.59,utility_points,"{""policy"":""naive"",""reference_kind"":""comparison_baseline""}",ok,valid,[],"[""event_00000251""]",evaluation_receipt,episode_attempt_b3162c71adfc0f3124b9,5268b8807666cff9222932d70fe54faf40fb502c789c1127156a3273a11b5675,true
result_2b915f56212f43db8d2e7193,runplan_668033750157196d,cell_4b6cf626f8899ad0c6eb,housing_v1__experiment__000002,housing_v1,housing_controlled_model_landlords_experiment,episode_attempt_b3162c71adfc0f3124b9,5268b8807666cff9222932d70fe54faf40fb502c789c1127156a3273a11b5675,included,housing_social_welfare_leaf,1.0.0,social_welfare,1.0.0,reference,optimum_lower_bound,,0.0,utility_points,"{""policy"":""do_nothing"",""reference_kind"":""objective_lower_bound""}",ok,valid,[],"[""event_00000251""]",evaluation_receipt,episode_attempt_b3162c71adfc0f3124b9,5268b8807666cff9222932d70fe54faf40fb502c789c1127156a3273a11b5675,true
result_685120bfe96ff60d575599fc,runplan_668033750157196d,cell_4b6cf626f8899ad0c6eb,housing_v1__experiment__000002,housing_v1,housing_controlled_model_landlords_experiment,episode_attempt_b3162c71adfc0f3124b9,5268b8807666cff9222932d70fe54faf40fb502c789c1127156a3273a11b5675,included,housing_social_welfare_leaf,1.0.0,social_welfare,1.0.0,reference,optimum_upper_bound,,1006.79,utility_points,"{""reference_kind"":""objective_upper_bound"",""semantics"":""full_information_allocation_relaxation""}",ok,valid,[],"[""event_00000251""]",evaluation_receipt,episode_attempt_b3162c71adfc0f3124b9,5268b8807666cff9222932d70fe54faf40fb502c789c1127156a3273a11b5675,true
result_5a00bf92b89dce9e2fe23cae,runplan_668033750157196d,cell_4b6cf626f8899ad0c6eb,housing_v1__experiment__000002,housing_v1,housing_controlled_model_landlords_experiment,episode_attempt_b3162c71adfc0f3124b9,5268b8807666cff9222932d70fe54faf40fb502c789c1127156a3273a11b5675,included,housing_social_welfare_leaf,1.0.0,social_welfare,1.0.0,utility,landlord_0,landlord_0,0.0,utility_points,"{""disagreement_utility"":0.0}",ok,valid,[],"[""event_00000251""]",evaluation_receipt,episode_attempt_b3162c71adfc0f3124b9,5268b8807666cff9222932d70fe54faf40fb502c789c1127156a3273a11b5675,true
result_785fbd7c2567647de51f9be2,runplan_668033750157196d,cell_4b6cf626f8899ad0c6eb,housing_v1__experiment__000002,housing_v1,housing_controlled_model_landlords_experiment,episode_attempt_b3162c71adfc0f3124b9,5268b8807666cff9222932d70fe54faf40fb502c789c1127156a3273a11b5675,included,housing_social_welfare_leaf,1.0.0,social_welfare,1.0.0,utility,landlord_1,landlord_1,137.87,utility_points,"{""disagreement_utility"":0.0}",ok,valid,[],"[""event_00000251""]",evaluation_receipt,episode_attempt_b3162c71adfc0f3124b9,5268b8807666cff9222932d70fe54faf40fb502c789c1127156a3273a11b5675,true
result_953ef9885f443bf8a2ffdcbb,runplan_668033750157196d,cell_4b6cf626f8899ad0c6eb,housing_v1__experiment__000002,housing_v1,housing_controlled_model_landlords_experiment,episode_attempt_b3162c71adfc0f3124b9,5268b8807666cff9222932d70fe54faf40fb502c789c1127156a3273a11b5675,included,housing_social_welfare_leaf,1.0.0,social_welfare,1.0.0,utility,landlord_2,landlord_2,0.0,utility_points,"{""disagreement_utility"":0.0}",ok,valid,[],"[""event_00000251""]",evaluation_receipt,episode_attempt_b3162c71adfc0f3124b9,5268b8807666cff9222932d70fe54faf40fb502c789c1127156a3273a11b5675,true
result_8cfc0ab17dbdcde217f8c732,runplan_668033750157196d,cell_4b6cf626f8899ad0c6eb,housing_v1__experiment__000002,housing_v1,housing_controlled_model_landlords_experiment,episode_attempt_b3162c71adfc0f3124b9,5268b8807666cff9222932d70fe54faf40fb502c789c1127156a3273a11b5675,included,housing_social_welfare_leaf,1.0.0,social_welfare,1.0.0,utility,landlord_3,landlord_3,129.13,utility_points,"{""disagreement_utility"":0.0}",ok,valid,[],"[""event_00000251""]",evaluation_receipt,episode_attempt_b3162c71adfc0f3124b9,5268b8807666cff9222932d70fe54faf40fb502c789c1127156a3273a11b5675,true
result_ac52167755096ca57e10b547,runplan_668033750157196d,cell_4b6cf626f8899ad0c6eb,housing_v1__experiment__000002,housing_v1,housing_controlled_model_landlords_experiment,episode_attempt_b3162c71adfc0f3124b9,5268b8807666cff9222932d70fe54faf40fb502c789c1127156a3273a11b5675,included,housing_social_welfare_leaf,1.0.0,social_welfare,1.0.0,utility,tenant_0,tenant_0,0.0,utility_points,"{""disagreement_utility"":0.0}",ok,valid,[],"[""event_00000251""]",evaluation_receipt,episode_attempt_b3162c71adfc0f3124b9,5268b8807666cff9222932d70fe54faf40fb502c789c1127156a3273a11b5675,true
result_a14a5f779d851f2c78913cb6,runplan_668033750157196d,cell_4b6cf626f8899ad0c6eb,housing_v1__experiment__000002,housing_v1,housing_controlled_model_landlords_experiment,episode_attempt_b3162c71adfc0f3124b9,5268b8807666cff9222932d70fe54faf40fb502c789c1127156a3273a11b5675,included,housing_social_welfare_leaf,1.0.0,social_welfare,1.0.0,utility,tenant_1,tenant_1,0.0,utility_points,"{""disagreement_utility"":0.0}",ok,valid,[],"[""event_00000251""]",evaluation_receipt,episode_attempt_b3162c71adfc0f3124b9,5268b8807666cff9222932d70fe54faf40fb502c789c1127156a3273a11b5675,true
result_9ce9b2aa91e1c3a83b98981d,runplan_668033750157196d,cell_4b6cf626f8899ad0c6eb,housing_v1__experiment__000002,housing_v1,housing_controlled_model_landlords_experiment,episode_attempt_b3162c71adfc0f3124b9,5268b8807666cff9222932d70fe54faf40fb502c789c1127156a3273a11b5675,included,housing_social_welfare_leaf,1.0.0,social_welfare,1.0.0,utility,tenant_2,tenant_2,183.13,utility_points,"{""disagreement_utility"":0.0}",ok,valid,[],"[""event_00000251""]",evaluation_receipt,episode_attempt_b3162c71adfc0f3124b9,5268b8807666cff9222932d70fe54faf40fb502c789c1127156a3273a11b5675,true
result_f72327cbd59e25b8e0e55e47,runplan_668033750157196d,cell_4b6cf626f8899ad0c6eb,housing_v1__experiment__000002,housing_v1,housing_controlled_model_landlords_experiment,episode_attempt_b3162c71adfc0f3124b9,5268b8807666cff9222932d70fe54faf40fb502c789c1127156a3273a11b5675,included,housing_social_welfare_leaf,1.0.0,social_welfare,1.0.0,utility,tenant_3,tenant_3,0.0,utility_points,"{""disagreement_utility"":0.0}",ok,valid,[],"[""event_00000251""]",evaluation_receipt,episode_attempt_b3162c71adfc0f3124b9,5268b8807666cff9222932d70fe54faf40fb502c789c1127156a3273a11b5675,true
result_51da1d18065ace163d48c7de,runplan_668033750157196d,cell_4b6cf626f8899ad0c6eb,housing_v1__experiment__000002,housing_v1,housing_controlled_model_landlords_experiment,episode_attempt_b3162c71adfc0f3124b9,5268b8807666cff9222932d70fe54faf40fb502c789c1127156a3273a11b5675,included,housing_social_welfare_leaf,1.0.0,social_welfare,1.0.0,utility,tenant_4,tenant_4,0.0,utility_points,"{""disagreement_utility"":0.0}",ok,valid,[],"[""event_00000251""]",evaluation_receipt,episode_attempt_b3162c71adfc0f3124b9,5268b8807666cff9222932d70fe54faf40fb502c789c1127156a3273a11b5675,true
result_2185f2320ad3e1d83f7808e5,runplan_668033750157196d,cell_4b6cf626f8899ad0c6eb,housing_v1__experiment__000002,housing_v1,housing_controlled_model_landlords_experiment,episode_attempt_b3162c71adfc0f3124b9,5268b8807666cff9222932d70fe54faf40fb502c789c1127156a3273a11b5675,included,housing_social_welfare_leaf,1.0.0,social_welfare,1.0.0,utility,tenant_5,tenant_5,330.97,utility_points,"{""disagreement_utility"":0.0}",ok,valid,[],"[""event_00000251""]",evaluation_receipt,episode_attempt_b3162c71adfc0f3124b9,5268b8807666cff9222932d70fe54faf40fb502c789c1127156a3273a11b5675,true
result_d3c72923abdb55ee4bf71fc5,runplan_668033750157196d,cell_4b6cf626f8899ad0c6eb,housing_v1__experiment__000002,housing_v1,housing_controlled_model_landlords_experiment,episode_attempt_b3162c71adfc0f3124b9,5268b8807666cff9222932d70fe54faf40fb502c789c1127156a3273a11b5675,included,housing_social_welfare_leaf,1.0.0,social_welfare,1.0.0,capture,landlord_0,landlord_0,0.0,utility_points,"{""disagreement_utility"":0.0}",ok,valid,[],"[""event_00000251""]",evaluation_receipt,episode_attempt_b3162c71adfc0f3124b9,5268b8807666cff9222932d70fe54faf40fb502c789c1127156a3273a11b5675,true
result_b7359ecce019c08c20e0c942,runplan_668033750157196d,cell_4b6cf626f8899ad0c6eb,housing_v1__experiment__000002,housing_v1,housing_controlled_model_landlords_experiment,episode_attempt_b3162c71adfc0f3124b9,5268b8807666cff9222932d70fe54faf40fb502c789c1127156a3273a11b5675,included,housing_social_welfare_leaf,1.0.0,social_welfare,1.0.0,capture,landlord_1,landlord_1,137.87,utility_points,"{""disagreement_utility"":0.0}",ok,valid,[],"[""event_00000251""]",evaluation_receipt,episode_attempt_b3162c71adfc0f3124b9,5268b8807666cff9222932d70fe54faf40fb502c789c1127156a3273a11b5675,true
result_df67c85ee7bb75baed7729bd,runplan_668033750157196d,cell_4b6cf626f8899ad0c6eb,housing_v1__experiment__000002,housing_v1,housing_controlled_model_landlords_experiment,episode_attempt_b3162c71adfc0f3124b9,5268b8807666cff9222932d70fe54faf40fb502c789c1127156a3273a11b5675,included,housing_social_welfare_leaf,1.0.0,social_welfare,1.0.0,capture,landlord_2,landlord_2,0.0,utility_points,"{""disagreement_utility"":0.0}",ok,valid,[],"[""event_00000251""]",evaluation_receipt,episode_attempt_b3162c71adfc0f3124b9,5268b8807666cff9222932d70fe54faf40fb502c789c1127156a3273a11b5675,true
result_62951aa7a6d12d1f1eab5436,runplan_668033750157196d,cell_4b6cf626f8899ad0c6eb,housing_v1__experiment__000002,housing_v1,housing_controlled_model_landlords_experiment,episode_attempt_b3162c71adfc0f3124b9,5268b8807666cff9222932d70fe54faf40fb502c789c1127156a3273a11b5675,included,housing_social_welfare_leaf,1.0.0,social_welfare,1.0.0,capture,landlord_3,landlord_3,129.13,utility_points,"{""disagreement_utility"":0.0}",ok,valid,[],"[""event_00000251""]",evaluation_receipt,episode_attempt_b3162c71adfc0f3124b9,5268b8807666cff9222932d70fe54faf40fb502c789c1127156a3273a11b5675,true
result_5fb0bbecad6777d9c50a64f4,runplan_668033750157196d,cell_4b6cf626f8899ad0c6eb,housing_v1__experiment__000002,housing_v1,housing_controlled_model_landlords_experiment,episode_attempt_b3162c71adfc0f3124b9,5268b8807666cff9222932d70fe54faf40fb502c789c1127156a3273a11b5675,included,housing_social_welfare_leaf,1.0.0,social_welfare,1.0.0,capture,tenant_0,tenant_0,0.0,utility_points,"{""disagreement_utility"":0.0}",ok,valid,[],"[""event_00000251""]",evaluation_receipt,episode_attempt_b3162c71adfc0f3124b9,5268b8807666cff9222932d70fe54faf40fb502c789c1127156a3273a11b5675,true
result_c070705c0ef749754e1f718e,runplan_668033750157196d,cell_4b6cf626f8899ad0c6eb,housing_v1__experiment__000002,housing_v1,housing_controlled_model_landlords_experiment,episode_attempt_b3162c71adfc0f3124b9,5268b8807666cff9222932d70fe54faf40fb502c789c1127156a3273a11b5675,included,housing_social_welfare_leaf,1.0.0,social_welfare,1.0.0,capture,tenant_1,tenant_1,0.0,utility_points,"{""disagreement_utility"":0.0}",ok,valid,[],"[""event_00000251""]",evaluation_receipt,episode_attempt_b3162c71adfc0f3124b9,5268b8807666cff9222932d70fe54faf40fb502c789c1127156a3273a11b5675,true
result_eaf8c3a4ad531da930f380e9,runplan_668033750157196d,cell_4b6cf626f8899ad0c6eb,housing_v1__experiment__000002,housing_v1,housing_controlled_model_landlords_experiment,episode_attempt_b3162c71adfc0f3124b9,5268b8807666cff9222932d70fe54faf40fb502c789c1127156a3273a11b5675,included,housing_social_welfare_leaf,1.0.0,social_welfare,1.0.0,capture,tenant_2,tenant_2,183.13,utility_points,"{""disagreement_utility"":0.0}",ok,valid,[],"[""event_00000251""]",evaluation_receipt,episode_attempt_b3162c71adfc0f3124b9,5268b8807666cff9222932d70fe54faf40fb502c789c1127156a3273a11b5675,true
result_a5acf76800182079c137ec16,runplan_668033750157196d,cell_4b6cf626f8899ad0c6eb,housing_v1__experiment__000002,housing_v1,housing_controlled_model_landlords_experiment,episode_attempt_b3162c71adfc0f3124b9,5268b8807666cff9222932d70fe54faf40fb502c789c1127156a3273a11b5675,included,housing_social_welfare_leaf,1.0.0,social_welfare,1.0.0,capture,tenant_3,tenant_3,0.0,utility_points,"{""disagreement_utility"":0.0}",ok,valid,[],"[""event_00000251""]",evaluation_receipt,episode_attempt_b3162c71adfc0f3124b9,5268b8807666cff9222932d70fe54faf40fb502c789c1127156a3273a11b5675,true
result_93fa9305294992bfdd3a57c0,runplan_668033750157196d,cell_4b6cf626f8899ad0c6eb,housing_v1__experiment__000002,housing_v1,housing_controlled_model_landlords_experiment,episode_attempt_b3162c71adfc0f3124b9,5268b8807666cff9222932d70fe54faf40fb502c789c1127156a3273a11b5675,included,housing_social_welfare_leaf,1.0.0,social_welfare,1.0.0,capture,tenant_4,tenant_4,0.0,utility_points,"{""disagreement_utility"":0.0}",ok,valid,[],"[""event_00000251""]",evaluation_receipt,episode_attempt_b3162c71adfc0f3124b9,5268b8807666cff9222932d70fe54faf40fb502c789c1127156a3273a11b5675,true
result_a0a318230a71b013ee9f4c35,runplan_668033750157196d,cell_4b6cf626f8899ad0c6eb,housing_v1__experiment__000002,housing_v1,housing_controlled_model_landlords_experiment,episode_attempt_b3162c71adfc0f3124b9,5268b8807666cff9222932d70fe54faf40fb502c789c1127156a3273a11b5675,included,housing_social_welfare_leaf,1.0.0,social_welfare,1.0.0,capture,tenant_5,tenant_5,330.97,utility_points,"{""disagreement_utility"":0.0}",ok,valid,[],"[""event_00000251""]",evaluation_receipt,episode_attempt_b3162c71adfc0f3124b9,5268b8807666cff9222932d70fe54faf40fb502c789c1127156a3273a11b5675,true
result_253615e2fa855fe865d2ff01,runplan_668033750157196d,cell_4c92f9449e6d6bc9f9a4,housing_v1__experiment__000007,housing_v1,housing_controlled_model_landlords_experiment,episode_attempt_b7f5981ad72bcd3e001a,538175aad7a67767c40b326ab648149a3a7444cf05eaceaccb4eb9f8bee948ec,included,housing_social_welfare_leaf,1.0.0,social_welfare,1.0.0,primary,social_welfare,,1099.96,utility_points,{},ok,valid,[],"[""event_00000259""]",evaluation_receipt,episode_attempt_b7f5981ad72bcd3e001a,538175aad7a67767c40b326ab648149a3a7444cf05eaceaccb4eb9f8bee948ec,true
result_645daa68aac83ea777e667a1,runplan_668033750157196d,cell_4c92f9449e6d6bc9f9a4,housing_v1__experiment__000007,housing_v1,housing_controlled_model_landlords_experiment,episode_attempt_b7f5981ad72bcd3e001a,538175aad7a67767c40b326ab648149a3a7444cf05eaceaccb4eb9f8bee948ec,included,housing_social_welfare_leaf,1.0.0,social_welfare,1.0.0,metric,comparison_baseline_gap,,-8.240000000000009,utility_points,{},ok,valid,[],"[""event_00000259""]",evaluation_receipt,episode_attempt_b7f5981ad72bcd3e001a,538175aad7a67767c40b326ab648149a3a7444cf05eaceaccb4eb9f8bee948ec,true
result_fc1444159938a6fac824047d,runplan_668033750157196d,cell_4c92f9449e6d6bc9f9a4,housing_v1__experiment__000007,housing_v1,housing_controlled_model_landlords_experiment,episode_attempt_b7f5981ad72bcd3e001a,538175aad7a67767c40b326ab648149a3a7444cf05eaceaccb4eb9f8bee948ec,included,housing_social_welfare_leaf,1.0.0,social_welfare,1.0.0,metric,ir_violation_count,,0.0,count,{},ok,valid,[],"[""event_00000259""]",evaluation_receipt,episode_attempt_b7f5981ad72bcd3e001a,538175aad7a67767c40b326ab648149a3a7444cf05eaceaccb4eb9f8bee948ec,true
result_657d9bde8999b5fd19fdaf3b,runplan_668033750157196d,cell_4c92f9449e6d6bc9f9a4,housing_v1__experiment__000007,housing_v1,housing_controlled_model_landlords_experiment,episode_attempt_b7f5981ad72bcd3e001a,538175aad7a67767c40b326ab648149a3a7444cf05eaceaccb4eb9f8bee948ec,included,housing_social_welfare_leaf,1.0.0,social_welfare,1.0.0,metric,social_welfare,,1099.96,utility_points,{},ok,valid,[],"[""event_00000259""]",evaluation_receipt,episode_attempt_b7f5981ad72bcd3e001a,538175aad7a67767c40b326ab648149a3a7444cf05eaceaccb4eb9f8bee948ec,true
result_49aa156626a8ef0e237d41e7,runplan_668033750157196d,cell_4c92f9449e6d6bc9f9a4,housing_v1__experiment__000007,housing_v1,housing_controlled_model_landlords_experiment,episode_attempt_b7f5981ad72bcd3e001a,538175aad7a67767c40b326ab648149a3a7444cf05eaceaccb4eb9f8bee948ec,included,housing_social_welfare_leaf,1.0.0,social_welfare,1.0.0,metric,upper_bound_gap,,224.64999999999986,utility_points,{},ok,valid,[],"[""event_00000259""]",evaluation_receipt,episode_attempt_b7f5981ad72bcd3e001a,538175aad7a67767c40b326ab648149a3a7444cf05eaceaccb4eb9f8bee948ec,true
result_54e3948bd2ecaa81ba7b91e7,runplan_668033750157196d,cell_4c92f9449e6d6bc9f9a4,housing_v1__experiment__000007,housing_v1,housing_controlled_model_landlords_experiment,episode_attempt_b7f5981ad72bcd3e001a,538175aad7a67767c40b326ab648149a3a7444cf05eaceaccb4eb9f8bee948ec,included,housing_social_welfare_leaf,1.0.0,social_welfare,1.0.0,metric,wasted_contacts,,9.0,count,{},ok,valid,[],"[""event_00000259""]",evaluation_receipt,episode_attempt_b7f5981ad72bcd3e001a,538175aad7a67767c40b326ab648149a3a7444cf05eaceaccb4eb9f8bee948ec,true
result_354c824caba5f5f0356d1e8e,runplan_668033750157196d,cell_4c92f9449e6d6bc9f9a4,housing_v1__experiment__000007,housing_v1,housing_controlled_model_landlords_experiment,episode_attempt_b7f5981ad72bcd3e001a,538175aad7a67767c40b326ab648149a3a7444cf05eaceaccb4eb9f8bee948ec,included,housing_social_welfare_leaf,1.0.0,social_welfare,1.0.0,metric,within_case_score,,0.8304029110455153,ratio,{},ok,valid,[],"[""event_00000259""]",evaluation_receipt,episode_attempt_b7f5981ad72bcd3e001a,538175aad7a67767c40b326ab648149a3a7444cf05eaceaccb4eb9f8bee948ec,true
result_0b88f39bb4f26faad8e1fc9c,runplan_668033750157196d,cell_4c92f9449e6d6bc9f9a4,housing_v1__experiment__000007,housing_v1,housing_controlled_model_landlords_experiment,episode_attempt_b7f5981ad72bcd3e001a,538175aad7a67767c40b326ab648149a3a7444cf05eaceaccb4eb9f8bee948ec,included,housing_social_welfare_leaf,1.0.0,social_welfare,1.0.0,reference,comparison_baseline,,1108.2,utility_points,"{""policy"":""naive"",""reference_kind"":""comparison_baseline""}",ok,valid,[],"[""event_00000259""]",evaluation_receipt,episode_attempt_b7f5981ad72bcd3e001a,538175aad7a67767c40b326ab648149a3a7444cf05eaceaccb4eb9f8bee948ec,true
result_b47ab00a21c7c862ad52f533,runplan_668033750157196d,cell_4c92f9449e6d6bc9f9a4,housing_v1__experiment__000007,housing_v1,housing_controlled_model_landlords_experiment,episode_attempt_b7f5981ad72bcd3e001a,538175aad7a67767c40b326ab648149a3a7444cf05eaceaccb4eb9f8bee948ec,included,housing_social_welfare_leaf,1.0.0,social_welfare,1.0.0,reference,optimum_lower_bound,,0.0,utility_points,"{""policy"":""do_nothing"",""reference_kind"":""objective_lower_bound""}",ok,valid,[],"[""event_00000259""]",evaluation_receipt,episode_attempt_b7f5981ad72bcd3e001a,538175aad7a67767c40b326ab648149a3a7444cf05eaceaccb4eb9f8bee948ec,true
result_ab78deb60fac9bb7c50a815c,runplan_668033750157196d,cell_4c92f9449e6d6bc9f9a4,housing_v1__experiment__000007,housing_v1,housing_controlled_model_landlords_experiment,episode_attempt_b7f5981ad72bcd3e001a,538175aad7a67767c40b326ab648149a3a7444cf05eaceaccb4eb9f8bee948ec,included,housing_social_welfare_leaf,1.0.0,social_welfare,1.0.0,reference,optimum_upper_bound,,1324.61,utility_points,"{""reference_kind"":""objective_upper_bound"",""semantics"":""full_information_allocation_relaxation""}",ok,valid,[],"[""event_00000259""]",evaluation_receipt,episode_attempt_b7f5981ad72bcd3e001a,538175aad7a67767c40b326ab648149a3a7444cf05eaceaccb4eb9f8bee948ec,true
result_d9c8f39e3e1b8f5d75ca0a1d,runplan_668033750157196d,cell_4c92f9449e6d6bc9f9a4,housing_v1__experiment__000007,housing_v1,housing_controlled_model_landlords_experiment,episode_attempt_b7f5981ad72bcd3e001a,538175aad7a67767c40b326ab648149a3a7444cf05eaceaccb4eb9f8bee948ec,included,housing_social_welfare_leaf,1.0.0,social_welfare,1.0.0,utility,landlord_0,landlord_0,158.64,utility_points,"{""disagreement_utility"":0.0}",ok,valid,[],"[""event_00000259""]",evaluation_receipt,episode_attempt_b7f5981ad72bcd3e001a,538175aad7a67767c40b326ab648149a3a7444cf05eaceaccb4eb9f8bee948ec,true
result_26d4fd3a6844117b73875ccd,runplan_668033750157196d,cell_4c92f9449e6d6bc9f9a4,housing_v1__experiment__000007,housing_v1,housing_controlled_model_landlords_experiment,episode_attempt_b7f5981ad72bcd3e001a,538175aad7a67767c40b326ab648149a3a7444cf05eaceaccb4eb9f8bee948ec,included,housing_social_welfare_leaf,1.0.0,social_welfare,1.0.0,utility,landlord_1,landlord_1,0.0,utility_points,"{""disagreement_utility"":0.0}",ok,valid,[],"[""event_00000259""]",evaluation_receipt,episode_attempt_b7f5981ad72bcd3e001a,538175aad7a67767c40b326ab648149a3a7444cf05eaceaccb4eb9f8bee948ec,true
result_c9f8423fdf72282dfb2750e3,runplan_668033750157196d,cell_4c92f9449e6d6bc9f9a4,housing_v1__experiment__000007,housing_v1,housing_controlled_model_landlords_experiment,episode_attempt_b7f5981ad72bcd3e001a,538175aad7a67767c40b326ab648149a3a7444cf05eaceaccb4eb9f8bee948ec,included,housing_social_welfare_leaf,1.0.0,social_welfare,1.0.0,utility,landlord_2,landlord_2,0.0,utility_points,"{""disagreement_utility"":0.0}",ok,valid,[],"[""event_00000259""]",evaluation_receipt,episode_attempt_b7f5981ad72bcd3e001a,538175aad7a67767c40b326ab648149a3a7444cf05eaceaccb4eb9f8bee948ec,true
result_8226a102213d1b6d65595f31,runplan_668033750157196d,cell_4c92f9449e6d6bc9f9a4,housing_v1__experiment__000007,housing_v1,housing_controlled_model_landlords_experiment,episode_attempt_b7f5981ad72bcd3e001a,538175aad7a67767c40b326ab648149a3a7444cf05eaceaccb4eb9f8bee948ec,included,housing_social_welfare_leaf,1.0.0,social_welfare,1.0.0,utility,landlord_3,landlord_3,474.7,utility_points,"{""disagreement_utility"":0.0}",ok,valid,[],"[""event_00000259""]",evaluation_receipt,episode_attempt_b7f5981ad72bcd3e001a,538175aad7a67767c40b326ab648149a3a7444cf05eaceaccb4eb9f8bee948ec,true
result_05aa228925019cbdfb438b26,runplan_668033750157196d,cell_4c92f9449e6d6bc9f9a4,housing_v1__experiment__000007,housing_v1,housing_controlled_model_landlords_experiment,episode_attempt_b7f5981ad72bcd3e001a,538175aad7a67767c40b326ab648149a3a7444cf05eaceaccb4eb9f8bee948ec,included,housing_social_welfare_leaf,1.0.0,social_welfare,1.0.0,utility,tenant_0,tenant_0,333.26,utility_points,"{""disagreement_utility"":0.0}",ok,valid,[],"[""event_00000259""]",evaluation_receipt,episode_attempt_b7f5981ad72bcd3e001a,538175aad7a67767c40b326ab648149a3a7444cf05eaceaccb4eb9f8bee948ec,true
result_86dd52fd1561775c69390045,runplan_668033750157196d,cell_4c92f9449e6d6bc9f9a4,housing_v1__experiment__000007,housing_v1,housing_controlled_model_landlords_experiment,episode_attempt_b7f5981ad72bcd3e001a,538175aad7a67767c40b326ab648149a3a7444cf05eaceaccb4eb9f8bee948ec,included,housing_social_welfare_leaf,1.0.0,social_welfare,1.0.0,utility,tenant_1,tenant_1,133.36,utility_points,"{""disagreement_utility"":0.0}",ok,valid,[],"[""event_00000259""]",evaluation_receipt,episode_attempt_b7f5981ad72bcd3e001a,538175aad7a67767c40b326ab648149a3a7444cf05eaceaccb4eb9f8bee948ec,true
result_24f89695cbb08ed1c4b18cfc,runplan_668033750157196d,cell_4c92f9449e6d6bc9f9a4,housing_v1__experiment__000007,housing_v1,housing_controlled_model_landlords_experiment,episode_attempt_b7f5981ad72bcd3e001a,538175aad7a67767c40b326ab648149a3a7444cf05eaceaccb4eb9f8bee948ec,included,housing_social_welfare_leaf,1.0.0,social_welfare,1.0.0,utility,tenant_2,tenant_2,0.0,utility_points,"{""disagreement_utility"":0.0}",ok,valid,[],"[""event_00000259""]",evaluation_receipt,episode_attempt_b7f5981ad72bcd3e001a,538175aad7a67767c40b326ab648149a3a7444cf05eaceaccb4eb9f8bee948ec,true
result_8fe4df84ada0ebddf5da727b,runplan_668033750157196d,cell_4c92f9449e6d6bc9f9a4,housing_v1__experiment__000007,housing_v1,housing_controlled_model_landlords_experiment,episode_attempt_b7f5981ad72bcd3e001a,538175aad7a67767c40b326ab648149a3a7444cf05eaceaccb4eb9f8bee948ec,included,housing_social_welfare_leaf,1.0.0,social_welfare,1.0.0,utility,tenant_3,tenant_3,0.0,utility_points,"{""disagreement_utility"":0.0}",ok,valid,[],"[""event_00000259""]",evaluation_receipt,episode_attempt_b7f5981ad72bcd3e001a,538175aad7a67767c40b326ab648149a3a7444cf05eaceaccb4eb9f8bee948ec,true
result_aaf1fc3d7caba73b8f8abb3e,runplan_668033750157196d,cell_4c92f9449e6d6bc9f9a4,housing_v1__experiment__000007,housing_v1,housing_controlled_model_landlords_experiment,episode_attempt_b7f5981ad72bcd3e001a,538175aad7a67767c40b326ab648149a3a7444cf05eaceaccb4eb9f8bee948ec,included,housing_social_welfare_leaf,1.0.0,social_welfare,1.0.0,utility,tenant_4,tenant_4,0.0,utility_points,"{""disagreement_utility"":0.0}",ok,valid,[],"[""event_00000259""]",evaluation_receipt,episode_attempt_b7f5981ad72bcd3e001a,538175aad7a67767c40b326ab648149a3a7444cf05eaceaccb4eb9f8bee948ec,true
result_dc1e92b81e6492967bd67ec9,runplan_668033750157196d,cell_4c92f9449e6d6bc9f9a4,housing_v1__experiment__000007,housing_v1,housing_controlled_model_landlords_experiment,episode_attempt_b7f5981ad72bcd3e001a,538175aad7a67767c40b326ab648149a3a7444cf05eaceaccb4eb9f8bee948ec,included,housing_social_welfare_leaf,1.0.0,social_welfare,1.0.0,utility,tenant_5,tenant_5,0.0,utility_points,"{""disagreement_utility"":0.0}",ok,valid,[],"[""event_00000259""]",evaluation_receipt,episode_attempt_b7f5981ad72bcd3e001a,538175aad7a67767c40b326ab648149a3a7444cf05eaceaccb4eb9f8bee948ec,true
result_0e2f1aa68fcf6ed10d1d7ced,runplan_668033750157196d,cell_4c92f9449e6d6bc9f9a4,housing_v1__experiment__000007,housing_v1,housing_controlled_model_landlords_experiment,episode_attempt_b7f5981ad72bcd3e001a,538175aad7a67767c40b326ab648149a3a7444cf05eaceaccb4eb9f8bee948ec,included,housing_social_welfare_leaf,1.0.0,social_welfare,1.0.0,capture,landlord_0,landlord_0,158.64,utility_points,"{""disagreement_utility"":0.0}",ok,valid,[],"[""event_00000259""]",evaluation_receipt,episode_attempt_b7f5981ad72bcd3e001a,538175aad7a67767c40b326ab648149a3a7444cf05eaceaccb4eb9f8bee948ec,true
result_e109530f5f844b9874de9acb,runplan_668033750157196d,cell_4c92f9449e6d6bc9f9a4,housing_v1__experiment__000007,housing_v1,housing_controlled_model_landlords_experiment,episode_attempt_b7f5981ad72bcd3e001a,538175aad7a67767c40b326ab648149a3a7444cf05eaceaccb4eb9f8bee948ec,included,housing_social_welfare_leaf,1.0.0,social_welfare,1.0.0,capture,landlord_1,landlord_1,0.0,utility_points,"{""disagreement_utility"":0.0}",ok,valid,[],"[""event_00000259""]",evaluation_receipt,episode_attempt_b7f5981ad72bcd3e001a,538175aad7a67767c40b326ab648149a3a7444cf05eaceaccb4eb9f8bee948ec,true
result_63010e5b21da257b5d0f1e90,runplan_668033750157196d,cell_4c92f9449e6d6bc9f9a4,housing_v1__experiment__000007,housing_v1,housing_controlled_model_landlords_experiment,episode_attempt_b7f5981ad72bcd3e001a,538175aad7a67767c40b326ab648149a3a7444cf05eaceaccb4eb9f8bee948ec,included,housing_social_welfare_leaf,1.0.0,social_welfare,1.0.0,capture,landlord_2,landlord_2,0.0,utility_points,"{""disagreement_utility"":0.0}",ok,valid,[],"[""event_00000259""]",evaluation_receipt,episode_attempt_b7f5981ad72bcd3e001a,538175aad7a67767c40b326ab648149a3a7444cf05eaceaccb4eb9f8bee948ec,true
result_0b213f506a2b1bbc540c83bf,runplan_668033750157196d,cell_4c92f9449e6d6bc9f9a4,housing_v1__experiment__000007,housing_v1,housing_controlled_model_landlords_experiment,episode_attempt_b7f5981ad72bcd3e001a,538175aad7a67767c40b326ab648149a3a7444cf05eaceaccb4eb9f8bee948ec,included,housing_social_welfare_leaf,1.0.0,social_welfare,1.0.0,capture,landlord_3,landlord_3,474.7,utility_points,"{""disagreement_utility"":0.0}",ok,valid,[],"[""event_00000259""]",evaluation_receipt,episode_attempt_b7f5981ad72bcd3e001a,538175aad7a67767c40b326ab648149a3a7444cf05eaceaccb4eb9f8bee948ec,true
result_e662fe0f2ab0caf33095b540,runplan_668033750157196d,cell_4c92f9449e6d6bc9f9a4,housing_v1__experiment__000007,housing_v1,housing_controlled_model_landlords_experiment,episode_attempt_b7f5981ad72bcd3e001a,538175aad7a67767c40b326ab648149a3a7444cf05eaceaccb4eb9f8bee948ec,included,housing_social_welfare_leaf,1.0.0,social_welfare,1.0.0,capture,tenant_0,tenant_0,333.26,utility_points,"{""disagreement_utility"":0.0}",ok,valid,[],"[""event_00000259""]",evaluation_receipt,episode_attempt_b7f5981ad72bcd3e001a,538175aad7a67767c40b326ab648149a3a7444cf05eaceaccb4eb9f8bee948ec,true
result_304e29b28d3a28c60bbb57ba,runplan_668033750157196d,cell_4c92f9449e6d6bc9f9a4,housing_v1__experiment__000007,housing_v1,housing_controlled_model_landlords_experiment,episode_attempt_b7f5981ad72bcd3e001a,538175aad7a67767c40b326ab648149a3a7444cf05eaceaccb4eb9f8bee948ec,included,housing_social_welfare_leaf,1.0.0,social_welfare,1.0.0,capture,tenant_1,tenant_1,133.36,utility_points,"{""disagreement_utility"":0.0}",ok,valid,[],"[""event_00000259""]",evaluation_receipt,episode_attempt_b7f5981ad72bcd3e001a,538175aad7a67767c40b326ab648149a3a7444cf05eaceaccb4eb9f8bee948ec,true
result_524875f54936397f8b7027b9,runplan_668033750157196d,cell_4c92f9449e6d6bc9f9a4,housing_v1__experiment__000007,housing_v1,housing_controlled_model_landlords_experiment,episode_attempt_b7f5981ad72bcd3e001a,538175aad7a67767c40b326ab648149a3a7444cf05eaceaccb4eb9f8bee948ec,included,housing_social_welfare_leaf,1.0.0,social_welfare,1.0.0,capture,tenant_2,tenant_2,0.0,utility_points,"{""disagreement_utility"":0.0}",ok,valid,[],"[""event_00000259""]",evaluation_receipt,episode_attempt_b7f5981ad72bcd3e001a,538175aad7a67767c40b326ab648149a3a7444cf05eaceaccb4eb9f8bee948ec,true
result_5091567014561ba6229494d8,runplan_668033750157196d,cell_4c92f9449e6d6bc9f9a4,housing_v1__experiment__000007,housing_v1,housing_controlled_model_landlords_experiment,episode_attempt_b7f5981ad72bcd3e001a,538175aad7a67767c40b326ab648149a3a7444cf05eaceaccb4eb9f8bee948ec,included,housing_social_welfare_leaf,1.0.0,social_welfare,1.0.0,capture,tenant_3,tenant_3,0.0,utility_points,"{""disagreement_utility"":0.0}",ok,valid,[],"[""event_00000259""]",evaluation_receipt,episode_attempt_b7f5981ad72bcd3e001a,538175aad7a67767c40b326ab648149a3a7444cf05eaceaccb4eb9f8bee948ec,true
result_f459bb5ad111638fe6cd5991,runplan_668033750157196d,cell_4c92f9449e6d6bc9f9a4,housing_v1__experiment__000007,housing_v1,housing_controlled_model_landlords_experiment,episode_attempt_b7f5981ad72bcd3e001a,538175aad7a67767c40b326ab648149a3a7444cf05eaceaccb4eb9f8bee948ec,included,housing_social_welfare_leaf,1.0.0,social_welfare,1.0.0,capture,tenant_4,tenant_4,0.0,utility_points,"{""disagreement_utility"":0.0}",ok,valid,[],"[""event_00000259""]",evaluation_receipt,episode_attempt_b7f5981ad72bcd3e001a,538175aad7a67767c40b326ab648149a3a7444cf05eaceaccb4eb9f8bee948ec,true
result_4867e0424f0da4429092c0da,runplan_668033750157196d,cell_4c92f9449e6d6bc9f9a4,housing_v1__experiment__000007,housing_v1,housing_controlled_model_landlords_experiment,episode_attempt_b7f5981ad72bcd3e001a,538175aad7a67767c40b326ab648149a3a7444cf05eaceaccb4eb9f8bee948ec,included,housing_social_welfare_leaf,1.0.0,social_welfare,1.0.0,capture,tenant_5,tenant_5,0.0,utility_points,"{""disagreement_utility"":0.0}",ok,valid,[],"[""event_00000259""]",evaluation_receipt,episode_attempt_b7f5981ad72bcd3e001a,538175aad7a67767c40b326ab648149a3a7444cf05eaceaccb4eb9f8bee948ec,true
result_db841debb6137b29f4c9cd2c,runplan_668033750157196d,cell_6391b1908fdc64d76095,housing_v1__experiment__000006,housing_v1,housing_controlled_model_landlords_experiment,episode_attempt_3f029e4481c886afb4a2,632d2b5aa3e7955d0c57720ac28383eba283e7f3f466a09f4db151e09947c8cf,included,housing_social_welfare_leaf,1.0.0,social_welfare,1.0.0,primary,social_welfare,,754.18,utility_points,{},ok,valid,[],"[""event_00000255""]",evaluation_receipt,episode_attempt_3f029e4481c886afb4a2,632d2b5aa3e7955d0c57720ac28383eba283e7f3f466a09f4db151e09947c8cf,true
result_19233a7146d630de7aa32fe3,runplan_668033750157196d,cell_6391b1908fdc64d76095,housing_v1__experiment__000006,housing_v1,housing_controlled_model_landlords_experiment,episode_attempt_3f029e4481c886afb4a2,632d2b5aa3e7955d0c57720ac28383eba283e7f3f466a09f4db151e09947c8cf,included,housing_social_welfare_leaf,1.0.0,social_welfare,1.0.0,metric,comparison_baseline_gap,,35.289999999999964,utility_points,{},ok,valid,[],"[""event_00000255""]",evaluation_receipt,episode_attempt_3f029e4481c886afb4a2,632d2b5aa3e7955d0c57720ac28383eba283e7f3f466a09f4db151e09947c8cf,true
result_64051c17391ed1f56d11b6b5,runplan_668033750157196d,cell_6391b1908fdc64d76095,housing_v1__experiment__000006,housing_v1,housing_controlled_model_landlords_experiment,episode_attempt_3f029e4481c886afb4a2,632d2b5aa3e7955d0c57720ac28383eba283e7f3f466a09f4db151e09947c8cf,included,housing_social_welfare_leaf,1.0.0,social_welfare,1.0.0,metric,ir_violation_count,,0.0,count,{},ok,valid,[],"[""event_00000255""]",evaluation_receipt,episode_attempt_3f029e4481c886afb4a2,632d2b5aa3e7955d0c57720ac28383eba283e7f3f466a09f4db151e09947c8cf,true
result_d7ef14ffc3a93516cf12a937,runplan_668033750157196d,cell_6391b1908fdc64d76095,housing_v1__experiment__000006,housing_v1,housing_controlled_model_landlords_experiment,episode_attempt_3f029e4481c886afb4a2,632d2b5aa3e7955d0c57720ac28383eba283e7f3f466a09f4db151e09947c8cf,included,housing_social_welfare_leaf,1.0.0,social_welfare,1.0.0,metric,social_welfare,,754.18,utility_points,{},ok,valid,[],"[""event_00000255""]",evaluation_receipt,episode_attempt_3f029e4481c886afb4a2,632d2b5aa3e7955d0c57720ac28383eba283e7f3f466a09f4db151e09947c8cf,true
result_58d96174fe9ed9f396c39224,runplan_668033750157196d,cell_6391b1908fdc64d76095,housing_v1__experiment__000006,housing_v1,housing_controlled_model_landlords_experiment,episode_attempt_3f029e4481c886afb4a2,632d2b5aa3e7955d0c57720ac28383eba283e7f3f466a09f4db151e09947c8cf,included,housing_social_welfare_leaf,1.0.0,social_welfare,1.0.0,metric,upper_bound_gap,,373.95000000000016,utility_points,{},ok,valid,[],"[""event_00000255""]",evaluation_receipt,episode_attempt_3f029e4481c886afb4a2,632d2b5aa3e7955d0c57720ac28383eba283e7f3f466a09f4db151e09947c8cf,true
result_c2018264d27cd1750c195f15,runplan_668033750157196d,cell_6391b1908fdc64d76095,housing_v1__experiment__000006,housing_v1,housing_controlled_model_landlords_experiment,episode_attempt_3f029e4481c886afb4a2,632d2b5aa3e7955d0c57720ac28383eba283e7f3f466a09f4db151e09947c8cf,included,housing_social_welfare_leaf,1.0.0,social_welfare,1.0.0,metric,wasted_contacts,,9.0,count,{},ok,valid,[],"[""event_00000255""]",evaluation_receipt,episode_attempt_3f029e4481c886afb4a2,632d2b5aa3e7955d0c57720ac28383eba283e7f3f466a09f4db151e09947c8cf,true
result_c63ebb7b63ebdf2a9319e00a,runplan_668033750157196d,cell_6391b1908fdc64d76095,housing_v1__experiment__000006,housing_v1,housing_controlled_model_landlords_experiment,episode_attempt_3f029e4481c886afb4a2,632d2b5aa3e7955d0c57720ac28383eba283e7f3f466a09f4db151e09947c8cf,included,housing_social_welfare_leaf,1.0.0,social_welfare,1.0.0,metric,within_case_score,,0.6685222447767544,ratio,{},ok,valid,[],"[""event_00000255""]",evaluation_receipt,episode_attempt_3f029e4481c886afb4a2,632d2b5aa3e7955d0c57720ac28383eba283e7f3f466a09f4db151e09947c8cf,true
result_698a4d63d3bbf38ffa504c5d,runplan_668033750157196d,cell_6391b1908fdc64d76095,housing_v1__experiment__000006,housing_v1,housing_controlled_model_landlords_experiment,episode_attempt_3f029e4481c886afb4a2,632d2b5aa3e7955d0c57720ac28383eba283e7f3f466a09f4db151e09947c8cf,included,housing_social_welfare_leaf,1.0.0,social_welfare,1.0.0,reference,comparison_baseline,,718.89,utility_points,"{""policy"":""naive"",""reference_kind"":""comparison_baseline""}",ok,valid,[],"[""event_00000255""]",evaluation_receipt,episode_attempt_3f029e4481c886afb4a2,632d2b5aa3e7955d0c57720ac28383eba283e7f3f466a09f4db151e09947c8cf,true
result_7e6482799904cd2306187014,runplan_668033750157196d,cell_6391b1908fdc64d76095,housing_v1__experiment__000006,housing_v1,housing_controlled_model_landlords_experiment,episode_attempt_3f029e4481c886afb4a2,632d2b5aa3e7955d0c57720ac28383eba283e7f3f466a09f4db151e09947c8cf,included,housing_social_welfare_leaf,1.0.0,social_welfare,1.0.0,reference,optimum_lower_bound,,0.0,utility_points,"{""policy"":""do_nothing"",""reference_kind"":""objective_lower_bound""}",ok,valid,[],"[""event_00000255""]",evaluation_receipt,episode_attempt_3f029e4481c886afb4a2,632d2b5aa3e7955d0c57720ac28383eba283e7f3f466a09f4db151e09947c8cf,true
result_de38702fd3c25063394eff40,runplan_668033750157196d,cell_6391b1908fdc64d76095,housing_v1__experiment__000006,housing_v1,housing_controlled_model_landlords_experiment,episode_attempt_3f029e4481c886afb4a2,632d2b5aa3e7955d0c57720ac28383eba283e7f3f466a09f4db151e09947c8cf,included,housing_social_welfare_leaf,1.0.0,social_welfare,1.0.0,reference,optimum_upper_bound,,1128.13,utility_points,"{""reference_kind"":""objective_upper_bound"",""semantics"":""full_information_allocation_relaxation""}",ok,valid,[],"[""event_00000255""]",evaluation_receipt,episode_attempt_3f029e4481c886afb4a2,632d2b5aa3e7955d0c57720ac28383eba283e7f3f466a09f4db151e09947c8cf,true
result_c6c00ad3005b2d2ca6d78c52,runplan_668033750157196d,cell_6391b1908fdc64d76095,housing_v1__experiment__000006,housing_v1,housing_controlled_model_landlords_experiment,episode_attempt_3f029e4481c886afb4a2,632d2b5aa3e7955d0c57720ac28383eba283e7f3f466a09f4db151e09947c8cf,included,housing_social_welfare_leaf,1.0.0,social_welfare,1.0.0,utility,landlord_0,landlord_0,0.0,utility_points,"{""disagreement_utility"":0.0}",ok,valid,[],"[""event_00000255""]",evaluation_receipt,episode_attempt_3f029e4481c886afb4a2,632d2b5aa3e7955d0c57720ac28383eba283e7f3f466a09f4db151e09947c8cf,true
result_d811d38a66c36430516bdb7e,runplan_668033750157196d,cell_6391b1908fdc64d76095,housing_v1__experiment__000006,housing_v1,housing_controlled_model_landlords_experiment,episode_attempt_3f029e4481c886afb4a2,632d2b5aa3e7955d0c57720ac28383eba283e7f3f466a09f4db151e09947c8cf,included,housing_social_welfare_leaf,1.0.0,social_welfare,1.0.0,utility,landlord_1,landlord_1,300.73,utility_points,"{""disagreement_utility"":0.0}",ok,valid,[],"[""event_00000255""]",evaluation_receipt,episode_attempt_3f029e4481c886afb4a2,632d2b5aa3e7955d0c57720ac28383eba283e7f3f466a09f4db151e09947c8cf,true
result_0b21a7e370e2321ef1678dcc,runplan_668033750157196d,cell_6391b1908fdc64d76095,housing_v1__experiment__000006,housing_v1,housing_controlled_model_landlords_experiment,episode_attempt_3f029e4481c886afb4a2,632d2b5aa3e7955d0c57720ac28383eba283e7f3f466a09f4db151e09947c8cf,included,housing_social_welfare_leaf,1.0.0,social_welfare,1.0.0,utility,landlord_2,landlord_2,0.0,utility_points,"{""disagreement_utility"":0.0}",ok,valid,[],"[""event_00000255""]",evaluation_receipt,episode_attempt_3f029e4481c886afb4a2,632d2b5aa3e7955d0c57720ac28383eba283e7f3f466a09f4db151e09947c8cf,true
result_56264c777b7101a5f1aba663,runplan_668033750157196d,cell_6391b1908fdc64d76095,housing_v1__experiment__000006,housing_v1,housing_controlled_model_landlords_experiment,episode_attempt_3f029e4481c886afb4a2,632d2b5aa3e7955d0c57720ac28383eba283e7f3f466a09f4db151e09947c8cf,included,housing_social_welfare_leaf,1.0.0,social_welfare,1.0.0,utility,landlord_3,landlord_3,44.83,utility_points,"{""disagreement_utility"":0.0}",ok,valid,[],"[""event_00000255""]",evaluation_receipt,episode_attempt_3f029e4481c886afb4a2,632d2b5aa3e7955d0c57720ac28383eba283e7f3f466a09f4db151e09947c8cf,true
result_3a74f529e805afe46a33ba46,runplan_668033750157196d,cell_6391b1908fdc64d76095,housing_v1__experiment__000006,housing_v1,housing_controlled_model_landlords_experiment,episode_attempt_3f029e4481c886afb4a2,632d2b5aa3e7955d0c57720ac28383eba283e7f3f466a09f4db151e09947c8cf,included,housing_social_welfare_leaf,1.0.0,social_welfare,1.0.0,utility,tenant_0,tenant_0,199.22,utility_points,"{""disagreement_utility"":0.0}",ok,valid,[],"[""event_00000255""]",evaluation_receipt,episode_attempt_3f029e4481c886afb4a2,632d2b5aa3e7955d0c57720ac28383eba283e7f3f466a09f4db151e09947c8cf,true
result_53028630add0aa19acf86161,runplan_668033750157196d,cell_6391b1908fdc64d76095,housing_v1__experiment__000006,housing_v1,housing_controlled_model_landlords_experiment,episode_attempt_3f029e4481c886afb4a2,632d2b5aa3e7955d0c57720ac28383eba283e7f3f466a09f4db151e09947c8cf,included,housing_social_welfare_leaf,1.0.0,social_welfare,1.0.0,utility,tenant_1,tenant_1,0.0,utility_points,"{""disagreement_utility"":0.0}",ok,valid,[],"[""event_00000255""]",evaluation_receipt,episode_attempt_3f029e4481c886afb4a2,632d2b5aa3e7955d0c57720ac28383eba283e7f3f466a09f4db151e09947c8cf,true
result_3be107f282ee113e4d2d2dca,runplan_668033750157196d,cell_6391b1908fdc64d76095,housing_v1__experiment__000006,housing_v1,housing_controlled_model_landlords_experiment,episode_attempt_3f029e4481c886afb4a2,632d2b5aa3e7955d0c57720ac28383eba283e7f3f466a09f4db151e09947c8cf,included,housing_social_welfare_leaf,1.0.0,social_welfare,1.0.0,utility,tenant_2,tenant_2,209.4,utility_points,"{""disagreement_utility"":0.0}",ok,valid,[],"[""event_00000255""]",evaluation_receipt,episode_attempt_3f029e4481c886afb4a2,632d2b5aa3e7955d0c57720ac28383eba283e7f3f466a09f4db151e09947c8cf,true
result_9f0a11e434bf482c368a3125,runplan_668033750157196d,cell_6391b1908fdc64d76095,housing_v1__experiment__000006,housing_v1,housing_controlled_model_landlords_experiment,episode_attempt_3f029e4481c886afb4a2,632d2b5aa3e7955d0c57720ac28383eba283e7f3f466a09f4db151e09947c8cf,included,housing_social_welfare_leaf,1.0.0,social_welfare,1.0.0,utility,tenant_3,tenant_3,0.0,utility_points,"{""disagreement_utility"":0.0}",ok,valid,[],"[""event_00000255""]",evaluation_receipt,episode_attempt_3f029e4481c886afb4a2,632d2b5aa3e7955d0c57720ac28383eba283e7f3f466a09f4db151e09947c8cf,true
result_6894aba45d855879ce573ad7,runplan_668033750157196d,cell_6391b1908fdc64d76095,housing_v1__experiment__000006,housing_v1,housing_controlled_model_landlords_experiment,episode_attempt_3f029e4481c886afb4a2,632d2b5aa3e7955d0c57720ac28383eba283e7f3f466a09f4db151e09947c8cf,included,housing_social_welfare_leaf,1.0.0,social_welfare,1.0.0,utility,tenant_4,tenant_4,0.0,utility_points,"{""disagreement_utility"":0.0}",ok,valid,[],"[""event_00000255""]",evaluation_receipt,episode_attempt_3f029e4481c886afb4a2,632d2b5aa3e7955d0c57720ac28383eba283e7f3f466a09f4db151e09947c8cf,true
result_724bba9dc1e4d933ce8ec6d3,runplan_668033750157196d,cell_6391b1908fdc64d76095,housing_v1__experiment__000006,housing_v1,housing_controlled_model_landlords_experiment,episode_attempt_3f029e4481c886afb4a2,632d2b5aa3e7955d0c57720ac28383eba283e7f3f466a09f4db151e09947c8cf,included,housing_social_welfare_leaf,1.0.0,social_welfare,1.0.0,utility,tenant_5,tenant_5,0.0,utility_points,"{""disagreement_utility"":0.0}",ok,valid,[],"[""event_00000255""]",evaluation_receipt,episode_attempt_3f029e4481c886afb4a2,632d2b5aa3e7955d0c57720ac28383eba283e7f3f466a09f4db151e09947c8cf,true
result_2a2d8b9cd28dfbac938373a5,runplan_668033750157196d,cell_6391b1908fdc64d76095,housing_v1__experiment__000006,housing_v1,housing_controlled_model_landlords_experiment,episode_attempt_3f029e4481c886afb4a2,632d2b5aa3e7955d0c57720ac28383eba283e7f3f466a09f4db151e09947c8cf,included,housing_social_welfare_leaf,1.0.0,social_welfare,1.0.0,capture,landlord_0,landlord_0,0.0,utility_points,"{""disagreement_utility"":0.0}",ok,valid,[],"[""event_00000255""]",evaluation_receipt,episode_attempt_3f029e4481c886afb4a2,632d2b5aa3e7955d0c57720ac28383eba283e7f3f466a09f4db151e09947c8cf,true
result_03d8ce21d59d12fe7381bfa0,runplan_668033750157196d,cell_6391b1908fdc64d76095,housing_v1__experiment__000006,housing_v1,housing_controlled_model_landlords_experiment,episode_attempt_3f029e4481c886afb4a2,632d2b5aa3e7955d0c57720ac28383eba283e7f3f466a09f4db151e09947c8cf,included,housing_social_welfare_leaf,1.0.0,social_welfare,1.0.0,capture,landlord_1,landlord_1,300.73,utility_points,"{""disagreement_utility"":0.0}",ok,valid,[],"[""event_00000255""]",evaluation_receipt,episode_attempt_3f029e4481c886afb4a2,632d2b5aa3e7955d0c57720ac28383eba283e7f3f466a09f4db151e09947c8cf,true
result_c2e5429c096779369c3294d3,runplan_668033750157196d,cell_6391b1908fdc64d76095,housing_v1__experiment__000006,housing_v1,housing_controlled_model_landlords_experiment,episode_attempt_3f029e4481c886afb4a2,632d2b5aa3e7955d0c57720ac28383eba283e7f3f466a09f4db151e09947c8cf,included,housing_social_welfare_leaf,1.0.0,social_welfare,1.0.0,capture,landlord_2,landlord_2,0.0,utility_points,"{""disagreement_utility"":0.0}",ok,valid,[],"[""event_00000255""]",evaluation_receipt,episode_attempt_3f029e4481c886afb4a2,632d2b5aa3e7955d0c57720ac28383eba283e7f3f466a09f4db151e09947c8cf,true
result_2bbc2e40a5ce2323c9984c2b,runplan_668033750157196d,cell_6391b1908fdc64d76095,housing_v1__experiment__000006,housing_v1,housing_controlled_model_landlords_experiment,episode_attempt_3f029e4481c886afb4a2,632d2b5aa3e7955d0c57720ac28383eba283e7f3f466a09f4db151e09947c8cf,included,housing_social_welfare_leaf,1.0.0,social_welfare,1.0.0,capture,landlord_3,landlord_3,44.83,utility_points,"{""disagreement_utility"":0.0}",ok,valid,[],"[""event_00000255""]",evaluation_receipt,episode_attempt_3f029e4481c886afb4a2,632d2b5aa3e7955d0c57720ac28383eba283e7f3f466a09f4db151e09947c8cf,true
result_0123ffeab9c8da23a57d44d4,runplan_668033750157196d,cell_6391b1908fdc64d76095,housing_v1__experiment__000006,housing_v1,housing_controlled_model_landlords_experiment,episode_attempt_3f029e4481c886afb4a2,632d2b5aa3e7955d0c57720ac28383eba283e7f3f466a09f4db151e09947c8cf,included,housing_social_welfare_leaf,1.0.0,social_welfare,1.0.0,capture,tenant_0,tenant_0,199.22,utility_points,"{""disagreement_utility"":0.0}",ok,valid,[],"[""event_00000255""]",evaluation_receipt,episode_attempt_3f029e4481c886afb4a2,632d2b5aa3e7955d0c57720ac28383eba283e7f3f466a09f4db151e09947c8cf,true
result_732f3a289839702ef064e72e,runplan_668033750157196d,cell_6391b1908fdc64d76095,housing_v1__experiment__000006,housing_v1,housing_controlled_model_landlords_experiment,episode_attempt_3f029e4481c886afb4a2,632d2b5aa3e7955d0c57720ac28383eba283e7f3f466a09f4db151e09947c8cf,included,housing_social_welfare_leaf,1.0.0,social_welfare,1.0.0,capture,tenant_1,tenant_1,0.0,utility_points,"{""disagreement_utility"":0.0}",ok,valid,[],"[""event_00000255""]",evaluation_receipt,episode_attempt_3f029e4481c886afb4a2,632d2b5aa3e7955d0c57720ac28383eba283e7f3f466a09f4db151e09947c8cf,true
result_55370637b8da37b98d2b5db8,runplan_668033750157196d,cell_6391b1908fdc64d76095,housing_v1__experiment__000006,housing_v1,housing_controlled_model_landlords_experiment,episode_attempt_3f029e4481c886afb4a2,632d2b5aa3e7955d0c57720ac28383eba283e7f3f466a09f4db151e09947c8cf,included,housing_social_welfare_leaf,1.0.0,social_welfare,1.0.0,capture,tenant_2,tenant_2,209.4,utility_points,"{""disagreement_utility"":0.0}",ok,valid,[],"[""event_00000255""]",evaluation_receipt,episode_attempt_3f029e4481c886afb4a2,632d2b5aa3e7955d0c57720ac28383eba283e7f3f466a09f4db151e09947c8cf,true
result_c5d3a9f010571ec0f53e62ac,runplan_668033750157196d,cell_6391b1908fdc64d76095,housing_v1__experiment__000006,housing_v1,housing_controlled_model_landlords_experiment,episode_attempt_3f029e4481c886afb4a2,632d2b5aa3e7955d0c57720ac28383eba283e7f3f466a09f4db151e09947c8cf,included,housing_social_welfare_leaf,1.0.0,social_welfare,1.0.0,capture,tenant_3,tenant_3,0.0,utility_points,"{""disagreement_utility"":0.0}",ok,valid,[],"[""event_00000255""]",evaluation_receipt,episode_attempt_3f029e4481c886afb4a2,632d2b5aa3e7955d0c57720ac28383eba283e7f3f466a09f4db151e09947c8cf,true
result_3f5330922043b3c5e97b99f6,runplan_668033750157196d,cell_6391b1908fdc64d76095,housing_v1__experiment__000006,housing_v1,housing_controlled_model_landlords_experiment,episode_attempt_3f029e4481c886afb4a2,632d2b5aa3e7955d0c57720ac28383eba283e7f3f466a09f4db151e09947c8cf,included,housing_social_welfare_leaf,1.0.0,social_welfare,1.0.0,capture,tenant_4,tenant_4,0.0,utility_points,"{""disagreement_utility"":0.0}",ok,valid,[],"[""event_00000255""]",evaluation_receipt,episode_attempt_3f029e4481c886afb4a2,632d2b5aa3e7955d0c57720ac28383eba283e7f3f466a09f4db151e09947c8cf,true
result_aedd4c4cf15fff891a045540,runplan_668033750157196d,cell_6391b1908fdc64d76095,housing_v1__experiment__000006,housing_v1,housing_controlled_model_landlords_experiment,episode_attempt_3f029e4481c886afb4a2,632d2b5aa3e7955d0c57720ac28383eba283e7f3f466a09f4db151e09947c8cf,included,housing_social_welfare_leaf,1.0.0,social_welfare,1.0.0,capture,tenant_5,tenant_5,0.0,utility_points,"{""disagreement_utility"":0.0}",ok,valid,[],"[""event_00000255""]",evaluation_receipt,episode_attempt_3f029e4481c886afb4a2,632d2b5aa3e7955d0c57720ac28383eba283e7f3f466a09f4db151e09947c8cf,true
result_fea55aa92097097bb2a68cda,runplan_668033750157196d,cell_6a3762c2dc1894d2e210,housing_v1__experiment__000001,housing_v1,housing_controlled_model_landlords_experiment,episode_attempt_3301e581175b31d7a2e2,ef0624ad8f367d31d2c8df4d54289f2055c690d22b6a64f119799b0774c6fbe7,included,housing_social_welfare_leaf,1.0.0,social_welfare,1.0.0,primary,social_welfare,,1553.52,utility_points,{},ok,valid,[],"[""event_00000227""]",evaluation_receipt,episode_attempt_3301e581175b31d7a2e2,ef0624ad8f367d31d2c8df4d54289f2055c690d22b6a64f119799b0774c6fbe7,true
result_166717a1be7434f48525d3be,runplan_668033750157196d,cell_6a3762c2dc1894d2e210,housing_v1__experiment__000001,housing_v1,housing_controlled_model_landlords_experiment,episode_attempt_3301e581175b31d7a2e2,ef0624ad8f367d31d2c8df4d54289f2055c690d22b6a64f119799b0774c6fbe7,included,housing_social_welfare_leaf,1.0.0,social_welfare,1.0.0,metric,comparison_baseline_gap,,0.0,utility_points,{},ok,valid,[],"[""event_00000227""]",evaluation_receipt,episode_attempt_3301e581175b31d7a2e2,ef0624ad8f367d31d2c8df4d54289f2055c690d22b6a64f119799b0774c6fbe7,true
result_f637801b843cbd60e15523d3,runplan_668033750157196d,cell_6a3762c2dc1894d2e210,housing_v1__experiment__000001,housing_v1,housing_controlled_model_landlords_experiment,episode_attempt_3301e581175b31d7a2e2,ef0624ad8f367d31d2c8df4d54289f2055c690d22b6a64f119799b0774c6fbe7,included,housing_social_welfare_leaf,1.0.0,social_welfare,1.0.0,metric,ir_violation_count,,0.0,count,{},ok,valid,[],"[""event_00000227""]",evaluation_receipt,episode_attempt_3301e581175b31d7a2e2,ef0624ad8f367d31d2c8df4d54289f2055c690d22b6a64f119799b0774c6fbe7,true
result_998f0b75e3e9ab1f10680039,runplan_668033750157196d,cell_6a3762c2dc1894d2e210,housing_v1__experiment__000001,housing_v1,housing_controlled_model_landlords_experiment,episode_attempt_3301e581175b31d7a2e2,ef0624ad8f367d31d2c8df4d54289f2055c690d22b6a64f119799b0774c6fbe7,included,housing_social_welfare_leaf,1.0.0,social_welfare,1.0.0,metric,social_welfare,,1553.52,utility_points,{},ok,valid,[],"[""event_00000227""]",evaluation_receipt,episode_attempt_3301e581175b31d7a2e2,ef0624ad8f367d31d2c8df4d54289f2055c690d22b6a64f119799b0774c6fbe7,true
result_307730b8210a38dcc940a819,runplan_668033750157196d,cell_6a3762c2dc1894d2e210,housing_v1__experiment__000001,housing_v1,housing_controlled_model_landlords_experiment,episode_attempt_3301e581175b31d7a2e2,ef0624ad8f367d31d2c8df4d54289f2055c690d22b6a64f119799b0774c6fbe7,included,housing_social_welfare_leaf,1.0.0,social_welfare,1.0.0,metric,upper_bound_gap,,450.77,utility_points,{},ok,valid,[],"[""event_00000227""]",evaluation_receipt,episode_attempt_3301e581175b31d7a2e2,ef0624ad8f367d31d2c8df4d54289f2055c690d22b6a64f119799b0774c6fbe7,true
result_d0def32a80af0376c6410866,runplan_668033750157196d,cell_6a3762c2dc1894d2e210,housing_v1__experiment__000001,housing_v1,housing_controlled_model_landlords_experiment,episode_attempt_3301e581175b31d7a2e2,ef0624ad8f367d31d2c8df4d54289f2055c690d22b6a64f119799b0774c6fbe7,included,housing_social_welfare_leaf,1.0.0,social_welfare,1.0.0,metric,wasted_contacts,,7.0,count,{},ok,valid,[],"[""event_00000227""]",evaluation_receipt,episode_attempt_3301e581175b31d7a2e2,ef0624ad8f367d31d2c8df4d54289f2055c690d22b6a64f119799b0774c6fbe7,true
result_1e5d7aad4915b4d3aca04a83,runplan_668033750157196d,cell_6a3762c2dc1894d2e210,housing_v1__experiment__000001,housing_v1,housing_controlled_model_landlords_experiment,episode_attempt_3301e581175b31d7a2e2,ef0624ad8f367d31d2c8df4d54289f2055c690d22b6a64f119799b0774c6fbe7,included,housing_social_welfare_leaf,1.0.0,social_welfare,1.0.0,metric,within_case_score,,0.7750974160425886,ratio,{},ok,valid,[],"[""event_00000227""]",evaluation_receipt,episode_attempt_3301e581175b31d7a2e2,ef0624ad8f367d31d2c8df4d54289f2055c690d22b6a64f119799b0774c6fbe7,true
result_94bacd6654a3b6f32d38fb65,runplan_668033750157196d,cell_6a3762c2dc1894d2e210,housing_v1__experiment__000001,housing_v1,housing_controlled_model_landlords_experiment,episode_attempt_3301e581175b31d7a2e2,ef0624ad8f367d31d2c8df4d54289f2055c690d22b6a64f119799b0774c6fbe7,included,housing_social_welfare_leaf,1.0.0,social_welfare,1.0.0,reference,comparison_baseline,,1553.52,utility_points,"{""policy"":""naive"",""reference_kind"":""comparison_baseline""}",ok,valid,[],"[""event_00000227""]",evaluation_receipt,episode_attempt_3301e581175b31d7a2e2,ef0624ad8f367d31d2c8df4d54289f2055c690d22b6a64f119799b0774c6fbe7,true
result_eaace68736aeabd90506fbee,runplan_668033750157196d,cell_6a3762c2dc1894d2e210,housing_v1__experiment__000001,housing_v1,housing_controlled_model_landlords_experiment,episode_attempt_3301e581175b31d7a2e2,ef0624ad8f367d31d2c8df4d54289f2055c690d22b6a64f119799b0774c6fbe7,included,housing_social_welfare_leaf,1.0.0,social_welfare,1.0.0,reference,optimum_lower_bound,,0.0,utility_points,"{""policy"":""do_nothing"",""reference_kind"":""objective_lower_bound""}",ok,valid,[],"[""event_00000227""]",evaluation_receipt,episode_attempt_3301e581175b31d7a2e2,ef0624ad8f367d31d2c8df4d54289f2055c690d22b6a64f119799b0774c6fbe7,true
result_28d9ed217a700e525fceee6e,runplan_668033750157196d,cell_6a3762c2dc1894d2e210,housing_v1__experiment__000001,housing_v1,housing_controlled_model_landlords_experiment,episode_attempt_3301e581175b31d7a2e2,ef0624ad8f367d31d2c8df4d54289f2055c690d22b6a64f119799b0774c6fbe7,included,housing_social_welfare_leaf,1.0.0,social_welfare,1.0.0,reference,optimum_upper_bound,,2004.29,utility_points,"{""reference_kind"":""objective_upper_bound"",""semantics"":""full_information_allocation_relaxation""}",ok,valid,[],"[""event_00000227""]",evaluation_receipt,episode_attempt_3301e581175b31d7a2e2,ef0624ad8f367d31d2c8df4d54289f2055c690d22b6a64f119799b0774c6fbe7,true
result_5d88f021ae45c47da7f27cc9,runplan_668033750157196d,cell_6a3762c2dc1894d2e210,housing_v1__experiment__000001,housing_v1,housing_controlled_model_landlords_experiment,episode_attempt_3301e581175b31d7a2e2,ef0624ad8f367d31d2c8df4d54289f2055c690d22b6a64f119799b0774c6fbe7,included,housing_social_welfare_leaf,1.0.0,social_welfare,1.0.0,utility,landlord_0,landlord_0,56.6,utility_points,"{""disagreement_utility"":0.0}",ok,valid,[],"[""event_00000227""]",evaluation_receipt,episode_attempt_3301e581175b31d7a2e2,ef0624ad8f367d31d2c8df4d54289f2055c690d22b6a64f119799b0774c6fbe7,true
result_5d3652ac442a1117b7364a4c,runplan_668033750157196d,cell_6a3762c2dc1894d2e210,housing_v1__experiment__000001,housing_v1,housing_controlled_model_landlords_experiment,episode_attempt_3301e581175b31d7a2e2,ef0624ad8f367d31d2c8df4d54289f2055c690d22b6a64f119799b0774c6fbe7,included,housing_social_welfare_leaf,1.0.0,social_welfare,1.0.0,utility,landlord_1,landlord_1,0.0,utility_points,"{""disagreement_utility"":0.0}",ok,valid,[],"[""event_00000227""]",evaluation_receipt,episode_attempt_3301e581175b31d7a2e2,ef0624ad8f367d31d2c8df4d54289f2055c690d22b6a64f119799b0774c6fbe7,true
result_65d03a9fc08c224b07333a21,runplan_668033750157196d,cell_6a3762c2dc1894d2e210,housing_v1__experiment__000001,housing_v1,housing_controlled_model_landlords_experiment,episode_attempt_3301e581175b31d7a2e2,ef0624ad8f367d31d2c8df4d54289f2055c690d22b6a64f119799b0774c6fbe7,included,housing_social_welfare_leaf,1.0.0,social_welfare,1.0.0,utility,landlord_2,landlord_2,75.36,utility_points,"{""disagreement_utility"":0.0}",ok,valid,[],"[""event_00000227""]",evaluation_receipt,episode_attempt_3301e581175b31d7a2e2,ef0624ad8f367d31d2c8df4d54289f2055c690d22b6a64f119799b0774c6fbe7,true
result_e6a130f33c750dd77a328340,runplan_668033750157196d,cell_6a3762c2dc1894d2e210,housing_v1__experiment__000001,housing_v1,housing_controlled_model_landlords_experiment,episode_attempt_3301e581175b31d7a2e2,ef0624ad8f367d31d2c8df4d54289f2055c690d22b6a64f119799b0774c6fbe7,included,housing_social_welfare_leaf,1.0.0,social_welfare,1.0.0,utility,landlord_3,landlord_3,78.64,utility_points,"{""disagreement_utility"":0.0}",ok,valid,[],"[""event_00000227""]",evaluation_receipt,episode_attempt_3301e581175b31d7a2e2,ef0624ad8f367d31d2c8df4d54289f2055c690d22b6a64f119799b0774c6fbe7,true
result_b99e0eb9c0992d3c9e46276f,runplan_668033750157196d,cell_6a3762c2dc1894d2e210,housing_v1__experiment__000001,housing_v1,housing_controlled_model_landlords_experiment,episode_attempt_3301e581175b31d7a2e2,ef0624ad8f367d31d2c8df4d54289f2055c690d22b6a64f119799b0774c6fbe7,included,housing_social_welfare_leaf,1.0.0,social_welfare,1.0.0,utility,tenant_0,tenant_0,481.28,utility_points,"{""disagreement_utility"":0.0}",ok,valid,[],"[""event_00000227""]",evaluation_receipt,episode_attempt_3301e581175b31d7a2e2,ef0624ad8f367d31d2c8df4d54289f2055c690d22b6a64f119799b0774c6fbe7,true
result_a1d77ae237116fb8356f7d28,runplan_668033750157196d,cell_6a3762c2dc1894d2e210,housing_v1__experiment__000001,housing_v1,housing_controlled_model_landlords_experiment,episode_attempt_3301e581175b31d7a2e2,ef0624ad8f367d31d2c8df4d54289f2055c690d22b6a64f119799b0774c6fbe7,included,housing_social_welfare_leaf,1.0.0,social_welfare,1.0.0,utility,tenant_1,tenant_1,458.0,utility_points,"{""disagreement_utility"":0.0}",ok,valid,[],"[""event_00000227""]",evaluation_receipt,episode_attempt_3301e581175b31d7a2e2,ef0624ad8f367d31d2c8df4d54289f2055c690d22b6a64f119799b0774c6fbe7,true
result_d33a23cc7ed684e8a6b1d3e6,runplan_668033750157196d,cell_6a3762c2dc1894d2e210,housing_v1__experiment__000001,housing_v1,housing_controlled_model_landlords_experiment,episode_attempt_3301e581175b31d7a2e2,ef0624ad8f367d31d2c8df4d54289f2055c690d22b6a64f119799b0774c6fbe7,included,housing_social_welfare_leaf,1.0.0,social_welfare,1.0.0,utility,tenant_2,tenant_2,403.64,utility_points,"{""disagreement_utility"":0.0}",ok,valid,[],"[""event_00000227""]",evaluation_receipt,episode_attempt_3301e581175b31d7a2e2,ef0624ad8f367d31d2c8df4d54289f2055c690d22b6a64f119799b0774c6fbe7,true
result_2e793dea150582c86f4508ef,runplan_668033750157196d,cell_6a3762c2dc1894d2e210,housing_v1__experiment__000001,housing_v1,housing_controlled_model_landlords_experiment,episode_attempt_3301e581175b31d7a2e2,ef0624ad8f367d31d2c8df4d54289f2055c690d22b6a64f119799b0774c6fbe7,included,housing_social_welfare_leaf,1.0.0,social_welfare,1.0.0,utility,tenant_3,tenant_3,0.0,utility_points,"{""disagreement_utility"":0.0}",ok,valid,[],"[""event_00000227""]",evaluation_receipt,episode_attempt_3301e581175b31d7a2e2,ef0624ad8f367d31d2c8df4d54289f2055c690d22b6a64f119799b0774c6fbe7,true
result_9b160e3f9eced59268bad6db,runplan_668033750157196d,cell_6a3762c2dc1894d2e210,housing_v1__experiment__000001,housing_v1,housing_controlled_model_landlords_experiment,episode_attempt_3301e581175b31d7a2e2,ef0624ad8f367d31d2c8df4d54289f2055c690d22b6a64f119799b0774c6fbe7,included,housing_social_welfare_leaf,1.0.0,social_welfare,1.0.0,utility,tenant_4,tenant_4,0.0,utility_points,"{""disagreement_utility"":0.0}",ok,valid,[],"[""event_00000227""]",evaluation_receipt,episode_attempt_3301e581175b31d7a2e2,ef0624ad8f367d31d2c8df4d54289f2055c690d22b6a64f119799b0774c6fbe7,true
result_53578b77485f0b8f6d47425c,runplan_668033750157196d,cell_6a3762c2dc1894d2e210,housing_v1__experiment__000001,housing_v1,housing_controlled_model_landlords_experiment,episode_attempt_3301e581175b31d7a2e2,ef0624ad8f367d31d2c8df4d54289f2055c690d22b6a64f119799b0774c6fbe7,included,housing_social_welfare_leaf,1.0.0,social_welfare,1.0.0,utility,tenant_5,tenant_5,0.0,utility_points,"{""disagreement_utility"":0.0}",ok,valid,[],"[""event_00000227""]",evaluation_receipt,episode_attempt_3301e581175b31d7a2e2,ef0624ad8f367d31d2c8df4d54289f2055c690d22b6a64f119799b0774c6fbe7,true
result_e91e265185f86a2161ea27d6,runplan_668033750157196d,cell_6a3762c2dc1894d2e210,housing_v1__experiment__000001,housing_v1,housing_controlled_model_landlords_experiment,episode_attempt_3301e581175b31d7a2e2,ef0624ad8f367d31d2c8df4d54289f2055c690d22b6a64f119799b0774c6fbe7,included,housing_social_welfare_leaf,1.0.0,social_welfare,1.0.0,capture,landlord_0,landlord_0,56.6,utility_points,"{""disagreement_utility"":0.0}",ok,valid,[],"[""event_00000227""]",evaluation_receipt,episode_attempt_3301e581175b31d7a2e2,ef0624ad8f367d31d2c8df4d54289f2055c690d22b6a64f119799b0774c6fbe7,true
result_74836701fd60d73d3b2960b2,runplan_668033750157196d,cell_6a3762c2dc1894d2e210,housing_v1__experiment__000001,housing_v1,housing_controlled_model_landlords_experiment,episode_attempt_3301e581175b31d7a2e2,ef0624ad8f367d31d2c8df4d54289f2055c690d22b6a64f119799b0774c6fbe7,included,housing_social_welfare_leaf,1.0.0,social_welfare,1.0.0,capture,landlord_1,landlord_1,0.0,utility_points,"{""disagreement_utility"":0.0}",ok,valid,[],"[""event_00000227""]",evaluation_receipt,episode_attempt_3301e581175b31d7a2e2,ef0624ad8f367d31d2c8df4d54289f2055c690d22b6a64f119799b0774c6fbe7,true
result_06707071ccd7d1265c89797a,runplan_668033750157196d,cell_6a3762c2dc1894d2e210,housing_v1__experiment__000001,housing_v1,housing_controlled_model_landlords_experiment,episode_attempt_3301e581175b31d7a2e2,ef0624ad8f367d31d2c8df4d54289f2055c690d22b6a64f119799b0774c6fbe7,included,housing_social_welfare_leaf,1.0.0,social_welfare,1.0.0,capture,landlord_2,landlord_2,75.36,utility_points,"{""disagreement_utility"":0.0}",ok,valid,[],"[""event_00000227""]",evaluation_receipt,episode_attempt_3301e581175b31d7a2e2,ef0624ad8f367d31d2c8df4d54289f2055c690d22b6a64f119799b0774c6fbe7,true
result_7e845c21a17c3fc124ce21f6,runplan_668033750157196d,cell_6a3762c2dc1894d2e210,housing_v1__experiment__000001,housing_v1,housing_controlled_model_landlords_experiment,episode_attempt_3301e581175b31d7a2e2,ef0624ad8f367d31d2c8df4d54289f2055c690d22b6a64f119799b0774c6fbe7,included,housing_social_welfare_leaf,1.0.0,social_welfare,1.0.0,capture,landlord_3,landlord_3,78.64,utility_points,"{""disagreement_utility"":0.0}",ok,valid,[],"[""event_00000227""]",evaluation_receipt,episode_attempt_3301e581175b31d7a2e2,ef0624ad8f367d31d2c8df4d54289f2055c690d22b6a64f119799b0774c6fbe7,true
result_b9f49280619ea3b29118979b,runplan_668033750157196d,cell_6a3762c2dc1894d2e210,housing_v1__experiment__000001,housing_v1,housing_controlled_model_landlords_experiment,episode_attempt_3301e581175b31d7a2e2,ef0624ad8f367d31d2c8df4d54289f2055c690d22b6a64f119799b0774c6fbe7,included,housing_social_welfare_leaf,1.0.0,social_welfare,1.0.0,capture,tenant_0,tenant_0,481.28,utility_points,"{""disagreement_utility"":0.0}",ok,valid,[],"[""event_00000227""]",evaluation_receipt,episode_attempt_3301e581175b31d7a2e2,ef0624ad8f367d31d2c8df4d54289f2055c690d22b6a64f119799b0774c6fbe7,true
result_56f74824929ba3e936a3809a,runplan_668033750157196d,cell_6a3762c2dc1894d2e210,housing_v1__experiment__000001,housing_v1,housing_controlled_model_landlords_experiment,episode_attempt_3301e581175b31d7a2e2,ef0624ad8f367d31d2c8df4d54289f2055c690d22b6a64f119799b0774c6fbe7,included,housing_social_welfare_leaf,1.0.0,social_welfare,1.0.0,capture,tenant_1,tenant_1,458.0,utility_points,"{""disagreement_utility"":0.0}",ok,valid,[],"[""event_00000227""]",evaluation_receipt,episode_attempt_3301e581175b31d7a2e2,ef0624ad8f367d31d2c8df4d54289f2055c690d22b6a64f119799b0774c6fbe7,true
result_e664e0a9f25370ce7042eaf3,runplan_668033750157196d,cell_6a3762c2dc1894d2e210,housing_v1__experiment__000001,housing_v1,housing_controlled_model_landlords_experiment,episode_attempt_3301e581175b31d7a2e2,ef0624ad8f367d31d2c8df4d54289f2055c690d22b6a64f119799b0774c6fbe7,included,housing_social_welfare_leaf,1.0.0,social_welfare,1.0.0,capture,tenant_2,tenant_2,403.64,utility_points,"{""disagreement_utility"":0.0}",ok,valid,[],"[""event_00000227""]",evaluation_receipt,episode_attempt_3301e581175b31d7a2e2,ef0624ad8f367d31d2c8df4d54289f2055c690d22b6a64f119799b0774c6fbe7,true
result_028af6b094071200ae36bbf7,runplan_668033750157196d,cell_6a3762c2dc1894d2e210,housing_v1__experiment__000001,housing_v1,housing_controlled_model_landlords_experiment,episode_attempt_3301e581175b31d7a2e2,ef0624ad8f367d31d2c8df4d54289f2055c690d22b6a64f119799b0774c6fbe7,included,housing_social_welfare_leaf,1.0.0,social_welfare,1.0.0,capture,tenant_3,tenant_3,0.0,utility_points,"{""disagreement_utility"":0.0}",ok,valid,[],"[""event_00000227""]",evaluation_receipt,episode_attempt_3301e581175b31d7a2e2,ef0624ad8f367d31d2c8df4d54289f2055c690d22b6a64f119799b0774c6fbe7,true
result_4c1d05c5e6ce4bac3c7b8e7a,runplan_668033750157196d,cell_6a3762c2dc1894d2e210,housing_v1__experiment__000001,housing_v1,housing_controlled_model_landlords_experiment,episode_attempt_3301e581175b31d7a2e2,ef0624ad8f367d31d2c8df4d54289f2055c690d22b6a64f119799b0774c6fbe7,included,housing_social_welfare_leaf,1.0.0,social_welfare,1.0.0,capture,tenant_4,tenant_4,0.0,utility_points,"{""disagreement_utility"":0.0}",ok,valid,[],"[""event_00000227""]",evaluation_receipt,episode_attempt_3301e581175b31d7a2e2,ef0624ad8f367d31d2c8df4d54289f2055c690d22b6a64f119799b0774c6fbe7,true
result_e59e4c5bd40850a169821ce5,runplan_668033750157196d,cell_6a3762c2dc1894d2e210,housing_v1__experiment__000001,housing_v1,housing_controlled_model_landlords_experiment,episode_attempt_3301e581175b31d7a2e2,ef0624ad8f367d31d2c8df4d54289f2055c690d22b6a64f119799b0774c6fbe7,included,housing_social_welfare_leaf,1.0.0,social_welfare,1.0.0,capture,tenant_5,tenant_5,0.0,utility_points,"{""disagreement_utility"":0.0}",ok,valid,[],"[""event_00000227""]",evaluation_receipt,episode_attempt_3301e581175b31d7a2e2,ef0624ad8f367d31d2c8df4d54289f2055c690d22b6a64f119799b0774c6fbe7,true
result_3b9627a01100521c95c56df3,runplan_668033750157196d,cell_77782b14c72ed41a95f7,housing_v1__experiment__000001,housing_v1,housing_controlled_model_landlords_experiment,episode_attempt_f83df83ee52d028e8764,5f8675ab721ef2a2226686babf8f9858852cbb20b74e214e1ef8b9eac7b40844,included,housing_social_welfare_leaf,1.0.0,social_welfare,1.0.0,primary,social_welfare,,1553.52,utility_points,{},ok,valid,[],"[""event_00000231""]",evaluation_receipt,episode_attempt_f83df83ee52d028e8764,5f8675ab721ef2a2226686babf8f9858852cbb20b74e214e1ef8b9eac7b40844,true
result_6379592096c5eebdba5a5fdf,runplan_668033750157196d,cell_77782b14c72ed41a95f7,housing_v1__experiment__000001,housing_v1,housing_controlled_model_landlords_experiment,episode_attempt_f83df83ee52d028e8764,5f8675ab721ef2a2226686babf8f9858852cbb20b74e214e1ef8b9eac7b40844,included,housing_social_welfare_leaf,1.0.0,social_welfare,1.0.0,metric,comparison_baseline_gap,,0.0,utility_points,{},ok,valid,[],"[""event_00000231""]",evaluation_receipt,episode_attempt_f83df83ee52d028e8764,5f8675ab721ef2a2226686babf8f9858852cbb20b74e214e1ef8b9eac7b40844,true
result_9ae9e721fdcd4721636b5ec6,runplan_668033750157196d,cell_77782b14c72ed41a95f7,housing_v1__experiment__000001,housing_v1,housing_controlled_model_landlords_experiment,episode_attempt_f83df83ee52d028e8764,5f8675ab721ef2a2226686babf8f9858852cbb20b74e214e1ef8b9eac7b40844,included,housing_social_welfare_leaf,1.0.0,social_welfare,1.0.0,metric,ir_violation_count,,0.0,count,{},ok,valid,[],"[""event_00000231""]",evaluation_receipt,episode_attempt_f83df83ee52d028e8764,5f8675ab721ef2a2226686babf8f9858852cbb20b74e214e1ef8b9eac7b40844,true
result_b75449a36550334cb1af10bc,runplan_668033750157196d,cell_77782b14c72ed41a95f7,housing_v1__experiment__000001,housing_v1,housing_controlled_model_landlords_experiment,episode_attempt_f83df83ee52d028e8764,5f8675ab721ef2a2226686babf8f9858852cbb20b74e214e1ef8b9eac7b40844,included,housing_social_welfare_leaf,1.0.0,social_welfare,1.0.0,metric,social_welfare,,1553.52,utility_points,{},ok,valid,[],"[""event_00000231""]",evaluation_receipt,episode_attempt_f83df83ee52d028e8764,5f8675ab721ef2a2226686babf8f9858852cbb20b74e214e1ef8b9eac7b40844,true
result_9738c556a07df56d90bdc212,runplan_668033750157196d,cell_77782b14c72ed41a95f7,housing_v1__experiment__000001,housing_v1,housing_controlled_model_landlords_experiment,episode_attempt_f83df83ee52d028e8764,5f8675ab721ef2a2226686babf8f9858852cbb20b74e214e1ef8b9eac7b40844,included,housing_social_welfare_leaf,1.0.0,social_welfare,1.0.0,metric,upper_bound_gap,,450.77,utility_points,{},ok,valid,[],"[""event_00000231""]",evaluation_receipt,episode_attempt_f83df83ee52d028e8764,5f8675ab721ef2a2226686babf8f9858852cbb20b74e214e1ef8b9eac7b40844,true
result_678ba528dba5a38aa2ccb922,runplan_668033750157196d,cell_77782b14c72ed41a95f7,housing_v1__experiment__000001,housing_v1,housing_controlled_model_landlords_experiment,episode_attempt_f83df83ee52d028e8764,5f8675ab721ef2a2226686babf8f9858852cbb20b74e214e1ef8b9eac7b40844,included,housing_social_welfare_leaf,1.0.0,social_welfare,1.0.0,metric,wasted_contacts,,7.0,count,{},ok,valid,[],"[""event_00000231""]",evaluation_receipt,episode_attempt_f83df83ee52d028e8764,5f8675ab721ef2a2226686babf8f9858852cbb20b74e214e1ef8b9eac7b40844,true
result_bb325661d12de916b1989fbe,runplan_668033750157196d,cell_77782b14c72ed41a95f7,housing_v1__experiment__000001,housing_v1,housing_controlled_model_landlords_experiment,episode_attempt_f83df83ee52d028e8764,5f8675ab721ef2a2226686babf8f9858852cbb20b74e214e1ef8b9eac7b40844,included,housing_social_welfare_leaf,1.0.0,social_welfare,1.0.0,metric,within_case_score,,0.7750974160425886,ratio,{},ok,valid,[],"[""event_00000231""]",evaluation_receipt,episode_attempt_f83df83ee52d028e8764,5f8675ab721ef2a2226686babf8f9858852cbb20b74e214e1ef8b9eac7b40844,true
result_bfc791923d25587ebc42b6c7,runplan_668033750157196d,cell_77782b14c72ed41a95f7,housing_v1__experiment__000001,housing_v1,housing_controlled_model_landlords_experiment,episode_attempt_f83df83ee52d028e8764,5f8675ab721ef2a2226686babf8f9858852cbb20b74e214e1ef8b9eac7b40844,included,housing_social_welfare_leaf,1.0.0,social_welfare,1.0.0,reference,comparison_baseline,,1553.52,utility_points,"{""policy"":""naive"",""reference_kind"":""comparison_baseline""}",ok,valid,[],"[""event_00000231""]",evaluation_receipt,episode_attempt_f83df83ee52d028e8764,5f8675ab721ef2a2226686babf8f9858852cbb20b74e214e1ef8b9eac7b40844,true
result_42ecc69730e484ce30f0a8f2,runplan_668033750157196d,cell_77782b14c72ed41a95f7,housing_v1__experiment__000001,housing_v1,housing_controlled_model_landlords_experiment,episode_attempt_f83df83ee52d028e8764,5f8675ab721ef2a2226686babf8f9858852cbb20b74e214e1ef8b9eac7b40844,included,housing_social_welfare_leaf,1.0.0,social_welfare,1.0.0,reference,optimum_lower_bound,,0.0,utility_points,"{""policy"":""do_nothing"",""reference_kind"":""objective_lower_bound""}",ok,valid,[],"[""event_00000231""]",evaluation_receipt,episode_attempt_f83df83ee52d028e8764,5f8675ab721ef2a2226686babf8f9858852cbb20b74e214e1ef8b9eac7b40844,true
result_f479661ff380cb812510673c,runplan_668033750157196d,cell_77782b14c72ed41a95f7,housing_v1__experiment__000001,housing_v1,housing_controlled_model_landlords_experiment,episode_attempt_f83df83ee52d028e8764,5f8675ab721ef2a2226686babf8f9858852cbb20b74e214e1ef8b9eac7b40844,included,housing_social_welfare_leaf,1.0.0,social_welfare,1.0.0,reference,optimum_upper_bound,,2004.29,utility_points,"{""reference_kind"":""objective_upper_bound"",""semantics"":""full_information_allocation_relaxation""}",ok,valid,[],"[""event_00000231""]",evaluation_receipt,episode_attempt_f83df83ee52d028e8764,5f8675ab721ef2a2226686babf8f9858852cbb20b74e214e1ef8b9eac7b40844,true
result_c60a248872aa46c68365ce53,runplan_668033750157196d,cell_77782b14c72ed41a95f7,housing_v1__experiment__000001,housing_v1,housing_controlled_model_landlords_experiment,episode_attempt_f83df83ee52d028e8764,5f8675ab721ef2a2226686babf8f9858852cbb20b74e214e1ef8b9eac7b40844,included,housing_social_welfare_leaf,1.0.0,social_welfare,1.0.0,utility,landlord_0,landlord_0,56.6,utility_points,"{""disagreement_utility"":0.0}",ok,valid,[],"[""event_00000231""]",evaluation_receipt,episode_attempt_f83df83ee52d028e8764,5f8675ab721ef2a2226686babf8f9858852cbb20b74e214e1ef8b9eac7b40844,true
result_1cf271b5151f871395d417c9,runplan_668033750157196d,cell_77782b14c72ed41a95f7,housing_v1__experiment__000001,housing_v1,housing_controlled_model_landlords_experiment,episode_attempt_f83df83ee52d028e8764,5f8675ab721ef2a2226686babf8f9858852cbb20b74e214e1ef8b9eac7b40844,included,housing_social_welfare_leaf,1.0.0,social_welfare,1.0.0,utility,landlord_1,landlord_1,0.0,utility_points,"{""disagreement_utility"":0.0}",ok,valid,[],"[""event_00000231""]",evaluation_receipt,episode_attempt_f83df83ee52d028e8764,5f8675ab721ef2a2226686babf8f9858852cbb20b74e214e1ef8b9eac7b40844,true
result_31be277b85e03ce0c39a8961,runplan_668033750157196d,cell_77782b14c72ed41a95f7,housing_v1__experiment__000001,housing_v1,housing_controlled_model_landlords_experiment,episode_attempt_f83df83ee52d028e8764,5f8675ab721ef2a2226686babf8f9858852cbb20b74e214e1ef8b9eac7b40844,included,housing_social_welfare_leaf,1.0.0,social_welfare,1.0.0,utility,landlord_2,landlord_2,75.36,utility_points,"{""disagreement_utility"":0.0}",ok,valid,[],"[""event_00000231""]",evaluation_receipt,episode_attempt_f83df83ee52d028e8764,5f8675ab721ef2a2226686babf8f9858852cbb20b74e214e1ef8b9eac7b40844,true
result_45a61b980cdfe7c527843954,runplan_668033750157196d,cell_77782b14c72ed41a95f7,housing_v1__experiment__000001,housing_v1,housing_controlled_model_landlords_experiment,episode_attempt_f83df83ee52d028e8764,5f8675ab721ef2a2226686babf8f9858852cbb20b74e214e1ef8b9eac7b40844,included,housing_social_welfare_leaf,1.0.0,social_welfare,1.0.0,utility,landlord_3,landlord_3,78.64,utility_points,"{""disagreement_utility"":0.0}",ok,valid,[],"[""event_00000231""]",evaluation_receipt,episode_attempt_f83df83ee52d028e8764,5f8675ab721ef2a2226686babf8f9858852cbb20b74e214e1ef8b9eac7b40844,true
result_c1175fc5d939f3c5e11aa375,runplan_668033750157196d,cell_77782b14c72ed41a95f7,housing_v1__experiment__000001,housing_v1,housing_controlled_model_landlords_experiment,episode_attempt_f83df83ee52d028e8764,5f8675ab721ef2a2226686babf8f9858852cbb20b74e214e1ef8b9eac7b40844,included,housing_social_welfare_leaf,1.0.0,social_welfare,1.0.0,utility,tenant_0,tenant_0,481.28,utility_points,"{""disagreement_utility"":0.0}",ok,valid,[],"[""event_00000231""]",evaluation_receipt,episode_attempt_f83df83ee52d028e8764,5f8675ab721ef2a2226686babf8f9858852cbb20b74e214e1ef8b9eac7b40844,true
result_e953369ca10a176bea0eac7b,runplan_668033750157196d,cell_77782b14c72ed41a95f7,housing_v1__experiment__000001,housing_v1,housing_controlled_model_landlords_experiment,episode_attempt_f83df83ee52d028e8764,5f8675ab721ef2a2226686babf8f9858852cbb20b74e214e1ef8b9eac7b40844,included,housing_social_welfare_leaf,1.0.0,social_welfare,1.0.0,utility,tenant_1,tenant_1,458.0,utility_points,"{""disagreement_utility"":0.0}",ok,valid,[],"[""event_00000231""]",evaluation_receipt,episode_attempt_f83df83ee52d028e8764,5f8675ab721ef2a2226686babf8f9858852cbb20b74e214e1ef8b9eac7b40844,true
result_40506a48b21ed548633d1028,runplan_668033750157196d,cell_77782b14c72ed41a95f7,housing_v1__experiment__000001,housing_v1,housing_controlled_model_landlords_experiment,episode_attempt_f83df83ee52d028e8764,5f8675ab721ef2a2226686babf8f9858852cbb20b74e214e1ef8b9eac7b40844,included,housing_social_welfare_leaf,1.0.0,social_welfare,1.0.0,utility,tenant_2,tenant_2,403.64,utility_points,"{""disagreement_utility"":0.0}",ok,valid,[],"[""event_00000231""]",evaluation_receipt,episode_attempt_f83df83ee52d028e8764,5f8675ab721ef2a2226686babf8f9858852cbb20b74e214e1ef8b9eac7b40844,true
result_e282165ae9b71fe5f60b25b9,runplan_668033750157196d,cell_77782b14c72ed41a95f7,housing_v1__experiment__000001,housing_v1,housing_controlled_model_landlords_experiment,episode_attempt_f83df83ee52d028e8764,5f8675ab721ef2a2226686babf8f9858852cbb20b74e214e1ef8b9eac7b40844,included,housing_social_welfare_leaf,1.0.0,social_welfare,1.0.0,utility,tenant_3,tenant_3,0.0,utility_points,"{""disagreement_utility"":0.0}",ok,valid,[],"[""event_00000231""]",evaluation_receipt,episode_attempt_f83df83ee52d028e8764,5f8675ab721ef2a2226686babf8f9858852cbb20b74e214e1ef8b9eac7b40844,true
result_33b3064ef6dc13dabaf56f37,runplan_668033750157196d,cell_77782b14c72ed41a95f7,housing_v1__experiment__000001,housing_v1,housing_controlled_model_landlords_experiment,episode_attempt_f83df83ee52d028e8764,5f8675ab721ef2a2226686babf8f9858852cbb20b74e214e1ef8b9eac7b40844,included,housing_social_welfare_leaf,1.0.0,social_welfare,1.0.0,utility,tenant_4,tenant_4,0.0,utility_points,"{""disagreement_utility"":0.0}",ok,valid,[],"[""event_00000231""]",evaluation_receipt,episode_attempt_f83df83ee52d028e8764,5f8675ab721ef2a2226686babf8f9858852cbb20b74e214e1ef8b9eac7b40844,true
result_9ddc0ab39c31eb0bf284b970,runplan_668033750157196d,cell_77782b14c72ed41a95f7,housing_v1__experiment__000001,housing_v1,housing_controlled_model_landlords_experiment,episode_attempt_f83df83ee52d028e8764,5f8675ab721ef2a2226686babf8f9858852cbb20b74e214e1ef8b9eac7b40844,included,housing_social_welfare_leaf,1.0.0,social_welfare,1.0.0,utility,tenant_5,tenant_5,0.0,utility_points,"{""disagreement_utility"":0.0}",ok,valid,[],"[""event_00000231""]",evaluation_receipt,episode_attempt_f83df83ee52d028e8764,5f8675ab721ef2a2226686babf8f9858852cbb20b74e214e1ef8b9eac7b40844,true
result_1764882063251c69510b7b4f,runplan_668033750157196d,cell_77782b14c72ed41a95f7,housing_v1__experiment__000001,housing_v1,housing_controlled_model_landlords_experiment,episode_attempt_f83df83ee52d028e8764,5f8675ab721ef2a2226686babf8f9858852cbb20b74e214e1ef8b9eac7b40844,included,housing_social_welfare_leaf,1.0.0,social_welfare,1.0.0,capture,landlord_0,landlord_0,56.6,utility_points,"{""disagreement_utility"":0.0}",ok,valid,[],"[""event_00000231""]",evaluation_receipt,episode_attempt_f83df83ee52d028e8764,5f8675ab721ef2a2226686babf8f9858852cbb20b74e214e1ef8b9eac7b40844,true
result_af774d349cd80d4d48299137,runplan_668033750157196d,cell_77782b14c72ed41a95f7,housing_v1__experiment__000001,housing_v1,housing_controlled_model_landlords_experiment,episode_attempt_f83df83ee52d028e8764,5f8675ab721ef2a2226686babf8f9858852cbb20b74e214e1ef8b9eac7b40844,included,housing_social_welfare_leaf,1.0.0,social_welfare,1.0.0,capture,landlord_1,landlord_1,0.0,utility_points,"{""disagreement_utility"":0.0}",ok,valid,[],"[""event_00000231""]",evaluation_receipt,episode_attempt_f83df83ee52d028e8764,5f8675ab721ef2a2226686babf8f9858852cbb20b74e214e1ef8b9eac7b40844,true
result_f22a6d74f9b2a57eea2db6a0,runplan_668033750157196d,cell_77782b14c72ed41a95f7,housing_v1__experiment__000001,housing_v1,housing_controlled_model_landlords_experiment,episode_attempt_f83df83ee52d028e8764,5f8675ab721ef2a2226686babf8f9858852cbb20b74e214e1ef8b9eac7b40844,included,housing_social_welfare_leaf,1.0.0,social_welfare,1.0.0,capture,landlord_2,landlord_2,75.36,utility_points,"{""disagreement_utility"":0.0}",ok,valid,[],"[""event_00000231""]",evaluation_receipt,episode_attempt_f83df83ee52d028e8764,5f8675ab721ef2a2226686babf8f9858852cbb20b74e214e1ef8b9eac7b40844,true
result_41184595eca355d826b2b1ed,runplan_668033750157196d,cell_77782b14c72ed41a95f7,housing_v1__experiment__000001,housing_v1,housing_controlled_model_landlords_experiment,episode_attempt_f83df83ee52d028e8764,5f8675ab721ef2a2226686babf8f9858852cbb20b74e214e1ef8b9eac7b40844,included,housing_social_welfare_leaf,1.0.0,social_welfare,1.0.0,capture,landlord_3,landlord_3,78.64,utility_points,"{""disagreement_utility"":0.0}",ok,valid,[],"[""event_00000231""]",evaluation_receipt,episode_attempt_f83df83ee52d028e8764,5f8675ab721ef2a2226686babf8f9858852cbb20b74e214e1ef8b9eac7b40844,true
result_4f5075550462bc83f4f8c01c,runplan_668033750157196d,cell_77782b14c72ed41a95f7,housing_v1__experiment__000001,housing_v1,housing_controlled_model_landlords_experiment,episode_attempt_f83df83ee52d028e8764,5f8675ab721ef2a2226686babf8f9858852cbb20b74e214e1ef8b9eac7b40844,included,housing_social_welfare_leaf,1.0.0,social_welfare,1.0.0,capture,tenant_0,tenant_0,481.28,utility_points,"{""disagreement_utility"":0.0}",ok,valid,[],"[""event_00000231""]",evaluation_receipt,episode_attempt_f83df83ee52d028e8764,5f8675ab721ef2a2226686babf8f9858852cbb20b74e214e1ef8b9eac7b40844,true
result_faa7136f7dd6917f891050b0,runplan_668033750157196d,cell_77782b14c72ed41a95f7,housing_v1__experiment__000001,housing_v1,housing_controlled_model_landlords_experiment,episode_attempt_f83df83ee52d028e8764,5f8675ab721ef2a2226686babf8f9858852cbb20b74e214e1ef8b9eac7b40844,included,housing_social_welfare_leaf,1.0.0,social_welfare,1.0.0,capture,tenant_1,tenant_1,458.0,utility_points,"{""disagreement_utility"":0.0}",ok,valid,[],"[""event_00000231""]",evaluation_receipt,episode_attempt_f83df83ee52d028e8764,5f8675ab721ef2a2226686babf8f9858852cbb20b74e214e1ef8b9eac7b40844,true
result_2af59b75a5a05169776eb6d9,runplan_668033750157196d,cell_77782b14c72ed41a95f7,housing_v1__experiment__000001,housing_v1,housing_controlled_model_landlords_experiment,episode_attempt_f83df83ee52d028e8764,5f8675ab721ef2a2226686babf8f9858852cbb20b74e214e1ef8b9eac7b40844,included,housing_social_welfare_leaf,1.0.0,social_welfare,1.0.0,capture,tenant_2,tenant_2,403.64,utility_points,"{""disagreement_utility"":0.0}",ok,valid,[],"[""event_00000231""]",evaluation_receipt,episode_attempt_f83df83ee52d028e8764,5f8675ab721ef2a2226686babf8f9858852cbb20b74e214e1ef8b9eac7b40844,true
result_3dda7eb9b78124393fc670d8,runplan_668033750157196d,cell_77782b14c72ed41a95f7,housing_v1__experiment__000001,housing_v1,housing_controlled_model_landlords_experiment,episode_attempt_f83df83ee52d028e8764,5f8675ab721ef2a2226686babf8f9858852cbb20b74e214e1ef8b9eac7b40844,included,housing_social_welfare_leaf,1.0.0,social_welfare,1.0.0,capture,tenant_3,tenant_3,0.0,utility_points,"{""disagreement_utility"":0.0}",ok,valid,[],"[""event_00000231""]",evaluation_receipt,episode_attempt_f83df83ee52d028e8764,5f8675ab721ef2a2226686babf8f9858852cbb20b74e214e1ef8b9eac7b40844,true
result_bfc7479db40410c14ae7408d,runplan_668033750157196d,cell_77782b14c72ed41a95f7,housing_v1__experiment__000001,housing_v1,housing_controlled_model_landlords_experiment,episode_attempt_f83df83ee52d028e8764,5f8675ab721ef2a2226686babf8f9858852cbb20b74e214e1ef8b9eac7b40844,included,housing_social_welfare_leaf,1.0.0,social_welfare,1.0.0,capture,tenant_4,tenant_4,0.0,utility_points,"{""disagreement_utility"":0.0}",ok,valid,[],"[""event_00000231""]",evaluation_receipt,episode_attempt_f83df83ee52d028e8764,5f8675ab721ef2a2226686babf8f9858852cbb20b74e214e1ef8b9eac7b40844,true
result_f83cab255082b5e3a6c5d27e,runplan_668033750157196d,cell_77782b14c72ed41a95f7,housing_v1__experiment__000001,housing_v1,housing_controlled_model_landlords_experiment,episode_attempt_f83df83ee52d028e8764,5f8675ab721ef2a2226686babf8f9858852cbb20b74e214e1ef8b9eac7b40844,included,housing_social_welfare_leaf,1.0.0,social_welfare,1.0.0,capture,tenant_5,tenant_5,0.0,utility_points,"{""disagreement_utility"":0.0}",ok,valid,[],"[""event_00000231""]",evaluation_receipt,episode_attempt_f83df83ee52d028e8764,5f8675ab721ef2a2226686babf8f9858852cbb20b74e214e1ef8b9eac7b40844,true
result_2558b364e8c7b305a3825887,runplan_668033750157196d,cell_bbde4f9b0b88d5a8d087,housing_v1__experiment__000004,housing_v1,housing_controlled_model_landlords_experiment,episode_attempt_0179c6e8199da1a0fabd,31b3c401d4f474fa2edb98c99551c5583fd4250e6fb1fa75259d640d2cc7c11b,included,housing_social_welfare_leaf,1.0.0,social_welfare,1.0.0,primary,social_welfare,,975.6,utility_points,{},ok,valid,[],"[""event_00000255""]",evaluation_receipt,episode_attempt_0179c6e8199da1a0fabd,31b3c401d4f474fa2edb98c99551c5583fd4250e6fb1fa75259d640d2cc7c11b,true
result_0874f3a6fef117a73400987b,runplan_668033750157196d,cell_bbde4f9b0b88d5a8d087,housing_v1__experiment__000004,housing_v1,housing_controlled_model_landlords_experiment,episode_attempt_0179c6e8199da1a0fabd,31b3c401d4f474fa2edb98c99551c5583fd4250e6fb1fa75259d640d2cc7c11b,included,housing_social_welfare_leaf,1.0.0,social_welfare,1.0.0,metric,comparison_baseline_gap,,-73.71999999999991,utility_points,{},ok,valid,[],"[""event_00000255""]",evaluation_receipt,episode_attempt_0179c6e8199da1a0fabd,31b3c401d4f474fa2edb98c99551c5583fd4250e6fb1fa75259d640d2cc7c11b,true
result_b133218f049736e2a3ff4634,runplan_668033750157196d,cell_bbde4f9b0b88d5a8d087,housing_v1__experiment__000004,housing_v1,housing_controlled_model_landlords_experiment,episode_attempt_0179c6e8199da1a0fabd,31b3c401d4f474fa2edb98c99551c5583fd4250e6fb1fa75259d640d2cc7c11b,included,housing_social_welfare_leaf,1.0.0,social_welfare,1.0.0,metric,ir_violation_count,,0.0,count,{},ok,valid,[],"[""event_00000255""]",evaluation_receipt,episode_attempt_0179c6e8199da1a0fabd,31b3c401d4f474fa2edb98c99551c5583fd4250e6fb1fa75259d640d2cc7c11b,true
result_72597e6c6a3adf1496ccf40f,runplan_668033750157196d,cell_bbde4f9b0b88d5a8d087,housing_v1__experiment__000004,housing_v1,housing_controlled_model_landlords_experiment,episode_attempt_0179c6e8199da1a0fabd,31b3c401d4f474fa2edb98c99551c5583fd4250e6fb1fa75259d640d2cc7c11b,included,housing_social_welfare_leaf,1.0.0,social_welfare,1.0.0,metric,social_welfare,,975.6,utility_points,{},ok,valid,[],"[""event_00000255""]",evaluation_receipt,episode_attempt_0179c6e8199da1a0fabd,31b3c401d4f474fa2edb98c99551c5583fd4250e6fb1fa75259d640d2cc7c11b,true
result_3e9ccab7001b9f988562b0b0,runplan_668033750157196d,cell_bbde4f9b0b88d5a8d087,housing_v1__experiment__000004,housing_v1,housing_controlled_model_landlords_experiment,episode_attempt_0179c6e8199da1a0fabd,31b3c401d4f474fa2edb98c99551c5583fd4250e6fb1fa75259d640d2cc7c11b,included,housing_social_welfare_leaf,1.0.0,social_welfare,1.0.0,metric,upper_bound_gap,,212.44999999999993,utility_points,{},ok,valid,[],"[""event_00000255""]",evaluation_receipt,episode_attempt_0179c6e8199da1a0fabd,31b3c401d4f474fa2edb98c99551c5583fd4250e6fb1fa75259d640d2cc7c11b,true
result_41292669203756c761e67993,runplan_668033750157196d,cell_bbde4f9b0b88d5a8d087,housing_v1__experiment__000004,housing_v1,housing_controlled_model_landlords_experiment,episode_attempt_0179c6e8199da1a0fabd,31b3c401d4f474fa2edb98c99551c5583fd4250e6fb1fa75259d640d2cc7c11b,included,housing_social_welfare_leaf,1.0.0,social_welfare,1.0.0,metric,wasted_contacts,,9.0,count,{},ok,valid,[],"[""event_00000255""]",evaluation_receipt,episode_attempt_0179c6e8199da1a0fabd,31b3c401d4f474fa2edb98c99551c5583fd4250e6fb1fa75259d640d2cc7c11b,true
result_143d77c753c13b208b154efe,runplan_668033750157196d,cell_bbde4f9b0b88d5a8d087,housing_v1__experiment__000004,housing_v1,housing_controlled_model_landlords_experiment,episode_attempt_0179c6e8199da1a0fabd,31b3c401d4f474fa2edb98c99551c5583fd4250e6fb1fa75259d640d2cc7c11b,included,housing_social_welfare_leaf,1.0.0,social_welfare,1.0.0,metric,within_case_score,,0.821177559867009,ratio,{},ok,valid,[],"[""event_00000255""]",evaluation_receipt,episode_attempt_0179c6e8199da1a0fabd,31b3c401d4f474fa2edb98c99551c5583fd4250e6fb1fa75259d640d2cc7c11b,true
result_8a9821885feea0d7785ce311,runplan_668033750157196d,cell_bbde4f9b0b88d5a8d087,housing_v1__experiment__000004,housing_v1,housing_controlled_model_landlords_experiment,episode_attempt_0179c6e8199da1a0fabd,31b3c401d4f474fa2edb98c99551c5583fd4250e6fb1fa75259d640d2cc7c11b,included,housing_social_welfare_leaf,1.0.0,social_welfare,1.0.0,reference,comparison_baseline,,1049.32,utility_points,"{""policy"":""naive"",""reference_kind"":""comparison_baseline""}",ok,valid,[],"[""event_00000255""]",evaluation_receipt,episode_attempt_0179c6e8199da1a0fabd,31b3c401d4f474fa2edb98c99551c5583fd4250e6fb1fa75259d640d2cc7c11b,true
result_bcdb05504d1da7c76f68182b,runplan_668033750157196d,cell_bbde4f9b0b88d5a8d087,housing_v1__experiment__000004,housing_v1,housing_controlled_model_landlords_experiment,episode_attempt_0179c6e8199da1a0fabd,31b3c401d4f474fa2edb98c99551c5583fd4250e6fb1fa75259d640d2cc7c11b,included,housing_social_welfare_leaf,1.0.0,social_welfare,1.0.0,reference,optimum_lower_bound,,0.0,utility_points,"{""policy"":""do_nothing"",""reference_kind"":""objective_lower_bound""}",ok,valid,[],"[""event_00000255""]",evaluation_receipt,episode_attempt_0179c6e8199da1a0fabd,31b3c401d4f474fa2edb98c99551c5583fd4250e6fb1fa75259d640d2cc7c11b,true
result_4005d6b05934a4b510654974,runplan_668033750157196d,cell_bbde4f9b0b88d5a8d087,housing_v1__experiment__000004,housing_v1,housing_controlled_model_landlords_experiment,episode_attempt_0179c6e8199da1a0fabd,31b3c401d4f474fa2edb98c99551c5583fd4250e6fb1fa75259d640d2cc7c11b,included,housing_social_welfare_leaf,1.0.0,social_welfare,1.0.0,reference,optimum_upper_bound,,1188.05,utility_points,"{""reference_kind"":""objective_upper_bound"",""semantics"":""full_information_allocation_relaxation""}",ok,valid,[],"[""event_00000255""]",evaluation_receipt,episode_attempt_0179c6e8199da1a0fabd,31b3c401d4f474fa2edb98c99551c5583fd4250e6fb1fa75259d640d2cc7c11b,true
result_e6baa27ec1787ee41d3d79a3,runplan_668033750157196d,cell_bbde4f9b0b88d5a8d087,housing_v1__experiment__000004,housing_v1,housing_controlled_model_landlords_experiment,episode_attempt_0179c6e8199da1a0fabd,31b3c401d4f474fa2edb98c99551c5583fd4250e6fb1fa75259d640d2cc7c11b,included,housing_social_welfare_leaf,1.0.0,social_welfare,1.0.0,utility,landlord_0,landlord_0,0.0,utility_points,"{""disagreement_utility"":0.0}",ok,valid,[],"[""event_00000255""]",evaluation_receipt,episode_attempt_0179c6e8199da1a0fabd,31b3c401d4f474fa2edb98c99551c5583fd4250e6fb1fa75259d640d2cc7c11b,true
result_e7c6841b18a36534c97b3a1c,runplan_668033750157196d,cell_bbde4f9b0b88d5a8d087,housing_v1__experiment__000004,housing_v1,housing_controlled_model_landlords_experiment,episode_attempt_0179c6e8199da1a0fabd,31b3c401d4f474fa2edb98c99551c5583fd4250e6fb1fa75259d640d2cc7c11b,included,housing_social_welfare_leaf,1.0.0,social_welfare,1.0.0,utility,landlord_1,landlord_1,0.0,utility_points,"{""disagreement_utility"":0.0}",ok,valid,[],"[""event_00000255""]",evaluation_receipt,episode_attempt_0179c6e8199da1a0fabd,31b3c401d4f474fa2edb98c99551c5583fd4250e6fb1fa75259d640d2cc7c11b,true
result_2a446d7e2423292d589a259d,runplan_668033750157196d,cell_bbde4f9b0b88d5a8d087,housing_v1__experiment__000004,housing_v1,housing_controlled_model_landlords_experiment,episode_attempt_0179c6e8199da1a0fabd,31b3c401d4f474fa2edb98c99551c5583fd4250e6fb1fa75259d640d2cc7c11b,included,housing_social_welfare_leaf,1.0.0,social_welfare,1.0.0,utility,landlord_2,landlord_2,520.76,utility_points,"{""disagreement_utility"":0.0}",ok,valid,[],"[""event_00000255""]",evaluation_receipt,episode_attempt_0179c6e8199da1a0fabd,31b3c401d4f474fa2edb98c99551c5583fd4250e6fb1fa75259d640d2cc7c11b,true
result_9af843b0ae27b90a2e0c1b37,runplan_668033750157196d,cell_bbde4f9b0b88d5a8d087,housing_v1__experiment__000004,housing_v1,housing_controlled_model_landlords_experiment,episode_attempt_0179c6e8199da1a0fabd,31b3c401d4f474fa2edb98c99551c5583fd4250e6fb1fa75259d640d2cc7c11b,included,housing_social_welfare_leaf,1.0.0,social_welfare,1.0.0,utility,landlord_3,landlord_3,311.18,utility_points,"{""disagreement_utility"":0.0}",ok,valid,[],"[""event_00000255""]",evaluation_receipt,episode_attempt_0179c6e8199da1a0fabd,31b3c401d4f474fa2edb98c99551c5583fd4250e6fb1fa75259d640d2cc7c11b,true
result_cbcaeb8d60ba371a56dfca0b,runplan_668033750157196d,cell_bbde4f9b0b88d5a8d087,housing_v1__experiment__000004,housing_v1,housing_controlled_model_landlords_experiment,episode_attempt_0179c6e8199da1a0fabd,31b3c401d4f474fa2edb98c99551c5583fd4250e6fb1fa75259d640d2cc7c11b,included,housing_social_welfare_leaf,1.0.0,social_welfare,1.0.0,utility,tenant_0,tenant_0,0.0,utility_points,"{""disagreement_utility"":0.0}",ok,valid,[],"[""event_00000255""]",evaluation_receipt,episode_attempt_0179c6e8199da1a0fabd,31b3c401d4f474fa2edb98c99551c5583fd4250e6fb1fa75259d640d2cc7c11b,true
result_a343ddd70c2bc0744a9b6c64,runplan_668033750157196d,cell_bbde4f9b0b88d5a8d087,housing_v1__experiment__000004,housing_v1,housing_controlled_model_landlords_experiment,episode_attempt_0179c6e8199da1a0fabd,31b3c401d4f474fa2edb98c99551c5583fd4250e6fb1fa75259d640d2cc7c11b,included,housing_social_welfare_leaf,1.0.0,social_welfare,1.0.0,utility,tenant_1,tenant_1,0.0,utility_points,"{""disagreement_utility"":0.0}",ok,valid,[],"[""event_00000255""]",evaluation_receipt,episode_attempt_0179c6e8199da1a0fabd,31b3c401d4f474fa2edb98c99551c5583fd4250e6fb1fa75259d640d2cc7c11b,true
result_912f4c024ff7f1270987efb8,runplan_668033750157196d,cell_bbde4f9b0b88d5a8d087,housing_v1__experiment__000004,housing_v1,housing_controlled_model_landlords_experiment,episode_attempt_0179c6e8199da1a0fabd,31b3c401d4f474fa2edb98c99551c5583fd4250e6fb1fa75259d640d2cc7c11b,included,housing_social_welfare_leaf,1.0.0,social_welfare,1.0.0,utility,tenant_2,tenant_2,0.0,utility_points,"{""disagreement_utility"":0.0}",ok,valid,[],"[""event_00000255""]",evaluation_receipt,episode_attempt_0179c6e8199da1a0fabd,31b3c401d4f474fa2edb98c99551c5583fd4250e6fb1fa75259d640d2cc7c11b,true
result_d94a7076f454dda36ed5317e,runplan_668033750157196d,cell_bbde4f9b0b88d5a8d087,housing_v1__experiment__000004,housing_v1,housing_controlled_model_landlords_experiment,episode_attempt_0179c6e8199da1a0fabd,31b3c401d4f474fa2edb98c99551c5583fd4250e6fb1fa75259d640d2cc7c11b,included,housing_social_welfare_leaf,1.0.0,social_welfare,1.0.0,utility,tenant_3,tenant_3,118.12,utility_points,"{""disagreement_utility"":0.0}",ok,valid,[],"[""event_00000255""]",evaluation_receipt,episode_attempt_0179c6e8199da1a0fabd,31b3c401d4f474fa2edb98c99551c5583fd4250e6fb1fa75259d640d2cc7c11b,true
result_9c379fb6ff2c1a9a703f3dbc,runplan_668033750157196d,cell_bbde4f9b0b88d5a8d087,housing_v1__experiment__000004,housing_v1,housing_controlled_model_landlords_experiment,episode_attempt_0179c6e8199da1a0fabd,31b3c401d4f474fa2edb98c99551c5583fd4250e6fb1fa75259d640d2cc7c11b,included,housing_social_welfare_leaf,1.0.0,social_welfare,1.0.0,utility,tenant_4,tenant_4,0.0,utility_points,"{""disagreement_utility"":0.0}",ok,valid,[],"[""event_00000255""]",evaluation_receipt,episode_attempt_0179c6e8199da1a0fabd,31b3c401d4f474fa2edb98c99551c5583fd4250e6fb1fa75259d640d2cc7c11b,true
result_98ed8d73d144c90fd964b936,runplan_668033750157196d,cell_bbde4f9b0b88d5a8d087,housing_v1__experiment__000004,housing_v1,housing_controlled_model_landlords_experiment,episode_attempt_0179c6e8199da1a0fabd,31b3c401d4f474fa2edb98c99551c5583fd4250e6fb1fa75259d640d2cc7c11b,included,housing_social_welfare_leaf,1.0.0,social_welfare,1.0.0,utility,tenant_5,tenant_5,25.54,utility_points,"{""disagreement_utility"":0.0}",ok,valid,[],"[""event_00000255""]",evaluation_receipt,episode_attempt_0179c6e8199da1a0fabd,31b3c401d4f474fa2edb98c99551c5583fd4250e6fb1fa75259d640d2cc7c11b,true
result_936e9104efc7f8ee304a654b,runplan_668033750157196d,cell_bbde4f9b0b88d5a8d087,housing_v1__experiment__000004,housing_v1,housing_controlled_model_landlords_experiment,episode_attempt_0179c6e8199da1a0fabd,31b3c401d4f474fa2edb98c99551c5583fd4250e6fb1fa75259d640d2cc7c11b,included,housing_social_welfare_leaf,1.0.0,social_welfare,1.0.0,capture,landlord_0,landlord_0,0.0,utility_points,"{""disagreement_utility"":0.0}",ok,valid,[],"[""event_00000255""]",evaluation_receipt,episode_attempt_0179c6e8199da1a0fabd,31b3c401d4f474fa2edb98c99551c5583fd4250e6fb1fa75259d640d2cc7c11b,true
result_97b0ca1d9badd2b5dcb1ece3,runplan_668033750157196d,cell_bbde4f9b0b88d5a8d087,housing_v1__experiment__000004,housing_v1,housing_controlled_model_landlords_experiment,episode_attempt_0179c6e8199da1a0fabd,31b3c401d4f474fa2edb98c99551c5583fd4250e6fb1fa75259d640d2cc7c11b,included,housing_social_welfare_leaf,1.0.0,social_welfare,1.0.0,capture,landlord_1,landlord_1,0.0,utility_points,"{""disagreement_utility"":0.0}",ok,valid,[],"[""event_00000255""]",evaluation_receipt,episode_attempt_0179c6e8199da1a0fabd,31b3c401d4f474fa2edb98c99551c5583fd4250e6fb1fa75259d640d2cc7c11b,true
result_5a7d9c77ca1bdcd9a18fe386,runplan_668033750157196d,cell_bbde4f9b0b88d5a8d087,housing_v1__experiment__000004,housing_v1,housing_controlled_model_landlords_experiment,episode_attempt_0179c6e8199da1a0fabd,31b3c401d4f474fa2edb98c99551c5583fd4250e6fb1fa75259d640d2cc7c11b,included,housing_social_welfare_leaf,1.0.0,social_welfare,1.0.0,capture,landlord_2,landlord_2,520.76,utility_points,"{""disagreement_utility"":0.0}",ok,valid,[],"[""event_00000255""]",evaluation_receipt,episode_attempt_0179c6e8199da1a0fabd,31b3c401d4f474fa2edb98c99551c5583fd4250e6fb1fa75259d640d2cc7c11b,true
result_eb8a39b97b7daeb837e6a864,runplan_668033750157196d,cell_bbde4f9b0b88d5a8d087,housing_v1__experiment__000004,housing_v1,housing_controlled_model_landlords_experiment,episode_attempt_0179c6e8199da1a0fabd,31b3c401d4f474fa2edb98c99551c5583fd4250e6fb1fa75259d640d2cc7c11b,included,housing_social_welfare_leaf,1.0.0,social_welfare,1.0.0,capture,landlord_3,landlord_3,311.18,utility_points,"{""disagreement_utility"":0.0}",ok,valid,[],"[""event_00000255""]",evaluation_receipt,episode_attempt_0179c6e8199da1a0fabd,31b3c401d4f474fa2edb98c99551c5583fd4250e6fb1fa75259d640d2cc7c11b,true
result_78325c0e4003b0d0dfc4a6da,runplan_668033750157196d,cell_bbde4f9b0b88d5a8d087,housing_v1__experiment__000004,housing_v1,housing_controlled_model_landlords_experiment,episode_attempt_0179c6e8199da1a0fabd,31b3c401d4f474fa2edb98c99551c5583fd4250e6fb1fa75259d640d2cc7c11b,included,housing_social_welfare_leaf,1.0.0,social_welfare,1.0.0,capture,tenant_0,tenant_0,0.0,utility_points,"{""disagreement_utility"":0.0}",ok,valid,[],"[""event_00000255""]",evaluation_receipt,episode_attempt_0179c6e8199da1a0fabd,31b3c401d4f474fa2edb98c99551c5583fd4250e6fb1fa75259d640d2cc7c11b,true
result_9710770181346e96f1ee8d7d,runplan_668033750157196d,cell_bbde4f9b0b88d5a8d087,housing_v1__experiment__000004,housing_v1,housing_controlled_model_landlords_experiment,episode_attempt_0179c6e8199da1a0fabd,31b3c401d4f474fa2edb98c99551c5583fd4250e6fb1fa75259d640d2cc7c11b,included,housing_social_welfare_leaf,1.0.0,social_welfare,1.0.0,capture,tenant_1,tenant_1,0.0,utility_points,"{""disagreement_utility"":0.0}",ok,valid,[],"[""event_00000255""]",evaluation_receipt,episode_attempt_0179c6e8199da1a0fabd,31b3c401d4f474fa2edb98c99551c5583fd4250e6fb1fa75259d640d2cc7c11b,true
result_ecf3a70c2060025e6b7f609b,runplan_668033750157196d,cell_bbde4f9b0b88d5a8d087,housing_v1__experiment__000004,housing_v1,housing_controlled_model_landlords_experiment,episode_attempt_0179c6e8199da1a0fabd,31b3c401d4f474fa2edb98c99551c5583fd4250e6fb1fa75259d640d2cc7c11b,included,housing_social_welfare_leaf,1.0.0,social_welfare,1.0.0,capture,tenant_2,tenant_2,0.0,utility_points,"{""disagreement_utility"":0.0}",ok,valid,[],"[""event_00000255""]",evaluation_receipt,episode_attempt_0179c6e8199da1a0fabd,31b3c401d4f474fa2edb98c99551c5583fd4250e6fb1fa75259d640d2cc7c11b,true
result_fb4241827cc1d8068f9bc48b,runplan_668033750157196d,cell_bbde4f9b0b88d5a8d087,housing_v1__experiment__000004,housing_v1,housing_controlled_model_landlords_experiment,episode_attempt_0179c6e8199da1a0fabd,31b3c401d4f474fa2edb98c99551c5583fd4250e6fb1fa75259d640d2cc7c11b,included,housing_social_welfare_leaf,1.0.0,social_welfare,1.0.0,capture,tenant_3,tenant_3,118.12,utility_points,"{""disagreement_utility"":0.0}",ok,valid,[],"[""event_00000255""]",evaluation_receipt,episode_attempt_0179c6e8199da1a0fabd,31b3c401d4f474fa2edb98c99551c5583fd4250e6fb1fa75259d640d2cc7c11b,true
result_3741da1eca2b41c5e23c5409,runplan_668033750157196d,cell_bbde4f9b0b88d5a8d087,housing_v1__experiment__000004,housing_v1,housing_controlled_model_landlords_experiment,episode_attempt_0179c6e8199da1a0fabd,31b3c401d4f474fa2edb98c99551c5583fd4250e6fb1fa75259d640d2cc7c11b,included,housing_social_welfare_leaf,1.0.0,social_welfare,1.0.0,capture,tenant_4,tenant_4,0.0,utility_points,"{""disagreement_utility"":0.0}",ok,valid,[],"[""event_00000255""]",evaluation_receipt,episode_attempt_0179c6e8199da1a0fabd,31b3c401d4f474fa2edb98c99551c5583fd4250e6fb1fa75259d640d2cc7c11b,true
result_265fd236a60cf05078db8dc7,runplan_668033750157196d,cell_bbde4f9b0b88d5a8d087,housing_v1__experiment__000004,housing_v1,housing_controlled_model_landlords_experiment,episode_attempt_0179c6e8199da1a0fabd,31b3c401d4f474fa2edb98c99551c5583fd4250e6fb1fa75259d640d2cc7c11b,included,housing_social_welfare_leaf,1.0.0,social_welfare,1.0.0,capture,tenant_5,tenant_5,25.54,utility_points,"{""disagreement_utility"":0.0}",ok,valid,[],"[""event_00000255""]",evaluation_receipt,episode_attempt_0179c6e8199da1a0fabd,31b3c401d4f474fa2edb98c99551c5583fd4250e6fb1fa75259d640d2cc7c11b,true
result_0e9ef7345f1fcb7b15e4c48a,runplan_668033750157196d,cell_c5d0e1ed37f9962d1812,housing_v1__experiment__000008,housing_v1,housing_controlled_model_landlords_experiment,episode_attempt_d508040ae769f3384d2d,2cc8aeed6fb2954c2743736ef9d8d0560854babb31fe6b94c37cb1625af3164e,included,housing_social_welfare_leaf,1.0.0,social_welfare,1.0.0,primary,social_welfare,,1780.99,utility_points,{},ok,valid,[],"[""event_00000279""]",evaluation_receipt,episode_attempt_d508040ae769f3384d2d,2cc8aeed6fb2954c2743736ef9d8d0560854babb31fe6b94c37cb1625af3164e,true
result_5b4a73374daff3eab5e2a036,runplan_668033750157196d,cell_c5d0e1ed37f9962d1812,housing_v1__experiment__000008,housing_v1,housing_controlled_model_landlords_experiment,episode_attempt_d508040ae769f3384d2d,2cc8aeed6fb2954c2743736ef9d8d0560854babb31fe6b94c37cb1625af3164e,included,housing_social_welfare_leaf,1.0.0,social_welfare,1.0.0,metric,comparison_baseline_gap,,-103.8599999999999,utility_points,{},ok,valid,[],"[""event_00000279""]",evaluation_receipt,episode_attempt_d508040ae769f3384d2d,2cc8aeed6fb2954c2743736ef9d8d0560854babb31fe6b94c37cb1625af3164e,true
result_a5048ac8b0db2a5d79e827dc,runplan_668033750157196d,cell_c5d0e1ed37f9962d1812,housing_v1__experiment__000008,housing_v1,housing_controlled_model_landlords_experiment,episode_attempt_d508040ae769f3384d2d,2cc8aeed6fb2954c2743736ef9d8d0560854babb31fe6b94c37cb1625af3164e,included,housing_social_welfare_leaf,1.0.0,social_welfare,1.0.0,metric,ir_violation_count,,0.0,count,{},ok,valid,[],"[""event_00000279""]",evaluation_receipt,episode_attempt_d508040ae769f3384d2d,2cc8aeed6fb2954c2743736ef9d8d0560854babb31fe6b94c37cb1625af3164e,true
result_55cc586b9d3e4844127d719b,runplan_668033750157196d,cell_c5d0e1ed37f9962d1812,housing_v1__experiment__000008,housing_v1,housing_controlled_model_landlords_experiment,episode_attempt_d508040ae769f3384d2d,2cc8aeed6fb2954c2743736ef9d8d0560854babb31fe6b94c37cb1625af3164e,included,housing_social_welfare_leaf,1.0.0,social_welfare,1.0.0,metric,social_welfare,,1780.99,utility_points,{},ok,valid,[],"[""event_00000279""]",evaluation_receipt,episode_attempt_d508040ae769f3384d2d,2cc8aeed6fb2954c2743736ef9d8d0560854babb31fe6b94c37cb1625af3164e,true
result_268769349583f8819c06c69e,runplan_668033750157196d,cell_c5d0e1ed37f9962d1812,housing_v1__experiment__000008,housing_v1,housing_controlled_model_landlords_experiment,episode_attempt_d508040ae769f3384d2d,2cc8aeed6fb2954c2743736ef9d8d0560854babb31fe6b94c37cb1625af3164e,included,housing_social_welfare_leaf,1.0.0,social_welfare,1.0.0,metric,upper_bound_gap,,166.23000000000002,utility_points,{},ok,valid,[],"[""event_00000279""]",evaluation_receipt,episode_attempt_d508040ae769f3384d2d,2cc8aeed6fb2954c2743736ef9d8d0560854babb31fe6b94c37cb1625af3164e,true
result_874cf09ef27f62bc6a6a3c4a,runplan_668033750157196d,cell_c5d0e1ed37f9962d1812,housing_v1__experiment__000008,housing_v1,housing_controlled_model_landlords_experiment,episode_attempt_d508040ae769f3384d2d,2cc8aeed6fb2954c2743736ef9d8d0560854babb31fe6b94c37cb1625af3164e,included,housing_social_welfare_leaf,1.0.0,social_welfare,1.0.0,metric,wasted_contacts,,6.0,count,{},ok,valid,[],"[""event_00000279""]",evaluation_receipt,episode_attempt_d508040ae769f3384d2d,2cc8aeed6fb2954c2743736ef9d8d0560854babb31fe6b94c37cb1625af3164e,true
result_1bef4a4631a03fc764e97ed4,runplan_668033750157196d,cell_c5d0e1ed37f9962d1812,housing_v1__experiment__000008,housing_v1,housing_controlled_model_landlords_experiment,episode_attempt_d508040ae769f3384d2d,2cc8aeed6fb2954c2743736ef9d8d0560854babb31fe6b94c37cb1625af3164e,included,housing_social_welfare_leaf,1.0.0,social_welfare,1.0.0,metric,within_case_score,,0.9146321422335432,ratio,{},ok,valid,[],"[""event_00000279""]",evaluation_receipt,episode_attempt_d508040ae769f3384d2d,2cc8aeed6fb2954c2743736ef9d8d0560854babb31fe6b94c37cb1625af3164e,true
result_2fa8a26c356ce22bc7647b99,runplan_668033750157196d,cell_c5d0e1ed37f9962d1812,housing_v1__experiment__000008,housing_v1,housing_controlled_model_landlords_experiment,episode_attempt_d508040ae769f3384d2d,2cc8aeed6fb2954c2743736ef9d8d0560854babb31fe6b94c37cb1625af3164e,included,housing_social_welfare_leaf,1.0.0,social_welfare,1.0.0,reference,comparison_baseline,,1884.85,utility_points,"{""policy"":""naive"",""reference_kind"":""comparison_baseline""}",ok,valid,[],"[""event_00000279""]",evaluation_receipt,episode_attempt_d508040ae769f3384d2d,2cc8aeed6fb2954c2743736ef9d8d0560854babb31fe6b94c37cb1625af3164e,true
result_76b7d44aa51aedbbf629f005,runplan_668033750157196d,cell_c5d0e1ed37f9962d1812,housing_v1__experiment__000008,housing_v1,housing_controlled_model_landlords_experiment,episode_attempt_d508040ae769f3384d2d,2cc8aeed6fb2954c2743736ef9d8d0560854babb31fe6b94c37cb1625af3164e,included,housing_social_welfare_leaf,1.0.0,social_welfare,1.0.0,reference,optimum_lower_bound,,0.0,utility_points,"{""policy"":""do_nothing"",""reference_kind"":""objective_lower_bound""}",ok,valid,[],"[""event_00000279""]",evaluation_receipt,episode_attempt_d508040ae769f3384d2d,2cc8aeed6fb2954c2743736ef9d8d0560854babb31fe6b94c37cb1625af3164e,true
result_7def17149ab04b1b9b3507d4,runplan_668033750157196d,cell_c5d0e1ed37f9962d1812,housing_v1__experiment__000008,housing_v1,housing_controlled_model_landlords_experiment,episode_attempt_d508040ae769f3384d2d,2cc8aeed6fb2954c2743736ef9d8d0560854babb31fe6b94c37cb1625af3164e,included,housing_social_welfare_leaf,1.0.0,social_welfare,1.0.0,reference,optimum_upper_bound,,1947.22,utility_points,"{""reference_kind"":""objective_upper_bound"",""semantics"":""full_information_allocation_relaxation""}",ok,valid,[],"[""event_00000279""]",evaluation_receipt,episode_attempt_d508040ae769f3384d2d,2cc8aeed6fb2954c2743736ef9d8d0560854babb31fe6b94c37cb1625af3164e,true
result_c3cf5d7f184048957c9ec8b8,runplan_668033750157196d,cell_c5d0e1ed37f9962d1812,housing_v1__experiment__000008,housing_v1,housing_controlled_model_landlords_experiment,episode_attempt_d508040ae769f3384d2d,2cc8aeed6fb2954c2743736ef9d8d0560854babb31fe6b94c37cb1625af3164e,included,housing_social_welfare_leaf,1.0.0,social_welfare,1.0.0,utility,landlord_0,landlord_0,37.7,utility_points,"{""disagreement_utility"":0.0}",ok,valid,[],"[""event_00000279""]",evaluation_receipt,episode_attempt_d508040ae769f3384d2d,2cc8aeed6fb2954c2743736ef9d8d0560854babb31fe6b94c37cb1625af3164e,true
result_7e99ace0499bc92327ff0e81,runplan_668033750157196d,cell_c5d0e1ed37f9962d1812,housing_v1__experiment__000008,housing_v1,housing_controlled_model_landlords_experiment,episode_attempt_d508040ae769f3384d2d,2cc8aeed6fb2954c2743736ef9d8d0560854babb31fe6b94c37cb1625af3164e,included,housing_social_welfare_leaf,1.0.0,social_welfare,1.0.0,utility,landlord_1,landlord_1,72.51,utility_points,"{""disagreement_utility"":0.0}",ok,valid,[],"[""event_00000279""]",evaluation_receipt,episode_attempt_d508040ae769f3384d2d,2cc8aeed6fb2954c2743736ef9d8d0560854babb31fe6b94c37cb1625af3164e,true
result_d3f260c8d45d82f6813251e0,runplan_668033750157196d,cell_c5d0e1ed37f9962d1812,housing_v1__experiment__000008,housing_v1,housing_controlled_model_landlords_experiment,episode_attempt_d508040ae769f3384d2d,2cc8aeed6fb2954c2743736ef9d8d0560854babb31fe6b94c37cb1625af3164e,included,housing_social_welfare_leaf,1.0.0,social_welfare,1.0.0,utility,landlord_2,landlord_2,41.3,utility_points,"{""disagreement_utility"":0.0}",ok,valid,[],"[""event_00000279""]",evaluation_receipt,episode_attempt_d508040ae769f3384d2d,2cc8aeed6fb2954c2743736ef9d8d0560854babb31fe6b94c37cb1625af3164e,true
result_5d2ac0bfcc111d82f5cc39e7,runplan_668033750157196d,cell_c5d0e1ed37f9962d1812,housing_v1__experiment__000008,housing_v1,housing_controlled_model_landlords_experiment,episode_attempt_d508040ae769f3384d2d,2cc8aeed6fb2954c2743736ef9d8d0560854babb31fe6b94c37cb1625af3164e,included,housing_social_welfare_leaf,1.0.0,social_welfare,1.0.0,utility,landlord_3,landlord_3,247.98,utility_points,"{""disagreement_utility"":0.0}",ok,valid,[],"[""event_00000279""]",evaluation_receipt,episode_attempt_d508040ae769f3384d2d,2cc8aeed6fb2954c2743736ef9d8d0560854babb31fe6b94c37cb1625af3164e,true
result_e2efdc96ef288bb91e7f95dd,runplan_668033750157196d,cell_c5d0e1ed37f9962d1812,housing_v1__experiment__000008,housing_v1,housing_controlled_model_landlords_experiment,episode_attempt_d508040ae769f3384d2d,2cc8aeed6fb2954c2743736ef9d8d0560854babb31fe6b94c37cb1625af3164e,included,housing_social_welfare_leaf,1.0.0,social_welfare,1.0.0,utility,tenant_0,tenant_0,168.37,utility_points,"{""disagreement_utility"":0.0}",ok,valid,[],"[""event_00000279""]",evaluation_receipt,episode_attempt_d508040ae769f3384d2d,2cc8aeed6fb2954c2743736ef9d8d0560854babb31fe6b94c37cb1625af3164e,true
result_6558a47c14ef81ea034cf44d,runplan_668033750157196d,cell_c5d0e1ed37f9962d1812,housing_v1__experiment__000008,housing_v1,housing_controlled_model_landlords_experiment,episode_attempt_d508040ae769f3384d2d,2cc8aeed6fb2954c2743736ef9d8d0560854babb31fe6b94c37cb1625af3164e,included,housing_social_welfare_leaf,1.0.0,social_welfare,1.0.0,utility,tenant_1,tenant_1,591.97,utility_points,"{""disagreement_utility"":0.0}",ok,valid,[],"[""event_00000279""]",evaluation_receipt,episode_attempt_d508040ae769f3384d2d,2cc8aeed6fb2954c2743736ef9d8d0560854babb31fe6b94c37cb1625af3164e,true
result_3ae5506e2afbbd5cd2601d06,runplan_668033750157196d,cell_c5d0e1ed37f9962d1812,housing_v1__experiment__000008,housing_v1,housing_controlled_model_landlords_experiment,episode_attempt_d508040ae769f3384d2d,2cc8aeed6fb2954c2743736ef9d8d0560854babb31fe6b94c37cb1625af3164e,included,housing_social_welfare_leaf,1.0.0,social_welfare,1.0.0,utility,tenant_2,tenant_2,0.0,utility_points,"{""disagreement_utility"":0.0}",ok,valid,[],"[""event_00000279""]",evaluation_receipt,episode_attempt_d508040ae769f3384d2d,2cc8aeed6fb2954c2743736ef9d8d0560854babb31fe6b94c37cb1625af3164e,true
result_97a01b00275ff62b958f77e7,runplan_668033750157196d,cell_c5d0e1ed37f9962d1812,housing_v1__experiment__000008,housing_v1,housing_controlled_model_landlords_experiment,episode_attempt_d508040ae769f3384d2d,2cc8aeed6fb2954c2743736ef9d8d0560854babb31fe6b94c37cb1625af3164e,included,housing_social_welfare_leaf,1.0.0,social_welfare,1.0.0,utility,tenant_3,tenant_3,423.05,utility_points,"{""disagreement_utility"":0.0}",ok,valid,[],"[""event_00000279""]",evaluation_receipt,episode_attempt_d508040ae769f3384d2d,2cc8aeed6fb2954c2743736ef9d8d0560854babb31fe6b94c37cb1625af3164e,true
result_6df24ea30210c3a25cb169e9,runplan_668033750157196d,cell_c5d0e1ed37f9962d1812,housing_v1__experiment__000008,housing_v1,housing_controlled_model_landlords_experiment,episode_attempt_d508040ae769f3384d2d,2cc8aeed6fb2954c2743736ef9d8d0560854babb31fe6b94c37cb1625af3164e,included,housing_social_welfare_leaf,1.0.0,social_welfare,1.0.0,utility,tenant_4,tenant_4,198.11,utility_points,"{""disagreement_utility"":0.0}",ok,valid,[],"[""event_00000279""]",evaluation_receipt,episode_attempt_d508040ae769f3384d2d,2cc8aeed6fb2954c2743736ef9d8d0560854babb31fe6b94c37cb1625af3164e,true
result_182635975e4b607b06e4dc76,runplan_668033750157196d,cell_c5d0e1ed37f9962d1812,housing_v1__experiment__000008,housing_v1,housing_controlled_model_landlords_experiment,episode_attempt_d508040ae769f3384d2d,2cc8aeed6fb2954c2743736ef9d8d0560854babb31fe6b94c37cb1625af3164e,included,housing_social_welfare_leaf,1.0.0,social_welfare,1.0.0,utility,tenant_5,tenant_5,0.0,utility_points,"{""disagreement_utility"":0.0}",ok,valid,[],"[""event_00000279""]",evaluation_receipt,episode_attempt_d508040ae769f3384d2d,2cc8aeed6fb2954c2743736ef9d8d0560854babb31fe6b94c37cb1625af3164e,true
result_fe92525d469397530a2d8c71,runplan_668033750157196d,cell_c5d0e1ed37f9962d1812,housing_v1__experiment__000008,housing_v1,housing_controlled_model_landlords_experiment,episode_attempt_d508040ae769f3384d2d,2cc8aeed6fb2954c2743736ef9d8d0560854babb31fe6b94c37cb1625af3164e,included,housing_social_welfare_leaf,1.0.0,social_welfare,1.0.0,capture,landlord_0,landlord_0,37.7,utility_points,"{""disagreement_utility"":0.0}",ok,valid,[],"[""event_00000279""]",evaluation_receipt,episode_attempt_d508040ae769f3384d2d,2cc8aeed6fb2954c2743736ef9d8d0560854babb31fe6b94c37cb1625af3164e,true
result_08b541ccc8ed57594a769bfa,runplan_668033750157196d,cell_c5d0e1ed37f9962d1812,housing_v1__experiment__000008,housing_v1,housing_controlled_model_landlords_experiment,episode_attempt_d508040ae769f3384d2d,2cc8aeed6fb2954c2743736ef9d8d0560854babb31fe6b94c37cb1625af3164e,included,housing_social_welfare_leaf,1.0.0,social_welfare,1.0.0,capture,landlord_1,landlord_1,72.51,utility_points,"{""disagreement_utility"":0.0}",ok,valid,[],"[""event_00000279""]",evaluation_receipt,episode_attempt_d508040ae769f3384d2d,2cc8aeed6fb2954c2743736ef9d8d0560854babb31fe6b94c37cb1625af3164e,true
result_e7d5045bed1f8abbea0b54ae,runplan_668033750157196d,cell_c5d0e1ed37f9962d1812,housing_v1__experiment__000008,housing_v1,housing_controlled_model_landlords_experiment,episode_attempt_d508040ae769f3384d2d,2cc8aeed6fb2954c2743736ef9d8d0560854babb31fe6b94c37cb1625af3164e,included,housing_social_welfare_leaf,1.0.0,social_welfare,1.0.0,capture,landlord_2,landlord_2,41.3,utility_points,"{""disagreement_utility"":0.0}",ok,valid,[],"[""event_00000279""]",evaluation_receipt,episode_attempt_d508040ae769f3384d2d,2cc8aeed6fb2954c2743736ef9d8d0560854babb31fe6b94c37cb1625af3164e,true
result_733f660fa0cd0aa8971981b4,runplan_668033750157196d,cell_c5d0e1ed37f9962d1812,housing_v1__experiment__000008,housing_v1,housing_controlled_model_landlords_experiment,episode_attempt_d508040ae769f3384d2d,2cc8aeed6fb2954c2743736ef9d8d0560854babb31fe6b94c37cb1625af3164e,included,housing_social_welfare_leaf,1.0.0,social_welfare,1.0.0,capture,landlord_3,landlord_3,247.98,utility_points,"{""disagreement_utility"":0.0}",ok,valid,[],"[""event_00000279""]",evaluation_receipt,episode_attempt_d508040ae769f3384d2d,2cc8aeed6fb2954c2743736ef9d8d0560854babb31fe6b94c37cb1625af3164e,true
result_ade547dcc4d07ddb61a58670,runplan_668033750157196d,cell_c5d0e1ed37f9962d1812,housing_v1__experiment__000008,housing_v1,housing_controlled_model_landlords_experiment,episode_attempt_d508040ae769f3384d2d,2cc8aeed6fb2954c2743736ef9d8d0560854babb31fe6b94c37cb1625af3164e,included,housing_social_welfare_leaf,1.0.0,social_welfare,1.0.0,capture,tenant_0,tenant_0,168.37,utility_points,"{""disagreement_utility"":0.0}",ok,valid,[],"[""event_00000279""]",evaluation_receipt,episode_attempt_d508040ae769f3384d2d,2cc8aeed6fb2954c2743736ef9d8d0560854babb31fe6b94c37cb1625af3164e,true
result_3b0604a1162d4cb927c23722,runplan_668033750157196d,cell_c5d0e1ed37f9962d1812,housing_v1__experiment__000008,housing_v1,housing_controlled_model_landlords_experiment,episode_attempt_d508040ae769f3384d2d,2cc8aeed6fb2954c2743736ef9d8d0560854babb31fe6b94c37cb1625af3164e,included,housing_social_welfare_leaf,1.0.0,social_welfare,1.0.0,capture,tenant_1,tenant_1,591.97,utility_points,"{""disagreement_utility"":0.0}",ok,valid,[],"[""event_00000279""]",evaluation_receipt,episode_attempt_d508040ae769f3384d2d,2cc8aeed6fb2954c2743736ef9d8d0560854babb31fe6b94c37cb1625af3164e,true
result_38195f52be01dde5cba94d8f,runplan_668033750157196d,cell_c5d0e1ed37f9962d1812,housing_v1__experiment__000008,housing_v1,housing_controlled_model_landlords_experiment,episode_attempt_d508040ae769f3384d2d,2cc8aeed6fb2954c2743736ef9d8d0560854babb31fe6b94c37cb1625af3164e,included,housing_social_welfare_leaf,1.0.0,social_welfare,1.0.0,capture,tenant_2,tenant_2,0.0,utility_points,"{""disagreement_utility"":0.0}",ok,valid,[],"[""event_00000279""]",evaluation_receipt,episode_attempt_d508040ae769f3384d2d,2cc8aeed6fb2954c2743736ef9d8d0560854babb31fe6b94c37cb1625af3164e,true
result_0b0bb3e167a80f148e3f5691,runplan_668033750157196d,cell_c5d0e1ed37f9962d1812,housing_v1__experiment__000008,housing_v1,housing_controlled_model_landlords_experiment,episode_attempt_d508040ae769f3384d2d,2cc8aeed6fb2954c2743736ef9d8d0560854babb31fe6b94c37cb1625af3164e,included,housing_social_welfare_leaf,1.0.0,social_welfare,1.0.0,capture,tenant_3,tenant_3,423.05,utility_points,"{""disagreement_utility"":0.0}",ok,valid,[],"[""event_00000279""]",evaluation_receipt,episode_attempt_d508040ae769f3384d2d,2cc8aeed6fb2954c2743736ef9d8d0560854babb31fe6b94c37cb1625af3164e,true
result_3949d5b3c0883c579b7849ed,runplan_668033750157196d,cell_c5d0e1ed37f9962d1812,housing_v1__experiment__000008,housing_v1,housing_controlled_model_landlords_experiment,episode_attempt_d508040ae769f3384d2d,2cc8aeed6fb2954c2743736ef9d8d0560854babb31fe6b94c37cb1625af3164e,included,housing_social_welfare_leaf,1.0.0,social_welfare,1.0.0,capture,tenant_4,tenant_4,198.11,utility_points,"{""disagreement_utility"":0.0}",ok,valid,[],"[""event_00000279""]",evaluation_receipt,episode_attempt_d508040ae769f3384d2d,2cc8aeed6fb2954c2743736ef9d8d0560854babb31fe6b94c37cb1625af3164e,true
result_9a2a4425872c25637667c3ff,runplan_668033750157196d,cell_c5d0e1ed37f9962d1812,housing_v1__experiment__000008,housing_v1,housing_controlled_model_landlords_experiment,episode_attempt_d508040ae769f3384d2d,2cc8aeed6fb2954c2743736ef9d8d0560854babb31fe6b94c37cb1625af3164e,included,housing_social_welfare_leaf,1.0.0,social_welfare,1.0.0,capture,tenant_5,tenant_5,0.0,utility_points,"{""disagreement_utility"":0.0}",ok,valid,[],"[""event_00000279""]",evaluation_receipt,episode_attempt_d508040ae769f3384d2d,2cc8aeed6fb2954c2743736ef9d8d0560854babb31fe6b94c37cb1625af3164e,true
result_db234f6f1e895f5e2d515266,runplan_668033750157196d,cell_d04e968f0d86513d3eb3,housing_v1__experiment__000002,housing_v1,housing_controlled_model_landlords_experiment,episode_attempt_b7ce1dd43570dc59b0d4,a20257d879bc55dffbe23125d5a5c98c5888a667c14981e31ca49647a79a5cf2,included,housing_social_welfare_leaf,1.0.0,social_welfare,1.0.0,primary,social_welfare,,722.88,utility_points,{},ok,valid,[],"[""event_00000251""]",evaluation_receipt,episode_attempt_b7ce1dd43570dc59b0d4,a20257d879bc55dffbe23125d5a5c98c5888a667c14981e31ca49647a79a5cf2,true
result_fa2d9188f5c6008c0285dd79,runplan_668033750157196d,cell_d04e968f0d86513d3eb3,housing_v1__experiment__000002,housing_v1,housing_controlled_model_landlords_experiment,episode_attempt_b7ce1dd43570dc59b0d4,a20257d879bc55dffbe23125d5a5c98c5888a667c14981e31ca49647a79a5cf2,included,housing_social_welfare_leaf,1.0.0,social_welfare,1.0.0,metric,comparison_baseline_gap,,-18.710000000000036,utility_points,{},ok,valid,[],"[""event_00000251""]",evaluation_receipt,episode_attempt_b7ce1dd43570dc59b0d4,a20257d879bc55dffbe23125d5a5c98c5888a667c14981e31ca49647a79a5cf2,true
result_b8e61a745635f9887b915a12,runplan_668033750157196d,cell_d04e968f0d86513d3eb3,housing_v1__experiment__000002,housing_v1,housing_controlled_model_landlords_experiment,episode_attempt_b7ce1dd43570dc59b0d4,a20257d879bc55dffbe23125d5a5c98c5888a667c14981e31ca49647a79a5cf2,included,housing_social_welfare_leaf,1.0.0,social_welfare,1.0.0,metric,ir_violation_count,,0.0,count,{},ok,valid,[],"[""event_00000251""]",evaluation_receipt,episode_attempt_b7ce1dd43570dc59b0d4,a20257d879bc55dffbe23125d5a5c98c5888a667c14981e31ca49647a79a5cf2,true
result_21c16f133c3bb19dd0bd8e92,runplan_668033750157196d,cell_d04e968f0d86513d3eb3,housing_v1__experiment__000002,housing_v1,housing_controlled_model_landlords_experiment,episode_attempt_b7ce1dd43570dc59b0d4,a20257d879bc55dffbe23125d5a5c98c5888a667c14981e31ca49647a79a5cf2,included,housing_social_welfare_leaf,1.0.0,social_welfare,1.0.0,metric,social_welfare,,722.88,utility_points,{},ok,valid,[],"[""event_00000251""]",evaluation_receipt,episode_attempt_b7ce1dd43570dc59b0d4,a20257d879bc55dffbe23125d5a5c98c5888a667c14981e31ca49647a79a5cf2,true
result_434b7197fe7ab152914c1e56,runplan_668033750157196d,cell_d04e968f0d86513d3eb3,housing_v1__experiment__000002,housing_v1,housing_controlled_model_landlords_experiment,episode_attempt_b7ce1dd43570dc59b0d4,a20257d879bc55dffbe23125d5a5c98c5888a667c14981e31ca49647a79a5cf2,included,housing_social_welfare_leaf,1.0.0,social_welfare,1.0.0,metric,upper_bound_gap,,283.90999999999997,utility_points,{},ok,valid,[],"[""event_00000251""]",evaluation_receipt,episode_attempt_b7ce1dd43570dc59b0d4,a20257d879bc55dffbe23125d5a5c98c5888a667c14981e31ca49647a79a5cf2,true
result_51ba369ddbf8ab9028110d4f,runplan_668033750157196d,cell_d04e968f0d86513d3eb3,housing_v1__experiment__000002,housing_v1,housing_controlled_model_landlords_experiment,episode_attempt_b7ce1dd43570dc59b0d4,a20257d879bc55dffbe23125d5a5c98c5888a667c14981e31ca49647a79a5cf2,included,housing_social_welfare_leaf,1.0.0,social_welfare,1.0.0,metric,wasted_contacts,,9.0,count,{},ok,valid,[],"[""event_00000251""]",evaluation_receipt,episode_attempt_b7ce1dd43570dc59b0d4,a20257d879bc55dffbe23125d5a5c98c5888a667c14981e31ca49647a79a5cf2,true
result_4a766865162db22a27caf7b1,runplan_668033750157196d,cell_d04e968f0d86513d3eb3,housing_v1__experiment__000002,housing_v1,housing_controlled_model_landlords_experiment,episode_attempt_b7ce1dd43570dc59b0d4,a20257d879bc55dffbe23125d5a5c98c5888a667c14981e31ca49647a79a5cf2,included,housing_social_welfare_leaf,1.0.0,social_welfare,1.0.0,metric,within_case_score,,0.7180047477626913,ratio,{},ok,valid,[],"[""event_00000251""]",evaluation_receipt,episode_attempt_b7ce1dd43570dc59b0d4,a20257d879bc55dffbe23125d5a5c98c5888a667c14981e31ca49647a79a5cf2,true
result_fe9b7331c83ace9576df03e5,runplan_668033750157196d,cell_d04e968f0d86513d3eb3,housing_v1__experiment__000002,housing_v1,housing_controlled_model_landlords_experiment,episode_attempt_b7ce1dd43570dc59b0d4,a20257d879bc55dffbe23125d5a5c98c5888a667c14981e31ca49647a79a5cf2,included,housing_social_welfare_leaf,1.0.0,social_welfare,1.0.0,reference,comparison_baseline,,741.59,utility_points,"{""policy"":""naive"",""reference_kind"":""comparison_baseline""}",ok,valid,[],"[""event_00000251""]",evaluation_receipt,episode_attempt_b7ce1dd43570dc59b0d4,a20257d879bc55dffbe23125d5a5c98c5888a667c14981e31ca49647a79a5cf2,true
result_d1d8e76ddaebb2016f9ca79d,runplan_668033750157196d,cell_d04e968f0d86513d3eb3,housing_v1__experiment__000002,housing_v1,housing_controlled_model_landlords_experiment,episode_attempt_b7ce1dd43570dc59b0d4,a20257d879bc55dffbe23125d5a5c98c5888a667c14981e31ca49647a79a5cf2,included,housing_social_welfare_leaf,1.0.0,social_welfare,1.0.0,reference,optimum_lower_bound,,0.0,utility_points,"{""policy"":""do_nothing"",""reference_kind"":""objective_lower_bound""}",ok,valid,[],"[""event_00000251""]",evaluation_receipt,episode_attempt_b7ce1dd43570dc59b0d4,a20257d879bc55dffbe23125d5a5c98c5888a667c14981e31ca49647a79a5cf2,true
result_5a8e09e4682f5b1a115fa015,runplan_668033750157196d,cell_d04e968f0d86513d3eb3,housing_v1__experiment__000002,housing_v1,housing_controlled_model_landlords_experiment,episode_attempt_b7ce1dd43570dc59b0d4,a20257d879bc55dffbe23125d5a5c98c5888a667c14981e31ca49647a79a5cf2,included,housing_social_welfare_leaf,1.0.0,social_welfare,1.0.0,reference,optimum_upper_bound,,1006.79,utility_points,"{""reference_kind"":""objective_upper_bound"",""semantics"":""full_information_allocation_relaxation""}",ok,valid,[],"[""event_00000251""]",evaluation_receipt,episode_attempt_b7ce1dd43570dc59b0d4,a20257d879bc55dffbe23125d5a5c98c5888a667c14981e31ca49647a79a5cf2,true
result_b29ca9eb4c403b5d90964d4c,runplan_668033750157196d,cell_d04e968f0d86513d3eb3,housing_v1__experiment__000002,housing_v1,housing_controlled_model_landlords_experiment,episode_attempt_b7ce1dd43570dc59b0d4,a20257d879bc55dffbe23125d5a5c98c5888a667c14981e31ca49647a79a5cf2,included,housing_social_welfare_leaf,1.0.0,social_welfare,1.0.0,utility,landlord_0,landlord_0,0.0,utility_points,"{""disagreement_utility"":0.0}",ok,valid,[],"[""event_00000251""]",evaluation_receipt,episode_attempt_b7ce1dd43570dc59b0d4,a20257d879bc55dffbe23125d5a5c98c5888a667c14981e31ca49647a79a5cf2,true
result_d90965a473043c264f246c51,runplan_668033750157196d,cell_d04e968f0d86513d3eb3,housing_v1__experiment__000002,housing_v1,housing_controlled_model_landlords_experiment,episode_attempt_b7ce1dd43570dc59b0d4,a20257d879bc55dffbe23125d5a5c98c5888a667c14981e31ca49647a79a5cf2,included,housing_social_welfare_leaf,1.0.0,social_welfare,1.0.0,utility,landlord_1,landlord_1,69.87,utility_points,"{""disagreement_utility"":0.0}",ok,valid,[],"[""event_00000251""]",evaluation_receipt,episode_attempt_b7ce1dd43570dc59b0d4,a20257d879bc55dffbe23125d5a5c98c5888a667c14981e31ca49647a79a5cf2,true
result_72a9c3796bc786f2f46bfdd7,runplan_668033750157196d,cell_d04e968f0d86513d3eb3,housing_v1__experiment__000002,housing_v1,housing_controlled_model_landlords_experiment,episode_attempt_b7ce1dd43570dc59b0d4,a20257d879bc55dffbe23125d5a5c98c5888a667c14981e31ca49647a79a5cf2,included,housing_social_welfare_leaf,1.0.0,social_welfare,1.0.0,utility,landlord_2,landlord_2,0.0,utility_points,"{""disagreement_utility"":0.0}",ok,valid,[],"[""event_00000251""]",evaluation_receipt,episode_attempt_b7ce1dd43570dc59b0d4,a20257d879bc55dffbe23125d5a5c98c5888a667c14981e31ca49647a79a5cf2,true
result_1078936c1cc0d79478214cec,runplan_668033750157196d,cell_d04e968f0d86513d3eb3,housing_v1__experiment__000002,housing_v1,housing_controlled_model_landlords_experiment,episode_attempt_b7ce1dd43570dc59b0d4,a20257d879bc55dffbe23125d5a5c98c5888a667c14981e31ca49647a79a5cf2,included,housing_social_welfare_leaf,1.0.0,social_welfare,1.0.0,utility,landlord_3,landlord_3,41.13,utility_points,"{""disagreement_utility"":0.0}",ok,valid,[],"[""event_00000251""]",evaluation_receipt,episode_attempt_b7ce1dd43570dc59b0d4,a20257d879bc55dffbe23125d5a5c98c5888a667c14981e31ca49647a79a5cf2,true
result_e69872c7132c795e13cfcb4c,runplan_668033750157196d,cell_d04e968f0d86513d3eb3,housing_v1__experiment__000002,housing_v1,housing_controlled_model_landlords_experiment,episode_attempt_b7ce1dd43570dc59b0d4,a20257d879bc55dffbe23125d5a5c98c5888a667c14981e31ca49647a79a5cf2,included,housing_social_welfare_leaf,1.0.0,social_welfare,1.0.0,utility,tenant_0,tenant_0,299.45,utility_points,"{""disagreement_utility"":0.0}",ok,valid,[],"[""event_00000251""]",evaluation_receipt,episode_attempt_b7ce1dd43570dc59b0d4,a20257d879bc55dffbe23125d5a5c98c5888a667c14981e31ca49647a79a5cf2,true
result_ce369e65432bc5888d364da7,runplan_668033750157196d,cell_d04e968f0d86513d3eb3,housing_v1__experiment__000002,housing_v1,housing_controlled_model_landlords_experiment,episode_attempt_b7ce1dd43570dc59b0d4,a20257d879bc55dffbe23125d5a5c98c5888a667c14981e31ca49647a79a5cf2,included,housing_social_welfare_leaf,1.0.0,social_welfare,1.0.0,utility,tenant_1,tenant_1,312.43,utility_points,"{""disagreement_utility"":0.0}",ok,valid,[],"[""event_00000251""]",evaluation_receipt,episode_attempt_b7ce1dd43570dc59b0d4,a20257d879bc55dffbe23125d5a5c98c5888a667c14981e31ca49647a79a5cf2,true
result_c2f5508f4e718236a7cf4457,runplan_668033750157196d,cell_d04e968f0d86513d3eb3,housing_v1__experiment__000002,housing_v1,housing_controlled_model_landlords_experiment,episode_attempt_b7ce1dd43570dc59b0d4,a20257d879bc55dffbe23125d5a5c98c5888a667c14981e31ca49647a79a5cf2,included,housing_social_welfare_leaf,1.0.0,social_welfare,1.0.0,utility,tenant_2,tenant_2,0.0,utility_points,"{""disagreement_utility"":0.0}",ok,valid,[],"[""event_00000251""]",evaluation_receipt,episode_attempt_b7ce1dd43570dc59b0d4,a20257d879bc55dffbe23125d5a5c98c5888a667c14981e31ca49647a79a5cf2,true
result_697680ea8efd01d99bce451f,runplan_668033750157196d,cell_d04e968f0d86513d3eb3,housing_v1__experiment__000002,housing_v1,housing_controlled_model_landlords_experiment,episode_attempt_b7ce1dd43570dc59b0d4,a20257d879bc55dffbe23125d5a5c98c5888a667c14981e31ca49647a79a5cf2,included,housing_social_welfare_leaf,1.0.0,social_welfare,1.0.0,utility,tenant_3,tenant_3,0.0,utility_points,"{""disagreement_utility"":0.0}",ok,valid,[],"[""event_00000251""]",evaluation_receipt,episode_attempt_b7ce1dd43570dc59b0d4,a20257d879bc55dffbe23125d5a5c98c5888a667c14981e31ca49647a79a5cf2,true
result_7f75e3c00f290bcc1811c73b,runplan_668033750157196d,cell_d04e968f0d86513d3eb3,housing_v1__experiment__000002,housing_v1,housing_controlled_model_landlords_experiment,episode_attempt_b7ce1dd43570dc59b0d4,a20257d879bc55dffbe23125d5a5c98c5888a667c14981e31ca49647a79a5cf2,included,housing_social_welfare_leaf,1.0.0,social_welfare,1.0.0,utility,tenant_4,tenant_4,0.0,utility_points,"{""disagreement_utility"":0.0}",ok,valid,[],"[""event_00000251""]",evaluation_receipt,episode_attempt_b7ce1dd43570dc59b0d4,a20257d879bc55dffbe23125d5a5c98c5888a667c14981e31ca49647a79a5cf2,true
result_f3a664e91351df7d6798405d,runplan_668033750157196d,cell_d04e968f0d86513d3eb3,housing_v1__experiment__000002,housing_v1,housing_controlled_model_landlords_experiment,episode_attempt_b7ce1dd43570dc59b0d4,a20257d879bc55dffbe23125d5a5c98c5888a667c14981e31ca49647a79a5cf2,included,housing_social_welfare_leaf,1.0.0,social_welfare,1.0.0,utility,tenant_5,tenant_5,0.0,utility_points,"{""disagreement_utility"":0.0}",ok,valid,[],"[""event_00000251""]",evaluation_receipt,episode_attempt_b7ce1dd43570dc59b0d4,a20257d879bc55dffbe23125d5a5c98c5888a667c14981e31ca49647a79a5cf2,true
result_caec4ddb7575d2b539d0a6ce,runplan_668033750157196d,cell_d04e968f0d86513d3eb3,housing_v1__experiment__000002,housing_v1,housing_controlled_model_landlords_experiment,episode_attempt_b7ce1dd43570dc59b0d4,a20257d879bc55dffbe23125d5a5c98c5888a667c14981e31ca49647a79a5cf2,included,housing_social_welfare_leaf,1.0.0,social_welfare,1.0.0,capture,landlord_0,landlord_0,0.0,utility_points,"{""disagreement_utility"":0.0}",ok,valid,[],"[""event_00000251""]",evaluation_receipt,episode_attempt_b7ce1dd43570dc59b0d4,a20257d879bc55dffbe23125d5a5c98c5888a667c14981e31ca49647a79a5cf2,true
result_f64edef59c6fe655c5a00f16,runplan_668033750157196d,cell_d04e968f0d86513d3eb3,housing_v1__experiment__000002,housing_v1,housing_controlled_model_landlords_experiment,episode_attempt_b7ce1dd43570dc59b0d4,a20257d879bc55dffbe23125d5a5c98c5888a667c14981e31ca49647a79a5cf2,included,housing_social_welfare_leaf,1.0.0,social_welfare,1.0.0,capture,landlord_1,landlord_1,69.87,utility_points,"{""disagreement_utility"":0.0}",ok,valid,[],"[""event_00000251""]",evaluation_receipt,episode_attempt_b7ce1dd43570dc59b0d4,a20257d879bc55dffbe23125d5a5c98c5888a667c14981e31ca49647a79a5cf2,true
result_fbdce74d98d0177d6d342b31,runplan_668033750157196d,cell_d04e968f0d86513d3eb3,housing_v1__experiment__000002,housing_v1,housing_controlled_model_landlords_experiment,episode_attempt_b7ce1dd43570dc59b0d4,a20257d879bc55dffbe23125d5a5c98c5888a667c14981e31ca49647a79a5cf2,included,housing_social_welfare_leaf,1.0.0,social_welfare,1.0.0,capture,landlord_2,landlord_2,0.0,utility_points,"{""disagreement_utility"":0.0}",ok,valid,[],"[""event_00000251""]",evaluation_receipt,episode_attempt_b7ce1dd43570dc59b0d4,a20257d879bc55dffbe23125d5a5c98c5888a667c14981e31ca49647a79a5cf2,true
result_e99338b937756f8ac472bc91,runplan_668033750157196d,cell_d04e968f0d86513d3eb3,housing_v1__experiment__000002,housing_v1,housing_controlled_model_landlords_experiment,episode_attempt_b7ce1dd43570dc59b0d4,a20257d879bc55dffbe23125d5a5c98c5888a667c14981e31ca49647a79a5cf2,included,housing_social_welfare_leaf,1.0.0,social_welfare,1.0.0,capture,landlord_3,landlord_3,41.13,utility_points,"{""disagreement_utility"":0.0}",ok,valid,[],"[""event_00000251""]",evaluation_receipt,episode_attempt_b7ce1dd43570dc59b0d4,a20257d879bc55dffbe23125d5a5c98c5888a667c14981e31ca49647a79a5cf2,true
result_a4fa96119e59b05223d33aa2,runplan_668033750157196d,cell_d04e968f0d86513d3eb3,housing_v1__experiment__000002,housing_v1,housing_controlled_model_landlords_experiment,episode_attempt_b7ce1dd43570dc59b0d4,a20257d879bc55dffbe23125d5a5c98c5888a667c14981e31ca49647a79a5cf2,included,housing_social_welfare_leaf,1.0.0,social_welfare,1.0.0,capture,tenant_0,tenant_0,299.45,utility_points,"{""disagreement_utility"":0.0}",ok,valid,[],"[""event_00000251""]",evaluation_receipt,episode_attempt_b7ce1dd43570dc59b0d4,a20257d879bc55dffbe23125d5a5c98c5888a667c14981e31ca49647a79a5cf2,true
result_10537ea00569e5ae887221e3,runplan_668033750157196d,cell_d04e968f0d86513d3eb3,housing_v1__experiment__000002,housing_v1,housing_controlled_model_landlords_experiment,episode_attempt_b7ce1dd43570dc59b0d4,a20257d879bc55dffbe23125d5a5c98c5888a667c14981e31ca49647a79a5cf2,included,housing_social_welfare_leaf,1.0.0,social_welfare,1.0.0,capture,tenant_1,tenant_1,312.43,utility_points,"{""disagreement_utility"":0.0}",ok,valid,[],"[""event_00000251""]",evaluation_receipt,episode_attempt_b7ce1dd43570dc59b0d4,a20257d879bc55dffbe23125d5a5c98c5888a667c14981e31ca49647a79a5cf2,true
result_85ab9ebdb5462eee1f810af2,runplan_668033750157196d,cell_d04e968f0d86513d3eb3,housing_v1__experiment__000002,housing_v1,housing_controlled_model_landlords_experiment,episode_attempt_b7ce1dd43570dc59b0d4,a20257d879bc55dffbe23125d5a5c98c5888a667c14981e31ca49647a79a5cf2,included,housing_social_welfare_leaf,1.0.0,social_welfare,1.0.0,capture,tenant_2,tenant_2,0.0,utility_points,"{""disagreement_utility"":0.0}",ok,valid,[],"[""event_00000251""]",evaluation_receipt,episode_attempt_b7ce1dd43570dc59b0d4,a20257d879bc55dffbe23125d5a5c98c5888a667c14981e31ca49647a79a5cf2,true
result_49de946f7664efafd51d4c92,runplan_668033750157196d,cell_d04e968f0d86513d3eb3,housing_v1__experiment__000002,housing_v1,housing_controlled_model_landlords_experiment,episode_attempt_b7ce1dd43570dc59b0d4,a20257d879bc55dffbe23125d5a5c98c5888a667c14981e31ca49647a79a5cf2,included,housing_social_welfare_leaf,1.0.0,social_welfare,1.0.0,capture,tenant_3,tenant_3,0.0,utility_points,"{""disagreement_utility"":0.0}",ok,valid,[],"[""event_00000251""]",evaluation_receipt,episode_attempt_b7ce1dd43570dc59b0d4,a20257d879bc55dffbe23125d5a5c98c5888a667c14981e31ca49647a79a5cf2,true
result_aaefdf4318d203c8fd36e80a,runplan_668033750157196d,cell_d04e968f0d86513d3eb3,housing_v1__experiment__000002,housing_v1,housing_controlled_model_landlords_experiment,episode_attempt_b7ce1dd43570dc59b0d4,a20257d879bc55dffbe23125d5a5c98c5888a667c14981e31ca49647a79a5cf2,included,housing_social_welfare_leaf,1.0.0,social_welfare,1.0.0,capture,tenant_4,tenant_4,0.0,utility_points,"{""disagreement_utility"":0.0}",ok,valid,[],"[""event_00000251""]",evaluation_receipt,episode_attempt_b7ce1dd43570dc59b0d4,a20257d879bc55dffbe23125d5a5c98c5888a667c14981e31ca49647a79a5cf2,true
result_cc86d7432591c679f6ae0dd7,runplan_668033750157196d,cell_d04e968f0d86513d3eb3,housing_v1__experiment__000002,housing_v1,housing_controlled_model_landlords_experiment,episode_attempt_b7ce1dd43570dc59b0d4,a20257d879bc55dffbe23125d5a5c98c5888a667c14981e31ca49647a79a5cf2,included,housing_social_welfare_leaf,1.0.0,social_welfare,1.0.0,capture,tenant_5,tenant_5,0.0,utility_points,"{""disagreement_utility"":0.0}",ok,valid,[],"[""event_00000251""]",evaluation_receipt,episode_attempt_b7ce1dd43570dc59b0d4,a20257d879bc55dffbe23125d5a5c98c5888a667c14981e31ca49647a79a5cf2,true
result_0ab39be9b16cb547bde81064,runplan_668033750157196d,cell_d63cdcb40410cb3bbd5f,housing_v1__experiment__000008,housing_v1,housing_controlled_model_landlords_experiment,episode_attempt_4510d0c31e8bce443401,85c0a0df6bbea981998a8c4a29e460c76ed7df70db46a5159f6bfcb756c3ae83,included,housing_social_welfare_leaf,1.0.0,social_welfare,1.0.0,primary,social_welfare,,1733.03,utility_points,{},ok,valid,[],"[""event_00000239""]",evaluation_receipt,episode_attempt_4510d0c31e8bce443401,85c0a0df6bbea981998a8c4a29e460c76ed7df70db46a5159f6bfcb756c3ae83,true
result_432485640742736bc9a6af0b,runplan_668033750157196d,cell_d63cdcb40410cb3bbd5f,housing_v1__experiment__000008,housing_v1,housing_controlled_model_landlords_experiment,episode_attempt_4510d0c31e8bce443401,85c0a0df6bbea981998a8c4a29e460c76ed7df70db46a5159f6bfcb756c3ae83,included,housing_social_welfare_leaf,1.0.0,social_welfare,1.0.0,metric,comparison_baseline_gap,,-151.81999999999994,utility_points,{},ok,valid,[],"[""event_00000239""]",evaluation_receipt,episode_attempt_4510d0c31e8bce443401,85c0a0df6bbea981998a8c4a29e460c76ed7df70db46a5159f6bfcb756c3ae83,true
result_f24726e86ad1207ce173060d,runplan_668033750157196d,cell_d63cdcb40410cb3bbd5f,housing_v1__experiment__000008,housing_v1,housing_controlled_model_landlords_experiment,episode_attempt_4510d0c31e8bce443401,85c0a0df6bbea981998a8c4a29e460c76ed7df70db46a5159f6bfcb756c3ae83,included,housing_social_welfare_leaf,1.0.0,social_welfare,1.0.0,metric,ir_violation_count,,0.0,count,{},ok,valid,[],"[""event_00000239""]",evaluation_receipt,episode_attempt_4510d0c31e8bce443401,85c0a0df6bbea981998a8c4a29e460c76ed7df70db46a5159f6bfcb756c3ae83,true
result_e8dcc7df1745a1b377e35c40,runplan_668033750157196d,cell_d63cdcb40410cb3bbd5f,housing_v1__experiment__000008,housing_v1,housing_controlled_model_landlords_experiment,episode_attempt_4510d0c31e8bce443401,85c0a0df6bbea981998a8c4a29e460c76ed7df70db46a5159f6bfcb756c3ae83,included,housing_social_welfare_leaf,1.0.0,social_welfare,1.0.0,metric,social_welfare,,1733.03,utility_points,{},ok,valid,[],"[""event_00000239""]",evaluation_receipt,episode_attempt_4510d0c31e8bce443401,85c0a0df6bbea981998a8c4a29e460c76ed7df70db46a5159f6bfcb756c3ae83,true
result_29f4d81a721bc5f917e2d917,runplan_668033750157196d,cell_d63cdcb40410cb3bbd5f,housing_v1__experiment__000008,housing_v1,housing_controlled_model_landlords_experiment,episode_attempt_4510d0c31e8bce443401,85c0a0df6bbea981998a8c4a29e460c76ed7df70db46a5159f6bfcb756c3ae83,included,housing_social_welfare_leaf,1.0.0,social_welfare,1.0.0,metric,upper_bound_gap,,214.19000000000005,utility_points,{},ok,valid,[],"[""event_00000239""]",evaluation_receipt,episode_attempt_4510d0c31e8bce443401,85c0a0df6bbea981998a8c4a29e460c76ed7df70db46a5159f6bfcb756c3ae83,true
result_2e415c38a980c1148fb879f3,runplan_668033750157196d,cell_d63cdcb40410cb3bbd5f,housing_v1__experiment__000008,housing_v1,housing_controlled_model_landlords_experiment,episode_attempt_4510d0c31e8bce443401,85c0a0df6bbea981998a8c4a29e460c76ed7df70db46a5159f6bfcb756c3ae83,included,housing_social_welfare_leaf,1.0.0,social_welfare,1.0.0,metric,wasted_contacts,,6.0,count,{},ok,valid,[],"[""event_00000239""]",evaluation_receipt,episode_attempt_4510d0c31e8bce443401,85c0a0df6bbea981998a8c4a29e460c76ed7df70db46a5159f6bfcb756c3ae83,true
result_cc3c01a9c499b89035ca026e,runplan_668033750157196d,cell_d63cdcb40410cb3bbd5f,housing_v1__experiment__000008,housing_v1,housing_controlled_model_landlords_experiment,episode_attempt_4510d0c31e8bce443401,85c0a0df6bbea981998a8c4a29e460c76ed7df70db46a5159f6bfcb756c3ae83,included,housing_social_welfare_leaf,1.0.0,social_welfare,1.0.0,metric,within_case_score,,0.8900021569211491,ratio,{},ok,valid,[],"[""event_00000239""]",evaluation_receipt,episode_attempt_4510d0c31e8bce443401,85c0a0df6bbea981998a8c4a29e460c76ed7df70db46a5159f6bfcb756c3ae83,true
result_09e1e7cf5df7a4738c12a949,runplan_668033750157196d,cell_d63cdcb40410cb3bbd5f,housing_v1__experiment__000008,housing_v1,housing_controlled_model_landlords_experiment,episode_attempt_4510d0c31e8bce443401,85c0a0df6bbea981998a8c4a29e460c76ed7df70db46a5159f6bfcb756c3ae83,included,housing_social_welfare_leaf,1.0.0,social_welfare,1.0.0,reference,comparison_baseline,,1884.85,utility_points,"{""policy"":""naive"",""reference_kind"":""comparison_baseline""}",ok,valid,[],"[""event_00000239""]",evaluation_receipt,episode_attempt_4510d0c31e8bce443401,85c0a0df6bbea981998a8c4a29e460c76ed7df70db46a5159f6bfcb756c3ae83,true
result_ba4248aa859fa79bd7a29375,runplan_668033750157196d,cell_d63cdcb40410cb3bbd5f,housing_v1__experiment__000008,housing_v1,housing_controlled_model_landlords_experiment,episode_attempt_4510d0c31e8bce443401,85c0a0df6bbea981998a8c4a29e460c76ed7df70db46a5159f6bfcb756c3ae83,included,housing_social_welfare_leaf,1.0.0,social_welfare,1.0.0,reference,optimum_lower_bound,,0.0,utility_points,"{""policy"":""do_nothing"",""reference_kind"":""objective_lower_bound""}",ok,valid,[],"[""event_00000239""]",evaluation_receipt,episode_attempt_4510d0c31e8bce443401,85c0a0df6bbea981998a8c4a29e460c76ed7df70db46a5159f6bfcb756c3ae83,true
result_9a932bbed88d65c8bc599fea,runplan_668033750157196d,cell_d63cdcb40410cb3bbd5f,housing_v1__experiment__000008,housing_v1,housing_controlled_model_landlords_experiment,episode_attempt_4510d0c31e8bce443401,85c0a0df6bbea981998a8c4a29e460c76ed7df70db46a5159f6bfcb756c3ae83,included,housing_social_welfare_leaf,1.0.0,social_welfare,1.0.0,reference,optimum_upper_bound,,1947.22,utility_points,"{""reference_kind"":""objective_upper_bound"",""semantics"":""full_information_allocation_relaxation""}",ok,valid,[],"[""event_00000239""]",evaluation_receipt,episode_attempt_4510d0c31e8bce443401,85c0a0df6bbea981998a8c4a29e460c76ed7df70db46a5159f6bfcb756c3ae83,true
result_4c3def377340a96fc2f699a9,runplan_668033750157196d,cell_d63cdcb40410cb3bbd5f,housing_v1__experiment__000008,housing_v1,housing_controlled_model_landlords_experiment,episode_attempt_4510d0c31e8bce443401,85c0a0df6bbea981998a8c4a29e460c76ed7df70db46a5159f6bfcb756c3ae83,included,housing_social_welfare_leaf,1.0.0,social_welfare,1.0.0,utility,landlord_0,landlord_0,37.7,utility_points,"{""disagreement_utility"":0.0}",ok,valid,[],"[""event_00000239""]",evaluation_receipt,episode_attempt_4510d0c31e8bce443401,85c0a0df6bbea981998a8c4a29e460c76ed7df70db46a5159f6bfcb756c3ae83,true
result_794a22d29a7a0a57bb8416ca,runplan_668033750157196d,cell_d63cdcb40410cb3bbd5f,housing_v1__experiment__000008,housing_v1,housing_controlled_model_landlords_experiment,episode_attempt_4510d0c31e8bce443401,85c0a0df6bbea981998a8c4a29e460c76ed7df70db46a5159f6bfcb756c3ae83,included,housing_social_welfare_leaf,1.0.0,social_welfare,1.0.0,utility,landlord_1,landlord_1,50.51,utility_points,"{""disagreement_utility"":0.0}",ok,valid,[],"[""event_00000239""]",evaluation_receipt,episode_attempt_4510d0c31e8bce443401,85c0a0df6bbea981998a8c4a29e460c76ed7df70db46a5159f6bfcb756c3ae83,true
result_316ea7d246942a5683a61379,runplan_668033750157196d,cell_d63cdcb40410cb3bbd5f,housing_v1__experiment__000008,housing_v1,housing_controlled_model_landlords_experiment,episode_attempt_4510d0c31e8bce443401,85c0a0df6bbea981998a8c4a29e460c76ed7df70db46a5159f6bfcb756c3ae83,included,housing_social_welfare_leaf,1.0.0,social_welfare,1.0.0,utility,landlord_2,landlord_2,41.3,utility_points,"{""disagreement_utility"":0.0}",ok,valid,[],"[""event_00000239""]",evaluation_receipt,episode_attempt_4510d0c31e8bce443401,85c0a0df6bbea981998a8c4a29e460c76ed7df70db46a5159f6bfcb756c3ae83,true
result_56a57a9a55146dd05e03f4d0,runplan_668033750157196d,cell_d63cdcb40410cb3bbd5f,housing_v1__experiment__000008,housing_v1,housing_controlled_model_landlords_experiment,episode_attempt_4510d0c31e8bce443401,85c0a0df6bbea981998a8c4a29e460c76ed7df70db46a5159f6bfcb756c3ae83,included,housing_social_welfare_leaf,1.0.0,social_welfare,1.0.0,utility,landlord_3,landlord_3,147.98,utility_points,"{""disagreement_utility"":0.0}",ok,valid,[],"[""event_00000239""]",evaluation_receipt,episode_attempt_4510d0c31e8bce443401,85c0a0df6bbea981998a8c4a29e460c76ed7df70db46a5159f6bfcb756c3ae83,true
result_de94e905b6b4a764d7fc0c07,runplan_668033750157196d,cell_d63cdcb40410cb3bbd5f,housing_v1__experiment__000008,housing_v1,housing_controlled_model_landlords_experiment,episode_attempt_4510d0c31e8bce443401,85c0a0df6bbea981998a8c4a29e460c76ed7df70db46a5159f6bfcb756c3ae83,included,housing_social_welfare_leaf,1.0.0,social_welfare,1.0.0,utility,tenant_0,tenant_0,190.37,utility_points,"{""disagreement_utility"":0.0}",ok,valid,[],"[""event_00000239""]",evaluation_receipt,episode_attempt_4510d0c31e8bce443401,85c0a0df6bbea981998a8c4a29e460c76ed7df70db46a5159f6bfcb756c3ae83,true
result_f3f36d58d8ff4d9675c29393,runplan_668033750157196d,cell_d63cdcb40410cb3bbd5f,housing_v1__experiment__000008,housing_v1,housing_controlled_model_landlords_experiment,episode_attempt_4510d0c31e8bce443401,85c0a0df6bbea981998a8c4a29e460c76ed7df70db46a5159f6bfcb756c3ae83,included,housing_social_welfare_leaf,1.0.0,social_welfare,1.0.0,utility,tenant_1,tenant_1,591.97,utility_points,"{""disagreement_utility"":0.0}",ok,valid,[],"[""event_00000239""]",evaluation_receipt,episode_attempt_4510d0c31e8bce443401,85c0a0df6bbea981998a8c4a29e460c76ed7df70db46a5159f6bfcb756c3ae83,true
result_0cc7f71f5e9615e3eb796aec,runplan_668033750157196d,cell_d63cdcb40410cb3bbd5f,housing_v1__experiment__000008,housing_v1,housing_controlled_model_landlords_experiment,episode_attempt_4510d0c31e8bce443401,85c0a0df6bbea981998a8c4a29e460c76ed7df70db46a5159f6bfcb756c3ae83,included,housing_social_welfare_leaf,1.0.0,social_welfare,1.0.0,utility,tenant_2,tenant_2,480.83,utility_points,"{""disagreement_utility"":0.0}",ok,valid,[],"[""event_00000239""]",evaluation_receipt,episode_attempt_4510d0c31e8bce443401,85c0a0df6bbea981998a8c4a29e460c76ed7df70db46a5159f6bfcb756c3ae83,true
result_3e651ef0c76d4c603c5551e8,runplan_668033750157196d,cell_d63cdcb40410cb3bbd5f,housing_v1__experiment__000008,housing_v1,housing_controlled_model_landlords_experiment,episode_attempt_4510d0c31e8bce443401,85c0a0df6bbea981998a8c4a29e460c76ed7df70db46a5159f6bfcb756c3ae83,included,housing_social_welfare_leaf,1.0.0,social_welfare,1.0.0,utility,tenant_3,tenant_3,192.37,utility_points,"{""disagreement_utility"":0.0}",ok,valid,[],"[""event_00000239""]",evaluation_receipt,episode_attempt_4510d0c31e8bce443401,85c0a0df6bbea981998a8c4a29e460c76ed7df70db46a5159f6bfcb756c3ae83,true
result_fe87dc491321494c165390c7,runplan_668033750157196d,cell_d63cdcb40410cb3bbd5f,housing_v1__experiment__000008,housing_v1,housing_controlled_model_landlords_experiment,episode_attempt_4510d0c31e8bce443401,85c0a0df6bbea981998a8c4a29e460c76ed7df70db46a5159f6bfcb756c3ae83,included,housing_social_welfare_leaf,1.0.0,social_welfare,1.0.0,utility,tenant_4,tenant_4,0.0,utility_points,"{""disagreement_utility"":0.0}",ok,valid,[],"[""event_00000239""]",evaluation_receipt,episode_attempt_4510d0c31e8bce443401,85c0a0df6bbea981998a8c4a29e460c76ed7df70db46a5159f6bfcb756c3ae83,true
result_7acc0124987ee029eec27e97,runplan_668033750157196d,cell_d63cdcb40410cb3bbd5f,housing_v1__experiment__000008,housing_v1,housing_controlled_model_landlords_experiment,episode_attempt_4510d0c31e8bce443401,85c0a0df6bbea981998a8c4a29e460c76ed7df70db46a5159f6bfcb756c3ae83,included,housing_social_welfare_leaf,1.0.0,social_welfare,1.0.0,utility,tenant_5,tenant_5,0.0,utility_points,"{""disagreement_utility"":0.0}",ok,valid,[],"[""event_00000239""]",evaluation_receipt,episode_attempt_4510d0c31e8bce443401,85c0a0df6bbea981998a8c4a29e460c76ed7df70db46a5159f6bfcb756c3ae83,true
result_0123db8e129013fff96cb9b7,runplan_668033750157196d,cell_d63cdcb40410cb3bbd5f,housing_v1__experiment__000008,housing_v1,housing_controlled_model_landlords_experiment,episode_attempt_4510d0c31e8bce443401,85c0a0df6bbea981998a8c4a29e460c76ed7df70db46a5159f6bfcb756c3ae83,included,housing_social_welfare_leaf,1.0.0,social_welfare,1.0.0,capture,landlord_0,landlord_0,37.7,utility_points,"{""disagreement_utility"":0.0}",ok,valid,[],"[""event_00000239""]",evaluation_receipt,episode_attempt_4510d0c31e8bce443401,85c0a0df6bbea981998a8c4a29e460c76ed7df70db46a5159f6bfcb756c3ae83,true
result_edf277ec35329016909122ee,runplan_668033750157196d,cell_d63cdcb40410cb3bbd5f,housing_v1__experiment__000008,housing_v1,housing_controlled_model_landlords_experiment,episode_attempt_4510d0c31e8bce443401,85c0a0df6bbea981998a8c4a29e460c76ed7df70db46a5159f6bfcb756c3ae83,included,housing_social_welfare_leaf,1.0.0,social_welfare,1.0.0,capture,landlord_1,landlord_1,50.51,utility_points,"{""disagreement_utility"":0.0}",ok,valid,[],"[""event_00000239""]",evaluation_receipt,episode_attempt_4510d0c31e8bce443401,85c0a0df6bbea981998a8c4a29e460c76ed7df70db46a5159f6bfcb756c3ae83,true
result_078ba25ab601c5584a0301ab,runplan_668033750157196d,cell_d63cdcb40410cb3bbd5f,housing_v1__experiment__000008,housing_v1,housing_controlled_model_landlords_experiment,episode_attempt_4510d0c31e8bce443401,85c0a0df6bbea981998a8c4a29e460c76ed7df70db46a5159f6bfcb756c3ae83,included,housing_social_welfare_leaf,1.0.0,social_welfare,1.0.0,capture,landlord_2,landlord_2,41.3,utility_points,"{""disagreement_utility"":0.0}",ok,valid,[],"[""event_00000239""]",evaluation_receipt,episode_attempt_4510d0c31e8bce443401,85c0a0df6bbea981998a8c4a29e460c76ed7df70db46a5159f6bfcb756c3ae83,true
result_f8d871a2235ca9bf7e6c16a4,runplan_668033750157196d,cell_d63cdcb40410cb3bbd5f,housing_v1__experiment__000008,housing_v1,housing_controlled_model_landlords_experiment,episode_attempt_4510d0c31e8bce443401,85c0a0df6bbea981998a8c4a29e460c76ed7df70db46a5159f6bfcb756c3ae83,included,housing_social_welfare_leaf,1.0.0,social_welfare,1.0.0,capture,landlord_3,landlord_3,147.98,utility_points,"{""disagreement_utility"":0.0}",ok,valid,[],"[""event_00000239""]",evaluation_receipt,episode_attempt_4510d0c31e8bce443401,85c0a0df6bbea981998a8c4a29e460c76ed7df70db46a5159f6bfcb756c3ae83,true
result_97e4ddf5cd8d39c0a2dc4035,runplan_668033750157196d,cell_d63cdcb40410cb3bbd5f,housing_v1__experiment__000008,housing_v1,housing_controlled_model_landlords_experiment,episode_attempt_4510d0c31e8bce443401,85c0a0df6bbea981998a8c4a29e460c76ed7df70db46a5159f6bfcb756c3ae83,included,housing_social_welfare_leaf,1.0.0,social_welfare,1.0.0,capture,tenant_0,tenant_0,190.37,utility_points,"{""disagreement_utility"":0.0}",ok,valid,[],"[""event_00000239""]",evaluation_receipt,episode_attempt_4510d0c31e8bce443401,85c0a0df6bbea981998a8c4a29e460c76ed7df70db46a5159f6bfcb756c3ae83,true
result_c43af212718e77f7f3f933b8,runplan_668033750157196d,cell_d63cdcb40410cb3bbd5f,housing_v1__experiment__000008,housing_v1,housing_controlled_model_landlords_experiment,episode_attempt_4510d0c31e8bce443401,85c0a0df6bbea981998a8c4a29e460c76ed7df70db46a5159f6bfcb756c3ae83,included,housing_social_welfare_leaf,1.0.0,social_welfare,1.0.0,capture,tenant_1,tenant_1,591.97,utility_points,"{""disagreement_utility"":0.0}",ok,valid,[],"[""event_00000239""]",evaluation_receipt,episode_attempt_4510d0c31e8bce443401,85c0a0df6bbea981998a8c4a29e460c76ed7df70db46a5159f6bfcb756c3ae83,true
result_b8a02ed71781e1d228753c67,runplan_668033750157196d,cell_d63cdcb40410cb3bbd5f,housing_v1__experiment__000008,housing_v1,housing_controlled_model_landlords_experiment,episode_attempt_4510d0c31e8bce443401,85c0a0df6bbea981998a8c4a29e460c76ed7df70db46a5159f6bfcb756c3ae83,included,housing_social_welfare_leaf,1.0.0,social_welfare,1.0.0,capture,tenant_2,tenant_2,480.83,utility_points,"{""disagreement_utility"":0.0}",ok,valid,[],"[""event_00000239""]",evaluation_receipt,episode_attempt_4510d0c31e8bce443401,85c0a0df6bbea981998a8c4a29e460c76ed7df70db46a5159f6bfcb756c3ae83,true
result_34f7dfe90bb9549847a558b3,runplan_668033750157196d,cell_d63cdcb40410cb3bbd5f,housing_v1__experiment__000008,housing_v1,housing_controlled_model_landlords_experiment,episode_attempt_4510d0c31e8bce443401,85c0a0df6bbea981998a8c4a29e460c76ed7df70db46a5159f6bfcb756c3ae83,included,housing_social_welfare_leaf,1.0.0,social_welfare,1.0.0,capture,tenant_3,tenant_3,192.37,utility_points,"{""disagreement_utility"":0.0}",ok,valid,[],"[""event_00000239""]",evaluation_receipt,episode_attempt_4510d0c31e8bce443401,85c0a0df6bbea981998a8c4a29e460c76ed7df70db46a5159f6bfcb756c3ae83,true
result_c11825de0a206a77ebbdc228,runplan_668033750157196d,cell_d63cdcb40410cb3bbd5f,housing_v1__experiment__000008,housing_v1,housing_controlled_model_landlords_experiment,episode_attempt_4510d0c31e8bce443401,85c0a0df6bbea981998a8c4a29e460c76ed7df70db46a5159f6bfcb756c3ae83,included,housing_social_welfare_leaf,1.0.0,social_welfare,1.0.0,capture,tenant_4,tenant_4,0.0,utility_points,"{""disagreement_utility"":0.0}",ok,valid,[],"[""event_00000239""]",evaluation_receipt,episode_attempt_4510d0c31e8bce443401,85c0a0df6bbea981998a8c4a29e460c76ed7df70db46a5159f6bfcb756c3ae83,true
result_e8e47b24069318ea1029b5e5,runplan_668033750157196d,cell_d63cdcb40410cb3bbd5f,housing_v1__experiment__000008,housing_v1,housing_controlled_model_landlords_experiment,episode_attempt_4510d0c31e8bce443401,85c0a0df6bbea981998a8c4a29e460c76ed7df70db46a5159f6bfcb756c3ae83,included,housing_social_welfare_leaf,1.0.0,social_welfare,1.0.0,capture,tenant_5,tenant_5,0.0,utility_points,"{""disagreement_utility"":0.0}",ok,valid,[],"[""event_00000239""]",evaluation_receipt,episode_attempt_4510d0c31e8bce443401,85c0a0df6bbea981998a8c4a29e460c76ed7df70db46a5159f6bfcb756c3ae83,true
result_9c78cbf7d918a7bbac245b5a,runplan_668033750157196d,cell_d650201cbbc668681de5,housing_v1__experiment__000005,housing_v1,housing_controlled_model_landlords_experiment,episode_attempt_9291263c79dcbcf916e0,eaf42e5404dd2fdd440df8045fae0e77405f6799e5fea206172399846d645d16,included,housing_social_welfare_leaf,1.0.0,social_welfare,1.0.0,primary,social_welfare,,1231.77,utility_points,{},ok,valid,[],"[""event_00000235""]",evaluation_receipt,episode_attempt_9291263c79dcbcf916e0,eaf42e5404dd2fdd440df8045fae0e77405f6799e5fea206172399846d645d16,true
result_3ab2887871fce46009a388c5,runplan_668033750157196d,cell_d650201cbbc668681de5,housing_v1__experiment__000005,housing_v1,housing_controlled_model_landlords_experiment,episode_attempt_9291263c79dcbcf916e0,eaf42e5404dd2fdd440df8045fae0e77405f6799e5fea206172399846d645d16,included,housing_social_welfare_leaf,1.0.0,social_welfare,1.0.0,metric,comparison_baseline_gap,,0.0,utility_points,{},ok,valid,[],"[""event_00000235""]",evaluation_receipt,episode_attempt_9291263c79dcbcf916e0,eaf42e5404dd2fdd440df8045fae0e77405f6799e5fea206172399846d645d16,true
result_6522ef5572ae6066677b2e2f,runplan_668033750157196d,cell_d650201cbbc668681de5,housing_v1__experiment__000005,housing_v1,housing_controlled_model_landlords_experiment,episode_attempt_9291263c79dcbcf916e0,eaf42e5404dd2fdd440df8045fae0e77405f6799e5fea206172399846d645d16,included,housing_social_welfare_leaf,1.0.0,social_welfare,1.0.0,metric,ir_violation_count,,0.0,count,{},ok,valid,[],"[""event_00000235""]",evaluation_receipt,episode_attempt_9291263c79dcbcf916e0,eaf42e5404dd2fdd440df8045fae0e77405f6799e5fea206172399846d645d16,true
result_64bcff62e5991a967fbdd226,runplan_668033750157196d,cell_d650201cbbc668681de5,housing_v1__experiment__000005,housing_v1,housing_controlled_model_landlords_experiment,episode_attempt_9291263c79dcbcf916e0,eaf42e5404dd2fdd440df8045fae0e77405f6799e5fea206172399846d645d16,included,housing_social_welfare_leaf,1.0.0,social_welfare,1.0.0,metric,social_welfare,,1231.77,utility_points,{},ok,valid,[],"[""event_00000235""]",evaluation_receipt,episode_attempt_9291263c79dcbcf916e0,eaf42e5404dd2fdd440df8045fae0e77405f6799e5fea206172399846d645d16,true
result_736db3e916d0a7d1506bc811,runplan_668033750157196d,cell_d650201cbbc668681de5,housing_v1__experiment__000005,housing_v1,housing_controlled_model_landlords_experiment,episode_attempt_9291263c79dcbcf916e0,eaf42e5404dd2fdd440df8045fae0e77405f6799e5fea206172399846d645d16,included,housing_social_welfare_leaf,1.0.0,social_welfare,1.0.0,metric,upper_bound_gap,,117.01999999999998,utility_points,{},ok,valid,[],"[""event_00000235""]",evaluation_receipt,episode_attempt_9291263c79dcbcf916e0,eaf42e5404dd2fdd440df8045fae0e77405f6799e5fea206172399846d645d16,true
result_2ea310423219835509961c86,runplan_668033750157196d,cell_d650201cbbc668681de5,housing_v1__experiment__000005,housing_v1,housing_controlled_model_landlords_experiment,episode_attempt_9291263c79dcbcf916e0,eaf42e5404dd2fdd440df8045fae0e77405f6799e5fea206172399846d645d16,included,housing_social_welfare_leaf,1.0.0,social_welfare,1.0.0,metric,wasted_contacts,,6.0,count,{},ok,valid,[],"[""event_00000235""]",evaluation_receipt,episode_attempt_9291263c79dcbcf916e0,eaf42e5404dd2fdd440df8045fae0e77405f6799e5fea206172399846d645d16,true
result_8c4f4865732dc1f09e40d7eb,runplan_668033750157196d,cell_d650201cbbc668681de5,housing_v1__experiment__000005,housing_v1,housing_controlled_model_landlords_experiment,episode_attempt_9291263c79dcbcf916e0,eaf42e5404dd2fdd440df8045fae0e77405f6799e5fea206172399846d645d16,included,housing_social_welfare_leaf,1.0.0,social_welfare,1.0.0,metric,within_case_score,,0.9132407565299269,ratio,{},ok,valid,[],"[""event_00000235""]",evaluation_receipt,episode_attempt_9291263c79dcbcf916e0,eaf42e5404dd2fdd440df8045fae0e77405f6799e5fea206172399846d645d16,true
result_5b5f0498187a61b7b026b595,runplan_668033750157196d,cell_d650201cbbc668681de5,housing_v1__experiment__000005,housing_v1,housing_controlled_model_landlords_experiment,episode_attempt_9291263c79dcbcf916e0,eaf42e5404dd2fdd440df8045fae0e77405f6799e5fea206172399846d645d16,included,housing_social_welfare_leaf,1.0.0,social_welfare,1.0.0,reference,comparison_baseline,,1231.77,utility_points,"{""policy"":""naive"",""reference_kind"":""comparison_baseline""}",ok,valid,[],"[""event_00000235""]",evaluation_receipt,episode_attempt_9291263c79dcbcf916e0,eaf42e5404dd2fdd440df8045fae0e77405f6799e5fea206172399846d645d16,true
result_ddb9562fe060c10aa61af7ec,runplan_668033750157196d,cell_d650201cbbc668681de5,housing_v1__experiment__000005,housing_v1,housing_controlled_model_landlords_experiment,episode_attempt_9291263c79dcbcf916e0,eaf42e5404dd2fdd440df8045fae0e77405f6799e5fea206172399846d645d16,included,housing_social_welfare_leaf,1.0.0,social_welfare,1.0.0,reference,optimum_lower_bound,,0.0,utility_points,"{""policy"":""do_nothing"",""reference_kind"":""objective_lower_bound""}",ok,valid,[],"[""event_00000235""]",evaluation_receipt,episode_attempt_9291263c79dcbcf916e0,eaf42e5404dd2fdd440df8045fae0e77405f6799e5fea206172399846d645d16,true
result_94bb8670a71fd7ca037bed3c,runplan_668033750157196d,cell_d650201cbbc668681de5,housing_v1__experiment__000005,housing_v1,housing_controlled_model_landlords_experiment,episode_attempt_9291263c79dcbcf916e0,eaf42e5404dd2fdd440df8045fae0e77405f6799e5fea206172399846d645d16,included,housing_social_welfare_leaf,1.0.0,social_welfare,1.0.0,reference,optimum_upper_bound,,1348.79,utility_points,"{""reference_kind"":""objective_upper_bound"",""semantics"":""full_information_allocation_relaxation""}",ok,valid,[],"[""event_00000235""]",evaluation_receipt,episode_attempt_9291263c79dcbcf916e0,eaf42e5404dd2fdd440df8045fae0e77405f6799e5fea206172399846d645d16,true
result_0769a0d28d6277b3b1a94ef9,runplan_668033750157196d,cell_d650201cbbc668681de5,housing_v1__experiment__000005,housing_v1,housing_controlled_model_landlords_experiment,episode_attempt_9291263c79dcbcf916e0,eaf42e5404dd2fdd440df8045fae0e77405f6799e5fea206172399846d645d16,included,housing_social_welfare_leaf,1.0.0,social_welfare,1.0.0,utility,landlord_0,landlord_0,30.29,utility_points,"{""disagreement_utility"":0.0}",ok,valid,[],"[""event_00000235""]",evaluation_receipt,episode_attempt_9291263c79dcbcf916e0,eaf42e5404dd2fdd440df8045fae0e77405f6799e5fea206172399846d645d16,true
result_c0affd01e2db3648fcf13358,runplan_668033750157196d,cell_d650201cbbc668681de5,housing_v1__experiment__000005,housing_v1,housing_controlled_model_landlords_experiment,episode_attempt_9291263c79dcbcf916e0,eaf42e5404dd2fdd440df8045fae0e77405f6799e5fea206172399846d645d16,included,housing_social_welfare_leaf,1.0.0,social_welfare,1.0.0,utility,landlord_1,landlord_1,0.0,utility_points,"{""disagreement_utility"":0.0}",ok,valid,[],"[""event_00000235""]",evaluation_receipt,episode_attempt_9291263c79dcbcf916e0,eaf42e5404dd2fdd440df8045fae0e77405f6799e5fea206172399846d645d16,true
result_721305e8ca1d18fb17d40779,runplan_668033750157196d,cell_d650201cbbc668681de5,housing_v1__experiment__000005,housing_v1,housing_controlled_model_landlords_experiment,episode_attempt_9291263c79dcbcf916e0,eaf42e5404dd2fdd440df8045fae0e77405f6799e5fea206172399846d645d16,included,housing_social_welfare_leaf,1.0.0,social_welfare,1.0.0,utility,landlord_2,landlord_2,73.64,utility_points,"{""disagreement_utility"":0.0}",ok,valid,[],"[""event_00000235""]",evaluation_receipt,episode_attempt_9291263c79dcbcf916e0,eaf42e5404dd2fdd440df8045fae0e77405f6799e5fea206172399846d645d16,true
result_663435900484b67fcbb531e5,runplan_668033750157196d,cell_d650201cbbc668681de5,housing_v1__experiment__000005,housing_v1,housing_controlled_model_landlords_experiment,episode_attempt_9291263c79dcbcf916e0,eaf42e5404dd2fdd440df8045fae0e77405f6799e5fea206172399846d645d16,included,housing_social_welfare_leaf,1.0.0,social_welfare,1.0.0,utility,landlord_3,landlord_3,43.77,utility_points,"{""disagreement_utility"":0.0}",ok,valid,[],"[""event_00000235""]",evaluation_receipt,episode_attempt_9291263c79dcbcf916e0,eaf42e5404dd2fdd440df8045fae0e77405f6799e5fea206172399846d645d16,true
result_9ae49f31de368f32f6abe42b,runplan_668033750157196d,cell_d650201cbbc668681de5,housing_v1__experiment__000005,housing_v1,housing_controlled_model_landlords_experiment,episode_attempt_9291263c79dcbcf916e0,eaf42e5404dd2fdd440df8045fae0e77405f6799e5fea206172399846d645d16,included,housing_social_welfare_leaf,1.0.0,social_welfare,1.0.0,utility,tenant_0,tenant_0,472.54,utility_points,"{""disagreement_utility"":0.0}",ok,valid,[],"[""event_00000235""]",evaluation_receipt,episode_attempt_9291263c79dcbcf916e0,eaf42e5404dd2fdd440df8045fae0e77405f6799e5fea206172399846d645d16,true
result_2713e56664d91656bdde4694,runplan_668033750157196d,cell_d650201cbbc668681de5,housing_v1__experiment__000005,housing_v1,housing_controlled_model_landlords_experiment,episode_attempt_9291263c79dcbcf916e0,eaf42e5404dd2fdd440df8045fae0e77405f6799e5fea206172399846d645d16,included,housing_social_welfare_leaf,1.0.0,social_welfare,1.0.0,utility,tenant_1,tenant_1,543.25,utility_points,"{""disagreement_utility"":0.0}",ok,valid,[],"[""event_00000235""]",evaluation_receipt,episode_attempt_9291263c79dcbcf916e0,eaf42e5404dd2fdd440df8045fae0e77405f6799e5fea206172399846d645d16,true
result_11554cf36c151fe2830f09e4,runplan_668033750157196d,cell_d650201cbbc668681de5,housing_v1__experiment__000005,housing_v1,housing_controlled_model_landlords_experiment,episode_attempt_9291263c79dcbcf916e0,eaf42e5404dd2fdd440df8045fae0e77405f6799e5fea206172399846d645d16,included,housing_social_welfare_leaf,1.0.0,social_welfare,1.0.0,utility,tenant_2,tenant_2,68.28,utility_points,"{""disagreement_utility"":0.0}",ok,valid,[],"[""event_00000235""]",evaluation_receipt,episode_attempt_9291263c79dcbcf916e0,eaf42e5404dd2fdd440df8045fae0e77405f6799e5fea206172399846d645d16,true
result_07071018a89114b0b3ea34e4,runplan_668033750157196d,cell_d650201cbbc668681de5,housing_v1__experiment__000005,housing_v1,housing_controlled_model_landlords_experiment,episode_attempt_9291263c79dcbcf916e0,eaf42e5404dd2fdd440df8045fae0e77405f6799e5fea206172399846d645d16,included,housing_social_welfare_leaf,1.0.0,social_welfare,1.0.0,utility,tenant_3,tenant_3,0.0,utility_points,"{""disagreement_utility"":0.0}",ok,valid,[],"[""event_00000235""]",evaluation_receipt,episode_attempt_9291263c79dcbcf916e0,eaf42e5404dd2fdd440df8045fae0e77405f6799e5fea206172399846d645d16,true
result_5b3c7e855e9b38e294126d1a,runplan_668033750157196d,cell_d650201cbbc668681de5,housing_v1__experiment__000005,housing_v1,housing_controlled_model_landlords_experiment,episode_attempt_9291263c79dcbcf916e0,eaf42e5404dd2fdd440df8045fae0e77405f6799e5fea206172399846d645d16,included,housing_social_welfare_leaf,1.0.0,social_welfare,1.0.0,utility,tenant_4,tenant_4,0.0,utility_points,"{""disagreement_utility"":0.0}",ok,valid,[],"[""event_00000235""]",evaluation_receipt,episode_attempt_9291263c79dcbcf916e0,eaf42e5404dd2fdd440df8045fae0e77405f6799e5fea206172399846d645d16,true
result_ea8d728cfe146a0abb6cc483,runplan_668033750157196d,cell_d650201cbbc668681de5,housing_v1__experiment__000005,housing_v1,housing_controlled_model_landlords_experiment,episode_attempt_9291263c79dcbcf916e0,eaf42e5404dd2fdd440df8045fae0e77405f6799e5fea206172399846d645d16,included,housing_social_welfare_leaf,1.0.0,social_welfare,1.0.0,utility,tenant_5,tenant_5,0.0,utility_points,"{""disagreement_utility"":0.0}",ok,valid,[],"[""event_00000235""]",evaluation_receipt,episode_attempt_9291263c79dcbcf916e0,eaf42e5404dd2fdd440df8045fae0e77405f6799e5fea206172399846d645d16,true
result_e30ac040908d706b0d4c3c86,runplan_668033750157196d,cell_d650201cbbc668681de5,housing_v1__experiment__000005,housing_v1,housing_controlled_model_landlords_experiment,episode_attempt_9291263c79dcbcf916e0,eaf42e5404dd2fdd440df8045fae0e77405f6799e5fea206172399846d645d16,included,housing_social_welfare_leaf,1.0.0,social_welfare,1.0.0,capture,landlord_0,landlord_0,30.29,utility_points,"{""disagreement_utility"":0.0}",ok,valid,[],"[""event_00000235""]",evaluation_receipt,episode_attempt_9291263c79dcbcf916e0,eaf42e5404dd2fdd440df8045fae0e77405f6799e5fea206172399846d645d16,true
result_0636f076fb6404c8daebbb85,runplan_668033750157196d,cell_d650201cbbc668681de5,housing_v1__experiment__000005,housing_v1,housing_controlled_model_landlords_experiment,episode_attempt_9291263c79dcbcf916e0,eaf42e5404dd2fdd440df8045fae0e77405f6799e5fea206172399846d645d16,included,housing_social_welfare_leaf,1.0.0,social_welfare,1.0.0,capture,landlord_1,landlord_1,0.0,utility_points,"{""disagreement_utility"":0.0}",ok,valid,[],"[""event_00000235""]",evaluation_receipt,episode_attempt_9291263c79dcbcf916e0,eaf42e5404dd2fdd440df8045fae0e77405f6799e5fea206172399846d645d16,true
result_a788a976f974a39b75ee8f38,runplan_668033750157196d,cell_d650201cbbc668681de5,housing_v1__experiment__000005,housing_v1,housing_controlled_model_landlords_experiment,episode_attempt_9291263c79dcbcf916e0,eaf42e5404dd2fdd440df8045fae0e77405f6799e5fea206172399846d645d16,included,housing_social_welfare_leaf,1.0.0,social_welfare,1.0.0,capture,landlord_2,landlord_2,73.64,utility_points,"{""disagreement_utility"":0.0}",ok,valid,[],"[""event_00000235""]",evaluation_receipt,episode_attempt_9291263c79dcbcf916e0,eaf42e5404dd2fdd440df8045fae0e77405f6799e5fea206172399846d645d16,true
result_caaa3dcc40101e47181ebe8f,runplan_668033750157196d,cell_d650201cbbc668681de5,housing_v1__experiment__000005,housing_v1,housing_controlled_model_landlords_experiment,episode_attempt_9291263c79dcbcf916e0,eaf42e5404dd2fdd440df8045fae0e77405f6799e5fea206172399846d645d16,included,housing_social_welfare_leaf,1.0.0,social_welfare,1.0.0,capture,landlord_3,landlord_3,43.77,utility_points,"{""disagreement_utility"":0.0}",ok,valid,[],"[""event_00000235""]",evaluation_receipt,episode_attempt_9291263c79dcbcf916e0,eaf42e5404dd2fdd440df8045fae0e77405f6799e5fea206172399846d645d16,true
result_643307b80834f4e1370b75cb,runplan_668033750157196d,cell_d650201cbbc668681de5,housing_v1__experiment__000005,housing_v1,housing_controlled_model_landlords_experiment,episode_attempt_9291263c79dcbcf916e0,eaf42e5404dd2fdd440df8045fae0e77405f6799e5fea206172399846d645d16,included,housing_social_welfare_leaf,1.0.0,social_welfare,1.0.0,capture,tenant_0,tenant_0,472.54,utility_points,"{""disagreement_utility"":0.0}",ok,valid,[],"[""event_00000235""]",evaluation_receipt,episode_attempt_9291263c79dcbcf916e0,eaf42e5404dd2fdd440df8045fae0e77405f6799e5fea206172399846d645d16,true
result_7acdc9559685fe0f65dae650,runplan_668033750157196d,cell_d650201cbbc668681de5,housing_v1__experiment__000005,housing_v1,housing_controlled_model_landlords_experiment,episode_attempt_9291263c79dcbcf916e0,eaf42e5404dd2fdd440df8045fae0e77405f6799e5fea206172399846d645d16,included,housing_social_welfare_leaf,1.0.0,social_welfare,1.0.0,capture,tenant_1,tenant_1,543.25,utility_points,"{""disagreement_utility"":0.0}",ok,valid,[],"[""event_00000235""]",evaluation_receipt,episode_attempt_9291263c79dcbcf916e0,eaf42e5404dd2fdd440df8045fae0e77405f6799e5fea206172399846d645d16,true
result_ce3bccdc7164dfa8a97cc168,runplan_668033750157196d,cell_d650201cbbc668681de5,housing_v1__experiment__000005,housing_v1,housing_controlled_model_landlords_experiment,episode_attempt_9291263c79dcbcf916e0,eaf42e5404dd2fdd440df8045fae0e77405f6799e5fea206172399846d645d16,included,housing_social_welfare_leaf,1.0.0,social_welfare,1.0.0,capture,tenant_2,tenant_2,68.28,utility_points,"{""disagreement_utility"":0.0}",ok,valid,[],"[""event_00000235""]",evaluation_receipt,episode_attempt_9291263c79dcbcf916e0,eaf42e5404dd2fdd440df8045fae0e77405f6799e5fea206172399846d645d16,true
result_fe472886b7296ceef20833f9,runplan_668033750157196d,cell_d650201cbbc668681de5,housing_v1__experiment__000005,housing_v1,housing_controlled_model_landlords_experiment,episode_attempt_9291263c79dcbcf916e0,eaf42e5404dd2fdd440df8045fae0e77405f6799e5fea206172399846d645d16,included,housing_social_welfare_leaf,1.0.0,social_welfare,1.0.0,capture,tenant_3,tenant_3,0.0,utility_points,"{""disagreement_utility"":0.0}",ok,valid,[],"[""event_00000235""]",evaluation_receipt,episode_attempt_9291263c79dcbcf916e0,eaf42e5404dd2fdd440df8045fae0e77405f6799e5fea206172399846d645d16,true
result_602ea727aab6cff7a6e3e30a,runplan_668033750157196d,cell_d650201cbbc668681de5,housing_v1__experiment__000005,housing_v1,housing_controlled_model_landlords_experiment,episode_attempt_9291263c79dcbcf916e0,eaf42e5404dd2fdd440df8045fae0e77405f6799e5fea206172399846d645d16,included,housing_social_welfare_leaf,1.0.0,social_welfare,1.0.0,capture,tenant_4,tenant_4,0.0,utility_points,"{""disagreement_utility"":0.0}",ok,valid,[],"[""event_00000235""]",evaluation_receipt,episode_attempt_9291263c79dcbcf916e0,eaf42e5404dd2fdd440df8045fae0e77405f6799e5fea206172399846d645d16,true
result_7cdbf51a7aa7156b3a65d85e,runplan_668033750157196d,cell_d650201cbbc668681de5,housing_v1__experiment__000005,housing_v1,housing_controlled_model_landlords_experiment,episode_attempt_9291263c79dcbcf916e0,eaf42e5404dd2fdd440df8045fae0e77405f6799e5fea206172399846d645d16,included,housing_social_welfare_leaf,1.0.0,social_welfare,1.0.0,capture,tenant_5,tenant_5,0.0,utility_points,"{""disagreement_utility"":0.0}",ok,valid,[],"[""event_00000235""]",evaluation_receipt,episode_attempt_9291263c79dcbcf916e0,eaf42e5404dd2fdd440df8045fae0e77405f6799e5fea206172399846d645d16,true
result_0e8d81a387b245efe6c9adae,runplan_668033750157196d,cell_e173f18d923a8f990530,housing_v1__experiment__000007,housing_v1,housing_controlled_model_landlords_experiment,episode_attempt_1a555356de951babde7b,e49cb728da813e817a8f6c39ba175af1166b9a63a1b37e276cf9ac88b38a83df,included,housing_social_welfare_leaf,1.0.0,social_welfare,1.0.0,primary,social_welfare,,1183.69,utility_points,{},ok,valid,[],"[""event_00000255""]",evaluation_receipt,episode_attempt_1a555356de951babde7b,e49cb728da813e817a8f6c39ba175af1166b9a63a1b37e276cf9ac88b38a83df,true
result_bbfc8a620dd62d21f0bb8900,runplan_668033750157196d,cell_e173f18d923a8f990530,housing_v1__experiment__000007,housing_v1,housing_controlled_model_landlords_experiment,episode_attempt_1a555356de951babde7b,e49cb728da813e817a8f6c39ba175af1166b9a63a1b37e276cf9ac88b38a83df,included,housing_social_welfare_leaf,1.0.0,social_welfare,1.0.0,metric,comparison_baseline_gap,,75.49000000000001,utility_points,{},ok,valid,[],"[""event_00000255""]",evaluation_receipt,episode_attempt_1a555356de951babde7b,e49cb728da813e817a8f6c39ba175af1166b9a63a1b37e276cf9ac88b38a83df,true
result_55235db6f1f40c514a14a52a,runplan_668033750157196d,cell_e173f18d923a8f990530,housing_v1__experiment__000007,housing_v1,housing_controlled_model_landlords_experiment,episode_attempt_1a555356de951babde7b,e49cb728da813e817a8f6c39ba175af1166b9a63a1b37e276cf9ac88b38a83df,included,housing_social_welfare_leaf,1.0.0,social_welfare,1.0.0,metric,ir_violation_count,,0.0,count,{},ok,valid,[],"[""event_00000255""]",evaluation_receipt,episode_attempt_1a555356de951babde7b,e49cb728da813e817a8f6c39ba175af1166b9a63a1b37e276cf9ac88b38a83df,true
result_24144c6284a9165cc6be23c5,runplan_668033750157196d,cell_e173f18d923a8f990530,housing_v1__experiment__000007,housing_v1,housing_controlled_model_landlords_experiment,episode_attempt_1a555356de951babde7b,e49cb728da813e817a8f6c39ba175af1166b9a63a1b37e276cf9ac88b38a83df,included,housing_social_welfare_leaf,1.0.0,social_welfare,1.0.0,metric,social_welfare,,1183.69,utility_points,{},ok,valid,[],"[""event_00000255""]",evaluation_receipt,episode_attempt_1a555356de951babde7b,e49cb728da813e817a8f6c39ba175af1166b9a63a1b37e276cf9ac88b38a83df,true
result_9d1fdabbf5494802a4f36d99,runplan_668033750157196d,cell_e173f18d923a8f990530,housing_v1__experiment__000007,housing_v1,housing_controlled_model_landlords_experiment,episode_attempt_1a555356de951babde7b,e49cb728da813e817a8f6c39ba175af1166b9a63a1b37e276cf9ac88b38a83df,included,housing_social_welfare_leaf,1.0.0,social_welfare,1.0.0,metric,upper_bound_gap,,140.91999999999985,utility_points,{},ok,valid,[],"[""event_00000255""]",evaluation_receipt,episode_attempt_1a555356de951babde7b,e49cb728da813e817a8f6c39ba175af1166b9a63a1b37e276cf9ac88b38a83df,true
result_3f10539811b3ee18f0fa586c,runplan_668033750157196d,cell_e173f18d923a8f990530,housing_v1__experiment__000007,housing_v1,housing_controlled_model_landlords_experiment,episode_attempt_1a555356de951babde7b,e49cb728da813e817a8f6c39ba175af1166b9a63a1b37e276cf9ac88b38a83df,included,housing_social_welfare_leaf,1.0.0,social_welfare,1.0.0,metric,wasted_contacts,,9.0,count,{},ok,valid,[],"[""event_00000255""]",evaluation_receipt,episode_attempt_1a555356de951babde7b,e49cb728da813e817a8f6c39ba175af1166b9a63a1b37e276cf9ac88b38a83df,true
result_6625eedd99ffe8b0736f8e07,runplan_668033750157196d,cell_e173f18d923a8f990530,housing_v1__experiment__000007,housing_v1,housing_controlled_model_landlords_experiment,episode_attempt_1a555356de951babde7b,e49cb728da813e817a8f6c39ba175af1166b9a63a1b37e276cf9ac88b38a83df,included,housing_social_welfare_leaf,1.0.0,social_welfare,1.0.0,metric,within_case_score,,0.8936139693947653,ratio,{},ok,valid,[],"[""event_00000255""]",evaluation_receipt,episode_attempt_1a555356de951babde7b,e49cb728da813e817a8f6c39ba175af1166b9a63a1b37e276cf9ac88b38a83df,true
result_876b1fbb6d6b18661d9f1bc9,runplan_668033750157196d,cell_e173f18d923a8f990530,housing_v1__experiment__000007,housing_v1,housing_controlled_model_landlords_experiment,episode_attempt_1a555356de951babde7b,e49cb728da813e817a8f6c39ba175af1166b9a63a1b37e276cf9ac88b38a83df,included,housing_social_welfare_leaf,1.0.0,social_welfare,1.0.0,reference,comparison_baseline,,1108.2,utility_points,"{""policy"":""naive"",""reference_kind"":""comparison_baseline""}",ok,valid,[],"[""event_00000255""]",evaluation_receipt,episode_attempt_1a555356de951babde7b,e49cb728da813e817a8f6c39ba175af1166b9a63a1b37e276cf9ac88b38a83df,true
result_424786c7c0a954f3b6c8b78f,runplan_668033750157196d,cell_e173f18d923a8f990530,housing_v1__experiment__000007,housing_v1,housing_controlled_model_landlords_experiment,episode_attempt_1a555356de951babde7b,e49cb728da813e817a8f6c39ba175af1166b9a63a1b37e276cf9ac88b38a83df,included,housing_social_welfare_leaf,1.0.0,social_welfare,1.0.0,reference,optimum_lower_bound,,0.0,utility_points,"{""policy"":""do_nothing"",""reference_kind"":""objective_lower_bound""}",ok,valid,[],"[""event_00000255""]",evaluation_receipt,episode_attempt_1a555356de951babde7b,e49cb728da813e817a8f6c39ba175af1166b9a63a1b37e276cf9ac88b38a83df,true
result_c9c9adfbf1167824872108aa,runplan_668033750157196d,cell_e173f18d923a8f990530,housing_v1__experiment__000007,housing_v1,housing_controlled_model_landlords_experiment,episode_attempt_1a555356de951babde7b,e49cb728da813e817a8f6c39ba175af1166b9a63a1b37e276cf9ac88b38a83df,included,housing_social_welfare_leaf,1.0.0,social_welfare,1.0.0,reference,optimum_upper_bound,,1324.61,utility_points,"{""reference_kind"":""objective_upper_bound"",""semantics"":""full_information_allocation_relaxation""}",ok,valid,[],"[""event_00000255""]",evaluation_receipt,episode_attempt_1a555356de951babde7b,e49cb728da813e817a8f6c39ba175af1166b9a63a1b37e276cf9ac88b38a83df,true
result_765dcfbaf5fb203c0eb4b650,runplan_668033750157196d,cell_e173f18d923a8f990530,housing_v1__experiment__000007,housing_v1,housing_controlled_model_landlords_experiment,episode_attempt_1a555356de951babde7b,e49cb728da813e817a8f6c39ba175af1166b9a63a1b37e276cf9ac88b38a83df,included,housing_social_welfare_leaf,1.0.0,social_welfare,1.0.0,utility,landlord_0,landlord_0,558.64,utility_points,"{""disagreement_utility"":0.0}",ok,valid,[],"[""event_00000255""]",evaluation_receipt,episode_attempt_1a555356de951babde7b,e49cb728da813e817a8f6c39ba175af1166b9a63a1b37e276cf9ac88b38a83df,true
result_899211c49bb9f885771dff81,runplan_668033750157196d,cell_e173f18d923a8f990530,housing_v1__experiment__000007,housing_v1,housing_controlled_model_landlords_experiment,episode_attempt_1a555356de951babde7b,e49cb728da813e817a8f6c39ba175af1166b9a63a1b37e276cf9ac88b38a83df,included,housing_social_welfare_leaf,1.0.0,social_welfare,1.0.0,utility,landlord_1,landlord_1,0.0,utility_points,"{""disagreement_utility"":0.0}",ok,valid,[],"[""event_00000255""]",evaluation_receipt,episode_attempt_1a555356de951babde7b,e49cb728da813e817a8f6c39ba175af1166b9a63a1b37e276cf9ac88b38a83df,true
result_547eeecd55d677bbae8e8214,runplan_668033750157196d,cell_e173f18d923a8f990530,housing_v1__experiment__000007,housing_v1,housing_controlled_model_landlords_experiment,episode_attempt_1a555356de951babde7b,e49cb728da813e817a8f6c39ba175af1166b9a63a1b37e276cf9ac88b38a83df,included,housing_social_welfare_leaf,1.0.0,social_welfare,1.0.0,utility,landlord_2,landlord_2,0.0,utility_points,"{""disagreement_utility"":0.0}",ok,valid,[],"[""event_00000255""]",evaluation_receipt,episode_attempt_1a555356de951babde7b,e49cb728da813e817a8f6c39ba175af1166b9a63a1b37e276cf9ac88b38a83df,true
result_a76cb95716304dec15e80e53,runplan_668033750157196d,cell_e173f18d923a8f990530,housing_v1__experiment__000007,housing_v1,housing_controlled_model_landlords_experiment,episode_attempt_1a555356de951babde7b,e49cb728da813e817a8f6c39ba175af1166b9a63a1b37e276cf9ac88b38a83df,included,housing_social_welfare_leaf,1.0.0,social_welfare,1.0.0,utility,landlord_3,landlord_3,610.41,utility_points,"{""disagreement_utility"":0.0}",ok,valid,[],"[""event_00000255""]",evaluation_receipt,episode_attempt_1a555356de951babde7b,e49cb728da813e817a8f6c39ba175af1166b9a63a1b37e276cf9ac88b38a83df,true
result_e8ae258f041ae8e51f51a5d1,runplan_668033750157196d,cell_e173f18d923a8f990530,housing_v1__experiment__000007,housing_v1,housing_controlled_model_landlords_experiment,episode_attempt_1a555356de951babde7b,e49cb728da813e817a8f6c39ba175af1166b9a63a1b37e276cf9ac88b38a83df,included,housing_social_welfare_leaf,1.0.0,social_welfare,1.0.0,utility,tenant_0,tenant_0,0.0,utility_points,"{""disagreement_utility"":0.0}",ok,valid,[],"[""event_00000255""]",evaluation_receipt,episode_attempt_1a555356de951babde7b,e49cb728da813e817a8f6c39ba175af1166b9a63a1b37e276cf9ac88b38a83df,true
result_21fc29221a8f2981364eba6c,runplan_668033750157196d,cell_e173f18d923a8f990530,housing_v1__experiment__000007,housing_v1,housing_controlled_model_landlords_experiment,episode_attempt_1a555356de951babde7b,e49cb728da813e817a8f6c39ba175af1166b9a63a1b37e276cf9ac88b38a83df,included,housing_social_welfare_leaf,1.0.0,social_welfare,1.0.0,utility,tenant_1,tenant_1,0.0,utility_points,"{""disagreement_utility"":0.0}",ok,valid,[],"[""event_00000255""]",evaluation_receipt,episode_attempt_1a555356de951babde7b,e49cb728da813e817a8f6c39ba175af1166b9a63a1b37e276cf9ac88b38a83df,true
result_b4f3b8b8c47046ed1f42e7a2,runplan_668033750157196d,cell_e173f18d923a8f990530,housing_v1__experiment__000007,housing_v1,housing_controlled_model_landlords_experiment,episode_attempt_1a555356de951babde7b,e49cb728da813e817a8f6c39ba175af1166b9a63a1b37e276cf9ac88b38a83df,included,housing_social_welfare_leaf,1.0.0,social_welfare,1.0.0,utility,tenant_2,tenant_2,0.0,utility_points,"{""disagreement_utility"":0.0}",ok,valid,[],"[""event_00000255""]",evaluation_receipt,episode_attempt_1a555356de951babde7b,e49cb728da813e817a8f6c39ba175af1166b9a63a1b37e276cf9ac88b38a83df,true
result_d3ed33b4120e75a28f6df691,runplan_668033750157196d,cell_e173f18d923a8f990530,housing_v1__experiment__000007,housing_v1,housing_controlled_model_landlords_experiment,episode_attempt_1a555356de951babde7b,e49cb728da813e817a8f6c39ba175af1166b9a63a1b37e276cf9ac88b38a83df,included,housing_social_welfare_leaf,1.0.0,social_welfare,1.0.0,utility,tenant_3,tenant_3,0.0,utility_points,"{""disagreement_utility"":0.0}",ok,valid,[],"[""event_00000255""]",evaluation_receipt,episode_attempt_1a555356de951babde7b,e49cb728da813e817a8f6c39ba175af1166b9a63a1b37e276cf9ac88b38a83df,true
result_0d7fde460676673f495a3622,runplan_668033750157196d,cell_e173f18d923a8f990530,housing_v1__experiment__000007,housing_v1,housing_controlled_model_landlords_experiment,episode_attempt_1a555356de951babde7b,e49cb728da813e817a8f6c39ba175af1166b9a63a1b37e276cf9ac88b38a83df,included,housing_social_welfare_leaf,1.0.0,social_welfare,1.0.0,utility,tenant_4,tenant_4,0.0,utility_points,"{""disagreement_utility"":0.0}",ok,valid,[],"[""event_00000255""]",evaluation_receipt,episode_attempt_1a555356de951babde7b,e49cb728da813e817a8f6c39ba175af1166b9a63a1b37e276cf9ac88b38a83df,true
result_096735939f1bd93021380899,runplan_668033750157196d,cell_e173f18d923a8f990530,housing_v1__experiment__000007,housing_v1,housing_controlled_model_landlords_experiment,episode_attempt_1a555356de951babde7b,e49cb728da813e817a8f6c39ba175af1166b9a63a1b37e276cf9ac88b38a83df,included,housing_social_welfare_leaf,1.0.0,social_welfare,1.0.0,utility,tenant_5,tenant_5,14.64,utility_points,"{""disagreement_utility"":0.0}",ok,valid,[],"[""event_00000255""]",evaluation_receipt,episode_attempt_1a555356de951babde7b,e49cb728da813e817a8f6c39ba175af1166b9a63a1b37e276cf9ac88b38a83df,true
result_5cd007aa3426b56ce94d6585,runplan_668033750157196d,cell_e173f18d923a8f990530,housing_v1__experiment__000007,housing_v1,housing_controlled_model_landlords_experiment,episode_attempt_1a555356de951babde7b,e49cb728da813e817a8f6c39ba175af1166b9a63a1b37e276cf9ac88b38a83df,included,housing_social_welfare_leaf,1.0.0,social_welfare,1.0.0,capture,landlord_0,landlord_0,558.64,utility_points,"{""disagreement_utility"":0.0}",ok,valid,[],"[""event_00000255""]",evaluation_receipt,episode_attempt_1a555356de951babde7b,e49cb728da813e817a8f6c39ba175af1166b9a63a1b37e276cf9ac88b38a83df,true
result_b6e148833a7fefc7eda91a1d,runplan_668033750157196d,cell_e173f18d923a8f990530,housing_v1__experiment__000007,housing_v1,housing_controlled_model_landlords_experiment,episode_attempt_1a555356de951babde7b,e49cb728da813e817a8f6c39ba175af1166b9a63a1b37e276cf9ac88b38a83df,included,housing_social_welfare_leaf,1.0.0,social_welfare,1.0.0,capture,landlord_1,landlord_1,0.0,utility_points,"{""disagreement_utility"":0.0}",ok,valid,[],"[""event_00000255""]",evaluation_receipt,episode_attempt_1a555356de951babde7b,e49cb728da813e817a8f6c39ba175af1166b9a63a1b37e276cf9ac88b38a83df,true
result_0e5b78afeb5e881c6605b156,runplan_668033750157196d,cell_e173f18d923a8f990530,housing_v1__experiment__000007,housing_v1,housing_controlled_model_landlords_experiment,episode_attempt_1a555356de951babde7b,e49cb728da813e817a8f6c39ba175af1166b9a63a1b37e276cf9ac88b38a83df,included,housing_social_welfare_leaf,1.0.0,social_welfare,1.0.0,capture,landlord_2,landlord_2,0.0,utility_points,"{""disagreement_utility"":0.0}",ok,valid,[],"[""event_00000255""]",evaluation_receipt,episode_attempt_1a555356de951babde7b,e49cb728da813e817a8f6c39ba175af1166b9a63a1b37e276cf9ac88b38a83df,true
result_edce5d7c2543cbb8dd47f581,runplan_668033750157196d,cell_e173f18d923a8f990530,housing_v1__experiment__000007,housing_v1,housing_controlled_model_landlords_experiment,episode_attempt_1a555356de951babde7b,e49cb728da813e817a8f6c39ba175af1166b9a63a1b37e276cf9ac88b38a83df,included,housing_social_welfare_leaf,1.0.0,social_welfare,1.0.0,capture,landlord_3,landlord_3,610.41,utility_points,"{""disagreement_utility"":0.0}",ok,valid,[],"[""event_00000255""]",evaluation_receipt,episode_attempt_1a555356de951babde7b,e49cb728da813e817a8f6c39ba175af1166b9a63a1b37e276cf9ac88b38a83df,true
result_a128b0ca628d3d0329ef1705,runplan_668033750157196d,cell_e173f18d923a8f990530,housing_v1__experiment__000007,housing_v1,housing_controlled_model_landlords_experiment,episode_attempt_1a555356de951babde7b,e49cb728da813e817a8f6c39ba175af1166b9a63a1b37e276cf9ac88b38a83df,included,housing_social_welfare_leaf,1.0.0,social_welfare,1.0.0,capture,tenant_0,tenant_0,0.0,utility_points,"{""disagreement_utility"":0.0}",ok,valid,[],"[""event_00000255""]",evaluation_receipt,episode_attempt_1a555356de951babde7b,e49cb728da813e817a8f6c39ba175af1166b9a63a1b37e276cf9ac88b38a83df,true
result_30677f2503c1e58386f6c0dd,runplan_668033750157196d,cell_e173f18d923a8f990530,housing_v1__experiment__000007,housing_v1,housing_controlled_model_landlords_experiment,episode_attempt_1a555356de951babde7b,e49cb728da813e817a8f6c39ba175af1166b9a63a1b37e276cf9ac88b38a83df,included,housing_social_welfare_leaf,1.0.0,social_welfare,1.0.0,capture,tenant_1,tenant_1,0.0,utility_points,"{""disagreement_utility"":0.0}",ok,valid,[],"[""event_00000255""]",evaluation_receipt,episode_attempt_1a555356de951babde7b,e49cb728da813e817a8f6c39ba175af1166b9a63a1b37e276cf9ac88b38a83df,true
result_fe4ac3951e3a887ff5cdc4fd,runplan_668033750157196d,cell_e173f18d923a8f990530,housing_v1__experiment__000007,housing_v1,housing_controlled_model_landlords_experiment,episode_attempt_1a555356de951babde7b,e49cb728da813e817a8f6c39ba175af1166b9a63a1b37e276cf9ac88b38a83df,included,housing_social_welfare_leaf,1.0.0,social_welfare,1.0.0,capture,tenant_2,tenant_2,0.0,utility_points,"{""disagreement_utility"":0.0}",ok,valid,[],"[""event_00000255""]",evaluation_receipt,episode_attempt_1a555356de951babde7b,e49cb728da813e817a8f6c39ba175af1166b9a63a1b37e276cf9ac88b38a83df,true
result_7e0bfea28b36006b2400b5b7,runplan_668033750157196d,cell_e173f18d923a8f990530,housing_v1__experiment__000007,housing_v1,housing_controlled_model_landlords_experiment,episode_attempt_1a555356de951babde7b,e49cb728da813e817a8f6c39ba175af1166b9a63a1b37e276cf9ac88b38a83df,included,housing_social_welfare_leaf,1.0.0,social_welfare,1.0.0,capture,tenant_3,tenant_3,0.0,utility_points,"{""disagreement_utility"":0.0}",ok,valid,[],"[""event_00000255""]",evaluation_receipt,episode_attempt_1a555356de951babde7b,e49cb728da813e817a8f6c39ba175af1166b9a63a1b37e276cf9ac88b38a83df,true
result_615c5420a371d2744a273b3b,runplan_668033750157196d,cell_e173f18d923a8f990530,housing_v1__experiment__000007,housing_v1,housing_controlled_model_landlords_experiment,episode_attempt_1a555356de951babde7b,e49cb728da813e817a8f6c39ba175af1166b9a63a1b37e276cf9ac88b38a83df,included,housing_social_welfare_leaf,1.0.0,social_welfare,1.0.0,capture,tenant_4,tenant_4,0.0,utility_points,"{""disagreement_utility"":0.0}",ok,valid,[],"[""event_00000255""]",evaluation_receipt,episode_attempt_1a555356de951babde7b,e49cb728da813e817a8f6c39ba175af1166b9a63a1b37e276cf9ac88b38a83df,true
result_bb8b6abfcebbaaba2521f21c,runplan_668033750157196d,cell_e173f18d923a8f990530,housing_v1__experiment__000007,housing_v1,housing_controlled_model_landlords_experiment,episode_attempt_1a555356de951babde7b,e49cb728da813e817a8f6c39ba175af1166b9a63a1b37e276cf9ac88b38a83df,included,housing_social_welfare_leaf,1.0.0,social_welfare,1.0.0,capture,tenant_5,tenant_5,14.64,utility_points,"{""disagreement_utility"":0.0}",ok,valid,[],"[""event_00000255""]",evaluation_receipt,episode_attempt_1a555356de951babde7b,e49cb728da813e817a8f6c39ba175af1166b9a63a1b37e276cf9ac88b38a83df,true
result_d882603825914a6adb3e2c40,runplan_668033750157196d,cell_e6dccb1e1675aaee7362,housing_v1__experiment__000003,housing_v1,housing_controlled_model_landlords_experiment,episode_attempt_eb772cbb070fc0fd5a0a,92419120be6ab1c2efc451bbbbe9ddcd63c7c77b5ca9dec138bb56d0c3f9b343,included,housing_social_welfare_leaf,1.0.0,social_welfare,1.0.0,primary,social_welfare,,735.2,utility_points,{},ok,valid,[],"[""event_00000255""]",evaluation_receipt,episode_attempt_eb772cbb070fc0fd5a0a,92419120be6ab1c2efc451bbbbe9ddcd63c7c77b5ca9dec138bb56d0c3f9b343,true
result_0e58fc6dbeb07078272274fe,runplan_668033750157196d,cell_e6dccb1e1675aaee7362,housing_v1__experiment__000003,housing_v1,housing_controlled_model_landlords_experiment,episode_attempt_eb772cbb070fc0fd5a0a,92419120be6ab1c2efc451bbbbe9ddcd63c7c77b5ca9dec138bb56d0c3f9b343,included,housing_social_welfare_leaf,1.0.0,social_welfare,1.0.0,metric,comparison_baseline_gap,,-51.83999999999992,utility_points,{},ok,valid,[],"[""event_00000255""]",evaluation_receipt,episode_attempt_eb772cbb070fc0fd5a0a,92419120be6ab1c2efc451bbbbe9ddcd63c7c77b5ca9dec138bb56d0c3f9b343,true
result_fe5b730ae17cc6d3e19ad475,runplan_668033750157196d,cell_e6dccb1e1675aaee7362,housing_v1__experiment__000003,housing_v1,housing_controlled_model_landlords_experiment,episode_attempt_eb772cbb070fc0fd5a0a,92419120be6ab1c2efc451bbbbe9ddcd63c7c77b5ca9dec138bb56d0c3f9b343,included,housing_social_welfare_leaf,1.0.0,social_welfare,1.0.0,metric,ir_violation_count,,0.0,count,{},ok,valid,[],"[""event_00000255""]",evaluation_receipt,episode_attempt_eb772cbb070fc0fd5a0a,92419120be6ab1c2efc451bbbbe9ddcd63c7c77b5ca9dec138bb56d0c3f9b343,true
result_bcd2a8b47ca20ada346f5b0b,runplan_668033750157196d,cell_e6dccb1e1675aaee7362,housing_v1__experiment__000003,housing_v1,housing_controlled_model_landlords_experiment,episode_attempt_eb772cbb070fc0fd5a0a,92419120be6ab1c2efc451bbbbe9ddcd63c7c77b5ca9dec138bb56d0c3f9b343,included,housing_social_welfare_leaf,1.0.0,social_welfare,1.0.0,metric,social_welfare,,735.2,utility_points,{},ok,valid,[],"[""event_00000255""]",evaluation_receipt,episode_attempt_eb772cbb070fc0fd5a0a,92419120be6ab1c2efc451bbbbe9ddcd63c7c77b5ca9dec138bb56d0c3f9b343,true
result_b760695b77ce67f9e816a995,runplan_668033750157196d,cell_e6dccb1e1675aaee7362,housing_v1__experiment__000003,housing_v1,housing_controlled_model_landlords_experiment,episode_attempt_eb772cbb070fc0fd5a0a,92419120be6ab1c2efc451bbbbe9ddcd63c7c77b5ca9dec138bb56d0c3f9b343,included,housing_social_welfare_leaf,1.0.0,social_welfare,1.0.0,metric,upper_bound_gap,,263.03999999999996,utility_points,{},ok,valid,[],"[""event_00000255""]",evaluation_receipt,episode_attempt_eb772cbb070fc0fd5a0a,92419120be6ab1c2efc451bbbbe9ddcd63c7c77b5ca9dec138bb56d0c3f9b343,true
result_d5fd628557ce03c519580d5f,runplan_668033750157196d,cell_e6dccb1e1675aaee7362,housing_v1__experiment__000003,housing_v1,housing_controlled_model_landlords_experiment,episode_attempt_eb772cbb070fc0fd5a0a,92419120be6ab1c2efc451bbbbe9ddcd63c7c77b5ca9dec138bb56d0c3f9b343,included,housing_social_welfare_leaf,1.0.0,social_welfare,1.0.0,metric,wasted_contacts,,9.0,count,{},ok,valid,[],"[""event_00000255""]",evaluation_receipt,episode_attempt_eb772cbb070fc0fd5a0a,92419120be6ab1c2efc451bbbbe9ddcd63c7c77b5ca9dec138bb56d0c3f9b343,true
result_95ee9faee5abfae993036814,runplan_668033750157196d,cell_e6dccb1e1675aaee7362,housing_v1__experiment__000003,housing_v1,housing_controlled_model_landlords_experiment,episode_attempt_eb772cbb070fc0fd5a0a,92419120be6ab1c2efc451bbbbe9ddcd63c7c77b5ca9dec138bb56d0c3f9b343,included,housing_social_welfare_leaf,1.0.0,social_welfare,1.0.0,metric,within_case_score,,0.7364962333707326,ratio,{},ok,valid,[],"[""event_00000255""]",evaluation_receipt,episode_attempt_eb772cbb070fc0fd5a0a,92419120be6ab1c2efc451bbbbe9ddcd63c7c77b5ca9dec138bb56d0c3f9b343,true
result_38f7696e6018d6037419d3c6,runplan_668033750157196d,cell_e6dccb1e1675aaee7362,housing_v1__experiment__000003,housing_v1,housing_controlled_model_landlords_experiment,episode_attempt_eb772cbb070fc0fd5a0a,92419120be6ab1c2efc451bbbbe9ddcd63c7c77b5ca9dec138bb56d0c3f9b343,included,housing_social_welfare_leaf,1.0.0,social_welfare,1.0.0,reference,comparison_baseline,,787.04,utility_points,"{""policy"":""naive"",""reference_kind"":""comparison_baseline""}",ok,valid,[],"[""event_00000255""]",evaluation_receipt,episode_attempt_eb772cbb070fc0fd5a0a,92419120be6ab1c2efc451bbbbe9ddcd63c7c77b5ca9dec138bb56d0c3f9b343,true
result_346b6f041a8cbb1f46baceaa,runplan_668033750157196d,cell_e6dccb1e1675aaee7362,housing_v1__experiment__000003,housing_v1,housing_controlled_model_landlords_experiment,episode_attempt_eb772cbb070fc0fd5a0a,92419120be6ab1c2efc451bbbbe9ddcd63c7c77b5ca9dec138bb56d0c3f9b343,included,housing_social_welfare_leaf,1.0.0,social_welfare,1.0.0,reference,optimum_lower_bound,,0.0,utility_points,"{""policy"":""do_nothing"",""reference_kind"":""objective_lower_bound""}",ok,valid,[],"[""event_00000255""]",evaluation_receipt,episode_attempt_eb772cbb070fc0fd5a0a,92419120be6ab1c2efc451bbbbe9ddcd63c7c77b5ca9dec138bb56d0c3f9b343,true
result_04f8308556147288fa5513cc,runplan_668033750157196d,cell_e6dccb1e1675aaee7362,housing_v1__experiment__000003,housing_v1,housing_controlled_model_landlords_experiment,episode_attempt_eb772cbb070fc0fd5a0a,92419120be6ab1c2efc451bbbbe9ddcd63c7c77b5ca9dec138bb56d0c3f9b343,included,housing_social_welfare_leaf,1.0.0,social_welfare,1.0.0,reference,optimum_upper_bound,,998.24,utility_points,"{""reference_kind"":""objective_upper_bound"",""semantics"":""full_information_allocation_relaxation""}",ok,valid,[],"[""event_00000255""]",evaluation_receipt,episode_attempt_eb772cbb070fc0fd5a0a,92419120be6ab1c2efc451bbbbe9ddcd63c7c77b5ca9dec138bb56d0c3f9b343,true
result_7f5ce92f7194645bc3ce4178,runplan_668033750157196d,cell_e6dccb1e1675aaee7362,housing_v1__experiment__000003,housing_v1,housing_controlled_model_landlords_experiment,episode_attempt_eb772cbb070fc0fd5a0a,92419120be6ab1c2efc451bbbbe9ddcd63c7c77b5ca9dec138bb56d0c3f9b343,included,housing_social_welfare_leaf,1.0.0,social_welfare,1.0.0,utility,landlord_0,landlord_0,91.85,utility_points,"{""disagreement_utility"":0.0}",ok,valid,[],"[""event_00000255""]",evaluation_receipt,episode_attempt_eb772cbb070fc0fd5a0a,92419120be6ab1c2efc451bbbbe9ddcd63c7c77b5ca9dec138bb56d0c3f9b343,true
result_ac6a996620278e607b85a6aa,runplan_668033750157196d,cell_e6dccb1e1675aaee7362,housing_v1__experiment__000003,housing_v1,housing_controlled_model_landlords_experiment,episode_attempt_eb772cbb070fc0fd5a0a,92419120be6ab1c2efc451bbbbe9ddcd63c7c77b5ca9dec138bb56d0c3f9b343,included,housing_social_welfare_leaf,1.0.0,social_welfare,1.0.0,utility,landlord_1,landlord_1,0.0,utility_points,"{""disagreement_utility"":0.0}",ok,valid,[],"[""event_00000255""]",evaluation_receipt,episode_attempt_eb772cbb070fc0fd5a0a,92419120be6ab1c2efc451bbbbe9ddcd63c7c77b5ca9dec138bb56d0c3f9b343,true
result_d3324cbecaa05b04055ac3c7,runplan_668033750157196d,cell_e6dccb1e1675aaee7362,housing_v1__experiment__000003,housing_v1,housing_controlled_model_landlords_experiment,episode_attempt_eb772cbb070fc0fd5a0a,92419120be6ab1c2efc451bbbbe9ddcd63c7c77b5ca9dec138bb56d0c3f9b343,included,housing_social_welfare_leaf,1.0.0,social_welfare,1.0.0,utility,landlord_2,landlord_2,0.0,utility_points,"{""disagreement_utility"":0.0}",ok,valid,[],"[""event_00000255""]",evaluation_receipt,episode_attempt_eb772cbb070fc0fd5a0a,92419120be6ab1c2efc451bbbbe9ddcd63c7c77b5ca9dec138bb56d0c3f9b343,true
result_902a482b285d99a07eea9923,runplan_668033750157196d,cell_e6dccb1e1675aaee7362,housing_v1__experiment__000003,housing_v1,housing_controlled_model_landlords_experiment,episode_attempt_eb772cbb070fc0fd5a0a,92419120be6ab1c2efc451bbbbe9ddcd63c7c77b5ca9dec138bb56d0c3f9b343,included,housing_social_welfare_leaf,1.0.0,social_welfare,1.0.0,utility,landlord_3,landlord_3,54.11,utility_points,"{""disagreement_utility"":0.0}",ok,valid,[],"[""event_00000255""]",evaluation_receipt,episode_attempt_eb772cbb070fc0fd5a0a,92419120be6ab1c2efc451bbbbe9ddcd63c7c77b5ca9dec138bb56d0c3f9b343,true
result_7bfdca4292551ee514611b84,runplan_668033750157196d,cell_e6dccb1e1675aaee7362,housing_v1__experiment__000003,housing_v1,housing_controlled_model_landlords_experiment,episode_attempt_eb772cbb070fc0fd5a0a,92419120be6ab1c2efc451bbbbe9ddcd63c7c77b5ca9dec138bb56d0c3f9b343,included,housing_social_welfare_leaf,1.0.0,social_welfare,1.0.0,utility,tenant_0,tenant_0,400.28,utility_points,"{""disagreement_utility"":0.0}",ok,valid,[],"[""event_00000255""]",evaluation_receipt,episode_attempt_eb772cbb070fc0fd5a0a,92419120be6ab1c2efc451bbbbe9ddcd63c7c77b5ca9dec138bb56d0c3f9b343,true
result_799195cf39a4bf7717139746,runplan_668033750157196d,cell_e6dccb1e1675aaee7362,housing_v1__experiment__000003,housing_v1,housing_controlled_model_landlords_experiment,episode_attempt_eb772cbb070fc0fd5a0a,92419120be6ab1c2efc451bbbbe9ddcd63c7c77b5ca9dec138bb56d0c3f9b343,included,housing_social_welfare_leaf,1.0.0,social_welfare,1.0.0,utility,tenant_1,tenant_1,0.0,utility_points,"{""disagreement_utility"":0.0}",ok,valid,[],"[""event_00000255""]",evaluation_receipt,episode_attempt_eb772cbb070fc0fd5a0a,92419120be6ab1c2efc451bbbbe9ddcd63c7c77b5ca9dec138bb56d0c3f9b343,true
result_e0545157dc4590edd0a6366a,runplan_668033750157196d,cell_e6dccb1e1675aaee7362,housing_v1__experiment__000003,housing_v1,housing_controlled_model_landlords_experiment,episode_attempt_eb772cbb070fc0fd5a0a,92419120be6ab1c2efc451bbbbe9ddcd63c7c77b5ca9dec138bb56d0c3f9b343,included,housing_social_welfare_leaf,1.0.0,social_welfare,1.0.0,utility,tenant_2,tenant_2,188.96,utility_points,"{""disagreement_utility"":0.0}",ok,valid,[],"[""event_00000255""]",evaluation_receipt,episode_attempt_eb772cbb070fc0fd5a0a,92419120be6ab1c2efc451bbbbe9ddcd63c7c77b5ca9dec138bb56d0c3f9b343,true
result_79650c6f56cf5192924d6775,runplan_668033750157196d,cell_e6dccb1e1675aaee7362,housing_v1__experiment__000003,housing_v1,housing_controlled_model_landlords_experiment,episode_attempt_eb772cbb070fc0fd5a0a,92419120be6ab1c2efc451bbbbe9ddcd63c7c77b5ca9dec138bb56d0c3f9b343,included,housing_social_welfare_leaf,1.0.0,social_welfare,1.0.0,utility,tenant_3,tenant_3,0.0,utility_points,"{""disagreement_utility"":0.0}",ok,valid,[],"[""event_00000255""]",evaluation_receipt,episode_attempt_eb772cbb070fc0fd5a0a,92419120be6ab1c2efc451bbbbe9ddcd63c7c77b5ca9dec138bb56d0c3f9b343,true
result_2126cb695348d9621d895d5d,runplan_668033750157196d,cell_e6dccb1e1675aaee7362,housing_v1__experiment__000003,housing_v1,housing_controlled_model_landlords_experiment,episode_attempt_eb772cbb070fc0fd5a0a,92419120be6ab1c2efc451bbbbe9ddcd63c7c77b5ca9dec138bb56d0c3f9b343,included,housing_social_welfare_leaf,1.0.0,social_welfare,1.0.0,utility,tenant_4,tenant_4,0.0,utility_points,"{""disagreement_utility"":0.0}",ok,valid,[],"[""event_00000255""]",evaluation_receipt,episode_attempt_eb772cbb070fc0fd5a0a,92419120be6ab1c2efc451bbbbe9ddcd63c7c77b5ca9dec138bb56d0c3f9b343,true
result_76f95d89ede3678e290132bc,runplan_668033750157196d,cell_e6dccb1e1675aaee7362,housing_v1__experiment__000003,housing_v1,housing_controlled_model_landlords_experiment,episode_attempt_eb772cbb070fc0fd5a0a,92419120be6ab1c2efc451bbbbe9ddcd63c7c77b5ca9dec138bb56d0c3f9b343,included,housing_social_welfare_leaf,1.0.0,social_welfare,1.0.0,utility,tenant_5,tenant_5,0.0,utility_points,"{""disagreement_utility"":0.0}",ok,valid,[],"[""event_00000255""]",evaluation_receipt,episode_attempt_eb772cbb070fc0fd5a0a,92419120be6ab1c2efc451bbbbe9ddcd63c7c77b5ca9dec138bb56d0c3f9b343,true
result_b83550c0f4c2543d3e7729f5,runplan_668033750157196d,cell_e6dccb1e1675aaee7362,housing_v1__experiment__000003,housing_v1,housing_controlled_model_landlords_experiment,episode_attempt_eb772cbb070fc0fd5a0a,92419120be6ab1c2efc451bbbbe9ddcd63c7c77b5ca9dec138bb56d0c3f9b343,included,housing_social_welfare_leaf,1.0.0,social_welfare,1.0.0,capture,landlord_0,landlord_0,91.85,utility_points,"{""disagreement_utility"":0.0}",ok,valid,[],"[""event_00000255""]",evaluation_receipt,episode_attempt_eb772cbb070fc0fd5a0a,92419120be6ab1c2efc451bbbbe9ddcd63c7c77b5ca9dec138bb56d0c3f9b343,true
result_eda361fdf204cd93596453db,runplan_668033750157196d,cell_e6dccb1e1675aaee7362,housing_v1__experiment__000003,housing_v1,housing_controlled_model_landlords_experiment,episode_attempt_eb772cbb070fc0fd5a0a,92419120be6ab1c2efc451bbbbe9ddcd63c7c77b5ca9dec138bb56d0c3f9b343,included,housing_social_welfare_leaf,1.0.0,social_welfare,1.0.0,capture,landlord_1,landlord_1,0.0,utility_points,"{""disagreement_utility"":0.0}",ok,valid,[],"[""event_00000255""]",evaluation_receipt,episode_attempt_eb772cbb070fc0fd5a0a,92419120be6ab1c2efc451bbbbe9ddcd63c7c77b5ca9dec138bb56d0c3f9b343,true
result_c327ed19eae9a816475b72b5,runplan_668033750157196d,cell_e6dccb1e1675aaee7362,housing_v1__experiment__000003,housing_v1,housing_controlled_model_landlords_experiment,episode_attempt_eb772cbb070fc0fd5a0a,92419120be6ab1c2efc451bbbbe9ddcd63c7c77b5ca9dec138bb56d0c3f9b343,included,housing_social_welfare_leaf,1.0.0,social_welfare,1.0.0,capture,landlord_2,landlord_2,0.0,utility_points,"{""disagreement_utility"":0.0}",ok,valid,[],"[""event_00000255""]",evaluation_receipt,episode_attempt_eb772cbb070fc0fd5a0a,92419120be6ab1c2efc451bbbbe9ddcd63c7c77b5ca9dec138bb56d0c3f9b343,true
result_cc988239aae948920b6bcde2,runplan_668033750157196d,cell_e6dccb1e1675aaee7362,housing_v1__experiment__000003,housing_v1,housing_controlled_model_landlords_experiment,episode_attempt_eb772cbb070fc0fd5a0a,92419120be6ab1c2efc451bbbbe9ddcd63c7c77b5ca9dec138bb56d0c3f9b343,included,housing_social_welfare_leaf,1.0.0,social_welfare,1.0.0,capture,landlord_3,landlord_3,54.11,utility_points,"{""disagreement_utility"":0.0}",ok,valid,[],"[""event_00000255""]",evaluation_receipt,episode_attempt_eb772cbb070fc0fd5a0a,92419120be6ab1c2efc451bbbbe9ddcd63c7c77b5ca9dec138bb56d0c3f9b343,true
result_983f4714691ab23a23690c59,runplan_668033750157196d,cell_e6dccb1e1675aaee7362,housing_v1__experiment__000003,housing_v1,housing_controlled_model_landlords_experiment,episode_attempt_eb772cbb070fc0fd5a0a,92419120be6ab1c2efc451bbbbe9ddcd63c7c77b5ca9dec138bb56d0c3f9b343,included,housing_social_welfare_leaf,1.0.0,social_welfare,1.0.0,capture,tenant_0,tenant_0,400.28,utility_points,"{""disagreement_utility"":0.0}",ok,valid,[],"[""event_00000255""]",evaluation_receipt,episode_attempt_eb772cbb070fc0fd5a0a,92419120be6ab1c2efc451bbbbe9ddcd63c7c77b5ca9dec138bb56d0c3f9b343,true
result_b97f5f472e35d0dc46872ba4,runplan_668033750157196d,cell_e6dccb1e1675aaee7362,housing_v1__experiment__000003,housing_v1,housing_controlled_model_landlords_experiment,episode_attempt_eb772cbb070fc0fd5a0a,92419120be6ab1c2efc451bbbbe9ddcd63c7c77b5ca9dec138bb56d0c3f9b343,included,housing_social_welfare_leaf,1.0.0,social_welfare,1.0.0,capture,tenant_1,tenant_1,0.0,utility_points,"{""disagreement_utility"":0.0}",ok,valid,[],"[""event_00000255""]",evaluation_receipt,episode_attempt_eb772cbb070fc0fd5a0a,92419120be6ab1c2efc451bbbbe9ddcd63c7c77b5ca9dec138bb56d0c3f9b343,true
result_9a958a5a5303f6576efecc83,runplan_668033750157196d,cell_e6dccb1e1675aaee7362,housing_v1__experiment__000003,housing_v1,housing_controlled_model_landlords_experiment,episode_attempt_eb772cbb070fc0fd5a0a,92419120be6ab1c2efc451bbbbe9ddcd63c7c77b5ca9dec138bb56d0c3f9b343,included,housing_social_welfare_leaf,1.0.0,social_welfare,1.0.0,capture,tenant_2,tenant_2,188.96,utility_points,"{""disagreement_utility"":0.0}",ok,valid,[],"[""event_00000255""]",evaluation_receipt,episode_attempt_eb772cbb070fc0fd5a0a,92419120be6ab1c2efc451bbbbe9ddcd63c7c77b5ca9dec138bb56d0c3f9b343,true
result_183b006797d5064e3d27b25a,runplan_668033750157196d,cell_e6dccb1e1675aaee7362,housing_v1__experiment__000003,housing_v1,housing_controlled_model_landlords_experiment,episode_attempt_eb772cbb070fc0fd5a0a,92419120be6ab1c2efc451bbbbe9ddcd63c7c77b5ca9dec138bb56d0c3f9b343,included,housing_social_welfare_leaf,1.0.0,social_welfare,1.0.0,capture,tenant_3,tenant_3,0.0,utility_points,"{""disagreement_utility"":0.0}",ok,valid,[],"[""event_00000255""]",evaluation_receipt,episode_attempt_eb772cbb070fc0fd5a0a,92419120be6ab1c2efc451bbbbe9ddcd63c7c77b5ca9dec138bb56d0c3f9b343,true
result_be6fbf6abe69fdb4faba4fc0,runplan_668033750157196d,cell_e6dccb1e1675aaee7362,housing_v1__experiment__000003,housing_v1,housing_controlled_model_landlords_experiment,episode_attempt_eb772cbb070fc0fd5a0a,92419120be6ab1c2efc451bbbbe9ddcd63c7c77b5ca9dec138bb56d0c3f9b343,included,housing_social_welfare_leaf,1.0.0,social_welfare,1.0.0,capture,tenant_4,tenant_4,0.0,utility_points,"{""disagreement_utility"":0.0}",ok,valid,[],"[""event_00000255""]",evaluation_receipt,episode_attempt_eb772cbb070fc0fd5a0a,92419120be6ab1c2efc451bbbbe9ddcd63c7c77b5ca9dec138bb56d0c3f9b343,true
result_77e349254bcc28e37d102c47,runplan_668033750157196d,cell_e6dccb1e1675aaee7362,housing_v1__experiment__000003,housing_v1,housing_controlled_model_landlords_experiment,episode_attempt_eb772cbb070fc0fd5a0a,92419120be6ab1c2efc451bbbbe9ddcd63c7c77b5ca9dec138bb56d0c3f9b343,included,housing_social_welfare_leaf,1.0.0,social_welfare,1.0.0,capture,tenant_5,tenant_5,0.0,utility_points,"{""disagreement_utility"":0.0}",ok,valid,[],"[""event_00000255""]",evaluation_receipt,episode_attempt_eb772cbb070fc0fd5a0a,92419120be6ab1c2efc451bbbbe9ddcd63c7c77b5ca9dec138bb56d0c3f9b343,true
result_d8377e8797777ff31c0d1805,runplan_668033750157196d,cell_ff547b1db7cce960ccd8,housing_v1__experiment__000003,housing_v1,housing_controlled_model_landlords_experiment,episode_attempt_a75c6d14e1c6c0375497,c3ce4d90a1658e304ada8949d6783ee4cf500add954b2bdf152f64cb1e3079ae,included,housing_social_welfare_leaf,1.0.0,social_welfare,1.0.0,primary,social_welfare,,785.05,utility_points,{},ok,valid,[],"[""event_00000251""]",evaluation_receipt,episode_attempt_a75c6d14e1c6c0375497,c3ce4d90a1658e304ada8949d6783ee4cf500add954b2bdf152f64cb1e3079ae,true
result_cb94291503f15bba210d7bcd,runplan_668033750157196d,cell_ff547b1db7cce960ccd8,housing_v1__experiment__000003,housing_v1,housing_controlled_model_landlords_experiment,episode_attempt_a75c6d14e1c6c0375497,c3ce4d90a1658e304ada8949d6783ee4cf500add954b2bdf152f64cb1e3079ae,included,housing_social_welfare_leaf,1.0.0,social_welfare,1.0.0,metric,comparison_baseline_gap,,-1.990000000000009,utility_points,{},ok,valid,[],"[""event_00000251""]",evaluation_receipt,episode_attempt_a75c6d14e1c6c0375497,c3ce4d90a1658e304ada8949d6783ee4cf500add954b2bdf152f64cb1e3079ae,true
result_651cbaff7a7204bdc299305f,runplan_668033750157196d,cell_ff547b1db7cce960ccd8,housing_v1__experiment__000003,housing_v1,housing_controlled_model_landlords_experiment,episode_attempt_a75c6d14e1c6c0375497,c3ce4d90a1658e304ada8949d6783ee4cf500add954b2bdf152f64cb1e3079ae,included,housing_social_welfare_leaf,1.0.0,social_welfare,1.0.0,metric,ir_violation_count,,0.0,count,{},ok,valid,[],"[""event_00000251""]",evaluation_receipt,episode_attempt_a75c6d14e1c6c0375497,c3ce4d90a1658e304ada8949d6783ee4cf500add954b2bdf152f64cb1e3079ae,true
result_e55fa17697e2441f272261f5,runplan_668033750157196d,cell_ff547b1db7cce960ccd8,housing_v1__experiment__000003,housing_v1,housing_controlled_model_landlords_experiment,episode_attempt_a75c6d14e1c6c0375497,c3ce4d90a1658e304ada8949d6783ee4cf500add954b2bdf152f64cb1e3079ae,included,housing_social_welfare_leaf,1.0.0,social_welfare,1.0.0,metric,social_welfare,,785.05,utility_points,{},ok,valid,[],"[""event_00000251""]",evaluation_receipt,episode_attempt_a75c6d14e1c6c0375497,c3ce4d90a1658e304ada8949d6783ee4cf500add954b2bdf152f64cb1e3079ae,true
result_5a1bdad5acc3aee395d9b541,runplan_668033750157196d,cell_ff547b1db7cce960ccd8,housing_v1__experiment__000003,housing_v1,housing_controlled_model_landlords_experiment,episode_attempt_a75c6d14e1c6c0375497,c3ce4d90a1658e304ada8949d6783ee4cf500add954b2bdf152f64cb1e3079ae,included,housing_social_welfare_leaf,1.0.0,social_welfare,1.0.0,metric,upper_bound_gap,,213.19000000000005,utility_points,{},ok,valid,[],"[""event_00000251""]",evaluation_receipt,episode_attempt_a75c6d14e1c6c0375497,c3ce4d90a1658e304ada8949d6783ee4cf500add954b2bdf152f64cb1e3079ae,true
result_85bdd48b697f5bf7a2a1ed0a,runplan_668033750157196d,cell_ff547b1db7cce960ccd8,housing_v1__experiment__000003,housing_v1,housing_controlled_model_landlords_experiment,episode_attempt_a75c6d14e1c6c0375497,c3ce4d90a1658e304ada8949d6783ee4cf500add954b2bdf152f64cb1e3079ae,included,housing_social_welfare_leaf,1.0.0,social_welfare,1.0.0,metric,wasted_contacts,,9.0,count,{},ok,valid,[],"[""event_00000251""]",evaluation_receipt,episode_attempt_a75c6d14e1c6c0375497,c3ce4d90a1658e304ada8949d6783ee4cf500add954b2bdf152f64cb1e3079ae,true
result_7aa1384487d39721f3f3ca19,runplan_668033750157196d,cell_ff547b1db7cce960ccd8,housing_v1__experiment__000003,housing_v1,housing_controlled_model_landlords_experiment,episode_attempt_a75c6d14e1c6c0375497,c3ce4d90a1658e304ada8949d6783ee4cf500add954b2bdf152f64cb1e3079ae,included,housing_social_welfare_leaf,1.0.0,social_welfare,1.0.0,metric,within_case_score,,0.7864341240583427,ratio,{},ok,valid,[],"[""event_00000251""]",evaluation_receipt,episode_attempt_a75c6d14e1c6c0375497,c3ce4d90a1658e304ada8949d6783ee4cf500add954b2bdf152f64cb1e3079ae,true
result_46dd31cc878a79106b12b89d,runplan_668033750157196d,cell_ff547b1db7cce960ccd8,housing_v1__experiment__000003,housing_v1,housing_controlled_model_landlords_experiment,episode_attempt_a75c6d14e1c6c0375497,c3ce4d90a1658e304ada8949d6783ee4cf500add954b2bdf152f64cb1e3079ae,included,housing_social_welfare_leaf,1.0.0,social_welfare,1.0.0,reference,comparison_baseline,,787.04,utility_points,"{""policy"":""naive"",""reference_kind"":""comparison_baseline""}",ok,valid,[],"[""event_00000251""]",evaluation_receipt,episode_attempt_a75c6d14e1c6c0375497,c3ce4d90a1658e304ada8949d6783ee4cf500add954b2bdf152f64cb1e3079ae,true
result_cb31b9bab86ba38488046627,runplan_668033750157196d,cell_ff547b1db7cce960ccd8,housing_v1__experiment__000003,housing_v1,housing_controlled_model_landlords_experiment,episode_attempt_a75c6d14e1c6c0375497,c3ce4d90a1658e304ada8949d6783ee4cf500add954b2bdf152f64cb1e3079ae,included,housing_social_welfare_leaf,1.0.0,social_welfare,1.0.0,reference,optimum_lower_bound,,0.0,utility_points,"{""policy"":""do_nothing"",""reference_kind"":""objective_lower_bound""}",ok,valid,[],"[""event_00000251""]",evaluation_receipt,episode_attempt_a75c6d14e1c6c0375497,c3ce4d90a1658e304ada8949d6783ee4cf500add954b2bdf152f64cb1e3079ae,true
result_2f4cf7c7cb2038a6090ef49b,runplan_668033750157196d,cell_ff547b1db7cce960ccd8,housing_v1__experiment__000003,housing_v1,housing_controlled_model_landlords_experiment,episode_attempt_a75c6d14e1c6c0375497,c3ce4d90a1658e304ada8949d6783ee4cf500add954b2bdf152f64cb1e3079ae,included,housing_social_welfare_leaf,1.0.0,social_welfare,1.0.0,reference,optimum_upper_bound,,998.24,utility_points,"{""reference_kind"":""objective_upper_bound"",""semantics"":""full_information_allocation_relaxation""}",ok,valid,[],"[""event_00000251""]",evaluation_receipt,episode_attempt_a75c6d14e1c6c0375497,c3ce4d90a1658e304ada8949d6783ee4cf500add954b2bdf152f64cb1e3079ae,true
result_7f6ef5be0ff49b948803e7b5,runplan_668033750157196d,cell_ff547b1db7cce960ccd8,housing_v1__experiment__000003,housing_v1,housing_controlled_model_landlords_experiment,episode_attempt_a75c6d14e1c6c0375497,c3ce4d90a1658e304ada8949d6783ee4cf500add954b2bdf152f64cb1e3079ae,included,housing_social_welfare_leaf,1.0.0,social_welfare,1.0.0,utility,landlord_0,landlord_0,191.85,utility_points,"{""disagreement_utility"":0.0}",ok,valid,[],"[""event_00000251""]",evaluation_receipt,episode_attempt_a75c6d14e1c6c0375497,c3ce4d90a1658e304ada8949d6783ee4cf500add954b2bdf152f64cb1e3079ae,true
result_4995fac95f028ca2e66437b2,runplan_668033750157196d,cell_ff547b1db7cce960ccd8,housing_v1__experiment__000003,housing_v1,housing_controlled_model_landlords_experiment,episode_attempt_a75c6d14e1c6c0375497,c3ce4d90a1658e304ada8949d6783ee4cf500add954b2bdf152f64cb1e3079ae,included,housing_social_welfare_leaf,1.0.0,social_welfare,1.0.0,utility,landlord_1,landlord_1,0.0,utility_points,"{""disagreement_utility"":0.0}",ok,valid,[],"[""event_00000251""]",evaluation_receipt,episode_attempt_a75c6d14e1c6c0375497,c3ce4d90a1658e304ada8949d6783ee4cf500add954b2bdf152f64cb1e3079ae,true
result_41fc82b668398f2e49bd0f93,runplan_668033750157196d,cell_ff547b1db7cce960ccd8,housing_v1__experiment__000003,housing_v1,housing_controlled_model_landlords_experiment,episode_attempt_a75c6d14e1c6c0375497,c3ce4d90a1658e304ada8949d6783ee4cf500add954b2bdf152f64cb1e3079ae,included,housing_social_welfare_leaf,1.0.0,social_welfare,1.0.0,utility,landlord_2,landlord_2,0.0,utility_points,"{""disagreement_utility"":0.0}",ok,valid,[],"[""event_00000251""]",evaluation_receipt,episode_attempt_a75c6d14e1c6c0375497,c3ce4d90a1658e304ada8949d6783ee4cf500add954b2bdf152f64cb1e3079ae,true
result_d5cbda1688e2e323a6dd8a88,runplan_668033750157196d,cell_ff547b1db7cce960ccd8,housing_v1__experiment__000003,housing_v1,housing_controlled_model_landlords_experiment,episode_attempt_a75c6d14e1c6c0375497,c3ce4d90a1658e304ada8949d6783ee4cf500add954b2bdf152f64cb1e3079ae,included,housing_social_welfare_leaf,1.0.0,social_welfare,1.0.0,utility,landlord_3,landlord_3,54.11,utility_points,"{""disagreement_utility"":0.0}",ok,valid,[],"[""event_00000251""]",evaluation_receipt,episode_attempt_a75c6d14e1c6c0375497,c3ce4d90a1658e304ada8949d6783ee4cf500add954b2bdf152f64cb1e3079ae,true
result_4b84dbb02f5d6ea36df51b36,runplan_668033750157196d,cell_ff547b1db7cce960ccd8,housing_v1__experiment__000003,housing_v1,housing_controlled_model_landlords_experiment,episode_attempt_a75c6d14e1c6c0375497,c3ce4d90a1658e304ada8949d6783ee4cf500add954b2bdf152f64cb1e3079ae,included,housing_social_welfare_leaf,1.0.0,social_welfare,1.0.0,utility,tenant_0,tenant_0,400.28,utility_points,"{""disagreement_utility"":0.0}",ok,valid,[],"[""event_00000251""]",evaluation_receipt,episode_attempt_a75c6d14e1c6c0375497,c3ce4d90a1658e304ada8949d6783ee4cf500add954b2bdf152f64cb1e3079ae,true
result_23ca6bd3f83646c4958f188f,runplan_668033750157196d,cell_ff547b1db7cce960ccd8,housing_v1__experiment__000003,housing_v1,housing_controlled_model_landlords_experiment,episode_attempt_a75c6d14e1c6c0375497,c3ce4d90a1658e304ada8949d6783ee4cf500add954b2bdf152f64cb1e3079ae,included,housing_social_welfare_leaf,1.0.0,social_welfare,1.0.0,utility,tenant_1,tenant_1,0.0,utility_points,"{""disagreement_utility"":0.0}",ok,valid,[],"[""event_00000251""]",evaluation_receipt,episode_attempt_a75c6d14e1c6c0375497,c3ce4d90a1658e304ada8949d6783ee4cf500add954b2bdf152f64cb1e3079ae,true
result_a2977cbd3249db253f6a2199,runplan_668033750157196d,cell_ff547b1db7cce960ccd8,housing_v1__experiment__000003,housing_v1,housing_controlled_model_landlords_experiment,episode_attempt_a75c6d14e1c6c0375497,c3ce4d90a1658e304ada8949d6783ee4cf500add954b2bdf152f64cb1e3079ae,included,housing_social_welfare_leaf,1.0.0,social_welfare,1.0.0,utility,tenant_2,tenant_2,0.0,utility_points,"{""disagreement_utility"":0.0}",ok,valid,[],"[""event_00000251""]",evaluation_receipt,episode_attempt_a75c6d14e1c6c0375497,c3ce4d90a1658e304ada8949d6783ee4cf500add954b2bdf152f64cb1e3079ae,true
result_a3ad1c453d80097de00c888e,runplan_668033750157196d,cell_ff547b1db7cce960ccd8,housing_v1__experiment__000003,housing_v1,housing_controlled_model_landlords_experiment,episode_attempt_a75c6d14e1c6c0375497,c3ce4d90a1658e304ada8949d6783ee4cf500add954b2bdf152f64cb1e3079ae,included,housing_social_welfare_leaf,1.0.0,social_welfare,1.0.0,utility,tenant_3,tenant_3,0.0,utility_points,"{""disagreement_utility"":0.0}",ok,valid,[],"[""event_00000251""]",evaluation_receipt,episode_attempt_a75c6d14e1c6c0375497,c3ce4d90a1658e304ada8949d6783ee4cf500add954b2bdf152f64cb1e3079ae,true
result_ce22a83290561b7bfa1540b2,runplan_668033750157196d,cell_ff547b1db7cce960ccd8,housing_v1__experiment__000003,housing_v1,housing_controlled_model_landlords_experiment,episode_attempt_a75c6d14e1c6c0375497,c3ce4d90a1658e304ada8949d6783ee4cf500add954b2bdf152f64cb1e3079ae,included,housing_social_welfare_leaf,1.0.0,social_welfare,1.0.0,utility,tenant_4,tenant_4,0.0,utility_points,"{""disagreement_utility"":0.0}",ok,valid,[],"[""event_00000251""]",evaluation_receipt,episode_attempt_a75c6d14e1c6c0375497,c3ce4d90a1658e304ada8949d6783ee4cf500add954b2bdf152f64cb1e3079ae,true
result_d74754156c268d9401294ae0,runplan_668033750157196d,cell_ff547b1db7cce960ccd8,housing_v1__experiment__000003,housing_v1,housing_controlled_model_landlords_experiment,episode_attempt_a75c6d14e1c6c0375497,c3ce4d90a1658e304ada8949d6783ee4cf500add954b2bdf152f64cb1e3079ae,included,housing_social_welfare_leaf,1.0.0,social_welfare,1.0.0,utility,tenant_5,tenant_5,138.81,utility_points,"{""disagreement_utility"":0.0}",ok,valid,[],"[""event_00000251""]",evaluation_receipt,episode_attempt_a75c6d14e1c6c0375497,c3ce4d90a1658e304ada8949d6783ee4cf500add954b2bdf152f64cb1e3079ae,true
result_f5c870e4c6621971c44bcb6e,runplan_668033750157196d,cell_ff547b1db7cce960ccd8,housing_v1__experiment__000003,housing_v1,housing_controlled_model_landlords_experiment,episode_attempt_a75c6d14e1c6c0375497,c3ce4d90a1658e304ada8949d6783ee4cf500add954b2bdf152f64cb1e3079ae,included,housing_social_welfare_leaf,1.0.0,social_welfare,1.0.0,capture,landlord_0,landlord_0,191.85,utility_points,"{""disagreement_utility"":0.0}",ok,valid,[],"[""event_00000251""]",evaluation_receipt,episode_attempt_a75c6d14e1c6c0375497,c3ce4d90a1658e304ada8949d6783ee4cf500add954b2bdf152f64cb1e3079ae,true
result_45b55bcdb550254f1caf46ec,runplan_668033750157196d,cell_ff547b1db7cce960ccd8,housing_v1__experiment__000003,housing_v1,housing_controlled_model_landlords_experiment,episode_attempt_a75c6d14e1c6c0375497,c3ce4d90a1658e304ada8949d6783ee4cf500add954b2bdf152f64cb1e3079ae,included,housing_social_welfare_leaf,1.0.0,social_welfare,1.0.0,capture,landlord_1,landlord_1,0.0,utility_points,"{""disagreement_utility"":0.0}",ok,valid,[],"[""event_00000251""]",evaluation_receipt,episode_attempt_a75c6d14e1c6c0375497,c3ce4d90a1658e304ada8949d6783ee4cf500add954b2bdf152f64cb1e3079ae,true
result_927f544a7a5dd95d928cb8d0,runplan_668033750157196d,cell_ff547b1db7cce960ccd8,housing_v1__experiment__000003,housing_v1,housing_controlled_model_landlords_experiment,episode_attempt_a75c6d14e1c6c0375497,c3ce4d90a1658e304ada8949d6783ee4cf500add954b2bdf152f64cb1e3079ae,included,housing_social_welfare_leaf,1.0.0,social_welfare,1.0.0,capture,landlord_2,landlord_2,0.0,utility_points,"{""disagreement_utility"":0.0}",ok,valid,[],"[""event_00000251""]",evaluation_receipt,episode_attempt_a75c6d14e1c6c0375497,c3ce4d90a1658e304ada8949d6783ee4cf500add954b2bdf152f64cb1e3079ae,true
result_f400f99acddeacabfb29adf9,runplan_668033750157196d,cell_ff547b1db7cce960ccd8,housing_v1__experiment__000003,housing_v1,housing_controlled_model_landlords_experiment,episode_attempt_a75c6d14e1c6c0375497,c3ce4d90a1658e304ada8949d6783ee4cf500add954b2bdf152f64cb1e3079ae,included,housing_social_welfare_leaf,1.0.0,social_welfare,1.0.0,capture,landlord_3,landlord_3,54.11,utility_points,"{""disagreement_utility"":0.0}",ok,valid,[],"[""event_00000251""]",evaluation_receipt,episode_attempt_a75c6d14e1c6c0375497,c3ce4d90a1658e304ada8949d6783ee4cf500add954b2bdf152f64cb1e3079ae,true
result_5c6ea8db34d88fc7d3ce137f,runplan_668033750157196d,cell_ff547b1db7cce960ccd8,housing_v1__experiment__000003,housing_v1,housing_controlled_model_landlords_experiment,episode_attempt_a75c6d14e1c6c0375497,c3ce4d90a1658e304ada8949d6783ee4cf500add954b2bdf152f64cb1e3079ae,included,housing_social_welfare_leaf,1.0.0,social_welfare,1.0.0,capture,tenant_0,tenant_0,400.28,utility_points,"{""disagreement_utility"":0.0}",ok,valid,[],"[""event_00000251""]",evaluation_receipt,episode_attempt_a75c6d14e1c6c0375497,c3ce4d90a1658e304ada8949d6783ee4cf500add954b2bdf152f64cb1e3079ae,true
result_6007fcf66cead9c6a61c2755,runplan_668033750157196d,cell_ff547b1db7cce960ccd8,housing_v1__experiment__000003,housing_v1,housing_controlled_model_landlords_experiment,episode_attempt_a75c6d14e1c6c0375497,c3ce4d90a1658e304ada8949d6783ee4cf500add954b2bdf152f64cb1e3079ae,included,housing_social_welfare_leaf,1.0.0,social_welfare,1.0.0,capture,tenant_1,tenant_1,0.0,utility_points,"{""disagreement_utility"":0.0}",ok,valid,[],"[""event_00000251""]",evaluation_receipt,episode_attempt_a75c6d14e1c6c0375497,c3ce4d90a1658e304ada8949d6783ee4cf500add954b2bdf152f64cb1e3079ae,true
result_5df34c9a05a99eee736793b8,runplan_668033750157196d,cell_ff547b1db7cce960ccd8,housing_v1__experiment__000003,housing_v1,housing_controlled_model_landlords_experiment,episode_attempt_a75c6d14e1c6c0375497,c3ce4d90a1658e304ada8949d6783ee4cf500add954b2bdf152f64cb1e3079ae,included,housing_social_welfare_leaf,1.0.0,social_welfare,1.0.0,capture,tenant_2,tenant_2,0.0,utility_points,"{""disagreement_utility"":0.0}",ok,valid,[],"[""event_00000251""]",evaluation_receipt,episode_attempt_a75c6d14e1c6c0375497,c3ce4d90a1658e304ada8949d6783ee4cf500add954b2bdf152f64cb1e3079ae,true
result_0effd93567ec2128b10cf12a,runplan_668033750157196d,cell_ff547b1db7cce960ccd8,housing_v1__experiment__000003,housing_v1,housing_controlled_model_landlords_experiment,episode_attempt_a75c6d14e1c6c0375497,c3ce4d90a1658e304ada8949d6783ee4cf500add954b2bdf152f64cb1e3079ae,included,housing_social_welfare_leaf,1.0.0,social_welfare,1.0.0,capture,tenant_3,tenant_3,0.0,utility_points,"{""disagreement_utility"":0.0}",ok,valid,[],"[""event_00000251""]",evaluation_receipt,episode_attempt_a75c6d14e1c6c0375497,c3ce4d90a1658e304ada8949d6783ee4cf500add954b2bdf152f64cb1e3079ae,true
result_bd052ad0da95c33753381f10,runplan_668033750157196d,cell_ff547b1db7cce960ccd8,housing_v1__experiment__000003,housing_v1,housing_controlled_model_landlords_experiment,episode_attempt_a75c6d14e1c6c0375497,c3ce4d90a1658e304ada8949d6783ee4cf500add954b2bdf152f64cb1e3079ae,included,housing_social_welfare_leaf,1.0.0,social_welfare,1.0.0,capture,tenant_4,tenant_4,0.0,utility_points,"{""disagreement_utility"":0.0}",ok,valid,[],"[""event_00000251""]",evaluation_receipt,episode_attempt_a75c6d14e1c6c0375497,c3ce4d90a1658e304ada8949d6783ee4cf500add954b2bdf152f64cb1e3079ae,true
result_4ec999afd30ed1701bd7a4ca,runplan_668033750157196d,cell_ff547b1db7cce960ccd8,housing_v1__experiment__000003,housing_v1,housing_controlled_model_landlords_experiment,episode_attempt_a75c6d14e1c6c0375497,c3ce4d90a1658e304ada8949d6783ee4cf500add954b2bdf152f64cb1e3079ae,included,housing_social_welfare_leaf,1.0.0,social_welfare,1.0.0,capture,tenant_5,tenant_5,138.81,utility_points,"{""disagreement_utility"":0.0}",ok,valid,[],"[""event_00000251""]",evaluation_receipt,episode_attempt_a75c6d14e1c6c0375497,c3ce4d90a1658e304ada8949d6783ee4cf500add954b2bdf152f64cb1e3079ae,true
