fact_id,run_id,task_id,case_id,family_id,block_id,episode_attempt_id,receipt_sha256,inclusion_status,leaf_id,leaf_version,estimand_id,estimand_version,metric_role,metric_name,seat_id,value,unit,metric_metadata,score_status,validity_status,validity_reasons,evidence_refs,source_kind,source_id,source_sha256,reportable
result_7a52a3e92b3786d24957241f,runplan_a7b9ed75ad95865b,cell_2436695cdf0348a0bd55,housing_v1__experiment__000004,housing_v1,housing_controlled_model_landlords_experiment,episode_attempt_b8323359ba2b5ace4898,9293895bae9ad6f86afc061a49a29f0afa202388a5ffd228a2800dfb740e1805,included,housing_social_welfare_leaf,1.0.0,social_welfare,1.0.0,primary,social_welfare,,753.69,utility_points,{},ok,valid,[],"[""event_00000130""]",evaluation_receipt,episode_attempt_b8323359ba2b5ace4898,9293895bae9ad6f86afc061a49a29f0afa202388a5ffd228a2800dfb740e1805,true
result_5a35b4120bffedffbf46a6a8,runplan_a7b9ed75ad95865b,cell_2436695cdf0348a0bd55,housing_v1__experiment__000004,housing_v1,housing_controlled_model_landlords_experiment,episode_attempt_b8323359ba2b5ace4898,9293895bae9ad6f86afc061a49a29f0afa202388a5ffd228a2800dfb740e1805,included,housing_social_welfare_leaf,1.0.0,social_welfare,1.0.0,metric,comparison_baseline_gap,,0.0,utility_points,{},ok,valid,[],"[""event_00000130""]",evaluation_receipt,episode_attempt_b8323359ba2b5ace4898,9293895bae9ad6f86afc061a49a29f0afa202388a5ffd228a2800dfb740e1805,true
result_b57f56f75a1bf562f14e9a74,runplan_a7b9ed75ad95865b,cell_2436695cdf0348a0bd55,housing_v1__experiment__000004,housing_v1,housing_controlled_model_landlords_experiment,episode_attempt_b8323359ba2b5ace4898,9293895bae9ad6f86afc061a49a29f0afa202388a5ffd228a2800dfb740e1805,included,housing_social_welfare_leaf,1.0.0,social_welfare,1.0.0,metric,ir_violation_count,,0.0,count,{},ok,valid,[],"[""event_00000130""]",evaluation_receipt,episode_attempt_b8323359ba2b5ace4898,9293895bae9ad6f86afc061a49a29f0afa202388a5ffd228a2800dfb740e1805,true
result_a58b467e6faf21d7d6b3d908,runplan_a7b9ed75ad95865b,cell_2436695cdf0348a0bd55,housing_v1__experiment__000004,housing_v1,housing_controlled_model_landlords_experiment,episode_attempt_b8323359ba2b5ace4898,9293895bae9ad6f86afc061a49a29f0afa202388a5ffd228a2800dfb740e1805,included,housing_social_welfare_leaf,1.0.0,social_welfare,1.0.0,metric,social_welfare,,753.69,utility_points,{},ok,valid,[],"[""event_00000130""]",evaluation_receipt,episode_attempt_b8323359ba2b5ace4898,9293895bae9ad6f86afc061a49a29f0afa202388a5ffd228a2800dfb740e1805,true
result_20c805865432bfb85f2fb924,runplan_a7b9ed75ad95865b,cell_2436695cdf0348a0bd55,housing_v1__experiment__000004,housing_v1,housing_controlled_model_landlords_experiment,episode_attempt_b8323359ba2b5ace4898,9293895bae9ad6f86afc061a49a29f0afa202388a5ffd228a2800dfb740e1805,included,housing_social_welfare_leaf,1.0.0,social_welfare,1.0.0,metric,upper_bound_gap,,385.03999999999996,utility_points,{},ok,valid,[],"[""event_00000130""]",evaluation_receipt,episode_attempt_b8323359ba2b5ace4898,9293895bae9ad6f86afc061a49a29f0afa202388a5ffd228a2800dfb740e1805,true
result_1f26e0661bd1a16dd048e1b5,runplan_a7b9ed75ad95865b,cell_2436695cdf0348a0bd55,housing_v1__experiment__000004,housing_v1,housing_controlled_model_landlords_experiment,episode_attempt_b8323359ba2b5ace4898,9293895bae9ad6f86afc061a49a29f0afa202388a5ffd228a2800dfb740e1805,included,housing_social_welfare_leaf,1.0.0,social_welfare,1.0.0,metric,wasted_contacts,,3.0,count,{},ok,valid,[],"[""event_00000130""]",evaluation_receipt,episode_attempt_b8323359ba2b5ace4898,9293895bae9ad6f86afc061a49a29f0afa202388a5ffd228a2800dfb740e1805,true
result_aeeca407e8d044b5e10ac15f,runplan_a7b9ed75ad95865b,cell_2436695cdf0348a0bd55,housing_v1__experiment__000004,housing_v1,housing_controlled_model_landlords_experiment,episode_attempt_b8323359ba2b5ace4898,9293895bae9ad6f86afc061a49a29f0afa202388a5ffd228a2800dfb740e1805,included,housing_social_welfare_leaf,1.0.0,social_welfare,1.0.0,metric,within_case_score,,0.6618689241523452,ratio,{},ok,valid,[],"[""event_00000130""]",evaluation_receipt,episode_attempt_b8323359ba2b5ace4898,9293895bae9ad6f86afc061a49a29f0afa202388a5ffd228a2800dfb740e1805,true
result_181d928373d2a68e22b28291,runplan_a7b9ed75ad95865b,cell_2436695cdf0348a0bd55,housing_v1__experiment__000004,housing_v1,housing_controlled_model_landlords_experiment,episode_attempt_b8323359ba2b5ace4898,9293895bae9ad6f86afc061a49a29f0afa202388a5ffd228a2800dfb740e1805,included,housing_social_welfare_leaf,1.0.0,social_welfare,1.0.0,reference,comparison_baseline,,753.69,utility_points,"{""policy"":""naive"",""reference_kind"":""comparison_baseline""}",ok,valid,[],"[""event_00000130""]",evaluation_receipt,episode_attempt_b8323359ba2b5ace4898,9293895bae9ad6f86afc061a49a29f0afa202388a5ffd228a2800dfb740e1805,true
result_b06759bc6f9053db8037b3be,runplan_a7b9ed75ad95865b,cell_2436695cdf0348a0bd55,housing_v1__experiment__000004,housing_v1,housing_controlled_model_landlords_experiment,episode_attempt_b8323359ba2b5ace4898,9293895bae9ad6f86afc061a49a29f0afa202388a5ffd228a2800dfb740e1805,included,housing_social_welfare_leaf,1.0.0,social_welfare,1.0.0,reference,optimum_lower_bound,,0.0,utility_points,"{""policy"":""do_nothing"",""reference_kind"":""objective_lower_bound""}",ok,valid,[],"[""event_00000130""]",evaluation_receipt,episode_attempt_b8323359ba2b5ace4898,9293895bae9ad6f86afc061a49a29f0afa202388a5ffd228a2800dfb740e1805,true
result_519d88955866e11b96f9108f,runplan_a7b9ed75ad95865b,cell_2436695cdf0348a0bd55,housing_v1__experiment__000004,housing_v1,housing_controlled_model_landlords_experiment,episode_attempt_b8323359ba2b5ace4898,9293895bae9ad6f86afc061a49a29f0afa202388a5ffd228a2800dfb740e1805,included,housing_social_welfare_leaf,1.0.0,social_welfare,1.0.0,reference,optimum_upper_bound,,1138.73,utility_points,"{""reference_kind"":""objective_upper_bound"",""semantics"":""full_information_allocation_relaxation""}",ok,valid,[],"[""event_00000130""]",evaluation_receipt,episode_attempt_b8323359ba2b5ace4898,9293895bae9ad6f86afc061a49a29f0afa202388a5ffd228a2800dfb740e1805,true
result_065ff52ea532db64d94a2ba2,runplan_a7b9ed75ad95865b,cell_2436695cdf0348a0bd55,housing_v1__experiment__000004,housing_v1,housing_controlled_model_landlords_experiment,episode_attempt_b8323359ba2b5ace4898,9293895bae9ad6f86afc061a49a29f0afa202388a5ffd228a2800dfb740e1805,included,housing_social_welfare_leaf,1.0.0,social_welfare,1.0.0,utility,landlord_0,landlord_0,41.38,utility_points,"{""disagreement_utility"":0.0}",ok,valid,[],"[""event_00000130""]",evaluation_receipt,episode_attempt_b8323359ba2b5ace4898,9293895bae9ad6f86afc061a49a29f0afa202388a5ffd228a2800dfb740e1805,true
result_096db21a3bbb61f3380b6c30,runplan_a7b9ed75ad95865b,cell_2436695cdf0348a0bd55,housing_v1__experiment__000004,housing_v1,housing_controlled_model_landlords_experiment,episode_attempt_b8323359ba2b5ace4898,9293895bae9ad6f86afc061a49a29f0afa202388a5ffd228a2800dfb740e1805,included,housing_social_welfare_leaf,1.0.0,social_welfare,1.0.0,utility,landlord_1,landlord_1,51.25,utility_points,"{""disagreement_utility"":0.0}",ok,valid,[],"[""event_00000130""]",evaluation_receipt,episode_attempt_b8323359ba2b5ace4898,9293895bae9ad6f86afc061a49a29f0afa202388a5ffd228a2800dfb740e1805,true
result_ea15098c4f73ba56d2e6da97,runplan_a7b9ed75ad95865b,cell_2436695cdf0348a0bd55,housing_v1__experiment__000004,housing_v1,housing_controlled_model_landlords_experiment,episode_attempt_b8323359ba2b5ace4898,9293895bae9ad6f86afc061a49a29f0afa202388a5ffd228a2800dfb740e1805,included,housing_social_welfare_leaf,1.0.0,social_welfare,1.0.0,utility,landlord_2,landlord_2,312.63,utility_points,"{""disagreement_utility"":0.0}",ok,valid,[],"[""event_00000130""]",evaluation_receipt,episode_attempt_b8323359ba2b5ace4898,9293895bae9ad6f86afc061a49a29f0afa202388a5ffd228a2800dfb740e1805,true
result_203a94ead60b927fda02f0fc,runplan_a7b9ed75ad95865b,cell_2436695cdf0348a0bd55,housing_v1__experiment__000004,housing_v1,housing_controlled_model_landlords_experiment,episode_attempt_b8323359ba2b5ace4898,9293895bae9ad6f86afc061a49a29f0afa202388a5ffd228a2800dfb740e1805,included,housing_social_welfare_leaf,1.0.0,social_welfare,1.0.0,utility,tenant_0,tenant_0,232.62,utility_points,"{""disagreement_utility"":0.0}",ok,valid,[],"[""event_00000130""]",evaluation_receipt,episode_attempt_b8323359ba2b5ace4898,9293895bae9ad6f86afc061a49a29f0afa202388a5ffd228a2800dfb740e1805,true
result_67644bb0dd289b9d5e922161,runplan_a7b9ed75ad95865b,cell_2436695cdf0348a0bd55,housing_v1__experiment__000004,housing_v1,housing_controlled_model_landlords_experiment,episode_attempt_b8323359ba2b5ace4898,9293895bae9ad6f86afc061a49a29f0afa202388a5ffd228a2800dfb740e1805,included,housing_social_welfare_leaf,1.0.0,social_welfare,1.0.0,utility,tenant_1,tenant_1,0.0,utility_points,"{""disagreement_utility"":0.0}",ok,valid,[],"[""event_00000130""]",evaluation_receipt,episode_attempt_b8323359ba2b5ace4898,9293895bae9ad6f86afc061a49a29f0afa202388a5ffd228a2800dfb740e1805,true
result_91b7d1f2dfaca7982776237e,runplan_a7b9ed75ad95865b,cell_2436695cdf0348a0bd55,housing_v1__experiment__000004,housing_v1,housing_controlled_model_landlords_experiment,episode_attempt_b8323359ba2b5ace4898,9293895bae9ad6f86afc061a49a29f0afa202388a5ffd228a2800dfb740e1805,included,housing_social_welfare_leaf,1.0.0,social_welfare,1.0.0,utility,tenant_2,tenant_2,0.0,utility_points,"{""disagreement_utility"":0.0}",ok,valid,[],"[""event_00000130""]",evaluation_receipt,episode_attempt_b8323359ba2b5ace4898,9293895bae9ad6f86afc061a49a29f0afa202388a5ffd228a2800dfb740e1805,true
result_838f8a3af86cdfcebf39477c,runplan_a7b9ed75ad95865b,cell_2436695cdf0348a0bd55,housing_v1__experiment__000004,housing_v1,housing_controlled_model_landlords_experiment,episode_attempt_b8323359ba2b5ace4898,9293895bae9ad6f86afc061a49a29f0afa202388a5ffd228a2800dfb740e1805,included,housing_social_welfare_leaf,1.0.0,social_welfare,1.0.0,utility,tenant_3,tenant_3,115.81,utility_points,"{""disagreement_utility"":0.0}",ok,valid,[],"[""event_00000130""]",evaluation_receipt,episode_attempt_b8323359ba2b5ace4898,9293895bae9ad6f86afc061a49a29f0afa202388a5ffd228a2800dfb740e1805,true
result_2f304832d3208820406d79d4,runplan_a7b9ed75ad95865b,cell_2436695cdf0348a0bd55,housing_v1__experiment__000004,housing_v1,housing_controlled_model_landlords_experiment,episode_attempt_b8323359ba2b5ace4898,9293895bae9ad6f86afc061a49a29f0afa202388a5ffd228a2800dfb740e1805,included,housing_social_welfare_leaf,1.0.0,social_welfare,1.0.0,utility,tenant_4,tenant_4,0.0,utility_points,"{""disagreement_utility"":0.0}",ok,valid,[],"[""event_00000130""]",evaluation_receipt,episode_attempt_b8323359ba2b5ace4898,9293895bae9ad6f86afc061a49a29f0afa202388a5ffd228a2800dfb740e1805,true
result_d3e71b8260fc9f966e75c94a,runplan_a7b9ed75ad95865b,cell_2436695cdf0348a0bd55,housing_v1__experiment__000004,housing_v1,housing_controlled_model_landlords_experiment,episode_attempt_b8323359ba2b5ace4898,9293895bae9ad6f86afc061a49a29f0afa202388a5ffd228a2800dfb740e1805,included,housing_social_welfare_leaf,1.0.0,social_welfare,1.0.0,utility,tenant_5,tenant_5,0.0,utility_points,"{""disagreement_utility"":0.0}",ok,valid,[],"[""event_00000130""]",evaluation_receipt,episode_attempt_b8323359ba2b5ace4898,9293895bae9ad6f86afc061a49a29f0afa202388a5ffd228a2800dfb740e1805,true
result_d1c0c2529e76a664ba4b9cb0,runplan_a7b9ed75ad95865b,cell_2436695cdf0348a0bd55,housing_v1__experiment__000004,housing_v1,housing_controlled_model_landlords_experiment,episode_attempt_b8323359ba2b5ace4898,9293895bae9ad6f86afc061a49a29f0afa202388a5ffd228a2800dfb740e1805,included,housing_social_welfare_leaf,1.0.0,social_welfare,1.0.0,capture,landlord_0,landlord_0,41.38,utility_points,"{""disagreement_utility"":0.0}",ok,valid,[],"[""event_00000130""]",evaluation_receipt,episode_attempt_b8323359ba2b5ace4898,9293895bae9ad6f86afc061a49a29f0afa202388a5ffd228a2800dfb740e1805,true
result_bb6bb38fab4bd6f386ef796b,runplan_a7b9ed75ad95865b,cell_2436695cdf0348a0bd55,housing_v1__experiment__000004,housing_v1,housing_controlled_model_landlords_experiment,episode_attempt_b8323359ba2b5ace4898,9293895bae9ad6f86afc061a49a29f0afa202388a5ffd228a2800dfb740e1805,included,housing_social_welfare_leaf,1.0.0,social_welfare,1.0.0,capture,landlord_1,landlord_1,51.25,utility_points,"{""disagreement_utility"":0.0}",ok,valid,[],"[""event_00000130""]",evaluation_receipt,episode_attempt_b8323359ba2b5ace4898,9293895bae9ad6f86afc061a49a29f0afa202388a5ffd228a2800dfb740e1805,true
result_c512c6e7f93e72d1f37e6924,runplan_a7b9ed75ad95865b,cell_2436695cdf0348a0bd55,housing_v1__experiment__000004,housing_v1,housing_controlled_model_landlords_experiment,episode_attempt_b8323359ba2b5ace4898,9293895bae9ad6f86afc061a49a29f0afa202388a5ffd228a2800dfb740e1805,included,housing_social_welfare_leaf,1.0.0,social_welfare,1.0.0,capture,landlord_2,landlord_2,312.63,utility_points,"{""disagreement_utility"":0.0}",ok,valid,[],"[""event_00000130""]",evaluation_receipt,episode_attempt_b8323359ba2b5ace4898,9293895bae9ad6f86afc061a49a29f0afa202388a5ffd228a2800dfb740e1805,true
result_7135448d24574f0ff5f29d27,runplan_a7b9ed75ad95865b,cell_2436695cdf0348a0bd55,housing_v1__experiment__000004,housing_v1,housing_controlled_model_landlords_experiment,episode_attempt_b8323359ba2b5ace4898,9293895bae9ad6f86afc061a49a29f0afa202388a5ffd228a2800dfb740e1805,included,housing_social_welfare_leaf,1.0.0,social_welfare,1.0.0,capture,tenant_0,tenant_0,232.62,utility_points,"{""disagreement_utility"":0.0}",ok,valid,[],"[""event_00000130""]",evaluation_receipt,episode_attempt_b8323359ba2b5ace4898,9293895bae9ad6f86afc061a49a29f0afa202388a5ffd228a2800dfb740e1805,true
result_c0c85b6f8b52466cc8c112e2,runplan_a7b9ed75ad95865b,cell_2436695cdf0348a0bd55,housing_v1__experiment__000004,housing_v1,housing_controlled_model_landlords_experiment,episode_attempt_b8323359ba2b5ace4898,9293895bae9ad6f86afc061a49a29f0afa202388a5ffd228a2800dfb740e1805,included,housing_social_welfare_leaf,1.0.0,social_welfare,1.0.0,capture,tenant_1,tenant_1,0.0,utility_points,"{""disagreement_utility"":0.0}",ok,valid,[],"[""event_00000130""]",evaluation_receipt,episode_attempt_b8323359ba2b5ace4898,9293895bae9ad6f86afc061a49a29f0afa202388a5ffd228a2800dfb740e1805,true
result_0a6d891478e17f08091d5f09,runplan_a7b9ed75ad95865b,cell_2436695cdf0348a0bd55,housing_v1__experiment__000004,housing_v1,housing_controlled_model_landlords_experiment,episode_attempt_b8323359ba2b5ace4898,9293895bae9ad6f86afc061a49a29f0afa202388a5ffd228a2800dfb740e1805,included,housing_social_welfare_leaf,1.0.0,social_welfare,1.0.0,capture,tenant_2,tenant_2,0.0,utility_points,"{""disagreement_utility"":0.0}",ok,valid,[],"[""event_00000130""]",evaluation_receipt,episode_attempt_b8323359ba2b5ace4898,9293895bae9ad6f86afc061a49a29f0afa202388a5ffd228a2800dfb740e1805,true
result_cc9fd7a638b72a9184cefece,runplan_a7b9ed75ad95865b,cell_2436695cdf0348a0bd55,housing_v1__experiment__000004,housing_v1,housing_controlled_model_landlords_experiment,episode_attempt_b8323359ba2b5ace4898,9293895bae9ad6f86afc061a49a29f0afa202388a5ffd228a2800dfb740e1805,included,housing_social_welfare_leaf,1.0.0,social_welfare,1.0.0,capture,tenant_3,tenant_3,115.81,utility_points,"{""disagreement_utility"":0.0}",ok,valid,[],"[""event_00000130""]",evaluation_receipt,episode_attempt_b8323359ba2b5ace4898,9293895bae9ad6f86afc061a49a29f0afa202388a5ffd228a2800dfb740e1805,true
result_1bed07ce5489efeeeee0b175,runplan_a7b9ed75ad95865b,cell_2436695cdf0348a0bd55,housing_v1__experiment__000004,housing_v1,housing_controlled_model_landlords_experiment,episode_attempt_b8323359ba2b5ace4898,9293895bae9ad6f86afc061a49a29f0afa202388a5ffd228a2800dfb740e1805,included,housing_social_welfare_leaf,1.0.0,social_welfare,1.0.0,capture,tenant_4,tenant_4,0.0,utility_points,"{""disagreement_utility"":0.0}",ok,valid,[],"[""event_00000130""]",evaluation_receipt,episode_attempt_b8323359ba2b5ace4898,9293895bae9ad6f86afc061a49a29f0afa202388a5ffd228a2800dfb740e1805,true
result_a3084823312dda12d812396a,runplan_a7b9ed75ad95865b,cell_2436695cdf0348a0bd55,housing_v1__experiment__000004,housing_v1,housing_controlled_model_landlords_experiment,episode_attempt_b8323359ba2b5ace4898,9293895bae9ad6f86afc061a49a29f0afa202388a5ffd228a2800dfb740e1805,included,housing_social_welfare_leaf,1.0.0,social_welfare,1.0.0,capture,tenant_5,tenant_5,0.0,utility_points,"{""disagreement_utility"":0.0}",ok,valid,[],"[""event_00000130""]",evaluation_receipt,episode_attempt_b8323359ba2b5ace4898,9293895bae9ad6f86afc061a49a29f0afa202388a5ffd228a2800dfb740e1805,true
result_a18f279685952de87d7109d1,runplan_a7b9ed75ad95865b,cell_328beaffe93c97fbae1d,housing_v1__experiment__000007,housing_v1,housing_controlled_model_landlords_experiment,episode_attempt_7e7cd606273c18b76a5a,4b75b2d3235ed7f18ad13470e26c4a9e90191c040a99242ff495a5639aba49f9,included,housing_social_welfare_leaf,1.0.0,social_welfare,1.0.0,primary,social_welfare,,1211.05,utility_points,{},ok,valid,[],"[""event_00000241""]",evaluation_receipt,episode_attempt_7e7cd606273c18b76a5a,4b75b2d3235ed7f18ad13470e26c4a9e90191c040a99242ff495a5639aba49f9,true
result_7db79f63f6891f9fa013b4d4,runplan_a7b9ed75ad95865b,cell_328beaffe93c97fbae1d,housing_v1__experiment__000007,housing_v1,housing_controlled_model_landlords_experiment,episode_attempt_7e7cd606273c18b76a5a,4b75b2d3235ed7f18ad13470e26c4a9e90191c040a99242ff495a5639aba49f9,included,housing_social_welfare_leaf,1.0.0,social_welfare,1.0.0,metric,comparison_baseline_gap,,442.5,utility_points,{},ok,valid,[],"[""event_00000241""]",evaluation_receipt,episode_attempt_7e7cd606273c18b76a5a,4b75b2d3235ed7f18ad13470e26c4a9e90191c040a99242ff495a5639aba49f9,true
result_0308797a139bbd5d65d237ef,runplan_a7b9ed75ad95865b,cell_328beaffe93c97fbae1d,housing_v1__experiment__000007,housing_v1,housing_controlled_model_landlords_experiment,episode_attempt_7e7cd606273c18b76a5a,4b75b2d3235ed7f18ad13470e26c4a9e90191c040a99242ff495a5639aba49f9,included,housing_social_welfare_leaf,1.0.0,social_welfare,1.0.0,metric,ir_violation_count,,0.0,count,{},ok,valid,[],"[""event_00000241""]",evaluation_receipt,episode_attempt_7e7cd606273c18b76a5a,4b75b2d3235ed7f18ad13470e26c4a9e90191c040a99242ff495a5639aba49f9,true
result_65bcde57aa6a01a68e8cbeb4,runplan_a7b9ed75ad95865b,cell_328beaffe93c97fbae1d,housing_v1__experiment__000007,housing_v1,housing_controlled_model_landlords_experiment,episode_attempt_7e7cd606273c18b76a5a,4b75b2d3235ed7f18ad13470e26c4a9e90191c040a99242ff495a5639aba49f9,included,housing_social_welfare_leaf,1.0.0,social_welfare,1.0.0,metric,social_welfare,,1211.05,utility_points,{},ok,valid,[],"[""event_00000241""]",evaluation_receipt,episode_attempt_7e7cd606273c18b76a5a,4b75b2d3235ed7f18ad13470e26c4a9e90191c040a99242ff495a5639aba49f9,true
result_1a89df32da08d122b15619e8,runplan_a7b9ed75ad95865b,cell_328beaffe93c97fbae1d,housing_v1__experiment__000007,housing_v1,housing_controlled_model_landlords_experiment,episode_attempt_7e7cd606273c18b76a5a,4b75b2d3235ed7f18ad13470e26c4a9e90191c040a99242ff495a5639aba49f9,included,housing_social_welfare_leaf,1.0.0,social_welfare,1.0.0,metric,upper_bound_gap,,121.63000000000011,utility_points,{},ok,valid,[],"[""event_00000241""]",evaluation_receipt,episode_attempt_7e7cd606273c18b76a5a,4b75b2d3235ed7f18ad13470e26c4a9e90191c040a99242ff495a5639aba49f9,true
result_aca12d9e15128a3b1e6eb2e0,runplan_a7b9ed75ad95865b,cell_328beaffe93c97fbae1d,housing_v1__experiment__000007,housing_v1,housing_controlled_model_landlords_experiment,episode_attempt_7e7cd606273c18b76a5a,4b75b2d3235ed7f18ad13470e26c4a9e90191c040a99242ff495a5639aba49f9,included,housing_social_welfare_leaf,1.0.0,social_welfare,1.0.0,metric,wasted_contacts,,6.0,count,{},ok,valid,[],"[""event_00000241""]",evaluation_receipt,episode_attempt_7e7cd606273c18b76a5a,4b75b2d3235ed7f18ad13470e26c4a9e90191c040a99242ff495a5639aba49f9,true
result_54208db7b32b40e3cf0daed5,runplan_a7b9ed75ad95865b,cell_328beaffe93c97fbae1d,housing_v1__experiment__000007,housing_v1,housing_controlled_model_landlords_experiment,episode_attempt_7e7cd606273c18b76a5a,4b75b2d3235ed7f18ad13470e26c4a9e90191c040a99242ff495a5639aba49f9,included,housing_social_welfare_leaf,1.0.0,social_welfare,1.0.0,metric,within_case_score,,0.9087327790617402,ratio,{},ok,valid,[],"[""event_00000241""]",evaluation_receipt,episode_attempt_7e7cd606273c18b76a5a,4b75b2d3235ed7f18ad13470e26c4a9e90191c040a99242ff495a5639aba49f9,true
result_21217b0ba51614e14eaebbab,runplan_a7b9ed75ad95865b,cell_328beaffe93c97fbae1d,housing_v1__experiment__000007,housing_v1,housing_controlled_model_landlords_experiment,episode_attempt_7e7cd606273c18b76a5a,4b75b2d3235ed7f18ad13470e26c4a9e90191c040a99242ff495a5639aba49f9,included,housing_social_welfare_leaf,1.0.0,social_welfare,1.0.0,reference,comparison_baseline,,768.55,utility_points,"{""policy"":""naive"",""reference_kind"":""comparison_baseline""}",ok,valid,[],"[""event_00000241""]",evaluation_receipt,episode_attempt_7e7cd606273c18b76a5a,4b75b2d3235ed7f18ad13470e26c4a9e90191c040a99242ff495a5639aba49f9,true
result_9c17a3a2c5149b17f2d16f87,runplan_a7b9ed75ad95865b,cell_328beaffe93c97fbae1d,housing_v1__experiment__000007,housing_v1,housing_controlled_model_landlords_experiment,episode_attempt_7e7cd606273c18b76a5a,4b75b2d3235ed7f18ad13470e26c4a9e90191c040a99242ff495a5639aba49f9,included,housing_social_welfare_leaf,1.0.0,social_welfare,1.0.0,reference,optimum_lower_bound,,0.0,utility_points,"{""policy"":""do_nothing"",""reference_kind"":""objective_lower_bound""}",ok,valid,[],"[""event_00000241""]",evaluation_receipt,episode_attempt_7e7cd606273c18b76a5a,4b75b2d3235ed7f18ad13470e26c4a9e90191c040a99242ff495a5639aba49f9,true
result_f6ef9bbb2511b879ad001645,runplan_a7b9ed75ad95865b,cell_328beaffe93c97fbae1d,housing_v1__experiment__000007,housing_v1,housing_controlled_model_landlords_experiment,episode_attempt_7e7cd606273c18b76a5a,4b75b2d3235ed7f18ad13470e26c4a9e90191c040a99242ff495a5639aba49f9,included,housing_social_welfare_leaf,1.0.0,social_welfare,1.0.0,reference,optimum_upper_bound,,1332.68,utility_points,"{""reference_kind"":""objective_upper_bound"",""semantics"":""full_information_allocation_relaxation""}",ok,valid,[],"[""event_00000241""]",evaluation_receipt,episode_attempt_7e7cd606273c18b76a5a,4b75b2d3235ed7f18ad13470e26c4a9e90191c040a99242ff495a5639aba49f9,true
result_8e9f042cba5407a3166284a4,runplan_a7b9ed75ad95865b,cell_328beaffe93c97fbae1d,housing_v1__experiment__000007,housing_v1,housing_controlled_model_landlords_experiment,episode_attempt_7e7cd606273c18b76a5a,4b75b2d3235ed7f18ad13470e26c4a9e90191c040a99242ff495a5639aba49f9,included,housing_social_welfare_leaf,1.0.0,social_welfare,1.0.0,utility,landlord_0,landlord_0,23.64,utility_points,"{""disagreement_utility"":0.0}",ok,valid,[],"[""event_00000241""]",evaluation_receipt,episode_attempt_7e7cd606273c18b76a5a,4b75b2d3235ed7f18ad13470e26c4a9e90191c040a99242ff495a5639aba49f9,true
result_1a423ee0eadd4e405f31422c,runplan_a7b9ed75ad95865b,cell_328beaffe93c97fbae1d,housing_v1__experiment__000007,housing_v1,housing_controlled_model_landlords_experiment,episode_attempt_7e7cd606273c18b76a5a,4b75b2d3235ed7f18ad13470e26c4a9e90191c040a99242ff495a5639aba49f9,included,housing_social_welfare_leaf,1.0.0,social_welfare,1.0.0,utility,landlord_1,landlord_1,26.68,utility_points,"{""disagreement_utility"":0.0}",ok,valid,[],"[""event_00000241""]",evaluation_receipt,episode_attempt_7e7cd606273c18b76a5a,4b75b2d3235ed7f18ad13470e26c4a9e90191c040a99242ff495a5639aba49f9,true
result_589a1747cc73ab71ffeed170,runplan_a7b9ed75ad95865b,cell_328beaffe93c97fbae1d,housing_v1__experiment__000007,housing_v1,housing_controlled_model_landlords_experiment,episode_attempt_7e7cd606273c18b76a5a,4b75b2d3235ed7f18ad13470e26c4a9e90191c040a99242ff495a5639aba49f9,included,housing_social_welfare_leaf,1.0.0,social_welfare,1.0.0,utility,landlord_2,landlord_2,488.42,utility_points,"{""disagreement_utility"":0.0}",ok,valid,[],"[""event_00000241""]",evaluation_receipt,episode_attempt_7e7cd606273c18b76a5a,4b75b2d3235ed7f18ad13470e26c4a9e90191c040a99242ff495a5639aba49f9,true
result_1efa69aa94468eb4f1d7a69d,runplan_a7b9ed75ad95865b,cell_328beaffe93c97fbae1d,housing_v1__experiment__000007,housing_v1,housing_controlled_model_landlords_experiment,episode_attempt_7e7cd606273c18b76a5a,4b75b2d3235ed7f18ad13470e26c4a9e90191c040a99242ff495a5639aba49f9,included,housing_social_welfare_leaf,1.0.0,social_welfare,1.0.0,utility,tenant_0,tenant_0,131.23,utility_points,"{""disagreement_utility"":0.0}",ok,valid,[],"[""event_00000241""]",evaluation_receipt,episode_attempt_7e7cd606273c18b76a5a,4b75b2d3235ed7f18ad13470e26c4a9e90191c040a99242ff495a5639aba49f9,true
result_e5d155b80f623835273873d6,runplan_a7b9ed75ad95865b,cell_328beaffe93c97fbae1d,housing_v1__experiment__000007,housing_v1,housing_controlled_model_landlords_experiment,episode_attempt_7e7cd606273c18b76a5a,4b75b2d3235ed7f18ad13470e26c4a9e90191c040a99242ff495a5639aba49f9,included,housing_social_welfare_leaf,1.0.0,social_welfare,1.0.0,utility,tenant_1,tenant_1,0.0,utility_points,"{""disagreement_utility"":0.0}",ok,valid,[],"[""event_00000241""]",evaluation_receipt,episode_attempt_7e7cd606273c18b76a5a,4b75b2d3235ed7f18ad13470e26c4a9e90191c040a99242ff495a5639aba49f9,true
result_d7d1f0f02055da22b55fe4ae,runplan_a7b9ed75ad95865b,cell_328beaffe93c97fbae1d,housing_v1__experiment__000007,housing_v1,housing_controlled_model_landlords_experiment,episode_attempt_7e7cd606273c18b76a5a,4b75b2d3235ed7f18ad13470e26c4a9e90191c040a99242ff495a5639aba49f9,included,housing_social_welfare_leaf,1.0.0,social_welfare,1.0.0,utility,tenant_2,tenant_2,0.0,utility_points,"{""disagreement_utility"":0.0}",ok,valid,[],"[""event_00000241""]",evaluation_receipt,episode_attempt_7e7cd606273c18b76a5a,4b75b2d3235ed7f18ad13470e26c4a9e90191c040a99242ff495a5639aba49f9,true
result_9cba21fed036c44b11092d74,runplan_a7b9ed75ad95865b,cell_328beaffe93c97fbae1d,housing_v1__experiment__000007,housing_v1,housing_controlled_model_landlords_experiment,episode_attempt_7e7cd606273c18b76a5a,4b75b2d3235ed7f18ad13470e26c4a9e90191c040a99242ff495a5639aba49f9,included,housing_social_welfare_leaf,1.0.0,social_welfare,1.0.0,utility,tenant_3,tenant_3,0.0,utility_points,"{""disagreement_utility"":0.0}",ok,valid,[],"[""event_00000241""]",evaluation_receipt,episode_attempt_7e7cd606273c18b76a5a,4b75b2d3235ed7f18ad13470e26c4a9e90191c040a99242ff495a5639aba49f9,true
result_017fb41718845e9b5131ff4d,runplan_a7b9ed75ad95865b,cell_328beaffe93c97fbae1d,housing_v1__experiment__000007,housing_v1,housing_controlled_model_landlords_experiment,episode_attempt_7e7cd606273c18b76a5a,4b75b2d3235ed7f18ad13470e26c4a9e90191c040a99242ff495a5639aba49f9,included,housing_social_welfare_leaf,1.0.0,social_welfare,1.0.0,utility,tenant_4,tenant_4,375.04,utility_points,"{""disagreement_utility"":0.0}",ok,valid,[],"[""event_00000241""]",evaluation_receipt,episode_attempt_7e7cd606273c18b76a5a,4b75b2d3235ed7f18ad13470e26c4a9e90191c040a99242ff495a5639aba49f9,true
result_e87158553aeac295adce6900,runplan_a7b9ed75ad95865b,cell_328beaffe93c97fbae1d,housing_v1__experiment__000007,housing_v1,housing_controlled_model_landlords_experiment,episode_attempt_7e7cd606273c18b76a5a,4b75b2d3235ed7f18ad13470e26c4a9e90191c040a99242ff495a5639aba49f9,included,housing_social_welfare_leaf,1.0.0,social_welfare,1.0.0,utility,tenant_5,tenant_5,166.04,utility_points,"{""disagreement_utility"":0.0}",ok,valid,[],"[""event_00000241""]",evaluation_receipt,episode_attempt_7e7cd606273c18b76a5a,4b75b2d3235ed7f18ad13470e26c4a9e90191c040a99242ff495a5639aba49f9,true
result_ea35cf86e28596c92890cc7c,runplan_a7b9ed75ad95865b,cell_328beaffe93c97fbae1d,housing_v1__experiment__000007,housing_v1,housing_controlled_model_landlords_experiment,episode_attempt_7e7cd606273c18b76a5a,4b75b2d3235ed7f18ad13470e26c4a9e90191c040a99242ff495a5639aba49f9,included,housing_social_welfare_leaf,1.0.0,social_welfare,1.0.0,capture,landlord_0,landlord_0,23.64,utility_points,"{""disagreement_utility"":0.0}",ok,valid,[],"[""event_00000241""]",evaluation_receipt,episode_attempt_7e7cd606273c18b76a5a,4b75b2d3235ed7f18ad13470e26c4a9e90191c040a99242ff495a5639aba49f9,true
result_5c25d4d0e7d5ab9e5a9e16f7,runplan_a7b9ed75ad95865b,cell_328beaffe93c97fbae1d,housing_v1__experiment__000007,housing_v1,housing_controlled_model_landlords_experiment,episode_attempt_7e7cd606273c18b76a5a,4b75b2d3235ed7f18ad13470e26c4a9e90191c040a99242ff495a5639aba49f9,included,housing_social_welfare_leaf,1.0.0,social_welfare,1.0.0,capture,landlord_1,landlord_1,26.68,utility_points,"{""disagreement_utility"":0.0}",ok,valid,[],"[""event_00000241""]",evaluation_receipt,episode_attempt_7e7cd606273c18b76a5a,4b75b2d3235ed7f18ad13470e26c4a9e90191c040a99242ff495a5639aba49f9,true
result_d5288e36e030bd8ed7caa416,runplan_a7b9ed75ad95865b,cell_328beaffe93c97fbae1d,housing_v1__experiment__000007,housing_v1,housing_controlled_model_landlords_experiment,episode_attempt_7e7cd606273c18b76a5a,4b75b2d3235ed7f18ad13470e26c4a9e90191c040a99242ff495a5639aba49f9,included,housing_social_welfare_leaf,1.0.0,social_welfare,1.0.0,capture,landlord_2,landlord_2,488.42,utility_points,"{""disagreement_utility"":0.0}",ok,valid,[],"[""event_00000241""]",evaluation_receipt,episode_attempt_7e7cd606273c18b76a5a,4b75b2d3235ed7f18ad13470e26c4a9e90191c040a99242ff495a5639aba49f9,true
result_713378265ffa814b7164dba4,runplan_a7b9ed75ad95865b,cell_328beaffe93c97fbae1d,housing_v1__experiment__000007,housing_v1,housing_controlled_model_landlords_experiment,episode_attempt_7e7cd606273c18b76a5a,4b75b2d3235ed7f18ad13470e26c4a9e90191c040a99242ff495a5639aba49f9,included,housing_social_welfare_leaf,1.0.0,social_welfare,1.0.0,capture,tenant_0,tenant_0,131.23,utility_points,"{""disagreement_utility"":0.0}",ok,valid,[],"[""event_00000241""]",evaluation_receipt,episode_attempt_7e7cd606273c18b76a5a,4b75b2d3235ed7f18ad13470e26c4a9e90191c040a99242ff495a5639aba49f9,true
result_256d85245cdefc9359530c3b,runplan_a7b9ed75ad95865b,cell_328beaffe93c97fbae1d,housing_v1__experiment__000007,housing_v1,housing_controlled_model_landlords_experiment,episode_attempt_7e7cd606273c18b76a5a,4b75b2d3235ed7f18ad13470e26c4a9e90191c040a99242ff495a5639aba49f9,included,housing_social_welfare_leaf,1.0.0,social_welfare,1.0.0,capture,tenant_1,tenant_1,0.0,utility_points,"{""disagreement_utility"":0.0}",ok,valid,[],"[""event_00000241""]",evaluation_receipt,episode_attempt_7e7cd606273c18b76a5a,4b75b2d3235ed7f18ad13470e26c4a9e90191c040a99242ff495a5639aba49f9,true
result_9762358dbd2ec0982180a1b2,runplan_a7b9ed75ad95865b,cell_328beaffe93c97fbae1d,housing_v1__experiment__000007,housing_v1,housing_controlled_model_landlords_experiment,episode_attempt_7e7cd606273c18b76a5a,4b75b2d3235ed7f18ad13470e26c4a9e90191c040a99242ff495a5639aba49f9,included,housing_social_welfare_leaf,1.0.0,social_welfare,1.0.0,capture,tenant_2,tenant_2,0.0,utility_points,"{""disagreement_utility"":0.0}",ok,valid,[],"[""event_00000241""]",evaluation_receipt,episode_attempt_7e7cd606273c18b76a5a,4b75b2d3235ed7f18ad13470e26c4a9e90191c040a99242ff495a5639aba49f9,true
result_a1df605fd5ec60d3a3c6125d,runplan_a7b9ed75ad95865b,cell_328beaffe93c97fbae1d,housing_v1__experiment__000007,housing_v1,housing_controlled_model_landlords_experiment,episode_attempt_7e7cd606273c18b76a5a,4b75b2d3235ed7f18ad13470e26c4a9e90191c040a99242ff495a5639aba49f9,included,housing_social_welfare_leaf,1.0.0,social_welfare,1.0.0,capture,tenant_3,tenant_3,0.0,utility_points,"{""disagreement_utility"":0.0}",ok,valid,[],"[""event_00000241""]",evaluation_receipt,episode_attempt_7e7cd606273c18b76a5a,4b75b2d3235ed7f18ad13470e26c4a9e90191c040a99242ff495a5639aba49f9,true
result_13966f915215281ed91cc171,runplan_a7b9ed75ad95865b,cell_328beaffe93c97fbae1d,housing_v1__experiment__000007,housing_v1,housing_controlled_model_landlords_experiment,episode_attempt_7e7cd606273c18b76a5a,4b75b2d3235ed7f18ad13470e26c4a9e90191c040a99242ff495a5639aba49f9,included,housing_social_welfare_leaf,1.0.0,social_welfare,1.0.0,capture,tenant_4,tenant_4,375.04,utility_points,"{""disagreement_utility"":0.0}",ok,valid,[],"[""event_00000241""]",evaluation_receipt,episode_attempt_7e7cd606273c18b76a5a,4b75b2d3235ed7f18ad13470e26c4a9e90191c040a99242ff495a5639aba49f9,true
result_ceed1db466e1dcc4176134f7,runplan_a7b9ed75ad95865b,cell_328beaffe93c97fbae1d,housing_v1__experiment__000007,housing_v1,housing_controlled_model_landlords_experiment,episode_attempt_7e7cd606273c18b76a5a,4b75b2d3235ed7f18ad13470e26c4a9e90191c040a99242ff495a5639aba49f9,included,housing_social_welfare_leaf,1.0.0,social_welfare,1.0.0,capture,tenant_5,tenant_5,166.04,utility_points,"{""disagreement_utility"":0.0}",ok,valid,[],"[""event_00000241""]",evaluation_receipt,episode_attempt_7e7cd606273c18b76a5a,4b75b2d3235ed7f18ad13470e26c4a9e90191c040a99242ff495a5639aba49f9,true
result_f4bb964aac6084da715ae93c,runplan_a7b9ed75ad95865b,cell_333bb2bda763bcd91beb,housing_v1__experiment__000002,housing_v1,housing_controlled_model_landlords_experiment,episode_attempt_6f37b2b8e9b4cd37a63c,6f857ff6ee52c0dbb3bb43ea9f2af020aae13802e952984f365148bc06777278,included,housing_social_welfare_leaf,1.0.0,social_welfare,1.0.0,primary,social_welfare,,1445.57,utility_points,{},ok,valid,[],"[""event_00000211""]",evaluation_receipt,episode_attempt_6f37b2b8e9b4cd37a63c,6f857ff6ee52c0dbb3bb43ea9f2af020aae13802e952984f365148bc06777278,true
result_4684f96f5792cf5263a4b968,runplan_a7b9ed75ad95865b,cell_333bb2bda763bcd91beb,housing_v1__experiment__000002,housing_v1,housing_controlled_model_landlords_experiment,episode_attempt_6f37b2b8e9b4cd37a63c,6f857ff6ee52c0dbb3bb43ea9f2af020aae13802e952984f365148bc06777278,included,housing_social_welfare_leaf,1.0.0,social_welfare,1.0.0,metric,comparison_baseline_gap,,50.159999999999854,utility_points,{},ok,valid,[],"[""event_00000211""]",evaluation_receipt,episode_attempt_6f37b2b8e9b4cd37a63c,6f857ff6ee52c0dbb3bb43ea9f2af020aae13802e952984f365148bc06777278,true
result_b8a462e77dbfe40d9c1e84c6,runplan_a7b9ed75ad95865b,cell_333bb2bda763bcd91beb,housing_v1__experiment__000002,housing_v1,housing_controlled_model_landlords_experiment,episode_attempt_6f37b2b8e9b4cd37a63c,6f857ff6ee52c0dbb3bb43ea9f2af020aae13802e952984f365148bc06777278,included,housing_social_welfare_leaf,1.0.0,social_welfare,1.0.0,metric,ir_violation_count,,0.0,count,{},ok,valid,[],"[""event_00000211""]",evaluation_receipt,episode_attempt_6f37b2b8e9b4cd37a63c,6f857ff6ee52c0dbb3bb43ea9f2af020aae13802e952984f365148bc06777278,true
result_ba4d5969857e7886187613d3,runplan_a7b9ed75ad95865b,cell_333bb2bda763bcd91beb,housing_v1__experiment__000002,housing_v1,housing_controlled_model_landlords_experiment,episode_attempt_6f37b2b8e9b4cd37a63c,6f857ff6ee52c0dbb3bb43ea9f2af020aae13802e952984f365148bc06777278,included,housing_social_welfare_leaf,1.0.0,social_welfare,1.0.0,metric,social_welfare,,1445.57,utility_points,{},ok,valid,[],"[""event_00000211""]",evaluation_receipt,episode_attempt_6f37b2b8e9b4cd37a63c,6f857ff6ee52c0dbb3bb43ea9f2af020aae13802e952984f365148bc06777278,true
result_b59abd51e55b07078ad1b131,runplan_a7b9ed75ad95865b,cell_333bb2bda763bcd91beb,housing_v1__experiment__000002,housing_v1,housing_controlled_model_landlords_experiment,episode_attempt_6f37b2b8e9b4cd37a63c,6f857ff6ee52c0dbb3bb43ea9f2af020aae13802e952984f365148bc06777278,included,housing_social_welfare_leaf,1.0.0,social_welfare,1.0.0,metric,upper_bound_gap,,323.74,utility_points,{},ok,valid,[],"[""event_00000211""]",evaluation_receipt,episode_attempt_6f37b2b8e9b4cd37a63c,6f857ff6ee52c0dbb3bb43ea9f2af020aae13802e952984f365148bc06777278,true
result_491814eaa3904a783c895bcd,runplan_a7b9ed75ad95865b,cell_333bb2bda763bcd91beb,housing_v1__experiment__000002,housing_v1,housing_controlled_model_landlords_experiment,episode_attempt_6f37b2b8e9b4cd37a63c,6f857ff6ee52c0dbb3bb43ea9f2af020aae13802e952984f365148bc06777278,included,housing_social_welfare_leaf,1.0.0,social_welfare,1.0.0,metric,wasted_contacts,,5.0,count,{},ok,valid,[],"[""event_00000211""]",evaluation_receipt,episode_attempt_6f37b2b8e9b4cd37a63c,6f857ff6ee52c0dbb3bb43ea9f2af020aae13802e952984f365148bc06777278,true
result_af8a41b87321ea42766e65e3,runplan_a7b9ed75ad95865b,cell_333bb2bda763bcd91beb,housing_v1__experiment__000002,housing_v1,housing_controlled_model_landlords_experiment,episode_attempt_6f37b2b8e9b4cd37a63c,6f857ff6ee52c0dbb3bb43ea9f2af020aae13802e952984f365148bc06777278,included,housing_social_welfare_leaf,1.0.0,social_welfare,1.0.0,metric,within_case_score,,0.8170247158496815,ratio,{},ok,valid,[],"[""event_00000211""]",evaluation_receipt,episode_attempt_6f37b2b8e9b4cd37a63c,6f857ff6ee52c0dbb3bb43ea9f2af020aae13802e952984f365148bc06777278,true
result_0ed862f1e912d2c51443c028,runplan_a7b9ed75ad95865b,cell_333bb2bda763bcd91beb,housing_v1__experiment__000002,housing_v1,housing_controlled_model_landlords_experiment,episode_attempt_6f37b2b8e9b4cd37a63c,6f857ff6ee52c0dbb3bb43ea9f2af020aae13802e952984f365148bc06777278,included,housing_social_welfare_leaf,1.0.0,social_welfare,1.0.0,reference,comparison_baseline,,1395.41,utility_points,"{""policy"":""naive"",""reference_kind"":""comparison_baseline""}",ok,valid,[],"[""event_00000211""]",evaluation_receipt,episode_attempt_6f37b2b8e9b4cd37a63c,6f857ff6ee52c0dbb3bb43ea9f2af020aae13802e952984f365148bc06777278,true
result_c6add3b247a4160a825333cb,runplan_a7b9ed75ad95865b,cell_333bb2bda763bcd91beb,housing_v1__experiment__000002,housing_v1,housing_controlled_model_landlords_experiment,episode_attempt_6f37b2b8e9b4cd37a63c,6f857ff6ee52c0dbb3bb43ea9f2af020aae13802e952984f365148bc06777278,included,housing_social_welfare_leaf,1.0.0,social_welfare,1.0.0,reference,optimum_lower_bound,,0.0,utility_points,"{""policy"":""do_nothing"",""reference_kind"":""objective_lower_bound""}",ok,valid,[],"[""event_00000211""]",evaluation_receipt,episode_attempt_6f37b2b8e9b4cd37a63c,6f857ff6ee52c0dbb3bb43ea9f2af020aae13802e952984f365148bc06777278,true
result_430633482fd542925cd49e12,runplan_a7b9ed75ad95865b,cell_333bb2bda763bcd91beb,housing_v1__experiment__000002,housing_v1,housing_controlled_model_landlords_experiment,episode_attempt_6f37b2b8e9b4cd37a63c,6f857ff6ee52c0dbb3bb43ea9f2af020aae13802e952984f365148bc06777278,included,housing_social_welfare_leaf,1.0.0,social_welfare,1.0.0,reference,optimum_upper_bound,,1769.31,utility_points,"{""reference_kind"":""objective_upper_bound"",""semantics"":""full_information_allocation_relaxation""}",ok,valid,[],"[""event_00000211""]",evaluation_receipt,episode_attempt_6f37b2b8e9b4cd37a63c,6f857ff6ee52c0dbb3bb43ea9f2af020aae13802e952984f365148bc06777278,true
result_3c03b278dcc757cc6eb75619,runplan_a7b9ed75ad95865b,cell_333bb2bda763bcd91beb,housing_v1__experiment__000002,housing_v1,housing_controlled_model_landlords_experiment,episode_attempt_6f37b2b8e9b4cd37a63c,6f857ff6ee52c0dbb3bb43ea9f2af020aae13802e952984f365148bc06777278,included,housing_social_welfare_leaf,1.0.0,social_welfare,1.0.0,utility,landlord_0,landlord_0,25.2,utility_points,"{""disagreement_utility"":0.0}",ok,valid,[],"[""event_00000211""]",evaluation_receipt,episode_attempt_6f37b2b8e9b4cd37a63c,6f857ff6ee52c0dbb3bb43ea9f2af020aae13802e952984f365148bc06777278,true
result_b4fc142344d04c0e0b379a69,runplan_a7b9ed75ad95865b,cell_333bb2bda763bcd91beb,housing_v1__experiment__000002,housing_v1,housing_controlled_model_landlords_experiment,episode_attempt_6f37b2b8e9b4cd37a63c,6f857ff6ee52c0dbb3bb43ea9f2af020aae13802e952984f365148bc06777278,included,housing_social_welfare_leaf,1.0.0,social_welfare,1.0.0,utility,landlord_1,landlord_1,437.87,utility_points,"{""disagreement_utility"":0.0}",ok,valid,[],"[""event_00000211""]",evaluation_receipt,episode_attempt_6f37b2b8e9b4cd37a63c,6f857ff6ee52c0dbb3bb43ea9f2af020aae13802e952984f365148bc06777278,true
result_b6f8a92685c5bac617ab7e2c,runplan_a7b9ed75ad95865b,cell_333bb2bda763bcd91beb,housing_v1__experiment__000002,housing_v1,housing_controlled_model_landlords_experiment,episode_attempt_6f37b2b8e9b4cd37a63c,6f857ff6ee52c0dbb3bb43ea9f2af020aae13802e952984f365148bc06777278,included,housing_social_welfare_leaf,1.0.0,social_welfare,1.0.0,utility,landlord_2,landlord_2,155.43,utility_points,"{""disagreement_utility"":0.0}",ok,valid,[],"[""event_00000211""]",evaluation_receipt,episode_attempt_6f37b2b8e9b4cd37a63c,6f857ff6ee52c0dbb3bb43ea9f2af020aae13802e952984f365148bc06777278,true
result_5dc678163d3ac5d99e2be10b,runplan_a7b9ed75ad95865b,cell_333bb2bda763bcd91beb,housing_v1__experiment__000002,housing_v1,housing_controlled_model_landlords_experiment,episode_attempt_6f37b2b8e9b4cd37a63c,6f857ff6ee52c0dbb3bb43ea9f2af020aae13802e952984f365148bc06777278,included,housing_social_welfare_leaf,1.0.0,social_welfare,1.0.0,utility,tenant_0,tenant_0,248.88,utility_points,"{""disagreement_utility"":0.0}",ok,valid,[],"[""event_00000211""]",evaluation_receipt,episode_attempt_6f37b2b8e9b4cd37a63c,6f857ff6ee52c0dbb3bb43ea9f2af020aae13802e952984f365148bc06777278,true
result_fd4f9739660da3244095f1cc,runplan_a7b9ed75ad95865b,cell_333bb2bda763bcd91beb,housing_v1__experiment__000002,housing_v1,housing_controlled_model_landlords_experiment,episode_attempt_6f37b2b8e9b4cd37a63c,6f857ff6ee52c0dbb3bb43ea9f2af020aae13802e952984f365148bc06777278,included,housing_social_welfare_leaf,1.0.0,social_welfare,1.0.0,utility,tenant_1,tenant_1,301.66,utility_points,"{""disagreement_utility"":0.0}",ok,valid,[],"[""event_00000211""]",evaluation_receipt,episode_attempt_6f37b2b8e9b4cd37a63c,6f857ff6ee52c0dbb3bb43ea9f2af020aae13802e952984f365148bc06777278,true
result_799e755c3d4d9a42a2dcd9e2,runplan_a7b9ed75ad95865b,cell_333bb2bda763bcd91beb,housing_v1__experiment__000002,housing_v1,housing_controlled_model_landlords_experiment,episode_attempt_6f37b2b8e9b4cd37a63c,6f857ff6ee52c0dbb3bb43ea9f2af020aae13802e952984f365148bc06777278,included,housing_social_welfare_leaf,1.0.0,social_welfare,1.0.0,utility,tenant_2,tenant_2,0.0,utility_points,"{""disagreement_utility"":0.0}",ok,valid,[],"[""event_00000211""]",evaluation_receipt,episode_attempt_6f37b2b8e9b4cd37a63c,6f857ff6ee52c0dbb3bb43ea9f2af020aae13802e952984f365148bc06777278,true
result_fe400b9f845ad9c63c49b019,runplan_a7b9ed75ad95865b,cell_333bb2bda763bcd91beb,housing_v1__experiment__000002,housing_v1,housing_controlled_model_landlords_experiment,episode_attempt_6f37b2b8e9b4cd37a63c,6f857ff6ee52c0dbb3bb43ea9f2af020aae13802e952984f365148bc06777278,included,housing_social_welfare_leaf,1.0.0,social_welfare,1.0.0,utility,tenant_3,tenant_3,276.53,utility_points,"{""disagreement_utility"":0.0}",ok,valid,[],"[""event_00000211""]",evaluation_receipt,episode_attempt_6f37b2b8e9b4cd37a63c,6f857ff6ee52c0dbb3bb43ea9f2af020aae13802e952984f365148bc06777278,true
result_c7686d2acb348efdad6a718f,runplan_a7b9ed75ad95865b,cell_333bb2bda763bcd91beb,housing_v1__experiment__000002,housing_v1,housing_controlled_model_landlords_experiment,episode_attempt_6f37b2b8e9b4cd37a63c,6f857ff6ee52c0dbb3bb43ea9f2af020aae13802e952984f365148bc06777278,included,housing_social_welfare_leaf,1.0.0,social_welfare,1.0.0,utility,tenant_4,tenant_4,0.0,utility_points,"{""disagreement_utility"":0.0}",ok,valid,[],"[""event_00000211""]",evaluation_receipt,episode_attempt_6f37b2b8e9b4cd37a63c,6f857ff6ee52c0dbb3bb43ea9f2af020aae13802e952984f365148bc06777278,true
result_78d96215ac6077263eac40fd,runplan_a7b9ed75ad95865b,cell_333bb2bda763bcd91beb,housing_v1__experiment__000002,housing_v1,housing_controlled_model_landlords_experiment,episode_attempt_6f37b2b8e9b4cd37a63c,6f857ff6ee52c0dbb3bb43ea9f2af020aae13802e952984f365148bc06777278,included,housing_social_welfare_leaf,1.0.0,social_welfare,1.0.0,utility,tenant_5,tenant_5,0.0,utility_points,"{""disagreement_utility"":0.0}",ok,valid,[],"[""event_00000211""]",evaluation_receipt,episode_attempt_6f37b2b8e9b4cd37a63c,6f857ff6ee52c0dbb3bb43ea9f2af020aae13802e952984f365148bc06777278,true
result_1374ab7d98872706786fa86e,runplan_a7b9ed75ad95865b,cell_333bb2bda763bcd91beb,housing_v1__experiment__000002,housing_v1,housing_controlled_model_landlords_experiment,episode_attempt_6f37b2b8e9b4cd37a63c,6f857ff6ee52c0dbb3bb43ea9f2af020aae13802e952984f365148bc06777278,included,housing_social_welfare_leaf,1.0.0,social_welfare,1.0.0,capture,landlord_0,landlord_0,25.2,utility_points,"{""disagreement_utility"":0.0}",ok,valid,[],"[""event_00000211""]",evaluation_receipt,episode_attempt_6f37b2b8e9b4cd37a63c,6f857ff6ee52c0dbb3bb43ea9f2af020aae13802e952984f365148bc06777278,true
result_29d347926dd67d8832f05fde,runplan_a7b9ed75ad95865b,cell_333bb2bda763bcd91beb,housing_v1__experiment__000002,housing_v1,housing_controlled_model_landlords_experiment,episode_attempt_6f37b2b8e9b4cd37a63c,6f857ff6ee52c0dbb3bb43ea9f2af020aae13802e952984f365148bc06777278,included,housing_social_welfare_leaf,1.0.0,social_welfare,1.0.0,capture,landlord_1,landlord_1,437.87,utility_points,"{""disagreement_utility"":0.0}",ok,valid,[],"[""event_00000211""]",evaluation_receipt,episode_attempt_6f37b2b8e9b4cd37a63c,6f857ff6ee52c0dbb3bb43ea9f2af020aae13802e952984f365148bc06777278,true
result_436d6bd3468dff1aaa408b0f,runplan_a7b9ed75ad95865b,cell_333bb2bda763bcd91beb,housing_v1__experiment__000002,housing_v1,housing_controlled_model_landlords_experiment,episode_attempt_6f37b2b8e9b4cd37a63c,6f857ff6ee52c0dbb3bb43ea9f2af020aae13802e952984f365148bc06777278,included,housing_social_welfare_leaf,1.0.0,social_welfare,1.0.0,capture,landlord_2,landlord_2,155.43,utility_points,"{""disagreement_utility"":0.0}",ok,valid,[],"[""event_00000211""]",evaluation_receipt,episode_attempt_6f37b2b8e9b4cd37a63c,6f857ff6ee52c0dbb3bb43ea9f2af020aae13802e952984f365148bc06777278,true
result_33f590fb8be1fb1970e231f8,runplan_a7b9ed75ad95865b,cell_333bb2bda763bcd91beb,housing_v1__experiment__000002,housing_v1,housing_controlled_model_landlords_experiment,episode_attempt_6f37b2b8e9b4cd37a63c,6f857ff6ee52c0dbb3bb43ea9f2af020aae13802e952984f365148bc06777278,included,housing_social_welfare_leaf,1.0.0,social_welfare,1.0.0,capture,tenant_0,tenant_0,248.88,utility_points,"{""disagreement_utility"":0.0}",ok,valid,[],"[""event_00000211""]",evaluation_receipt,episode_attempt_6f37b2b8e9b4cd37a63c,6f857ff6ee52c0dbb3bb43ea9f2af020aae13802e952984f365148bc06777278,true
result_ae0ced2b3ef1e67f5d9ebc6e,runplan_a7b9ed75ad95865b,cell_333bb2bda763bcd91beb,housing_v1__experiment__000002,housing_v1,housing_controlled_model_landlords_experiment,episode_attempt_6f37b2b8e9b4cd37a63c,6f857ff6ee52c0dbb3bb43ea9f2af020aae13802e952984f365148bc06777278,included,housing_social_welfare_leaf,1.0.0,social_welfare,1.0.0,capture,tenant_1,tenant_1,301.66,utility_points,"{""disagreement_utility"":0.0}",ok,valid,[],"[""event_00000211""]",evaluation_receipt,episode_attempt_6f37b2b8e9b4cd37a63c,6f857ff6ee52c0dbb3bb43ea9f2af020aae13802e952984f365148bc06777278,true
result_efed5c7dfb611be9dcfb8ab2,runplan_a7b9ed75ad95865b,cell_333bb2bda763bcd91beb,housing_v1__experiment__000002,housing_v1,housing_controlled_model_landlords_experiment,episode_attempt_6f37b2b8e9b4cd37a63c,6f857ff6ee52c0dbb3bb43ea9f2af020aae13802e952984f365148bc06777278,included,housing_social_welfare_leaf,1.0.0,social_welfare,1.0.0,capture,tenant_2,tenant_2,0.0,utility_points,"{""disagreement_utility"":0.0}",ok,valid,[],"[""event_00000211""]",evaluation_receipt,episode_attempt_6f37b2b8e9b4cd37a63c,6f857ff6ee52c0dbb3bb43ea9f2af020aae13802e952984f365148bc06777278,true
result_d5bb864bafd077ee4b218aed,runplan_a7b9ed75ad95865b,cell_333bb2bda763bcd91beb,housing_v1__experiment__000002,housing_v1,housing_controlled_model_landlords_experiment,episode_attempt_6f37b2b8e9b4cd37a63c,6f857ff6ee52c0dbb3bb43ea9f2af020aae13802e952984f365148bc06777278,included,housing_social_welfare_leaf,1.0.0,social_welfare,1.0.0,capture,tenant_3,tenant_3,276.53,utility_points,"{""disagreement_utility"":0.0}",ok,valid,[],"[""event_00000211""]",evaluation_receipt,episode_attempt_6f37b2b8e9b4cd37a63c,6f857ff6ee52c0dbb3bb43ea9f2af020aae13802e952984f365148bc06777278,true
result_89363c26a524003b587fd6a9,runplan_a7b9ed75ad95865b,cell_333bb2bda763bcd91beb,housing_v1__experiment__000002,housing_v1,housing_controlled_model_landlords_experiment,episode_attempt_6f37b2b8e9b4cd37a63c,6f857ff6ee52c0dbb3bb43ea9f2af020aae13802e952984f365148bc06777278,included,housing_social_welfare_leaf,1.0.0,social_welfare,1.0.0,capture,tenant_4,tenant_4,0.0,utility_points,"{""disagreement_utility"":0.0}",ok,valid,[],"[""event_00000211""]",evaluation_receipt,episode_attempt_6f37b2b8e9b4cd37a63c,6f857ff6ee52c0dbb3bb43ea9f2af020aae13802e952984f365148bc06777278,true
result_635c85892d3c6a7e98459459,runplan_a7b9ed75ad95865b,cell_333bb2bda763bcd91beb,housing_v1__experiment__000002,housing_v1,housing_controlled_model_landlords_experiment,episode_attempt_6f37b2b8e9b4cd37a63c,6f857ff6ee52c0dbb3bb43ea9f2af020aae13802e952984f365148bc06777278,included,housing_social_welfare_leaf,1.0.0,social_welfare,1.0.0,capture,tenant_5,tenant_5,0.0,utility_points,"{""disagreement_utility"":0.0}",ok,valid,[],"[""event_00000211""]",evaluation_receipt,episode_attempt_6f37b2b8e9b4cd37a63c,6f857ff6ee52c0dbb3bb43ea9f2af020aae13802e952984f365148bc06777278,true
result_65a329f6c7babab8a94ba283,runplan_a7b9ed75ad95865b,cell_3a007b4a7cc50d37ccde,housing_v1__experiment__000006,housing_v1,housing_controlled_model_landlords_experiment,episode_attempt_c22625af3266f4ecdf13,b8f63de1c79ae282cce765e76aebe8788031dd7d3d87b7924345003d27287e63,included,housing_social_welfare_leaf,1.0.0,social_welfare,1.0.0,primary,social_welfare,,1101.07,utility_points,{},ok,valid,[],"[""event_00000211""]",evaluation_receipt,episode_attempt_c22625af3266f4ecdf13,b8f63de1c79ae282cce765e76aebe8788031dd7d3d87b7924345003d27287e63,true
result_30188d8e51f5776a60e1c709,runplan_a7b9ed75ad95865b,cell_3a007b4a7cc50d37ccde,housing_v1__experiment__000006,housing_v1,housing_controlled_model_landlords_experiment,episode_attempt_c22625af3266f4ecdf13,b8f63de1c79ae282cce765e76aebe8788031dd7d3d87b7924345003d27287e63,included,housing_social_welfare_leaf,1.0.0,social_welfare,1.0.0,metric,comparison_baseline_gap,,-81.72000000000003,utility_points,{},ok,valid,[],"[""event_00000211""]",evaluation_receipt,episode_attempt_c22625af3266f4ecdf13,b8f63de1c79ae282cce765e76aebe8788031dd7d3d87b7924345003d27287e63,true
result_db375ecaf5665017c8a59dd4,runplan_a7b9ed75ad95865b,cell_3a007b4a7cc50d37ccde,housing_v1__experiment__000006,housing_v1,housing_controlled_model_landlords_experiment,episode_attempt_c22625af3266f4ecdf13,b8f63de1c79ae282cce765e76aebe8788031dd7d3d87b7924345003d27287e63,included,housing_social_welfare_leaf,1.0.0,social_welfare,1.0.0,metric,ir_violation_count,,0.0,count,{},ok,valid,[],"[""event_00000211""]",evaluation_receipt,episode_attempt_c22625af3266f4ecdf13,b8f63de1c79ae282cce765e76aebe8788031dd7d3d87b7924345003d27287e63,true
result_ddea4035030446d3af4fae5b,runplan_a7b9ed75ad95865b,cell_3a007b4a7cc50d37ccde,housing_v1__experiment__000006,housing_v1,housing_controlled_model_landlords_experiment,episode_attempt_c22625af3266f4ecdf13,b8f63de1c79ae282cce765e76aebe8788031dd7d3d87b7924345003d27287e63,included,housing_social_welfare_leaf,1.0.0,social_welfare,1.0.0,metric,social_welfare,,1101.07,utility_points,{},ok,valid,[],"[""event_00000211""]",evaluation_receipt,episode_attempt_c22625af3266f4ecdf13,b8f63de1c79ae282cce765e76aebe8788031dd7d3d87b7924345003d27287e63,true
result_51d1c85d5e24a8ea0610c54b,runplan_a7b9ed75ad95865b,cell_3a007b4a7cc50d37ccde,housing_v1__experiment__000006,housing_v1,housing_controlled_model_landlords_experiment,episode_attempt_c22625af3266f4ecdf13,b8f63de1c79ae282cce765e76aebe8788031dd7d3d87b7924345003d27287e63,included,housing_social_welfare_leaf,1.0.0,social_welfare,1.0.0,metric,upper_bound_gap,,460.1100000000001,utility_points,{},ok,valid,[],"[""event_00000211""]",evaluation_receipt,episode_attempt_c22625af3266f4ecdf13,b8f63de1c79ae282cce765e76aebe8788031dd7d3d87b7924345003d27287e63,true
result_308b39e8e7e3c6f4a9d47bb5,runplan_a7b9ed75ad95865b,cell_3a007b4a7cc50d37ccde,housing_v1__experiment__000006,housing_v1,housing_controlled_model_landlords_experiment,episode_attempt_c22625af3266f4ecdf13,b8f63de1c79ae282cce765e76aebe8788031dd7d3d87b7924345003d27287e63,included,housing_social_welfare_leaf,1.0.0,social_welfare,1.0.0,metric,wasted_contacts,,5.0,count,{},ok,valid,[],"[""event_00000211""]",evaluation_receipt,episode_attempt_c22625af3266f4ecdf13,b8f63de1c79ae282cce765e76aebe8788031dd7d3d87b7924345003d27287e63,true
result_9dfe50b5848bc712739a12a8,runplan_a7b9ed75ad95865b,cell_3a007b4a7cc50d37ccde,housing_v1__experiment__000006,housing_v1,housing_controlled_model_landlords_experiment,episode_attempt_c22625af3266f4ecdf13,b8f63de1c79ae282cce765e76aebe8788031dd7d3d87b7924345003d27287e63,included,housing_social_welfare_leaf,1.0.0,social_welfare,1.0.0,metric,within_case_score,,0.7052806210686787,ratio,{},ok,valid,[],"[""event_00000211""]",evaluation_receipt,episode_attempt_c22625af3266f4ecdf13,b8f63de1c79ae282cce765e76aebe8788031dd7d3d87b7924345003d27287e63,true
result_2c24bbacbf3c8ff92054c450,runplan_a7b9ed75ad95865b,cell_3a007b4a7cc50d37ccde,housing_v1__experiment__000006,housing_v1,housing_controlled_model_landlords_experiment,episode_attempt_c22625af3266f4ecdf13,b8f63de1c79ae282cce765e76aebe8788031dd7d3d87b7924345003d27287e63,included,housing_social_welfare_leaf,1.0.0,social_welfare,1.0.0,reference,comparison_baseline,,1182.79,utility_points,"{""policy"":""naive"",""reference_kind"":""comparison_baseline""}",ok,valid,[],"[""event_00000211""]",evaluation_receipt,episode_attempt_c22625af3266f4ecdf13,b8f63de1c79ae282cce765e76aebe8788031dd7d3d87b7924345003d27287e63,true
result_e7b299d1e981ef141563492d,runplan_a7b9ed75ad95865b,cell_3a007b4a7cc50d37ccde,housing_v1__experiment__000006,housing_v1,housing_controlled_model_landlords_experiment,episode_attempt_c22625af3266f4ecdf13,b8f63de1c79ae282cce765e76aebe8788031dd7d3d87b7924345003d27287e63,included,housing_social_welfare_leaf,1.0.0,social_welfare,1.0.0,reference,optimum_lower_bound,,0.0,utility_points,"{""policy"":""do_nothing"",""reference_kind"":""objective_lower_bound""}",ok,valid,[],"[""event_00000211""]",evaluation_receipt,episode_attempt_c22625af3266f4ecdf13,b8f63de1c79ae282cce765e76aebe8788031dd7d3d87b7924345003d27287e63,true
result_3b6f21cb072d3b778c698060,runplan_a7b9ed75ad95865b,cell_3a007b4a7cc50d37ccde,housing_v1__experiment__000006,housing_v1,housing_controlled_model_landlords_experiment,episode_attempt_c22625af3266f4ecdf13,b8f63de1c79ae282cce765e76aebe8788031dd7d3d87b7924345003d27287e63,included,housing_social_welfare_leaf,1.0.0,social_welfare,1.0.0,reference,optimum_upper_bound,,1561.18,utility_points,"{""reference_kind"":""objective_upper_bound"",""semantics"":""full_information_allocation_relaxation""}",ok,valid,[],"[""event_00000211""]",evaluation_receipt,episode_attempt_c22625af3266f4ecdf13,b8f63de1c79ae282cce765e76aebe8788031dd7d3d87b7924345003d27287e63,true
result_7703fbfe0a1cfa569bfce306,runplan_a7b9ed75ad95865b,cell_3a007b4a7cc50d37ccde,housing_v1__experiment__000006,housing_v1,housing_controlled_model_landlords_experiment,episode_attempt_c22625af3266f4ecdf13,b8f63de1c79ae282cce765e76aebe8788031dd7d3d87b7924345003d27287e63,included,housing_social_welfare_leaf,1.0.0,social_welfare,1.0.0,utility,landlord_0,landlord_0,31.31,utility_points,"{""disagreement_utility"":0.0}",ok,valid,[],"[""event_00000211""]",evaluation_receipt,episode_attempt_c22625af3266f4ecdf13,b8f63de1c79ae282cce765e76aebe8788031dd7d3d87b7924345003d27287e63,true
result_abfbe8733688d814dea8baaf,runplan_a7b9ed75ad95865b,cell_3a007b4a7cc50d37ccde,housing_v1__experiment__000006,housing_v1,housing_controlled_model_landlords_experiment,episode_attempt_c22625af3266f4ecdf13,b8f63de1c79ae282cce765e76aebe8788031dd7d3d87b7924345003d27287e63,included,housing_social_welfare_leaf,1.0.0,social_welfare,1.0.0,utility,landlord_1,landlord_1,541.01,utility_points,"{""disagreement_utility"":0.0}",ok,valid,[],"[""event_00000211""]",evaluation_receipt,episode_attempt_c22625af3266f4ecdf13,b8f63de1c79ae282cce765e76aebe8788031dd7d3d87b7924345003d27287e63,true
result_e19abb0bd34e1b842a94c276,runplan_a7b9ed75ad95865b,cell_3a007b4a7cc50d37ccde,housing_v1__experiment__000006,housing_v1,housing_controlled_model_landlords_experiment,episode_attempt_c22625af3266f4ecdf13,b8f63de1c79ae282cce765e76aebe8788031dd7d3d87b7924345003d27287e63,included,housing_social_welfare_leaf,1.0.0,social_welfare,1.0.0,utility,landlord_2,landlord_2,260.53,utility_points,"{""disagreement_utility"":0.0}",ok,valid,[],"[""event_00000211""]",evaluation_receipt,episode_attempt_c22625af3266f4ecdf13,b8f63de1c79ae282cce765e76aebe8788031dd7d3d87b7924345003d27287e63,true
result_48b8e9fc0d163c1a20d7417f,runplan_a7b9ed75ad95865b,cell_3a007b4a7cc50d37ccde,housing_v1__experiment__000006,housing_v1,housing_controlled_model_landlords_experiment,episode_attempt_c22625af3266f4ecdf13,b8f63de1c79ae282cce765e76aebe8788031dd7d3d87b7924345003d27287e63,included,housing_social_welfare_leaf,1.0.0,social_welfare,1.0.0,utility,tenant_0,tenant_0,123.05,utility_points,"{""disagreement_utility"":0.0}",ok,valid,[],"[""event_00000211""]",evaluation_receipt,episode_attempt_c22625af3266f4ecdf13,b8f63de1c79ae282cce765e76aebe8788031dd7d3d87b7924345003d27287e63,true
result_f16ef3aa97e743b8651e603d,runplan_a7b9ed75ad95865b,cell_3a007b4a7cc50d37ccde,housing_v1__experiment__000006,housing_v1,housing_controlled_model_landlords_experiment,episode_attempt_c22625af3266f4ecdf13,b8f63de1c79ae282cce765e76aebe8788031dd7d3d87b7924345003d27287e63,included,housing_social_welfare_leaf,1.0.0,social_welfare,1.0.0,utility,tenant_1,tenant_1,145.17,utility_points,"{""disagreement_utility"":0.0}",ok,valid,[],"[""event_00000211""]",evaluation_receipt,episode_attempt_c22625af3266f4ecdf13,b8f63de1c79ae282cce765e76aebe8788031dd7d3d87b7924345003d27287e63,true
result_748062f2213390ec3053ab76,runplan_a7b9ed75ad95865b,cell_3a007b4a7cc50d37ccde,housing_v1__experiment__000006,housing_v1,housing_controlled_model_landlords_experiment,episode_attempt_c22625af3266f4ecdf13,b8f63de1c79ae282cce765e76aebe8788031dd7d3d87b7924345003d27287e63,included,housing_social_welfare_leaf,1.0.0,social_welfare,1.0.0,utility,tenant_2,tenant_2,0.0,utility_points,"{""disagreement_utility"":0.0}",ok,valid,[],"[""event_00000211""]",evaluation_receipt,episode_attempt_c22625af3266f4ecdf13,b8f63de1c79ae282cce765e76aebe8788031dd7d3d87b7924345003d27287e63,true
result_4e88c686932e927b153031a7,runplan_a7b9ed75ad95865b,cell_3a007b4a7cc50d37ccde,housing_v1__experiment__000006,housing_v1,housing_controlled_model_landlords_experiment,episode_attempt_c22625af3266f4ecdf13,b8f63de1c79ae282cce765e76aebe8788031dd7d3d87b7924345003d27287e63,included,housing_social_welfare_leaf,1.0.0,social_welfare,1.0.0,utility,tenant_3,tenant_3,0.0,utility_points,"{""disagreement_utility"":0.0}",ok,valid,[],"[""event_00000211""]",evaluation_receipt,episode_attempt_c22625af3266f4ecdf13,b8f63de1c79ae282cce765e76aebe8788031dd7d3d87b7924345003d27287e63,true
result_863f267f16d07acf27596fc9,runplan_a7b9ed75ad95865b,cell_3a007b4a7cc50d37ccde,housing_v1__experiment__000006,housing_v1,housing_controlled_model_landlords_experiment,episode_attempt_c22625af3266f4ecdf13,b8f63de1c79ae282cce765e76aebe8788031dd7d3d87b7924345003d27287e63,included,housing_social_welfare_leaf,1.0.0,social_welfare,1.0.0,utility,tenant_4,tenant_4,0.0,utility_points,"{""disagreement_utility"":0.0}",ok,valid,[],"[""event_00000211""]",evaluation_receipt,episode_attempt_c22625af3266f4ecdf13,b8f63de1c79ae282cce765e76aebe8788031dd7d3d87b7924345003d27287e63,true
result_fc9fd878226e34fee7b55a0c,runplan_a7b9ed75ad95865b,cell_3a007b4a7cc50d37ccde,housing_v1__experiment__000006,housing_v1,housing_controlled_model_landlords_experiment,episode_attempt_c22625af3266f4ecdf13,b8f63de1c79ae282cce765e76aebe8788031dd7d3d87b7924345003d27287e63,included,housing_social_welfare_leaf,1.0.0,social_welfare,1.0.0,utility,tenant_5,tenant_5,0.0,utility_points,"{""disagreement_utility"":0.0}",ok,valid,[],"[""event_00000211""]",evaluation_receipt,episode_attempt_c22625af3266f4ecdf13,b8f63de1c79ae282cce765e76aebe8788031dd7d3d87b7924345003d27287e63,true
result_d1037981f4219c67de62ce2f,runplan_a7b9ed75ad95865b,cell_3a007b4a7cc50d37ccde,housing_v1__experiment__000006,housing_v1,housing_controlled_model_landlords_experiment,episode_attempt_c22625af3266f4ecdf13,b8f63de1c79ae282cce765e76aebe8788031dd7d3d87b7924345003d27287e63,included,housing_social_welfare_leaf,1.0.0,social_welfare,1.0.0,capture,landlord_0,landlord_0,31.31,utility_points,"{""disagreement_utility"":0.0}",ok,valid,[],"[""event_00000211""]",evaluation_receipt,episode_attempt_c22625af3266f4ecdf13,b8f63de1c79ae282cce765e76aebe8788031dd7d3d87b7924345003d27287e63,true
result_07900dd82255e1c98a578354,runplan_a7b9ed75ad95865b,cell_3a007b4a7cc50d37ccde,housing_v1__experiment__000006,housing_v1,housing_controlled_model_landlords_experiment,episode_attempt_c22625af3266f4ecdf13,b8f63de1c79ae282cce765e76aebe8788031dd7d3d87b7924345003d27287e63,included,housing_social_welfare_leaf,1.0.0,social_welfare,1.0.0,capture,landlord_1,landlord_1,541.01,utility_points,"{""disagreement_utility"":0.0}",ok,valid,[],"[""event_00000211""]",evaluation_receipt,episode_attempt_c22625af3266f4ecdf13,b8f63de1c79ae282cce765e76aebe8788031dd7d3d87b7924345003d27287e63,true
result_a15d2496178fbad2e73f7288,runplan_a7b9ed75ad95865b,cell_3a007b4a7cc50d37ccde,housing_v1__experiment__000006,housing_v1,housing_controlled_model_landlords_experiment,episode_attempt_c22625af3266f4ecdf13,b8f63de1c79ae282cce765e76aebe8788031dd7d3d87b7924345003d27287e63,included,housing_social_welfare_leaf,1.0.0,social_welfare,1.0.0,capture,landlord_2,landlord_2,260.53,utility_points,"{""disagreement_utility"":0.0}",ok,valid,[],"[""event_00000211""]",evaluation_receipt,episode_attempt_c22625af3266f4ecdf13,b8f63de1c79ae282cce765e76aebe8788031dd7d3d87b7924345003d27287e63,true
result_03b06f850470b1003d93167c,runplan_a7b9ed75ad95865b,cell_3a007b4a7cc50d37ccde,housing_v1__experiment__000006,housing_v1,housing_controlled_model_landlords_experiment,episode_attempt_c22625af3266f4ecdf13,b8f63de1c79ae282cce765e76aebe8788031dd7d3d87b7924345003d27287e63,included,housing_social_welfare_leaf,1.0.0,social_welfare,1.0.0,capture,tenant_0,tenant_0,123.05,utility_points,"{""disagreement_utility"":0.0}",ok,valid,[],"[""event_00000211""]",evaluation_receipt,episode_attempt_c22625af3266f4ecdf13,b8f63de1c79ae282cce765e76aebe8788031dd7d3d87b7924345003d27287e63,true
result_79d5a850a14286dc7d0ec2d0,runplan_a7b9ed75ad95865b,cell_3a007b4a7cc50d37ccde,housing_v1__experiment__000006,housing_v1,housing_controlled_model_landlords_experiment,episode_attempt_c22625af3266f4ecdf13,b8f63de1c79ae282cce765e76aebe8788031dd7d3d87b7924345003d27287e63,included,housing_social_welfare_leaf,1.0.0,social_welfare,1.0.0,capture,tenant_1,tenant_1,145.17,utility_points,"{""disagreement_utility"":0.0}",ok,valid,[],"[""event_00000211""]",evaluation_receipt,episode_attempt_c22625af3266f4ecdf13,b8f63de1c79ae282cce765e76aebe8788031dd7d3d87b7924345003d27287e63,true
result_e42733197d306f9ff78ecde5,runplan_a7b9ed75ad95865b,cell_3a007b4a7cc50d37ccde,housing_v1__experiment__000006,housing_v1,housing_controlled_model_landlords_experiment,episode_attempt_c22625af3266f4ecdf13,b8f63de1c79ae282cce765e76aebe8788031dd7d3d87b7924345003d27287e63,included,housing_social_welfare_leaf,1.0.0,social_welfare,1.0.0,capture,tenant_2,tenant_2,0.0,utility_points,"{""disagreement_utility"":0.0}",ok,valid,[],"[""event_00000211""]",evaluation_receipt,episode_attempt_c22625af3266f4ecdf13,b8f63de1c79ae282cce765e76aebe8788031dd7d3d87b7924345003d27287e63,true
result_206836238fb52f4a3457c16f,runplan_a7b9ed75ad95865b,cell_3a007b4a7cc50d37ccde,housing_v1__experiment__000006,housing_v1,housing_controlled_model_landlords_experiment,episode_attempt_c22625af3266f4ecdf13,b8f63de1c79ae282cce765e76aebe8788031dd7d3d87b7924345003d27287e63,included,housing_social_welfare_leaf,1.0.0,social_welfare,1.0.0,capture,tenant_3,tenant_3,0.0,utility_points,"{""disagreement_utility"":0.0}",ok,valid,[],"[""event_00000211""]",evaluation_receipt,episode_attempt_c22625af3266f4ecdf13,b8f63de1c79ae282cce765e76aebe8788031dd7d3d87b7924345003d27287e63,true
result_8f9adc7b3b2d6b2f49b14345,runplan_a7b9ed75ad95865b,cell_3a007b4a7cc50d37ccde,housing_v1__experiment__000006,housing_v1,housing_controlled_model_landlords_experiment,episode_attempt_c22625af3266f4ecdf13,b8f63de1c79ae282cce765e76aebe8788031dd7d3d87b7924345003d27287e63,included,housing_social_welfare_leaf,1.0.0,social_welfare,1.0.0,capture,tenant_4,tenant_4,0.0,utility_points,"{""disagreement_utility"":0.0}",ok,valid,[],"[""event_00000211""]",evaluation_receipt,episode_attempt_c22625af3266f4ecdf13,b8f63de1c79ae282cce765e76aebe8788031dd7d3d87b7924345003d27287e63,true
result_5af8703f64b51022c531bf4f,runplan_a7b9ed75ad95865b,cell_3a007b4a7cc50d37ccde,housing_v1__experiment__000006,housing_v1,housing_controlled_model_landlords_experiment,episode_attempt_c22625af3266f4ecdf13,b8f63de1c79ae282cce765e76aebe8788031dd7d3d87b7924345003d27287e63,included,housing_social_welfare_leaf,1.0.0,social_welfare,1.0.0,capture,tenant_5,tenant_5,0.0,utility_points,"{""disagreement_utility"":0.0}",ok,valid,[],"[""event_00000211""]",evaluation_receipt,episode_attempt_c22625af3266f4ecdf13,b8f63de1c79ae282cce765e76aebe8788031dd7d3d87b7924345003d27287e63,true
result_bc74a6ed2b61048c2242ba22,runplan_a7b9ed75ad95865b,cell_409e47ad0669b1be6f2c,housing_v1__experiment__000005,housing_v1,housing_controlled_model_landlords_experiment,episode_attempt_aab92cf5db7eae098e8f,7ec4b16094b9e0c9797e9b3d1680d7f33cb1e2751665dc5ef4ee84b72d93933c,included,housing_social_welfare_leaf,1.0.0,social_welfare,1.0.0,primary,social_welfare,,1070.83,utility_points,{},ok,valid,[],"[""event_00000211""]",evaluation_receipt,episode_attempt_aab92cf5db7eae098e8f,7ec4b16094b9e0c9797e9b3d1680d7f33cb1e2751665dc5ef4ee84b72d93933c,true
result_0355405b0aa26df6e5526386,runplan_a7b9ed75ad95865b,cell_409e47ad0669b1be6f2c,housing_v1__experiment__000005,housing_v1,housing_controlled_model_landlords_experiment,episode_attempt_aab92cf5db7eae098e8f,7ec4b16094b9e0c9797e9b3d1680d7f33cb1e2751665dc5ef4ee84b72d93933c,included,housing_social_welfare_leaf,1.0.0,social_welfare,1.0.0,metric,comparison_baseline_gap,,-88.11000000000013,utility_points,{},ok,valid,[],"[""event_00000211""]",evaluation_receipt,episode_attempt_aab92cf5db7eae098e8f,7ec4b16094b9e0c9797e9b3d1680d7f33cb1e2751665dc5ef4ee84b72d93933c,true
result_d209b1a9ebbee940ecc61206,runplan_a7b9ed75ad95865b,cell_409e47ad0669b1be6f2c,housing_v1__experiment__000005,housing_v1,housing_controlled_model_landlords_experiment,episode_attempt_aab92cf5db7eae098e8f,7ec4b16094b9e0c9797e9b3d1680d7f33cb1e2751665dc5ef4ee84b72d93933c,included,housing_social_welfare_leaf,1.0.0,social_welfare,1.0.0,metric,ir_violation_count,,0.0,count,{},ok,valid,[],"[""event_00000211""]",evaluation_receipt,episode_attempt_aab92cf5db7eae098e8f,7ec4b16094b9e0c9797e9b3d1680d7f33cb1e2751665dc5ef4ee84b72d93933c,true
result_a1f09e8aff911237605a1936,runplan_a7b9ed75ad95865b,cell_409e47ad0669b1be6f2c,housing_v1__experiment__000005,housing_v1,housing_controlled_model_landlords_experiment,episode_attempt_aab92cf5db7eae098e8f,7ec4b16094b9e0c9797e9b3d1680d7f33cb1e2751665dc5ef4ee84b72d93933c,included,housing_social_welfare_leaf,1.0.0,social_welfare,1.0.0,metric,social_welfare,,1070.83,utility_points,{},ok,valid,[],"[""event_00000211""]",evaluation_receipt,episode_attempt_aab92cf5db7eae098e8f,7ec4b16094b9e0c9797e9b3d1680d7f33cb1e2751665dc5ef4ee84b72d93933c,true
result_843075fcf1a17dabf6769473,runplan_a7b9ed75ad95865b,cell_409e47ad0669b1be6f2c,housing_v1__experiment__000005,housing_v1,housing_controlled_model_landlords_experiment,episode_attempt_aab92cf5db7eae098e8f,7ec4b16094b9e0c9797e9b3d1680d7f33cb1e2751665dc5ef4ee84b72d93933c,included,housing_social_welfare_leaf,1.0.0,social_welfare,1.0.0,metric,upper_bound_gap,,386.51,utility_points,{},ok,valid,[],"[""event_00000211""]",evaluation_receipt,episode_attempt_aab92cf5db7eae098e8f,7ec4b16094b9e0c9797e9b3d1680d7f33cb1e2751665dc5ef4ee84b72d93933c,true
result_53abd9628b38ffce5d039a92,runplan_a7b9ed75ad95865b,cell_409e47ad0669b1be6f2c,housing_v1__experiment__000005,housing_v1,housing_controlled_model_landlords_experiment,episode_attempt_aab92cf5db7eae098e8f,7ec4b16094b9e0c9797e9b3d1680d7f33cb1e2751665dc5ef4ee84b72d93933c,included,housing_social_welfare_leaf,1.0.0,social_welfare,1.0.0,metric,wasted_contacts,,7.0,count,{},ok,valid,[],"[""event_00000211""]",evaluation_receipt,episode_attempt_aab92cf5db7eae098e8f,7ec4b16094b9e0c9797e9b3d1680d7f33cb1e2751665dc5ef4ee84b72d93933c,true
result_2e5bef15758f3220b3277502,runplan_a7b9ed75ad95865b,cell_409e47ad0669b1be6f2c,housing_v1__experiment__000005,housing_v1,housing_controlled_model_landlords_experiment,episode_attempt_aab92cf5db7eae098e8f,7ec4b16094b9e0c9797e9b3d1680d7f33cb1e2751665dc5ef4ee84b72d93933c,included,housing_social_welfare_leaf,1.0.0,social_welfare,1.0.0,metric,within_case_score,,0.7347839213910274,ratio,{},ok,valid,[],"[""event_00000211""]",evaluation_receipt,episode_attempt_aab92cf5db7eae098e8f,7ec4b16094b9e0c9797e9b3d1680d7f33cb1e2751665dc5ef4ee84b72d93933c,true
result_985a805fb25f8ffeb60e77c4,runplan_a7b9ed75ad95865b,cell_409e47ad0669b1be6f2c,housing_v1__experiment__000005,housing_v1,housing_controlled_model_landlords_experiment,episode_attempt_aab92cf5db7eae098e8f,7ec4b16094b9e0c9797e9b3d1680d7f33cb1e2751665dc5ef4ee84b72d93933c,included,housing_social_welfare_leaf,1.0.0,social_welfare,1.0.0,reference,comparison_baseline,,1158.94,utility_points,"{""policy"":""naive"",""reference_kind"":""comparison_baseline""}",ok,valid,[],"[""event_00000211""]",evaluation_receipt,episode_attempt_aab92cf5db7eae098e8f,7ec4b16094b9e0c9797e9b3d1680d7f33cb1e2751665dc5ef4ee84b72d93933c,true
result_8c446689193e8e12610c8547,runplan_a7b9ed75ad95865b,cell_409e47ad0669b1be6f2c,housing_v1__experiment__000005,housing_v1,housing_controlled_model_landlords_experiment,episode_attempt_aab92cf5db7eae098e8f,7ec4b16094b9e0c9797e9b3d1680d7f33cb1e2751665dc5ef4ee84b72d93933c,included,housing_social_welfare_leaf,1.0.0,social_welfare,1.0.0,reference,optimum_lower_bound,,0.0,utility_points,"{""policy"":""do_nothing"",""reference_kind"":""objective_lower_bound""}",ok,valid,[],"[""event_00000211""]",evaluation_receipt,episode_attempt_aab92cf5db7eae098e8f,7ec4b16094b9e0c9797e9b3d1680d7f33cb1e2751665dc5ef4ee84b72d93933c,true
result_b73cc946f907af08ee8fda81,runplan_a7b9ed75ad95865b,cell_409e47ad0669b1be6f2c,housing_v1__experiment__000005,housing_v1,housing_controlled_model_landlords_experiment,episode_attempt_aab92cf5db7eae098e8f,7ec4b16094b9e0c9797e9b3d1680d7f33cb1e2751665dc5ef4ee84b72d93933c,included,housing_social_welfare_leaf,1.0.0,social_welfare,1.0.0,reference,optimum_upper_bound,,1457.34,utility_points,"{""reference_kind"":""objective_upper_bound"",""semantics"":""full_information_allocation_relaxation""}",ok,valid,[],"[""event_00000211""]",evaluation_receipt,episode_attempt_aab92cf5db7eae098e8f,7ec4b16094b9e0c9797e9b3d1680d7f33cb1e2751665dc5ef4ee84b72d93933c,true
result_0bf1d255a5fc7274bd6df3e6,runplan_a7b9ed75ad95865b,cell_409e47ad0669b1be6f2c,housing_v1__experiment__000005,housing_v1,housing_controlled_model_landlords_experiment,episode_attempt_aab92cf5db7eae098e8f,7ec4b16094b9e0c9797e9b3d1680d7f33cb1e2751665dc5ef4ee84b72d93933c,included,housing_social_welfare_leaf,1.0.0,social_welfare,1.0.0,utility,landlord_0,landlord_0,30.29,utility_points,"{""disagreement_utility"":0.0}",ok,valid,[],"[""event_00000211""]",evaluation_receipt,episode_attempt_aab92cf5db7eae098e8f,7ec4b16094b9e0c9797e9b3d1680d7f33cb1e2751665dc5ef4ee84b72d93933c,true
result_68170e17c2d2ef573970163b,runplan_a7b9ed75ad95865b,cell_409e47ad0669b1be6f2c,housing_v1__experiment__000005,housing_v1,housing_controlled_model_landlords_experiment,episode_attempt_aab92cf5db7eae098e8f,7ec4b16094b9e0c9797e9b3d1680d7f33cb1e2751665dc5ef4ee84b72d93933c,included,housing_social_welfare_leaf,1.0.0,social_welfare,1.0.0,utility,landlord_1,landlord_1,567.72,utility_points,"{""disagreement_utility"":0.0}",ok,valid,[],"[""event_00000211""]",evaluation_receipt,episode_attempt_aab92cf5db7eae098e8f,7ec4b16094b9e0c9797e9b3d1680d7f33cb1e2751665dc5ef4ee84b72d93933c,true
result_d94ca05bfa682122f9fe7b8c,runplan_a7b9ed75ad95865b,cell_409e47ad0669b1be6f2c,housing_v1__experiment__000005,housing_v1,housing_controlled_model_landlords_experiment,episode_attempt_aab92cf5db7eae098e8f,7ec4b16094b9e0c9797e9b3d1680d7f33cb1e2751665dc5ef4ee84b72d93933c,included,housing_social_welfare_leaf,1.0.0,social_welfare,1.0.0,utility,landlord_2,landlord_2,73.64,utility_points,"{""disagreement_utility"":0.0}",ok,valid,[],"[""event_00000211""]",evaluation_receipt,episode_attempt_aab92cf5db7eae098e8f,7ec4b16094b9e0c9797e9b3d1680d7f33cb1e2751665dc5ef4ee84b72d93933c,true
result_4c001af6e22143f9111f63d8,runplan_a7b9ed75ad95865b,cell_409e47ad0669b1be6f2c,housing_v1__experiment__000005,housing_v1,housing_controlled_model_landlords_experiment,episode_attempt_aab92cf5db7eae098e8f,7ec4b16094b9e0c9797e9b3d1680d7f33cb1e2751665dc5ef4ee84b72d93933c,included,housing_social_welfare_leaf,1.0.0,social_welfare,1.0.0,utility,tenant_0,tenant_0,352.72,utility_points,"{""disagreement_utility"":0.0}",ok,valid,[],"[""event_00000211""]",evaluation_receipt,episode_attempt_aab92cf5db7eae098e8f,7ec4b16094b9e0c9797e9b3d1680d7f33cb1e2751665dc5ef4ee84b72d93933c,true
result_50e3031b6167d30ef258f6e1,runplan_a7b9ed75ad95865b,cell_409e47ad0669b1be6f2c,housing_v1__experiment__000005,housing_v1,housing_controlled_model_landlords_experiment,episode_attempt_aab92cf5db7eae098e8f,7ec4b16094b9e0c9797e9b3d1680d7f33cb1e2751665dc5ef4ee84b72d93933c,included,housing_social_welfare_leaf,1.0.0,social_welfare,1.0.0,utility,tenant_1,tenant_1,0.0,utility_points,"{""disagreement_utility"":0.0}",ok,valid,[],"[""event_00000211""]",evaluation_receipt,episode_attempt_aab92cf5db7eae098e8f,7ec4b16094b9e0c9797e9b3d1680d7f33cb1e2751665dc5ef4ee84b72d93933c,true
result_eb4007fdd056da2cef293a18,runplan_a7b9ed75ad95865b,cell_409e47ad0669b1be6f2c,housing_v1__experiment__000005,housing_v1,housing_controlled_model_landlords_experiment,episode_attempt_aab92cf5db7eae098e8f,7ec4b16094b9e0c9797e9b3d1680d7f33cb1e2751665dc5ef4ee84b72d93933c,included,housing_social_welfare_leaf,1.0.0,social_welfare,1.0.0,utility,tenant_2,tenant_2,46.46,utility_points,"{""disagreement_utility"":0.0}",ok,valid,[],"[""event_00000211""]",evaluation_receipt,episode_attempt_aab92cf5db7eae098e8f,7ec4b16094b9e0c9797e9b3d1680d7f33cb1e2751665dc5ef4ee84b72d93933c,true
result_33d00255c868a8710b815b3d,runplan_a7b9ed75ad95865b,cell_409e47ad0669b1be6f2c,housing_v1__experiment__000005,housing_v1,housing_controlled_model_landlords_experiment,episode_attempt_aab92cf5db7eae098e8f,7ec4b16094b9e0c9797e9b3d1680d7f33cb1e2751665dc5ef4ee84b72d93933c,included,housing_social_welfare_leaf,1.0.0,social_welfare,1.0.0,utility,tenant_3,tenant_3,0.0,utility_points,"{""disagreement_utility"":0.0}",ok,valid,[],"[""event_00000211""]",evaluation_receipt,episode_attempt_aab92cf5db7eae098e8f,7ec4b16094b9e0c9797e9b3d1680d7f33cb1e2751665dc5ef4ee84b72d93933c,true
result_4426d5e985f116bb2f00580a,runplan_a7b9ed75ad95865b,cell_409e47ad0669b1be6f2c,housing_v1__experiment__000005,housing_v1,housing_controlled_model_landlords_experiment,episode_attempt_aab92cf5db7eae098e8f,7ec4b16094b9e0c9797e9b3d1680d7f33cb1e2751665dc5ef4ee84b72d93933c,included,housing_social_welfare_leaf,1.0.0,social_welfare,1.0.0,utility,tenant_4,tenant_4,0.0,utility_points,"{""disagreement_utility"":0.0}",ok,valid,[],"[""event_00000211""]",evaluation_receipt,episode_attempt_aab92cf5db7eae098e8f,7ec4b16094b9e0c9797e9b3d1680d7f33cb1e2751665dc5ef4ee84b72d93933c,true
result_21da8ecb4b5de67c4659298b,runplan_a7b9ed75ad95865b,cell_409e47ad0669b1be6f2c,housing_v1__experiment__000005,housing_v1,housing_controlled_model_landlords_experiment,episode_attempt_aab92cf5db7eae098e8f,7ec4b16094b9e0c9797e9b3d1680d7f33cb1e2751665dc5ef4ee84b72d93933c,included,housing_social_welfare_leaf,1.0.0,social_welfare,1.0.0,utility,tenant_5,tenant_5,0.0,utility_points,"{""disagreement_utility"":0.0}",ok,valid,[],"[""event_00000211""]",evaluation_receipt,episode_attempt_aab92cf5db7eae098e8f,7ec4b16094b9e0c9797e9b3d1680d7f33cb1e2751665dc5ef4ee84b72d93933c,true
result_1bd616a41a60fef298128d2f,runplan_a7b9ed75ad95865b,cell_409e47ad0669b1be6f2c,housing_v1__experiment__000005,housing_v1,housing_controlled_model_landlords_experiment,episode_attempt_aab92cf5db7eae098e8f,7ec4b16094b9e0c9797e9b3d1680d7f33cb1e2751665dc5ef4ee84b72d93933c,included,housing_social_welfare_leaf,1.0.0,social_welfare,1.0.0,capture,landlord_0,landlord_0,30.29,utility_points,"{""disagreement_utility"":0.0}",ok,valid,[],"[""event_00000211""]",evaluation_receipt,episode_attempt_aab92cf5db7eae098e8f,7ec4b16094b9e0c9797e9b3d1680d7f33cb1e2751665dc5ef4ee84b72d93933c,true
result_574e1d7842d499a7e73513c9,runplan_a7b9ed75ad95865b,cell_409e47ad0669b1be6f2c,housing_v1__experiment__000005,housing_v1,housing_controlled_model_landlords_experiment,episode_attempt_aab92cf5db7eae098e8f,7ec4b16094b9e0c9797e9b3d1680d7f33cb1e2751665dc5ef4ee84b72d93933c,included,housing_social_welfare_leaf,1.0.0,social_welfare,1.0.0,capture,landlord_1,landlord_1,567.72,utility_points,"{""disagreement_utility"":0.0}",ok,valid,[],"[""event_00000211""]",evaluation_receipt,episode_attempt_aab92cf5db7eae098e8f,7ec4b16094b9e0c9797e9b3d1680d7f33cb1e2751665dc5ef4ee84b72d93933c,true
result_e767804e53b9006830340ad0,runplan_a7b9ed75ad95865b,cell_409e47ad0669b1be6f2c,housing_v1__experiment__000005,housing_v1,housing_controlled_model_landlords_experiment,episode_attempt_aab92cf5db7eae098e8f,7ec4b16094b9e0c9797e9b3d1680d7f33cb1e2751665dc5ef4ee84b72d93933c,included,housing_social_welfare_leaf,1.0.0,social_welfare,1.0.0,capture,landlord_2,landlord_2,73.64,utility_points,"{""disagreement_utility"":0.0}",ok,valid,[],"[""event_00000211""]",evaluation_receipt,episode_attempt_aab92cf5db7eae098e8f,7ec4b16094b9e0c9797e9b3d1680d7f33cb1e2751665dc5ef4ee84b72d93933c,true
result_ebd7eaa27d8afec3876ec7b6,runplan_a7b9ed75ad95865b,cell_409e47ad0669b1be6f2c,housing_v1__experiment__000005,housing_v1,housing_controlled_model_landlords_experiment,episode_attempt_aab92cf5db7eae098e8f,7ec4b16094b9e0c9797e9b3d1680d7f33cb1e2751665dc5ef4ee84b72d93933c,included,housing_social_welfare_leaf,1.0.0,social_welfare,1.0.0,capture,tenant_0,tenant_0,352.72,utility_points,"{""disagreement_utility"":0.0}",ok,valid,[],"[""event_00000211""]",evaluation_receipt,episode_attempt_aab92cf5db7eae098e8f,7ec4b16094b9e0c9797e9b3d1680d7f33cb1e2751665dc5ef4ee84b72d93933c,true
result_7cb42b54bf85fb386301ecba,runplan_a7b9ed75ad95865b,cell_409e47ad0669b1be6f2c,housing_v1__experiment__000005,housing_v1,housing_controlled_model_landlords_experiment,episode_attempt_aab92cf5db7eae098e8f,7ec4b16094b9e0c9797e9b3d1680d7f33cb1e2751665dc5ef4ee84b72d93933c,included,housing_social_welfare_leaf,1.0.0,social_welfare,1.0.0,capture,tenant_1,tenant_1,0.0,utility_points,"{""disagreement_utility"":0.0}",ok,valid,[],"[""event_00000211""]",evaluation_receipt,episode_attempt_aab92cf5db7eae098e8f,7ec4b16094b9e0c9797e9b3d1680d7f33cb1e2751665dc5ef4ee84b72d93933c,true
result_36a6295c1941cff7ec2ed4b8,runplan_a7b9ed75ad95865b,cell_409e47ad0669b1be6f2c,housing_v1__experiment__000005,housing_v1,housing_controlled_model_landlords_experiment,episode_attempt_aab92cf5db7eae098e8f,7ec4b16094b9e0c9797e9b3d1680d7f33cb1e2751665dc5ef4ee84b72d93933c,included,housing_social_welfare_leaf,1.0.0,social_welfare,1.0.0,capture,tenant_2,tenant_2,46.46,utility_points,"{""disagreement_utility"":0.0}",ok,valid,[],"[""event_00000211""]",evaluation_receipt,episode_attempt_aab92cf5db7eae098e8f,7ec4b16094b9e0c9797e9b3d1680d7f33cb1e2751665dc5ef4ee84b72d93933c,true
result_b44586cb12ea948018a76660,runplan_a7b9ed75ad95865b,cell_409e47ad0669b1be6f2c,housing_v1__experiment__000005,housing_v1,housing_controlled_model_landlords_experiment,episode_attempt_aab92cf5db7eae098e8f,7ec4b16094b9e0c9797e9b3d1680d7f33cb1e2751665dc5ef4ee84b72d93933c,included,housing_social_welfare_leaf,1.0.0,social_welfare,1.0.0,capture,tenant_3,tenant_3,0.0,utility_points,"{""disagreement_utility"":0.0}",ok,valid,[],"[""event_00000211""]",evaluation_receipt,episode_attempt_aab92cf5db7eae098e8f,7ec4b16094b9e0c9797e9b3d1680d7f33cb1e2751665dc5ef4ee84b72d93933c,true
result_6b9a970dd60979c1ed11ac3f,runplan_a7b9ed75ad95865b,cell_409e47ad0669b1be6f2c,housing_v1__experiment__000005,housing_v1,housing_controlled_model_landlords_experiment,episode_attempt_aab92cf5db7eae098e8f,7ec4b16094b9e0c9797e9b3d1680d7f33cb1e2751665dc5ef4ee84b72d93933c,included,housing_social_welfare_leaf,1.0.0,social_welfare,1.0.0,capture,tenant_4,tenant_4,0.0,utility_points,"{""disagreement_utility"":0.0}",ok,valid,[],"[""event_00000211""]",evaluation_receipt,episode_attempt_aab92cf5db7eae098e8f,7ec4b16094b9e0c9797e9b3d1680d7f33cb1e2751665dc5ef4ee84b72d93933c,true
result_e3dfe5faa500bd73ae11502a,runplan_a7b9ed75ad95865b,cell_409e47ad0669b1be6f2c,housing_v1__experiment__000005,housing_v1,housing_controlled_model_landlords_experiment,episode_attempt_aab92cf5db7eae098e8f,7ec4b16094b9e0c9797e9b3d1680d7f33cb1e2751665dc5ef4ee84b72d93933c,included,housing_social_welfare_leaf,1.0.0,social_welfare,1.0.0,capture,tenant_5,tenant_5,0.0,utility_points,"{""disagreement_utility"":0.0}",ok,valid,[],"[""event_00000211""]",evaluation_receipt,episode_attempt_aab92cf5db7eae098e8f,7ec4b16094b9e0c9797e9b3d1680d7f33cb1e2751665dc5ef4ee84b72d93933c,true
result_5ed38c4b8f8fbb96a3774513,runplan_a7b9ed75ad95865b,cell_48ccb5663f97c1a4b559,housing_v1__experiment__000003,housing_v1,housing_controlled_model_landlords_experiment,episode_attempt_dc14be4ebcb5de801736,9a88b9c12679531df6eeae4fba3854d45016dc21895261efa5e4993a521b55df,included,housing_social_welfare_leaf,1.0.0,social_welfare,1.0.0,primary,social_welfare,,1440.29,utility_points,{},ok,valid,[],"[""event_00000130""]",evaluation_receipt,episode_attempt_dc14be4ebcb5de801736,9a88b9c12679531df6eeae4fba3854d45016dc21895261efa5e4993a521b55df,true
result_74723757be4bc5fc976672af,runplan_a7b9ed75ad95865b,cell_48ccb5663f97c1a4b559,housing_v1__experiment__000003,housing_v1,housing_controlled_model_landlords_experiment,episode_attempt_dc14be4ebcb5de801736,9a88b9c12679531df6eeae4fba3854d45016dc21895261efa5e4993a521b55df,included,housing_social_welfare_leaf,1.0.0,social_welfare,1.0.0,metric,comparison_baseline_gap,,-21.410000000000082,utility_points,{},ok,valid,[],"[""event_00000130""]",evaluation_receipt,episode_attempt_dc14be4ebcb5de801736,9a88b9c12679531df6eeae4fba3854d45016dc21895261efa5e4993a521b55df,true
result_544960762729f2692e00c909,runplan_a7b9ed75ad95865b,cell_48ccb5663f97c1a4b559,housing_v1__experiment__000003,housing_v1,housing_controlled_model_landlords_experiment,episode_attempt_dc14be4ebcb5de801736,9a88b9c12679531df6eeae4fba3854d45016dc21895261efa5e4993a521b55df,included,housing_social_welfare_leaf,1.0.0,social_welfare,1.0.0,metric,ir_violation_count,,0.0,count,{},ok,valid,[],"[""event_00000130""]",evaluation_receipt,episode_attempt_dc14be4ebcb5de801736,9a88b9c12679531df6eeae4fba3854d45016dc21895261efa5e4993a521b55df,true
result_ce21230663578fe915fdb162,runplan_a7b9ed75ad95865b,cell_48ccb5663f97c1a4b559,housing_v1__experiment__000003,housing_v1,housing_controlled_model_landlords_experiment,episode_attempt_dc14be4ebcb5de801736,9a88b9c12679531df6eeae4fba3854d45016dc21895261efa5e4993a521b55df,included,housing_social_welfare_leaf,1.0.0,social_welfare,1.0.0,metric,social_welfare,,1440.29,utility_points,{},ok,valid,[],"[""event_00000130""]",evaluation_receipt,episode_attempt_dc14be4ebcb5de801736,9a88b9c12679531df6eeae4fba3854d45016dc21895261efa5e4993a521b55df,true
result_ea937743f1bb40a4fe2199fe,runplan_a7b9ed75ad95865b,cell_48ccb5663f97c1a4b559,housing_v1__experiment__000003,housing_v1,housing_controlled_model_landlords_experiment,episode_attempt_dc14be4ebcb5de801736,9a88b9c12679531df6eeae4fba3854d45016dc21895261efa5e4993a521b55df,included,housing_social_welfare_leaf,1.0.0,social_welfare,1.0.0,metric,upper_bound_gap,,297.9200000000001,utility_points,{},ok,valid,[],"[""event_00000130""]",evaluation_receipt,episode_attempt_dc14be4ebcb5de801736,9a88b9c12679531df6eeae4fba3854d45016dc21895261efa5e4993a521b55df,true
result_d89b4118fb78a17fa97747ea,runplan_a7b9ed75ad95865b,cell_48ccb5663f97c1a4b559,housing_v1__experiment__000003,housing_v1,housing_controlled_model_landlords_experiment,episode_attempt_dc14be4ebcb5de801736,9a88b9c12679531df6eeae4fba3854d45016dc21895261efa5e4993a521b55df,included,housing_social_welfare_leaf,1.0.0,social_welfare,1.0.0,metric,wasted_contacts,,3.0,count,{},ok,valid,[],"[""event_00000130""]",evaluation_receipt,episode_attempt_dc14be4ebcb5de801736,9a88b9c12679531df6eeae4fba3854d45016dc21895261efa5e4993a521b55df,true
result_1085533c20c211031ff543c3,runplan_a7b9ed75ad95865b,cell_48ccb5663f97c1a4b559,housing_v1__experiment__000003,housing_v1,housing_controlled_model_landlords_experiment,episode_attempt_dc14be4ebcb5de801736,9a88b9c12679531df6eeae4fba3854d45016dc21895261efa5e4993a521b55df,included,housing_social_welfare_leaf,1.0.0,social_welfare,1.0.0,metric,within_case_score,,0.8286052893493882,ratio,{},ok,valid,[],"[""event_00000130""]",evaluation_receipt,episode_attempt_dc14be4ebcb5de801736,9a88b9c12679531df6eeae4fba3854d45016dc21895261efa5e4993a521b55df,true
result_3f7aea9c3917c33bafa35e0a,runplan_a7b9ed75ad95865b,cell_48ccb5663f97c1a4b559,housing_v1__experiment__000003,housing_v1,housing_controlled_model_landlords_experiment,episode_attempt_dc14be4ebcb5de801736,9a88b9c12679531df6eeae4fba3854d45016dc21895261efa5e4993a521b55df,included,housing_social_welfare_leaf,1.0.0,social_welfare,1.0.0,reference,comparison_baseline,,1461.7,utility_points,"{""policy"":""naive"",""reference_kind"":""comparison_baseline""}",ok,valid,[],"[""event_00000130""]",evaluation_receipt,episode_attempt_dc14be4ebcb5de801736,9a88b9c12679531df6eeae4fba3854d45016dc21895261efa5e4993a521b55df,true
result_cba57eb5ce333def6ab3d0db,runplan_a7b9ed75ad95865b,cell_48ccb5663f97c1a4b559,housing_v1__experiment__000003,housing_v1,housing_controlled_model_landlords_experiment,episode_attempt_dc14be4ebcb5de801736,9a88b9c12679531df6eeae4fba3854d45016dc21895261efa5e4993a521b55df,included,housing_social_welfare_leaf,1.0.0,social_welfare,1.0.0,reference,optimum_lower_bound,,0.0,utility_points,"{""policy"":""do_nothing"",""reference_kind"":""objective_lower_bound""}",ok,valid,[],"[""event_00000130""]",evaluation_receipt,episode_attempt_dc14be4ebcb5de801736,9a88b9c12679531df6eeae4fba3854d45016dc21895261efa5e4993a521b55df,true
result_c756f54b8f3a2bc47ff9894e,runplan_a7b9ed75ad95865b,cell_48ccb5663f97c1a4b559,housing_v1__experiment__000003,housing_v1,housing_controlled_model_landlords_experiment,episode_attempt_dc14be4ebcb5de801736,9a88b9c12679531df6eeae4fba3854d45016dc21895261efa5e4993a521b55df,included,housing_social_welfare_leaf,1.0.0,social_welfare,1.0.0,reference,optimum_upper_bound,,1738.21,utility_points,"{""reference_kind"":""objective_upper_bound"",""semantics"":""full_information_allocation_relaxation""}",ok,valid,[],"[""event_00000130""]",evaluation_receipt,episode_attempt_dc14be4ebcb5de801736,9a88b9c12679531df6eeae4fba3854d45016dc21895261efa5e4993a521b55df,true
result_95dc22e40628d7d0aabce126,runplan_a7b9ed75ad95865b,cell_48ccb5663f97c1a4b559,housing_v1__experiment__000003,housing_v1,housing_controlled_model_landlords_experiment,episode_attempt_dc14be4ebcb5de801736,9a88b9c12679531df6eeae4fba3854d45016dc21895261efa5e4993a521b55df,included,housing_social_welfare_leaf,1.0.0,social_welfare,1.0.0,utility,landlord_0,landlord_0,37.85,utility_points,"{""disagreement_utility"":0.0}",ok,valid,[],"[""event_00000130""]",evaluation_receipt,episode_attempt_dc14be4ebcb5de801736,9a88b9c12679531df6eeae4fba3854d45016dc21895261efa5e4993a521b55df,true
result_2c59c881728647910ca63def,runplan_a7b9ed75ad95865b,cell_48ccb5663f97c1a4b559,housing_v1__experiment__000003,housing_v1,housing_controlled_model_landlords_experiment,episode_attempt_dc14be4ebcb5de801736,9a88b9c12679531df6eeae4fba3854d45016dc21895261efa5e4993a521b55df,included,housing_social_welfare_leaf,1.0.0,social_welfare,1.0.0,utility,landlord_1,landlord_1,66.45,utility_points,"{""disagreement_utility"":0.0}",ok,valid,[],"[""event_00000130""]",evaluation_receipt,episode_attempt_dc14be4ebcb5de801736,9a88b9c12679531df6eeae4fba3854d45016dc21895261efa5e4993a521b55df,true
result_76af4c3afb009114e922017e,runplan_a7b9ed75ad95865b,cell_48ccb5663f97c1a4b559,housing_v1__experiment__000003,housing_v1,housing_controlled_model_landlords_experiment,episode_attempt_dc14be4ebcb5de801736,9a88b9c12679531df6eeae4fba3854d45016dc21895261efa5e4993a521b55df,included,housing_social_welfare_leaf,1.0.0,social_welfare,1.0.0,utility,landlord_2,landlord_2,492.96,utility_points,"{""disagreement_utility"":0.0}",ok,valid,[],"[""event_00000130""]",evaluation_receipt,episode_attempt_dc14be4ebcb5de801736,9a88b9c12679531df6eeae4fba3854d45016dc21895261efa5e4993a521b55df,true
result_8e03a542318ef5ff1423268d,runplan_a7b9ed75ad95865b,cell_48ccb5663f97c1a4b559,housing_v1__experiment__000003,housing_v1,housing_controlled_model_landlords_experiment,episode_attempt_dc14be4ebcb5de801736,9a88b9c12679531df6eeae4fba3854d45016dc21895261efa5e4993a521b55df,included,housing_social_welfare_leaf,1.0.0,social_welfare,1.0.0,utility,tenant_0,tenant_0,490.84,utility_points,"{""disagreement_utility"":0.0}",ok,valid,[],"[""event_00000130""]",evaluation_receipt,episode_attempt_dc14be4ebcb5de801736,9a88b9c12679531df6eeae4fba3854d45016dc21895261efa5e4993a521b55df,true
result_13ea7c51c0138a7776e873ee,runplan_a7b9ed75ad95865b,cell_48ccb5663f97c1a4b559,housing_v1__experiment__000003,housing_v1,housing_controlled_model_landlords_experiment,episode_attempt_dc14be4ebcb5de801736,9a88b9c12679531df6eeae4fba3854d45016dc21895261efa5e4993a521b55df,included,housing_social_welfare_leaf,1.0.0,social_welfare,1.0.0,utility,tenant_1,tenant_1,309.88,utility_points,"{""disagreement_utility"":0.0}",ok,valid,[],"[""event_00000130""]",evaluation_receipt,episode_attempt_dc14be4ebcb5de801736,9a88b9c12679531df6eeae4fba3854d45016dc21895261efa5e4993a521b55df,true
result_fbae9c169ff0bf2e40501094,runplan_a7b9ed75ad95865b,cell_48ccb5663f97c1a4b559,housing_v1__experiment__000003,housing_v1,housing_controlled_model_landlords_experiment,episode_attempt_dc14be4ebcb5de801736,9a88b9c12679531df6eeae4fba3854d45016dc21895261efa5e4993a521b55df,included,housing_social_welfare_leaf,1.0.0,social_welfare,1.0.0,utility,tenant_2,tenant_2,0.0,utility_points,"{""disagreement_utility"":0.0}",ok,valid,[],"[""event_00000130""]",evaluation_receipt,episode_attempt_dc14be4ebcb5de801736,9a88b9c12679531df6eeae4fba3854d45016dc21895261efa5e4993a521b55df,true
result_590fbf9a318bf5e435683b31,runplan_a7b9ed75ad95865b,cell_48ccb5663f97c1a4b559,housing_v1__experiment__000003,housing_v1,housing_controlled_model_landlords_experiment,episode_attempt_dc14be4ebcb5de801736,9a88b9c12679531df6eeae4fba3854d45016dc21895261efa5e4993a521b55df,included,housing_social_welfare_leaf,1.0.0,social_welfare,1.0.0,utility,tenant_3,tenant_3,0.0,utility_points,"{""disagreement_utility"":0.0}",ok,valid,[],"[""event_00000130""]",evaluation_receipt,episode_attempt_dc14be4ebcb5de801736,9a88b9c12679531df6eeae4fba3854d45016dc21895261efa5e4993a521b55df,true
result_a0043c202fa5e3432d414b06,runplan_a7b9ed75ad95865b,cell_48ccb5663f97c1a4b559,housing_v1__experiment__000003,housing_v1,housing_controlled_model_landlords_experiment,episode_attempt_dc14be4ebcb5de801736,9a88b9c12679531df6eeae4fba3854d45016dc21895261efa5e4993a521b55df,included,housing_social_welfare_leaf,1.0.0,social_welfare,1.0.0,utility,tenant_4,tenant_4,0.0,utility_points,"{""disagreement_utility"":0.0}",ok,valid,[],"[""event_00000130""]",evaluation_receipt,episode_attempt_dc14be4ebcb5de801736,9a88b9c12679531df6eeae4fba3854d45016dc21895261efa5e4993a521b55df,true
result_09ce534a7ccfe7a1bbe58395,runplan_a7b9ed75ad95865b,cell_48ccb5663f97c1a4b559,housing_v1__experiment__000003,housing_v1,housing_controlled_model_landlords_experiment,episode_attempt_dc14be4ebcb5de801736,9a88b9c12679531df6eeae4fba3854d45016dc21895261efa5e4993a521b55df,included,housing_social_welfare_leaf,1.0.0,social_welfare,1.0.0,utility,tenant_5,tenant_5,42.31,utility_points,"{""disagreement_utility"":0.0}",ok,valid,[],"[""event_00000130""]",evaluation_receipt,episode_attempt_dc14be4ebcb5de801736,9a88b9c12679531df6eeae4fba3854d45016dc21895261efa5e4993a521b55df,true
result_4d25a39a620366acdf7fefea,runplan_a7b9ed75ad95865b,cell_48ccb5663f97c1a4b559,housing_v1__experiment__000003,housing_v1,housing_controlled_model_landlords_experiment,episode_attempt_dc14be4ebcb5de801736,9a88b9c12679531df6eeae4fba3854d45016dc21895261efa5e4993a521b55df,included,housing_social_welfare_leaf,1.0.0,social_welfare,1.0.0,capture,landlord_0,landlord_0,37.85,utility_points,"{""disagreement_utility"":0.0}",ok,valid,[],"[""event_00000130""]",evaluation_receipt,episode_attempt_dc14be4ebcb5de801736,9a88b9c12679531df6eeae4fba3854d45016dc21895261efa5e4993a521b55df,true
result_1f6c1b8090d44fd6b945f6f4,runplan_a7b9ed75ad95865b,cell_48ccb5663f97c1a4b559,housing_v1__experiment__000003,housing_v1,housing_controlled_model_landlords_experiment,episode_attempt_dc14be4ebcb5de801736,9a88b9c12679531df6eeae4fba3854d45016dc21895261efa5e4993a521b55df,included,housing_social_welfare_leaf,1.0.0,social_welfare,1.0.0,capture,landlord_1,landlord_1,66.45,utility_points,"{""disagreement_utility"":0.0}",ok,valid,[],"[""event_00000130""]",evaluation_receipt,episode_attempt_dc14be4ebcb5de801736,9a88b9c12679531df6eeae4fba3854d45016dc21895261efa5e4993a521b55df,true
result_bdcde0e9c71e3feef2f2fb39,runplan_a7b9ed75ad95865b,cell_48ccb5663f97c1a4b559,housing_v1__experiment__000003,housing_v1,housing_controlled_model_landlords_experiment,episode_attempt_dc14be4ebcb5de801736,9a88b9c12679531df6eeae4fba3854d45016dc21895261efa5e4993a521b55df,included,housing_social_welfare_leaf,1.0.0,social_welfare,1.0.0,capture,landlord_2,landlord_2,492.96,utility_points,"{""disagreement_utility"":0.0}",ok,valid,[],"[""event_00000130""]",evaluation_receipt,episode_attempt_dc14be4ebcb5de801736,9a88b9c12679531df6eeae4fba3854d45016dc21895261efa5e4993a521b55df,true
result_05eeb261e6047a52cb634b90,runplan_a7b9ed75ad95865b,cell_48ccb5663f97c1a4b559,housing_v1__experiment__000003,housing_v1,housing_controlled_model_landlords_experiment,episode_attempt_dc14be4ebcb5de801736,9a88b9c12679531df6eeae4fba3854d45016dc21895261efa5e4993a521b55df,included,housing_social_welfare_leaf,1.0.0,social_welfare,1.0.0,capture,tenant_0,tenant_0,490.84,utility_points,"{""disagreement_utility"":0.0}",ok,valid,[],"[""event_00000130""]",evaluation_receipt,episode_attempt_dc14be4ebcb5de801736,9a88b9c12679531df6eeae4fba3854d45016dc21895261efa5e4993a521b55df,true
result_26056e9d71c31198b4233aa7,runplan_a7b9ed75ad95865b,cell_48ccb5663f97c1a4b559,housing_v1__experiment__000003,housing_v1,housing_controlled_model_landlords_experiment,episode_attempt_dc14be4ebcb5de801736,9a88b9c12679531df6eeae4fba3854d45016dc21895261efa5e4993a521b55df,included,housing_social_welfare_leaf,1.0.0,social_welfare,1.0.0,capture,tenant_1,tenant_1,309.88,utility_points,"{""disagreement_utility"":0.0}",ok,valid,[],"[""event_00000130""]",evaluation_receipt,episode_attempt_dc14be4ebcb5de801736,9a88b9c12679531df6eeae4fba3854d45016dc21895261efa5e4993a521b55df,true
result_bdb57add9a4a85fc9d5d30f4,runplan_a7b9ed75ad95865b,cell_48ccb5663f97c1a4b559,housing_v1__experiment__000003,housing_v1,housing_controlled_model_landlords_experiment,episode_attempt_dc14be4ebcb5de801736,9a88b9c12679531df6eeae4fba3854d45016dc21895261efa5e4993a521b55df,included,housing_social_welfare_leaf,1.0.0,social_welfare,1.0.0,capture,tenant_2,tenant_2,0.0,utility_points,"{""disagreement_utility"":0.0}",ok,valid,[],"[""event_00000130""]",evaluation_receipt,episode_attempt_dc14be4ebcb5de801736,9a88b9c12679531df6eeae4fba3854d45016dc21895261efa5e4993a521b55df,true
result_ae25693eb1b77955e731628e,runplan_a7b9ed75ad95865b,cell_48ccb5663f97c1a4b559,housing_v1__experiment__000003,housing_v1,housing_controlled_model_landlords_experiment,episode_attempt_dc14be4ebcb5de801736,9a88b9c12679531df6eeae4fba3854d45016dc21895261efa5e4993a521b55df,included,housing_social_welfare_leaf,1.0.0,social_welfare,1.0.0,capture,tenant_3,tenant_3,0.0,utility_points,"{""disagreement_utility"":0.0}",ok,valid,[],"[""event_00000130""]",evaluation_receipt,episode_attempt_dc14be4ebcb5de801736,9a88b9c12679531df6eeae4fba3854d45016dc21895261efa5e4993a521b55df,true
result_4d613f8d7b97aedbce063c1a,runplan_a7b9ed75ad95865b,cell_48ccb5663f97c1a4b559,housing_v1__experiment__000003,housing_v1,housing_controlled_model_landlords_experiment,episode_attempt_dc14be4ebcb5de801736,9a88b9c12679531df6eeae4fba3854d45016dc21895261efa5e4993a521b55df,included,housing_social_welfare_leaf,1.0.0,social_welfare,1.0.0,capture,tenant_4,tenant_4,0.0,utility_points,"{""disagreement_utility"":0.0}",ok,valid,[],"[""event_00000130""]",evaluation_receipt,episode_attempt_dc14be4ebcb5de801736,9a88b9c12679531df6eeae4fba3854d45016dc21895261efa5e4993a521b55df,true
result_8bd8f0f8ce8a1a664323a380,runplan_a7b9ed75ad95865b,cell_48ccb5663f97c1a4b559,housing_v1__experiment__000003,housing_v1,housing_controlled_model_landlords_experiment,episode_attempt_dc14be4ebcb5de801736,9a88b9c12679531df6eeae4fba3854d45016dc21895261efa5e4993a521b55df,included,housing_social_welfare_leaf,1.0.0,social_welfare,1.0.0,capture,tenant_5,tenant_5,42.31,utility_points,"{""disagreement_utility"":0.0}",ok,valid,[],"[""event_00000130""]",evaluation_receipt,episode_attempt_dc14be4ebcb5de801736,9a88b9c12679531df6eeae4fba3854d45016dc21895261efa5e4993a521b55df,true
result_fa227d6404002f8a5b1314b8,runplan_a7b9ed75ad95865b,cell_4cf3575f6e98d9c968a4,housing_v1__experiment__000004,housing_v1,housing_controlled_model_landlords_experiment,episode_attempt_432f954690f419a40d9e,348ee3b99f6fbdebc52d22ec4b1e119ad44c37c312fdf254352d1b88630a9b8e,included,housing_social_welfare_leaf,1.0.0,social_welfare,1.0.0,primary,social_welfare,,753.69,utility_points,{},ok,valid,[],"[""event_00000130""]",evaluation_receipt,episode_attempt_432f954690f419a40d9e,348ee3b99f6fbdebc52d22ec4b1e119ad44c37c312fdf254352d1b88630a9b8e,true
result_e8ebaccdf669ae0fceab6304,runplan_a7b9ed75ad95865b,cell_4cf3575f6e98d9c968a4,housing_v1__experiment__000004,housing_v1,housing_controlled_model_landlords_experiment,episode_attempt_432f954690f419a40d9e,348ee3b99f6fbdebc52d22ec4b1e119ad44c37c312fdf254352d1b88630a9b8e,included,housing_social_welfare_leaf,1.0.0,social_welfare,1.0.0,metric,comparison_baseline_gap,,0.0,utility_points,{},ok,valid,[],"[""event_00000130""]",evaluation_receipt,episode_attempt_432f954690f419a40d9e,348ee3b99f6fbdebc52d22ec4b1e119ad44c37c312fdf254352d1b88630a9b8e,true
result_44a131df8b7d47dc52e641bd,runplan_a7b9ed75ad95865b,cell_4cf3575f6e98d9c968a4,housing_v1__experiment__000004,housing_v1,housing_controlled_model_landlords_experiment,episode_attempt_432f954690f419a40d9e,348ee3b99f6fbdebc52d22ec4b1e119ad44c37c312fdf254352d1b88630a9b8e,included,housing_social_welfare_leaf,1.0.0,social_welfare,1.0.0,metric,ir_violation_count,,0.0,count,{},ok,valid,[],"[""event_00000130""]",evaluation_receipt,episode_attempt_432f954690f419a40d9e,348ee3b99f6fbdebc52d22ec4b1e119ad44c37c312fdf254352d1b88630a9b8e,true
result_709bfb1d21103890cc97ff36,runplan_a7b9ed75ad95865b,cell_4cf3575f6e98d9c968a4,housing_v1__experiment__000004,housing_v1,housing_controlled_model_landlords_experiment,episode_attempt_432f954690f419a40d9e,348ee3b99f6fbdebc52d22ec4b1e119ad44c37c312fdf254352d1b88630a9b8e,included,housing_social_welfare_leaf,1.0.0,social_welfare,1.0.0,metric,social_welfare,,753.69,utility_points,{},ok,valid,[],"[""event_00000130""]",evaluation_receipt,episode_attempt_432f954690f419a40d9e,348ee3b99f6fbdebc52d22ec4b1e119ad44c37c312fdf254352d1b88630a9b8e,true
result_2be7322d9538f7ae10dea573,runplan_a7b9ed75ad95865b,cell_4cf3575f6e98d9c968a4,housing_v1__experiment__000004,housing_v1,housing_controlled_model_landlords_experiment,episode_attempt_432f954690f419a40d9e,348ee3b99f6fbdebc52d22ec4b1e119ad44c37c312fdf254352d1b88630a9b8e,included,housing_social_welfare_leaf,1.0.0,social_welfare,1.0.0,metric,upper_bound_gap,,385.03999999999996,utility_points,{},ok,valid,[],"[""event_00000130""]",evaluation_receipt,episode_attempt_432f954690f419a40d9e,348ee3b99f6fbdebc52d22ec4b1e119ad44c37c312fdf254352d1b88630a9b8e,true
result_c90f6fd8c2b84f9587804023,runplan_a7b9ed75ad95865b,cell_4cf3575f6e98d9c968a4,housing_v1__experiment__000004,housing_v1,housing_controlled_model_landlords_experiment,episode_attempt_432f954690f419a40d9e,348ee3b99f6fbdebc52d22ec4b1e119ad44c37c312fdf254352d1b88630a9b8e,included,housing_social_welfare_leaf,1.0.0,social_welfare,1.0.0,metric,wasted_contacts,,3.0,count,{},ok,valid,[],"[""event_00000130""]",evaluation_receipt,episode_attempt_432f954690f419a40d9e,348ee3b99f6fbdebc52d22ec4b1e119ad44c37c312fdf254352d1b88630a9b8e,true
result_17bf3ee2b2a3fa482966ff43,runplan_a7b9ed75ad95865b,cell_4cf3575f6e98d9c968a4,housing_v1__experiment__000004,housing_v1,housing_controlled_model_landlords_experiment,episode_attempt_432f954690f419a40d9e,348ee3b99f6fbdebc52d22ec4b1e119ad44c37c312fdf254352d1b88630a9b8e,included,housing_social_welfare_leaf,1.0.0,social_welfare,1.0.0,metric,within_case_score,,0.6618689241523452,ratio,{},ok,valid,[],"[""event_00000130""]",evaluation_receipt,episode_attempt_432f954690f419a40d9e,348ee3b99f6fbdebc52d22ec4b1e119ad44c37c312fdf254352d1b88630a9b8e,true
result_5a5fd16d0abcdaa0ec0de3e3,runplan_a7b9ed75ad95865b,cell_4cf3575f6e98d9c968a4,housing_v1__experiment__000004,housing_v1,housing_controlled_model_landlords_experiment,episode_attempt_432f954690f419a40d9e,348ee3b99f6fbdebc52d22ec4b1e119ad44c37c312fdf254352d1b88630a9b8e,included,housing_social_welfare_leaf,1.0.0,social_welfare,1.0.0,reference,comparison_baseline,,753.69,utility_points,"{""policy"":""naive"",""reference_kind"":""comparison_baseline""}",ok,valid,[],"[""event_00000130""]",evaluation_receipt,episode_attempt_432f954690f419a40d9e,348ee3b99f6fbdebc52d22ec4b1e119ad44c37c312fdf254352d1b88630a9b8e,true
result_33d0f585fc1c1a3a4775d302,runplan_a7b9ed75ad95865b,cell_4cf3575f6e98d9c968a4,housing_v1__experiment__000004,housing_v1,housing_controlled_model_landlords_experiment,episode_attempt_432f954690f419a40d9e,348ee3b99f6fbdebc52d22ec4b1e119ad44c37c312fdf254352d1b88630a9b8e,included,housing_social_welfare_leaf,1.0.0,social_welfare,1.0.0,reference,optimum_lower_bound,,0.0,utility_points,"{""policy"":""do_nothing"",""reference_kind"":""objective_lower_bound""}",ok,valid,[],"[""event_00000130""]",evaluation_receipt,episode_attempt_432f954690f419a40d9e,348ee3b99f6fbdebc52d22ec4b1e119ad44c37c312fdf254352d1b88630a9b8e,true
result_6acdafb08a9e62a9f76f57c0,runplan_a7b9ed75ad95865b,cell_4cf3575f6e98d9c968a4,housing_v1__experiment__000004,housing_v1,housing_controlled_model_landlords_experiment,episode_attempt_432f954690f419a40d9e,348ee3b99f6fbdebc52d22ec4b1e119ad44c37c312fdf254352d1b88630a9b8e,included,housing_social_welfare_leaf,1.0.0,social_welfare,1.0.0,reference,optimum_upper_bound,,1138.73,utility_points,"{""reference_kind"":""objective_upper_bound"",""semantics"":""full_information_allocation_relaxation""}",ok,valid,[],"[""event_00000130""]",evaluation_receipt,episode_attempt_432f954690f419a40d9e,348ee3b99f6fbdebc52d22ec4b1e119ad44c37c312fdf254352d1b88630a9b8e,true
result_f2eb42b5de3bb3e12b8b0021,runplan_a7b9ed75ad95865b,cell_4cf3575f6e98d9c968a4,housing_v1__experiment__000004,housing_v1,housing_controlled_model_landlords_experiment,episode_attempt_432f954690f419a40d9e,348ee3b99f6fbdebc52d22ec4b1e119ad44c37c312fdf254352d1b88630a9b8e,included,housing_social_welfare_leaf,1.0.0,social_welfare,1.0.0,utility,landlord_0,landlord_0,88.38,utility_points,"{""disagreement_utility"":0.0}",ok,valid,[],"[""event_00000130""]",evaluation_receipt,episode_attempt_432f954690f419a40d9e,348ee3b99f6fbdebc52d22ec4b1e119ad44c37c312fdf254352d1b88630a9b8e,true
result_99213d98851bff53466d1f1f,runplan_a7b9ed75ad95865b,cell_4cf3575f6e98d9c968a4,housing_v1__experiment__000004,housing_v1,housing_controlled_model_landlords_experiment,episode_attempt_432f954690f419a40d9e,348ee3b99f6fbdebc52d22ec4b1e119ad44c37c312fdf254352d1b88630a9b8e,included,housing_social_welfare_leaf,1.0.0,social_welfare,1.0.0,utility,landlord_1,landlord_1,145.25,utility_points,"{""disagreement_utility"":0.0}",ok,valid,[],"[""event_00000130""]",evaluation_receipt,episode_attempt_432f954690f419a40d9e,348ee3b99f6fbdebc52d22ec4b1e119ad44c37c312fdf254352d1b88630a9b8e,true
result_34c1780655c8b7c5b6c29aff,runplan_a7b9ed75ad95865b,cell_4cf3575f6e98d9c968a4,housing_v1__experiment__000004,housing_v1,housing_controlled_model_landlords_experiment,episode_attempt_432f954690f419a40d9e,348ee3b99f6fbdebc52d22ec4b1e119ad44c37c312fdf254352d1b88630a9b8e,included,housing_social_welfare_leaf,1.0.0,social_welfare,1.0.0,utility,landlord_2,landlord_2,52.76,utility_points,"{""disagreement_utility"":0.0}",ok,valid,[],"[""event_00000130""]",evaluation_receipt,episode_attempt_432f954690f419a40d9e,348ee3b99f6fbdebc52d22ec4b1e119ad44c37c312fdf254352d1b88630a9b8e,true
result_243cedc28d84c6c7bd286002,runplan_a7b9ed75ad95865b,cell_4cf3575f6e98d9c968a4,housing_v1__experiment__000004,housing_v1,housing_controlled_model_landlords_experiment,episode_attempt_432f954690f419a40d9e,348ee3b99f6fbdebc52d22ec4b1e119ad44c37c312fdf254352d1b88630a9b8e,included,housing_social_welfare_leaf,1.0.0,social_welfare,1.0.0,utility,tenant_0,tenant_0,185.62,utility_points,"{""disagreement_utility"":0.0}",ok,valid,[],"[""event_00000130""]",evaluation_receipt,episode_attempt_432f954690f419a40d9e,348ee3b99f6fbdebc52d22ec4b1e119ad44c37c312fdf254352d1b88630a9b8e,true
result_120961ab086d7b2b8c342c49,runplan_a7b9ed75ad95865b,cell_4cf3575f6e98d9c968a4,housing_v1__experiment__000004,housing_v1,housing_controlled_model_landlords_experiment,episode_attempt_432f954690f419a40d9e,348ee3b99f6fbdebc52d22ec4b1e119ad44c37c312fdf254352d1b88630a9b8e,included,housing_social_welfare_leaf,1.0.0,social_welfare,1.0.0,utility,tenant_1,tenant_1,0.0,utility_points,"{""disagreement_utility"":0.0}",ok,valid,[],"[""event_00000130""]",evaluation_receipt,episode_attempt_432f954690f419a40d9e,348ee3b99f6fbdebc52d22ec4b1e119ad44c37c312fdf254352d1b88630a9b8e,true
result_d723f445553498852318075f,runplan_a7b9ed75ad95865b,cell_4cf3575f6e98d9c968a4,housing_v1__experiment__000004,housing_v1,housing_controlled_model_landlords_experiment,episode_attempt_432f954690f419a40d9e,348ee3b99f6fbdebc52d22ec4b1e119ad44c37c312fdf254352d1b88630a9b8e,included,housing_social_welfare_leaf,1.0.0,social_welfare,1.0.0,utility,tenant_2,tenant_2,259.87,utility_points,"{""disagreement_utility"":0.0}",ok,valid,[],"[""event_00000130""]",evaluation_receipt,episode_attempt_432f954690f419a40d9e,348ee3b99f6fbdebc52d22ec4b1e119ad44c37c312fdf254352d1b88630a9b8e,true
result_8e4103e5cc60d004509b7f4d,runplan_a7b9ed75ad95865b,cell_4cf3575f6e98d9c968a4,housing_v1__experiment__000004,housing_v1,housing_controlled_model_landlords_experiment,episode_attempt_432f954690f419a40d9e,348ee3b99f6fbdebc52d22ec4b1e119ad44c37c312fdf254352d1b88630a9b8e,included,housing_social_welfare_leaf,1.0.0,social_welfare,1.0.0,utility,tenant_3,tenant_3,21.81,utility_points,"{""disagreement_utility"":0.0}",ok,valid,[],"[""event_00000130""]",evaluation_receipt,episode_attempt_432f954690f419a40d9e,348ee3b99f6fbdebc52d22ec4b1e119ad44c37c312fdf254352d1b88630a9b8e,true
result_ebfbf692c555173d004ce010,runplan_a7b9ed75ad95865b,cell_4cf3575f6e98d9c968a4,housing_v1__experiment__000004,housing_v1,housing_controlled_model_landlords_experiment,episode_attempt_432f954690f419a40d9e,348ee3b99f6fbdebc52d22ec4b1e119ad44c37c312fdf254352d1b88630a9b8e,included,housing_social_welfare_leaf,1.0.0,social_welfare,1.0.0,utility,tenant_4,tenant_4,0.0,utility_points,"{""disagreement_utility"":0.0}",ok,valid,[],"[""event_00000130""]",evaluation_receipt,episode_attempt_432f954690f419a40d9e,348ee3b99f6fbdebc52d22ec4b1e119ad44c37c312fdf254352d1b88630a9b8e,true
result_d8548c23c88b0bb80f78057f,runplan_a7b9ed75ad95865b,cell_4cf3575f6e98d9c968a4,housing_v1__experiment__000004,housing_v1,housing_controlled_model_landlords_experiment,episode_attempt_432f954690f419a40d9e,348ee3b99f6fbdebc52d22ec4b1e119ad44c37c312fdf254352d1b88630a9b8e,included,housing_social_welfare_leaf,1.0.0,social_welfare,1.0.0,utility,tenant_5,tenant_5,0.0,utility_points,"{""disagreement_utility"":0.0}",ok,valid,[],"[""event_00000130""]",evaluation_receipt,episode_attempt_432f954690f419a40d9e,348ee3b99f6fbdebc52d22ec4b1e119ad44c37c312fdf254352d1b88630a9b8e,true
result_b03dc6fd7c06fc890f861243,runplan_a7b9ed75ad95865b,cell_4cf3575f6e98d9c968a4,housing_v1__experiment__000004,housing_v1,housing_controlled_model_landlords_experiment,episode_attempt_432f954690f419a40d9e,348ee3b99f6fbdebc52d22ec4b1e119ad44c37c312fdf254352d1b88630a9b8e,included,housing_social_welfare_leaf,1.0.0,social_welfare,1.0.0,capture,landlord_0,landlord_0,88.38,utility_points,"{""disagreement_utility"":0.0}",ok,valid,[],"[""event_00000130""]",evaluation_receipt,episode_attempt_432f954690f419a40d9e,348ee3b99f6fbdebc52d22ec4b1e119ad44c37c312fdf254352d1b88630a9b8e,true
result_645f6a16617b3f319d959ced,runplan_a7b9ed75ad95865b,cell_4cf3575f6e98d9c968a4,housing_v1__experiment__000004,housing_v1,housing_controlled_model_landlords_experiment,episode_attempt_432f954690f419a40d9e,348ee3b99f6fbdebc52d22ec4b1e119ad44c37c312fdf254352d1b88630a9b8e,included,housing_social_welfare_leaf,1.0.0,social_welfare,1.0.0,capture,landlord_1,landlord_1,145.25,utility_points,"{""disagreement_utility"":0.0}",ok,valid,[],"[""event_00000130""]",evaluation_receipt,episode_attempt_432f954690f419a40d9e,348ee3b99f6fbdebc52d22ec4b1e119ad44c37c312fdf254352d1b88630a9b8e,true
result_1bede9f4334522bba1aec904,runplan_a7b9ed75ad95865b,cell_4cf3575f6e98d9c968a4,housing_v1__experiment__000004,housing_v1,housing_controlled_model_landlords_experiment,episode_attempt_432f954690f419a40d9e,348ee3b99f6fbdebc52d22ec4b1e119ad44c37c312fdf254352d1b88630a9b8e,included,housing_social_welfare_leaf,1.0.0,social_welfare,1.0.0,capture,landlord_2,landlord_2,52.76,utility_points,"{""disagreement_utility"":0.0}",ok,valid,[],"[""event_00000130""]",evaluation_receipt,episode_attempt_432f954690f419a40d9e,348ee3b99f6fbdebc52d22ec4b1e119ad44c37c312fdf254352d1b88630a9b8e,true
result_1baebb1d5595c84a55b138b0,runplan_a7b9ed75ad95865b,cell_4cf3575f6e98d9c968a4,housing_v1__experiment__000004,housing_v1,housing_controlled_model_landlords_experiment,episode_attempt_432f954690f419a40d9e,348ee3b99f6fbdebc52d22ec4b1e119ad44c37c312fdf254352d1b88630a9b8e,included,housing_social_welfare_leaf,1.0.0,social_welfare,1.0.0,capture,tenant_0,tenant_0,185.62,utility_points,"{""disagreement_utility"":0.0}",ok,valid,[],"[""event_00000130""]",evaluation_receipt,episode_attempt_432f954690f419a40d9e,348ee3b99f6fbdebc52d22ec4b1e119ad44c37c312fdf254352d1b88630a9b8e,true
result_e6e5ca60664abff78e8bc261,runplan_a7b9ed75ad95865b,cell_4cf3575f6e98d9c968a4,housing_v1__experiment__000004,housing_v1,housing_controlled_model_landlords_experiment,episode_attempt_432f954690f419a40d9e,348ee3b99f6fbdebc52d22ec4b1e119ad44c37c312fdf254352d1b88630a9b8e,included,housing_social_welfare_leaf,1.0.0,social_welfare,1.0.0,capture,tenant_1,tenant_1,0.0,utility_points,"{""disagreement_utility"":0.0}",ok,valid,[],"[""event_00000130""]",evaluation_receipt,episode_attempt_432f954690f419a40d9e,348ee3b99f6fbdebc52d22ec4b1e119ad44c37c312fdf254352d1b88630a9b8e,true
result_8ff913c9344cd4a1c8c2f63f,runplan_a7b9ed75ad95865b,cell_4cf3575f6e98d9c968a4,housing_v1__experiment__000004,housing_v1,housing_controlled_model_landlords_experiment,episode_attempt_432f954690f419a40d9e,348ee3b99f6fbdebc52d22ec4b1e119ad44c37c312fdf254352d1b88630a9b8e,included,housing_social_welfare_leaf,1.0.0,social_welfare,1.0.0,capture,tenant_2,tenant_2,259.87,utility_points,"{""disagreement_utility"":0.0}",ok,valid,[],"[""event_00000130""]",evaluation_receipt,episode_attempt_432f954690f419a40d9e,348ee3b99f6fbdebc52d22ec4b1e119ad44c37c312fdf254352d1b88630a9b8e,true
result_7fc18adbc42672e52fb92f5c,runplan_a7b9ed75ad95865b,cell_4cf3575f6e98d9c968a4,housing_v1__experiment__000004,housing_v1,housing_controlled_model_landlords_experiment,episode_attempt_432f954690f419a40d9e,348ee3b99f6fbdebc52d22ec4b1e119ad44c37c312fdf254352d1b88630a9b8e,included,housing_social_welfare_leaf,1.0.0,social_welfare,1.0.0,capture,tenant_3,tenant_3,21.81,utility_points,"{""disagreement_utility"":0.0}",ok,valid,[],"[""event_00000130""]",evaluation_receipt,episode_attempt_432f954690f419a40d9e,348ee3b99f6fbdebc52d22ec4b1e119ad44c37c312fdf254352d1b88630a9b8e,true
result_37b740ceba8ed27446436893,runplan_a7b9ed75ad95865b,cell_4cf3575f6e98d9c968a4,housing_v1__experiment__000004,housing_v1,housing_controlled_model_landlords_experiment,episode_attempt_432f954690f419a40d9e,348ee3b99f6fbdebc52d22ec4b1e119ad44c37c312fdf254352d1b88630a9b8e,included,housing_social_welfare_leaf,1.0.0,social_welfare,1.0.0,capture,tenant_4,tenant_4,0.0,utility_points,"{""disagreement_utility"":0.0}",ok,valid,[],"[""event_00000130""]",evaluation_receipt,episode_attempt_432f954690f419a40d9e,348ee3b99f6fbdebc52d22ec4b1e119ad44c37c312fdf254352d1b88630a9b8e,true
result_dfc68c2f757b5cabd9514c2c,runplan_a7b9ed75ad95865b,cell_4cf3575f6e98d9c968a4,housing_v1__experiment__000004,housing_v1,housing_controlled_model_landlords_experiment,episode_attempt_432f954690f419a40d9e,348ee3b99f6fbdebc52d22ec4b1e119ad44c37c312fdf254352d1b88630a9b8e,included,housing_social_welfare_leaf,1.0.0,social_welfare,1.0.0,capture,tenant_5,tenant_5,0.0,utility_points,"{""disagreement_utility"":0.0}",ok,valid,[],"[""event_00000130""]",evaluation_receipt,episode_attempt_432f954690f419a40d9e,348ee3b99f6fbdebc52d22ec4b1e119ad44c37c312fdf254352d1b88630a9b8e,true
result_552088764cec4f142f828d8e,runplan_a7b9ed75ad95865b,cell_571d660ae250e062a6be,housing_v1__experiment__000005,housing_v1,housing_controlled_model_landlords_experiment,episode_attempt_7df7c8f9670c02ba4a21,497ec12d954f8ab4ec470cbc8492631a2499c813bbbc9265f736c6a6c0b35b71,included,housing_social_welfare_leaf,1.0.0,social_welfare,1.0.0,primary,social_welfare,,1110.02,utility_points,{},ok,valid,[],"[""event_00000211""]",evaluation_receipt,episode_attempt_7df7c8f9670c02ba4a21,497ec12d954f8ab4ec470cbc8492631a2499c813bbbc9265f736c6a6c0b35b71,true
result_6ce58954f5f67a97f59ef1a2,runplan_a7b9ed75ad95865b,cell_571d660ae250e062a6be,housing_v1__experiment__000005,housing_v1,housing_controlled_model_landlords_experiment,episode_attempt_7df7c8f9670c02ba4a21,497ec12d954f8ab4ec470cbc8492631a2499c813bbbc9265f736c6a6c0b35b71,included,housing_social_welfare_leaf,1.0.0,social_welfare,1.0.0,metric,comparison_baseline_gap,,-48.92000000000007,utility_points,{},ok,valid,[],"[""event_00000211""]",evaluation_receipt,episode_attempt_7df7c8f9670c02ba4a21,497ec12d954f8ab4ec470cbc8492631a2499c813bbbc9265f736c6a6c0b35b71,true
result_085035bd7526dc5a81e61ba4,runplan_a7b9ed75ad95865b,cell_571d660ae250e062a6be,housing_v1__experiment__000005,housing_v1,housing_controlled_model_landlords_experiment,episode_attempt_7df7c8f9670c02ba4a21,497ec12d954f8ab4ec470cbc8492631a2499c813bbbc9265f736c6a6c0b35b71,included,housing_social_welfare_leaf,1.0.0,social_welfare,1.0.0,metric,ir_violation_count,,0.0,count,{},ok,valid,[],"[""event_00000211""]",evaluation_receipt,episode_attempt_7df7c8f9670c02ba4a21,497ec12d954f8ab4ec470cbc8492631a2499c813bbbc9265f736c6a6c0b35b71,true
result_9ce372a28d7c77aa24cd40e1,runplan_a7b9ed75ad95865b,cell_571d660ae250e062a6be,housing_v1__experiment__000005,housing_v1,housing_controlled_model_landlords_experiment,episode_attempt_7df7c8f9670c02ba4a21,497ec12d954f8ab4ec470cbc8492631a2499c813bbbc9265f736c6a6c0b35b71,included,housing_social_welfare_leaf,1.0.0,social_welfare,1.0.0,metric,social_welfare,,1110.02,utility_points,{},ok,valid,[],"[""event_00000211""]",evaluation_receipt,episode_attempt_7df7c8f9670c02ba4a21,497ec12d954f8ab4ec470cbc8492631a2499c813bbbc9265f736c6a6c0b35b71,true
result_8ad2a5be93e52699da7b7d78,runplan_a7b9ed75ad95865b,cell_571d660ae250e062a6be,housing_v1__experiment__000005,housing_v1,housing_controlled_model_landlords_experiment,episode_attempt_7df7c8f9670c02ba4a21,497ec12d954f8ab4ec470cbc8492631a2499c813bbbc9265f736c6a6c0b35b71,included,housing_social_welfare_leaf,1.0.0,social_welfare,1.0.0,metric,upper_bound_gap,,347.31999999999994,utility_points,{},ok,valid,[],"[""event_00000211""]",evaluation_receipt,episode_attempt_7df7c8f9670c02ba4a21,497ec12d954f8ab4ec470cbc8492631a2499c813bbbc9265f736c6a6c0b35b71,true
result_8ec74b9864d238f00c52cee0,runplan_a7b9ed75ad95865b,cell_571d660ae250e062a6be,housing_v1__experiment__000005,housing_v1,housing_controlled_model_landlords_experiment,episode_attempt_7df7c8f9670c02ba4a21,497ec12d954f8ab4ec470cbc8492631a2499c813bbbc9265f736c6a6c0b35b71,included,housing_social_welfare_leaf,1.0.0,social_welfare,1.0.0,metric,wasted_contacts,,7.0,count,{},ok,valid,[],"[""event_00000211""]",evaluation_receipt,episode_attempt_7df7c8f9670c02ba4a21,497ec12d954f8ab4ec470cbc8492631a2499c813bbbc9265f736c6a6c0b35b71,true
result_d997f6b708fd0e2deb8584c2,runplan_a7b9ed75ad95865b,cell_571d660ae250e062a6be,housing_v1__experiment__000005,housing_v1,housing_controlled_model_landlords_experiment,episode_attempt_7df7c8f9670c02ba4a21,497ec12d954f8ab4ec470cbc8492631a2499c813bbbc9265f736c6a6c0b35b71,included,housing_social_welfare_leaf,1.0.0,social_welfare,1.0.0,metric,within_case_score,,0.7616753811739196,ratio,{},ok,valid,[],"[""event_00000211""]",evaluation_receipt,episode_attempt_7df7c8f9670c02ba4a21,497ec12d954f8ab4ec470cbc8492631a2499c813bbbc9265f736c6a6c0b35b71,true
result_286f31174cf41102b3f317a8,runplan_a7b9ed75ad95865b,cell_571d660ae250e062a6be,housing_v1__experiment__000005,housing_v1,housing_controlled_model_landlords_experiment,episode_attempt_7df7c8f9670c02ba4a21,497ec12d954f8ab4ec470cbc8492631a2499c813bbbc9265f736c6a6c0b35b71,included,housing_social_welfare_leaf,1.0.0,social_welfare,1.0.0,reference,comparison_baseline,,1158.94,utility_points,"{""policy"":""naive"",""reference_kind"":""comparison_baseline""}",ok,valid,[],"[""event_00000211""]",evaluation_receipt,episode_attempt_7df7c8f9670c02ba4a21,497ec12d954f8ab4ec470cbc8492631a2499c813bbbc9265f736c6a6c0b35b71,true
result_32efee0dbc0a118c31d918c8,runplan_a7b9ed75ad95865b,cell_571d660ae250e062a6be,housing_v1__experiment__000005,housing_v1,housing_controlled_model_landlords_experiment,episode_attempt_7df7c8f9670c02ba4a21,497ec12d954f8ab4ec470cbc8492631a2499c813bbbc9265f736c6a6c0b35b71,included,housing_social_welfare_leaf,1.0.0,social_welfare,1.0.0,reference,optimum_lower_bound,,0.0,utility_points,"{""policy"":""do_nothing"",""reference_kind"":""objective_lower_bound""}",ok,valid,[],"[""event_00000211""]",evaluation_receipt,episode_attempt_7df7c8f9670c02ba4a21,497ec12d954f8ab4ec470cbc8492631a2499c813bbbc9265f736c6a6c0b35b71,true
result_b061dce754021842a93f9077,runplan_a7b9ed75ad95865b,cell_571d660ae250e062a6be,housing_v1__experiment__000005,housing_v1,housing_controlled_model_landlords_experiment,episode_attempt_7df7c8f9670c02ba4a21,497ec12d954f8ab4ec470cbc8492631a2499c813bbbc9265f736c6a6c0b35b71,included,housing_social_welfare_leaf,1.0.0,social_welfare,1.0.0,reference,optimum_upper_bound,,1457.34,utility_points,"{""reference_kind"":""objective_upper_bound"",""semantics"":""full_information_allocation_relaxation""}",ok,valid,[],"[""event_00000211""]",evaluation_receipt,episode_attempt_7df7c8f9670c02ba4a21,497ec12d954f8ab4ec470cbc8492631a2499c813bbbc9265f736c6a6c0b35b71,true
result_c78ba7456d1ca32ebf0341c6,runplan_a7b9ed75ad95865b,cell_571d660ae250e062a6be,housing_v1__experiment__000005,housing_v1,housing_controlled_model_landlords_experiment,episode_attempt_7df7c8f9670c02ba4a21,497ec12d954f8ab4ec470cbc8492631a2499c813bbbc9265f736c6a6c0b35b71,included,housing_social_welfare_leaf,1.0.0,social_welfare,1.0.0,utility,landlord_0,landlord_0,30.29,utility_points,"{""disagreement_utility"":0.0}",ok,valid,[],"[""event_00000211""]",evaluation_receipt,episode_attempt_7df7c8f9670c02ba4a21,497ec12d954f8ab4ec470cbc8492631a2499c813bbbc9265f736c6a6c0b35b71,true
result_d9279958d3b032f3fcf58fbf,runplan_a7b9ed75ad95865b,cell_571d660ae250e062a6be,housing_v1__experiment__000005,housing_v1,housing_controlled_model_landlords_experiment,episode_attempt_7df7c8f9670c02ba4a21,497ec12d954f8ab4ec470cbc8492631a2499c813bbbc9265f736c6a6c0b35b71,included,housing_social_welfare_leaf,1.0.0,social_welfare,1.0.0,utility,landlord_1,landlord_1,541.99,utility_points,"{""disagreement_utility"":0.0}",ok,valid,[],"[""event_00000211""]",evaluation_receipt,episode_attempt_7df7c8f9670c02ba4a21,497ec12d954f8ab4ec470cbc8492631a2499c813bbbc9265f736c6a6c0b35b71,true
result_1ef21e816fca5937d7deacda,runplan_a7b9ed75ad95865b,cell_571d660ae250e062a6be,housing_v1__experiment__000005,housing_v1,housing_controlled_model_landlords_experiment,episode_attempt_7df7c8f9670c02ba4a21,497ec12d954f8ab4ec470cbc8492631a2499c813bbbc9265f736c6a6c0b35b71,included,housing_social_welfare_leaf,1.0.0,social_welfare,1.0.0,utility,landlord_2,landlord_2,426.36,utility_points,"{""disagreement_utility"":0.0}",ok,valid,[],"[""event_00000211""]",evaluation_receipt,episode_attempt_7df7c8f9670c02ba4a21,497ec12d954f8ab4ec470cbc8492631a2499c813bbbc9265f736c6a6c0b35b71,true
result_478c1c7e67729cc2c8640935,runplan_a7b9ed75ad95865b,cell_571d660ae250e062a6be,housing_v1__experiment__000005,housing_v1,housing_controlled_model_landlords_experiment,episode_attempt_7df7c8f9670c02ba4a21,497ec12d954f8ab4ec470cbc8492631a2499c813bbbc9265f736c6a6c0b35b71,included,housing_social_welfare_leaf,1.0.0,social_welfare,1.0.0,utility,tenant_0,tenant_0,0.0,utility_points,"{""disagreement_utility"":0.0}",ok,valid,[],"[""event_00000211""]",evaluation_receipt,episode_attempt_7df7c8f9670c02ba4a21,497ec12d954f8ab4ec470cbc8492631a2499c813bbbc9265f736c6a6c0b35b71,true
result_7f57817771d7536d900329de,runplan_a7b9ed75ad95865b,cell_571d660ae250e062a6be,housing_v1__experiment__000005,housing_v1,housing_controlled_model_landlords_experiment,episode_attempt_7df7c8f9670c02ba4a21,497ec12d954f8ab4ec470cbc8492631a2499c813bbbc9265f736c6a6c0b35b71,included,housing_social_welfare_leaf,1.0.0,social_welfare,1.0.0,utility,tenant_1,tenant_1,0.0,utility_points,"{""disagreement_utility"":0.0}",ok,valid,[],"[""event_00000211""]",evaluation_receipt,episode_attempt_7df7c8f9670c02ba4a21,497ec12d954f8ab4ec470cbc8492631a2499c813bbbc9265f736c6a6c0b35b71,true
result_21c31f859dfb5272b7b49d93,runplan_a7b9ed75ad95865b,cell_571d660ae250e062a6be,housing_v1__experiment__000005,housing_v1,housing_controlled_model_landlords_experiment,episode_attempt_7df7c8f9670c02ba4a21,497ec12d954f8ab4ec470cbc8492631a2499c813bbbc9265f736c6a6c0b35b71,included,housing_social_welfare_leaf,1.0.0,social_welfare,1.0.0,utility,tenant_2,tenant_2,0.0,utility_points,"{""disagreement_utility"":0.0}",ok,valid,[],"[""event_00000211""]",evaluation_receipt,episode_attempt_7df7c8f9670c02ba4a21,497ec12d954f8ab4ec470cbc8492631a2499c813bbbc9265f736c6a6c0b35b71,true
result_d113848d8b7cc4148513eed2,runplan_a7b9ed75ad95865b,cell_571d660ae250e062a6be,housing_v1__experiment__000005,housing_v1,housing_controlled_model_landlords_experiment,episode_attempt_7df7c8f9670c02ba4a21,497ec12d954f8ab4ec470cbc8492631a2499c813bbbc9265f736c6a6c0b35b71,included,housing_social_welfare_leaf,1.0.0,social_welfare,1.0.0,utility,tenant_3,tenant_3,0.0,utility_points,"{""disagreement_utility"":0.0}",ok,valid,[],"[""event_00000211""]",evaluation_receipt,episode_attempt_7df7c8f9670c02ba4a21,497ec12d954f8ab4ec470cbc8492631a2499c813bbbc9265f736c6a6c0b35b71,true
result_cd5792998fad9f708d63b109,runplan_a7b9ed75ad95865b,cell_571d660ae250e062a6be,housing_v1__experiment__000005,housing_v1,housing_controlled_model_landlords_experiment,episode_attempt_7df7c8f9670c02ba4a21,497ec12d954f8ab4ec470cbc8492631a2499c813bbbc9265f736c6a6c0b35b71,included,housing_social_welfare_leaf,1.0.0,social_welfare,1.0.0,utility,tenant_4,tenant_4,62.08,utility_points,"{""disagreement_utility"":0.0}",ok,valid,[],"[""event_00000211""]",evaluation_receipt,episode_attempt_7df7c8f9670c02ba4a21,497ec12d954f8ab4ec470cbc8492631a2499c813bbbc9265f736c6a6c0b35b71,true
result_90497a7832d11d97390557d1,runplan_a7b9ed75ad95865b,cell_571d660ae250e062a6be,housing_v1__experiment__000005,housing_v1,housing_controlled_model_landlords_experiment,episode_attempt_7df7c8f9670c02ba4a21,497ec12d954f8ab4ec470cbc8492631a2499c813bbbc9265f736c6a6c0b35b71,included,housing_social_welfare_leaf,1.0.0,social_welfare,1.0.0,utility,tenant_5,tenant_5,49.3,utility_points,"{""disagreement_utility"":0.0}",ok,valid,[],"[""event_00000211""]",evaluation_receipt,episode_attempt_7df7c8f9670c02ba4a21,497ec12d954f8ab4ec470cbc8492631a2499c813bbbc9265f736c6a6c0b35b71,true
result_1d1ffc113e74981585dc116b,runplan_a7b9ed75ad95865b,cell_571d660ae250e062a6be,housing_v1__experiment__000005,housing_v1,housing_controlled_model_landlords_experiment,episode_attempt_7df7c8f9670c02ba4a21,497ec12d954f8ab4ec470cbc8492631a2499c813bbbc9265f736c6a6c0b35b71,included,housing_social_welfare_leaf,1.0.0,social_welfare,1.0.0,capture,landlord_0,landlord_0,30.29,utility_points,"{""disagreement_utility"":0.0}",ok,valid,[],"[""event_00000211""]",evaluation_receipt,episode_attempt_7df7c8f9670c02ba4a21,497ec12d954f8ab4ec470cbc8492631a2499c813bbbc9265f736c6a6c0b35b71,true
result_09ba59dcbefb1a5676cdf857,runplan_a7b9ed75ad95865b,cell_571d660ae250e062a6be,housing_v1__experiment__000005,housing_v1,housing_controlled_model_landlords_experiment,episode_attempt_7df7c8f9670c02ba4a21,497ec12d954f8ab4ec470cbc8492631a2499c813bbbc9265f736c6a6c0b35b71,included,housing_social_welfare_leaf,1.0.0,social_welfare,1.0.0,capture,landlord_1,landlord_1,541.99,utility_points,"{""disagreement_utility"":0.0}",ok,valid,[],"[""event_00000211""]",evaluation_receipt,episode_attempt_7df7c8f9670c02ba4a21,497ec12d954f8ab4ec470cbc8492631a2499c813bbbc9265f736c6a6c0b35b71,true
result_23b0e011f39f78c983dfee68,runplan_a7b9ed75ad95865b,cell_571d660ae250e062a6be,housing_v1__experiment__000005,housing_v1,housing_controlled_model_landlords_experiment,episode_attempt_7df7c8f9670c02ba4a21,497ec12d954f8ab4ec470cbc8492631a2499c813bbbc9265f736c6a6c0b35b71,included,housing_social_welfare_leaf,1.0.0,social_welfare,1.0.0,capture,landlord_2,landlord_2,426.36,utility_points,"{""disagreement_utility"":0.0}",ok,valid,[],"[""event_00000211""]",evaluation_receipt,episode_attempt_7df7c8f9670c02ba4a21,497ec12d954f8ab4ec470cbc8492631a2499c813bbbc9265f736c6a6c0b35b71,true
result_f92b331974e13d9d8f8dc7cd,runplan_a7b9ed75ad95865b,cell_571d660ae250e062a6be,housing_v1__experiment__000005,housing_v1,housing_controlled_model_landlords_experiment,episode_attempt_7df7c8f9670c02ba4a21,497ec12d954f8ab4ec470cbc8492631a2499c813bbbc9265f736c6a6c0b35b71,included,housing_social_welfare_leaf,1.0.0,social_welfare,1.0.0,capture,tenant_0,tenant_0,0.0,utility_points,"{""disagreement_utility"":0.0}",ok,valid,[],"[""event_00000211""]",evaluation_receipt,episode_attempt_7df7c8f9670c02ba4a21,497ec12d954f8ab4ec470cbc8492631a2499c813bbbc9265f736c6a6c0b35b71,true
result_436ee1f4e4cdaada3119d8b9,runplan_a7b9ed75ad95865b,cell_571d660ae250e062a6be,housing_v1__experiment__000005,housing_v1,housing_controlled_model_landlords_experiment,episode_attempt_7df7c8f9670c02ba4a21,497ec12d954f8ab4ec470cbc8492631a2499c813bbbc9265f736c6a6c0b35b71,included,housing_social_welfare_leaf,1.0.0,social_welfare,1.0.0,capture,tenant_1,tenant_1,0.0,utility_points,"{""disagreement_utility"":0.0}",ok,valid,[],"[""event_00000211""]",evaluation_receipt,episode_attempt_7df7c8f9670c02ba4a21,497ec12d954f8ab4ec470cbc8492631a2499c813bbbc9265f736c6a6c0b35b71,true
result_fa586967fbbdd5589763b05a,runplan_a7b9ed75ad95865b,cell_571d660ae250e062a6be,housing_v1__experiment__000005,housing_v1,housing_controlled_model_landlords_experiment,episode_attempt_7df7c8f9670c02ba4a21,497ec12d954f8ab4ec470cbc8492631a2499c813bbbc9265f736c6a6c0b35b71,included,housing_social_welfare_leaf,1.0.0,social_welfare,1.0.0,capture,tenant_2,tenant_2,0.0,utility_points,"{""disagreement_utility"":0.0}",ok,valid,[],"[""event_00000211""]",evaluation_receipt,episode_attempt_7df7c8f9670c02ba4a21,497ec12d954f8ab4ec470cbc8492631a2499c813bbbc9265f736c6a6c0b35b71,true
result_649e8f5ffe831097e2587230,runplan_a7b9ed75ad95865b,cell_571d660ae250e062a6be,housing_v1__experiment__000005,housing_v1,housing_controlled_model_landlords_experiment,episode_attempt_7df7c8f9670c02ba4a21,497ec12d954f8ab4ec470cbc8492631a2499c813bbbc9265f736c6a6c0b35b71,included,housing_social_welfare_leaf,1.0.0,social_welfare,1.0.0,capture,tenant_3,tenant_3,0.0,utility_points,"{""disagreement_utility"":0.0}",ok,valid,[],"[""event_00000211""]",evaluation_receipt,episode_attempt_7df7c8f9670c02ba4a21,497ec12d954f8ab4ec470cbc8492631a2499c813bbbc9265f736c6a6c0b35b71,true
result_bcaf3531db3473431a4e75dc,runplan_a7b9ed75ad95865b,cell_571d660ae250e062a6be,housing_v1__experiment__000005,housing_v1,housing_controlled_model_landlords_experiment,episode_attempt_7df7c8f9670c02ba4a21,497ec12d954f8ab4ec470cbc8492631a2499c813bbbc9265f736c6a6c0b35b71,included,housing_social_welfare_leaf,1.0.0,social_welfare,1.0.0,capture,tenant_4,tenant_4,62.08,utility_points,"{""disagreement_utility"":0.0}",ok,valid,[],"[""event_00000211""]",evaluation_receipt,episode_attempt_7df7c8f9670c02ba4a21,497ec12d954f8ab4ec470cbc8492631a2499c813bbbc9265f736c6a6c0b35b71,true
result_6dbabeb75b0e4d03433d69f5,runplan_a7b9ed75ad95865b,cell_571d660ae250e062a6be,housing_v1__experiment__000005,housing_v1,housing_controlled_model_landlords_experiment,episode_attempt_7df7c8f9670c02ba4a21,497ec12d954f8ab4ec470cbc8492631a2499c813bbbc9265f736c6a6c0b35b71,included,housing_social_welfare_leaf,1.0.0,social_welfare,1.0.0,capture,tenant_5,tenant_5,49.3,utility_points,"{""disagreement_utility"":0.0}",ok,valid,[],"[""event_00000211""]",evaluation_receipt,episode_attempt_7df7c8f9670c02ba4a21,497ec12d954f8ab4ec470cbc8492631a2499c813bbbc9265f736c6a6c0b35b71,true
result_64c31194b775b0ee36e6fd52,runplan_a7b9ed75ad95865b,cell_6bc92d974cc447ceaae2,housing_v1__experiment__000001,housing_v1,housing_controlled_model_landlords_experiment,episode_attempt_9f238bd7501dd8594c2c,efb26499cc5b8902df4e2b179d0a0e357a4316f41a6fa5cf9b0d06c5b97fd96e,included,housing_social_welfare_leaf,1.0.0,social_welfare,1.0.0,primary,social_welfare,,1127.69,utility_points,{},ok,valid,[],"[""event_00000130""]",evaluation_receipt,episode_attempt_9f238bd7501dd8594c2c,efb26499cc5b8902df4e2b179d0a0e357a4316f41a6fa5cf9b0d06c5b97fd96e,true
result_253c59570f6d0e5fcd575a1c,runplan_a7b9ed75ad95865b,cell_6bc92d974cc447ceaae2,housing_v1__experiment__000001,housing_v1,housing_controlled_model_landlords_experiment,episode_attempt_9f238bd7501dd8594c2c,efb26499cc5b8902df4e2b179d0a0e357a4316f41a6fa5cf9b0d06c5b97fd96e,included,housing_social_welfare_leaf,1.0.0,social_welfare,1.0.0,metric,comparison_baseline_gap,,97.95000000000005,utility_points,{},ok,valid,[],"[""event_00000130""]",evaluation_receipt,episode_attempt_9f238bd7501dd8594c2c,efb26499cc5b8902df4e2b179d0a0e357a4316f41a6fa5cf9b0d06c5b97fd96e,true
result_36d76d02c8d997ad3b11f796,runplan_a7b9ed75ad95865b,cell_6bc92d974cc447ceaae2,housing_v1__experiment__000001,housing_v1,housing_controlled_model_landlords_experiment,episode_attempt_9f238bd7501dd8594c2c,efb26499cc5b8902df4e2b179d0a0e357a4316f41a6fa5cf9b0d06c5b97fd96e,included,housing_social_welfare_leaf,1.0.0,social_welfare,1.0.0,metric,ir_violation_count,,0.0,count,{},ok,valid,[],"[""event_00000130""]",evaluation_receipt,episode_attempt_9f238bd7501dd8594c2c,efb26499cc5b8902df4e2b179d0a0e357a4316f41a6fa5cf9b0d06c5b97fd96e,true
result_8fae930263ae7e82c7140f6d,runplan_a7b9ed75ad95865b,cell_6bc92d974cc447ceaae2,housing_v1__experiment__000001,housing_v1,housing_controlled_model_landlords_experiment,episode_attempt_9f238bd7501dd8594c2c,efb26499cc5b8902df4e2b179d0a0e357a4316f41a6fa5cf9b0d06c5b97fd96e,included,housing_social_welfare_leaf,1.0.0,social_welfare,1.0.0,metric,social_welfare,,1127.69,utility_points,{},ok,valid,[],"[""event_00000130""]",evaluation_receipt,episode_attempt_9f238bd7501dd8594c2c,efb26499cc5b8902df4e2b179d0a0e357a4316f41a6fa5cf9b0d06c5b97fd96e,true
result_5d80169765d081a40c247dc4,runplan_a7b9ed75ad95865b,cell_6bc92d974cc447ceaae2,housing_v1__experiment__000001,housing_v1,housing_controlled_model_landlords_experiment,episode_attempt_9f238bd7501dd8594c2c,efb26499cc5b8902df4e2b179d0a0e357a4316f41a6fa5cf9b0d06c5b97fd96e,included,housing_social_welfare_leaf,1.0.0,social_welfare,1.0.0,metric,upper_bound_gap,,48.07999999999993,utility_points,{},ok,valid,[],"[""event_00000130""]",evaluation_receipt,episode_attempt_9f238bd7501dd8594c2c,efb26499cc5b8902df4e2b179d0a0e357a4316f41a6fa5cf9b0d06c5b97fd96e,true
result_595280aea27f16f949bd83f4,runplan_a7b9ed75ad95865b,cell_6bc92d974cc447ceaae2,housing_v1__experiment__000001,housing_v1,housing_controlled_model_landlords_experiment,episode_attempt_9f238bd7501dd8594c2c,efb26499cc5b8902df4e2b179d0a0e357a4316f41a6fa5cf9b0d06c5b97fd96e,included,housing_social_welfare_leaf,1.0.0,social_welfare,1.0.0,metric,wasted_contacts,,3.0,count,{},ok,valid,[],"[""event_00000130""]",evaluation_receipt,episode_attempt_9f238bd7501dd8594c2c,efb26499cc5b8902df4e2b179d0a0e357a4316f41a6fa5cf9b0d06c5b97fd96e,true
result_69e0c436d28d191d2219054d,runplan_a7b9ed75ad95865b,cell_6bc92d974cc447ceaae2,housing_v1__experiment__000001,housing_v1,housing_controlled_model_landlords_experiment,episode_attempt_9f238bd7501dd8594c2c,efb26499cc5b8902df4e2b179d0a0e357a4316f41a6fa5cf9b0d06c5b97fd96e,included,housing_social_welfare_leaf,1.0.0,social_welfare,1.0.0,metric,within_case_score,,0.9591076486047442,ratio,{},ok,valid,[],"[""event_00000130""]",evaluation_receipt,episode_attempt_9f238bd7501dd8594c2c,efb26499cc5b8902df4e2b179d0a0e357a4316f41a6fa5cf9b0d06c5b97fd96e,true
result_9f06ae8d308cf92efb47e8cd,runplan_a7b9ed75ad95865b,cell_6bc92d974cc447ceaae2,housing_v1__experiment__000001,housing_v1,housing_controlled_model_landlords_experiment,episode_attempt_9f238bd7501dd8594c2c,efb26499cc5b8902df4e2b179d0a0e357a4316f41a6fa5cf9b0d06c5b97fd96e,included,housing_social_welfare_leaf,1.0.0,social_welfare,1.0.0,reference,comparison_baseline,,1029.74,utility_points,"{""policy"":""naive"",""reference_kind"":""comparison_baseline""}",ok,valid,[],"[""event_00000130""]",evaluation_receipt,episode_attempt_9f238bd7501dd8594c2c,efb26499cc5b8902df4e2b179d0a0e357a4316f41a6fa5cf9b0d06c5b97fd96e,true
result_9dc9cddecc3a0daef44bf23e,runplan_a7b9ed75ad95865b,cell_6bc92d974cc447ceaae2,housing_v1__experiment__000001,housing_v1,housing_controlled_model_landlords_experiment,episode_attempt_9f238bd7501dd8594c2c,efb26499cc5b8902df4e2b179d0a0e357a4316f41a6fa5cf9b0d06c5b97fd96e,included,housing_social_welfare_leaf,1.0.0,social_welfare,1.0.0,reference,optimum_lower_bound,,0.0,utility_points,"{""policy"":""do_nothing"",""reference_kind"":""objective_lower_bound""}",ok,valid,[],"[""event_00000130""]",evaluation_receipt,episode_attempt_9f238bd7501dd8594c2c,efb26499cc5b8902df4e2b179d0a0e357a4316f41a6fa5cf9b0d06c5b97fd96e,true
result_d33d5d96bd4fe5a5425cc56b,runplan_a7b9ed75ad95865b,cell_6bc92d974cc447ceaae2,housing_v1__experiment__000001,housing_v1,housing_controlled_model_landlords_experiment,episode_attempt_9f238bd7501dd8594c2c,efb26499cc5b8902df4e2b179d0a0e357a4316f41a6fa5cf9b0d06c5b97fd96e,included,housing_social_welfare_leaf,1.0.0,social_welfare,1.0.0,reference,optimum_upper_bound,,1175.77,utility_points,"{""reference_kind"":""objective_upper_bound"",""semantics"":""full_information_allocation_relaxation""}",ok,valid,[],"[""event_00000130""]",evaluation_receipt,episode_attempt_9f238bd7501dd8594c2c,efb26499cc5b8902df4e2b179d0a0e357a4316f41a6fa5cf9b0d06c5b97fd96e,true
result_917cc24370501c5bd6b6c238,runplan_a7b9ed75ad95865b,cell_6bc92d974cc447ceaae2,housing_v1__experiment__000001,housing_v1,housing_controlled_model_landlords_experiment,episode_attempt_9f238bd7501dd8594c2c,efb26499cc5b8902df4e2b179d0a0e357a4316f41a6fa5cf9b0d06c5b97fd96e,included,housing_social_welfare_leaf,1.0.0,social_welfare,1.0.0,utility,landlord_0,landlord_0,393.6,utility_points,"{""disagreement_utility"":0.0}",ok,valid,[],"[""event_00000130""]",evaluation_receipt,episode_attempt_9f238bd7501dd8594c2c,efb26499cc5b8902df4e2b179d0a0e357a4316f41a6fa5cf9b0d06c5b97fd96e,true
result_a703b1426d4eed7479549a70,runplan_a7b9ed75ad95865b,cell_6bc92d974cc447ceaae2,housing_v1__experiment__000001,housing_v1,housing_controlled_model_landlords_experiment,episode_attempt_9f238bd7501dd8594c2c,efb26499cc5b8902df4e2b179d0a0e357a4316f41a6fa5cf9b0d06c5b97fd96e,included,housing_social_welfare_leaf,1.0.0,social_welfare,1.0.0,utility,landlord_1,landlord_1,58.62,utility_points,"{""disagreement_utility"":0.0}",ok,valid,[],"[""event_00000130""]",evaluation_receipt,episode_attempt_9f238bd7501dd8594c2c,efb26499cc5b8902df4e2b179d0a0e357a4316f41a6fa5cf9b0d06c5b97fd96e,true
result_ec4bc52cf8d06ec158479a5e,runplan_a7b9ed75ad95865b,cell_6bc92d974cc447ceaae2,housing_v1__experiment__000001,housing_v1,housing_controlled_model_landlords_experiment,episode_attempt_9f238bd7501dd8594c2c,efb26499cc5b8902df4e2b179d0a0e357a4316f41a6fa5cf9b0d06c5b97fd96e,included,housing_social_welfare_leaf,1.0.0,social_welfare,1.0.0,utility,landlord_2,landlord_2,218.36,utility_points,"{""disagreement_utility"":0.0}",ok,valid,[],"[""event_00000130""]",evaluation_receipt,episode_attempt_9f238bd7501dd8594c2c,efb26499cc5b8902df4e2b179d0a0e357a4316f41a6fa5cf9b0d06c5b97fd96e,true
result_78955a10de0c165f624e241b,runplan_a7b9ed75ad95865b,cell_6bc92d974cc447ceaae2,housing_v1__experiment__000001,housing_v1,housing_controlled_model_landlords_experiment,episode_attempt_9f238bd7501dd8594c2c,efb26499cc5b8902df4e2b179d0a0e357a4316f41a6fa5cf9b0d06c5b97fd96e,included,housing_social_welfare_leaf,1.0.0,social_welfare,1.0.0,utility,tenant_0,tenant_0,0.0,utility_points,"{""disagreement_utility"":0.0}",ok,valid,[],"[""event_00000130""]",evaluation_receipt,episode_attempt_9f238bd7501dd8594c2c,efb26499cc5b8902df4e2b179d0a0e357a4316f41a6fa5cf9b0d06c5b97fd96e,true
result_3ca5f0276f60d4a59d7e9950,runplan_a7b9ed75ad95865b,cell_6bc92d974cc447ceaae2,housing_v1__experiment__000001,housing_v1,housing_controlled_model_landlords_experiment,episode_attempt_9f238bd7501dd8594c2c,efb26499cc5b8902df4e2b179d0a0e357a4316f41a6fa5cf9b0d06c5b97fd96e,included,housing_social_welfare_leaf,1.0.0,social_welfare,1.0.0,utility,tenant_1,tenant_1,0.0,utility_points,"{""disagreement_utility"":0.0}",ok,valid,[],"[""event_00000130""]",evaluation_receipt,episode_attempt_9f238bd7501dd8594c2c,efb26499cc5b8902df4e2b179d0a0e357a4316f41a6fa5cf9b0d06c5b97fd96e,true
result_cfaa96f4738b0f8bf2884681,runplan_a7b9ed75ad95865b,cell_6bc92d974cc447ceaae2,housing_v1__experiment__000001,housing_v1,housing_controlled_model_landlords_experiment,episode_attempt_9f238bd7501dd8594c2c,efb26499cc5b8902df4e2b179d0a0e357a4316f41a6fa5cf9b0d06c5b97fd96e,included,housing_social_welfare_leaf,1.0.0,social_welfare,1.0.0,utility,tenant_2,tenant_2,243.25,utility_points,"{""disagreement_utility"":0.0}",ok,valid,[],"[""event_00000130""]",evaluation_receipt,episode_attempt_9f238bd7501dd8594c2c,efb26499cc5b8902df4e2b179d0a0e357a4316f41a6fa5cf9b0d06c5b97fd96e,true
result_3328524a54a12b5eefcd60bb,runplan_a7b9ed75ad95865b,cell_6bc92d974cc447ceaae2,housing_v1__experiment__000001,housing_v1,housing_controlled_model_landlords_experiment,episode_attempt_9f238bd7501dd8594c2c,efb26499cc5b8902df4e2b179d0a0e357a4316f41a6fa5cf9b0d06c5b97fd96e,included,housing_social_welfare_leaf,1.0.0,social_welfare,1.0.0,utility,tenant_3,tenant_3,123.94,utility_points,"{""disagreement_utility"":0.0}",ok,valid,[],"[""event_00000130""]",evaluation_receipt,episode_attempt_9f238bd7501dd8594c2c,efb26499cc5b8902df4e2b179d0a0e357a4316f41a6fa5cf9b0d06c5b97fd96e,true
result_5cb629995c5f92bb212cbc83,runplan_a7b9ed75ad95865b,cell_6bc92d974cc447ceaae2,housing_v1__experiment__000001,housing_v1,housing_controlled_model_landlords_experiment,episode_attempt_9f238bd7501dd8594c2c,efb26499cc5b8902df4e2b179d0a0e357a4316f41a6fa5cf9b0d06c5b97fd96e,included,housing_social_welfare_leaf,1.0.0,social_welfare,1.0.0,utility,tenant_4,tenant_4,89.92,utility_points,"{""disagreement_utility"":0.0}",ok,valid,[],"[""event_00000130""]",evaluation_receipt,episode_attempt_9f238bd7501dd8594c2c,efb26499cc5b8902df4e2b179d0a0e357a4316f41a6fa5cf9b0d06c5b97fd96e,true
result_590a5658de204d51fa54ae8c,runplan_a7b9ed75ad95865b,cell_6bc92d974cc447ceaae2,housing_v1__experiment__000001,housing_v1,housing_controlled_model_landlords_experiment,episode_attempt_9f238bd7501dd8594c2c,efb26499cc5b8902df4e2b179d0a0e357a4316f41a6fa5cf9b0d06c5b97fd96e,included,housing_social_welfare_leaf,1.0.0,social_welfare,1.0.0,utility,tenant_5,tenant_5,0.0,utility_points,"{""disagreement_utility"":0.0}",ok,valid,[],"[""event_00000130""]",evaluation_receipt,episode_attempt_9f238bd7501dd8594c2c,efb26499cc5b8902df4e2b179d0a0e357a4316f41a6fa5cf9b0d06c5b97fd96e,true
result_68edccfdfc7622822c9fba4b,runplan_a7b9ed75ad95865b,cell_6bc92d974cc447ceaae2,housing_v1__experiment__000001,housing_v1,housing_controlled_model_landlords_experiment,episode_attempt_9f238bd7501dd8594c2c,efb26499cc5b8902df4e2b179d0a0e357a4316f41a6fa5cf9b0d06c5b97fd96e,included,housing_social_welfare_leaf,1.0.0,social_welfare,1.0.0,capture,landlord_0,landlord_0,393.6,utility_points,"{""disagreement_utility"":0.0}",ok,valid,[],"[""event_00000130""]",evaluation_receipt,episode_attempt_9f238bd7501dd8594c2c,efb26499cc5b8902df4e2b179d0a0e357a4316f41a6fa5cf9b0d06c5b97fd96e,true
result_ca7925aaf043b399261f4d00,runplan_a7b9ed75ad95865b,cell_6bc92d974cc447ceaae2,housing_v1__experiment__000001,housing_v1,housing_controlled_model_landlords_experiment,episode_attempt_9f238bd7501dd8594c2c,efb26499cc5b8902df4e2b179d0a0e357a4316f41a6fa5cf9b0d06c5b97fd96e,included,housing_social_welfare_leaf,1.0.0,social_welfare,1.0.0,capture,landlord_1,landlord_1,58.62,utility_points,"{""disagreement_utility"":0.0}",ok,valid,[],"[""event_00000130""]",evaluation_receipt,episode_attempt_9f238bd7501dd8594c2c,efb26499cc5b8902df4e2b179d0a0e357a4316f41a6fa5cf9b0d06c5b97fd96e,true
result_7a4f0c4f122719fada5bf900,runplan_a7b9ed75ad95865b,cell_6bc92d974cc447ceaae2,housing_v1__experiment__000001,housing_v1,housing_controlled_model_landlords_experiment,episode_attempt_9f238bd7501dd8594c2c,efb26499cc5b8902df4e2b179d0a0e357a4316f41a6fa5cf9b0d06c5b97fd96e,included,housing_social_welfare_leaf,1.0.0,social_welfare,1.0.0,capture,landlord_2,landlord_2,218.36,utility_points,"{""disagreement_utility"":0.0}",ok,valid,[],"[""event_00000130""]",evaluation_receipt,episode_attempt_9f238bd7501dd8594c2c,efb26499cc5b8902df4e2b179d0a0e357a4316f41a6fa5cf9b0d06c5b97fd96e,true
result_c0c3681de6009638a79d7386,runplan_a7b9ed75ad95865b,cell_6bc92d974cc447ceaae2,housing_v1__experiment__000001,housing_v1,housing_controlled_model_landlords_experiment,episode_attempt_9f238bd7501dd8594c2c,efb26499cc5b8902df4e2b179d0a0e357a4316f41a6fa5cf9b0d06c5b97fd96e,included,housing_social_welfare_leaf,1.0.0,social_welfare,1.0.0,capture,tenant_0,tenant_0,0.0,utility_points,"{""disagreement_utility"":0.0}",ok,valid,[],"[""event_00000130""]",evaluation_receipt,episode_attempt_9f238bd7501dd8594c2c,efb26499cc5b8902df4e2b179d0a0e357a4316f41a6fa5cf9b0d06c5b97fd96e,true
result_d06378ad809a2fa7f7818979,runplan_a7b9ed75ad95865b,cell_6bc92d974cc447ceaae2,housing_v1__experiment__000001,housing_v1,housing_controlled_model_landlords_experiment,episode_attempt_9f238bd7501dd8594c2c,efb26499cc5b8902df4e2b179d0a0e357a4316f41a6fa5cf9b0d06c5b97fd96e,included,housing_social_welfare_leaf,1.0.0,social_welfare,1.0.0,capture,tenant_1,tenant_1,0.0,utility_points,"{""disagreement_utility"":0.0}",ok,valid,[],"[""event_00000130""]",evaluation_receipt,episode_attempt_9f238bd7501dd8594c2c,efb26499cc5b8902df4e2b179d0a0e357a4316f41a6fa5cf9b0d06c5b97fd96e,true
result_43869088f458700b2194f179,runplan_a7b9ed75ad95865b,cell_6bc92d974cc447ceaae2,housing_v1__experiment__000001,housing_v1,housing_controlled_model_landlords_experiment,episode_attempt_9f238bd7501dd8594c2c,efb26499cc5b8902df4e2b179d0a0e357a4316f41a6fa5cf9b0d06c5b97fd96e,included,housing_social_welfare_leaf,1.0.0,social_welfare,1.0.0,capture,tenant_2,tenant_2,243.25,utility_points,"{""disagreement_utility"":0.0}",ok,valid,[],"[""event_00000130""]",evaluation_receipt,episode_attempt_9f238bd7501dd8594c2c,efb26499cc5b8902df4e2b179d0a0e357a4316f41a6fa5cf9b0d06c5b97fd96e,true
result_d4c3b058423bb7ee5d9d4908,runplan_a7b9ed75ad95865b,cell_6bc92d974cc447ceaae2,housing_v1__experiment__000001,housing_v1,housing_controlled_model_landlords_experiment,episode_attempt_9f238bd7501dd8594c2c,efb26499cc5b8902df4e2b179d0a0e357a4316f41a6fa5cf9b0d06c5b97fd96e,included,housing_social_welfare_leaf,1.0.0,social_welfare,1.0.0,capture,tenant_3,tenant_3,123.94,utility_points,"{""disagreement_utility"":0.0}",ok,valid,[],"[""event_00000130""]",evaluation_receipt,episode_attempt_9f238bd7501dd8594c2c,efb26499cc5b8902df4e2b179d0a0e357a4316f41a6fa5cf9b0d06c5b97fd96e,true
result_2dc75a90ed9e9610333eff09,runplan_a7b9ed75ad95865b,cell_6bc92d974cc447ceaae2,housing_v1__experiment__000001,housing_v1,housing_controlled_model_landlords_experiment,episode_attempt_9f238bd7501dd8594c2c,efb26499cc5b8902df4e2b179d0a0e357a4316f41a6fa5cf9b0d06c5b97fd96e,included,housing_social_welfare_leaf,1.0.0,social_welfare,1.0.0,capture,tenant_4,tenant_4,89.92,utility_points,"{""disagreement_utility"":0.0}",ok,valid,[],"[""event_00000130""]",evaluation_receipt,episode_attempt_9f238bd7501dd8594c2c,efb26499cc5b8902df4e2b179d0a0e357a4316f41a6fa5cf9b0d06c5b97fd96e,true
result_96177f30c842ddbc51f760b4,runplan_a7b9ed75ad95865b,cell_6bc92d974cc447ceaae2,housing_v1__experiment__000001,housing_v1,housing_controlled_model_landlords_experiment,episode_attempt_9f238bd7501dd8594c2c,efb26499cc5b8902df4e2b179d0a0e357a4316f41a6fa5cf9b0d06c5b97fd96e,included,housing_social_welfare_leaf,1.0.0,social_welfare,1.0.0,capture,tenant_5,tenant_5,0.0,utility_points,"{""disagreement_utility"":0.0}",ok,valid,[],"[""event_00000130""]",evaluation_receipt,episode_attempt_9f238bd7501dd8594c2c,efb26499cc5b8902df4e2b179d0a0e357a4316f41a6fa5cf9b0d06c5b97fd96e,true
result_2e4b86ae349163ee1306c7b8,runplan_a7b9ed75ad95865b,cell_839cf9b0f6fd79ca419d,housing_v1__experiment__000001,housing_v1,housing_controlled_model_landlords_experiment,episode_attempt_01d399dfb04e78d01945,a5bf2e5169eaad4d6065386b076c4624848dff468f407a25b3fe970ec7b3f746,included,housing_social_welfare_leaf,1.0.0,social_welfare,1.0.0,primary,social_welfare,,1160.46,utility_points,{},ok,valid,[],"[""event_00000130""]",evaluation_receipt,episode_attempt_01d399dfb04e78d01945,a5bf2e5169eaad4d6065386b076c4624848dff468f407a25b3fe970ec7b3f746,true
result_a60db684a76cf7453929d5d9,runplan_a7b9ed75ad95865b,cell_839cf9b0f6fd79ca419d,housing_v1__experiment__000001,housing_v1,housing_controlled_model_landlords_experiment,episode_attempt_01d399dfb04e78d01945,a5bf2e5169eaad4d6065386b076c4624848dff468f407a25b3fe970ec7b3f746,included,housing_social_welfare_leaf,1.0.0,social_welfare,1.0.0,metric,comparison_baseline_gap,,130.72000000000003,utility_points,{},ok,valid,[],"[""event_00000130""]",evaluation_receipt,episode_attempt_01d399dfb04e78d01945,a5bf2e5169eaad4d6065386b076c4624848dff468f407a25b3fe970ec7b3f746,true
result_e0da7809023efaa7d4904f83,runplan_a7b9ed75ad95865b,cell_839cf9b0f6fd79ca419d,housing_v1__experiment__000001,housing_v1,housing_controlled_model_landlords_experiment,episode_attempt_01d399dfb04e78d01945,a5bf2e5169eaad4d6065386b076c4624848dff468f407a25b3fe970ec7b3f746,included,housing_social_welfare_leaf,1.0.0,social_welfare,1.0.0,metric,ir_violation_count,,0.0,count,{},ok,valid,[],"[""event_00000130""]",evaluation_receipt,episode_attempt_01d399dfb04e78d01945,a5bf2e5169eaad4d6065386b076c4624848dff468f407a25b3fe970ec7b3f746,true
result_7a7d46c3d1a3179c0685df38,runplan_a7b9ed75ad95865b,cell_839cf9b0f6fd79ca419d,housing_v1__experiment__000001,housing_v1,housing_controlled_model_landlords_experiment,episode_attempt_01d399dfb04e78d01945,a5bf2e5169eaad4d6065386b076c4624848dff468f407a25b3fe970ec7b3f746,included,housing_social_welfare_leaf,1.0.0,social_welfare,1.0.0,metric,social_welfare,,1160.46,utility_points,{},ok,valid,[],"[""event_00000130""]",evaluation_receipt,episode_attempt_01d399dfb04e78d01945,a5bf2e5169eaad4d6065386b076c4624848dff468f407a25b3fe970ec7b3f746,true
result_56ad71b4a84c006fa06ddf34,runplan_a7b9ed75ad95865b,cell_839cf9b0f6fd79ca419d,housing_v1__experiment__000001,housing_v1,housing_controlled_model_landlords_experiment,episode_attempt_01d399dfb04e78d01945,a5bf2e5169eaad4d6065386b076c4624848dff468f407a25b3fe970ec7b3f746,included,housing_social_welfare_leaf,1.0.0,social_welfare,1.0.0,metric,upper_bound_gap,,15.309999999999945,utility_points,{},ok,valid,[],"[""event_00000130""]",evaluation_receipt,episode_attempt_01d399dfb04e78d01945,a5bf2e5169eaad4d6065386b076c4624848dff468f407a25b3fe970ec7b3f746,true
result_89660c6a96cf3aec867f7024,runplan_a7b9ed75ad95865b,cell_839cf9b0f6fd79ca419d,housing_v1__experiment__000001,housing_v1,housing_controlled_model_landlords_experiment,episode_attempt_01d399dfb04e78d01945,a5bf2e5169eaad4d6065386b076c4624848dff468f407a25b3fe970ec7b3f746,included,housing_social_welfare_leaf,1.0.0,social_welfare,1.0.0,metric,wasted_contacts,,3.0,count,{},ok,valid,[],"[""event_00000130""]",evaluation_receipt,episode_attempt_01d399dfb04e78d01945,a5bf2e5169eaad4d6065386b076c4624848dff468f407a25b3fe970ec7b3f746,true
result_c59d9ddc514598ca79535203,runplan_a7b9ed75ad95865b,cell_839cf9b0f6fd79ca419d,housing_v1__experiment__000001,housing_v1,housing_controlled_model_landlords_experiment,episode_attempt_01d399dfb04e78d01945,a5bf2e5169eaad4d6065386b076c4624848dff468f407a25b3fe970ec7b3f746,included,housing_social_welfare_leaf,1.0.0,social_welfare,1.0.0,metric,within_case_score,,0.9869787458431496,ratio,{},ok,valid,[],"[""event_00000130""]",evaluation_receipt,episode_attempt_01d399dfb04e78d01945,a5bf2e5169eaad4d6065386b076c4624848dff468f407a25b3fe970ec7b3f746,true
result_0865c7c6eed95d2ccd3c6c2a,runplan_a7b9ed75ad95865b,cell_839cf9b0f6fd79ca419d,housing_v1__experiment__000001,housing_v1,housing_controlled_model_landlords_experiment,episode_attempt_01d399dfb04e78d01945,a5bf2e5169eaad4d6065386b076c4624848dff468f407a25b3fe970ec7b3f746,included,housing_social_welfare_leaf,1.0.0,social_welfare,1.0.0,reference,comparison_baseline,,1029.74,utility_points,"{""policy"":""naive"",""reference_kind"":""comparison_baseline""}",ok,valid,[],"[""event_00000130""]",evaluation_receipt,episode_attempt_01d399dfb04e78d01945,a5bf2e5169eaad4d6065386b076c4624848dff468f407a25b3fe970ec7b3f746,true
result_3fbde6419fab41a27aa0c0f1,runplan_a7b9ed75ad95865b,cell_839cf9b0f6fd79ca419d,housing_v1__experiment__000001,housing_v1,housing_controlled_model_landlords_experiment,episode_attempt_01d399dfb04e78d01945,a5bf2e5169eaad4d6065386b076c4624848dff468f407a25b3fe970ec7b3f746,included,housing_social_welfare_leaf,1.0.0,social_welfare,1.0.0,reference,optimum_lower_bound,,0.0,utility_points,"{""policy"":""do_nothing"",""reference_kind"":""objective_lower_bound""}",ok,valid,[],"[""event_00000130""]",evaluation_receipt,episode_attempt_01d399dfb04e78d01945,a5bf2e5169eaad4d6065386b076c4624848dff468f407a25b3fe970ec7b3f746,true
result_dc7865049bd240648cb0b525,runplan_a7b9ed75ad95865b,cell_839cf9b0f6fd79ca419d,housing_v1__experiment__000001,housing_v1,housing_controlled_model_landlords_experiment,episode_attempt_01d399dfb04e78d01945,a5bf2e5169eaad4d6065386b076c4624848dff468f407a25b3fe970ec7b3f746,included,housing_social_welfare_leaf,1.0.0,social_welfare,1.0.0,reference,optimum_upper_bound,,1175.77,utility_points,"{""reference_kind"":""objective_upper_bound"",""semantics"":""full_information_allocation_relaxation""}",ok,valid,[],"[""event_00000130""]",evaluation_receipt,episode_attempt_01d399dfb04e78d01945,a5bf2e5169eaad4d6065386b076c4624848dff468f407a25b3fe970ec7b3f746,true
result_03a6118dda00b482630aea01,runplan_a7b9ed75ad95865b,cell_839cf9b0f6fd79ca419d,housing_v1__experiment__000001,housing_v1,housing_controlled_model_landlords_experiment,episode_attempt_01d399dfb04e78d01945,a5bf2e5169eaad4d6065386b076c4624848dff468f407a25b3fe970ec7b3f746,included,housing_social_welfare_leaf,1.0.0,social_welfare,1.0.0,utility,landlord_0,landlord_0,93.6,utility_points,"{""disagreement_utility"":0.0}",ok,valid,[],"[""event_00000130""]",evaluation_receipt,episode_attempt_01d399dfb04e78d01945,a5bf2e5169eaad4d6065386b076c4624848dff468f407a25b3fe970ec7b3f746,true
result_6162d2388f75caabc7bec1f6,runplan_a7b9ed75ad95865b,cell_839cf9b0f6fd79ca419d,housing_v1__experiment__000001,housing_v1,housing_controlled_model_landlords_experiment,episode_attempt_01d399dfb04e78d01945,a5bf2e5169eaad4d6065386b076c4624848dff468f407a25b3fe970ec7b3f746,included,housing_social_welfare_leaf,1.0.0,social_welfare,1.0.0,utility,landlord_1,landlord_1,156.62,utility_points,"{""disagreement_utility"":0.0}",ok,valid,[],"[""event_00000130""]",evaluation_receipt,episode_attempt_01d399dfb04e78d01945,a5bf2e5169eaad4d6065386b076c4624848dff468f407a25b3fe970ec7b3f746,true
result_d968bb082965d5455bfbd6f3,runplan_a7b9ed75ad95865b,cell_839cf9b0f6fd79ca419d,housing_v1__experiment__000001,housing_v1,housing_controlled_model_landlords_experiment,episode_attempt_01d399dfb04e78d01945,a5bf2e5169eaad4d6065386b076c4624848dff468f407a25b3fe970ec7b3f746,included,housing_social_welfare_leaf,1.0.0,social_welfare,1.0.0,utility,landlord_2,landlord_2,75.36,utility_points,"{""disagreement_utility"":0.0}",ok,valid,[],"[""event_00000130""]",evaluation_receipt,episode_attempt_01d399dfb04e78d01945,a5bf2e5169eaad4d6065386b076c4624848dff468f407a25b3fe970ec7b3f746,true
result_de12b4f59e59db65dfe7b3bb,runplan_a7b9ed75ad95865b,cell_839cf9b0f6fd79ca419d,housing_v1__experiment__000001,housing_v1,housing_controlled_model_landlords_experiment,episode_attempt_01d399dfb04e78d01945,a5bf2e5169eaad4d6065386b076c4624848dff468f407a25b3fe970ec7b3f746,included,housing_social_welfare_leaf,1.0.0,social_welfare,1.0.0,utility,tenant_0,tenant_0,0.0,utility_points,"{""disagreement_utility"":0.0}",ok,valid,[],"[""event_00000130""]",evaluation_receipt,episode_attempt_01d399dfb04e78d01945,a5bf2e5169eaad4d6065386b076c4624848dff468f407a25b3fe970ec7b3f746,true
result_e102ac4097553106c3ef1298,runplan_a7b9ed75ad95865b,cell_839cf9b0f6fd79ca419d,housing_v1__experiment__000001,housing_v1,housing_controlled_model_landlords_experiment,episode_attempt_01d399dfb04e78d01945,a5bf2e5169eaad4d6065386b076c4624848dff468f407a25b3fe970ec7b3f746,included,housing_social_welfare_leaf,1.0.0,social_welfare,1.0.0,utility,tenant_1,tenant_1,178.02,utility_points,"{""disagreement_utility"":0.0}",ok,valid,[],"[""event_00000130""]",evaluation_receipt,episode_attempt_01d399dfb04e78d01945,a5bf2e5169eaad4d6065386b076c4624848dff468f407a25b3fe970ec7b3f746,true
result_c32531d968a405b5442e5d66,runplan_a7b9ed75ad95865b,cell_839cf9b0f6fd79ca419d,housing_v1__experiment__000001,housing_v1,housing_controlled_model_landlords_experiment,episode_attempt_01d399dfb04e78d01945,a5bf2e5169eaad4d6065386b076c4624848dff468f407a25b3fe970ec7b3f746,included,housing_social_welfare_leaf,1.0.0,social_welfare,1.0.0,utility,tenant_2,tenant_2,0.0,utility_points,"{""disagreement_utility"":0.0}",ok,valid,[],"[""event_00000130""]",evaluation_receipt,episode_attempt_01d399dfb04e78d01945,a5bf2e5169eaad4d6065386b076c4624848dff468f407a25b3fe970ec7b3f746,true
result_6e595be823732f04acb315bf,runplan_a7b9ed75ad95865b,cell_839cf9b0f6fd79ca419d,housing_v1__experiment__000001,housing_v1,housing_controlled_model_landlords_experiment,episode_attempt_01d399dfb04e78d01945,a5bf2e5169eaad4d6065386b076c4624848dff468f407a25b3fe970ec7b3f746,included,housing_social_welfare_leaf,1.0.0,social_welfare,1.0.0,utility,tenant_3,tenant_3,266.94,utility_points,"{""disagreement_utility"":0.0}",ok,valid,[],"[""event_00000130""]",evaluation_receipt,episode_attempt_01d399dfb04e78d01945,a5bf2e5169eaad4d6065386b076c4624848dff468f407a25b3fe970ec7b3f746,true
result_3d028c345ce96e439676c15e,runplan_a7b9ed75ad95865b,cell_839cf9b0f6fd79ca419d,housing_v1__experiment__000001,housing_v1,housing_controlled_model_landlords_experiment,episode_attempt_01d399dfb04e78d01945,a5bf2e5169eaad4d6065386b076c4624848dff468f407a25b3fe970ec7b3f746,included,housing_social_welfare_leaf,1.0.0,social_welfare,1.0.0,utility,tenant_4,tenant_4,389.92,utility_points,"{""disagreement_utility"":0.0}",ok,valid,[],"[""event_00000130""]",evaluation_receipt,episode_attempt_01d399dfb04e78d01945,a5bf2e5169eaad4d6065386b076c4624848dff468f407a25b3fe970ec7b3f746,true
result_450233b5c03c6169922155d0,runplan_a7b9ed75ad95865b,cell_839cf9b0f6fd79ca419d,housing_v1__experiment__000001,housing_v1,housing_controlled_model_landlords_experiment,episode_attempt_01d399dfb04e78d01945,a5bf2e5169eaad4d6065386b076c4624848dff468f407a25b3fe970ec7b3f746,included,housing_social_welfare_leaf,1.0.0,social_welfare,1.0.0,utility,tenant_5,tenant_5,0.0,utility_points,"{""disagreement_utility"":0.0}",ok,valid,[],"[""event_00000130""]",evaluation_receipt,episode_attempt_01d399dfb04e78d01945,a5bf2e5169eaad4d6065386b076c4624848dff468f407a25b3fe970ec7b3f746,true
result_49b9337fc69cf45003fbcb43,runplan_a7b9ed75ad95865b,cell_839cf9b0f6fd79ca419d,housing_v1__experiment__000001,housing_v1,housing_controlled_model_landlords_experiment,episode_attempt_01d399dfb04e78d01945,a5bf2e5169eaad4d6065386b076c4624848dff468f407a25b3fe970ec7b3f746,included,housing_social_welfare_leaf,1.0.0,social_welfare,1.0.0,capture,landlord_0,landlord_0,93.6,utility_points,"{""disagreement_utility"":0.0}",ok,valid,[],"[""event_00000130""]",evaluation_receipt,episode_attempt_01d399dfb04e78d01945,a5bf2e5169eaad4d6065386b076c4624848dff468f407a25b3fe970ec7b3f746,true
result_135cf6cf1e94d979d88e6ce3,runplan_a7b9ed75ad95865b,cell_839cf9b0f6fd79ca419d,housing_v1__experiment__000001,housing_v1,housing_controlled_model_landlords_experiment,episode_attempt_01d399dfb04e78d01945,a5bf2e5169eaad4d6065386b076c4624848dff468f407a25b3fe970ec7b3f746,included,housing_social_welfare_leaf,1.0.0,social_welfare,1.0.0,capture,landlord_1,landlord_1,156.62,utility_points,"{""disagreement_utility"":0.0}",ok,valid,[],"[""event_00000130""]",evaluation_receipt,episode_attempt_01d399dfb04e78d01945,a5bf2e5169eaad4d6065386b076c4624848dff468f407a25b3fe970ec7b3f746,true
result_771d4c0ab5812a0adbc8ee17,runplan_a7b9ed75ad95865b,cell_839cf9b0f6fd79ca419d,housing_v1__experiment__000001,housing_v1,housing_controlled_model_landlords_experiment,episode_attempt_01d399dfb04e78d01945,a5bf2e5169eaad4d6065386b076c4624848dff468f407a25b3fe970ec7b3f746,included,housing_social_welfare_leaf,1.0.0,social_welfare,1.0.0,capture,landlord_2,landlord_2,75.36,utility_points,"{""disagreement_utility"":0.0}",ok,valid,[],"[""event_00000130""]",evaluation_receipt,episode_attempt_01d399dfb04e78d01945,a5bf2e5169eaad4d6065386b076c4624848dff468f407a25b3fe970ec7b3f746,true
result_7bb68fe72ed8bf66e9191941,runplan_a7b9ed75ad95865b,cell_839cf9b0f6fd79ca419d,housing_v1__experiment__000001,housing_v1,housing_controlled_model_landlords_experiment,episode_attempt_01d399dfb04e78d01945,a5bf2e5169eaad4d6065386b076c4624848dff468f407a25b3fe970ec7b3f746,included,housing_social_welfare_leaf,1.0.0,social_welfare,1.0.0,capture,tenant_0,tenant_0,0.0,utility_points,"{""disagreement_utility"":0.0}",ok,valid,[],"[""event_00000130""]",evaluation_receipt,episode_attempt_01d399dfb04e78d01945,a5bf2e5169eaad4d6065386b076c4624848dff468f407a25b3fe970ec7b3f746,true
result_2bd684aec5bb6fc5a93ecec7,runplan_a7b9ed75ad95865b,cell_839cf9b0f6fd79ca419d,housing_v1__experiment__000001,housing_v1,housing_controlled_model_landlords_experiment,episode_attempt_01d399dfb04e78d01945,a5bf2e5169eaad4d6065386b076c4624848dff468f407a25b3fe970ec7b3f746,included,housing_social_welfare_leaf,1.0.0,social_welfare,1.0.0,capture,tenant_1,tenant_1,178.02,utility_points,"{""disagreement_utility"":0.0}",ok,valid,[],"[""event_00000130""]",evaluation_receipt,episode_attempt_01d399dfb04e78d01945,a5bf2e5169eaad4d6065386b076c4624848dff468f407a25b3fe970ec7b3f746,true
result_5cc7936456f58b0b967bdf7e,runplan_a7b9ed75ad95865b,cell_839cf9b0f6fd79ca419d,housing_v1__experiment__000001,housing_v1,housing_controlled_model_landlords_experiment,episode_attempt_01d399dfb04e78d01945,a5bf2e5169eaad4d6065386b076c4624848dff468f407a25b3fe970ec7b3f746,included,housing_social_welfare_leaf,1.0.0,social_welfare,1.0.0,capture,tenant_2,tenant_2,0.0,utility_points,"{""disagreement_utility"":0.0}",ok,valid,[],"[""event_00000130""]",evaluation_receipt,episode_attempt_01d399dfb04e78d01945,a5bf2e5169eaad4d6065386b076c4624848dff468f407a25b3fe970ec7b3f746,true
result_6afe384f1322b5a132d8534b,runplan_a7b9ed75ad95865b,cell_839cf9b0f6fd79ca419d,housing_v1__experiment__000001,housing_v1,housing_controlled_model_landlords_experiment,episode_attempt_01d399dfb04e78d01945,a5bf2e5169eaad4d6065386b076c4624848dff468f407a25b3fe970ec7b3f746,included,housing_social_welfare_leaf,1.0.0,social_welfare,1.0.0,capture,tenant_3,tenant_3,266.94,utility_points,"{""disagreement_utility"":0.0}",ok,valid,[],"[""event_00000130""]",evaluation_receipt,episode_attempt_01d399dfb04e78d01945,a5bf2e5169eaad4d6065386b076c4624848dff468f407a25b3fe970ec7b3f746,true
result_88535cdad3f0428c54fd3e1e,runplan_a7b9ed75ad95865b,cell_839cf9b0f6fd79ca419d,housing_v1__experiment__000001,housing_v1,housing_controlled_model_landlords_experiment,episode_attempt_01d399dfb04e78d01945,a5bf2e5169eaad4d6065386b076c4624848dff468f407a25b3fe970ec7b3f746,included,housing_social_welfare_leaf,1.0.0,social_welfare,1.0.0,capture,tenant_4,tenant_4,389.92,utility_points,"{""disagreement_utility"":0.0}",ok,valid,[],"[""event_00000130""]",evaluation_receipt,episode_attempt_01d399dfb04e78d01945,a5bf2e5169eaad4d6065386b076c4624848dff468f407a25b3fe970ec7b3f746,true
result_3d5d4c924fde9f1adaf8c8fa,runplan_a7b9ed75ad95865b,cell_839cf9b0f6fd79ca419d,housing_v1__experiment__000001,housing_v1,housing_controlled_model_landlords_experiment,episode_attempt_01d399dfb04e78d01945,a5bf2e5169eaad4d6065386b076c4624848dff468f407a25b3fe970ec7b3f746,included,housing_social_welfare_leaf,1.0.0,social_welfare,1.0.0,capture,tenant_5,tenant_5,0.0,utility_points,"{""disagreement_utility"":0.0}",ok,valid,[],"[""event_00000130""]",evaluation_receipt,episode_attempt_01d399dfb04e78d01945,a5bf2e5169eaad4d6065386b076c4624848dff468f407a25b3fe970ec7b3f746,true
result_acaf3067b587d6ef0b5499a9,runplan_a7b9ed75ad95865b,cell_b81d046590d368c7eb5c,housing_v1__experiment__000008,housing_v1,housing_controlled_model_landlords_experiment,episode_attempt_79a19bb4dd8049339d4b,4a2699287f0dbc776270028359f81b0987b0a20c0e73ce9f71210b968a643cdf,included,housing_social_welfare_leaf,1.0.0,social_welfare,1.0.0,primary,social_welfare,,1610.49,utility_points,{},ok,valid,[],"[""event_00000140""]",evaluation_receipt,episode_attempt_79a19bb4dd8049339d4b,4a2699287f0dbc776270028359f81b0987b0a20c0e73ce9f71210b968a643cdf,true
result_024cc9e9d084b828e33442aa,runplan_a7b9ed75ad95865b,cell_b81d046590d368c7eb5c,housing_v1__experiment__000008,housing_v1,housing_controlled_model_landlords_experiment,episode_attempt_79a19bb4dd8049339d4b,4a2699287f0dbc776270028359f81b0987b0a20c0e73ce9f71210b968a643cdf,included,housing_social_welfare_leaf,1.0.0,social_welfare,1.0.0,metric,comparison_baseline_gap,,0.0,utility_points,{},ok,valid,[],"[""event_00000140""]",evaluation_receipt,episode_attempt_79a19bb4dd8049339d4b,4a2699287f0dbc776270028359f81b0987b0a20c0e73ce9f71210b968a643cdf,true
result_0d088f033cec024812aec467,runplan_a7b9ed75ad95865b,cell_b81d046590d368c7eb5c,housing_v1__experiment__000008,housing_v1,housing_controlled_model_landlords_experiment,episode_attempt_79a19bb4dd8049339d4b,4a2699287f0dbc776270028359f81b0987b0a20c0e73ce9f71210b968a643cdf,included,housing_social_welfare_leaf,1.0.0,social_welfare,1.0.0,metric,ir_violation_count,,0.0,count,{},ok,valid,[],"[""event_00000140""]",evaluation_receipt,episode_attempt_79a19bb4dd8049339d4b,4a2699287f0dbc776270028359f81b0987b0a20c0e73ce9f71210b968a643cdf,true
result_3c89c9d5d9efa62d38cd471c,runplan_a7b9ed75ad95865b,cell_b81d046590d368c7eb5c,housing_v1__experiment__000008,housing_v1,housing_controlled_model_landlords_experiment,episode_attempt_79a19bb4dd8049339d4b,4a2699287f0dbc776270028359f81b0987b0a20c0e73ce9f71210b968a643cdf,included,housing_social_welfare_leaf,1.0.0,social_welfare,1.0.0,metric,social_welfare,,1610.49,utility_points,{},ok,valid,[],"[""event_00000140""]",evaluation_receipt,episode_attempt_79a19bb4dd8049339d4b,4a2699287f0dbc776270028359f81b0987b0a20c0e73ce9f71210b968a643cdf,true
result_2668dbbd8874f737749b5301,runplan_a7b9ed75ad95865b,cell_b81d046590d368c7eb5c,housing_v1__experiment__000008,housing_v1,housing_controlled_model_landlords_experiment,episode_attempt_79a19bb4dd8049339d4b,4a2699287f0dbc776270028359f81b0987b0a20c0e73ce9f71210b968a643cdf,included,housing_social_welfare_leaf,1.0.0,social_welfare,1.0.0,metric,upper_bound_gap,,0.5,utility_points,{},ok,valid,[],"[""event_00000140""]",evaluation_receipt,episode_attempt_79a19bb4dd8049339d4b,4a2699287f0dbc776270028359f81b0987b0a20c0e73ce9f71210b968a643cdf,true
result_606d40a0f168675762c42d0d,runplan_a7b9ed75ad95865b,cell_b81d046590d368c7eb5c,housing_v1__experiment__000008,housing_v1,housing_controlled_model_landlords_experiment,episode_attempt_79a19bb4dd8049339d4b,4a2699287f0dbc776270028359f81b0987b0a20c0e73ce9f71210b968a643cdf,included,housing_social_welfare_leaf,1.0.0,social_welfare,1.0.0,metric,wasted_contacts,,3.0,count,{},ok,valid,[],"[""event_00000140""]",evaluation_receipt,episode_attempt_79a19bb4dd8049339d4b,4a2699287f0dbc776270028359f81b0987b0a20c0e73ce9f71210b968a643cdf,true
result_67d5c52cdf0f3587bd37f9c8,runplan_a7b9ed75ad95865b,cell_b81d046590d368c7eb5c,housing_v1__experiment__000008,housing_v1,housing_controlled_model_landlords_experiment,episode_attempt_79a19bb4dd8049339d4b,4a2699287f0dbc776270028359f81b0987b0a20c0e73ce9f71210b968a643cdf,included,housing_social_welfare_leaf,1.0.0,social_welfare,1.0.0,metric,within_case_score,,0.9996896318412901,ratio,{},ok,valid,[],"[""event_00000140""]",evaluation_receipt,episode_attempt_79a19bb4dd8049339d4b,4a2699287f0dbc776270028359f81b0987b0a20c0e73ce9f71210b968a643cdf,true
result_6ffaebe8f224b0af5727886a,runplan_a7b9ed75ad95865b,cell_b81d046590d368c7eb5c,housing_v1__experiment__000008,housing_v1,housing_controlled_model_landlords_experiment,episode_attempt_79a19bb4dd8049339d4b,4a2699287f0dbc776270028359f81b0987b0a20c0e73ce9f71210b968a643cdf,included,housing_social_welfare_leaf,1.0.0,social_welfare,1.0.0,reference,comparison_baseline,,1610.49,utility_points,"{""policy"":""naive"",""reference_kind"":""comparison_baseline""}",ok,valid,[],"[""event_00000140""]",evaluation_receipt,episode_attempt_79a19bb4dd8049339d4b,4a2699287f0dbc776270028359f81b0987b0a20c0e73ce9f71210b968a643cdf,true
result_d9f9dc95ccd976ad64372a49,runplan_a7b9ed75ad95865b,cell_b81d046590d368c7eb5c,housing_v1__experiment__000008,housing_v1,housing_controlled_model_landlords_experiment,episode_attempt_79a19bb4dd8049339d4b,4a2699287f0dbc776270028359f81b0987b0a20c0e73ce9f71210b968a643cdf,included,housing_social_welfare_leaf,1.0.0,social_welfare,1.0.0,reference,optimum_lower_bound,,0.0,utility_points,"{""policy"":""do_nothing"",""reference_kind"":""objective_lower_bound""}",ok,valid,[],"[""event_00000140""]",evaluation_receipt,episode_attempt_79a19bb4dd8049339d4b,4a2699287f0dbc776270028359f81b0987b0a20c0e73ce9f71210b968a643cdf,true
result_fced1d93597b2902af977278,runplan_a7b9ed75ad95865b,cell_b81d046590d368c7eb5c,housing_v1__experiment__000008,housing_v1,housing_controlled_model_landlords_experiment,episode_attempt_79a19bb4dd8049339d4b,4a2699287f0dbc776270028359f81b0987b0a20c0e73ce9f71210b968a643cdf,included,housing_social_welfare_leaf,1.0.0,social_welfare,1.0.0,reference,optimum_upper_bound,,1610.99,utility_points,"{""reference_kind"":""objective_upper_bound"",""semantics"":""full_information_allocation_relaxation""}",ok,valid,[],"[""event_00000140""]",evaluation_receipt,episode_attempt_79a19bb4dd8049339d4b,4a2699287f0dbc776270028359f81b0987b0a20c0e73ce9f71210b968a643cdf,true
result_5866eef50e3cc866f6f0f7bf,runplan_a7b9ed75ad95865b,cell_b81d046590d368c7eb5c,housing_v1__experiment__000008,housing_v1,housing_controlled_model_landlords_experiment,episode_attempt_79a19bb4dd8049339d4b,4a2699287f0dbc776270028359f81b0987b0a20c0e73ce9f71210b968a643cdf,included,housing_social_welfare_leaf,1.0.0,social_welfare,1.0.0,utility,landlord_0,landlord_0,37.7,utility_points,"{""disagreement_utility"":0.0}",ok,valid,[],"[""event_00000140""]",evaluation_receipt,episode_attempt_79a19bb4dd8049339d4b,4a2699287f0dbc776270028359f81b0987b0a20c0e73ce9f71210b968a643cdf,true
result_16c1500148c004a3247025b9,runplan_a7b9ed75ad95865b,cell_b81d046590d368c7eb5c,housing_v1__experiment__000008,housing_v1,housing_controlled_model_landlords_experiment,episode_attempt_79a19bb4dd8049339d4b,4a2699287f0dbc776270028359f81b0987b0a20c0e73ce9f71210b968a643cdf,included,housing_social_welfare_leaf,1.0.0,social_welfare,1.0.0,utility,landlord_1,landlord_1,72.51,utility_points,"{""disagreement_utility"":0.0}",ok,valid,[],"[""event_00000140""]",evaluation_receipt,episode_attempt_79a19bb4dd8049339d4b,4a2699287f0dbc776270028359f81b0987b0a20c0e73ce9f71210b968a643cdf,true
result_410b0ccc832db9d5ee98a887,runplan_a7b9ed75ad95865b,cell_b81d046590d368c7eb5c,housing_v1__experiment__000008,housing_v1,housing_controlled_model_landlords_experiment,episode_attempt_79a19bb4dd8049339d4b,4a2699287f0dbc776270028359f81b0987b0a20c0e73ce9f71210b968a643cdf,included,housing_social_welfare_leaf,1.0.0,social_welfare,1.0.0,utility,landlord_2,landlord_2,217.3,utility_points,"{""disagreement_utility"":0.0}",ok,valid,[],"[""event_00000140""]",evaluation_receipt,episode_attempt_79a19bb4dd8049339d4b,4a2699287f0dbc776270028359f81b0987b0a20c0e73ce9f71210b968a643cdf,true
result_7a7efdd17623bd8361c7ce30,runplan_a7b9ed75ad95865b,cell_b81d046590d368c7eb5c,housing_v1__experiment__000008,housing_v1,housing_controlled_model_landlords_experiment,episode_attempt_79a19bb4dd8049339d4b,4a2699287f0dbc776270028359f81b0987b0a20c0e73ce9f71210b968a643cdf,included,housing_social_welfare_leaf,1.0.0,social_welfare,1.0.0,utility,tenant_0,tenant_0,625.19,utility_points,"{""disagreement_utility"":0.0}",ok,valid,[],"[""event_00000140""]",evaluation_receipt,episode_attempt_79a19bb4dd8049339d4b,4a2699287f0dbc776270028359f81b0987b0a20c0e73ce9f71210b968a643cdf,true
result_889d2acd4ca449597744c3c1,runplan_a7b9ed75ad95865b,cell_b81d046590d368c7eb5c,housing_v1__experiment__000008,housing_v1,housing_controlled_model_landlords_experiment,episode_attempt_79a19bb4dd8049339d4b,4a2699287f0dbc776270028359f81b0987b0a20c0e73ce9f71210b968a643cdf,included,housing_social_welfare_leaf,1.0.0,social_welfare,1.0.0,utility,tenant_1,tenant_1,416.46,utility_points,"{""disagreement_utility"":0.0}",ok,valid,[],"[""event_00000140""]",evaluation_receipt,episode_attempt_79a19bb4dd8049339d4b,4a2699287f0dbc776270028359f81b0987b0a20c0e73ce9f71210b968a643cdf,true
result_75a7d49f21f4fccb0dbc27f5,runplan_a7b9ed75ad95865b,cell_b81d046590d368c7eb5c,housing_v1__experiment__000008,housing_v1,housing_controlled_model_landlords_experiment,episode_attempt_79a19bb4dd8049339d4b,4a2699287f0dbc776270028359f81b0987b0a20c0e73ce9f71210b968a643cdf,included,housing_social_welfare_leaf,1.0.0,social_welfare,1.0.0,utility,tenant_2,tenant_2,241.33,utility_points,"{""disagreement_utility"":0.0}",ok,valid,[],"[""event_00000140""]",evaluation_receipt,episode_attempt_79a19bb4dd8049339d4b,4a2699287f0dbc776270028359f81b0987b0a20c0e73ce9f71210b968a643cdf,true
result_1d876c81fd1e02aa44f42208,runplan_a7b9ed75ad95865b,cell_b81d046590d368c7eb5c,housing_v1__experiment__000008,housing_v1,housing_controlled_model_landlords_experiment,episode_attempt_79a19bb4dd8049339d4b,4a2699287f0dbc776270028359f81b0987b0a20c0e73ce9f71210b968a643cdf,included,housing_social_welfare_leaf,1.0.0,social_welfare,1.0.0,utility,tenant_3,tenant_3,0.0,utility_points,"{""disagreement_utility"":0.0}",ok,valid,[],"[""event_00000140""]",evaluation_receipt,episode_attempt_79a19bb4dd8049339d4b,4a2699287f0dbc776270028359f81b0987b0a20c0e73ce9f71210b968a643cdf,true
result_defc552e03474095b50adda9,runplan_a7b9ed75ad95865b,cell_b81d046590d368c7eb5c,housing_v1__experiment__000008,housing_v1,housing_controlled_model_landlords_experiment,episode_attempt_79a19bb4dd8049339d4b,4a2699287f0dbc776270028359f81b0987b0a20c0e73ce9f71210b968a643cdf,included,housing_social_welfare_leaf,1.0.0,social_welfare,1.0.0,utility,tenant_4,tenant_4,0.0,utility_points,"{""disagreement_utility"":0.0}",ok,valid,[],"[""event_00000140""]",evaluation_receipt,episode_attempt_79a19bb4dd8049339d4b,4a2699287f0dbc776270028359f81b0987b0a20c0e73ce9f71210b968a643cdf,true
result_b8866b2ca29e3c68fcd33d87,runplan_a7b9ed75ad95865b,cell_b81d046590d368c7eb5c,housing_v1__experiment__000008,housing_v1,housing_controlled_model_landlords_experiment,episode_attempt_79a19bb4dd8049339d4b,4a2699287f0dbc776270028359f81b0987b0a20c0e73ce9f71210b968a643cdf,included,housing_social_welfare_leaf,1.0.0,social_welfare,1.0.0,utility,tenant_5,tenant_5,0.0,utility_points,"{""disagreement_utility"":0.0}",ok,valid,[],"[""event_00000140""]",evaluation_receipt,episode_attempt_79a19bb4dd8049339d4b,4a2699287f0dbc776270028359f81b0987b0a20c0e73ce9f71210b968a643cdf,true
result_cbc4ceb4e4c405455f0f4730,runplan_a7b9ed75ad95865b,cell_b81d046590d368c7eb5c,housing_v1__experiment__000008,housing_v1,housing_controlled_model_landlords_experiment,episode_attempt_79a19bb4dd8049339d4b,4a2699287f0dbc776270028359f81b0987b0a20c0e73ce9f71210b968a643cdf,included,housing_social_welfare_leaf,1.0.0,social_welfare,1.0.0,capture,landlord_0,landlord_0,37.7,utility_points,"{""disagreement_utility"":0.0}",ok,valid,[],"[""event_00000140""]",evaluation_receipt,episode_attempt_79a19bb4dd8049339d4b,4a2699287f0dbc776270028359f81b0987b0a20c0e73ce9f71210b968a643cdf,true
result_d726051166f6ba8ee34345b4,runplan_a7b9ed75ad95865b,cell_b81d046590d368c7eb5c,housing_v1__experiment__000008,housing_v1,housing_controlled_model_landlords_experiment,episode_attempt_79a19bb4dd8049339d4b,4a2699287f0dbc776270028359f81b0987b0a20c0e73ce9f71210b968a643cdf,included,housing_social_welfare_leaf,1.0.0,social_welfare,1.0.0,capture,landlord_1,landlord_1,72.51,utility_points,"{""disagreement_utility"":0.0}",ok,valid,[],"[""event_00000140""]",evaluation_receipt,episode_attempt_79a19bb4dd8049339d4b,4a2699287f0dbc776270028359f81b0987b0a20c0e73ce9f71210b968a643cdf,true
result_b599f1c8b812a18670967cb3,runplan_a7b9ed75ad95865b,cell_b81d046590d368c7eb5c,housing_v1__experiment__000008,housing_v1,housing_controlled_model_landlords_experiment,episode_attempt_79a19bb4dd8049339d4b,4a2699287f0dbc776270028359f81b0987b0a20c0e73ce9f71210b968a643cdf,included,housing_social_welfare_leaf,1.0.0,social_welfare,1.0.0,capture,landlord_2,landlord_2,217.3,utility_points,"{""disagreement_utility"":0.0}",ok,valid,[],"[""event_00000140""]",evaluation_receipt,episode_attempt_79a19bb4dd8049339d4b,4a2699287f0dbc776270028359f81b0987b0a20c0e73ce9f71210b968a643cdf,true
result_6064faa9bc433322f1db223e,runplan_a7b9ed75ad95865b,cell_b81d046590d368c7eb5c,housing_v1__experiment__000008,housing_v1,housing_controlled_model_landlords_experiment,episode_attempt_79a19bb4dd8049339d4b,4a2699287f0dbc776270028359f81b0987b0a20c0e73ce9f71210b968a643cdf,included,housing_social_welfare_leaf,1.0.0,social_welfare,1.0.0,capture,tenant_0,tenant_0,625.19,utility_points,"{""disagreement_utility"":0.0}",ok,valid,[],"[""event_00000140""]",evaluation_receipt,episode_attempt_79a19bb4dd8049339d4b,4a2699287f0dbc776270028359f81b0987b0a20c0e73ce9f71210b968a643cdf,true
result_329bbc25883207726d185f56,runplan_a7b9ed75ad95865b,cell_b81d046590d368c7eb5c,housing_v1__experiment__000008,housing_v1,housing_controlled_model_landlords_experiment,episode_attempt_79a19bb4dd8049339d4b,4a2699287f0dbc776270028359f81b0987b0a20c0e73ce9f71210b968a643cdf,included,housing_social_welfare_leaf,1.0.0,social_welfare,1.0.0,capture,tenant_1,tenant_1,416.46,utility_points,"{""disagreement_utility"":0.0}",ok,valid,[],"[""event_00000140""]",evaluation_receipt,episode_attempt_79a19bb4dd8049339d4b,4a2699287f0dbc776270028359f81b0987b0a20c0e73ce9f71210b968a643cdf,true
result_0396c59544ca1b368699bae1,runplan_a7b9ed75ad95865b,cell_b81d046590d368c7eb5c,housing_v1__experiment__000008,housing_v1,housing_controlled_model_landlords_experiment,episode_attempt_79a19bb4dd8049339d4b,4a2699287f0dbc776270028359f81b0987b0a20c0e73ce9f71210b968a643cdf,included,housing_social_welfare_leaf,1.0.0,social_welfare,1.0.0,capture,tenant_2,tenant_2,241.33,utility_points,"{""disagreement_utility"":0.0}",ok,valid,[],"[""event_00000140""]",evaluation_receipt,episode_attempt_79a19bb4dd8049339d4b,4a2699287f0dbc776270028359f81b0987b0a20c0e73ce9f71210b968a643cdf,true
result_08b075b018496fbb6882fec5,runplan_a7b9ed75ad95865b,cell_b81d046590d368c7eb5c,housing_v1__experiment__000008,housing_v1,housing_controlled_model_landlords_experiment,episode_attempt_79a19bb4dd8049339d4b,4a2699287f0dbc776270028359f81b0987b0a20c0e73ce9f71210b968a643cdf,included,housing_social_welfare_leaf,1.0.0,social_welfare,1.0.0,capture,tenant_3,tenant_3,0.0,utility_points,"{""disagreement_utility"":0.0}",ok,valid,[],"[""event_00000140""]",evaluation_receipt,episode_attempt_79a19bb4dd8049339d4b,4a2699287f0dbc776270028359f81b0987b0a20c0e73ce9f71210b968a643cdf,true
result_0f0a0e0680b5a3a5b86d92d3,runplan_a7b9ed75ad95865b,cell_b81d046590d368c7eb5c,housing_v1__experiment__000008,housing_v1,housing_controlled_model_landlords_experiment,episode_attempt_79a19bb4dd8049339d4b,4a2699287f0dbc776270028359f81b0987b0a20c0e73ce9f71210b968a643cdf,included,housing_social_welfare_leaf,1.0.0,social_welfare,1.0.0,capture,tenant_4,tenant_4,0.0,utility_points,"{""disagreement_utility"":0.0}",ok,valid,[],"[""event_00000140""]",evaluation_receipt,episode_attempt_79a19bb4dd8049339d4b,4a2699287f0dbc776270028359f81b0987b0a20c0e73ce9f71210b968a643cdf,true
result_31c347af46b253bdf71a4ffb,runplan_a7b9ed75ad95865b,cell_b81d046590d368c7eb5c,housing_v1__experiment__000008,housing_v1,housing_controlled_model_landlords_experiment,episode_attempt_79a19bb4dd8049339d4b,4a2699287f0dbc776270028359f81b0987b0a20c0e73ce9f71210b968a643cdf,included,housing_social_welfare_leaf,1.0.0,social_welfare,1.0.0,capture,tenant_5,tenant_5,0.0,utility_points,"{""disagreement_utility"":0.0}",ok,valid,[],"[""event_00000140""]",evaluation_receipt,episode_attempt_79a19bb4dd8049339d4b,4a2699287f0dbc776270028359f81b0987b0a20c0e73ce9f71210b968a643cdf,true
result_d5a9cba533547304d9d7d259,runplan_a7b9ed75ad95865b,cell_ccba97fdf59f6b8903a8,housing_v1__experiment__000002,housing_v1,housing_controlled_model_landlords_experiment,episode_attempt_b270f4b63ed8da923a63,5ad25870eb1d53362f97dfb0f628fec709213f6badc7a7d50332f2ee60c7c7e0,included,housing_social_welfare_leaf,1.0.0,social_welfare,1.0.0,primary,social_welfare,,1395.41,utility_points,{},ok,valid,[],"[""event_00000134""]",evaluation_receipt,episode_attempt_b270f4b63ed8da923a63,5ad25870eb1d53362f97dfb0f628fec709213f6badc7a7d50332f2ee60c7c7e0,true
result_858aeac735dd083395d1d2ee,runplan_a7b9ed75ad95865b,cell_ccba97fdf59f6b8903a8,housing_v1__experiment__000002,housing_v1,housing_controlled_model_landlords_experiment,episode_attempt_b270f4b63ed8da923a63,5ad25870eb1d53362f97dfb0f628fec709213f6badc7a7d50332f2ee60c7c7e0,included,housing_social_welfare_leaf,1.0.0,social_welfare,1.0.0,metric,comparison_baseline_gap,,0.0,utility_points,{},ok,valid,[],"[""event_00000134""]",evaluation_receipt,episode_attempt_b270f4b63ed8da923a63,5ad25870eb1d53362f97dfb0f628fec709213f6badc7a7d50332f2ee60c7c7e0,true
result_6fc51e5c4ec64e24c38a4512,runplan_a7b9ed75ad95865b,cell_ccba97fdf59f6b8903a8,housing_v1__experiment__000002,housing_v1,housing_controlled_model_landlords_experiment,episode_attempt_b270f4b63ed8da923a63,5ad25870eb1d53362f97dfb0f628fec709213f6badc7a7d50332f2ee60c7c7e0,included,housing_social_welfare_leaf,1.0.0,social_welfare,1.0.0,metric,ir_violation_count,,0.0,count,{},ok,valid,[],"[""event_00000134""]",evaluation_receipt,episode_attempt_b270f4b63ed8da923a63,5ad25870eb1d53362f97dfb0f628fec709213f6badc7a7d50332f2ee60c7c7e0,true
result_1e68ba8131169ba50687fae1,runplan_a7b9ed75ad95865b,cell_ccba97fdf59f6b8903a8,housing_v1__experiment__000002,housing_v1,housing_controlled_model_landlords_experiment,episode_attempt_b270f4b63ed8da923a63,5ad25870eb1d53362f97dfb0f628fec709213f6badc7a7d50332f2ee60c7c7e0,included,housing_social_welfare_leaf,1.0.0,social_welfare,1.0.0,metric,social_welfare,,1395.41,utility_points,{},ok,valid,[],"[""event_00000134""]",evaluation_receipt,episode_attempt_b270f4b63ed8da923a63,5ad25870eb1d53362f97dfb0f628fec709213f6badc7a7d50332f2ee60c7c7e0,true
result_f7f111faa50bc3eb60027a44,runplan_a7b9ed75ad95865b,cell_ccba97fdf59f6b8903a8,housing_v1__experiment__000002,housing_v1,housing_controlled_model_landlords_experiment,episode_attempt_b270f4b63ed8da923a63,5ad25870eb1d53362f97dfb0f628fec709213f6badc7a7d50332f2ee60c7c7e0,included,housing_social_welfare_leaf,1.0.0,social_welfare,1.0.0,metric,upper_bound_gap,,373.89999999999986,utility_points,{},ok,valid,[],"[""event_00000134""]",evaluation_receipt,episode_attempt_b270f4b63ed8da923a63,5ad25870eb1d53362f97dfb0f628fec709213f6badc7a7d50332f2ee60c7c7e0,true
result_2fd075d1da617ba1ba1916e3,runplan_a7b9ed75ad95865b,cell_ccba97fdf59f6b8903a8,housing_v1__experiment__000002,housing_v1,housing_controlled_model_landlords_experiment,episode_attempt_b270f4b63ed8da923a63,5ad25870eb1d53362f97dfb0f628fec709213f6badc7a7d50332f2ee60c7c7e0,included,housing_social_welfare_leaf,1.0.0,social_welfare,1.0.0,metric,wasted_contacts,,3.0,count,{},ok,valid,[],"[""event_00000134""]",evaluation_receipt,episode_attempt_b270f4b63ed8da923a63,5ad25870eb1d53362f97dfb0f628fec709213f6badc7a7d50332f2ee60c7c7e0,true
result_899429874d0c75a520c60511,runplan_a7b9ed75ad95865b,cell_ccba97fdf59f6b8903a8,housing_v1__experiment__000002,housing_v1,housing_controlled_model_landlords_experiment,episode_attempt_b270f4b63ed8da923a63,5ad25870eb1d53362f97dfb0f628fec709213f6badc7a7d50332f2ee60c7c7e0,included,housing_social_welfare_leaf,1.0.0,social_welfare,1.0.0,metric,within_case_score,,0.7886746810903686,ratio,{},ok,valid,[],"[""event_00000134""]",evaluation_receipt,episode_attempt_b270f4b63ed8da923a63,5ad25870eb1d53362f97dfb0f628fec709213f6badc7a7d50332f2ee60c7c7e0,true
result_55724a33e96aec174c51c191,runplan_a7b9ed75ad95865b,cell_ccba97fdf59f6b8903a8,housing_v1__experiment__000002,housing_v1,housing_controlled_model_landlords_experiment,episode_attempt_b270f4b63ed8da923a63,5ad25870eb1d53362f97dfb0f628fec709213f6badc7a7d50332f2ee60c7c7e0,included,housing_social_welfare_leaf,1.0.0,social_welfare,1.0.0,reference,comparison_baseline,,1395.41,utility_points,"{""policy"":""naive"",""reference_kind"":""comparison_baseline""}",ok,valid,[],"[""event_00000134""]",evaluation_receipt,episode_attempt_b270f4b63ed8da923a63,5ad25870eb1d53362f97dfb0f628fec709213f6badc7a7d50332f2ee60c7c7e0,true
result_d03dda7248f3861a5d8d9cff,runplan_a7b9ed75ad95865b,cell_ccba97fdf59f6b8903a8,housing_v1__experiment__000002,housing_v1,housing_controlled_model_landlords_experiment,episode_attempt_b270f4b63ed8da923a63,5ad25870eb1d53362f97dfb0f628fec709213f6badc7a7d50332f2ee60c7c7e0,included,housing_social_welfare_leaf,1.0.0,social_welfare,1.0.0,reference,optimum_lower_bound,,0.0,utility_points,"{""policy"":""do_nothing"",""reference_kind"":""objective_lower_bound""}",ok,valid,[],"[""event_00000134""]",evaluation_receipt,episode_attempt_b270f4b63ed8da923a63,5ad25870eb1d53362f97dfb0f628fec709213f6badc7a7d50332f2ee60c7c7e0,true
result_998f7ec8649a24f081e6878b,runplan_a7b9ed75ad95865b,cell_ccba97fdf59f6b8903a8,housing_v1__experiment__000002,housing_v1,housing_controlled_model_landlords_experiment,episode_attempt_b270f4b63ed8da923a63,5ad25870eb1d53362f97dfb0f628fec709213f6badc7a7d50332f2ee60c7c7e0,included,housing_social_welfare_leaf,1.0.0,social_welfare,1.0.0,reference,optimum_upper_bound,,1769.31,utility_points,"{""reference_kind"":""objective_upper_bound"",""semantics"":""full_information_allocation_relaxation""}",ok,valid,[],"[""event_00000134""]",evaluation_receipt,episode_attempt_b270f4b63ed8da923a63,5ad25870eb1d53362f97dfb0f628fec709213f6badc7a7d50332f2ee60c7c7e0,true
result_af32f440e99882665a8a0ab1,runplan_a7b9ed75ad95865b,cell_ccba97fdf59f6b8903a8,housing_v1__experiment__000002,housing_v1,housing_controlled_model_landlords_experiment,episode_attempt_b270f4b63ed8da923a63,5ad25870eb1d53362f97dfb0f628fec709213f6badc7a7d50332f2ee60c7c7e0,included,housing_social_welfare_leaf,1.0.0,social_welfare,1.0.0,utility,landlord_0,landlord_0,25.2,utility_points,"{""disagreement_utility"":0.0}",ok,valid,[],"[""event_00000134""]",evaluation_receipt,episode_attempt_b270f4b63ed8da923a63,5ad25870eb1d53362f97dfb0f628fec709213f6badc7a7d50332f2ee60c7c7e0,true
result_5f8b15a43286a17d2adfd3b9,runplan_a7b9ed75ad95865b,cell_ccba97fdf59f6b8903a8,housing_v1__experiment__000002,housing_v1,housing_controlled_model_landlords_experiment,episode_attempt_b270f4b63ed8da923a63,5ad25870eb1d53362f97dfb0f628fec709213f6badc7a7d50332f2ee60c7c7e0,included,housing_social_welfare_leaf,1.0.0,social_welfare,1.0.0,utility,landlord_1,landlord_1,69.87,utility_points,"{""disagreement_utility"":0.0}",ok,valid,[],"[""event_00000134""]",evaluation_receipt,episode_attempt_b270f4b63ed8da923a63,5ad25870eb1d53362f97dfb0f628fec709213f6badc7a7d50332f2ee60c7c7e0,true
result_6ac7c0cdce3756b39949dd51,runplan_a7b9ed75ad95865b,cell_ccba97fdf59f6b8903a8,housing_v1__experiment__000002,housing_v1,housing_controlled_model_landlords_experiment,episode_attempt_b270f4b63ed8da923a63,5ad25870eb1d53362f97dfb0f628fec709213f6badc7a7d50332f2ee60c7c7e0,included,housing_social_welfare_leaf,1.0.0,social_welfare,1.0.0,utility,landlord_2,landlord_2,255.43,utility_points,"{""disagreement_utility"":0.0}",ok,valid,[],"[""event_00000134""]",evaluation_receipt,episode_attempt_b270f4b63ed8da923a63,5ad25870eb1d53362f97dfb0f628fec709213f6badc7a7d50332f2ee60c7c7e0,true
result_c35f1a47e57cd15b61297ef2,runplan_a7b9ed75ad95865b,cell_ccba97fdf59f6b8903a8,housing_v1__experiment__000002,housing_v1,housing_controlled_model_landlords_experiment,episode_attempt_b270f4b63ed8da923a63,5ad25870eb1d53362f97dfb0f628fec709213f6badc7a7d50332f2ee60c7c7e0,included,housing_social_welfare_leaf,1.0.0,social_welfare,1.0.0,utility,tenant_0,tenant_0,272.83,utility_points,"{""disagreement_utility"":0.0}",ok,valid,[],"[""event_00000134""]",evaluation_receipt,episode_attempt_b270f4b63ed8da923a63,5ad25870eb1d53362f97dfb0f628fec709213f6badc7a7d50332f2ee60c7c7e0,true
result_031291d3cf6d1c05d64d4c2c,runplan_a7b9ed75ad95865b,cell_ccba97fdf59f6b8903a8,housing_v1__experiment__000002,housing_v1,housing_controlled_model_landlords_experiment,episode_attempt_b270f4b63ed8da923a63,5ad25870eb1d53362f97dfb0f628fec709213f6badc7a7d50332f2ee60c7c7e0,included,housing_social_welfare_leaf,1.0.0,social_welfare,1.0.0,utility,tenant_1,tenant_1,201.66,utility_points,"{""disagreement_utility"":0.0}",ok,valid,[],"[""event_00000134""]",evaluation_receipt,episode_attempt_b270f4b63ed8da923a63,5ad25870eb1d53362f97dfb0f628fec709213f6badc7a7d50332f2ee60c7c7e0,true
result_d207d2ff75b4d32defbe124f,runplan_a7b9ed75ad95865b,cell_ccba97fdf59f6b8903a8,housing_v1__experiment__000002,housing_v1,housing_controlled_model_landlords_experiment,episode_attempt_b270f4b63ed8da923a63,5ad25870eb1d53362f97dfb0f628fec709213f6badc7a7d50332f2ee60c7c7e0,included,housing_social_welfare_leaf,1.0.0,social_welfare,1.0.0,utility,tenant_2,tenant_2,570.42,utility_points,"{""disagreement_utility"":0.0}",ok,valid,[],"[""event_00000134""]",evaluation_receipt,episode_attempt_b270f4b63ed8da923a63,5ad25870eb1d53362f97dfb0f628fec709213f6badc7a7d50332f2ee60c7c7e0,true
result_2ab76af6600252d547bfeebb,runplan_a7b9ed75ad95865b,cell_ccba97fdf59f6b8903a8,housing_v1__experiment__000002,housing_v1,housing_controlled_model_landlords_experiment,episode_attempt_b270f4b63ed8da923a63,5ad25870eb1d53362f97dfb0f628fec709213f6badc7a7d50332f2ee60c7c7e0,included,housing_social_welfare_leaf,1.0.0,social_welfare,1.0.0,utility,tenant_3,tenant_3,0.0,utility_points,"{""disagreement_utility"":0.0}",ok,valid,[],"[""event_00000134""]",evaluation_receipt,episode_attempt_b270f4b63ed8da923a63,5ad25870eb1d53362f97dfb0f628fec709213f6badc7a7d50332f2ee60c7c7e0,true
result_4556515095473a17ea3ae712,runplan_a7b9ed75ad95865b,cell_ccba97fdf59f6b8903a8,housing_v1__experiment__000002,housing_v1,housing_controlled_model_landlords_experiment,episode_attempt_b270f4b63ed8da923a63,5ad25870eb1d53362f97dfb0f628fec709213f6badc7a7d50332f2ee60c7c7e0,included,housing_social_welfare_leaf,1.0.0,social_welfare,1.0.0,utility,tenant_4,tenant_4,0.0,utility_points,"{""disagreement_utility"":0.0}",ok,valid,[],"[""event_00000134""]",evaluation_receipt,episode_attempt_b270f4b63ed8da923a63,5ad25870eb1d53362f97dfb0f628fec709213f6badc7a7d50332f2ee60c7c7e0,true
result_66481e3e9db86deb7c7fcf61,runplan_a7b9ed75ad95865b,cell_ccba97fdf59f6b8903a8,housing_v1__experiment__000002,housing_v1,housing_controlled_model_landlords_experiment,episode_attempt_b270f4b63ed8da923a63,5ad25870eb1d53362f97dfb0f628fec709213f6badc7a7d50332f2ee60c7c7e0,included,housing_social_welfare_leaf,1.0.0,social_welfare,1.0.0,utility,tenant_5,tenant_5,0.0,utility_points,"{""disagreement_utility"":0.0}",ok,valid,[],"[""event_00000134""]",evaluation_receipt,episode_attempt_b270f4b63ed8da923a63,5ad25870eb1d53362f97dfb0f628fec709213f6badc7a7d50332f2ee60c7c7e0,true
result_9c07f6e3b840c8cf9c5a9ba4,runplan_a7b9ed75ad95865b,cell_ccba97fdf59f6b8903a8,housing_v1__experiment__000002,housing_v1,housing_controlled_model_landlords_experiment,episode_attempt_b270f4b63ed8da923a63,5ad25870eb1d53362f97dfb0f628fec709213f6badc7a7d50332f2ee60c7c7e0,included,housing_social_welfare_leaf,1.0.0,social_welfare,1.0.0,capture,landlord_0,landlord_0,25.2,utility_points,"{""disagreement_utility"":0.0}",ok,valid,[],"[""event_00000134""]",evaluation_receipt,episode_attempt_b270f4b63ed8da923a63,5ad25870eb1d53362f97dfb0f628fec709213f6badc7a7d50332f2ee60c7c7e0,true
result_c03aca7dacdeefeb14fee359,runplan_a7b9ed75ad95865b,cell_ccba97fdf59f6b8903a8,housing_v1__experiment__000002,housing_v1,housing_controlled_model_landlords_experiment,episode_attempt_b270f4b63ed8da923a63,5ad25870eb1d53362f97dfb0f628fec709213f6badc7a7d50332f2ee60c7c7e0,included,housing_social_welfare_leaf,1.0.0,social_welfare,1.0.0,capture,landlord_1,landlord_1,69.87,utility_points,"{""disagreement_utility"":0.0}",ok,valid,[],"[""event_00000134""]",evaluation_receipt,episode_attempt_b270f4b63ed8da923a63,5ad25870eb1d53362f97dfb0f628fec709213f6badc7a7d50332f2ee60c7c7e0,true
result_350e10d12d9c4d60855df71f,runplan_a7b9ed75ad95865b,cell_ccba97fdf59f6b8903a8,housing_v1__experiment__000002,housing_v1,housing_controlled_model_landlords_experiment,episode_attempt_b270f4b63ed8da923a63,5ad25870eb1d53362f97dfb0f628fec709213f6badc7a7d50332f2ee60c7c7e0,included,housing_social_welfare_leaf,1.0.0,social_welfare,1.0.0,capture,landlord_2,landlord_2,255.43,utility_points,"{""disagreement_utility"":0.0}",ok,valid,[],"[""event_00000134""]",evaluation_receipt,episode_attempt_b270f4b63ed8da923a63,5ad25870eb1d53362f97dfb0f628fec709213f6badc7a7d50332f2ee60c7c7e0,true
result_a82b0078453eaa99abf9d63e,runplan_a7b9ed75ad95865b,cell_ccba97fdf59f6b8903a8,housing_v1__experiment__000002,housing_v1,housing_controlled_model_landlords_experiment,episode_attempt_b270f4b63ed8da923a63,5ad25870eb1d53362f97dfb0f628fec709213f6badc7a7d50332f2ee60c7c7e0,included,housing_social_welfare_leaf,1.0.0,social_welfare,1.0.0,capture,tenant_0,tenant_0,272.83,utility_points,"{""disagreement_utility"":0.0}",ok,valid,[],"[""event_00000134""]",evaluation_receipt,episode_attempt_b270f4b63ed8da923a63,5ad25870eb1d53362f97dfb0f628fec709213f6badc7a7d50332f2ee60c7c7e0,true
result_fe679c920e12971a60e7f3ca,runplan_a7b9ed75ad95865b,cell_ccba97fdf59f6b8903a8,housing_v1__experiment__000002,housing_v1,housing_controlled_model_landlords_experiment,episode_attempt_b270f4b63ed8da923a63,5ad25870eb1d53362f97dfb0f628fec709213f6badc7a7d50332f2ee60c7c7e0,included,housing_social_welfare_leaf,1.0.0,social_welfare,1.0.0,capture,tenant_1,tenant_1,201.66,utility_points,"{""disagreement_utility"":0.0}",ok,valid,[],"[""event_00000134""]",evaluation_receipt,episode_attempt_b270f4b63ed8da923a63,5ad25870eb1d53362f97dfb0f628fec709213f6badc7a7d50332f2ee60c7c7e0,true
result_0e85c8837cd7030943a8ccf2,runplan_a7b9ed75ad95865b,cell_ccba97fdf59f6b8903a8,housing_v1__experiment__000002,housing_v1,housing_controlled_model_landlords_experiment,episode_attempt_b270f4b63ed8da923a63,5ad25870eb1d53362f97dfb0f628fec709213f6badc7a7d50332f2ee60c7c7e0,included,housing_social_welfare_leaf,1.0.0,social_welfare,1.0.0,capture,tenant_2,tenant_2,570.42,utility_points,"{""disagreement_utility"":0.0}",ok,valid,[],"[""event_00000134""]",evaluation_receipt,episode_attempt_b270f4b63ed8da923a63,5ad25870eb1d53362f97dfb0f628fec709213f6badc7a7d50332f2ee60c7c7e0,true
result_d5b6cf3b0204e745bcd70f34,runplan_a7b9ed75ad95865b,cell_ccba97fdf59f6b8903a8,housing_v1__experiment__000002,housing_v1,housing_controlled_model_landlords_experiment,episode_attempt_b270f4b63ed8da923a63,5ad25870eb1d53362f97dfb0f628fec709213f6badc7a7d50332f2ee60c7c7e0,included,housing_social_welfare_leaf,1.0.0,social_welfare,1.0.0,capture,tenant_3,tenant_3,0.0,utility_points,"{""disagreement_utility"":0.0}",ok,valid,[],"[""event_00000134""]",evaluation_receipt,episode_attempt_b270f4b63ed8da923a63,5ad25870eb1d53362f97dfb0f628fec709213f6badc7a7d50332f2ee60c7c7e0,true
result_96bfa593822c109f7fa4cdaf,runplan_a7b9ed75ad95865b,cell_ccba97fdf59f6b8903a8,housing_v1__experiment__000002,housing_v1,housing_controlled_model_landlords_experiment,episode_attempt_b270f4b63ed8da923a63,5ad25870eb1d53362f97dfb0f628fec709213f6badc7a7d50332f2ee60c7c7e0,included,housing_social_welfare_leaf,1.0.0,social_welfare,1.0.0,capture,tenant_4,tenant_4,0.0,utility_points,"{""disagreement_utility"":0.0}",ok,valid,[],"[""event_00000134""]",evaluation_receipt,episode_attempt_b270f4b63ed8da923a63,5ad25870eb1d53362f97dfb0f628fec709213f6badc7a7d50332f2ee60c7c7e0,true
result_d1a0046aa6ea2b4f0ba6ba2f,runplan_a7b9ed75ad95865b,cell_ccba97fdf59f6b8903a8,housing_v1__experiment__000002,housing_v1,housing_controlled_model_landlords_experiment,episode_attempt_b270f4b63ed8da923a63,5ad25870eb1d53362f97dfb0f628fec709213f6badc7a7d50332f2ee60c7c7e0,included,housing_social_welfare_leaf,1.0.0,social_welfare,1.0.0,capture,tenant_5,tenant_5,0.0,utility_points,"{""disagreement_utility"":0.0}",ok,valid,[],"[""event_00000134""]",evaluation_receipt,episode_attempt_b270f4b63ed8da923a63,5ad25870eb1d53362f97dfb0f628fec709213f6badc7a7d50332f2ee60c7c7e0,true
result_40ab29ba7c0bfc3e4bacb387,runplan_a7b9ed75ad95865b,cell_de0bbae54988e8022b29,housing_v1__experiment__000003,housing_v1,housing_controlled_model_landlords_experiment,episode_attempt_20ee7d758994c33389b6,5b1875a49fc2e1db0a4874a22d3abefa6018b0f2c1d598f79e772336ef1b43b1,included,housing_social_welfare_leaf,1.0.0,social_welfare,1.0.0,primary,social_welfare,,1461.7,utility_points,{},ok,valid,[],"[""event_00000130""]",evaluation_receipt,episode_attempt_20ee7d758994c33389b6,5b1875a49fc2e1db0a4874a22d3abefa6018b0f2c1d598f79e772336ef1b43b1,true
result_3f15373418cc23d384d5d458,runplan_a7b9ed75ad95865b,cell_de0bbae54988e8022b29,housing_v1__experiment__000003,housing_v1,housing_controlled_model_landlords_experiment,episode_attempt_20ee7d758994c33389b6,5b1875a49fc2e1db0a4874a22d3abefa6018b0f2c1d598f79e772336ef1b43b1,included,housing_social_welfare_leaf,1.0.0,social_welfare,1.0.0,metric,comparison_baseline_gap,,0.0,utility_points,{},ok,valid,[],"[""event_00000130""]",evaluation_receipt,episode_attempt_20ee7d758994c33389b6,5b1875a49fc2e1db0a4874a22d3abefa6018b0f2c1d598f79e772336ef1b43b1,true
result_76293b423d195b5691014445,runplan_a7b9ed75ad95865b,cell_de0bbae54988e8022b29,housing_v1__experiment__000003,housing_v1,housing_controlled_model_landlords_experiment,episode_attempt_20ee7d758994c33389b6,5b1875a49fc2e1db0a4874a22d3abefa6018b0f2c1d598f79e772336ef1b43b1,included,housing_social_welfare_leaf,1.0.0,social_welfare,1.0.0,metric,ir_violation_count,,0.0,count,{},ok,valid,[],"[""event_00000130""]",evaluation_receipt,episode_attempt_20ee7d758994c33389b6,5b1875a49fc2e1db0a4874a22d3abefa6018b0f2c1d598f79e772336ef1b43b1,true
result_ca126d0c05bc1389f10858e5,runplan_a7b9ed75ad95865b,cell_de0bbae54988e8022b29,housing_v1__experiment__000003,housing_v1,housing_controlled_model_landlords_experiment,episode_attempt_20ee7d758994c33389b6,5b1875a49fc2e1db0a4874a22d3abefa6018b0f2c1d598f79e772336ef1b43b1,included,housing_social_welfare_leaf,1.0.0,social_welfare,1.0.0,metric,social_welfare,,1461.7,utility_points,{},ok,valid,[],"[""event_00000130""]",evaluation_receipt,episode_attempt_20ee7d758994c33389b6,5b1875a49fc2e1db0a4874a22d3abefa6018b0f2c1d598f79e772336ef1b43b1,true
result_8b3e9a53412c35a4c1636934,runplan_a7b9ed75ad95865b,cell_de0bbae54988e8022b29,housing_v1__experiment__000003,housing_v1,housing_controlled_model_landlords_experiment,episode_attempt_20ee7d758994c33389b6,5b1875a49fc2e1db0a4874a22d3abefa6018b0f2c1d598f79e772336ef1b43b1,included,housing_social_welfare_leaf,1.0.0,social_welfare,1.0.0,metric,upper_bound_gap,,276.51,utility_points,{},ok,valid,[],"[""event_00000130""]",evaluation_receipt,episode_attempt_20ee7d758994c33389b6,5b1875a49fc2e1db0a4874a22d3abefa6018b0f2c1d598f79e772336ef1b43b1,true
result_34b274bf552e97fa58c69f6d,runplan_a7b9ed75ad95865b,cell_de0bbae54988e8022b29,housing_v1__experiment__000003,housing_v1,housing_controlled_model_landlords_experiment,episode_attempt_20ee7d758994c33389b6,5b1875a49fc2e1db0a4874a22d3abefa6018b0f2c1d598f79e772336ef1b43b1,included,housing_social_welfare_leaf,1.0.0,social_welfare,1.0.0,metric,wasted_contacts,,3.0,count,{},ok,valid,[],"[""event_00000130""]",evaluation_receipt,episode_attempt_20ee7d758994c33389b6,5b1875a49fc2e1db0a4874a22d3abefa6018b0f2c1d598f79e772336ef1b43b1,true
result_8cd996ec70efe788f6afe2d3,runplan_a7b9ed75ad95865b,cell_de0bbae54988e8022b29,housing_v1__experiment__000003,housing_v1,housing_controlled_model_landlords_experiment,episode_attempt_20ee7d758994c33389b6,5b1875a49fc2e1db0a4874a22d3abefa6018b0f2c1d598f79e772336ef1b43b1,included,housing_social_welfare_leaf,1.0.0,social_welfare,1.0.0,metric,within_case_score,,0.8409225582639612,ratio,{},ok,valid,[],"[""event_00000130""]",evaluation_receipt,episode_attempt_20ee7d758994c33389b6,5b1875a49fc2e1db0a4874a22d3abefa6018b0f2c1d598f79e772336ef1b43b1,true
result_0f93ebd2a0d3669cb256b2dd,runplan_a7b9ed75ad95865b,cell_de0bbae54988e8022b29,housing_v1__experiment__000003,housing_v1,housing_controlled_model_landlords_experiment,episode_attempt_20ee7d758994c33389b6,5b1875a49fc2e1db0a4874a22d3abefa6018b0f2c1d598f79e772336ef1b43b1,included,housing_social_welfare_leaf,1.0.0,social_welfare,1.0.0,reference,comparison_baseline,,1461.7,utility_points,"{""policy"":""naive"",""reference_kind"":""comparison_baseline""}",ok,valid,[],"[""event_00000130""]",evaluation_receipt,episode_attempt_20ee7d758994c33389b6,5b1875a49fc2e1db0a4874a22d3abefa6018b0f2c1d598f79e772336ef1b43b1,true
result_d00603c3d72a1e878dc96616,runplan_a7b9ed75ad95865b,cell_de0bbae54988e8022b29,housing_v1__experiment__000003,housing_v1,housing_controlled_model_landlords_experiment,episode_attempt_20ee7d758994c33389b6,5b1875a49fc2e1db0a4874a22d3abefa6018b0f2c1d598f79e772336ef1b43b1,included,housing_social_welfare_leaf,1.0.0,social_welfare,1.0.0,reference,optimum_lower_bound,,0.0,utility_points,"{""policy"":""do_nothing"",""reference_kind"":""objective_lower_bound""}",ok,valid,[],"[""event_00000130""]",evaluation_receipt,episode_attempt_20ee7d758994c33389b6,5b1875a49fc2e1db0a4874a22d3abefa6018b0f2c1d598f79e772336ef1b43b1,true
result_31c783f8c52cba55f25622b3,runplan_a7b9ed75ad95865b,cell_de0bbae54988e8022b29,housing_v1__experiment__000003,housing_v1,housing_controlled_model_landlords_experiment,episode_attempt_20ee7d758994c33389b6,5b1875a49fc2e1db0a4874a22d3abefa6018b0f2c1d598f79e772336ef1b43b1,included,housing_social_welfare_leaf,1.0.0,social_welfare,1.0.0,reference,optimum_upper_bound,,1738.21,utility_points,"{""reference_kind"":""objective_upper_bound"",""semantics"":""full_information_allocation_relaxation""}",ok,valid,[],"[""event_00000130""]",evaluation_receipt,episode_attempt_20ee7d758994c33389b6,5b1875a49fc2e1db0a4874a22d3abefa6018b0f2c1d598f79e772336ef1b43b1,true
result_df0e6facb1b947f0f149a0f9,runplan_a7b9ed75ad95865b,cell_de0bbae54988e8022b29,housing_v1__experiment__000003,housing_v1,housing_controlled_model_landlords_experiment,episode_attempt_20ee7d758994c33389b6,5b1875a49fc2e1db0a4874a22d3abefa6018b0f2c1d598f79e772336ef1b43b1,included,housing_social_welfare_leaf,1.0.0,social_welfare,1.0.0,utility,landlord_0,landlord_0,37.85,utility_points,"{""disagreement_utility"":0.0}",ok,valid,[],"[""event_00000130""]",evaluation_receipt,episode_attempt_20ee7d758994c33389b6,5b1875a49fc2e1db0a4874a22d3abefa6018b0f2c1d598f79e772336ef1b43b1,true
result_5ada727eabaae91d86f05df8,runplan_a7b9ed75ad95865b,cell_de0bbae54988e8022b29,housing_v1__experiment__000003,housing_v1,housing_controlled_model_landlords_experiment,episode_attempt_20ee7d758994c33389b6,5b1875a49fc2e1db0a4874a22d3abefa6018b0f2c1d598f79e772336ef1b43b1,included,housing_social_welfare_leaf,1.0.0,social_welfare,1.0.0,utility,landlord_1,landlord_1,28.45,utility_points,"{""disagreement_utility"":0.0}",ok,valid,[],"[""event_00000130""]",evaluation_receipt,episode_attempt_20ee7d758994c33389b6,5b1875a49fc2e1db0a4874a22d3abefa6018b0f2c1d598f79e772336ef1b43b1,true
result_44ff2e284c3fa841512e5712,runplan_a7b9ed75ad95865b,cell_de0bbae54988e8022b29,housing_v1__experiment__000003,housing_v1,housing_controlled_model_landlords_experiment,episode_attempt_20ee7d758994c33389b6,5b1875a49fc2e1db0a4874a22d3abefa6018b0f2c1d598f79e772336ef1b43b1,included,housing_social_welfare_leaf,1.0.0,social_welfare,1.0.0,utility,landlord_2,landlord_2,92.96,utility_points,"{""disagreement_utility"":0.0}",ok,valid,[],"[""event_00000130""]",evaluation_receipt,episode_attempt_20ee7d758994c33389b6,5b1875a49fc2e1db0a4874a22d3abefa6018b0f2c1d598f79e772336ef1b43b1,true
result_e95275998a9e86743015ef18,runplan_a7b9ed75ad95865b,cell_de0bbae54988e8022b29,housing_v1__experiment__000003,housing_v1,housing_controlled_model_landlords_experiment,episode_attempt_20ee7d758994c33389b6,5b1875a49fc2e1db0a4874a22d3abefa6018b0f2c1d598f79e772336ef1b43b1,included,housing_social_welfare_leaf,1.0.0,social_welfare,1.0.0,utility,tenant_0,tenant_0,490.84,utility_points,"{""disagreement_utility"":0.0}",ok,valid,[],"[""event_00000130""]",evaluation_receipt,episode_attempt_20ee7d758994c33389b6,5b1875a49fc2e1db0a4874a22d3abefa6018b0f2c1d598f79e772336ef1b43b1,true
result_930e25161b0ccd81852d6a9e,runplan_a7b9ed75ad95865b,cell_de0bbae54988e8022b29,housing_v1__experiment__000003,housing_v1,housing_controlled_model_landlords_experiment,episode_attempt_20ee7d758994c33389b6,5b1875a49fc2e1db0a4874a22d3abefa6018b0f2c1d598f79e772336ef1b43b1,included,housing_social_welfare_leaf,1.0.0,social_welfare,1.0.0,utility,tenant_1,tenant_1,347.88,utility_points,"{""disagreement_utility"":0.0}",ok,valid,[],"[""event_00000130""]",evaluation_receipt,episode_attempt_20ee7d758994c33389b6,5b1875a49fc2e1db0a4874a22d3abefa6018b0f2c1d598f79e772336ef1b43b1,true
result_2b81a2071666805fdad2a2e4,runplan_a7b9ed75ad95865b,cell_de0bbae54988e8022b29,housing_v1__experiment__000003,housing_v1,housing_controlled_model_landlords_experiment,episode_attempt_20ee7d758994c33389b6,5b1875a49fc2e1db0a4874a22d3abefa6018b0f2c1d598f79e772336ef1b43b1,included,housing_social_welfare_leaf,1.0.0,social_welfare,1.0.0,utility,tenant_2,tenant_2,463.72,utility_points,"{""disagreement_utility"":0.0}",ok,valid,[],"[""event_00000130""]",evaluation_receipt,episode_attempt_20ee7d758994c33389b6,5b1875a49fc2e1db0a4874a22d3abefa6018b0f2c1d598f79e772336ef1b43b1,true
result_e80ba764c1cd6a65e317d8cd,runplan_a7b9ed75ad95865b,cell_de0bbae54988e8022b29,housing_v1__experiment__000003,housing_v1,housing_controlled_model_landlords_experiment,episode_attempt_20ee7d758994c33389b6,5b1875a49fc2e1db0a4874a22d3abefa6018b0f2c1d598f79e772336ef1b43b1,included,housing_social_welfare_leaf,1.0.0,social_welfare,1.0.0,utility,tenant_3,tenant_3,0.0,utility_points,"{""disagreement_utility"":0.0}",ok,valid,[],"[""event_00000130""]",evaluation_receipt,episode_attempt_20ee7d758994c33389b6,5b1875a49fc2e1db0a4874a22d3abefa6018b0f2c1d598f79e772336ef1b43b1,true
result_57fcdb66677675f58bf0fb94,runplan_a7b9ed75ad95865b,cell_de0bbae54988e8022b29,housing_v1__experiment__000003,housing_v1,housing_controlled_model_landlords_experiment,episode_attempt_20ee7d758994c33389b6,5b1875a49fc2e1db0a4874a22d3abefa6018b0f2c1d598f79e772336ef1b43b1,included,housing_social_welfare_leaf,1.0.0,social_welfare,1.0.0,utility,tenant_4,tenant_4,0.0,utility_points,"{""disagreement_utility"":0.0}",ok,valid,[],"[""event_00000130""]",evaluation_receipt,episode_attempt_20ee7d758994c33389b6,5b1875a49fc2e1db0a4874a22d3abefa6018b0f2c1d598f79e772336ef1b43b1,true
result_eabca69d0eb23da5e0251658,runplan_a7b9ed75ad95865b,cell_de0bbae54988e8022b29,housing_v1__experiment__000003,housing_v1,housing_controlled_model_landlords_experiment,episode_attempt_20ee7d758994c33389b6,5b1875a49fc2e1db0a4874a22d3abefa6018b0f2c1d598f79e772336ef1b43b1,included,housing_social_welfare_leaf,1.0.0,social_welfare,1.0.0,utility,tenant_5,tenant_5,0.0,utility_points,"{""disagreement_utility"":0.0}",ok,valid,[],"[""event_00000130""]",evaluation_receipt,episode_attempt_20ee7d758994c33389b6,5b1875a49fc2e1db0a4874a22d3abefa6018b0f2c1d598f79e772336ef1b43b1,true
result_840bc05cb82f7e4b6567a230,runplan_a7b9ed75ad95865b,cell_de0bbae54988e8022b29,housing_v1__experiment__000003,housing_v1,housing_controlled_model_landlords_experiment,episode_attempt_20ee7d758994c33389b6,5b1875a49fc2e1db0a4874a22d3abefa6018b0f2c1d598f79e772336ef1b43b1,included,housing_social_welfare_leaf,1.0.0,social_welfare,1.0.0,capture,landlord_0,landlord_0,37.85,utility_points,"{""disagreement_utility"":0.0}",ok,valid,[],"[""event_00000130""]",evaluation_receipt,episode_attempt_20ee7d758994c33389b6,5b1875a49fc2e1db0a4874a22d3abefa6018b0f2c1d598f79e772336ef1b43b1,true
result_f18f99026c690358d47d6146,runplan_a7b9ed75ad95865b,cell_de0bbae54988e8022b29,housing_v1__experiment__000003,housing_v1,housing_controlled_model_landlords_experiment,episode_attempt_20ee7d758994c33389b6,5b1875a49fc2e1db0a4874a22d3abefa6018b0f2c1d598f79e772336ef1b43b1,included,housing_social_welfare_leaf,1.0.0,social_welfare,1.0.0,capture,landlord_1,landlord_1,28.45,utility_points,"{""disagreement_utility"":0.0}",ok,valid,[],"[""event_00000130""]",evaluation_receipt,episode_attempt_20ee7d758994c33389b6,5b1875a49fc2e1db0a4874a22d3abefa6018b0f2c1d598f79e772336ef1b43b1,true
result_22074342c3f203d89e20dfac,runplan_a7b9ed75ad95865b,cell_de0bbae54988e8022b29,housing_v1__experiment__000003,housing_v1,housing_controlled_model_landlords_experiment,episode_attempt_20ee7d758994c33389b6,5b1875a49fc2e1db0a4874a22d3abefa6018b0f2c1d598f79e772336ef1b43b1,included,housing_social_welfare_leaf,1.0.0,social_welfare,1.0.0,capture,landlord_2,landlord_2,92.96,utility_points,"{""disagreement_utility"":0.0}",ok,valid,[],"[""event_00000130""]",evaluation_receipt,episode_attempt_20ee7d758994c33389b6,5b1875a49fc2e1db0a4874a22d3abefa6018b0f2c1d598f79e772336ef1b43b1,true
result_9596ad9e6e99365c64ca8dcb,runplan_a7b9ed75ad95865b,cell_de0bbae54988e8022b29,housing_v1__experiment__000003,housing_v1,housing_controlled_model_landlords_experiment,episode_attempt_20ee7d758994c33389b6,5b1875a49fc2e1db0a4874a22d3abefa6018b0f2c1d598f79e772336ef1b43b1,included,housing_social_welfare_leaf,1.0.0,social_welfare,1.0.0,capture,tenant_0,tenant_0,490.84,utility_points,"{""disagreement_utility"":0.0}",ok,valid,[],"[""event_00000130""]",evaluation_receipt,episode_attempt_20ee7d758994c33389b6,5b1875a49fc2e1db0a4874a22d3abefa6018b0f2c1d598f79e772336ef1b43b1,true
result_1d7a10262e3939878744c35e,runplan_a7b9ed75ad95865b,cell_de0bbae54988e8022b29,housing_v1__experiment__000003,housing_v1,housing_controlled_model_landlords_experiment,episode_attempt_20ee7d758994c33389b6,5b1875a49fc2e1db0a4874a22d3abefa6018b0f2c1d598f79e772336ef1b43b1,included,housing_social_welfare_leaf,1.0.0,social_welfare,1.0.0,capture,tenant_1,tenant_1,347.88,utility_points,"{""disagreement_utility"":0.0}",ok,valid,[],"[""event_00000130""]",evaluation_receipt,episode_attempt_20ee7d758994c33389b6,5b1875a49fc2e1db0a4874a22d3abefa6018b0f2c1d598f79e772336ef1b43b1,true
result_c3fb6685ec92eb6567db584b,runplan_a7b9ed75ad95865b,cell_de0bbae54988e8022b29,housing_v1__experiment__000003,housing_v1,housing_controlled_model_landlords_experiment,episode_attempt_20ee7d758994c33389b6,5b1875a49fc2e1db0a4874a22d3abefa6018b0f2c1d598f79e772336ef1b43b1,included,housing_social_welfare_leaf,1.0.0,social_welfare,1.0.0,capture,tenant_2,tenant_2,463.72,utility_points,"{""disagreement_utility"":0.0}",ok,valid,[],"[""event_00000130""]",evaluation_receipt,episode_attempt_20ee7d758994c33389b6,5b1875a49fc2e1db0a4874a22d3abefa6018b0f2c1d598f79e772336ef1b43b1,true
result_18065e606406d83d83462054,runplan_a7b9ed75ad95865b,cell_de0bbae54988e8022b29,housing_v1__experiment__000003,housing_v1,housing_controlled_model_landlords_experiment,episode_attempt_20ee7d758994c33389b6,5b1875a49fc2e1db0a4874a22d3abefa6018b0f2c1d598f79e772336ef1b43b1,included,housing_social_welfare_leaf,1.0.0,social_welfare,1.0.0,capture,tenant_3,tenant_3,0.0,utility_points,"{""disagreement_utility"":0.0}",ok,valid,[],"[""event_00000130""]",evaluation_receipt,episode_attempt_20ee7d758994c33389b6,5b1875a49fc2e1db0a4874a22d3abefa6018b0f2c1d598f79e772336ef1b43b1,true
result_5826c3b7ed0ae1132ba6270a,runplan_a7b9ed75ad95865b,cell_de0bbae54988e8022b29,housing_v1__experiment__000003,housing_v1,housing_controlled_model_landlords_experiment,episode_attempt_20ee7d758994c33389b6,5b1875a49fc2e1db0a4874a22d3abefa6018b0f2c1d598f79e772336ef1b43b1,included,housing_social_welfare_leaf,1.0.0,social_welfare,1.0.0,capture,tenant_4,tenant_4,0.0,utility_points,"{""disagreement_utility"":0.0}",ok,valid,[],"[""event_00000130""]",evaluation_receipt,episode_attempt_20ee7d758994c33389b6,5b1875a49fc2e1db0a4874a22d3abefa6018b0f2c1d598f79e772336ef1b43b1,true
result_719ada5a84de0ab7604ffcf1,runplan_a7b9ed75ad95865b,cell_de0bbae54988e8022b29,housing_v1__experiment__000003,housing_v1,housing_controlled_model_landlords_experiment,episode_attempt_20ee7d758994c33389b6,5b1875a49fc2e1db0a4874a22d3abefa6018b0f2c1d598f79e772336ef1b43b1,included,housing_social_welfare_leaf,1.0.0,social_welfare,1.0.0,capture,tenant_5,tenant_5,0.0,utility_points,"{""disagreement_utility"":0.0}",ok,valid,[],"[""event_00000130""]",evaluation_receipt,episode_attempt_20ee7d758994c33389b6,5b1875a49fc2e1db0a4874a22d3abefa6018b0f2c1d598f79e772336ef1b43b1,true
result_f6b53ad322284def507921d4,runplan_a7b9ed75ad95865b,cell_e9a379584d36d4e432cb,housing_v1__experiment__000006,housing_v1,housing_controlled_model_landlords_experiment,episode_attempt_83a17fac21a08837a4f9,edc102a73625f7ff788375b45e7ddf74d79d815bd9bca7b39372a932c2da9d4e,included,housing_social_welfare_leaf,1.0.0,social_welfare,1.0.0,primary,social_welfare,,1404.91,utility_points,{},ok,valid,[],"[""event_00000211""]",evaluation_receipt,episode_attempt_83a17fac21a08837a4f9,edc102a73625f7ff788375b45e7ddf74d79d815bd9bca7b39372a932c2da9d4e,true
result_539d88135be7512607b8a667,runplan_a7b9ed75ad95865b,cell_e9a379584d36d4e432cb,housing_v1__experiment__000006,housing_v1,housing_controlled_model_landlords_experiment,episode_attempt_83a17fac21a08837a4f9,edc102a73625f7ff788375b45e7ddf74d79d815bd9bca7b39372a932c2da9d4e,included,housing_social_welfare_leaf,1.0.0,social_welfare,1.0.0,metric,comparison_baseline_gap,,222.12000000000012,utility_points,{},ok,valid,[],"[""event_00000211""]",evaluation_receipt,episode_attempt_83a17fac21a08837a4f9,edc102a73625f7ff788375b45e7ddf74d79d815bd9bca7b39372a932c2da9d4e,true
result_2a7dbf434c1fce1a2604fa75,runplan_a7b9ed75ad95865b,cell_e9a379584d36d4e432cb,housing_v1__experiment__000006,housing_v1,housing_controlled_model_landlords_experiment,episode_attempt_83a17fac21a08837a4f9,edc102a73625f7ff788375b45e7ddf74d79d815bd9bca7b39372a932c2da9d4e,included,housing_social_welfare_leaf,1.0.0,social_welfare,1.0.0,metric,ir_violation_count,,0.0,count,{},ok,valid,[],"[""event_00000211""]",evaluation_receipt,episode_attempt_83a17fac21a08837a4f9,edc102a73625f7ff788375b45e7ddf74d79d815bd9bca7b39372a932c2da9d4e,true
result_424332cdb345fa84a0680528,runplan_a7b9ed75ad95865b,cell_e9a379584d36d4e432cb,housing_v1__experiment__000006,housing_v1,housing_controlled_model_landlords_experiment,episode_attempt_83a17fac21a08837a4f9,edc102a73625f7ff788375b45e7ddf74d79d815bd9bca7b39372a932c2da9d4e,included,housing_social_welfare_leaf,1.0.0,social_welfare,1.0.0,metric,social_welfare,,1404.91,utility_points,{},ok,valid,[],"[""event_00000211""]",evaluation_receipt,episode_attempt_83a17fac21a08837a4f9,edc102a73625f7ff788375b45e7ddf74d79d815bd9bca7b39372a932c2da9d4e,true
result_c99971bd4f91f97fc5d81dc2,runplan_a7b9ed75ad95865b,cell_e9a379584d36d4e432cb,housing_v1__experiment__000006,housing_v1,housing_controlled_model_landlords_experiment,episode_attempt_83a17fac21a08837a4f9,edc102a73625f7ff788375b45e7ddf74d79d815bd9bca7b39372a932c2da9d4e,included,housing_social_welfare_leaf,1.0.0,social_welfare,1.0.0,metric,upper_bound_gap,,156.26999999999998,utility_points,{},ok,valid,[],"[""event_00000211""]",evaluation_receipt,episode_attempt_83a17fac21a08837a4f9,edc102a73625f7ff788375b45e7ddf74d79d815bd9bca7b39372a932c2da9d4e,true
result_459870a1c05e0bfba636023b,runplan_a7b9ed75ad95865b,cell_e9a379584d36d4e432cb,housing_v1__experiment__000006,housing_v1,housing_controlled_model_landlords_experiment,episode_attempt_83a17fac21a08837a4f9,edc102a73625f7ff788375b45e7ddf74d79d815bd9bca7b39372a932c2da9d4e,included,housing_social_welfare_leaf,1.0.0,social_welfare,1.0.0,metric,wasted_contacts,,7.0,count,{},ok,valid,[],"[""event_00000211""]",evaluation_receipt,episode_attempt_83a17fac21a08837a4f9,edc102a73625f7ff788375b45e7ddf74d79d815bd9bca7b39372a932c2da9d4e,true
result_ab9626ad0ada596456c63ae5,runplan_a7b9ed75ad95865b,cell_e9a379584d36d4e432cb,housing_v1__experiment__000006,housing_v1,housing_controlled_model_landlords_experiment,episode_attempt_83a17fac21a08837a4f9,edc102a73625f7ff788375b45e7ddf74d79d815bd9bca7b39372a932c2da9d4e,included,housing_social_welfare_leaf,1.0.0,social_welfare,1.0.0,metric,within_case_score,,0.8999026377483699,ratio,{},ok,valid,[],"[""event_00000211""]",evaluation_receipt,episode_attempt_83a17fac21a08837a4f9,edc102a73625f7ff788375b45e7ddf74d79d815bd9bca7b39372a932c2da9d4e,true
result_4d4b74a02815b68a81fcffcc,runplan_a7b9ed75ad95865b,cell_e9a379584d36d4e432cb,housing_v1__experiment__000006,housing_v1,housing_controlled_model_landlords_experiment,episode_attempt_83a17fac21a08837a4f9,edc102a73625f7ff788375b45e7ddf74d79d815bd9bca7b39372a932c2da9d4e,included,housing_social_welfare_leaf,1.0.0,social_welfare,1.0.0,reference,comparison_baseline,,1182.79,utility_points,"{""policy"":""naive"",""reference_kind"":""comparison_baseline""}",ok,valid,[],"[""event_00000211""]",evaluation_receipt,episode_attempt_83a17fac21a08837a4f9,edc102a73625f7ff788375b45e7ddf74d79d815bd9bca7b39372a932c2da9d4e,true
result_9b19fdfd3d8eae7769b6d2c3,runplan_a7b9ed75ad95865b,cell_e9a379584d36d4e432cb,housing_v1__experiment__000006,housing_v1,housing_controlled_model_landlords_experiment,episode_attempt_83a17fac21a08837a4f9,edc102a73625f7ff788375b45e7ddf74d79d815bd9bca7b39372a932c2da9d4e,included,housing_social_welfare_leaf,1.0.0,social_welfare,1.0.0,reference,optimum_lower_bound,,0.0,utility_points,"{""policy"":""do_nothing"",""reference_kind"":""objective_lower_bound""}",ok,valid,[],"[""event_00000211""]",evaluation_receipt,episode_attempt_83a17fac21a08837a4f9,edc102a73625f7ff788375b45e7ddf74d79d815bd9bca7b39372a932c2da9d4e,true
result_a1dfe6795c2ce5f70e4b05e3,runplan_a7b9ed75ad95865b,cell_e9a379584d36d4e432cb,housing_v1__experiment__000006,housing_v1,housing_controlled_model_landlords_experiment,episode_attempt_83a17fac21a08837a4f9,edc102a73625f7ff788375b45e7ddf74d79d815bd9bca7b39372a932c2da9d4e,included,housing_social_welfare_leaf,1.0.0,social_welfare,1.0.0,reference,optimum_upper_bound,,1561.18,utility_points,"{""reference_kind"":""objective_upper_bound"",""semantics"":""full_information_allocation_relaxation""}",ok,valid,[],"[""event_00000211""]",evaluation_receipt,episode_attempt_83a17fac21a08837a4f9,edc102a73625f7ff788375b45e7ddf74d79d815bd9bca7b39372a932c2da9d4e,true
result_f3bfe07364a8cc86016fa97b,runplan_a7b9ed75ad95865b,cell_e9a379584d36d4e432cb,housing_v1__experiment__000006,housing_v1,housing_controlled_model_landlords_experiment,episode_attempt_83a17fac21a08837a4f9,edc102a73625f7ff788375b45e7ddf74d79d815bd9bca7b39372a932c2da9d4e,included,housing_social_welfare_leaf,1.0.0,social_welfare,1.0.0,utility,landlord_0,landlord_0,31.31,utility_points,"{""disagreement_utility"":0.0}",ok,valid,[],"[""event_00000211""]",evaluation_receipt,episode_attempt_83a17fac21a08837a4f9,edc102a73625f7ff788375b45e7ddf74d79d815bd9bca7b39372a932c2da9d4e,true
result_d6df234bb80b80acdf65f16f,runplan_a7b9ed75ad95865b,cell_e9a379584d36d4e432cb,housing_v1__experiment__000006,housing_v1,housing_controlled_model_landlords_experiment,episode_attempt_83a17fac21a08837a4f9,edc102a73625f7ff788375b45e7ddf74d79d815bd9bca7b39372a932c2da9d4e,included,housing_social_welfare_leaf,1.0.0,social_welfare,1.0.0,utility,landlord_1,landlord_1,71.73,utility_points,"{""disagreement_utility"":0.0}",ok,valid,[],"[""event_00000211""]",evaluation_receipt,episode_attempt_83a17fac21a08837a4f9,edc102a73625f7ff788375b45e7ddf74d79d815bd9bca7b39372a932c2da9d4e,true
result_ed6c1cd81f6d664e5c61a5a5,runplan_a7b9ed75ad95865b,cell_e9a379584d36d4e432cb,housing_v1__experiment__000006,housing_v1,housing_controlled_model_landlords_experiment,episode_attempt_83a17fac21a08837a4f9,edc102a73625f7ff788375b45e7ddf74d79d815bd9bca7b39372a932c2da9d4e,included,housing_social_welfare_leaf,1.0.0,social_welfare,1.0.0,utility,landlord_2,landlord_2,260.53,utility_points,"{""disagreement_utility"":0.0}",ok,valid,[],"[""event_00000211""]",evaluation_receipt,episode_attempt_83a17fac21a08837a4f9,edc102a73625f7ff788375b45e7ddf74d79d815bd9bca7b39372a932c2da9d4e,true
result_23a14d81cac4f24f0f78aa19,runplan_a7b9ed75ad95865b,cell_e9a379584d36d4e432cb,housing_v1__experiment__000006,housing_v1,housing_controlled_model_landlords_experiment,episode_attempt_83a17fac21a08837a4f9,edc102a73625f7ff788375b45e7ddf74d79d815bd9bca7b39372a932c2da9d4e,included,housing_social_welfare_leaf,1.0.0,social_welfare,1.0.0,utility,tenant_0,tenant_0,123.05,utility_points,"{""disagreement_utility"":0.0}",ok,valid,[],"[""event_00000211""]",evaluation_receipt,episode_attempt_83a17fac21a08837a4f9,edc102a73625f7ff788375b45e7ddf74d79d815bd9bca7b39372a932c2da9d4e,true
result_e7ca77d7fcf791ea3ab0ed15,runplan_a7b9ed75ad95865b,cell_e9a379584d36d4e432cb,housing_v1__experiment__000006,housing_v1,housing_controlled_model_landlords_experiment,episode_attempt_83a17fac21a08837a4f9,edc102a73625f7ff788375b45e7ddf74d79d815bd9bca7b39372a932c2da9d4e,included,housing_social_welfare_leaf,1.0.0,social_welfare,1.0.0,utility,tenant_1,tenant_1,0.0,utility_points,"{""disagreement_utility"":0.0}",ok,valid,[],"[""event_00000211""]",evaluation_receipt,episode_attempt_83a17fac21a08837a4f9,edc102a73625f7ff788375b45e7ddf74d79d815bd9bca7b39372a932c2da9d4e,true
result_194be4b0cf129a5c8b307693,runplan_a7b9ed75ad95865b,cell_e9a379584d36d4e432cb,housing_v1__experiment__000006,housing_v1,housing_controlled_model_landlords_experiment,episode_attempt_83a17fac21a08837a4f9,edc102a73625f7ff788375b45e7ddf74d79d815bd9bca7b39372a932c2da9d4e,included,housing_social_welfare_leaf,1.0.0,social_welfare,1.0.0,utility,tenant_2,tenant_2,449.01,utility_points,"{""disagreement_utility"":0.0}",ok,valid,[],"[""event_00000211""]",evaluation_receipt,episode_attempt_83a17fac21a08837a4f9,edc102a73625f7ff788375b45e7ddf74d79d815bd9bca7b39372a932c2da9d4e,true
result_c3d03a0e1a48575835df7e68,runplan_a7b9ed75ad95865b,cell_e9a379584d36d4e432cb,housing_v1__experiment__000006,housing_v1,housing_controlled_model_landlords_experiment,episode_attempt_83a17fac21a08837a4f9,edc102a73625f7ff788375b45e7ddf74d79d815bd9bca7b39372a932c2da9d4e,included,housing_social_welfare_leaf,1.0.0,social_welfare,1.0.0,utility,tenant_3,tenant_3,469.28,utility_points,"{""disagreement_utility"":0.0}",ok,valid,[],"[""event_00000211""]",evaluation_receipt,episode_attempt_83a17fac21a08837a4f9,edc102a73625f7ff788375b45e7ddf74d79d815bd9bca7b39372a932c2da9d4e,true
result_8c99796f01393451944225b9,runplan_a7b9ed75ad95865b,cell_e9a379584d36d4e432cb,housing_v1__experiment__000006,housing_v1,housing_controlled_model_landlords_experiment,episode_attempt_83a17fac21a08837a4f9,edc102a73625f7ff788375b45e7ddf74d79d815bd9bca7b39372a932c2da9d4e,included,housing_social_welfare_leaf,1.0.0,social_welfare,1.0.0,utility,tenant_4,tenant_4,0.0,utility_points,"{""disagreement_utility"":0.0}",ok,valid,[],"[""event_00000211""]",evaluation_receipt,episode_attempt_83a17fac21a08837a4f9,edc102a73625f7ff788375b45e7ddf74d79d815bd9bca7b39372a932c2da9d4e,true
result_e00bae102d5d8955518310ff,runplan_a7b9ed75ad95865b,cell_e9a379584d36d4e432cb,housing_v1__experiment__000006,housing_v1,housing_controlled_model_landlords_experiment,episode_attempt_83a17fac21a08837a4f9,edc102a73625f7ff788375b45e7ddf74d79d815bd9bca7b39372a932c2da9d4e,included,housing_social_welfare_leaf,1.0.0,social_welfare,1.0.0,utility,tenant_5,tenant_5,0.0,utility_points,"{""disagreement_utility"":0.0}",ok,valid,[],"[""event_00000211""]",evaluation_receipt,episode_attempt_83a17fac21a08837a4f9,edc102a73625f7ff788375b45e7ddf74d79d815bd9bca7b39372a932c2da9d4e,true
result_ca782ba09101ef84d2cb5ad6,runplan_a7b9ed75ad95865b,cell_e9a379584d36d4e432cb,housing_v1__experiment__000006,housing_v1,housing_controlled_model_landlords_experiment,episode_attempt_83a17fac21a08837a4f9,edc102a73625f7ff788375b45e7ddf74d79d815bd9bca7b39372a932c2da9d4e,included,housing_social_welfare_leaf,1.0.0,social_welfare,1.0.0,capture,landlord_0,landlord_0,31.31,utility_points,"{""disagreement_utility"":0.0}",ok,valid,[],"[""event_00000211""]",evaluation_receipt,episode_attempt_83a17fac21a08837a4f9,edc102a73625f7ff788375b45e7ddf74d79d815bd9bca7b39372a932c2da9d4e,true
result_756ac210148a26487fc1bba3,runplan_a7b9ed75ad95865b,cell_e9a379584d36d4e432cb,housing_v1__experiment__000006,housing_v1,housing_controlled_model_landlords_experiment,episode_attempt_83a17fac21a08837a4f9,edc102a73625f7ff788375b45e7ddf74d79d815bd9bca7b39372a932c2da9d4e,included,housing_social_welfare_leaf,1.0.0,social_welfare,1.0.0,capture,landlord_1,landlord_1,71.73,utility_points,"{""disagreement_utility"":0.0}",ok,valid,[],"[""event_00000211""]",evaluation_receipt,episode_attempt_83a17fac21a08837a4f9,edc102a73625f7ff788375b45e7ddf74d79d815bd9bca7b39372a932c2da9d4e,true
result_5bd450f169409e36f59cce38,runplan_a7b9ed75ad95865b,cell_e9a379584d36d4e432cb,housing_v1__experiment__000006,housing_v1,housing_controlled_model_landlords_experiment,episode_attempt_83a17fac21a08837a4f9,edc102a73625f7ff788375b45e7ddf74d79d815bd9bca7b39372a932c2da9d4e,included,housing_social_welfare_leaf,1.0.0,social_welfare,1.0.0,capture,landlord_2,landlord_2,260.53,utility_points,"{""disagreement_utility"":0.0}",ok,valid,[],"[""event_00000211""]",evaluation_receipt,episode_attempt_83a17fac21a08837a4f9,edc102a73625f7ff788375b45e7ddf74d79d815bd9bca7b39372a932c2da9d4e,true
result_a21f3ede6cca7c87e0934106,runplan_a7b9ed75ad95865b,cell_e9a379584d36d4e432cb,housing_v1__experiment__000006,housing_v1,housing_controlled_model_landlords_experiment,episode_attempt_83a17fac21a08837a4f9,edc102a73625f7ff788375b45e7ddf74d79d815bd9bca7b39372a932c2da9d4e,included,housing_social_welfare_leaf,1.0.0,social_welfare,1.0.0,capture,tenant_0,tenant_0,123.05,utility_points,"{""disagreement_utility"":0.0}",ok,valid,[],"[""event_00000211""]",evaluation_receipt,episode_attempt_83a17fac21a08837a4f9,edc102a73625f7ff788375b45e7ddf74d79d815bd9bca7b39372a932c2da9d4e,true
result_edfb1a47c69152e199b363c2,runplan_a7b9ed75ad95865b,cell_e9a379584d36d4e432cb,housing_v1__experiment__000006,housing_v1,housing_controlled_model_landlords_experiment,episode_attempt_83a17fac21a08837a4f9,edc102a73625f7ff788375b45e7ddf74d79d815bd9bca7b39372a932c2da9d4e,included,housing_social_welfare_leaf,1.0.0,social_welfare,1.0.0,capture,tenant_1,tenant_1,0.0,utility_points,"{""disagreement_utility"":0.0}",ok,valid,[],"[""event_00000211""]",evaluation_receipt,episode_attempt_83a17fac21a08837a4f9,edc102a73625f7ff788375b45e7ddf74d79d815bd9bca7b39372a932c2da9d4e,true
result_feb6e048871f6fc76a903f95,runplan_a7b9ed75ad95865b,cell_e9a379584d36d4e432cb,housing_v1__experiment__000006,housing_v1,housing_controlled_model_landlords_experiment,episode_attempt_83a17fac21a08837a4f9,edc102a73625f7ff788375b45e7ddf74d79d815bd9bca7b39372a932c2da9d4e,included,housing_social_welfare_leaf,1.0.0,social_welfare,1.0.0,capture,tenant_2,tenant_2,449.01,utility_points,"{""disagreement_utility"":0.0}",ok,valid,[],"[""event_00000211""]",evaluation_receipt,episode_attempt_83a17fac21a08837a4f9,edc102a73625f7ff788375b45e7ddf74d79d815bd9bca7b39372a932c2da9d4e,true
result_3a7620ae4ec6d4245b36a080,runplan_a7b9ed75ad95865b,cell_e9a379584d36d4e432cb,housing_v1__experiment__000006,housing_v1,housing_controlled_model_landlords_experiment,episode_attempt_83a17fac21a08837a4f9,edc102a73625f7ff788375b45e7ddf74d79d815bd9bca7b39372a932c2da9d4e,included,housing_social_welfare_leaf,1.0.0,social_welfare,1.0.0,capture,tenant_3,tenant_3,469.28,utility_points,"{""disagreement_utility"":0.0}",ok,valid,[],"[""event_00000211""]",evaluation_receipt,episode_attempt_83a17fac21a08837a4f9,edc102a73625f7ff788375b45e7ddf74d79d815bd9bca7b39372a932c2da9d4e,true
result_a741f24eaec693c783910e3f,runplan_a7b9ed75ad95865b,cell_e9a379584d36d4e432cb,housing_v1__experiment__000006,housing_v1,housing_controlled_model_landlords_experiment,episode_attempt_83a17fac21a08837a4f9,edc102a73625f7ff788375b45e7ddf74d79d815bd9bca7b39372a932c2da9d4e,included,housing_social_welfare_leaf,1.0.0,social_welfare,1.0.0,capture,tenant_4,tenant_4,0.0,utility_points,"{""disagreement_utility"":0.0}",ok,valid,[],"[""event_00000211""]",evaluation_receipt,episode_attempt_83a17fac21a08837a4f9,edc102a73625f7ff788375b45e7ddf74d79d815bd9bca7b39372a932c2da9d4e,true
result_be4ba542f0018ac3d7e7294f,runplan_a7b9ed75ad95865b,cell_e9a379584d36d4e432cb,housing_v1__experiment__000006,housing_v1,housing_controlled_model_landlords_experiment,episode_attempt_83a17fac21a08837a4f9,edc102a73625f7ff788375b45e7ddf74d79d815bd9bca7b39372a932c2da9d4e,included,housing_social_welfare_leaf,1.0.0,social_welfare,1.0.0,capture,tenant_5,tenant_5,0.0,utility_points,"{""disagreement_utility"":0.0}",ok,valid,[],"[""event_00000211""]",evaluation_receipt,episode_attempt_83a17fac21a08837a4f9,edc102a73625f7ff788375b45e7ddf74d79d815bd9bca7b39372a932c2da9d4e,true
result_ffac6db89c57ad1e5458564d,runplan_a7b9ed75ad95865b,cell_f4a7cda100347f32d8d2,housing_v1__experiment__000008,housing_v1,housing_controlled_model_landlords_experiment,episode_attempt_0a23c36c59570b61745e,acbd0d53971fcbc0e0ab5615bbc5d3a2a51b6b39d611b71b39ca5519c2b5d4c2,included,housing_social_welfare_leaf,1.0.0,social_welfare,1.0.0,primary,social_welfare,,1610.49,utility_points,{},ok,valid,[],"[""event_00000160""]",evaluation_receipt,episode_attempt_0a23c36c59570b61745e,acbd0d53971fcbc0e0ab5615bbc5d3a2a51b6b39d611b71b39ca5519c2b5d4c2,true
result_c553e0b480c238266c85528d,runplan_a7b9ed75ad95865b,cell_f4a7cda100347f32d8d2,housing_v1__experiment__000008,housing_v1,housing_controlled_model_landlords_experiment,episode_attempt_0a23c36c59570b61745e,acbd0d53971fcbc0e0ab5615bbc5d3a2a51b6b39d611b71b39ca5519c2b5d4c2,included,housing_social_welfare_leaf,1.0.0,social_welfare,1.0.0,metric,comparison_baseline_gap,,0.0,utility_points,{},ok,valid,[],"[""event_00000160""]",evaluation_receipt,episode_attempt_0a23c36c59570b61745e,acbd0d53971fcbc0e0ab5615bbc5d3a2a51b6b39d611b71b39ca5519c2b5d4c2,true
result_76be0c8bf5249ec16fa737cc,runplan_a7b9ed75ad95865b,cell_f4a7cda100347f32d8d2,housing_v1__experiment__000008,housing_v1,housing_controlled_model_landlords_experiment,episode_attempt_0a23c36c59570b61745e,acbd0d53971fcbc0e0ab5615bbc5d3a2a51b6b39d611b71b39ca5519c2b5d4c2,included,housing_social_welfare_leaf,1.0.0,social_welfare,1.0.0,metric,ir_violation_count,,0.0,count,{},ok,valid,[],"[""event_00000160""]",evaluation_receipt,episode_attempt_0a23c36c59570b61745e,acbd0d53971fcbc0e0ab5615bbc5d3a2a51b6b39d611b71b39ca5519c2b5d4c2,true
result_07df8d06099cd751c8709ecc,runplan_a7b9ed75ad95865b,cell_f4a7cda100347f32d8d2,housing_v1__experiment__000008,housing_v1,housing_controlled_model_landlords_experiment,episode_attempt_0a23c36c59570b61745e,acbd0d53971fcbc0e0ab5615bbc5d3a2a51b6b39d611b71b39ca5519c2b5d4c2,included,housing_social_welfare_leaf,1.0.0,social_welfare,1.0.0,metric,social_welfare,,1610.49,utility_points,{},ok,valid,[],"[""event_00000160""]",evaluation_receipt,episode_attempt_0a23c36c59570b61745e,acbd0d53971fcbc0e0ab5615bbc5d3a2a51b6b39d611b71b39ca5519c2b5d4c2,true
result_ec360cb458ac432f49ac30f3,runplan_a7b9ed75ad95865b,cell_f4a7cda100347f32d8d2,housing_v1__experiment__000008,housing_v1,housing_controlled_model_landlords_experiment,episode_attempt_0a23c36c59570b61745e,acbd0d53971fcbc0e0ab5615bbc5d3a2a51b6b39d611b71b39ca5519c2b5d4c2,included,housing_social_welfare_leaf,1.0.0,social_welfare,1.0.0,metric,upper_bound_gap,,0.5,utility_points,{},ok,valid,[],"[""event_00000160""]",evaluation_receipt,episode_attempt_0a23c36c59570b61745e,acbd0d53971fcbc0e0ab5615bbc5d3a2a51b6b39d611b71b39ca5519c2b5d4c2,true
result_6e28d92ee98acb03175755c2,runplan_a7b9ed75ad95865b,cell_f4a7cda100347f32d8d2,housing_v1__experiment__000008,housing_v1,housing_controlled_model_landlords_experiment,episode_attempt_0a23c36c59570b61745e,acbd0d53971fcbc0e0ab5615bbc5d3a2a51b6b39d611b71b39ca5519c2b5d4c2,included,housing_social_welfare_leaf,1.0.0,social_welfare,1.0.0,metric,wasted_contacts,,3.0,count,{},ok,valid,[],"[""event_00000160""]",evaluation_receipt,episode_attempt_0a23c36c59570b61745e,acbd0d53971fcbc0e0ab5615bbc5d3a2a51b6b39d611b71b39ca5519c2b5d4c2,true
result_06b0092a055b74285918b6c9,runplan_a7b9ed75ad95865b,cell_f4a7cda100347f32d8d2,housing_v1__experiment__000008,housing_v1,housing_controlled_model_landlords_experiment,episode_attempt_0a23c36c59570b61745e,acbd0d53971fcbc0e0ab5615bbc5d3a2a51b6b39d611b71b39ca5519c2b5d4c2,included,housing_social_welfare_leaf,1.0.0,social_welfare,1.0.0,metric,within_case_score,,0.9996896318412901,ratio,{},ok,valid,[],"[""event_00000160""]",evaluation_receipt,episode_attempt_0a23c36c59570b61745e,acbd0d53971fcbc0e0ab5615bbc5d3a2a51b6b39d611b71b39ca5519c2b5d4c2,true
result_f0500eba3e50d788560fb638,runplan_a7b9ed75ad95865b,cell_f4a7cda100347f32d8d2,housing_v1__experiment__000008,housing_v1,housing_controlled_model_landlords_experiment,episode_attempt_0a23c36c59570b61745e,acbd0d53971fcbc0e0ab5615bbc5d3a2a51b6b39d611b71b39ca5519c2b5d4c2,included,housing_social_welfare_leaf,1.0.0,social_welfare,1.0.0,reference,comparison_baseline,,1610.49,utility_points,"{""policy"":""naive"",""reference_kind"":""comparison_baseline""}",ok,valid,[],"[""event_00000160""]",evaluation_receipt,episode_attempt_0a23c36c59570b61745e,acbd0d53971fcbc0e0ab5615bbc5d3a2a51b6b39d611b71b39ca5519c2b5d4c2,true
result_bbc1f3506b9b85dbb587273d,runplan_a7b9ed75ad95865b,cell_f4a7cda100347f32d8d2,housing_v1__experiment__000008,housing_v1,housing_controlled_model_landlords_experiment,episode_attempt_0a23c36c59570b61745e,acbd0d53971fcbc0e0ab5615bbc5d3a2a51b6b39d611b71b39ca5519c2b5d4c2,included,housing_social_welfare_leaf,1.0.0,social_welfare,1.0.0,reference,optimum_lower_bound,,0.0,utility_points,"{""policy"":""do_nothing"",""reference_kind"":""objective_lower_bound""}",ok,valid,[],"[""event_00000160""]",evaluation_receipt,episode_attempt_0a23c36c59570b61745e,acbd0d53971fcbc0e0ab5615bbc5d3a2a51b6b39d611b71b39ca5519c2b5d4c2,true
result_06c4a9563859830c0898e87d,runplan_a7b9ed75ad95865b,cell_f4a7cda100347f32d8d2,housing_v1__experiment__000008,housing_v1,housing_controlled_model_landlords_experiment,episode_attempt_0a23c36c59570b61745e,acbd0d53971fcbc0e0ab5615bbc5d3a2a51b6b39d611b71b39ca5519c2b5d4c2,included,housing_social_welfare_leaf,1.0.0,social_welfare,1.0.0,reference,optimum_upper_bound,,1610.99,utility_points,"{""reference_kind"":""objective_upper_bound"",""semantics"":""full_information_allocation_relaxation""}",ok,valid,[],"[""event_00000160""]",evaluation_receipt,episode_attempt_0a23c36c59570b61745e,acbd0d53971fcbc0e0ab5615bbc5d3a2a51b6b39d611b71b39ca5519c2b5d4c2,true
result_752f1020d329a2ec13823eb7,runplan_a7b9ed75ad95865b,cell_f4a7cda100347f32d8d2,housing_v1__experiment__000008,housing_v1,housing_controlled_model_landlords_experiment,episode_attempt_0a23c36c59570b61745e,acbd0d53971fcbc0e0ab5615bbc5d3a2a51b6b39d611b71b39ca5519c2b5d4c2,included,housing_social_welfare_leaf,1.0.0,social_welfare,1.0.0,utility,landlord_0,landlord_0,37.7,utility_points,"{""disagreement_utility"":0.0}",ok,valid,[],"[""event_00000160""]",evaluation_receipt,episode_attempt_0a23c36c59570b61745e,acbd0d53971fcbc0e0ab5615bbc5d3a2a51b6b39d611b71b39ca5519c2b5d4c2,true
result_8d7cad581e8a18928e80e68b,runplan_a7b9ed75ad95865b,cell_f4a7cda100347f32d8d2,housing_v1__experiment__000008,housing_v1,housing_controlled_model_landlords_experiment,episode_attempt_0a23c36c59570b61745e,acbd0d53971fcbc0e0ab5615bbc5d3a2a51b6b39d611b71b39ca5519c2b5d4c2,included,housing_social_welfare_leaf,1.0.0,social_welfare,1.0.0,utility,landlord_1,landlord_1,50.51,utility_points,"{""disagreement_utility"":0.0}",ok,valid,[],"[""event_00000160""]",evaluation_receipt,episode_attempt_0a23c36c59570b61745e,acbd0d53971fcbc0e0ab5615bbc5d3a2a51b6b39d611b71b39ca5519c2b5d4c2,true
result_d1f50525facc132eb0bf3c2d,runplan_a7b9ed75ad95865b,cell_f4a7cda100347f32d8d2,housing_v1__experiment__000008,housing_v1,housing_controlled_model_landlords_experiment,episode_attempt_0a23c36c59570b61745e,acbd0d53971fcbc0e0ab5615bbc5d3a2a51b6b39d611b71b39ca5519c2b5d4c2,included,housing_social_welfare_leaf,1.0.0,social_welfare,1.0.0,utility,landlord_2,landlord_2,41.3,utility_points,"{""disagreement_utility"":0.0}",ok,valid,[],"[""event_00000160""]",evaluation_receipt,episode_attempt_0a23c36c59570b61745e,acbd0d53971fcbc0e0ab5615bbc5d3a2a51b6b39d611b71b39ca5519c2b5d4c2,true
result_0383429a73b055454b882904,runplan_a7b9ed75ad95865b,cell_f4a7cda100347f32d8d2,housing_v1__experiment__000008,housing_v1,housing_controlled_model_landlords_experiment,episode_attempt_0a23c36c59570b61745e,acbd0d53971fcbc0e0ab5615bbc5d3a2a51b6b39d611b71b39ca5519c2b5d4c2,included,housing_social_welfare_leaf,1.0.0,social_welfare,1.0.0,utility,tenant_0,tenant_0,625.19,utility_points,"{""disagreement_utility"":0.0}",ok,valid,[],"[""event_00000160""]",evaluation_receipt,episode_attempt_0a23c36c59570b61745e,acbd0d53971fcbc0e0ab5615bbc5d3a2a51b6b39d611b71b39ca5519c2b5d4c2,true
result_0bd88ceb79125cd21f51b109,runplan_a7b9ed75ad95865b,cell_f4a7cda100347f32d8d2,housing_v1__experiment__000008,housing_v1,housing_controlled_model_landlords_experiment,episode_attempt_0a23c36c59570b61745e,acbd0d53971fcbc0e0ab5615bbc5d3a2a51b6b39d611b71b39ca5519c2b5d4c2,included,housing_social_welfare_leaf,1.0.0,social_welfare,1.0.0,utility,tenant_1,tenant_1,438.46,utility_points,"{""disagreement_utility"":0.0}",ok,valid,[],"[""event_00000160""]",evaluation_receipt,episode_attempt_0a23c36c59570b61745e,acbd0d53971fcbc0e0ab5615bbc5d3a2a51b6b39d611b71b39ca5519c2b5d4c2,true
result_eee4b937b9f372a26cf9b5a6,runplan_a7b9ed75ad95865b,cell_f4a7cda100347f32d8d2,housing_v1__experiment__000008,housing_v1,housing_controlled_model_landlords_experiment,episode_attempt_0a23c36c59570b61745e,acbd0d53971fcbc0e0ab5615bbc5d3a2a51b6b39d611b71b39ca5519c2b5d4c2,included,housing_social_welfare_leaf,1.0.0,social_welfare,1.0.0,utility,tenant_2,tenant_2,417.33,utility_points,"{""disagreement_utility"":0.0}",ok,valid,[],"[""event_00000160""]",evaluation_receipt,episode_attempt_0a23c36c59570b61745e,acbd0d53971fcbc0e0ab5615bbc5d3a2a51b6b39d611b71b39ca5519c2b5d4c2,true
result_d23ad7ac88851ef25070986f,runplan_a7b9ed75ad95865b,cell_f4a7cda100347f32d8d2,housing_v1__experiment__000008,housing_v1,housing_controlled_model_landlords_experiment,episode_attempt_0a23c36c59570b61745e,acbd0d53971fcbc0e0ab5615bbc5d3a2a51b6b39d611b71b39ca5519c2b5d4c2,included,housing_social_welfare_leaf,1.0.0,social_welfare,1.0.0,utility,tenant_3,tenant_3,0.0,utility_points,"{""disagreement_utility"":0.0}",ok,valid,[],"[""event_00000160""]",evaluation_receipt,episode_attempt_0a23c36c59570b61745e,acbd0d53971fcbc0e0ab5615bbc5d3a2a51b6b39d611b71b39ca5519c2b5d4c2,true
result_7dc781663a20a3613131a77f,runplan_a7b9ed75ad95865b,cell_f4a7cda100347f32d8d2,housing_v1__experiment__000008,housing_v1,housing_controlled_model_landlords_experiment,episode_attempt_0a23c36c59570b61745e,acbd0d53971fcbc0e0ab5615bbc5d3a2a51b6b39d611b71b39ca5519c2b5d4c2,included,housing_social_welfare_leaf,1.0.0,social_welfare,1.0.0,utility,tenant_4,tenant_4,0.0,utility_points,"{""disagreement_utility"":0.0}",ok,valid,[],"[""event_00000160""]",evaluation_receipt,episode_attempt_0a23c36c59570b61745e,acbd0d53971fcbc0e0ab5615bbc5d3a2a51b6b39d611b71b39ca5519c2b5d4c2,true
result_5c310822d06c318910e95e6f,runplan_a7b9ed75ad95865b,cell_f4a7cda100347f32d8d2,housing_v1__experiment__000008,housing_v1,housing_controlled_model_landlords_experiment,episode_attempt_0a23c36c59570b61745e,acbd0d53971fcbc0e0ab5615bbc5d3a2a51b6b39d611b71b39ca5519c2b5d4c2,included,housing_social_welfare_leaf,1.0.0,social_welfare,1.0.0,utility,tenant_5,tenant_5,0.0,utility_points,"{""disagreement_utility"":0.0}",ok,valid,[],"[""event_00000160""]",evaluation_receipt,episode_attempt_0a23c36c59570b61745e,acbd0d53971fcbc0e0ab5615bbc5d3a2a51b6b39d611b71b39ca5519c2b5d4c2,true
result_55d6019eb9e5612f90207c2e,runplan_a7b9ed75ad95865b,cell_f4a7cda100347f32d8d2,housing_v1__experiment__000008,housing_v1,housing_controlled_model_landlords_experiment,episode_attempt_0a23c36c59570b61745e,acbd0d53971fcbc0e0ab5615bbc5d3a2a51b6b39d611b71b39ca5519c2b5d4c2,included,housing_social_welfare_leaf,1.0.0,social_welfare,1.0.0,capture,landlord_0,landlord_0,37.7,utility_points,"{""disagreement_utility"":0.0}",ok,valid,[],"[""event_00000160""]",evaluation_receipt,episode_attempt_0a23c36c59570b61745e,acbd0d53971fcbc0e0ab5615bbc5d3a2a51b6b39d611b71b39ca5519c2b5d4c2,true
result_9862ff08062471b2a96371ab,runplan_a7b9ed75ad95865b,cell_f4a7cda100347f32d8d2,housing_v1__experiment__000008,housing_v1,housing_controlled_model_landlords_experiment,episode_attempt_0a23c36c59570b61745e,acbd0d53971fcbc0e0ab5615bbc5d3a2a51b6b39d611b71b39ca5519c2b5d4c2,included,housing_social_welfare_leaf,1.0.0,social_welfare,1.0.0,capture,landlord_1,landlord_1,50.51,utility_points,"{""disagreement_utility"":0.0}",ok,valid,[],"[""event_00000160""]",evaluation_receipt,episode_attempt_0a23c36c59570b61745e,acbd0d53971fcbc0e0ab5615bbc5d3a2a51b6b39d611b71b39ca5519c2b5d4c2,true
result_34cf9429cd749da4b835649a,runplan_a7b9ed75ad95865b,cell_f4a7cda100347f32d8d2,housing_v1__experiment__000008,housing_v1,housing_controlled_model_landlords_experiment,episode_attempt_0a23c36c59570b61745e,acbd0d53971fcbc0e0ab5615bbc5d3a2a51b6b39d611b71b39ca5519c2b5d4c2,included,housing_social_welfare_leaf,1.0.0,social_welfare,1.0.0,capture,landlord_2,landlord_2,41.3,utility_points,"{""disagreement_utility"":0.0}",ok,valid,[],"[""event_00000160""]",evaluation_receipt,episode_attempt_0a23c36c59570b61745e,acbd0d53971fcbc0e0ab5615bbc5d3a2a51b6b39d611b71b39ca5519c2b5d4c2,true
result_7fd78d1ea321e1c11bf9f0d2,runplan_a7b9ed75ad95865b,cell_f4a7cda100347f32d8d2,housing_v1__experiment__000008,housing_v1,housing_controlled_model_landlords_experiment,episode_attempt_0a23c36c59570b61745e,acbd0d53971fcbc0e0ab5615bbc5d3a2a51b6b39d611b71b39ca5519c2b5d4c2,included,housing_social_welfare_leaf,1.0.0,social_welfare,1.0.0,capture,tenant_0,tenant_0,625.19,utility_points,"{""disagreement_utility"":0.0}",ok,valid,[],"[""event_00000160""]",evaluation_receipt,episode_attempt_0a23c36c59570b61745e,acbd0d53971fcbc0e0ab5615bbc5d3a2a51b6b39d611b71b39ca5519c2b5d4c2,true
result_eefb97645222c437bc33d8f1,runplan_a7b9ed75ad95865b,cell_f4a7cda100347f32d8d2,housing_v1__experiment__000008,housing_v1,housing_controlled_model_landlords_experiment,episode_attempt_0a23c36c59570b61745e,acbd0d53971fcbc0e0ab5615bbc5d3a2a51b6b39d611b71b39ca5519c2b5d4c2,included,housing_social_welfare_leaf,1.0.0,social_welfare,1.0.0,capture,tenant_1,tenant_1,438.46,utility_points,"{""disagreement_utility"":0.0}",ok,valid,[],"[""event_00000160""]",evaluation_receipt,episode_attempt_0a23c36c59570b61745e,acbd0d53971fcbc0e0ab5615bbc5d3a2a51b6b39d611b71b39ca5519c2b5d4c2,true
result_beab6ea49f0de85e9541a16a,runplan_a7b9ed75ad95865b,cell_f4a7cda100347f32d8d2,housing_v1__experiment__000008,housing_v1,housing_controlled_model_landlords_experiment,episode_attempt_0a23c36c59570b61745e,acbd0d53971fcbc0e0ab5615bbc5d3a2a51b6b39d611b71b39ca5519c2b5d4c2,included,housing_social_welfare_leaf,1.0.0,social_welfare,1.0.0,capture,tenant_2,tenant_2,417.33,utility_points,"{""disagreement_utility"":0.0}",ok,valid,[],"[""event_00000160""]",evaluation_receipt,episode_attempt_0a23c36c59570b61745e,acbd0d53971fcbc0e0ab5615bbc5d3a2a51b6b39d611b71b39ca5519c2b5d4c2,true
result_a7ae83497e3e87b9a47dd0b6,runplan_a7b9ed75ad95865b,cell_f4a7cda100347f32d8d2,housing_v1__experiment__000008,housing_v1,housing_controlled_model_landlords_experiment,episode_attempt_0a23c36c59570b61745e,acbd0d53971fcbc0e0ab5615bbc5d3a2a51b6b39d611b71b39ca5519c2b5d4c2,included,housing_social_welfare_leaf,1.0.0,social_welfare,1.0.0,capture,tenant_3,tenant_3,0.0,utility_points,"{""disagreement_utility"":0.0}",ok,valid,[],"[""event_00000160""]",evaluation_receipt,episode_attempt_0a23c36c59570b61745e,acbd0d53971fcbc0e0ab5615bbc5d3a2a51b6b39d611b71b39ca5519c2b5d4c2,true
result_e409eb2041d270224d454347,runplan_a7b9ed75ad95865b,cell_f4a7cda100347f32d8d2,housing_v1__experiment__000008,housing_v1,housing_controlled_model_landlords_experiment,episode_attempt_0a23c36c59570b61745e,acbd0d53971fcbc0e0ab5615bbc5d3a2a51b6b39d611b71b39ca5519c2b5d4c2,included,housing_social_welfare_leaf,1.0.0,social_welfare,1.0.0,capture,tenant_4,tenant_4,0.0,utility_points,"{""disagreement_utility"":0.0}",ok,valid,[],"[""event_00000160""]",evaluation_receipt,episode_attempt_0a23c36c59570b61745e,acbd0d53971fcbc0e0ab5615bbc5d3a2a51b6b39d611b71b39ca5519c2b5d4c2,true
result_d1c2a59cb324b66b836d7050,runplan_a7b9ed75ad95865b,cell_f4a7cda100347f32d8d2,housing_v1__experiment__000008,housing_v1,housing_controlled_model_landlords_experiment,episode_attempt_0a23c36c59570b61745e,acbd0d53971fcbc0e0ab5615bbc5d3a2a51b6b39d611b71b39ca5519c2b5d4c2,included,housing_social_welfare_leaf,1.0.0,social_welfare,1.0.0,capture,tenant_5,tenant_5,0.0,utility_points,"{""disagreement_utility"":0.0}",ok,valid,[],"[""event_00000160""]",evaluation_receipt,episode_attempt_0a23c36c59570b61745e,acbd0d53971fcbc0e0ab5615bbc5d3a2a51b6b39d611b71b39ca5519c2b5d4c2,true
result_7a912bbf65a22f5ad0c14b90,runplan_a7b9ed75ad95865b,cell_fabe94d64e669893a5cd,housing_v1__experiment__000007,housing_v1,housing_controlled_model_landlords_experiment,episode_attempt_1f567c209ac497933f1a,11c6a30958e4db396abf576fe83f9dcd9d1bc301442e45b7501af6b0e690e47e,included,housing_social_welfare_leaf,1.0.0,social_welfare,1.0.0,primary,social_welfare,,1046.85,utility_points,{},ok,valid,[],"[""event_00000235""]",evaluation_receipt,episode_attempt_1f567c209ac497933f1a,11c6a30958e4db396abf576fe83f9dcd9d1bc301442e45b7501af6b0e690e47e,true
result_50ce6d5a6507e340cbe24c05,runplan_a7b9ed75ad95865b,cell_fabe94d64e669893a5cd,housing_v1__experiment__000007,housing_v1,housing_controlled_model_landlords_experiment,episode_attempt_1f567c209ac497933f1a,11c6a30958e4db396abf576fe83f9dcd9d1bc301442e45b7501af6b0e690e47e,included,housing_social_welfare_leaf,1.0.0,social_welfare,1.0.0,metric,comparison_baseline_gap,,278.29999999999995,utility_points,{},ok,valid,[],"[""event_00000235""]",evaluation_receipt,episode_attempt_1f567c209ac497933f1a,11c6a30958e4db396abf576fe83f9dcd9d1bc301442e45b7501af6b0e690e47e,true
result_687907a66dc34b887b57b566,runplan_a7b9ed75ad95865b,cell_fabe94d64e669893a5cd,housing_v1__experiment__000007,housing_v1,housing_controlled_model_landlords_experiment,episode_attempt_1f567c209ac497933f1a,11c6a30958e4db396abf576fe83f9dcd9d1bc301442e45b7501af6b0e690e47e,included,housing_social_welfare_leaf,1.0.0,social_welfare,1.0.0,metric,ir_violation_count,,0.0,count,{},ok,valid,[],"[""event_00000235""]",evaluation_receipt,episode_attempt_1f567c209ac497933f1a,11c6a30958e4db396abf576fe83f9dcd9d1bc301442e45b7501af6b0e690e47e,true
result_c16dc0f00d6f903157337eca,runplan_a7b9ed75ad95865b,cell_fabe94d64e669893a5cd,housing_v1__experiment__000007,housing_v1,housing_controlled_model_landlords_experiment,episode_attempt_1f567c209ac497933f1a,11c6a30958e4db396abf576fe83f9dcd9d1bc301442e45b7501af6b0e690e47e,included,housing_social_welfare_leaf,1.0.0,social_welfare,1.0.0,metric,social_welfare,,1046.85,utility_points,{},ok,valid,[],"[""event_00000235""]",evaluation_receipt,episode_attempt_1f567c209ac497933f1a,11c6a30958e4db396abf576fe83f9dcd9d1bc301442e45b7501af6b0e690e47e,true
result_7452b511d05b3b8b3e7e4b85,runplan_a7b9ed75ad95865b,cell_fabe94d64e669893a5cd,housing_v1__experiment__000007,housing_v1,housing_controlled_model_landlords_experiment,episode_attempt_1f567c209ac497933f1a,11c6a30958e4db396abf576fe83f9dcd9d1bc301442e45b7501af6b0e690e47e,included,housing_social_welfare_leaf,1.0.0,social_welfare,1.0.0,metric,upper_bound_gap,,285.83000000000015,utility_points,{},ok,valid,[],"[""event_00000235""]",evaluation_receipt,episode_attempt_1f567c209ac497933f1a,11c6a30958e4db396abf576fe83f9dcd9d1bc301442e45b7501af6b0e690e47e,true
result_6845e7a2c6c8fc397e182b42,runplan_a7b9ed75ad95865b,cell_fabe94d64e669893a5cd,housing_v1__experiment__000007,housing_v1,housing_controlled_model_landlords_experiment,episode_attempt_1f567c209ac497933f1a,11c6a30958e4db396abf576fe83f9dcd9d1bc301442e45b7501af6b0e690e47e,included,housing_social_welfare_leaf,1.0.0,social_welfare,1.0.0,metric,wasted_contacts,,7.0,count,{},ok,valid,[],"[""event_00000235""]",evaluation_receipt,episode_attempt_1f567c209ac497933f1a,11c6a30958e4db396abf576fe83f9dcd9d1bc301442e45b7501af6b0e690e47e,true
result_6d7b8af59fc9105a102b02f1,runplan_a7b9ed75ad95865b,cell_fabe94d64e669893a5cd,housing_v1__experiment__000007,housing_v1,housing_controlled_model_landlords_experiment,episode_attempt_1f567c209ac497933f1a,11c6a30958e4db396abf576fe83f9dcd9d1bc301442e45b7501af6b0e690e47e,included,housing_social_welfare_leaf,1.0.0,social_welfare,1.0.0,metric,within_case_score,,0.7855224059789295,ratio,{},ok,valid,[],"[""event_00000235""]",evaluation_receipt,episode_attempt_1f567c209ac497933f1a,11c6a30958e4db396abf576fe83f9dcd9d1bc301442e45b7501af6b0e690e47e,true
result_a39d137951da63cce26ab939,runplan_a7b9ed75ad95865b,cell_fabe94d64e669893a5cd,housing_v1__experiment__000007,housing_v1,housing_controlled_model_landlords_experiment,episode_attempt_1f567c209ac497933f1a,11c6a30958e4db396abf576fe83f9dcd9d1bc301442e45b7501af6b0e690e47e,included,housing_social_welfare_leaf,1.0.0,social_welfare,1.0.0,reference,comparison_baseline,,768.55,utility_points,"{""policy"":""naive"",""reference_kind"":""comparison_baseline""}",ok,valid,[],"[""event_00000235""]",evaluation_receipt,episode_attempt_1f567c209ac497933f1a,11c6a30958e4db396abf576fe83f9dcd9d1bc301442e45b7501af6b0e690e47e,true
result_77742f5dd921d5b2c138f74a,runplan_a7b9ed75ad95865b,cell_fabe94d64e669893a5cd,housing_v1__experiment__000007,housing_v1,housing_controlled_model_landlords_experiment,episode_attempt_1f567c209ac497933f1a,11c6a30958e4db396abf576fe83f9dcd9d1bc301442e45b7501af6b0e690e47e,included,housing_social_welfare_leaf,1.0.0,social_welfare,1.0.0,reference,optimum_lower_bound,,0.0,utility_points,"{""policy"":""do_nothing"",""reference_kind"":""objective_lower_bound""}",ok,valid,[],"[""event_00000235""]",evaluation_receipt,episode_attempt_1f567c209ac497933f1a,11c6a30958e4db396abf576fe83f9dcd9d1bc301442e45b7501af6b0e690e47e,true
result_22f5d0cbd7dd56de8faa0a2f,runplan_a7b9ed75ad95865b,cell_fabe94d64e669893a5cd,housing_v1__experiment__000007,housing_v1,housing_controlled_model_landlords_experiment,episode_attempt_1f567c209ac497933f1a,11c6a30958e4db396abf576fe83f9dcd9d1bc301442e45b7501af6b0e690e47e,included,housing_social_welfare_leaf,1.0.0,social_welfare,1.0.0,reference,optimum_upper_bound,,1332.68,utility_points,"{""reference_kind"":""objective_upper_bound"",""semantics"":""full_information_allocation_relaxation""}",ok,valid,[],"[""event_00000235""]",evaluation_receipt,episode_attempt_1f567c209ac497933f1a,11c6a30958e4db396abf576fe83f9dcd9d1bc301442e45b7501af6b0e690e47e,true
result_925ba9f5e2fdf9788713982f,runplan_a7b9ed75ad95865b,cell_fabe94d64e669893a5cd,housing_v1__experiment__000007,housing_v1,housing_controlled_model_landlords_experiment,episode_attempt_1f567c209ac497933f1a,11c6a30958e4db396abf576fe83f9dcd9d1bc301442e45b7501af6b0e690e47e,included,housing_social_welfare_leaf,1.0.0,social_welfare,1.0.0,utility,landlord_0,landlord_0,158.64,utility_points,"{""disagreement_utility"":0.0}",ok,valid,[],"[""event_00000235""]",evaluation_receipt,episode_attempt_1f567c209ac497933f1a,11c6a30958e4db396abf576fe83f9dcd9d1bc301442e45b7501af6b0e690e47e,true
result_1b68b93fb7a8210026508e04,runplan_a7b9ed75ad95865b,cell_fabe94d64e669893a5cd,housing_v1__experiment__000007,housing_v1,housing_controlled_model_landlords_experiment,episode_attempt_1f567c209ac497933f1a,11c6a30958e4db396abf576fe83f9dcd9d1bc301442e45b7501af6b0e690e47e,included,housing_social_welfare_leaf,1.0.0,social_welfare,1.0.0,utility,landlord_1,landlord_1,401.72,utility_points,"{""disagreement_utility"":0.0}",ok,valid,[],"[""event_00000235""]",evaluation_receipt,episode_attempt_1f567c209ac497933f1a,11c6a30958e4db396abf576fe83f9dcd9d1bc301442e45b7501af6b0e690e47e,true
result_7bff082ec3a32ba558ca4b6d,runplan_a7b9ed75ad95865b,cell_fabe94d64e669893a5cd,housing_v1__experiment__000007,housing_v1,housing_controlled_model_landlords_experiment,episode_attempt_1f567c209ac497933f1a,11c6a30958e4db396abf576fe83f9dcd9d1bc301442e45b7501af6b0e690e47e,included,housing_social_welfare_leaf,1.0.0,social_welfare,1.0.0,utility,landlord_2,landlord_2,88.42,utility_points,"{""disagreement_utility"":0.0}",ok,valid,[],"[""event_00000235""]",evaluation_receipt,episode_attempt_1f567c209ac497933f1a,11c6a30958e4db396abf576fe83f9dcd9d1bc301442e45b7501af6b0e690e47e,true
result_f5d4b7654ab43ba436faa2e9,runplan_a7b9ed75ad95865b,cell_fabe94d64e669893a5cd,housing_v1__experiment__000007,housing_v1,housing_controlled_model_landlords_experiment,episode_attempt_1f567c209ac497933f1a,11c6a30958e4db396abf576fe83f9dcd9d1bc301442e45b7501af6b0e690e47e,included,housing_social_welfare_leaf,1.0.0,social_welfare,1.0.0,utility,tenant_0,tenant_0,0.0,utility_points,"{""disagreement_utility"":0.0}",ok,valid,[],"[""event_00000235""]",evaluation_receipt,episode_attempt_1f567c209ac497933f1a,11c6a30958e4db396abf576fe83f9dcd9d1bc301442e45b7501af6b0e690e47e,true
result_8cf31bdbfff165e4212774db,runplan_a7b9ed75ad95865b,cell_fabe94d64e669893a5cd,housing_v1__experiment__000007,housing_v1,housing_controlled_model_landlords_experiment,episode_attempt_1f567c209ac497933f1a,11c6a30958e4db396abf576fe83f9dcd9d1bc301442e45b7501af6b0e690e47e,included,housing_social_welfare_leaf,1.0.0,social_welfare,1.0.0,utility,tenant_1,tenant_1,355.31,utility_points,"{""disagreement_utility"":0.0}",ok,valid,[],"[""event_00000235""]",evaluation_receipt,episode_attempt_1f567c209ac497933f1a,11c6a30958e4db396abf576fe83f9dcd9d1bc301442e45b7501af6b0e690e47e,true
result_7cebc5b65594ce27012f9c83,runplan_a7b9ed75ad95865b,cell_fabe94d64e669893a5cd,housing_v1__experiment__000007,housing_v1,housing_controlled_model_landlords_experiment,episode_attempt_1f567c209ac497933f1a,11c6a30958e4db396abf576fe83f9dcd9d1bc301442e45b7501af6b0e690e47e,included,housing_social_welfare_leaf,1.0.0,social_welfare,1.0.0,utility,tenant_2,tenant_2,0.0,utility_points,"{""disagreement_utility"":0.0}",ok,valid,[],"[""event_00000235""]",evaluation_receipt,episode_attempt_1f567c209ac497933f1a,11c6a30958e4db396abf576fe83f9dcd9d1bc301442e45b7501af6b0e690e47e,true
result_945e7679a05e3e1f14cb4672,runplan_a7b9ed75ad95865b,cell_fabe94d64e669893a5cd,housing_v1__experiment__000007,housing_v1,housing_controlled_model_landlords_experiment,episode_attempt_1f567c209ac497933f1a,11c6a30958e4db396abf576fe83f9dcd9d1bc301442e45b7501af6b0e690e47e,included,housing_social_welfare_leaf,1.0.0,social_welfare,1.0.0,utility,tenant_3,tenant_3,0.0,utility_points,"{""disagreement_utility"":0.0}",ok,valid,[],"[""event_00000235""]",evaluation_receipt,episode_attempt_1f567c209ac497933f1a,11c6a30958e4db396abf576fe83f9dcd9d1bc301442e45b7501af6b0e690e47e,true
result_be12dc328e4a55bc699de92b,runplan_a7b9ed75ad95865b,cell_fabe94d64e669893a5cd,housing_v1__experiment__000007,housing_v1,housing_controlled_model_landlords_experiment,episode_attempt_1f567c209ac497933f1a,11c6a30958e4db396abf576fe83f9dcd9d1bc301442e45b7501af6b0e690e47e,included,housing_social_welfare_leaf,1.0.0,social_welfare,1.0.0,utility,tenant_4,tenant_4,0.0,utility_points,"{""disagreement_utility"":0.0}",ok,valid,[],"[""event_00000235""]",evaluation_receipt,episode_attempt_1f567c209ac497933f1a,11c6a30958e4db396abf576fe83f9dcd9d1bc301442e45b7501af6b0e690e47e,true
result_fc21f8f5ef9cd9b5c61c7c38,runplan_a7b9ed75ad95865b,cell_fabe94d64e669893a5cd,housing_v1__experiment__000007,housing_v1,housing_controlled_model_landlords_experiment,episode_attempt_1f567c209ac497933f1a,11c6a30958e4db396abf576fe83f9dcd9d1bc301442e45b7501af6b0e690e47e,included,housing_social_welfare_leaf,1.0.0,social_welfare,1.0.0,utility,tenant_5,tenant_5,42.76,utility_points,"{""disagreement_utility"":0.0}",ok,valid,[],"[""event_00000235""]",evaluation_receipt,episode_attempt_1f567c209ac497933f1a,11c6a30958e4db396abf576fe83f9dcd9d1bc301442e45b7501af6b0e690e47e,true
result_63a983ed8df16a90cf563f19,runplan_a7b9ed75ad95865b,cell_fabe94d64e669893a5cd,housing_v1__experiment__000007,housing_v1,housing_controlled_model_landlords_experiment,episode_attempt_1f567c209ac497933f1a,11c6a30958e4db396abf576fe83f9dcd9d1bc301442e45b7501af6b0e690e47e,included,housing_social_welfare_leaf,1.0.0,social_welfare,1.0.0,capture,landlord_0,landlord_0,158.64,utility_points,"{""disagreement_utility"":0.0}",ok,valid,[],"[""event_00000235""]",evaluation_receipt,episode_attempt_1f567c209ac497933f1a,11c6a30958e4db396abf576fe83f9dcd9d1bc301442e45b7501af6b0e690e47e,true
result_af9e120d391678ca74199adc,runplan_a7b9ed75ad95865b,cell_fabe94d64e669893a5cd,housing_v1__experiment__000007,housing_v1,housing_controlled_model_landlords_experiment,episode_attempt_1f567c209ac497933f1a,11c6a30958e4db396abf576fe83f9dcd9d1bc301442e45b7501af6b0e690e47e,included,housing_social_welfare_leaf,1.0.0,social_welfare,1.0.0,capture,landlord_1,landlord_1,401.72,utility_points,"{""disagreement_utility"":0.0}",ok,valid,[],"[""event_00000235""]",evaluation_receipt,episode_attempt_1f567c209ac497933f1a,11c6a30958e4db396abf576fe83f9dcd9d1bc301442e45b7501af6b0e690e47e,true
result_4dafcbff87e892164b32005a,runplan_a7b9ed75ad95865b,cell_fabe94d64e669893a5cd,housing_v1__experiment__000007,housing_v1,housing_controlled_model_landlords_experiment,episode_attempt_1f567c209ac497933f1a,11c6a30958e4db396abf576fe83f9dcd9d1bc301442e45b7501af6b0e690e47e,included,housing_social_welfare_leaf,1.0.0,social_welfare,1.0.0,capture,landlord_2,landlord_2,88.42,utility_points,"{""disagreement_utility"":0.0}",ok,valid,[],"[""event_00000235""]",evaluation_receipt,episode_attempt_1f567c209ac497933f1a,11c6a30958e4db396abf576fe83f9dcd9d1bc301442e45b7501af6b0e690e47e,true
result_b57393456c54321329ea15f6,runplan_a7b9ed75ad95865b,cell_fabe94d64e669893a5cd,housing_v1__experiment__000007,housing_v1,housing_controlled_model_landlords_experiment,episode_attempt_1f567c209ac497933f1a,11c6a30958e4db396abf576fe83f9dcd9d1bc301442e45b7501af6b0e690e47e,included,housing_social_welfare_leaf,1.0.0,social_welfare,1.0.0,capture,tenant_0,tenant_0,0.0,utility_points,"{""disagreement_utility"":0.0}",ok,valid,[],"[""event_00000235""]",evaluation_receipt,episode_attempt_1f567c209ac497933f1a,11c6a30958e4db396abf576fe83f9dcd9d1bc301442e45b7501af6b0e690e47e,true
result_2e6a034f7d02f75f72705f08,runplan_a7b9ed75ad95865b,cell_fabe94d64e669893a5cd,housing_v1__experiment__000007,housing_v1,housing_controlled_model_landlords_experiment,episode_attempt_1f567c209ac497933f1a,11c6a30958e4db396abf576fe83f9dcd9d1bc301442e45b7501af6b0e690e47e,included,housing_social_welfare_leaf,1.0.0,social_welfare,1.0.0,capture,tenant_1,tenant_1,355.31,utility_points,"{""disagreement_utility"":0.0}",ok,valid,[],"[""event_00000235""]",evaluation_receipt,episode_attempt_1f567c209ac497933f1a,11c6a30958e4db396abf576fe83f9dcd9d1bc301442e45b7501af6b0e690e47e,true
result_24ce7fbf5f176a5f4fd6414b,runplan_a7b9ed75ad95865b,cell_fabe94d64e669893a5cd,housing_v1__experiment__000007,housing_v1,housing_controlled_model_landlords_experiment,episode_attempt_1f567c209ac497933f1a,11c6a30958e4db396abf576fe83f9dcd9d1bc301442e45b7501af6b0e690e47e,included,housing_social_welfare_leaf,1.0.0,social_welfare,1.0.0,capture,tenant_2,tenant_2,0.0,utility_points,"{""disagreement_utility"":0.0}",ok,valid,[],"[""event_00000235""]",evaluation_receipt,episode_attempt_1f567c209ac497933f1a,11c6a30958e4db396abf576fe83f9dcd9d1bc301442e45b7501af6b0e690e47e,true
result_719e74785acdb6000b13ff54,runplan_a7b9ed75ad95865b,cell_fabe94d64e669893a5cd,housing_v1__experiment__000007,housing_v1,housing_controlled_model_landlords_experiment,episode_attempt_1f567c209ac497933f1a,11c6a30958e4db396abf576fe83f9dcd9d1bc301442e45b7501af6b0e690e47e,included,housing_social_welfare_leaf,1.0.0,social_welfare,1.0.0,capture,tenant_3,tenant_3,0.0,utility_points,"{""disagreement_utility"":0.0}",ok,valid,[],"[""event_00000235""]",evaluation_receipt,episode_attempt_1f567c209ac497933f1a,11c6a30958e4db396abf576fe83f9dcd9d1bc301442e45b7501af6b0e690e47e,true
result_261ce334c6e14963b2af3933,runplan_a7b9ed75ad95865b,cell_fabe94d64e669893a5cd,housing_v1__experiment__000007,housing_v1,housing_controlled_model_landlords_experiment,episode_attempt_1f567c209ac497933f1a,11c6a30958e4db396abf576fe83f9dcd9d1bc301442e45b7501af6b0e690e47e,included,housing_social_welfare_leaf,1.0.0,social_welfare,1.0.0,capture,tenant_4,tenant_4,0.0,utility_points,"{""disagreement_utility"":0.0}",ok,valid,[],"[""event_00000235""]",evaluation_receipt,episode_attempt_1f567c209ac497933f1a,11c6a30958e4db396abf576fe83f9dcd9d1bc301442e45b7501af6b0e690e47e,true
result_69f11a271f84beabd6f7a41a,runplan_a7b9ed75ad95865b,cell_fabe94d64e669893a5cd,housing_v1__experiment__000007,housing_v1,housing_controlled_model_landlords_experiment,episode_attempt_1f567c209ac497933f1a,11c6a30958e4db396abf576fe83f9dcd9d1bc301442e45b7501af6b0e690e47e,included,housing_social_welfare_leaf,1.0.0,social_welfare,1.0.0,capture,tenant_5,tenant_5,42.76,utility_points,"{""disagreement_utility"":0.0}",ok,valid,[],"[""event_00000235""]",evaluation_receipt,episode_attempt_1f567c209ac497933f1a,11c6a30958e4db396abf576fe83f9dcd9d1bc301442e45b7501af6b0e690e47e,true
