fact_id,run_id,task_id,case_id,family_id,block_id,episode_attempt_id,receipt_sha256,inclusion_status,leaf_id,leaf_version,estimand_id,estimand_version,metric_role,metric_name,seat_id,value,unit,metric_metadata,score_status,validity_status,validity_reasons,evidence_refs,source_kind,source_id,source_sha256,reportable
result_0ee64043f1a844f1591d78ed,runplan_14ad6ddb11ef0455,cell_0d53c54ddf31dbb757e2,housing_v1__experiment__000007,housing_v1,housing_controlled_model_landlords_experiment,episode_attempt_48af1ea74cc08f721ba5,7bd3703acd8530375d58a9f798231991239ac717c5f0056948385e7620ea83b0,included,housing_social_welfare_leaf,1.0.0,social_welfare,1.0.0,primary,social_welfare,,523.58,utility_points,{},ok,valid,[],"[""event_00000249""]",evaluation_receipt,episode_attempt_48af1ea74cc08f721ba5,7bd3703acd8530375d58a9f798231991239ac717c5f0056948385e7620ea83b0,true
result_f11d0aae9c59c2c547a55db4,runplan_14ad6ddb11ef0455,cell_0d53c54ddf31dbb757e2,housing_v1__experiment__000007,housing_v1,housing_controlled_model_landlords_experiment,episode_attempt_48af1ea74cc08f721ba5,7bd3703acd8530375d58a9f798231991239ac717c5f0056948385e7620ea83b0,included,housing_social_welfare_leaf,1.0.0,social_welfare,1.0.0,metric,comparison_baseline_gap,,116.02000000000004,utility_points,{},ok,valid,[],"[""event_00000249""]",evaluation_receipt,episode_attempt_48af1ea74cc08f721ba5,7bd3703acd8530375d58a9f798231991239ac717c5f0056948385e7620ea83b0,true
result_aa1939db071362cfcbf39225,runplan_14ad6ddb11ef0455,cell_0d53c54ddf31dbb757e2,housing_v1__experiment__000007,housing_v1,housing_controlled_model_landlords_experiment,episode_attempt_48af1ea74cc08f721ba5,7bd3703acd8530375d58a9f798231991239ac717c5f0056948385e7620ea83b0,included,housing_social_welfare_leaf,1.0.0,social_welfare,1.0.0,metric,ir_violation_count,,0.0,count,{},ok,valid,[],"[""event_00000249""]",evaluation_receipt,episode_attempt_48af1ea74cc08f721ba5,7bd3703acd8530375d58a9f798231991239ac717c5f0056948385e7620ea83b0,true
result_9bc759ff4e223feb5d30067f,runplan_14ad6ddb11ef0455,cell_0d53c54ddf31dbb757e2,housing_v1__experiment__000007,housing_v1,housing_controlled_model_landlords_experiment,episode_attempt_48af1ea74cc08f721ba5,7bd3703acd8530375d58a9f798231991239ac717c5f0056948385e7620ea83b0,included,housing_social_welfare_leaf,1.0.0,social_welfare,1.0.0,metric,social_welfare,,523.58,utility_points,{},ok,valid,[],"[""event_00000249""]",evaluation_receipt,episode_attempt_48af1ea74cc08f721ba5,7bd3703acd8530375d58a9f798231991239ac717c5f0056948385e7620ea83b0,true
result_da20d7f017f5a573093d6851,runplan_14ad6ddb11ef0455,cell_0d53c54ddf31dbb757e2,housing_v1__experiment__000007,housing_v1,housing_controlled_model_landlords_experiment,episode_attempt_48af1ea74cc08f721ba5,7bd3703acd8530375d58a9f798231991239ac717c5f0056948385e7620ea83b0,included,housing_social_welfare_leaf,1.0.0,social_welfare,1.0.0,metric,upper_bound_gap,,159.93999999999994,utility_points,{},ok,valid,[],"[""event_00000249""]",evaluation_receipt,episode_attempt_48af1ea74cc08f721ba5,7bd3703acd8530375d58a9f798231991239ac717c5f0056948385e7620ea83b0,true
result_e7309c613a42a0107fa4a08e,runplan_14ad6ddb11ef0455,cell_0d53c54ddf31dbb757e2,housing_v1__experiment__000007,housing_v1,housing_controlled_model_landlords_experiment,episode_attempt_48af1ea74cc08f721ba5,7bd3703acd8530375d58a9f798231991239ac717c5f0056948385e7620ea83b0,included,housing_social_welfare_leaf,1.0.0,social_welfare,1.0.0,metric,wasted_contacts,,6.0,count,{},ok,valid,[],"[""event_00000249""]",evaluation_receipt,episode_attempt_48af1ea74cc08f721ba5,7bd3703acd8530375d58a9f798231991239ac717c5f0056948385e7620ea83b0,true
result_8790185d930fc1ce023b7e1d,runplan_14ad6ddb11ef0455,cell_0d53c54ddf31dbb757e2,housing_v1__experiment__000007,housing_v1,housing_controlled_model_landlords_experiment,episode_attempt_48af1ea74cc08f721ba5,7bd3703acd8530375d58a9f798231991239ac717c5f0056948385e7620ea83b0,included,housing_social_welfare_leaf,1.0.0,social_welfare,1.0.0,metric,within_case_score,,0.7660053838951312,ratio,{},ok,valid,[],"[""event_00000249""]",evaluation_receipt,episode_attempt_48af1ea74cc08f721ba5,7bd3703acd8530375d58a9f798231991239ac717c5f0056948385e7620ea83b0,true
result_eede0fdf3b73f17cb46a4b83,runplan_14ad6ddb11ef0455,cell_0d53c54ddf31dbb757e2,housing_v1__experiment__000007,housing_v1,housing_controlled_model_landlords_experiment,episode_attempt_48af1ea74cc08f721ba5,7bd3703acd8530375d58a9f798231991239ac717c5f0056948385e7620ea83b0,included,housing_social_welfare_leaf,1.0.0,social_welfare,1.0.0,reference,comparison_baseline,,407.56,utility_points,"{""policy"":""naive"",""reference_kind"":""comparison_baseline""}",ok,valid,[],"[""event_00000249""]",evaluation_receipt,episode_attempt_48af1ea74cc08f721ba5,7bd3703acd8530375d58a9f798231991239ac717c5f0056948385e7620ea83b0,true
result_21e1fa93737a07cefbfccdd8,runplan_14ad6ddb11ef0455,cell_0d53c54ddf31dbb757e2,housing_v1__experiment__000007,housing_v1,housing_controlled_model_landlords_experiment,episode_attempt_48af1ea74cc08f721ba5,7bd3703acd8530375d58a9f798231991239ac717c5f0056948385e7620ea83b0,included,housing_social_welfare_leaf,1.0.0,social_welfare,1.0.0,reference,optimum_lower_bound,,0.0,utility_points,"{""policy"":""do_nothing"",""reference_kind"":""objective_lower_bound""}",ok,valid,[],"[""event_00000249""]",evaluation_receipt,episode_attempt_48af1ea74cc08f721ba5,7bd3703acd8530375d58a9f798231991239ac717c5f0056948385e7620ea83b0,true
result_d0118b87ea4538a4f8f41893,runplan_14ad6ddb11ef0455,cell_0d53c54ddf31dbb757e2,housing_v1__experiment__000007,housing_v1,housing_controlled_model_landlords_experiment,episode_attempt_48af1ea74cc08f721ba5,7bd3703acd8530375d58a9f798231991239ac717c5f0056948385e7620ea83b0,included,housing_social_welfare_leaf,1.0.0,social_welfare,1.0.0,reference,optimum_upper_bound,,683.52,utility_points,"{""reference_kind"":""objective_upper_bound"",""semantics"":""full_information_allocation_relaxation""}",ok,valid,[],"[""event_00000249""]",evaluation_receipt,episode_attempt_48af1ea74cc08f721ba5,7bd3703acd8530375d58a9f798231991239ac717c5f0056948385e7620ea83b0,true
result_6423bcf06c8f3794d606f9b9,runplan_14ad6ddb11ef0455,cell_0d53c54ddf31dbb757e2,housing_v1__experiment__000007,housing_v1,housing_controlled_model_landlords_experiment,episode_attempt_48af1ea74cc08f721ba5,7bd3703acd8530375d58a9f798231991239ac717c5f0056948385e7620ea83b0,included,housing_social_welfare_leaf,1.0.0,social_welfare,1.0.0,utility,landlord_0,landlord_0,38.64,utility_points,"{""disagreement_utility"":0.0}",ok,valid,[],"[""event_00000249""]",evaluation_receipt,episode_attempt_48af1ea74cc08f721ba5,7bd3703acd8530375d58a9f798231991239ac717c5f0056948385e7620ea83b0,true
result_51134cfedfd2933acf601866,runplan_14ad6ddb11ef0455,cell_0d53c54ddf31dbb757e2,housing_v1__experiment__000007,housing_v1,housing_controlled_model_landlords_experiment,episode_attempt_48af1ea74cc08f721ba5,7bd3703acd8530375d58a9f798231991239ac717c5f0056948385e7620ea83b0,included,housing_social_welfare_leaf,1.0.0,social_welfare,1.0.0,utility,landlord_1,landlord_1,0.0,utility_points,"{""disagreement_utility"":0.0}",ok,valid,[],"[""event_00000249""]",evaluation_receipt,episode_attempt_48af1ea74cc08f721ba5,7bd3703acd8530375d58a9f798231991239ac717c5f0056948385e7620ea83b0,true
result_8b46955b978a06307145a7f0,runplan_14ad6ddb11ef0455,cell_0d53c54ddf31dbb757e2,housing_v1__experiment__000007,housing_v1,housing_controlled_model_landlords_experiment,episode_attempt_48af1ea74cc08f721ba5,7bd3703acd8530375d58a9f798231991239ac717c5f0056948385e7620ea83b0,included,housing_social_welfare_leaf,1.0.0,social_welfare,1.0.0,utility,landlord_2,landlord_2,88.42,utility_points,"{""disagreement_utility"":0.0}",ok,valid,[],"[""event_00000249""]",evaluation_receipt,episode_attempt_48af1ea74cc08f721ba5,7bd3703acd8530375d58a9f798231991239ac717c5f0056948385e7620ea83b0,true
result_73a0f72787dd2a3a413cc561,runplan_14ad6ddb11ef0455,cell_0d53c54ddf31dbb757e2,housing_v1__experiment__000007,housing_v1,housing_controlled_model_landlords_experiment,episode_attempt_48af1ea74cc08f721ba5,7bd3703acd8530375d58a9f798231991239ac717c5f0056948385e7620ea83b0,included,housing_social_welfare_leaf,1.0.0,social_welfare,1.0.0,utility,landlord_3,landlord_3,94.7,utility_points,"{""disagreement_utility"":0.0}",ok,valid,[],"[""event_00000249""]",evaluation_receipt,episode_attempt_48af1ea74cc08f721ba5,7bd3703acd8530375d58a9f798231991239ac717c5f0056948385e7620ea83b0,true
result_7a211ca3c4e1fe68fac924a9,runplan_14ad6ddb11ef0455,cell_0d53c54ddf31dbb757e2,housing_v1__experiment__000007,housing_v1,housing_controlled_model_landlords_experiment,episode_attempt_48af1ea74cc08f721ba5,7bd3703acd8530375d58a9f798231991239ac717c5f0056948385e7620ea83b0,included,housing_social_welfare_leaf,1.0.0,social_welfare,1.0.0,utility,landlord_4,landlord_4,38.4,utility_points,"{""disagreement_utility"":0.0}",ok,valid,[],"[""event_00000249""]",evaluation_receipt,episode_attempt_48af1ea74cc08f721ba5,7bd3703acd8530375d58a9f798231991239ac717c5f0056948385e7620ea83b0,true
result_c518d9b3296e3963acd117eb,runplan_14ad6ddb11ef0455,cell_0d53c54ddf31dbb757e2,housing_v1__experiment__000007,housing_v1,housing_controlled_model_landlords_experiment,episode_attempt_48af1ea74cc08f721ba5,7bd3703acd8530375d58a9f798231991239ac717c5f0056948385e7620ea83b0,included,housing_social_welfare_leaf,1.0.0,social_welfare,1.0.0,utility,tenant_0,tenant_0,0.0,utility_points,"{""disagreement_utility"":0.0}",ok,valid,[],"[""event_00000249""]",evaluation_receipt,episode_attempt_48af1ea74cc08f721ba5,7bd3703acd8530375d58a9f798231991239ac717c5f0056948385e7620ea83b0,true
result_a0406f5a1deca4e487e13069,runplan_14ad6ddb11ef0455,cell_0d53c54ddf31dbb757e2,housing_v1__experiment__000007,housing_v1,housing_controlled_model_landlords_experiment,episode_attempt_48af1ea74cc08f721ba5,7bd3703acd8530375d58a9f798231991239ac717c5f0056948385e7620ea83b0,included,housing_social_welfare_leaf,1.0.0,social_welfare,1.0.0,utility,tenant_1,tenant_1,19.64,utility_points,"{""disagreement_utility"":0.0}",ok,valid,[],"[""event_00000249""]",evaluation_receipt,episode_attempt_48af1ea74cc08f721ba5,7bd3703acd8530375d58a9f798231991239ac717c5f0056948385e7620ea83b0,true
result_8f24dfdf43495cc47160528d,runplan_14ad6ddb11ef0455,cell_0d53c54ddf31dbb757e2,housing_v1__experiment__000007,housing_v1,housing_controlled_model_landlords_experiment,episode_attempt_48af1ea74cc08f721ba5,7bd3703acd8530375d58a9f798231991239ac717c5f0056948385e7620ea83b0,included,housing_social_welfare_leaf,1.0.0,social_welfare,1.0.0,utility,tenant_2,tenant_2,17.52,utility_points,"{""disagreement_utility"":0.0}",ok,valid,[],"[""event_00000249""]",evaluation_receipt,episode_attempt_48af1ea74cc08f721ba5,7bd3703acd8530375d58a9f798231991239ac717c5f0056948385e7620ea83b0,true
result_91c34ab5529303c8ad0aefc1,runplan_14ad6ddb11ef0455,cell_0d53c54ddf31dbb757e2,housing_v1__experiment__000007,housing_v1,housing_controlled_model_landlords_experiment,episode_attempt_48af1ea74cc08f721ba5,7bd3703acd8530375d58a9f798231991239ac717c5f0056948385e7620ea83b0,included,housing_social_welfare_leaf,1.0.0,social_welfare,1.0.0,utility,tenant_3,tenant_3,143.84,utility_points,"{""disagreement_utility"":0.0}",ok,valid,[],"[""event_00000249""]",evaluation_receipt,episode_attempt_48af1ea74cc08f721ba5,7bd3703acd8530375d58a9f798231991239ac717c5f0056948385e7620ea83b0,true
result_da2579fe5f7cb4219bf2ad7a,runplan_14ad6ddb11ef0455,cell_0d53c54ddf31dbb757e2,housing_v1__experiment__000007,housing_v1,housing_controlled_model_landlords_experiment,episode_attempt_48af1ea74cc08f721ba5,7bd3703acd8530375d58a9f798231991239ac717c5f0056948385e7620ea83b0,included,housing_social_welfare_leaf,1.0.0,social_welfare,1.0.0,utility,tenant_4,tenant_4,82.42,utility_points,"{""disagreement_utility"":0.0}",ok,valid,[],"[""event_00000249""]",evaluation_receipt,episode_attempt_48af1ea74cc08f721ba5,7bd3703acd8530375d58a9f798231991239ac717c5f0056948385e7620ea83b0,true
result_dd689ecb9f41d5139f43a466,runplan_14ad6ddb11ef0455,cell_0d53c54ddf31dbb757e2,housing_v1__experiment__000007,housing_v1,housing_controlled_model_landlords_experiment,episode_attempt_48af1ea74cc08f721ba5,7bd3703acd8530375d58a9f798231991239ac717c5f0056948385e7620ea83b0,included,housing_social_welfare_leaf,1.0.0,social_welfare,1.0.0,utility,tenant_5,tenant_5,0.0,utility_points,"{""disagreement_utility"":0.0}",ok,valid,[],"[""event_00000249""]",evaluation_receipt,episode_attempt_48af1ea74cc08f721ba5,7bd3703acd8530375d58a9f798231991239ac717c5f0056948385e7620ea83b0,true
result_981e59d42a9a57139cb5e607,runplan_14ad6ddb11ef0455,cell_0d53c54ddf31dbb757e2,housing_v1__experiment__000007,housing_v1,housing_controlled_model_landlords_experiment,episode_attempt_48af1ea74cc08f721ba5,7bd3703acd8530375d58a9f798231991239ac717c5f0056948385e7620ea83b0,included,housing_social_welfare_leaf,1.0.0,social_welfare,1.0.0,capture,landlord_0,landlord_0,38.64,utility_points,"{""disagreement_utility"":0.0}",ok,valid,[],"[""event_00000249""]",evaluation_receipt,episode_attempt_48af1ea74cc08f721ba5,7bd3703acd8530375d58a9f798231991239ac717c5f0056948385e7620ea83b0,true
result_5fe70ecc03bee3ba9d505d2e,runplan_14ad6ddb11ef0455,cell_0d53c54ddf31dbb757e2,housing_v1__experiment__000007,housing_v1,housing_controlled_model_landlords_experiment,episode_attempt_48af1ea74cc08f721ba5,7bd3703acd8530375d58a9f798231991239ac717c5f0056948385e7620ea83b0,included,housing_social_welfare_leaf,1.0.0,social_welfare,1.0.0,capture,landlord_1,landlord_1,0.0,utility_points,"{""disagreement_utility"":0.0}",ok,valid,[],"[""event_00000249""]",evaluation_receipt,episode_attempt_48af1ea74cc08f721ba5,7bd3703acd8530375d58a9f798231991239ac717c5f0056948385e7620ea83b0,true
result_a012f0be221d68a33cc56525,runplan_14ad6ddb11ef0455,cell_0d53c54ddf31dbb757e2,housing_v1__experiment__000007,housing_v1,housing_controlled_model_landlords_experiment,episode_attempt_48af1ea74cc08f721ba5,7bd3703acd8530375d58a9f798231991239ac717c5f0056948385e7620ea83b0,included,housing_social_welfare_leaf,1.0.0,social_welfare,1.0.0,capture,landlord_2,landlord_2,88.42,utility_points,"{""disagreement_utility"":0.0}",ok,valid,[],"[""event_00000249""]",evaluation_receipt,episode_attempt_48af1ea74cc08f721ba5,7bd3703acd8530375d58a9f798231991239ac717c5f0056948385e7620ea83b0,true
result_b49f939ba8a3787f197de8c7,runplan_14ad6ddb11ef0455,cell_0d53c54ddf31dbb757e2,housing_v1__experiment__000007,housing_v1,housing_controlled_model_landlords_experiment,episode_attempt_48af1ea74cc08f721ba5,7bd3703acd8530375d58a9f798231991239ac717c5f0056948385e7620ea83b0,included,housing_social_welfare_leaf,1.0.0,social_welfare,1.0.0,capture,landlord_3,landlord_3,94.7,utility_points,"{""disagreement_utility"":0.0}",ok,valid,[],"[""event_00000249""]",evaluation_receipt,episode_attempt_48af1ea74cc08f721ba5,7bd3703acd8530375d58a9f798231991239ac717c5f0056948385e7620ea83b0,true
result_eeed9c716081b7e567e324b6,runplan_14ad6ddb11ef0455,cell_0d53c54ddf31dbb757e2,housing_v1__experiment__000007,housing_v1,housing_controlled_model_landlords_experiment,episode_attempt_48af1ea74cc08f721ba5,7bd3703acd8530375d58a9f798231991239ac717c5f0056948385e7620ea83b0,included,housing_social_welfare_leaf,1.0.0,social_welfare,1.0.0,capture,landlord_4,landlord_4,38.4,utility_points,"{""disagreement_utility"":0.0}",ok,valid,[],"[""event_00000249""]",evaluation_receipt,episode_attempt_48af1ea74cc08f721ba5,7bd3703acd8530375d58a9f798231991239ac717c5f0056948385e7620ea83b0,true
result_cbfae35ae8d611b91de673f6,runplan_14ad6ddb11ef0455,cell_0d53c54ddf31dbb757e2,housing_v1__experiment__000007,housing_v1,housing_controlled_model_landlords_experiment,episode_attempt_48af1ea74cc08f721ba5,7bd3703acd8530375d58a9f798231991239ac717c5f0056948385e7620ea83b0,included,housing_social_welfare_leaf,1.0.0,social_welfare,1.0.0,capture,tenant_0,tenant_0,0.0,utility_points,"{""disagreement_utility"":0.0}",ok,valid,[],"[""event_00000249""]",evaluation_receipt,episode_attempt_48af1ea74cc08f721ba5,7bd3703acd8530375d58a9f798231991239ac717c5f0056948385e7620ea83b0,true
result_e8d6adef73f7a9511a33d7e2,runplan_14ad6ddb11ef0455,cell_0d53c54ddf31dbb757e2,housing_v1__experiment__000007,housing_v1,housing_controlled_model_landlords_experiment,episode_attempt_48af1ea74cc08f721ba5,7bd3703acd8530375d58a9f798231991239ac717c5f0056948385e7620ea83b0,included,housing_social_welfare_leaf,1.0.0,social_welfare,1.0.0,capture,tenant_1,tenant_1,19.64,utility_points,"{""disagreement_utility"":0.0}",ok,valid,[],"[""event_00000249""]",evaluation_receipt,episode_attempt_48af1ea74cc08f721ba5,7bd3703acd8530375d58a9f798231991239ac717c5f0056948385e7620ea83b0,true
result_679d48f4b2113180a4e680db,runplan_14ad6ddb11ef0455,cell_0d53c54ddf31dbb757e2,housing_v1__experiment__000007,housing_v1,housing_controlled_model_landlords_experiment,episode_attempt_48af1ea74cc08f721ba5,7bd3703acd8530375d58a9f798231991239ac717c5f0056948385e7620ea83b0,included,housing_social_welfare_leaf,1.0.0,social_welfare,1.0.0,capture,tenant_2,tenant_2,17.52,utility_points,"{""disagreement_utility"":0.0}",ok,valid,[],"[""event_00000249""]",evaluation_receipt,episode_attempt_48af1ea74cc08f721ba5,7bd3703acd8530375d58a9f798231991239ac717c5f0056948385e7620ea83b0,true
result_09ee3c572d716b9122f99f63,runplan_14ad6ddb11ef0455,cell_0d53c54ddf31dbb757e2,housing_v1__experiment__000007,housing_v1,housing_controlled_model_landlords_experiment,episode_attempt_48af1ea74cc08f721ba5,7bd3703acd8530375d58a9f798231991239ac717c5f0056948385e7620ea83b0,included,housing_social_welfare_leaf,1.0.0,social_welfare,1.0.0,capture,tenant_3,tenant_3,143.84,utility_points,"{""disagreement_utility"":0.0}",ok,valid,[],"[""event_00000249""]",evaluation_receipt,episode_attempt_48af1ea74cc08f721ba5,7bd3703acd8530375d58a9f798231991239ac717c5f0056948385e7620ea83b0,true
result_c58189fd6cdf4f3bfb5f5411,runplan_14ad6ddb11ef0455,cell_0d53c54ddf31dbb757e2,housing_v1__experiment__000007,housing_v1,housing_controlled_model_landlords_experiment,episode_attempt_48af1ea74cc08f721ba5,7bd3703acd8530375d58a9f798231991239ac717c5f0056948385e7620ea83b0,included,housing_social_welfare_leaf,1.0.0,social_welfare,1.0.0,capture,tenant_4,tenant_4,82.42,utility_points,"{""disagreement_utility"":0.0}",ok,valid,[],"[""event_00000249""]",evaluation_receipt,episode_attempt_48af1ea74cc08f721ba5,7bd3703acd8530375d58a9f798231991239ac717c5f0056948385e7620ea83b0,true
result_b6f415c65d77a69d26815934,runplan_14ad6ddb11ef0455,cell_0d53c54ddf31dbb757e2,housing_v1__experiment__000007,housing_v1,housing_controlled_model_landlords_experiment,episode_attempt_48af1ea74cc08f721ba5,7bd3703acd8530375d58a9f798231991239ac717c5f0056948385e7620ea83b0,included,housing_social_welfare_leaf,1.0.0,social_welfare,1.0.0,capture,tenant_5,tenant_5,0.0,utility_points,"{""disagreement_utility"":0.0}",ok,valid,[],"[""event_00000249""]",evaluation_receipt,episode_attempt_48af1ea74cc08f721ba5,7bd3703acd8530375d58a9f798231991239ac717c5f0056948385e7620ea83b0,true
result_bbda27ae2360fb32d23f823f,runplan_14ad6ddb11ef0455,cell_1369e82af6d0b1a4f34f,housing_v1__experiment__000003,housing_v1,housing_controlled_model_landlords_experiment,episode_attempt_ba7a78d6dc5ba62b1cd2,68a78066cc8ba12789eed56aea2ba92d817b150a9c9b413bafafb02957ffdeb1,included,housing_social_welfare_leaf,1.0.0,social_welfare,1.0.0,primary,social_welfare,,2037.03,utility_points,{},ok,valid,[],"[""event_00000235""]",evaluation_receipt,episode_attempt_ba7a78d6dc5ba62b1cd2,68a78066cc8ba12789eed56aea2ba92d817b150a9c9b413bafafb02957ffdeb1,true
result_d8f5f8c2c19a1f773ab5b34d,runplan_14ad6ddb11ef0455,cell_1369e82af6d0b1a4f34f,housing_v1__experiment__000003,housing_v1,housing_controlled_model_landlords_experiment,episode_attempt_ba7a78d6dc5ba62b1cd2,68a78066cc8ba12789eed56aea2ba92d817b150a9c9b413bafafb02957ffdeb1,included,housing_social_welfare_leaf,1.0.0,social_welfare,1.0.0,metric,comparison_baseline_gap,,42.23000000000002,utility_points,{},ok,valid,[],"[""event_00000235""]",evaluation_receipt,episode_attempt_ba7a78d6dc5ba62b1cd2,68a78066cc8ba12789eed56aea2ba92d817b150a9c9b413bafafb02957ffdeb1,true
result_de8cccc8490ab61e4e5766ce,runplan_14ad6ddb11ef0455,cell_1369e82af6d0b1a4f34f,housing_v1__experiment__000003,housing_v1,housing_controlled_model_landlords_experiment,episode_attempt_ba7a78d6dc5ba62b1cd2,68a78066cc8ba12789eed56aea2ba92d817b150a9c9b413bafafb02957ffdeb1,included,housing_social_welfare_leaf,1.0.0,social_welfare,1.0.0,metric,ir_violation_count,,0.0,count,{},ok,valid,[],"[""event_00000235""]",evaluation_receipt,episode_attempt_ba7a78d6dc5ba62b1cd2,68a78066cc8ba12789eed56aea2ba92d817b150a9c9b413bafafb02957ffdeb1,true
result_bd70a5f5fe62c9b06183485a,runplan_14ad6ddb11ef0455,cell_1369e82af6d0b1a4f34f,housing_v1__experiment__000003,housing_v1,housing_controlled_model_landlords_experiment,episode_attempt_ba7a78d6dc5ba62b1cd2,68a78066cc8ba12789eed56aea2ba92d817b150a9c9b413bafafb02957ffdeb1,included,housing_social_welfare_leaf,1.0.0,social_welfare,1.0.0,metric,social_welfare,,2037.03,utility_points,{},ok,valid,[],"[""event_00000235""]",evaluation_receipt,episode_attempt_ba7a78d6dc5ba62b1cd2,68a78066cc8ba12789eed56aea2ba92d817b150a9c9b413bafafb02957ffdeb1,true
result_ac1a7ea88e29bfb9e8ae1500,runplan_14ad6ddb11ef0455,cell_1369e82af6d0b1a4f34f,housing_v1__experiment__000003,housing_v1,housing_controlled_model_landlords_experiment,episode_attempt_ba7a78d6dc5ba62b1cd2,68a78066cc8ba12789eed56aea2ba92d817b150a9c9b413bafafb02957ffdeb1,included,housing_social_welfare_leaf,1.0.0,social_welfare,1.0.0,metric,upper_bound_gap,,93.14999999999986,utility_points,{},ok,valid,[],"[""event_00000235""]",evaluation_receipt,episode_attempt_ba7a78d6dc5ba62b1cd2,68a78066cc8ba12789eed56aea2ba92d817b150a9c9b413bafafb02957ffdeb1,true
result_a6d788900e21f9ac79983603,runplan_14ad6ddb11ef0455,cell_1369e82af6d0b1a4f34f,housing_v1__experiment__000003,housing_v1,housing_controlled_model_landlords_experiment,episode_attempt_ba7a78d6dc5ba62b1cd2,68a78066cc8ba12789eed56aea2ba92d817b150a9c9b413bafafb02957ffdeb1,included,housing_social_welfare_leaf,1.0.0,social_welfare,1.0.0,metric,wasted_contacts,,4.0,count,{},ok,valid,[],"[""event_00000235""]",evaluation_receipt,episode_attempt_ba7a78d6dc5ba62b1cd2,68a78066cc8ba12789eed56aea2ba92d817b150a9c9b413bafafb02957ffdeb1,true
result_83736ad28e7173ff824c784f,runplan_14ad6ddb11ef0455,cell_1369e82af6d0b1a4f34f,housing_v1__experiment__000003,housing_v1,housing_controlled_model_landlords_experiment,episode_attempt_ba7a78d6dc5ba62b1cd2,68a78066cc8ba12789eed56aea2ba92d817b150a9c9b413bafafb02957ffdeb1,included,housing_social_welfare_leaf,1.0.0,social_welfare,1.0.0,metric,within_case_score,,0.9562713010168156,ratio,{},ok,valid,[],"[""event_00000235""]",evaluation_receipt,episode_attempt_ba7a78d6dc5ba62b1cd2,68a78066cc8ba12789eed56aea2ba92d817b150a9c9b413bafafb02957ffdeb1,true
result_dbeb13d2983835071c3d71bc,runplan_14ad6ddb11ef0455,cell_1369e82af6d0b1a4f34f,housing_v1__experiment__000003,housing_v1,housing_controlled_model_landlords_experiment,episode_attempt_ba7a78d6dc5ba62b1cd2,68a78066cc8ba12789eed56aea2ba92d817b150a9c9b413bafafb02957ffdeb1,included,housing_social_welfare_leaf,1.0.0,social_welfare,1.0.0,reference,comparison_baseline,,1994.8,utility_points,"{""policy"":""naive"",""reference_kind"":""comparison_baseline""}",ok,valid,[],"[""event_00000235""]",evaluation_receipt,episode_attempt_ba7a78d6dc5ba62b1cd2,68a78066cc8ba12789eed56aea2ba92d817b150a9c9b413bafafb02957ffdeb1,true
result_ab4508d2d1c3f0afe40617ad,runplan_14ad6ddb11ef0455,cell_1369e82af6d0b1a4f34f,housing_v1__experiment__000003,housing_v1,housing_controlled_model_landlords_experiment,episode_attempt_ba7a78d6dc5ba62b1cd2,68a78066cc8ba12789eed56aea2ba92d817b150a9c9b413bafafb02957ffdeb1,included,housing_social_welfare_leaf,1.0.0,social_welfare,1.0.0,reference,optimum_lower_bound,,0.0,utility_points,"{""policy"":""do_nothing"",""reference_kind"":""objective_lower_bound""}",ok,valid,[],"[""event_00000235""]",evaluation_receipt,episode_attempt_ba7a78d6dc5ba62b1cd2,68a78066cc8ba12789eed56aea2ba92d817b150a9c9b413bafafb02957ffdeb1,true
result_8ba83faf7f51f33dbba54140,runplan_14ad6ddb11ef0455,cell_1369e82af6d0b1a4f34f,housing_v1__experiment__000003,housing_v1,housing_controlled_model_landlords_experiment,episode_attempt_ba7a78d6dc5ba62b1cd2,68a78066cc8ba12789eed56aea2ba92d817b150a9c9b413bafafb02957ffdeb1,included,housing_social_welfare_leaf,1.0.0,social_welfare,1.0.0,reference,optimum_upper_bound,,2130.18,utility_points,"{""reference_kind"":""objective_upper_bound"",""semantics"":""full_information_allocation_relaxation""}",ok,valid,[],"[""event_00000235""]",evaluation_receipt,episode_attempt_ba7a78d6dc5ba62b1cd2,68a78066cc8ba12789eed56aea2ba92d817b150a9c9b413bafafb02957ffdeb1,true
result_96752dc98530f687cccbf49d,runplan_14ad6ddb11ef0455,cell_1369e82af6d0b1a4f34f,housing_v1__experiment__000003,housing_v1,housing_controlled_model_landlords_experiment,episode_attempt_ba7a78d6dc5ba62b1cd2,68a78066cc8ba12789eed56aea2ba92d817b150a9c9b413bafafb02957ffdeb1,included,housing_social_welfare_leaf,1.0.0,social_welfare,1.0.0,utility,landlord_0,landlord_0,0.0,utility_points,"{""disagreement_utility"":0.0}",ok,valid,[],"[""event_00000235""]",evaluation_receipt,episode_attempt_ba7a78d6dc5ba62b1cd2,68a78066cc8ba12789eed56aea2ba92d817b150a9c9b413bafafb02957ffdeb1,true
result_7f9bb60512854ebeede574b0,runplan_14ad6ddb11ef0455,cell_1369e82af6d0b1a4f34f,housing_v1__experiment__000003,housing_v1,housing_controlled_model_landlords_experiment,episode_attempt_ba7a78d6dc5ba62b1cd2,68a78066cc8ba12789eed56aea2ba92d817b150a9c9b413bafafb02957ffdeb1,included,housing_social_welfare_leaf,1.0.0,social_welfare,1.0.0,utility,landlord_1,landlord_1,28.45,utility_points,"{""disagreement_utility"":0.0}",ok,valid,[],"[""event_00000235""]",evaluation_receipt,episode_attempt_ba7a78d6dc5ba62b1cd2,68a78066cc8ba12789eed56aea2ba92d817b150a9c9b413bafafb02957ffdeb1,true
result_7d9205b98e90f19e40115e1e,runplan_14ad6ddb11ef0455,cell_1369e82af6d0b1a4f34f,housing_v1__experiment__000003,housing_v1,housing_controlled_model_landlords_experiment,episode_attempt_ba7a78d6dc5ba62b1cd2,68a78066cc8ba12789eed56aea2ba92d817b150a9c9b413bafafb02957ffdeb1,included,housing_social_welfare_leaf,1.0.0,social_welfare,1.0.0,utility,landlord_2,landlord_2,76.96,utility_points,"{""disagreement_utility"":0.0}",ok,valid,[],"[""event_00000235""]",evaluation_receipt,episode_attempt_ba7a78d6dc5ba62b1cd2,68a78066cc8ba12789eed56aea2ba92d817b150a9c9b413bafafb02957ffdeb1,true
result_3ef29fbc312fb6c2f8435cc6,runplan_14ad6ddb11ef0455,cell_1369e82af6d0b1a4f34f,housing_v1__experiment__000003,housing_v1,housing_controlled_model_landlords_experiment,episode_attempt_ba7a78d6dc5ba62b1cd2,68a78066cc8ba12789eed56aea2ba92d817b150a9c9b413bafafb02957ffdeb1,included,housing_social_welfare_leaf,1.0.0,social_welfare,1.0.0,utility,landlord_3,landlord_3,54.11,utility_points,"{""disagreement_utility"":0.0}",ok,valid,[],"[""event_00000235""]",evaluation_receipt,episode_attempt_ba7a78d6dc5ba62b1cd2,68a78066cc8ba12789eed56aea2ba92d817b150a9c9b413bafafb02957ffdeb1,true
result_3b6f752366e1588904e0e252,runplan_14ad6ddb11ef0455,cell_1369e82af6d0b1a4f34f,housing_v1__experiment__000003,housing_v1,housing_controlled_model_landlords_experiment,episode_attempt_ba7a78d6dc5ba62b1cd2,68a78066cc8ba12789eed56aea2ba92d817b150a9c9b413bafafb02957ffdeb1,included,housing_social_welfare_leaf,1.0.0,social_welfare,1.0.0,utility,landlord_4,landlord_4,67.85,utility_points,"{""disagreement_utility"":0.0}",ok,valid,[],"[""event_00000235""]",evaluation_receipt,episode_attempt_ba7a78d6dc5ba62b1cd2,68a78066cc8ba12789eed56aea2ba92d817b150a9c9b413bafafb02957ffdeb1,true
result_4a187acb6c947e9e3dc08679,runplan_14ad6ddb11ef0455,cell_1369e82af6d0b1a4f34f,housing_v1__experiment__000003,housing_v1,housing_controlled_model_landlords_experiment,episode_attempt_ba7a78d6dc5ba62b1cd2,68a78066cc8ba12789eed56aea2ba92d817b150a9c9b413bafafb02957ffdeb1,included,housing_social_welfare_leaf,1.0.0,social_welfare,1.0.0,utility,tenant_0,tenant_0,66.95,utility_points,"{""disagreement_utility"":0.0}",ok,valid,[],"[""event_00000235""]",evaluation_receipt,episode_attempt_ba7a78d6dc5ba62b1cd2,68a78066cc8ba12789eed56aea2ba92d817b150a9c9b413bafafb02957ffdeb1,true
result_b967a2b1ddefe3aeaa9ddf2f,runplan_14ad6ddb11ef0455,cell_1369e82af6d0b1a4f34f,housing_v1__experiment__000003,housing_v1,housing_controlled_model_landlords_experiment,episode_attempt_ba7a78d6dc5ba62b1cd2,68a78066cc8ba12789eed56aea2ba92d817b150a9c9b413bafafb02957ffdeb1,included,housing_social_welfare_leaf,1.0.0,social_welfare,1.0.0,utility,tenant_1,tenant_1,520.96,utility_points,"{""disagreement_utility"":0.0}",ok,valid,[],"[""event_00000235""]",evaluation_receipt,episode_attempt_ba7a78d6dc5ba62b1cd2,68a78066cc8ba12789eed56aea2ba92d817b150a9c9b413bafafb02957ffdeb1,true
result_e0269c3d847bae2802ae847e,runplan_14ad6ddb11ef0455,cell_1369e82af6d0b1a4f34f,housing_v1__experiment__000003,housing_v1,housing_controlled_model_landlords_experiment,episode_attempt_ba7a78d6dc5ba62b1cd2,68a78066cc8ba12789eed56aea2ba92d817b150a9c9b413bafafb02957ffdeb1,included,housing_social_welfare_leaf,1.0.0,social_welfare,1.0.0,utility,tenant_2,tenant_2,574.69,utility_points,"{""disagreement_utility"":0.0}",ok,valid,[],"[""event_00000235""]",evaluation_receipt,episode_attempt_ba7a78d6dc5ba62b1cd2,68a78066cc8ba12789eed56aea2ba92d817b150a9c9b413bafafb02957ffdeb1,true
result_c9627d913cfc9afe5935ae34,runplan_14ad6ddb11ef0455,cell_1369e82af6d0b1a4f34f,housing_v1__experiment__000003,housing_v1,housing_controlled_model_landlords_experiment,episode_attempt_ba7a78d6dc5ba62b1cd2,68a78066cc8ba12789eed56aea2ba92d817b150a9c9b413bafafb02957ffdeb1,included,housing_social_welfare_leaf,1.0.0,social_welfare,1.0.0,utility,tenant_3,tenant_3,647.06,utility_points,"{""disagreement_utility"":0.0}",ok,valid,[],"[""event_00000235""]",evaluation_receipt,episode_attempt_ba7a78d6dc5ba62b1cd2,68a78066cc8ba12789eed56aea2ba92d817b150a9c9b413bafafb02957ffdeb1,true
result_30571b5575c6a9321df78ebe,runplan_14ad6ddb11ef0455,cell_1369e82af6d0b1a4f34f,housing_v1__experiment__000003,housing_v1,housing_controlled_model_landlords_experiment,episode_attempt_ba7a78d6dc5ba62b1cd2,68a78066cc8ba12789eed56aea2ba92d817b150a9c9b413bafafb02957ffdeb1,included,housing_social_welfare_leaf,1.0.0,social_welfare,1.0.0,utility,tenant_4,tenant_4,0.0,utility_points,"{""disagreement_utility"":0.0}",ok,valid,[],"[""event_00000235""]",evaluation_receipt,episode_attempt_ba7a78d6dc5ba62b1cd2,68a78066cc8ba12789eed56aea2ba92d817b150a9c9b413bafafb02957ffdeb1,true
result_012c1e9b4e7d11e4059fa177,runplan_14ad6ddb11ef0455,cell_1369e82af6d0b1a4f34f,housing_v1__experiment__000003,housing_v1,housing_controlled_model_landlords_experiment,episode_attempt_ba7a78d6dc5ba62b1cd2,68a78066cc8ba12789eed56aea2ba92d817b150a9c9b413bafafb02957ffdeb1,included,housing_social_welfare_leaf,1.0.0,social_welfare,1.0.0,utility,tenant_5,tenant_5,0.0,utility_points,"{""disagreement_utility"":0.0}",ok,valid,[],"[""event_00000235""]",evaluation_receipt,episode_attempt_ba7a78d6dc5ba62b1cd2,68a78066cc8ba12789eed56aea2ba92d817b150a9c9b413bafafb02957ffdeb1,true
result_0a46e6b060a611376c8f41a0,runplan_14ad6ddb11ef0455,cell_1369e82af6d0b1a4f34f,housing_v1__experiment__000003,housing_v1,housing_controlled_model_landlords_experiment,episode_attempt_ba7a78d6dc5ba62b1cd2,68a78066cc8ba12789eed56aea2ba92d817b150a9c9b413bafafb02957ffdeb1,included,housing_social_welfare_leaf,1.0.0,social_welfare,1.0.0,capture,landlord_0,landlord_0,0.0,utility_points,"{""disagreement_utility"":0.0}",ok,valid,[],"[""event_00000235""]",evaluation_receipt,episode_attempt_ba7a78d6dc5ba62b1cd2,68a78066cc8ba12789eed56aea2ba92d817b150a9c9b413bafafb02957ffdeb1,true
result_76b89baffdd0a2d553d8a56a,runplan_14ad6ddb11ef0455,cell_1369e82af6d0b1a4f34f,housing_v1__experiment__000003,housing_v1,housing_controlled_model_landlords_experiment,episode_attempt_ba7a78d6dc5ba62b1cd2,68a78066cc8ba12789eed56aea2ba92d817b150a9c9b413bafafb02957ffdeb1,included,housing_social_welfare_leaf,1.0.0,social_welfare,1.0.0,capture,landlord_1,landlord_1,28.45,utility_points,"{""disagreement_utility"":0.0}",ok,valid,[],"[""event_00000235""]",evaluation_receipt,episode_attempt_ba7a78d6dc5ba62b1cd2,68a78066cc8ba12789eed56aea2ba92d817b150a9c9b413bafafb02957ffdeb1,true
result_613db136d7b5271d9c604771,runplan_14ad6ddb11ef0455,cell_1369e82af6d0b1a4f34f,housing_v1__experiment__000003,housing_v1,housing_controlled_model_landlords_experiment,episode_attempt_ba7a78d6dc5ba62b1cd2,68a78066cc8ba12789eed56aea2ba92d817b150a9c9b413bafafb02957ffdeb1,included,housing_social_welfare_leaf,1.0.0,social_welfare,1.0.0,capture,landlord_2,landlord_2,76.96,utility_points,"{""disagreement_utility"":0.0}",ok,valid,[],"[""event_00000235""]",evaluation_receipt,episode_attempt_ba7a78d6dc5ba62b1cd2,68a78066cc8ba12789eed56aea2ba92d817b150a9c9b413bafafb02957ffdeb1,true
result_887a4fff8e0ddc7fd851d19c,runplan_14ad6ddb11ef0455,cell_1369e82af6d0b1a4f34f,housing_v1__experiment__000003,housing_v1,housing_controlled_model_landlords_experiment,episode_attempt_ba7a78d6dc5ba62b1cd2,68a78066cc8ba12789eed56aea2ba92d817b150a9c9b413bafafb02957ffdeb1,included,housing_social_welfare_leaf,1.0.0,social_welfare,1.0.0,capture,landlord_3,landlord_3,54.11,utility_points,"{""disagreement_utility"":0.0}",ok,valid,[],"[""event_00000235""]",evaluation_receipt,episode_attempt_ba7a78d6dc5ba62b1cd2,68a78066cc8ba12789eed56aea2ba92d817b150a9c9b413bafafb02957ffdeb1,true
result_c92953127c870b0fa1116b2b,runplan_14ad6ddb11ef0455,cell_1369e82af6d0b1a4f34f,housing_v1__experiment__000003,housing_v1,housing_controlled_model_landlords_experiment,episode_attempt_ba7a78d6dc5ba62b1cd2,68a78066cc8ba12789eed56aea2ba92d817b150a9c9b413bafafb02957ffdeb1,included,housing_social_welfare_leaf,1.0.0,social_welfare,1.0.0,capture,landlord_4,landlord_4,67.85,utility_points,"{""disagreement_utility"":0.0}",ok,valid,[],"[""event_00000235""]",evaluation_receipt,episode_attempt_ba7a78d6dc5ba62b1cd2,68a78066cc8ba12789eed56aea2ba92d817b150a9c9b413bafafb02957ffdeb1,true
result_16077816554f512e0c895329,runplan_14ad6ddb11ef0455,cell_1369e82af6d0b1a4f34f,housing_v1__experiment__000003,housing_v1,housing_controlled_model_landlords_experiment,episode_attempt_ba7a78d6dc5ba62b1cd2,68a78066cc8ba12789eed56aea2ba92d817b150a9c9b413bafafb02957ffdeb1,included,housing_social_welfare_leaf,1.0.0,social_welfare,1.0.0,capture,tenant_0,tenant_0,66.95,utility_points,"{""disagreement_utility"":0.0}",ok,valid,[],"[""event_00000235""]",evaluation_receipt,episode_attempt_ba7a78d6dc5ba62b1cd2,68a78066cc8ba12789eed56aea2ba92d817b150a9c9b413bafafb02957ffdeb1,true
result_11a3f78e4b4e798efa6caa65,runplan_14ad6ddb11ef0455,cell_1369e82af6d0b1a4f34f,housing_v1__experiment__000003,housing_v1,housing_controlled_model_landlords_experiment,episode_attempt_ba7a78d6dc5ba62b1cd2,68a78066cc8ba12789eed56aea2ba92d817b150a9c9b413bafafb02957ffdeb1,included,housing_social_welfare_leaf,1.0.0,social_welfare,1.0.0,capture,tenant_1,tenant_1,520.96,utility_points,"{""disagreement_utility"":0.0}",ok,valid,[],"[""event_00000235""]",evaluation_receipt,episode_attempt_ba7a78d6dc5ba62b1cd2,68a78066cc8ba12789eed56aea2ba92d817b150a9c9b413bafafb02957ffdeb1,true
result_c38c86b508a900055607303b,runplan_14ad6ddb11ef0455,cell_1369e82af6d0b1a4f34f,housing_v1__experiment__000003,housing_v1,housing_controlled_model_landlords_experiment,episode_attempt_ba7a78d6dc5ba62b1cd2,68a78066cc8ba12789eed56aea2ba92d817b150a9c9b413bafafb02957ffdeb1,included,housing_social_welfare_leaf,1.0.0,social_welfare,1.0.0,capture,tenant_2,tenant_2,574.69,utility_points,"{""disagreement_utility"":0.0}",ok,valid,[],"[""event_00000235""]",evaluation_receipt,episode_attempt_ba7a78d6dc5ba62b1cd2,68a78066cc8ba12789eed56aea2ba92d817b150a9c9b413bafafb02957ffdeb1,true
result_923c3613a52c1faac3d1f7f2,runplan_14ad6ddb11ef0455,cell_1369e82af6d0b1a4f34f,housing_v1__experiment__000003,housing_v1,housing_controlled_model_landlords_experiment,episode_attempt_ba7a78d6dc5ba62b1cd2,68a78066cc8ba12789eed56aea2ba92d817b150a9c9b413bafafb02957ffdeb1,included,housing_social_welfare_leaf,1.0.0,social_welfare,1.0.0,capture,tenant_3,tenant_3,647.06,utility_points,"{""disagreement_utility"":0.0}",ok,valid,[],"[""event_00000235""]",evaluation_receipt,episode_attempt_ba7a78d6dc5ba62b1cd2,68a78066cc8ba12789eed56aea2ba92d817b150a9c9b413bafafb02957ffdeb1,true
result_bb604d195bcf895817caef7e,runplan_14ad6ddb11ef0455,cell_1369e82af6d0b1a4f34f,housing_v1__experiment__000003,housing_v1,housing_controlled_model_landlords_experiment,episode_attempt_ba7a78d6dc5ba62b1cd2,68a78066cc8ba12789eed56aea2ba92d817b150a9c9b413bafafb02957ffdeb1,included,housing_social_welfare_leaf,1.0.0,social_welfare,1.0.0,capture,tenant_4,tenant_4,0.0,utility_points,"{""disagreement_utility"":0.0}",ok,valid,[],"[""event_00000235""]",evaluation_receipt,episode_attempt_ba7a78d6dc5ba62b1cd2,68a78066cc8ba12789eed56aea2ba92d817b150a9c9b413bafafb02957ffdeb1,true
result_b0f462d709adf79c6f650341,runplan_14ad6ddb11ef0455,cell_1369e82af6d0b1a4f34f,housing_v1__experiment__000003,housing_v1,housing_controlled_model_landlords_experiment,episode_attempt_ba7a78d6dc5ba62b1cd2,68a78066cc8ba12789eed56aea2ba92d817b150a9c9b413bafafb02957ffdeb1,included,housing_social_welfare_leaf,1.0.0,social_welfare,1.0.0,capture,tenant_5,tenant_5,0.0,utility_points,"{""disagreement_utility"":0.0}",ok,valid,[],"[""event_00000235""]",evaluation_receipt,episode_attempt_ba7a78d6dc5ba62b1cd2,68a78066cc8ba12789eed56aea2ba92d817b150a9c9b413bafafb02957ffdeb1,true
result_cbd58cd61a0911c1b85272e7,runplan_14ad6ddb11ef0455,cell_223731b3240ec9ac4b24,housing_v1__experiment__000002,housing_v1,housing_controlled_model_landlords_experiment,episode_attempt_ca806c1a832d1e8e42e2,136d0e5ff107d5a50d66d8c4581366b70237a5699af8dc3043d83459b69292a3,included,housing_social_welfare_leaf,1.0.0,social_welfare,1.0.0,primary,social_welfare,,975.05,utility_points,{},ok,valid,[],"[""event_00000285""]",evaluation_receipt,episode_attempt_ca806c1a832d1e8e42e2,136d0e5ff107d5a50d66d8c4581366b70237a5699af8dc3043d83459b69292a3,true
result_2d411916ef70055cd695e07f,runplan_14ad6ddb11ef0455,cell_223731b3240ec9ac4b24,housing_v1__experiment__000002,housing_v1,housing_controlled_model_landlords_experiment,episode_attempt_ca806c1a832d1e8e42e2,136d0e5ff107d5a50d66d8c4581366b70237a5699af8dc3043d83459b69292a3,included,housing_social_welfare_leaf,1.0.0,social_welfare,1.0.0,metric,comparison_baseline_gap,,-434.4200000000001,utility_points,{},ok,valid,[],"[""event_00000285""]",evaluation_receipt,episode_attempt_ca806c1a832d1e8e42e2,136d0e5ff107d5a50d66d8c4581366b70237a5699af8dc3043d83459b69292a3,true
result_7e699027a73ea4e24c21e8d3,runplan_14ad6ddb11ef0455,cell_223731b3240ec9ac4b24,housing_v1__experiment__000002,housing_v1,housing_controlled_model_landlords_experiment,episode_attempt_ca806c1a832d1e8e42e2,136d0e5ff107d5a50d66d8c4581366b70237a5699af8dc3043d83459b69292a3,included,housing_social_welfare_leaf,1.0.0,social_welfare,1.0.0,metric,ir_violation_count,,0.0,count,{},ok,valid,[],"[""event_00000285""]",evaluation_receipt,episode_attempt_ca806c1a832d1e8e42e2,136d0e5ff107d5a50d66d8c4581366b70237a5699af8dc3043d83459b69292a3,true
result_11b5f42884f96d3b8082a77a,runplan_14ad6ddb11ef0455,cell_223731b3240ec9ac4b24,housing_v1__experiment__000002,housing_v1,housing_controlled_model_landlords_experiment,episode_attempt_ca806c1a832d1e8e42e2,136d0e5ff107d5a50d66d8c4581366b70237a5699af8dc3043d83459b69292a3,included,housing_social_welfare_leaf,1.0.0,social_welfare,1.0.0,metric,social_welfare,,975.05,utility_points,{},ok,valid,[],"[""event_00000285""]",evaluation_receipt,episode_attempt_ca806c1a832d1e8e42e2,136d0e5ff107d5a50d66d8c4581366b70237a5699af8dc3043d83459b69292a3,true
result_03b93db7870bbda0fd832b2e,runplan_14ad6ddb11ef0455,cell_223731b3240ec9ac4b24,housing_v1__experiment__000002,housing_v1,housing_controlled_model_landlords_experiment,episode_attempt_ca806c1a832d1e8e42e2,136d0e5ff107d5a50d66d8c4581366b70237a5699af8dc3043d83459b69292a3,included,housing_social_welfare_leaf,1.0.0,social_welfare,1.0.0,metric,upper_bound_gap,,1202.09,utility_points,{},ok,valid,[],"[""event_00000285""]",evaluation_receipt,episode_attempt_ca806c1a832d1e8e42e2,136d0e5ff107d5a50d66d8c4581366b70237a5699af8dc3043d83459b69292a3,true
result_0f869991ef58329d2fcbd824,runplan_14ad6ddb11ef0455,cell_223731b3240ec9ac4b24,housing_v1__experiment__000002,housing_v1,housing_controlled_model_landlords_experiment,episode_attempt_ca806c1a832d1e8e42e2,136d0e5ff107d5a50d66d8c4581366b70237a5699af8dc3043d83459b69292a3,included,housing_social_welfare_leaf,1.0.0,social_welfare,1.0.0,metric,wasted_contacts,,9.0,count,{},ok,valid,[],"[""event_00000285""]",evaluation_receipt,episode_attempt_ca806c1a832d1e8e42e2,136d0e5ff107d5a50d66d8c4581366b70237a5699af8dc3043d83459b69292a3,true
result_52a1664aa37d3efddc5b78cf,runplan_14ad6ddb11ef0455,cell_223731b3240ec9ac4b24,housing_v1__experiment__000002,housing_v1,housing_controlled_model_landlords_experiment,episode_attempt_ca806c1a832d1e8e42e2,136d0e5ff107d5a50d66d8c4581366b70237a5699af8dc3043d83459b69292a3,included,housing_social_welfare_leaf,1.0.0,social_welfare,1.0.0,metric,within_case_score,,0.44785819928897547,ratio,{},ok,valid,[],"[""event_00000285""]",evaluation_receipt,episode_attempt_ca806c1a832d1e8e42e2,136d0e5ff107d5a50d66d8c4581366b70237a5699af8dc3043d83459b69292a3,true
result_cee3fce7a74f939b3538407f,runplan_14ad6ddb11ef0455,cell_223731b3240ec9ac4b24,housing_v1__experiment__000002,housing_v1,housing_controlled_model_landlords_experiment,episode_attempt_ca806c1a832d1e8e42e2,136d0e5ff107d5a50d66d8c4581366b70237a5699af8dc3043d83459b69292a3,included,housing_social_welfare_leaf,1.0.0,social_welfare,1.0.0,reference,comparison_baseline,,1409.47,utility_points,"{""policy"":""naive"",""reference_kind"":""comparison_baseline""}",ok,valid,[],"[""event_00000285""]",evaluation_receipt,episode_attempt_ca806c1a832d1e8e42e2,136d0e5ff107d5a50d66d8c4581366b70237a5699af8dc3043d83459b69292a3,true
result_b91868836c9a01e218456995,runplan_14ad6ddb11ef0455,cell_223731b3240ec9ac4b24,housing_v1__experiment__000002,housing_v1,housing_controlled_model_landlords_experiment,episode_attempt_ca806c1a832d1e8e42e2,136d0e5ff107d5a50d66d8c4581366b70237a5699af8dc3043d83459b69292a3,included,housing_social_welfare_leaf,1.0.0,social_welfare,1.0.0,reference,optimum_lower_bound,,0.0,utility_points,"{""policy"":""do_nothing"",""reference_kind"":""objective_lower_bound""}",ok,valid,[],"[""event_00000285""]",evaluation_receipt,episode_attempt_ca806c1a832d1e8e42e2,136d0e5ff107d5a50d66d8c4581366b70237a5699af8dc3043d83459b69292a3,true
result_0562aacfb10240e97235fc14,runplan_14ad6ddb11ef0455,cell_223731b3240ec9ac4b24,housing_v1__experiment__000002,housing_v1,housing_controlled_model_landlords_experiment,episode_attempt_ca806c1a832d1e8e42e2,136d0e5ff107d5a50d66d8c4581366b70237a5699af8dc3043d83459b69292a3,included,housing_social_welfare_leaf,1.0.0,social_welfare,1.0.0,reference,optimum_upper_bound,,2177.14,utility_points,"{""reference_kind"":""objective_upper_bound"",""semantics"":""full_information_allocation_relaxation""}",ok,valid,[],"[""event_00000285""]",evaluation_receipt,episode_attempt_ca806c1a832d1e8e42e2,136d0e5ff107d5a50d66d8c4581366b70237a5699af8dc3043d83459b69292a3,true
result_6820faae60bce41441bbe8d7,runplan_14ad6ddb11ef0455,cell_223731b3240ec9ac4b24,housing_v1__experiment__000002,housing_v1,housing_controlled_model_landlords_experiment,episode_attempt_ca806c1a832d1e8e42e2,136d0e5ff107d5a50d66d8c4581366b70237a5699af8dc3043d83459b69292a3,included,housing_social_welfare_leaf,1.0.0,social_welfare,1.0.0,utility,landlord_0,landlord_0,25.2,utility_points,"{""disagreement_utility"":0.0}",ok,valid,[],"[""event_00000285""]",evaluation_receipt,episode_attempt_ca806c1a832d1e8e42e2,136d0e5ff107d5a50d66d8c4581366b70237a5699af8dc3043d83459b69292a3,true
result_79662fae1096741b08d3c20c,runplan_14ad6ddb11ef0455,cell_223731b3240ec9ac4b24,housing_v1__experiment__000002,housing_v1,housing_controlled_model_landlords_experiment,episode_attempt_ca806c1a832d1e8e42e2,136d0e5ff107d5a50d66d8c4581366b70237a5699af8dc3043d83459b69292a3,included,housing_social_welfare_leaf,1.0.0,social_welfare,1.0.0,utility,landlord_1,landlord_1,0.0,utility_points,"{""disagreement_utility"":0.0}",ok,valid,[],"[""event_00000285""]",evaluation_receipt,episode_attempt_ca806c1a832d1e8e42e2,136d0e5ff107d5a50d66d8c4581366b70237a5699af8dc3043d83459b69292a3,true
result_6a1374e94a9acbb796e4f8e7,runplan_14ad6ddb11ef0455,cell_223731b3240ec9ac4b24,housing_v1__experiment__000002,housing_v1,housing_controlled_model_landlords_experiment,episode_attempt_ca806c1a832d1e8e42e2,136d0e5ff107d5a50d66d8c4581366b70237a5699af8dc3043d83459b69292a3,included,housing_social_welfare_leaf,1.0.0,social_welfare,1.0.0,utility,landlord_2,landlord_2,0.0,utility_points,"{""disagreement_utility"":0.0}",ok,valid,[],"[""event_00000285""]",evaluation_receipt,episode_attempt_ca806c1a832d1e8e42e2,136d0e5ff107d5a50d66d8c4581366b70237a5699af8dc3043d83459b69292a3,true
result_8b97229b70ee6e2f5b52c36f,runplan_14ad6ddb11ef0455,cell_223731b3240ec9ac4b24,housing_v1__experiment__000002,housing_v1,housing_controlled_model_landlords_experiment,episode_attempt_ca806c1a832d1e8e42e2,136d0e5ff107d5a50d66d8c4581366b70237a5699af8dc3043d83459b69292a3,included,housing_social_welfare_leaf,1.0.0,social_welfare,1.0.0,utility,landlord_3,landlord_3,41.13,utility_points,"{""disagreement_utility"":0.0}",ok,valid,[],"[""event_00000285""]",evaluation_receipt,episode_attempt_ca806c1a832d1e8e42e2,136d0e5ff107d5a50d66d8c4581366b70237a5699af8dc3043d83459b69292a3,true
result_1947f65e741f98951b41a427,runplan_14ad6ddb11ef0455,cell_223731b3240ec9ac4b24,housing_v1__experiment__000002,housing_v1,housing_controlled_model_landlords_experiment,episode_attempt_ca806c1a832d1e8e42e2,136d0e5ff107d5a50d66d8c4581366b70237a5699af8dc3043d83459b69292a3,included,housing_social_welfare_leaf,1.0.0,social_welfare,1.0.0,utility,landlord_4,landlord_4,0.0,utility_points,"{""disagreement_utility"":0.0}",ok,valid,[],"[""event_00000285""]",evaluation_receipt,episode_attempt_ca806c1a832d1e8e42e2,136d0e5ff107d5a50d66d8c4581366b70237a5699af8dc3043d83459b69292a3,true
result_eceb3e3b0ebbfe1edd6a4b77,runplan_14ad6ddb11ef0455,cell_223731b3240ec9ac4b24,housing_v1__experiment__000002,housing_v1,housing_controlled_model_landlords_experiment,episode_attempt_ca806c1a832d1e8e42e2,136d0e5ff107d5a50d66d8c4581366b70237a5699af8dc3043d83459b69292a3,included,housing_social_welfare_leaf,1.0.0,social_welfare,1.0.0,utility,tenant_0,tenant_0,531.56,utility_points,"{""disagreement_utility"":0.0}",ok,valid,[],"[""event_00000285""]",evaluation_receipt,episode_attempt_ca806c1a832d1e8e42e2,136d0e5ff107d5a50d66d8c4581366b70237a5699af8dc3043d83459b69292a3,true
result_13894017b3d3352ff0c827c3,runplan_14ad6ddb11ef0455,cell_223731b3240ec9ac4b24,housing_v1__experiment__000002,housing_v1,housing_controlled_model_landlords_experiment,episode_attempt_ca806c1a832d1e8e42e2,136d0e5ff107d5a50d66d8c4581366b70237a5699af8dc3043d83459b69292a3,included,housing_social_welfare_leaf,1.0.0,social_welfare,1.0.0,utility,tenant_1,tenant_1,377.16,utility_points,"{""disagreement_utility"":0.0}",ok,valid,[],"[""event_00000285""]",evaluation_receipt,episode_attempt_ca806c1a832d1e8e42e2,136d0e5ff107d5a50d66d8c4581366b70237a5699af8dc3043d83459b69292a3,true
result_3fb5198dfb03099d352610b0,runplan_14ad6ddb11ef0455,cell_223731b3240ec9ac4b24,housing_v1__experiment__000002,housing_v1,housing_controlled_model_landlords_experiment,episode_attempt_ca806c1a832d1e8e42e2,136d0e5ff107d5a50d66d8c4581366b70237a5699af8dc3043d83459b69292a3,included,housing_social_welfare_leaf,1.0.0,social_welfare,1.0.0,utility,tenant_2,tenant_2,0.0,utility_points,"{""disagreement_utility"":0.0}",ok,valid,[],"[""event_00000285""]",evaluation_receipt,episode_attempt_ca806c1a832d1e8e42e2,136d0e5ff107d5a50d66d8c4581366b70237a5699af8dc3043d83459b69292a3,true
result_b6b1a891076f665951ba8870,runplan_14ad6ddb11ef0455,cell_223731b3240ec9ac4b24,housing_v1__experiment__000002,housing_v1,housing_controlled_model_landlords_experiment,episode_attempt_ca806c1a832d1e8e42e2,136d0e5ff107d5a50d66d8c4581366b70237a5699af8dc3043d83459b69292a3,included,housing_social_welfare_leaf,1.0.0,social_welfare,1.0.0,utility,tenant_3,tenant_3,0.0,utility_points,"{""disagreement_utility"":0.0}",ok,valid,[],"[""event_00000285""]",evaluation_receipt,episode_attempt_ca806c1a832d1e8e42e2,136d0e5ff107d5a50d66d8c4581366b70237a5699af8dc3043d83459b69292a3,true
result_4b2e4e1548f732c38c8a31fb,runplan_14ad6ddb11ef0455,cell_223731b3240ec9ac4b24,housing_v1__experiment__000002,housing_v1,housing_controlled_model_landlords_experiment,episode_attempt_ca806c1a832d1e8e42e2,136d0e5ff107d5a50d66d8c4581366b70237a5699af8dc3043d83459b69292a3,included,housing_social_welfare_leaf,1.0.0,social_welfare,1.0.0,utility,tenant_4,tenant_4,0.0,utility_points,"{""disagreement_utility"":0.0}",ok,valid,[],"[""event_00000285""]",evaluation_receipt,episode_attempt_ca806c1a832d1e8e42e2,136d0e5ff107d5a50d66d8c4581366b70237a5699af8dc3043d83459b69292a3,true
result_1a48f99a587920fa872c854d,runplan_14ad6ddb11ef0455,cell_223731b3240ec9ac4b24,housing_v1__experiment__000002,housing_v1,housing_controlled_model_landlords_experiment,episode_attempt_ca806c1a832d1e8e42e2,136d0e5ff107d5a50d66d8c4581366b70237a5699af8dc3043d83459b69292a3,included,housing_social_welfare_leaf,1.0.0,social_welfare,1.0.0,utility,tenant_5,tenant_5,0.0,utility_points,"{""disagreement_utility"":0.0}",ok,valid,[],"[""event_00000285""]",evaluation_receipt,episode_attempt_ca806c1a832d1e8e42e2,136d0e5ff107d5a50d66d8c4581366b70237a5699af8dc3043d83459b69292a3,true
result_4b6e9603f07290946c2b7406,runplan_14ad6ddb11ef0455,cell_223731b3240ec9ac4b24,housing_v1__experiment__000002,housing_v1,housing_controlled_model_landlords_experiment,episode_attempt_ca806c1a832d1e8e42e2,136d0e5ff107d5a50d66d8c4581366b70237a5699af8dc3043d83459b69292a3,included,housing_social_welfare_leaf,1.0.0,social_welfare,1.0.0,capture,landlord_0,landlord_0,25.2,utility_points,"{""disagreement_utility"":0.0}",ok,valid,[],"[""event_00000285""]",evaluation_receipt,episode_attempt_ca806c1a832d1e8e42e2,136d0e5ff107d5a50d66d8c4581366b70237a5699af8dc3043d83459b69292a3,true
result_53b68b87b9c97b8e3578994b,runplan_14ad6ddb11ef0455,cell_223731b3240ec9ac4b24,housing_v1__experiment__000002,housing_v1,housing_controlled_model_landlords_experiment,episode_attempt_ca806c1a832d1e8e42e2,136d0e5ff107d5a50d66d8c4581366b70237a5699af8dc3043d83459b69292a3,included,housing_social_welfare_leaf,1.0.0,social_welfare,1.0.0,capture,landlord_1,landlord_1,0.0,utility_points,"{""disagreement_utility"":0.0}",ok,valid,[],"[""event_00000285""]",evaluation_receipt,episode_attempt_ca806c1a832d1e8e42e2,136d0e5ff107d5a50d66d8c4581366b70237a5699af8dc3043d83459b69292a3,true
result_e93173999674df24be84c304,runplan_14ad6ddb11ef0455,cell_223731b3240ec9ac4b24,housing_v1__experiment__000002,housing_v1,housing_controlled_model_landlords_experiment,episode_attempt_ca806c1a832d1e8e42e2,136d0e5ff107d5a50d66d8c4581366b70237a5699af8dc3043d83459b69292a3,included,housing_social_welfare_leaf,1.0.0,social_welfare,1.0.0,capture,landlord_2,landlord_2,0.0,utility_points,"{""disagreement_utility"":0.0}",ok,valid,[],"[""event_00000285""]",evaluation_receipt,episode_attempt_ca806c1a832d1e8e42e2,136d0e5ff107d5a50d66d8c4581366b70237a5699af8dc3043d83459b69292a3,true
result_17b3e8e83e46919ea550b867,runplan_14ad6ddb11ef0455,cell_223731b3240ec9ac4b24,housing_v1__experiment__000002,housing_v1,housing_controlled_model_landlords_experiment,episode_attempt_ca806c1a832d1e8e42e2,136d0e5ff107d5a50d66d8c4581366b70237a5699af8dc3043d83459b69292a3,included,housing_social_welfare_leaf,1.0.0,social_welfare,1.0.0,capture,landlord_3,landlord_3,41.13,utility_points,"{""disagreement_utility"":0.0}",ok,valid,[],"[""event_00000285""]",evaluation_receipt,episode_attempt_ca806c1a832d1e8e42e2,136d0e5ff107d5a50d66d8c4581366b70237a5699af8dc3043d83459b69292a3,true
result_22762a537d3e26178589c18b,runplan_14ad6ddb11ef0455,cell_223731b3240ec9ac4b24,housing_v1__experiment__000002,housing_v1,housing_controlled_model_landlords_experiment,episode_attempt_ca806c1a832d1e8e42e2,136d0e5ff107d5a50d66d8c4581366b70237a5699af8dc3043d83459b69292a3,included,housing_social_welfare_leaf,1.0.0,social_welfare,1.0.0,capture,landlord_4,landlord_4,0.0,utility_points,"{""disagreement_utility"":0.0}",ok,valid,[],"[""event_00000285""]",evaluation_receipt,episode_attempt_ca806c1a832d1e8e42e2,136d0e5ff107d5a50d66d8c4581366b70237a5699af8dc3043d83459b69292a3,true
result_eee4d38a451c7ff358987742,runplan_14ad6ddb11ef0455,cell_223731b3240ec9ac4b24,housing_v1__experiment__000002,housing_v1,housing_controlled_model_landlords_experiment,episode_attempt_ca806c1a832d1e8e42e2,136d0e5ff107d5a50d66d8c4581366b70237a5699af8dc3043d83459b69292a3,included,housing_social_welfare_leaf,1.0.0,social_welfare,1.0.0,capture,tenant_0,tenant_0,531.56,utility_points,"{""disagreement_utility"":0.0}",ok,valid,[],"[""event_00000285""]",evaluation_receipt,episode_attempt_ca806c1a832d1e8e42e2,136d0e5ff107d5a50d66d8c4581366b70237a5699af8dc3043d83459b69292a3,true
result_9007238ceb37ce598c0032e2,runplan_14ad6ddb11ef0455,cell_223731b3240ec9ac4b24,housing_v1__experiment__000002,housing_v1,housing_controlled_model_landlords_experiment,episode_attempt_ca806c1a832d1e8e42e2,136d0e5ff107d5a50d66d8c4581366b70237a5699af8dc3043d83459b69292a3,included,housing_social_welfare_leaf,1.0.0,social_welfare,1.0.0,capture,tenant_1,tenant_1,377.16,utility_points,"{""disagreement_utility"":0.0}",ok,valid,[],"[""event_00000285""]",evaluation_receipt,episode_attempt_ca806c1a832d1e8e42e2,136d0e5ff107d5a50d66d8c4581366b70237a5699af8dc3043d83459b69292a3,true
result_f192253a0c9eeb851c62e660,runplan_14ad6ddb11ef0455,cell_223731b3240ec9ac4b24,housing_v1__experiment__000002,housing_v1,housing_controlled_model_landlords_experiment,episode_attempt_ca806c1a832d1e8e42e2,136d0e5ff107d5a50d66d8c4581366b70237a5699af8dc3043d83459b69292a3,included,housing_social_welfare_leaf,1.0.0,social_welfare,1.0.0,capture,tenant_2,tenant_2,0.0,utility_points,"{""disagreement_utility"":0.0}",ok,valid,[],"[""event_00000285""]",evaluation_receipt,episode_attempt_ca806c1a832d1e8e42e2,136d0e5ff107d5a50d66d8c4581366b70237a5699af8dc3043d83459b69292a3,true
result_473509126d40fb8a1cff299a,runplan_14ad6ddb11ef0455,cell_223731b3240ec9ac4b24,housing_v1__experiment__000002,housing_v1,housing_controlled_model_landlords_experiment,episode_attempt_ca806c1a832d1e8e42e2,136d0e5ff107d5a50d66d8c4581366b70237a5699af8dc3043d83459b69292a3,included,housing_social_welfare_leaf,1.0.0,social_welfare,1.0.0,capture,tenant_3,tenant_3,0.0,utility_points,"{""disagreement_utility"":0.0}",ok,valid,[],"[""event_00000285""]",evaluation_receipt,episode_attempt_ca806c1a832d1e8e42e2,136d0e5ff107d5a50d66d8c4581366b70237a5699af8dc3043d83459b69292a3,true
result_6111ab977948f422c66fbae2,runplan_14ad6ddb11ef0455,cell_223731b3240ec9ac4b24,housing_v1__experiment__000002,housing_v1,housing_controlled_model_landlords_experiment,episode_attempt_ca806c1a832d1e8e42e2,136d0e5ff107d5a50d66d8c4581366b70237a5699af8dc3043d83459b69292a3,included,housing_social_welfare_leaf,1.0.0,social_welfare,1.0.0,capture,tenant_4,tenant_4,0.0,utility_points,"{""disagreement_utility"":0.0}",ok,valid,[],"[""event_00000285""]",evaluation_receipt,episode_attempt_ca806c1a832d1e8e42e2,136d0e5ff107d5a50d66d8c4581366b70237a5699af8dc3043d83459b69292a3,true
result_e9985325a67e4ace34249a13,runplan_14ad6ddb11ef0455,cell_223731b3240ec9ac4b24,housing_v1__experiment__000002,housing_v1,housing_controlled_model_landlords_experiment,episode_attempt_ca806c1a832d1e8e42e2,136d0e5ff107d5a50d66d8c4581366b70237a5699af8dc3043d83459b69292a3,included,housing_social_welfare_leaf,1.0.0,social_welfare,1.0.0,capture,tenant_5,tenant_5,0.0,utility_points,"{""disagreement_utility"":0.0}",ok,valid,[],"[""event_00000285""]",evaluation_receipt,episode_attempt_ca806c1a832d1e8e42e2,136d0e5ff107d5a50d66d8c4581366b70237a5699af8dc3043d83459b69292a3,true
result_8ab59ac5af6af8e6dcce2277,runplan_14ad6ddb11ef0455,cell_2c9aa9da00cf98cd5330,housing_v1__experiment__000007,housing_v1,housing_controlled_model_landlords_experiment,episode_attempt_d2d6f09c7700c05b34f0,15c3c4a1098db0dc001f6849ada4f316e5cb3cadb09412e7bd90a2a383db3358,included,housing_social_welfare_leaf,1.0.0,social_welfare,1.0.0,primary,social_welfare,,383.11,utility_points,{},ok,valid,[],"[""event_00000309""]",evaluation_receipt,episode_attempt_d2d6f09c7700c05b34f0,15c3c4a1098db0dc001f6849ada4f316e5cb3cadb09412e7bd90a2a383db3358,true
result_a95788704fdffc3cbd6330da,runplan_14ad6ddb11ef0455,cell_2c9aa9da00cf98cd5330,housing_v1__experiment__000007,housing_v1,housing_controlled_model_landlords_experiment,episode_attempt_d2d6f09c7700c05b34f0,15c3c4a1098db0dc001f6849ada4f316e5cb3cadb09412e7bd90a2a383db3358,included,housing_social_welfare_leaf,1.0.0,social_welfare,1.0.0,metric,comparison_baseline_gap,,-24.44999999999999,utility_points,{},ok,valid,[],"[""event_00000309""]",evaluation_receipt,episode_attempt_d2d6f09c7700c05b34f0,15c3c4a1098db0dc001f6849ada4f316e5cb3cadb09412e7bd90a2a383db3358,true
result_cde2c54f8707fe4fa07b8f4c,runplan_14ad6ddb11ef0455,cell_2c9aa9da00cf98cd5330,housing_v1__experiment__000007,housing_v1,housing_controlled_model_landlords_experiment,episode_attempt_d2d6f09c7700c05b34f0,15c3c4a1098db0dc001f6849ada4f316e5cb3cadb09412e7bd90a2a383db3358,included,housing_social_welfare_leaf,1.0.0,social_welfare,1.0.0,metric,ir_violation_count,,0.0,count,{},ok,valid,[],"[""event_00000309""]",evaluation_receipt,episode_attempt_d2d6f09c7700c05b34f0,15c3c4a1098db0dc001f6849ada4f316e5cb3cadb09412e7bd90a2a383db3358,true
result_cced91ee6b430fad88e4e17a,runplan_14ad6ddb11ef0455,cell_2c9aa9da00cf98cd5330,housing_v1__experiment__000007,housing_v1,housing_controlled_model_landlords_experiment,episode_attempt_d2d6f09c7700c05b34f0,15c3c4a1098db0dc001f6849ada4f316e5cb3cadb09412e7bd90a2a383db3358,included,housing_social_welfare_leaf,1.0.0,social_welfare,1.0.0,metric,social_welfare,,383.11,utility_points,{},ok,valid,[],"[""event_00000309""]",evaluation_receipt,episode_attempt_d2d6f09c7700c05b34f0,15c3c4a1098db0dc001f6849ada4f316e5cb3cadb09412e7bd90a2a383db3358,true
result_2b68b1283e735432f7086b7a,runplan_14ad6ddb11ef0455,cell_2c9aa9da00cf98cd5330,housing_v1__experiment__000007,housing_v1,housing_controlled_model_landlords_experiment,episode_attempt_d2d6f09c7700c05b34f0,15c3c4a1098db0dc001f6849ada4f316e5cb3cadb09412e7bd90a2a383db3358,included,housing_social_welfare_leaf,1.0.0,social_welfare,1.0.0,metric,upper_bound_gap,,300.40999999999997,utility_points,{},ok,valid,[],"[""event_00000309""]",evaluation_receipt,episode_attempt_d2d6f09c7700c05b34f0,15c3c4a1098db0dc001f6849ada4f316e5cb3cadb09412e7bd90a2a383db3358,true
result_8397a41373652c0e51acb08d,runplan_14ad6ddb11ef0455,cell_2c9aa9da00cf98cd5330,housing_v1__experiment__000007,housing_v1,housing_controlled_model_landlords_experiment,episode_attempt_d2d6f09c7700c05b34f0,15c3c4a1098db0dc001f6849ada4f316e5cb3cadb09412e7bd90a2a383db3358,included,housing_social_welfare_leaf,1.0.0,social_welfare,1.0.0,metric,wasted_contacts,,8.0,count,{},ok,valid,[],"[""event_00000309""]",evaluation_receipt,episode_attempt_d2d6f09c7700c05b34f0,15c3c4a1098db0dc001f6849ada4f316e5cb3cadb09412e7bd90a2a383db3358,true
result_155c1447c597616f4e692790,runplan_14ad6ddb11ef0455,cell_2c9aa9da00cf98cd5330,housing_v1__experiment__000007,housing_v1,housing_controlled_model_landlords_experiment,episode_attempt_d2d6f09c7700c05b34f0,15c3c4a1098db0dc001f6849ada4f316e5cb3cadb09412e7bd90a2a383db3358,included,housing_social_welfare_leaf,1.0.0,social_welfare,1.0.0,metric,within_case_score,,0.5604956694756554,ratio,{},ok,valid,[],"[""event_00000309""]",evaluation_receipt,episode_attempt_d2d6f09c7700c05b34f0,15c3c4a1098db0dc001f6849ada4f316e5cb3cadb09412e7bd90a2a383db3358,true
result_7a631600962da02ad3fce396,runplan_14ad6ddb11ef0455,cell_2c9aa9da00cf98cd5330,housing_v1__experiment__000007,housing_v1,housing_controlled_model_landlords_experiment,episode_attempt_d2d6f09c7700c05b34f0,15c3c4a1098db0dc001f6849ada4f316e5cb3cadb09412e7bd90a2a383db3358,included,housing_social_welfare_leaf,1.0.0,social_welfare,1.0.0,reference,comparison_baseline,,407.56,utility_points,"{""policy"":""naive"",""reference_kind"":""comparison_baseline""}",ok,valid,[],"[""event_00000309""]",evaluation_receipt,episode_attempt_d2d6f09c7700c05b34f0,15c3c4a1098db0dc001f6849ada4f316e5cb3cadb09412e7bd90a2a383db3358,true
result_ded51884ef748c65e41a154d,runplan_14ad6ddb11ef0455,cell_2c9aa9da00cf98cd5330,housing_v1__experiment__000007,housing_v1,housing_controlled_model_landlords_experiment,episode_attempt_d2d6f09c7700c05b34f0,15c3c4a1098db0dc001f6849ada4f316e5cb3cadb09412e7bd90a2a383db3358,included,housing_social_welfare_leaf,1.0.0,social_welfare,1.0.0,reference,optimum_lower_bound,,0.0,utility_points,"{""policy"":""do_nothing"",""reference_kind"":""objective_lower_bound""}",ok,valid,[],"[""event_00000309""]",evaluation_receipt,episode_attempt_d2d6f09c7700c05b34f0,15c3c4a1098db0dc001f6849ada4f316e5cb3cadb09412e7bd90a2a383db3358,true
result_6e52b0423e54810a51ad49eb,runplan_14ad6ddb11ef0455,cell_2c9aa9da00cf98cd5330,housing_v1__experiment__000007,housing_v1,housing_controlled_model_landlords_experiment,episode_attempt_d2d6f09c7700c05b34f0,15c3c4a1098db0dc001f6849ada4f316e5cb3cadb09412e7bd90a2a383db3358,included,housing_social_welfare_leaf,1.0.0,social_welfare,1.0.0,reference,optimum_upper_bound,,683.52,utility_points,"{""reference_kind"":""objective_upper_bound"",""semantics"":""full_information_allocation_relaxation""}",ok,valid,[],"[""event_00000309""]",evaluation_receipt,episode_attempt_d2d6f09c7700c05b34f0,15c3c4a1098db0dc001f6849ada4f316e5cb3cadb09412e7bd90a2a383db3358,true
result_18264a707dc5bf129d6f1085,runplan_14ad6ddb11ef0455,cell_2c9aa9da00cf98cd5330,housing_v1__experiment__000007,housing_v1,housing_controlled_model_landlords_experiment,episode_attempt_d2d6f09c7700c05b34f0,15c3c4a1098db0dc001f6849ada4f316e5cb3cadb09412e7bd90a2a383db3358,included,housing_social_welfare_leaf,1.0.0,social_welfare,1.0.0,utility,landlord_0,landlord_0,38.64,utility_points,"{""disagreement_utility"":0.0}",ok,valid,[],"[""event_00000309""]",evaluation_receipt,episode_attempt_d2d6f09c7700c05b34f0,15c3c4a1098db0dc001f6849ada4f316e5cb3cadb09412e7bd90a2a383db3358,true
result_e3dad833233e4e6254112392,runplan_14ad6ddb11ef0455,cell_2c9aa9da00cf98cd5330,housing_v1__experiment__000007,housing_v1,housing_controlled_model_landlords_experiment,episode_attempt_d2d6f09c7700c05b34f0,15c3c4a1098db0dc001f6849ada4f316e5cb3cadb09412e7bd90a2a383db3358,included,housing_social_welfare_leaf,1.0.0,social_welfare,1.0.0,utility,landlord_1,landlord_1,0.0,utility_points,"{""disagreement_utility"":0.0}",ok,valid,[],"[""event_00000309""]",evaluation_receipt,episode_attempt_d2d6f09c7700c05b34f0,15c3c4a1098db0dc001f6849ada4f316e5cb3cadb09412e7bd90a2a383db3358,true
result_895e5c1340e77ee19078082f,runplan_14ad6ddb11ef0455,cell_2c9aa9da00cf98cd5330,housing_v1__experiment__000007,housing_v1,housing_controlled_model_landlords_experiment,episode_attempt_d2d6f09c7700c05b34f0,15c3c4a1098db0dc001f6849ada4f316e5cb3cadb09412e7bd90a2a383db3358,included,housing_social_welfare_leaf,1.0.0,social_welfare,1.0.0,utility,landlord_2,landlord_2,0.0,utility_points,"{""disagreement_utility"":0.0}",ok,valid,[],"[""event_00000309""]",evaluation_receipt,episode_attempt_d2d6f09c7700c05b34f0,15c3c4a1098db0dc001f6849ada4f316e5cb3cadb09412e7bd90a2a383db3358,true
result_64ba79a0bd844cdacea875df,runplan_14ad6ddb11ef0455,cell_2c9aa9da00cf98cd5330,housing_v1__experiment__000007,housing_v1,housing_controlled_model_landlords_experiment,episode_attempt_d2d6f09c7700c05b34f0,15c3c4a1098db0dc001f6849ada4f316e5cb3cadb09412e7bd90a2a383db3358,included,housing_social_welfare_leaf,1.0.0,social_welfare,1.0.0,utility,landlord_3,landlord_3,75.7,utility_points,"{""disagreement_utility"":0.0}",ok,valid,[],"[""event_00000309""]",evaluation_receipt,episode_attempt_d2d6f09c7700c05b34f0,15c3c4a1098db0dc001f6849ada4f316e5cb3cadb09412e7bd90a2a383db3358,true
result_71f7f7921889b126151a289e,runplan_14ad6ddb11ef0455,cell_2c9aa9da00cf98cd5330,housing_v1__experiment__000007,housing_v1,housing_controlled_model_landlords_experiment,episode_attempt_d2d6f09c7700c05b34f0,15c3c4a1098db0dc001f6849ada4f316e5cb3cadb09412e7bd90a2a383db3358,included,housing_social_welfare_leaf,1.0.0,social_welfare,1.0.0,utility,landlord_4,landlord_4,38.4,utility_points,"{""disagreement_utility"":0.0}",ok,valid,[],"[""event_00000309""]",evaluation_receipt,episode_attempt_d2d6f09c7700c05b34f0,15c3c4a1098db0dc001f6849ada4f316e5cb3cadb09412e7bd90a2a383db3358,true
result_3f66d326034ae252c9a70d97,runplan_14ad6ddb11ef0455,cell_2c9aa9da00cf98cd5330,housing_v1__experiment__000007,housing_v1,housing_controlled_model_landlords_experiment,episode_attempt_d2d6f09c7700c05b34f0,15c3c4a1098db0dc001f6849ada4f316e5cb3cadb09412e7bd90a2a383db3358,included,housing_social_welfare_leaf,1.0.0,social_welfare,1.0.0,utility,tenant_0,tenant_0,14.01,utility_points,"{""disagreement_utility"":0.0}",ok,valid,[],"[""event_00000309""]",evaluation_receipt,episode_attempt_d2d6f09c7700c05b34f0,15c3c4a1098db0dc001f6849ada4f316e5cb3cadb09412e7bd90a2a383db3358,true
result_8683f1d8c2c328f51d11e019,runplan_14ad6ddb11ef0455,cell_2c9aa9da00cf98cd5330,housing_v1__experiment__000007,housing_v1,housing_controlled_model_landlords_experiment,episode_attempt_d2d6f09c7700c05b34f0,15c3c4a1098db0dc001f6849ada4f316e5cb3cadb09412e7bd90a2a383db3358,included,housing_social_welfare_leaf,1.0.0,social_welfare,1.0.0,utility,tenant_1,tenant_1,0.0,utility_points,"{""disagreement_utility"":0.0}",ok,valid,[],"[""event_00000309""]",evaluation_receipt,episode_attempt_d2d6f09c7700c05b34f0,15c3c4a1098db0dc001f6849ada4f316e5cb3cadb09412e7bd90a2a383db3358,true
result_fe1b327d2ca92383449d41b8,runplan_14ad6ddb11ef0455,cell_2c9aa9da00cf98cd5330,housing_v1__experiment__000007,housing_v1,housing_controlled_model_landlords_experiment,episode_attempt_d2d6f09c7700c05b34f0,15c3c4a1098db0dc001f6849ada4f316e5cb3cadb09412e7bd90a2a383db3358,included,housing_social_welfare_leaf,1.0.0,social_welfare,1.0.0,utility,tenant_2,tenant_2,139.02,utility_points,"{""disagreement_utility"":0.0}",ok,valid,[],"[""event_00000309""]",evaluation_receipt,episode_attempt_d2d6f09c7700c05b34f0,15c3c4a1098db0dc001f6849ada4f316e5cb3cadb09412e7bd90a2a383db3358,true
result_b00c3ce35170dfa5b7f49fb6,runplan_14ad6ddb11ef0455,cell_2c9aa9da00cf98cd5330,housing_v1__experiment__000007,housing_v1,housing_controlled_model_landlords_experiment,episode_attempt_d2d6f09c7700c05b34f0,15c3c4a1098db0dc001f6849ada4f316e5cb3cadb09412e7bd90a2a383db3358,included,housing_social_welfare_leaf,1.0.0,social_welfare,1.0.0,utility,tenant_3,tenant_3,77.34,utility_points,"{""disagreement_utility"":0.0}",ok,valid,[],"[""event_00000309""]",evaluation_receipt,episode_attempt_d2d6f09c7700c05b34f0,15c3c4a1098db0dc001f6849ada4f316e5cb3cadb09412e7bd90a2a383db3358,true
result_14b06664119e681203cf3057,runplan_14ad6ddb11ef0455,cell_2c9aa9da00cf98cd5330,housing_v1__experiment__000007,housing_v1,housing_controlled_model_landlords_experiment,episode_attempt_d2d6f09c7700c05b34f0,15c3c4a1098db0dc001f6849ada4f316e5cb3cadb09412e7bd90a2a383db3358,included,housing_social_welfare_leaf,1.0.0,social_welfare,1.0.0,utility,tenant_4,tenant_4,0.0,utility_points,"{""disagreement_utility"":0.0}",ok,valid,[],"[""event_00000309""]",evaluation_receipt,episode_attempt_d2d6f09c7700c05b34f0,15c3c4a1098db0dc001f6849ada4f316e5cb3cadb09412e7bd90a2a383db3358,true
result_3b732cca7c6d1c87d2150ef5,runplan_14ad6ddb11ef0455,cell_2c9aa9da00cf98cd5330,housing_v1__experiment__000007,housing_v1,housing_controlled_model_landlords_experiment,episode_attempt_d2d6f09c7700c05b34f0,15c3c4a1098db0dc001f6849ada4f316e5cb3cadb09412e7bd90a2a383db3358,included,housing_social_welfare_leaf,1.0.0,social_welfare,1.0.0,utility,tenant_5,tenant_5,0.0,utility_points,"{""disagreement_utility"":0.0}",ok,valid,[],"[""event_00000309""]",evaluation_receipt,episode_attempt_d2d6f09c7700c05b34f0,15c3c4a1098db0dc001f6849ada4f316e5cb3cadb09412e7bd90a2a383db3358,true
result_b90798309aae2b9ae37b22b1,runplan_14ad6ddb11ef0455,cell_2c9aa9da00cf98cd5330,housing_v1__experiment__000007,housing_v1,housing_controlled_model_landlords_experiment,episode_attempt_d2d6f09c7700c05b34f0,15c3c4a1098db0dc001f6849ada4f316e5cb3cadb09412e7bd90a2a383db3358,included,housing_social_welfare_leaf,1.0.0,social_welfare,1.0.0,capture,landlord_0,landlord_0,38.64,utility_points,"{""disagreement_utility"":0.0}",ok,valid,[],"[""event_00000309""]",evaluation_receipt,episode_attempt_d2d6f09c7700c05b34f0,15c3c4a1098db0dc001f6849ada4f316e5cb3cadb09412e7bd90a2a383db3358,true
result_df6f3c2b152e87b5be443965,runplan_14ad6ddb11ef0455,cell_2c9aa9da00cf98cd5330,housing_v1__experiment__000007,housing_v1,housing_controlled_model_landlords_experiment,episode_attempt_d2d6f09c7700c05b34f0,15c3c4a1098db0dc001f6849ada4f316e5cb3cadb09412e7bd90a2a383db3358,included,housing_social_welfare_leaf,1.0.0,social_welfare,1.0.0,capture,landlord_1,landlord_1,0.0,utility_points,"{""disagreement_utility"":0.0}",ok,valid,[],"[""event_00000309""]",evaluation_receipt,episode_attempt_d2d6f09c7700c05b34f0,15c3c4a1098db0dc001f6849ada4f316e5cb3cadb09412e7bd90a2a383db3358,true
result_3336299053983b1b4cd9050f,runplan_14ad6ddb11ef0455,cell_2c9aa9da00cf98cd5330,housing_v1__experiment__000007,housing_v1,housing_controlled_model_landlords_experiment,episode_attempt_d2d6f09c7700c05b34f0,15c3c4a1098db0dc001f6849ada4f316e5cb3cadb09412e7bd90a2a383db3358,included,housing_social_welfare_leaf,1.0.0,social_welfare,1.0.0,capture,landlord_2,landlord_2,0.0,utility_points,"{""disagreement_utility"":0.0}",ok,valid,[],"[""event_00000309""]",evaluation_receipt,episode_attempt_d2d6f09c7700c05b34f0,15c3c4a1098db0dc001f6849ada4f316e5cb3cadb09412e7bd90a2a383db3358,true
result_0f36869742e474503176e0f4,runplan_14ad6ddb11ef0455,cell_2c9aa9da00cf98cd5330,housing_v1__experiment__000007,housing_v1,housing_controlled_model_landlords_experiment,episode_attempt_d2d6f09c7700c05b34f0,15c3c4a1098db0dc001f6849ada4f316e5cb3cadb09412e7bd90a2a383db3358,included,housing_social_welfare_leaf,1.0.0,social_welfare,1.0.0,capture,landlord_3,landlord_3,75.7,utility_points,"{""disagreement_utility"":0.0}",ok,valid,[],"[""event_00000309""]",evaluation_receipt,episode_attempt_d2d6f09c7700c05b34f0,15c3c4a1098db0dc001f6849ada4f316e5cb3cadb09412e7bd90a2a383db3358,true
result_435fd30afe2a08df7b18c179,runplan_14ad6ddb11ef0455,cell_2c9aa9da00cf98cd5330,housing_v1__experiment__000007,housing_v1,housing_controlled_model_landlords_experiment,episode_attempt_d2d6f09c7700c05b34f0,15c3c4a1098db0dc001f6849ada4f316e5cb3cadb09412e7bd90a2a383db3358,included,housing_social_welfare_leaf,1.0.0,social_welfare,1.0.0,capture,landlord_4,landlord_4,38.4,utility_points,"{""disagreement_utility"":0.0}",ok,valid,[],"[""event_00000309""]",evaluation_receipt,episode_attempt_d2d6f09c7700c05b34f0,15c3c4a1098db0dc001f6849ada4f316e5cb3cadb09412e7bd90a2a383db3358,true
result_3a1e1bdc787372b68a9b0f43,runplan_14ad6ddb11ef0455,cell_2c9aa9da00cf98cd5330,housing_v1__experiment__000007,housing_v1,housing_controlled_model_landlords_experiment,episode_attempt_d2d6f09c7700c05b34f0,15c3c4a1098db0dc001f6849ada4f316e5cb3cadb09412e7bd90a2a383db3358,included,housing_social_welfare_leaf,1.0.0,social_welfare,1.0.0,capture,tenant_0,tenant_0,14.01,utility_points,"{""disagreement_utility"":0.0}",ok,valid,[],"[""event_00000309""]",evaluation_receipt,episode_attempt_d2d6f09c7700c05b34f0,15c3c4a1098db0dc001f6849ada4f316e5cb3cadb09412e7bd90a2a383db3358,true
result_a7ce715d0322406a01b20962,runplan_14ad6ddb11ef0455,cell_2c9aa9da00cf98cd5330,housing_v1__experiment__000007,housing_v1,housing_controlled_model_landlords_experiment,episode_attempt_d2d6f09c7700c05b34f0,15c3c4a1098db0dc001f6849ada4f316e5cb3cadb09412e7bd90a2a383db3358,included,housing_social_welfare_leaf,1.0.0,social_welfare,1.0.0,capture,tenant_1,tenant_1,0.0,utility_points,"{""disagreement_utility"":0.0}",ok,valid,[],"[""event_00000309""]",evaluation_receipt,episode_attempt_d2d6f09c7700c05b34f0,15c3c4a1098db0dc001f6849ada4f316e5cb3cadb09412e7bd90a2a383db3358,true
result_e3a9ff48485d19c527e6be95,runplan_14ad6ddb11ef0455,cell_2c9aa9da00cf98cd5330,housing_v1__experiment__000007,housing_v1,housing_controlled_model_landlords_experiment,episode_attempt_d2d6f09c7700c05b34f0,15c3c4a1098db0dc001f6849ada4f316e5cb3cadb09412e7bd90a2a383db3358,included,housing_social_welfare_leaf,1.0.0,social_welfare,1.0.0,capture,tenant_2,tenant_2,139.02,utility_points,"{""disagreement_utility"":0.0}",ok,valid,[],"[""event_00000309""]",evaluation_receipt,episode_attempt_d2d6f09c7700c05b34f0,15c3c4a1098db0dc001f6849ada4f316e5cb3cadb09412e7bd90a2a383db3358,true
result_4a335e1d60052c68cee47f72,runplan_14ad6ddb11ef0455,cell_2c9aa9da00cf98cd5330,housing_v1__experiment__000007,housing_v1,housing_controlled_model_landlords_experiment,episode_attempt_d2d6f09c7700c05b34f0,15c3c4a1098db0dc001f6849ada4f316e5cb3cadb09412e7bd90a2a383db3358,included,housing_social_welfare_leaf,1.0.0,social_welfare,1.0.0,capture,tenant_3,tenant_3,77.34,utility_points,"{""disagreement_utility"":0.0}",ok,valid,[],"[""event_00000309""]",evaluation_receipt,episode_attempt_d2d6f09c7700c05b34f0,15c3c4a1098db0dc001f6849ada4f316e5cb3cadb09412e7bd90a2a383db3358,true
result_e5a7e86e259b0fb6bc60de05,runplan_14ad6ddb11ef0455,cell_2c9aa9da00cf98cd5330,housing_v1__experiment__000007,housing_v1,housing_controlled_model_landlords_experiment,episode_attempt_d2d6f09c7700c05b34f0,15c3c4a1098db0dc001f6849ada4f316e5cb3cadb09412e7bd90a2a383db3358,included,housing_social_welfare_leaf,1.0.0,social_welfare,1.0.0,capture,tenant_4,tenant_4,0.0,utility_points,"{""disagreement_utility"":0.0}",ok,valid,[],"[""event_00000309""]",evaluation_receipt,episode_attempt_d2d6f09c7700c05b34f0,15c3c4a1098db0dc001f6849ada4f316e5cb3cadb09412e7bd90a2a383db3358,true
result_90b352430d89d625fbfb6fed,runplan_14ad6ddb11ef0455,cell_2c9aa9da00cf98cd5330,housing_v1__experiment__000007,housing_v1,housing_controlled_model_landlords_experiment,episode_attempt_d2d6f09c7700c05b34f0,15c3c4a1098db0dc001f6849ada4f316e5cb3cadb09412e7bd90a2a383db3358,included,housing_social_welfare_leaf,1.0.0,social_welfare,1.0.0,capture,tenant_5,tenant_5,0.0,utility_points,"{""disagreement_utility"":0.0}",ok,valid,[],"[""event_00000309""]",evaluation_receipt,episode_attempt_d2d6f09c7700c05b34f0,15c3c4a1098db0dc001f6849ada4f316e5cb3cadb09412e7bd90a2a383db3358,true
result_9ae9bb38f868a84a1b3f1747,runplan_14ad6ddb11ef0455,cell_4a9770a913deb188f9d5,housing_v1__experiment__000001,housing_v1,housing_controlled_model_landlords_experiment,episode_attempt_b1012144ec255f6943c7,32114e5a26b214cf2b65afb572dba9fae25c17ea3aef76a8b93fa51ee1727f69,included,housing_social_welfare_leaf,1.0.0,social_welfare,1.0.0,primary,social_welfare,,1479.7,utility_points,{},ok,valid,[],"[""event_00000273""]",evaluation_receipt,episode_attempt_b1012144ec255f6943c7,32114e5a26b214cf2b65afb572dba9fae25c17ea3aef76a8b93fa51ee1727f69,true
result_afae00bf9161b36afdfec4ba,runplan_14ad6ddb11ef0455,cell_4a9770a913deb188f9d5,housing_v1__experiment__000001,housing_v1,housing_controlled_model_landlords_experiment,episode_attempt_b1012144ec255f6943c7,32114e5a26b214cf2b65afb572dba9fae25c17ea3aef76a8b93fa51ee1727f69,included,housing_social_welfare_leaf,1.0.0,social_welfare,1.0.0,metric,comparison_baseline_gap,,-128.54999999999995,utility_points,{},ok,valid,[],"[""event_00000273""]",evaluation_receipt,episode_attempt_b1012144ec255f6943c7,32114e5a26b214cf2b65afb572dba9fae25c17ea3aef76a8b93fa51ee1727f69,true
result_72f4ecaf35b57ad755cb60e5,runplan_14ad6ddb11ef0455,cell_4a9770a913deb188f9d5,housing_v1__experiment__000001,housing_v1,housing_controlled_model_landlords_experiment,episode_attempt_b1012144ec255f6943c7,32114e5a26b214cf2b65afb572dba9fae25c17ea3aef76a8b93fa51ee1727f69,included,housing_social_welfare_leaf,1.0.0,social_welfare,1.0.0,metric,ir_violation_count,,0.0,count,{},ok,valid,[],"[""event_00000273""]",evaluation_receipt,episode_attempt_b1012144ec255f6943c7,32114e5a26b214cf2b65afb572dba9fae25c17ea3aef76a8b93fa51ee1727f69,true
result_009053f846aab1c3dc038052,runplan_14ad6ddb11ef0455,cell_4a9770a913deb188f9d5,housing_v1__experiment__000001,housing_v1,housing_controlled_model_landlords_experiment,episode_attempt_b1012144ec255f6943c7,32114e5a26b214cf2b65afb572dba9fae25c17ea3aef76a8b93fa51ee1727f69,included,housing_social_welfare_leaf,1.0.0,social_welfare,1.0.0,metric,social_welfare,,1479.7,utility_points,{},ok,valid,[],"[""event_00000273""]",evaluation_receipt,episode_attempt_b1012144ec255f6943c7,32114e5a26b214cf2b65afb572dba9fae25c17ea3aef76a8b93fa51ee1727f69,true
result_006efff68ac6811ec89ceb3a,runplan_14ad6ddb11ef0455,cell_4a9770a913deb188f9d5,housing_v1__experiment__000001,housing_v1,housing_controlled_model_landlords_experiment,episode_attempt_b1012144ec255f6943c7,32114e5a26b214cf2b65afb572dba9fae25c17ea3aef76a8b93fa51ee1727f69,included,housing_social_welfare_leaf,1.0.0,social_welfare,1.0.0,metric,upper_bound_gap,,309.28999999999996,utility_points,{},ok,valid,[],"[""event_00000273""]",evaluation_receipt,episode_attempt_b1012144ec255f6943c7,32114e5a26b214cf2b65afb572dba9fae25c17ea3aef76a8b93fa51ee1727f69,true
result_354191515e01abaaf8415e9a,runplan_14ad6ddb11ef0455,cell_4a9770a913deb188f9d5,housing_v1__experiment__000001,housing_v1,housing_controlled_model_landlords_experiment,episode_attempt_b1012144ec255f6943c7,32114e5a26b214cf2b65afb572dba9fae25c17ea3aef76a8b93fa51ee1727f69,included,housing_social_welfare_leaf,1.0.0,social_welfare,1.0.0,metric,wasted_contacts,,7.0,count,{},ok,valid,[],"[""event_00000273""]",evaluation_receipt,episode_attempt_b1012144ec255f6943c7,32114e5a26b214cf2b65afb572dba9fae25c17ea3aef76a8b93fa51ee1727f69,true
result_1278a2f445169a8a0029049f,runplan_14ad6ddb11ef0455,cell_4a9770a913deb188f9d5,housing_v1__experiment__000001,housing_v1,housing_controlled_model_landlords_experiment,episode_attempt_b1012144ec255f6943c7,32114e5a26b214cf2b65afb572dba9fae25c17ea3aef76a8b93fa51ee1727f69,included,housing_social_welfare_leaf,1.0.0,social_welfare,1.0.0,metric,within_case_score,,0.827114740719624,ratio,{},ok,valid,[],"[""event_00000273""]",evaluation_receipt,episode_attempt_b1012144ec255f6943c7,32114e5a26b214cf2b65afb572dba9fae25c17ea3aef76a8b93fa51ee1727f69,true
result_702db97e939997f0419e0245,runplan_14ad6ddb11ef0455,cell_4a9770a913deb188f9d5,housing_v1__experiment__000001,housing_v1,housing_controlled_model_landlords_experiment,episode_attempt_b1012144ec255f6943c7,32114e5a26b214cf2b65afb572dba9fae25c17ea3aef76a8b93fa51ee1727f69,included,housing_social_welfare_leaf,1.0.0,social_welfare,1.0.0,reference,comparison_baseline,,1608.25,utility_points,"{""policy"":""naive"",""reference_kind"":""comparison_baseline""}",ok,valid,[],"[""event_00000273""]",evaluation_receipt,episode_attempt_b1012144ec255f6943c7,32114e5a26b214cf2b65afb572dba9fae25c17ea3aef76a8b93fa51ee1727f69,true
result_9734a5ed21d2c477d6763adf,runplan_14ad6ddb11ef0455,cell_4a9770a913deb188f9d5,housing_v1__experiment__000001,housing_v1,housing_controlled_model_landlords_experiment,episode_attempt_b1012144ec255f6943c7,32114e5a26b214cf2b65afb572dba9fae25c17ea3aef76a8b93fa51ee1727f69,included,housing_social_welfare_leaf,1.0.0,social_welfare,1.0.0,reference,optimum_lower_bound,,0.0,utility_points,"{""policy"":""do_nothing"",""reference_kind"":""objective_lower_bound""}",ok,valid,[],"[""event_00000273""]",evaluation_receipt,episode_attempt_b1012144ec255f6943c7,32114e5a26b214cf2b65afb572dba9fae25c17ea3aef76a8b93fa51ee1727f69,true
result_f6ab956e95c1322282195403,runplan_14ad6ddb11ef0455,cell_4a9770a913deb188f9d5,housing_v1__experiment__000001,housing_v1,housing_controlled_model_landlords_experiment,episode_attempt_b1012144ec255f6943c7,32114e5a26b214cf2b65afb572dba9fae25c17ea3aef76a8b93fa51ee1727f69,included,housing_social_welfare_leaf,1.0.0,social_welfare,1.0.0,reference,optimum_upper_bound,,1788.99,utility_points,"{""reference_kind"":""objective_upper_bound"",""semantics"":""full_information_allocation_relaxation""}",ok,valid,[],"[""event_00000273""]",evaluation_receipt,episode_attempt_b1012144ec255f6943c7,32114e5a26b214cf2b65afb572dba9fae25c17ea3aef76a8b93fa51ee1727f69,true
result_cc986a1a46faa8db75572162,runplan_14ad6ddb11ef0455,cell_4a9770a913deb188f9d5,housing_v1__experiment__000001,housing_v1,housing_controlled_model_landlords_experiment,episode_attempt_b1012144ec255f6943c7,32114e5a26b214cf2b65afb572dba9fae25c17ea3aef76a8b93fa51ee1727f69,included,housing_social_welfare_leaf,1.0.0,social_welfare,1.0.0,utility,landlord_0,landlord_0,93.6,utility_points,"{""disagreement_utility"":0.0}",ok,valid,[],"[""event_00000273""]",evaluation_receipt,episode_attempt_b1012144ec255f6943c7,32114e5a26b214cf2b65afb572dba9fae25c17ea3aef76a8b93fa51ee1727f69,true
result_0c30ea9307bc5fe8f454cdc8,runplan_14ad6ddb11ef0455,cell_4a9770a913deb188f9d5,housing_v1__experiment__000001,housing_v1,housing_controlled_model_landlords_experiment,episode_attempt_b1012144ec255f6943c7,32114e5a26b214cf2b65afb572dba9fae25c17ea3aef76a8b93fa51ee1727f69,included,housing_social_welfare_leaf,1.0.0,social_welfare,1.0.0,utility,landlord_1,landlord_1,0.0,utility_points,"{""disagreement_utility"":0.0}",ok,valid,[],"[""event_00000273""]",evaluation_receipt,episode_attempt_b1012144ec255f6943c7,32114e5a26b214cf2b65afb572dba9fae25c17ea3aef76a8b93fa51ee1727f69,true
result_3d1bc7184fd541d06597ac23,runplan_14ad6ddb11ef0455,cell_4a9770a913deb188f9d5,housing_v1__experiment__000001,housing_v1,housing_controlled_model_landlords_experiment,episode_attempt_b1012144ec255f6943c7,32114e5a26b214cf2b65afb572dba9fae25c17ea3aef76a8b93fa51ee1727f69,included,housing_social_welfare_leaf,1.0.0,social_welfare,1.0.0,utility,landlord_2,landlord_2,0.0,utility_points,"{""disagreement_utility"":0.0}",ok,valid,[],"[""event_00000273""]",evaluation_receipt,episode_attempt_b1012144ec255f6943c7,32114e5a26b214cf2b65afb572dba9fae25c17ea3aef76a8b93fa51ee1727f69,true
result_8bf2d8073dc6e595c1c1e907,runplan_14ad6ddb11ef0455,cell_4a9770a913deb188f9d5,housing_v1__experiment__000001,housing_v1,housing_controlled_model_landlords_experiment,episode_attempt_b1012144ec255f6943c7,32114e5a26b214cf2b65afb572dba9fae25c17ea3aef76a8b93fa51ee1727f69,included,housing_social_welfare_leaf,1.0.0,social_welfare,1.0.0,utility,landlord_3,landlord_3,78.64,utility_points,"{""disagreement_utility"":0.0}",ok,valid,[],"[""event_00000273""]",evaluation_receipt,episode_attempt_b1012144ec255f6943c7,32114e5a26b214cf2b65afb572dba9fae25c17ea3aef76a8b93fa51ee1727f69,true
result_106d2ab1877d17ec6d738142,runplan_14ad6ddb11ef0455,cell_4a9770a913deb188f9d5,housing_v1__experiment__000001,housing_v1,housing_controlled_model_landlords_experiment,episode_attempt_b1012144ec255f6943c7,32114e5a26b214cf2b65afb572dba9fae25c17ea3aef76a8b93fa51ee1727f69,included,housing_social_welfare_leaf,1.0.0,social_welfare,1.0.0,utility,landlord_4,landlord_4,47.52,utility_points,"{""disagreement_utility"":0.0}",ok,valid,[],"[""event_00000273""]",evaluation_receipt,episode_attempt_b1012144ec255f6943c7,32114e5a26b214cf2b65afb572dba9fae25c17ea3aef76a8b93fa51ee1727f69,true
result_824348f1d3eb7e617e597a56,runplan_14ad6ddb11ef0455,cell_4a9770a913deb188f9d5,housing_v1__experiment__000001,housing_v1,housing_controlled_model_landlords_experiment,episode_attempt_b1012144ec255f6943c7,32114e5a26b214cf2b65afb572dba9fae25c17ea3aef76a8b93fa51ee1727f69,included,housing_social_welfare_leaf,1.0.0,social_welfare,1.0.0,utility,tenant_0,tenant_0,386.79,utility_points,"{""disagreement_utility"":0.0}",ok,valid,[],"[""event_00000273""]",evaluation_receipt,episode_attempt_b1012144ec255f6943c7,32114e5a26b214cf2b65afb572dba9fae25c17ea3aef76a8b93fa51ee1727f69,true
result_46436bee1a88d4a6e63a62bb,runplan_14ad6ddb11ef0455,cell_4a9770a913deb188f9d5,housing_v1__experiment__000001,housing_v1,housing_controlled_model_landlords_experiment,episode_attempt_b1012144ec255f6943c7,32114e5a26b214cf2b65afb572dba9fae25c17ea3aef76a8b93fa51ee1727f69,included,housing_social_welfare_leaf,1.0.0,social_welfare,1.0.0,utility,tenant_1,tenant_1,412.72,utility_points,"{""disagreement_utility"":0.0}",ok,valid,[],"[""event_00000273""]",evaluation_receipt,episode_attempt_b1012144ec255f6943c7,32114e5a26b214cf2b65afb572dba9fae25c17ea3aef76a8b93fa51ee1727f69,true
result_f9f04254500b0de0a95b4eb8,runplan_14ad6ddb11ef0455,cell_4a9770a913deb188f9d5,housing_v1__experiment__000001,housing_v1,housing_controlled_model_landlords_experiment,episode_attempt_b1012144ec255f6943c7,32114e5a26b214cf2b65afb572dba9fae25c17ea3aef76a8b93fa51ee1727f69,included,housing_social_welfare_leaf,1.0.0,social_welfare,1.0.0,utility,tenant_2,tenant_2,460.43,utility_points,"{""disagreement_utility"":0.0}",ok,valid,[],"[""event_00000273""]",evaluation_receipt,episode_attempt_b1012144ec255f6943c7,32114e5a26b214cf2b65afb572dba9fae25c17ea3aef76a8b93fa51ee1727f69,true
result_adec297af1ad584f0c0d3822,runplan_14ad6ddb11ef0455,cell_4a9770a913deb188f9d5,housing_v1__experiment__000001,housing_v1,housing_controlled_model_landlords_experiment,episode_attempt_b1012144ec255f6943c7,32114e5a26b214cf2b65afb572dba9fae25c17ea3aef76a8b93fa51ee1727f69,included,housing_social_welfare_leaf,1.0.0,social_welfare,1.0.0,utility,tenant_3,tenant_3,0.0,utility_points,"{""disagreement_utility"":0.0}",ok,valid,[],"[""event_00000273""]",evaluation_receipt,episode_attempt_b1012144ec255f6943c7,32114e5a26b214cf2b65afb572dba9fae25c17ea3aef76a8b93fa51ee1727f69,true
result_572c7a3bac37387793206a0a,runplan_14ad6ddb11ef0455,cell_4a9770a913deb188f9d5,housing_v1__experiment__000001,housing_v1,housing_controlled_model_landlords_experiment,episode_attempt_b1012144ec255f6943c7,32114e5a26b214cf2b65afb572dba9fae25c17ea3aef76a8b93fa51ee1727f69,included,housing_social_welfare_leaf,1.0.0,social_welfare,1.0.0,utility,tenant_4,tenant_4,0.0,utility_points,"{""disagreement_utility"":0.0}",ok,valid,[],"[""event_00000273""]",evaluation_receipt,episode_attempt_b1012144ec255f6943c7,32114e5a26b214cf2b65afb572dba9fae25c17ea3aef76a8b93fa51ee1727f69,true
result_c583c3d04681af5712cecca8,runplan_14ad6ddb11ef0455,cell_4a9770a913deb188f9d5,housing_v1__experiment__000001,housing_v1,housing_controlled_model_landlords_experiment,episode_attempt_b1012144ec255f6943c7,32114e5a26b214cf2b65afb572dba9fae25c17ea3aef76a8b93fa51ee1727f69,included,housing_social_welfare_leaf,1.0.0,social_welfare,1.0.0,utility,tenant_5,tenant_5,0.0,utility_points,"{""disagreement_utility"":0.0}",ok,valid,[],"[""event_00000273""]",evaluation_receipt,episode_attempt_b1012144ec255f6943c7,32114e5a26b214cf2b65afb572dba9fae25c17ea3aef76a8b93fa51ee1727f69,true
result_0c4158ab1d273721ddf8c67c,runplan_14ad6ddb11ef0455,cell_4a9770a913deb188f9d5,housing_v1__experiment__000001,housing_v1,housing_controlled_model_landlords_experiment,episode_attempt_b1012144ec255f6943c7,32114e5a26b214cf2b65afb572dba9fae25c17ea3aef76a8b93fa51ee1727f69,included,housing_social_welfare_leaf,1.0.0,social_welfare,1.0.0,capture,landlord_0,landlord_0,93.6,utility_points,"{""disagreement_utility"":0.0}",ok,valid,[],"[""event_00000273""]",evaluation_receipt,episode_attempt_b1012144ec255f6943c7,32114e5a26b214cf2b65afb572dba9fae25c17ea3aef76a8b93fa51ee1727f69,true
result_f339f66e7a680075e1cc1700,runplan_14ad6ddb11ef0455,cell_4a9770a913deb188f9d5,housing_v1__experiment__000001,housing_v1,housing_controlled_model_landlords_experiment,episode_attempt_b1012144ec255f6943c7,32114e5a26b214cf2b65afb572dba9fae25c17ea3aef76a8b93fa51ee1727f69,included,housing_social_welfare_leaf,1.0.0,social_welfare,1.0.0,capture,landlord_1,landlord_1,0.0,utility_points,"{""disagreement_utility"":0.0}",ok,valid,[],"[""event_00000273""]",evaluation_receipt,episode_attempt_b1012144ec255f6943c7,32114e5a26b214cf2b65afb572dba9fae25c17ea3aef76a8b93fa51ee1727f69,true
result_4569da2c35a68cead109aa9c,runplan_14ad6ddb11ef0455,cell_4a9770a913deb188f9d5,housing_v1__experiment__000001,housing_v1,housing_controlled_model_landlords_experiment,episode_attempt_b1012144ec255f6943c7,32114e5a26b214cf2b65afb572dba9fae25c17ea3aef76a8b93fa51ee1727f69,included,housing_social_welfare_leaf,1.0.0,social_welfare,1.0.0,capture,landlord_2,landlord_2,0.0,utility_points,"{""disagreement_utility"":0.0}",ok,valid,[],"[""event_00000273""]",evaluation_receipt,episode_attempt_b1012144ec255f6943c7,32114e5a26b214cf2b65afb572dba9fae25c17ea3aef76a8b93fa51ee1727f69,true
result_80376775653e8a12b88e1a95,runplan_14ad6ddb11ef0455,cell_4a9770a913deb188f9d5,housing_v1__experiment__000001,housing_v1,housing_controlled_model_landlords_experiment,episode_attempt_b1012144ec255f6943c7,32114e5a26b214cf2b65afb572dba9fae25c17ea3aef76a8b93fa51ee1727f69,included,housing_social_welfare_leaf,1.0.0,social_welfare,1.0.0,capture,landlord_3,landlord_3,78.64,utility_points,"{""disagreement_utility"":0.0}",ok,valid,[],"[""event_00000273""]",evaluation_receipt,episode_attempt_b1012144ec255f6943c7,32114e5a26b214cf2b65afb572dba9fae25c17ea3aef76a8b93fa51ee1727f69,true
result_3a51610627c0f9e4940b7379,runplan_14ad6ddb11ef0455,cell_4a9770a913deb188f9d5,housing_v1__experiment__000001,housing_v1,housing_controlled_model_landlords_experiment,episode_attempt_b1012144ec255f6943c7,32114e5a26b214cf2b65afb572dba9fae25c17ea3aef76a8b93fa51ee1727f69,included,housing_social_welfare_leaf,1.0.0,social_welfare,1.0.0,capture,landlord_4,landlord_4,47.52,utility_points,"{""disagreement_utility"":0.0}",ok,valid,[],"[""event_00000273""]",evaluation_receipt,episode_attempt_b1012144ec255f6943c7,32114e5a26b214cf2b65afb572dba9fae25c17ea3aef76a8b93fa51ee1727f69,true
result_85a483dc1653de22c6df2b84,runplan_14ad6ddb11ef0455,cell_4a9770a913deb188f9d5,housing_v1__experiment__000001,housing_v1,housing_controlled_model_landlords_experiment,episode_attempt_b1012144ec255f6943c7,32114e5a26b214cf2b65afb572dba9fae25c17ea3aef76a8b93fa51ee1727f69,included,housing_social_welfare_leaf,1.0.0,social_welfare,1.0.0,capture,tenant_0,tenant_0,386.79,utility_points,"{""disagreement_utility"":0.0}",ok,valid,[],"[""event_00000273""]",evaluation_receipt,episode_attempt_b1012144ec255f6943c7,32114e5a26b214cf2b65afb572dba9fae25c17ea3aef76a8b93fa51ee1727f69,true
result_0defeefe0dae36c8224fe730,runplan_14ad6ddb11ef0455,cell_4a9770a913deb188f9d5,housing_v1__experiment__000001,housing_v1,housing_controlled_model_landlords_experiment,episode_attempt_b1012144ec255f6943c7,32114e5a26b214cf2b65afb572dba9fae25c17ea3aef76a8b93fa51ee1727f69,included,housing_social_welfare_leaf,1.0.0,social_welfare,1.0.0,capture,tenant_1,tenant_1,412.72,utility_points,"{""disagreement_utility"":0.0}",ok,valid,[],"[""event_00000273""]",evaluation_receipt,episode_attempt_b1012144ec255f6943c7,32114e5a26b214cf2b65afb572dba9fae25c17ea3aef76a8b93fa51ee1727f69,true
result_1b7ad8dc6b7ace0d95c21ffe,runplan_14ad6ddb11ef0455,cell_4a9770a913deb188f9d5,housing_v1__experiment__000001,housing_v1,housing_controlled_model_landlords_experiment,episode_attempt_b1012144ec255f6943c7,32114e5a26b214cf2b65afb572dba9fae25c17ea3aef76a8b93fa51ee1727f69,included,housing_social_welfare_leaf,1.0.0,social_welfare,1.0.0,capture,tenant_2,tenant_2,460.43,utility_points,"{""disagreement_utility"":0.0}",ok,valid,[],"[""event_00000273""]",evaluation_receipt,episode_attempt_b1012144ec255f6943c7,32114e5a26b214cf2b65afb572dba9fae25c17ea3aef76a8b93fa51ee1727f69,true
result_28f447fef64ee544459e3e36,runplan_14ad6ddb11ef0455,cell_4a9770a913deb188f9d5,housing_v1__experiment__000001,housing_v1,housing_controlled_model_landlords_experiment,episode_attempt_b1012144ec255f6943c7,32114e5a26b214cf2b65afb572dba9fae25c17ea3aef76a8b93fa51ee1727f69,included,housing_social_welfare_leaf,1.0.0,social_welfare,1.0.0,capture,tenant_3,tenant_3,0.0,utility_points,"{""disagreement_utility"":0.0}",ok,valid,[],"[""event_00000273""]",evaluation_receipt,episode_attempt_b1012144ec255f6943c7,32114e5a26b214cf2b65afb572dba9fae25c17ea3aef76a8b93fa51ee1727f69,true
result_3d244845adccb93f8022c0e4,runplan_14ad6ddb11ef0455,cell_4a9770a913deb188f9d5,housing_v1__experiment__000001,housing_v1,housing_controlled_model_landlords_experiment,episode_attempt_b1012144ec255f6943c7,32114e5a26b214cf2b65afb572dba9fae25c17ea3aef76a8b93fa51ee1727f69,included,housing_social_welfare_leaf,1.0.0,social_welfare,1.0.0,capture,tenant_4,tenant_4,0.0,utility_points,"{""disagreement_utility"":0.0}",ok,valid,[],"[""event_00000273""]",evaluation_receipt,episode_attempt_b1012144ec255f6943c7,32114e5a26b214cf2b65afb572dba9fae25c17ea3aef76a8b93fa51ee1727f69,true
result_61d03bf62db190271c4a2fe1,runplan_14ad6ddb11ef0455,cell_4a9770a913deb188f9d5,housing_v1__experiment__000001,housing_v1,housing_controlled_model_landlords_experiment,episode_attempt_b1012144ec255f6943c7,32114e5a26b214cf2b65afb572dba9fae25c17ea3aef76a8b93fa51ee1727f69,included,housing_social_welfare_leaf,1.0.0,social_welfare,1.0.0,capture,tenant_5,tenant_5,0.0,utility_points,"{""disagreement_utility"":0.0}",ok,valid,[],"[""event_00000273""]",evaluation_receipt,episode_attempt_b1012144ec255f6943c7,32114e5a26b214cf2b65afb572dba9fae25c17ea3aef76a8b93fa51ee1727f69,true
result_3c15687148c05d206a5899eb,runplan_14ad6ddb11ef0455,cell_5725a3e8d531ede05b00,housing_v1__experiment__000005,housing_v1,housing_controlled_model_landlords_experiment,episode_attempt_29dd330c56bfe95070dd,c81742e6528f02ea6b6fc2e3b866997773d96c6ec43ac3d9620a0a3f018279b3,included,housing_social_welfare_leaf,1.0.0,social_welfare,1.0.0,primary,social_welfare,,997.0,utility_points,{},ok,valid,[],"[""event_00000249""]",evaluation_receipt,episode_attempt_29dd330c56bfe95070dd,c81742e6528f02ea6b6fc2e3b866997773d96c6ec43ac3d9620a0a3f018279b3,true
result_19026a75c4adf6370ec6b4f8,runplan_14ad6ddb11ef0455,cell_5725a3e8d531ede05b00,housing_v1__experiment__000005,housing_v1,housing_controlled_model_landlords_experiment,episode_attempt_29dd330c56bfe95070dd,c81742e6528f02ea6b6fc2e3b866997773d96c6ec43ac3d9620a0a3f018279b3,included,housing_social_welfare_leaf,1.0.0,social_welfare,1.0.0,metric,comparison_baseline_gap,,-181.07999999999993,utility_points,{},ok,valid,[],"[""event_00000249""]",evaluation_receipt,episode_attempt_29dd330c56bfe95070dd,c81742e6528f02ea6b6fc2e3b866997773d96c6ec43ac3d9620a0a3f018279b3,true
result_121274bf3005656702751cb3,runplan_14ad6ddb11ef0455,cell_5725a3e8d531ede05b00,housing_v1__experiment__000005,housing_v1,housing_controlled_model_landlords_experiment,episode_attempt_29dd330c56bfe95070dd,c81742e6528f02ea6b6fc2e3b866997773d96c6ec43ac3d9620a0a3f018279b3,included,housing_social_welfare_leaf,1.0.0,social_welfare,1.0.0,metric,ir_violation_count,,0.0,count,{},ok,valid,[],"[""event_00000249""]",evaluation_receipt,episode_attempt_29dd330c56bfe95070dd,c81742e6528f02ea6b6fc2e3b866997773d96c6ec43ac3d9620a0a3f018279b3,true
result_68dc7b1349da76bef7c1e883,runplan_14ad6ddb11ef0455,cell_5725a3e8d531ede05b00,housing_v1__experiment__000005,housing_v1,housing_controlled_model_landlords_experiment,episode_attempt_29dd330c56bfe95070dd,c81742e6528f02ea6b6fc2e3b866997773d96c6ec43ac3d9620a0a3f018279b3,included,housing_social_welfare_leaf,1.0.0,social_welfare,1.0.0,metric,social_welfare,,997.0,utility_points,{},ok,valid,[],"[""event_00000249""]",evaluation_receipt,episode_attempt_29dd330c56bfe95070dd,c81742e6528f02ea6b6fc2e3b866997773d96c6ec43ac3d9620a0a3f018279b3,true
result_e5133eb45cb22fc894947c33,runplan_14ad6ddb11ef0455,cell_5725a3e8d531ede05b00,housing_v1__experiment__000005,housing_v1,housing_controlled_model_landlords_experiment,episode_attempt_29dd330c56bfe95070dd,c81742e6528f02ea6b6fc2e3b866997773d96c6ec43ac3d9620a0a3f018279b3,included,housing_social_welfare_leaf,1.0.0,social_welfare,1.0.0,metric,upper_bound_gap,,229.06999999999994,utility_points,{},ok,valid,[],"[""event_00000249""]",evaluation_receipt,episode_attempt_29dd330c56bfe95070dd,c81742e6528f02ea6b6fc2e3b866997773d96c6ec43ac3d9620a0a3f018279b3,true
result_8ea3ff7d9280cdf5e56cde04,runplan_14ad6ddb11ef0455,cell_5725a3e8d531ede05b00,housing_v1__experiment__000005,housing_v1,housing_controlled_model_landlords_experiment,episode_attempt_29dd330c56bfe95070dd,c81742e6528f02ea6b6fc2e3b866997773d96c6ec43ac3d9620a0a3f018279b3,included,housing_social_welfare_leaf,1.0.0,social_welfare,1.0.0,metric,wasted_contacts,,7.0,count,{},ok,valid,[],"[""event_00000249""]",evaluation_receipt,episode_attempt_29dd330c56bfe95070dd,c81742e6528f02ea6b6fc2e3b866997773d96c6ec43ac3d9620a0a3f018279b3,true
result_30cc541ccd96930c7975a72e,runplan_14ad6ddb11ef0455,cell_5725a3e8d531ede05b00,housing_v1__experiment__000005,housing_v1,housing_controlled_model_landlords_experiment,episode_attempt_29dd330c56bfe95070dd,c81742e6528f02ea6b6fc2e3b866997773d96c6ec43ac3d9620a0a3f018279b3,included,housing_social_welfare_leaf,1.0.0,social_welfare,1.0.0,metric,within_case_score,,0.8131672742991836,ratio,{},ok,valid,[],"[""event_00000249""]",evaluation_receipt,episode_attempt_29dd330c56bfe95070dd,c81742e6528f02ea6b6fc2e3b866997773d96c6ec43ac3d9620a0a3f018279b3,true
result_202a408691331ecce0e4cc3b,runplan_14ad6ddb11ef0455,cell_5725a3e8d531ede05b00,housing_v1__experiment__000005,housing_v1,housing_controlled_model_landlords_experiment,episode_attempt_29dd330c56bfe95070dd,c81742e6528f02ea6b6fc2e3b866997773d96c6ec43ac3d9620a0a3f018279b3,included,housing_social_welfare_leaf,1.0.0,social_welfare,1.0.0,reference,comparison_baseline,,1178.08,utility_points,"{""policy"":""naive"",""reference_kind"":""comparison_baseline""}",ok,valid,[],"[""event_00000249""]",evaluation_receipt,episode_attempt_29dd330c56bfe95070dd,c81742e6528f02ea6b6fc2e3b866997773d96c6ec43ac3d9620a0a3f018279b3,true
result_2cedab738bf5d1b90b2e3e4f,runplan_14ad6ddb11ef0455,cell_5725a3e8d531ede05b00,housing_v1__experiment__000005,housing_v1,housing_controlled_model_landlords_experiment,episode_attempt_29dd330c56bfe95070dd,c81742e6528f02ea6b6fc2e3b866997773d96c6ec43ac3d9620a0a3f018279b3,included,housing_social_welfare_leaf,1.0.0,social_welfare,1.0.0,reference,optimum_lower_bound,,0.0,utility_points,"{""policy"":""do_nothing"",""reference_kind"":""objective_lower_bound""}",ok,valid,[],"[""event_00000249""]",evaluation_receipt,episode_attempt_29dd330c56bfe95070dd,c81742e6528f02ea6b6fc2e3b866997773d96c6ec43ac3d9620a0a3f018279b3,true
result_e0f1e49af412f5a27c1575c6,runplan_14ad6ddb11ef0455,cell_5725a3e8d531ede05b00,housing_v1__experiment__000005,housing_v1,housing_controlled_model_landlords_experiment,episode_attempt_29dd330c56bfe95070dd,c81742e6528f02ea6b6fc2e3b866997773d96c6ec43ac3d9620a0a3f018279b3,included,housing_social_welfare_leaf,1.0.0,social_welfare,1.0.0,reference,optimum_upper_bound,,1226.07,utility_points,"{""reference_kind"":""objective_upper_bound"",""semantics"":""full_information_allocation_relaxation""}",ok,valid,[],"[""event_00000249""]",evaluation_receipt,episode_attempt_29dd330c56bfe95070dd,c81742e6528f02ea6b6fc2e3b866997773d96c6ec43ac3d9620a0a3f018279b3,true
result_a2e28cedb6889451f17d021d,runplan_14ad6ddb11ef0455,cell_5725a3e8d531ede05b00,housing_v1__experiment__000005,housing_v1,housing_controlled_model_landlords_experiment,episode_attempt_29dd330c56bfe95070dd,c81742e6528f02ea6b6fc2e3b866997773d96c6ec43ac3d9620a0a3f018279b3,included,housing_social_welfare_leaf,1.0.0,social_welfare,1.0.0,utility,landlord_0,landlord_0,0.0,utility_points,"{""disagreement_utility"":0.0}",ok,valid,[],"[""event_00000249""]",evaluation_receipt,episode_attempt_29dd330c56bfe95070dd,c81742e6528f02ea6b6fc2e3b866997773d96c6ec43ac3d9620a0a3f018279b3,true
result_ff28a5cf1aaf1d1817b1cfeb,runplan_14ad6ddb11ef0455,cell_5725a3e8d531ede05b00,housing_v1__experiment__000005,housing_v1,housing_controlled_model_landlords_experiment,episode_attempt_29dd330c56bfe95070dd,c81742e6528f02ea6b6fc2e3b866997773d96c6ec43ac3d9620a0a3f018279b3,included,housing_social_welfare_leaf,1.0.0,social_welfare,1.0.0,utility,landlord_1,landlord_1,141.99,utility_points,"{""disagreement_utility"":0.0}",ok,valid,[],"[""event_00000249""]",evaluation_receipt,episode_attempt_29dd330c56bfe95070dd,c81742e6528f02ea6b6fc2e3b866997773d96c6ec43ac3d9620a0a3f018279b3,true
result_b387e83042e02e6303f83595,runplan_14ad6ddb11ef0455,cell_5725a3e8d531ede05b00,housing_v1__experiment__000005,housing_v1,housing_controlled_model_landlords_experiment,episode_attempt_29dd330c56bfe95070dd,c81742e6528f02ea6b6fc2e3b866997773d96c6ec43ac3d9620a0a3f018279b3,included,housing_social_welfare_leaf,1.0.0,social_welfare,1.0.0,utility,landlord_2,landlord_2,0.0,utility_points,"{""disagreement_utility"":0.0}",ok,valid,[],"[""event_00000249""]",evaluation_receipt,episode_attempt_29dd330c56bfe95070dd,c81742e6528f02ea6b6fc2e3b866997773d96c6ec43ac3d9620a0a3f018279b3,true
result_d6e748c4969c74fc165ee02e,runplan_14ad6ddb11ef0455,cell_5725a3e8d531ede05b00,housing_v1__experiment__000005,housing_v1,housing_controlled_model_landlords_experiment,episode_attempt_29dd330c56bfe95070dd,c81742e6528f02ea6b6fc2e3b866997773d96c6ec43ac3d9620a0a3f018279b3,included,housing_social_welfare_leaf,1.0.0,social_welfare,1.0.0,utility,landlord_3,landlord_3,43.77,utility_points,"{""disagreement_utility"":0.0}",ok,valid,[],"[""event_00000249""]",evaluation_receipt,episode_attempt_29dd330c56bfe95070dd,c81742e6528f02ea6b6fc2e3b866997773d96c6ec43ac3d9620a0a3f018279b3,true
result_6fdee494191bb857074e63a2,runplan_14ad6ddb11ef0455,cell_5725a3e8d531ede05b00,housing_v1__experiment__000005,housing_v1,housing_controlled_model_landlords_experiment,episode_attempt_29dd330c56bfe95070dd,c81742e6528f02ea6b6fc2e3b866997773d96c6ec43ac3d9620a0a3f018279b3,included,housing_social_welfare_leaf,1.0.0,social_welfare,1.0.0,utility,landlord_4,landlord_4,65.66,utility_points,"{""disagreement_utility"":0.0}",ok,valid,[],"[""event_00000249""]",evaluation_receipt,episode_attempt_29dd330c56bfe95070dd,c81742e6528f02ea6b6fc2e3b866997773d96c6ec43ac3d9620a0a3f018279b3,true
result_ea7cc8d448d938585465038a,runplan_14ad6ddb11ef0455,cell_5725a3e8d531ede05b00,housing_v1__experiment__000005,housing_v1,housing_controlled_model_landlords_experiment,episode_attempt_29dd330c56bfe95070dd,c81742e6528f02ea6b6fc2e3b866997773d96c6ec43ac3d9620a0a3f018279b3,included,housing_social_welfare_leaf,1.0.0,social_welfare,1.0.0,utility,tenant_0,tenant_0,367.79,utility_points,"{""disagreement_utility"":0.0}",ok,valid,[],"[""event_00000249""]",evaluation_receipt,episode_attempt_29dd330c56bfe95070dd,c81742e6528f02ea6b6fc2e3b866997773d96c6ec43ac3d9620a0a3f018279b3,true
result_fb8fe8fd0b53cc5012dd509a,runplan_14ad6ddb11ef0455,cell_5725a3e8d531ede05b00,housing_v1__experiment__000005,housing_v1,housing_controlled_model_landlords_experiment,episode_attempt_29dd330c56bfe95070dd,c81742e6528f02ea6b6fc2e3b866997773d96c6ec43ac3d9620a0a3f018279b3,included,housing_social_welfare_leaf,1.0.0,social_welfare,1.0.0,utility,tenant_1,tenant_1,0.0,utility_points,"{""disagreement_utility"":0.0}",ok,valid,[],"[""event_00000249""]",evaluation_receipt,episode_attempt_29dd330c56bfe95070dd,c81742e6528f02ea6b6fc2e3b866997773d96c6ec43ac3d9620a0a3f018279b3,true
result_b47ed4dcbc86ecaad5b96196,runplan_14ad6ddb11ef0455,cell_5725a3e8d531ede05b00,housing_v1__experiment__000005,housing_v1,housing_controlled_model_landlords_experiment,episode_attempt_29dd330c56bfe95070dd,c81742e6528f02ea6b6fc2e3b866997773d96c6ec43ac3d9620a0a3f018279b3,included,housing_social_welfare_leaf,1.0.0,social_welfare,1.0.0,utility,tenant_2,tenant_2,169.99,utility_points,"{""disagreement_utility"":0.0}",ok,valid,[],"[""event_00000249""]",evaluation_receipt,episode_attempt_29dd330c56bfe95070dd,c81742e6528f02ea6b6fc2e3b866997773d96c6ec43ac3d9620a0a3f018279b3,true
result_c7931de72014eab3f783ef7a,runplan_14ad6ddb11ef0455,cell_5725a3e8d531ede05b00,housing_v1__experiment__000005,housing_v1,housing_controlled_model_landlords_experiment,episode_attempt_29dd330c56bfe95070dd,c81742e6528f02ea6b6fc2e3b866997773d96c6ec43ac3d9620a0a3f018279b3,included,housing_social_welfare_leaf,1.0.0,social_welfare,1.0.0,utility,tenant_3,tenant_3,207.8,utility_points,"{""disagreement_utility"":0.0}",ok,valid,[],"[""event_00000249""]",evaluation_receipt,episode_attempt_29dd330c56bfe95070dd,c81742e6528f02ea6b6fc2e3b866997773d96c6ec43ac3d9620a0a3f018279b3,true
result_fcce93fcf70b25addc932b31,runplan_14ad6ddb11ef0455,cell_5725a3e8d531ede05b00,housing_v1__experiment__000005,housing_v1,housing_controlled_model_landlords_experiment,episode_attempt_29dd330c56bfe95070dd,c81742e6528f02ea6b6fc2e3b866997773d96c6ec43ac3d9620a0a3f018279b3,included,housing_social_welfare_leaf,1.0.0,social_welfare,1.0.0,utility,tenant_4,tenant_4,0.0,utility_points,"{""disagreement_utility"":0.0}",ok,valid,[],"[""event_00000249""]",evaluation_receipt,episode_attempt_29dd330c56bfe95070dd,c81742e6528f02ea6b6fc2e3b866997773d96c6ec43ac3d9620a0a3f018279b3,true
result_9ecbb2f261dd6ee302650d54,runplan_14ad6ddb11ef0455,cell_5725a3e8d531ede05b00,housing_v1__experiment__000005,housing_v1,housing_controlled_model_landlords_experiment,episode_attempt_29dd330c56bfe95070dd,c81742e6528f02ea6b6fc2e3b866997773d96c6ec43ac3d9620a0a3f018279b3,included,housing_social_welfare_leaf,1.0.0,social_welfare,1.0.0,utility,tenant_5,tenant_5,0.0,utility_points,"{""disagreement_utility"":0.0}",ok,valid,[],"[""event_00000249""]",evaluation_receipt,episode_attempt_29dd330c56bfe95070dd,c81742e6528f02ea6b6fc2e3b866997773d96c6ec43ac3d9620a0a3f018279b3,true
result_2fddbb6af59232b2fe6f9965,runplan_14ad6ddb11ef0455,cell_5725a3e8d531ede05b00,housing_v1__experiment__000005,housing_v1,housing_controlled_model_landlords_experiment,episode_attempt_29dd330c56bfe95070dd,c81742e6528f02ea6b6fc2e3b866997773d96c6ec43ac3d9620a0a3f018279b3,included,housing_social_welfare_leaf,1.0.0,social_welfare,1.0.0,capture,landlord_0,landlord_0,0.0,utility_points,"{""disagreement_utility"":0.0}",ok,valid,[],"[""event_00000249""]",evaluation_receipt,episode_attempt_29dd330c56bfe95070dd,c81742e6528f02ea6b6fc2e3b866997773d96c6ec43ac3d9620a0a3f018279b3,true
result_b21a310058ba1d0d387fdbce,runplan_14ad6ddb11ef0455,cell_5725a3e8d531ede05b00,housing_v1__experiment__000005,housing_v1,housing_controlled_model_landlords_experiment,episode_attempt_29dd330c56bfe95070dd,c81742e6528f02ea6b6fc2e3b866997773d96c6ec43ac3d9620a0a3f018279b3,included,housing_social_welfare_leaf,1.0.0,social_welfare,1.0.0,capture,landlord_1,landlord_1,141.99,utility_points,"{""disagreement_utility"":0.0}",ok,valid,[],"[""event_00000249""]",evaluation_receipt,episode_attempt_29dd330c56bfe95070dd,c81742e6528f02ea6b6fc2e3b866997773d96c6ec43ac3d9620a0a3f018279b3,true
result_d00d8702095d1c9aff10b489,runplan_14ad6ddb11ef0455,cell_5725a3e8d531ede05b00,housing_v1__experiment__000005,housing_v1,housing_controlled_model_landlords_experiment,episode_attempt_29dd330c56bfe95070dd,c81742e6528f02ea6b6fc2e3b866997773d96c6ec43ac3d9620a0a3f018279b3,included,housing_social_welfare_leaf,1.0.0,social_welfare,1.0.0,capture,landlord_2,landlord_2,0.0,utility_points,"{""disagreement_utility"":0.0}",ok,valid,[],"[""event_00000249""]",evaluation_receipt,episode_attempt_29dd330c56bfe95070dd,c81742e6528f02ea6b6fc2e3b866997773d96c6ec43ac3d9620a0a3f018279b3,true
result_bf8c9926fa91850bb2fe2253,runplan_14ad6ddb11ef0455,cell_5725a3e8d531ede05b00,housing_v1__experiment__000005,housing_v1,housing_controlled_model_landlords_experiment,episode_attempt_29dd330c56bfe95070dd,c81742e6528f02ea6b6fc2e3b866997773d96c6ec43ac3d9620a0a3f018279b3,included,housing_social_welfare_leaf,1.0.0,social_welfare,1.0.0,capture,landlord_3,landlord_3,43.77,utility_points,"{""disagreement_utility"":0.0}",ok,valid,[],"[""event_00000249""]",evaluation_receipt,episode_attempt_29dd330c56bfe95070dd,c81742e6528f02ea6b6fc2e3b866997773d96c6ec43ac3d9620a0a3f018279b3,true
result_109e262aa9362e9dacb75937,runplan_14ad6ddb11ef0455,cell_5725a3e8d531ede05b00,housing_v1__experiment__000005,housing_v1,housing_controlled_model_landlords_experiment,episode_attempt_29dd330c56bfe95070dd,c81742e6528f02ea6b6fc2e3b866997773d96c6ec43ac3d9620a0a3f018279b3,included,housing_social_welfare_leaf,1.0.0,social_welfare,1.0.0,capture,landlord_4,landlord_4,65.66,utility_points,"{""disagreement_utility"":0.0}",ok,valid,[],"[""event_00000249""]",evaluation_receipt,episode_attempt_29dd330c56bfe95070dd,c81742e6528f02ea6b6fc2e3b866997773d96c6ec43ac3d9620a0a3f018279b3,true
result_8d8e078481eba91418a249ab,runplan_14ad6ddb11ef0455,cell_5725a3e8d531ede05b00,housing_v1__experiment__000005,housing_v1,housing_controlled_model_landlords_experiment,episode_attempt_29dd330c56bfe95070dd,c81742e6528f02ea6b6fc2e3b866997773d96c6ec43ac3d9620a0a3f018279b3,included,housing_social_welfare_leaf,1.0.0,social_welfare,1.0.0,capture,tenant_0,tenant_0,367.79,utility_points,"{""disagreement_utility"":0.0}",ok,valid,[],"[""event_00000249""]",evaluation_receipt,episode_attempt_29dd330c56bfe95070dd,c81742e6528f02ea6b6fc2e3b866997773d96c6ec43ac3d9620a0a3f018279b3,true
result_32537e924e33e22a101925d4,runplan_14ad6ddb11ef0455,cell_5725a3e8d531ede05b00,housing_v1__experiment__000005,housing_v1,housing_controlled_model_landlords_experiment,episode_attempt_29dd330c56bfe95070dd,c81742e6528f02ea6b6fc2e3b866997773d96c6ec43ac3d9620a0a3f018279b3,included,housing_social_welfare_leaf,1.0.0,social_welfare,1.0.0,capture,tenant_1,tenant_1,0.0,utility_points,"{""disagreement_utility"":0.0}",ok,valid,[],"[""event_00000249""]",evaluation_receipt,episode_attempt_29dd330c56bfe95070dd,c81742e6528f02ea6b6fc2e3b866997773d96c6ec43ac3d9620a0a3f018279b3,true
result_3c48b02dbd7925474b415354,runplan_14ad6ddb11ef0455,cell_5725a3e8d531ede05b00,housing_v1__experiment__000005,housing_v1,housing_controlled_model_landlords_experiment,episode_attempt_29dd330c56bfe95070dd,c81742e6528f02ea6b6fc2e3b866997773d96c6ec43ac3d9620a0a3f018279b3,included,housing_social_welfare_leaf,1.0.0,social_welfare,1.0.0,capture,tenant_2,tenant_2,169.99,utility_points,"{""disagreement_utility"":0.0}",ok,valid,[],"[""event_00000249""]",evaluation_receipt,episode_attempt_29dd330c56bfe95070dd,c81742e6528f02ea6b6fc2e3b866997773d96c6ec43ac3d9620a0a3f018279b3,true
result_61f6c3f5deb4efb5ff7230a7,runplan_14ad6ddb11ef0455,cell_5725a3e8d531ede05b00,housing_v1__experiment__000005,housing_v1,housing_controlled_model_landlords_experiment,episode_attempt_29dd330c56bfe95070dd,c81742e6528f02ea6b6fc2e3b866997773d96c6ec43ac3d9620a0a3f018279b3,included,housing_social_welfare_leaf,1.0.0,social_welfare,1.0.0,capture,tenant_3,tenant_3,207.8,utility_points,"{""disagreement_utility"":0.0}",ok,valid,[],"[""event_00000249""]",evaluation_receipt,episode_attempt_29dd330c56bfe95070dd,c81742e6528f02ea6b6fc2e3b866997773d96c6ec43ac3d9620a0a3f018279b3,true
result_2666d11949dbe3b71634c9d9,runplan_14ad6ddb11ef0455,cell_5725a3e8d531ede05b00,housing_v1__experiment__000005,housing_v1,housing_controlled_model_landlords_experiment,episode_attempt_29dd330c56bfe95070dd,c81742e6528f02ea6b6fc2e3b866997773d96c6ec43ac3d9620a0a3f018279b3,included,housing_social_welfare_leaf,1.0.0,social_welfare,1.0.0,capture,tenant_4,tenant_4,0.0,utility_points,"{""disagreement_utility"":0.0}",ok,valid,[],"[""event_00000249""]",evaluation_receipt,episode_attempt_29dd330c56bfe95070dd,c81742e6528f02ea6b6fc2e3b866997773d96c6ec43ac3d9620a0a3f018279b3,true
result_af0426fb2fbbd20331d88e7a,runplan_14ad6ddb11ef0455,cell_5725a3e8d531ede05b00,housing_v1__experiment__000005,housing_v1,housing_controlled_model_landlords_experiment,episode_attempt_29dd330c56bfe95070dd,c81742e6528f02ea6b6fc2e3b866997773d96c6ec43ac3d9620a0a3f018279b3,included,housing_social_welfare_leaf,1.0.0,social_welfare,1.0.0,capture,tenant_5,tenant_5,0.0,utility_points,"{""disagreement_utility"":0.0}",ok,valid,[],"[""event_00000249""]",evaluation_receipt,episode_attempt_29dd330c56bfe95070dd,c81742e6528f02ea6b6fc2e3b866997773d96c6ec43ac3d9620a0a3f018279b3,true
result_767ac102a6184fdce4938d62,runplan_14ad6ddb11ef0455,cell_65f1c30a3cf401c5cd4a,housing_v1__experiment__000006,housing_v1,housing_controlled_model_landlords_experiment,episode_attempt_7eb58c0cca8a4cc4beff,b6c21d426dc98720401f33fbf5cc138becde02b6f6acc2c5c764f31bfdcd3fa2,included,housing_social_welfare_leaf,1.0.0,social_welfare,1.0.0,primary,social_welfare,,1491.7,utility_points,{},ok,valid,[],"[""event_00000255""]",evaluation_receipt,episode_attempt_7eb58c0cca8a4cc4beff,b6c21d426dc98720401f33fbf5cc138becde02b6f6acc2c5c764f31bfdcd3fa2,true
result_25392b2fd60e5e3f94314800,runplan_14ad6ddb11ef0455,cell_65f1c30a3cf401c5cd4a,housing_v1__experiment__000006,housing_v1,housing_controlled_model_landlords_experiment,episode_attempt_7eb58c0cca8a4cc4beff,b6c21d426dc98720401f33fbf5cc138becde02b6f6acc2c5c764f31bfdcd3fa2,included,housing_social_welfare_leaf,1.0.0,social_welfare,1.0.0,metric,comparison_baseline_gap,,-74.8599999999999,utility_points,{},ok,valid,[],"[""event_00000255""]",evaluation_receipt,episode_attempt_7eb58c0cca8a4cc4beff,b6c21d426dc98720401f33fbf5cc138becde02b6f6acc2c5c764f31bfdcd3fa2,true
result_fb63c7dfc00edd6d48f3bde8,runplan_14ad6ddb11ef0455,cell_65f1c30a3cf401c5cd4a,housing_v1__experiment__000006,housing_v1,housing_controlled_model_landlords_experiment,episode_attempt_7eb58c0cca8a4cc4beff,b6c21d426dc98720401f33fbf5cc138becde02b6f6acc2c5c764f31bfdcd3fa2,included,housing_social_welfare_leaf,1.0.0,social_welfare,1.0.0,metric,ir_violation_count,,0.0,count,{},ok,valid,[],"[""event_00000255""]",evaluation_receipt,episode_attempt_7eb58c0cca8a4cc4beff,b6c21d426dc98720401f33fbf5cc138becde02b6f6acc2c5c764f31bfdcd3fa2,true
result_3a31266541c5c02fbe1505d0,runplan_14ad6ddb11ef0455,cell_65f1c30a3cf401c5cd4a,housing_v1__experiment__000006,housing_v1,housing_controlled_model_landlords_experiment,episode_attempt_7eb58c0cca8a4cc4beff,b6c21d426dc98720401f33fbf5cc138becde02b6f6acc2c5c764f31bfdcd3fa2,included,housing_social_welfare_leaf,1.0.0,social_welfare,1.0.0,metric,social_welfare,,1491.7,utility_points,{},ok,valid,[],"[""event_00000255""]",evaluation_receipt,episode_attempt_7eb58c0cca8a4cc4beff,b6c21d426dc98720401f33fbf5cc138becde02b6f6acc2c5c764f31bfdcd3fa2,true
result_484f31c2e8c3d1d2d8edfed3,runplan_14ad6ddb11ef0455,cell_65f1c30a3cf401c5cd4a,housing_v1__experiment__000006,housing_v1,housing_controlled_model_landlords_experiment,episode_attempt_7eb58c0cca8a4cc4beff,b6c21d426dc98720401f33fbf5cc138becde02b6f6acc2c5c764f31bfdcd3fa2,included,housing_social_welfare_leaf,1.0.0,social_welfare,1.0.0,metric,upper_bound_gap,,146.65999999999985,utility_points,{},ok,valid,[],"[""event_00000255""]",evaluation_receipt,episode_attempt_7eb58c0cca8a4cc4beff,b6c21d426dc98720401f33fbf5cc138becde02b6f6acc2c5c764f31bfdcd3fa2,true
result_ad4543277dcd0ecba476e0e6,runplan_14ad6ddb11ef0455,cell_65f1c30a3cf401c5cd4a,housing_v1__experiment__000006,housing_v1,housing_controlled_model_landlords_experiment,episode_attempt_7eb58c0cca8a4cc4beff,b6c21d426dc98720401f33fbf5cc138becde02b6f6acc2c5c764f31bfdcd3fa2,included,housing_social_welfare_leaf,1.0.0,social_welfare,1.0.0,metric,wasted_contacts,,6.0,count,{},ok,valid,[],"[""event_00000255""]",evaluation_receipt,episode_attempt_7eb58c0cca8a4cc4beff,b6c21d426dc98720401f33fbf5cc138becde02b6f6acc2c5c764f31bfdcd3fa2,true
result_9347157da9cf9fe6cb7b38da,runplan_14ad6ddb11ef0455,cell_65f1c30a3cf401c5cd4a,housing_v1__experiment__000006,housing_v1,housing_controlled_model_landlords_experiment,episode_attempt_7eb58c0cca8a4cc4beff,b6c21d426dc98720401f33fbf5cc138becde02b6f6acc2c5c764f31bfdcd3fa2,included,housing_social_welfare_leaf,1.0.0,social_welfare,1.0.0,metric,within_case_score,,0.9104836543860935,ratio,{},ok,valid,[],"[""event_00000255""]",evaluation_receipt,episode_attempt_7eb58c0cca8a4cc4beff,b6c21d426dc98720401f33fbf5cc138becde02b6f6acc2c5c764f31bfdcd3fa2,true
result_775304c231929dcf871f245f,runplan_14ad6ddb11ef0455,cell_65f1c30a3cf401c5cd4a,housing_v1__experiment__000006,housing_v1,housing_controlled_model_landlords_experiment,episode_attempt_7eb58c0cca8a4cc4beff,b6c21d426dc98720401f33fbf5cc138becde02b6f6acc2c5c764f31bfdcd3fa2,included,housing_social_welfare_leaf,1.0.0,social_welfare,1.0.0,reference,comparison_baseline,,1566.56,utility_points,"{""policy"":""naive"",""reference_kind"":""comparison_baseline""}",ok,valid,[],"[""event_00000255""]",evaluation_receipt,episode_attempt_7eb58c0cca8a4cc4beff,b6c21d426dc98720401f33fbf5cc138becde02b6f6acc2c5c764f31bfdcd3fa2,true
result_f4bf959338cb276461814dcb,runplan_14ad6ddb11ef0455,cell_65f1c30a3cf401c5cd4a,housing_v1__experiment__000006,housing_v1,housing_controlled_model_landlords_experiment,episode_attempt_7eb58c0cca8a4cc4beff,b6c21d426dc98720401f33fbf5cc138becde02b6f6acc2c5c764f31bfdcd3fa2,included,housing_social_welfare_leaf,1.0.0,social_welfare,1.0.0,reference,optimum_lower_bound,,0.0,utility_points,"{""policy"":""do_nothing"",""reference_kind"":""objective_lower_bound""}",ok,valid,[],"[""event_00000255""]",evaluation_receipt,episode_attempt_7eb58c0cca8a4cc4beff,b6c21d426dc98720401f33fbf5cc138becde02b6f6acc2c5c764f31bfdcd3fa2,true
result_9376fa9006b14df9c444aa29,runplan_14ad6ddb11ef0455,cell_65f1c30a3cf401c5cd4a,housing_v1__experiment__000006,housing_v1,housing_controlled_model_landlords_experiment,episode_attempt_7eb58c0cca8a4cc4beff,b6c21d426dc98720401f33fbf5cc138becde02b6f6acc2c5c764f31bfdcd3fa2,included,housing_social_welfare_leaf,1.0.0,social_welfare,1.0.0,reference,optimum_upper_bound,,1638.36,utility_points,"{""reference_kind"":""objective_upper_bound"",""semantics"":""full_information_allocation_relaxation""}",ok,valid,[],"[""event_00000255""]",evaluation_receipt,episode_attempt_7eb58c0cca8a4cc4beff,b6c21d426dc98720401f33fbf5cc138becde02b6f6acc2c5c764f31bfdcd3fa2,true
result_db94f6f0bb8543668f918f0e,runplan_14ad6ddb11ef0455,cell_65f1c30a3cf401c5cd4a,housing_v1__experiment__000006,housing_v1,housing_controlled_model_landlords_experiment,episode_attempt_7eb58c0cca8a4cc4beff,b6c21d426dc98720401f33fbf5cc138becde02b6f6acc2c5c764f31bfdcd3fa2,included,housing_social_welfare_leaf,1.0.0,social_welfare,1.0.0,utility,landlord_0,landlord_0,31.31,utility_points,"{""disagreement_utility"":0.0}",ok,valid,[],"[""event_00000255""]",evaluation_receipt,episode_attempt_7eb58c0cca8a4cc4beff,b6c21d426dc98720401f33fbf5cc138becde02b6f6acc2c5c764f31bfdcd3fa2,true
result_0a8532fff4d817acfe343da5,runplan_14ad6ddb11ef0455,cell_65f1c30a3cf401c5cd4a,housing_v1__experiment__000006,housing_v1,housing_controlled_model_landlords_experiment,episode_attempt_7eb58c0cca8a4cc4beff,b6c21d426dc98720401f33fbf5cc138becde02b6f6acc2c5c764f31bfdcd3fa2,included,housing_social_welfare_leaf,1.0.0,social_welfare,1.0.0,utility,landlord_1,landlord_1,100.73,utility_points,"{""disagreement_utility"":0.0}",ok,valid,[],"[""event_00000255""]",evaluation_receipt,episode_attempt_7eb58c0cca8a4cc4beff,b6c21d426dc98720401f33fbf5cc138becde02b6f6acc2c5c764f31bfdcd3fa2,true
result_a872aa51be464afd4a4a7ff8,runplan_14ad6ddb11ef0455,cell_65f1c30a3cf401c5cd4a,housing_v1__experiment__000006,housing_v1,housing_controlled_model_landlords_experiment,episode_attempt_7eb58c0cca8a4cc4beff,b6c21d426dc98720401f33fbf5cc138becde02b6f6acc2c5c764f31bfdcd3fa2,included,housing_social_welfare_leaf,1.0.0,social_welfare,1.0.0,utility,landlord_2,landlord_2,80.53,utility_points,"{""disagreement_utility"":0.0}",ok,valid,[],"[""event_00000255""]",evaluation_receipt,episode_attempt_7eb58c0cca8a4cc4beff,b6c21d426dc98720401f33fbf5cc138becde02b6f6acc2c5c764f31bfdcd3fa2,true
result_2fa2e412b2e6dd3919d5d16b,runplan_14ad6ddb11ef0455,cell_65f1c30a3cf401c5cd4a,housing_v1__experiment__000006,housing_v1,housing_controlled_model_landlords_experiment,episode_attempt_7eb58c0cca8a4cc4beff,b6c21d426dc98720401f33fbf5cc138becde02b6f6acc2c5c764f31bfdcd3fa2,included,housing_social_welfare_leaf,1.0.0,social_welfare,1.0.0,utility,landlord_3,landlord_3,63.83,utility_points,"{""disagreement_utility"":0.0}",ok,valid,[],"[""event_00000255""]",evaluation_receipt,episode_attempt_7eb58c0cca8a4cc4beff,b6c21d426dc98720401f33fbf5cc138becde02b6f6acc2c5c764f31bfdcd3fa2,true
result_a7071b19bd5f1e694d70d71a,runplan_14ad6ddb11ef0455,cell_65f1c30a3cf401c5cd4a,housing_v1__experiment__000006,housing_v1,housing_controlled_model_landlords_experiment,episode_attempt_7eb58c0cca8a4cc4beff,b6c21d426dc98720401f33fbf5cc138becde02b6f6acc2c5c764f31bfdcd3fa2,included,housing_social_welfare_leaf,1.0.0,social_welfare,1.0.0,utility,landlord_4,landlord_4,0.0,utility_points,"{""disagreement_utility"":0.0}",ok,valid,[],"[""event_00000255""]",evaluation_receipt,episode_attempt_7eb58c0cca8a4cc4beff,b6c21d426dc98720401f33fbf5cc138becde02b6f6acc2c5c764f31bfdcd3fa2,true
result_97d90f7a43456200ba36718c,runplan_14ad6ddb11ef0455,cell_65f1c30a3cf401c5cd4a,housing_v1__experiment__000006,housing_v1,housing_controlled_model_landlords_experiment,episode_attempt_7eb58c0cca8a4cc4beff,b6c21d426dc98720401f33fbf5cc138becde02b6f6acc2c5c764f31bfdcd3fa2,included,housing_social_welfare_leaf,1.0.0,social_welfare,1.0.0,utility,tenant_0,tenant_0,0.0,utility_points,"{""disagreement_utility"":0.0}",ok,valid,[],"[""event_00000255""]",evaluation_receipt,episode_attempt_7eb58c0cca8a4cc4beff,b6c21d426dc98720401f33fbf5cc138becde02b6f6acc2c5c764f31bfdcd3fa2,true
result_daa706fb04fbbf3821a1eb31,runplan_14ad6ddb11ef0455,cell_65f1c30a3cf401c5cd4a,housing_v1__experiment__000006,housing_v1,housing_controlled_model_landlords_experiment,episode_attempt_7eb58c0cca8a4cc4beff,b6c21d426dc98720401f33fbf5cc138becde02b6f6acc2c5c764f31bfdcd3fa2,included,housing_social_welfare_leaf,1.0.0,social_welfare,1.0.0,utility,tenant_1,tenant_1,0.0,utility_points,"{""disagreement_utility"":0.0}",ok,valid,[],"[""event_00000255""]",evaluation_receipt,episode_attempt_7eb58c0cca8a4cc4beff,b6c21d426dc98720401f33fbf5cc138becde02b6f6acc2c5c764f31bfdcd3fa2,true
result_4d13ed451dffb2de04fa7d15,runplan_14ad6ddb11ef0455,cell_65f1c30a3cf401c5cd4a,housing_v1__experiment__000006,housing_v1,housing_controlled_model_landlords_experiment,episode_attempt_7eb58c0cca8a4cc4beff,b6c21d426dc98720401f33fbf5cc138becde02b6f6acc2c5c764f31bfdcd3fa2,included,housing_social_welfare_leaf,1.0.0,social_welfare,1.0.0,utility,tenant_2,tenant_2,530.76,utility_points,"{""disagreement_utility"":0.0}",ok,valid,[],"[""event_00000255""]",evaluation_receipt,episode_attempt_7eb58c0cca8a4cc4beff,b6c21d426dc98720401f33fbf5cc138becde02b6f6acc2c5c764f31bfdcd3fa2,true
result_69a45442cbdeaef3ac0e309d,runplan_14ad6ddb11ef0455,cell_65f1c30a3cf401c5cd4a,housing_v1__experiment__000006,housing_v1,housing_controlled_model_landlords_experiment,episode_attempt_7eb58c0cca8a4cc4beff,b6c21d426dc98720401f33fbf5cc138becde02b6f6acc2c5c764f31bfdcd3fa2,included,housing_social_welfare_leaf,1.0.0,social_welfare,1.0.0,utility,tenant_3,tenant_3,500.18,utility_points,"{""disagreement_utility"":0.0}",ok,valid,[],"[""event_00000255""]",evaluation_receipt,episode_attempt_7eb58c0cca8a4cc4beff,b6c21d426dc98720401f33fbf5cc138becde02b6f6acc2c5c764f31bfdcd3fa2,true
result_b853908c623955c7ca342016,runplan_14ad6ddb11ef0455,cell_65f1c30a3cf401c5cd4a,housing_v1__experiment__000006,housing_v1,housing_controlled_model_landlords_experiment,episode_attempt_7eb58c0cca8a4cc4beff,b6c21d426dc98720401f33fbf5cc138becde02b6f6acc2c5c764f31bfdcd3fa2,included,housing_social_welfare_leaf,1.0.0,social_welfare,1.0.0,utility,tenant_4,tenant_4,2.16,utility_points,"{""disagreement_utility"":0.0}",ok,valid,[],"[""event_00000255""]",evaluation_receipt,episode_attempt_7eb58c0cca8a4cc4beff,b6c21d426dc98720401f33fbf5cc138becde02b6f6acc2c5c764f31bfdcd3fa2,true
result_30df2dd71ee1b62cbfdd321b,runplan_14ad6ddb11ef0455,cell_65f1c30a3cf401c5cd4a,housing_v1__experiment__000006,housing_v1,housing_controlled_model_landlords_experiment,episode_attempt_7eb58c0cca8a4cc4beff,b6c21d426dc98720401f33fbf5cc138becde02b6f6acc2c5c764f31bfdcd3fa2,included,housing_social_welfare_leaf,1.0.0,social_welfare,1.0.0,utility,tenant_5,tenant_5,182.2,utility_points,"{""disagreement_utility"":0.0}",ok,valid,[],"[""event_00000255""]",evaluation_receipt,episode_attempt_7eb58c0cca8a4cc4beff,b6c21d426dc98720401f33fbf5cc138becde02b6f6acc2c5c764f31bfdcd3fa2,true
result_5b39a4281473a2b6113f8017,runplan_14ad6ddb11ef0455,cell_65f1c30a3cf401c5cd4a,housing_v1__experiment__000006,housing_v1,housing_controlled_model_landlords_experiment,episode_attempt_7eb58c0cca8a4cc4beff,b6c21d426dc98720401f33fbf5cc138becde02b6f6acc2c5c764f31bfdcd3fa2,included,housing_social_welfare_leaf,1.0.0,social_welfare,1.0.0,capture,landlord_0,landlord_0,31.31,utility_points,"{""disagreement_utility"":0.0}",ok,valid,[],"[""event_00000255""]",evaluation_receipt,episode_attempt_7eb58c0cca8a4cc4beff,b6c21d426dc98720401f33fbf5cc138becde02b6f6acc2c5c764f31bfdcd3fa2,true
result_1e28f7016cd2ee8f3b41308a,runplan_14ad6ddb11ef0455,cell_65f1c30a3cf401c5cd4a,housing_v1__experiment__000006,housing_v1,housing_controlled_model_landlords_experiment,episode_attempt_7eb58c0cca8a4cc4beff,b6c21d426dc98720401f33fbf5cc138becde02b6f6acc2c5c764f31bfdcd3fa2,included,housing_social_welfare_leaf,1.0.0,social_welfare,1.0.0,capture,landlord_1,landlord_1,100.73,utility_points,"{""disagreement_utility"":0.0}",ok,valid,[],"[""event_00000255""]",evaluation_receipt,episode_attempt_7eb58c0cca8a4cc4beff,b6c21d426dc98720401f33fbf5cc138becde02b6f6acc2c5c764f31bfdcd3fa2,true
result_25228bb257b1365447b5ad80,runplan_14ad6ddb11ef0455,cell_65f1c30a3cf401c5cd4a,housing_v1__experiment__000006,housing_v1,housing_controlled_model_landlords_experiment,episode_attempt_7eb58c0cca8a4cc4beff,b6c21d426dc98720401f33fbf5cc138becde02b6f6acc2c5c764f31bfdcd3fa2,included,housing_social_welfare_leaf,1.0.0,social_welfare,1.0.0,capture,landlord_2,landlord_2,80.53,utility_points,"{""disagreement_utility"":0.0}",ok,valid,[],"[""event_00000255""]",evaluation_receipt,episode_attempt_7eb58c0cca8a4cc4beff,b6c21d426dc98720401f33fbf5cc138becde02b6f6acc2c5c764f31bfdcd3fa2,true
result_c180fd30d8bdc38d9be78a1a,runplan_14ad6ddb11ef0455,cell_65f1c30a3cf401c5cd4a,housing_v1__experiment__000006,housing_v1,housing_controlled_model_landlords_experiment,episode_attempt_7eb58c0cca8a4cc4beff,b6c21d426dc98720401f33fbf5cc138becde02b6f6acc2c5c764f31bfdcd3fa2,included,housing_social_welfare_leaf,1.0.0,social_welfare,1.0.0,capture,landlord_3,landlord_3,63.83,utility_points,"{""disagreement_utility"":0.0}",ok,valid,[],"[""event_00000255""]",evaluation_receipt,episode_attempt_7eb58c0cca8a4cc4beff,b6c21d426dc98720401f33fbf5cc138becde02b6f6acc2c5c764f31bfdcd3fa2,true
result_91b62f621360096b19cbe7ff,runplan_14ad6ddb11ef0455,cell_65f1c30a3cf401c5cd4a,housing_v1__experiment__000006,housing_v1,housing_controlled_model_landlords_experiment,episode_attempt_7eb58c0cca8a4cc4beff,b6c21d426dc98720401f33fbf5cc138becde02b6f6acc2c5c764f31bfdcd3fa2,included,housing_social_welfare_leaf,1.0.0,social_welfare,1.0.0,capture,landlord_4,landlord_4,0.0,utility_points,"{""disagreement_utility"":0.0}",ok,valid,[],"[""event_00000255""]",evaluation_receipt,episode_attempt_7eb58c0cca8a4cc4beff,b6c21d426dc98720401f33fbf5cc138becde02b6f6acc2c5c764f31bfdcd3fa2,true
result_f31ecff3b9e0118b4bd14f5a,runplan_14ad6ddb11ef0455,cell_65f1c30a3cf401c5cd4a,housing_v1__experiment__000006,housing_v1,housing_controlled_model_landlords_experiment,episode_attempt_7eb58c0cca8a4cc4beff,b6c21d426dc98720401f33fbf5cc138becde02b6f6acc2c5c764f31bfdcd3fa2,included,housing_social_welfare_leaf,1.0.0,social_welfare,1.0.0,capture,tenant_0,tenant_0,0.0,utility_points,"{""disagreement_utility"":0.0}",ok,valid,[],"[""event_00000255""]",evaluation_receipt,episode_attempt_7eb58c0cca8a4cc4beff,b6c21d426dc98720401f33fbf5cc138becde02b6f6acc2c5c764f31bfdcd3fa2,true
result_d1cff6744f4dd27c4d04bd63,runplan_14ad6ddb11ef0455,cell_65f1c30a3cf401c5cd4a,housing_v1__experiment__000006,housing_v1,housing_controlled_model_landlords_experiment,episode_attempt_7eb58c0cca8a4cc4beff,b6c21d426dc98720401f33fbf5cc138becde02b6f6acc2c5c764f31bfdcd3fa2,included,housing_social_welfare_leaf,1.0.0,social_welfare,1.0.0,capture,tenant_1,tenant_1,0.0,utility_points,"{""disagreement_utility"":0.0}",ok,valid,[],"[""event_00000255""]",evaluation_receipt,episode_attempt_7eb58c0cca8a4cc4beff,b6c21d426dc98720401f33fbf5cc138becde02b6f6acc2c5c764f31bfdcd3fa2,true
result_e3364d2b299d3883aab469bb,runplan_14ad6ddb11ef0455,cell_65f1c30a3cf401c5cd4a,housing_v1__experiment__000006,housing_v1,housing_controlled_model_landlords_experiment,episode_attempt_7eb58c0cca8a4cc4beff,b6c21d426dc98720401f33fbf5cc138becde02b6f6acc2c5c764f31bfdcd3fa2,included,housing_social_welfare_leaf,1.0.0,social_welfare,1.0.0,capture,tenant_2,tenant_2,530.76,utility_points,"{""disagreement_utility"":0.0}",ok,valid,[],"[""event_00000255""]",evaluation_receipt,episode_attempt_7eb58c0cca8a4cc4beff,b6c21d426dc98720401f33fbf5cc138becde02b6f6acc2c5c764f31bfdcd3fa2,true
result_e2c0f5dc7504f2b94dba366e,runplan_14ad6ddb11ef0455,cell_65f1c30a3cf401c5cd4a,housing_v1__experiment__000006,housing_v1,housing_controlled_model_landlords_experiment,episode_attempt_7eb58c0cca8a4cc4beff,b6c21d426dc98720401f33fbf5cc138becde02b6f6acc2c5c764f31bfdcd3fa2,included,housing_social_welfare_leaf,1.0.0,social_welfare,1.0.0,capture,tenant_3,tenant_3,500.18,utility_points,"{""disagreement_utility"":0.0}",ok,valid,[],"[""event_00000255""]",evaluation_receipt,episode_attempt_7eb58c0cca8a4cc4beff,b6c21d426dc98720401f33fbf5cc138becde02b6f6acc2c5c764f31bfdcd3fa2,true
result_9a6cc99023d9212764e4203c,runplan_14ad6ddb11ef0455,cell_65f1c30a3cf401c5cd4a,housing_v1__experiment__000006,housing_v1,housing_controlled_model_landlords_experiment,episode_attempt_7eb58c0cca8a4cc4beff,b6c21d426dc98720401f33fbf5cc138becde02b6f6acc2c5c764f31bfdcd3fa2,included,housing_social_welfare_leaf,1.0.0,social_welfare,1.0.0,capture,tenant_4,tenant_4,2.16,utility_points,"{""disagreement_utility"":0.0}",ok,valid,[],"[""event_00000255""]",evaluation_receipt,episode_attempt_7eb58c0cca8a4cc4beff,b6c21d426dc98720401f33fbf5cc138becde02b6f6acc2c5c764f31bfdcd3fa2,true
result_db4c7d42775b31e87a2bb19c,runplan_14ad6ddb11ef0455,cell_65f1c30a3cf401c5cd4a,housing_v1__experiment__000006,housing_v1,housing_controlled_model_landlords_experiment,episode_attempt_7eb58c0cca8a4cc4beff,b6c21d426dc98720401f33fbf5cc138becde02b6f6acc2c5c764f31bfdcd3fa2,included,housing_social_welfare_leaf,1.0.0,social_welfare,1.0.0,capture,tenant_5,tenant_5,182.2,utility_points,"{""disagreement_utility"":0.0}",ok,valid,[],"[""event_00000255""]",evaluation_receipt,episode_attempt_7eb58c0cca8a4cc4beff,b6c21d426dc98720401f33fbf5cc138becde02b6f6acc2c5c764f31bfdcd3fa2,true
result_2b98bdb27c236c83941b743d,runplan_14ad6ddb11ef0455,cell_68bd7a0109761eb821fb,housing_v1__experiment__000006,housing_v1,housing_controlled_model_landlords_experiment,episode_attempt_0e10aaa66c364173e77b,9d2ffb69115597b4dd2f2982441b22018532981c296d4494ba825725d89b9ad0,included,housing_social_welfare_leaf,1.0.0,social_welfare,1.0.0,primary,social_welfare,,1589.29,utility_points,{},ok,valid,[],"[""event_00000219""]",evaluation_receipt,episode_attempt_0e10aaa66c364173e77b,9d2ffb69115597b4dd2f2982441b22018532981c296d4494ba825725d89b9ad0,true
result_e6afd7e889041fdfea423746,runplan_14ad6ddb11ef0455,cell_68bd7a0109761eb821fb,housing_v1__experiment__000006,housing_v1,housing_controlled_model_landlords_experiment,episode_attempt_0e10aaa66c364173e77b,9d2ffb69115597b4dd2f2982441b22018532981c296d4494ba825725d89b9ad0,included,housing_social_welfare_leaf,1.0.0,social_welfare,1.0.0,metric,comparison_baseline_gap,,22.730000000000018,utility_points,{},ok,valid,[],"[""event_00000219""]",evaluation_receipt,episode_attempt_0e10aaa66c364173e77b,9d2ffb69115597b4dd2f2982441b22018532981c296d4494ba825725d89b9ad0,true
result_742d4c9b91def3eff304a99d,runplan_14ad6ddb11ef0455,cell_68bd7a0109761eb821fb,housing_v1__experiment__000006,housing_v1,housing_controlled_model_landlords_experiment,episode_attempt_0e10aaa66c364173e77b,9d2ffb69115597b4dd2f2982441b22018532981c296d4494ba825725d89b9ad0,included,housing_social_welfare_leaf,1.0.0,social_welfare,1.0.0,metric,ir_violation_count,,0.0,count,{},ok,valid,[],"[""event_00000219""]",evaluation_receipt,episode_attempt_0e10aaa66c364173e77b,9d2ffb69115597b4dd2f2982441b22018532981c296d4494ba825725d89b9ad0,true
result_15091b963cd58d4c7022b1a7,runplan_14ad6ddb11ef0455,cell_68bd7a0109761eb821fb,housing_v1__experiment__000006,housing_v1,housing_controlled_model_landlords_experiment,episode_attempt_0e10aaa66c364173e77b,9d2ffb69115597b4dd2f2982441b22018532981c296d4494ba825725d89b9ad0,included,housing_social_welfare_leaf,1.0.0,social_welfare,1.0.0,metric,social_welfare,,1589.29,utility_points,{},ok,valid,[],"[""event_00000219""]",evaluation_receipt,episode_attempt_0e10aaa66c364173e77b,9d2ffb69115597b4dd2f2982441b22018532981c296d4494ba825725d89b9ad0,true
result_6803c4fb849dd570c22b1b6b,runplan_14ad6ddb11ef0455,cell_68bd7a0109761eb821fb,housing_v1__experiment__000006,housing_v1,housing_controlled_model_landlords_experiment,episode_attempt_0e10aaa66c364173e77b,9d2ffb69115597b4dd2f2982441b22018532981c296d4494ba825725d89b9ad0,included,housing_social_welfare_leaf,1.0.0,social_welfare,1.0.0,metric,upper_bound_gap,,49.069999999999936,utility_points,{},ok,valid,[],"[""event_00000219""]",evaluation_receipt,episode_attempt_0e10aaa66c364173e77b,9d2ffb69115597b4dd2f2982441b22018532981c296d4494ba825725d89b9ad0,true
result_ecce18b1268c2a2d872fadef,runplan_14ad6ddb11ef0455,cell_68bd7a0109761eb821fb,housing_v1__experiment__000006,housing_v1,housing_controlled_model_landlords_experiment,episode_attempt_0e10aaa66c364173e77b,9d2ffb69115597b4dd2f2982441b22018532981c296d4494ba825725d89b9ad0,included,housing_social_welfare_leaf,1.0.0,social_welfare,1.0.0,metric,wasted_contacts,,4.0,count,{},ok,valid,[],"[""event_00000219""]",evaluation_receipt,episode_attempt_0e10aaa66c364173e77b,9d2ffb69115597b4dd2f2982441b22018532981c296d4494ba825725d89b9ad0,true
result_429a1786952af2d5f9ccb252,runplan_14ad6ddb11ef0455,cell_68bd7a0109761eb821fb,housing_v1__experiment__000006,housing_v1,housing_controlled_model_landlords_experiment,episode_attempt_0e10aaa66c364173e77b,9d2ffb69115597b4dd2f2982441b22018532981c296d4494ba825725d89b9ad0,included,housing_social_welfare_leaf,1.0.0,social_welfare,1.0.0,metric,within_case_score,,0.9700493176102932,ratio,{},ok,valid,[],"[""event_00000219""]",evaluation_receipt,episode_attempt_0e10aaa66c364173e77b,9d2ffb69115597b4dd2f2982441b22018532981c296d4494ba825725d89b9ad0,true
result_b5ad4feb7858e31db63b4331,runplan_14ad6ddb11ef0455,cell_68bd7a0109761eb821fb,housing_v1__experiment__000006,housing_v1,housing_controlled_model_landlords_experiment,episode_attempt_0e10aaa66c364173e77b,9d2ffb69115597b4dd2f2982441b22018532981c296d4494ba825725d89b9ad0,included,housing_social_welfare_leaf,1.0.0,social_welfare,1.0.0,reference,comparison_baseline,,1566.56,utility_points,"{""policy"":""naive"",""reference_kind"":""comparison_baseline""}",ok,valid,[],"[""event_00000219""]",evaluation_receipt,episode_attempt_0e10aaa66c364173e77b,9d2ffb69115597b4dd2f2982441b22018532981c296d4494ba825725d89b9ad0,true
result_74f8523bed08feb2935a4bcf,runplan_14ad6ddb11ef0455,cell_68bd7a0109761eb821fb,housing_v1__experiment__000006,housing_v1,housing_controlled_model_landlords_experiment,episode_attempt_0e10aaa66c364173e77b,9d2ffb69115597b4dd2f2982441b22018532981c296d4494ba825725d89b9ad0,included,housing_social_welfare_leaf,1.0.0,social_welfare,1.0.0,reference,optimum_lower_bound,,0.0,utility_points,"{""policy"":""do_nothing"",""reference_kind"":""objective_lower_bound""}",ok,valid,[],"[""event_00000219""]",evaluation_receipt,episode_attempt_0e10aaa66c364173e77b,9d2ffb69115597b4dd2f2982441b22018532981c296d4494ba825725d89b9ad0,true
result_5c1f713cadeefd7db5de520a,runplan_14ad6ddb11ef0455,cell_68bd7a0109761eb821fb,housing_v1__experiment__000006,housing_v1,housing_controlled_model_landlords_experiment,episode_attempt_0e10aaa66c364173e77b,9d2ffb69115597b4dd2f2982441b22018532981c296d4494ba825725d89b9ad0,included,housing_social_welfare_leaf,1.0.0,social_welfare,1.0.0,reference,optimum_upper_bound,,1638.36,utility_points,"{""reference_kind"":""objective_upper_bound"",""semantics"":""full_information_allocation_relaxation""}",ok,valid,[],"[""event_00000219""]",evaluation_receipt,episode_attempt_0e10aaa66c364173e77b,9d2ffb69115597b4dd2f2982441b22018532981c296d4494ba825725d89b9ad0,true
result_43dea5265914b7db0a57abee,runplan_14ad6ddb11ef0455,cell_68bd7a0109761eb821fb,housing_v1__experiment__000006,housing_v1,housing_controlled_model_landlords_experiment,episode_attempt_0e10aaa66c364173e77b,9d2ffb69115597b4dd2f2982441b22018532981c296d4494ba825725d89b9ad0,included,housing_social_welfare_leaf,1.0.0,social_welfare,1.0.0,utility,landlord_0,landlord_0,31.31,utility_points,"{""disagreement_utility"":0.0}",ok,valid,[],"[""event_00000219""]",evaluation_receipt,episode_attempt_0e10aaa66c364173e77b,9d2ffb69115597b4dd2f2982441b22018532981c296d4494ba825725d89b9ad0,true
result_c87a463eb07672d55849d10f,runplan_14ad6ddb11ef0455,cell_68bd7a0109761eb821fb,housing_v1__experiment__000006,housing_v1,housing_controlled_model_landlords_experiment,episode_attempt_0e10aaa66c364173e77b,9d2ffb69115597b4dd2f2982441b22018532981c296d4494ba825725d89b9ad0,included,housing_social_welfare_leaf,1.0.0,social_welfare,1.0.0,utility,landlord_1,landlord_1,100.73,utility_points,"{""disagreement_utility"":0.0}",ok,valid,[],"[""event_00000219""]",evaluation_receipt,episode_attempt_0e10aaa66c364173e77b,9d2ffb69115597b4dd2f2982441b22018532981c296d4494ba825725d89b9ad0,true
result_8410d73da832e795d5d71910,runplan_14ad6ddb11ef0455,cell_68bd7a0109761eb821fb,housing_v1__experiment__000006,housing_v1,housing_controlled_model_landlords_experiment,episode_attempt_0e10aaa66c364173e77b,9d2ffb69115597b4dd2f2982441b22018532981c296d4494ba825725d89b9ad0,included,housing_social_welfare_leaf,1.0.0,social_welfare,1.0.0,utility,landlord_2,landlord_2,60.53,utility_points,"{""disagreement_utility"":0.0}",ok,valid,[],"[""event_00000219""]",evaluation_receipt,episode_attempt_0e10aaa66c364173e77b,9d2ffb69115597b4dd2f2982441b22018532981c296d4494ba825725d89b9ad0,true
result_96cdc7cbddd03dd531cc7c92,runplan_14ad6ddb11ef0455,cell_68bd7a0109761eb821fb,housing_v1__experiment__000006,housing_v1,housing_controlled_model_landlords_experiment,episode_attempt_0e10aaa66c364173e77b,9d2ffb69115597b4dd2f2982441b22018532981c296d4494ba825725d89b9ad0,included,housing_social_welfare_leaf,1.0.0,social_welfare,1.0.0,utility,landlord_3,landlord_3,44.83,utility_points,"{""disagreement_utility"":0.0}",ok,valid,[],"[""event_00000219""]",evaluation_receipt,episode_attempt_0e10aaa66c364173e77b,9d2ffb69115597b4dd2f2982441b22018532981c296d4494ba825725d89b9ad0,true
result_06810d841fb5c7a95ca2b297,runplan_14ad6ddb11ef0455,cell_68bd7a0109761eb821fb,housing_v1__experiment__000006,housing_v1,housing_controlled_model_landlords_experiment,episode_attempt_0e10aaa66c364173e77b,9d2ffb69115597b4dd2f2982441b22018532981c296d4494ba825725d89b9ad0,included,housing_social_welfare_leaf,1.0.0,social_welfare,1.0.0,utility,landlord_4,landlord_4,0.0,utility_points,"{""disagreement_utility"":0.0}",ok,valid,[],"[""event_00000219""]",evaluation_receipt,episode_attempt_0e10aaa66c364173e77b,9d2ffb69115597b4dd2f2982441b22018532981c296d4494ba825725d89b9ad0,true
result_65d49927a3b4f05afd89d158,runplan_14ad6ddb11ef0455,cell_68bd7a0109761eb821fb,housing_v1__experiment__000006,housing_v1,housing_controlled_model_landlords_experiment,episode_attempt_0e10aaa66c364173e77b,9d2ffb69115597b4dd2f2982441b22018532981c296d4494ba825725d89b9ad0,included,housing_social_welfare_leaf,1.0.0,social_welfare,1.0.0,utility,tenant_0,tenant_0,199.66,utility_points,"{""disagreement_utility"":0.0}",ok,valid,[],"[""event_00000219""]",evaluation_receipt,episode_attempt_0e10aaa66c364173e77b,9d2ffb69115597b4dd2f2982441b22018532981c296d4494ba825725d89b9ad0,true
result_d1c80003d6ffddfe34aa092f,runplan_14ad6ddb11ef0455,cell_68bd7a0109761eb821fb,housing_v1__experiment__000006,housing_v1,housing_controlled_model_landlords_experiment,episode_attempt_0e10aaa66c364173e77b,9d2ffb69115597b4dd2f2982441b22018532981c296d4494ba825725d89b9ad0,included,housing_social_welfare_leaf,1.0.0,social_welfare,1.0.0,utility,tenant_1,tenant_1,600.31,utility_points,"{""disagreement_utility"":0.0}",ok,valid,[],"[""event_00000219""]",evaluation_receipt,episode_attempt_0e10aaa66c364173e77b,9d2ffb69115597b4dd2f2982441b22018532981c296d4494ba825725d89b9ad0,true
result_c90ccf69e37f73cb777d4825,runplan_14ad6ddb11ef0455,cell_68bd7a0109761eb821fb,housing_v1__experiment__000006,housing_v1,housing_controlled_model_landlords_experiment,episode_attempt_0e10aaa66c364173e77b,9d2ffb69115597b4dd2f2982441b22018532981c296d4494ba825725d89b9ad0,included,housing_social_welfare_leaf,1.0.0,social_welfare,1.0.0,utility,tenant_2,tenant_2,549.76,utility_points,"{""disagreement_utility"":0.0}",ok,valid,[],"[""event_00000219""]",evaluation_receipt,episode_attempt_0e10aaa66c364173e77b,9d2ffb69115597b4dd2f2982441b22018532981c296d4494ba825725d89b9ad0,true
result_21005212ac878bfdd661550c,runplan_14ad6ddb11ef0455,cell_68bd7a0109761eb821fb,housing_v1__experiment__000006,housing_v1,housing_controlled_model_landlords_experiment,episode_attempt_0e10aaa66c364173e77b,9d2ffb69115597b4dd2f2982441b22018532981c296d4494ba825725d89b9ad0,included,housing_social_welfare_leaf,1.0.0,social_welfare,1.0.0,utility,tenant_3,tenant_3,0.0,utility_points,"{""disagreement_utility"":0.0}",ok,valid,[],"[""event_00000219""]",evaluation_receipt,episode_attempt_0e10aaa66c364173e77b,9d2ffb69115597b4dd2f2982441b22018532981c296d4494ba825725d89b9ad0,true
result_e81dea0317abf6dbd022a167,runplan_14ad6ddb11ef0455,cell_68bd7a0109761eb821fb,housing_v1__experiment__000006,housing_v1,housing_controlled_model_landlords_experiment,episode_attempt_0e10aaa66c364173e77b,9d2ffb69115597b4dd2f2982441b22018532981c296d4494ba825725d89b9ad0,included,housing_social_welfare_leaf,1.0.0,social_welfare,1.0.0,utility,tenant_4,tenant_4,2.16,utility_points,"{""disagreement_utility"":0.0}",ok,valid,[],"[""event_00000219""]",evaluation_receipt,episode_attempt_0e10aaa66c364173e77b,9d2ffb69115597b4dd2f2982441b22018532981c296d4494ba825725d89b9ad0,true
result_9ed009cdf05f8edefb1d33e4,runplan_14ad6ddb11ef0455,cell_68bd7a0109761eb821fb,housing_v1__experiment__000006,housing_v1,housing_controlled_model_landlords_experiment,episode_attempt_0e10aaa66c364173e77b,9d2ffb69115597b4dd2f2982441b22018532981c296d4494ba825725d89b9ad0,included,housing_social_welfare_leaf,1.0.0,social_welfare,1.0.0,utility,tenant_5,tenant_5,0.0,utility_points,"{""disagreement_utility"":0.0}",ok,valid,[],"[""event_00000219""]",evaluation_receipt,episode_attempt_0e10aaa66c364173e77b,9d2ffb69115597b4dd2f2982441b22018532981c296d4494ba825725d89b9ad0,true
result_62f01dba744389ec52cf828d,runplan_14ad6ddb11ef0455,cell_68bd7a0109761eb821fb,housing_v1__experiment__000006,housing_v1,housing_controlled_model_landlords_experiment,episode_attempt_0e10aaa66c364173e77b,9d2ffb69115597b4dd2f2982441b22018532981c296d4494ba825725d89b9ad0,included,housing_social_welfare_leaf,1.0.0,social_welfare,1.0.0,capture,landlord_0,landlord_0,31.31,utility_points,"{""disagreement_utility"":0.0}",ok,valid,[],"[""event_00000219""]",evaluation_receipt,episode_attempt_0e10aaa66c364173e77b,9d2ffb69115597b4dd2f2982441b22018532981c296d4494ba825725d89b9ad0,true
result_9945745020963fa611c379f3,runplan_14ad6ddb11ef0455,cell_68bd7a0109761eb821fb,housing_v1__experiment__000006,housing_v1,housing_controlled_model_landlords_experiment,episode_attempt_0e10aaa66c364173e77b,9d2ffb69115597b4dd2f2982441b22018532981c296d4494ba825725d89b9ad0,included,housing_social_welfare_leaf,1.0.0,social_welfare,1.0.0,capture,landlord_1,landlord_1,100.73,utility_points,"{""disagreement_utility"":0.0}",ok,valid,[],"[""event_00000219""]",evaluation_receipt,episode_attempt_0e10aaa66c364173e77b,9d2ffb69115597b4dd2f2982441b22018532981c296d4494ba825725d89b9ad0,true
result_1f28cc9f8160054b7bed1bdf,runplan_14ad6ddb11ef0455,cell_68bd7a0109761eb821fb,housing_v1__experiment__000006,housing_v1,housing_controlled_model_landlords_experiment,episode_attempt_0e10aaa66c364173e77b,9d2ffb69115597b4dd2f2982441b22018532981c296d4494ba825725d89b9ad0,included,housing_social_welfare_leaf,1.0.0,social_welfare,1.0.0,capture,landlord_2,landlord_2,60.53,utility_points,"{""disagreement_utility"":0.0}",ok,valid,[],"[""event_00000219""]",evaluation_receipt,episode_attempt_0e10aaa66c364173e77b,9d2ffb69115597b4dd2f2982441b22018532981c296d4494ba825725d89b9ad0,true
result_1a2c767fe9e6f2ca52ce327c,runplan_14ad6ddb11ef0455,cell_68bd7a0109761eb821fb,housing_v1__experiment__000006,housing_v1,housing_controlled_model_landlords_experiment,episode_attempt_0e10aaa66c364173e77b,9d2ffb69115597b4dd2f2982441b22018532981c296d4494ba825725d89b9ad0,included,housing_social_welfare_leaf,1.0.0,social_welfare,1.0.0,capture,landlord_3,landlord_3,44.83,utility_points,"{""disagreement_utility"":0.0}",ok,valid,[],"[""event_00000219""]",evaluation_receipt,episode_attempt_0e10aaa66c364173e77b,9d2ffb69115597b4dd2f2982441b22018532981c296d4494ba825725d89b9ad0,true
result_265d7e2587eb391c32337b2a,runplan_14ad6ddb11ef0455,cell_68bd7a0109761eb821fb,housing_v1__experiment__000006,housing_v1,housing_controlled_model_landlords_experiment,episode_attempt_0e10aaa66c364173e77b,9d2ffb69115597b4dd2f2982441b22018532981c296d4494ba825725d89b9ad0,included,housing_social_welfare_leaf,1.0.0,social_welfare,1.0.0,capture,landlord_4,landlord_4,0.0,utility_points,"{""disagreement_utility"":0.0}",ok,valid,[],"[""event_00000219""]",evaluation_receipt,episode_attempt_0e10aaa66c364173e77b,9d2ffb69115597b4dd2f2982441b22018532981c296d4494ba825725d89b9ad0,true
result_a4c73af877fd52ff40e3d0c8,runplan_14ad6ddb11ef0455,cell_68bd7a0109761eb821fb,housing_v1__experiment__000006,housing_v1,housing_controlled_model_landlords_experiment,episode_attempt_0e10aaa66c364173e77b,9d2ffb69115597b4dd2f2982441b22018532981c296d4494ba825725d89b9ad0,included,housing_social_welfare_leaf,1.0.0,social_welfare,1.0.0,capture,tenant_0,tenant_0,199.66,utility_points,"{""disagreement_utility"":0.0}",ok,valid,[],"[""event_00000219""]",evaluation_receipt,episode_attempt_0e10aaa66c364173e77b,9d2ffb69115597b4dd2f2982441b22018532981c296d4494ba825725d89b9ad0,true
result_1df906d409dccf20be884235,runplan_14ad6ddb11ef0455,cell_68bd7a0109761eb821fb,housing_v1__experiment__000006,housing_v1,housing_controlled_model_landlords_experiment,episode_attempt_0e10aaa66c364173e77b,9d2ffb69115597b4dd2f2982441b22018532981c296d4494ba825725d89b9ad0,included,housing_social_welfare_leaf,1.0.0,social_welfare,1.0.0,capture,tenant_1,tenant_1,600.31,utility_points,"{""disagreement_utility"":0.0}",ok,valid,[],"[""event_00000219""]",evaluation_receipt,episode_attempt_0e10aaa66c364173e77b,9d2ffb69115597b4dd2f2982441b22018532981c296d4494ba825725d89b9ad0,true
result_6bce5507d1308cf6ae90716f,runplan_14ad6ddb11ef0455,cell_68bd7a0109761eb821fb,housing_v1__experiment__000006,housing_v1,housing_controlled_model_landlords_experiment,episode_attempt_0e10aaa66c364173e77b,9d2ffb69115597b4dd2f2982441b22018532981c296d4494ba825725d89b9ad0,included,housing_social_welfare_leaf,1.0.0,social_welfare,1.0.0,capture,tenant_2,tenant_2,549.76,utility_points,"{""disagreement_utility"":0.0}",ok,valid,[],"[""event_00000219""]",evaluation_receipt,episode_attempt_0e10aaa66c364173e77b,9d2ffb69115597b4dd2f2982441b22018532981c296d4494ba825725d89b9ad0,true
result_960ab989bc77df4cd52dc581,runplan_14ad6ddb11ef0455,cell_68bd7a0109761eb821fb,housing_v1__experiment__000006,housing_v1,housing_controlled_model_landlords_experiment,episode_attempt_0e10aaa66c364173e77b,9d2ffb69115597b4dd2f2982441b22018532981c296d4494ba825725d89b9ad0,included,housing_social_welfare_leaf,1.0.0,social_welfare,1.0.0,capture,tenant_3,tenant_3,0.0,utility_points,"{""disagreement_utility"":0.0}",ok,valid,[],"[""event_00000219""]",evaluation_receipt,episode_attempt_0e10aaa66c364173e77b,9d2ffb69115597b4dd2f2982441b22018532981c296d4494ba825725d89b9ad0,true
result_7db9b90b0984e0ab7da5c706,runplan_14ad6ddb11ef0455,cell_68bd7a0109761eb821fb,housing_v1__experiment__000006,housing_v1,housing_controlled_model_landlords_experiment,episode_attempt_0e10aaa66c364173e77b,9d2ffb69115597b4dd2f2982441b22018532981c296d4494ba825725d89b9ad0,included,housing_social_welfare_leaf,1.0.0,social_welfare,1.0.0,capture,tenant_4,tenant_4,2.16,utility_points,"{""disagreement_utility"":0.0}",ok,valid,[],"[""event_00000219""]",evaluation_receipt,episode_attempt_0e10aaa66c364173e77b,9d2ffb69115597b4dd2f2982441b22018532981c296d4494ba825725d89b9ad0,true
result_e0acf3e4f976b5be4ed337ad,runplan_14ad6ddb11ef0455,cell_68bd7a0109761eb821fb,housing_v1__experiment__000006,housing_v1,housing_controlled_model_landlords_experiment,episode_attempt_0e10aaa66c364173e77b,9d2ffb69115597b4dd2f2982441b22018532981c296d4494ba825725d89b9ad0,included,housing_social_welfare_leaf,1.0.0,social_welfare,1.0.0,capture,tenant_5,tenant_5,0.0,utility_points,"{""disagreement_utility"":0.0}",ok,valid,[],"[""event_00000219""]",evaluation_receipt,episode_attempt_0e10aaa66c364173e77b,9d2ffb69115597b4dd2f2982441b22018532981c296d4494ba825725d89b9ad0,true
result_b484de6e5c5d27ec483b0359,runplan_14ad6ddb11ef0455,cell_6d81e5f9becc80cff492,housing_v1__experiment__000008,housing_v1,housing_controlled_model_landlords_experiment,episode_attempt_8328d4613562451011aa,07faf38c21ddaae25e9e3b5527c4337c3426005f265a5031bdf13e41b418fc7a,included,housing_social_welfare_leaf,1.0.0,social_welfare,1.0.0,primary,social_welfare,,1102.56,utility_points,{},ok,valid,[],"[""event_00000291""]",evaluation_receipt,episode_attempt_8328d4613562451011aa,07faf38c21ddaae25e9e3b5527c4337c3426005f265a5031bdf13e41b418fc7a,true
result_e3e43dd7efb908f26274ab37,runplan_14ad6ddb11ef0455,cell_6d81e5f9becc80cff492,housing_v1__experiment__000008,housing_v1,housing_controlled_model_landlords_experiment,episode_attempt_8328d4613562451011aa,07faf38c21ddaae25e9e3b5527c4337c3426005f265a5031bdf13e41b418fc7a,included,housing_social_welfare_leaf,1.0.0,social_welfare,1.0.0,metric,comparison_baseline_gap,,150.26999999999998,utility_points,{},ok,valid,[],"[""event_00000291""]",evaluation_receipt,episode_attempt_8328d4613562451011aa,07faf38c21ddaae25e9e3b5527c4337c3426005f265a5031bdf13e41b418fc7a,true
result_2d8facc18b3dc3a2d5423b55,runplan_14ad6ddb11ef0455,cell_6d81e5f9becc80cff492,housing_v1__experiment__000008,housing_v1,housing_controlled_model_landlords_experiment,episode_attempt_8328d4613562451011aa,07faf38c21ddaae25e9e3b5527c4337c3426005f265a5031bdf13e41b418fc7a,included,housing_social_welfare_leaf,1.0.0,social_welfare,1.0.0,metric,ir_violation_count,,0.0,count,{},ok,valid,[],"[""event_00000291""]",evaluation_receipt,episode_attempt_8328d4613562451011aa,07faf38c21ddaae25e9e3b5527c4337c3426005f265a5031bdf13e41b418fc7a,true
result_05e57a7fc49d657379aa4980,runplan_14ad6ddb11ef0455,cell_6d81e5f9becc80cff492,housing_v1__experiment__000008,housing_v1,housing_controlled_model_landlords_experiment,episode_attempt_8328d4613562451011aa,07faf38c21ddaae25e9e3b5527c4337c3426005f265a5031bdf13e41b418fc7a,included,housing_social_welfare_leaf,1.0.0,social_welfare,1.0.0,metric,social_welfare,,1102.56,utility_points,{},ok,valid,[],"[""event_00000291""]",evaluation_receipt,episode_attempt_8328d4613562451011aa,07faf38c21ddaae25e9e3b5527c4337c3426005f265a5031bdf13e41b418fc7a,true
result_e3d5461f3ee885ad25b0cbb5,runplan_14ad6ddb11ef0455,cell_6d81e5f9becc80cff492,housing_v1__experiment__000008,housing_v1,housing_controlled_model_landlords_experiment,episode_attempt_8328d4613562451011aa,07faf38c21ddaae25e9e3b5527c4337c3426005f265a5031bdf13e41b418fc7a,included,housing_social_welfare_leaf,1.0.0,social_welfare,1.0.0,metric,upper_bound_gap,,127.94000000000005,utility_points,{},ok,valid,[],"[""event_00000291""]",evaluation_receipt,episode_attempt_8328d4613562451011aa,07faf38c21ddaae25e9e3b5527c4337c3426005f265a5031bdf13e41b418fc7a,true
result_c09b85be7ac3a65bfe13d95b,runplan_14ad6ddb11ef0455,cell_6d81e5f9becc80cff492,housing_v1__experiment__000008,housing_v1,housing_controlled_model_landlords_experiment,episode_attempt_8328d4613562451011aa,07faf38c21ddaae25e9e3b5527c4337c3426005f265a5031bdf13e41b418fc7a,included,housing_social_welfare_leaf,1.0.0,social_welfare,1.0.0,metric,wasted_contacts,,7.0,count,{},ok,valid,[],"[""event_00000291""]",evaluation_receipt,episode_attempt_8328d4613562451011aa,07faf38c21ddaae25e9e3b5527c4337c3426005f265a5031bdf13e41b418fc7a,true
result_7eaeb08e3e391b003823b9ea,runplan_14ad6ddb11ef0455,cell_6d81e5f9becc80cff492,housing_v1__experiment__000008,housing_v1,housing_controlled_model_landlords_experiment,episode_attempt_8328d4613562451011aa,07faf38c21ddaae25e9e3b5527c4337c3426005f265a5031bdf13e41b418fc7a,included,housing_social_welfare_leaf,1.0.0,social_welfare,1.0.0,metric,within_case_score,,0.8960260056887444,ratio,{},ok,valid,[],"[""event_00000291""]",evaluation_receipt,episode_attempt_8328d4613562451011aa,07faf38c21ddaae25e9e3b5527c4337c3426005f265a5031bdf13e41b418fc7a,true
result_151cd9a44541406d11138a4d,runplan_14ad6ddb11ef0455,cell_6d81e5f9becc80cff492,housing_v1__experiment__000008,housing_v1,housing_controlled_model_landlords_experiment,episode_attempt_8328d4613562451011aa,07faf38c21ddaae25e9e3b5527c4337c3426005f265a5031bdf13e41b418fc7a,included,housing_social_welfare_leaf,1.0.0,social_welfare,1.0.0,reference,comparison_baseline,,952.29,utility_points,"{""policy"":""naive"",""reference_kind"":""comparison_baseline""}",ok,valid,[],"[""event_00000291""]",evaluation_receipt,episode_attempt_8328d4613562451011aa,07faf38c21ddaae25e9e3b5527c4337c3426005f265a5031bdf13e41b418fc7a,true
result_f9444db9033736f48e91d64d,runplan_14ad6ddb11ef0455,cell_6d81e5f9becc80cff492,housing_v1__experiment__000008,housing_v1,housing_controlled_model_landlords_experiment,episode_attempt_8328d4613562451011aa,07faf38c21ddaae25e9e3b5527c4337c3426005f265a5031bdf13e41b418fc7a,included,housing_social_welfare_leaf,1.0.0,social_welfare,1.0.0,reference,optimum_lower_bound,,0.0,utility_points,"{""policy"":""do_nothing"",""reference_kind"":""objective_lower_bound""}",ok,valid,[],"[""event_00000291""]",evaluation_receipt,episode_attempt_8328d4613562451011aa,07faf38c21ddaae25e9e3b5527c4337c3426005f265a5031bdf13e41b418fc7a,true
result_443f43f6a98db9dd1476f4c1,runplan_14ad6ddb11ef0455,cell_6d81e5f9becc80cff492,housing_v1__experiment__000008,housing_v1,housing_controlled_model_landlords_experiment,episode_attempt_8328d4613562451011aa,07faf38c21ddaae25e9e3b5527c4337c3426005f265a5031bdf13e41b418fc7a,included,housing_social_welfare_leaf,1.0.0,social_welfare,1.0.0,reference,optimum_upper_bound,,1230.5,utility_points,"{""reference_kind"":""objective_upper_bound"",""semantics"":""full_information_allocation_relaxation""}",ok,valid,[],"[""event_00000291""]",evaluation_receipt,episode_attempt_8328d4613562451011aa,07faf38c21ddaae25e9e3b5527c4337c3426005f265a5031bdf13e41b418fc7a,true
result_1e71293ccea40d6f8da8a89a,runplan_14ad6ddb11ef0455,cell_6d81e5f9becc80cff492,housing_v1__experiment__000008,housing_v1,housing_controlled_model_landlords_experiment,episode_attempt_8328d4613562451011aa,07faf38c21ddaae25e9e3b5527c4337c3426005f265a5031bdf13e41b418fc7a,included,housing_social_welfare_leaf,1.0.0,social_welfare,1.0.0,utility,landlord_0,landlord_0,0.0,utility_points,"{""disagreement_utility"":0.0}",ok,valid,[],"[""event_00000291""]",evaluation_receipt,episode_attempt_8328d4613562451011aa,07faf38c21ddaae25e9e3b5527c4337c3426005f265a5031bdf13e41b418fc7a,true
result_697c8a995ca313af56d3995a,runplan_14ad6ddb11ef0455,cell_6d81e5f9becc80cff492,housing_v1__experiment__000008,housing_v1,housing_controlled_model_landlords_experiment,episode_attempt_8328d4613562451011aa,07faf38c21ddaae25e9e3b5527c4337c3426005f265a5031bdf13e41b418fc7a,included,housing_social_welfare_leaf,1.0.0,social_welfare,1.0.0,utility,landlord_1,landlord_1,50.51,utility_points,"{""disagreement_utility"":0.0}",ok,valid,[],"[""event_00000291""]",evaluation_receipt,episode_attempt_8328d4613562451011aa,07faf38c21ddaae25e9e3b5527c4337c3426005f265a5031bdf13e41b418fc7a,true
result_856e7aaa4a6ea46a470bc79a,runplan_14ad6ddb11ef0455,cell_6d81e5f9becc80cff492,housing_v1__experiment__000008,housing_v1,housing_controlled_model_landlords_experiment,episode_attempt_8328d4613562451011aa,07faf38c21ddaae25e9e3b5527c4337c3426005f265a5031bdf13e41b418fc7a,included,housing_social_welfare_leaf,1.0.0,social_welfare,1.0.0,utility,landlord_2,landlord_2,0.0,utility_points,"{""disagreement_utility"":0.0}",ok,valid,[],"[""event_00000291""]",evaluation_receipt,episode_attempt_8328d4613562451011aa,07faf38c21ddaae25e9e3b5527c4337c3426005f265a5031bdf13e41b418fc7a,true
result_7a2a518bee6b85ac5b934e89,runplan_14ad6ddb11ef0455,cell_6d81e5f9becc80cff492,housing_v1__experiment__000008,housing_v1,housing_controlled_model_landlords_experiment,episode_attempt_8328d4613562451011aa,07faf38c21ddaae25e9e3b5527c4337c3426005f265a5031bdf13e41b418fc7a,included,housing_social_welfare_leaf,1.0.0,social_welfare,1.0.0,utility,landlord_3,landlord_3,107.98,utility_points,"{""disagreement_utility"":0.0}",ok,valid,[],"[""event_00000291""]",evaluation_receipt,episode_attempt_8328d4613562451011aa,07faf38c21ddaae25e9e3b5527c4337c3426005f265a5031bdf13e41b418fc7a,true
result_47ca1a939e16a6a4a120954a,runplan_14ad6ddb11ef0455,cell_6d81e5f9becc80cff492,housing_v1__experiment__000008,housing_v1,housing_controlled_model_landlords_experiment,episode_attempt_8328d4613562451011aa,07faf38c21ddaae25e9e3b5527c4337c3426005f265a5031bdf13e41b418fc7a,included,housing_social_welfare_leaf,1.0.0,social_welfare,1.0.0,utility,landlord_4,landlord_4,60.91,utility_points,"{""disagreement_utility"":0.0}",ok,valid,[],"[""event_00000291""]",evaluation_receipt,episode_attempt_8328d4613562451011aa,07faf38c21ddaae25e9e3b5527c4337c3426005f265a5031bdf13e41b418fc7a,true
result_349f80b8536ee2479a590b83,runplan_14ad6ddb11ef0455,cell_6d81e5f9becc80cff492,housing_v1__experiment__000008,housing_v1,housing_controlled_model_landlords_experiment,episode_attempt_8328d4613562451011aa,07faf38c21ddaae25e9e3b5527c4337c3426005f265a5031bdf13e41b418fc7a,included,housing_social_welfare_leaf,1.0.0,social_welfare,1.0.0,utility,tenant_0,tenant_0,109.9,utility_points,"{""disagreement_utility"":0.0}",ok,valid,[],"[""event_00000291""]",evaluation_receipt,episode_attempt_8328d4613562451011aa,07faf38c21ddaae25e9e3b5527c4337c3426005f265a5031bdf13e41b418fc7a,true
result_8f84b01e3c79f1d417f0955d,runplan_14ad6ddb11ef0455,cell_6d81e5f9becc80cff492,housing_v1__experiment__000008,housing_v1,housing_controlled_model_landlords_experiment,episode_attempt_8328d4613562451011aa,07faf38c21ddaae25e9e3b5527c4337c3426005f265a5031bdf13e41b418fc7a,included,housing_social_welfare_leaf,1.0.0,social_welfare,1.0.0,utility,tenant_1,tenant_1,375.73,utility_points,"{""disagreement_utility"":0.0}",ok,valid,[],"[""event_00000291""]",evaluation_receipt,episode_attempt_8328d4613562451011aa,07faf38c21ddaae25e9e3b5527c4337c3426005f265a5031bdf13e41b418fc7a,true
result_b7922bdbebbea1b8ea7cb028,runplan_14ad6ddb11ef0455,cell_6d81e5f9becc80cff492,housing_v1__experiment__000008,housing_v1,housing_controlled_model_landlords_experiment,episode_attempt_8328d4613562451011aa,07faf38c21ddaae25e9e3b5527c4337c3426005f265a5031bdf13e41b418fc7a,included,housing_social_welfare_leaf,1.0.0,social_welfare,1.0.0,utility,tenant_2,tenant_2,0.0,utility_points,"{""disagreement_utility"":0.0}",ok,valid,[],"[""event_00000291""]",evaluation_receipt,episode_attempt_8328d4613562451011aa,07faf38c21ddaae25e9e3b5527c4337c3426005f265a5031bdf13e41b418fc7a,true
result_b686174ed20aa1e8e16b34eb,runplan_14ad6ddb11ef0455,cell_6d81e5f9becc80cff492,housing_v1__experiment__000008,housing_v1,housing_controlled_model_landlords_experiment,episode_attempt_8328d4613562451011aa,07faf38c21ddaae25e9e3b5527c4337c3426005f265a5031bdf13e41b418fc7a,included,housing_social_welfare_leaf,1.0.0,social_welfare,1.0.0,utility,tenant_3,tenant_3,0.0,utility_points,"{""disagreement_utility"":0.0}",ok,valid,[],"[""event_00000291""]",evaluation_receipt,episode_attempt_8328d4613562451011aa,07faf38c21ddaae25e9e3b5527c4337c3426005f265a5031bdf13e41b418fc7a,true
result_40e59c13af2575d4200a4c9f,runplan_14ad6ddb11ef0455,cell_6d81e5f9becc80cff492,housing_v1__experiment__000008,housing_v1,housing_controlled_model_landlords_experiment,episode_attempt_8328d4613562451011aa,07faf38c21ddaae25e9e3b5527c4337c3426005f265a5031bdf13e41b418fc7a,included,housing_social_welfare_leaf,1.0.0,social_welfare,1.0.0,utility,tenant_4,tenant_4,397.53,utility_points,"{""disagreement_utility"":0.0}",ok,valid,[],"[""event_00000291""]",evaluation_receipt,episode_attempt_8328d4613562451011aa,07faf38c21ddaae25e9e3b5527c4337c3426005f265a5031bdf13e41b418fc7a,true
result_dda7f56503793dc228636bed,runplan_14ad6ddb11ef0455,cell_6d81e5f9becc80cff492,housing_v1__experiment__000008,housing_v1,housing_controlled_model_landlords_experiment,episode_attempt_8328d4613562451011aa,07faf38c21ddaae25e9e3b5527c4337c3426005f265a5031bdf13e41b418fc7a,included,housing_social_welfare_leaf,1.0.0,social_welfare,1.0.0,utility,tenant_5,tenant_5,0.0,utility_points,"{""disagreement_utility"":0.0}",ok,valid,[],"[""event_00000291""]",evaluation_receipt,episode_attempt_8328d4613562451011aa,07faf38c21ddaae25e9e3b5527c4337c3426005f265a5031bdf13e41b418fc7a,true
result_2aad88b7268eb4a4e26b3baa,runplan_14ad6ddb11ef0455,cell_6d81e5f9becc80cff492,housing_v1__experiment__000008,housing_v1,housing_controlled_model_landlords_experiment,episode_attempt_8328d4613562451011aa,07faf38c21ddaae25e9e3b5527c4337c3426005f265a5031bdf13e41b418fc7a,included,housing_social_welfare_leaf,1.0.0,social_welfare,1.0.0,capture,landlord_0,landlord_0,0.0,utility_points,"{""disagreement_utility"":0.0}",ok,valid,[],"[""event_00000291""]",evaluation_receipt,episode_attempt_8328d4613562451011aa,07faf38c21ddaae25e9e3b5527c4337c3426005f265a5031bdf13e41b418fc7a,true
result_5ad8a360719983cab75c0d94,runplan_14ad6ddb11ef0455,cell_6d81e5f9becc80cff492,housing_v1__experiment__000008,housing_v1,housing_controlled_model_landlords_experiment,episode_attempt_8328d4613562451011aa,07faf38c21ddaae25e9e3b5527c4337c3426005f265a5031bdf13e41b418fc7a,included,housing_social_welfare_leaf,1.0.0,social_welfare,1.0.0,capture,landlord_1,landlord_1,50.51,utility_points,"{""disagreement_utility"":0.0}",ok,valid,[],"[""event_00000291""]",evaluation_receipt,episode_attempt_8328d4613562451011aa,07faf38c21ddaae25e9e3b5527c4337c3426005f265a5031bdf13e41b418fc7a,true
result_5c9fe49daa82cd18081d0347,runplan_14ad6ddb11ef0455,cell_6d81e5f9becc80cff492,housing_v1__experiment__000008,housing_v1,housing_controlled_model_landlords_experiment,episode_attempt_8328d4613562451011aa,07faf38c21ddaae25e9e3b5527c4337c3426005f265a5031bdf13e41b418fc7a,included,housing_social_welfare_leaf,1.0.0,social_welfare,1.0.0,capture,landlord_2,landlord_2,0.0,utility_points,"{""disagreement_utility"":0.0}",ok,valid,[],"[""event_00000291""]",evaluation_receipt,episode_attempt_8328d4613562451011aa,07faf38c21ddaae25e9e3b5527c4337c3426005f265a5031bdf13e41b418fc7a,true
result_0c994ab4e1a8091436e1addc,runplan_14ad6ddb11ef0455,cell_6d81e5f9becc80cff492,housing_v1__experiment__000008,housing_v1,housing_controlled_model_landlords_experiment,episode_attempt_8328d4613562451011aa,07faf38c21ddaae25e9e3b5527c4337c3426005f265a5031bdf13e41b418fc7a,included,housing_social_welfare_leaf,1.0.0,social_welfare,1.0.0,capture,landlord_3,landlord_3,107.98,utility_points,"{""disagreement_utility"":0.0}",ok,valid,[],"[""event_00000291""]",evaluation_receipt,episode_attempt_8328d4613562451011aa,07faf38c21ddaae25e9e3b5527c4337c3426005f265a5031bdf13e41b418fc7a,true
result_365f026b500dd80d8310fc6e,runplan_14ad6ddb11ef0455,cell_6d81e5f9becc80cff492,housing_v1__experiment__000008,housing_v1,housing_controlled_model_landlords_experiment,episode_attempt_8328d4613562451011aa,07faf38c21ddaae25e9e3b5527c4337c3426005f265a5031bdf13e41b418fc7a,included,housing_social_welfare_leaf,1.0.0,social_welfare,1.0.0,capture,landlord_4,landlord_4,60.91,utility_points,"{""disagreement_utility"":0.0}",ok,valid,[],"[""event_00000291""]",evaluation_receipt,episode_attempt_8328d4613562451011aa,07faf38c21ddaae25e9e3b5527c4337c3426005f265a5031bdf13e41b418fc7a,true
result_19a6776b4c0a2b4551792738,runplan_14ad6ddb11ef0455,cell_6d81e5f9becc80cff492,housing_v1__experiment__000008,housing_v1,housing_controlled_model_landlords_experiment,episode_attempt_8328d4613562451011aa,07faf38c21ddaae25e9e3b5527c4337c3426005f265a5031bdf13e41b418fc7a,included,housing_social_welfare_leaf,1.0.0,social_welfare,1.0.0,capture,tenant_0,tenant_0,109.9,utility_points,"{""disagreement_utility"":0.0}",ok,valid,[],"[""event_00000291""]",evaluation_receipt,episode_attempt_8328d4613562451011aa,07faf38c21ddaae25e9e3b5527c4337c3426005f265a5031bdf13e41b418fc7a,true
result_f446c96812e6e20eb89f2396,runplan_14ad6ddb11ef0455,cell_6d81e5f9becc80cff492,housing_v1__experiment__000008,housing_v1,housing_controlled_model_landlords_experiment,episode_attempt_8328d4613562451011aa,07faf38c21ddaae25e9e3b5527c4337c3426005f265a5031bdf13e41b418fc7a,included,housing_social_welfare_leaf,1.0.0,social_welfare,1.0.0,capture,tenant_1,tenant_1,375.73,utility_points,"{""disagreement_utility"":0.0}",ok,valid,[],"[""event_00000291""]",evaluation_receipt,episode_attempt_8328d4613562451011aa,07faf38c21ddaae25e9e3b5527c4337c3426005f265a5031bdf13e41b418fc7a,true
result_31b969c4b317ee9eaf6a64c6,runplan_14ad6ddb11ef0455,cell_6d81e5f9becc80cff492,housing_v1__experiment__000008,housing_v1,housing_controlled_model_landlords_experiment,episode_attempt_8328d4613562451011aa,07faf38c21ddaae25e9e3b5527c4337c3426005f265a5031bdf13e41b418fc7a,included,housing_social_welfare_leaf,1.0.0,social_welfare,1.0.0,capture,tenant_2,tenant_2,0.0,utility_points,"{""disagreement_utility"":0.0}",ok,valid,[],"[""event_00000291""]",evaluation_receipt,episode_attempt_8328d4613562451011aa,07faf38c21ddaae25e9e3b5527c4337c3426005f265a5031bdf13e41b418fc7a,true
result_d9ac5a435e5be227b3075ddf,runplan_14ad6ddb11ef0455,cell_6d81e5f9becc80cff492,housing_v1__experiment__000008,housing_v1,housing_controlled_model_landlords_experiment,episode_attempt_8328d4613562451011aa,07faf38c21ddaae25e9e3b5527c4337c3426005f265a5031bdf13e41b418fc7a,included,housing_social_welfare_leaf,1.0.0,social_welfare,1.0.0,capture,tenant_3,tenant_3,0.0,utility_points,"{""disagreement_utility"":0.0}",ok,valid,[],"[""event_00000291""]",evaluation_receipt,episode_attempt_8328d4613562451011aa,07faf38c21ddaae25e9e3b5527c4337c3426005f265a5031bdf13e41b418fc7a,true
result_4eb1d20956a096d0c28166f4,runplan_14ad6ddb11ef0455,cell_6d81e5f9becc80cff492,housing_v1__experiment__000008,housing_v1,housing_controlled_model_landlords_experiment,episode_attempt_8328d4613562451011aa,07faf38c21ddaae25e9e3b5527c4337c3426005f265a5031bdf13e41b418fc7a,included,housing_social_welfare_leaf,1.0.0,social_welfare,1.0.0,capture,tenant_4,tenant_4,397.53,utility_points,"{""disagreement_utility"":0.0}",ok,valid,[],"[""event_00000291""]",evaluation_receipt,episode_attempt_8328d4613562451011aa,07faf38c21ddaae25e9e3b5527c4337c3426005f265a5031bdf13e41b418fc7a,true
result_a3555dd6bc926e0b34f828e5,runplan_14ad6ddb11ef0455,cell_6d81e5f9becc80cff492,housing_v1__experiment__000008,housing_v1,housing_controlled_model_landlords_experiment,episode_attempt_8328d4613562451011aa,07faf38c21ddaae25e9e3b5527c4337c3426005f265a5031bdf13e41b418fc7a,included,housing_social_welfare_leaf,1.0.0,social_welfare,1.0.0,capture,tenant_5,tenant_5,0.0,utility_points,"{""disagreement_utility"":0.0}",ok,valid,[],"[""event_00000291""]",evaluation_receipt,episode_attempt_8328d4613562451011aa,07faf38c21ddaae25e9e3b5527c4337c3426005f265a5031bdf13e41b418fc7a,true
result_f27f2334db550a1d39b242ea,runplan_14ad6ddb11ef0455,cell_8c866ac01765b5692fd4,housing_v1__experiment__000003,housing_v1,housing_controlled_model_landlords_experiment,episode_attempt_2c5ddd71df327a604b61,31678331c3de363a1eed470541248aeeefb462d6d75680432806a7a7f3bc4170,included,housing_social_welfare_leaf,1.0.0,social_welfare,1.0.0,primary,social_welfare,,1982.67,utility_points,{},ok,valid,[],"[""event_00000229""]",evaluation_receipt,episode_attempt_2c5ddd71df327a604b61,31678331c3de363a1eed470541248aeeefb462d6d75680432806a7a7f3bc4170,true
result_fe4466505b2d84a1b34cdc70,runplan_14ad6ddb11ef0455,cell_8c866ac01765b5692fd4,housing_v1__experiment__000003,housing_v1,housing_controlled_model_landlords_experiment,episode_attempt_2c5ddd71df327a604b61,31678331c3de363a1eed470541248aeeefb462d6d75680432806a7a7f3bc4170,included,housing_social_welfare_leaf,1.0.0,social_welfare,1.0.0,metric,comparison_baseline_gap,,-12.129999999999882,utility_points,{},ok,valid,[],"[""event_00000229""]",evaluation_receipt,episode_attempt_2c5ddd71df327a604b61,31678331c3de363a1eed470541248aeeefb462d6d75680432806a7a7f3bc4170,true
result_4813d47a73d7bc3bf404fbe4,runplan_14ad6ddb11ef0455,cell_8c866ac01765b5692fd4,housing_v1__experiment__000003,housing_v1,housing_controlled_model_landlords_experiment,episode_attempt_2c5ddd71df327a604b61,31678331c3de363a1eed470541248aeeefb462d6d75680432806a7a7f3bc4170,included,housing_social_welfare_leaf,1.0.0,social_welfare,1.0.0,metric,ir_violation_count,,0.0,count,{},ok,valid,[],"[""event_00000229""]",evaluation_receipt,episode_attempt_2c5ddd71df327a604b61,31678331c3de363a1eed470541248aeeefb462d6d75680432806a7a7f3bc4170,true
result_365d6eeb98c16f4a7ba5e1c3,runplan_14ad6ddb11ef0455,cell_8c866ac01765b5692fd4,housing_v1__experiment__000003,housing_v1,housing_controlled_model_landlords_experiment,episode_attempt_2c5ddd71df327a604b61,31678331c3de363a1eed470541248aeeefb462d6d75680432806a7a7f3bc4170,included,housing_social_welfare_leaf,1.0.0,social_welfare,1.0.0,metric,social_welfare,,1982.67,utility_points,{},ok,valid,[],"[""event_00000229""]",evaluation_receipt,episode_attempt_2c5ddd71df327a604b61,31678331c3de363a1eed470541248aeeefb462d6d75680432806a7a7f3bc4170,true
result_5d3f86e241f1c285a0c536f5,runplan_14ad6ddb11ef0455,cell_8c866ac01765b5692fd4,housing_v1__experiment__000003,housing_v1,housing_controlled_model_landlords_experiment,episode_attempt_2c5ddd71df327a604b61,31678331c3de363a1eed470541248aeeefb462d6d75680432806a7a7f3bc4170,included,housing_social_welfare_leaf,1.0.0,social_welfare,1.0.0,metric,upper_bound_gap,,147.50999999999976,utility_points,{},ok,valid,[],"[""event_00000229""]",evaluation_receipt,episode_attempt_2c5ddd71df327a604b61,31678331c3de363a1eed470541248aeeefb462d6d75680432806a7a7f3bc4170,true
result_3ea05960d352318f38486ece,runplan_14ad6ddb11ef0455,cell_8c866ac01765b5692fd4,housing_v1__experiment__000003,housing_v1,housing_controlled_model_landlords_experiment,episode_attempt_2c5ddd71df327a604b61,31678331c3de363a1eed470541248aeeefb462d6d75680432806a7a7f3bc4170,included,housing_social_welfare_leaf,1.0.0,social_welfare,1.0.0,metric,wasted_contacts,,5.0,count,{},ok,valid,[],"[""event_00000229""]",evaluation_receipt,episode_attempt_2c5ddd71df327a604b61,31678331c3de363a1eed470541248aeeefb462d6d75680432806a7a7f3bc4170,true
result_c2c3284b46a47793fd3e54e2,runplan_14ad6ddb11ef0455,cell_8c866ac01765b5692fd4,housing_v1__experiment__000003,housing_v1,housing_controlled_model_landlords_experiment,episode_attempt_2c5ddd71df327a604b61,31678331c3de363a1eed470541248aeeefb462d6d75680432806a7a7f3bc4170,included,housing_social_welfare_leaf,1.0.0,social_welfare,1.0.0,metric,within_case_score,,0.9307523307889475,ratio,{},ok,valid,[],"[""event_00000229""]",evaluation_receipt,episode_attempt_2c5ddd71df327a604b61,31678331c3de363a1eed470541248aeeefb462d6d75680432806a7a7f3bc4170,true
result_96b47029d4172f389b18b9d8,runplan_14ad6ddb11ef0455,cell_8c866ac01765b5692fd4,housing_v1__experiment__000003,housing_v1,housing_controlled_model_landlords_experiment,episode_attempt_2c5ddd71df327a604b61,31678331c3de363a1eed470541248aeeefb462d6d75680432806a7a7f3bc4170,included,housing_social_welfare_leaf,1.0.0,social_welfare,1.0.0,reference,comparison_baseline,,1994.8,utility_points,"{""policy"":""naive"",""reference_kind"":""comparison_baseline""}",ok,valid,[],"[""event_00000229""]",evaluation_receipt,episode_attempt_2c5ddd71df327a604b61,31678331c3de363a1eed470541248aeeefb462d6d75680432806a7a7f3bc4170,true
result_37c5bd138948906d1ff32c24,runplan_14ad6ddb11ef0455,cell_8c866ac01765b5692fd4,housing_v1__experiment__000003,housing_v1,housing_controlled_model_landlords_experiment,episode_attempt_2c5ddd71df327a604b61,31678331c3de363a1eed470541248aeeefb462d6d75680432806a7a7f3bc4170,included,housing_social_welfare_leaf,1.0.0,social_welfare,1.0.0,reference,optimum_lower_bound,,0.0,utility_points,"{""policy"":""do_nothing"",""reference_kind"":""objective_lower_bound""}",ok,valid,[],"[""event_00000229""]",evaluation_receipt,episode_attempt_2c5ddd71df327a604b61,31678331c3de363a1eed470541248aeeefb462d6d75680432806a7a7f3bc4170,true
result_791875ebb74d20874f827360,runplan_14ad6ddb11ef0455,cell_8c866ac01765b5692fd4,housing_v1__experiment__000003,housing_v1,housing_controlled_model_landlords_experiment,episode_attempt_2c5ddd71df327a604b61,31678331c3de363a1eed470541248aeeefb462d6d75680432806a7a7f3bc4170,included,housing_social_welfare_leaf,1.0.0,social_welfare,1.0.0,reference,optimum_upper_bound,,2130.18,utility_points,"{""reference_kind"":""objective_upper_bound"",""semantics"":""full_information_allocation_relaxation""}",ok,valid,[],"[""event_00000229""]",evaluation_receipt,episode_attempt_2c5ddd71df327a604b61,31678331c3de363a1eed470541248aeeefb462d6d75680432806a7a7f3bc4170,true
result_f1e313bc0a147f2e90f9a04d,runplan_14ad6ddb11ef0455,cell_8c866ac01765b5692fd4,housing_v1__experiment__000003,housing_v1,housing_controlled_model_landlords_experiment,episode_attempt_2c5ddd71df327a604b61,31678331c3de363a1eed470541248aeeefb462d6d75680432806a7a7f3bc4170,included,housing_social_welfare_leaf,1.0.0,social_welfare,1.0.0,utility,landlord_0,landlord_0,0.0,utility_points,"{""disagreement_utility"":0.0}",ok,valid,[],"[""event_00000229""]",evaluation_receipt,episode_attempt_2c5ddd71df327a604b61,31678331c3de363a1eed470541248aeeefb462d6d75680432806a7a7f3bc4170,true
result_2722ed70f34726a5b3a7b870,runplan_14ad6ddb11ef0455,cell_8c866ac01765b5692fd4,housing_v1__experiment__000003,housing_v1,housing_controlled_model_landlords_experiment,episode_attempt_2c5ddd71df327a604b61,31678331c3de363a1eed470541248aeeefb462d6d75680432806a7a7f3bc4170,included,housing_social_welfare_leaf,1.0.0,social_welfare,1.0.0,utility,landlord_1,landlord_1,66.45,utility_points,"{""disagreement_utility"":0.0}",ok,valid,[],"[""event_00000229""]",evaluation_receipt,episode_attempt_2c5ddd71df327a604b61,31678331c3de363a1eed470541248aeeefb462d6d75680432806a7a7f3bc4170,true
result_f2538d56516f375234999d9b,runplan_14ad6ddb11ef0455,cell_8c866ac01765b5692fd4,housing_v1__experiment__000003,housing_v1,housing_controlled_model_landlords_experiment,episode_attempt_2c5ddd71df327a604b61,31678331c3de363a1eed470541248aeeefb462d6d75680432806a7a7f3bc4170,included,housing_social_welfare_leaf,1.0.0,social_welfare,1.0.0,utility,landlord_2,landlord_2,76.96,utility_points,"{""disagreement_utility"":0.0}",ok,valid,[],"[""event_00000229""]",evaluation_receipt,episode_attempt_2c5ddd71df327a604b61,31678331c3de363a1eed470541248aeeefb462d6d75680432806a7a7f3bc4170,true
result_53dbfb76fa32df647449c569,runplan_14ad6ddb11ef0455,cell_8c866ac01765b5692fd4,housing_v1__experiment__000003,housing_v1,housing_controlled_model_landlords_experiment,episode_attempt_2c5ddd71df327a604b61,31678331c3de363a1eed470541248aeeefb462d6d75680432806a7a7f3bc4170,included,housing_social_welfare_leaf,1.0.0,social_welfare,1.0.0,utility,landlord_3,landlord_3,54.11,utility_points,"{""disagreement_utility"":0.0}",ok,valid,[],"[""event_00000229""]",evaluation_receipt,episode_attempt_2c5ddd71df327a604b61,31678331c3de363a1eed470541248aeeefb462d6d75680432806a7a7f3bc4170,true
result_ff02b2fb8b3a2dfaf030dbc8,runplan_14ad6ddb11ef0455,cell_8c866ac01765b5692fd4,housing_v1__experiment__000003,housing_v1,housing_controlled_model_landlords_experiment,episode_attempt_2c5ddd71df327a604b61,31678331c3de363a1eed470541248aeeefb462d6d75680432806a7a7f3bc4170,included,housing_social_welfare_leaf,1.0.0,social_welfare,1.0.0,utility,landlord_4,landlord_4,58.85,utility_points,"{""disagreement_utility"":0.0}",ok,valid,[],"[""event_00000229""]",evaluation_receipt,episode_attempt_2c5ddd71df327a604b61,31678331c3de363a1eed470541248aeeefb462d6d75680432806a7a7f3bc4170,true
result_85e87949b27737f310cee391,runplan_14ad6ddb11ef0455,cell_8c866ac01765b5692fd4,housing_v1__experiment__000003,housing_v1,housing_controlled_model_landlords_experiment,episode_attempt_2c5ddd71df327a604b61,31678331c3de363a1eed470541248aeeefb462d6d75680432806a7a7f3bc4170,included,housing_social_welfare_leaf,1.0.0,social_welfare,1.0.0,utility,tenant_0,tenant_0,544.58,utility_points,"{""disagreement_utility"":0.0}",ok,valid,[],"[""event_00000229""]",evaluation_receipt,episode_attempt_2c5ddd71df327a604b61,31678331c3de363a1eed470541248aeeefb462d6d75680432806a7a7f3bc4170,true
result_a0c46ca46f9b8a55f09649d0,runplan_14ad6ddb11ef0455,cell_8c866ac01765b5692fd4,housing_v1__experiment__000003,housing_v1,housing_controlled_model_landlords_experiment,episode_attempt_2c5ddd71df327a604b61,31678331c3de363a1eed470541248aeeefb462d6d75680432806a7a7f3bc4170,included,housing_social_welfare_leaf,1.0.0,social_welfare,1.0.0,utility,tenant_1,tenant_1,0.0,utility_points,"{""disagreement_utility"":0.0}",ok,valid,[],"[""event_00000229""]",evaluation_receipt,episode_attempt_2c5ddd71df327a604b61,31678331c3de363a1eed470541248aeeefb462d6d75680432806a7a7f3bc4170,true
result_4f3b5d252d7d7e63e7965aa7,runplan_14ad6ddb11ef0455,cell_8c866ac01765b5692fd4,housing_v1__experiment__000003,housing_v1,housing_controlled_model_landlords_experiment,episode_attempt_2c5ddd71df327a604b61,31678331c3de363a1eed470541248aeeefb462d6d75680432806a7a7f3bc4170,included,housing_social_welfare_leaf,1.0.0,social_welfare,1.0.0,utility,tenant_2,tenant_2,516.98,utility_points,"{""disagreement_utility"":0.0}",ok,valid,[],"[""event_00000229""]",evaluation_receipt,episode_attempt_2c5ddd71df327a604b61,31678331c3de363a1eed470541248aeeefb462d6d75680432806a7a7f3bc4170,true
result_f70c9ff8b39bf334181e05f4,runplan_14ad6ddb11ef0455,cell_8c866ac01765b5692fd4,housing_v1__experiment__000003,housing_v1,housing_controlled_model_landlords_experiment,episode_attempt_2c5ddd71df327a604b61,31678331c3de363a1eed470541248aeeefb462d6d75680432806a7a7f3bc4170,included,housing_social_welfare_leaf,1.0.0,social_welfare,1.0.0,utility,tenant_3,tenant_3,26.33,utility_points,"{""disagreement_utility"":0.0}",ok,valid,[],"[""event_00000229""]",evaluation_receipt,episode_attempt_2c5ddd71df327a604b61,31678331c3de363a1eed470541248aeeefb462d6d75680432806a7a7f3bc4170,true
result_11b2989a0729c3189dfc482c,runplan_14ad6ddb11ef0455,cell_8c866ac01765b5692fd4,housing_v1__experiment__000003,housing_v1,housing_controlled_model_landlords_experiment,episode_attempt_2c5ddd71df327a604b61,31678331c3de363a1eed470541248aeeefb462d6d75680432806a7a7f3bc4170,included,housing_social_welfare_leaf,1.0.0,social_welfare,1.0.0,utility,tenant_4,tenant_4,638.41,utility_points,"{""disagreement_utility"":0.0}",ok,valid,[],"[""event_00000229""]",evaluation_receipt,episode_attempt_2c5ddd71df327a604b61,31678331c3de363a1eed470541248aeeefb462d6d75680432806a7a7f3bc4170,true
result_bb0e5ef1df0a498e2b3370f6,runplan_14ad6ddb11ef0455,cell_8c866ac01765b5692fd4,housing_v1__experiment__000003,housing_v1,housing_controlled_model_landlords_experiment,episode_attempt_2c5ddd71df327a604b61,31678331c3de363a1eed470541248aeeefb462d6d75680432806a7a7f3bc4170,included,housing_social_welfare_leaf,1.0.0,social_welfare,1.0.0,utility,tenant_5,tenant_5,0.0,utility_points,"{""disagreement_utility"":0.0}",ok,valid,[],"[""event_00000229""]",evaluation_receipt,episode_attempt_2c5ddd71df327a604b61,31678331c3de363a1eed470541248aeeefb462d6d75680432806a7a7f3bc4170,true
result_b47ceacaeabe63c646e7b7ee,runplan_14ad6ddb11ef0455,cell_8c866ac01765b5692fd4,housing_v1__experiment__000003,housing_v1,housing_controlled_model_landlords_experiment,episode_attempt_2c5ddd71df327a604b61,31678331c3de363a1eed470541248aeeefb462d6d75680432806a7a7f3bc4170,included,housing_social_welfare_leaf,1.0.0,social_welfare,1.0.0,capture,landlord_0,landlord_0,0.0,utility_points,"{""disagreement_utility"":0.0}",ok,valid,[],"[""event_00000229""]",evaluation_receipt,episode_attempt_2c5ddd71df327a604b61,31678331c3de363a1eed470541248aeeefb462d6d75680432806a7a7f3bc4170,true
result_3d612fa9c7b4252080856235,runplan_14ad6ddb11ef0455,cell_8c866ac01765b5692fd4,housing_v1__experiment__000003,housing_v1,housing_controlled_model_landlords_experiment,episode_attempt_2c5ddd71df327a604b61,31678331c3de363a1eed470541248aeeefb462d6d75680432806a7a7f3bc4170,included,housing_social_welfare_leaf,1.0.0,social_welfare,1.0.0,capture,landlord_1,landlord_1,66.45,utility_points,"{""disagreement_utility"":0.0}",ok,valid,[],"[""event_00000229""]",evaluation_receipt,episode_attempt_2c5ddd71df327a604b61,31678331c3de363a1eed470541248aeeefb462d6d75680432806a7a7f3bc4170,true
result_36e6eaa5c93394647e06dfd7,runplan_14ad6ddb11ef0455,cell_8c866ac01765b5692fd4,housing_v1__experiment__000003,housing_v1,housing_controlled_model_landlords_experiment,episode_attempt_2c5ddd71df327a604b61,31678331c3de363a1eed470541248aeeefb462d6d75680432806a7a7f3bc4170,included,housing_social_welfare_leaf,1.0.0,social_welfare,1.0.0,capture,landlord_2,landlord_2,76.96,utility_points,"{""disagreement_utility"":0.0}",ok,valid,[],"[""event_00000229""]",evaluation_receipt,episode_attempt_2c5ddd71df327a604b61,31678331c3de363a1eed470541248aeeefb462d6d75680432806a7a7f3bc4170,true
result_d2d67fc4b76211358ecc58e7,runplan_14ad6ddb11ef0455,cell_8c866ac01765b5692fd4,housing_v1__experiment__000003,housing_v1,housing_controlled_model_landlords_experiment,episode_attempt_2c5ddd71df327a604b61,31678331c3de363a1eed470541248aeeefb462d6d75680432806a7a7f3bc4170,included,housing_social_welfare_leaf,1.0.0,social_welfare,1.0.0,capture,landlord_3,landlord_3,54.11,utility_points,"{""disagreement_utility"":0.0}",ok,valid,[],"[""event_00000229""]",evaluation_receipt,episode_attempt_2c5ddd71df327a604b61,31678331c3de363a1eed470541248aeeefb462d6d75680432806a7a7f3bc4170,true
result_0cc254aaee9d42d7a5bfee9b,runplan_14ad6ddb11ef0455,cell_8c866ac01765b5692fd4,housing_v1__experiment__000003,housing_v1,housing_controlled_model_landlords_experiment,episode_attempt_2c5ddd71df327a604b61,31678331c3de363a1eed470541248aeeefb462d6d75680432806a7a7f3bc4170,included,housing_social_welfare_leaf,1.0.0,social_welfare,1.0.0,capture,landlord_4,landlord_4,58.85,utility_points,"{""disagreement_utility"":0.0}",ok,valid,[],"[""event_00000229""]",evaluation_receipt,episode_attempt_2c5ddd71df327a604b61,31678331c3de363a1eed470541248aeeefb462d6d75680432806a7a7f3bc4170,true
result_31a0d410f7e55ea792751817,runplan_14ad6ddb11ef0455,cell_8c866ac01765b5692fd4,housing_v1__experiment__000003,housing_v1,housing_controlled_model_landlords_experiment,episode_attempt_2c5ddd71df327a604b61,31678331c3de363a1eed470541248aeeefb462d6d75680432806a7a7f3bc4170,included,housing_social_welfare_leaf,1.0.0,social_welfare,1.0.0,capture,tenant_0,tenant_0,544.58,utility_points,"{""disagreement_utility"":0.0}",ok,valid,[],"[""event_00000229""]",evaluation_receipt,episode_attempt_2c5ddd71df327a604b61,31678331c3de363a1eed470541248aeeefb462d6d75680432806a7a7f3bc4170,true
result_295b96b2f6f4850d2db36200,runplan_14ad6ddb11ef0455,cell_8c866ac01765b5692fd4,housing_v1__experiment__000003,housing_v1,housing_controlled_model_landlords_experiment,episode_attempt_2c5ddd71df327a604b61,31678331c3de363a1eed470541248aeeefb462d6d75680432806a7a7f3bc4170,included,housing_social_welfare_leaf,1.0.0,social_welfare,1.0.0,capture,tenant_1,tenant_1,0.0,utility_points,"{""disagreement_utility"":0.0}",ok,valid,[],"[""event_00000229""]",evaluation_receipt,episode_attempt_2c5ddd71df327a604b61,31678331c3de363a1eed470541248aeeefb462d6d75680432806a7a7f3bc4170,true
result_bac62d2fc0a07ca8d7f000f7,runplan_14ad6ddb11ef0455,cell_8c866ac01765b5692fd4,housing_v1__experiment__000003,housing_v1,housing_controlled_model_landlords_experiment,episode_attempt_2c5ddd71df327a604b61,31678331c3de363a1eed470541248aeeefb462d6d75680432806a7a7f3bc4170,included,housing_social_welfare_leaf,1.0.0,social_welfare,1.0.0,capture,tenant_2,tenant_2,516.98,utility_points,"{""disagreement_utility"":0.0}",ok,valid,[],"[""event_00000229""]",evaluation_receipt,episode_attempt_2c5ddd71df327a604b61,31678331c3de363a1eed470541248aeeefb462d6d75680432806a7a7f3bc4170,true
result_24e50c6f6719c14f1f93e5bb,runplan_14ad6ddb11ef0455,cell_8c866ac01765b5692fd4,housing_v1__experiment__000003,housing_v1,housing_controlled_model_landlords_experiment,episode_attempt_2c5ddd71df327a604b61,31678331c3de363a1eed470541248aeeefb462d6d75680432806a7a7f3bc4170,included,housing_social_welfare_leaf,1.0.0,social_welfare,1.0.0,capture,tenant_3,tenant_3,26.33,utility_points,"{""disagreement_utility"":0.0}",ok,valid,[],"[""event_00000229""]",evaluation_receipt,episode_attempt_2c5ddd71df327a604b61,31678331c3de363a1eed470541248aeeefb462d6d75680432806a7a7f3bc4170,true
result_6c900edd2ca70f61c4220b5b,runplan_14ad6ddb11ef0455,cell_8c866ac01765b5692fd4,housing_v1__experiment__000003,housing_v1,housing_controlled_model_landlords_experiment,episode_attempt_2c5ddd71df327a604b61,31678331c3de363a1eed470541248aeeefb462d6d75680432806a7a7f3bc4170,included,housing_social_welfare_leaf,1.0.0,social_welfare,1.0.0,capture,tenant_4,tenant_4,638.41,utility_points,"{""disagreement_utility"":0.0}",ok,valid,[],"[""event_00000229""]",evaluation_receipt,episode_attempt_2c5ddd71df327a604b61,31678331c3de363a1eed470541248aeeefb462d6d75680432806a7a7f3bc4170,true
result_9d31e605cd3aab6ae9a945da,runplan_14ad6ddb11ef0455,cell_8c866ac01765b5692fd4,housing_v1__experiment__000003,housing_v1,housing_controlled_model_landlords_experiment,episode_attempt_2c5ddd71df327a604b61,31678331c3de363a1eed470541248aeeefb462d6d75680432806a7a7f3bc4170,included,housing_social_welfare_leaf,1.0.0,social_welfare,1.0.0,capture,tenant_5,tenant_5,0.0,utility_points,"{""disagreement_utility"":0.0}",ok,valid,[],"[""event_00000229""]",evaluation_receipt,episode_attempt_2c5ddd71df327a604b61,31678331c3de363a1eed470541248aeeefb462d6d75680432806a7a7f3bc4170,true
result_88bdf68fe1f1af8de97e3b56,runplan_14ad6ddb11ef0455,cell_97a6d30155fb05e68816,housing_v1__experiment__000005,housing_v1,housing_controlled_model_landlords_experiment,episode_attempt_29b605999da4a34b30ea,70bd6a405c24e9687841acdd74aa05997d38ce44c0efb8f93034a87f1baa4050,included,housing_social_welfare_leaf,1.0.0,social_welfare,1.0.0,primary,social_welfare,,1056.83,utility_points,{},ok,valid,[],"[""event_00000249""]",evaluation_receipt,episode_attempt_29b605999da4a34b30ea,70bd6a405c24e9687841acdd74aa05997d38ce44c0efb8f93034a87f1baa4050,true
result_b61b0a310ec58da7b17b121e,runplan_14ad6ddb11ef0455,cell_97a6d30155fb05e68816,housing_v1__experiment__000005,housing_v1,housing_controlled_model_landlords_experiment,episode_attempt_29b605999da4a34b30ea,70bd6a405c24e9687841acdd74aa05997d38ce44c0efb8f93034a87f1baa4050,included,housing_social_welfare_leaf,1.0.0,social_welfare,1.0.0,metric,comparison_baseline_gap,,-121.25,utility_points,{},ok,valid,[],"[""event_00000249""]",evaluation_receipt,episode_attempt_29b605999da4a34b30ea,70bd6a405c24e9687841acdd74aa05997d38ce44c0efb8f93034a87f1baa4050,true
result_ec91191cedc1161222780f97,runplan_14ad6ddb11ef0455,cell_97a6d30155fb05e68816,housing_v1__experiment__000005,housing_v1,housing_controlled_model_landlords_experiment,episode_attempt_29b605999da4a34b30ea,70bd6a405c24e9687841acdd74aa05997d38ce44c0efb8f93034a87f1baa4050,included,housing_social_welfare_leaf,1.0.0,social_welfare,1.0.0,metric,ir_violation_count,,0.0,count,{},ok,valid,[],"[""event_00000249""]",evaluation_receipt,episode_attempt_29b605999da4a34b30ea,70bd6a405c24e9687841acdd74aa05997d38ce44c0efb8f93034a87f1baa4050,true
result_875e9db64bcb7df9a46ee810,runplan_14ad6ddb11ef0455,cell_97a6d30155fb05e68816,housing_v1__experiment__000005,housing_v1,housing_controlled_model_landlords_experiment,episode_attempt_29b605999da4a34b30ea,70bd6a405c24e9687841acdd74aa05997d38ce44c0efb8f93034a87f1baa4050,included,housing_social_welfare_leaf,1.0.0,social_welfare,1.0.0,metric,social_welfare,,1056.83,utility_points,{},ok,valid,[],"[""event_00000249""]",evaluation_receipt,episode_attempt_29b605999da4a34b30ea,70bd6a405c24e9687841acdd74aa05997d38ce44c0efb8f93034a87f1baa4050,true
result_73bad7c68ef4961c294ad147,runplan_14ad6ddb11ef0455,cell_97a6d30155fb05e68816,housing_v1__experiment__000005,housing_v1,housing_controlled_model_landlords_experiment,episode_attempt_29b605999da4a34b30ea,70bd6a405c24e9687841acdd74aa05997d38ce44c0efb8f93034a87f1baa4050,included,housing_social_welfare_leaf,1.0.0,social_welfare,1.0.0,metric,upper_bound_gap,,169.24,utility_points,{},ok,valid,[],"[""event_00000249""]",evaluation_receipt,episode_attempt_29b605999da4a34b30ea,70bd6a405c24e9687841acdd74aa05997d38ce44c0efb8f93034a87f1baa4050,true
result_aae0d59ef73071ea51e6254e,runplan_14ad6ddb11ef0455,cell_97a6d30155fb05e68816,housing_v1__experiment__000005,housing_v1,housing_controlled_model_landlords_experiment,episode_attempt_29b605999da4a34b30ea,70bd6a405c24e9687841acdd74aa05997d38ce44c0efb8f93034a87f1baa4050,included,housing_social_welfare_leaf,1.0.0,social_welfare,1.0.0,metric,wasted_contacts,,7.0,count,{},ok,valid,[],"[""event_00000249""]",evaluation_receipt,episode_attempt_29b605999da4a34b30ea,70bd6a405c24e9687841acdd74aa05997d38ce44c0efb8f93034a87f1baa4050,true
result_899984cb8c10aae9e183c994,runplan_14ad6ddb11ef0455,cell_97a6d30155fb05e68816,housing_v1__experiment__000005,housing_v1,housing_controlled_model_landlords_experiment,episode_attempt_29b605999da4a34b30ea,70bd6a405c24e9687841acdd74aa05997d38ce44c0efb8f93034a87f1baa4050,included,housing_social_welfare_leaf,1.0.0,social_welfare,1.0.0,metric,within_case_score,,0.8619654668983011,ratio,{},ok,valid,[],"[""event_00000249""]",evaluation_receipt,episode_attempt_29b605999da4a34b30ea,70bd6a405c24e9687841acdd74aa05997d38ce44c0efb8f93034a87f1baa4050,true
result_c378871ec5ca071897ce9eae,runplan_14ad6ddb11ef0455,cell_97a6d30155fb05e68816,housing_v1__experiment__000005,housing_v1,housing_controlled_model_landlords_experiment,episode_attempt_29b605999da4a34b30ea,70bd6a405c24e9687841acdd74aa05997d38ce44c0efb8f93034a87f1baa4050,included,housing_social_welfare_leaf,1.0.0,social_welfare,1.0.0,reference,comparison_baseline,,1178.08,utility_points,"{""policy"":""naive"",""reference_kind"":""comparison_baseline""}",ok,valid,[],"[""event_00000249""]",evaluation_receipt,episode_attempt_29b605999da4a34b30ea,70bd6a405c24e9687841acdd74aa05997d38ce44c0efb8f93034a87f1baa4050,true
result_f1e0dd22c75494753daa78c8,runplan_14ad6ddb11ef0455,cell_97a6d30155fb05e68816,housing_v1__experiment__000005,housing_v1,housing_controlled_model_landlords_experiment,episode_attempt_29b605999da4a34b30ea,70bd6a405c24e9687841acdd74aa05997d38ce44c0efb8f93034a87f1baa4050,included,housing_social_welfare_leaf,1.0.0,social_welfare,1.0.0,reference,optimum_lower_bound,,0.0,utility_points,"{""policy"":""do_nothing"",""reference_kind"":""objective_lower_bound""}",ok,valid,[],"[""event_00000249""]",evaluation_receipt,episode_attempt_29b605999da4a34b30ea,70bd6a405c24e9687841acdd74aa05997d38ce44c0efb8f93034a87f1baa4050,true
result_cb478eb9990be59d25a79f4e,runplan_14ad6ddb11ef0455,cell_97a6d30155fb05e68816,housing_v1__experiment__000005,housing_v1,housing_controlled_model_landlords_experiment,episode_attempt_29b605999da4a34b30ea,70bd6a405c24e9687841acdd74aa05997d38ce44c0efb8f93034a87f1baa4050,included,housing_social_welfare_leaf,1.0.0,social_welfare,1.0.0,reference,optimum_upper_bound,,1226.07,utility_points,"{""reference_kind"":""objective_upper_bound"",""semantics"":""full_information_allocation_relaxation""}",ok,valid,[],"[""event_00000249""]",evaluation_receipt,episode_attempt_29b605999da4a34b30ea,70bd6a405c24e9687841acdd74aa05997d38ce44c0efb8f93034a87f1baa4050,true
result_c76cd13bd054d31ea32f89e7,runplan_14ad6ddb11ef0455,cell_97a6d30155fb05e68816,housing_v1__experiment__000005,housing_v1,housing_controlled_model_landlords_experiment,episode_attempt_29b605999da4a34b30ea,70bd6a405c24e9687841acdd74aa05997d38ce44c0efb8f93034a87f1baa4050,included,housing_social_welfare_leaf,1.0.0,social_welfare,1.0.0,utility,landlord_0,landlord_0,0.0,utility_points,"{""disagreement_utility"":0.0}",ok,valid,[],"[""event_00000249""]",evaluation_receipt,episode_attempt_29b605999da4a34b30ea,70bd6a405c24e9687841acdd74aa05997d38ce44c0efb8f93034a87f1baa4050,true
result_239846195de23b29b8e5b631,runplan_14ad6ddb11ef0455,cell_97a6d30155fb05e68816,housing_v1__experiment__000005,housing_v1,housing_controlled_model_landlords_experiment,episode_attempt_29b605999da4a34b30ea,70bd6a405c24e9687841acdd74aa05997d38ce44c0efb8f93034a87f1baa4050,included,housing_social_welfare_leaf,1.0.0,social_welfare,1.0.0,utility,landlord_1,landlord_1,77.99,utility_points,"{""disagreement_utility"":0.0}",ok,valid,[],"[""event_00000249""]",evaluation_receipt,episode_attempt_29b605999da4a34b30ea,70bd6a405c24e9687841acdd74aa05997d38ce44c0efb8f93034a87f1baa4050,true
result_c16e9ff716ab810d9d1d4afa,runplan_14ad6ddb11ef0455,cell_97a6d30155fb05e68816,housing_v1__experiment__000005,housing_v1,housing_controlled_model_landlords_experiment,episode_attempt_29b605999da4a34b30ea,70bd6a405c24e9687841acdd74aa05997d38ce44c0efb8f93034a87f1baa4050,included,housing_social_welfare_leaf,1.0.0,social_welfare,1.0.0,utility,landlord_2,landlord_2,0.0,utility_points,"{""disagreement_utility"":0.0}",ok,valid,[],"[""event_00000249""]",evaluation_receipt,episode_attempt_29b605999da4a34b30ea,70bd6a405c24e9687841acdd74aa05997d38ce44c0efb8f93034a87f1baa4050,true
result_66d02bc76467d3b69d1411ca,runplan_14ad6ddb11ef0455,cell_97a6d30155fb05e68816,housing_v1__experiment__000005,housing_v1,housing_controlled_model_landlords_experiment,episode_attempt_29b605999da4a34b30ea,70bd6a405c24e9687841acdd74aa05997d38ce44c0efb8f93034a87f1baa4050,included,housing_social_welfare_leaf,1.0.0,social_welfare,1.0.0,utility,landlord_3,landlord_3,43.77,utility_points,"{""disagreement_utility"":0.0}",ok,valid,[],"[""event_00000249""]",evaluation_receipt,episode_attempt_29b605999da4a34b30ea,70bd6a405c24e9687841acdd74aa05997d38ce44c0efb8f93034a87f1baa4050,true
result_2f59b9d64415054ca12ff026,runplan_14ad6ddb11ef0455,cell_97a6d30155fb05e68816,housing_v1__experiment__000005,housing_v1,housing_controlled_model_landlords_experiment,episode_attempt_29b605999da4a34b30ea,70bd6a405c24e9687841acdd74aa05997d38ce44c0efb8f93034a87f1baa4050,included,housing_social_welfare_leaf,1.0.0,social_welfare,1.0.0,utility,landlord_4,landlord_4,68.66,utility_points,"{""disagreement_utility"":0.0}",ok,valid,[],"[""event_00000249""]",evaluation_receipt,episode_attempt_29b605999da4a34b30ea,70bd6a405c24e9687841acdd74aa05997d38ce44c0efb8f93034a87f1baa4050,true
result_4935f28f455fe80db716bc28,runplan_14ad6ddb11ef0455,cell_97a6d30155fb05e68816,housing_v1__experiment__000005,housing_v1,housing_controlled_model_landlords_experiment,episode_attempt_29b605999da4a34b30ea,70bd6a405c24e9687841acdd74aa05997d38ce44c0efb8f93034a87f1baa4050,included,housing_social_welfare_leaf,1.0.0,social_welfare,1.0.0,utility,tenant_0,tenant_0,431.79,utility_points,"{""disagreement_utility"":0.0}",ok,valid,[],"[""event_00000249""]",evaluation_receipt,episode_attempt_29b605999da4a34b30ea,70bd6a405c24e9687841acdd74aa05997d38ce44c0efb8f93034a87f1baa4050,true
result_ab0e32cfc3c10be3d82479dc,runplan_14ad6ddb11ef0455,cell_97a6d30155fb05e68816,housing_v1__experiment__000005,housing_v1,housing_controlled_model_landlords_experiment,episode_attempt_29b605999da4a34b30ea,70bd6a405c24e9687841acdd74aa05997d38ce44c0efb8f93034a87f1baa4050,included,housing_social_welfare_leaf,1.0.0,social_welfare,1.0.0,utility,tenant_1,tenant_1,274.53,utility_points,"{""disagreement_utility"":0.0}",ok,valid,[],"[""event_00000249""]",evaluation_receipt,episode_attempt_29b605999da4a34b30ea,70bd6a405c24e9687841acdd74aa05997d38ce44c0efb8f93034a87f1baa4050,true
result_4dab44c61055983d77b7aca8,runplan_14ad6ddb11ef0455,cell_97a6d30155fb05e68816,housing_v1__experiment__000005,housing_v1,housing_controlled_model_landlords_experiment,episode_attempt_29b605999da4a34b30ea,70bd6a405c24e9687841acdd74aa05997d38ce44c0efb8f93034a87f1baa4050,included,housing_social_welfare_leaf,1.0.0,social_welfare,1.0.0,utility,tenant_2,tenant_2,0.0,utility_points,"{""disagreement_utility"":0.0}",ok,valid,[],"[""event_00000249""]",evaluation_receipt,episode_attempt_29b605999da4a34b30ea,70bd6a405c24e9687841acdd74aa05997d38ce44c0efb8f93034a87f1baa4050,true
result_4f3c6a45125f7f89d6ba9594,runplan_14ad6ddb11ef0455,cell_97a6d30155fb05e68816,housing_v1__experiment__000005,housing_v1,housing_controlled_model_landlords_experiment,episode_attempt_29b605999da4a34b30ea,70bd6a405c24e9687841acdd74aa05997d38ce44c0efb8f93034a87f1baa4050,included,housing_social_welfare_leaf,1.0.0,social_welfare,1.0.0,utility,tenant_3,tenant_3,160.09,utility_points,"{""disagreement_utility"":0.0}",ok,valid,[],"[""event_00000249""]",evaluation_receipt,episode_attempt_29b605999da4a34b30ea,70bd6a405c24e9687841acdd74aa05997d38ce44c0efb8f93034a87f1baa4050,true
result_2a09125cf854b30ca118271a,runplan_14ad6ddb11ef0455,cell_97a6d30155fb05e68816,housing_v1__experiment__000005,housing_v1,housing_controlled_model_landlords_experiment,episode_attempt_29b605999da4a34b30ea,70bd6a405c24e9687841acdd74aa05997d38ce44c0efb8f93034a87f1baa4050,included,housing_social_welfare_leaf,1.0.0,social_welfare,1.0.0,utility,tenant_4,tenant_4,0.0,utility_points,"{""disagreement_utility"":0.0}",ok,valid,[],"[""event_00000249""]",evaluation_receipt,episode_attempt_29b605999da4a34b30ea,70bd6a405c24e9687841acdd74aa05997d38ce44c0efb8f93034a87f1baa4050,true
result_f2f6ad38787648123a3d4014,runplan_14ad6ddb11ef0455,cell_97a6d30155fb05e68816,housing_v1__experiment__000005,housing_v1,housing_controlled_model_landlords_experiment,episode_attempt_29b605999da4a34b30ea,70bd6a405c24e9687841acdd74aa05997d38ce44c0efb8f93034a87f1baa4050,included,housing_social_welfare_leaf,1.0.0,social_welfare,1.0.0,utility,tenant_5,tenant_5,0.0,utility_points,"{""disagreement_utility"":0.0}",ok,valid,[],"[""event_00000249""]",evaluation_receipt,episode_attempt_29b605999da4a34b30ea,70bd6a405c24e9687841acdd74aa05997d38ce44c0efb8f93034a87f1baa4050,true
result_0e2c73c2f7a8acd3d6715180,runplan_14ad6ddb11ef0455,cell_97a6d30155fb05e68816,housing_v1__experiment__000005,housing_v1,housing_controlled_model_landlords_experiment,episode_attempt_29b605999da4a34b30ea,70bd6a405c24e9687841acdd74aa05997d38ce44c0efb8f93034a87f1baa4050,included,housing_social_welfare_leaf,1.0.0,social_welfare,1.0.0,capture,landlord_0,landlord_0,0.0,utility_points,"{""disagreement_utility"":0.0}",ok,valid,[],"[""event_00000249""]",evaluation_receipt,episode_attempt_29b605999da4a34b30ea,70bd6a405c24e9687841acdd74aa05997d38ce44c0efb8f93034a87f1baa4050,true
result_45ee99b09fd18091dc981ddb,runplan_14ad6ddb11ef0455,cell_97a6d30155fb05e68816,housing_v1__experiment__000005,housing_v1,housing_controlled_model_landlords_experiment,episode_attempt_29b605999da4a34b30ea,70bd6a405c24e9687841acdd74aa05997d38ce44c0efb8f93034a87f1baa4050,included,housing_social_welfare_leaf,1.0.0,social_welfare,1.0.0,capture,landlord_1,landlord_1,77.99,utility_points,"{""disagreement_utility"":0.0}",ok,valid,[],"[""event_00000249""]",evaluation_receipt,episode_attempt_29b605999da4a34b30ea,70bd6a405c24e9687841acdd74aa05997d38ce44c0efb8f93034a87f1baa4050,true
result_ad31539efc7d04bd89186440,runplan_14ad6ddb11ef0455,cell_97a6d30155fb05e68816,housing_v1__experiment__000005,housing_v1,housing_controlled_model_landlords_experiment,episode_attempt_29b605999da4a34b30ea,70bd6a405c24e9687841acdd74aa05997d38ce44c0efb8f93034a87f1baa4050,included,housing_social_welfare_leaf,1.0.0,social_welfare,1.0.0,capture,landlord_2,landlord_2,0.0,utility_points,"{""disagreement_utility"":0.0}",ok,valid,[],"[""event_00000249""]",evaluation_receipt,episode_attempt_29b605999da4a34b30ea,70bd6a405c24e9687841acdd74aa05997d38ce44c0efb8f93034a87f1baa4050,true
result_036e4c04bcd59fa1ef4a5c25,runplan_14ad6ddb11ef0455,cell_97a6d30155fb05e68816,housing_v1__experiment__000005,housing_v1,housing_controlled_model_landlords_experiment,episode_attempt_29b605999da4a34b30ea,70bd6a405c24e9687841acdd74aa05997d38ce44c0efb8f93034a87f1baa4050,included,housing_social_welfare_leaf,1.0.0,social_welfare,1.0.0,capture,landlord_3,landlord_3,43.77,utility_points,"{""disagreement_utility"":0.0}",ok,valid,[],"[""event_00000249""]",evaluation_receipt,episode_attempt_29b605999da4a34b30ea,70bd6a405c24e9687841acdd74aa05997d38ce44c0efb8f93034a87f1baa4050,true
result_683a3b857af7558613bd0581,runplan_14ad6ddb11ef0455,cell_97a6d30155fb05e68816,housing_v1__experiment__000005,housing_v1,housing_controlled_model_landlords_experiment,episode_attempt_29b605999da4a34b30ea,70bd6a405c24e9687841acdd74aa05997d38ce44c0efb8f93034a87f1baa4050,included,housing_social_welfare_leaf,1.0.0,social_welfare,1.0.0,capture,landlord_4,landlord_4,68.66,utility_points,"{""disagreement_utility"":0.0}",ok,valid,[],"[""event_00000249""]",evaluation_receipt,episode_attempt_29b605999da4a34b30ea,70bd6a405c24e9687841acdd74aa05997d38ce44c0efb8f93034a87f1baa4050,true
result_d2520c97ce2b61cff6cd33e0,runplan_14ad6ddb11ef0455,cell_97a6d30155fb05e68816,housing_v1__experiment__000005,housing_v1,housing_controlled_model_landlords_experiment,episode_attempt_29b605999da4a34b30ea,70bd6a405c24e9687841acdd74aa05997d38ce44c0efb8f93034a87f1baa4050,included,housing_social_welfare_leaf,1.0.0,social_welfare,1.0.0,capture,tenant_0,tenant_0,431.79,utility_points,"{""disagreement_utility"":0.0}",ok,valid,[],"[""event_00000249""]",evaluation_receipt,episode_attempt_29b605999da4a34b30ea,70bd6a405c24e9687841acdd74aa05997d38ce44c0efb8f93034a87f1baa4050,true
result_387667759bbe5d2014890692,runplan_14ad6ddb11ef0455,cell_97a6d30155fb05e68816,housing_v1__experiment__000005,housing_v1,housing_controlled_model_landlords_experiment,episode_attempt_29b605999da4a34b30ea,70bd6a405c24e9687841acdd74aa05997d38ce44c0efb8f93034a87f1baa4050,included,housing_social_welfare_leaf,1.0.0,social_welfare,1.0.0,capture,tenant_1,tenant_1,274.53,utility_points,"{""disagreement_utility"":0.0}",ok,valid,[],"[""event_00000249""]",evaluation_receipt,episode_attempt_29b605999da4a34b30ea,70bd6a405c24e9687841acdd74aa05997d38ce44c0efb8f93034a87f1baa4050,true
result_f53a758ae267993f98363bec,runplan_14ad6ddb11ef0455,cell_97a6d30155fb05e68816,housing_v1__experiment__000005,housing_v1,housing_controlled_model_landlords_experiment,episode_attempt_29b605999da4a34b30ea,70bd6a405c24e9687841acdd74aa05997d38ce44c0efb8f93034a87f1baa4050,included,housing_social_welfare_leaf,1.0.0,social_welfare,1.0.0,capture,tenant_2,tenant_2,0.0,utility_points,"{""disagreement_utility"":0.0}",ok,valid,[],"[""event_00000249""]",evaluation_receipt,episode_attempt_29b605999da4a34b30ea,70bd6a405c24e9687841acdd74aa05997d38ce44c0efb8f93034a87f1baa4050,true
result_576fd5046d5e891586a42b79,runplan_14ad6ddb11ef0455,cell_97a6d30155fb05e68816,housing_v1__experiment__000005,housing_v1,housing_controlled_model_landlords_experiment,episode_attempt_29b605999da4a34b30ea,70bd6a405c24e9687841acdd74aa05997d38ce44c0efb8f93034a87f1baa4050,included,housing_social_welfare_leaf,1.0.0,social_welfare,1.0.0,capture,tenant_3,tenant_3,160.09,utility_points,"{""disagreement_utility"":0.0}",ok,valid,[],"[""event_00000249""]",evaluation_receipt,episode_attempt_29b605999da4a34b30ea,70bd6a405c24e9687841acdd74aa05997d38ce44c0efb8f93034a87f1baa4050,true
result_aa3697cbbfa158c3982d9088,runplan_14ad6ddb11ef0455,cell_97a6d30155fb05e68816,housing_v1__experiment__000005,housing_v1,housing_controlled_model_landlords_experiment,episode_attempt_29b605999da4a34b30ea,70bd6a405c24e9687841acdd74aa05997d38ce44c0efb8f93034a87f1baa4050,included,housing_social_welfare_leaf,1.0.0,social_welfare,1.0.0,capture,tenant_4,tenant_4,0.0,utility_points,"{""disagreement_utility"":0.0}",ok,valid,[],"[""event_00000249""]",evaluation_receipt,episode_attempt_29b605999da4a34b30ea,70bd6a405c24e9687841acdd74aa05997d38ce44c0efb8f93034a87f1baa4050,true
result_fcc8d28328fe22cf502ddd3a,runplan_14ad6ddb11ef0455,cell_97a6d30155fb05e68816,housing_v1__experiment__000005,housing_v1,housing_controlled_model_landlords_experiment,episode_attempt_29b605999da4a34b30ea,70bd6a405c24e9687841acdd74aa05997d38ce44c0efb8f93034a87f1baa4050,included,housing_social_welfare_leaf,1.0.0,social_welfare,1.0.0,capture,tenant_5,tenant_5,0.0,utility_points,"{""disagreement_utility"":0.0}",ok,valid,[],"[""event_00000249""]",evaluation_receipt,episode_attempt_29b605999da4a34b30ea,70bd6a405c24e9687841acdd74aa05997d38ce44c0efb8f93034a87f1baa4050,true
result_42dcfe762875b2ef9e82f4c7,runplan_14ad6ddb11ef0455,cell_b60e03c7724870d28bda,housing_v1__experiment__000004,housing_v1,housing_controlled_model_landlords_experiment,episode_attempt_3a938b4ea0e8188a10c3,e2bde3187150fe3aac4a3651bd59848e40954fb8a32818dfa7d265216d8355a5,included,housing_social_welfare_leaf,1.0.0,social_welfare,1.0.0,primary,social_welfare,,1156.41,utility_points,{},ok,valid,[],"[""event_00000249""]",evaluation_receipt,episode_attempt_3a938b4ea0e8188a10c3,e2bde3187150fe3aac4a3651bd59848e40954fb8a32818dfa7d265216d8355a5,true
result_ccef82854c35299656ecb884,runplan_14ad6ddb11ef0455,cell_b60e03c7724870d28bda,housing_v1__experiment__000004,housing_v1,housing_controlled_model_landlords_experiment,episode_attempt_3a938b4ea0e8188a10c3,e2bde3187150fe3aac4a3651bd59848e40954fb8a32818dfa7d265216d8355a5,included,housing_social_welfare_leaf,1.0.0,social_welfare,1.0.0,metric,comparison_baseline_gap,,-133.99,utility_points,{},ok,valid,[],"[""event_00000249""]",evaluation_receipt,episode_attempt_3a938b4ea0e8188a10c3,e2bde3187150fe3aac4a3651bd59848e40954fb8a32818dfa7d265216d8355a5,true
result_7070322cffeaf06215e3225a,runplan_14ad6ddb11ef0455,cell_b60e03c7724870d28bda,housing_v1__experiment__000004,housing_v1,housing_controlled_model_landlords_experiment,episode_attempt_3a938b4ea0e8188a10c3,e2bde3187150fe3aac4a3651bd59848e40954fb8a32818dfa7d265216d8355a5,included,housing_social_welfare_leaf,1.0.0,social_welfare,1.0.0,metric,ir_violation_count,,0.0,count,{},ok,valid,[],"[""event_00000249""]",evaluation_receipt,episode_attempt_3a938b4ea0e8188a10c3,e2bde3187150fe3aac4a3651bd59848e40954fb8a32818dfa7d265216d8355a5,true
result_f0b7be2d8ca82e5ebbfa28e8,runplan_14ad6ddb11ef0455,cell_b60e03c7724870d28bda,housing_v1__experiment__000004,housing_v1,housing_controlled_model_landlords_experiment,episode_attempt_3a938b4ea0e8188a10c3,e2bde3187150fe3aac4a3651bd59848e40954fb8a32818dfa7d265216d8355a5,included,housing_social_welfare_leaf,1.0.0,social_welfare,1.0.0,metric,social_welfare,,1156.41,utility_points,{},ok,valid,[],"[""event_00000249""]",evaluation_receipt,episode_attempt_3a938b4ea0e8188a10c3,e2bde3187150fe3aac4a3651bd59848e40954fb8a32818dfa7d265216d8355a5,true
result_0ee84fdc8cbd5ab242e3cb91,runplan_14ad6ddb11ef0455,cell_b60e03c7724870d28bda,housing_v1__experiment__000004,housing_v1,housing_controlled_model_landlords_experiment,episode_attempt_3a938b4ea0e8188a10c3,e2bde3187150fe3aac4a3651bd59848e40954fb8a32818dfa7d265216d8355a5,included,housing_social_welfare_leaf,1.0.0,social_welfare,1.0.0,metric,upper_bound_gap,,303.80999999999995,utility_points,{},ok,valid,[],"[""event_00000249""]",evaluation_receipt,episode_attempt_3a938b4ea0e8188a10c3,e2bde3187150fe3aac4a3651bd59848e40954fb8a32818dfa7d265216d8355a5,true
result_7b4b610e089844e84b08b0b9,runplan_14ad6ddb11ef0455,cell_b60e03c7724870d28bda,housing_v1__experiment__000004,housing_v1,housing_controlled_model_landlords_experiment,episode_attempt_3a938b4ea0e8188a10c3,e2bde3187150fe3aac4a3651bd59848e40954fb8a32818dfa7d265216d8355a5,included,housing_social_welfare_leaf,1.0.0,social_welfare,1.0.0,metric,wasted_contacts,,7.0,count,{},ok,valid,[],"[""event_00000249""]",evaluation_receipt,episode_attempt_3a938b4ea0e8188a10c3,e2bde3187150fe3aac4a3651bd59848e40954fb8a32818dfa7d265216d8355a5,true
result_d6ef64b39821d03c727bc165,runplan_14ad6ddb11ef0455,cell_b60e03c7724870d28bda,housing_v1__experiment__000004,housing_v1,housing_controlled_model_landlords_experiment,episode_attempt_3a938b4ea0e8188a10c3,e2bde3187150fe3aac4a3651bd59848e40954fb8a32818dfa7d265216d8355a5,included,housing_social_welfare_leaf,1.0.0,social_welfare,1.0.0,metric,within_case_score,,0.7919423100628673,ratio,{},ok,valid,[],"[""event_00000249""]",evaluation_receipt,episode_attempt_3a938b4ea0e8188a10c3,e2bde3187150fe3aac4a3651bd59848e40954fb8a32818dfa7d265216d8355a5,true
result_892d869d77d50ae735a464b5,runplan_14ad6ddb11ef0455,cell_b60e03c7724870d28bda,housing_v1__experiment__000004,housing_v1,housing_controlled_model_landlords_experiment,episode_attempt_3a938b4ea0e8188a10c3,e2bde3187150fe3aac4a3651bd59848e40954fb8a32818dfa7d265216d8355a5,included,housing_social_welfare_leaf,1.0.0,social_welfare,1.0.0,reference,comparison_baseline,,1290.4,utility_points,"{""policy"":""naive"",""reference_kind"":""comparison_baseline""}",ok,valid,[],"[""event_00000249""]",evaluation_receipt,episode_attempt_3a938b4ea0e8188a10c3,e2bde3187150fe3aac4a3651bd59848e40954fb8a32818dfa7d265216d8355a5,true
result_ae9a1a31845e1c64b06339bf,runplan_14ad6ddb11ef0455,cell_b60e03c7724870d28bda,housing_v1__experiment__000004,housing_v1,housing_controlled_model_landlords_experiment,episode_attempt_3a938b4ea0e8188a10c3,e2bde3187150fe3aac4a3651bd59848e40954fb8a32818dfa7d265216d8355a5,included,housing_social_welfare_leaf,1.0.0,social_welfare,1.0.0,reference,optimum_lower_bound,,0.0,utility_points,"{""policy"":""do_nothing"",""reference_kind"":""objective_lower_bound""}",ok,valid,[],"[""event_00000249""]",evaluation_receipt,episode_attempt_3a938b4ea0e8188a10c3,e2bde3187150fe3aac4a3651bd59848e40954fb8a32818dfa7d265216d8355a5,true
result_b7b11a5b03248aae056f411d,runplan_14ad6ddb11ef0455,cell_b60e03c7724870d28bda,housing_v1__experiment__000004,housing_v1,housing_controlled_model_landlords_experiment,episode_attempt_3a938b4ea0e8188a10c3,e2bde3187150fe3aac4a3651bd59848e40954fb8a32818dfa7d265216d8355a5,included,housing_social_welfare_leaf,1.0.0,social_welfare,1.0.0,reference,optimum_upper_bound,,1460.22,utility_points,"{""reference_kind"":""objective_upper_bound"",""semantics"":""full_information_allocation_relaxation""}",ok,valid,[],"[""event_00000249""]",evaluation_receipt,episode_attempt_3a938b4ea0e8188a10c3,e2bde3187150fe3aac4a3651bd59848e40954fb8a32818dfa7d265216d8355a5,true
result_054387243b089d4757dbee9f,runplan_14ad6ddb11ef0455,cell_b60e03c7724870d28bda,housing_v1__experiment__000004,housing_v1,housing_controlled_model_landlords_experiment,episode_attempt_3a938b4ea0e8188a10c3,e2bde3187150fe3aac4a3651bd59848e40954fb8a32818dfa7d265216d8355a5,included,housing_social_welfare_leaf,1.0.0,social_welfare,1.0.0,utility,landlord_0,landlord_0,0.0,utility_points,"{""disagreement_utility"":0.0}",ok,valid,[],"[""event_00000249""]",evaluation_receipt,episode_attempt_3a938b4ea0e8188a10c3,e2bde3187150fe3aac4a3651bd59848e40954fb8a32818dfa7d265216d8355a5,true
result_a31c87f67272590a35a64c43,runplan_14ad6ddb11ef0455,cell_b60e03c7724870d28bda,housing_v1__experiment__000004,housing_v1,housing_controlled_model_landlords_experiment,episode_attempt_3a938b4ea0e8188a10c3,e2bde3187150fe3aac4a3651bd59848e40954fb8a32818dfa7d265216d8355a5,included,housing_social_welfare_leaf,1.0.0,social_welfare,1.0.0,utility,landlord_1,landlord_1,51.25,utility_points,"{""disagreement_utility"":0.0}",ok,valid,[],"[""event_00000249""]",evaluation_receipt,episode_attempt_3a938b4ea0e8188a10c3,e2bde3187150fe3aac4a3651bd59848e40954fb8a32818dfa7d265216d8355a5,true
result_38fc723f8c6adcebba93bc66,runplan_14ad6ddb11ef0455,cell_b60e03c7724870d28bda,housing_v1__experiment__000004,housing_v1,housing_controlled_model_landlords_experiment,episode_attempt_3a938b4ea0e8188a10c3,e2bde3187150fe3aac4a3651bd59848e40954fb8a32818dfa7d265216d8355a5,included,housing_social_welfare_leaf,1.0.0,social_welfare,1.0.0,utility,landlord_2,landlord_2,120.76,utility_points,"{""disagreement_utility"":0.0}",ok,valid,[],"[""event_00000249""]",evaluation_receipt,episode_attempt_3a938b4ea0e8188a10c3,e2bde3187150fe3aac4a3651bd59848e40954fb8a32818dfa7d265216d8355a5,true
result_49f0cd57b38654516ad66b23,runplan_14ad6ddb11ef0455,cell_b60e03c7724870d28bda,housing_v1__experiment__000004,housing_v1,housing_controlled_model_landlords_experiment,episode_attempt_3a938b4ea0e8188a10c3,e2bde3187150fe3aac4a3651bd59848e40954fb8a32818dfa7d265216d8355a5,included,housing_social_welfare_leaf,1.0.0,social_welfare,1.0.0,utility,landlord_3,landlord_3,111.18,utility_points,"{""disagreement_utility"":0.0}",ok,valid,[],"[""event_00000249""]",evaluation_receipt,episode_attempt_3a938b4ea0e8188a10c3,e2bde3187150fe3aac4a3651bd59848e40954fb8a32818dfa7d265216d8355a5,true
result_724315e81c29318f203977d2,runplan_14ad6ddb11ef0455,cell_b60e03c7724870d28bda,housing_v1__experiment__000004,housing_v1,housing_controlled_model_landlords_experiment,episode_attempt_3a938b4ea0e8188a10c3,e2bde3187150fe3aac4a3651bd59848e40954fb8a32818dfa7d265216d8355a5,included,housing_social_welfare_leaf,1.0.0,social_welfare,1.0.0,utility,landlord_4,landlord_4,0.0,utility_points,"{""disagreement_utility"":0.0}",ok,valid,[],"[""event_00000249""]",evaluation_receipt,episode_attempt_3a938b4ea0e8188a10c3,e2bde3187150fe3aac4a3651bd59848e40954fb8a32818dfa7d265216d8355a5,true
result_fdeaac6676edc7911ff5edc4,runplan_14ad6ddb11ef0455,cell_b60e03c7724870d28bda,housing_v1__experiment__000004,housing_v1,housing_controlled_model_landlords_experiment,episode_attempt_3a938b4ea0e8188a10c3,e2bde3187150fe3aac4a3651bd59848e40954fb8a32818dfa7d265216d8355a5,included,housing_social_welfare_leaf,1.0.0,social_welfare,1.0.0,utility,tenant_0,tenant_0,0.0,utility_points,"{""disagreement_utility"":0.0}",ok,valid,[],"[""event_00000249""]",evaluation_receipt,episode_attempt_3a938b4ea0e8188a10c3,e2bde3187150fe3aac4a3651bd59848e40954fb8a32818dfa7d265216d8355a5,true
result_67150ff57bb16b95ab2fac8c,runplan_14ad6ddb11ef0455,cell_b60e03c7724870d28bda,housing_v1__experiment__000004,housing_v1,housing_controlled_model_landlords_experiment,episode_attempt_3a938b4ea0e8188a10c3,e2bde3187150fe3aac4a3651bd59848e40954fb8a32818dfa7d265216d8355a5,included,housing_social_welfare_leaf,1.0.0,social_welfare,1.0.0,utility,tenant_1,tenant_1,190.97,utility_points,"{""disagreement_utility"":0.0}",ok,valid,[],"[""event_00000249""]",evaluation_receipt,episode_attempt_3a938b4ea0e8188a10c3,e2bde3187150fe3aac4a3651bd59848e40954fb8a32818dfa7d265216d8355a5,true
result_c3f879de93aab0cd021bde1b,runplan_14ad6ddb11ef0455,cell_b60e03c7724870d28bda,housing_v1__experiment__000004,housing_v1,housing_controlled_model_landlords_experiment,episode_attempt_3a938b4ea0e8188a10c3,e2bde3187150fe3aac4a3651bd59848e40954fb8a32818dfa7d265216d8355a5,included,housing_social_welfare_leaf,1.0.0,social_welfare,1.0.0,utility,tenant_2,tenant_2,557.47,utility_points,"{""disagreement_utility"":0.0}",ok,valid,[],"[""event_00000249""]",evaluation_receipt,episode_attempt_3a938b4ea0e8188a10c3,e2bde3187150fe3aac4a3651bd59848e40954fb8a32818dfa7d265216d8355a5,true
result_62fc7e7442b71aaca78cddb1,runplan_14ad6ddb11ef0455,cell_b60e03c7724870d28bda,housing_v1__experiment__000004,housing_v1,housing_controlled_model_landlords_experiment,episode_attempt_3a938b4ea0e8188a10c3,e2bde3187150fe3aac4a3651bd59848e40954fb8a32818dfa7d265216d8355a5,included,housing_social_welfare_leaf,1.0.0,social_welfare,1.0.0,utility,tenant_3,tenant_3,0.0,utility_points,"{""disagreement_utility"":0.0}",ok,valid,[],"[""event_00000249""]",evaluation_receipt,episode_attempt_3a938b4ea0e8188a10c3,e2bde3187150fe3aac4a3651bd59848e40954fb8a32818dfa7d265216d8355a5,true
result_93b0d43db6598611ace1a48c,runplan_14ad6ddb11ef0455,cell_b60e03c7724870d28bda,housing_v1__experiment__000004,housing_v1,housing_controlled_model_landlords_experiment,episode_attempt_3a938b4ea0e8188a10c3,e2bde3187150fe3aac4a3651bd59848e40954fb8a32818dfa7d265216d8355a5,included,housing_social_welfare_leaf,1.0.0,social_welfare,1.0.0,utility,tenant_4,tenant_4,124.78,utility_points,"{""disagreement_utility"":0.0}",ok,valid,[],"[""event_00000249""]",evaluation_receipt,episode_attempt_3a938b4ea0e8188a10c3,e2bde3187150fe3aac4a3651bd59848e40954fb8a32818dfa7d265216d8355a5,true
result_4aeeab24cfc7db26a4536cd3,runplan_14ad6ddb11ef0455,cell_b60e03c7724870d28bda,housing_v1__experiment__000004,housing_v1,housing_controlled_model_landlords_experiment,episode_attempt_3a938b4ea0e8188a10c3,e2bde3187150fe3aac4a3651bd59848e40954fb8a32818dfa7d265216d8355a5,included,housing_social_welfare_leaf,1.0.0,social_welfare,1.0.0,utility,tenant_5,tenant_5,0.0,utility_points,"{""disagreement_utility"":0.0}",ok,valid,[],"[""event_00000249""]",evaluation_receipt,episode_attempt_3a938b4ea0e8188a10c3,e2bde3187150fe3aac4a3651bd59848e40954fb8a32818dfa7d265216d8355a5,true
result_e683877c9b5588eb88b39f4b,runplan_14ad6ddb11ef0455,cell_b60e03c7724870d28bda,housing_v1__experiment__000004,housing_v1,housing_controlled_model_landlords_experiment,episode_attempt_3a938b4ea0e8188a10c3,e2bde3187150fe3aac4a3651bd59848e40954fb8a32818dfa7d265216d8355a5,included,housing_social_welfare_leaf,1.0.0,social_welfare,1.0.0,capture,landlord_0,landlord_0,0.0,utility_points,"{""disagreement_utility"":0.0}",ok,valid,[],"[""event_00000249""]",evaluation_receipt,episode_attempt_3a938b4ea0e8188a10c3,e2bde3187150fe3aac4a3651bd59848e40954fb8a32818dfa7d265216d8355a5,true
result_31f6bf0c163f39f1356f8d97,runplan_14ad6ddb11ef0455,cell_b60e03c7724870d28bda,housing_v1__experiment__000004,housing_v1,housing_controlled_model_landlords_experiment,episode_attempt_3a938b4ea0e8188a10c3,e2bde3187150fe3aac4a3651bd59848e40954fb8a32818dfa7d265216d8355a5,included,housing_social_welfare_leaf,1.0.0,social_welfare,1.0.0,capture,landlord_1,landlord_1,51.25,utility_points,"{""disagreement_utility"":0.0}",ok,valid,[],"[""event_00000249""]",evaluation_receipt,episode_attempt_3a938b4ea0e8188a10c3,e2bde3187150fe3aac4a3651bd59848e40954fb8a32818dfa7d265216d8355a5,true
result_42d1254946d46bced85b76d6,runplan_14ad6ddb11ef0455,cell_b60e03c7724870d28bda,housing_v1__experiment__000004,housing_v1,housing_controlled_model_landlords_experiment,episode_attempt_3a938b4ea0e8188a10c3,e2bde3187150fe3aac4a3651bd59848e40954fb8a32818dfa7d265216d8355a5,included,housing_social_welfare_leaf,1.0.0,social_welfare,1.0.0,capture,landlord_2,landlord_2,120.76,utility_points,"{""disagreement_utility"":0.0}",ok,valid,[],"[""event_00000249""]",evaluation_receipt,episode_attempt_3a938b4ea0e8188a10c3,e2bde3187150fe3aac4a3651bd59848e40954fb8a32818dfa7d265216d8355a5,true
result_67f6f338dcdbee819d57437d,runplan_14ad6ddb11ef0455,cell_b60e03c7724870d28bda,housing_v1__experiment__000004,housing_v1,housing_controlled_model_landlords_experiment,episode_attempt_3a938b4ea0e8188a10c3,e2bde3187150fe3aac4a3651bd59848e40954fb8a32818dfa7d265216d8355a5,included,housing_social_welfare_leaf,1.0.0,social_welfare,1.0.0,capture,landlord_3,landlord_3,111.18,utility_points,"{""disagreement_utility"":0.0}",ok,valid,[],"[""event_00000249""]",evaluation_receipt,episode_attempt_3a938b4ea0e8188a10c3,e2bde3187150fe3aac4a3651bd59848e40954fb8a32818dfa7d265216d8355a5,true
result_9b339b49e188d733ddf4f274,runplan_14ad6ddb11ef0455,cell_b60e03c7724870d28bda,housing_v1__experiment__000004,housing_v1,housing_controlled_model_landlords_experiment,episode_attempt_3a938b4ea0e8188a10c3,e2bde3187150fe3aac4a3651bd59848e40954fb8a32818dfa7d265216d8355a5,included,housing_social_welfare_leaf,1.0.0,social_welfare,1.0.0,capture,landlord_4,landlord_4,0.0,utility_points,"{""disagreement_utility"":0.0}",ok,valid,[],"[""event_00000249""]",evaluation_receipt,episode_attempt_3a938b4ea0e8188a10c3,e2bde3187150fe3aac4a3651bd59848e40954fb8a32818dfa7d265216d8355a5,true
result_898747aed125ddfa459664c8,runplan_14ad6ddb11ef0455,cell_b60e03c7724870d28bda,housing_v1__experiment__000004,housing_v1,housing_controlled_model_landlords_experiment,episode_attempt_3a938b4ea0e8188a10c3,e2bde3187150fe3aac4a3651bd59848e40954fb8a32818dfa7d265216d8355a5,included,housing_social_welfare_leaf,1.0.0,social_welfare,1.0.0,capture,tenant_0,tenant_0,0.0,utility_points,"{""disagreement_utility"":0.0}",ok,valid,[],"[""event_00000249""]",evaluation_receipt,episode_attempt_3a938b4ea0e8188a10c3,e2bde3187150fe3aac4a3651bd59848e40954fb8a32818dfa7d265216d8355a5,true
result_38ba0a1faf1341c16973c93e,runplan_14ad6ddb11ef0455,cell_b60e03c7724870d28bda,housing_v1__experiment__000004,housing_v1,housing_controlled_model_landlords_experiment,episode_attempt_3a938b4ea0e8188a10c3,e2bde3187150fe3aac4a3651bd59848e40954fb8a32818dfa7d265216d8355a5,included,housing_social_welfare_leaf,1.0.0,social_welfare,1.0.0,capture,tenant_1,tenant_1,190.97,utility_points,"{""disagreement_utility"":0.0}",ok,valid,[],"[""event_00000249""]",evaluation_receipt,episode_attempt_3a938b4ea0e8188a10c3,e2bde3187150fe3aac4a3651bd59848e40954fb8a32818dfa7d265216d8355a5,true
result_f0954ff9e157454665c82928,runplan_14ad6ddb11ef0455,cell_b60e03c7724870d28bda,housing_v1__experiment__000004,housing_v1,housing_controlled_model_landlords_experiment,episode_attempt_3a938b4ea0e8188a10c3,e2bde3187150fe3aac4a3651bd59848e40954fb8a32818dfa7d265216d8355a5,included,housing_social_welfare_leaf,1.0.0,social_welfare,1.0.0,capture,tenant_2,tenant_2,557.47,utility_points,"{""disagreement_utility"":0.0}",ok,valid,[],"[""event_00000249""]",evaluation_receipt,episode_attempt_3a938b4ea0e8188a10c3,e2bde3187150fe3aac4a3651bd59848e40954fb8a32818dfa7d265216d8355a5,true
result_bf184f1563e01a8ef05b692a,runplan_14ad6ddb11ef0455,cell_b60e03c7724870d28bda,housing_v1__experiment__000004,housing_v1,housing_controlled_model_landlords_experiment,episode_attempt_3a938b4ea0e8188a10c3,e2bde3187150fe3aac4a3651bd59848e40954fb8a32818dfa7d265216d8355a5,included,housing_social_welfare_leaf,1.0.0,social_welfare,1.0.0,capture,tenant_3,tenant_3,0.0,utility_points,"{""disagreement_utility"":0.0}",ok,valid,[],"[""event_00000249""]",evaluation_receipt,episode_attempt_3a938b4ea0e8188a10c3,e2bde3187150fe3aac4a3651bd59848e40954fb8a32818dfa7d265216d8355a5,true
result_3097c80ac015b19f74e7208e,runplan_14ad6ddb11ef0455,cell_b60e03c7724870d28bda,housing_v1__experiment__000004,housing_v1,housing_controlled_model_landlords_experiment,episode_attempt_3a938b4ea0e8188a10c3,e2bde3187150fe3aac4a3651bd59848e40954fb8a32818dfa7d265216d8355a5,included,housing_social_welfare_leaf,1.0.0,social_welfare,1.0.0,capture,tenant_4,tenant_4,124.78,utility_points,"{""disagreement_utility"":0.0}",ok,valid,[],"[""event_00000249""]",evaluation_receipt,episode_attempt_3a938b4ea0e8188a10c3,e2bde3187150fe3aac4a3651bd59848e40954fb8a32818dfa7d265216d8355a5,true
result_a98ea4a575973e58c468a9e8,runplan_14ad6ddb11ef0455,cell_b60e03c7724870d28bda,housing_v1__experiment__000004,housing_v1,housing_controlled_model_landlords_experiment,episode_attempt_3a938b4ea0e8188a10c3,e2bde3187150fe3aac4a3651bd59848e40954fb8a32818dfa7d265216d8355a5,included,housing_social_welfare_leaf,1.0.0,social_welfare,1.0.0,capture,tenant_5,tenant_5,0.0,utility_points,"{""disagreement_utility"":0.0}",ok,valid,[],"[""event_00000249""]",evaluation_receipt,episode_attempt_3a938b4ea0e8188a10c3,e2bde3187150fe3aac4a3651bd59848e40954fb8a32818dfa7d265216d8355a5,true
result_dc673adbf72665b3fe56c4a9,runplan_14ad6ddb11ef0455,cell_cd86db559b3107cf59b6,housing_v1__experiment__000004,housing_v1,housing_controlled_model_landlords_experiment,episode_attempt_6150183a3df0de4f30d7,c05d2f12e2f978f693ea34d6855a29c90171024bcfbabb9881fc2bc4e593a53f,included,housing_social_welfare_leaf,1.0.0,social_welfare,1.0.0,primary,social_welfare,,1271.34,utility_points,{},ok,valid,[],"[""event_00000277""]",evaluation_receipt,episode_attempt_6150183a3df0de4f30d7,c05d2f12e2f978f693ea34d6855a29c90171024bcfbabb9881fc2bc4e593a53f,true
result_afa3cb98290f7c4e5d8ef3d3,runplan_14ad6ddb11ef0455,cell_cd86db559b3107cf59b6,housing_v1__experiment__000004,housing_v1,housing_controlled_model_landlords_experiment,episode_attempt_6150183a3df0de4f30d7,c05d2f12e2f978f693ea34d6855a29c90171024bcfbabb9881fc2bc4e593a53f,included,housing_social_welfare_leaf,1.0.0,social_welfare,1.0.0,metric,comparison_baseline_gap,,-19.060000000000173,utility_points,{},ok,valid,[],"[""event_00000277""]",evaluation_receipt,episode_attempt_6150183a3df0de4f30d7,c05d2f12e2f978f693ea34d6855a29c90171024bcfbabb9881fc2bc4e593a53f,true
result_04bfb43a3839cc71df3ef94c,runplan_14ad6ddb11ef0455,cell_cd86db559b3107cf59b6,housing_v1__experiment__000004,housing_v1,housing_controlled_model_landlords_experiment,episode_attempt_6150183a3df0de4f30d7,c05d2f12e2f978f693ea34d6855a29c90171024bcfbabb9881fc2bc4e593a53f,included,housing_social_welfare_leaf,1.0.0,social_welfare,1.0.0,metric,ir_violation_count,,0.0,count,{},ok,valid,[],"[""event_00000277""]",evaluation_receipt,episode_attempt_6150183a3df0de4f30d7,c05d2f12e2f978f693ea34d6855a29c90171024bcfbabb9881fc2bc4e593a53f,true
result_174adfaa90a2dcfbdf6136dc,runplan_14ad6ddb11ef0455,cell_cd86db559b3107cf59b6,housing_v1__experiment__000004,housing_v1,housing_controlled_model_landlords_experiment,episode_attempt_6150183a3df0de4f30d7,c05d2f12e2f978f693ea34d6855a29c90171024bcfbabb9881fc2bc4e593a53f,included,housing_social_welfare_leaf,1.0.0,social_welfare,1.0.0,metric,social_welfare,,1271.34,utility_points,{},ok,valid,[],"[""event_00000277""]",evaluation_receipt,episode_attempt_6150183a3df0de4f30d7,c05d2f12e2f978f693ea34d6855a29c90171024bcfbabb9881fc2bc4e593a53f,true
result_28c25fa121c9023ea4f68531,runplan_14ad6ddb11ef0455,cell_cd86db559b3107cf59b6,housing_v1__experiment__000004,housing_v1,housing_controlled_model_landlords_experiment,episode_attempt_6150183a3df0de4f30d7,c05d2f12e2f978f693ea34d6855a29c90171024bcfbabb9881fc2bc4e593a53f,included,housing_social_welfare_leaf,1.0.0,social_welfare,1.0.0,metric,upper_bound_gap,,188.8800000000001,utility_points,{},ok,valid,[],"[""event_00000277""]",evaluation_receipt,episode_attempt_6150183a3df0de4f30d7,c05d2f12e2f978f693ea34d6855a29c90171024bcfbabb9881fc2bc4e593a53f,true
result_53a24c0cee9ce9f2512878ea,runplan_14ad6ddb11ef0455,cell_cd86db559b3107cf59b6,housing_v1__experiment__000004,housing_v1,housing_controlled_model_landlords_experiment,episode_attempt_6150183a3df0de4f30d7,c05d2f12e2f978f693ea34d6855a29c90171024bcfbabb9881fc2bc4e593a53f,included,housing_social_welfare_leaf,1.0.0,social_welfare,1.0.0,metric,wasted_contacts,,5.0,count,{},ok,valid,[],"[""event_00000277""]",evaluation_receipt,episode_attempt_6150183a3df0de4f30d7,c05d2f12e2f978f693ea34d6855a29c90171024bcfbabb9881fc2bc4e593a53f,true
result_325ffef79edb17c87c3d4170,runplan_14ad6ddb11ef0455,cell_cd86db559b3107cf59b6,housing_v1__experiment__000004,housing_v1,housing_controlled_model_landlords_experiment,episode_attempt_6150183a3df0de4f30d7,c05d2f12e2f978f693ea34d6855a29c90171024bcfbabb9881fc2bc4e593a53f,included,housing_social_welfare_leaf,1.0.0,social_welfare,1.0.0,metric,within_case_score,,0.8706496281382257,ratio,{},ok,valid,[],"[""event_00000277""]",evaluation_receipt,episode_attempt_6150183a3df0de4f30d7,c05d2f12e2f978f693ea34d6855a29c90171024bcfbabb9881fc2bc4e593a53f,true
result_9b0446585dfdb05758aa82e8,runplan_14ad6ddb11ef0455,cell_cd86db559b3107cf59b6,housing_v1__experiment__000004,housing_v1,housing_controlled_model_landlords_experiment,episode_attempt_6150183a3df0de4f30d7,c05d2f12e2f978f693ea34d6855a29c90171024bcfbabb9881fc2bc4e593a53f,included,housing_social_welfare_leaf,1.0.0,social_welfare,1.0.0,reference,comparison_baseline,,1290.4,utility_points,"{""policy"":""naive"",""reference_kind"":""comparison_baseline""}",ok,valid,[],"[""event_00000277""]",evaluation_receipt,episode_attempt_6150183a3df0de4f30d7,c05d2f12e2f978f693ea34d6855a29c90171024bcfbabb9881fc2bc4e593a53f,true
result_b040014798897aa7c48e10d8,runplan_14ad6ddb11ef0455,cell_cd86db559b3107cf59b6,housing_v1__experiment__000004,housing_v1,housing_controlled_model_landlords_experiment,episode_attempt_6150183a3df0de4f30d7,c05d2f12e2f978f693ea34d6855a29c90171024bcfbabb9881fc2bc4e593a53f,included,housing_social_welfare_leaf,1.0.0,social_welfare,1.0.0,reference,optimum_lower_bound,,0.0,utility_points,"{""policy"":""do_nothing"",""reference_kind"":""objective_lower_bound""}",ok,valid,[],"[""event_00000277""]",evaluation_receipt,episode_attempt_6150183a3df0de4f30d7,c05d2f12e2f978f693ea34d6855a29c90171024bcfbabb9881fc2bc4e593a53f,true
result_7b8a0d0a4bbddd1071c31ed3,runplan_14ad6ddb11ef0455,cell_cd86db559b3107cf59b6,housing_v1__experiment__000004,housing_v1,housing_controlled_model_landlords_experiment,episode_attempt_6150183a3df0de4f30d7,c05d2f12e2f978f693ea34d6855a29c90171024bcfbabb9881fc2bc4e593a53f,included,housing_social_welfare_leaf,1.0.0,social_welfare,1.0.0,reference,optimum_upper_bound,,1460.22,utility_points,"{""reference_kind"":""objective_upper_bound"",""semantics"":""full_information_allocation_relaxation""}",ok,valid,[],"[""event_00000277""]",evaluation_receipt,episode_attempt_6150183a3df0de4f30d7,c05d2f12e2f978f693ea34d6855a29c90171024bcfbabb9881fc2bc4e593a53f,true
result_c358f7018fb970f1b6e1eaf5,runplan_14ad6ddb11ef0455,cell_cd86db559b3107cf59b6,housing_v1__experiment__000004,housing_v1,housing_controlled_model_landlords_experiment,episode_attempt_6150183a3df0de4f30d7,c05d2f12e2f978f693ea34d6855a29c90171024bcfbabb9881fc2bc4e593a53f,included,housing_social_welfare_leaf,1.0.0,social_welfare,1.0.0,utility,landlord_0,landlord_0,28.38,utility_points,"{""disagreement_utility"":0.0}",ok,valid,[],"[""event_00000277""]",evaluation_receipt,episode_attempt_6150183a3df0de4f30d7,c05d2f12e2f978f693ea34d6855a29c90171024bcfbabb9881fc2bc4e593a53f,true
result_68a63395ddd46b2b78cbbda4,runplan_14ad6ddb11ef0455,cell_cd86db559b3107cf59b6,housing_v1__experiment__000004,housing_v1,housing_controlled_model_landlords_experiment,episode_attempt_6150183a3df0de4f30d7,c05d2f12e2f978f693ea34d6855a29c90171024bcfbabb9881fc2bc4e593a53f,included,housing_social_welfare_leaf,1.0.0,social_welfare,1.0.0,utility,landlord_1,landlord_1,51.25,utility_points,"{""disagreement_utility"":0.0}",ok,valid,[],"[""event_00000277""]",evaluation_receipt,episode_attempt_6150183a3df0de4f30d7,c05d2f12e2f978f693ea34d6855a29c90171024bcfbabb9881fc2bc4e593a53f,true
result_cb2fae29521590d1786d6afa,runplan_14ad6ddb11ef0455,cell_cd86db559b3107cf59b6,housing_v1__experiment__000004,housing_v1,housing_controlled_model_landlords_experiment,episode_attempt_6150183a3df0de4f30d7,c05d2f12e2f978f693ea34d6855a29c90171024bcfbabb9881fc2bc4e593a53f,included,housing_social_welfare_leaf,1.0.0,social_welfare,1.0.0,utility,landlord_2,landlord_2,52.76,utility_points,"{""disagreement_utility"":0.0}",ok,valid,[],"[""event_00000277""]",evaluation_receipt,episode_attempt_6150183a3df0de4f30d7,c05d2f12e2f978f693ea34d6855a29c90171024bcfbabb9881fc2bc4e593a53f,true
result_9ab1d50b7e8592f06e1840ca,runplan_14ad6ddb11ef0455,cell_cd86db559b3107cf59b6,housing_v1__experiment__000004,housing_v1,housing_controlled_model_landlords_experiment,episode_attempt_6150183a3df0de4f30d7,c05d2f12e2f978f693ea34d6855a29c90171024bcfbabb9881fc2bc4e593a53f,included,housing_social_welfare_leaf,1.0.0,social_welfare,1.0.0,utility,landlord_3,landlord_3,111.18,utility_points,"{""disagreement_utility"":0.0}",ok,valid,[],"[""event_00000277""]",evaluation_receipt,episode_attempt_6150183a3df0de4f30d7,c05d2f12e2f978f693ea34d6855a29c90171024bcfbabb9881fc2bc4e593a53f,true
result_d06e21f1a493fad188b1f37a,runplan_14ad6ddb11ef0455,cell_cd86db559b3107cf59b6,housing_v1__experiment__000004,housing_v1,housing_controlled_model_landlords_experiment,episode_attempt_6150183a3df0de4f30d7,c05d2f12e2f978f693ea34d6855a29c90171024bcfbabb9881fc2bc4e593a53f,included,housing_social_welfare_leaf,1.0.0,social_welfare,1.0.0,utility,landlord_4,landlord_4,0.0,utility_points,"{""disagreement_utility"":0.0}",ok,valid,[],"[""event_00000277""]",evaluation_receipt,episode_attempt_6150183a3df0de4f30d7,c05d2f12e2f978f693ea34d6855a29c90171024bcfbabb9881fc2bc4e593a53f,true
result_72d6e98c526289a9b7b99415,runplan_14ad6ddb11ef0455,cell_cd86db559b3107cf59b6,housing_v1__experiment__000004,housing_v1,housing_controlled_model_landlords_experiment,episode_attempt_6150183a3df0de4f30d7,c05d2f12e2f978f693ea34d6855a29c90171024bcfbabb9881fc2bc4e593a53f,included,housing_social_welfare_leaf,1.0.0,social_welfare,1.0.0,utility,tenant_0,tenant_0,275.23,utility_points,"{""disagreement_utility"":0.0}",ok,valid,[],"[""event_00000277""]",evaluation_receipt,episode_attempt_6150183a3df0de4f30d7,c05d2f12e2f978f693ea34d6855a29c90171024bcfbabb9881fc2bc4e593a53f,true
result_8d7a067658aa19588a3af518,runplan_14ad6ddb11ef0455,cell_cd86db559b3107cf59b6,housing_v1__experiment__000004,housing_v1,housing_controlled_model_landlords_experiment,episode_attempt_6150183a3df0de4f30d7,c05d2f12e2f978f693ea34d6855a29c90171024bcfbabb9881fc2bc4e593a53f,included,housing_social_welfare_leaf,1.0.0,social_welfare,1.0.0,utility,tenant_1,tenant_1,190.97,utility_points,"{""disagreement_utility"":0.0}",ok,valid,[],"[""event_00000277""]",evaluation_receipt,episode_attempt_6150183a3df0de4f30d7,c05d2f12e2f978f693ea34d6855a29c90171024bcfbabb9881fc2bc4e593a53f,true
result_7b2d15a4515ead65378ec3df,runplan_14ad6ddb11ef0455,cell_cd86db559b3107cf59b6,housing_v1__experiment__000004,housing_v1,housing_controlled_model_landlords_experiment,episode_attempt_6150183a3df0de4f30d7,c05d2f12e2f978f693ea34d6855a29c90171024bcfbabb9881fc2bc4e593a53f,included,housing_social_welfare_leaf,1.0.0,social_welfare,1.0.0,utility,tenant_2,tenant_2,43.64,utility_points,"{""disagreement_utility"":0.0}",ok,valid,[],"[""event_00000277""]",evaluation_receipt,episode_attempt_6150183a3df0de4f30d7,c05d2f12e2f978f693ea34d6855a29c90171024bcfbabb9881fc2bc4e593a53f,true
result_411cdd1f24af5179fd1ab76d,runplan_14ad6ddb11ef0455,cell_cd86db559b3107cf59b6,housing_v1__experiment__000004,housing_v1,housing_controlled_model_landlords_experiment,episode_attempt_6150183a3df0de4f30d7,c05d2f12e2f978f693ea34d6855a29c90171024bcfbabb9881fc2bc4e593a53f,included,housing_social_welfare_leaf,1.0.0,social_welfare,1.0.0,utility,tenant_3,tenant_3,517.93,utility_points,"{""disagreement_utility"":0.0}",ok,valid,[],"[""event_00000277""]",evaluation_receipt,episode_attempt_6150183a3df0de4f30d7,c05d2f12e2f978f693ea34d6855a29c90171024bcfbabb9881fc2bc4e593a53f,true
result_241295b92a7b95012fe1d4f3,runplan_14ad6ddb11ef0455,cell_cd86db559b3107cf59b6,housing_v1__experiment__000004,housing_v1,housing_controlled_model_landlords_experiment,episode_attempt_6150183a3df0de4f30d7,c05d2f12e2f978f693ea34d6855a29c90171024bcfbabb9881fc2bc4e593a53f,included,housing_social_welfare_leaf,1.0.0,social_welfare,1.0.0,utility,tenant_4,tenant_4,0.0,utility_points,"{""disagreement_utility"":0.0}",ok,valid,[],"[""event_00000277""]",evaluation_receipt,episode_attempt_6150183a3df0de4f30d7,c05d2f12e2f978f693ea34d6855a29c90171024bcfbabb9881fc2bc4e593a53f,true
result_5c71dfe82c840129f3e97f54,runplan_14ad6ddb11ef0455,cell_cd86db559b3107cf59b6,housing_v1__experiment__000004,housing_v1,housing_controlled_model_landlords_experiment,episode_attempt_6150183a3df0de4f30d7,c05d2f12e2f978f693ea34d6855a29c90171024bcfbabb9881fc2bc4e593a53f,included,housing_social_welfare_leaf,1.0.0,social_welfare,1.0.0,utility,tenant_5,tenant_5,0.0,utility_points,"{""disagreement_utility"":0.0}",ok,valid,[],"[""event_00000277""]",evaluation_receipt,episode_attempt_6150183a3df0de4f30d7,c05d2f12e2f978f693ea34d6855a29c90171024bcfbabb9881fc2bc4e593a53f,true
result_1089b13ae1cfcaf974d4a235,runplan_14ad6ddb11ef0455,cell_cd86db559b3107cf59b6,housing_v1__experiment__000004,housing_v1,housing_controlled_model_landlords_experiment,episode_attempt_6150183a3df0de4f30d7,c05d2f12e2f978f693ea34d6855a29c90171024bcfbabb9881fc2bc4e593a53f,included,housing_social_welfare_leaf,1.0.0,social_welfare,1.0.0,capture,landlord_0,landlord_0,28.38,utility_points,"{""disagreement_utility"":0.0}",ok,valid,[],"[""event_00000277""]",evaluation_receipt,episode_attempt_6150183a3df0de4f30d7,c05d2f12e2f978f693ea34d6855a29c90171024bcfbabb9881fc2bc4e593a53f,true
result_f04578f68a7d10e034a12b8b,runplan_14ad6ddb11ef0455,cell_cd86db559b3107cf59b6,housing_v1__experiment__000004,housing_v1,housing_controlled_model_landlords_experiment,episode_attempt_6150183a3df0de4f30d7,c05d2f12e2f978f693ea34d6855a29c90171024bcfbabb9881fc2bc4e593a53f,included,housing_social_welfare_leaf,1.0.0,social_welfare,1.0.0,capture,landlord_1,landlord_1,51.25,utility_points,"{""disagreement_utility"":0.0}",ok,valid,[],"[""event_00000277""]",evaluation_receipt,episode_attempt_6150183a3df0de4f30d7,c05d2f12e2f978f693ea34d6855a29c90171024bcfbabb9881fc2bc4e593a53f,true
result_ffa208127fb1b10caba33835,runplan_14ad6ddb11ef0455,cell_cd86db559b3107cf59b6,housing_v1__experiment__000004,housing_v1,housing_controlled_model_landlords_experiment,episode_attempt_6150183a3df0de4f30d7,c05d2f12e2f978f693ea34d6855a29c90171024bcfbabb9881fc2bc4e593a53f,included,housing_social_welfare_leaf,1.0.0,social_welfare,1.0.0,capture,landlord_2,landlord_2,52.76,utility_points,"{""disagreement_utility"":0.0}",ok,valid,[],"[""event_00000277""]",evaluation_receipt,episode_attempt_6150183a3df0de4f30d7,c05d2f12e2f978f693ea34d6855a29c90171024bcfbabb9881fc2bc4e593a53f,true
result_99a0a502d6a0ba0b02c4f489,runplan_14ad6ddb11ef0455,cell_cd86db559b3107cf59b6,housing_v1__experiment__000004,housing_v1,housing_controlled_model_landlords_experiment,episode_attempt_6150183a3df0de4f30d7,c05d2f12e2f978f693ea34d6855a29c90171024bcfbabb9881fc2bc4e593a53f,included,housing_social_welfare_leaf,1.0.0,social_welfare,1.0.0,capture,landlord_3,landlord_3,111.18,utility_points,"{""disagreement_utility"":0.0}",ok,valid,[],"[""event_00000277""]",evaluation_receipt,episode_attempt_6150183a3df0de4f30d7,c05d2f12e2f978f693ea34d6855a29c90171024bcfbabb9881fc2bc4e593a53f,true
result_561a26c529da9db65b7b42a9,runplan_14ad6ddb11ef0455,cell_cd86db559b3107cf59b6,housing_v1__experiment__000004,housing_v1,housing_controlled_model_landlords_experiment,episode_attempt_6150183a3df0de4f30d7,c05d2f12e2f978f693ea34d6855a29c90171024bcfbabb9881fc2bc4e593a53f,included,housing_social_welfare_leaf,1.0.0,social_welfare,1.0.0,capture,landlord_4,landlord_4,0.0,utility_points,"{""disagreement_utility"":0.0}",ok,valid,[],"[""event_00000277""]",evaluation_receipt,episode_attempt_6150183a3df0de4f30d7,c05d2f12e2f978f693ea34d6855a29c90171024bcfbabb9881fc2bc4e593a53f,true
result_e0b88ff70d17c8bed457b91b,runplan_14ad6ddb11ef0455,cell_cd86db559b3107cf59b6,housing_v1__experiment__000004,housing_v1,housing_controlled_model_landlords_experiment,episode_attempt_6150183a3df0de4f30d7,c05d2f12e2f978f693ea34d6855a29c90171024bcfbabb9881fc2bc4e593a53f,included,housing_social_welfare_leaf,1.0.0,social_welfare,1.0.0,capture,tenant_0,tenant_0,275.23,utility_points,"{""disagreement_utility"":0.0}",ok,valid,[],"[""event_00000277""]",evaluation_receipt,episode_attempt_6150183a3df0de4f30d7,c05d2f12e2f978f693ea34d6855a29c90171024bcfbabb9881fc2bc4e593a53f,true
result_a2c2672c7b29f49892e196e8,runplan_14ad6ddb11ef0455,cell_cd86db559b3107cf59b6,housing_v1__experiment__000004,housing_v1,housing_controlled_model_landlords_experiment,episode_attempt_6150183a3df0de4f30d7,c05d2f12e2f978f693ea34d6855a29c90171024bcfbabb9881fc2bc4e593a53f,included,housing_social_welfare_leaf,1.0.0,social_welfare,1.0.0,capture,tenant_1,tenant_1,190.97,utility_points,"{""disagreement_utility"":0.0}",ok,valid,[],"[""event_00000277""]",evaluation_receipt,episode_attempt_6150183a3df0de4f30d7,c05d2f12e2f978f693ea34d6855a29c90171024bcfbabb9881fc2bc4e593a53f,true
result_22fb2cbe522db36f4727e55b,runplan_14ad6ddb11ef0455,cell_cd86db559b3107cf59b6,housing_v1__experiment__000004,housing_v1,housing_controlled_model_landlords_experiment,episode_attempt_6150183a3df0de4f30d7,c05d2f12e2f978f693ea34d6855a29c90171024bcfbabb9881fc2bc4e593a53f,included,housing_social_welfare_leaf,1.0.0,social_welfare,1.0.0,capture,tenant_2,tenant_2,43.64,utility_points,"{""disagreement_utility"":0.0}",ok,valid,[],"[""event_00000277""]",evaluation_receipt,episode_attempt_6150183a3df0de4f30d7,c05d2f12e2f978f693ea34d6855a29c90171024bcfbabb9881fc2bc4e593a53f,true
result_ad61954e24dc6a59346a7e2d,runplan_14ad6ddb11ef0455,cell_cd86db559b3107cf59b6,housing_v1__experiment__000004,housing_v1,housing_controlled_model_landlords_experiment,episode_attempt_6150183a3df0de4f30d7,c05d2f12e2f978f693ea34d6855a29c90171024bcfbabb9881fc2bc4e593a53f,included,housing_social_welfare_leaf,1.0.0,social_welfare,1.0.0,capture,tenant_3,tenant_3,517.93,utility_points,"{""disagreement_utility"":0.0}",ok,valid,[],"[""event_00000277""]",evaluation_receipt,episode_attempt_6150183a3df0de4f30d7,c05d2f12e2f978f693ea34d6855a29c90171024bcfbabb9881fc2bc4e593a53f,true
result_d980c167534ea59efd23f9e0,runplan_14ad6ddb11ef0455,cell_cd86db559b3107cf59b6,housing_v1__experiment__000004,housing_v1,housing_controlled_model_landlords_experiment,episode_attempt_6150183a3df0de4f30d7,c05d2f12e2f978f693ea34d6855a29c90171024bcfbabb9881fc2bc4e593a53f,included,housing_social_welfare_leaf,1.0.0,social_welfare,1.0.0,capture,tenant_4,tenant_4,0.0,utility_points,"{""disagreement_utility"":0.0}",ok,valid,[],"[""event_00000277""]",evaluation_receipt,episode_attempt_6150183a3df0de4f30d7,c05d2f12e2f978f693ea34d6855a29c90171024bcfbabb9881fc2bc4e593a53f,true
result_4893f68469e9ea15983e92ce,runplan_14ad6ddb11ef0455,cell_cd86db559b3107cf59b6,housing_v1__experiment__000004,housing_v1,housing_controlled_model_landlords_experiment,episode_attempt_6150183a3df0de4f30d7,c05d2f12e2f978f693ea34d6855a29c90171024bcfbabb9881fc2bc4e593a53f,included,housing_social_welfare_leaf,1.0.0,social_welfare,1.0.0,capture,tenant_5,tenant_5,0.0,utility_points,"{""disagreement_utility"":0.0}",ok,valid,[],"[""event_00000277""]",evaluation_receipt,episode_attempt_6150183a3df0de4f30d7,c05d2f12e2f978f693ea34d6855a29c90171024bcfbabb9881fc2bc4e593a53f,true
result_de5c87d96ef29ae82197aab7,runplan_14ad6ddb11ef0455,cell_d4c835e1f8a948aa3b35,housing_v1__experiment__000001,housing_v1,housing_controlled_model_landlords_experiment,episode_attempt_d0bba74f0411d0fc285b,44eaca5c6c8167f66881207d09dba706580fa7469fef760fee20635dd8c4421c,included,housing_social_welfare_leaf,1.0.0,social_welfare,1.0.0,primary,social_welfare,,1465.06,utility_points,{},ok,valid,[],"[""event_00000255""]",evaluation_receipt,episode_attempt_d0bba74f0411d0fc285b,44eaca5c6c8167f66881207d09dba706580fa7469fef760fee20635dd8c4421c,true
result_2bd19946e4121e77fd74d502,runplan_14ad6ddb11ef0455,cell_d4c835e1f8a948aa3b35,housing_v1__experiment__000001,housing_v1,housing_controlled_model_landlords_experiment,episode_attempt_d0bba74f0411d0fc285b,44eaca5c6c8167f66881207d09dba706580fa7469fef760fee20635dd8c4421c,included,housing_social_welfare_leaf,1.0.0,social_welfare,1.0.0,metric,comparison_baseline_gap,,-143.19000000000005,utility_points,{},ok,valid,[],"[""event_00000255""]",evaluation_receipt,episode_attempt_d0bba74f0411d0fc285b,44eaca5c6c8167f66881207d09dba706580fa7469fef760fee20635dd8c4421c,true
result_73c5b9f7aa90bc12f62b7814,runplan_14ad6ddb11ef0455,cell_d4c835e1f8a948aa3b35,housing_v1__experiment__000001,housing_v1,housing_controlled_model_landlords_experiment,episode_attempt_d0bba74f0411d0fc285b,44eaca5c6c8167f66881207d09dba706580fa7469fef760fee20635dd8c4421c,included,housing_social_welfare_leaf,1.0.0,social_welfare,1.0.0,metric,ir_violation_count,,0.0,count,{},ok,valid,[],"[""event_00000255""]",evaluation_receipt,episode_attempt_d0bba74f0411d0fc285b,44eaca5c6c8167f66881207d09dba706580fa7469fef760fee20635dd8c4421c,true
result_62c0d55a675a1025661d85ab,runplan_14ad6ddb11ef0455,cell_d4c835e1f8a948aa3b35,housing_v1__experiment__000001,housing_v1,housing_controlled_model_landlords_experiment,episode_attempt_d0bba74f0411d0fc285b,44eaca5c6c8167f66881207d09dba706580fa7469fef760fee20635dd8c4421c,included,housing_social_welfare_leaf,1.0.0,social_welfare,1.0.0,metric,social_welfare,,1465.06,utility_points,{},ok,valid,[],"[""event_00000255""]",evaluation_receipt,episode_attempt_d0bba74f0411d0fc285b,44eaca5c6c8167f66881207d09dba706580fa7469fef760fee20635dd8c4421c,true
result_fbf010736c553ea265e02d58,runplan_14ad6ddb11ef0455,cell_d4c835e1f8a948aa3b35,housing_v1__experiment__000001,housing_v1,housing_controlled_model_landlords_experiment,episode_attempt_d0bba74f0411d0fc285b,44eaca5c6c8167f66881207d09dba706580fa7469fef760fee20635dd8c4421c,included,housing_social_welfare_leaf,1.0.0,social_welfare,1.0.0,metric,upper_bound_gap,,323.93000000000006,utility_points,{},ok,valid,[],"[""event_00000255""]",evaluation_receipt,episode_attempt_d0bba74f0411d0fc285b,44eaca5c6c8167f66881207d09dba706580fa7469fef760fee20635dd8c4421c,true
result_652f1a38d3256cbc6173f976,runplan_14ad6ddb11ef0455,cell_d4c835e1f8a948aa3b35,housing_v1__experiment__000001,housing_v1,housing_controlled_model_landlords_experiment,episode_attempt_d0bba74f0411d0fc285b,44eaca5c6c8167f66881207d09dba706580fa7469fef760fee20635dd8c4421c,included,housing_social_welfare_leaf,1.0.0,social_welfare,1.0.0,metric,wasted_contacts,,7.0,count,{},ok,valid,[],"[""event_00000255""]",evaluation_receipt,episode_attempt_d0bba74f0411d0fc285b,44eaca5c6c8167f66881207d09dba706580fa7469fef760fee20635dd8c4421c,true
result_a1078b503f80872e2c785657,runplan_14ad6ddb11ef0455,cell_d4c835e1f8a948aa3b35,housing_v1__experiment__000001,housing_v1,housing_controlled_model_landlords_experiment,episode_attempt_d0bba74f0411d0fc285b,44eaca5c6c8167f66881207d09dba706580fa7469fef760fee20635dd8c4421c,included,housing_social_welfare_leaf,1.0.0,social_welfare,1.0.0,metric,within_case_score,,0.8189313523272908,ratio,{},ok,valid,[],"[""event_00000255""]",evaluation_receipt,episode_attempt_d0bba74f0411d0fc285b,44eaca5c6c8167f66881207d09dba706580fa7469fef760fee20635dd8c4421c,true
result_dde7f8dde4fcf275d3b8b8c5,runplan_14ad6ddb11ef0455,cell_d4c835e1f8a948aa3b35,housing_v1__experiment__000001,housing_v1,housing_controlled_model_landlords_experiment,episode_attempt_d0bba74f0411d0fc285b,44eaca5c6c8167f66881207d09dba706580fa7469fef760fee20635dd8c4421c,included,housing_social_welfare_leaf,1.0.0,social_welfare,1.0.0,reference,comparison_baseline,,1608.25,utility_points,"{""policy"":""naive"",""reference_kind"":""comparison_baseline""}",ok,valid,[],"[""event_00000255""]",evaluation_receipt,episode_attempt_d0bba74f0411d0fc285b,44eaca5c6c8167f66881207d09dba706580fa7469fef760fee20635dd8c4421c,true
result_075384015420275b267fe859,runplan_14ad6ddb11ef0455,cell_d4c835e1f8a948aa3b35,housing_v1__experiment__000001,housing_v1,housing_controlled_model_landlords_experiment,episode_attempt_d0bba74f0411d0fc285b,44eaca5c6c8167f66881207d09dba706580fa7469fef760fee20635dd8c4421c,included,housing_social_welfare_leaf,1.0.0,social_welfare,1.0.0,reference,optimum_lower_bound,,0.0,utility_points,"{""policy"":""do_nothing"",""reference_kind"":""objective_lower_bound""}",ok,valid,[],"[""event_00000255""]",evaluation_receipt,episode_attempt_d0bba74f0411d0fc285b,44eaca5c6c8167f66881207d09dba706580fa7469fef760fee20635dd8c4421c,true
result_b31959f666f1e46fcdd9cfc7,runplan_14ad6ddb11ef0455,cell_d4c835e1f8a948aa3b35,housing_v1__experiment__000001,housing_v1,housing_controlled_model_landlords_experiment,episode_attempt_d0bba74f0411d0fc285b,44eaca5c6c8167f66881207d09dba706580fa7469fef760fee20635dd8c4421c,included,housing_social_welfare_leaf,1.0.0,social_welfare,1.0.0,reference,optimum_upper_bound,,1788.99,utility_points,"{""reference_kind"":""objective_upper_bound"",""semantics"":""full_information_allocation_relaxation""}",ok,valid,[],"[""event_00000255""]",evaluation_receipt,episode_attempt_d0bba74f0411d0fc285b,44eaca5c6c8167f66881207d09dba706580fa7469fef760fee20635dd8c4421c,true
result_cf1cf57fb739503983e88d22,runplan_14ad6ddb11ef0455,cell_d4c835e1f8a948aa3b35,housing_v1__experiment__000001,housing_v1,housing_controlled_model_landlords_experiment,episode_attempt_d0bba74f0411d0fc285b,44eaca5c6c8167f66881207d09dba706580fa7469fef760fee20635dd8c4421c,included,housing_social_welfare_leaf,1.0.0,social_welfare,1.0.0,utility,landlord_0,landlord_0,56.6,utility_points,"{""disagreement_utility"":0.0}",ok,valid,[],"[""event_00000255""]",evaluation_receipt,episode_attempt_d0bba74f0411d0fc285b,44eaca5c6c8167f66881207d09dba706580fa7469fef760fee20635dd8c4421c,true
result_497ec5d87b70d02dae4c6892,runplan_14ad6ddb11ef0455,cell_d4c835e1f8a948aa3b35,housing_v1__experiment__000001,housing_v1,housing_controlled_model_landlords_experiment,episode_attempt_d0bba74f0411d0fc285b,44eaca5c6c8167f66881207d09dba706580fa7469fef760fee20635dd8c4421c,included,housing_social_welfare_leaf,1.0.0,social_welfare,1.0.0,utility,landlord_1,landlord_1,0.0,utility_points,"{""disagreement_utility"":0.0}",ok,valid,[],"[""event_00000255""]",evaluation_receipt,episode_attempt_d0bba74f0411d0fc285b,44eaca5c6c8167f66881207d09dba706580fa7469fef760fee20635dd8c4421c,true
result_362b9609903be6332fad46c6,runplan_14ad6ddb11ef0455,cell_d4c835e1f8a948aa3b35,housing_v1__experiment__000001,housing_v1,housing_controlled_model_landlords_experiment,episode_attempt_d0bba74f0411d0fc285b,44eaca5c6c8167f66881207d09dba706580fa7469fef760fee20635dd8c4421c,included,housing_social_welfare_leaf,1.0.0,social_welfare,1.0.0,utility,landlord_2,landlord_2,0.0,utility_points,"{""disagreement_utility"":0.0}",ok,valid,[],"[""event_00000255""]",evaluation_receipt,episode_attempt_d0bba74f0411d0fc285b,44eaca5c6c8167f66881207d09dba706580fa7469fef760fee20635dd8c4421c,true
result_74a1fd9d5c9936f5bff1fffb,runplan_14ad6ddb11ef0455,cell_d4c835e1f8a948aa3b35,housing_v1__experiment__000001,housing_v1,housing_controlled_model_landlords_experiment,episode_attempt_d0bba74f0411d0fc285b,44eaca5c6c8167f66881207d09dba706580fa7469fef760fee20635dd8c4421c,included,housing_social_welfare_leaf,1.0.0,social_welfare,1.0.0,utility,landlord_3,landlord_3,78.64,utility_points,"{""disagreement_utility"":0.0}",ok,valid,[],"[""event_00000255""]",evaluation_receipt,episode_attempt_d0bba74f0411d0fc285b,44eaca5c6c8167f66881207d09dba706580fa7469fef760fee20635dd8c4421c,true
result_586c4cf96f70ec087d6e4456,runplan_14ad6ddb11ef0455,cell_d4c835e1f8a948aa3b35,housing_v1__experiment__000001,housing_v1,housing_controlled_model_landlords_experiment,episode_attempt_d0bba74f0411d0fc285b,44eaca5c6c8167f66881207d09dba706580fa7469fef760fee20635dd8c4421c,included,housing_social_welfare_leaf,1.0.0,social_welfare,1.0.0,utility,landlord_4,landlord_4,47.52,utility_points,"{""disagreement_utility"":0.0}",ok,valid,[],"[""event_00000255""]",evaluation_receipt,episode_attempt_d0bba74f0411d0fc285b,44eaca5c6c8167f66881207d09dba706580fa7469fef760fee20635dd8c4421c,true
result_3aafbb9c670aaa45a3468016,runplan_14ad6ddb11ef0455,cell_d4c835e1f8a948aa3b35,housing_v1__experiment__000001,housing_v1,housing_controlled_model_landlords_experiment,episode_attempt_d0bba74f0411d0fc285b,44eaca5c6c8167f66881207d09dba706580fa7469fef760fee20635dd8c4421c,included,housing_social_welfare_leaf,1.0.0,social_welfare,1.0.0,utility,tenant_0,tenant_0,423.79,utility_points,"{""disagreement_utility"":0.0}",ok,valid,[],"[""event_00000255""]",evaluation_receipt,episode_attempt_d0bba74f0411d0fc285b,44eaca5c6c8167f66881207d09dba706580fa7469fef760fee20635dd8c4421c,true
result_6871fd819bf007d10e2501b7,runplan_14ad6ddb11ef0455,cell_d4c835e1f8a948aa3b35,housing_v1__experiment__000001,housing_v1,housing_controlled_model_landlords_experiment,episode_attempt_d0bba74f0411d0fc285b,44eaca5c6c8167f66881207d09dba706580fa7469fef760fee20635dd8c4421c,included,housing_social_welfare_leaf,1.0.0,social_welfare,1.0.0,utility,tenant_1,tenant_1,412.72,utility_points,"{""disagreement_utility"":0.0}",ok,valid,[],"[""event_00000255""]",evaluation_receipt,episode_attempt_d0bba74f0411d0fc285b,44eaca5c6c8167f66881207d09dba706580fa7469fef760fee20635dd8c4421c,true
result_87b93876753a0a17e09ae563,runplan_14ad6ddb11ef0455,cell_d4c835e1f8a948aa3b35,housing_v1__experiment__000001,housing_v1,housing_controlled_model_landlords_experiment,episode_attempt_d0bba74f0411d0fc285b,44eaca5c6c8167f66881207d09dba706580fa7469fef760fee20635dd8c4421c,included,housing_social_welfare_leaf,1.0.0,social_welfare,1.0.0,utility,tenant_2,tenant_2,0.0,utility_points,"{""disagreement_utility"":0.0}",ok,valid,[],"[""event_00000255""]",evaluation_receipt,episode_attempt_d0bba74f0411d0fc285b,44eaca5c6c8167f66881207d09dba706580fa7469fef760fee20635dd8c4421c,true
result_00aef7fc0075d28a404749e0,runplan_14ad6ddb11ef0455,cell_d4c835e1f8a948aa3b35,housing_v1__experiment__000001,housing_v1,housing_controlled_model_landlords_experiment,episode_attempt_d0bba74f0411d0fc285b,44eaca5c6c8167f66881207d09dba706580fa7469fef760fee20635dd8c4421c,included,housing_social_welfare_leaf,1.0.0,social_welfare,1.0.0,utility,tenant_3,tenant_3,445.79,utility_points,"{""disagreement_utility"":0.0}",ok,valid,[],"[""event_00000255""]",evaluation_receipt,episode_attempt_d0bba74f0411d0fc285b,44eaca5c6c8167f66881207d09dba706580fa7469fef760fee20635dd8c4421c,true
result_c83ac0b6abf454e54f2498d4,runplan_14ad6ddb11ef0455,cell_d4c835e1f8a948aa3b35,housing_v1__experiment__000001,housing_v1,housing_controlled_model_landlords_experiment,episode_attempt_d0bba74f0411d0fc285b,44eaca5c6c8167f66881207d09dba706580fa7469fef760fee20635dd8c4421c,included,housing_social_welfare_leaf,1.0.0,social_welfare,1.0.0,utility,tenant_4,tenant_4,0.0,utility_points,"{""disagreement_utility"":0.0}",ok,valid,[],"[""event_00000255""]",evaluation_receipt,episode_attempt_d0bba74f0411d0fc285b,44eaca5c6c8167f66881207d09dba706580fa7469fef760fee20635dd8c4421c,true
result_e20043d53eea09795cafc65f,runplan_14ad6ddb11ef0455,cell_d4c835e1f8a948aa3b35,housing_v1__experiment__000001,housing_v1,housing_controlled_model_landlords_experiment,episode_attempt_d0bba74f0411d0fc285b,44eaca5c6c8167f66881207d09dba706580fa7469fef760fee20635dd8c4421c,included,housing_social_welfare_leaf,1.0.0,social_welfare,1.0.0,utility,tenant_5,tenant_5,0.0,utility_points,"{""disagreement_utility"":0.0}",ok,valid,[],"[""event_00000255""]",evaluation_receipt,episode_attempt_d0bba74f0411d0fc285b,44eaca5c6c8167f66881207d09dba706580fa7469fef760fee20635dd8c4421c,true
result_0ce42a94523f0c4f37d44582,runplan_14ad6ddb11ef0455,cell_d4c835e1f8a948aa3b35,housing_v1__experiment__000001,housing_v1,housing_controlled_model_landlords_experiment,episode_attempt_d0bba74f0411d0fc285b,44eaca5c6c8167f66881207d09dba706580fa7469fef760fee20635dd8c4421c,included,housing_social_welfare_leaf,1.0.0,social_welfare,1.0.0,capture,landlord_0,landlord_0,56.6,utility_points,"{""disagreement_utility"":0.0}",ok,valid,[],"[""event_00000255""]",evaluation_receipt,episode_attempt_d0bba74f0411d0fc285b,44eaca5c6c8167f66881207d09dba706580fa7469fef760fee20635dd8c4421c,true
result_355061709e7fafb39aa8e635,runplan_14ad6ddb11ef0455,cell_d4c835e1f8a948aa3b35,housing_v1__experiment__000001,housing_v1,housing_controlled_model_landlords_experiment,episode_attempt_d0bba74f0411d0fc285b,44eaca5c6c8167f66881207d09dba706580fa7469fef760fee20635dd8c4421c,included,housing_social_welfare_leaf,1.0.0,social_welfare,1.0.0,capture,landlord_1,landlord_1,0.0,utility_points,"{""disagreement_utility"":0.0}",ok,valid,[],"[""event_00000255""]",evaluation_receipt,episode_attempt_d0bba74f0411d0fc285b,44eaca5c6c8167f66881207d09dba706580fa7469fef760fee20635dd8c4421c,true
result_2c243a0487f238507dbe0574,runplan_14ad6ddb11ef0455,cell_d4c835e1f8a948aa3b35,housing_v1__experiment__000001,housing_v1,housing_controlled_model_landlords_experiment,episode_attempt_d0bba74f0411d0fc285b,44eaca5c6c8167f66881207d09dba706580fa7469fef760fee20635dd8c4421c,included,housing_social_welfare_leaf,1.0.0,social_welfare,1.0.0,capture,landlord_2,landlord_2,0.0,utility_points,"{""disagreement_utility"":0.0}",ok,valid,[],"[""event_00000255""]",evaluation_receipt,episode_attempt_d0bba74f0411d0fc285b,44eaca5c6c8167f66881207d09dba706580fa7469fef760fee20635dd8c4421c,true
result_a2ca85c8dc7c45734987e1c6,runplan_14ad6ddb11ef0455,cell_d4c835e1f8a948aa3b35,housing_v1__experiment__000001,housing_v1,housing_controlled_model_landlords_experiment,episode_attempt_d0bba74f0411d0fc285b,44eaca5c6c8167f66881207d09dba706580fa7469fef760fee20635dd8c4421c,included,housing_social_welfare_leaf,1.0.0,social_welfare,1.0.0,capture,landlord_3,landlord_3,78.64,utility_points,"{""disagreement_utility"":0.0}",ok,valid,[],"[""event_00000255""]",evaluation_receipt,episode_attempt_d0bba74f0411d0fc285b,44eaca5c6c8167f66881207d09dba706580fa7469fef760fee20635dd8c4421c,true
result_0df32b5898f49d916203b5b7,runplan_14ad6ddb11ef0455,cell_d4c835e1f8a948aa3b35,housing_v1__experiment__000001,housing_v1,housing_controlled_model_landlords_experiment,episode_attempt_d0bba74f0411d0fc285b,44eaca5c6c8167f66881207d09dba706580fa7469fef760fee20635dd8c4421c,included,housing_social_welfare_leaf,1.0.0,social_welfare,1.0.0,capture,landlord_4,landlord_4,47.52,utility_points,"{""disagreement_utility"":0.0}",ok,valid,[],"[""event_00000255""]",evaluation_receipt,episode_attempt_d0bba74f0411d0fc285b,44eaca5c6c8167f66881207d09dba706580fa7469fef760fee20635dd8c4421c,true
result_7a388f8fa9f38d01540430d8,runplan_14ad6ddb11ef0455,cell_d4c835e1f8a948aa3b35,housing_v1__experiment__000001,housing_v1,housing_controlled_model_landlords_experiment,episode_attempt_d0bba74f0411d0fc285b,44eaca5c6c8167f66881207d09dba706580fa7469fef760fee20635dd8c4421c,included,housing_social_welfare_leaf,1.0.0,social_welfare,1.0.0,capture,tenant_0,tenant_0,423.79,utility_points,"{""disagreement_utility"":0.0}",ok,valid,[],"[""event_00000255""]",evaluation_receipt,episode_attempt_d0bba74f0411d0fc285b,44eaca5c6c8167f66881207d09dba706580fa7469fef760fee20635dd8c4421c,true
result_6d8f57e33e586bbc5d2b4430,runplan_14ad6ddb11ef0455,cell_d4c835e1f8a948aa3b35,housing_v1__experiment__000001,housing_v1,housing_controlled_model_landlords_experiment,episode_attempt_d0bba74f0411d0fc285b,44eaca5c6c8167f66881207d09dba706580fa7469fef760fee20635dd8c4421c,included,housing_social_welfare_leaf,1.0.0,social_welfare,1.0.0,capture,tenant_1,tenant_1,412.72,utility_points,"{""disagreement_utility"":0.0}",ok,valid,[],"[""event_00000255""]",evaluation_receipt,episode_attempt_d0bba74f0411d0fc285b,44eaca5c6c8167f66881207d09dba706580fa7469fef760fee20635dd8c4421c,true
result_7bdd294311f8ed035aa31962,runplan_14ad6ddb11ef0455,cell_d4c835e1f8a948aa3b35,housing_v1__experiment__000001,housing_v1,housing_controlled_model_landlords_experiment,episode_attempt_d0bba74f0411d0fc285b,44eaca5c6c8167f66881207d09dba706580fa7469fef760fee20635dd8c4421c,included,housing_social_welfare_leaf,1.0.0,social_welfare,1.0.0,capture,tenant_2,tenant_2,0.0,utility_points,"{""disagreement_utility"":0.0}",ok,valid,[],"[""event_00000255""]",evaluation_receipt,episode_attempt_d0bba74f0411d0fc285b,44eaca5c6c8167f66881207d09dba706580fa7469fef760fee20635dd8c4421c,true
result_e731ed3eb3e5d810e5debce3,runplan_14ad6ddb11ef0455,cell_d4c835e1f8a948aa3b35,housing_v1__experiment__000001,housing_v1,housing_controlled_model_landlords_experiment,episode_attempt_d0bba74f0411d0fc285b,44eaca5c6c8167f66881207d09dba706580fa7469fef760fee20635dd8c4421c,included,housing_social_welfare_leaf,1.0.0,social_welfare,1.0.0,capture,tenant_3,tenant_3,445.79,utility_points,"{""disagreement_utility"":0.0}",ok,valid,[],"[""event_00000255""]",evaluation_receipt,episode_attempt_d0bba74f0411d0fc285b,44eaca5c6c8167f66881207d09dba706580fa7469fef760fee20635dd8c4421c,true
result_3637b725e0b29c9956f246ef,runplan_14ad6ddb11ef0455,cell_d4c835e1f8a948aa3b35,housing_v1__experiment__000001,housing_v1,housing_controlled_model_landlords_experiment,episode_attempt_d0bba74f0411d0fc285b,44eaca5c6c8167f66881207d09dba706580fa7469fef760fee20635dd8c4421c,included,housing_social_welfare_leaf,1.0.0,social_welfare,1.0.0,capture,tenant_4,tenant_4,0.0,utility_points,"{""disagreement_utility"":0.0}",ok,valid,[],"[""event_00000255""]",evaluation_receipt,episode_attempt_d0bba74f0411d0fc285b,44eaca5c6c8167f66881207d09dba706580fa7469fef760fee20635dd8c4421c,true
result_465c1eee3cdd86e48619bb15,runplan_14ad6ddb11ef0455,cell_d4c835e1f8a948aa3b35,housing_v1__experiment__000001,housing_v1,housing_controlled_model_landlords_experiment,episode_attempt_d0bba74f0411d0fc285b,44eaca5c6c8167f66881207d09dba706580fa7469fef760fee20635dd8c4421c,included,housing_social_welfare_leaf,1.0.0,social_welfare,1.0.0,capture,tenant_5,tenant_5,0.0,utility_points,"{""disagreement_utility"":0.0}",ok,valid,[],"[""event_00000255""]",evaluation_receipt,episode_attempt_d0bba74f0411d0fc285b,44eaca5c6c8167f66881207d09dba706580fa7469fef760fee20635dd8c4421c,true
result_a5ed0e04b886f378936f5609,runplan_14ad6ddb11ef0455,cell_ebab30f32d8b3e8716a7,housing_v1__experiment__000002,housing_v1,housing_controlled_model_landlords_experiment,episode_attempt_5c2b83a2c295971d4f96,804e9fb0b42a2cf5da7f94999d6fd8a8d26e3d44b405f2cb2fe3ee47bfbad7fe,included,housing_social_welfare_leaf,1.0.0,social_welfare,1.0.0,primary,social_welfare,,1239.18,utility_points,{},ok,valid,[],"[""event_00000291""]",evaluation_receipt,episode_attempt_5c2b83a2c295971d4f96,804e9fb0b42a2cf5da7f94999d6fd8a8d26e3d44b405f2cb2fe3ee47bfbad7fe,true
result_1ea8e5923a9a1f37d4f135b9,runplan_14ad6ddb11ef0455,cell_ebab30f32d8b3e8716a7,housing_v1__experiment__000002,housing_v1,housing_controlled_model_landlords_experiment,episode_attempt_5c2b83a2c295971d4f96,804e9fb0b42a2cf5da7f94999d6fd8a8d26e3d44b405f2cb2fe3ee47bfbad7fe,included,housing_social_welfare_leaf,1.0.0,social_welfare,1.0.0,metric,comparison_baseline_gap,,-170.28999999999996,utility_points,{},ok,valid,[],"[""event_00000291""]",evaluation_receipt,episode_attempt_5c2b83a2c295971d4f96,804e9fb0b42a2cf5da7f94999d6fd8a8d26e3d44b405f2cb2fe3ee47bfbad7fe,true
result_1d2d42e20d7b23fc0c2cff45,runplan_14ad6ddb11ef0455,cell_ebab30f32d8b3e8716a7,housing_v1__experiment__000002,housing_v1,housing_controlled_model_landlords_experiment,episode_attempt_5c2b83a2c295971d4f96,804e9fb0b42a2cf5da7f94999d6fd8a8d26e3d44b405f2cb2fe3ee47bfbad7fe,included,housing_social_welfare_leaf,1.0.0,social_welfare,1.0.0,metric,ir_violation_count,,0.0,count,{},ok,valid,[],"[""event_00000291""]",evaluation_receipt,episode_attempt_5c2b83a2c295971d4f96,804e9fb0b42a2cf5da7f94999d6fd8a8d26e3d44b405f2cb2fe3ee47bfbad7fe,true
result_5fe1241f3027af61992b66a0,runplan_14ad6ddb11ef0455,cell_ebab30f32d8b3e8716a7,housing_v1__experiment__000002,housing_v1,housing_controlled_model_landlords_experiment,episode_attempt_5c2b83a2c295971d4f96,804e9fb0b42a2cf5da7f94999d6fd8a8d26e3d44b405f2cb2fe3ee47bfbad7fe,included,housing_social_welfare_leaf,1.0.0,social_welfare,1.0.0,metric,social_welfare,,1239.18,utility_points,{},ok,valid,[],"[""event_00000291""]",evaluation_receipt,episode_attempt_5c2b83a2c295971d4f96,804e9fb0b42a2cf5da7f94999d6fd8a8d26e3d44b405f2cb2fe3ee47bfbad7fe,true
result_d2c04fa6aeed9c5fe7b0ec1e,runplan_14ad6ddb11ef0455,cell_ebab30f32d8b3e8716a7,housing_v1__experiment__000002,housing_v1,housing_controlled_model_landlords_experiment,episode_attempt_5c2b83a2c295971d4f96,804e9fb0b42a2cf5da7f94999d6fd8a8d26e3d44b405f2cb2fe3ee47bfbad7fe,included,housing_social_welfare_leaf,1.0.0,social_welfare,1.0.0,metric,upper_bound_gap,,937.9599999999998,utility_points,{},ok,valid,[],"[""event_00000291""]",evaluation_receipt,episode_attempt_5c2b83a2c295971d4f96,804e9fb0b42a2cf5da7f94999d6fd8a8d26e3d44b405f2cb2fe3ee47bfbad7fe,true
result_3429db8e1bc9fad1df508fa6,runplan_14ad6ddb11ef0455,cell_ebab30f32d8b3e8716a7,housing_v1__experiment__000002,housing_v1,housing_controlled_model_landlords_experiment,episode_attempt_5c2b83a2c295971d4f96,804e9fb0b42a2cf5da7f94999d6fd8a8d26e3d44b405f2cb2fe3ee47bfbad7fe,included,housing_social_welfare_leaf,1.0.0,social_welfare,1.0.0,metric,wasted_contacts,,8.0,count,{},ok,valid,[],"[""event_00000291""]",evaluation_receipt,episode_attempt_5c2b83a2c295971d4f96,804e9fb0b42a2cf5da7f94999d6fd8a8d26e3d44b405f2cb2fe3ee47bfbad7fe,true
result_fdb59d1ac68b9c9d79a6a5c2,runplan_14ad6ddb11ef0455,cell_ebab30f32d8b3e8716a7,housing_v1__experiment__000002,housing_v1,housing_controlled_model_landlords_experiment,episode_attempt_5c2b83a2c295971d4f96,804e9fb0b42a2cf5da7f94999d6fd8a8d26e3d44b405f2cb2fe3ee47bfbad7fe,included,housing_social_welfare_leaf,1.0.0,social_welfare,1.0.0,metric,within_case_score,,0.5691779123069716,ratio,{},ok,valid,[],"[""event_00000291""]",evaluation_receipt,episode_attempt_5c2b83a2c295971d4f96,804e9fb0b42a2cf5da7f94999d6fd8a8d26e3d44b405f2cb2fe3ee47bfbad7fe,true
result_cd5f1ae0ec53de852435e2ee,runplan_14ad6ddb11ef0455,cell_ebab30f32d8b3e8716a7,housing_v1__experiment__000002,housing_v1,housing_controlled_model_landlords_experiment,episode_attempt_5c2b83a2c295971d4f96,804e9fb0b42a2cf5da7f94999d6fd8a8d26e3d44b405f2cb2fe3ee47bfbad7fe,included,housing_social_welfare_leaf,1.0.0,social_welfare,1.0.0,reference,comparison_baseline,,1409.47,utility_points,"{""policy"":""naive"",""reference_kind"":""comparison_baseline""}",ok,valid,[],"[""event_00000291""]",evaluation_receipt,episode_attempt_5c2b83a2c295971d4f96,804e9fb0b42a2cf5da7f94999d6fd8a8d26e3d44b405f2cb2fe3ee47bfbad7fe,true
result_fe0907a1a897d7cc0f33e3b7,runplan_14ad6ddb11ef0455,cell_ebab30f32d8b3e8716a7,housing_v1__experiment__000002,housing_v1,housing_controlled_model_landlords_experiment,episode_attempt_5c2b83a2c295971d4f96,804e9fb0b42a2cf5da7f94999d6fd8a8d26e3d44b405f2cb2fe3ee47bfbad7fe,included,housing_social_welfare_leaf,1.0.0,social_welfare,1.0.0,reference,optimum_lower_bound,,0.0,utility_points,"{""policy"":""do_nothing"",""reference_kind"":""objective_lower_bound""}",ok,valid,[],"[""event_00000291""]",evaluation_receipt,episode_attempt_5c2b83a2c295971d4f96,804e9fb0b42a2cf5da7f94999d6fd8a8d26e3d44b405f2cb2fe3ee47bfbad7fe,true
result_78ebe7e76c2a1700d278d0e8,runplan_14ad6ddb11ef0455,cell_ebab30f32d8b3e8716a7,housing_v1__experiment__000002,housing_v1,housing_controlled_model_landlords_experiment,episode_attempt_5c2b83a2c295971d4f96,804e9fb0b42a2cf5da7f94999d6fd8a8d26e3d44b405f2cb2fe3ee47bfbad7fe,included,housing_social_welfare_leaf,1.0.0,social_welfare,1.0.0,reference,optimum_upper_bound,,2177.14,utility_points,"{""reference_kind"":""objective_upper_bound"",""semantics"":""full_information_allocation_relaxation""}",ok,valid,[],"[""event_00000291""]",evaluation_receipt,episode_attempt_5c2b83a2c295971d4f96,804e9fb0b42a2cf5da7f94999d6fd8a8d26e3d44b405f2cb2fe3ee47bfbad7fe,true
result_6b4107c2901fca8bc3692509,runplan_14ad6ddb11ef0455,cell_ebab30f32d8b3e8716a7,housing_v1__experiment__000002,housing_v1,housing_controlled_model_landlords_experiment,episode_attempt_5c2b83a2c295971d4f96,804e9fb0b42a2cf5da7f94999d6fd8a8d26e3d44b405f2cb2fe3ee47bfbad7fe,included,housing_social_welfare_leaf,1.0.0,social_welfare,1.0.0,utility,landlord_0,landlord_0,76.2,utility_points,"{""disagreement_utility"":0.0}",ok,valid,[],"[""event_00000291""]",evaluation_receipt,episode_attempt_5c2b83a2c295971d4f96,804e9fb0b42a2cf5da7f94999d6fd8a8d26e3d44b405f2cb2fe3ee47bfbad7fe,true
result_0a3f5c3572a05410a8516282,runplan_14ad6ddb11ef0455,cell_ebab30f32d8b3e8716a7,housing_v1__experiment__000002,housing_v1,housing_controlled_model_landlords_experiment,episode_attempt_5c2b83a2c295971d4f96,804e9fb0b42a2cf5da7f94999d6fd8a8d26e3d44b405f2cb2fe3ee47bfbad7fe,included,housing_social_welfare_leaf,1.0.0,social_welfare,1.0.0,utility,landlord_1,landlord_1,77.87,utility_points,"{""disagreement_utility"":0.0}",ok,valid,[],"[""event_00000291""]",evaluation_receipt,episode_attempt_5c2b83a2c295971d4f96,804e9fb0b42a2cf5da7f94999d6fd8a8d26e3d44b405f2cb2fe3ee47bfbad7fe,true
result_bae6438f99135bd1e15c006d,runplan_14ad6ddb11ef0455,cell_ebab30f32d8b3e8716a7,housing_v1__experiment__000002,housing_v1,housing_controlled_model_landlords_experiment,episode_attempt_5c2b83a2c295971d4f96,804e9fb0b42a2cf5da7f94999d6fd8a8d26e3d44b405f2cb2fe3ee47bfbad7fe,included,housing_social_welfare_leaf,1.0.0,social_welfare,1.0.0,utility,landlord_2,landlord_2,0.0,utility_points,"{""disagreement_utility"":0.0}",ok,valid,[],"[""event_00000291""]",evaluation_receipt,episode_attempt_5c2b83a2c295971d4f96,804e9fb0b42a2cf5da7f94999d6fd8a8d26e3d44b405f2cb2fe3ee47bfbad7fe,true
result_b040578a596adc60f6bc3312,runplan_14ad6ddb11ef0455,cell_ebab30f32d8b3e8716a7,housing_v1__experiment__000002,housing_v1,housing_controlled_model_landlords_experiment,episode_attempt_5c2b83a2c295971d4f96,804e9fb0b42a2cf5da7f94999d6fd8a8d26e3d44b405f2cb2fe3ee47bfbad7fe,included,housing_social_welfare_leaf,1.0.0,social_welfare,1.0.0,utility,landlord_3,landlord_3,41.13,utility_points,"{""disagreement_utility"":0.0}",ok,valid,[],"[""event_00000291""]",evaluation_receipt,episode_attempt_5c2b83a2c295971d4f96,804e9fb0b42a2cf5da7f94999d6fd8a8d26e3d44b405f2cb2fe3ee47bfbad7fe,true
result_9277b946ee0019731ce23566,runplan_14ad6ddb11ef0455,cell_ebab30f32d8b3e8716a7,housing_v1__experiment__000002,housing_v1,housing_controlled_model_landlords_experiment,episode_attempt_5c2b83a2c295971d4f96,804e9fb0b42a2cf5da7f94999d6fd8a8d26e3d44b405f2cb2fe3ee47bfbad7fe,included,housing_social_welfare_leaf,1.0.0,social_welfare,1.0.0,utility,landlord_4,landlord_4,0.0,utility_points,"{""disagreement_utility"":0.0}",ok,valid,[],"[""event_00000291""]",evaluation_receipt,episode_attempt_5c2b83a2c295971d4f96,804e9fb0b42a2cf5da7f94999d6fd8a8d26e3d44b405f2cb2fe3ee47bfbad7fe,true
result_edeb2fde75f680ed5fe7457b,runplan_14ad6ddb11ef0455,cell_ebab30f32d8b3e8716a7,housing_v1__experiment__000002,housing_v1,housing_controlled_model_landlords_experiment,episode_attempt_5c2b83a2c295971d4f96,804e9fb0b42a2cf5da7f94999d6fd8a8d26e3d44b405f2cb2fe3ee47bfbad7fe,included,housing_social_welfare_leaf,1.0.0,social_welfare,1.0.0,utility,tenant_0,tenant_0,170.27,utility_points,"{""disagreement_utility"":0.0}",ok,valid,[],"[""event_00000291""]",evaluation_receipt,episode_attempt_5c2b83a2c295971d4f96,804e9fb0b42a2cf5da7f94999d6fd8a8d26e3d44b405f2cb2fe3ee47bfbad7fe,true
result_2bfdbc66746dceb052684329,runplan_14ad6ddb11ef0455,cell_ebab30f32d8b3e8716a7,housing_v1__experiment__000002,housing_v1,housing_controlled_model_landlords_experiment,episode_attempt_5c2b83a2c295971d4f96,804e9fb0b42a2cf5da7f94999d6fd8a8d26e3d44b405f2cb2fe3ee47bfbad7fe,included,housing_social_welfare_leaf,1.0.0,social_welfare,1.0.0,utility,tenant_1,tenant_1,326.16,utility_points,"{""disagreement_utility"":0.0}",ok,valid,[],"[""event_00000291""]",evaluation_receipt,episode_attempt_5c2b83a2c295971d4f96,804e9fb0b42a2cf5da7f94999d6fd8a8d26e3d44b405f2cb2fe3ee47bfbad7fe,true
result_1940d8b939fab3a50fc79901,runplan_14ad6ddb11ef0455,cell_ebab30f32d8b3e8716a7,housing_v1__experiment__000002,housing_v1,housing_controlled_model_landlords_experiment,episode_attempt_5c2b83a2c295971d4f96,804e9fb0b42a2cf5da7f94999d6fd8a8d26e3d44b405f2cb2fe3ee47bfbad7fe,included,housing_social_welfare_leaf,1.0.0,social_welfare,1.0.0,utility,tenant_2,tenant_2,0.0,utility_points,"{""disagreement_utility"":0.0}",ok,valid,[],"[""event_00000291""]",evaluation_receipt,episode_attempt_5c2b83a2c295971d4f96,804e9fb0b42a2cf5da7f94999d6fd8a8d26e3d44b405f2cb2fe3ee47bfbad7fe,true
result_0c14345d3953902d38e7b79e,runplan_14ad6ddb11ef0455,cell_ebab30f32d8b3e8716a7,housing_v1__experiment__000002,housing_v1,housing_controlled_model_landlords_experiment,episode_attempt_5c2b83a2c295971d4f96,804e9fb0b42a2cf5da7f94999d6fd8a8d26e3d44b405f2cb2fe3ee47bfbad7fe,included,housing_social_welfare_leaf,1.0.0,social_welfare,1.0.0,utility,tenant_3,tenant_3,547.55,utility_points,"{""disagreement_utility"":0.0}",ok,valid,[],"[""event_00000291""]",evaluation_receipt,episode_attempt_5c2b83a2c295971d4f96,804e9fb0b42a2cf5da7f94999d6fd8a8d26e3d44b405f2cb2fe3ee47bfbad7fe,true
result_f1df254a747eb42016f559ab,runplan_14ad6ddb11ef0455,cell_ebab30f32d8b3e8716a7,housing_v1__experiment__000002,housing_v1,housing_controlled_model_landlords_experiment,episode_attempt_5c2b83a2c295971d4f96,804e9fb0b42a2cf5da7f94999d6fd8a8d26e3d44b405f2cb2fe3ee47bfbad7fe,included,housing_social_welfare_leaf,1.0.0,social_welfare,1.0.0,utility,tenant_4,tenant_4,0.0,utility_points,"{""disagreement_utility"":0.0}",ok,valid,[],"[""event_00000291""]",evaluation_receipt,episode_attempt_5c2b83a2c295971d4f96,804e9fb0b42a2cf5da7f94999d6fd8a8d26e3d44b405f2cb2fe3ee47bfbad7fe,true
result_37bdf102a53a1bd136dca79d,runplan_14ad6ddb11ef0455,cell_ebab30f32d8b3e8716a7,housing_v1__experiment__000002,housing_v1,housing_controlled_model_landlords_experiment,episode_attempt_5c2b83a2c295971d4f96,804e9fb0b42a2cf5da7f94999d6fd8a8d26e3d44b405f2cb2fe3ee47bfbad7fe,included,housing_social_welfare_leaf,1.0.0,social_welfare,1.0.0,utility,tenant_5,tenant_5,0.0,utility_points,"{""disagreement_utility"":0.0}",ok,valid,[],"[""event_00000291""]",evaluation_receipt,episode_attempt_5c2b83a2c295971d4f96,804e9fb0b42a2cf5da7f94999d6fd8a8d26e3d44b405f2cb2fe3ee47bfbad7fe,true
result_ccae5bf6152c6a718148c5f1,runplan_14ad6ddb11ef0455,cell_ebab30f32d8b3e8716a7,housing_v1__experiment__000002,housing_v1,housing_controlled_model_landlords_experiment,episode_attempt_5c2b83a2c295971d4f96,804e9fb0b42a2cf5da7f94999d6fd8a8d26e3d44b405f2cb2fe3ee47bfbad7fe,included,housing_social_welfare_leaf,1.0.0,social_welfare,1.0.0,capture,landlord_0,landlord_0,76.2,utility_points,"{""disagreement_utility"":0.0}",ok,valid,[],"[""event_00000291""]",evaluation_receipt,episode_attempt_5c2b83a2c295971d4f96,804e9fb0b42a2cf5da7f94999d6fd8a8d26e3d44b405f2cb2fe3ee47bfbad7fe,true
result_9d44fe7dcdb26b70ad24ea5b,runplan_14ad6ddb11ef0455,cell_ebab30f32d8b3e8716a7,housing_v1__experiment__000002,housing_v1,housing_controlled_model_landlords_experiment,episode_attempt_5c2b83a2c295971d4f96,804e9fb0b42a2cf5da7f94999d6fd8a8d26e3d44b405f2cb2fe3ee47bfbad7fe,included,housing_social_welfare_leaf,1.0.0,social_welfare,1.0.0,capture,landlord_1,landlord_1,77.87,utility_points,"{""disagreement_utility"":0.0}",ok,valid,[],"[""event_00000291""]",evaluation_receipt,episode_attempt_5c2b83a2c295971d4f96,804e9fb0b42a2cf5da7f94999d6fd8a8d26e3d44b405f2cb2fe3ee47bfbad7fe,true
result_3081ab034d2c847833668c7d,runplan_14ad6ddb11ef0455,cell_ebab30f32d8b3e8716a7,housing_v1__experiment__000002,housing_v1,housing_controlled_model_landlords_experiment,episode_attempt_5c2b83a2c295971d4f96,804e9fb0b42a2cf5da7f94999d6fd8a8d26e3d44b405f2cb2fe3ee47bfbad7fe,included,housing_social_welfare_leaf,1.0.0,social_welfare,1.0.0,capture,landlord_2,landlord_2,0.0,utility_points,"{""disagreement_utility"":0.0}",ok,valid,[],"[""event_00000291""]",evaluation_receipt,episode_attempt_5c2b83a2c295971d4f96,804e9fb0b42a2cf5da7f94999d6fd8a8d26e3d44b405f2cb2fe3ee47bfbad7fe,true
result_1931fd15b909198efd76fc9b,runplan_14ad6ddb11ef0455,cell_ebab30f32d8b3e8716a7,housing_v1__experiment__000002,housing_v1,housing_controlled_model_landlords_experiment,episode_attempt_5c2b83a2c295971d4f96,804e9fb0b42a2cf5da7f94999d6fd8a8d26e3d44b405f2cb2fe3ee47bfbad7fe,included,housing_social_welfare_leaf,1.0.0,social_welfare,1.0.0,capture,landlord_3,landlord_3,41.13,utility_points,"{""disagreement_utility"":0.0}",ok,valid,[],"[""event_00000291""]",evaluation_receipt,episode_attempt_5c2b83a2c295971d4f96,804e9fb0b42a2cf5da7f94999d6fd8a8d26e3d44b405f2cb2fe3ee47bfbad7fe,true
result_2178b2695bab978821e7e042,runplan_14ad6ddb11ef0455,cell_ebab30f32d8b3e8716a7,housing_v1__experiment__000002,housing_v1,housing_controlled_model_landlords_experiment,episode_attempt_5c2b83a2c295971d4f96,804e9fb0b42a2cf5da7f94999d6fd8a8d26e3d44b405f2cb2fe3ee47bfbad7fe,included,housing_social_welfare_leaf,1.0.0,social_welfare,1.0.0,capture,landlord_4,landlord_4,0.0,utility_points,"{""disagreement_utility"":0.0}",ok,valid,[],"[""event_00000291""]",evaluation_receipt,episode_attempt_5c2b83a2c295971d4f96,804e9fb0b42a2cf5da7f94999d6fd8a8d26e3d44b405f2cb2fe3ee47bfbad7fe,true
result_14c8c512cbad0946eff122aa,runplan_14ad6ddb11ef0455,cell_ebab30f32d8b3e8716a7,housing_v1__experiment__000002,housing_v1,housing_controlled_model_landlords_experiment,episode_attempt_5c2b83a2c295971d4f96,804e9fb0b42a2cf5da7f94999d6fd8a8d26e3d44b405f2cb2fe3ee47bfbad7fe,included,housing_social_welfare_leaf,1.0.0,social_welfare,1.0.0,capture,tenant_0,tenant_0,170.27,utility_points,"{""disagreement_utility"":0.0}",ok,valid,[],"[""event_00000291""]",evaluation_receipt,episode_attempt_5c2b83a2c295971d4f96,804e9fb0b42a2cf5da7f94999d6fd8a8d26e3d44b405f2cb2fe3ee47bfbad7fe,true
result_c8d302f43ff77e69ba52ff25,runplan_14ad6ddb11ef0455,cell_ebab30f32d8b3e8716a7,housing_v1__experiment__000002,housing_v1,housing_controlled_model_landlords_experiment,episode_attempt_5c2b83a2c295971d4f96,804e9fb0b42a2cf5da7f94999d6fd8a8d26e3d44b405f2cb2fe3ee47bfbad7fe,included,housing_social_welfare_leaf,1.0.0,social_welfare,1.0.0,capture,tenant_1,tenant_1,326.16,utility_points,"{""disagreement_utility"":0.0}",ok,valid,[],"[""event_00000291""]",evaluation_receipt,episode_attempt_5c2b83a2c295971d4f96,804e9fb0b42a2cf5da7f94999d6fd8a8d26e3d44b405f2cb2fe3ee47bfbad7fe,true
result_ceac5f527460fc5b9a4880de,runplan_14ad6ddb11ef0455,cell_ebab30f32d8b3e8716a7,housing_v1__experiment__000002,housing_v1,housing_controlled_model_landlords_experiment,episode_attempt_5c2b83a2c295971d4f96,804e9fb0b42a2cf5da7f94999d6fd8a8d26e3d44b405f2cb2fe3ee47bfbad7fe,included,housing_social_welfare_leaf,1.0.0,social_welfare,1.0.0,capture,tenant_2,tenant_2,0.0,utility_points,"{""disagreement_utility"":0.0}",ok,valid,[],"[""event_00000291""]",evaluation_receipt,episode_attempt_5c2b83a2c295971d4f96,804e9fb0b42a2cf5da7f94999d6fd8a8d26e3d44b405f2cb2fe3ee47bfbad7fe,true
result_8ce15fdaa5cda6cb3d215cd4,runplan_14ad6ddb11ef0455,cell_ebab30f32d8b3e8716a7,housing_v1__experiment__000002,housing_v1,housing_controlled_model_landlords_experiment,episode_attempt_5c2b83a2c295971d4f96,804e9fb0b42a2cf5da7f94999d6fd8a8d26e3d44b405f2cb2fe3ee47bfbad7fe,included,housing_social_welfare_leaf,1.0.0,social_welfare,1.0.0,capture,tenant_3,tenant_3,547.55,utility_points,"{""disagreement_utility"":0.0}",ok,valid,[],"[""event_00000291""]",evaluation_receipt,episode_attempt_5c2b83a2c295971d4f96,804e9fb0b42a2cf5da7f94999d6fd8a8d26e3d44b405f2cb2fe3ee47bfbad7fe,true
result_ae87f3264c7ebd8eb1a4ae5a,runplan_14ad6ddb11ef0455,cell_ebab30f32d8b3e8716a7,housing_v1__experiment__000002,housing_v1,housing_controlled_model_landlords_experiment,episode_attempt_5c2b83a2c295971d4f96,804e9fb0b42a2cf5da7f94999d6fd8a8d26e3d44b405f2cb2fe3ee47bfbad7fe,included,housing_social_welfare_leaf,1.0.0,social_welfare,1.0.0,capture,tenant_4,tenant_4,0.0,utility_points,"{""disagreement_utility"":0.0}",ok,valid,[],"[""event_00000291""]",evaluation_receipt,episode_attempt_5c2b83a2c295971d4f96,804e9fb0b42a2cf5da7f94999d6fd8a8d26e3d44b405f2cb2fe3ee47bfbad7fe,true
result_059896dd8c7e0cb6b47aceb8,runplan_14ad6ddb11ef0455,cell_ebab30f32d8b3e8716a7,housing_v1__experiment__000002,housing_v1,housing_controlled_model_landlords_experiment,episode_attempt_5c2b83a2c295971d4f96,804e9fb0b42a2cf5da7f94999d6fd8a8d26e3d44b405f2cb2fe3ee47bfbad7fe,included,housing_social_welfare_leaf,1.0.0,social_welfare,1.0.0,capture,tenant_5,tenant_5,0.0,utility_points,"{""disagreement_utility"":0.0}",ok,valid,[],"[""event_00000291""]",evaluation_receipt,episode_attempt_5c2b83a2c295971d4f96,804e9fb0b42a2cf5da7f94999d6fd8a8d26e3d44b405f2cb2fe3ee47bfbad7fe,true
result_676f35c3e10e88238b16d316,runplan_14ad6ddb11ef0455,cell_f8faaaa2002a76b02e36,housing_v1__experiment__000008,housing_v1,housing_controlled_model_landlords_experiment,episode_attempt_89982480f4dd333fe657,c24a7a8ede27fb473aceb0cd10623c8b2ef4fe46ab285813b702f15f93f4d5f4,included,housing_social_welfare_leaf,1.0.0,social_welfare,1.0.0,primary,social_welfare,,952.29,utility_points,{},ok,valid,[],"[""event_00000315""]",evaluation_receipt,episode_attempt_89982480f4dd333fe657,c24a7a8ede27fb473aceb0cd10623c8b2ef4fe46ab285813b702f15f93f4d5f4,true
result_168a033973df60db2fef01bf,runplan_14ad6ddb11ef0455,cell_f8faaaa2002a76b02e36,housing_v1__experiment__000008,housing_v1,housing_controlled_model_landlords_experiment,episode_attempt_89982480f4dd333fe657,c24a7a8ede27fb473aceb0cd10623c8b2ef4fe46ab285813b702f15f93f4d5f4,included,housing_social_welfare_leaf,1.0.0,social_welfare,1.0.0,metric,comparison_baseline_gap,,0.0,utility_points,{},ok,valid,[],"[""event_00000315""]",evaluation_receipt,episode_attempt_89982480f4dd333fe657,c24a7a8ede27fb473aceb0cd10623c8b2ef4fe46ab285813b702f15f93f4d5f4,true
result_359678a438a4b971c32ae0d7,runplan_14ad6ddb11ef0455,cell_f8faaaa2002a76b02e36,housing_v1__experiment__000008,housing_v1,housing_controlled_model_landlords_experiment,episode_attempt_89982480f4dd333fe657,c24a7a8ede27fb473aceb0cd10623c8b2ef4fe46ab285813b702f15f93f4d5f4,included,housing_social_welfare_leaf,1.0.0,social_welfare,1.0.0,metric,ir_violation_count,,0.0,count,{},ok,valid,[],"[""event_00000315""]",evaluation_receipt,episode_attempt_89982480f4dd333fe657,c24a7a8ede27fb473aceb0cd10623c8b2ef4fe46ab285813b702f15f93f4d5f4,true
result_030b62fe2ce4125c5c4a2a42,runplan_14ad6ddb11ef0455,cell_f8faaaa2002a76b02e36,housing_v1__experiment__000008,housing_v1,housing_controlled_model_landlords_experiment,episode_attempt_89982480f4dd333fe657,c24a7a8ede27fb473aceb0cd10623c8b2ef4fe46ab285813b702f15f93f4d5f4,included,housing_social_welfare_leaf,1.0.0,social_welfare,1.0.0,metric,social_welfare,,952.29,utility_points,{},ok,valid,[],"[""event_00000315""]",evaluation_receipt,episode_attempt_89982480f4dd333fe657,c24a7a8ede27fb473aceb0cd10623c8b2ef4fe46ab285813b702f15f93f4d5f4,true
result_8d55ae898d935ed1abc49561,runplan_14ad6ddb11ef0455,cell_f8faaaa2002a76b02e36,housing_v1__experiment__000008,housing_v1,housing_controlled_model_landlords_experiment,episode_attempt_89982480f4dd333fe657,c24a7a8ede27fb473aceb0cd10623c8b2ef4fe46ab285813b702f15f93f4d5f4,included,housing_social_welfare_leaf,1.0.0,social_welfare,1.0.0,metric,upper_bound_gap,,278.21000000000004,utility_points,{},ok,valid,[],"[""event_00000315""]",evaluation_receipt,episode_attempt_89982480f4dd333fe657,c24a7a8ede27fb473aceb0cd10623c8b2ef4fe46ab285813b702f15f93f4d5f4,true
result_1d09af008d7f50bd83cea95c,runplan_14ad6ddb11ef0455,cell_f8faaaa2002a76b02e36,housing_v1__experiment__000008,housing_v1,housing_controlled_model_landlords_experiment,episode_attempt_89982480f4dd333fe657,c24a7a8ede27fb473aceb0cd10623c8b2ef4fe46ab285813b702f15f93f4d5f4,included,housing_social_welfare_leaf,1.0.0,social_welfare,1.0.0,metric,wasted_contacts,,9.0,count,{},ok,valid,[],"[""event_00000315""]",evaluation_receipt,episode_attempt_89982480f4dd333fe657,c24a7a8ede27fb473aceb0cd10623c8b2ef4fe46ab285813b702f15f93f4d5f4,true
result_a8246bb6a6c08cfa642facee,runplan_14ad6ddb11ef0455,cell_f8faaaa2002a76b02e36,housing_v1__experiment__000008,housing_v1,housing_controlled_model_landlords_experiment,episode_attempt_89982480f4dd333fe657,c24a7a8ede27fb473aceb0cd10623c8b2ef4fe46ab285813b702f15f93f4d5f4,included,housing_social_welfare_leaf,1.0.0,social_welfare,1.0.0,metric,within_case_score,,0.7739049167005282,ratio,{},ok,valid,[],"[""event_00000315""]",evaluation_receipt,episode_attempt_89982480f4dd333fe657,c24a7a8ede27fb473aceb0cd10623c8b2ef4fe46ab285813b702f15f93f4d5f4,true
result_ad07c397a9ff9fdf891ea8af,runplan_14ad6ddb11ef0455,cell_f8faaaa2002a76b02e36,housing_v1__experiment__000008,housing_v1,housing_controlled_model_landlords_experiment,episode_attempt_89982480f4dd333fe657,c24a7a8ede27fb473aceb0cd10623c8b2ef4fe46ab285813b702f15f93f4d5f4,included,housing_social_welfare_leaf,1.0.0,social_welfare,1.0.0,reference,comparison_baseline,,952.29,utility_points,"{""policy"":""naive"",""reference_kind"":""comparison_baseline""}",ok,valid,[],"[""event_00000315""]",evaluation_receipt,episode_attempt_89982480f4dd333fe657,c24a7a8ede27fb473aceb0cd10623c8b2ef4fe46ab285813b702f15f93f4d5f4,true
result_68e8e1cf649fddfd41a6b535,runplan_14ad6ddb11ef0455,cell_f8faaaa2002a76b02e36,housing_v1__experiment__000008,housing_v1,housing_controlled_model_landlords_experiment,episode_attempt_89982480f4dd333fe657,c24a7a8ede27fb473aceb0cd10623c8b2ef4fe46ab285813b702f15f93f4d5f4,included,housing_social_welfare_leaf,1.0.0,social_welfare,1.0.0,reference,optimum_lower_bound,,0.0,utility_points,"{""policy"":""do_nothing"",""reference_kind"":""objective_lower_bound""}",ok,valid,[],"[""event_00000315""]",evaluation_receipt,episode_attempt_89982480f4dd333fe657,c24a7a8ede27fb473aceb0cd10623c8b2ef4fe46ab285813b702f15f93f4d5f4,true
result_9ee701d2fba0350fc3ca9315,runplan_14ad6ddb11ef0455,cell_f8faaaa2002a76b02e36,housing_v1__experiment__000008,housing_v1,housing_controlled_model_landlords_experiment,episode_attempt_89982480f4dd333fe657,c24a7a8ede27fb473aceb0cd10623c8b2ef4fe46ab285813b702f15f93f4d5f4,included,housing_social_welfare_leaf,1.0.0,social_welfare,1.0.0,reference,optimum_upper_bound,,1230.5,utility_points,"{""reference_kind"":""objective_upper_bound"",""semantics"":""full_information_allocation_relaxation""}",ok,valid,[],"[""event_00000315""]",evaluation_receipt,episode_attempt_89982480f4dd333fe657,c24a7a8ede27fb473aceb0cd10623c8b2ef4fe46ab285813b702f15f93f4d5f4,true
result_bb33b13173379c8a1f60f881,runplan_14ad6ddb11ef0455,cell_f8faaaa2002a76b02e36,housing_v1__experiment__000008,housing_v1,housing_controlled_model_landlords_experiment,episode_attempt_89982480f4dd333fe657,c24a7a8ede27fb473aceb0cd10623c8b2ef4fe46ab285813b702f15f93f4d5f4,included,housing_social_welfare_leaf,1.0.0,social_welfare,1.0.0,utility,landlord_0,landlord_0,0.0,utility_points,"{""disagreement_utility"":0.0}",ok,valid,[],"[""event_00000315""]",evaluation_receipt,episode_attempt_89982480f4dd333fe657,c24a7a8ede27fb473aceb0cd10623c8b2ef4fe46ab285813b702f15f93f4d5f4,true
result_91f16412651ed0fadcbbe0dc,runplan_14ad6ddb11ef0455,cell_f8faaaa2002a76b02e36,housing_v1__experiment__000008,housing_v1,housing_controlled_model_landlords_experiment,episode_attempt_89982480f4dd333fe657,c24a7a8ede27fb473aceb0cd10623c8b2ef4fe46ab285813b702f15f93f4d5f4,included,housing_social_welfare_leaf,1.0.0,social_welfare,1.0.0,utility,landlord_1,landlord_1,0.0,utility_points,"{""disagreement_utility"":0.0}",ok,valid,[],"[""event_00000315""]",evaluation_receipt,episode_attempt_89982480f4dd333fe657,c24a7a8ede27fb473aceb0cd10623c8b2ef4fe46ab285813b702f15f93f4d5f4,true
result_90eb3dcd14486e44d37d9bc3,runplan_14ad6ddb11ef0455,cell_f8faaaa2002a76b02e36,housing_v1__experiment__000008,housing_v1,housing_controlled_model_landlords_experiment,episode_attempt_89982480f4dd333fe657,c24a7a8ede27fb473aceb0cd10623c8b2ef4fe46ab285813b702f15f93f4d5f4,included,housing_social_welfare_leaf,1.0.0,social_welfare,1.0.0,utility,landlord_2,landlord_2,0.0,utility_points,"{""disagreement_utility"":0.0}",ok,valid,[],"[""event_00000315""]",evaluation_receipt,episode_attempt_89982480f4dd333fe657,c24a7a8ede27fb473aceb0cd10623c8b2ef4fe46ab285813b702f15f93f4d5f4,true
result_981540993fdf260f27eafe5d,runplan_14ad6ddb11ef0455,cell_f8faaaa2002a76b02e36,housing_v1__experiment__000008,housing_v1,housing_controlled_model_landlords_experiment,episode_attempt_89982480f4dd333fe657,c24a7a8ede27fb473aceb0cd10623c8b2ef4fe46ab285813b702f15f93f4d5f4,included,housing_social_welfare_leaf,1.0.0,social_welfare,1.0.0,utility,landlord_3,landlord_3,107.98,utility_points,"{""disagreement_utility"":0.0}",ok,valid,[],"[""event_00000315""]",evaluation_receipt,episode_attempt_89982480f4dd333fe657,c24a7a8ede27fb473aceb0cd10623c8b2ef4fe46ab285813b702f15f93f4d5f4,true
result_d8ebe41671e2eaffdd181064,runplan_14ad6ddb11ef0455,cell_f8faaaa2002a76b02e36,housing_v1__experiment__000008,housing_v1,housing_controlled_model_landlords_experiment,episode_attempt_89982480f4dd333fe657,c24a7a8ede27fb473aceb0cd10623c8b2ef4fe46ab285813b702f15f93f4d5f4,included,housing_social_welfare_leaf,1.0.0,social_welfare,1.0.0,utility,landlord_4,landlord_4,94.91,utility_points,"{""disagreement_utility"":0.0}",ok,valid,[],"[""event_00000315""]",evaluation_receipt,episode_attempt_89982480f4dd333fe657,c24a7a8ede27fb473aceb0cd10623c8b2ef4fe46ab285813b702f15f93f4d5f4,true
result_351ab2d17807711d67e2fb20,runplan_14ad6ddb11ef0455,cell_f8faaaa2002a76b02e36,housing_v1__experiment__000008,housing_v1,housing_controlled_model_landlords_experiment,episode_attempt_89982480f4dd333fe657,c24a7a8ede27fb473aceb0cd10623c8b2ef4fe46ab285813b702f15f93f4d5f4,included,housing_social_welfare_leaf,1.0.0,social_welfare,1.0.0,utility,tenant_0,tenant_0,407.67,utility_points,"{""disagreement_utility"":0.0}",ok,valid,[],"[""event_00000315""]",evaluation_receipt,episode_attempt_89982480f4dd333fe657,c24a7a8ede27fb473aceb0cd10623c8b2ef4fe46ab285813b702f15f93f4d5f4,true
result_21cf2e52e17a182eb1af86e1,runplan_14ad6ddb11ef0455,cell_f8faaaa2002a76b02e36,housing_v1__experiment__000008,housing_v1,housing_controlled_model_landlords_experiment,episode_attempt_89982480f4dd333fe657,c24a7a8ede27fb473aceb0cd10623c8b2ef4fe46ab285813b702f15f93f4d5f4,included,housing_social_welfare_leaf,1.0.0,social_welfare,1.0.0,utility,tenant_1,tenant_1,341.73,utility_points,"{""disagreement_utility"":0.0}",ok,valid,[],"[""event_00000315""]",evaluation_receipt,episode_attempt_89982480f4dd333fe657,c24a7a8ede27fb473aceb0cd10623c8b2ef4fe46ab285813b702f15f93f4d5f4,true
result_1b9bd5d2c18a0eec104b5800,runplan_14ad6ddb11ef0455,cell_f8faaaa2002a76b02e36,housing_v1__experiment__000008,housing_v1,housing_controlled_model_landlords_experiment,episode_attempt_89982480f4dd333fe657,c24a7a8ede27fb473aceb0cd10623c8b2ef4fe46ab285813b702f15f93f4d5f4,included,housing_social_welfare_leaf,1.0.0,social_welfare,1.0.0,utility,tenant_2,tenant_2,0.0,utility_points,"{""disagreement_utility"":0.0}",ok,valid,[],"[""event_00000315""]",evaluation_receipt,episode_attempt_89982480f4dd333fe657,c24a7a8ede27fb473aceb0cd10623c8b2ef4fe46ab285813b702f15f93f4d5f4,true
result_c3748081b4d83cf876610624,runplan_14ad6ddb11ef0455,cell_f8faaaa2002a76b02e36,housing_v1__experiment__000008,housing_v1,housing_controlled_model_landlords_experiment,episode_attempt_89982480f4dd333fe657,c24a7a8ede27fb473aceb0cd10623c8b2ef4fe46ab285813b702f15f93f4d5f4,included,housing_social_welfare_leaf,1.0.0,social_welfare,1.0.0,utility,tenant_3,tenant_3,0.0,utility_points,"{""disagreement_utility"":0.0}",ok,valid,[],"[""event_00000315""]",evaluation_receipt,episode_attempt_89982480f4dd333fe657,c24a7a8ede27fb473aceb0cd10623c8b2ef4fe46ab285813b702f15f93f4d5f4,true
result_62a6e8a79a9b39812477bba0,runplan_14ad6ddb11ef0455,cell_f8faaaa2002a76b02e36,housing_v1__experiment__000008,housing_v1,housing_controlled_model_landlords_experiment,episode_attempt_89982480f4dd333fe657,c24a7a8ede27fb473aceb0cd10623c8b2ef4fe46ab285813b702f15f93f4d5f4,included,housing_social_welfare_leaf,1.0.0,social_welfare,1.0.0,utility,tenant_4,tenant_4,0.0,utility_points,"{""disagreement_utility"":0.0}",ok,valid,[],"[""event_00000315""]",evaluation_receipt,episode_attempt_89982480f4dd333fe657,c24a7a8ede27fb473aceb0cd10623c8b2ef4fe46ab285813b702f15f93f4d5f4,true
result_41631d6e07c0d5d60a9a81a4,runplan_14ad6ddb11ef0455,cell_f8faaaa2002a76b02e36,housing_v1__experiment__000008,housing_v1,housing_controlled_model_landlords_experiment,episode_attempt_89982480f4dd333fe657,c24a7a8ede27fb473aceb0cd10623c8b2ef4fe46ab285813b702f15f93f4d5f4,included,housing_social_welfare_leaf,1.0.0,social_welfare,1.0.0,utility,tenant_5,tenant_5,0.0,utility_points,"{""disagreement_utility"":0.0}",ok,valid,[],"[""event_00000315""]",evaluation_receipt,episode_attempt_89982480f4dd333fe657,c24a7a8ede27fb473aceb0cd10623c8b2ef4fe46ab285813b702f15f93f4d5f4,true
result_a28636c2e727293f76e2b37d,runplan_14ad6ddb11ef0455,cell_f8faaaa2002a76b02e36,housing_v1__experiment__000008,housing_v1,housing_controlled_model_landlords_experiment,episode_attempt_89982480f4dd333fe657,c24a7a8ede27fb473aceb0cd10623c8b2ef4fe46ab285813b702f15f93f4d5f4,included,housing_social_welfare_leaf,1.0.0,social_welfare,1.0.0,capture,landlord_0,landlord_0,0.0,utility_points,"{""disagreement_utility"":0.0}",ok,valid,[],"[""event_00000315""]",evaluation_receipt,episode_attempt_89982480f4dd333fe657,c24a7a8ede27fb473aceb0cd10623c8b2ef4fe46ab285813b702f15f93f4d5f4,true
result_e953821589755cc273cd1d4b,runplan_14ad6ddb11ef0455,cell_f8faaaa2002a76b02e36,housing_v1__experiment__000008,housing_v1,housing_controlled_model_landlords_experiment,episode_attempt_89982480f4dd333fe657,c24a7a8ede27fb473aceb0cd10623c8b2ef4fe46ab285813b702f15f93f4d5f4,included,housing_social_welfare_leaf,1.0.0,social_welfare,1.0.0,capture,landlord_1,landlord_1,0.0,utility_points,"{""disagreement_utility"":0.0}",ok,valid,[],"[""event_00000315""]",evaluation_receipt,episode_attempt_89982480f4dd333fe657,c24a7a8ede27fb473aceb0cd10623c8b2ef4fe46ab285813b702f15f93f4d5f4,true
result_5f1db34a0ee0f5980a027efb,runplan_14ad6ddb11ef0455,cell_f8faaaa2002a76b02e36,housing_v1__experiment__000008,housing_v1,housing_controlled_model_landlords_experiment,episode_attempt_89982480f4dd333fe657,c24a7a8ede27fb473aceb0cd10623c8b2ef4fe46ab285813b702f15f93f4d5f4,included,housing_social_welfare_leaf,1.0.0,social_welfare,1.0.0,capture,landlord_2,landlord_2,0.0,utility_points,"{""disagreement_utility"":0.0}",ok,valid,[],"[""event_00000315""]",evaluation_receipt,episode_attempt_89982480f4dd333fe657,c24a7a8ede27fb473aceb0cd10623c8b2ef4fe46ab285813b702f15f93f4d5f4,true
result_e702132ae128c9415ed9d71a,runplan_14ad6ddb11ef0455,cell_f8faaaa2002a76b02e36,housing_v1__experiment__000008,housing_v1,housing_controlled_model_landlords_experiment,episode_attempt_89982480f4dd333fe657,c24a7a8ede27fb473aceb0cd10623c8b2ef4fe46ab285813b702f15f93f4d5f4,included,housing_social_welfare_leaf,1.0.0,social_welfare,1.0.0,capture,landlord_3,landlord_3,107.98,utility_points,"{""disagreement_utility"":0.0}",ok,valid,[],"[""event_00000315""]",evaluation_receipt,episode_attempt_89982480f4dd333fe657,c24a7a8ede27fb473aceb0cd10623c8b2ef4fe46ab285813b702f15f93f4d5f4,true
result_ea1e1b2fea211350fb2adf1f,runplan_14ad6ddb11ef0455,cell_f8faaaa2002a76b02e36,housing_v1__experiment__000008,housing_v1,housing_controlled_model_landlords_experiment,episode_attempt_89982480f4dd333fe657,c24a7a8ede27fb473aceb0cd10623c8b2ef4fe46ab285813b702f15f93f4d5f4,included,housing_social_welfare_leaf,1.0.0,social_welfare,1.0.0,capture,landlord_4,landlord_4,94.91,utility_points,"{""disagreement_utility"":0.0}",ok,valid,[],"[""event_00000315""]",evaluation_receipt,episode_attempt_89982480f4dd333fe657,c24a7a8ede27fb473aceb0cd10623c8b2ef4fe46ab285813b702f15f93f4d5f4,true
result_5048569b1ae5237d51572dd6,runplan_14ad6ddb11ef0455,cell_f8faaaa2002a76b02e36,housing_v1__experiment__000008,housing_v1,housing_controlled_model_landlords_experiment,episode_attempt_89982480f4dd333fe657,c24a7a8ede27fb473aceb0cd10623c8b2ef4fe46ab285813b702f15f93f4d5f4,included,housing_social_welfare_leaf,1.0.0,social_welfare,1.0.0,capture,tenant_0,tenant_0,407.67,utility_points,"{""disagreement_utility"":0.0}",ok,valid,[],"[""event_00000315""]",evaluation_receipt,episode_attempt_89982480f4dd333fe657,c24a7a8ede27fb473aceb0cd10623c8b2ef4fe46ab285813b702f15f93f4d5f4,true
result_4def9e8925110dc6112e3ae0,runplan_14ad6ddb11ef0455,cell_f8faaaa2002a76b02e36,housing_v1__experiment__000008,housing_v1,housing_controlled_model_landlords_experiment,episode_attempt_89982480f4dd333fe657,c24a7a8ede27fb473aceb0cd10623c8b2ef4fe46ab285813b702f15f93f4d5f4,included,housing_social_welfare_leaf,1.0.0,social_welfare,1.0.0,capture,tenant_1,tenant_1,341.73,utility_points,"{""disagreement_utility"":0.0}",ok,valid,[],"[""event_00000315""]",evaluation_receipt,episode_attempt_89982480f4dd333fe657,c24a7a8ede27fb473aceb0cd10623c8b2ef4fe46ab285813b702f15f93f4d5f4,true
result_3e55e5cb264981bdca35e1b2,runplan_14ad6ddb11ef0455,cell_f8faaaa2002a76b02e36,housing_v1__experiment__000008,housing_v1,housing_controlled_model_landlords_experiment,episode_attempt_89982480f4dd333fe657,c24a7a8ede27fb473aceb0cd10623c8b2ef4fe46ab285813b702f15f93f4d5f4,included,housing_social_welfare_leaf,1.0.0,social_welfare,1.0.0,capture,tenant_2,tenant_2,0.0,utility_points,"{""disagreement_utility"":0.0}",ok,valid,[],"[""event_00000315""]",evaluation_receipt,episode_attempt_89982480f4dd333fe657,c24a7a8ede27fb473aceb0cd10623c8b2ef4fe46ab285813b702f15f93f4d5f4,true
result_1d912f25d9b17abe849ce14c,runplan_14ad6ddb11ef0455,cell_f8faaaa2002a76b02e36,housing_v1__experiment__000008,housing_v1,housing_controlled_model_landlords_experiment,episode_attempt_89982480f4dd333fe657,c24a7a8ede27fb473aceb0cd10623c8b2ef4fe46ab285813b702f15f93f4d5f4,included,housing_social_welfare_leaf,1.0.0,social_welfare,1.0.0,capture,tenant_3,tenant_3,0.0,utility_points,"{""disagreement_utility"":0.0}",ok,valid,[],"[""event_00000315""]",evaluation_receipt,episode_attempt_89982480f4dd333fe657,c24a7a8ede27fb473aceb0cd10623c8b2ef4fe46ab285813b702f15f93f4d5f4,true
result_84cd83a61e5e1253b3bdfb44,runplan_14ad6ddb11ef0455,cell_f8faaaa2002a76b02e36,housing_v1__experiment__000008,housing_v1,housing_controlled_model_landlords_experiment,episode_attempt_89982480f4dd333fe657,c24a7a8ede27fb473aceb0cd10623c8b2ef4fe46ab285813b702f15f93f4d5f4,included,housing_social_welfare_leaf,1.0.0,social_welfare,1.0.0,capture,tenant_4,tenant_4,0.0,utility_points,"{""disagreement_utility"":0.0}",ok,valid,[],"[""event_00000315""]",evaluation_receipt,episode_attempt_89982480f4dd333fe657,c24a7a8ede27fb473aceb0cd10623c8b2ef4fe46ab285813b702f15f93f4d5f4,true
result_c2b2dcac23042d8120144412,runplan_14ad6ddb11ef0455,cell_f8faaaa2002a76b02e36,housing_v1__experiment__000008,housing_v1,housing_controlled_model_landlords_experiment,episode_attempt_89982480f4dd333fe657,c24a7a8ede27fb473aceb0cd10623c8b2ef4fe46ab285813b702f15f93f4d5f4,included,housing_social_welfare_leaf,1.0.0,social_welfare,1.0.0,capture,tenant_5,tenant_5,0.0,utility_points,"{""disagreement_utility"":0.0}",ok,valid,[],"[""event_00000315""]",evaluation_receipt,episode_attempt_89982480f4dd333fe657,c24a7a8ede27fb473aceb0cd10623c8b2ef4fe46ab285813b702f15f93f4d5f4,true
