fact_id,run_id,task_id,case_id,family_id,block_id,episode_attempt_id,receipt_sha256,inclusion_status,leaf_id,leaf_version,estimand_id,estimand_version,metric_role,metric_name,seat_id,value,unit,metric_metadata,score_status,validity_status,validity_reasons,evidence_refs,source_kind,source_id,source_sha256,reportable
result_44ae9beac0f48cb28cad818c,runplan_3437cc2140094e14,cell_0765cb59696726a708c0,housing_v1__experiment__000008,housing_v1,housing_controlled_model_landlords_experiment,episode_attempt_ea7f51f4fb8a825704b2,8cd7b450ac90c4c8585e823845e508515f04bdb51da4a0bbda9662ef840a5568,included,housing_social_welfare_leaf,1.0.0,social_welfare,1.0.0,primary,social_welfare,,930.35,utility_points,{},ok,valid,[],"[""event_00000297""]",evaluation_receipt,episode_attempt_ea7f51f4fb8a825704b2,8cd7b450ac90c4c8585e823845e508515f04bdb51da4a0bbda9662ef840a5568,true
result_b8d81e8bb20e67ae8f8be9bd,runplan_3437cc2140094e14,cell_0765cb59696726a708c0,housing_v1__experiment__000008,housing_v1,housing_controlled_model_landlords_experiment,episode_attempt_ea7f51f4fb8a825704b2,8cd7b450ac90c4c8585e823845e508515f04bdb51da4a0bbda9662ef840a5568,included,housing_social_welfare_leaf,1.0.0,social_welfare,1.0.0,metric,comparison_baseline_gap,,-21.93999999999994,utility_points,{},ok,valid,[],"[""event_00000297""]",evaluation_receipt,episode_attempt_ea7f51f4fb8a825704b2,8cd7b450ac90c4c8585e823845e508515f04bdb51da4a0bbda9662ef840a5568,true
result_43aa60205a3ee69d14bc180e,runplan_3437cc2140094e14,cell_0765cb59696726a708c0,housing_v1__experiment__000008,housing_v1,housing_controlled_model_landlords_experiment,episode_attempt_ea7f51f4fb8a825704b2,8cd7b450ac90c4c8585e823845e508515f04bdb51da4a0bbda9662ef840a5568,included,housing_social_welfare_leaf,1.0.0,social_welfare,1.0.0,metric,ir_violation_count,,2.0,count,{},ok,valid,[],"[""event_00000297""]",evaluation_receipt,episode_attempt_ea7f51f4fb8a825704b2,8cd7b450ac90c4c8585e823845e508515f04bdb51da4a0bbda9662ef840a5568,true
result_69dfcd755201344c647d86fa,runplan_3437cc2140094e14,cell_0765cb59696726a708c0,housing_v1__experiment__000008,housing_v1,housing_controlled_model_landlords_experiment,episode_attempt_ea7f51f4fb8a825704b2,8cd7b450ac90c4c8585e823845e508515f04bdb51da4a0bbda9662ef840a5568,included,housing_social_welfare_leaf,1.0.0,social_welfare,1.0.0,metric,social_welfare,,930.35,utility_points,{},ok,valid,[],"[""event_00000297""]",evaluation_receipt,episode_attempt_ea7f51f4fb8a825704b2,8cd7b450ac90c4c8585e823845e508515f04bdb51da4a0bbda9662ef840a5568,true
result_a99a9539381f0ae2747889fe,runplan_3437cc2140094e14,cell_0765cb59696726a708c0,housing_v1__experiment__000008,housing_v1,housing_controlled_model_landlords_experiment,episode_attempt_ea7f51f4fb8a825704b2,8cd7b450ac90c4c8585e823845e508515f04bdb51da4a0bbda9662ef840a5568,included,housing_social_welfare_leaf,1.0.0,social_welfare,1.0.0,metric,upper_bound_gap,,300.15,utility_points,{},ok,valid,[],"[""event_00000297""]",evaluation_receipt,episode_attempt_ea7f51f4fb8a825704b2,8cd7b450ac90c4c8585e823845e508515f04bdb51da4a0bbda9662ef840a5568,true
result_b2842a35c8bb83bdc90c87d4,runplan_3437cc2140094e14,cell_0765cb59696726a708c0,housing_v1__experiment__000008,housing_v1,housing_controlled_model_landlords_experiment,episode_attempt_ea7f51f4fb8a825704b2,8cd7b450ac90c4c8585e823845e508515f04bdb51da4a0bbda9662ef840a5568,included,housing_social_welfare_leaf,1.0.0,social_welfare,1.0.0,metric,wasted_contacts,,9.0,count,{},ok,valid,[],"[""event_00000297""]",evaluation_receipt,episode_attempt_ea7f51f4fb8a825704b2,8cd7b450ac90c4c8585e823845e508515f04bdb51da4a0bbda9662ef840a5568,true
result_0ea7bf81082c5407df12dbea,runplan_3437cc2140094e14,cell_0765cb59696726a708c0,housing_v1__experiment__000008,housing_v1,housing_controlled_model_landlords_experiment,episode_attempt_ea7f51f4fb8a825704b2,8cd7b450ac90c4c8585e823845e508515f04bdb51da4a0bbda9662ef840a5568,included,housing_social_welfare_leaf,1.0.0,social_welfare,1.0.0,metric,within_case_score,,0.7560747663551403,ratio,{},ok,valid,[],"[""event_00000297""]",evaluation_receipt,episode_attempt_ea7f51f4fb8a825704b2,8cd7b450ac90c4c8585e823845e508515f04bdb51da4a0bbda9662ef840a5568,true
result_7dad6bc1f48f0fe5ae89ce4b,runplan_3437cc2140094e14,cell_0765cb59696726a708c0,housing_v1__experiment__000008,housing_v1,housing_controlled_model_landlords_experiment,episode_attempt_ea7f51f4fb8a825704b2,8cd7b450ac90c4c8585e823845e508515f04bdb51da4a0bbda9662ef840a5568,included,housing_social_welfare_leaf,1.0.0,social_welfare,1.0.0,reference,comparison_baseline,,952.29,utility_points,"{""policy"":""naive"",""reference_kind"":""comparison_baseline""}",ok,valid,[],"[""event_00000297""]",evaluation_receipt,episode_attempt_ea7f51f4fb8a825704b2,8cd7b450ac90c4c8585e823845e508515f04bdb51da4a0bbda9662ef840a5568,true
result_a7f3b6a64f3d788b5ba8986b,runplan_3437cc2140094e14,cell_0765cb59696726a708c0,housing_v1__experiment__000008,housing_v1,housing_controlled_model_landlords_experiment,episode_attempt_ea7f51f4fb8a825704b2,8cd7b450ac90c4c8585e823845e508515f04bdb51da4a0bbda9662ef840a5568,included,housing_social_welfare_leaf,1.0.0,social_welfare,1.0.0,reference,optimum_lower_bound,,0.0,utility_points,"{""policy"":""do_nothing"",""reference_kind"":""objective_lower_bound""}",ok,valid,[],"[""event_00000297""]",evaluation_receipt,episode_attempt_ea7f51f4fb8a825704b2,8cd7b450ac90c4c8585e823845e508515f04bdb51da4a0bbda9662ef840a5568,true
result_fe75fcca0d7db49d9825bbf9,runplan_3437cc2140094e14,cell_0765cb59696726a708c0,housing_v1__experiment__000008,housing_v1,housing_controlled_model_landlords_experiment,episode_attempt_ea7f51f4fb8a825704b2,8cd7b450ac90c4c8585e823845e508515f04bdb51da4a0bbda9662ef840a5568,included,housing_social_welfare_leaf,1.0.0,social_welfare,1.0.0,reference,optimum_upper_bound,,1230.5,utility_points,"{""reference_kind"":""objective_upper_bound"",""semantics"":""full_information_allocation_relaxation""}",ok,valid,[],"[""event_00000297""]",evaluation_receipt,episode_attempt_ea7f51f4fb8a825704b2,8cd7b450ac90c4c8585e823845e508515f04bdb51da4a0bbda9662ef840a5568,true
result_64d01c54b80160f6a16ea781,runplan_3437cc2140094e14,cell_0765cb59696726a708c0,housing_v1__experiment__000008,housing_v1,housing_controlled_model_landlords_experiment,episode_attempt_ea7f51f4fb8a825704b2,8cd7b450ac90c4c8585e823845e508515f04bdb51da4a0bbda9662ef840a5568,included,housing_social_welfare_leaf,1.0.0,social_welfare,1.0.0,utility,landlord_0,landlord_0,0.0,utility_points,"{""disagreement_utility"":0.0}",ok,valid,[],"[""event_00000297""]",evaluation_receipt,episode_attempt_ea7f51f4fb8a825704b2,8cd7b450ac90c4c8585e823845e508515f04bdb51da4a0bbda9662ef840a5568,true
result_ac44f6a05fb51ad94bcdbe41,runplan_3437cc2140094e14,cell_0765cb59696726a708c0,housing_v1__experiment__000008,housing_v1,housing_controlled_model_landlords_experiment,episode_attempt_ea7f51f4fb8a825704b2,8cd7b450ac90c4c8585e823845e508515f04bdb51da4a0bbda9662ef840a5568,included,housing_social_welfare_leaf,1.0.0,social_welfare,1.0.0,utility,landlord_1,landlord_1,0.0,utility_points,"{""disagreement_utility"":0.0}",ok,valid,[],"[""event_00000297""]",evaluation_receipt,episode_attempt_ea7f51f4fb8a825704b2,8cd7b450ac90c4c8585e823845e508515f04bdb51da4a0bbda9662ef840a5568,true
result_04f6775665e6553f3085c240,runplan_3437cc2140094e14,cell_0765cb59696726a708c0,housing_v1__experiment__000008,housing_v1,housing_controlled_model_landlords_experiment,episode_attempt_ea7f51f4fb8a825704b2,8cd7b450ac90c4c8585e823845e508515f04bdb51da4a0bbda9662ef840a5568,included,housing_social_welfare_leaf,1.0.0,social_welfare,1.0.0,utility,landlord_2,landlord_2,0.0,utility_points,"{""disagreement_utility"":0.0}",ok,valid,[],"[""event_00000297""]",evaluation_receipt,episode_attempt_ea7f51f4fb8a825704b2,8cd7b450ac90c4c8585e823845e508515f04bdb51da4a0bbda9662ef840a5568,true
result_861804297316494ea6caa3d4,runplan_3437cc2140094e14,cell_0765cb59696726a708c0,housing_v1__experiment__000008,housing_v1,housing_controlled_model_landlords_experiment,episode_attempt_ea7f51f4fb8a825704b2,8cd7b450ac90c4c8585e823845e508515f04bdb51da4a0bbda9662ef840a5568,included,housing_social_welfare_leaf,1.0.0,social_welfare,1.0.0,utility,landlord_3,landlord_3,-2952.02,utility_points,"{""disagreement_utility"":0.0}",ok,valid,[],"[""event_00000297""]",evaluation_receipt,episode_attempt_ea7f51f4fb8a825704b2,8cd7b450ac90c4c8585e823845e508515f04bdb51da4a0bbda9662ef840a5568,true
result_4da91a6d2538d7195b62c490,runplan_3437cc2140094e14,cell_0765cb59696726a708c0,housing_v1__experiment__000008,housing_v1,housing_controlled_model_landlords_experiment,episode_attempt_ea7f51f4fb8a825704b2,8cd7b450ac90c4c8585e823845e508515f04bdb51da4a0bbda9662ef840a5568,included,housing_social_welfare_leaf,1.0.0,social_welfare,1.0.0,utility,landlord_4,landlord_4,-3065.09,utility_points,"{""disagreement_utility"":0.0}",ok,valid,[],"[""event_00000297""]",evaluation_receipt,episode_attempt_ea7f51f4fb8a825704b2,8cd7b450ac90c4c8585e823845e508515f04bdb51da4a0bbda9662ef840a5568,true
result_2f05741ddbf64a0c5e0695ad,runplan_3437cc2140094e14,cell_0765cb59696726a708c0,housing_v1__experiment__000008,housing_v1,housing_controlled_model_landlords_experiment,episode_attempt_ea7f51f4fb8a825704b2,8cd7b450ac90c4c8585e823845e508515f04bdb51da4a0bbda9662ef840a5568,included,housing_social_welfare_leaf,1.0.0,social_welfare,1.0.0,utility,tenant_0,tenant_0,0.0,utility_points,"{""disagreement_utility"":0.0}",ok,valid,[],"[""event_00000297""]",evaluation_receipt,episode_attempt_ea7f51f4fb8a825704b2,8cd7b450ac90c4c8585e823845e508515f04bdb51da4a0bbda9662ef840a5568,true
result_7f343bca2ddf2b9de3b8e5d5,runplan_3437cc2140094e14,cell_0765cb59696726a708c0,housing_v1__experiment__000008,housing_v1,housing_controlled_model_landlords_experiment,episode_attempt_ea7f51f4fb8a825704b2,8cd7b450ac90c4c8585e823845e508515f04bdb51da4a0bbda9662ef840a5568,included,housing_social_welfare_leaf,1.0.0,social_welfare,1.0.0,utility,tenant_1,tenant_1,0.0,utility_points,"{""disagreement_utility"":0.0}",ok,valid,[],"[""event_00000297""]",evaluation_receipt,episode_attempt_ea7f51f4fb8a825704b2,8cd7b450ac90c4c8585e823845e508515f04bdb51da4a0bbda9662ef840a5568,true
result_658a522f2002adecfac00a60,runplan_3437cc2140094e14,cell_0765cb59696726a708c0,housing_v1__experiment__000008,housing_v1,housing_controlled_model_landlords_experiment,episode_attempt_ea7f51f4fb8a825704b2,8cd7b450ac90c4c8585e823845e508515f04bdb51da4a0bbda9662ef840a5568,included,housing_social_welfare_leaf,1.0.0,social_welfare,1.0.0,utility,tenant_2,tenant_2,0.0,utility_points,"{""disagreement_utility"":0.0}",ok,valid,[],"[""event_00000297""]",evaluation_receipt,episode_attempt_ea7f51f4fb8a825704b2,8cd7b450ac90c4c8585e823845e508515f04bdb51da4a0bbda9662ef840a5568,true
result_5618b2027cef7513ef8b34c5,runplan_3437cc2140094e14,cell_0765cb59696726a708c0,housing_v1__experiment__000008,housing_v1,housing_controlled_model_landlords_experiment,episode_attempt_ea7f51f4fb8a825704b2,8cd7b450ac90c4c8585e823845e508515f04bdb51da4a0bbda9662ef840a5568,included,housing_social_welfare_leaf,1.0.0,social_welfare,1.0.0,utility,tenant_3,tenant_3,3501.62,utility_points,"{""disagreement_utility"":0.0}",ok,valid,[],"[""event_00000297""]",evaluation_receipt,episode_attempt_ea7f51f4fb8a825704b2,8cd7b450ac90c4c8585e823845e508515f04bdb51da4a0bbda9662ef840a5568,true
result_75e2e9fc8bc5eb24353c82cd,runplan_3437cc2140094e14,cell_0765cb59696726a708c0,housing_v1__experiment__000008,housing_v1,housing_controlled_model_landlords_experiment,episode_attempt_ea7f51f4fb8a825704b2,8cd7b450ac90c4c8585e823845e508515f04bdb51da4a0bbda9662ef840a5568,included,housing_social_welfare_leaf,1.0.0,social_welfare,1.0.0,utility,tenant_4,tenant_4,3445.84,utility_points,"{""disagreement_utility"":0.0}",ok,valid,[],"[""event_00000297""]",evaluation_receipt,episode_attempt_ea7f51f4fb8a825704b2,8cd7b450ac90c4c8585e823845e508515f04bdb51da4a0bbda9662ef840a5568,true
result_d42c64cf1f885cf7ad3de380,runplan_3437cc2140094e14,cell_0765cb59696726a708c0,housing_v1__experiment__000008,housing_v1,housing_controlled_model_landlords_experiment,episode_attempt_ea7f51f4fb8a825704b2,8cd7b450ac90c4c8585e823845e508515f04bdb51da4a0bbda9662ef840a5568,included,housing_social_welfare_leaf,1.0.0,social_welfare,1.0.0,utility,tenant_5,tenant_5,0.0,utility_points,"{""disagreement_utility"":0.0}",ok,valid,[],"[""event_00000297""]",evaluation_receipt,episode_attempt_ea7f51f4fb8a825704b2,8cd7b450ac90c4c8585e823845e508515f04bdb51da4a0bbda9662ef840a5568,true
result_ab26db18100b95875e8006c4,runplan_3437cc2140094e14,cell_0765cb59696726a708c0,housing_v1__experiment__000008,housing_v1,housing_controlled_model_landlords_experiment,episode_attempt_ea7f51f4fb8a825704b2,8cd7b450ac90c4c8585e823845e508515f04bdb51da4a0bbda9662ef840a5568,included,housing_social_welfare_leaf,1.0.0,social_welfare,1.0.0,capture,landlord_0,landlord_0,0.0,utility_points,"{""disagreement_utility"":0.0}",ok,valid,[],"[""event_00000297""]",evaluation_receipt,episode_attempt_ea7f51f4fb8a825704b2,8cd7b450ac90c4c8585e823845e508515f04bdb51da4a0bbda9662ef840a5568,true
result_e106739356524e93326778cb,runplan_3437cc2140094e14,cell_0765cb59696726a708c0,housing_v1__experiment__000008,housing_v1,housing_controlled_model_landlords_experiment,episode_attempt_ea7f51f4fb8a825704b2,8cd7b450ac90c4c8585e823845e508515f04bdb51da4a0bbda9662ef840a5568,included,housing_social_welfare_leaf,1.0.0,social_welfare,1.0.0,capture,landlord_1,landlord_1,0.0,utility_points,"{""disagreement_utility"":0.0}",ok,valid,[],"[""event_00000297""]",evaluation_receipt,episode_attempt_ea7f51f4fb8a825704b2,8cd7b450ac90c4c8585e823845e508515f04bdb51da4a0bbda9662ef840a5568,true
result_b77e09d2bfbc987e308e90c3,runplan_3437cc2140094e14,cell_0765cb59696726a708c0,housing_v1__experiment__000008,housing_v1,housing_controlled_model_landlords_experiment,episode_attempt_ea7f51f4fb8a825704b2,8cd7b450ac90c4c8585e823845e508515f04bdb51da4a0bbda9662ef840a5568,included,housing_social_welfare_leaf,1.0.0,social_welfare,1.0.0,capture,landlord_2,landlord_2,0.0,utility_points,"{""disagreement_utility"":0.0}",ok,valid,[],"[""event_00000297""]",evaluation_receipt,episode_attempt_ea7f51f4fb8a825704b2,8cd7b450ac90c4c8585e823845e508515f04bdb51da4a0bbda9662ef840a5568,true
result_a0d750129cb1fc6f70bba22e,runplan_3437cc2140094e14,cell_0765cb59696726a708c0,housing_v1__experiment__000008,housing_v1,housing_controlled_model_landlords_experiment,episode_attempt_ea7f51f4fb8a825704b2,8cd7b450ac90c4c8585e823845e508515f04bdb51da4a0bbda9662ef840a5568,included,housing_social_welfare_leaf,1.0.0,social_welfare,1.0.0,capture,landlord_3,landlord_3,-2952.02,utility_points,"{""disagreement_utility"":0.0}",ok,valid,[],"[""event_00000297""]",evaluation_receipt,episode_attempt_ea7f51f4fb8a825704b2,8cd7b450ac90c4c8585e823845e508515f04bdb51da4a0bbda9662ef840a5568,true
result_368af63fb568e4c74a58742a,runplan_3437cc2140094e14,cell_0765cb59696726a708c0,housing_v1__experiment__000008,housing_v1,housing_controlled_model_landlords_experiment,episode_attempt_ea7f51f4fb8a825704b2,8cd7b450ac90c4c8585e823845e508515f04bdb51da4a0bbda9662ef840a5568,included,housing_social_welfare_leaf,1.0.0,social_welfare,1.0.0,capture,landlord_4,landlord_4,-3065.09,utility_points,"{""disagreement_utility"":0.0}",ok,valid,[],"[""event_00000297""]",evaluation_receipt,episode_attempt_ea7f51f4fb8a825704b2,8cd7b450ac90c4c8585e823845e508515f04bdb51da4a0bbda9662ef840a5568,true
result_c7362a65f158f831fd2f7212,runplan_3437cc2140094e14,cell_0765cb59696726a708c0,housing_v1__experiment__000008,housing_v1,housing_controlled_model_landlords_experiment,episode_attempt_ea7f51f4fb8a825704b2,8cd7b450ac90c4c8585e823845e508515f04bdb51da4a0bbda9662ef840a5568,included,housing_social_welfare_leaf,1.0.0,social_welfare,1.0.0,capture,tenant_0,tenant_0,0.0,utility_points,"{""disagreement_utility"":0.0}",ok,valid,[],"[""event_00000297""]",evaluation_receipt,episode_attempt_ea7f51f4fb8a825704b2,8cd7b450ac90c4c8585e823845e508515f04bdb51da4a0bbda9662ef840a5568,true
result_5948f36b5899eab6965fda56,runplan_3437cc2140094e14,cell_0765cb59696726a708c0,housing_v1__experiment__000008,housing_v1,housing_controlled_model_landlords_experiment,episode_attempt_ea7f51f4fb8a825704b2,8cd7b450ac90c4c8585e823845e508515f04bdb51da4a0bbda9662ef840a5568,included,housing_social_welfare_leaf,1.0.0,social_welfare,1.0.0,capture,tenant_1,tenant_1,0.0,utility_points,"{""disagreement_utility"":0.0}",ok,valid,[],"[""event_00000297""]",evaluation_receipt,episode_attempt_ea7f51f4fb8a825704b2,8cd7b450ac90c4c8585e823845e508515f04bdb51da4a0bbda9662ef840a5568,true
result_c2d22c83f9846f109a816f2b,runplan_3437cc2140094e14,cell_0765cb59696726a708c0,housing_v1__experiment__000008,housing_v1,housing_controlled_model_landlords_experiment,episode_attempt_ea7f51f4fb8a825704b2,8cd7b450ac90c4c8585e823845e508515f04bdb51da4a0bbda9662ef840a5568,included,housing_social_welfare_leaf,1.0.0,social_welfare,1.0.0,capture,tenant_2,tenant_2,0.0,utility_points,"{""disagreement_utility"":0.0}",ok,valid,[],"[""event_00000297""]",evaluation_receipt,episode_attempt_ea7f51f4fb8a825704b2,8cd7b450ac90c4c8585e823845e508515f04bdb51da4a0bbda9662ef840a5568,true
result_e6b2210f008c39ae90f39a29,runplan_3437cc2140094e14,cell_0765cb59696726a708c0,housing_v1__experiment__000008,housing_v1,housing_controlled_model_landlords_experiment,episode_attempt_ea7f51f4fb8a825704b2,8cd7b450ac90c4c8585e823845e508515f04bdb51da4a0bbda9662ef840a5568,included,housing_social_welfare_leaf,1.0.0,social_welfare,1.0.0,capture,tenant_3,tenant_3,3501.62,utility_points,"{""disagreement_utility"":0.0}",ok,valid,[],"[""event_00000297""]",evaluation_receipt,episode_attempt_ea7f51f4fb8a825704b2,8cd7b450ac90c4c8585e823845e508515f04bdb51da4a0bbda9662ef840a5568,true
result_d9ca63898753179a917ccbc5,runplan_3437cc2140094e14,cell_0765cb59696726a708c0,housing_v1__experiment__000008,housing_v1,housing_controlled_model_landlords_experiment,episode_attempt_ea7f51f4fb8a825704b2,8cd7b450ac90c4c8585e823845e508515f04bdb51da4a0bbda9662ef840a5568,included,housing_social_welfare_leaf,1.0.0,social_welfare,1.0.0,capture,tenant_4,tenant_4,3445.84,utility_points,"{""disagreement_utility"":0.0}",ok,valid,[],"[""event_00000297""]",evaluation_receipt,episode_attempt_ea7f51f4fb8a825704b2,8cd7b450ac90c4c8585e823845e508515f04bdb51da4a0bbda9662ef840a5568,true
result_1ba5da6a2f06e33bb2f337ab,runplan_3437cc2140094e14,cell_0765cb59696726a708c0,housing_v1__experiment__000008,housing_v1,housing_controlled_model_landlords_experiment,episode_attempt_ea7f51f4fb8a825704b2,8cd7b450ac90c4c8585e823845e508515f04bdb51da4a0bbda9662ef840a5568,included,housing_social_welfare_leaf,1.0.0,social_welfare,1.0.0,capture,tenant_5,tenant_5,0.0,utility_points,"{""disagreement_utility"":0.0}",ok,valid,[],"[""event_00000297""]",evaluation_receipt,episode_attempt_ea7f51f4fb8a825704b2,8cd7b450ac90c4c8585e823845e508515f04bdb51da4a0bbda9662ef840a5568,true
result_bdf88702602ebf0fef8a833a,runplan_3437cc2140094e14,cell_2f061d66fa46fb8ad28c,housing_v1__experiment__000006,housing_v1,housing_controlled_model_landlords_experiment,episode_attempt_2e8f4e50bd5a11bf9ae1,3d4c54b02110f6422d9bb12eb8797ded1ff64894db59f96f9364727b0529c9ae,included,housing_social_welfare_leaf,1.0.0,social_welfare,1.0.0,primary,social_welfare,,1455.69,utility_points,{},ok,valid,[],"[""event_00000253""]",evaluation_receipt,episode_attempt_2e8f4e50bd5a11bf9ae1,3d4c54b02110f6422d9bb12eb8797ded1ff64894db59f96f9364727b0529c9ae,true
result_e77a21149145761af4a9949a,runplan_3437cc2140094e14,cell_2f061d66fa46fb8ad28c,housing_v1__experiment__000006,housing_v1,housing_controlled_model_landlords_experiment,episode_attempt_2e8f4e50bd5a11bf9ae1,3d4c54b02110f6422d9bb12eb8797ded1ff64894db59f96f9364727b0529c9ae,included,housing_social_welfare_leaf,1.0.0,social_welfare,1.0.0,metric,comparison_baseline_gap,,-110.86999999999989,utility_points,{},ok,valid,[],"[""event_00000253""]",evaluation_receipt,episode_attempt_2e8f4e50bd5a11bf9ae1,3d4c54b02110f6422d9bb12eb8797ded1ff64894db59f96f9364727b0529c9ae,true
result_839c6b0b6914f1fca0a13771,runplan_3437cc2140094e14,cell_2f061d66fa46fb8ad28c,housing_v1__experiment__000006,housing_v1,housing_controlled_model_landlords_experiment,episode_attempt_2e8f4e50bd5a11bf9ae1,3d4c54b02110f6422d9bb12eb8797ded1ff64894db59f96f9364727b0529c9ae,included,housing_social_welfare_leaf,1.0.0,social_welfare,1.0.0,metric,ir_violation_count,,0.0,count,{},ok,valid,[],"[""event_00000253""]",evaluation_receipt,episode_attempt_2e8f4e50bd5a11bf9ae1,3d4c54b02110f6422d9bb12eb8797ded1ff64894db59f96f9364727b0529c9ae,true
result_52f84428598ba17fe91eb470,runplan_3437cc2140094e14,cell_2f061d66fa46fb8ad28c,housing_v1__experiment__000006,housing_v1,housing_controlled_model_landlords_experiment,episode_attempt_2e8f4e50bd5a11bf9ae1,3d4c54b02110f6422d9bb12eb8797ded1ff64894db59f96f9364727b0529c9ae,included,housing_social_welfare_leaf,1.0.0,social_welfare,1.0.0,metric,social_welfare,,1455.69,utility_points,{},ok,valid,[],"[""event_00000253""]",evaluation_receipt,episode_attempt_2e8f4e50bd5a11bf9ae1,3d4c54b02110f6422d9bb12eb8797ded1ff64894db59f96f9364727b0529c9ae,true
result_c09b8e1298d7cbead3518c58,runplan_3437cc2140094e14,cell_2f061d66fa46fb8ad28c,housing_v1__experiment__000006,housing_v1,housing_controlled_model_landlords_experiment,episode_attempt_2e8f4e50bd5a11bf9ae1,3d4c54b02110f6422d9bb12eb8797ded1ff64894db59f96f9364727b0529c9ae,included,housing_social_welfare_leaf,1.0.0,social_welfare,1.0.0,metric,upper_bound_gap,,182.66999999999985,utility_points,{},ok,valid,[],"[""event_00000253""]",evaluation_receipt,episode_attempt_2e8f4e50bd5a11bf9ae1,3d4c54b02110f6422d9bb12eb8797ded1ff64894db59f96f9364727b0529c9ae,true
result_555f7dda3ede49e293b56866,runplan_3437cc2140094e14,cell_2f061d66fa46fb8ad28c,housing_v1__experiment__000006,housing_v1,housing_controlled_model_landlords_experiment,episode_attempt_2e8f4e50bd5a11bf9ae1,3d4c54b02110f6422d9bb12eb8797ded1ff64894db59f96f9364727b0529c9ae,included,housing_social_welfare_leaf,1.0.0,social_welfare,1.0.0,metric,wasted_contacts,,7.0,count,{},ok,valid,[],"[""event_00000253""]",evaluation_receipt,episode_attempt_2e8f4e50bd5a11bf9ae1,3d4c54b02110f6422d9bb12eb8797ded1ff64894db59f96f9364727b0529c9ae,true
result_c489e6ee6dc05bbd8b5cb01a,runplan_3437cc2140094e14,cell_2f061d66fa46fb8ad28c,housing_v1__experiment__000006,housing_v1,housing_controlled_model_landlords_experiment,episode_attempt_2e8f4e50bd5a11bf9ae1,3d4c54b02110f6422d9bb12eb8797ded1ff64894db59f96f9364727b0529c9ae,included,housing_social_welfare_leaf,1.0.0,social_welfare,1.0.0,metric,within_case_score,,0.8885043580165533,ratio,{},ok,valid,[],"[""event_00000253""]",evaluation_receipt,episode_attempt_2e8f4e50bd5a11bf9ae1,3d4c54b02110f6422d9bb12eb8797ded1ff64894db59f96f9364727b0529c9ae,true
result_71cca587bc71d18f1cfe8f59,runplan_3437cc2140094e14,cell_2f061d66fa46fb8ad28c,housing_v1__experiment__000006,housing_v1,housing_controlled_model_landlords_experiment,episode_attempt_2e8f4e50bd5a11bf9ae1,3d4c54b02110f6422d9bb12eb8797ded1ff64894db59f96f9364727b0529c9ae,included,housing_social_welfare_leaf,1.0.0,social_welfare,1.0.0,reference,comparison_baseline,,1566.56,utility_points,"{""policy"":""naive"",""reference_kind"":""comparison_baseline""}",ok,valid,[],"[""event_00000253""]",evaluation_receipt,episode_attempt_2e8f4e50bd5a11bf9ae1,3d4c54b02110f6422d9bb12eb8797ded1ff64894db59f96f9364727b0529c9ae,true
result_d06a53aa6e71130fafaa75c7,runplan_3437cc2140094e14,cell_2f061d66fa46fb8ad28c,housing_v1__experiment__000006,housing_v1,housing_controlled_model_landlords_experiment,episode_attempt_2e8f4e50bd5a11bf9ae1,3d4c54b02110f6422d9bb12eb8797ded1ff64894db59f96f9364727b0529c9ae,included,housing_social_welfare_leaf,1.0.0,social_welfare,1.0.0,reference,optimum_lower_bound,,0.0,utility_points,"{""policy"":""do_nothing"",""reference_kind"":""objective_lower_bound""}",ok,valid,[],"[""event_00000253""]",evaluation_receipt,episode_attempt_2e8f4e50bd5a11bf9ae1,3d4c54b02110f6422d9bb12eb8797ded1ff64894db59f96f9364727b0529c9ae,true
result_1689d692540e766ab29225c8,runplan_3437cc2140094e14,cell_2f061d66fa46fb8ad28c,housing_v1__experiment__000006,housing_v1,housing_controlled_model_landlords_experiment,episode_attempt_2e8f4e50bd5a11bf9ae1,3d4c54b02110f6422d9bb12eb8797ded1ff64894db59f96f9364727b0529c9ae,included,housing_social_welfare_leaf,1.0.0,social_welfare,1.0.0,reference,optimum_upper_bound,,1638.36,utility_points,"{""reference_kind"":""objective_upper_bound"",""semantics"":""full_information_allocation_relaxation""}",ok,valid,[],"[""event_00000253""]",evaluation_receipt,episode_attempt_2e8f4e50bd5a11bf9ae1,3d4c54b02110f6422d9bb12eb8797ded1ff64894db59f96f9364727b0529c9ae,true
result_98354ed48b028cdc064ee255,runplan_3437cc2140094e14,cell_2f061d66fa46fb8ad28c,housing_v1__experiment__000006,housing_v1,housing_controlled_model_landlords_experiment,episode_attempt_2e8f4e50bd5a11bf9ae1,3d4c54b02110f6422d9bb12eb8797ded1ff64894db59f96f9364727b0529c9ae,included,housing_social_welfare_leaf,1.0.0,social_welfare,1.0.0,utility,landlord_0,landlord_0,0.0,utility_points,"{""disagreement_utility"":0.0}",ok,valid,[],"[""event_00000253""]",evaluation_receipt,episode_attempt_2e8f4e50bd5a11bf9ae1,3d4c54b02110f6422d9bb12eb8797ded1ff64894db59f96f9364727b0529c9ae,true
result_13b2653230dbde2f5957a100,runplan_3437cc2140094e14,cell_2f061d66fa46fb8ad28c,housing_v1__experiment__000006,housing_v1,housing_controlled_model_landlords_experiment,episode_attempt_2e8f4e50bd5a11bf9ae1,3d4c54b02110f6422d9bb12eb8797ded1ff64894db59f96f9364727b0529c9ae,included,housing_social_welfare_leaf,1.0.0,social_welfare,1.0.0,utility,landlord_1,landlord_1,100.73,utility_points,"{""disagreement_utility"":0.0}",ok,valid,[],"[""event_00000253""]",evaluation_receipt,episode_attempt_2e8f4e50bd5a11bf9ae1,3d4c54b02110f6422d9bb12eb8797ded1ff64894db59f96f9364727b0529c9ae,true
result_c4df5c13e69f075922d82c43,runplan_3437cc2140094e14,cell_2f061d66fa46fb8ad28c,housing_v1__experiment__000006,housing_v1,housing_controlled_model_landlords_experiment,episode_attempt_2e8f4e50bd5a11bf9ae1,3d4c54b02110f6422d9bb12eb8797ded1ff64894db59f96f9364727b0529c9ae,included,housing_social_welfare_leaf,1.0.0,social_welfare,1.0.0,utility,landlord_2,landlord_2,76.53,utility_points,"{""disagreement_utility"":0.0}",ok,valid,[],"[""event_00000253""]",evaluation_receipt,episode_attempt_2e8f4e50bd5a11bf9ae1,3d4c54b02110f6422d9bb12eb8797ded1ff64894db59f96f9364727b0529c9ae,true
result_d09adfdc89431ab9ff6a999d,runplan_3437cc2140094e14,cell_2f061d66fa46fb8ad28c,housing_v1__experiment__000006,housing_v1,housing_controlled_model_landlords_experiment,episode_attempt_2e8f4e50bd5a11bf9ae1,3d4c54b02110f6422d9bb12eb8797ded1ff64894db59f96f9364727b0529c9ae,included,housing_social_welfare_leaf,1.0.0,social_welfare,1.0.0,utility,landlord_3,landlord_3,3.83,utility_points,"{""disagreement_utility"":0.0}",ok,valid,[],"[""event_00000253""]",evaluation_receipt,episode_attempt_2e8f4e50bd5a11bf9ae1,3d4c54b02110f6422d9bb12eb8797ded1ff64894db59f96f9364727b0529c9ae,true
result_4279822e72cf21a8afec8c19,runplan_3437cc2140094e14,cell_2f061d66fa46fb8ad28c,housing_v1__experiment__000006,housing_v1,housing_controlled_model_landlords_experiment,episode_attempt_2e8f4e50bd5a11bf9ae1,3d4c54b02110f6422d9bb12eb8797ded1ff64894db59f96f9364727b0529c9ae,included,housing_social_welfare_leaf,1.0.0,social_welfare,1.0.0,utility,landlord_4,landlord_4,0.0,utility_points,"{""disagreement_utility"":0.0}",ok,valid,[],"[""event_00000253""]",evaluation_receipt,episode_attempt_2e8f4e50bd5a11bf9ae1,3d4c54b02110f6422d9bb12eb8797ded1ff64894db59f96f9364727b0529c9ae,true
result_2ca5259e7eab0d2fb1c4198e,runplan_3437cc2140094e14,cell_2f061d66fa46fb8ad28c,housing_v1__experiment__000006,housing_v1,housing_controlled_model_landlords_experiment,episode_attempt_2e8f4e50bd5a11bf9ae1,3d4c54b02110f6422d9bb12eb8797ded1ff64894db59f96f9364727b0529c9ae,included,housing_social_welfare_leaf,1.0.0,social_welfare,1.0.0,utility,tenant_0,tenant_0,183.66,utility_points,"{""disagreement_utility"":0.0}",ok,valid,[],"[""event_00000253""]",evaluation_receipt,episode_attempt_2e8f4e50bd5a11bf9ae1,3d4c54b02110f6422d9bb12eb8797ded1ff64894db59f96f9364727b0529c9ae,true
result_9f952de5cc080f6f96131187,runplan_3437cc2140094e14,cell_2f061d66fa46fb8ad28c,housing_v1__experiment__000006,housing_v1,housing_controlled_model_landlords_experiment,episode_attempt_2e8f4e50bd5a11bf9ae1,3d4c54b02110f6422d9bb12eb8797ded1ff64894db59f96f9364727b0529c9ae,included,housing_social_welfare_leaf,1.0.0,social_welfare,1.0.0,utility,tenant_1,tenant_1,0.0,utility_points,"{""disagreement_utility"":0.0}",ok,valid,[],"[""event_00000253""]",evaluation_receipt,episode_attempt_2e8f4e50bd5a11bf9ae1,3d4c54b02110f6422d9bb12eb8797ded1ff64894db59f96f9364727b0529c9ae,true
result_10735b74570e22b682b98829,runplan_3437cc2140094e14,cell_2f061d66fa46fb8ad28c,housing_v1__experiment__000006,housing_v1,housing_controlled_model_landlords_experiment,episode_attempt_2e8f4e50bd5a11bf9ae1,3d4c54b02110f6422d9bb12eb8797ded1ff64894db59f96f9364727b0529c9ae,included,housing_social_welfare_leaf,1.0.0,social_welfare,1.0.0,utility,tenant_2,tenant_2,590.76,utility_points,"{""disagreement_utility"":0.0}",ok,valid,[],"[""event_00000253""]",evaluation_receipt,episode_attempt_2e8f4e50bd5a11bf9ae1,3d4c54b02110f6422d9bb12eb8797ded1ff64894db59f96f9364727b0529c9ae,true
result_489258c847e8f7e39d23bca9,runplan_3437cc2140094e14,cell_2f061d66fa46fb8ad28c,housing_v1__experiment__000006,housing_v1,housing_controlled_model_landlords_experiment,episode_attempt_2e8f4e50bd5a11bf9ae1,3d4c54b02110f6422d9bb12eb8797ded1ff64894db59f96f9364727b0529c9ae,included,housing_social_welfare_leaf,1.0.0,social_welfare,1.0.0,utility,tenant_3,tenant_3,500.18,utility_points,"{""disagreement_utility"":0.0}",ok,valid,[],"[""event_00000253""]",evaluation_receipt,episode_attempt_2e8f4e50bd5a11bf9ae1,3d4c54b02110f6422d9bb12eb8797ded1ff64894db59f96f9364727b0529c9ae,true
result_856f8283fd23904f254e76a6,runplan_3437cc2140094e14,cell_2f061d66fa46fb8ad28c,housing_v1__experiment__000006,housing_v1,housing_controlled_model_landlords_experiment,episode_attempt_2e8f4e50bd5a11bf9ae1,3d4c54b02110f6422d9bb12eb8797ded1ff64894db59f96f9364727b0529c9ae,included,housing_social_welfare_leaf,1.0.0,social_welfare,1.0.0,utility,tenant_4,tenant_4,0.0,utility_points,"{""disagreement_utility"":0.0}",ok,valid,[],"[""event_00000253""]",evaluation_receipt,episode_attempt_2e8f4e50bd5a11bf9ae1,3d4c54b02110f6422d9bb12eb8797ded1ff64894db59f96f9364727b0529c9ae,true
result_2edfd627ca1bdbc40a1f4e51,runplan_3437cc2140094e14,cell_2f061d66fa46fb8ad28c,housing_v1__experiment__000006,housing_v1,housing_controlled_model_landlords_experiment,episode_attempt_2e8f4e50bd5a11bf9ae1,3d4c54b02110f6422d9bb12eb8797ded1ff64894db59f96f9364727b0529c9ae,included,housing_social_welfare_leaf,1.0.0,social_welfare,1.0.0,utility,tenant_5,tenant_5,0.0,utility_points,"{""disagreement_utility"":0.0}",ok,valid,[],"[""event_00000253""]",evaluation_receipt,episode_attempt_2e8f4e50bd5a11bf9ae1,3d4c54b02110f6422d9bb12eb8797ded1ff64894db59f96f9364727b0529c9ae,true
result_5e910936a9fddcf2a054ae0b,runplan_3437cc2140094e14,cell_2f061d66fa46fb8ad28c,housing_v1__experiment__000006,housing_v1,housing_controlled_model_landlords_experiment,episode_attempt_2e8f4e50bd5a11bf9ae1,3d4c54b02110f6422d9bb12eb8797ded1ff64894db59f96f9364727b0529c9ae,included,housing_social_welfare_leaf,1.0.0,social_welfare,1.0.0,capture,landlord_0,landlord_0,0.0,utility_points,"{""disagreement_utility"":0.0}",ok,valid,[],"[""event_00000253""]",evaluation_receipt,episode_attempt_2e8f4e50bd5a11bf9ae1,3d4c54b02110f6422d9bb12eb8797ded1ff64894db59f96f9364727b0529c9ae,true
result_1f9500cb9ee93a6a0cb9f95c,runplan_3437cc2140094e14,cell_2f061d66fa46fb8ad28c,housing_v1__experiment__000006,housing_v1,housing_controlled_model_landlords_experiment,episode_attempt_2e8f4e50bd5a11bf9ae1,3d4c54b02110f6422d9bb12eb8797ded1ff64894db59f96f9364727b0529c9ae,included,housing_social_welfare_leaf,1.0.0,social_welfare,1.0.0,capture,landlord_1,landlord_1,100.73,utility_points,"{""disagreement_utility"":0.0}",ok,valid,[],"[""event_00000253""]",evaluation_receipt,episode_attempt_2e8f4e50bd5a11bf9ae1,3d4c54b02110f6422d9bb12eb8797ded1ff64894db59f96f9364727b0529c9ae,true
result_7833a0ee2149b87857e56199,runplan_3437cc2140094e14,cell_2f061d66fa46fb8ad28c,housing_v1__experiment__000006,housing_v1,housing_controlled_model_landlords_experiment,episode_attempt_2e8f4e50bd5a11bf9ae1,3d4c54b02110f6422d9bb12eb8797ded1ff64894db59f96f9364727b0529c9ae,included,housing_social_welfare_leaf,1.0.0,social_welfare,1.0.0,capture,landlord_2,landlord_2,76.53,utility_points,"{""disagreement_utility"":0.0}",ok,valid,[],"[""event_00000253""]",evaluation_receipt,episode_attempt_2e8f4e50bd5a11bf9ae1,3d4c54b02110f6422d9bb12eb8797ded1ff64894db59f96f9364727b0529c9ae,true
result_99440733e0f0aef23b9ae29e,runplan_3437cc2140094e14,cell_2f061d66fa46fb8ad28c,housing_v1__experiment__000006,housing_v1,housing_controlled_model_landlords_experiment,episode_attempt_2e8f4e50bd5a11bf9ae1,3d4c54b02110f6422d9bb12eb8797ded1ff64894db59f96f9364727b0529c9ae,included,housing_social_welfare_leaf,1.0.0,social_welfare,1.0.0,capture,landlord_3,landlord_3,3.83,utility_points,"{""disagreement_utility"":0.0}",ok,valid,[],"[""event_00000253""]",evaluation_receipt,episode_attempt_2e8f4e50bd5a11bf9ae1,3d4c54b02110f6422d9bb12eb8797ded1ff64894db59f96f9364727b0529c9ae,true
result_be973325db4e17de39423b01,runplan_3437cc2140094e14,cell_2f061d66fa46fb8ad28c,housing_v1__experiment__000006,housing_v1,housing_controlled_model_landlords_experiment,episode_attempt_2e8f4e50bd5a11bf9ae1,3d4c54b02110f6422d9bb12eb8797ded1ff64894db59f96f9364727b0529c9ae,included,housing_social_welfare_leaf,1.0.0,social_welfare,1.0.0,capture,landlord_4,landlord_4,0.0,utility_points,"{""disagreement_utility"":0.0}",ok,valid,[],"[""event_00000253""]",evaluation_receipt,episode_attempt_2e8f4e50bd5a11bf9ae1,3d4c54b02110f6422d9bb12eb8797ded1ff64894db59f96f9364727b0529c9ae,true
result_5c937a93b368703a7c3e272d,runplan_3437cc2140094e14,cell_2f061d66fa46fb8ad28c,housing_v1__experiment__000006,housing_v1,housing_controlled_model_landlords_experiment,episode_attempt_2e8f4e50bd5a11bf9ae1,3d4c54b02110f6422d9bb12eb8797ded1ff64894db59f96f9364727b0529c9ae,included,housing_social_welfare_leaf,1.0.0,social_welfare,1.0.0,capture,tenant_0,tenant_0,183.66,utility_points,"{""disagreement_utility"":0.0}",ok,valid,[],"[""event_00000253""]",evaluation_receipt,episode_attempt_2e8f4e50bd5a11bf9ae1,3d4c54b02110f6422d9bb12eb8797ded1ff64894db59f96f9364727b0529c9ae,true
result_106d176fb1c4ea43a59d60f3,runplan_3437cc2140094e14,cell_2f061d66fa46fb8ad28c,housing_v1__experiment__000006,housing_v1,housing_controlled_model_landlords_experiment,episode_attempt_2e8f4e50bd5a11bf9ae1,3d4c54b02110f6422d9bb12eb8797ded1ff64894db59f96f9364727b0529c9ae,included,housing_social_welfare_leaf,1.0.0,social_welfare,1.0.0,capture,tenant_1,tenant_1,0.0,utility_points,"{""disagreement_utility"":0.0}",ok,valid,[],"[""event_00000253""]",evaluation_receipt,episode_attempt_2e8f4e50bd5a11bf9ae1,3d4c54b02110f6422d9bb12eb8797ded1ff64894db59f96f9364727b0529c9ae,true
result_38d44298436303ed19c74f92,runplan_3437cc2140094e14,cell_2f061d66fa46fb8ad28c,housing_v1__experiment__000006,housing_v1,housing_controlled_model_landlords_experiment,episode_attempt_2e8f4e50bd5a11bf9ae1,3d4c54b02110f6422d9bb12eb8797ded1ff64894db59f96f9364727b0529c9ae,included,housing_social_welfare_leaf,1.0.0,social_welfare,1.0.0,capture,tenant_2,tenant_2,590.76,utility_points,"{""disagreement_utility"":0.0}",ok,valid,[],"[""event_00000253""]",evaluation_receipt,episode_attempt_2e8f4e50bd5a11bf9ae1,3d4c54b02110f6422d9bb12eb8797ded1ff64894db59f96f9364727b0529c9ae,true
result_2dc855a2b7658583be052fcd,runplan_3437cc2140094e14,cell_2f061d66fa46fb8ad28c,housing_v1__experiment__000006,housing_v1,housing_controlled_model_landlords_experiment,episode_attempt_2e8f4e50bd5a11bf9ae1,3d4c54b02110f6422d9bb12eb8797ded1ff64894db59f96f9364727b0529c9ae,included,housing_social_welfare_leaf,1.0.0,social_welfare,1.0.0,capture,tenant_3,tenant_3,500.18,utility_points,"{""disagreement_utility"":0.0}",ok,valid,[],"[""event_00000253""]",evaluation_receipt,episode_attempt_2e8f4e50bd5a11bf9ae1,3d4c54b02110f6422d9bb12eb8797ded1ff64894db59f96f9364727b0529c9ae,true
result_0c1fdbc32afc485179b7f77c,runplan_3437cc2140094e14,cell_2f061d66fa46fb8ad28c,housing_v1__experiment__000006,housing_v1,housing_controlled_model_landlords_experiment,episode_attempt_2e8f4e50bd5a11bf9ae1,3d4c54b02110f6422d9bb12eb8797ded1ff64894db59f96f9364727b0529c9ae,included,housing_social_welfare_leaf,1.0.0,social_welfare,1.0.0,capture,tenant_4,tenant_4,0.0,utility_points,"{""disagreement_utility"":0.0}",ok,valid,[],"[""event_00000253""]",evaluation_receipt,episode_attempt_2e8f4e50bd5a11bf9ae1,3d4c54b02110f6422d9bb12eb8797ded1ff64894db59f96f9364727b0529c9ae,true
result_e609fcbe65be4dee7334a66b,runplan_3437cc2140094e14,cell_2f061d66fa46fb8ad28c,housing_v1__experiment__000006,housing_v1,housing_controlled_model_landlords_experiment,episode_attempt_2e8f4e50bd5a11bf9ae1,3d4c54b02110f6422d9bb12eb8797ded1ff64894db59f96f9364727b0529c9ae,included,housing_social_welfare_leaf,1.0.0,social_welfare,1.0.0,capture,tenant_5,tenant_5,0.0,utility_points,"{""disagreement_utility"":0.0}",ok,valid,[],"[""event_00000253""]",evaluation_receipt,episode_attempt_2e8f4e50bd5a11bf9ae1,3d4c54b02110f6422d9bb12eb8797ded1ff64894db59f96f9364727b0529c9ae,true
result_a6e77d2ee985347e582aacdf,runplan_3437cc2140094e14,cell_46898f5d9113061066c0,housing_v1__experiment__000008,housing_v1,housing_controlled_model_landlords_experiment,episode_attempt_f10d9b666847d9f9c379,b420da4d9603b5fb0cac3bdcd4d5f6ac4e1ac87e70da63a83d35cd172fbc1496,included,housing_social_welfare_leaf,1.0.0,social_welfare,1.0.0,primary,social_welfare,,854.83,utility_points,{},ok,valid,[],"[""event_00000291""]",evaluation_receipt,episode_attempt_f10d9b666847d9f9c379,b420da4d9603b5fb0cac3bdcd4d5f6ac4e1ac87e70da63a83d35cd172fbc1496,true
result_0411c211973b30b339282826,runplan_3437cc2140094e14,cell_46898f5d9113061066c0,housing_v1__experiment__000008,housing_v1,housing_controlled_model_landlords_experiment,episode_attempt_f10d9b666847d9f9c379,b420da4d9603b5fb0cac3bdcd4d5f6ac4e1ac87e70da63a83d35cd172fbc1496,included,housing_social_welfare_leaf,1.0.0,social_welfare,1.0.0,metric,comparison_baseline_gap,,-97.45999999999992,utility_points,{},ok,valid,[],"[""event_00000291""]",evaluation_receipt,episode_attempt_f10d9b666847d9f9c379,b420da4d9603b5fb0cac3bdcd4d5f6ac4e1ac87e70da63a83d35cd172fbc1496,true
result_363d0fab83760ca714c9b157,runplan_3437cc2140094e14,cell_46898f5d9113061066c0,housing_v1__experiment__000008,housing_v1,housing_controlled_model_landlords_experiment,episode_attempt_f10d9b666847d9f9c379,b420da4d9603b5fb0cac3bdcd4d5f6ac4e1ac87e70da63a83d35cd172fbc1496,included,housing_social_welfare_leaf,1.0.0,social_welfare,1.0.0,metric,ir_violation_count,,0.0,count,{},ok,valid,[],"[""event_00000291""]",evaluation_receipt,episode_attempt_f10d9b666847d9f9c379,b420da4d9603b5fb0cac3bdcd4d5f6ac4e1ac87e70da63a83d35cd172fbc1496,true
result_4178b4ebffc9543de708f6c4,runplan_3437cc2140094e14,cell_46898f5d9113061066c0,housing_v1__experiment__000008,housing_v1,housing_controlled_model_landlords_experiment,episode_attempt_f10d9b666847d9f9c379,b420da4d9603b5fb0cac3bdcd4d5f6ac4e1ac87e70da63a83d35cd172fbc1496,included,housing_social_welfare_leaf,1.0.0,social_welfare,1.0.0,metric,social_welfare,,854.83,utility_points,{},ok,valid,[],"[""event_00000291""]",evaluation_receipt,episode_attempt_f10d9b666847d9f9c379,b420da4d9603b5fb0cac3bdcd4d5f6ac4e1ac87e70da63a83d35cd172fbc1496,true
result_e5cf496f6dc34f637c2da123,runplan_3437cc2140094e14,cell_46898f5d9113061066c0,housing_v1__experiment__000008,housing_v1,housing_controlled_model_landlords_experiment,episode_attempt_f10d9b666847d9f9c379,b420da4d9603b5fb0cac3bdcd4d5f6ac4e1ac87e70da63a83d35cd172fbc1496,included,housing_social_welfare_leaf,1.0.0,social_welfare,1.0.0,metric,upper_bound_gap,,375.66999999999996,utility_points,{},ok,valid,[],"[""event_00000291""]",evaluation_receipt,episode_attempt_f10d9b666847d9f9c379,b420da4d9603b5fb0cac3bdcd4d5f6ac4e1ac87e70da63a83d35cd172fbc1496,true
result_8104d2c311c6441fc79a1b26,runplan_3437cc2140094e14,cell_46898f5d9113061066c0,housing_v1__experiment__000008,housing_v1,housing_controlled_model_landlords_experiment,episode_attempt_f10d9b666847d9f9c379,b420da4d9603b5fb0cac3bdcd4d5f6ac4e1ac87e70da63a83d35cd172fbc1496,included,housing_social_welfare_leaf,1.0.0,social_welfare,1.0.0,metric,wasted_contacts,,9.0,count,{},ok,valid,[],"[""event_00000291""]",evaluation_receipt,episode_attempt_f10d9b666847d9f9c379,b420da4d9603b5fb0cac3bdcd4d5f6ac4e1ac87e70da63a83d35cd172fbc1496,true
result_3166dd1724b239de55d4d61b,runplan_3437cc2140094e14,cell_46898f5d9113061066c0,housing_v1__experiment__000008,housing_v1,housing_controlled_model_landlords_experiment,episode_attempt_f10d9b666847d9f9c379,b420da4d9603b5fb0cac3bdcd4d5f6ac4e1ac87e70da63a83d35cd172fbc1496,included,housing_social_welfare_leaf,1.0.0,social_welfare,1.0.0,metric,within_case_score,,0.6947013409183259,ratio,{},ok,valid,[],"[""event_00000291""]",evaluation_receipt,episode_attempt_f10d9b666847d9f9c379,b420da4d9603b5fb0cac3bdcd4d5f6ac4e1ac87e70da63a83d35cd172fbc1496,true
result_7c40862416470908086c9329,runplan_3437cc2140094e14,cell_46898f5d9113061066c0,housing_v1__experiment__000008,housing_v1,housing_controlled_model_landlords_experiment,episode_attempt_f10d9b666847d9f9c379,b420da4d9603b5fb0cac3bdcd4d5f6ac4e1ac87e70da63a83d35cd172fbc1496,included,housing_social_welfare_leaf,1.0.0,social_welfare,1.0.0,reference,comparison_baseline,,952.29,utility_points,"{""policy"":""naive"",""reference_kind"":""comparison_baseline""}",ok,valid,[],"[""event_00000291""]",evaluation_receipt,episode_attempt_f10d9b666847d9f9c379,b420da4d9603b5fb0cac3bdcd4d5f6ac4e1ac87e70da63a83d35cd172fbc1496,true
result_17e660be3d320cec94221b46,runplan_3437cc2140094e14,cell_46898f5d9113061066c0,housing_v1__experiment__000008,housing_v1,housing_controlled_model_landlords_experiment,episode_attempt_f10d9b666847d9f9c379,b420da4d9603b5fb0cac3bdcd4d5f6ac4e1ac87e70da63a83d35cd172fbc1496,included,housing_social_welfare_leaf,1.0.0,social_welfare,1.0.0,reference,optimum_lower_bound,,0.0,utility_points,"{""policy"":""do_nothing"",""reference_kind"":""objective_lower_bound""}",ok,valid,[],"[""event_00000291""]",evaluation_receipt,episode_attempt_f10d9b666847d9f9c379,b420da4d9603b5fb0cac3bdcd4d5f6ac4e1ac87e70da63a83d35cd172fbc1496,true
result_6827e05eaa213d07f20a9aa0,runplan_3437cc2140094e14,cell_46898f5d9113061066c0,housing_v1__experiment__000008,housing_v1,housing_controlled_model_landlords_experiment,episode_attempt_f10d9b666847d9f9c379,b420da4d9603b5fb0cac3bdcd4d5f6ac4e1ac87e70da63a83d35cd172fbc1496,included,housing_social_welfare_leaf,1.0.0,social_welfare,1.0.0,reference,optimum_upper_bound,,1230.5,utility_points,"{""reference_kind"":""objective_upper_bound"",""semantics"":""full_information_allocation_relaxation""}",ok,valid,[],"[""event_00000291""]",evaluation_receipt,episode_attempt_f10d9b666847d9f9c379,b420da4d9603b5fb0cac3bdcd4d5f6ac4e1ac87e70da63a83d35cd172fbc1496,true
result_d42d142621853d1daa1f3756,runplan_3437cc2140094e14,cell_46898f5d9113061066c0,housing_v1__experiment__000008,housing_v1,housing_controlled_model_landlords_experiment,episode_attempt_f10d9b666847d9f9c379,b420da4d9603b5fb0cac3bdcd4d5f6ac4e1ac87e70da63a83d35cd172fbc1496,included,housing_social_welfare_leaf,1.0.0,social_welfare,1.0.0,utility,landlord_0,landlord_0,0.0,utility_points,"{""disagreement_utility"":0.0}",ok,valid,[],"[""event_00000291""]",evaluation_receipt,episode_attempt_f10d9b666847d9f9c379,b420da4d9603b5fb0cac3bdcd4d5f6ac4e1ac87e70da63a83d35cd172fbc1496,true
result_a3ba5e4b209ca8615c86858d,runplan_3437cc2140094e14,cell_46898f5d9113061066c0,housing_v1__experiment__000008,housing_v1,housing_controlled_model_landlords_experiment,episode_attempt_f10d9b666847d9f9c379,b420da4d9603b5fb0cac3bdcd4d5f6ac4e1ac87e70da63a83d35cd172fbc1496,included,housing_social_welfare_leaf,1.0.0,social_welfare,1.0.0,utility,landlord_1,landlord_1,0.0,utility_points,"{""disagreement_utility"":0.0}",ok,valid,[],"[""event_00000291""]",evaluation_receipt,episode_attempt_f10d9b666847d9f9c379,b420da4d9603b5fb0cac3bdcd4d5f6ac4e1ac87e70da63a83d35cd172fbc1496,true
result_1896c3f11f3b71776924ff67,runplan_3437cc2140094e14,cell_46898f5d9113061066c0,housing_v1__experiment__000008,housing_v1,housing_controlled_model_landlords_experiment,episode_attempt_f10d9b666847d9f9c379,b420da4d9603b5fb0cac3bdcd4d5f6ac4e1ac87e70da63a83d35cd172fbc1496,included,housing_social_welfare_leaf,1.0.0,social_welfare,1.0.0,utility,landlord_2,landlord_2,0.0,utility_points,"{""disagreement_utility"":0.0}",ok,valid,[],"[""event_00000291""]",evaluation_receipt,episode_attempt_f10d9b666847d9f9c379,b420da4d9603b5fb0cac3bdcd4d5f6ac4e1ac87e70da63a83d35cd172fbc1496,true
result_b8f6737a77edff225feae7a5,runplan_3437cc2140094e14,cell_46898f5d9113061066c0,housing_v1__experiment__000008,housing_v1,housing_controlled_model_landlords_experiment,episode_attempt_f10d9b666847d9f9c379,b420da4d9603b5fb0cac3bdcd4d5f6ac4e1ac87e70da63a83d35cd172fbc1496,included,housing_social_welfare_leaf,1.0.0,social_welfare,1.0.0,utility,landlord_3,landlord_3,147.98,utility_points,"{""disagreement_utility"":0.0}",ok,valid,[],"[""event_00000291""]",evaluation_receipt,episode_attempt_f10d9b666847d9f9c379,b420da4d9603b5fb0cac3bdcd4d5f6ac4e1ac87e70da63a83d35cd172fbc1496,true
result_31848dbaa1302795cdb32070,runplan_3437cc2140094e14,cell_46898f5d9113061066c0,housing_v1__experiment__000008,housing_v1,housing_controlled_model_landlords_experiment,episode_attempt_f10d9b666847d9f9c379,b420da4d9603b5fb0cac3bdcd4d5f6ac4e1ac87e70da63a83d35cd172fbc1496,included,housing_social_welfare_leaf,1.0.0,social_welfare,1.0.0,utility,landlord_4,landlord_4,234.91,utility_points,"{""disagreement_utility"":0.0}",ok,valid,[],"[""event_00000291""]",evaluation_receipt,episode_attempt_f10d9b666847d9f9c379,b420da4d9603b5fb0cac3bdcd4d5f6ac4e1ac87e70da63a83d35cd172fbc1496,true
result_eb329441b551e5e8c63c7119,runplan_3437cc2140094e14,cell_46898f5d9113061066c0,housing_v1__experiment__000008,housing_v1,housing_controlled_model_landlords_experiment,episode_attempt_f10d9b666847d9f9c379,b420da4d9603b5fb0cac3bdcd4d5f6ac4e1ac87e70da63a83d35cd172fbc1496,included,housing_social_welfare_leaf,1.0.0,social_welfare,1.0.0,utility,tenant_0,tenant_0,0.0,utility_points,"{""disagreement_utility"":0.0}",ok,valid,[],"[""event_00000291""]",evaluation_receipt,episode_attempt_f10d9b666847d9f9c379,b420da4d9603b5fb0cac3bdcd4d5f6ac4e1ac87e70da63a83d35cd172fbc1496,true
result_ae93220debb7097833cef522,runplan_3437cc2140094e14,cell_46898f5d9113061066c0,housing_v1__experiment__000008,housing_v1,housing_controlled_model_landlords_experiment,episode_attempt_f10d9b666847d9f9c379,b420da4d9603b5fb0cac3bdcd4d5f6ac4e1ac87e70da63a83d35cd172fbc1496,included,housing_social_welfare_leaf,1.0.0,social_welfare,1.0.0,utility,tenant_1,tenant_1,0.0,utility_points,"{""disagreement_utility"":0.0}",ok,valid,[],"[""event_00000291""]",evaluation_receipt,episode_attempt_f10d9b666847d9f9c379,b420da4d9603b5fb0cac3bdcd4d5f6ac4e1ac87e70da63a83d35cd172fbc1496,true
result_a0ee9e5d63e8b73897dfd7fb,runplan_3437cc2140094e14,cell_46898f5d9113061066c0,housing_v1__experiment__000008,housing_v1,housing_controlled_model_landlords_experiment,episode_attempt_f10d9b666847d9f9c379,b420da4d9603b5fb0cac3bdcd4d5f6ac4e1ac87e70da63a83d35cd172fbc1496,included,housing_social_welfare_leaf,1.0.0,social_welfare,1.0.0,utility,tenant_2,tenant_2,0.0,utility_points,"{""disagreement_utility"":0.0}",ok,valid,[],"[""event_00000291""]",evaluation_receipt,episode_attempt_f10d9b666847d9f9c379,b420da4d9603b5fb0cac3bdcd4d5f6ac4e1ac87e70da63a83d35cd172fbc1496,true
result_edc5843f94840b3d95501051,runplan_3437cc2140094e14,cell_46898f5d9113061066c0,housing_v1__experiment__000008,housing_v1,housing_controlled_model_landlords_experiment,episode_attempt_f10d9b666847d9f9c379,b420da4d9603b5fb0cac3bdcd4d5f6ac4e1ac87e70da63a83d35cd172fbc1496,included,housing_social_welfare_leaf,1.0.0,social_welfare,1.0.0,utility,tenant_3,tenant_3,0.0,utility_points,"{""disagreement_utility"":0.0}",ok,valid,[],"[""event_00000291""]",evaluation_receipt,episode_attempt_f10d9b666847d9f9c379,b420da4d9603b5fb0cac3bdcd4d5f6ac4e1ac87e70da63a83d35cd172fbc1496,true
result_a75816d74cd69e6b200285f4,runplan_3437cc2140094e14,cell_46898f5d9113061066c0,housing_v1__experiment__000008,housing_v1,housing_controlled_model_landlords_experiment,episode_attempt_f10d9b666847d9f9c379,b420da4d9603b5fb0cac3bdcd4d5f6ac4e1ac87e70da63a83d35cd172fbc1496,included,housing_social_welfare_leaf,1.0.0,social_welfare,1.0.0,utility,tenant_4,tenant_4,357.53,utility_points,"{""disagreement_utility"":0.0}",ok,valid,[],"[""event_00000291""]",evaluation_receipt,episode_attempt_f10d9b666847d9f9c379,b420da4d9603b5fb0cac3bdcd4d5f6ac4e1ac87e70da63a83d35cd172fbc1496,true
result_ee12ddf127a6d92a2f00c277,runplan_3437cc2140094e14,cell_46898f5d9113061066c0,housing_v1__experiment__000008,housing_v1,housing_controlled_model_landlords_experiment,episode_attempt_f10d9b666847d9f9c379,b420da4d9603b5fb0cac3bdcd4d5f6ac4e1ac87e70da63a83d35cd172fbc1496,included,housing_social_welfare_leaf,1.0.0,social_welfare,1.0.0,utility,tenant_5,tenant_5,114.41,utility_points,"{""disagreement_utility"":0.0}",ok,valid,[],"[""event_00000291""]",evaluation_receipt,episode_attempt_f10d9b666847d9f9c379,b420da4d9603b5fb0cac3bdcd4d5f6ac4e1ac87e70da63a83d35cd172fbc1496,true
result_408cd566427e3703e8416a82,runplan_3437cc2140094e14,cell_46898f5d9113061066c0,housing_v1__experiment__000008,housing_v1,housing_controlled_model_landlords_experiment,episode_attempt_f10d9b666847d9f9c379,b420da4d9603b5fb0cac3bdcd4d5f6ac4e1ac87e70da63a83d35cd172fbc1496,included,housing_social_welfare_leaf,1.0.0,social_welfare,1.0.0,capture,landlord_0,landlord_0,0.0,utility_points,"{""disagreement_utility"":0.0}",ok,valid,[],"[""event_00000291""]",evaluation_receipt,episode_attempt_f10d9b666847d9f9c379,b420da4d9603b5fb0cac3bdcd4d5f6ac4e1ac87e70da63a83d35cd172fbc1496,true
result_8a59382b7cca4bad8096cefc,runplan_3437cc2140094e14,cell_46898f5d9113061066c0,housing_v1__experiment__000008,housing_v1,housing_controlled_model_landlords_experiment,episode_attempt_f10d9b666847d9f9c379,b420da4d9603b5fb0cac3bdcd4d5f6ac4e1ac87e70da63a83d35cd172fbc1496,included,housing_social_welfare_leaf,1.0.0,social_welfare,1.0.0,capture,landlord_1,landlord_1,0.0,utility_points,"{""disagreement_utility"":0.0}",ok,valid,[],"[""event_00000291""]",evaluation_receipt,episode_attempt_f10d9b666847d9f9c379,b420da4d9603b5fb0cac3bdcd4d5f6ac4e1ac87e70da63a83d35cd172fbc1496,true
result_ae47aa0aee7c6ff52b8d87fc,runplan_3437cc2140094e14,cell_46898f5d9113061066c0,housing_v1__experiment__000008,housing_v1,housing_controlled_model_landlords_experiment,episode_attempt_f10d9b666847d9f9c379,b420da4d9603b5fb0cac3bdcd4d5f6ac4e1ac87e70da63a83d35cd172fbc1496,included,housing_social_welfare_leaf,1.0.0,social_welfare,1.0.0,capture,landlord_2,landlord_2,0.0,utility_points,"{""disagreement_utility"":0.0}",ok,valid,[],"[""event_00000291""]",evaluation_receipt,episode_attempt_f10d9b666847d9f9c379,b420da4d9603b5fb0cac3bdcd4d5f6ac4e1ac87e70da63a83d35cd172fbc1496,true
result_ff5c5c20fcb3b1382fc7f711,runplan_3437cc2140094e14,cell_46898f5d9113061066c0,housing_v1__experiment__000008,housing_v1,housing_controlled_model_landlords_experiment,episode_attempt_f10d9b666847d9f9c379,b420da4d9603b5fb0cac3bdcd4d5f6ac4e1ac87e70da63a83d35cd172fbc1496,included,housing_social_welfare_leaf,1.0.0,social_welfare,1.0.0,capture,landlord_3,landlord_3,147.98,utility_points,"{""disagreement_utility"":0.0}",ok,valid,[],"[""event_00000291""]",evaluation_receipt,episode_attempt_f10d9b666847d9f9c379,b420da4d9603b5fb0cac3bdcd4d5f6ac4e1ac87e70da63a83d35cd172fbc1496,true
result_88d41ed8c72b30ae126fa398,runplan_3437cc2140094e14,cell_46898f5d9113061066c0,housing_v1__experiment__000008,housing_v1,housing_controlled_model_landlords_experiment,episode_attempt_f10d9b666847d9f9c379,b420da4d9603b5fb0cac3bdcd4d5f6ac4e1ac87e70da63a83d35cd172fbc1496,included,housing_social_welfare_leaf,1.0.0,social_welfare,1.0.0,capture,landlord_4,landlord_4,234.91,utility_points,"{""disagreement_utility"":0.0}",ok,valid,[],"[""event_00000291""]",evaluation_receipt,episode_attempt_f10d9b666847d9f9c379,b420da4d9603b5fb0cac3bdcd4d5f6ac4e1ac87e70da63a83d35cd172fbc1496,true
result_028c8392e30fec5f10ad91b8,runplan_3437cc2140094e14,cell_46898f5d9113061066c0,housing_v1__experiment__000008,housing_v1,housing_controlled_model_landlords_experiment,episode_attempt_f10d9b666847d9f9c379,b420da4d9603b5fb0cac3bdcd4d5f6ac4e1ac87e70da63a83d35cd172fbc1496,included,housing_social_welfare_leaf,1.0.0,social_welfare,1.0.0,capture,tenant_0,tenant_0,0.0,utility_points,"{""disagreement_utility"":0.0}",ok,valid,[],"[""event_00000291""]",evaluation_receipt,episode_attempt_f10d9b666847d9f9c379,b420da4d9603b5fb0cac3bdcd4d5f6ac4e1ac87e70da63a83d35cd172fbc1496,true
result_7fbcd5b0a62263bdb67f3a06,runplan_3437cc2140094e14,cell_46898f5d9113061066c0,housing_v1__experiment__000008,housing_v1,housing_controlled_model_landlords_experiment,episode_attempt_f10d9b666847d9f9c379,b420da4d9603b5fb0cac3bdcd4d5f6ac4e1ac87e70da63a83d35cd172fbc1496,included,housing_social_welfare_leaf,1.0.0,social_welfare,1.0.0,capture,tenant_1,tenant_1,0.0,utility_points,"{""disagreement_utility"":0.0}",ok,valid,[],"[""event_00000291""]",evaluation_receipt,episode_attempt_f10d9b666847d9f9c379,b420da4d9603b5fb0cac3bdcd4d5f6ac4e1ac87e70da63a83d35cd172fbc1496,true
result_69aa8680c88363051634675d,runplan_3437cc2140094e14,cell_46898f5d9113061066c0,housing_v1__experiment__000008,housing_v1,housing_controlled_model_landlords_experiment,episode_attempt_f10d9b666847d9f9c379,b420da4d9603b5fb0cac3bdcd4d5f6ac4e1ac87e70da63a83d35cd172fbc1496,included,housing_social_welfare_leaf,1.0.0,social_welfare,1.0.0,capture,tenant_2,tenant_2,0.0,utility_points,"{""disagreement_utility"":0.0}",ok,valid,[],"[""event_00000291""]",evaluation_receipt,episode_attempt_f10d9b666847d9f9c379,b420da4d9603b5fb0cac3bdcd4d5f6ac4e1ac87e70da63a83d35cd172fbc1496,true
result_9db47ed8f140f4b45037d8ed,runplan_3437cc2140094e14,cell_46898f5d9113061066c0,housing_v1__experiment__000008,housing_v1,housing_controlled_model_landlords_experiment,episode_attempt_f10d9b666847d9f9c379,b420da4d9603b5fb0cac3bdcd4d5f6ac4e1ac87e70da63a83d35cd172fbc1496,included,housing_social_welfare_leaf,1.0.0,social_welfare,1.0.0,capture,tenant_3,tenant_3,0.0,utility_points,"{""disagreement_utility"":0.0}",ok,valid,[],"[""event_00000291""]",evaluation_receipt,episode_attempt_f10d9b666847d9f9c379,b420da4d9603b5fb0cac3bdcd4d5f6ac4e1ac87e70da63a83d35cd172fbc1496,true
result_8556b21a51f682cab2b5f75b,runplan_3437cc2140094e14,cell_46898f5d9113061066c0,housing_v1__experiment__000008,housing_v1,housing_controlled_model_landlords_experiment,episode_attempt_f10d9b666847d9f9c379,b420da4d9603b5fb0cac3bdcd4d5f6ac4e1ac87e70da63a83d35cd172fbc1496,included,housing_social_welfare_leaf,1.0.0,social_welfare,1.0.0,capture,tenant_4,tenant_4,357.53,utility_points,"{""disagreement_utility"":0.0}",ok,valid,[],"[""event_00000291""]",evaluation_receipt,episode_attempt_f10d9b666847d9f9c379,b420da4d9603b5fb0cac3bdcd4d5f6ac4e1ac87e70da63a83d35cd172fbc1496,true
result_2b77e54e1268a85d3c87ec3b,runplan_3437cc2140094e14,cell_46898f5d9113061066c0,housing_v1__experiment__000008,housing_v1,housing_controlled_model_landlords_experiment,episode_attempt_f10d9b666847d9f9c379,b420da4d9603b5fb0cac3bdcd4d5f6ac4e1ac87e70da63a83d35cd172fbc1496,included,housing_social_welfare_leaf,1.0.0,social_welfare,1.0.0,capture,tenant_5,tenant_5,114.41,utility_points,"{""disagreement_utility"":0.0}",ok,valid,[],"[""event_00000291""]",evaluation_receipt,episode_attempt_f10d9b666847d9f9c379,b420da4d9603b5fb0cac3bdcd4d5f6ac4e1ac87e70da63a83d35cd172fbc1496,true
result_6913c301890f94349f216253,runplan_3437cc2140094e14,cell_6b44be5291b2340188c7,housing_v1__experiment__000004,housing_v1,housing_controlled_model_landlords_experiment,episode_attempt_1478faf31254ef2cafde,45fb3a92a4df75458236c3476344c0e13629f27029e664a233fc48685400582b,included,housing_social_welfare_leaf,1.0.0,social_welfare,1.0.0,primary,social_welfare,,1387.5,utility_points,{},ok,valid,[],"[""event_00000243""]",evaluation_receipt,episode_attempt_1478faf31254ef2cafde,45fb3a92a4df75458236c3476344c0e13629f27029e664a233fc48685400582b,true
result_7a50654c7888978fada4df5c,runplan_3437cc2140094e14,cell_6b44be5291b2340188c7,housing_v1__experiment__000004,housing_v1,housing_controlled_model_landlords_experiment,episode_attempt_1478faf31254ef2cafde,45fb3a92a4df75458236c3476344c0e13629f27029e664a233fc48685400582b,included,housing_social_welfare_leaf,1.0.0,social_welfare,1.0.0,metric,comparison_baseline_gap,,97.09999999999991,utility_points,{},ok,valid,[],"[""event_00000243""]",evaluation_receipt,episode_attempt_1478faf31254ef2cafde,45fb3a92a4df75458236c3476344c0e13629f27029e664a233fc48685400582b,true
result_c86e3714593ab1af25fcad99,runplan_3437cc2140094e14,cell_6b44be5291b2340188c7,housing_v1__experiment__000004,housing_v1,housing_controlled_model_landlords_experiment,episode_attempt_1478faf31254ef2cafde,45fb3a92a4df75458236c3476344c0e13629f27029e664a233fc48685400582b,included,housing_social_welfare_leaf,1.0.0,social_welfare,1.0.0,metric,ir_violation_count,,0.0,count,{},ok,valid,[],"[""event_00000243""]",evaluation_receipt,episode_attempt_1478faf31254ef2cafde,45fb3a92a4df75458236c3476344c0e13629f27029e664a233fc48685400582b,true
result_7fe53a19a2aac6c4cc76fb2e,runplan_3437cc2140094e14,cell_6b44be5291b2340188c7,housing_v1__experiment__000004,housing_v1,housing_controlled_model_landlords_experiment,episode_attempt_1478faf31254ef2cafde,45fb3a92a4df75458236c3476344c0e13629f27029e664a233fc48685400582b,included,housing_social_welfare_leaf,1.0.0,social_welfare,1.0.0,metric,social_welfare,,1387.5,utility_points,{},ok,valid,[],"[""event_00000243""]",evaluation_receipt,episode_attempt_1478faf31254ef2cafde,45fb3a92a4df75458236c3476344c0e13629f27029e664a233fc48685400582b,true
result_7759fba9055a0d4ed1ced4f8,runplan_3437cc2140094e14,cell_6b44be5291b2340188c7,housing_v1__experiment__000004,housing_v1,housing_controlled_model_landlords_experiment,episode_attempt_1478faf31254ef2cafde,45fb3a92a4df75458236c3476344c0e13629f27029e664a233fc48685400582b,included,housing_social_welfare_leaf,1.0.0,social_welfare,1.0.0,metric,upper_bound_gap,,72.72000000000003,utility_points,{},ok,valid,[],"[""event_00000243""]",evaluation_receipt,episode_attempt_1478faf31254ef2cafde,45fb3a92a4df75458236c3476344c0e13629f27029e664a233fc48685400582b,true
result_aed207303d0862304ddaf084,runplan_3437cc2140094e14,cell_6b44be5291b2340188c7,housing_v1__experiment__000004,housing_v1,housing_controlled_model_landlords_experiment,episode_attempt_1478faf31254ef2cafde,45fb3a92a4df75458236c3476344c0e13629f27029e664a233fc48685400582b,included,housing_social_welfare_leaf,1.0.0,social_welfare,1.0.0,metric,wasted_contacts,,6.0,count,{},ok,valid,[],"[""event_00000243""]",evaluation_receipt,episode_attempt_1478faf31254ef2cafde,45fb3a92a4df75458236c3476344c0e13629f27029e664a233fc48685400582b,true
result_36f8170a410bf04c25382b42,runplan_3437cc2140094e14,cell_6b44be5291b2340188c7,housing_v1__experiment__000004,housing_v1,housing_controlled_model_landlords_experiment,episode_attempt_1478faf31254ef2cafde,45fb3a92a4df75458236c3476344c0e13629f27029e664a233fc48685400582b,included,housing_social_welfare_leaf,1.0.0,social_welfare,1.0.0,metric,within_case_score,,0.9501992850392407,ratio,{},ok,valid,[],"[""event_00000243""]",evaluation_receipt,episode_attempt_1478faf31254ef2cafde,45fb3a92a4df75458236c3476344c0e13629f27029e664a233fc48685400582b,true
result_daad15bd8fc2b8bf2c831c4c,runplan_3437cc2140094e14,cell_6b44be5291b2340188c7,housing_v1__experiment__000004,housing_v1,housing_controlled_model_landlords_experiment,episode_attempt_1478faf31254ef2cafde,45fb3a92a4df75458236c3476344c0e13629f27029e664a233fc48685400582b,included,housing_social_welfare_leaf,1.0.0,social_welfare,1.0.0,reference,comparison_baseline,,1290.4,utility_points,"{""policy"":""naive"",""reference_kind"":""comparison_baseline""}",ok,valid,[],"[""event_00000243""]",evaluation_receipt,episode_attempt_1478faf31254ef2cafde,45fb3a92a4df75458236c3476344c0e13629f27029e664a233fc48685400582b,true
result_a66940cac6402306ae5a8bf4,runplan_3437cc2140094e14,cell_6b44be5291b2340188c7,housing_v1__experiment__000004,housing_v1,housing_controlled_model_landlords_experiment,episode_attempt_1478faf31254ef2cafde,45fb3a92a4df75458236c3476344c0e13629f27029e664a233fc48685400582b,included,housing_social_welfare_leaf,1.0.0,social_welfare,1.0.0,reference,optimum_lower_bound,,0.0,utility_points,"{""policy"":""do_nothing"",""reference_kind"":""objective_lower_bound""}",ok,valid,[],"[""event_00000243""]",evaluation_receipt,episode_attempt_1478faf31254ef2cafde,45fb3a92a4df75458236c3476344c0e13629f27029e664a233fc48685400582b,true
result_07bdf8821bb0219ad1a4499d,runplan_3437cc2140094e14,cell_6b44be5291b2340188c7,housing_v1__experiment__000004,housing_v1,housing_controlled_model_landlords_experiment,episode_attempt_1478faf31254ef2cafde,45fb3a92a4df75458236c3476344c0e13629f27029e664a233fc48685400582b,included,housing_social_welfare_leaf,1.0.0,social_welfare,1.0.0,reference,optimum_upper_bound,,1460.22,utility_points,"{""reference_kind"":""objective_upper_bound"",""semantics"":""full_information_allocation_relaxation""}",ok,valid,[],"[""event_00000243""]",evaluation_receipt,episode_attempt_1478faf31254ef2cafde,45fb3a92a4df75458236c3476344c0e13629f27029e664a233fc48685400582b,true
result_092f8e25b4fffcf1ca1f045e,runplan_3437cc2140094e14,cell_6b44be5291b2340188c7,housing_v1__experiment__000004,housing_v1,housing_controlled_model_landlords_experiment,episode_attempt_1478faf31254ef2cafde,45fb3a92a4df75458236c3476344c0e13629f27029e664a233fc48685400582b,included,housing_social_welfare_leaf,1.0.0,social_welfare,1.0.0,utility,landlord_0,landlord_0,0.0,utility_points,"{""disagreement_utility"":0.0}",ok,valid,[],"[""event_00000243""]",evaluation_receipt,episode_attempt_1478faf31254ef2cafde,45fb3a92a4df75458236c3476344c0e13629f27029e664a233fc48685400582b,true
result_9ef057aaab13f55ae2afe375,runplan_3437cc2140094e14,cell_6b44be5291b2340188c7,housing_v1__experiment__000004,housing_v1,housing_controlled_model_landlords_experiment,episode_attempt_1478faf31254ef2cafde,45fb3a92a4df75458236c3476344c0e13629f27029e664a233fc48685400582b,included,housing_social_welfare_leaf,1.0.0,social_welfare,1.0.0,utility,landlord_1,landlord_1,245.25,utility_points,"{""disagreement_utility"":0.0}",ok,valid,[],"[""event_00000243""]",evaluation_receipt,episode_attempt_1478faf31254ef2cafde,45fb3a92a4df75458236c3476344c0e13629f27029e664a233fc48685400582b,true
result_78db184604781cf9851f3d24,runplan_3437cc2140094e14,cell_6b44be5291b2340188c7,housing_v1__experiment__000004,housing_v1,housing_controlled_model_landlords_experiment,episode_attempt_1478faf31254ef2cafde,45fb3a92a4df75458236c3476344c0e13629f27029e664a233fc48685400582b,included,housing_social_welfare_leaf,1.0.0,social_welfare,1.0.0,utility,landlord_2,landlord_2,52.76,utility_points,"{""disagreement_utility"":0.0}",ok,valid,[],"[""event_00000243""]",evaluation_receipt,episode_attempt_1478faf31254ef2cafde,45fb3a92a4df75458236c3476344c0e13629f27029e664a233fc48685400582b,true
result_d11fa2fb49df51bf6685cc6f,runplan_3437cc2140094e14,cell_6b44be5291b2340188c7,housing_v1__experiment__000004,housing_v1,housing_controlled_model_landlords_experiment,episode_attempt_1478faf31254ef2cafde,45fb3a92a4df75458236c3476344c0e13629f27029e664a233fc48685400582b,included,housing_social_welfare_leaf,1.0.0,social_welfare,1.0.0,utility,landlord_3,landlord_3,211.18,utility_points,"{""disagreement_utility"":0.0}",ok,valid,[],"[""event_00000243""]",evaluation_receipt,episode_attempt_1478faf31254ef2cafde,45fb3a92a4df75458236c3476344c0e13629f27029e664a233fc48685400582b,true
result_e46dcbbd3134f046cd652f02,runplan_3437cc2140094e14,cell_6b44be5291b2340188c7,housing_v1__experiment__000004,housing_v1,housing_controlled_model_landlords_experiment,episode_attempt_1478faf31254ef2cafde,45fb3a92a4df75458236c3476344c0e13629f27029e664a233fc48685400582b,included,housing_social_welfare_leaf,1.0.0,social_welfare,1.0.0,utility,landlord_4,landlord_4,62.65,utility_points,"{""disagreement_utility"":0.0}",ok,valid,[],"[""event_00000243""]",evaluation_receipt,episode_attempt_1478faf31254ef2cafde,45fb3a92a4df75458236c3476344c0e13629f27029e664a233fc48685400582b,true
result_48fb5a788a440ad0744242d1,runplan_3437cc2140094e14,cell_6b44be5291b2340188c7,housing_v1__experiment__000004,housing_v1,housing_controlled_model_landlords_experiment,episode_attempt_1478faf31254ef2cafde,45fb3a92a4df75458236c3476344c0e13629f27029e664a233fc48685400582b,included,housing_social_welfare_leaf,1.0.0,social_welfare,1.0.0,utility,tenant_0,tenant_0,39.22,utility_points,"{""disagreement_utility"":0.0}",ok,valid,[],"[""event_00000243""]",evaluation_receipt,episode_attempt_1478faf31254ef2cafde,45fb3a92a4df75458236c3476344c0e13629f27029e664a233fc48685400582b,true
result_2ae7d7ca6979137d776956cf,runplan_3437cc2140094e14,cell_6b44be5291b2340188c7,housing_v1__experiment__000004,housing_v1,housing_controlled_model_landlords_experiment,episode_attempt_1478faf31254ef2cafde,45fb3a92a4df75458236c3476344c0e13629f27029e664a233fc48685400582b,included,housing_social_welfare_leaf,1.0.0,social_welfare,1.0.0,utility,tenant_1,tenant_1,266.83,utility_points,"{""disagreement_utility"":0.0}",ok,valid,[],"[""event_00000243""]",evaluation_receipt,episode_attempt_1478faf31254ef2cafde,45fb3a92a4df75458236c3476344c0e13629f27029e664a233fc48685400582b,true
result_e4cd2fc3b37e9225fd8e2ad2,runplan_3437cc2140094e14,cell_6b44be5291b2340188c7,housing_v1__experiment__000004,housing_v1,housing_controlled_model_landlords_experiment,episode_attempt_1478faf31254ef2cafde,45fb3a92a4df75458236c3476344c0e13629f27029e664a233fc48685400582b,included,housing_social_welfare_leaf,1.0.0,social_welfare,1.0.0,utility,tenant_2,tenant_2,457.47,utility_points,"{""disagreement_utility"":0.0}",ok,valid,[],"[""event_00000243""]",evaluation_receipt,episode_attempt_1478faf31254ef2cafde,45fb3a92a4df75458236c3476344c0e13629f27029e664a233fc48685400582b,true
result_284a5e5bb92da5973095eada,runplan_3437cc2140094e14,cell_6b44be5291b2340188c7,housing_v1__experiment__000004,housing_v1,housing_controlled_model_landlords_experiment,episode_attempt_1478faf31254ef2cafde,45fb3a92a4df75458236c3476344c0e13629f27029e664a233fc48685400582b,included,housing_social_welfare_leaf,1.0.0,social_welfare,1.0.0,utility,tenant_3,tenant_3,0.0,utility_points,"{""disagreement_utility"":0.0}",ok,valid,[],"[""event_00000243""]",evaluation_receipt,episode_attempt_1478faf31254ef2cafde,45fb3a92a4df75458236c3476344c0e13629f27029e664a233fc48685400582b,true
result_c1c25a67d2bc2f75c775dd2d,runplan_3437cc2140094e14,cell_6b44be5291b2340188c7,housing_v1__experiment__000004,housing_v1,housing_controlled_model_landlords_experiment,episode_attempt_1478faf31254ef2cafde,45fb3a92a4df75458236c3476344c0e13629f27029e664a233fc48685400582b,included,housing_social_welfare_leaf,1.0.0,social_welfare,1.0.0,utility,tenant_4,tenant_4,52.14,utility_points,"{""disagreement_utility"":0.0}",ok,valid,[],"[""event_00000243""]",evaluation_receipt,episode_attempt_1478faf31254ef2cafde,45fb3a92a4df75458236c3476344c0e13629f27029e664a233fc48685400582b,true
result_b69200860a8e7f72fd55d20b,runplan_3437cc2140094e14,cell_6b44be5291b2340188c7,housing_v1__experiment__000004,housing_v1,housing_controlled_model_landlords_experiment,episode_attempt_1478faf31254ef2cafde,45fb3a92a4df75458236c3476344c0e13629f27029e664a233fc48685400582b,included,housing_social_welfare_leaf,1.0.0,social_welfare,1.0.0,utility,tenant_5,tenant_5,0.0,utility_points,"{""disagreement_utility"":0.0}",ok,valid,[],"[""event_00000243""]",evaluation_receipt,episode_attempt_1478faf31254ef2cafde,45fb3a92a4df75458236c3476344c0e13629f27029e664a233fc48685400582b,true
result_4e9eaf13314734c10d56fbbb,runplan_3437cc2140094e14,cell_6b44be5291b2340188c7,housing_v1__experiment__000004,housing_v1,housing_controlled_model_landlords_experiment,episode_attempt_1478faf31254ef2cafde,45fb3a92a4df75458236c3476344c0e13629f27029e664a233fc48685400582b,included,housing_social_welfare_leaf,1.0.0,social_welfare,1.0.0,capture,landlord_0,landlord_0,0.0,utility_points,"{""disagreement_utility"":0.0}",ok,valid,[],"[""event_00000243""]",evaluation_receipt,episode_attempt_1478faf31254ef2cafde,45fb3a92a4df75458236c3476344c0e13629f27029e664a233fc48685400582b,true
result_352e7fe3aba46730deea8067,runplan_3437cc2140094e14,cell_6b44be5291b2340188c7,housing_v1__experiment__000004,housing_v1,housing_controlled_model_landlords_experiment,episode_attempt_1478faf31254ef2cafde,45fb3a92a4df75458236c3476344c0e13629f27029e664a233fc48685400582b,included,housing_social_welfare_leaf,1.0.0,social_welfare,1.0.0,capture,landlord_1,landlord_1,245.25,utility_points,"{""disagreement_utility"":0.0}",ok,valid,[],"[""event_00000243""]",evaluation_receipt,episode_attempt_1478faf31254ef2cafde,45fb3a92a4df75458236c3476344c0e13629f27029e664a233fc48685400582b,true
result_722200f86a8ffe686e577843,runplan_3437cc2140094e14,cell_6b44be5291b2340188c7,housing_v1__experiment__000004,housing_v1,housing_controlled_model_landlords_experiment,episode_attempt_1478faf31254ef2cafde,45fb3a92a4df75458236c3476344c0e13629f27029e664a233fc48685400582b,included,housing_social_welfare_leaf,1.0.0,social_welfare,1.0.0,capture,landlord_2,landlord_2,52.76,utility_points,"{""disagreement_utility"":0.0}",ok,valid,[],"[""event_00000243""]",evaluation_receipt,episode_attempt_1478faf31254ef2cafde,45fb3a92a4df75458236c3476344c0e13629f27029e664a233fc48685400582b,true
result_0e4eeaeab8395d8cc5360458,runplan_3437cc2140094e14,cell_6b44be5291b2340188c7,housing_v1__experiment__000004,housing_v1,housing_controlled_model_landlords_experiment,episode_attempt_1478faf31254ef2cafde,45fb3a92a4df75458236c3476344c0e13629f27029e664a233fc48685400582b,included,housing_social_welfare_leaf,1.0.0,social_welfare,1.0.0,capture,landlord_3,landlord_3,211.18,utility_points,"{""disagreement_utility"":0.0}",ok,valid,[],"[""event_00000243""]",evaluation_receipt,episode_attempt_1478faf31254ef2cafde,45fb3a92a4df75458236c3476344c0e13629f27029e664a233fc48685400582b,true
result_9765e851efa90de59b7bfe79,runplan_3437cc2140094e14,cell_6b44be5291b2340188c7,housing_v1__experiment__000004,housing_v1,housing_controlled_model_landlords_experiment,episode_attempt_1478faf31254ef2cafde,45fb3a92a4df75458236c3476344c0e13629f27029e664a233fc48685400582b,included,housing_social_welfare_leaf,1.0.0,social_welfare,1.0.0,capture,landlord_4,landlord_4,62.65,utility_points,"{""disagreement_utility"":0.0}",ok,valid,[],"[""event_00000243""]",evaluation_receipt,episode_attempt_1478faf31254ef2cafde,45fb3a92a4df75458236c3476344c0e13629f27029e664a233fc48685400582b,true
result_48134c163581a358b990febf,runplan_3437cc2140094e14,cell_6b44be5291b2340188c7,housing_v1__experiment__000004,housing_v1,housing_controlled_model_landlords_experiment,episode_attempt_1478faf31254ef2cafde,45fb3a92a4df75458236c3476344c0e13629f27029e664a233fc48685400582b,included,housing_social_welfare_leaf,1.0.0,social_welfare,1.0.0,capture,tenant_0,tenant_0,39.22,utility_points,"{""disagreement_utility"":0.0}",ok,valid,[],"[""event_00000243""]",evaluation_receipt,episode_attempt_1478faf31254ef2cafde,45fb3a92a4df75458236c3476344c0e13629f27029e664a233fc48685400582b,true
result_fd150a56dab63e55e90144b2,runplan_3437cc2140094e14,cell_6b44be5291b2340188c7,housing_v1__experiment__000004,housing_v1,housing_controlled_model_landlords_experiment,episode_attempt_1478faf31254ef2cafde,45fb3a92a4df75458236c3476344c0e13629f27029e664a233fc48685400582b,included,housing_social_welfare_leaf,1.0.0,social_welfare,1.0.0,capture,tenant_1,tenant_1,266.83,utility_points,"{""disagreement_utility"":0.0}",ok,valid,[],"[""event_00000243""]",evaluation_receipt,episode_attempt_1478faf31254ef2cafde,45fb3a92a4df75458236c3476344c0e13629f27029e664a233fc48685400582b,true
result_e214fc2c0e1844d9a75308fa,runplan_3437cc2140094e14,cell_6b44be5291b2340188c7,housing_v1__experiment__000004,housing_v1,housing_controlled_model_landlords_experiment,episode_attempt_1478faf31254ef2cafde,45fb3a92a4df75458236c3476344c0e13629f27029e664a233fc48685400582b,included,housing_social_welfare_leaf,1.0.0,social_welfare,1.0.0,capture,tenant_2,tenant_2,457.47,utility_points,"{""disagreement_utility"":0.0}",ok,valid,[],"[""event_00000243""]",evaluation_receipt,episode_attempt_1478faf31254ef2cafde,45fb3a92a4df75458236c3476344c0e13629f27029e664a233fc48685400582b,true
result_714ff5cf89de3ba063788de5,runplan_3437cc2140094e14,cell_6b44be5291b2340188c7,housing_v1__experiment__000004,housing_v1,housing_controlled_model_landlords_experiment,episode_attempt_1478faf31254ef2cafde,45fb3a92a4df75458236c3476344c0e13629f27029e664a233fc48685400582b,included,housing_social_welfare_leaf,1.0.0,social_welfare,1.0.0,capture,tenant_3,tenant_3,0.0,utility_points,"{""disagreement_utility"":0.0}",ok,valid,[],"[""event_00000243""]",evaluation_receipt,episode_attempt_1478faf31254ef2cafde,45fb3a92a4df75458236c3476344c0e13629f27029e664a233fc48685400582b,true
result_b0f4fc701e3333f7dd4c4013,runplan_3437cc2140094e14,cell_6b44be5291b2340188c7,housing_v1__experiment__000004,housing_v1,housing_controlled_model_landlords_experiment,episode_attempt_1478faf31254ef2cafde,45fb3a92a4df75458236c3476344c0e13629f27029e664a233fc48685400582b,included,housing_social_welfare_leaf,1.0.0,social_welfare,1.0.0,capture,tenant_4,tenant_4,52.14,utility_points,"{""disagreement_utility"":0.0}",ok,valid,[],"[""event_00000243""]",evaluation_receipt,episode_attempt_1478faf31254ef2cafde,45fb3a92a4df75458236c3476344c0e13629f27029e664a233fc48685400582b,true
result_0ec3899a189da68fb990dc63,runplan_3437cc2140094e14,cell_6b44be5291b2340188c7,housing_v1__experiment__000004,housing_v1,housing_controlled_model_landlords_experiment,episode_attempt_1478faf31254ef2cafde,45fb3a92a4df75458236c3476344c0e13629f27029e664a233fc48685400582b,included,housing_social_welfare_leaf,1.0.0,social_welfare,1.0.0,capture,tenant_5,tenant_5,0.0,utility_points,"{""disagreement_utility"":0.0}",ok,valid,[],"[""event_00000243""]",evaluation_receipt,episode_attempt_1478faf31254ef2cafde,45fb3a92a4df75458236c3476344c0e13629f27029e664a233fc48685400582b,true
result_411b37e41ef32320b2acee01,runplan_3437cc2140094e14,cell_6fda148dee83cc7ac3da,housing_v1__experiment__000002,housing_v1,housing_controlled_model_landlords_experiment,episode_attempt_9c5451bc91f6c1e26dde,b64f514acac88116cac0316729998e2e18c9bd04da5726c965f816fb57e3cdaa,included,housing_social_welfare_leaf,1.0.0,social_welfare,1.0.0,primary,social_welfare,,975.05,utility_points,{},ok,valid,[],"[""event_00000271""]",evaluation_receipt,episode_attempt_9c5451bc91f6c1e26dde,b64f514acac88116cac0316729998e2e18c9bd04da5726c965f816fb57e3cdaa,true
result_cce2c93a76b211cc6b1f0484,runplan_3437cc2140094e14,cell_6fda148dee83cc7ac3da,housing_v1__experiment__000002,housing_v1,housing_controlled_model_landlords_experiment,episode_attempt_9c5451bc91f6c1e26dde,b64f514acac88116cac0316729998e2e18c9bd04da5726c965f816fb57e3cdaa,included,housing_social_welfare_leaf,1.0.0,social_welfare,1.0.0,metric,comparison_baseline_gap,,-434.4200000000001,utility_points,{},ok,valid,[],"[""event_00000271""]",evaluation_receipt,episode_attempt_9c5451bc91f6c1e26dde,b64f514acac88116cac0316729998e2e18c9bd04da5726c965f816fb57e3cdaa,true
result_38ef30c8e3b175cfb8400855,runplan_3437cc2140094e14,cell_6fda148dee83cc7ac3da,housing_v1__experiment__000002,housing_v1,housing_controlled_model_landlords_experiment,episode_attempt_9c5451bc91f6c1e26dde,b64f514acac88116cac0316729998e2e18c9bd04da5726c965f816fb57e3cdaa,included,housing_social_welfare_leaf,1.0.0,social_welfare,1.0.0,metric,ir_violation_count,,1.0,count,{},ok,valid,[],"[""event_00000271""]",evaluation_receipt,episode_attempt_9c5451bc91f6c1e26dde,b64f514acac88116cac0316729998e2e18c9bd04da5726c965f816fb57e3cdaa,true
result_5184879777f05860b06cae14,runplan_3437cc2140094e14,cell_6fda148dee83cc7ac3da,housing_v1__experiment__000002,housing_v1,housing_controlled_model_landlords_experiment,episode_attempt_9c5451bc91f6c1e26dde,b64f514acac88116cac0316729998e2e18c9bd04da5726c965f816fb57e3cdaa,included,housing_social_welfare_leaf,1.0.0,social_welfare,1.0.0,metric,social_welfare,,975.05,utility_points,{},ok,valid,[],"[""event_00000271""]",evaluation_receipt,episode_attempt_9c5451bc91f6c1e26dde,b64f514acac88116cac0316729998e2e18c9bd04da5726c965f816fb57e3cdaa,true
result_33ed423c2ae8514c26acf3a9,runplan_3437cc2140094e14,cell_6fda148dee83cc7ac3da,housing_v1__experiment__000002,housing_v1,housing_controlled_model_landlords_experiment,episode_attempt_9c5451bc91f6c1e26dde,b64f514acac88116cac0316729998e2e18c9bd04da5726c965f816fb57e3cdaa,included,housing_social_welfare_leaf,1.0.0,social_welfare,1.0.0,metric,upper_bound_gap,,1202.09,utility_points,{},ok,valid,[],"[""event_00000271""]",evaluation_receipt,episode_attempt_9c5451bc91f6c1e26dde,b64f514acac88116cac0316729998e2e18c9bd04da5726c965f816fb57e3cdaa,true
result_836a52de5ed67b200ee0ee4c,runplan_3437cc2140094e14,cell_6fda148dee83cc7ac3da,housing_v1__experiment__000002,housing_v1,housing_controlled_model_landlords_experiment,episode_attempt_9c5451bc91f6c1e26dde,b64f514acac88116cac0316729998e2e18c9bd04da5726c965f816fb57e3cdaa,included,housing_social_welfare_leaf,1.0.0,social_welfare,1.0.0,metric,wasted_contacts,,9.0,count,{},ok,valid,[],"[""event_00000271""]",evaluation_receipt,episode_attempt_9c5451bc91f6c1e26dde,b64f514acac88116cac0316729998e2e18c9bd04da5726c965f816fb57e3cdaa,true
result_3d1728cf0cff72839f03e2cc,runplan_3437cc2140094e14,cell_6fda148dee83cc7ac3da,housing_v1__experiment__000002,housing_v1,housing_controlled_model_landlords_experiment,episode_attempt_9c5451bc91f6c1e26dde,b64f514acac88116cac0316729998e2e18c9bd04da5726c965f816fb57e3cdaa,included,housing_social_welfare_leaf,1.0.0,social_welfare,1.0.0,metric,within_case_score,,0.44785819928897547,ratio,{},ok,valid,[],"[""event_00000271""]",evaluation_receipt,episode_attempt_9c5451bc91f6c1e26dde,b64f514acac88116cac0316729998e2e18c9bd04da5726c965f816fb57e3cdaa,true
result_c0a2de032c4cda07dac04545,runplan_3437cc2140094e14,cell_6fda148dee83cc7ac3da,housing_v1__experiment__000002,housing_v1,housing_controlled_model_landlords_experiment,episode_attempt_9c5451bc91f6c1e26dde,b64f514acac88116cac0316729998e2e18c9bd04da5726c965f816fb57e3cdaa,included,housing_social_welfare_leaf,1.0.0,social_welfare,1.0.0,reference,comparison_baseline,,1409.47,utility_points,"{""policy"":""naive"",""reference_kind"":""comparison_baseline""}",ok,valid,[],"[""event_00000271""]",evaluation_receipt,episode_attempt_9c5451bc91f6c1e26dde,b64f514acac88116cac0316729998e2e18c9bd04da5726c965f816fb57e3cdaa,true
result_f08fff0178e77769e2e78a1e,runplan_3437cc2140094e14,cell_6fda148dee83cc7ac3da,housing_v1__experiment__000002,housing_v1,housing_controlled_model_landlords_experiment,episode_attempt_9c5451bc91f6c1e26dde,b64f514acac88116cac0316729998e2e18c9bd04da5726c965f816fb57e3cdaa,included,housing_social_welfare_leaf,1.0.0,social_welfare,1.0.0,reference,optimum_lower_bound,,0.0,utility_points,"{""policy"":""do_nothing"",""reference_kind"":""objective_lower_bound""}",ok,valid,[],"[""event_00000271""]",evaluation_receipt,episode_attempt_9c5451bc91f6c1e26dde,b64f514acac88116cac0316729998e2e18c9bd04da5726c965f816fb57e3cdaa,true
result_1dafcd877492890267d8b465,runplan_3437cc2140094e14,cell_6fda148dee83cc7ac3da,housing_v1__experiment__000002,housing_v1,housing_controlled_model_landlords_experiment,episode_attempt_9c5451bc91f6c1e26dde,b64f514acac88116cac0316729998e2e18c9bd04da5726c965f816fb57e3cdaa,included,housing_social_welfare_leaf,1.0.0,social_welfare,1.0.0,reference,optimum_upper_bound,,2177.14,utility_points,"{""reference_kind"":""objective_upper_bound"",""semantics"":""full_information_allocation_relaxation""}",ok,valid,[],"[""event_00000271""]",evaluation_receipt,episode_attempt_9c5451bc91f6c1e26dde,b64f514acac88116cac0316729998e2e18c9bd04da5726c965f816fb57e3cdaa,true
result_7efd3ad7eaa607e8c7562971,runplan_3437cc2140094e14,cell_6fda148dee83cc7ac3da,housing_v1__experiment__000002,housing_v1,housing_controlled_model_landlords_experiment,episode_attempt_9c5451bc91f6c1e26dde,b64f514acac88116cac0316729998e2e18c9bd04da5726c965f816fb57e3cdaa,included,housing_social_welfare_leaf,1.0.0,social_welfare,1.0.0,utility,landlord_0,landlord_0,-2673.8,utility_points,"{""disagreement_utility"":0.0}",ok,valid,[],"[""event_00000271""]",evaluation_receipt,episode_attempt_9c5451bc91f6c1e26dde,b64f514acac88116cac0316729998e2e18c9bd04da5726c965f816fb57e3cdaa,true
result_52cb654f3fd913a5cafe3634,runplan_3437cc2140094e14,cell_6fda148dee83cc7ac3da,housing_v1__experiment__000002,housing_v1,housing_controlled_model_landlords_experiment,episode_attempt_9c5451bc91f6c1e26dde,b64f514acac88116cac0316729998e2e18c9bd04da5726c965f816fb57e3cdaa,included,housing_social_welfare_leaf,1.0.0,social_welfare,1.0.0,utility,landlord_1,landlord_1,0.0,utility_points,"{""disagreement_utility"":0.0}",ok,valid,[],"[""event_00000271""]",evaluation_receipt,episode_attempt_9c5451bc91f6c1e26dde,b64f514acac88116cac0316729998e2e18c9bd04da5726c965f816fb57e3cdaa,true
result_db1a6f6c39926a9d3b1b6410,runplan_3437cc2140094e14,cell_6fda148dee83cc7ac3da,housing_v1__experiment__000002,housing_v1,housing_controlled_model_landlords_experiment,episode_attempt_9c5451bc91f6c1e26dde,b64f514acac88116cac0316729998e2e18c9bd04da5726c965f816fb57e3cdaa,included,housing_social_welfare_leaf,1.0.0,social_welfare,1.0.0,utility,landlord_2,landlord_2,0.0,utility_points,"{""disagreement_utility"":0.0}",ok,valid,[],"[""event_00000271""]",evaluation_receipt,episode_attempt_9c5451bc91f6c1e26dde,b64f514acac88116cac0316729998e2e18c9bd04da5726c965f816fb57e3cdaa,true
result_1f5349ab31b21ad7c06b7947,runplan_3437cc2140094e14,cell_6fda148dee83cc7ac3da,housing_v1__experiment__000002,housing_v1,housing_controlled_model_landlords_experiment,episode_attempt_9c5451bc91f6c1e26dde,b64f514acac88116cac0316729998e2e18c9bd04da5726c965f816fb57e3cdaa,included,housing_social_welfare_leaf,1.0.0,social_welfare,1.0.0,utility,landlord_3,landlord_3,41.13,utility_points,"{""disagreement_utility"":0.0}",ok,valid,[],"[""event_00000271""]",evaluation_receipt,episode_attempt_9c5451bc91f6c1e26dde,b64f514acac88116cac0316729998e2e18c9bd04da5726c965f816fb57e3cdaa,true
result_4f7f7f8f6d9aeeaa4fc579db,runplan_3437cc2140094e14,cell_6fda148dee83cc7ac3da,housing_v1__experiment__000002,housing_v1,housing_controlled_model_landlords_experiment,episode_attempt_9c5451bc91f6c1e26dde,b64f514acac88116cac0316729998e2e18c9bd04da5726c965f816fb57e3cdaa,included,housing_social_welfare_leaf,1.0.0,social_welfare,1.0.0,utility,landlord_4,landlord_4,0.0,utility_points,"{""disagreement_utility"":0.0}",ok,valid,[],"[""event_00000271""]",evaluation_receipt,episode_attempt_9c5451bc91f6c1e26dde,b64f514acac88116cac0316729998e2e18c9bd04da5726c965f816fb57e3cdaa,true
result_360090dcde1a6f8001073a32,runplan_3437cc2140094e14,cell_6fda148dee83cc7ac3da,housing_v1__experiment__000002,housing_v1,housing_controlled_model_landlords_experiment,episode_attempt_9c5451bc91f6c1e26dde,b64f514acac88116cac0316729998e2e18c9bd04da5726c965f816fb57e3cdaa,included,housing_social_welfare_leaf,1.0.0,social_welfare,1.0.0,utility,tenant_0,tenant_0,531.56,utility_points,"{""disagreement_utility"":0.0}",ok,valid,[],"[""event_00000271""]",evaluation_receipt,episode_attempt_9c5451bc91f6c1e26dde,b64f514acac88116cac0316729998e2e18c9bd04da5726c965f816fb57e3cdaa,true
result_184b552b195658ced7bdaa91,runplan_3437cc2140094e14,cell_6fda148dee83cc7ac3da,housing_v1__experiment__000002,housing_v1,housing_controlled_model_landlords_experiment,episode_attempt_9c5451bc91f6c1e26dde,b64f514acac88116cac0316729998e2e18c9bd04da5726c965f816fb57e3cdaa,included,housing_social_welfare_leaf,1.0.0,social_welfare,1.0.0,utility,tenant_1,tenant_1,3076.16,utility_points,"{""disagreement_utility"":0.0}",ok,valid,[],"[""event_00000271""]",evaluation_receipt,episode_attempt_9c5451bc91f6c1e26dde,b64f514acac88116cac0316729998e2e18c9bd04da5726c965f816fb57e3cdaa,true
result_adac52167f92d07c529cefa7,runplan_3437cc2140094e14,cell_6fda148dee83cc7ac3da,housing_v1__experiment__000002,housing_v1,housing_controlled_model_landlords_experiment,episode_attempt_9c5451bc91f6c1e26dde,b64f514acac88116cac0316729998e2e18c9bd04da5726c965f816fb57e3cdaa,included,housing_social_welfare_leaf,1.0.0,social_welfare,1.0.0,utility,tenant_2,tenant_2,0.0,utility_points,"{""disagreement_utility"":0.0}",ok,valid,[],"[""event_00000271""]",evaluation_receipt,episode_attempt_9c5451bc91f6c1e26dde,b64f514acac88116cac0316729998e2e18c9bd04da5726c965f816fb57e3cdaa,true
result_5aee8c39b1aa080daa90d755,runplan_3437cc2140094e14,cell_6fda148dee83cc7ac3da,housing_v1__experiment__000002,housing_v1,housing_controlled_model_landlords_experiment,episode_attempt_9c5451bc91f6c1e26dde,b64f514acac88116cac0316729998e2e18c9bd04da5726c965f816fb57e3cdaa,included,housing_social_welfare_leaf,1.0.0,social_welfare,1.0.0,utility,tenant_3,tenant_3,0.0,utility_points,"{""disagreement_utility"":0.0}",ok,valid,[],"[""event_00000271""]",evaluation_receipt,episode_attempt_9c5451bc91f6c1e26dde,b64f514acac88116cac0316729998e2e18c9bd04da5726c965f816fb57e3cdaa,true
result_7b662c8f963962b3968ec0f9,runplan_3437cc2140094e14,cell_6fda148dee83cc7ac3da,housing_v1__experiment__000002,housing_v1,housing_controlled_model_landlords_experiment,episode_attempt_9c5451bc91f6c1e26dde,b64f514acac88116cac0316729998e2e18c9bd04da5726c965f816fb57e3cdaa,included,housing_social_welfare_leaf,1.0.0,social_welfare,1.0.0,utility,tenant_4,tenant_4,0.0,utility_points,"{""disagreement_utility"":0.0}",ok,valid,[],"[""event_00000271""]",evaluation_receipt,episode_attempt_9c5451bc91f6c1e26dde,b64f514acac88116cac0316729998e2e18c9bd04da5726c965f816fb57e3cdaa,true
result_9f94d8e1ab51a22de6bb1c91,runplan_3437cc2140094e14,cell_6fda148dee83cc7ac3da,housing_v1__experiment__000002,housing_v1,housing_controlled_model_landlords_experiment,episode_attempt_9c5451bc91f6c1e26dde,b64f514acac88116cac0316729998e2e18c9bd04da5726c965f816fb57e3cdaa,included,housing_social_welfare_leaf,1.0.0,social_welfare,1.0.0,utility,tenant_5,tenant_5,0.0,utility_points,"{""disagreement_utility"":0.0}",ok,valid,[],"[""event_00000271""]",evaluation_receipt,episode_attempt_9c5451bc91f6c1e26dde,b64f514acac88116cac0316729998e2e18c9bd04da5726c965f816fb57e3cdaa,true
result_b150b91500e8395c1608191b,runplan_3437cc2140094e14,cell_6fda148dee83cc7ac3da,housing_v1__experiment__000002,housing_v1,housing_controlled_model_landlords_experiment,episode_attempt_9c5451bc91f6c1e26dde,b64f514acac88116cac0316729998e2e18c9bd04da5726c965f816fb57e3cdaa,included,housing_social_welfare_leaf,1.0.0,social_welfare,1.0.0,capture,landlord_0,landlord_0,-2673.8,utility_points,"{""disagreement_utility"":0.0}",ok,valid,[],"[""event_00000271""]",evaluation_receipt,episode_attempt_9c5451bc91f6c1e26dde,b64f514acac88116cac0316729998e2e18c9bd04da5726c965f816fb57e3cdaa,true
result_184854f20da0bad45abf0c14,runplan_3437cc2140094e14,cell_6fda148dee83cc7ac3da,housing_v1__experiment__000002,housing_v1,housing_controlled_model_landlords_experiment,episode_attempt_9c5451bc91f6c1e26dde,b64f514acac88116cac0316729998e2e18c9bd04da5726c965f816fb57e3cdaa,included,housing_social_welfare_leaf,1.0.0,social_welfare,1.0.0,capture,landlord_1,landlord_1,0.0,utility_points,"{""disagreement_utility"":0.0}",ok,valid,[],"[""event_00000271""]",evaluation_receipt,episode_attempt_9c5451bc91f6c1e26dde,b64f514acac88116cac0316729998e2e18c9bd04da5726c965f816fb57e3cdaa,true
result_d3c1be8bd5a20149c6d7399f,runplan_3437cc2140094e14,cell_6fda148dee83cc7ac3da,housing_v1__experiment__000002,housing_v1,housing_controlled_model_landlords_experiment,episode_attempt_9c5451bc91f6c1e26dde,b64f514acac88116cac0316729998e2e18c9bd04da5726c965f816fb57e3cdaa,included,housing_social_welfare_leaf,1.0.0,social_welfare,1.0.0,capture,landlord_2,landlord_2,0.0,utility_points,"{""disagreement_utility"":0.0}",ok,valid,[],"[""event_00000271""]",evaluation_receipt,episode_attempt_9c5451bc91f6c1e26dde,b64f514acac88116cac0316729998e2e18c9bd04da5726c965f816fb57e3cdaa,true
result_ca5bf7ba1bc23622e9bbc863,runplan_3437cc2140094e14,cell_6fda148dee83cc7ac3da,housing_v1__experiment__000002,housing_v1,housing_controlled_model_landlords_experiment,episode_attempt_9c5451bc91f6c1e26dde,b64f514acac88116cac0316729998e2e18c9bd04da5726c965f816fb57e3cdaa,included,housing_social_welfare_leaf,1.0.0,social_welfare,1.0.0,capture,landlord_3,landlord_3,41.13,utility_points,"{""disagreement_utility"":0.0}",ok,valid,[],"[""event_00000271""]",evaluation_receipt,episode_attempt_9c5451bc91f6c1e26dde,b64f514acac88116cac0316729998e2e18c9bd04da5726c965f816fb57e3cdaa,true
result_6d919fe1efcae056459465d1,runplan_3437cc2140094e14,cell_6fda148dee83cc7ac3da,housing_v1__experiment__000002,housing_v1,housing_controlled_model_landlords_experiment,episode_attempt_9c5451bc91f6c1e26dde,b64f514acac88116cac0316729998e2e18c9bd04da5726c965f816fb57e3cdaa,included,housing_social_welfare_leaf,1.0.0,social_welfare,1.0.0,capture,landlord_4,landlord_4,0.0,utility_points,"{""disagreement_utility"":0.0}",ok,valid,[],"[""event_00000271""]",evaluation_receipt,episode_attempt_9c5451bc91f6c1e26dde,b64f514acac88116cac0316729998e2e18c9bd04da5726c965f816fb57e3cdaa,true
result_993db8b3bcfc017dc38f30ad,runplan_3437cc2140094e14,cell_6fda148dee83cc7ac3da,housing_v1__experiment__000002,housing_v1,housing_controlled_model_landlords_experiment,episode_attempt_9c5451bc91f6c1e26dde,b64f514acac88116cac0316729998e2e18c9bd04da5726c965f816fb57e3cdaa,included,housing_social_welfare_leaf,1.0.0,social_welfare,1.0.0,capture,tenant_0,tenant_0,531.56,utility_points,"{""disagreement_utility"":0.0}",ok,valid,[],"[""event_00000271""]",evaluation_receipt,episode_attempt_9c5451bc91f6c1e26dde,b64f514acac88116cac0316729998e2e18c9bd04da5726c965f816fb57e3cdaa,true
result_3b7dcde920c809bd9f08d980,runplan_3437cc2140094e14,cell_6fda148dee83cc7ac3da,housing_v1__experiment__000002,housing_v1,housing_controlled_model_landlords_experiment,episode_attempt_9c5451bc91f6c1e26dde,b64f514acac88116cac0316729998e2e18c9bd04da5726c965f816fb57e3cdaa,included,housing_social_welfare_leaf,1.0.0,social_welfare,1.0.0,capture,tenant_1,tenant_1,3076.16,utility_points,"{""disagreement_utility"":0.0}",ok,valid,[],"[""event_00000271""]",evaluation_receipt,episode_attempt_9c5451bc91f6c1e26dde,b64f514acac88116cac0316729998e2e18c9bd04da5726c965f816fb57e3cdaa,true
result_e84a13f2ef88235724203413,runplan_3437cc2140094e14,cell_6fda148dee83cc7ac3da,housing_v1__experiment__000002,housing_v1,housing_controlled_model_landlords_experiment,episode_attempt_9c5451bc91f6c1e26dde,b64f514acac88116cac0316729998e2e18c9bd04da5726c965f816fb57e3cdaa,included,housing_social_welfare_leaf,1.0.0,social_welfare,1.0.0,capture,tenant_2,tenant_2,0.0,utility_points,"{""disagreement_utility"":0.0}",ok,valid,[],"[""event_00000271""]",evaluation_receipt,episode_attempt_9c5451bc91f6c1e26dde,b64f514acac88116cac0316729998e2e18c9bd04da5726c965f816fb57e3cdaa,true
result_61921c7a7f5dc3ad924b9874,runplan_3437cc2140094e14,cell_6fda148dee83cc7ac3da,housing_v1__experiment__000002,housing_v1,housing_controlled_model_landlords_experiment,episode_attempt_9c5451bc91f6c1e26dde,b64f514acac88116cac0316729998e2e18c9bd04da5726c965f816fb57e3cdaa,included,housing_social_welfare_leaf,1.0.0,social_welfare,1.0.0,capture,tenant_3,tenant_3,0.0,utility_points,"{""disagreement_utility"":0.0}",ok,valid,[],"[""event_00000271""]",evaluation_receipt,episode_attempt_9c5451bc91f6c1e26dde,b64f514acac88116cac0316729998e2e18c9bd04da5726c965f816fb57e3cdaa,true
result_fe4fd45fed5cffcac538cea2,runplan_3437cc2140094e14,cell_6fda148dee83cc7ac3da,housing_v1__experiment__000002,housing_v1,housing_controlled_model_landlords_experiment,episode_attempt_9c5451bc91f6c1e26dde,b64f514acac88116cac0316729998e2e18c9bd04da5726c965f816fb57e3cdaa,included,housing_social_welfare_leaf,1.0.0,social_welfare,1.0.0,capture,tenant_4,tenant_4,0.0,utility_points,"{""disagreement_utility"":0.0}",ok,valid,[],"[""event_00000271""]",evaluation_receipt,episode_attempt_9c5451bc91f6c1e26dde,b64f514acac88116cac0316729998e2e18c9bd04da5726c965f816fb57e3cdaa,true
result_a60aa7ac5146301902da5e8f,runplan_3437cc2140094e14,cell_6fda148dee83cc7ac3da,housing_v1__experiment__000002,housing_v1,housing_controlled_model_landlords_experiment,episode_attempt_9c5451bc91f6c1e26dde,b64f514acac88116cac0316729998e2e18c9bd04da5726c965f816fb57e3cdaa,included,housing_social_welfare_leaf,1.0.0,social_welfare,1.0.0,capture,tenant_5,tenant_5,0.0,utility_points,"{""disagreement_utility"":0.0}",ok,valid,[],"[""event_00000271""]",evaluation_receipt,episode_attempt_9c5451bc91f6c1e26dde,b64f514acac88116cac0316729998e2e18c9bd04da5726c965f816fb57e3cdaa,true
result_e626da04a1c89330621e6526,runplan_3437cc2140094e14,cell_acde31c2595af4f12d3b,housing_v1__experiment__000007,housing_v1,housing_controlled_model_landlords_experiment,episode_attempt_8624f449ee5ab890ea91,0ca2af5a8e9fb29b7ae5a9a936b976d99a90562e10e02f372a8df448aa4f343c,included,housing_social_welfare_leaf,1.0.0,social_welfare,1.0.0,primary,social_welfare,,594.6,utility_points,{},ok,valid,[],"[""event_00000281""]",evaluation_receipt,episode_attempt_8624f449ee5ab890ea91,0ca2af5a8e9fb29b7ae5a9a936b976d99a90562e10e02f372a8df448aa4f343c,true
result_24b6d156edf5915813bda1b7,runplan_3437cc2140094e14,cell_acde31c2595af4f12d3b,housing_v1__experiment__000007,housing_v1,housing_controlled_model_landlords_experiment,episode_attempt_8624f449ee5ab890ea91,0ca2af5a8e9fb29b7ae5a9a936b976d99a90562e10e02f372a8df448aa4f343c,included,housing_social_welfare_leaf,1.0.0,social_welfare,1.0.0,metric,comparison_baseline_gap,,187.04000000000002,utility_points,{},ok,valid,[],"[""event_00000281""]",evaluation_receipt,episode_attempt_8624f449ee5ab890ea91,0ca2af5a8e9fb29b7ae5a9a936b976d99a90562e10e02f372a8df448aa4f343c,true
result_d4d63dafcfdc6b76a8e9f03d,runplan_3437cc2140094e14,cell_acde31c2595af4f12d3b,housing_v1__experiment__000007,housing_v1,housing_controlled_model_landlords_experiment,episode_attempt_8624f449ee5ab890ea91,0ca2af5a8e9fb29b7ae5a9a936b976d99a90562e10e02f372a8df448aa4f343c,included,housing_social_welfare_leaf,1.0.0,social_welfare,1.0.0,metric,ir_violation_count,,0.0,count,{},ok,valid,[],"[""event_00000281""]",evaluation_receipt,episode_attempt_8624f449ee5ab890ea91,0ca2af5a8e9fb29b7ae5a9a936b976d99a90562e10e02f372a8df448aa4f343c,true
result_7e739813f3a463a8ac20d0fb,runplan_3437cc2140094e14,cell_acde31c2595af4f12d3b,housing_v1__experiment__000007,housing_v1,housing_controlled_model_landlords_experiment,episode_attempt_8624f449ee5ab890ea91,0ca2af5a8e9fb29b7ae5a9a936b976d99a90562e10e02f372a8df448aa4f343c,included,housing_social_welfare_leaf,1.0.0,social_welfare,1.0.0,metric,social_welfare,,594.6,utility_points,{},ok,valid,[],"[""event_00000281""]",evaluation_receipt,episode_attempt_8624f449ee5ab890ea91,0ca2af5a8e9fb29b7ae5a9a936b976d99a90562e10e02f372a8df448aa4f343c,true
result_86a232e6e803b8d9a11b9928,runplan_3437cc2140094e14,cell_acde31c2595af4f12d3b,housing_v1__experiment__000007,housing_v1,housing_controlled_model_landlords_experiment,episode_attempt_8624f449ee5ab890ea91,0ca2af5a8e9fb29b7ae5a9a936b976d99a90562e10e02f372a8df448aa4f343c,included,housing_social_welfare_leaf,1.0.0,social_welfare,1.0.0,metric,upper_bound_gap,,88.91999999999996,utility_points,{},ok,valid,[],"[""event_00000281""]",evaluation_receipt,episode_attempt_8624f449ee5ab890ea91,0ca2af5a8e9fb29b7ae5a9a936b976d99a90562e10e02f372a8df448aa4f343c,true
result_4ccef9c5bad36bc7bfc66fbc,runplan_3437cc2140094e14,cell_acde31c2595af4f12d3b,housing_v1__experiment__000007,housing_v1,housing_controlled_model_landlords_experiment,episode_attempt_8624f449ee5ab890ea91,0ca2af5a8e9fb29b7ae5a9a936b976d99a90562e10e02f372a8df448aa4f343c,included,housing_social_welfare_leaf,1.0.0,social_welfare,1.0.0,metric,wasted_contacts,,7.0,count,{},ok,valid,[],"[""event_00000281""]",evaluation_receipt,episode_attempt_8624f449ee5ab890ea91,0ca2af5a8e9fb29b7ae5a9a936b976d99a90562e10e02f372a8df448aa4f343c,true
result_381d53ff772e51f5c696c99a,runplan_3437cc2140094e14,cell_acde31c2595af4f12d3b,housing_v1__experiment__000007,housing_v1,housing_controlled_model_landlords_experiment,episode_attempt_8624f449ee5ab890ea91,0ca2af5a8e9fb29b7ae5a9a936b976d99a90562e10e02f372a8df448aa4f343c,included,housing_social_welfare_leaf,1.0.0,social_welfare,1.0.0,metric,within_case_score,,0.8699087078651686,ratio,{},ok,valid,[],"[""event_00000281""]",evaluation_receipt,episode_attempt_8624f449ee5ab890ea91,0ca2af5a8e9fb29b7ae5a9a936b976d99a90562e10e02f372a8df448aa4f343c,true
result_214944ebe3bbb027ccd45cf3,runplan_3437cc2140094e14,cell_acde31c2595af4f12d3b,housing_v1__experiment__000007,housing_v1,housing_controlled_model_landlords_experiment,episode_attempt_8624f449ee5ab890ea91,0ca2af5a8e9fb29b7ae5a9a936b976d99a90562e10e02f372a8df448aa4f343c,included,housing_social_welfare_leaf,1.0.0,social_welfare,1.0.0,reference,comparison_baseline,,407.56,utility_points,"{""policy"":""naive"",""reference_kind"":""comparison_baseline""}",ok,valid,[],"[""event_00000281""]",evaluation_receipt,episode_attempt_8624f449ee5ab890ea91,0ca2af5a8e9fb29b7ae5a9a936b976d99a90562e10e02f372a8df448aa4f343c,true
result_b7164379c9281635054f599f,runplan_3437cc2140094e14,cell_acde31c2595af4f12d3b,housing_v1__experiment__000007,housing_v1,housing_controlled_model_landlords_experiment,episode_attempt_8624f449ee5ab890ea91,0ca2af5a8e9fb29b7ae5a9a936b976d99a90562e10e02f372a8df448aa4f343c,included,housing_social_welfare_leaf,1.0.0,social_welfare,1.0.0,reference,optimum_lower_bound,,0.0,utility_points,"{""policy"":""do_nothing"",""reference_kind"":""objective_lower_bound""}",ok,valid,[],"[""event_00000281""]",evaluation_receipt,episode_attempt_8624f449ee5ab890ea91,0ca2af5a8e9fb29b7ae5a9a936b976d99a90562e10e02f372a8df448aa4f343c,true
result_8a9c009e37ebb2ca7ac01e91,runplan_3437cc2140094e14,cell_acde31c2595af4f12d3b,housing_v1__experiment__000007,housing_v1,housing_controlled_model_landlords_experiment,episode_attempt_8624f449ee5ab890ea91,0ca2af5a8e9fb29b7ae5a9a936b976d99a90562e10e02f372a8df448aa4f343c,included,housing_social_welfare_leaf,1.0.0,social_welfare,1.0.0,reference,optimum_upper_bound,,683.52,utility_points,"{""reference_kind"":""objective_upper_bound"",""semantics"":""full_information_allocation_relaxation""}",ok,valid,[],"[""event_00000281""]",evaluation_receipt,episode_attempt_8624f449ee5ab890ea91,0ca2af5a8e9fb29b7ae5a9a936b976d99a90562e10e02f372a8df448aa4f343c,true
result_76e6c45e164415cc07f259e4,runplan_3437cc2140094e14,cell_acde31c2595af4f12d3b,housing_v1__experiment__000007,housing_v1,housing_controlled_model_landlords_experiment,episode_attempt_8624f449ee5ab890ea91,0ca2af5a8e9fb29b7ae5a9a936b976d99a90562e10e02f372a8df448aa4f343c,included,housing_social_welfare_leaf,1.0.0,social_welfare,1.0.0,utility,landlord_0,landlord_0,23.64,utility_points,"{""disagreement_utility"":0.0}",ok,valid,[],"[""event_00000281""]",evaluation_receipt,episode_attempt_8624f449ee5ab890ea91,0ca2af5a8e9fb29b7ae5a9a936b976d99a90562e10e02f372a8df448aa4f343c,true
result_e7f5eb0a3cf9904b5175b5ca,runplan_3437cc2140094e14,cell_acde31c2595af4f12d3b,housing_v1__experiment__000007,housing_v1,housing_controlled_model_landlords_experiment,episode_attempt_8624f449ee5ab890ea91,0ca2af5a8e9fb29b7ae5a9a936b976d99a90562e10e02f372a8df448aa4f343c,included,housing_social_welfare_leaf,1.0.0,social_welfare,1.0.0,utility,landlord_1,landlord_1,0.0,utility_points,"{""disagreement_utility"":0.0}",ok,valid,[],"[""event_00000281""]",evaluation_receipt,episode_attempt_8624f449ee5ab890ea91,0ca2af5a8e9fb29b7ae5a9a936b976d99a90562e10e02f372a8df448aa4f343c,true
result_7835b6bd19ab42440c912fb6,runplan_3437cc2140094e14,cell_acde31c2595af4f12d3b,housing_v1__experiment__000007,housing_v1,housing_controlled_model_landlords_experiment,episode_attempt_8624f449ee5ab890ea91,0ca2af5a8e9fb29b7ae5a9a936b976d99a90562e10e02f372a8df448aa4f343c,included,housing_social_welfare_leaf,1.0.0,social_welfare,1.0.0,utility,landlord_2,landlord_2,75.42,utility_points,"{""disagreement_utility"":0.0}",ok,valid,[],"[""event_00000281""]",evaluation_receipt,episode_attempt_8624f449ee5ab890ea91,0ca2af5a8e9fb29b7ae5a9a936b976d99a90562e10e02f372a8df448aa4f343c,true
result_19747abe8ed06316cf448889,runplan_3437cc2140094e14,cell_acde31c2595af4f12d3b,housing_v1__experiment__000007,housing_v1,housing_controlled_model_landlords_experiment,episode_attempt_8624f449ee5ab890ea91,0ca2af5a8e9fb29b7ae5a9a936b976d99a90562e10e02f372a8df448aa4f343c,included,housing_social_welfare_leaf,1.0.0,social_welfare,1.0.0,utility,landlord_3,landlord_3,124.7,utility_points,"{""disagreement_utility"":0.0}",ok,valid,[],"[""event_00000281""]",evaluation_receipt,episode_attempt_8624f449ee5ab890ea91,0ca2af5a8e9fb29b7ae5a9a936b976d99a90562e10e02f372a8df448aa4f343c,true
result_da4c951485f397cff1abe504,runplan_3437cc2140094e14,cell_acde31c2595af4f12d3b,housing_v1__experiment__000007,housing_v1,housing_controlled_model_landlords_experiment,episode_attempt_8624f449ee5ab890ea91,0ca2af5a8e9fb29b7ae5a9a936b976d99a90562e10e02f372a8df448aa4f343c,included,housing_social_welfare_leaf,1.0.0,social_welfare,1.0.0,utility,landlord_4,landlord_4,21.4,utility_points,"{""disagreement_utility"":0.0}",ok,valid,[],"[""event_00000281""]",evaluation_receipt,episode_attempt_8624f449ee5ab890ea91,0ca2af5a8e9fb29b7ae5a9a936b976d99a90562e10e02f372a8df448aa4f343c,true
result_749e44aa6367ff220eff5533,runplan_3437cc2140094e14,cell_acde31c2595af4f12d3b,housing_v1__experiment__000007,housing_v1,housing_controlled_model_landlords_experiment,episode_attempt_8624f449ee5ab890ea91,0ca2af5a8e9fb29b7ae5a9a936b976d99a90562e10e02f372a8df448aa4f343c,included,housing_social_welfare_leaf,1.0.0,social_welfare,1.0.0,utility,tenant_0,tenant_0,37.95,utility_points,"{""disagreement_utility"":0.0}",ok,valid,[],"[""event_00000281""]",evaluation_receipt,episode_attempt_8624f449ee5ab890ea91,0ca2af5a8e9fb29b7ae5a9a936b976d99a90562e10e02f372a8df448aa4f343c,true
result_7d164b2d56250e369acc481b,runplan_3437cc2140094e14,cell_acde31c2595af4f12d3b,housing_v1__experiment__000007,housing_v1,housing_controlled_model_landlords_experiment,episode_attempt_8624f449ee5ab890ea91,0ca2af5a8e9fb29b7ae5a9a936b976d99a90562e10e02f372a8df448aa4f343c,included,housing_social_welfare_leaf,1.0.0,social_welfare,1.0.0,utility,tenant_1,tenant_1,152.81,utility_points,"{""disagreement_utility"":0.0}",ok,valid,[],"[""event_00000281""]",evaluation_receipt,episode_attempt_8624f449ee5ab890ea91,0ca2af5a8e9fb29b7ae5a9a936b976d99a90562e10e02f372a8df448aa4f343c,true
result_e5894fa61cfee15f67651b8c,runplan_3437cc2140094e14,cell_acde31c2595af4f12d3b,housing_v1__experiment__000007,housing_v1,housing_controlled_model_landlords_experiment,episode_attempt_8624f449ee5ab890ea91,0ca2af5a8e9fb29b7ae5a9a936b976d99a90562e10e02f372a8df448aa4f343c,included,housing_social_welfare_leaf,1.0.0,social_welfare,1.0.0,utility,tenant_2,tenant_2,59.26,utility_points,"{""disagreement_utility"":0.0}",ok,valid,[],"[""event_00000281""]",evaluation_receipt,episode_attempt_8624f449ee5ab890ea91,0ca2af5a8e9fb29b7ae5a9a936b976d99a90562e10e02f372a8df448aa4f343c,true
result_37bf2c32f61f1f82bf801aa3,runplan_3437cc2140094e14,cell_acde31c2595af4f12d3b,housing_v1__experiment__000007,housing_v1,housing_controlled_model_landlords_experiment,episode_attempt_8624f449ee5ab890ea91,0ca2af5a8e9fb29b7ae5a9a936b976d99a90562e10e02f372a8df448aa4f343c,included,housing_social_welfare_leaf,1.0.0,social_welfare,1.0.0,utility,tenant_3,tenant_3,0.0,utility_points,"{""disagreement_utility"":0.0}",ok,valid,[],"[""event_00000281""]",evaluation_receipt,episode_attempt_8624f449ee5ab890ea91,0ca2af5a8e9fb29b7ae5a9a936b976d99a90562e10e02f372a8df448aa4f343c,true
result_5b136875c9f9ff4e03a77aa9,runplan_3437cc2140094e14,cell_acde31c2595af4f12d3b,housing_v1__experiment__000007,housing_v1,housing_controlled_model_landlords_experiment,episode_attempt_8624f449ee5ab890ea91,0ca2af5a8e9fb29b7ae5a9a936b976d99a90562e10e02f372a8df448aa4f343c,included,housing_social_welfare_leaf,1.0.0,social_welfare,1.0.0,utility,tenant_4,tenant_4,99.42,utility_points,"{""disagreement_utility"":0.0}",ok,valid,[],"[""event_00000281""]",evaluation_receipt,episode_attempt_8624f449ee5ab890ea91,0ca2af5a8e9fb29b7ae5a9a936b976d99a90562e10e02f372a8df448aa4f343c,true
result_5e8d4cbde7406bbc7e984d2f,runplan_3437cc2140094e14,cell_acde31c2595af4f12d3b,housing_v1__experiment__000007,housing_v1,housing_controlled_model_landlords_experiment,episode_attempt_8624f449ee5ab890ea91,0ca2af5a8e9fb29b7ae5a9a936b976d99a90562e10e02f372a8df448aa4f343c,included,housing_social_welfare_leaf,1.0.0,social_welfare,1.0.0,utility,tenant_5,tenant_5,0.0,utility_points,"{""disagreement_utility"":0.0}",ok,valid,[],"[""event_00000281""]",evaluation_receipt,episode_attempt_8624f449ee5ab890ea91,0ca2af5a8e9fb29b7ae5a9a936b976d99a90562e10e02f372a8df448aa4f343c,true
result_3589dce1b14cf7a0e9457cc1,runplan_3437cc2140094e14,cell_acde31c2595af4f12d3b,housing_v1__experiment__000007,housing_v1,housing_controlled_model_landlords_experiment,episode_attempt_8624f449ee5ab890ea91,0ca2af5a8e9fb29b7ae5a9a936b976d99a90562e10e02f372a8df448aa4f343c,included,housing_social_welfare_leaf,1.0.0,social_welfare,1.0.0,capture,landlord_0,landlord_0,23.64,utility_points,"{""disagreement_utility"":0.0}",ok,valid,[],"[""event_00000281""]",evaluation_receipt,episode_attempt_8624f449ee5ab890ea91,0ca2af5a8e9fb29b7ae5a9a936b976d99a90562e10e02f372a8df448aa4f343c,true
result_ecca91db95f78cba7bf3facb,runplan_3437cc2140094e14,cell_acde31c2595af4f12d3b,housing_v1__experiment__000007,housing_v1,housing_controlled_model_landlords_experiment,episode_attempt_8624f449ee5ab890ea91,0ca2af5a8e9fb29b7ae5a9a936b976d99a90562e10e02f372a8df448aa4f343c,included,housing_social_welfare_leaf,1.0.0,social_welfare,1.0.0,capture,landlord_1,landlord_1,0.0,utility_points,"{""disagreement_utility"":0.0}",ok,valid,[],"[""event_00000281""]",evaluation_receipt,episode_attempt_8624f449ee5ab890ea91,0ca2af5a8e9fb29b7ae5a9a936b976d99a90562e10e02f372a8df448aa4f343c,true
result_0949048049bb7c6aeaff6dae,runplan_3437cc2140094e14,cell_acde31c2595af4f12d3b,housing_v1__experiment__000007,housing_v1,housing_controlled_model_landlords_experiment,episode_attempt_8624f449ee5ab890ea91,0ca2af5a8e9fb29b7ae5a9a936b976d99a90562e10e02f372a8df448aa4f343c,included,housing_social_welfare_leaf,1.0.0,social_welfare,1.0.0,capture,landlord_2,landlord_2,75.42,utility_points,"{""disagreement_utility"":0.0}",ok,valid,[],"[""event_00000281""]",evaluation_receipt,episode_attempt_8624f449ee5ab890ea91,0ca2af5a8e9fb29b7ae5a9a936b976d99a90562e10e02f372a8df448aa4f343c,true
result_3008b1d93ab86099bee971a3,runplan_3437cc2140094e14,cell_acde31c2595af4f12d3b,housing_v1__experiment__000007,housing_v1,housing_controlled_model_landlords_experiment,episode_attempt_8624f449ee5ab890ea91,0ca2af5a8e9fb29b7ae5a9a936b976d99a90562e10e02f372a8df448aa4f343c,included,housing_social_welfare_leaf,1.0.0,social_welfare,1.0.0,capture,landlord_3,landlord_3,124.7,utility_points,"{""disagreement_utility"":0.0}",ok,valid,[],"[""event_00000281""]",evaluation_receipt,episode_attempt_8624f449ee5ab890ea91,0ca2af5a8e9fb29b7ae5a9a936b976d99a90562e10e02f372a8df448aa4f343c,true
result_1742acdab1102620c0badc66,runplan_3437cc2140094e14,cell_acde31c2595af4f12d3b,housing_v1__experiment__000007,housing_v1,housing_controlled_model_landlords_experiment,episode_attempt_8624f449ee5ab890ea91,0ca2af5a8e9fb29b7ae5a9a936b976d99a90562e10e02f372a8df448aa4f343c,included,housing_social_welfare_leaf,1.0.0,social_welfare,1.0.0,capture,landlord_4,landlord_4,21.4,utility_points,"{""disagreement_utility"":0.0}",ok,valid,[],"[""event_00000281""]",evaluation_receipt,episode_attempt_8624f449ee5ab890ea91,0ca2af5a8e9fb29b7ae5a9a936b976d99a90562e10e02f372a8df448aa4f343c,true
result_0f1c4679c3a389478f60623a,runplan_3437cc2140094e14,cell_acde31c2595af4f12d3b,housing_v1__experiment__000007,housing_v1,housing_controlled_model_landlords_experiment,episode_attempt_8624f449ee5ab890ea91,0ca2af5a8e9fb29b7ae5a9a936b976d99a90562e10e02f372a8df448aa4f343c,included,housing_social_welfare_leaf,1.0.0,social_welfare,1.0.0,capture,tenant_0,tenant_0,37.95,utility_points,"{""disagreement_utility"":0.0}",ok,valid,[],"[""event_00000281""]",evaluation_receipt,episode_attempt_8624f449ee5ab890ea91,0ca2af5a8e9fb29b7ae5a9a936b976d99a90562e10e02f372a8df448aa4f343c,true
result_4d6224a8d5a6321fe30b6f22,runplan_3437cc2140094e14,cell_acde31c2595af4f12d3b,housing_v1__experiment__000007,housing_v1,housing_controlled_model_landlords_experiment,episode_attempt_8624f449ee5ab890ea91,0ca2af5a8e9fb29b7ae5a9a936b976d99a90562e10e02f372a8df448aa4f343c,included,housing_social_welfare_leaf,1.0.0,social_welfare,1.0.0,capture,tenant_1,tenant_1,152.81,utility_points,"{""disagreement_utility"":0.0}",ok,valid,[],"[""event_00000281""]",evaluation_receipt,episode_attempt_8624f449ee5ab890ea91,0ca2af5a8e9fb29b7ae5a9a936b976d99a90562e10e02f372a8df448aa4f343c,true
result_2e5c456a2fa20a520c652abb,runplan_3437cc2140094e14,cell_acde31c2595af4f12d3b,housing_v1__experiment__000007,housing_v1,housing_controlled_model_landlords_experiment,episode_attempt_8624f449ee5ab890ea91,0ca2af5a8e9fb29b7ae5a9a936b976d99a90562e10e02f372a8df448aa4f343c,included,housing_social_welfare_leaf,1.0.0,social_welfare,1.0.0,capture,tenant_2,tenant_2,59.26,utility_points,"{""disagreement_utility"":0.0}",ok,valid,[],"[""event_00000281""]",evaluation_receipt,episode_attempt_8624f449ee5ab890ea91,0ca2af5a8e9fb29b7ae5a9a936b976d99a90562e10e02f372a8df448aa4f343c,true
result_4be3c18669b8a8087b309696,runplan_3437cc2140094e14,cell_acde31c2595af4f12d3b,housing_v1__experiment__000007,housing_v1,housing_controlled_model_landlords_experiment,episode_attempt_8624f449ee5ab890ea91,0ca2af5a8e9fb29b7ae5a9a936b976d99a90562e10e02f372a8df448aa4f343c,included,housing_social_welfare_leaf,1.0.0,social_welfare,1.0.0,capture,tenant_3,tenant_3,0.0,utility_points,"{""disagreement_utility"":0.0}",ok,valid,[],"[""event_00000281""]",evaluation_receipt,episode_attempt_8624f449ee5ab890ea91,0ca2af5a8e9fb29b7ae5a9a936b976d99a90562e10e02f372a8df448aa4f343c,true
result_7d92843c0842be1f079cf9a9,runplan_3437cc2140094e14,cell_acde31c2595af4f12d3b,housing_v1__experiment__000007,housing_v1,housing_controlled_model_landlords_experiment,episode_attempt_8624f449ee5ab890ea91,0ca2af5a8e9fb29b7ae5a9a936b976d99a90562e10e02f372a8df448aa4f343c,included,housing_social_welfare_leaf,1.0.0,social_welfare,1.0.0,capture,tenant_4,tenant_4,99.42,utility_points,"{""disagreement_utility"":0.0}",ok,valid,[],"[""event_00000281""]",evaluation_receipt,episode_attempt_8624f449ee5ab890ea91,0ca2af5a8e9fb29b7ae5a9a936b976d99a90562e10e02f372a8df448aa4f343c,true
result_ccf432c2f5ebea60996cabaa,runplan_3437cc2140094e14,cell_acde31c2595af4f12d3b,housing_v1__experiment__000007,housing_v1,housing_controlled_model_landlords_experiment,episode_attempt_8624f449ee5ab890ea91,0ca2af5a8e9fb29b7ae5a9a936b976d99a90562e10e02f372a8df448aa4f343c,included,housing_social_welfare_leaf,1.0.0,social_welfare,1.0.0,capture,tenant_5,tenant_5,0.0,utility_points,"{""disagreement_utility"":0.0}",ok,valid,[],"[""event_00000281""]",evaluation_receipt,episode_attempt_8624f449ee5ab890ea91,0ca2af5a8e9fb29b7ae5a9a936b976d99a90562e10e02f372a8df448aa4f343c,true
result_f23398da898cf7803f2a8ff2,runplan_3437cc2140094e14,cell_ad430a3674496eec83c2,housing_v1__experiment__000006,housing_v1,housing_controlled_model_landlords_experiment,episode_attempt_7e4b12543a49f9591713,3ddaf142221c9c7db91fe07404b4c48b0277fadb745e52ddcc84bdcf4e7d7cda,included,housing_social_welfare_leaf,1.0.0,social_welfare,1.0.0,primary,social_welfare,,1455.69,utility_points,{},ok,valid,[],"[""event_00000267""]",evaluation_receipt,episode_attempt_7e4b12543a49f9591713,3ddaf142221c9c7db91fe07404b4c48b0277fadb745e52ddcc84bdcf4e7d7cda,true
result_a133b9140b8680ad274d1729,runplan_3437cc2140094e14,cell_ad430a3674496eec83c2,housing_v1__experiment__000006,housing_v1,housing_controlled_model_landlords_experiment,episode_attempt_7e4b12543a49f9591713,3ddaf142221c9c7db91fe07404b4c48b0277fadb745e52ddcc84bdcf4e7d7cda,included,housing_social_welfare_leaf,1.0.0,social_welfare,1.0.0,metric,comparison_baseline_gap,,-110.86999999999989,utility_points,{},ok,valid,[],"[""event_00000267""]",evaluation_receipt,episode_attempt_7e4b12543a49f9591713,3ddaf142221c9c7db91fe07404b4c48b0277fadb745e52ddcc84bdcf4e7d7cda,true
result_ab45099ce6628ca6fb146288,runplan_3437cc2140094e14,cell_ad430a3674496eec83c2,housing_v1__experiment__000006,housing_v1,housing_controlled_model_landlords_experiment,episode_attempt_7e4b12543a49f9591713,3ddaf142221c9c7db91fe07404b4c48b0277fadb745e52ddcc84bdcf4e7d7cda,included,housing_social_welfare_leaf,1.0.0,social_welfare,1.0.0,metric,ir_violation_count,,0.0,count,{},ok,valid,[],"[""event_00000267""]",evaluation_receipt,episode_attempt_7e4b12543a49f9591713,3ddaf142221c9c7db91fe07404b4c48b0277fadb745e52ddcc84bdcf4e7d7cda,true
result_d67ba1ccf390797b3bafd2b3,runplan_3437cc2140094e14,cell_ad430a3674496eec83c2,housing_v1__experiment__000006,housing_v1,housing_controlled_model_landlords_experiment,episode_attempt_7e4b12543a49f9591713,3ddaf142221c9c7db91fe07404b4c48b0277fadb745e52ddcc84bdcf4e7d7cda,included,housing_social_welfare_leaf,1.0.0,social_welfare,1.0.0,metric,social_welfare,,1455.69,utility_points,{},ok,valid,[],"[""event_00000267""]",evaluation_receipt,episode_attempt_7e4b12543a49f9591713,3ddaf142221c9c7db91fe07404b4c48b0277fadb745e52ddcc84bdcf4e7d7cda,true
result_1bb2dbd2d08e318b39af5210,runplan_3437cc2140094e14,cell_ad430a3674496eec83c2,housing_v1__experiment__000006,housing_v1,housing_controlled_model_landlords_experiment,episode_attempt_7e4b12543a49f9591713,3ddaf142221c9c7db91fe07404b4c48b0277fadb745e52ddcc84bdcf4e7d7cda,included,housing_social_welfare_leaf,1.0.0,social_welfare,1.0.0,metric,upper_bound_gap,,182.66999999999985,utility_points,{},ok,valid,[],"[""event_00000267""]",evaluation_receipt,episode_attempt_7e4b12543a49f9591713,3ddaf142221c9c7db91fe07404b4c48b0277fadb745e52ddcc84bdcf4e7d7cda,true
result_1197743bdc2871784d03235c,runplan_3437cc2140094e14,cell_ad430a3674496eec83c2,housing_v1__experiment__000006,housing_v1,housing_controlled_model_landlords_experiment,episode_attempt_7e4b12543a49f9591713,3ddaf142221c9c7db91fe07404b4c48b0277fadb745e52ddcc84bdcf4e7d7cda,included,housing_social_welfare_leaf,1.0.0,social_welfare,1.0.0,metric,wasted_contacts,,7.0,count,{},ok,valid,[],"[""event_00000267""]",evaluation_receipt,episode_attempt_7e4b12543a49f9591713,3ddaf142221c9c7db91fe07404b4c48b0277fadb745e52ddcc84bdcf4e7d7cda,true
result_acae8d8799adde86855d9a83,runplan_3437cc2140094e14,cell_ad430a3674496eec83c2,housing_v1__experiment__000006,housing_v1,housing_controlled_model_landlords_experiment,episode_attempt_7e4b12543a49f9591713,3ddaf142221c9c7db91fe07404b4c48b0277fadb745e52ddcc84bdcf4e7d7cda,included,housing_social_welfare_leaf,1.0.0,social_welfare,1.0.0,metric,within_case_score,,0.8885043580165533,ratio,{},ok,valid,[],"[""event_00000267""]",evaluation_receipt,episode_attempt_7e4b12543a49f9591713,3ddaf142221c9c7db91fe07404b4c48b0277fadb745e52ddcc84bdcf4e7d7cda,true
result_7a8a4623967150004ac4f187,runplan_3437cc2140094e14,cell_ad430a3674496eec83c2,housing_v1__experiment__000006,housing_v1,housing_controlled_model_landlords_experiment,episode_attempt_7e4b12543a49f9591713,3ddaf142221c9c7db91fe07404b4c48b0277fadb745e52ddcc84bdcf4e7d7cda,included,housing_social_welfare_leaf,1.0.0,social_welfare,1.0.0,reference,comparison_baseline,,1566.56,utility_points,"{""policy"":""naive"",""reference_kind"":""comparison_baseline""}",ok,valid,[],"[""event_00000267""]",evaluation_receipt,episode_attempt_7e4b12543a49f9591713,3ddaf142221c9c7db91fe07404b4c48b0277fadb745e52ddcc84bdcf4e7d7cda,true
result_26f9f2018a85eb131cc64d13,runplan_3437cc2140094e14,cell_ad430a3674496eec83c2,housing_v1__experiment__000006,housing_v1,housing_controlled_model_landlords_experiment,episode_attempt_7e4b12543a49f9591713,3ddaf142221c9c7db91fe07404b4c48b0277fadb745e52ddcc84bdcf4e7d7cda,included,housing_social_welfare_leaf,1.0.0,social_welfare,1.0.0,reference,optimum_lower_bound,,0.0,utility_points,"{""policy"":""do_nothing"",""reference_kind"":""objective_lower_bound""}",ok,valid,[],"[""event_00000267""]",evaluation_receipt,episode_attempt_7e4b12543a49f9591713,3ddaf142221c9c7db91fe07404b4c48b0277fadb745e52ddcc84bdcf4e7d7cda,true
result_1f763c2896f076b37c610c79,runplan_3437cc2140094e14,cell_ad430a3674496eec83c2,housing_v1__experiment__000006,housing_v1,housing_controlled_model_landlords_experiment,episode_attempt_7e4b12543a49f9591713,3ddaf142221c9c7db91fe07404b4c48b0277fadb745e52ddcc84bdcf4e7d7cda,included,housing_social_welfare_leaf,1.0.0,social_welfare,1.0.0,reference,optimum_upper_bound,,1638.36,utility_points,"{""reference_kind"":""objective_upper_bound"",""semantics"":""full_information_allocation_relaxation""}",ok,valid,[],"[""event_00000267""]",evaluation_receipt,episode_attempt_7e4b12543a49f9591713,3ddaf142221c9c7db91fe07404b4c48b0277fadb745e52ddcc84bdcf4e7d7cda,true
result_a5944b0706f3a97725ec8452,runplan_3437cc2140094e14,cell_ad430a3674496eec83c2,housing_v1__experiment__000006,housing_v1,housing_controlled_model_landlords_experiment,episode_attempt_7e4b12543a49f9591713,3ddaf142221c9c7db91fe07404b4c48b0277fadb745e52ddcc84bdcf4e7d7cda,included,housing_social_welfare_leaf,1.0.0,social_welfare,1.0.0,utility,landlord_0,landlord_0,0.0,utility_points,"{""disagreement_utility"":0.0}",ok,valid,[],"[""event_00000267""]",evaluation_receipt,episode_attempt_7e4b12543a49f9591713,3ddaf142221c9c7db91fe07404b4c48b0277fadb745e52ddcc84bdcf4e7d7cda,true
result_e994d5e14f22b2e6d29ffd3d,runplan_3437cc2140094e14,cell_ad430a3674496eec83c2,housing_v1__experiment__000006,housing_v1,housing_controlled_model_landlords_experiment,episode_attempt_7e4b12543a49f9591713,3ddaf142221c9c7db91fe07404b4c48b0277fadb745e52ddcc84bdcf4e7d7cda,included,housing_social_welfare_leaf,1.0.0,social_welfare,1.0.0,utility,landlord_1,landlord_1,100.73,utility_points,"{""disagreement_utility"":0.0}",ok,valid,[],"[""event_00000267""]",evaluation_receipt,episode_attempt_7e4b12543a49f9591713,3ddaf142221c9c7db91fe07404b4c48b0277fadb745e52ddcc84bdcf4e7d7cda,true
result_16ad9faf7d6323acec5e253e,runplan_3437cc2140094e14,cell_ad430a3674496eec83c2,housing_v1__experiment__000006,housing_v1,housing_controlled_model_landlords_experiment,episode_attempt_7e4b12543a49f9591713,3ddaf142221c9c7db91fe07404b4c48b0277fadb745e52ddcc84bdcf4e7d7cda,included,housing_social_welfare_leaf,1.0.0,social_welfare,1.0.0,utility,landlord_2,landlord_2,76.53,utility_points,"{""disagreement_utility"":0.0}",ok,valid,[],"[""event_00000267""]",evaluation_receipt,episode_attempt_7e4b12543a49f9591713,3ddaf142221c9c7db91fe07404b4c48b0277fadb745e52ddcc84bdcf4e7d7cda,true
result_8c9b77dd9de0319998e9330a,runplan_3437cc2140094e14,cell_ad430a3674496eec83c2,housing_v1__experiment__000006,housing_v1,housing_controlled_model_landlords_experiment,episode_attempt_7e4b12543a49f9591713,3ddaf142221c9c7db91fe07404b4c48b0277fadb745e52ddcc84bdcf4e7d7cda,included,housing_social_welfare_leaf,1.0.0,social_welfare,1.0.0,utility,landlord_3,landlord_3,44.83,utility_points,"{""disagreement_utility"":0.0}",ok,valid,[],"[""event_00000267""]",evaluation_receipt,episode_attempt_7e4b12543a49f9591713,3ddaf142221c9c7db91fe07404b4c48b0277fadb745e52ddcc84bdcf4e7d7cda,true
result_79f3fd69748eaabea151b6a8,runplan_3437cc2140094e14,cell_ad430a3674496eec83c2,housing_v1__experiment__000006,housing_v1,housing_controlled_model_landlords_experiment,episode_attempt_7e4b12543a49f9591713,3ddaf142221c9c7db91fe07404b4c48b0277fadb745e52ddcc84bdcf4e7d7cda,included,housing_social_welfare_leaf,1.0.0,social_welfare,1.0.0,utility,landlord_4,landlord_4,0.0,utility_points,"{""disagreement_utility"":0.0}",ok,valid,[],"[""event_00000267""]",evaluation_receipt,episode_attempt_7e4b12543a49f9591713,3ddaf142221c9c7db91fe07404b4c48b0277fadb745e52ddcc84bdcf4e7d7cda,true
result_d21cac7ea1bf059f138648c2,runplan_3437cc2140094e14,cell_ad430a3674496eec83c2,housing_v1__experiment__000006,housing_v1,housing_controlled_model_landlords_experiment,episode_attempt_7e4b12543a49f9591713,3ddaf142221c9c7db91fe07404b4c48b0277fadb745e52ddcc84bdcf4e7d7cda,included,housing_social_welfare_leaf,1.0.0,social_welfare,1.0.0,utility,tenant_0,tenant_0,183.66,utility_points,"{""disagreement_utility"":0.0}",ok,valid,[],"[""event_00000267""]",evaluation_receipt,episode_attempt_7e4b12543a49f9591713,3ddaf142221c9c7db91fe07404b4c48b0277fadb745e52ddcc84bdcf4e7d7cda,true
result_1012e4011b6850010bf75ac5,runplan_3437cc2140094e14,cell_ad430a3674496eec83c2,housing_v1__experiment__000006,housing_v1,housing_controlled_model_landlords_experiment,episode_attempt_7e4b12543a49f9591713,3ddaf142221c9c7db91fe07404b4c48b0277fadb745e52ddcc84bdcf4e7d7cda,included,housing_social_welfare_leaf,1.0.0,social_welfare,1.0.0,utility,tenant_1,tenant_1,0.0,utility_points,"{""disagreement_utility"":0.0}",ok,valid,[],"[""event_00000267""]",evaluation_receipt,episode_attempt_7e4b12543a49f9591713,3ddaf142221c9c7db91fe07404b4c48b0277fadb745e52ddcc84bdcf4e7d7cda,true
result_77d7cbbe8e4eee24e1a26306,runplan_3437cc2140094e14,cell_ad430a3674496eec83c2,housing_v1__experiment__000006,housing_v1,housing_controlled_model_landlords_experiment,episode_attempt_7e4b12543a49f9591713,3ddaf142221c9c7db91fe07404b4c48b0277fadb745e52ddcc84bdcf4e7d7cda,included,housing_social_welfare_leaf,1.0.0,social_welfare,1.0.0,utility,tenant_2,tenant_2,549.76,utility_points,"{""disagreement_utility"":0.0}",ok,valid,[],"[""event_00000267""]",evaluation_receipt,episode_attempt_7e4b12543a49f9591713,3ddaf142221c9c7db91fe07404b4c48b0277fadb745e52ddcc84bdcf4e7d7cda,true
result_3b7d2b72ad5627825a02bf9b,runplan_3437cc2140094e14,cell_ad430a3674496eec83c2,housing_v1__experiment__000006,housing_v1,housing_controlled_model_landlords_experiment,episode_attempt_7e4b12543a49f9591713,3ddaf142221c9c7db91fe07404b4c48b0277fadb745e52ddcc84bdcf4e7d7cda,included,housing_social_welfare_leaf,1.0.0,social_welfare,1.0.0,utility,tenant_3,tenant_3,500.18,utility_points,"{""disagreement_utility"":0.0}",ok,valid,[],"[""event_00000267""]",evaluation_receipt,episode_attempt_7e4b12543a49f9591713,3ddaf142221c9c7db91fe07404b4c48b0277fadb745e52ddcc84bdcf4e7d7cda,true
result_68d519cc2f5a89aa3ddc7b2b,runplan_3437cc2140094e14,cell_ad430a3674496eec83c2,housing_v1__experiment__000006,housing_v1,housing_controlled_model_landlords_experiment,episode_attempt_7e4b12543a49f9591713,3ddaf142221c9c7db91fe07404b4c48b0277fadb745e52ddcc84bdcf4e7d7cda,included,housing_social_welfare_leaf,1.0.0,social_welfare,1.0.0,utility,tenant_4,tenant_4,0.0,utility_points,"{""disagreement_utility"":0.0}",ok,valid,[],"[""event_00000267""]",evaluation_receipt,episode_attempt_7e4b12543a49f9591713,3ddaf142221c9c7db91fe07404b4c48b0277fadb745e52ddcc84bdcf4e7d7cda,true
result_958d942de763ac7bb3277fc6,runplan_3437cc2140094e14,cell_ad430a3674496eec83c2,housing_v1__experiment__000006,housing_v1,housing_controlled_model_landlords_experiment,episode_attempt_7e4b12543a49f9591713,3ddaf142221c9c7db91fe07404b4c48b0277fadb745e52ddcc84bdcf4e7d7cda,included,housing_social_welfare_leaf,1.0.0,social_welfare,1.0.0,utility,tenant_5,tenant_5,0.0,utility_points,"{""disagreement_utility"":0.0}",ok,valid,[],"[""event_00000267""]",evaluation_receipt,episode_attempt_7e4b12543a49f9591713,3ddaf142221c9c7db91fe07404b4c48b0277fadb745e52ddcc84bdcf4e7d7cda,true
result_1a92c6e0301dbac01457ca9e,runplan_3437cc2140094e14,cell_ad430a3674496eec83c2,housing_v1__experiment__000006,housing_v1,housing_controlled_model_landlords_experiment,episode_attempt_7e4b12543a49f9591713,3ddaf142221c9c7db91fe07404b4c48b0277fadb745e52ddcc84bdcf4e7d7cda,included,housing_social_welfare_leaf,1.0.0,social_welfare,1.0.0,capture,landlord_0,landlord_0,0.0,utility_points,"{""disagreement_utility"":0.0}",ok,valid,[],"[""event_00000267""]",evaluation_receipt,episode_attempt_7e4b12543a49f9591713,3ddaf142221c9c7db91fe07404b4c48b0277fadb745e52ddcc84bdcf4e7d7cda,true
result_c3c6f7d47290e3420675f6bc,runplan_3437cc2140094e14,cell_ad430a3674496eec83c2,housing_v1__experiment__000006,housing_v1,housing_controlled_model_landlords_experiment,episode_attempt_7e4b12543a49f9591713,3ddaf142221c9c7db91fe07404b4c48b0277fadb745e52ddcc84bdcf4e7d7cda,included,housing_social_welfare_leaf,1.0.0,social_welfare,1.0.0,capture,landlord_1,landlord_1,100.73,utility_points,"{""disagreement_utility"":0.0}",ok,valid,[],"[""event_00000267""]",evaluation_receipt,episode_attempt_7e4b12543a49f9591713,3ddaf142221c9c7db91fe07404b4c48b0277fadb745e52ddcc84bdcf4e7d7cda,true
result_0fef977136ea625d70f6f12d,runplan_3437cc2140094e14,cell_ad430a3674496eec83c2,housing_v1__experiment__000006,housing_v1,housing_controlled_model_landlords_experiment,episode_attempt_7e4b12543a49f9591713,3ddaf142221c9c7db91fe07404b4c48b0277fadb745e52ddcc84bdcf4e7d7cda,included,housing_social_welfare_leaf,1.0.0,social_welfare,1.0.0,capture,landlord_2,landlord_2,76.53,utility_points,"{""disagreement_utility"":0.0}",ok,valid,[],"[""event_00000267""]",evaluation_receipt,episode_attempt_7e4b12543a49f9591713,3ddaf142221c9c7db91fe07404b4c48b0277fadb745e52ddcc84bdcf4e7d7cda,true
result_7e00801e2f5f102f2b5f6d56,runplan_3437cc2140094e14,cell_ad430a3674496eec83c2,housing_v1__experiment__000006,housing_v1,housing_controlled_model_landlords_experiment,episode_attempt_7e4b12543a49f9591713,3ddaf142221c9c7db91fe07404b4c48b0277fadb745e52ddcc84bdcf4e7d7cda,included,housing_social_welfare_leaf,1.0.0,social_welfare,1.0.0,capture,landlord_3,landlord_3,44.83,utility_points,"{""disagreement_utility"":0.0}",ok,valid,[],"[""event_00000267""]",evaluation_receipt,episode_attempt_7e4b12543a49f9591713,3ddaf142221c9c7db91fe07404b4c48b0277fadb745e52ddcc84bdcf4e7d7cda,true
result_1aa4fdfe1b729f0dfd005baa,runplan_3437cc2140094e14,cell_ad430a3674496eec83c2,housing_v1__experiment__000006,housing_v1,housing_controlled_model_landlords_experiment,episode_attempt_7e4b12543a49f9591713,3ddaf142221c9c7db91fe07404b4c48b0277fadb745e52ddcc84bdcf4e7d7cda,included,housing_social_welfare_leaf,1.0.0,social_welfare,1.0.0,capture,landlord_4,landlord_4,0.0,utility_points,"{""disagreement_utility"":0.0}",ok,valid,[],"[""event_00000267""]",evaluation_receipt,episode_attempt_7e4b12543a49f9591713,3ddaf142221c9c7db91fe07404b4c48b0277fadb745e52ddcc84bdcf4e7d7cda,true
result_fdf134090c82736bd9097be8,runplan_3437cc2140094e14,cell_ad430a3674496eec83c2,housing_v1__experiment__000006,housing_v1,housing_controlled_model_landlords_experiment,episode_attempt_7e4b12543a49f9591713,3ddaf142221c9c7db91fe07404b4c48b0277fadb745e52ddcc84bdcf4e7d7cda,included,housing_social_welfare_leaf,1.0.0,social_welfare,1.0.0,capture,tenant_0,tenant_0,183.66,utility_points,"{""disagreement_utility"":0.0}",ok,valid,[],"[""event_00000267""]",evaluation_receipt,episode_attempt_7e4b12543a49f9591713,3ddaf142221c9c7db91fe07404b4c48b0277fadb745e52ddcc84bdcf4e7d7cda,true
result_d30756468c988aad7500821c,runplan_3437cc2140094e14,cell_ad430a3674496eec83c2,housing_v1__experiment__000006,housing_v1,housing_controlled_model_landlords_experiment,episode_attempt_7e4b12543a49f9591713,3ddaf142221c9c7db91fe07404b4c48b0277fadb745e52ddcc84bdcf4e7d7cda,included,housing_social_welfare_leaf,1.0.0,social_welfare,1.0.0,capture,tenant_1,tenant_1,0.0,utility_points,"{""disagreement_utility"":0.0}",ok,valid,[],"[""event_00000267""]",evaluation_receipt,episode_attempt_7e4b12543a49f9591713,3ddaf142221c9c7db91fe07404b4c48b0277fadb745e52ddcc84bdcf4e7d7cda,true
result_e6bab6a36b0476f9594432f4,runplan_3437cc2140094e14,cell_ad430a3674496eec83c2,housing_v1__experiment__000006,housing_v1,housing_controlled_model_landlords_experiment,episode_attempt_7e4b12543a49f9591713,3ddaf142221c9c7db91fe07404b4c48b0277fadb745e52ddcc84bdcf4e7d7cda,included,housing_social_welfare_leaf,1.0.0,social_welfare,1.0.0,capture,tenant_2,tenant_2,549.76,utility_points,"{""disagreement_utility"":0.0}",ok,valid,[],"[""event_00000267""]",evaluation_receipt,episode_attempt_7e4b12543a49f9591713,3ddaf142221c9c7db91fe07404b4c48b0277fadb745e52ddcc84bdcf4e7d7cda,true
result_abe24e3a39d8b9981132aca1,runplan_3437cc2140094e14,cell_ad430a3674496eec83c2,housing_v1__experiment__000006,housing_v1,housing_controlled_model_landlords_experiment,episode_attempt_7e4b12543a49f9591713,3ddaf142221c9c7db91fe07404b4c48b0277fadb745e52ddcc84bdcf4e7d7cda,included,housing_social_welfare_leaf,1.0.0,social_welfare,1.0.0,capture,tenant_3,tenant_3,500.18,utility_points,"{""disagreement_utility"":0.0}",ok,valid,[],"[""event_00000267""]",evaluation_receipt,episode_attempt_7e4b12543a49f9591713,3ddaf142221c9c7db91fe07404b4c48b0277fadb745e52ddcc84bdcf4e7d7cda,true
result_84665d51cfadcfeee56a50ec,runplan_3437cc2140094e14,cell_ad430a3674496eec83c2,housing_v1__experiment__000006,housing_v1,housing_controlled_model_landlords_experiment,episode_attempt_7e4b12543a49f9591713,3ddaf142221c9c7db91fe07404b4c48b0277fadb745e52ddcc84bdcf4e7d7cda,included,housing_social_welfare_leaf,1.0.0,social_welfare,1.0.0,capture,tenant_4,tenant_4,0.0,utility_points,"{""disagreement_utility"":0.0}",ok,valid,[],"[""event_00000267""]",evaluation_receipt,episode_attempt_7e4b12543a49f9591713,3ddaf142221c9c7db91fe07404b4c48b0277fadb745e52ddcc84bdcf4e7d7cda,true
result_5ff1137c57235ee3eaae90ec,runplan_3437cc2140094e14,cell_ad430a3674496eec83c2,housing_v1__experiment__000006,housing_v1,housing_controlled_model_landlords_experiment,episode_attempt_7e4b12543a49f9591713,3ddaf142221c9c7db91fe07404b4c48b0277fadb745e52ddcc84bdcf4e7d7cda,included,housing_social_welfare_leaf,1.0.0,social_welfare,1.0.0,capture,tenant_5,tenant_5,0.0,utility_points,"{""disagreement_utility"":0.0}",ok,valid,[],"[""event_00000267""]",evaluation_receipt,episode_attempt_7e4b12543a49f9591713,3ddaf142221c9c7db91fe07404b4c48b0277fadb745e52ddcc84bdcf4e7d7cda,true
result_819bb7a3431a274cd154bace,runplan_3437cc2140094e14,cell_b32ac45ae172963f23e7,housing_v1__experiment__000002,housing_v1,housing_controlled_model_landlords_experiment,episode_attempt_b007f6da985c4bb02a99,b5ec9d8e6e883497d5d3623ab4342f52cd26086fe4b2b83f54e1362d9f9a93e7,included,housing_social_welfare_leaf,1.0.0,social_welfare,1.0.0,primary,social_welfare,,1081.62,utility_points,{},ok,valid,[],"[""event_00000267""]",evaluation_receipt,episode_attempt_b007f6da985c4bb02a99,b5ec9d8e6e883497d5d3623ab4342f52cd26086fe4b2b83f54e1362d9f9a93e7,true
result_41129ac807f3c3aab8c03889,runplan_3437cc2140094e14,cell_b32ac45ae172963f23e7,housing_v1__experiment__000002,housing_v1,housing_controlled_model_landlords_experiment,episode_attempt_b007f6da985c4bb02a99,b5ec9d8e6e883497d5d3623ab4342f52cd26086fe4b2b83f54e1362d9f9a93e7,included,housing_social_welfare_leaf,1.0.0,social_welfare,1.0.0,metric,comparison_baseline_gap,,-327.85000000000014,utility_points,{},ok,valid,[],"[""event_00000267""]",evaluation_receipt,episode_attempt_b007f6da985c4bb02a99,b5ec9d8e6e883497d5d3623ab4342f52cd26086fe4b2b83f54e1362d9f9a93e7,true
result_20c83ba2dfd141f870782a89,runplan_3437cc2140094e14,cell_b32ac45ae172963f23e7,housing_v1__experiment__000002,housing_v1,housing_controlled_model_landlords_experiment,episode_attempt_b007f6da985c4bb02a99,b5ec9d8e6e883497d5d3623ab4342f52cd26086fe4b2b83f54e1362d9f9a93e7,included,housing_social_welfare_leaf,1.0.0,social_welfare,1.0.0,metric,ir_violation_count,,0.0,count,{},ok,valid,[],"[""event_00000267""]",evaluation_receipt,episode_attempt_b007f6da985c4bb02a99,b5ec9d8e6e883497d5d3623ab4342f52cd26086fe4b2b83f54e1362d9f9a93e7,true
result_ab9d1c9c5e85b7e259c116b8,runplan_3437cc2140094e14,cell_b32ac45ae172963f23e7,housing_v1__experiment__000002,housing_v1,housing_controlled_model_landlords_experiment,episode_attempt_b007f6da985c4bb02a99,b5ec9d8e6e883497d5d3623ab4342f52cd26086fe4b2b83f54e1362d9f9a93e7,included,housing_social_welfare_leaf,1.0.0,social_welfare,1.0.0,metric,social_welfare,,1081.62,utility_points,{},ok,valid,[],"[""event_00000267""]",evaluation_receipt,episode_attempt_b007f6da985c4bb02a99,b5ec9d8e6e883497d5d3623ab4342f52cd26086fe4b2b83f54e1362d9f9a93e7,true
result_221133b5f60bc73fbc670c0e,runplan_3437cc2140094e14,cell_b32ac45ae172963f23e7,housing_v1__experiment__000002,housing_v1,housing_controlled_model_landlords_experiment,episode_attempt_b007f6da985c4bb02a99,b5ec9d8e6e883497d5d3623ab4342f52cd26086fe4b2b83f54e1362d9f9a93e7,included,housing_social_welfare_leaf,1.0.0,social_welfare,1.0.0,metric,upper_bound_gap,,1095.52,utility_points,{},ok,valid,[],"[""event_00000267""]",evaluation_receipt,episode_attempt_b007f6da985c4bb02a99,b5ec9d8e6e883497d5d3623ab4342f52cd26086fe4b2b83f54e1362d9f9a93e7,true
result_c282a36afd98f22cbb32f7d2,runplan_3437cc2140094e14,cell_b32ac45ae172963f23e7,housing_v1__experiment__000002,housing_v1,housing_controlled_model_landlords_experiment,episode_attempt_b007f6da985c4bb02a99,b5ec9d8e6e883497d5d3623ab4342f52cd26086fe4b2b83f54e1362d9f9a93e7,included,housing_social_welfare_leaf,1.0.0,social_welfare,1.0.0,metric,wasted_contacts,,9.0,count,{},ok,valid,[],"[""event_00000267""]",evaluation_receipt,episode_attempt_b007f6da985c4bb02a99,b5ec9d8e6e883497d5d3623ab4342f52cd26086fe4b2b83f54e1362d9f9a93e7,true
result_94bcbae8ea58418a2e7b934b,runplan_3437cc2140094e14,cell_b32ac45ae172963f23e7,housing_v1__experiment__000002,housing_v1,housing_controlled_model_landlords_experiment,episode_attempt_b007f6da985c4bb02a99,b5ec9d8e6e883497d5d3623ab4342f52cd26086fe4b2b83f54e1362d9f9a93e7,included,housing_social_welfare_leaf,1.0.0,social_welfare,1.0.0,metric,within_case_score,,0.4968077385928328,ratio,{},ok,valid,[],"[""event_00000267""]",evaluation_receipt,episode_attempt_b007f6da985c4bb02a99,b5ec9d8e6e883497d5d3623ab4342f52cd26086fe4b2b83f54e1362d9f9a93e7,true
result_5f73e12fa95ec228adfbd736,runplan_3437cc2140094e14,cell_b32ac45ae172963f23e7,housing_v1__experiment__000002,housing_v1,housing_controlled_model_landlords_experiment,episode_attempt_b007f6da985c4bb02a99,b5ec9d8e6e883497d5d3623ab4342f52cd26086fe4b2b83f54e1362d9f9a93e7,included,housing_social_welfare_leaf,1.0.0,social_welfare,1.0.0,reference,comparison_baseline,,1409.47,utility_points,"{""policy"":""naive"",""reference_kind"":""comparison_baseline""}",ok,valid,[],"[""event_00000267""]",evaluation_receipt,episode_attempt_b007f6da985c4bb02a99,b5ec9d8e6e883497d5d3623ab4342f52cd26086fe4b2b83f54e1362d9f9a93e7,true
result_8388aeacc357e92158ff3872,runplan_3437cc2140094e14,cell_b32ac45ae172963f23e7,housing_v1__experiment__000002,housing_v1,housing_controlled_model_landlords_experiment,episode_attempt_b007f6da985c4bb02a99,b5ec9d8e6e883497d5d3623ab4342f52cd26086fe4b2b83f54e1362d9f9a93e7,included,housing_social_welfare_leaf,1.0.0,social_welfare,1.0.0,reference,optimum_lower_bound,,0.0,utility_points,"{""policy"":""do_nothing"",""reference_kind"":""objective_lower_bound""}",ok,valid,[],"[""event_00000267""]",evaluation_receipt,episode_attempt_b007f6da985c4bb02a99,b5ec9d8e6e883497d5d3623ab4342f52cd26086fe4b2b83f54e1362d9f9a93e7,true
result_375a9e5063223581904238c8,runplan_3437cc2140094e14,cell_b32ac45ae172963f23e7,housing_v1__experiment__000002,housing_v1,housing_controlled_model_landlords_experiment,episode_attempt_b007f6da985c4bb02a99,b5ec9d8e6e883497d5d3623ab4342f52cd26086fe4b2b83f54e1362d9f9a93e7,included,housing_social_welfare_leaf,1.0.0,social_welfare,1.0.0,reference,optimum_upper_bound,,2177.14,utility_points,"{""reference_kind"":""objective_upper_bound"",""semantics"":""full_information_allocation_relaxation""}",ok,valid,[],"[""event_00000267""]",evaluation_receipt,episode_attempt_b007f6da985c4bb02a99,b5ec9d8e6e883497d5d3623ab4342f52cd26086fe4b2b83f54e1362d9f9a93e7,true
result_f3cbc7c7221a9ff4bc3eda19,runplan_3437cc2140094e14,cell_b32ac45ae172963f23e7,housing_v1__experiment__000002,housing_v1,housing_controlled_model_landlords_experiment,episode_attempt_b007f6da985c4bb02a99,b5ec9d8e6e883497d5d3623ab4342f52cd26086fe4b2b83f54e1362d9f9a93e7,included,housing_social_welfare_leaf,1.0.0,social_welfare,1.0.0,utility,landlord_0,landlord_0,326.2,utility_points,"{""disagreement_utility"":0.0}",ok,valid,[],"[""event_00000267""]",evaluation_receipt,episode_attempt_b007f6da985c4bb02a99,b5ec9d8e6e883497d5d3623ab4342f52cd26086fe4b2b83f54e1362d9f9a93e7,true
result_1a807f1d04717626be8742c8,runplan_3437cc2140094e14,cell_b32ac45ae172963f23e7,housing_v1__experiment__000002,housing_v1,housing_controlled_model_landlords_experiment,episode_attempt_b007f6da985c4bb02a99,b5ec9d8e6e883497d5d3623ab4342f52cd26086fe4b2b83f54e1362d9f9a93e7,included,housing_social_welfare_leaf,1.0.0,social_welfare,1.0.0,utility,landlord_1,landlord_1,0.0,utility_points,"{""disagreement_utility"":0.0}",ok,valid,[],"[""event_00000267""]",evaluation_receipt,episode_attempt_b007f6da985c4bb02a99,b5ec9d8e6e883497d5d3623ab4342f52cd26086fe4b2b83f54e1362d9f9a93e7,true
result_7fd23aaba9b0110c2fe4282e,runplan_3437cc2140094e14,cell_b32ac45ae172963f23e7,housing_v1__experiment__000002,housing_v1,housing_controlled_model_landlords_experiment,episode_attempt_b007f6da985c4bb02a99,b5ec9d8e6e883497d5d3623ab4342f52cd26086fe4b2b83f54e1362d9f9a93e7,included,housing_social_welfare_leaf,1.0.0,social_welfare,1.0.0,utility,landlord_2,landlord_2,0.0,utility_points,"{""disagreement_utility"":0.0}",ok,valid,[],"[""event_00000267""]",evaluation_receipt,episode_attempt_b007f6da985c4bb02a99,b5ec9d8e6e883497d5d3623ab4342f52cd26086fe4b2b83f54e1362d9f9a93e7,true
result_4ee7f4045a10d158f607ecb1,runplan_3437cc2140094e14,cell_b32ac45ae172963f23e7,housing_v1__experiment__000002,housing_v1,housing_controlled_model_landlords_experiment,episode_attempt_b007f6da985c4bb02a99,b5ec9d8e6e883497d5d3623ab4342f52cd26086fe4b2b83f54e1362d9f9a93e7,included,housing_social_welfare_leaf,1.0.0,social_welfare,1.0.0,utility,landlord_3,landlord_3,41.13,utility_points,"{""disagreement_utility"":0.0}",ok,valid,[],"[""event_00000267""]",evaluation_receipt,episode_attempt_b007f6da985c4bb02a99,b5ec9d8e6e883497d5d3623ab4342f52cd26086fe4b2b83f54e1362d9f9a93e7,true
result_130aed5a6cc2bd39c2512397,runplan_3437cc2140094e14,cell_b32ac45ae172963f23e7,housing_v1__experiment__000002,housing_v1,housing_controlled_model_landlords_experiment,episode_attempt_b007f6da985c4bb02a99,b5ec9d8e6e883497d5d3623ab4342f52cd26086fe4b2b83f54e1362d9f9a93e7,included,housing_social_welfare_leaf,1.0.0,social_welfare,1.0.0,utility,landlord_4,landlord_4,0.0,utility_points,"{""disagreement_utility"":0.0}",ok,valid,[],"[""event_00000267""]",evaluation_receipt,episode_attempt_b007f6da985c4bb02a99,b5ec9d8e6e883497d5d3623ab4342f52cd26086fe4b2b83f54e1362d9f9a93e7,true
result_4d5f6d8a44bfaa786870396f,runplan_3437cc2140094e14,cell_b32ac45ae172963f23e7,housing_v1__experiment__000002,housing_v1,housing_controlled_model_landlords_experiment,episode_attempt_b007f6da985c4bb02a99,b5ec9d8e6e883497d5d3623ab4342f52cd26086fe4b2b83f54e1362d9f9a93e7,included,housing_social_welfare_leaf,1.0.0,social_welfare,1.0.0,utility,tenant_0,tenant_0,531.56,utility_points,"{""disagreement_utility"":0.0}",ok,valid,[],"[""event_00000267""]",evaluation_receipt,episode_attempt_b007f6da985c4bb02a99,b5ec9d8e6e883497d5d3623ab4342f52cd26086fe4b2b83f54e1362d9f9a93e7,true
result_fc074386d4e41f4002046e28,runplan_3437cc2140094e14,cell_b32ac45ae172963f23e7,housing_v1__experiment__000002,housing_v1,housing_controlled_model_landlords_experiment,episode_attempt_b007f6da985c4bb02a99,b5ec9d8e6e883497d5d3623ab4342f52cd26086fe4b2b83f54e1362d9f9a93e7,included,housing_social_welfare_leaf,1.0.0,social_welfare,1.0.0,utility,tenant_1,tenant_1,0.0,utility_points,"{""disagreement_utility"":0.0}",ok,valid,[],"[""event_00000267""]",evaluation_receipt,episode_attempt_b007f6da985c4bb02a99,b5ec9d8e6e883497d5d3623ab4342f52cd26086fe4b2b83f54e1362d9f9a93e7,true
result_e64d9529d527e21d0ff57648,runplan_3437cc2140094e14,cell_b32ac45ae172963f23e7,housing_v1__experiment__000002,housing_v1,housing_controlled_model_landlords_experiment,episode_attempt_b007f6da985c4bb02a99,b5ec9d8e6e883497d5d3623ab4342f52cd26086fe4b2b83f54e1362d9f9a93e7,included,housing_social_welfare_leaf,1.0.0,social_welfare,1.0.0,utility,tenant_2,tenant_2,0.0,utility_points,"{""disagreement_utility"":0.0}",ok,valid,[],"[""event_00000267""]",evaluation_receipt,episode_attempt_b007f6da985c4bb02a99,b5ec9d8e6e883497d5d3623ab4342f52cd26086fe4b2b83f54e1362d9f9a93e7,true
result_2115521a58b5b030682c06fd,runplan_3437cc2140094e14,cell_b32ac45ae172963f23e7,housing_v1__experiment__000002,housing_v1,housing_controlled_model_landlords_experiment,episode_attempt_b007f6da985c4bb02a99,b5ec9d8e6e883497d5d3623ab4342f52cd26086fe4b2b83f54e1362d9f9a93e7,included,housing_social_welfare_leaf,1.0.0,social_welfare,1.0.0,utility,tenant_3,tenant_3,182.73,utility_points,"{""disagreement_utility"":0.0}",ok,valid,[],"[""event_00000267""]",evaluation_receipt,episode_attempt_b007f6da985c4bb02a99,b5ec9d8e6e883497d5d3623ab4342f52cd26086fe4b2b83f54e1362d9f9a93e7,true
result_6770b44be5f8ec95c9a95621,runplan_3437cc2140094e14,cell_b32ac45ae172963f23e7,housing_v1__experiment__000002,housing_v1,housing_controlled_model_landlords_experiment,episode_attempt_b007f6da985c4bb02a99,b5ec9d8e6e883497d5d3623ab4342f52cd26086fe4b2b83f54e1362d9f9a93e7,included,housing_social_welfare_leaf,1.0.0,social_welfare,1.0.0,utility,tenant_4,tenant_4,0.0,utility_points,"{""disagreement_utility"":0.0}",ok,valid,[],"[""event_00000267""]",evaluation_receipt,episode_attempt_b007f6da985c4bb02a99,b5ec9d8e6e883497d5d3623ab4342f52cd26086fe4b2b83f54e1362d9f9a93e7,true
result_acb4d10717a3b5d8d4187874,runplan_3437cc2140094e14,cell_b32ac45ae172963f23e7,housing_v1__experiment__000002,housing_v1,housing_controlled_model_landlords_experiment,episode_attempt_b007f6da985c4bb02a99,b5ec9d8e6e883497d5d3623ab4342f52cd26086fe4b2b83f54e1362d9f9a93e7,included,housing_social_welfare_leaf,1.0.0,social_welfare,1.0.0,utility,tenant_5,tenant_5,0.0,utility_points,"{""disagreement_utility"":0.0}",ok,valid,[],"[""event_00000267""]",evaluation_receipt,episode_attempt_b007f6da985c4bb02a99,b5ec9d8e6e883497d5d3623ab4342f52cd26086fe4b2b83f54e1362d9f9a93e7,true
result_9b51d80b3b9df9d06e43d9bc,runplan_3437cc2140094e14,cell_b32ac45ae172963f23e7,housing_v1__experiment__000002,housing_v1,housing_controlled_model_landlords_experiment,episode_attempt_b007f6da985c4bb02a99,b5ec9d8e6e883497d5d3623ab4342f52cd26086fe4b2b83f54e1362d9f9a93e7,included,housing_social_welfare_leaf,1.0.0,social_welfare,1.0.0,capture,landlord_0,landlord_0,326.2,utility_points,"{""disagreement_utility"":0.0}",ok,valid,[],"[""event_00000267""]",evaluation_receipt,episode_attempt_b007f6da985c4bb02a99,b5ec9d8e6e883497d5d3623ab4342f52cd26086fe4b2b83f54e1362d9f9a93e7,true
result_53e3ef0772829f7ab8d2c5fd,runplan_3437cc2140094e14,cell_b32ac45ae172963f23e7,housing_v1__experiment__000002,housing_v1,housing_controlled_model_landlords_experiment,episode_attempt_b007f6da985c4bb02a99,b5ec9d8e6e883497d5d3623ab4342f52cd26086fe4b2b83f54e1362d9f9a93e7,included,housing_social_welfare_leaf,1.0.0,social_welfare,1.0.0,capture,landlord_1,landlord_1,0.0,utility_points,"{""disagreement_utility"":0.0}",ok,valid,[],"[""event_00000267""]",evaluation_receipt,episode_attempt_b007f6da985c4bb02a99,b5ec9d8e6e883497d5d3623ab4342f52cd26086fe4b2b83f54e1362d9f9a93e7,true
result_dfb5a855fcd54eb1d782c550,runplan_3437cc2140094e14,cell_b32ac45ae172963f23e7,housing_v1__experiment__000002,housing_v1,housing_controlled_model_landlords_experiment,episode_attempt_b007f6da985c4bb02a99,b5ec9d8e6e883497d5d3623ab4342f52cd26086fe4b2b83f54e1362d9f9a93e7,included,housing_social_welfare_leaf,1.0.0,social_welfare,1.0.0,capture,landlord_2,landlord_2,0.0,utility_points,"{""disagreement_utility"":0.0}",ok,valid,[],"[""event_00000267""]",evaluation_receipt,episode_attempt_b007f6da985c4bb02a99,b5ec9d8e6e883497d5d3623ab4342f52cd26086fe4b2b83f54e1362d9f9a93e7,true
result_020307d23f5d7b51e90b44c7,runplan_3437cc2140094e14,cell_b32ac45ae172963f23e7,housing_v1__experiment__000002,housing_v1,housing_controlled_model_landlords_experiment,episode_attempt_b007f6da985c4bb02a99,b5ec9d8e6e883497d5d3623ab4342f52cd26086fe4b2b83f54e1362d9f9a93e7,included,housing_social_welfare_leaf,1.0.0,social_welfare,1.0.0,capture,landlord_3,landlord_3,41.13,utility_points,"{""disagreement_utility"":0.0}",ok,valid,[],"[""event_00000267""]",evaluation_receipt,episode_attempt_b007f6da985c4bb02a99,b5ec9d8e6e883497d5d3623ab4342f52cd26086fe4b2b83f54e1362d9f9a93e7,true
result_55705423f15b1ca510bb06b8,runplan_3437cc2140094e14,cell_b32ac45ae172963f23e7,housing_v1__experiment__000002,housing_v1,housing_controlled_model_landlords_experiment,episode_attempt_b007f6da985c4bb02a99,b5ec9d8e6e883497d5d3623ab4342f52cd26086fe4b2b83f54e1362d9f9a93e7,included,housing_social_welfare_leaf,1.0.0,social_welfare,1.0.0,capture,landlord_4,landlord_4,0.0,utility_points,"{""disagreement_utility"":0.0}",ok,valid,[],"[""event_00000267""]",evaluation_receipt,episode_attempt_b007f6da985c4bb02a99,b5ec9d8e6e883497d5d3623ab4342f52cd26086fe4b2b83f54e1362d9f9a93e7,true
result_b10faa1a178f1d00fa7e3d3f,runplan_3437cc2140094e14,cell_b32ac45ae172963f23e7,housing_v1__experiment__000002,housing_v1,housing_controlled_model_landlords_experiment,episode_attempt_b007f6da985c4bb02a99,b5ec9d8e6e883497d5d3623ab4342f52cd26086fe4b2b83f54e1362d9f9a93e7,included,housing_social_welfare_leaf,1.0.0,social_welfare,1.0.0,capture,tenant_0,tenant_0,531.56,utility_points,"{""disagreement_utility"":0.0}",ok,valid,[],"[""event_00000267""]",evaluation_receipt,episode_attempt_b007f6da985c4bb02a99,b5ec9d8e6e883497d5d3623ab4342f52cd26086fe4b2b83f54e1362d9f9a93e7,true
result_0f09776a129fe2a2eb8cf1e0,runplan_3437cc2140094e14,cell_b32ac45ae172963f23e7,housing_v1__experiment__000002,housing_v1,housing_controlled_model_landlords_experiment,episode_attempt_b007f6da985c4bb02a99,b5ec9d8e6e883497d5d3623ab4342f52cd26086fe4b2b83f54e1362d9f9a93e7,included,housing_social_welfare_leaf,1.0.0,social_welfare,1.0.0,capture,tenant_1,tenant_1,0.0,utility_points,"{""disagreement_utility"":0.0}",ok,valid,[],"[""event_00000267""]",evaluation_receipt,episode_attempt_b007f6da985c4bb02a99,b5ec9d8e6e883497d5d3623ab4342f52cd26086fe4b2b83f54e1362d9f9a93e7,true
result_484f955ef3640c4d864d3b62,runplan_3437cc2140094e14,cell_b32ac45ae172963f23e7,housing_v1__experiment__000002,housing_v1,housing_controlled_model_landlords_experiment,episode_attempt_b007f6da985c4bb02a99,b5ec9d8e6e883497d5d3623ab4342f52cd26086fe4b2b83f54e1362d9f9a93e7,included,housing_social_welfare_leaf,1.0.0,social_welfare,1.0.0,capture,tenant_2,tenant_2,0.0,utility_points,"{""disagreement_utility"":0.0}",ok,valid,[],"[""event_00000267""]",evaluation_receipt,episode_attempt_b007f6da985c4bb02a99,b5ec9d8e6e883497d5d3623ab4342f52cd26086fe4b2b83f54e1362d9f9a93e7,true
result_a4eed180bfe3cd31f53928b6,runplan_3437cc2140094e14,cell_b32ac45ae172963f23e7,housing_v1__experiment__000002,housing_v1,housing_controlled_model_landlords_experiment,episode_attempt_b007f6da985c4bb02a99,b5ec9d8e6e883497d5d3623ab4342f52cd26086fe4b2b83f54e1362d9f9a93e7,included,housing_social_welfare_leaf,1.0.0,social_welfare,1.0.0,capture,tenant_3,tenant_3,182.73,utility_points,"{""disagreement_utility"":0.0}",ok,valid,[],"[""event_00000267""]",evaluation_receipt,episode_attempt_b007f6da985c4bb02a99,b5ec9d8e6e883497d5d3623ab4342f52cd26086fe4b2b83f54e1362d9f9a93e7,true
result_4de53afcb55ab8f131593cba,runplan_3437cc2140094e14,cell_b32ac45ae172963f23e7,housing_v1__experiment__000002,housing_v1,housing_controlled_model_landlords_experiment,episode_attempt_b007f6da985c4bb02a99,b5ec9d8e6e883497d5d3623ab4342f52cd26086fe4b2b83f54e1362d9f9a93e7,included,housing_social_welfare_leaf,1.0.0,social_welfare,1.0.0,capture,tenant_4,tenant_4,0.0,utility_points,"{""disagreement_utility"":0.0}",ok,valid,[],"[""event_00000267""]",evaluation_receipt,episode_attempt_b007f6da985c4bb02a99,b5ec9d8e6e883497d5d3623ab4342f52cd26086fe4b2b83f54e1362d9f9a93e7,true
result_35665cee19f6f5f3a61b1523,runplan_3437cc2140094e14,cell_b32ac45ae172963f23e7,housing_v1__experiment__000002,housing_v1,housing_controlled_model_landlords_experiment,episode_attempt_b007f6da985c4bb02a99,b5ec9d8e6e883497d5d3623ab4342f52cd26086fe4b2b83f54e1362d9f9a93e7,included,housing_social_welfare_leaf,1.0.0,social_welfare,1.0.0,capture,tenant_5,tenant_5,0.0,utility_points,"{""disagreement_utility"":0.0}",ok,valid,[],"[""event_00000267""]",evaluation_receipt,episode_attempt_b007f6da985c4bb02a99,b5ec9d8e6e883497d5d3623ab4342f52cd26086fe4b2b83f54e1362d9f9a93e7,true
result_5d0919567621832d03491bee,runplan_3437cc2140094e14,cell_b8a621faa6e849cb727c,housing_v1__experiment__000005,housing_v1,housing_controlled_model_landlords_experiment,episode_attempt_0bdb83c2612e5eaa0644,bbca02e0879b2b104b5af6ee66ed0de792a2e1969ffe55a3ab85c616a19451c7,included,housing_social_welfare_leaf,1.0.0,social_welfare,1.0.0,primary,social_welfare,,1069.44,utility_points,{},ok,valid,[],"[""event_00000273""]",evaluation_receipt,episode_attempt_0bdb83c2612e5eaa0644,bbca02e0879b2b104b5af6ee66ed0de792a2e1969ffe55a3ab85c616a19451c7,true
result_2da0b135fcb80b96d034a727,runplan_3437cc2140094e14,cell_b8a621faa6e849cb727c,housing_v1__experiment__000005,housing_v1,housing_controlled_model_landlords_experiment,episode_attempt_0bdb83c2612e5eaa0644,bbca02e0879b2b104b5af6ee66ed0de792a2e1969ffe55a3ab85c616a19451c7,included,housing_social_welfare_leaf,1.0.0,social_welfare,1.0.0,metric,comparison_baseline_gap,,-108.63999999999987,utility_points,{},ok,valid,[],"[""event_00000273""]",evaluation_receipt,episode_attempt_0bdb83c2612e5eaa0644,bbca02e0879b2b104b5af6ee66ed0de792a2e1969ffe55a3ab85c616a19451c7,true
result_953c4e24ff92496f18c7ae76,runplan_3437cc2140094e14,cell_b8a621faa6e849cb727c,housing_v1__experiment__000005,housing_v1,housing_controlled_model_landlords_experiment,episode_attempt_0bdb83c2612e5eaa0644,bbca02e0879b2b104b5af6ee66ed0de792a2e1969ffe55a3ab85c616a19451c7,included,housing_social_welfare_leaf,1.0.0,social_welfare,1.0.0,metric,ir_violation_count,,0.0,count,{},ok,valid,[],"[""event_00000273""]",evaluation_receipt,episode_attempt_0bdb83c2612e5eaa0644,bbca02e0879b2b104b5af6ee66ed0de792a2e1969ffe55a3ab85c616a19451c7,true
result_6932fd5d5fad017e2084589a,runplan_3437cc2140094e14,cell_b8a621faa6e849cb727c,housing_v1__experiment__000005,housing_v1,housing_controlled_model_landlords_experiment,episode_attempt_0bdb83c2612e5eaa0644,bbca02e0879b2b104b5af6ee66ed0de792a2e1969ffe55a3ab85c616a19451c7,included,housing_social_welfare_leaf,1.0.0,social_welfare,1.0.0,metric,social_welfare,,1069.44,utility_points,{},ok,valid,[],"[""event_00000273""]",evaluation_receipt,episode_attempt_0bdb83c2612e5eaa0644,bbca02e0879b2b104b5af6ee66ed0de792a2e1969ffe55a3ab85c616a19451c7,true
result_3891546f1c7ee6bd01372c11,runplan_3437cc2140094e14,cell_b8a621faa6e849cb727c,housing_v1__experiment__000005,housing_v1,housing_controlled_model_landlords_experiment,episode_attempt_0bdb83c2612e5eaa0644,bbca02e0879b2b104b5af6ee66ed0de792a2e1969ffe55a3ab85c616a19451c7,included,housing_social_welfare_leaf,1.0.0,social_welfare,1.0.0,metric,upper_bound_gap,,156.62999999999988,utility_points,{},ok,valid,[],"[""event_00000273""]",evaluation_receipt,episode_attempt_0bdb83c2612e5eaa0644,bbca02e0879b2b104b5af6ee66ed0de792a2e1969ffe55a3ab85c616a19451c7,true
result_3508a1692bec47673410f557,runplan_3437cc2140094e14,cell_b8a621faa6e849cb727c,housing_v1__experiment__000005,housing_v1,housing_controlled_model_landlords_experiment,episode_attempt_0bdb83c2612e5eaa0644,bbca02e0879b2b104b5af6ee66ed0de792a2e1969ffe55a3ab85c616a19451c7,included,housing_social_welfare_leaf,1.0.0,social_welfare,1.0.0,metric,wasted_contacts,,5.0,count,{},ok,valid,[],"[""event_00000273""]",evaluation_receipt,episode_attempt_0bdb83c2612e5eaa0644,bbca02e0879b2b104b5af6ee66ed0de792a2e1969ffe55a3ab85c616a19451c7,true
result_fe6da29b77f274b3731ea7e1,runplan_3437cc2140094e14,cell_b8a621faa6e849cb727c,housing_v1__experiment__000005,housing_v1,housing_controlled_model_landlords_experiment,episode_attempt_0bdb83c2612e5eaa0644,bbca02e0879b2b104b5af6ee66ed0de792a2e1969ffe55a3ab85c616a19451c7,included,housing_social_welfare_leaf,1.0.0,social_welfare,1.0.0,metric,within_case_score,,0.8722503609092467,ratio,{},ok,valid,[],"[""event_00000273""]",evaluation_receipt,episode_attempt_0bdb83c2612e5eaa0644,bbca02e0879b2b104b5af6ee66ed0de792a2e1969ffe55a3ab85c616a19451c7,true
result_f8632da53ccfb1f87c6c5d48,runplan_3437cc2140094e14,cell_b8a621faa6e849cb727c,housing_v1__experiment__000005,housing_v1,housing_controlled_model_landlords_experiment,episode_attempt_0bdb83c2612e5eaa0644,bbca02e0879b2b104b5af6ee66ed0de792a2e1969ffe55a3ab85c616a19451c7,included,housing_social_welfare_leaf,1.0.0,social_welfare,1.0.0,reference,comparison_baseline,,1178.08,utility_points,"{""policy"":""naive"",""reference_kind"":""comparison_baseline""}",ok,valid,[],"[""event_00000273""]",evaluation_receipt,episode_attempt_0bdb83c2612e5eaa0644,bbca02e0879b2b104b5af6ee66ed0de792a2e1969ffe55a3ab85c616a19451c7,true
result_e4a66b5df6daca2d6fe38366,runplan_3437cc2140094e14,cell_b8a621faa6e849cb727c,housing_v1__experiment__000005,housing_v1,housing_controlled_model_landlords_experiment,episode_attempt_0bdb83c2612e5eaa0644,bbca02e0879b2b104b5af6ee66ed0de792a2e1969ffe55a3ab85c616a19451c7,included,housing_social_welfare_leaf,1.0.0,social_welfare,1.0.0,reference,optimum_lower_bound,,0.0,utility_points,"{""policy"":""do_nothing"",""reference_kind"":""objective_lower_bound""}",ok,valid,[],"[""event_00000273""]",evaluation_receipt,episode_attempt_0bdb83c2612e5eaa0644,bbca02e0879b2b104b5af6ee66ed0de792a2e1969ffe55a3ab85c616a19451c7,true
result_6cd15576e577d256aae5d667,runplan_3437cc2140094e14,cell_b8a621faa6e849cb727c,housing_v1__experiment__000005,housing_v1,housing_controlled_model_landlords_experiment,episode_attempt_0bdb83c2612e5eaa0644,bbca02e0879b2b104b5af6ee66ed0de792a2e1969ffe55a3ab85c616a19451c7,included,housing_social_welfare_leaf,1.0.0,social_welfare,1.0.0,reference,optimum_upper_bound,,1226.07,utility_points,"{""reference_kind"":""objective_upper_bound"",""semantics"":""full_information_allocation_relaxation""}",ok,valid,[],"[""event_00000273""]",evaluation_receipt,episode_attempt_0bdb83c2612e5eaa0644,bbca02e0879b2b104b5af6ee66ed0de792a2e1969ffe55a3ab85c616a19451c7,true
result_2eb658f58e5850a00132ffac,runplan_3437cc2140094e14,cell_b8a621faa6e849cb727c,housing_v1__experiment__000005,housing_v1,housing_controlled_model_landlords_experiment,episode_attempt_0bdb83c2612e5eaa0644,bbca02e0879b2b104b5af6ee66ed0de792a2e1969ffe55a3ab85c616a19451c7,included,housing_social_welfare_leaf,1.0.0,social_welfare,1.0.0,utility,landlord_0,landlord_0,0.0,utility_points,"{""disagreement_utility"":0.0}",ok,valid,[],"[""event_00000273""]",evaluation_receipt,episode_attempt_0bdb83c2612e5eaa0644,bbca02e0879b2b104b5af6ee66ed0de792a2e1969ffe55a3ab85c616a19451c7,true
result_e4e773ecacd262206cb07b05,runplan_3437cc2140094e14,cell_b8a621faa6e849cb727c,housing_v1__experiment__000005,housing_v1,housing_controlled_model_landlords_experiment,episode_attempt_0bdb83c2612e5eaa0644,bbca02e0879b2b104b5af6ee66ed0de792a2e1969ffe55a3ab85c616a19451c7,included,housing_social_welfare_leaf,1.0.0,social_welfare,1.0.0,utility,landlord_1,landlord_1,446.64,utility_points,"{""disagreement_utility"":0.0}",ok,valid,[],"[""event_00000273""]",evaluation_receipt,episode_attempt_0bdb83c2612e5eaa0644,bbca02e0879b2b104b5af6ee66ed0de792a2e1969ffe55a3ab85c616a19451c7,true
result_63be347dd5cfca7b713db8c8,runplan_3437cc2140094e14,cell_b8a621faa6e849cb727c,housing_v1__experiment__000005,housing_v1,housing_controlled_model_landlords_experiment,episode_attempt_0bdb83c2612e5eaa0644,bbca02e0879b2b104b5af6ee66ed0de792a2e1969ffe55a3ab85c616a19451c7,included,housing_social_welfare_leaf,1.0.0,social_welfare,1.0.0,utility,landlord_2,landlord_2,0.0,utility_points,"{""disagreement_utility"":0.0}",ok,valid,[],"[""event_00000273""]",evaluation_receipt,episode_attempt_0bdb83c2612e5eaa0644,bbca02e0879b2b104b5af6ee66ed0de792a2e1969ffe55a3ab85c616a19451c7,true
result_ce23c2f68f6ade9a177d542a,runplan_3437cc2140094e14,cell_b8a621faa6e849cb727c,housing_v1__experiment__000005,housing_v1,housing_controlled_model_landlords_experiment,episode_attempt_0bdb83c2612e5eaa0644,bbca02e0879b2b104b5af6ee66ed0de792a2e1969ffe55a3ab85c616a19451c7,included,housing_social_welfare_leaf,1.0.0,social_welfare,1.0.0,utility,landlord_3,landlord_3,203.77,utility_points,"{""disagreement_utility"":0.0}",ok,valid,[],"[""event_00000273""]",evaluation_receipt,episode_attempt_0bdb83c2612e5eaa0644,bbca02e0879b2b104b5af6ee66ed0de792a2e1969ffe55a3ab85c616a19451c7,true
result_25a2b6c55abb09ab521c7c8c,runplan_3437cc2140094e14,cell_b8a621faa6e849cb727c,housing_v1__experiment__000005,housing_v1,housing_controlled_model_landlords_experiment,episode_attempt_0bdb83c2612e5eaa0644,bbca02e0879b2b104b5af6ee66ed0de792a2e1969ffe55a3ab85c616a19451c7,included,housing_social_welfare_leaf,1.0.0,social_welfare,1.0.0,utility,landlord_4,landlord_4,118.66,utility_points,"{""disagreement_utility"":0.0}",ok,valid,[],"[""event_00000273""]",evaluation_receipt,episode_attempt_0bdb83c2612e5eaa0644,bbca02e0879b2b104b5af6ee66ed0de792a2e1969ffe55a3ab85c616a19451c7,true
result_bc591c672d8d63d7d59bb2bd,runplan_3437cc2140094e14,cell_b8a621faa6e849cb727c,housing_v1__experiment__000005,housing_v1,housing_controlled_model_landlords_experiment,episode_attempt_0bdb83c2612e5eaa0644,bbca02e0879b2b104b5af6ee66ed0de792a2e1969ffe55a3ab85c616a19451c7,included,housing_social_welfare_leaf,1.0.0,social_welfare,1.0.0,utility,tenant_0,tenant_0,203.56,utility_points,"{""disagreement_utility"":0.0}",ok,valid,[],"[""event_00000273""]",evaluation_receipt,episode_attempt_0bdb83c2612e5eaa0644,bbca02e0879b2b104b5af6ee66ed0de792a2e1969ffe55a3ab85c616a19451c7,true
result_e127c96840d3397ac53d9ae6,runplan_3437cc2140094e14,cell_b8a621faa6e849cb727c,housing_v1__experiment__000005,housing_v1,housing_controlled_model_landlords_experiment,episode_attempt_0bdb83c2612e5eaa0644,bbca02e0879b2b104b5af6ee66ed0de792a2e1969ffe55a3ab85c616a19451c7,included,housing_social_welfare_leaf,1.0.0,social_welfare,1.0.0,utility,tenant_1,tenant_1,0.0,utility_points,"{""disagreement_utility"":0.0}",ok,valid,[],"[""event_00000273""]",evaluation_receipt,episode_attempt_0bdb83c2612e5eaa0644,bbca02e0879b2b104b5af6ee66ed0de792a2e1969ffe55a3ab85c616a19451c7,true
result_e902628b531dc9d574c6b21e,runplan_3437cc2140094e14,cell_b8a621faa6e849cb727c,housing_v1__experiment__000005,housing_v1,housing_controlled_model_landlords_experiment,episode_attempt_0bdb83c2612e5eaa0644,bbca02e0879b2b104b5af6ee66ed0de792a2e1969ffe55a3ab85c616a19451c7,included,housing_social_welfare_leaf,1.0.0,social_welfare,1.0.0,utility,tenant_2,tenant_2,0.0,utility_points,"{""disagreement_utility"":0.0}",ok,valid,[],"[""event_00000273""]",evaluation_receipt,episode_attempt_0bdb83c2612e5eaa0644,bbca02e0879b2b104b5af6ee66ed0de792a2e1969ffe55a3ab85c616a19451c7,true
result_485b4f74b3a7eccb1813121c,runplan_3437cc2140094e14,cell_b8a621faa6e849cb727c,housing_v1__experiment__000005,housing_v1,housing_controlled_model_landlords_experiment,episode_attempt_0bdb83c2612e5eaa0644,bbca02e0879b2b104b5af6ee66ed0de792a2e1969ffe55a3ab85c616a19451c7,included,housing_social_welfare_leaf,1.0.0,social_welfare,1.0.0,utility,tenant_3,tenant_3,0.0,utility_points,"{""disagreement_utility"":0.0}",ok,valid,[],"[""event_00000273""]",evaluation_receipt,episode_attempt_0bdb83c2612e5eaa0644,bbca02e0879b2b104b5af6ee66ed0de792a2e1969ffe55a3ab85c616a19451c7,true
result_84ee2172c7ce7b6aaaad7c4f,runplan_3437cc2140094e14,cell_b8a621faa6e849cb727c,housing_v1__experiment__000005,housing_v1,housing_controlled_model_landlords_experiment,episode_attempt_0bdb83c2612e5eaa0644,bbca02e0879b2b104b5af6ee66ed0de792a2e1969ffe55a3ab85c616a19451c7,included,housing_social_welfare_leaf,1.0.0,social_welfare,1.0.0,utility,tenant_4,tenant_4,96.81,utility_points,"{""disagreement_utility"":0.0}",ok,valid,[],"[""event_00000273""]",evaluation_receipt,episode_attempt_0bdb83c2612e5eaa0644,bbca02e0879b2b104b5af6ee66ed0de792a2e1969ffe55a3ab85c616a19451c7,true
result_0e037f71ae5804874a63a8e9,runplan_3437cc2140094e14,cell_b8a621faa6e849cb727c,housing_v1__experiment__000005,housing_v1,housing_controlled_model_landlords_experiment,episode_attempt_0bdb83c2612e5eaa0644,bbca02e0879b2b104b5af6ee66ed0de792a2e1969ffe55a3ab85c616a19451c7,included,housing_social_welfare_leaf,1.0.0,social_welfare,1.0.0,utility,tenant_5,tenant_5,0.0,utility_points,"{""disagreement_utility"":0.0}",ok,valid,[],"[""event_00000273""]",evaluation_receipt,episode_attempt_0bdb83c2612e5eaa0644,bbca02e0879b2b104b5af6ee66ed0de792a2e1969ffe55a3ab85c616a19451c7,true
result_1b9793a8104671209d83a51a,runplan_3437cc2140094e14,cell_b8a621faa6e849cb727c,housing_v1__experiment__000005,housing_v1,housing_controlled_model_landlords_experiment,episode_attempt_0bdb83c2612e5eaa0644,bbca02e0879b2b104b5af6ee66ed0de792a2e1969ffe55a3ab85c616a19451c7,included,housing_social_welfare_leaf,1.0.0,social_welfare,1.0.0,capture,landlord_0,landlord_0,0.0,utility_points,"{""disagreement_utility"":0.0}",ok,valid,[],"[""event_00000273""]",evaluation_receipt,episode_attempt_0bdb83c2612e5eaa0644,bbca02e0879b2b104b5af6ee66ed0de792a2e1969ffe55a3ab85c616a19451c7,true
result_75cc93391a5d94ac4ab83819,runplan_3437cc2140094e14,cell_b8a621faa6e849cb727c,housing_v1__experiment__000005,housing_v1,housing_controlled_model_landlords_experiment,episode_attempt_0bdb83c2612e5eaa0644,bbca02e0879b2b104b5af6ee66ed0de792a2e1969ffe55a3ab85c616a19451c7,included,housing_social_welfare_leaf,1.0.0,social_welfare,1.0.0,capture,landlord_1,landlord_1,446.64,utility_points,"{""disagreement_utility"":0.0}",ok,valid,[],"[""event_00000273""]",evaluation_receipt,episode_attempt_0bdb83c2612e5eaa0644,bbca02e0879b2b104b5af6ee66ed0de792a2e1969ffe55a3ab85c616a19451c7,true
result_8ca50f45575cd3e9756926af,runplan_3437cc2140094e14,cell_b8a621faa6e849cb727c,housing_v1__experiment__000005,housing_v1,housing_controlled_model_landlords_experiment,episode_attempt_0bdb83c2612e5eaa0644,bbca02e0879b2b104b5af6ee66ed0de792a2e1969ffe55a3ab85c616a19451c7,included,housing_social_welfare_leaf,1.0.0,social_welfare,1.0.0,capture,landlord_2,landlord_2,0.0,utility_points,"{""disagreement_utility"":0.0}",ok,valid,[],"[""event_00000273""]",evaluation_receipt,episode_attempt_0bdb83c2612e5eaa0644,bbca02e0879b2b104b5af6ee66ed0de792a2e1969ffe55a3ab85c616a19451c7,true
result_354a660f70cb2fc812e2a171,runplan_3437cc2140094e14,cell_b8a621faa6e849cb727c,housing_v1__experiment__000005,housing_v1,housing_controlled_model_landlords_experiment,episode_attempt_0bdb83c2612e5eaa0644,bbca02e0879b2b104b5af6ee66ed0de792a2e1969ffe55a3ab85c616a19451c7,included,housing_social_welfare_leaf,1.0.0,social_welfare,1.0.0,capture,landlord_3,landlord_3,203.77,utility_points,"{""disagreement_utility"":0.0}",ok,valid,[],"[""event_00000273""]",evaluation_receipt,episode_attempt_0bdb83c2612e5eaa0644,bbca02e0879b2b104b5af6ee66ed0de792a2e1969ffe55a3ab85c616a19451c7,true
result_314c281b52a9a1148c45cc22,runplan_3437cc2140094e14,cell_b8a621faa6e849cb727c,housing_v1__experiment__000005,housing_v1,housing_controlled_model_landlords_experiment,episode_attempt_0bdb83c2612e5eaa0644,bbca02e0879b2b104b5af6ee66ed0de792a2e1969ffe55a3ab85c616a19451c7,included,housing_social_welfare_leaf,1.0.0,social_welfare,1.0.0,capture,landlord_4,landlord_4,118.66,utility_points,"{""disagreement_utility"":0.0}",ok,valid,[],"[""event_00000273""]",evaluation_receipt,episode_attempt_0bdb83c2612e5eaa0644,bbca02e0879b2b104b5af6ee66ed0de792a2e1969ffe55a3ab85c616a19451c7,true
result_f341365bd80e6b903d515f38,runplan_3437cc2140094e14,cell_b8a621faa6e849cb727c,housing_v1__experiment__000005,housing_v1,housing_controlled_model_landlords_experiment,episode_attempt_0bdb83c2612e5eaa0644,bbca02e0879b2b104b5af6ee66ed0de792a2e1969ffe55a3ab85c616a19451c7,included,housing_social_welfare_leaf,1.0.0,social_welfare,1.0.0,capture,tenant_0,tenant_0,203.56,utility_points,"{""disagreement_utility"":0.0}",ok,valid,[],"[""event_00000273""]",evaluation_receipt,episode_attempt_0bdb83c2612e5eaa0644,bbca02e0879b2b104b5af6ee66ed0de792a2e1969ffe55a3ab85c616a19451c7,true
result_944d42e87657076bc49290e0,runplan_3437cc2140094e14,cell_b8a621faa6e849cb727c,housing_v1__experiment__000005,housing_v1,housing_controlled_model_landlords_experiment,episode_attempt_0bdb83c2612e5eaa0644,bbca02e0879b2b104b5af6ee66ed0de792a2e1969ffe55a3ab85c616a19451c7,included,housing_social_welfare_leaf,1.0.0,social_welfare,1.0.0,capture,tenant_1,tenant_1,0.0,utility_points,"{""disagreement_utility"":0.0}",ok,valid,[],"[""event_00000273""]",evaluation_receipt,episode_attempt_0bdb83c2612e5eaa0644,bbca02e0879b2b104b5af6ee66ed0de792a2e1969ffe55a3ab85c616a19451c7,true
result_8b70f0cb77afd4dbec2c5882,runplan_3437cc2140094e14,cell_b8a621faa6e849cb727c,housing_v1__experiment__000005,housing_v1,housing_controlled_model_landlords_experiment,episode_attempt_0bdb83c2612e5eaa0644,bbca02e0879b2b104b5af6ee66ed0de792a2e1969ffe55a3ab85c616a19451c7,included,housing_social_welfare_leaf,1.0.0,social_welfare,1.0.0,capture,tenant_2,tenant_2,0.0,utility_points,"{""disagreement_utility"":0.0}",ok,valid,[],"[""event_00000273""]",evaluation_receipt,episode_attempt_0bdb83c2612e5eaa0644,bbca02e0879b2b104b5af6ee66ed0de792a2e1969ffe55a3ab85c616a19451c7,true
result_3785be29ff2f265e43096356,runplan_3437cc2140094e14,cell_b8a621faa6e849cb727c,housing_v1__experiment__000005,housing_v1,housing_controlled_model_landlords_experiment,episode_attempt_0bdb83c2612e5eaa0644,bbca02e0879b2b104b5af6ee66ed0de792a2e1969ffe55a3ab85c616a19451c7,included,housing_social_welfare_leaf,1.0.0,social_welfare,1.0.0,capture,tenant_3,tenant_3,0.0,utility_points,"{""disagreement_utility"":0.0}",ok,valid,[],"[""event_00000273""]",evaluation_receipt,episode_attempt_0bdb83c2612e5eaa0644,bbca02e0879b2b104b5af6ee66ed0de792a2e1969ffe55a3ab85c616a19451c7,true
result_b37eef50c66c115d143be641,runplan_3437cc2140094e14,cell_b8a621faa6e849cb727c,housing_v1__experiment__000005,housing_v1,housing_controlled_model_landlords_experiment,episode_attempt_0bdb83c2612e5eaa0644,bbca02e0879b2b104b5af6ee66ed0de792a2e1969ffe55a3ab85c616a19451c7,included,housing_social_welfare_leaf,1.0.0,social_welfare,1.0.0,capture,tenant_4,tenant_4,96.81,utility_points,"{""disagreement_utility"":0.0}",ok,valid,[],"[""event_00000273""]",evaluation_receipt,episode_attempt_0bdb83c2612e5eaa0644,bbca02e0879b2b104b5af6ee66ed0de792a2e1969ffe55a3ab85c616a19451c7,true
result_6ce91a242c3d8f45617b2567,runplan_3437cc2140094e14,cell_b8a621faa6e849cb727c,housing_v1__experiment__000005,housing_v1,housing_controlled_model_landlords_experiment,episode_attempt_0bdb83c2612e5eaa0644,bbca02e0879b2b104b5af6ee66ed0de792a2e1969ffe55a3ab85c616a19451c7,included,housing_social_welfare_leaf,1.0.0,social_welfare,1.0.0,capture,tenant_5,tenant_5,0.0,utility_points,"{""disagreement_utility"":0.0}",ok,valid,[],"[""event_00000273""]",evaluation_receipt,episode_attempt_0bdb83c2612e5eaa0644,bbca02e0879b2b104b5af6ee66ed0de792a2e1969ffe55a3ab85c616a19451c7,true
result_4ac08634f416039eb2d1f2bb,runplan_3437cc2140094e14,cell_bb3e6c5c78d094df16f4,housing_v1__experiment__000007,housing_v1,housing_controlled_model_landlords_experiment,episode_attempt_bc91e8badbf4445ddd93,3d4b3e821fc2555af07887c8f97c03465fe8a8b053bce98b3759615d0532a95f,included,housing_social_welfare_leaf,1.0.0,social_welfare,1.0.0,primary,social_welfare,,561.6,utility_points,{},ok,valid,[],"[""event_00000281""]",evaluation_receipt,episode_attempt_bc91e8badbf4445ddd93,3d4b3e821fc2555af07887c8f97c03465fe8a8b053bce98b3759615d0532a95f,true
result_228cb3caa523bdf599f3818f,runplan_3437cc2140094e14,cell_bb3e6c5c78d094df16f4,housing_v1__experiment__000007,housing_v1,housing_controlled_model_landlords_experiment,episode_attempt_bc91e8badbf4445ddd93,3d4b3e821fc2555af07887c8f97c03465fe8a8b053bce98b3759615d0532a95f,included,housing_social_welfare_leaf,1.0.0,social_welfare,1.0.0,metric,comparison_baseline_gap,,154.04000000000002,utility_points,{},ok,valid,[],"[""event_00000281""]",evaluation_receipt,episode_attempt_bc91e8badbf4445ddd93,3d4b3e821fc2555af07887c8f97c03465fe8a8b053bce98b3759615d0532a95f,true
result_b283e384aa2d6b870c4a08e1,runplan_3437cc2140094e14,cell_bb3e6c5c78d094df16f4,housing_v1__experiment__000007,housing_v1,housing_controlled_model_landlords_experiment,episode_attempt_bc91e8badbf4445ddd93,3d4b3e821fc2555af07887c8f97c03465fe8a8b053bce98b3759615d0532a95f,included,housing_social_welfare_leaf,1.0.0,social_welfare,1.0.0,metric,ir_violation_count,,0.0,count,{},ok,valid,[],"[""event_00000281""]",evaluation_receipt,episode_attempt_bc91e8badbf4445ddd93,3d4b3e821fc2555af07887c8f97c03465fe8a8b053bce98b3759615d0532a95f,true
result_538f1cd81db2b94b2a3b6c00,runplan_3437cc2140094e14,cell_bb3e6c5c78d094df16f4,housing_v1__experiment__000007,housing_v1,housing_controlled_model_landlords_experiment,episode_attempt_bc91e8badbf4445ddd93,3d4b3e821fc2555af07887c8f97c03465fe8a8b053bce98b3759615d0532a95f,included,housing_social_welfare_leaf,1.0.0,social_welfare,1.0.0,metric,social_welfare,,561.6,utility_points,{},ok,valid,[],"[""event_00000281""]",evaluation_receipt,episode_attempt_bc91e8badbf4445ddd93,3d4b3e821fc2555af07887c8f97c03465fe8a8b053bce98b3759615d0532a95f,true
result_06557f19ad0528ac9fdfa7fc,runplan_3437cc2140094e14,cell_bb3e6c5c78d094df16f4,housing_v1__experiment__000007,housing_v1,housing_controlled_model_landlords_experiment,episode_attempt_bc91e8badbf4445ddd93,3d4b3e821fc2555af07887c8f97c03465fe8a8b053bce98b3759615d0532a95f,included,housing_social_welfare_leaf,1.0.0,social_welfare,1.0.0,metric,upper_bound_gap,,121.91999999999996,utility_points,{},ok,valid,[],"[""event_00000281""]",evaluation_receipt,episode_attempt_bc91e8badbf4445ddd93,3d4b3e821fc2555af07887c8f97c03465fe8a8b053bce98b3759615d0532a95f,true
result_3f2116d5747e7bc3dc1cc9f7,runplan_3437cc2140094e14,cell_bb3e6c5c78d094df16f4,housing_v1__experiment__000007,housing_v1,housing_controlled_model_landlords_experiment,episode_attempt_bc91e8badbf4445ddd93,3d4b3e821fc2555af07887c8f97c03465fe8a8b053bce98b3759615d0532a95f,included,housing_social_welfare_leaf,1.0.0,social_welfare,1.0.0,metric,wasted_contacts,,7.0,count,{},ok,valid,[],"[""event_00000281""]",evaluation_receipt,episode_attempt_bc91e8badbf4445ddd93,3d4b3e821fc2555af07887c8f97c03465fe8a8b053bce98b3759615d0532a95f,true
result_f4407c3c97b6bfcaebd15140,runplan_3437cc2140094e14,cell_bb3e6c5c78d094df16f4,housing_v1__experiment__000007,housing_v1,housing_controlled_model_landlords_experiment,episode_attempt_bc91e8badbf4445ddd93,3d4b3e821fc2555af07887c8f97c03465fe8a8b053bce98b3759615d0532a95f,included,housing_social_welfare_leaf,1.0.0,social_welfare,1.0.0,metric,within_case_score,,0.8216292134831461,ratio,{},ok,valid,[],"[""event_00000281""]",evaluation_receipt,episode_attempt_bc91e8badbf4445ddd93,3d4b3e821fc2555af07887c8f97c03465fe8a8b053bce98b3759615d0532a95f,true
result_005d6d48d7501a1c7b1034b2,runplan_3437cc2140094e14,cell_bb3e6c5c78d094df16f4,housing_v1__experiment__000007,housing_v1,housing_controlled_model_landlords_experiment,episode_attempt_bc91e8badbf4445ddd93,3d4b3e821fc2555af07887c8f97c03465fe8a8b053bce98b3759615d0532a95f,included,housing_social_welfare_leaf,1.0.0,social_welfare,1.0.0,reference,comparison_baseline,,407.56,utility_points,"{""policy"":""naive"",""reference_kind"":""comparison_baseline""}",ok,valid,[],"[""event_00000281""]",evaluation_receipt,episode_attempt_bc91e8badbf4445ddd93,3d4b3e821fc2555af07887c8f97c03465fe8a8b053bce98b3759615d0532a95f,true
result_d11e0d8775b988c6c19677e9,runplan_3437cc2140094e14,cell_bb3e6c5c78d094df16f4,housing_v1__experiment__000007,housing_v1,housing_controlled_model_landlords_experiment,episode_attempt_bc91e8badbf4445ddd93,3d4b3e821fc2555af07887c8f97c03465fe8a8b053bce98b3759615d0532a95f,included,housing_social_welfare_leaf,1.0.0,social_welfare,1.0.0,reference,optimum_lower_bound,,0.0,utility_points,"{""policy"":""do_nothing"",""reference_kind"":""objective_lower_bound""}",ok,valid,[],"[""event_00000281""]",evaluation_receipt,episode_attempt_bc91e8badbf4445ddd93,3d4b3e821fc2555af07887c8f97c03465fe8a8b053bce98b3759615d0532a95f,true
result_b01088cbdad29e76f6176ed6,runplan_3437cc2140094e14,cell_bb3e6c5c78d094df16f4,housing_v1__experiment__000007,housing_v1,housing_controlled_model_landlords_experiment,episode_attempt_bc91e8badbf4445ddd93,3d4b3e821fc2555af07887c8f97c03465fe8a8b053bce98b3759615d0532a95f,included,housing_social_welfare_leaf,1.0.0,social_welfare,1.0.0,reference,optimum_upper_bound,,683.52,utility_points,"{""reference_kind"":""objective_upper_bound"",""semantics"":""full_information_allocation_relaxation""}",ok,valid,[],"[""event_00000281""]",evaluation_receipt,episode_attempt_bc91e8badbf4445ddd93,3d4b3e821fc2555af07887c8f97c03465fe8a8b053bce98b3759615d0532a95f,true
result_5c9f7772335fdd4eab53f5a9,runplan_3437cc2140094e14,cell_bb3e6c5c78d094df16f4,housing_v1__experiment__000007,housing_v1,housing_controlled_model_landlords_experiment,episode_attempt_bc91e8badbf4445ddd93,3d4b3e821fc2555af07887c8f97c03465fe8a8b053bce98b3759615d0532a95f,included,housing_social_welfare_leaf,1.0.0,social_welfare,1.0.0,utility,landlord_0,landlord_0,58.64,utility_points,"{""disagreement_utility"":0.0}",ok,valid,[],"[""event_00000281""]",evaluation_receipt,episode_attempt_bc91e8badbf4445ddd93,3d4b3e821fc2555af07887c8f97c03465fe8a8b053bce98b3759615d0532a95f,true
result_f1b14d39a135a0871ed8a994,runplan_3437cc2140094e14,cell_bb3e6c5c78d094df16f4,housing_v1__experiment__000007,housing_v1,housing_controlled_model_landlords_experiment,episode_attempt_bc91e8badbf4445ddd93,3d4b3e821fc2555af07887c8f97c03465fe8a8b053bce98b3759615d0532a95f,included,housing_social_welfare_leaf,1.0.0,social_welfare,1.0.0,utility,landlord_1,landlord_1,0.0,utility_points,"{""disagreement_utility"":0.0}",ok,valid,[],"[""event_00000281""]",evaluation_receipt,episode_attempt_bc91e8badbf4445ddd93,3d4b3e821fc2555af07887c8f97c03465fe8a8b053bce98b3759615d0532a95f,true
result_cfa2408c17e242b83c84b490,runplan_3437cc2140094e14,cell_bb3e6c5c78d094df16f4,housing_v1__experiment__000007,housing_v1,housing_controlled_model_landlords_experiment,episode_attempt_bc91e8badbf4445ddd93,3d4b3e821fc2555af07887c8f97c03465fe8a8b053bce98b3759615d0532a95f,included,housing_social_welfare_leaf,1.0.0,social_welfare,1.0.0,utility,landlord_2,landlord_2,75.42,utility_points,"{""disagreement_utility"":0.0}",ok,valid,[],"[""event_00000281""]",evaluation_receipt,episode_attempt_bc91e8badbf4445ddd93,3d4b3e821fc2555af07887c8f97c03465fe8a8b053bce98b3759615d0532a95f,true
result_6a9831509bdc43f8aa812605,runplan_3437cc2140094e14,cell_bb3e6c5c78d094df16f4,housing_v1__experiment__000007,housing_v1,housing_controlled_model_landlords_experiment,episode_attempt_bc91e8badbf4445ddd93,3d4b3e821fc2555af07887c8f97c03465fe8a8b053bce98b3759615d0532a95f,included,housing_social_welfare_leaf,1.0.0,social_welfare,1.0.0,utility,landlord_3,landlord_3,84.7,utility_points,"{""disagreement_utility"":0.0}",ok,valid,[],"[""event_00000281""]",evaluation_receipt,episode_attempt_bc91e8badbf4445ddd93,3d4b3e821fc2555af07887c8f97c03465fe8a8b053bce98b3759615d0532a95f,true
result_14eeec07d8f2966d84724fc3,runplan_3437cc2140094e14,cell_bb3e6c5c78d094df16f4,housing_v1__experiment__000007,housing_v1,housing_controlled_model_landlords_experiment,episode_attempt_bc91e8badbf4445ddd93,3d4b3e821fc2555af07887c8f97c03465fe8a8b053bce98b3759615d0532a95f,included,housing_social_welfare_leaf,1.0.0,social_welfare,1.0.0,utility,landlord_4,landlord_4,38.4,utility_points,"{""disagreement_utility"":0.0}",ok,valid,[],"[""event_00000281""]",evaluation_receipt,episode_attempt_bc91e8badbf4445ddd93,3d4b3e821fc2555af07887c8f97c03465fe8a8b053bce98b3759615d0532a95f,true
result_a43caf61fe50132333ca5cb4,runplan_3437cc2140094e14,cell_bb3e6c5c78d094df16f4,housing_v1__experiment__000007,housing_v1,housing_controlled_model_landlords_experiment,episode_attempt_bc91e8badbf4445ddd93,3d4b3e821fc2555af07887c8f97c03465fe8a8b053bce98b3759615d0532a95f,included,housing_social_welfare_leaf,1.0.0,social_welfare,1.0.0,utility,tenant_0,tenant_0,37.95,utility_points,"{""disagreement_utility"":0.0}",ok,valid,[],"[""event_00000281""]",evaluation_receipt,episode_attempt_bc91e8badbf4445ddd93,3d4b3e821fc2555af07887c8f97c03465fe8a8b053bce98b3759615d0532a95f,true
result_aad8e6042b8608eca30030fa,runplan_3437cc2140094e14,cell_bb3e6c5c78d094df16f4,housing_v1__experiment__000007,housing_v1,housing_controlled_model_landlords_experiment,episode_attempt_bc91e8badbf4445ddd93,3d4b3e821fc2555af07887c8f97c03465fe8a8b053bce98b3759615d0532a95f,included,housing_social_welfare_leaf,1.0.0,social_welfare,1.0.0,utility,tenant_1,tenant_1,29.64,utility_points,"{""disagreement_utility"":0.0}",ok,valid,[],"[""event_00000281""]",evaluation_receipt,episode_attempt_bc91e8badbf4445ddd93,3d4b3e821fc2555af07887c8f97c03465fe8a8b053bce98b3759615d0532a95f,true
result_7f5ce3280fc05e61e9f3322f,runplan_3437cc2140094e14,cell_bb3e6c5c78d094df16f4,housing_v1__experiment__000007,housing_v1,housing_controlled_model_landlords_experiment,episode_attempt_bc91e8badbf4445ddd93,3d4b3e821fc2555af07887c8f97c03465fe8a8b053bce98b3759615d0532a95f,included,housing_social_welfare_leaf,1.0.0,social_welfare,1.0.0,utility,tenant_2,tenant_2,0.0,utility_points,"{""disagreement_utility"":0.0}",ok,valid,[],"[""event_00000281""]",evaluation_receipt,episode_attempt_bc91e8badbf4445ddd93,3d4b3e821fc2555af07887c8f97c03465fe8a8b053bce98b3759615d0532a95f,true
result_5d588eb4f8aadb345f819b5a,runplan_3437cc2140094e14,cell_bb3e6c5c78d094df16f4,housing_v1__experiment__000007,housing_v1,housing_controlled_model_landlords_experiment,episode_attempt_bc91e8badbf4445ddd93,3d4b3e821fc2555af07887c8f97c03465fe8a8b053bce98b3759615d0532a95f,included,housing_social_welfare_leaf,1.0.0,social_welfare,1.0.0,utility,tenant_3,tenant_3,77.34,utility_points,"{""disagreement_utility"":0.0}",ok,valid,[],"[""event_00000281""]",evaluation_receipt,episode_attempt_bc91e8badbf4445ddd93,3d4b3e821fc2555af07887c8f97c03465fe8a8b053bce98b3759615d0532a95f,true
result_80345b4888b5e8f9d010e6c4,runplan_3437cc2140094e14,cell_bb3e6c5c78d094df16f4,housing_v1__experiment__000007,housing_v1,housing_controlled_model_landlords_experiment,episode_attempt_bc91e8badbf4445ddd93,3d4b3e821fc2555af07887c8f97c03465fe8a8b053bce98b3759615d0532a95f,included,housing_social_welfare_leaf,1.0.0,social_welfare,1.0.0,utility,tenant_4,tenant_4,159.51,utility_points,"{""disagreement_utility"":0.0}",ok,valid,[],"[""event_00000281""]",evaluation_receipt,episode_attempt_bc91e8badbf4445ddd93,3d4b3e821fc2555af07887c8f97c03465fe8a8b053bce98b3759615d0532a95f,true
result_feb280da2f45a92dfb5c4987,runplan_3437cc2140094e14,cell_bb3e6c5c78d094df16f4,housing_v1__experiment__000007,housing_v1,housing_controlled_model_landlords_experiment,episode_attempt_bc91e8badbf4445ddd93,3d4b3e821fc2555af07887c8f97c03465fe8a8b053bce98b3759615d0532a95f,included,housing_social_welfare_leaf,1.0.0,social_welfare,1.0.0,utility,tenant_5,tenant_5,0.0,utility_points,"{""disagreement_utility"":0.0}",ok,valid,[],"[""event_00000281""]",evaluation_receipt,episode_attempt_bc91e8badbf4445ddd93,3d4b3e821fc2555af07887c8f97c03465fe8a8b053bce98b3759615d0532a95f,true
result_7fea0f586c7a1da4ac94d936,runplan_3437cc2140094e14,cell_bb3e6c5c78d094df16f4,housing_v1__experiment__000007,housing_v1,housing_controlled_model_landlords_experiment,episode_attempt_bc91e8badbf4445ddd93,3d4b3e821fc2555af07887c8f97c03465fe8a8b053bce98b3759615d0532a95f,included,housing_social_welfare_leaf,1.0.0,social_welfare,1.0.0,capture,landlord_0,landlord_0,58.64,utility_points,"{""disagreement_utility"":0.0}",ok,valid,[],"[""event_00000281""]",evaluation_receipt,episode_attempt_bc91e8badbf4445ddd93,3d4b3e821fc2555af07887c8f97c03465fe8a8b053bce98b3759615d0532a95f,true
result_52a753c1ac018a39795a78f7,runplan_3437cc2140094e14,cell_bb3e6c5c78d094df16f4,housing_v1__experiment__000007,housing_v1,housing_controlled_model_landlords_experiment,episode_attempt_bc91e8badbf4445ddd93,3d4b3e821fc2555af07887c8f97c03465fe8a8b053bce98b3759615d0532a95f,included,housing_social_welfare_leaf,1.0.0,social_welfare,1.0.0,capture,landlord_1,landlord_1,0.0,utility_points,"{""disagreement_utility"":0.0}",ok,valid,[],"[""event_00000281""]",evaluation_receipt,episode_attempt_bc91e8badbf4445ddd93,3d4b3e821fc2555af07887c8f97c03465fe8a8b053bce98b3759615d0532a95f,true
result_0e2a7f62cfa9ecca18697066,runplan_3437cc2140094e14,cell_bb3e6c5c78d094df16f4,housing_v1__experiment__000007,housing_v1,housing_controlled_model_landlords_experiment,episode_attempt_bc91e8badbf4445ddd93,3d4b3e821fc2555af07887c8f97c03465fe8a8b053bce98b3759615d0532a95f,included,housing_social_welfare_leaf,1.0.0,social_welfare,1.0.0,capture,landlord_2,landlord_2,75.42,utility_points,"{""disagreement_utility"":0.0}",ok,valid,[],"[""event_00000281""]",evaluation_receipt,episode_attempt_bc91e8badbf4445ddd93,3d4b3e821fc2555af07887c8f97c03465fe8a8b053bce98b3759615d0532a95f,true
result_95cb82e2dadfa7abe1e3be9e,runplan_3437cc2140094e14,cell_bb3e6c5c78d094df16f4,housing_v1__experiment__000007,housing_v1,housing_controlled_model_landlords_experiment,episode_attempt_bc91e8badbf4445ddd93,3d4b3e821fc2555af07887c8f97c03465fe8a8b053bce98b3759615d0532a95f,included,housing_social_welfare_leaf,1.0.0,social_welfare,1.0.0,capture,landlord_3,landlord_3,84.7,utility_points,"{""disagreement_utility"":0.0}",ok,valid,[],"[""event_00000281""]",evaluation_receipt,episode_attempt_bc91e8badbf4445ddd93,3d4b3e821fc2555af07887c8f97c03465fe8a8b053bce98b3759615d0532a95f,true
result_84b92918989d446ad0de71d5,runplan_3437cc2140094e14,cell_bb3e6c5c78d094df16f4,housing_v1__experiment__000007,housing_v1,housing_controlled_model_landlords_experiment,episode_attempt_bc91e8badbf4445ddd93,3d4b3e821fc2555af07887c8f97c03465fe8a8b053bce98b3759615d0532a95f,included,housing_social_welfare_leaf,1.0.0,social_welfare,1.0.0,capture,landlord_4,landlord_4,38.4,utility_points,"{""disagreement_utility"":0.0}",ok,valid,[],"[""event_00000281""]",evaluation_receipt,episode_attempt_bc91e8badbf4445ddd93,3d4b3e821fc2555af07887c8f97c03465fe8a8b053bce98b3759615d0532a95f,true
result_2095efde6ed2b90a0f1e8433,runplan_3437cc2140094e14,cell_bb3e6c5c78d094df16f4,housing_v1__experiment__000007,housing_v1,housing_controlled_model_landlords_experiment,episode_attempt_bc91e8badbf4445ddd93,3d4b3e821fc2555af07887c8f97c03465fe8a8b053bce98b3759615d0532a95f,included,housing_social_welfare_leaf,1.0.0,social_welfare,1.0.0,capture,tenant_0,tenant_0,37.95,utility_points,"{""disagreement_utility"":0.0}",ok,valid,[],"[""event_00000281""]",evaluation_receipt,episode_attempt_bc91e8badbf4445ddd93,3d4b3e821fc2555af07887c8f97c03465fe8a8b053bce98b3759615d0532a95f,true
result_1e2faa267a40c01d9141204c,runplan_3437cc2140094e14,cell_bb3e6c5c78d094df16f4,housing_v1__experiment__000007,housing_v1,housing_controlled_model_landlords_experiment,episode_attempt_bc91e8badbf4445ddd93,3d4b3e821fc2555af07887c8f97c03465fe8a8b053bce98b3759615d0532a95f,included,housing_social_welfare_leaf,1.0.0,social_welfare,1.0.0,capture,tenant_1,tenant_1,29.64,utility_points,"{""disagreement_utility"":0.0}",ok,valid,[],"[""event_00000281""]",evaluation_receipt,episode_attempt_bc91e8badbf4445ddd93,3d4b3e821fc2555af07887c8f97c03465fe8a8b053bce98b3759615d0532a95f,true
result_34a35b9f5ffbf301d7baa561,runplan_3437cc2140094e14,cell_bb3e6c5c78d094df16f4,housing_v1__experiment__000007,housing_v1,housing_controlled_model_landlords_experiment,episode_attempt_bc91e8badbf4445ddd93,3d4b3e821fc2555af07887c8f97c03465fe8a8b053bce98b3759615d0532a95f,included,housing_social_welfare_leaf,1.0.0,social_welfare,1.0.0,capture,tenant_2,tenant_2,0.0,utility_points,"{""disagreement_utility"":0.0}",ok,valid,[],"[""event_00000281""]",evaluation_receipt,episode_attempt_bc91e8badbf4445ddd93,3d4b3e821fc2555af07887c8f97c03465fe8a8b053bce98b3759615d0532a95f,true
result_253d8925e30510400442a380,runplan_3437cc2140094e14,cell_bb3e6c5c78d094df16f4,housing_v1__experiment__000007,housing_v1,housing_controlled_model_landlords_experiment,episode_attempt_bc91e8badbf4445ddd93,3d4b3e821fc2555af07887c8f97c03465fe8a8b053bce98b3759615d0532a95f,included,housing_social_welfare_leaf,1.0.0,social_welfare,1.0.0,capture,tenant_3,tenant_3,77.34,utility_points,"{""disagreement_utility"":0.0}",ok,valid,[],"[""event_00000281""]",evaluation_receipt,episode_attempt_bc91e8badbf4445ddd93,3d4b3e821fc2555af07887c8f97c03465fe8a8b053bce98b3759615d0532a95f,true
result_2403a588b2f29c2364e1f19c,runplan_3437cc2140094e14,cell_bb3e6c5c78d094df16f4,housing_v1__experiment__000007,housing_v1,housing_controlled_model_landlords_experiment,episode_attempt_bc91e8badbf4445ddd93,3d4b3e821fc2555af07887c8f97c03465fe8a8b053bce98b3759615d0532a95f,included,housing_social_welfare_leaf,1.0.0,social_welfare,1.0.0,capture,tenant_4,tenant_4,159.51,utility_points,"{""disagreement_utility"":0.0}",ok,valid,[],"[""event_00000281""]",evaluation_receipt,episode_attempt_bc91e8badbf4445ddd93,3d4b3e821fc2555af07887c8f97c03465fe8a8b053bce98b3759615d0532a95f,true
result_b31d6f47c962444f0a5ca36f,runplan_3437cc2140094e14,cell_bb3e6c5c78d094df16f4,housing_v1__experiment__000007,housing_v1,housing_controlled_model_landlords_experiment,episode_attempt_bc91e8badbf4445ddd93,3d4b3e821fc2555af07887c8f97c03465fe8a8b053bce98b3759615d0532a95f,included,housing_social_welfare_leaf,1.0.0,social_welfare,1.0.0,capture,tenant_5,tenant_5,0.0,utility_points,"{""disagreement_utility"":0.0}",ok,valid,[],"[""event_00000281""]",evaluation_receipt,episode_attempt_bc91e8badbf4445ddd93,3d4b3e821fc2555af07887c8f97c03465fe8a8b053bce98b3759615d0532a95f,true
result_032cd54671eb33e12a8660f0,runplan_3437cc2140094e14,cell_bc310d4e3a2015b27d32,housing_v1__experiment__000004,housing_v1,housing_controlled_model_landlords_experiment,episode_attempt_cea87dc2c7a691ed9ca3,19009363b7b8df80cdcdee5146723793e1b219147070334ce036a355fb6dbd3d,included,housing_social_welfare_leaf,1.0.0,social_welfare,1.0.0,primary,social_welfare,,1254.49,utility_points,{},ok,valid,[],"[""event_00000271""]",evaluation_receipt,episode_attempt_cea87dc2c7a691ed9ca3,19009363b7b8df80cdcdee5146723793e1b219147070334ce036a355fb6dbd3d,true
result_9eedb8177daf5af3fc3d62e9,runplan_3437cc2140094e14,cell_bc310d4e3a2015b27d32,housing_v1__experiment__000004,housing_v1,housing_controlled_model_landlords_experiment,episode_attempt_cea87dc2c7a691ed9ca3,19009363b7b8df80cdcdee5146723793e1b219147070334ce036a355fb6dbd3d,included,housing_social_welfare_leaf,1.0.0,social_welfare,1.0.0,metric,comparison_baseline_gap,,-35.91000000000008,utility_points,{},ok,valid,[],"[""event_00000271""]",evaluation_receipt,episode_attempt_cea87dc2c7a691ed9ca3,19009363b7b8df80cdcdee5146723793e1b219147070334ce036a355fb6dbd3d,true
result_50e279a15fd5a92ab5fffe0a,runplan_3437cc2140094e14,cell_bc310d4e3a2015b27d32,housing_v1__experiment__000004,housing_v1,housing_controlled_model_landlords_experiment,episode_attempt_cea87dc2c7a691ed9ca3,19009363b7b8df80cdcdee5146723793e1b219147070334ce036a355fb6dbd3d,included,housing_social_welfare_leaf,1.0.0,social_welfare,1.0.0,metric,ir_violation_count,,0.0,count,{},ok,valid,[],"[""event_00000271""]",evaluation_receipt,episode_attempt_cea87dc2c7a691ed9ca3,19009363b7b8df80cdcdee5146723793e1b219147070334ce036a355fb6dbd3d,true
result_3a05afabd3513cee9e020e88,runplan_3437cc2140094e14,cell_bc310d4e3a2015b27d32,housing_v1__experiment__000004,housing_v1,housing_controlled_model_landlords_experiment,episode_attempt_cea87dc2c7a691ed9ca3,19009363b7b8df80cdcdee5146723793e1b219147070334ce036a355fb6dbd3d,included,housing_social_welfare_leaf,1.0.0,social_welfare,1.0.0,metric,social_welfare,,1254.49,utility_points,{},ok,valid,[],"[""event_00000271""]",evaluation_receipt,episode_attempt_cea87dc2c7a691ed9ca3,19009363b7b8df80cdcdee5146723793e1b219147070334ce036a355fb6dbd3d,true
result_7a2a499580a8012f31e3cd23,runplan_3437cc2140094e14,cell_bc310d4e3a2015b27d32,housing_v1__experiment__000004,housing_v1,housing_controlled_model_landlords_experiment,episode_attempt_cea87dc2c7a691ed9ca3,19009363b7b8df80cdcdee5146723793e1b219147070334ce036a355fb6dbd3d,included,housing_social_welfare_leaf,1.0.0,social_welfare,1.0.0,metric,upper_bound_gap,,205.73000000000002,utility_points,{},ok,valid,[],"[""event_00000271""]",evaluation_receipt,episode_attempt_cea87dc2c7a691ed9ca3,19009363b7b8df80cdcdee5146723793e1b219147070334ce036a355fb6dbd3d,true
result_218e512c46d2b74eafdaf976,runplan_3437cc2140094e14,cell_bc310d4e3a2015b27d32,housing_v1__experiment__000004,housing_v1,housing_controlled_model_landlords_experiment,episode_attempt_cea87dc2c7a691ed9ca3,19009363b7b8df80cdcdee5146723793e1b219147070334ce036a355fb6dbd3d,included,housing_social_welfare_leaf,1.0.0,social_welfare,1.0.0,metric,wasted_contacts,,8.0,count,{},ok,valid,[],"[""event_00000271""]",evaluation_receipt,episode_attempt_cea87dc2c7a691ed9ca3,19009363b7b8df80cdcdee5146723793e1b219147070334ce036a355fb6dbd3d,true
result_c534b9fa52d5fded1d48524c,runplan_3437cc2140094e14,cell_bc310d4e3a2015b27d32,housing_v1__experiment__000004,housing_v1,housing_controlled_model_landlords_experiment,episode_attempt_cea87dc2c7a691ed9ca3,19009363b7b8df80cdcdee5146723793e1b219147070334ce036a355fb6dbd3d,included,housing_social_welfare_leaf,1.0.0,social_welfare,1.0.0,metric,within_case_score,,0.8591102710550464,ratio,{},ok,valid,[],"[""event_00000271""]",evaluation_receipt,episode_attempt_cea87dc2c7a691ed9ca3,19009363b7b8df80cdcdee5146723793e1b219147070334ce036a355fb6dbd3d,true
result_b883b92fddb01c824d50d1b0,runplan_3437cc2140094e14,cell_bc310d4e3a2015b27d32,housing_v1__experiment__000004,housing_v1,housing_controlled_model_landlords_experiment,episode_attempt_cea87dc2c7a691ed9ca3,19009363b7b8df80cdcdee5146723793e1b219147070334ce036a355fb6dbd3d,included,housing_social_welfare_leaf,1.0.0,social_welfare,1.0.0,reference,comparison_baseline,,1290.4,utility_points,"{""policy"":""naive"",""reference_kind"":""comparison_baseline""}",ok,valid,[],"[""event_00000271""]",evaluation_receipt,episode_attempt_cea87dc2c7a691ed9ca3,19009363b7b8df80cdcdee5146723793e1b219147070334ce036a355fb6dbd3d,true
result_6c858fc136717131bb8b1717,runplan_3437cc2140094e14,cell_bc310d4e3a2015b27d32,housing_v1__experiment__000004,housing_v1,housing_controlled_model_landlords_experiment,episode_attempt_cea87dc2c7a691ed9ca3,19009363b7b8df80cdcdee5146723793e1b219147070334ce036a355fb6dbd3d,included,housing_social_welfare_leaf,1.0.0,social_welfare,1.0.0,reference,optimum_lower_bound,,0.0,utility_points,"{""policy"":""do_nothing"",""reference_kind"":""objective_lower_bound""}",ok,valid,[],"[""event_00000271""]",evaluation_receipt,episode_attempt_cea87dc2c7a691ed9ca3,19009363b7b8df80cdcdee5146723793e1b219147070334ce036a355fb6dbd3d,true
result_0fda2be7347ddd88a25613cf,runplan_3437cc2140094e14,cell_bc310d4e3a2015b27d32,housing_v1__experiment__000004,housing_v1,housing_controlled_model_landlords_experiment,episode_attempt_cea87dc2c7a691ed9ca3,19009363b7b8df80cdcdee5146723793e1b219147070334ce036a355fb6dbd3d,included,housing_social_welfare_leaf,1.0.0,social_welfare,1.0.0,reference,optimum_upper_bound,,1460.22,utility_points,"{""reference_kind"":""objective_upper_bound"",""semantics"":""full_information_allocation_relaxation""}",ok,valid,[],"[""event_00000271""]",evaluation_receipt,episode_attempt_cea87dc2c7a691ed9ca3,19009363b7b8df80cdcdee5146723793e1b219147070334ce036a355fb6dbd3d,true
result_1db25ab7bb34ab045c447230,runplan_3437cc2140094e14,cell_bc310d4e3a2015b27d32,housing_v1__experiment__000004,housing_v1,housing_controlled_model_landlords_experiment,episode_attempt_cea87dc2c7a691ed9ca3,19009363b7b8df80cdcdee5146723793e1b219147070334ce036a355fb6dbd3d,included,housing_social_welfare_leaf,1.0.0,social_welfare,1.0.0,utility,landlord_0,landlord_0,0.0,utility_points,"{""disagreement_utility"":0.0}",ok,valid,[],"[""event_00000271""]",evaluation_receipt,episode_attempt_cea87dc2c7a691ed9ca3,19009363b7b8df80cdcdee5146723793e1b219147070334ce036a355fb6dbd3d,true
result_e6d799484e809b513c7bfdf5,runplan_3437cc2140094e14,cell_bc310d4e3a2015b27d32,housing_v1__experiment__000004,housing_v1,housing_controlled_model_landlords_experiment,episode_attempt_cea87dc2c7a691ed9ca3,19009363b7b8df80cdcdee5146723793e1b219147070334ce036a355fb6dbd3d,included,housing_social_welfare_leaf,1.0.0,social_welfare,1.0.0,utility,landlord_1,landlord_1,245.25,utility_points,"{""disagreement_utility"":0.0}",ok,valid,[],"[""event_00000271""]",evaluation_receipt,episode_attempt_cea87dc2c7a691ed9ca3,19009363b7b8df80cdcdee5146723793e1b219147070334ce036a355fb6dbd3d,true
result_9a994c53ae93d7c1699325a2,runplan_3437cc2140094e14,cell_bc310d4e3a2015b27d32,housing_v1__experiment__000004,housing_v1,housing_controlled_model_landlords_experiment,episode_attempt_cea87dc2c7a691ed9ca3,19009363b7b8df80cdcdee5146723793e1b219147070334ce036a355fb6dbd3d,included,housing_social_welfare_leaf,1.0.0,social_welfare,1.0.0,utility,landlord_2,landlord_2,52.76,utility_points,"{""disagreement_utility"":0.0}",ok,valid,[],"[""event_00000271""]",evaluation_receipt,episode_attempt_cea87dc2c7a691ed9ca3,19009363b7b8df80cdcdee5146723793e1b219147070334ce036a355fb6dbd3d,true
result_0d8a35e1f32e9df6a70d325b,runplan_3437cc2140094e14,cell_bc310d4e3a2015b27d32,housing_v1__experiment__000004,housing_v1,housing_controlled_model_landlords_experiment,episode_attempt_cea87dc2c7a691ed9ca3,19009363b7b8df80cdcdee5146723793e1b219147070334ce036a355fb6dbd3d,included,housing_social_welfare_leaf,1.0.0,social_welfare,1.0.0,utility,landlord_3,landlord_3,211.18,utility_points,"{""disagreement_utility"":0.0}",ok,valid,[],"[""event_00000271""]",evaluation_receipt,episode_attempt_cea87dc2c7a691ed9ca3,19009363b7b8df80cdcdee5146723793e1b219147070334ce036a355fb6dbd3d,true
result_2582530a7484cc2144c6fc24,runplan_3437cc2140094e14,cell_bc310d4e3a2015b27d32,housing_v1__experiment__000004,housing_v1,housing_controlled_model_landlords_experiment,episode_attempt_cea87dc2c7a691ed9ca3,19009363b7b8df80cdcdee5146723793e1b219147070334ce036a355fb6dbd3d,included,housing_social_welfare_leaf,1.0.0,social_welfare,1.0.0,utility,landlord_4,landlord_4,0.0,utility_points,"{""disagreement_utility"":0.0}",ok,valid,[],"[""event_00000271""]",evaluation_receipt,episode_attempt_cea87dc2c7a691ed9ca3,19009363b7b8df80cdcdee5146723793e1b219147070334ce036a355fb6dbd3d,true
result_3a655428990d596a0f1a9423,runplan_3437cc2140094e14,cell_bc310d4e3a2015b27d32,housing_v1__experiment__000004,housing_v1,housing_controlled_model_landlords_experiment,episode_attempt_cea87dc2c7a691ed9ca3,19009363b7b8df80cdcdee5146723793e1b219147070334ce036a355fb6dbd3d,included,housing_social_welfare_leaf,1.0.0,social_welfare,1.0.0,utility,tenant_0,tenant_0,275.23,utility_points,"{""disagreement_utility"":0.0}",ok,valid,[],"[""event_00000271""]",evaluation_receipt,episode_attempt_cea87dc2c7a691ed9ca3,19009363b7b8df80cdcdee5146723793e1b219147070334ce036a355fb6dbd3d,true
result_c23012e8be44ab86da3ecfcf,runplan_3437cc2140094e14,cell_bc310d4e3a2015b27d32,housing_v1__experiment__000004,housing_v1,housing_controlled_model_landlords_experiment,episode_attempt_cea87dc2c7a691ed9ca3,19009363b7b8df80cdcdee5146723793e1b219147070334ce036a355fb6dbd3d,included,housing_social_welfare_leaf,1.0.0,social_welfare,1.0.0,utility,tenant_1,tenant_1,0.0,utility_points,"{""disagreement_utility"":0.0}",ok,valid,[],"[""event_00000271""]",evaluation_receipt,episode_attempt_cea87dc2c7a691ed9ca3,19009363b7b8df80cdcdee5146723793e1b219147070334ce036a355fb6dbd3d,true
result_542294acd5894ef7b21ceb80,runplan_3437cc2140094e14,cell_bc310d4e3a2015b27d32,housing_v1__experiment__000004,housing_v1,housing_controlled_model_landlords_experiment,episode_attempt_cea87dc2c7a691ed9ca3,19009363b7b8df80cdcdee5146723793e1b219147070334ce036a355fb6dbd3d,included,housing_social_welfare_leaf,1.0.0,social_welfare,1.0.0,utility,tenant_2,tenant_2,0.0,utility_points,"{""disagreement_utility"":0.0}",ok,valid,[],"[""event_00000271""]",evaluation_receipt,episode_attempt_cea87dc2c7a691ed9ca3,19009363b7b8df80cdcdee5146723793e1b219147070334ce036a355fb6dbd3d,true
result_f9cc85cf729dbb7e93c37231,runplan_3437cc2140094e14,cell_bc310d4e3a2015b27d32,housing_v1__experiment__000004,housing_v1,housing_controlled_model_landlords_experiment,episode_attempt_cea87dc2c7a691ed9ca3,19009363b7b8df80cdcdee5146723793e1b219147070334ce036a355fb6dbd3d,included,housing_social_welfare_leaf,1.0.0,social_welfare,1.0.0,utility,tenant_3,tenant_3,417.93,utility_points,"{""disagreement_utility"":0.0}",ok,valid,[],"[""event_00000271""]",evaluation_receipt,episode_attempt_cea87dc2c7a691ed9ca3,19009363b7b8df80cdcdee5146723793e1b219147070334ce036a355fb6dbd3d,true
result_9f3d97db8b1c42561af8a683,runplan_3437cc2140094e14,cell_bc310d4e3a2015b27d32,housing_v1__experiment__000004,housing_v1,housing_controlled_model_landlords_experiment,episode_attempt_cea87dc2c7a691ed9ca3,19009363b7b8df80cdcdee5146723793e1b219147070334ce036a355fb6dbd3d,included,housing_social_welfare_leaf,1.0.0,social_welfare,1.0.0,utility,tenant_4,tenant_4,52.14,utility_points,"{""disagreement_utility"":0.0}",ok,valid,[],"[""event_00000271""]",evaluation_receipt,episode_attempt_cea87dc2c7a691ed9ca3,19009363b7b8df80cdcdee5146723793e1b219147070334ce036a355fb6dbd3d,true
result_3b65d84eb722778311479858,runplan_3437cc2140094e14,cell_bc310d4e3a2015b27d32,housing_v1__experiment__000004,housing_v1,housing_controlled_model_landlords_experiment,episode_attempt_cea87dc2c7a691ed9ca3,19009363b7b8df80cdcdee5146723793e1b219147070334ce036a355fb6dbd3d,included,housing_social_welfare_leaf,1.0.0,social_welfare,1.0.0,utility,tenant_5,tenant_5,0.0,utility_points,"{""disagreement_utility"":0.0}",ok,valid,[],"[""event_00000271""]",evaluation_receipt,episode_attempt_cea87dc2c7a691ed9ca3,19009363b7b8df80cdcdee5146723793e1b219147070334ce036a355fb6dbd3d,true
result_164b6006c7d2ef7ccf40d9c1,runplan_3437cc2140094e14,cell_bc310d4e3a2015b27d32,housing_v1__experiment__000004,housing_v1,housing_controlled_model_landlords_experiment,episode_attempt_cea87dc2c7a691ed9ca3,19009363b7b8df80cdcdee5146723793e1b219147070334ce036a355fb6dbd3d,included,housing_social_welfare_leaf,1.0.0,social_welfare,1.0.0,capture,landlord_0,landlord_0,0.0,utility_points,"{""disagreement_utility"":0.0}",ok,valid,[],"[""event_00000271""]",evaluation_receipt,episode_attempt_cea87dc2c7a691ed9ca3,19009363b7b8df80cdcdee5146723793e1b219147070334ce036a355fb6dbd3d,true
result_9d92958eb13eeb42e554fd2a,runplan_3437cc2140094e14,cell_bc310d4e3a2015b27d32,housing_v1__experiment__000004,housing_v1,housing_controlled_model_landlords_experiment,episode_attempt_cea87dc2c7a691ed9ca3,19009363b7b8df80cdcdee5146723793e1b219147070334ce036a355fb6dbd3d,included,housing_social_welfare_leaf,1.0.0,social_welfare,1.0.0,capture,landlord_1,landlord_1,245.25,utility_points,"{""disagreement_utility"":0.0}",ok,valid,[],"[""event_00000271""]",evaluation_receipt,episode_attempt_cea87dc2c7a691ed9ca3,19009363b7b8df80cdcdee5146723793e1b219147070334ce036a355fb6dbd3d,true
result_a63c69ab9c4637d0fc5eef7b,runplan_3437cc2140094e14,cell_bc310d4e3a2015b27d32,housing_v1__experiment__000004,housing_v1,housing_controlled_model_landlords_experiment,episode_attempt_cea87dc2c7a691ed9ca3,19009363b7b8df80cdcdee5146723793e1b219147070334ce036a355fb6dbd3d,included,housing_social_welfare_leaf,1.0.0,social_welfare,1.0.0,capture,landlord_2,landlord_2,52.76,utility_points,"{""disagreement_utility"":0.0}",ok,valid,[],"[""event_00000271""]",evaluation_receipt,episode_attempt_cea87dc2c7a691ed9ca3,19009363b7b8df80cdcdee5146723793e1b219147070334ce036a355fb6dbd3d,true
result_1396cf5e66b8baa12d6bf3fa,runplan_3437cc2140094e14,cell_bc310d4e3a2015b27d32,housing_v1__experiment__000004,housing_v1,housing_controlled_model_landlords_experiment,episode_attempt_cea87dc2c7a691ed9ca3,19009363b7b8df80cdcdee5146723793e1b219147070334ce036a355fb6dbd3d,included,housing_social_welfare_leaf,1.0.0,social_welfare,1.0.0,capture,landlord_3,landlord_3,211.18,utility_points,"{""disagreement_utility"":0.0}",ok,valid,[],"[""event_00000271""]",evaluation_receipt,episode_attempt_cea87dc2c7a691ed9ca3,19009363b7b8df80cdcdee5146723793e1b219147070334ce036a355fb6dbd3d,true
result_a38d8d45d854cafff99d4be6,runplan_3437cc2140094e14,cell_bc310d4e3a2015b27d32,housing_v1__experiment__000004,housing_v1,housing_controlled_model_landlords_experiment,episode_attempt_cea87dc2c7a691ed9ca3,19009363b7b8df80cdcdee5146723793e1b219147070334ce036a355fb6dbd3d,included,housing_social_welfare_leaf,1.0.0,social_welfare,1.0.0,capture,landlord_4,landlord_4,0.0,utility_points,"{""disagreement_utility"":0.0}",ok,valid,[],"[""event_00000271""]",evaluation_receipt,episode_attempt_cea87dc2c7a691ed9ca3,19009363b7b8df80cdcdee5146723793e1b219147070334ce036a355fb6dbd3d,true
result_6a4af47dbe7a46e437fb02a7,runplan_3437cc2140094e14,cell_bc310d4e3a2015b27d32,housing_v1__experiment__000004,housing_v1,housing_controlled_model_landlords_experiment,episode_attempt_cea87dc2c7a691ed9ca3,19009363b7b8df80cdcdee5146723793e1b219147070334ce036a355fb6dbd3d,included,housing_social_welfare_leaf,1.0.0,social_welfare,1.0.0,capture,tenant_0,tenant_0,275.23,utility_points,"{""disagreement_utility"":0.0}",ok,valid,[],"[""event_00000271""]",evaluation_receipt,episode_attempt_cea87dc2c7a691ed9ca3,19009363b7b8df80cdcdee5146723793e1b219147070334ce036a355fb6dbd3d,true
result_8f3e0b50fa679e0aeb769975,runplan_3437cc2140094e14,cell_bc310d4e3a2015b27d32,housing_v1__experiment__000004,housing_v1,housing_controlled_model_landlords_experiment,episode_attempt_cea87dc2c7a691ed9ca3,19009363b7b8df80cdcdee5146723793e1b219147070334ce036a355fb6dbd3d,included,housing_social_welfare_leaf,1.0.0,social_welfare,1.0.0,capture,tenant_1,tenant_1,0.0,utility_points,"{""disagreement_utility"":0.0}",ok,valid,[],"[""event_00000271""]",evaluation_receipt,episode_attempt_cea87dc2c7a691ed9ca3,19009363b7b8df80cdcdee5146723793e1b219147070334ce036a355fb6dbd3d,true
result_5fd71d2e5310dbad952f1067,runplan_3437cc2140094e14,cell_bc310d4e3a2015b27d32,housing_v1__experiment__000004,housing_v1,housing_controlled_model_landlords_experiment,episode_attempt_cea87dc2c7a691ed9ca3,19009363b7b8df80cdcdee5146723793e1b219147070334ce036a355fb6dbd3d,included,housing_social_welfare_leaf,1.0.0,social_welfare,1.0.0,capture,tenant_2,tenant_2,0.0,utility_points,"{""disagreement_utility"":0.0}",ok,valid,[],"[""event_00000271""]",evaluation_receipt,episode_attempt_cea87dc2c7a691ed9ca3,19009363b7b8df80cdcdee5146723793e1b219147070334ce036a355fb6dbd3d,true
result_fb8c681fbf91c7b6ec8a26eb,runplan_3437cc2140094e14,cell_bc310d4e3a2015b27d32,housing_v1__experiment__000004,housing_v1,housing_controlled_model_landlords_experiment,episode_attempt_cea87dc2c7a691ed9ca3,19009363b7b8df80cdcdee5146723793e1b219147070334ce036a355fb6dbd3d,included,housing_social_welfare_leaf,1.0.0,social_welfare,1.0.0,capture,tenant_3,tenant_3,417.93,utility_points,"{""disagreement_utility"":0.0}",ok,valid,[],"[""event_00000271""]",evaluation_receipt,episode_attempt_cea87dc2c7a691ed9ca3,19009363b7b8df80cdcdee5146723793e1b219147070334ce036a355fb6dbd3d,true
result_a7ee4c08716ce6dfc3860ed2,runplan_3437cc2140094e14,cell_bc310d4e3a2015b27d32,housing_v1__experiment__000004,housing_v1,housing_controlled_model_landlords_experiment,episode_attempt_cea87dc2c7a691ed9ca3,19009363b7b8df80cdcdee5146723793e1b219147070334ce036a355fb6dbd3d,included,housing_social_welfare_leaf,1.0.0,social_welfare,1.0.0,capture,tenant_4,tenant_4,52.14,utility_points,"{""disagreement_utility"":0.0}",ok,valid,[],"[""event_00000271""]",evaluation_receipt,episode_attempt_cea87dc2c7a691ed9ca3,19009363b7b8df80cdcdee5146723793e1b219147070334ce036a355fb6dbd3d,true
result_7fed06be102acd556be5331e,runplan_3437cc2140094e14,cell_bc310d4e3a2015b27d32,housing_v1__experiment__000004,housing_v1,housing_controlled_model_landlords_experiment,episode_attempt_cea87dc2c7a691ed9ca3,19009363b7b8df80cdcdee5146723793e1b219147070334ce036a355fb6dbd3d,included,housing_social_welfare_leaf,1.0.0,social_welfare,1.0.0,capture,tenant_5,tenant_5,0.0,utility_points,"{""disagreement_utility"":0.0}",ok,valid,[],"[""event_00000271""]",evaluation_receipt,episode_attempt_cea87dc2c7a691ed9ca3,19009363b7b8df80cdcdee5146723793e1b219147070334ce036a355fb6dbd3d,true
result_a6c605663d477c77684d65d6,runplan_3437cc2140094e14,cell_bfde15dace04b6a885f0,housing_v1__experiment__000001,housing_v1,housing_controlled_model_landlords_experiment,episode_attempt_76067a8d0fe2f0f4424a,d5e5083c776638d733635dcf6c42ec50b9a3d547744a91824e8d09b58a325006,included,housing_social_welfare_leaf,1.0.0,social_welfare,1.0.0,primary,social_welfare,,1608.25,utility_points,{},ok,valid,[],"[""event_00000219""]",evaluation_receipt,episode_attempt_76067a8d0fe2f0f4424a,d5e5083c776638d733635dcf6c42ec50b9a3d547744a91824e8d09b58a325006,true
result_d7be27e72812b461ebf3277d,runplan_3437cc2140094e14,cell_bfde15dace04b6a885f0,housing_v1__experiment__000001,housing_v1,housing_controlled_model_landlords_experiment,episode_attempt_76067a8d0fe2f0f4424a,d5e5083c776638d733635dcf6c42ec50b9a3d547744a91824e8d09b58a325006,included,housing_social_welfare_leaf,1.0.0,social_welfare,1.0.0,metric,comparison_baseline_gap,,0.0,utility_points,{},ok,valid,[],"[""event_00000219""]",evaluation_receipt,episode_attempt_76067a8d0fe2f0f4424a,d5e5083c776638d733635dcf6c42ec50b9a3d547744a91824e8d09b58a325006,true
result_76c0c0b6024b49b309fc3361,runplan_3437cc2140094e14,cell_bfde15dace04b6a885f0,housing_v1__experiment__000001,housing_v1,housing_controlled_model_landlords_experiment,episode_attempt_76067a8d0fe2f0f4424a,d5e5083c776638d733635dcf6c42ec50b9a3d547744a91824e8d09b58a325006,included,housing_social_welfare_leaf,1.0.0,social_welfare,1.0.0,metric,ir_violation_count,,0.0,count,{},ok,valid,[],"[""event_00000219""]",evaluation_receipt,episode_attempt_76067a8d0fe2f0f4424a,d5e5083c776638d733635dcf6c42ec50b9a3d547744a91824e8d09b58a325006,true
result_58c124b6f4988002c02d7045,runplan_3437cc2140094e14,cell_bfde15dace04b6a885f0,housing_v1__experiment__000001,housing_v1,housing_controlled_model_landlords_experiment,episode_attempt_76067a8d0fe2f0f4424a,d5e5083c776638d733635dcf6c42ec50b9a3d547744a91824e8d09b58a325006,included,housing_social_welfare_leaf,1.0.0,social_welfare,1.0.0,metric,social_welfare,,1608.25,utility_points,{},ok,valid,[],"[""event_00000219""]",evaluation_receipt,episode_attempt_76067a8d0fe2f0f4424a,d5e5083c776638d733635dcf6c42ec50b9a3d547744a91824e8d09b58a325006,true
result_54fd79f6acf2e99a6731c220,runplan_3437cc2140094e14,cell_bfde15dace04b6a885f0,housing_v1__experiment__000001,housing_v1,housing_controlled_model_landlords_experiment,episode_attempt_76067a8d0fe2f0f4424a,d5e5083c776638d733635dcf6c42ec50b9a3d547744a91824e8d09b58a325006,included,housing_social_welfare_leaf,1.0.0,social_welfare,1.0.0,metric,upper_bound_gap,,180.74,utility_points,{},ok,valid,[],"[""event_00000219""]",evaluation_receipt,episode_attempt_76067a8d0fe2f0f4424a,d5e5083c776638d733635dcf6c42ec50b9a3d547744a91824e8d09b58a325006,true
result_ffd0086c70eea69851b7e371,runplan_3437cc2140094e14,cell_bfde15dace04b6a885f0,housing_v1__experiment__000001,housing_v1,housing_controlled_model_landlords_experiment,episode_attempt_76067a8d0fe2f0f4424a,d5e5083c776638d733635dcf6c42ec50b9a3d547744a91824e8d09b58a325006,included,housing_social_welfare_leaf,1.0.0,social_welfare,1.0.0,metric,wasted_contacts,,5.0,count,{},ok,valid,[],"[""event_00000219""]",evaluation_receipt,episode_attempt_76067a8d0fe2f0f4424a,d5e5083c776638d733635dcf6c42ec50b9a3d547744a91824e8d09b58a325006,true
result_0263dacbf551de0964a976aa,runplan_3437cc2140094e14,cell_bfde15dace04b6a885f0,housing_v1__experiment__000001,housing_v1,housing_controlled_model_landlords_experiment,episode_attempt_76067a8d0fe2f0f4424a,d5e5083c776638d733635dcf6c42ec50b9a3d547744a91824e8d09b58a325006,included,housing_social_welfare_leaf,1.0.0,social_welfare,1.0.0,metric,within_case_score,,0.8989709277301717,ratio,{},ok,valid,[],"[""event_00000219""]",evaluation_receipt,episode_attempt_76067a8d0fe2f0f4424a,d5e5083c776638d733635dcf6c42ec50b9a3d547744a91824e8d09b58a325006,true
result_736e90086c5776009dcf3b9e,runplan_3437cc2140094e14,cell_bfde15dace04b6a885f0,housing_v1__experiment__000001,housing_v1,housing_controlled_model_landlords_experiment,episode_attempt_76067a8d0fe2f0f4424a,d5e5083c776638d733635dcf6c42ec50b9a3d547744a91824e8d09b58a325006,included,housing_social_welfare_leaf,1.0.0,social_welfare,1.0.0,reference,comparison_baseline,,1608.25,utility_points,"{""policy"":""naive"",""reference_kind"":""comparison_baseline""}",ok,valid,[],"[""event_00000219""]",evaluation_receipt,episode_attempt_76067a8d0fe2f0f4424a,d5e5083c776638d733635dcf6c42ec50b9a3d547744a91824e8d09b58a325006,true
result_59a20b3bca9680c3118a4b35,runplan_3437cc2140094e14,cell_bfde15dace04b6a885f0,housing_v1__experiment__000001,housing_v1,housing_controlled_model_landlords_experiment,episode_attempt_76067a8d0fe2f0f4424a,d5e5083c776638d733635dcf6c42ec50b9a3d547744a91824e8d09b58a325006,included,housing_social_welfare_leaf,1.0.0,social_welfare,1.0.0,reference,optimum_lower_bound,,0.0,utility_points,"{""policy"":""do_nothing"",""reference_kind"":""objective_lower_bound""}",ok,valid,[],"[""event_00000219""]",evaluation_receipt,episode_attempt_76067a8d0fe2f0f4424a,d5e5083c776638d733635dcf6c42ec50b9a3d547744a91824e8d09b58a325006,true
result_b20f6efc9fea265578ad6c71,runplan_3437cc2140094e14,cell_bfde15dace04b6a885f0,housing_v1__experiment__000001,housing_v1,housing_controlled_model_landlords_experiment,episode_attempt_76067a8d0fe2f0f4424a,d5e5083c776638d733635dcf6c42ec50b9a3d547744a91824e8d09b58a325006,included,housing_social_welfare_leaf,1.0.0,social_welfare,1.0.0,reference,optimum_upper_bound,,1788.99,utility_points,"{""reference_kind"":""objective_upper_bound"",""semantics"":""full_information_allocation_relaxation""}",ok,valid,[],"[""event_00000219""]",evaluation_receipt,episode_attempt_76067a8d0fe2f0f4424a,d5e5083c776638d733635dcf6c42ec50b9a3d547744a91824e8d09b58a325006,true
result_f1dd6accb7a95ca76b601559,runplan_3437cc2140094e14,cell_bfde15dace04b6a885f0,housing_v1__experiment__000001,housing_v1,housing_controlled_model_landlords_experiment,episode_attempt_76067a8d0fe2f0f4424a,d5e5083c776638d733635dcf6c42ec50b9a3d547744a91824e8d09b58a325006,included,housing_social_welfare_leaf,1.0.0,social_welfare,1.0.0,utility,landlord_0,landlord_0,56.6,utility_points,"{""disagreement_utility"":0.0}",ok,valid,[],"[""event_00000219""]",evaluation_receipt,episode_attempt_76067a8d0fe2f0f4424a,d5e5083c776638d733635dcf6c42ec50b9a3d547744a91824e8d09b58a325006,true
result_c7da6ada5a5749906876ee55,runplan_3437cc2140094e14,cell_bfde15dace04b6a885f0,housing_v1__experiment__000001,housing_v1,housing_controlled_model_landlords_experiment,episode_attempt_76067a8d0fe2f0f4424a,d5e5083c776638d733635dcf6c42ec50b9a3d547744a91824e8d09b58a325006,included,housing_social_welfare_leaf,1.0.0,social_welfare,1.0.0,utility,landlord_1,landlord_1,58.62,utility_points,"{""disagreement_utility"":0.0}",ok,valid,[],"[""event_00000219""]",evaluation_receipt,episode_attempt_76067a8d0fe2f0f4424a,d5e5083c776638d733635dcf6c42ec50b9a3d547744a91824e8d09b58a325006,true
result_2bc437fe6a3e02e9e74d2957,runplan_3437cc2140094e14,cell_bfde15dace04b6a885f0,housing_v1__experiment__000001,housing_v1,housing_controlled_model_landlords_experiment,episode_attempt_76067a8d0fe2f0f4424a,d5e5083c776638d733635dcf6c42ec50b9a3d547744a91824e8d09b58a325006,included,housing_social_welfare_leaf,1.0.0,social_welfare,1.0.0,utility,landlord_2,landlord_2,0.0,utility_points,"{""disagreement_utility"":0.0}",ok,valid,[],"[""event_00000219""]",evaluation_receipt,episode_attempt_76067a8d0fe2f0f4424a,d5e5083c776638d733635dcf6c42ec50b9a3d547744a91824e8d09b58a325006,true
result_39413926bd4834fc0141333b,runplan_3437cc2140094e14,cell_bfde15dace04b6a885f0,housing_v1__experiment__000001,housing_v1,housing_controlled_model_landlords_experiment,episode_attempt_76067a8d0fe2f0f4424a,d5e5083c776638d733635dcf6c42ec50b9a3d547744a91824e8d09b58a325006,included,housing_social_welfare_leaf,1.0.0,social_welfare,1.0.0,utility,landlord_3,landlord_3,297.64,utility_points,"{""disagreement_utility"":0.0}",ok,valid,[],"[""event_00000219""]",evaluation_receipt,episode_attempt_76067a8d0fe2f0f4424a,d5e5083c776638d733635dcf6c42ec50b9a3d547744a91824e8d09b58a325006,true
result_62b404b9df7244a3c2fd0b79,runplan_3437cc2140094e14,cell_bfde15dace04b6a885f0,housing_v1__experiment__000001,housing_v1,housing_controlled_model_landlords_experiment,episode_attempt_76067a8d0fe2f0f4424a,d5e5083c776638d733635dcf6c42ec50b9a3d547744a91824e8d09b58a325006,included,housing_social_welfare_leaf,1.0.0,social_welfare,1.0.0,utility,landlord_4,landlord_4,187.52,utility_points,"{""disagreement_utility"":0.0}",ok,valid,[],"[""event_00000219""]",evaluation_receipt,episode_attempt_76067a8d0fe2f0f4424a,d5e5083c776638d733635dcf6c42ec50b9a3d547744a91824e8d09b58a325006,true
result_ce09fe1cd244936524958687,runplan_3437cc2140094e14,cell_bfde15dace04b6a885f0,housing_v1__experiment__000001,housing_v1,housing_controlled_model_landlords_experiment,episode_attempt_76067a8d0fe2f0f4424a,d5e5083c776638d733635dcf6c42ec50b9a3d547744a91824e8d09b58a325006,included,housing_social_welfare_leaf,1.0.0,social_welfare,1.0.0,utility,tenant_0,tenant_0,423.79,utility_points,"{""disagreement_utility"":0.0}",ok,valid,[],"[""event_00000219""]",evaluation_receipt,episode_attempt_76067a8d0fe2f0f4424a,d5e5083c776638d733635dcf6c42ec50b9a3d547744a91824e8d09b58a325006,true
result_e323a9883d14095e3f79f5c2,runplan_3437cc2140094e14,cell_bfde15dace04b6a885f0,housing_v1__experiment__000001,housing_v1,housing_controlled_model_landlords_experiment,episode_attempt_76067a8d0fe2f0f4424a,d5e5083c776638d733635dcf6c42ec50b9a3d547744a91824e8d09b58a325006,included,housing_social_welfare_leaf,1.0.0,social_welfare,1.0.0,utility,tenant_1,tenant_1,193.72,utility_points,"{""disagreement_utility"":0.0}",ok,valid,[],"[""event_00000219""]",evaluation_receipt,episode_attempt_76067a8d0fe2f0f4424a,d5e5083c776638d733635dcf6c42ec50b9a3d547744a91824e8d09b58a325006,true
result_ecf0902ef77b60ed5779f1b6,runplan_3437cc2140094e14,cell_bfde15dace04b6a885f0,housing_v1__experiment__000001,housing_v1,housing_controlled_model_landlords_experiment,episode_attempt_76067a8d0fe2f0f4424a,d5e5083c776638d733635dcf6c42ec50b9a3d547744a91824e8d09b58a325006,included,housing_social_welfare_leaf,1.0.0,social_welfare,1.0.0,utility,tenant_2,tenant_2,35.88,utility_points,"{""disagreement_utility"":0.0}",ok,valid,[],"[""event_00000219""]",evaluation_receipt,episode_attempt_76067a8d0fe2f0f4424a,d5e5083c776638d733635dcf6c42ec50b9a3d547744a91824e8d09b58a325006,true
result_e9e01efa0f119a94d5e3308d,runplan_3437cc2140094e14,cell_bfde15dace04b6a885f0,housing_v1__experiment__000001,housing_v1,housing_controlled_model_landlords_experiment,episode_attempt_76067a8d0fe2f0f4424a,d5e5083c776638d733635dcf6c42ec50b9a3d547744a91824e8d09b58a325006,included,housing_social_welfare_leaf,1.0.0,social_welfare,1.0.0,utility,tenant_3,tenant_3,0.0,utility_points,"{""disagreement_utility"":0.0}",ok,valid,[],"[""event_00000219""]",evaluation_receipt,episode_attempt_76067a8d0fe2f0f4424a,d5e5083c776638d733635dcf6c42ec50b9a3d547744a91824e8d09b58a325006,true
result_5cae77cbc395e0ba89bd0ebf,runplan_3437cc2140094e14,cell_bfde15dace04b6a885f0,housing_v1__experiment__000001,housing_v1,housing_controlled_model_landlords_experiment,episode_attempt_76067a8d0fe2f0f4424a,d5e5083c776638d733635dcf6c42ec50b9a3d547744a91824e8d09b58a325006,included,housing_social_welfare_leaf,1.0.0,social_welfare,1.0.0,utility,tenant_4,tenant_4,354.48,utility_points,"{""disagreement_utility"":0.0}",ok,valid,[],"[""event_00000219""]",evaluation_receipt,episode_attempt_76067a8d0fe2f0f4424a,d5e5083c776638d733635dcf6c42ec50b9a3d547744a91824e8d09b58a325006,true
result_8ae7b7f673668aaf3ee46026,runplan_3437cc2140094e14,cell_bfde15dace04b6a885f0,housing_v1__experiment__000001,housing_v1,housing_controlled_model_landlords_experiment,episode_attempt_76067a8d0fe2f0f4424a,d5e5083c776638d733635dcf6c42ec50b9a3d547744a91824e8d09b58a325006,included,housing_social_welfare_leaf,1.0.0,social_welfare,1.0.0,utility,tenant_5,tenant_5,0.0,utility_points,"{""disagreement_utility"":0.0}",ok,valid,[],"[""event_00000219""]",evaluation_receipt,episode_attempt_76067a8d0fe2f0f4424a,d5e5083c776638d733635dcf6c42ec50b9a3d547744a91824e8d09b58a325006,true
result_58d20ec3caa2bcf32f34e2d9,runplan_3437cc2140094e14,cell_bfde15dace04b6a885f0,housing_v1__experiment__000001,housing_v1,housing_controlled_model_landlords_experiment,episode_attempt_76067a8d0fe2f0f4424a,d5e5083c776638d733635dcf6c42ec50b9a3d547744a91824e8d09b58a325006,included,housing_social_welfare_leaf,1.0.0,social_welfare,1.0.0,capture,landlord_0,landlord_0,56.6,utility_points,"{""disagreement_utility"":0.0}",ok,valid,[],"[""event_00000219""]",evaluation_receipt,episode_attempt_76067a8d0fe2f0f4424a,d5e5083c776638d733635dcf6c42ec50b9a3d547744a91824e8d09b58a325006,true
result_0083977994290c30dd5a89ac,runplan_3437cc2140094e14,cell_bfde15dace04b6a885f0,housing_v1__experiment__000001,housing_v1,housing_controlled_model_landlords_experiment,episode_attempt_76067a8d0fe2f0f4424a,d5e5083c776638d733635dcf6c42ec50b9a3d547744a91824e8d09b58a325006,included,housing_social_welfare_leaf,1.0.0,social_welfare,1.0.0,capture,landlord_1,landlord_1,58.62,utility_points,"{""disagreement_utility"":0.0}",ok,valid,[],"[""event_00000219""]",evaluation_receipt,episode_attempt_76067a8d0fe2f0f4424a,d5e5083c776638d733635dcf6c42ec50b9a3d547744a91824e8d09b58a325006,true
result_df07eb3f1410d7a17933d04c,runplan_3437cc2140094e14,cell_bfde15dace04b6a885f0,housing_v1__experiment__000001,housing_v1,housing_controlled_model_landlords_experiment,episode_attempt_76067a8d0fe2f0f4424a,d5e5083c776638d733635dcf6c42ec50b9a3d547744a91824e8d09b58a325006,included,housing_social_welfare_leaf,1.0.0,social_welfare,1.0.0,capture,landlord_2,landlord_2,0.0,utility_points,"{""disagreement_utility"":0.0}",ok,valid,[],"[""event_00000219""]",evaluation_receipt,episode_attempt_76067a8d0fe2f0f4424a,d5e5083c776638d733635dcf6c42ec50b9a3d547744a91824e8d09b58a325006,true
result_4ddb51de13b44e4dcbd45be2,runplan_3437cc2140094e14,cell_bfde15dace04b6a885f0,housing_v1__experiment__000001,housing_v1,housing_controlled_model_landlords_experiment,episode_attempt_76067a8d0fe2f0f4424a,d5e5083c776638d733635dcf6c42ec50b9a3d547744a91824e8d09b58a325006,included,housing_social_welfare_leaf,1.0.0,social_welfare,1.0.0,capture,landlord_3,landlord_3,297.64,utility_points,"{""disagreement_utility"":0.0}",ok,valid,[],"[""event_00000219""]",evaluation_receipt,episode_attempt_76067a8d0fe2f0f4424a,d5e5083c776638d733635dcf6c42ec50b9a3d547744a91824e8d09b58a325006,true
result_82ba07e03937d88f9c303059,runplan_3437cc2140094e14,cell_bfde15dace04b6a885f0,housing_v1__experiment__000001,housing_v1,housing_controlled_model_landlords_experiment,episode_attempt_76067a8d0fe2f0f4424a,d5e5083c776638d733635dcf6c42ec50b9a3d547744a91824e8d09b58a325006,included,housing_social_welfare_leaf,1.0.0,social_welfare,1.0.0,capture,landlord_4,landlord_4,187.52,utility_points,"{""disagreement_utility"":0.0}",ok,valid,[],"[""event_00000219""]",evaluation_receipt,episode_attempt_76067a8d0fe2f0f4424a,d5e5083c776638d733635dcf6c42ec50b9a3d547744a91824e8d09b58a325006,true
result_ae3bee9b35dede5872e994f5,runplan_3437cc2140094e14,cell_bfde15dace04b6a885f0,housing_v1__experiment__000001,housing_v1,housing_controlled_model_landlords_experiment,episode_attempt_76067a8d0fe2f0f4424a,d5e5083c776638d733635dcf6c42ec50b9a3d547744a91824e8d09b58a325006,included,housing_social_welfare_leaf,1.0.0,social_welfare,1.0.0,capture,tenant_0,tenant_0,423.79,utility_points,"{""disagreement_utility"":0.0}",ok,valid,[],"[""event_00000219""]",evaluation_receipt,episode_attempt_76067a8d0fe2f0f4424a,d5e5083c776638d733635dcf6c42ec50b9a3d547744a91824e8d09b58a325006,true
result_a6b320540bedb2163c8c88ea,runplan_3437cc2140094e14,cell_bfde15dace04b6a885f0,housing_v1__experiment__000001,housing_v1,housing_controlled_model_landlords_experiment,episode_attempt_76067a8d0fe2f0f4424a,d5e5083c776638d733635dcf6c42ec50b9a3d547744a91824e8d09b58a325006,included,housing_social_welfare_leaf,1.0.0,social_welfare,1.0.0,capture,tenant_1,tenant_1,193.72,utility_points,"{""disagreement_utility"":0.0}",ok,valid,[],"[""event_00000219""]",evaluation_receipt,episode_attempt_76067a8d0fe2f0f4424a,d5e5083c776638d733635dcf6c42ec50b9a3d547744a91824e8d09b58a325006,true
result_a5d6f0a2f18e93b497d5c790,runplan_3437cc2140094e14,cell_bfde15dace04b6a885f0,housing_v1__experiment__000001,housing_v1,housing_controlled_model_landlords_experiment,episode_attempt_76067a8d0fe2f0f4424a,d5e5083c776638d733635dcf6c42ec50b9a3d547744a91824e8d09b58a325006,included,housing_social_welfare_leaf,1.0.0,social_welfare,1.0.0,capture,tenant_2,tenant_2,35.88,utility_points,"{""disagreement_utility"":0.0}",ok,valid,[],"[""event_00000219""]",evaluation_receipt,episode_attempt_76067a8d0fe2f0f4424a,d5e5083c776638d733635dcf6c42ec50b9a3d547744a91824e8d09b58a325006,true
result_8b0035a53cac488a59122c5f,runplan_3437cc2140094e14,cell_bfde15dace04b6a885f0,housing_v1__experiment__000001,housing_v1,housing_controlled_model_landlords_experiment,episode_attempt_76067a8d0fe2f0f4424a,d5e5083c776638d733635dcf6c42ec50b9a3d547744a91824e8d09b58a325006,included,housing_social_welfare_leaf,1.0.0,social_welfare,1.0.0,capture,tenant_3,tenant_3,0.0,utility_points,"{""disagreement_utility"":0.0}",ok,valid,[],"[""event_00000219""]",evaluation_receipt,episode_attempt_76067a8d0fe2f0f4424a,d5e5083c776638d733635dcf6c42ec50b9a3d547744a91824e8d09b58a325006,true
result_eeff95b29e7f3ebc556f647e,runplan_3437cc2140094e14,cell_bfde15dace04b6a885f0,housing_v1__experiment__000001,housing_v1,housing_controlled_model_landlords_experiment,episode_attempt_76067a8d0fe2f0f4424a,d5e5083c776638d733635dcf6c42ec50b9a3d547744a91824e8d09b58a325006,included,housing_social_welfare_leaf,1.0.0,social_welfare,1.0.0,capture,tenant_4,tenant_4,354.48,utility_points,"{""disagreement_utility"":0.0}",ok,valid,[],"[""event_00000219""]",evaluation_receipt,episode_attempt_76067a8d0fe2f0f4424a,d5e5083c776638d733635dcf6c42ec50b9a3d547744a91824e8d09b58a325006,true
result_79d31dc3789a10a5c0c1ba6a,runplan_3437cc2140094e14,cell_bfde15dace04b6a885f0,housing_v1__experiment__000001,housing_v1,housing_controlled_model_landlords_experiment,episode_attempt_76067a8d0fe2f0f4424a,d5e5083c776638d733635dcf6c42ec50b9a3d547744a91824e8d09b58a325006,included,housing_social_welfare_leaf,1.0.0,social_welfare,1.0.0,capture,tenant_5,tenant_5,0.0,utility_points,"{""disagreement_utility"":0.0}",ok,valid,[],"[""event_00000219""]",evaluation_receipt,episode_attempt_76067a8d0fe2f0f4424a,d5e5083c776638d733635dcf6c42ec50b9a3d547744a91824e8d09b58a325006,true
result_8a8a7f228ef74941afdded15,runplan_3437cc2140094e14,cell_c73be59ab3e58cdf8ee3,housing_v1__experiment__000005,housing_v1,housing_controlled_model_landlords_experiment,episode_attempt_d3f62be119bc4fa1c24f,e0f8d6e455935c2b3a7238530066be335e9ebe43754834774edcf874d293cceb,included,housing_social_welfare_leaf,1.0.0,social_welfare,1.0.0,primary,social_welfare,,945.89,utility_points,{},ok,valid,[],"[""event_00000229""]",evaluation_receipt,episode_attempt_d3f62be119bc4fa1c24f,e0f8d6e455935c2b3a7238530066be335e9ebe43754834774edcf874d293cceb,true
result_355e6a1eafbc6575f2380787,runplan_3437cc2140094e14,cell_c73be59ab3e58cdf8ee3,housing_v1__experiment__000005,housing_v1,housing_controlled_model_landlords_experiment,episode_attempt_d3f62be119bc4fa1c24f,e0f8d6e455935c2b3a7238530066be335e9ebe43754834774edcf874d293cceb,included,housing_social_welfare_leaf,1.0.0,social_welfare,1.0.0,metric,comparison_baseline_gap,,-232.18999999999994,utility_points,{},ok,valid,[],"[""event_00000229""]",evaluation_receipt,episode_attempt_d3f62be119bc4fa1c24f,e0f8d6e455935c2b3a7238530066be335e9ebe43754834774edcf874d293cceb,true
result_225fea933c1525b1af372ca7,runplan_3437cc2140094e14,cell_c73be59ab3e58cdf8ee3,housing_v1__experiment__000005,housing_v1,housing_controlled_model_landlords_experiment,episode_attempt_d3f62be119bc4fa1c24f,e0f8d6e455935c2b3a7238530066be335e9ebe43754834774edcf874d293cceb,included,housing_social_welfare_leaf,1.0.0,social_welfare,1.0.0,metric,ir_violation_count,,2.0,count,{},ok,valid,[],"[""event_00000229""]",evaluation_receipt,episode_attempt_d3f62be119bc4fa1c24f,e0f8d6e455935c2b3a7238530066be335e9ebe43754834774edcf874d293cceb,true
result_8684df93ddbda0be3c3d09ab,runplan_3437cc2140094e14,cell_c73be59ab3e58cdf8ee3,housing_v1__experiment__000005,housing_v1,housing_controlled_model_landlords_experiment,episode_attempt_d3f62be119bc4fa1c24f,e0f8d6e455935c2b3a7238530066be335e9ebe43754834774edcf874d293cceb,included,housing_social_welfare_leaf,1.0.0,social_welfare,1.0.0,metric,social_welfare,,945.89,utility_points,{},ok,valid,[],"[""event_00000229""]",evaluation_receipt,episode_attempt_d3f62be119bc4fa1c24f,e0f8d6e455935c2b3a7238530066be335e9ebe43754834774edcf874d293cceb,true
result_f774adc1ea49397cf662077d,runplan_3437cc2140094e14,cell_c73be59ab3e58cdf8ee3,housing_v1__experiment__000005,housing_v1,housing_controlled_model_landlords_experiment,episode_attempt_d3f62be119bc4fa1c24f,e0f8d6e455935c2b3a7238530066be335e9ebe43754834774edcf874d293cceb,included,housing_social_welfare_leaf,1.0.0,social_welfare,1.0.0,metric,upper_bound_gap,,280.17999999999995,utility_points,{},ok,valid,[],"[""event_00000229""]",evaluation_receipt,episode_attempt_d3f62be119bc4fa1c24f,e0f8d6e455935c2b3a7238530066be335e9ebe43754834774edcf874d293cceb,true
result_1396934e0bb6d3143c4c6c7e,runplan_3437cc2140094e14,cell_c73be59ab3e58cdf8ee3,housing_v1__experiment__000005,housing_v1,housing_controlled_model_landlords_experiment,episode_attempt_d3f62be119bc4fa1c24f,e0f8d6e455935c2b3a7238530066be335e9ebe43754834774edcf874d293cceb,included,housing_social_welfare_leaf,1.0.0,social_welfare,1.0.0,metric,wasted_contacts,,4.0,count,{},ok,valid,[],"[""event_00000229""]",evaluation_receipt,episode_attempt_d3f62be119bc4fa1c24f,e0f8d6e455935c2b3a7238530066be335e9ebe43754834774edcf874d293cceb,true
result_60c310be76618325ebd5230c,runplan_3437cc2140094e14,cell_c73be59ab3e58cdf8ee3,housing_v1__experiment__000005,housing_v1,housing_controlled_model_landlords_experiment,episode_attempt_d3f62be119bc4fa1c24f,e0f8d6e455935c2b3a7238530066be335e9ebe43754834774edcf874d293cceb,included,housing_social_welfare_leaf,1.0.0,social_welfare,1.0.0,metric,within_case_score,,0.7714812367972466,ratio,{},ok,valid,[],"[""event_00000229""]",evaluation_receipt,episode_attempt_d3f62be119bc4fa1c24f,e0f8d6e455935c2b3a7238530066be335e9ebe43754834774edcf874d293cceb,true
result_0d9faf7389d1f72abfc9bd00,runplan_3437cc2140094e14,cell_c73be59ab3e58cdf8ee3,housing_v1__experiment__000005,housing_v1,housing_controlled_model_landlords_experiment,episode_attempt_d3f62be119bc4fa1c24f,e0f8d6e455935c2b3a7238530066be335e9ebe43754834774edcf874d293cceb,included,housing_social_welfare_leaf,1.0.0,social_welfare,1.0.0,reference,comparison_baseline,,1178.08,utility_points,"{""policy"":""naive"",""reference_kind"":""comparison_baseline""}",ok,valid,[],"[""event_00000229""]",evaluation_receipt,episode_attempt_d3f62be119bc4fa1c24f,e0f8d6e455935c2b3a7238530066be335e9ebe43754834774edcf874d293cceb,true
result_3ba00ac7bdc7f864a6fd16cd,runplan_3437cc2140094e14,cell_c73be59ab3e58cdf8ee3,housing_v1__experiment__000005,housing_v1,housing_controlled_model_landlords_experiment,episode_attempt_d3f62be119bc4fa1c24f,e0f8d6e455935c2b3a7238530066be335e9ebe43754834774edcf874d293cceb,included,housing_social_welfare_leaf,1.0.0,social_welfare,1.0.0,reference,optimum_lower_bound,,0.0,utility_points,"{""policy"":""do_nothing"",""reference_kind"":""objective_lower_bound""}",ok,valid,[],"[""event_00000229""]",evaluation_receipt,episode_attempt_d3f62be119bc4fa1c24f,e0f8d6e455935c2b3a7238530066be335e9ebe43754834774edcf874d293cceb,true
result_bece76877c4d114b09a62912,runplan_3437cc2140094e14,cell_c73be59ab3e58cdf8ee3,housing_v1__experiment__000005,housing_v1,housing_controlled_model_landlords_experiment,episode_attempt_d3f62be119bc4fa1c24f,e0f8d6e455935c2b3a7238530066be335e9ebe43754834774edcf874d293cceb,included,housing_social_welfare_leaf,1.0.0,social_welfare,1.0.0,reference,optimum_upper_bound,,1226.07,utility_points,"{""reference_kind"":""objective_upper_bound"",""semantics"":""full_information_allocation_relaxation""}",ok,valid,[],"[""event_00000229""]",evaluation_receipt,episode_attempt_d3f62be119bc4fa1c24f,e0f8d6e455935c2b3a7238530066be335e9ebe43754834774edcf874d293cceb,true
result_f73de17480911e40cef78f27,runplan_3437cc2140094e14,cell_c73be59ab3e58cdf8ee3,housing_v1__experiment__000005,housing_v1,housing_controlled_model_landlords_experiment,episode_attempt_d3f62be119bc4fa1c24f,e0f8d6e455935c2b3a7238530066be335e9ebe43754834774edcf874d293cceb,included,housing_social_welfare_leaf,1.0.0,social_welfare,1.0.0,utility,landlord_0,landlord_0,30.29,utility_points,"{""disagreement_utility"":0.0}",ok,valid,[],"[""event_00000229""]",evaluation_receipt,episode_attempt_d3f62be119bc4fa1c24f,e0f8d6e455935c2b3a7238530066be335e9ebe43754834774edcf874d293cceb,true
result_18623894e880c664cf1cca42,runplan_3437cc2140094e14,cell_c73be59ab3e58cdf8ee3,housing_v1__experiment__000005,housing_v1,housing_controlled_model_landlords_experiment,episode_attempt_d3f62be119bc4fa1c24f,e0f8d6e455935c2b3a7238530066be335e9ebe43754834774edcf874d293cceb,included,housing_social_welfare_leaf,1.0.0,social_welfare,1.0.0,utility,landlord_1,landlord_1,-1958.01,utility_points,"{""disagreement_utility"":0.0}",ok,valid,[],"[""event_00000229""]",evaluation_receipt,episode_attempt_d3f62be119bc4fa1c24f,e0f8d6e455935c2b3a7238530066be335e9ebe43754834774edcf874d293cceb,true
result_16e94b1ff4656ace9f1edd78,runplan_3437cc2140094e14,cell_c73be59ab3e58cdf8ee3,housing_v1__experiment__000005,housing_v1,housing_controlled_model_landlords_experiment,episode_attempt_d3f62be119bc4fa1c24f,e0f8d6e455935c2b3a7238530066be335e9ebe43754834774edcf874d293cceb,included,housing_social_welfare_leaf,1.0.0,social_welfare,1.0.0,utility,landlord_2,landlord_2,0.0,utility_points,"{""disagreement_utility"":0.0}",ok,valid,[],"[""event_00000229""]",evaluation_receipt,episode_attempt_d3f62be119bc4fa1c24f,e0f8d6e455935c2b3a7238530066be335e9ebe43754834774edcf874d293cceb,true
result_b679547e250fa1aeeec1c77b,runplan_3437cc2140094e14,cell_c73be59ab3e58cdf8ee3,housing_v1__experiment__000005,housing_v1,housing_controlled_model_landlords_experiment,episode_attempt_d3f62be119bc4fa1c24f,e0f8d6e455935c2b3a7238530066be335e9ebe43754834774edcf874d293cceb,included,housing_social_welfare_leaf,1.0.0,social_welfare,1.0.0,utility,landlord_3,landlord_3,43.77,utility_points,"{""disagreement_utility"":0.0}",ok,valid,[],"[""event_00000229""]",evaluation_receipt,episode_attempt_d3f62be119bc4fa1c24f,e0f8d6e455935c2b3a7238530066be335e9ebe43754834774edcf874d293cceb,true
result_a8546e80f012fba032d9e1b2,runplan_3437cc2140094e14,cell_c73be59ab3e58cdf8ee3,housing_v1__experiment__000005,housing_v1,housing_controlled_model_landlords_experiment,episode_attempt_d3f62be119bc4fa1c24f,e0f8d6e455935c2b3a7238530066be335e9ebe43754834774edcf874d293cceb,included,housing_social_welfare_leaf,1.0.0,social_welfare,1.0.0,utility,landlord_4,landlord_4,118.66,utility_points,"{""disagreement_utility"":0.0}",ok,valid,[],"[""event_00000229""]",evaluation_receipt,episode_attempt_d3f62be119bc4fa1c24f,e0f8d6e455935c2b3a7238530066be335e9ebe43754834774edcf874d293cceb,true
result_b8218fea5260c9f3a520d68d,runplan_3437cc2140094e14,cell_c73be59ab3e58cdf8ee3,housing_v1__experiment__000005,housing_v1,housing_controlled_model_landlords_experiment,episode_attempt_d3f62be119bc4fa1c24f,e0f8d6e455935c2b3a7238530066be335e9ebe43754834774edcf874d293cceb,included,housing_social_welfare_leaf,1.0.0,social_welfare,1.0.0,utility,tenant_0,tenant_0,2467.79,utility_points,"{""disagreement_utility"":0.0}",ok,valid,[],"[""event_00000229""]",evaluation_receipt,episode_attempt_d3f62be119bc4fa1c24f,e0f8d6e455935c2b3a7238530066be335e9ebe43754834774edcf874d293cceb,true
result_6dc6c957ef5debf144d56fc5,runplan_3437cc2140094e14,cell_c73be59ab3e58cdf8ee3,housing_v1__experiment__000005,housing_v1,housing_controlled_model_landlords_experiment,episode_attempt_d3f62be119bc4fa1c24f,e0f8d6e455935c2b3a7238530066be335e9ebe43754834774edcf874d293cceb,included,housing_social_welfare_leaf,1.0.0,social_welfare,1.0.0,utility,tenant_1,tenant_1,274.53,utility_points,"{""disagreement_utility"":0.0}",ok,valid,[],"[""event_00000229""]",evaluation_receipt,episode_attempt_d3f62be119bc4fa1c24f,e0f8d6e455935c2b3a7238530066be335e9ebe43754834774edcf874d293cceb,true
result_f8199eb1dfd59c3c5be98059,runplan_3437cc2140094e14,cell_c73be59ab3e58cdf8ee3,housing_v1__experiment__000005,housing_v1,housing_controlled_model_landlords_experiment,episode_attempt_d3f62be119bc4fa1c24f,e0f8d6e455935c2b3a7238530066be335e9ebe43754834774edcf874d293cceb,included,housing_social_welfare_leaf,1.0.0,social_welfare,1.0.0,utility,tenant_2,tenant_2,0.0,utility_points,"{""disagreement_utility"":0.0}",ok,valid,[],"[""event_00000229""]",evaluation_receipt,episode_attempt_d3f62be119bc4fa1c24f,e0f8d6e455935c2b3a7238530066be335e9ebe43754834774edcf874d293cceb,true
result_344062b5527aa295ae49bb33,runplan_3437cc2140094e14,cell_c73be59ab3e58cdf8ee3,housing_v1__experiment__000005,housing_v1,housing_controlled_model_landlords_experiment,episode_attempt_d3f62be119bc4fa1c24f,e0f8d6e455935c2b3a7238530066be335e9ebe43754834774edcf874d293cceb,included,housing_social_welfare_leaf,1.0.0,social_welfare,1.0.0,utility,tenant_3,tenant_3,110.09,utility_points,"{""disagreement_utility"":0.0}",ok,valid,[],"[""event_00000229""]",evaluation_receipt,episode_attempt_d3f62be119bc4fa1c24f,e0f8d6e455935c2b3a7238530066be335e9ebe43754834774edcf874d293cceb,true
result_f7c11d2b7784e865814b486e,runplan_3437cc2140094e14,cell_c73be59ab3e58cdf8ee3,housing_v1__experiment__000005,housing_v1,housing_controlled_model_landlords_experiment,episode_attempt_d3f62be119bc4fa1c24f,e0f8d6e455935c2b3a7238530066be335e9ebe43754834774edcf874d293cceb,included,housing_social_welfare_leaf,1.0.0,social_welfare,1.0.0,utility,tenant_4,tenant_4,-141.23,utility_points,"{""disagreement_utility"":0.0}",ok,valid,[],"[""event_00000229""]",evaluation_receipt,episode_attempt_d3f62be119bc4fa1c24f,e0f8d6e455935c2b3a7238530066be335e9ebe43754834774edcf874d293cceb,true
result_20c140aeae99c03a76e87977,runplan_3437cc2140094e14,cell_c73be59ab3e58cdf8ee3,housing_v1__experiment__000005,housing_v1,housing_controlled_model_landlords_experiment,episode_attempt_d3f62be119bc4fa1c24f,e0f8d6e455935c2b3a7238530066be335e9ebe43754834774edcf874d293cceb,included,housing_social_welfare_leaf,1.0.0,social_welfare,1.0.0,utility,tenant_5,tenant_5,0.0,utility_points,"{""disagreement_utility"":0.0}",ok,valid,[],"[""event_00000229""]",evaluation_receipt,episode_attempt_d3f62be119bc4fa1c24f,e0f8d6e455935c2b3a7238530066be335e9ebe43754834774edcf874d293cceb,true
result_f879a7afbd79547d7ad2dcb6,runplan_3437cc2140094e14,cell_c73be59ab3e58cdf8ee3,housing_v1__experiment__000005,housing_v1,housing_controlled_model_landlords_experiment,episode_attempt_d3f62be119bc4fa1c24f,e0f8d6e455935c2b3a7238530066be335e9ebe43754834774edcf874d293cceb,included,housing_social_welfare_leaf,1.0.0,social_welfare,1.0.0,capture,landlord_0,landlord_0,30.29,utility_points,"{""disagreement_utility"":0.0}",ok,valid,[],"[""event_00000229""]",evaluation_receipt,episode_attempt_d3f62be119bc4fa1c24f,e0f8d6e455935c2b3a7238530066be335e9ebe43754834774edcf874d293cceb,true
result_36544a6330acbbe8059a5530,runplan_3437cc2140094e14,cell_c73be59ab3e58cdf8ee3,housing_v1__experiment__000005,housing_v1,housing_controlled_model_landlords_experiment,episode_attempt_d3f62be119bc4fa1c24f,e0f8d6e455935c2b3a7238530066be335e9ebe43754834774edcf874d293cceb,included,housing_social_welfare_leaf,1.0.0,social_welfare,1.0.0,capture,landlord_1,landlord_1,-1958.01,utility_points,"{""disagreement_utility"":0.0}",ok,valid,[],"[""event_00000229""]",evaluation_receipt,episode_attempt_d3f62be119bc4fa1c24f,e0f8d6e455935c2b3a7238530066be335e9ebe43754834774edcf874d293cceb,true
result_08d782fa1caa8c4c1bfc0f0f,runplan_3437cc2140094e14,cell_c73be59ab3e58cdf8ee3,housing_v1__experiment__000005,housing_v1,housing_controlled_model_landlords_experiment,episode_attempt_d3f62be119bc4fa1c24f,e0f8d6e455935c2b3a7238530066be335e9ebe43754834774edcf874d293cceb,included,housing_social_welfare_leaf,1.0.0,social_welfare,1.0.0,capture,landlord_2,landlord_2,0.0,utility_points,"{""disagreement_utility"":0.0}",ok,valid,[],"[""event_00000229""]",evaluation_receipt,episode_attempt_d3f62be119bc4fa1c24f,e0f8d6e455935c2b3a7238530066be335e9ebe43754834774edcf874d293cceb,true
result_fb49b235c9bcc3c01141a411,runplan_3437cc2140094e14,cell_c73be59ab3e58cdf8ee3,housing_v1__experiment__000005,housing_v1,housing_controlled_model_landlords_experiment,episode_attempt_d3f62be119bc4fa1c24f,e0f8d6e455935c2b3a7238530066be335e9ebe43754834774edcf874d293cceb,included,housing_social_welfare_leaf,1.0.0,social_welfare,1.0.0,capture,landlord_3,landlord_3,43.77,utility_points,"{""disagreement_utility"":0.0}",ok,valid,[],"[""event_00000229""]",evaluation_receipt,episode_attempt_d3f62be119bc4fa1c24f,e0f8d6e455935c2b3a7238530066be335e9ebe43754834774edcf874d293cceb,true
result_dac7d2ac151e1131400f06d9,runplan_3437cc2140094e14,cell_c73be59ab3e58cdf8ee3,housing_v1__experiment__000005,housing_v1,housing_controlled_model_landlords_experiment,episode_attempt_d3f62be119bc4fa1c24f,e0f8d6e455935c2b3a7238530066be335e9ebe43754834774edcf874d293cceb,included,housing_social_welfare_leaf,1.0.0,social_welfare,1.0.0,capture,landlord_4,landlord_4,118.66,utility_points,"{""disagreement_utility"":0.0}",ok,valid,[],"[""event_00000229""]",evaluation_receipt,episode_attempt_d3f62be119bc4fa1c24f,e0f8d6e455935c2b3a7238530066be335e9ebe43754834774edcf874d293cceb,true
result_7773bded20279c5ae4133429,runplan_3437cc2140094e14,cell_c73be59ab3e58cdf8ee3,housing_v1__experiment__000005,housing_v1,housing_controlled_model_landlords_experiment,episode_attempt_d3f62be119bc4fa1c24f,e0f8d6e455935c2b3a7238530066be335e9ebe43754834774edcf874d293cceb,included,housing_social_welfare_leaf,1.0.0,social_welfare,1.0.0,capture,tenant_0,tenant_0,2467.79,utility_points,"{""disagreement_utility"":0.0}",ok,valid,[],"[""event_00000229""]",evaluation_receipt,episode_attempt_d3f62be119bc4fa1c24f,e0f8d6e455935c2b3a7238530066be335e9ebe43754834774edcf874d293cceb,true
result_ad52c0d2b58d7f265636dbf3,runplan_3437cc2140094e14,cell_c73be59ab3e58cdf8ee3,housing_v1__experiment__000005,housing_v1,housing_controlled_model_landlords_experiment,episode_attempt_d3f62be119bc4fa1c24f,e0f8d6e455935c2b3a7238530066be335e9ebe43754834774edcf874d293cceb,included,housing_social_welfare_leaf,1.0.0,social_welfare,1.0.0,capture,tenant_1,tenant_1,274.53,utility_points,"{""disagreement_utility"":0.0}",ok,valid,[],"[""event_00000229""]",evaluation_receipt,episode_attempt_d3f62be119bc4fa1c24f,e0f8d6e455935c2b3a7238530066be335e9ebe43754834774edcf874d293cceb,true
result_f623652391f5c7e5bb080e5e,runplan_3437cc2140094e14,cell_c73be59ab3e58cdf8ee3,housing_v1__experiment__000005,housing_v1,housing_controlled_model_landlords_experiment,episode_attempt_d3f62be119bc4fa1c24f,e0f8d6e455935c2b3a7238530066be335e9ebe43754834774edcf874d293cceb,included,housing_social_welfare_leaf,1.0.0,social_welfare,1.0.0,capture,tenant_2,tenant_2,0.0,utility_points,"{""disagreement_utility"":0.0}",ok,valid,[],"[""event_00000229""]",evaluation_receipt,episode_attempt_d3f62be119bc4fa1c24f,e0f8d6e455935c2b3a7238530066be335e9ebe43754834774edcf874d293cceb,true
result_3328f4fa488f20d7040c5838,runplan_3437cc2140094e14,cell_c73be59ab3e58cdf8ee3,housing_v1__experiment__000005,housing_v1,housing_controlled_model_landlords_experiment,episode_attempt_d3f62be119bc4fa1c24f,e0f8d6e455935c2b3a7238530066be335e9ebe43754834774edcf874d293cceb,included,housing_social_welfare_leaf,1.0.0,social_welfare,1.0.0,capture,tenant_3,tenant_3,110.09,utility_points,"{""disagreement_utility"":0.0}",ok,valid,[],"[""event_00000229""]",evaluation_receipt,episode_attempt_d3f62be119bc4fa1c24f,e0f8d6e455935c2b3a7238530066be335e9ebe43754834774edcf874d293cceb,true
result_55353e73e641ac1081a2cedc,runplan_3437cc2140094e14,cell_c73be59ab3e58cdf8ee3,housing_v1__experiment__000005,housing_v1,housing_controlled_model_landlords_experiment,episode_attempt_d3f62be119bc4fa1c24f,e0f8d6e455935c2b3a7238530066be335e9ebe43754834774edcf874d293cceb,included,housing_social_welfare_leaf,1.0.0,social_welfare,1.0.0,capture,tenant_4,tenant_4,-141.23,utility_points,"{""disagreement_utility"":0.0}",ok,valid,[],"[""event_00000229""]",evaluation_receipt,episode_attempt_d3f62be119bc4fa1c24f,e0f8d6e455935c2b3a7238530066be335e9ebe43754834774edcf874d293cceb,true
result_150cedc147d5f6e8c9e5d9d6,runplan_3437cc2140094e14,cell_c73be59ab3e58cdf8ee3,housing_v1__experiment__000005,housing_v1,housing_controlled_model_landlords_experiment,episode_attempt_d3f62be119bc4fa1c24f,e0f8d6e455935c2b3a7238530066be335e9ebe43754834774edcf874d293cceb,included,housing_social_welfare_leaf,1.0.0,social_welfare,1.0.0,capture,tenant_5,tenant_5,0.0,utility_points,"{""disagreement_utility"":0.0}",ok,valid,[],"[""event_00000229""]",evaluation_receipt,episode_attempt_d3f62be119bc4fa1c24f,e0f8d6e455935c2b3a7238530066be335e9ebe43754834774edcf874d293cceb,true
result_cab43fa6ea3dc59f12845af1,runplan_3437cc2140094e14,cell_ca779043da4247ad0faa,housing_v1__experiment__000003,housing_v1,housing_controlled_model_landlords_experiment,episode_attempt_5af8aeebda79740e5788,0a741795476315482764efe4dca8bc73136358a0dc3e7156e3c1a4fb74618be1,included,housing_social_welfare_leaf,1.0.0,social_welfare,1.0.0,primary,social_welfare,,1969.38,utility_points,{},ok,valid,[],"[""event_00000265""]",evaluation_receipt,episode_attempt_5af8aeebda79740e5788,0a741795476315482764efe4dca8bc73136358a0dc3e7156e3c1a4fb74618be1,true
result_ea1813633c551adf6c24dfbe,runplan_3437cc2140094e14,cell_ca779043da4247ad0faa,housing_v1__experiment__000003,housing_v1,housing_controlled_model_landlords_experiment,episode_attempt_5af8aeebda79740e5788,0a741795476315482764efe4dca8bc73136358a0dc3e7156e3c1a4fb74618be1,included,housing_social_welfare_leaf,1.0.0,social_welfare,1.0.0,metric,comparison_baseline_gap,,-25.419999999999845,utility_points,{},ok,valid,[],"[""event_00000265""]",evaluation_receipt,episode_attempt_5af8aeebda79740e5788,0a741795476315482764efe4dca8bc73136358a0dc3e7156e3c1a4fb74618be1,true
result_01cd0235301bc25d38760789,runplan_3437cc2140094e14,cell_ca779043da4247ad0faa,housing_v1__experiment__000003,housing_v1,housing_controlled_model_landlords_experiment,episode_attempt_5af8aeebda79740e5788,0a741795476315482764efe4dca8bc73136358a0dc3e7156e3c1a4fb74618be1,included,housing_social_welfare_leaf,1.0.0,social_welfare,1.0.0,metric,ir_violation_count,,0.0,count,{},ok,valid,[],"[""event_00000265""]",evaluation_receipt,episode_attempt_5af8aeebda79740e5788,0a741795476315482764efe4dca8bc73136358a0dc3e7156e3c1a4fb74618be1,true
result_0f37792dff3b43061dcec368,runplan_3437cc2140094e14,cell_ca779043da4247ad0faa,housing_v1__experiment__000003,housing_v1,housing_controlled_model_landlords_experiment,episode_attempt_5af8aeebda79740e5788,0a741795476315482764efe4dca8bc73136358a0dc3e7156e3c1a4fb74618be1,included,housing_social_welfare_leaf,1.0.0,social_welfare,1.0.0,metric,social_welfare,,1969.38,utility_points,{},ok,valid,[],"[""event_00000265""]",evaluation_receipt,episode_attempt_5af8aeebda79740e5788,0a741795476315482764efe4dca8bc73136358a0dc3e7156e3c1a4fb74618be1,true
result_b3f74227a6aec14a3127da4a,runplan_3437cc2140094e14,cell_ca779043da4247ad0faa,housing_v1__experiment__000003,housing_v1,housing_controlled_model_landlords_experiment,episode_attempt_5af8aeebda79740e5788,0a741795476315482764efe4dca8bc73136358a0dc3e7156e3c1a4fb74618be1,included,housing_social_welfare_leaf,1.0.0,social_welfare,1.0.0,metric,upper_bound_gap,,160.79999999999973,utility_points,{},ok,valid,[],"[""event_00000265""]",evaluation_receipt,episode_attempt_5af8aeebda79740e5788,0a741795476315482764efe4dca8bc73136358a0dc3e7156e3c1a4fb74618be1,true
result_fb62a5801a3997654019ff3f,runplan_3437cc2140094e14,cell_ca779043da4247ad0faa,housing_v1__experiment__000003,housing_v1,housing_controlled_model_landlords_experiment,episode_attempt_5af8aeebda79740e5788,0a741795476315482764efe4dca8bc73136358a0dc3e7156e3c1a4fb74618be1,included,housing_social_welfare_leaf,1.0.0,social_welfare,1.0.0,metric,wasted_contacts,,7.0,count,{},ok,valid,[],"[""event_00000265""]",evaluation_receipt,episode_attempt_5af8aeebda79740e5788,0a741795476315482764efe4dca8bc73136358a0dc3e7156e3c1a4fb74618be1,true
result_c1878208ed6f53cf88965c3d,runplan_3437cc2140094e14,cell_ca779043da4247ad0faa,housing_v1__experiment__000003,housing_v1,housing_controlled_model_landlords_experiment,episode_attempt_5af8aeebda79740e5788,0a741795476315482764efe4dca8bc73136358a0dc3e7156e3c1a4fb74618be1,included,housing_social_welfare_leaf,1.0.0,social_welfare,1.0.0,metric,within_case_score,,0.9245134214010085,ratio,{},ok,valid,[],"[""event_00000265""]",evaluation_receipt,episode_attempt_5af8aeebda79740e5788,0a741795476315482764efe4dca8bc73136358a0dc3e7156e3c1a4fb74618be1,true
result_a166fe2005eb4a042a261f79,runplan_3437cc2140094e14,cell_ca779043da4247ad0faa,housing_v1__experiment__000003,housing_v1,housing_controlled_model_landlords_experiment,episode_attempt_5af8aeebda79740e5788,0a741795476315482764efe4dca8bc73136358a0dc3e7156e3c1a4fb74618be1,included,housing_social_welfare_leaf,1.0.0,social_welfare,1.0.0,reference,comparison_baseline,,1994.8,utility_points,"{""policy"":""naive"",""reference_kind"":""comparison_baseline""}",ok,valid,[],"[""event_00000265""]",evaluation_receipt,episode_attempt_5af8aeebda79740e5788,0a741795476315482764efe4dca8bc73136358a0dc3e7156e3c1a4fb74618be1,true
result_6770b1dab764010dcf50c0c1,runplan_3437cc2140094e14,cell_ca779043da4247ad0faa,housing_v1__experiment__000003,housing_v1,housing_controlled_model_landlords_experiment,episode_attempt_5af8aeebda79740e5788,0a741795476315482764efe4dca8bc73136358a0dc3e7156e3c1a4fb74618be1,included,housing_social_welfare_leaf,1.0.0,social_welfare,1.0.0,reference,optimum_lower_bound,,0.0,utility_points,"{""policy"":""do_nothing"",""reference_kind"":""objective_lower_bound""}",ok,valid,[],"[""event_00000265""]",evaluation_receipt,episode_attempt_5af8aeebda79740e5788,0a741795476315482764efe4dca8bc73136358a0dc3e7156e3c1a4fb74618be1,true
result_45e59645e069e46898895679,runplan_3437cc2140094e14,cell_ca779043da4247ad0faa,housing_v1__experiment__000003,housing_v1,housing_controlled_model_landlords_experiment,episode_attempt_5af8aeebda79740e5788,0a741795476315482764efe4dca8bc73136358a0dc3e7156e3c1a4fb74618be1,included,housing_social_welfare_leaf,1.0.0,social_welfare,1.0.0,reference,optimum_upper_bound,,2130.18,utility_points,"{""reference_kind"":""objective_upper_bound"",""semantics"":""full_information_allocation_relaxation""}",ok,valid,[],"[""event_00000265""]",evaluation_receipt,episode_attempt_5af8aeebda79740e5788,0a741795476315482764efe4dca8bc73136358a0dc3e7156e3c1a4fb74618be1,true
result_f41f11b500e8b08af5b8bb31,runplan_3437cc2140094e14,cell_ca779043da4247ad0faa,housing_v1__experiment__000003,housing_v1,housing_controlled_model_landlords_experiment,episode_attempt_5af8aeebda79740e5788,0a741795476315482764efe4dca8bc73136358a0dc3e7156e3c1a4fb74618be1,included,housing_social_welfare_leaf,1.0.0,social_welfare,1.0.0,utility,landlord_0,landlord_0,0.0,utility_points,"{""disagreement_utility"":0.0}",ok,valid,[],"[""event_00000265""]",evaluation_receipt,episode_attempt_5af8aeebda79740e5788,0a741795476315482764efe4dca8bc73136358a0dc3e7156e3c1a4fb74618be1,true
result_d2b92b30b9fc8d3731927c3f,runplan_3437cc2140094e14,cell_ca779043da4247ad0faa,housing_v1__experiment__000003,housing_v1,housing_controlled_model_landlords_experiment,episode_attempt_5af8aeebda79740e5788,0a741795476315482764efe4dca8bc73136358a0dc3e7156e3c1a4fb74618be1,included,housing_social_welfare_leaf,1.0.0,social_welfare,1.0.0,utility,landlord_1,landlord_1,0.0,utility_points,"{""disagreement_utility"":0.0}",ok,valid,[],"[""event_00000265""]",evaluation_receipt,episode_attempt_5af8aeebda79740e5788,0a741795476315482764efe4dca8bc73136358a0dc3e7156e3c1a4fb74618be1,true
result_3c682591399ea934dd06238b,runplan_3437cc2140094e14,cell_ca779043da4247ad0faa,housing_v1__experiment__000003,housing_v1,housing_controlled_model_landlords_experiment,episode_attempt_5af8aeebda79740e5788,0a741795476315482764efe4dca8bc73136358a0dc3e7156e3c1a4fb74618be1,included,housing_social_welfare_leaf,1.0.0,social_welfare,1.0.0,utility,landlord_2,landlord_2,76.96,utility_points,"{""disagreement_utility"":0.0}",ok,valid,[],"[""event_00000265""]",evaluation_receipt,episode_attempt_5af8aeebda79740e5788,0a741795476315482764efe4dca8bc73136358a0dc3e7156e3c1a4fb74618be1,true
result_b7ce0e05af9a1e920716e9ec,runplan_3437cc2140094e14,cell_ca779043da4247ad0faa,housing_v1__experiment__000003,housing_v1,housing_controlled_model_landlords_experiment,episode_attempt_5af8aeebda79740e5788,0a741795476315482764efe4dca8bc73136358a0dc3e7156e3c1a4fb74618be1,included,housing_social_welfare_leaf,1.0.0,social_welfare,1.0.0,utility,landlord_3,landlord_3,96.11,utility_points,"{""disagreement_utility"":0.0}",ok,valid,[],"[""event_00000265""]",evaluation_receipt,episode_attempt_5af8aeebda79740e5788,0a741795476315482764efe4dca8bc73136358a0dc3e7156e3c1a4fb74618be1,true
result_dfb8bc1ab9346869717fcf0b,runplan_3437cc2140094e14,cell_ca779043da4247ad0faa,housing_v1__experiment__000003,housing_v1,housing_controlled_model_landlords_experiment,episode_attempt_5af8aeebda79740e5788,0a741795476315482764efe4dca8bc73136358a0dc3e7156e3c1a4fb74618be1,included,housing_social_welfare_leaf,1.0.0,social_welfare,1.0.0,utility,landlord_4,landlord_4,87.85,utility_points,"{""disagreement_utility"":0.0}",ok,valid,[],"[""event_00000265""]",evaluation_receipt,episode_attempt_5af8aeebda79740e5788,0a741795476315482764efe4dca8bc73136358a0dc3e7156e3c1a4fb74618be1,true
result_f503d2e703978e3bd43aebe8,runplan_3437cc2140094e14,cell_ca779043da4247ad0faa,housing_v1__experiment__000003,housing_v1,housing_controlled_model_landlords_experiment,episode_attempt_5af8aeebda79740e5788,0a741795476315482764efe4dca8bc73136358a0dc3e7156e3c1a4fb74618be1,included,housing_social_welfare_leaf,1.0.0,social_welfare,1.0.0,utility,tenant_0,tenant_0,0.0,utility_points,"{""disagreement_utility"":0.0}",ok,valid,[],"[""event_00000265""]",evaluation_receipt,episode_attempt_5af8aeebda79740e5788,0a741795476315482764efe4dca8bc73136358a0dc3e7156e3c1a4fb74618be1,true
result_f638a10ceb64d662f37e40d3,runplan_3437cc2140094e14,cell_ca779043da4247ad0faa,housing_v1__experiment__000003,housing_v1,housing_controlled_model_landlords_experiment,episode_attempt_5af8aeebda79740e5788,0a741795476315482764efe4dca8bc73136358a0dc3e7156e3c1a4fb74618be1,included,housing_social_welfare_leaf,1.0.0,social_welfare,1.0.0,utility,tenant_1,tenant_1,0.0,utility_points,"{""disagreement_utility"":0.0}",ok,valid,[],"[""event_00000265""]",evaluation_receipt,episode_attempt_5af8aeebda79740e5788,0a741795476315482764efe4dca8bc73136358a0dc3e7156e3c1a4fb74618be1,true
result_68a8c65dbc4e3ae712d7bb13,runplan_3437cc2140094e14,cell_ca779043da4247ad0faa,housing_v1__experiment__000003,housing_v1,housing_controlled_model_landlords_experiment,episode_attempt_5af8aeebda79740e5788,0a741795476315482764efe4dca8bc73136358a0dc3e7156e3c1a4fb74618be1,included,housing_social_welfare_leaf,1.0.0,social_welfare,1.0.0,utility,tenant_2,tenant_2,493.99,utility_points,"{""disagreement_utility"":0.0}",ok,valid,[],"[""event_00000265""]",evaluation_receipt,episode_attempt_5af8aeebda79740e5788,0a741795476315482764efe4dca8bc73136358a0dc3e7156e3c1a4fb74618be1,true
result_5d98c6778f05f7859c00846a,runplan_3437cc2140094e14,cell_ca779043da4247ad0faa,housing_v1__experiment__000003,housing_v1,housing_controlled_model_landlords_experiment,episode_attempt_5af8aeebda79740e5788,0a741795476315482764efe4dca8bc73136358a0dc3e7156e3c1a4fb74618be1,included,housing_social_welfare_leaf,1.0.0,social_welfare,1.0.0,utility,tenant_3,tenant_3,605.06,utility_points,"{""disagreement_utility"":0.0}",ok,valid,[],"[""event_00000265""]",evaluation_receipt,episode_attempt_5af8aeebda79740e5788,0a741795476315482764efe4dca8bc73136358a0dc3e7156e3c1a4fb74618be1,true
result_ef4741888c5bda599577d312,runplan_3437cc2140094e14,cell_ca779043da4247ad0faa,housing_v1__experiment__000003,housing_v1,housing_controlled_model_landlords_experiment,episode_attempt_5af8aeebda79740e5788,0a741795476315482764efe4dca8bc73136358a0dc3e7156e3c1a4fb74618be1,included,housing_social_welfare_leaf,1.0.0,social_welfare,1.0.0,utility,tenant_4,tenant_4,609.41,utility_points,"{""disagreement_utility"":0.0}",ok,valid,[],"[""event_00000265""]",evaluation_receipt,episode_attempt_5af8aeebda79740e5788,0a741795476315482764efe4dca8bc73136358a0dc3e7156e3c1a4fb74618be1,true
result_eed7fde38a7879df25006bdd,runplan_3437cc2140094e14,cell_ca779043da4247ad0faa,housing_v1__experiment__000003,housing_v1,housing_controlled_model_landlords_experiment,episode_attempt_5af8aeebda79740e5788,0a741795476315482764efe4dca8bc73136358a0dc3e7156e3c1a4fb74618be1,included,housing_social_welfare_leaf,1.0.0,social_welfare,1.0.0,utility,tenant_5,tenant_5,0.0,utility_points,"{""disagreement_utility"":0.0}",ok,valid,[],"[""event_00000265""]",evaluation_receipt,episode_attempt_5af8aeebda79740e5788,0a741795476315482764efe4dca8bc73136358a0dc3e7156e3c1a4fb74618be1,true
result_b93fb415617a18fc348ccfae,runplan_3437cc2140094e14,cell_ca779043da4247ad0faa,housing_v1__experiment__000003,housing_v1,housing_controlled_model_landlords_experiment,episode_attempt_5af8aeebda79740e5788,0a741795476315482764efe4dca8bc73136358a0dc3e7156e3c1a4fb74618be1,included,housing_social_welfare_leaf,1.0.0,social_welfare,1.0.0,capture,landlord_0,landlord_0,0.0,utility_points,"{""disagreement_utility"":0.0}",ok,valid,[],"[""event_00000265""]",evaluation_receipt,episode_attempt_5af8aeebda79740e5788,0a741795476315482764efe4dca8bc73136358a0dc3e7156e3c1a4fb74618be1,true
result_fe2509c842e41f801a406e2e,runplan_3437cc2140094e14,cell_ca779043da4247ad0faa,housing_v1__experiment__000003,housing_v1,housing_controlled_model_landlords_experiment,episode_attempt_5af8aeebda79740e5788,0a741795476315482764efe4dca8bc73136358a0dc3e7156e3c1a4fb74618be1,included,housing_social_welfare_leaf,1.0.0,social_welfare,1.0.0,capture,landlord_1,landlord_1,0.0,utility_points,"{""disagreement_utility"":0.0}",ok,valid,[],"[""event_00000265""]",evaluation_receipt,episode_attempt_5af8aeebda79740e5788,0a741795476315482764efe4dca8bc73136358a0dc3e7156e3c1a4fb74618be1,true
result_349316ccc00ecd826f0da492,runplan_3437cc2140094e14,cell_ca779043da4247ad0faa,housing_v1__experiment__000003,housing_v1,housing_controlled_model_landlords_experiment,episode_attempt_5af8aeebda79740e5788,0a741795476315482764efe4dca8bc73136358a0dc3e7156e3c1a4fb74618be1,included,housing_social_welfare_leaf,1.0.0,social_welfare,1.0.0,capture,landlord_2,landlord_2,76.96,utility_points,"{""disagreement_utility"":0.0}",ok,valid,[],"[""event_00000265""]",evaluation_receipt,episode_attempt_5af8aeebda79740e5788,0a741795476315482764efe4dca8bc73136358a0dc3e7156e3c1a4fb74618be1,true
result_d370167a540895c685c027a1,runplan_3437cc2140094e14,cell_ca779043da4247ad0faa,housing_v1__experiment__000003,housing_v1,housing_controlled_model_landlords_experiment,episode_attempt_5af8aeebda79740e5788,0a741795476315482764efe4dca8bc73136358a0dc3e7156e3c1a4fb74618be1,included,housing_social_welfare_leaf,1.0.0,social_welfare,1.0.0,capture,landlord_3,landlord_3,96.11,utility_points,"{""disagreement_utility"":0.0}",ok,valid,[],"[""event_00000265""]",evaluation_receipt,episode_attempt_5af8aeebda79740e5788,0a741795476315482764efe4dca8bc73136358a0dc3e7156e3c1a4fb74618be1,true
result_84eb38aeba195d71ead08a4e,runplan_3437cc2140094e14,cell_ca779043da4247ad0faa,housing_v1__experiment__000003,housing_v1,housing_controlled_model_landlords_experiment,episode_attempt_5af8aeebda79740e5788,0a741795476315482764efe4dca8bc73136358a0dc3e7156e3c1a4fb74618be1,included,housing_social_welfare_leaf,1.0.0,social_welfare,1.0.0,capture,landlord_4,landlord_4,87.85,utility_points,"{""disagreement_utility"":0.0}",ok,valid,[],"[""event_00000265""]",evaluation_receipt,episode_attempt_5af8aeebda79740e5788,0a741795476315482764efe4dca8bc73136358a0dc3e7156e3c1a4fb74618be1,true
result_44a08ba5e5ab53419f2ef449,runplan_3437cc2140094e14,cell_ca779043da4247ad0faa,housing_v1__experiment__000003,housing_v1,housing_controlled_model_landlords_experiment,episode_attempt_5af8aeebda79740e5788,0a741795476315482764efe4dca8bc73136358a0dc3e7156e3c1a4fb74618be1,included,housing_social_welfare_leaf,1.0.0,social_welfare,1.0.0,capture,tenant_0,tenant_0,0.0,utility_points,"{""disagreement_utility"":0.0}",ok,valid,[],"[""event_00000265""]",evaluation_receipt,episode_attempt_5af8aeebda79740e5788,0a741795476315482764efe4dca8bc73136358a0dc3e7156e3c1a4fb74618be1,true
result_33a387449fb139474ba6b0a1,runplan_3437cc2140094e14,cell_ca779043da4247ad0faa,housing_v1__experiment__000003,housing_v1,housing_controlled_model_landlords_experiment,episode_attempt_5af8aeebda79740e5788,0a741795476315482764efe4dca8bc73136358a0dc3e7156e3c1a4fb74618be1,included,housing_social_welfare_leaf,1.0.0,social_welfare,1.0.0,capture,tenant_1,tenant_1,0.0,utility_points,"{""disagreement_utility"":0.0}",ok,valid,[],"[""event_00000265""]",evaluation_receipt,episode_attempt_5af8aeebda79740e5788,0a741795476315482764efe4dca8bc73136358a0dc3e7156e3c1a4fb74618be1,true
result_087921c7c4eec0c95d1095b6,runplan_3437cc2140094e14,cell_ca779043da4247ad0faa,housing_v1__experiment__000003,housing_v1,housing_controlled_model_landlords_experiment,episode_attempt_5af8aeebda79740e5788,0a741795476315482764efe4dca8bc73136358a0dc3e7156e3c1a4fb74618be1,included,housing_social_welfare_leaf,1.0.0,social_welfare,1.0.0,capture,tenant_2,tenant_2,493.99,utility_points,"{""disagreement_utility"":0.0}",ok,valid,[],"[""event_00000265""]",evaluation_receipt,episode_attempt_5af8aeebda79740e5788,0a741795476315482764efe4dca8bc73136358a0dc3e7156e3c1a4fb74618be1,true
result_b78a5fa1d83968a793bf059e,runplan_3437cc2140094e14,cell_ca779043da4247ad0faa,housing_v1__experiment__000003,housing_v1,housing_controlled_model_landlords_experiment,episode_attempt_5af8aeebda79740e5788,0a741795476315482764efe4dca8bc73136358a0dc3e7156e3c1a4fb74618be1,included,housing_social_welfare_leaf,1.0.0,social_welfare,1.0.0,capture,tenant_3,tenant_3,605.06,utility_points,"{""disagreement_utility"":0.0}",ok,valid,[],"[""event_00000265""]",evaluation_receipt,episode_attempt_5af8aeebda79740e5788,0a741795476315482764efe4dca8bc73136358a0dc3e7156e3c1a4fb74618be1,true
result_6c4e1dbb53ad7a676d719011,runplan_3437cc2140094e14,cell_ca779043da4247ad0faa,housing_v1__experiment__000003,housing_v1,housing_controlled_model_landlords_experiment,episode_attempt_5af8aeebda79740e5788,0a741795476315482764efe4dca8bc73136358a0dc3e7156e3c1a4fb74618be1,included,housing_social_welfare_leaf,1.0.0,social_welfare,1.0.0,capture,tenant_4,tenant_4,609.41,utility_points,"{""disagreement_utility"":0.0}",ok,valid,[],"[""event_00000265""]",evaluation_receipt,episode_attempt_5af8aeebda79740e5788,0a741795476315482764efe4dca8bc73136358a0dc3e7156e3c1a4fb74618be1,true
result_6117f67e6673c48f86c92e55,runplan_3437cc2140094e14,cell_ca779043da4247ad0faa,housing_v1__experiment__000003,housing_v1,housing_controlled_model_landlords_experiment,episode_attempt_5af8aeebda79740e5788,0a741795476315482764efe4dca8bc73136358a0dc3e7156e3c1a4fb74618be1,included,housing_social_welfare_leaf,1.0.0,social_welfare,1.0.0,capture,tenant_5,tenant_5,0.0,utility_points,"{""disagreement_utility"":0.0}",ok,valid,[],"[""event_00000265""]",evaluation_receipt,episode_attempt_5af8aeebda79740e5788,0a741795476315482764efe4dca8bc73136358a0dc3e7156e3c1a4fb74618be1,true
result_5bd3308e30c50036e3d27567,runplan_3437cc2140094e14,cell_d2e6a6ef673423d3af5e,housing_v1__experiment__000003,housing_v1,housing_controlled_model_landlords_experiment,episode_attempt_3fc0fab469eb44e71bed,4d66c8079fd0b372b1830d4d728f039e66d6b152a24f2fb70a469e20539b1f8d,included,housing_social_welfare_leaf,1.0.0,social_welfare,1.0.0,primary,social_welfare,,1941.63,utility_points,{},ok,valid,[],"[""event_00000269""]",evaluation_receipt,episode_attempt_3fc0fab469eb44e71bed,4d66c8079fd0b372b1830d4d728f039e66d6b152a24f2fb70a469e20539b1f8d,true
result_19c8f75ad7531c8e2bb04b43,runplan_3437cc2140094e14,cell_d2e6a6ef673423d3af5e,housing_v1__experiment__000003,housing_v1,housing_controlled_model_landlords_experiment,episode_attempt_3fc0fab469eb44e71bed,4d66c8079fd0b372b1830d4d728f039e66d6b152a24f2fb70a469e20539b1f8d,included,housing_social_welfare_leaf,1.0.0,social_welfare,1.0.0,metric,comparison_baseline_gap,,-53.169999999999845,utility_points,{},ok,valid,[],"[""event_00000269""]",evaluation_receipt,episode_attempt_3fc0fab469eb44e71bed,4d66c8079fd0b372b1830d4d728f039e66d6b152a24f2fb70a469e20539b1f8d,true
result_28fbd76c032d18a9335c8335,runplan_3437cc2140094e14,cell_d2e6a6ef673423d3af5e,housing_v1__experiment__000003,housing_v1,housing_controlled_model_landlords_experiment,episode_attempt_3fc0fab469eb44e71bed,4d66c8079fd0b372b1830d4d728f039e66d6b152a24f2fb70a469e20539b1f8d,included,housing_social_welfare_leaf,1.0.0,social_welfare,1.0.0,metric,ir_violation_count,,0.0,count,{},ok,valid,[],"[""event_00000269""]",evaluation_receipt,episode_attempt_3fc0fab469eb44e71bed,4d66c8079fd0b372b1830d4d728f039e66d6b152a24f2fb70a469e20539b1f8d,true
result_5ca870a5f7614229efbdd0f3,runplan_3437cc2140094e14,cell_d2e6a6ef673423d3af5e,housing_v1__experiment__000003,housing_v1,housing_controlled_model_landlords_experiment,episode_attempt_3fc0fab469eb44e71bed,4d66c8079fd0b372b1830d4d728f039e66d6b152a24f2fb70a469e20539b1f8d,included,housing_social_welfare_leaf,1.0.0,social_welfare,1.0.0,metric,social_welfare,,1941.63,utility_points,{},ok,valid,[],"[""event_00000269""]",evaluation_receipt,episode_attempt_3fc0fab469eb44e71bed,4d66c8079fd0b372b1830d4d728f039e66d6b152a24f2fb70a469e20539b1f8d,true
result_bccd44c7d178f20aa7e33315,runplan_3437cc2140094e14,cell_d2e6a6ef673423d3af5e,housing_v1__experiment__000003,housing_v1,housing_controlled_model_landlords_experiment,episode_attempt_3fc0fab469eb44e71bed,4d66c8079fd0b372b1830d4d728f039e66d6b152a24f2fb70a469e20539b1f8d,included,housing_social_welfare_leaf,1.0.0,social_welfare,1.0.0,metric,upper_bound_gap,,188.54999999999973,utility_points,{},ok,valid,[],"[""event_00000269""]",evaluation_receipt,episode_attempt_3fc0fab469eb44e71bed,4d66c8079fd0b372b1830d4d728f039e66d6b152a24f2fb70a469e20539b1f8d,true
result_c17a86d103801c2ed07f0513,runplan_3437cc2140094e14,cell_d2e6a6ef673423d3af5e,housing_v1__experiment__000003,housing_v1,housing_controlled_model_landlords_experiment,episode_attempt_3fc0fab469eb44e71bed,4d66c8079fd0b372b1830d4d728f039e66d6b152a24f2fb70a469e20539b1f8d,included,housing_social_welfare_leaf,1.0.0,social_welfare,1.0.0,metric,wasted_contacts,,7.0,count,{},ok,valid,[],"[""event_00000269""]",evaluation_receipt,episode_attempt_3fc0fab469eb44e71bed,4d66c8079fd0b372b1830d4d728f039e66d6b152a24f2fb70a469e20539b1f8d,true
result_3bffd073aa3f312e69f628b4,runplan_3437cc2140094e14,cell_d2e6a6ef673423d3af5e,housing_v1__experiment__000003,housing_v1,housing_controlled_model_landlords_experiment,episode_attempt_3fc0fab469eb44e71bed,4d66c8079fd0b372b1830d4d728f039e66d6b152a24f2fb70a469e20539b1f8d,included,housing_social_welfare_leaf,1.0.0,social_welfare,1.0.0,metric,within_case_score,,0.9114863532659213,ratio,{},ok,valid,[],"[""event_00000269""]",evaluation_receipt,episode_attempt_3fc0fab469eb44e71bed,4d66c8079fd0b372b1830d4d728f039e66d6b152a24f2fb70a469e20539b1f8d,true
result_fb68c2e96a66256a1a49b542,runplan_3437cc2140094e14,cell_d2e6a6ef673423d3af5e,housing_v1__experiment__000003,housing_v1,housing_controlled_model_landlords_experiment,episode_attempt_3fc0fab469eb44e71bed,4d66c8079fd0b372b1830d4d728f039e66d6b152a24f2fb70a469e20539b1f8d,included,housing_social_welfare_leaf,1.0.0,social_welfare,1.0.0,reference,comparison_baseline,,1994.8,utility_points,"{""policy"":""naive"",""reference_kind"":""comparison_baseline""}",ok,valid,[],"[""event_00000269""]",evaluation_receipt,episode_attempt_3fc0fab469eb44e71bed,4d66c8079fd0b372b1830d4d728f039e66d6b152a24f2fb70a469e20539b1f8d,true
result_cd04caabaa2acb399aec6e67,runplan_3437cc2140094e14,cell_d2e6a6ef673423d3af5e,housing_v1__experiment__000003,housing_v1,housing_controlled_model_landlords_experiment,episode_attempt_3fc0fab469eb44e71bed,4d66c8079fd0b372b1830d4d728f039e66d6b152a24f2fb70a469e20539b1f8d,included,housing_social_welfare_leaf,1.0.0,social_welfare,1.0.0,reference,optimum_lower_bound,,0.0,utility_points,"{""policy"":""do_nothing"",""reference_kind"":""objective_lower_bound""}",ok,valid,[],"[""event_00000269""]",evaluation_receipt,episode_attempt_3fc0fab469eb44e71bed,4d66c8079fd0b372b1830d4d728f039e66d6b152a24f2fb70a469e20539b1f8d,true
result_2626bedc34ba3bc426c174fb,runplan_3437cc2140094e14,cell_d2e6a6ef673423d3af5e,housing_v1__experiment__000003,housing_v1,housing_controlled_model_landlords_experiment,episode_attempt_3fc0fab469eb44e71bed,4d66c8079fd0b372b1830d4d728f039e66d6b152a24f2fb70a469e20539b1f8d,included,housing_social_welfare_leaf,1.0.0,social_welfare,1.0.0,reference,optimum_upper_bound,,2130.18,utility_points,"{""reference_kind"":""objective_upper_bound"",""semantics"":""full_information_allocation_relaxation""}",ok,valid,[],"[""event_00000269""]",evaluation_receipt,episode_attempt_3fc0fab469eb44e71bed,4d66c8079fd0b372b1830d4d728f039e66d6b152a24f2fb70a469e20539b1f8d,true
result_aa769bc74b0ca21518f1f4f2,runplan_3437cc2140094e14,cell_d2e6a6ef673423d3af5e,housing_v1__experiment__000003,housing_v1,housing_controlled_model_landlords_experiment,episode_attempt_3fc0fab469eb44e71bed,4d66c8079fd0b372b1830d4d728f039e66d6b152a24f2fb70a469e20539b1f8d,included,housing_social_welfare_leaf,1.0.0,social_welfare,1.0.0,utility,landlord_0,landlord_0,0.0,utility_points,"{""disagreement_utility"":0.0}",ok,valid,[],"[""event_00000269""]",evaluation_receipt,episode_attempt_3fc0fab469eb44e71bed,4d66c8079fd0b372b1830d4d728f039e66d6b152a24f2fb70a469e20539b1f8d,true
result_9de3e9ee8f468d695d1987c6,runplan_3437cc2140094e14,cell_d2e6a6ef673423d3af5e,housing_v1__experiment__000003,housing_v1,housing_controlled_model_landlords_experiment,episode_attempt_3fc0fab469eb44e71bed,4d66c8079fd0b372b1830d4d728f039e66d6b152a24f2fb70a469e20539b1f8d,included,housing_social_welfare_leaf,1.0.0,social_welfare,1.0.0,utility,landlord_1,landlord_1,0.0,utility_points,"{""disagreement_utility"":0.0}",ok,valid,[],"[""event_00000269""]",evaluation_receipt,episode_attempt_3fc0fab469eb44e71bed,4d66c8079fd0b372b1830d4d728f039e66d6b152a24f2fb70a469e20539b1f8d,true
result_0fc85269922045774a3ce7dc,runplan_3437cc2140094e14,cell_d2e6a6ef673423d3af5e,housing_v1__experiment__000003,housing_v1,housing_controlled_model_landlords_experiment,episode_attempt_3fc0fab469eb44e71bed,4d66c8079fd0b372b1830d4d728f039e66d6b152a24f2fb70a469e20539b1f8d,included,housing_social_welfare_leaf,1.0.0,social_welfare,1.0.0,utility,landlord_2,landlord_2,76.96,utility_points,"{""disagreement_utility"":0.0}",ok,valid,[],"[""event_00000269""]",evaluation_receipt,episode_attempt_3fc0fab469eb44e71bed,4d66c8079fd0b372b1830d4d728f039e66d6b152a24f2fb70a469e20539b1f8d,true
result_c944b732532734f42dc4bb71,runplan_3437cc2140094e14,cell_d2e6a6ef673423d3af5e,housing_v1__experiment__000003,housing_v1,housing_controlled_model_landlords_experiment,episode_attempt_3fc0fab469eb44e71bed,4d66c8079fd0b372b1830d4d728f039e66d6b152a24f2fb70a469e20539b1f8d,included,housing_social_welfare_leaf,1.0.0,social_welfare,1.0.0,utility,landlord_3,landlord_3,54.11,utility_points,"{""disagreement_utility"":0.0}",ok,valid,[],"[""event_00000269""]",evaluation_receipt,episode_attempt_3fc0fab469eb44e71bed,4d66c8079fd0b372b1830d4d728f039e66d6b152a24f2fb70a469e20539b1f8d,true
result_ed284355eca62c2b1b1592a5,runplan_3437cc2140094e14,cell_d2e6a6ef673423d3af5e,housing_v1__experiment__000003,housing_v1,housing_controlled_model_landlords_experiment,episode_attempt_3fc0fab469eb44e71bed,4d66c8079fd0b372b1830d4d728f039e66d6b152a24f2fb70a469e20539b1f8d,included,housing_social_welfare_leaf,1.0.0,social_welfare,1.0.0,utility,landlord_4,landlord_4,487.85,utility_points,"{""disagreement_utility"":0.0}",ok,valid,[],"[""event_00000269""]",evaluation_receipt,episode_attempt_3fc0fab469eb44e71bed,4d66c8079fd0b372b1830d4d728f039e66d6b152a24f2fb70a469e20539b1f8d,true
result_e020dbefe95a0fc1ba0fc52d,runplan_3437cc2140094e14,cell_d2e6a6ef673423d3af5e,housing_v1__experiment__000003,housing_v1,housing_controlled_model_landlords_experiment,episode_attempt_3fc0fab469eb44e71bed,4d66c8079fd0b372b1830d4d728f039e66d6b152a24f2fb70a469e20539b1f8d,included,housing_social_welfare_leaf,1.0.0,social_welfare,1.0.0,utility,tenant_0,tenant_0,0.0,utility_points,"{""disagreement_utility"":0.0}",ok,valid,[],"[""event_00000269""]",evaluation_receipt,episode_attempt_3fc0fab469eb44e71bed,4d66c8079fd0b372b1830d4d728f039e66d6b152a24f2fb70a469e20539b1f8d,true
result_76d98d3f1fd2895014635cfb,runplan_3437cc2140094e14,cell_d2e6a6ef673423d3af5e,housing_v1__experiment__000003,housing_v1,housing_controlled_model_landlords_experiment,episode_attempt_3fc0fab469eb44e71bed,4d66c8079fd0b372b1830d4d728f039e66d6b152a24f2fb70a469e20539b1f8d,included,housing_social_welfare_leaf,1.0.0,social_welfare,1.0.0,utility,tenant_1,tenant_1,520.96,utility_points,"{""disagreement_utility"":0.0}",ok,valid,[],"[""event_00000269""]",evaluation_receipt,episode_attempt_3fc0fab469eb44e71bed,4d66c8079fd0b372b1830d4d728f039e66d6b152a24f2fb70a469e20539b1f8d,true
result_b8938fbdb71350e5d5359346,runplan_3437cc2140094e14,cell_d2e6a6ef673423d3af5e,housing_v1__experiment__000003,housing_v1,housing_controlled_model_landlords_experiment,episode_attempt_3fc0fab469eb44e71bed,4d66c8079fd0b372b1830d4d728f039e66d6b152a24f2fb70a469e20539b1f8d,included,housing_social_welfare_leaf,1.0.0,social_welfare,1.0.0,utility,tenant_2,tenant_2,154.69,utility_points,"{""disagreement_utility"":0.0}",ok,valid,[],"[""event_00000269""]",evaluation_receipt,episode_attempt_3fc0fab469eb44e71bed,4d66c8079fd0b372b1830d4d728f039e66d6b152a24f2fb70a469e20539b1f8d,true
result_ddd634baa0ec9954cb23ade8,runplan_3437cc2140094e14,cell_d2e6a6ef673423d3af5e,housing_v1__experiment__000003,housing_v1,housing_controlled_model_landlords_experiment,episode_attempt_3fc0fab469eb44e71bed,4d66c8079fd0b372b1830d4d728f039e66d6b152a24f2fb70a469e20539b1f8d,included,housing_social_welfare_leaf,1.0.0,social_welfare,1.0.0,utility,tenant_3,tenant_3,647.06,utility_points,"{""disagreement_utility"":0.0}",ok,valid,[],"[""event_00000269""]",evaluation_receipt,episode_attempt_3fc0fab469eb44e71bed,4d66c8079fd0b372b1830d4d728f039e66d6b152a24f2fb70a469e20539b1f8d,true
result_0f544e258318242d336b00b0,runplan_3437cc2140094e14,cell_d2e6a6ef673423d3af5e,housing_v1__experiment__000003,housing_v1,housing_controlled_model_landlords_experiment,episode_attempt_3fc0fab469eb44e71bed,4d66c8079fd0b372b1830d4d728f039e66d6b152a24f2fb70a469e20539b1f8d,included,housing_social_welfare_leaf,1.0.0,social_welfare,1.0.0,utility,tenant_4,tenant_4,0.0,utility_points,"{""disagreement_utility"":0.0}",ok,valid,[],"[""event_00000269""]",evaluation_receipt,episode_attempt_3fc0fab469eb44e71bed,4d66c8079fd0b372b1830d4d728f039e66d6b152a24f2fb70a469e20539b1f8d,true
result_27d1ce75dce08064bb097f5f,runplan_3437cc2140094e14,cell_d2e6a6ef673423d3af5e,housing_v1__experiment__000003,housing_v1,housing_controlled_model_landlords_experiment,episode_attempt_3fc0fab469eb44e71bed,4d66c8079fd0b372b1830d4d728f039e66d6b152a24f2fb70a469e20539b1f8d,included,housing_social_welfare_leaf,1.0.0,social_welfare,1.0.0,utility,tenant_5,tenant_5,0.0,utility_points,"{""disagreement_utility"":0.0}",ok,valid,[],"[""event_00000269""]",evaluation_receipt,episode_attempt_3fc0fab469eb44e71bed,4d66c8079fd0b372b1830d4d728f039e66d6b152a24f2fb70a469e20539b1f8d,true
result_72c29b8e1d09d28cf2665cfc,runplan_3437cc2140094e14,cell_d2e6a6ef673423d3af5e,housing_v1__experiment__000003,housing_v1,housing_controlled_model_landlords_experiment,episode_attempt_3fc0fab469eb44e71bed,4d66c8079fd0b372b1830d4d728f039e66d6b152a24f2fb70a469e20539b1f8d,included,housing_social_welfare_leaf,1.0.0,social_welfare,1.0.0,capture,landlord_0,landlord_0,0.0,utility_points,"{""disagreement_utility"":0.0}",ok,valid,[],"[""event_00000269""]",evaluation_receipt,episode_attempt_3fc0fab469eb44e71bed,4d66c8079fd0b372b1830d4d728f039e66d6b152a24f2fb70a469e20539b1f8d,true
result_f6327701ad97d13d79568565,runplan_3437cc2140094e14,cell_d2e6a6ef673423d3af5e,housing_v1__experiment__000003,housing_v1,housing_controlled_model_landlords_experiment,episode_attempt_3fc0fab469eb44e71bed,4d66c8079fd0b372b1830d4d728f039e66d6b152a24f2fb70a469e20539b1f8d,included,housing_social_welfare_leaf,1.0.0,social_welfare,1.0.0,capture,landlord_1,landlord_1,0.0,utility_points,"{""disagreement_utility"":0.0}",ok,valid,[],"[""event_00000269""]",evaluation_receipt,episode_attempt_3fc0fab469eb44e71bed,4d66c8079fd0b372b1830d4d728f039e66d6b152a24f2fb70a469e20539b1f8d,true
result_650338f2a1ee632c72a1b136,runplan_3437cc2140094e14,cell_d2e6a6ef673423d3af5e,housing_v1__experiment__000003,housing_v1,housing_controlled_model_landlords_experiment,episode_attempt_3fc0fab469eb44e71bed,4d66c8079fd0b372b1830d4d728f039e66d6b152a24f2fb70a469e20539b1f8d,included,housing_social_welfare_leaf,1.0.0,social_welfare,1.0.0,capture,landlord_2,landlord_2,76.96,utility_points,"{""disagreement_utility"":0.0}",ok,valid,[],"[""event_00000269""]",evaluation_receipt,episode_attempt_3fc0fab469eb44e71bed,4d66c8079fd0b372b1830d4d728f039e66d6b152a24f2fb70a469e20539b1f8d,true
result_dc784c59d86207d396abfe02,runplan_3437cc2140094e14,cell_d2e6a6ef673423d3af5e,housing_v1__experiment__000003,housing_v1,housing_controlled_model_landlords_experiment,episode_attempt_3fc0fab469eb44e71bed,4d66c8079fd0b372b1830d4d728f039e66d6b152a24f2fb70a469e20539b1f8d,included,housing_social_welfare_leaf,1.0.0,social_welfare,1.0.0,capture,landlord_3,landlord_3,54.11,utility_points,"{""disagreement_utility"":0.0}",ok,valid,[],"[""event_00000269""]",evaluation_receipt,episode_attempt_3fc0fab469eb44e71bed,4d66c8079fd0b372b1830d4d728f039e66d6b152a24f2fb70a469e20539b1f8d,true
result_9386c0950151cc71fb0bffbc,runplan_3437cc2140094e14,cell_d2e6a6ef673423d3af5e,housing_v1__experiment__000003,housing_v1,housing_controlled_model_landlords_experiment,episode_attempt_3fc0fab469eb44e71bed,4d66c8079fd0b372b1830d4d728f039e66d6b152a24f2fb70a469e20539b1f8d,included,housing_social_welfare_leaf,1.0.0,social_welfare,1.0.0,capture,landlord_4,landlord_4,487.85,utility_points,"{""disagreement_utility"":0.0}",ok,valid,[],"[""event_00000269""]",evaluation_receipt,episode_attempt_3fc0fab469eb44e71bed,4d66c8079fd0b372b1830d4d728f039e66d6b152a24f2fb70a469e20539b1f8d,true
result_b6d43e05e7966e3bb6f2874a,runplan_3437cc2140094e14,cell_d2e6a6ef673423d3af5e,housing_v1__experiment__000003,housing_v1,housing_controlled_model_landlords_experiment,episode_attempt_3fc0fab469eb44e71bed,4d66c8079fd0b372b1830d4d728f039e66d6b152a24f2fb70a469e20539b1f8d,included,housing_social_welfare_leaf,1.0.0,social_welfare,1.0.0,capture,tenant_0,tenant_0,0.0,utility_points,"{""disagreement_utility"":0.0}",ok,valid,[],"[""event_00000269""]",evaluation_receipt,episode_attempt_3fc0fab469eb44e71bed,4d66c8079fd0b372b1830d4d728f039e66d6b152a24f2fb70a469e20539b1f8d,true
result_18b43c81ed1e5dcfb62cebfa,runplan_3437cc2140094e14,cell_d2e6a6ef673423d3af5e,housing_v1__experiment__000003,housing_v1,housing_controlled_model_landlords_experiment,episode_attempt_3fc0fab469eb44e71bed,4d66c8079fd0b372b1830d4d728f039e66d6b152a24f2fb70a469e20539b1f8d,included,housing_social_welfare_leaf,1.0.0,social_welfare,1.0.0,capture,tenant_1,tenant_1,520.96,utility_points,"{""disagreement_utility"":0.0}",ok,valid,[],"[""event_00000269""]",evaluation_receipt,episode_attempt_3fc0fab469eb44e71bed,4d66c8079fd0b372b1830d4d728f039e66d6b152a24f2fb70a469e20539b1f8d,true
result_a101985f32542a8c0aec563d,runplan_3437cc2140094e14,cell_d2e6a6ef673423d3af5e,housing_v1__experiment__000003,housing_v1,housing_controlled_model_landlords_experiment,episode_attempt_3fc0fab469eb44e71bed,4d66c8079fd0b372b1830d4d728f039e66d6b152a24f2fb70a469e20539b1f8d,included,housing_social_welfare_leaf,1.0.0,social_welfare,1.0.0,capture,tenant_2,tenant_2,154.69,utility_points,"{""disagreement_utility"":0.0}",ok,valid,[],"[""event_00000269""]",evaluation_receipt,episode_attempt_3fc0fab469eb44e71bed,4d66c8079fd0b372b1830d4d728f039e66d6b152a24f2fb70a469e20539b1f8d,true
result_171a0411638df030df092279,runplan_3437cc2140094e14,cell_d2e6a6ef673423d3af5e,housing_v1__experiment__000003,housing_v1,housing_controlled_model_landlords_experiment,episode_attempt_3fc0fab469eb44e71bed,4d66c8079fd0b372b1830d4d728f039e66d6b152a24f2fb70a469e20539b1f8d,included,housing_social_welfare_leaf,1.0.0,social_welfare,1.0.0,capture,tenant_3,tenant_3,647.06,utility_points,"{""disagreement_utility"":0.0}",ok,valid,[],"[""event_00000269""]",evaluation_receipt,episode_attempt_3fc0fab469eb44e71bed,4d66c8079fd0b372b1830d4d728f039e66d6b152a24f2fb70a469e20539b1f8d,true
result_4510086d0029064dbad99202,runplan_3437cc2140094e14,cell_d2e6a6ef673423d3af5e,housing_v1__experiment__000003,housing_v1,housing_controlled_model_landlords_experiment,episode_attempt_3fc0fab469eb44e71bed,4d66c8079fd0b372b1830d4d728f039e66d6b152a24f2fb70a469e20539b1f8d,included,housing_social_welfare_leaf,1.0.0,social_welfare,1.0.0,capture,tenant_4,tenant_4,0.0,utility_points,"{""disagreement_utility"":0.0}",ok,valid,[],"[""event_00000269""]",evaluation_receipt,episode_attempt_3fc0fab469eb44e71bed,4d66c8079fd0b372b1830d4d728f039e66d6b152a24f2fb70a469e20539b1f8d,true
result_8bd03522391e860d905fd746,runplan_3437cc2140094e14,cell_d2e6a6ef673423d3af5e,housing_v1__experiment__000003,housing_v1,housing_controlled_model_landlords_experiment,episode_attempt_3fc0fab469eb44e71bed,4d66c8079fd0b372b1830d4d728f039e66d6b152a24f2fb70a469e20539b1f8d,included,housing_social_welfare_leaf,1.0.0,social_welfare,1.0.0,capture,tenant_5,tenant_5,0.0,utility_points,"{""disagreement_utility"":0.0}",ok,valid,[],"[""event_00000269""]",evaluation_receipt,episode_attempt_3fc0fab469eb44e71bed,4d66c8079fd0b372b1830d4d728f039e66d6b152a24f2fb70a469e20539b1f8d,true
result_a788b3a5c0ecfd8830f78b92,runplan_3437cc2140094e14,cell_ff0c09c80f279aeeb4aa,housing_v1__experiment__000001,housing_v1,housing_controlled_model_landlords_experiment,episode_attempt_0dba7a49271e6b61196b,0cb146134332ff15fff49201caf60a23eced534eb690ae8449f4f407cdd1a511,included,housing_social_welfare_leaf,1.0.0,social_welfare,1.0.0,primary,social_welfare,,1608.25,utility_points,{},ok,valid,[],"[""event_00000223""]",evaluation_receipt,episode_attempt_0dba7a49271e6b61196b,0cb146134332ff15fff49201caf60a23eced534eb690ae8449f4f407cdd1a511,true
result_6feb6167069ed2dcdb961bd9,runplan_3437cc2140094e14,cell_ff0c09c80f279aeeb4aa,housing_v1__experiment__000001,housing_v1,housing_controlled_model_landlords_experiment,episode_attempt_0dba7a49271e6b61196b,0cb146134332ff15fff49201caf60a23eced534eb690ae8449f4f407cdd1a511,included,housing_social_welfare_leaf,1.0.0,social_welfare,1.0.0,metric,comparison_baseline_gap,,0.0,utility_points,{},ok,valid,[],"[""event_00000223""]",evaluation_receipt,episode_attempt_0dba7a49271e6b61196b,0cb146134332ff15fff49201caf60a23eced534eb690ae8449f4f407cdd1a511,true
result_b0b11dab7e34feaaa6688271,runplan_3437cc2140094e14,cell_ff0c09c80f279aeeb4aa,housing_v1__experiment__000001,housing_v1,housing_controlled_model_landlords_experiment,episode_attempt_0dba7a49271e6b61196b,0cb146134332ff15fff49201caf60a23eced534eb690ae8449f4f407cdd1a511,included,housing_social_welfare_leaf,1.0.0,social_welfare,1.0.0,metric,ir_violation_count,,0.0,count,{},ok,valid,[],"[""event_00000223""]",evaluation_receipt,episode_attempt_0dba7a49271e6b61196b,0cb146134332ff15fff49201caf60a23eced534eb690ae8449f4f407cdd1a511,true
result_0b3c4a41fe78cbf00c1fceba,runplan_3437cc2140094e14,cell_ff0c09c80f279aeeb4aa,housing_v1__experiment__000001,housing_v1,housing_controlled_model_landlords_experiment,episode_attempt_0dba7a49271e6b61196b,0cb146134332ff15fff49201caf60a23eced534eb690ae8449f4f407cdd1a511,included,housing_social_welfare_leaf,1.0.0,social_welfare,1.0.0,metric,social_welfare,,1608.25,utility_points,{},ok,valid,[],"[""event_00000223""]",evaluation_receipt,episode_attempt_0dba7a49271e6b61196b,0cb146134332ff15fff49201caf60a23eced534eb690ae8449f4f407cdd1a511,true
result_a0db191d2dfcdf53862a352f,runplan_3437cc2140094e14,cell_ff0c09c80f279aeeb4aa,housing_v1__experiment__000001,housing_v1,housing_controlled_model_landlords_experiment,episode_attempt_0dba7a49271e6b61196b,0cb146134332ff15fff49201caf60a23eced534eb690ae8449f4f407cdd1a511,included,housing_social_welfare_leaf,1.0.0,social_welfare,1.0.0,metric,upper_bound_gap,,180.74,utility_points,{},ok,valid,[],"[""event_00000223""]",evaluation_receipt,episode_attempt_0dba7a49271e6b61196b,0cb146134332ff15fff49201caf60a23eced534eb690ae8449f4f407cdd1a511,true
result_eed539e8290a3c9a55ba058d,runplan_3437cc2140094e14,cell_ff0c09c80f279aeeb4aa,housing_v1__experiment__000001,housing_v1,housing_controlled_model_landlords_experiment,episode_attempt_0dba7a49271e6b61196b,0cb146134332ff15fff49201caf60a23eced534eb690ae8449f4f407cdd1a511,included,housing_social_welfare_leaf,1.0.0,social_welfare,1.0.0,metric,wasted_contacts,,3.0,count,{},ok,valid,[],"[""event_00000223""]",evaluation_receipt,episode_attempt_0dba7a49271e6b61196b,0cb146134332ff15fff49201caf60a23eced534eb690ae8449f4f407cdd1a511,true
result_ac392b1e130ff512d2640271,runplan_3437cc2140094e14,cell_ff0c09c80f279aeeb4aa,housing_v1__experiment__000001,housing_v1,housing_controlled_model_landlords_experiment,episode_attempt_0dba7a49271e6b61196b,0cb146134332ff15fff49201caf60a23eced534eb690ae8449f4f407cdd1a511,included,housing_social_welfare_leaf,1.0.0,social_welfare,1.0.0,metric,within_case_score,,0.8989709277301717,ratio,{},ok,valid,[],"[""event_00000223""]",evaluation_receipt,episode_attempt_0dba7a49271e6b61196b,0cb146134332ff15fff49201caf60a23eced534eb690ae8449f4f407cdd1a511,true
result_5e1c157830bdeec8db845e3f,runplan_3437cc2140094e14,cell_ff0c09c80f279aeeb4aa,housing_v1__experiment__000001,housing_v1,housing_controlled_model_landlords_experiment,episode_attempt_0dba7a49271e6b61196b,0cb146134332ff15fff49201caf60a23eced534eb690ae8449f4f407cdd1a511,included,housing_social_welfare_leaf,1.0.0,social_welfare,1.0.0,reference,comparison_baseline,,1608.25,utility_points,"{""policy"":""naive"",""reference_kind"":""comparison_baseline""}",ok,valid,[],"[""event_00000223""]",evaluation_receipt,episode_attempt_0dba7a49271e6b61196b,0cb146134332ff15fff49201caf60a23eced534eb690ae8449f4f407cdd1a511,true
result_3225ccf74e17935ce9776a92,runplan_3437cc2140094e14,cell_ff0c09c80f279aeeb4aa,housing_v1__experiment__000001,housing_v1,housing_controlled_model_landlords_experiment,episode_attempt_0dba7a49271e6b61196b,0cb146134332ff15fff49201caf60a23eced534eb690ae8449f4f407cdd1a511,included,housing_social_welfare_leaf,1.0.0,social_welfare,1.0.0,reference,optimum_lower_bound,,0.0,utility_points,"{""policy"":""do_nothing"",""reference_kind"":""objective_lower_bound""}",ok,valid,[],"[""event_00000223""]",evaluation_receipt,episode_attempt_0dba7a49271e6b61196b,0cb146134332ff15fff49201caf60a23eced534eb690ae8449f4f407cdd1a511,true
result_06912678fb2f2b3496ec8be1,runplan_3437cc2140094e14,cell_ff0c09c80f279aeeb4aa,housing_v1__experiment__000001,housing_v1,housing_controlled_model_landlords_experiment,episode_attempt_0dba7a49271e6b61196b,0cb146134332ff15fff49201caf60a23eced534eb690ae8449f4f407cdd1a511,included,housing_social_welfare_leaf,1.0.0,social_welfare,1.0.0,reference,optimum_upper_bound,,1788.99,utility_points,"{""reference_kind"":""objective_upper_bound"",""semantics"":""full_information_allocation_relaxation""}",ok,valid,[],"[""event_00000223""]",evaluation_receipt,episode_attempt_0dba7a49271e6b61196b,0cb146134332ff15fff49201caf60a23eced534eb690ae8449f4f407cdd1a511,true
result_29e100230e06878694c1d8c9,runplan_3437cc2140094e14,cell_ff0c09c80f279aeeb4aa,housing_v1__experiment__000001,housing_v1,housing_controlled_model_landlords_experiment,episode_attempt_0dba7a49271e6b61196b,0cb146134332ff15fff49201caf60a23eced534eb690ae8449f4f407cdd1a511,included,housing_social_welfare_leaf,1.0.0,social_welfare,1.0.0,utility,landlord_0,landlord_0,56.6,utility_points,"{""disagreement_utility"":0.0}",ok,valid,[],"[""event_00000223""]",evaluation_receipt,episode_attempt_0dba7a49271e6b61196b,0cb146134332ff15fff49201caf60a23eced534eb690ae8449f4f407cdd1a511,true
result_1ac6a836b49d9ab8379d2367,runplan_3437cc2140094e14,cell_ff0c09c80f279aeeb4aa,housing_v1__experiment__000001,housing_v1,housing_controlled_model_landlords_experiment,episode_attempt_0dba7a49271e6b61196b,0cb146134332ff15fff49201caf60a23eced534eb690ae8449f4f407cdd1a511,included,housing_social_welfare_leaf,1.0.0,social_welfare,1.0.0,utility,landlord_1,landlord_1,58.62,utility_points,"{""disagreement_utility"":0.0}",ok,valid,[],"[""event_00000223""]",evaluation_receipt,episode_attempt_0dba7a49271e6b61196b,0cb146134332ff15fff49201caf60a23eced534eb690ae8449f4f407cdd1a511,true
result_30c4da64a61ffbf671f5201e,runplan_3437cc2140094e14,cell_ff0c09c80f279aeeb4aa,housing_v1__experiment__000001,housing_v1,housing_controlled_model_landlords_experiment,episode_attempt_0dba7a49271e6b61196b,0cb146134332ff15fff49201caf60a23eced534eb690ae8449f4f407cdd1a511,included,housing_social_welfare_leaf,1.0.0,social_welfare,1.0.0,utility,landlord_2,landlord_2,0.0,utility_points,"{""disagreement_utility"":0.0}",ok,valid,[],"[""event_00000223""]",evaluation_receipt,episode_attempt_0dba7a49271e6b61196b,0cb146134332ff15fff49201caf60a23eced534eb690ae8449f4f407cdd1a511,true
result_1b125d8d54357c8cfd991a9e,runplan_3437cc2140094e14,cell_ff0c09c80f279aeeb4aa,housing_v1__experiment__000001,housing_v1,housing_controlled_model_landlords_experiment,episode_attempt_0dba7a49271e6b61196b,0cb146134332ff15fff49201caf60a23eced534eb690ae8449f4f407cdd1a511,included,housing_social_welfare_leaf,1.0.0,social_welfare,1.0.0,utility,landlord_3,landlord_3,491.36,utility_points,"{""disagreement_utility"":0.0}",ok,valid,[],"[""event_00000223""]",evaluation_receipt,episode_attempt_0dba7a49271e6b61196b,0cb146134332ff15fff49201caf60a23eced534eb690ae8449f4f407cdd1a511,true
result_a419c038e10b811345d8a6a5,runplan_3437cc2140094e14,cell_ff0c09c80f279aeeb4aa,housing_v1__experiment__000001,housing_v1,housing_controlled_model_landlords_experiment,episode_attempt_0dba7a49271e6b61196b,0cb146134332ff15fff49201caf60a23eced534eb690ae8449f4f407cdd1a511,included,housing_social_welfare_leaf,1.0.0,social_welfare,1.0.0,utility,landlord_4,landlord_4,22.52,utility_points,"{""disagreement_utility"":0.0}",ok,valid,[],"[""event_00000223""]",evaluation_receipt,episode_attempt_0dba7a49271e6b61196b,0cb146134332ff15fff49201caf60a23eced534eb690ae8449f4f407cdd1a511,true
result_6703c54e1444d065651c8c10,runplan_3437cc2140094e14,cell_ff0c09c80f279aeeb4aa,housing_v1__experiment__000001,housing_v1,housing_controlled_model_landlords_experiment,episode_attempt_0dba7a49271e6b61196b,0cb146134332ff15fff49201caf60a23eced534eb690ae8449f4f407cdd1a511,included,housing_social_welfare_leaf,1.0.0,social_welfare,1.0.0,utility,tenant_0,tenant_0,423.79,utility_points,"{""disagreement_utility"":0.0}",ok,valid,[],"[""event_00000223""]",evaluation_receipt,episode_attempt_0dba7a49271e6b61196b,0cb146134332ff15fff49201caf60a23eced534eb690ae8449f4f407cdd1a511,true
result_b604b91d7ebfca643e51e763,runplan_3437cc2140094e14,cell_ff0c09c80f279aeeb4aa,housing_v1__experiment__000001,housing_v1,housing_controlled_model_landlords_experiment,episode_attempt_0dba7a49271e6b61196b,0cb146134332ff15fff49201caf60a23eced534eb690ae8449f4f407cdd1a511,included,housing_social_welfare_leaf,1.0.0,social_welfare,1.0.0,utility,tenant_1,tenant_1,0.0,utility_points,"{""disagreement_utility"":0.0}",ok,valid,[],"[""event_00000223""]",evaluation_receipt,episode_attempt_0dba7a49271e6b61196b,0cb146134332ff15fff49201caf60a23eced534eb690ae8449f4f407cdd1a511,true
result_53d087e9b7578fbf9340f844,runplan_3437cc2140094e14,cell_ff0c09c80f279aeeb4aa,housing_v1__experiment__000001,housing_v1,housing_controlled_model_landlords_experiment,episode_attempt_0dba7a49271e6b61196b,0cb146134332ff15fff49201caf60a23eced534eb690ae8449f4f407cdd1a511,included,housing_social_welfare_leaf,1.0.0,social_welfare,1.0.0,utility,tenant_2,tenant_2,35.88,utility_points,"{""disagreement_utility"":0.0}",ok,valid,[],"[""event_00000223""]",evaluation_receipt,episode_attempt_0dba7a49271e6b61196b,0cb146134332ff15fff49201caf60a23eced534eb690ae8449f4f407cdd1a511,true
result_da83f0f56efba909bd6bee58,runplan_3437cc2140094e14,cell_ff0c09c80f279aeeb4aa,housing_v1__experiment__000001,housing_v1,housing_controlled_model_landlords_experiment,episode_attempt_0dba7a49271e6b61196b,0cb146134332ff15fff49201caf60a23eced534eb690ae8449f4f407cdd1a511,included,housing_social_welfare_leaf,1.0.0,social_welfare,1.0.0,utility,tenant_3,tenant_3,0.0,utility_points,"{""disagreement_utility"":0.0}",ok,valid,[],"[""event_00000223""]",evaluation_receipt,episode_attempt_0dba7a49271e6b61196b,0cb146134332ff15fff49201caf60a23eced534eb690ae8449f4f407cdd1a511,true
result_e88c47d3261d0d444259e687,runplan_3437cc2140094e14,cell_ff0c09c80f279aeeb4aa,housing_v1__experiment__000001,housing_v1,housing_controlled_model_landlords_experiment,episode_attempt_0dba7a49271e6b61196b,0cb146134332ff15fff49201caf60a23eced534eb690ae8449f4f407cdd1a511,included,housing_social_welfare_leaf,1.0.0,social_welfare,1.0.0,utility,tenant_4,tenant_4,519.48,utility_points,"{""disagreement_utility"":0.0}",ok,valid,[],"[""event_00000223""]",evaluation_receipt,episode_attempt_0dba7a49271e6b61196b,0cb146134332ff15fff49201caf60a23eced534eb690ae8449f4f407cdd1a511,true
result_547245c3f049e97d92b65416,runplan_3437cc2140094e14,cell_ff0c09c80f279aeeb4aa,housing_v1__experiment__000001,housing_v1,housing_controlled_model_landlords_experiment,episode_attempt_0dba7a49271e6b61196b,0cb146134332ff15fff49201caf60a23eced534eb690ae8449f4f407cdd1a511,included,housing_social_welfare_leaf,1.0.0,social_welfare,1.0.0,utility,tenant_5,tenant_5,0.0,utility_points,"{""disagreement_utility"":0.0}",ok,valid,[],"[""event_00000223""]",evaluation_receipt,episode_attempt_0dba7a49271e6b61196b,0cb146134332ff15fff49201caf60a23eced534eb690ae8449f4f407cdd1a511,true
result_073a377f6f9537be976d4bff,runplan_3437cc2140094e14,cell_ff0c09c80f279aeeb4aa,housing_v1__experiment__000001,housing_v1,housing_controlled_model_landlords_experiment,episode_attempt_0dba7a49271e6b61196b,0cb146134332ff15fff49201caf60a23eced534eb690ae8449f4f407cdd1a511,included,housing_social_welfare_leaf,1.0.0,social_welfare,1.0.0,capture,landlord_0,landlord_0,56.6,utility_points,"{""disagreement_utility"":0.0}",ok,valid,[],"[""event_00000223""]",evaluation_receipt,episode_attempt_0dba7a49271e6b61196b,0cb146134332ff15fff49201caf60a23eced534eb690ae8449f4f407cdd1a511,true
result_03781e84d35fbef5c8da9a08,runplan_3437cc2140094e14,cell_ff0c09c80f279aeeb4aa,housing_v1__experiment__000001,housing_v1,housing_controlled_model_landlords_experiment,episode_attempt_0dba7a49271e6b61196b,0cb146134332ff15fff49201caf60a23eced534eb690ae8449f4f407cdd1a511,included,housing_social_welfare_leaf,1.0.0,social_welfare,1.0.0,capture,landlord_1,landlord_1,58.62,utility_points,"{""disagreement_utility"":0.0}",ok,valid,[],"[""event_00000223""]",evaluation_receipt,episode_attempt_0dba7a49271e6b61196b,0cb146134332ff15fff49201caf60a23eced534eb690ae8449f4f407cdd1a511,true
result_04c17bff42ebe0b7ae36210a,runplan_3437cc2140094e14,cell_ff0c09c80f279aeeb4aa,housing_v1__experiment__000001,housing_v1,housing_controlled_model_landlords_experiment,episode_attempt_0dba7a49271e6b61196b,0cb146134332ff15fff49201caf60a23eced534eb690ae8449f4f407cdd1a511,included,housing_social_welfare_leaf,1.0.0,social_welfare,1.0.0,capture,landlord_2,landlord_2,0.0,utility_points,"{""disagreement_utility"":0.0}",ok,valid,[],"[""event_00000223""]",evaluation_receipt,episode_attempt_0dba7a49271e6b61196b,0cb146134332ff15fff49201caf60a23eced534eb690ae8449f4f407cdd1a511,true
result_f552ea9b302e63d5a5175eae,runplan_3437cc2140094e14,cell_ff0c09c80f279aeeb4aa,housing_v1__experiment__000001,housing_v1,housing_controlled_model_landlords_experiment,episode_attempt_0dba7a49271e6b61196b,0cb146134332ff15fff49201caf60a23eced534eb690ae8449f4f407cdd1a511,included,housing_social_welfare_leaf,1.0.0,social_welfare,1.0.0,capture,landlord_3,landlord_3,491.36,utility_points,"{""disagreement_utility"":0.0}",ok,valid,[],"[""event_00000223""]",evaluation_receipt,episode_attempt_0dba7a49271e6b61196b,0cb146134332ff15fff49201caf60a23eced534eb690ae8449f4f407cdd1a511,true
result_bd5186602436f4f1acc63206,runplan_3437cc2140094e14,cell_ff0c09c80f279aeeb4aa,housing_v1__experiment__000001,housing_v1,housing_controlled_model_landlords_experiment,episode_attempt_0dba7a49271e6b61196b,0cb146134332ff15fff49201caf60a23eced534eb690ae8449f4f407cdd1a511,included,housing_social_welfare_leaf,1.0.0,social_welfare,1.0.0,capture,landlord_4,landlord_4,22.52,utility_points,"{""disagreement_utility"":0.0}",ok,valid,[],"[""event_00000223""]",evaluation_receipt,episode_attempt_0dba7a49271e6b61196b,0cb146134332ff15fff49201caf60a23eced534eb690ae8449f4f407cdd1a511,true
result_083355b727ad85c35f3dbc2f,runplan_3437cc2140094e14,cell_ff0c09c80f279aeeb4aa,housing_v1__experiment__000001,housing_v1,housing_controlled_model_landlords_experiment,episode_attempt_0dba7a49271e6b61196b,0cb146134332ff15fff49201caf60a23eced534eb690ae8449f4f407cdd1a511,included,housing_social_welfare_leaf,1.0.0,social_welfare,1.0.0,capture,tenant_0,tenant_0,423.79,utility_points,"{""disagreement_utility"":0.0}",ok,valid,[],"[""event_00000223""]",evaluation_receipt,episode_attempt_0dba7a49271e6b61196b,0cb146134332ff15fff49201caf60a23eced534eb690ae8449f4f407cdd1a511,true
result_a08ce09baf4c33e3bdf2d588,runplan_3437cc2140094e14,cell_ff0c09c80f279aeeb4aa,housing_v1__experiment__000001,housing_v1,housing_controlled_model_landlords_experiment,episode_attempt_0dba7a49271e6b61196b,0cb146134332ff15fff49201caf60a23eced534eb690ae8449f4f407cdd1a511,included,housing_social_welfare_leaf,1.0.0,social_welfare,1.0.0,capture,tenant_1,tenant_1,0.0,utility_points,"{""disagreement_utility"":0.0}",ok,valid,[],"[""event_00000223""]",evaluation_receipt,episode_attempt_0dba7a49271e6b61196b,0cb146134332ff15fff49201caf60a23eced534eb690ae8449f4f407cdd1a511,true
result_0a0eef70763f3ff6647008a2,runplan_3437cc2140094e14,cell_ff0c09c80f279aeeb4aa,housing_v1__experiment__000001,housing_v1,housing_controlled_model_landlords_experiment,episode_attempt_0dba7a49271e6b61196b,0cb146134332ff15fff49201caf60a23eced534eb690ae8449f4f407cdd1a511,included,housing_social_welfare_leaf,1.0.0,social_welfare,1.0.0,capture,tenant_2,tenant_2,35.88,utility_points,"{""disagreement_utility"":0.0}",ok,valid,[],"[""event_00000223""]",evaluation_receipt,episode_attempt_0dba7a49271e6b61196b,0cb146134332ff15fff49201caf60a23eced534eb690ae8449f4f407cdd1a511,true
result_2525840a71e96b533c897486,runplan_3437cc2140094e14,cell_ff0c09c80f279aeeb4aa,housing_v1__experiment__000001,housing_v1,housing_controlled_model_landlords_experiment,episode_attempt_0dba7a49271e6b61196b,0cb146134332ff15fff49201caf60a23eced534eb690ae8449f4f407cdd1a511,included,housing_social_welfare_leaf,1.0.0,social_welfare,1.0.0,capture,tenant_3,tenant_3,0.0,utility_points,"{""disagreement_utility"":0.0}",ok,valid,[],"[""event_00000223""]",evaluation_receipt,episode_attempt_0dba7a49271e6b61196b,0cb146134332ff15fff49201caf60a23eced534eb690ae8449f4f407cdd1a511,true
result_9b9f819c3a5c56376f9aa0f1,runplan_3437cc2140094e14,cell_ff0c09c80f279aeeb4aa,housing_v1__experiment__000001,housing_v1,housing_controlled_model_landlords_experiment,episode_attempt_0dba7a49271e6b61196b,0cb146134332ff15fff49201caf60a23eced534eb690ae8449f4f407cdd1a511,included,housing_social_welfare_leaf,1.0.0,social_welfare,1.0.0,capture,tenant_4,tenant_4,519.48,utility_points,"{""disagreement_utility"":0.0}",ok,valid,[],"[""event_00000223""]",evaluation_receipt,episode_attempt_0dba7a49271e6b61196b,0cb146134332ff15fff49201caf60a23eced534eb690ae8449f4f407cdd1a511,true
result_a7bbf48e81813bee9c26535f,runplan_3437cc2140094e14,cell_ff0c09c80f279aeeb4aa,housing_v1__experiment__000001,housing_v1,housing_controlled_model_landlords_experiment,episode_attempt_0dba7a49271e6b61196b,0cb146134332ff15fff49201caf60a23eced534eb690ae8449f4f407cdd1a511,included,housing_social_welfare_leaf,1.0.0,social_welfare,1.0.0,capture,tenant_5,tenant_5,0.0,utility_points,"{""disagreement_utility"":0.0}",ok,valid,[],"[""event_00000223""]",evaluation_receipt,episode_attempt_0dba7a49271e6b61196b,0cb146134332ff15fff49201caf60a23eced534eb690ae8449f4f407cdd1a511,true
