fact_id,run_id,task_id,case_id,family_id,block_id,episode_attempt_id,receipt_sha256,inclusion_status,leaf_id,leaf_version,estimand_id,estimand_version,metric_role,metric_name,seat_id,value,unit,metric_metadata,score_status,validity_status,validity_reasons,evidence_refs,source_kind,source_id,source_sha256,reportable
result_32b9f0f6297ca78e22ce67f2,runplan_fc2c35626b700671,cell_011a91400ba48d3ae8b4,housing_v1__experiment__000003,housing_v1,housing_controlled_model_landlords_experiment,episode_attempt_8ddc3c3e70e25821bd59,253076870fbf5aac3dfd6b0784acc7e8991f863a7e08c5beb76280b830fff01e,included,housing_social_welfare_leaf,1.0.0,social_welfare,1.0.0,primary,social_welfare,,1647.12,utility_points,{},ok,valid,[],"[""event_00000130""]",evaluation_receipt,episode_attempt_8ddc3c3e70e25821bd59,253076870fbf5aac3dfd6b0784acc7e8991f863a7e08c5beb76280b830fff01e,true
result_8bbadf3ac02a1af61efc102a,runplan_fc2c35626b700671,cell_011a91400ba48d3ae8b4,housing_v1__experiment__000003,housing_v1,housing_controlled_model_landlords_experiment,episode_attempt_8ddc3c3e70e25821bd59,253076870fbf5aac3dfd6b0784acc7e8991f863a7e08c5beb76280b830fff01e,included,housing_social_welfare_leaf,1.0.0,social_welfare,1.0.0,metric,comparison_baseline_gap,,185.41999999999985,utility_points,{},ok,valid,[],"[""event_00000130""]",evaluation_receipt,episode_attempt_8ddc3c3e70e25821bd59,253076870fbf5aac3dfd6b0784acc7e8991f863a7e08c5beb76280b830fff01e,true
result_9031580c6c9526304f97a747,runplan_fc2c35626b700671,cell_011a91400ba48d3ae8b4,housing_v1__experiment__000003,housing_v1,housing_controlled_model_landlords_experiment,episode_attempt_8ddc3c3e70e25821bd59,253076870fbf5aac3dfd6b0784acc7e8991f863a7e08c5beb76280b830fff01e,included,housing_social_welfare_leaf,1.0.0,social_welfare,1.0.0,metric,ir_violation_count,,0.0,count,{},ok,valid,[],"[""event_00000130""]",evaluation_receipt,episode_attempt_8ddc3c3e70e25821bd59,253076870fbf5aac3dfd6b0784acc7e8991f863a7e08c5beb76280b830fff01e,true
result_44b222f1ecabc030b3f80c35,runplan_fc2c35626b700671,cell_011a91400ba48d3ae8b4,housing_v1__experiment__000003,housing_v1,housing_controlled_model_landlords_experiment,episode_attempt_8ddc3c3e70e25821bd59,253076870fbf5aac3dfd6b0784acc7e8991f863a7e08c5beb76280b830fff01e,included,housing_social_welfare_leaf,1.0.0,social_welfare,1.0.0,metric,social_welfare,,1647.12,utility_points,{},ok,valid,[],"[""event_00000130""]",evaluation_receipt,episode_attempt_8ddc3c3e70e25821bd59,253076870fbf5aac3dfd6b0784acc7e8991f863a7e08c5beb76280b830fff01e,true
result_0e47b30ea6f2c3a730d0c48a,runplan_fc2c35626b700671,cell_011a91400ba48d3ae8b4,housing_v1__experiment__000003,housing_v1,housing_controlled_model_landlords_experiment,episode_attempt_8ddc3c3e70e25821bd59,253076870fbf5aac3dfd6b0784acc7e8991f863a7e08c5beb76280b830fff01e,included,housing_social_welfare_leaf,1.0.0,social_welfare,1.0.0,metric,upper_bound_gap,,91.09000000000015,utility_points,{},ok,valid,[],"[""event_00000130""]",evaluation_receipt,episode_attempt_8ddc3c3e70e25821bd59,253076870fbf5aac3dfd6b0784acc7e8991f863a7e08c5beb76280b830fff01e,true
result_6a51ae2585dab15c4c83872a,runplan_fc2c35626b700671,cell_011a91400ba48d3ae8b4,housing_v1__experiment__000003,housing_v1,housing_controlled_model_landlords_experiment,episode_attempt_8ddc3c3e70e25821bd59,253076870fbf5aac3dfd6b0784acc7e8991f863a7e08c5beb76280b830fff01e,included,housing_social_welfare_leaf,1.0.0,social_welfare,1.0.0,metric,wasted_contacts,,3.0,count,{},ok,valid,[],"[""event_00000130""]",evaluation_receipt,episode_attempt_8ddc3c3e70e25821bd59,253076870fbf5aac3dfd6b0784acc7e8991f863a7e08c5beb76280b830fff01e,true
result_356d30f823fa74ed78bd5b7b,runplan_fc2c35626b700671,cell_011a91400ba48d3ae8b4,housing_v1__experiment__000003,housing_v1,housing_controlled_model_landlords_experiment,episode_attempt_8ddc3c3e70e25821bd59,253076870fbf5aac3dfd6b0784acc7e8991f863a7e08c5beb76280b830fff01e,included,housing_social_welfare_leaf,1.0.0,social_welfare,1.0.0,metric,within_case_score,,0.9475955149262747,ratio,{},ok,valid,[],"[""event_00000130""]",evaluation_receipt,episode_attempt_8ddc3c3e70e25821bd59,253076870fbf5aac3dfd6b0784acc7e8991f863a7e08c5beb76280b830fff01e,true
result_34a3f3a48a498f6e39402914,runplan_fc2c35626b700671,cell_011a91400ba48d3ae8b4,housing_v1__experiment__000003,housing_v1,housing_controlled_model_landlords_experiment,episode_attempt_8ddc3c3e70e25821bd59,253076870fbf5aac3dfd6b0784acc7e8991f863a7e08c5beb76280b830fff01e,included,housing_social_welfare_leaf,1.0.0,social_welfare,1.0.0,reference,comparison_baseline,,1461.7,utility_points,"{""policy"":""naive"",""reference_kind"":""comparison_baseline""}",ok,valid,[],"[""event_00000130""]",evaluation_receipt,episode_attempt_8ddc3c3e70e25821bd59,253076870fbf5aac3dfd6b0784acc7e8991f863a7e08c5beb76280b830fff01e,true
result_cd95b8586f477f7e404b29fd,runplan_fc2c35626b700671,cell_011a91400ba48d3ae8b4,housing_v1__experiment__000003,housing_v1,housing_controlled_model_landlords_experiment,episode_attempt_8ddc3c3e70e25821bd59,253076870fbf5aac3dfd6b0784acc7e8991f863a7e08c5beb76280b830fff01e,included,housing_social_welfare_leaf,1.0.0,social_welfare,1.0.0,reference,optimum_lower_bound,,0.0,utility_points,"{""policy"":""do_nothing"",""reference_kind"":""objective_lower_bound""}",ok,valid,[],"[""event_00000130""]",evaluation_receipt,episode_attempt_8ddc3c3e70e25821bd59,253076870fbf5aac3dfd6b0784acc7e8991f863a7e08c5beb76280b830fff01e,true
result_12ce69a9e00fc4189d651e56,runplan_fc2c35626b700671,cell_011a91400ba48d3ae8b4,housing_v1__experiment__000003,housing_v1,housing_controlled_model_landlords_experiment,episode_attempt_8ddc3c3e70e25821bd59,253076870fbf5aac3dfd6b0784acc7e8991f863a7e08c5beb76280b830fff01e,included,housing_social_welfare_leaf,1.0.0,social_welfare,1.0.0,reference,optimum_upper_bound,,1738.21,utility_points,"{""reference_kind"":""objective_upper_bound"",""semantics"":""full_information_allocation_relaxation""}",ok,valid,[],"[""event_00000130""]",evaluation_receipt,episode_attempt_8ddc3c3e70e25821bd59,253076870fbf5aac3dfd6b0784acc7e8991f863a7e08c5beb76280b830fff01e,true
result_1fdd01be274560cd46831517,runplan_fc2c35626b700671,cell_011a91400ba48d3ae8b4,housing_v1__experiment__000003,housing_v1,housing_controlled_model_landlords_experiment,episode_attempt_8ddc3c3e70e25821bd59,253076870fbf5aac3dfd6b0784acc7e8991f863a7e08c5beb76280b830fff01e,included,housing_social_welfare_leaf,1.0.0,social_welfare,1.0.0,utility,landlord_0,landlord_0,191.85,utility_points,"{""disagreement_utility"":0.0}",ok,valid,[],"[""event_00000130""]",evaluation_receipt,episode_attempt_8ddc3c3e70e25821bd59,253076870fbf5aac3dfd6b0784acc7e8991f863a7e08c5beb76280b830fff01e,true
result_6b7ee7d225d67e006af0e874,runplan_fc2c35626b700671,cell_011a91400ba48d3ae8b4,housing_v1__experiment__000003,housing_v1,housing_controlled_model_landlords_experiment,episode_attempt_8ddc3c3e70e25821bd59,253076870fbf5aac3dfd6b0784acc7e8991f863a7e08c5beb76280b830fff01e,included,housing_social_welfare_leaf,1.0.0,social_welfare,1.0.0,utility,landlord_1,landlord_1,28.45,utility_points,"{""disagreement_utility"":0.0}",ok,valid,[],"[""event_00000130""]",evaluation_receipt,episode_attempt_8ddc3c3e70e25821bd59,253076870fbf5aac3dfd6b0784acc7e8991f863a7e08c5beb76280b830fff01e,true
result_4344d3393b6aef2c95c519f6,runplan_fc2c35626b700671,cell_011a91400ba48d3ae8b4,housing_v1__experiment__000003,housing_v1,housing_controlled_model_landlords_experiment,episode_attempt_8ddc3c3e70e25821bd59,253076870fbf5aac3dfd6b0784acc7e8991f863a7e08c5beb76280b830fff01e,included,housing_social_welfare_leaf,1.0.0,social_welfare,1.0.0,utility,landlord_2,landlord_2,76.96,utility_points,"{""disagreement_utility"":0.0}",ok,valid,[],"[""event_00000130""]",evaluation_receipt,episode_attempt_8ddc3c3e70e25821bd59,253076870fbf5aac3dfd6b0784acc7e8991f863a7e08c5beb76280b830fff01e,true
result_8423992311104b3fa0758a5c,runplan_fc2c35626b700671,cell_011a91400ba48d3ae8b4,housing_v1__experiment__000003,housing_v1,housing_controlled_model_landlords_experiment,episode_attempt_8ddc3c3e70e25821bd59,253076870fbf5aac3dfd6b0784acc7e8991f863a7e08c5beb76280b830fff01e,included,housing_social_welfare_leaf,1.0.0,social_welfare,1.0.0,utility,tenant_0,tenant_0,0.0,utility_points,"{""disagreement_utility"":0.0}",ok,valid,[],"[""event_00000130""]",evaluation_receipt,episode_attempt_8ddc3c3e70e25821bd59,253076870fbf5aac3dfd6b0784acc7e8991f863a7e08c5beb76280b830fff01e,true
result_3056d883fa75b9f15104dc38,runplan_fc2c35626b700671,cell_011a91400ba48d3ae8b4,housing_v1__experiment__000003,housing_v1,housing_controlled_model_landlords_experiment,episode_attempt_8ddc3c3e70e25821bd59,253076870fbf5aac3dfd6b0784acc7e8991f863a7e08c5beb76280b830fff01e,included,housing_social_welfare_leaf,1.0.0,social_welfare,1.0.0,utility,tenant_1,tenant_1,347.88,utility_points,"{""disagreement_utility"":0.0}",ok,valid,[],"[""event_00000130""]",evaluation_receipt,episode_attempt_8ddc3c3e70e25821bd59,253076870fbf5aac3dfd6b0784acc7e8991f863a7e08c5beb76280b830fff01e,true
result_7e88c30e6f188ac7446bcc06,runplan_fc2c35626b700671,cell_011a91400ba48d3ae8b4,housing_v1__experiment__000003,housing_v1,housing_controlled_model_landlords_experiment,episode_attempt_8ddc3c3e70e25821bd59,253076870fbf5aac3dfd6b0784acc7e8991f863a7e08c5beb76280b830fff01e,included,housing_social_welfare_leaf,1.0.0,social_welfare,1.0.0,utility,tenant_2,tenant_2,479.72,utility_points,"{""disagreement_utility"":0.0}",ok,valid,[],"[""event_00000130""]",evaluation_receipt,episode_attempt_8ddc3c3e70e25821bd59,253076870fbf5aac3dfd6b0784acc7e8991f863a7e08c5beb76280b830fff01e,true
result_80941556a546e91930bf6cb3,runplan_fc2c35626b700671,cell_011a91400ba48d3ae8b4,housing_v1__experiment__000003,housing_v1,housing_controlled_model_landlords_experiment,episode_attempt_8ddc3c3e70e25821bd59,253076870fbf5aac3dfd6b0784acc7e8991f863a7e08c5beb76280b830fff01e,included,housing_social_welfare_leaf,1.0.0,social_welfare,1.0.0,utility,tenant_3,tenant_3,522.26,utility_points,"{""disagreement_utility"":0.0}",ok,valid,[],"[""event_00000130""]",evaluation_receipt,episode_attempt_8ddc3c3e70e25821bd59,253076870fbf5aac3dfd6b0784acc7e8991f863a7e08c5beb76280b830fff01e,true
result_ce61de17c8f93d01e2c01970,runplan_fc2c35626b700671,cell_011a91400ba48d3ae8b4,housing_v1__experiment__000003,housing_v1,housing_controlled_model_landlords_experiment,episode_attempt_8ddc3c3e70e25821bd59,253076870fbf5aac3dfd6b0784acc7e8991f863a7e08c5beb76280b830fff01e,included,housing_social_welfare_leaf,1.0.0,social_welfare,1.0.0,utility,tenant_4,tenant_4,0.0,utility_points,"{""disagreement_utility"":0.0}",ok,valid,[],"[""event_00000130""]",evaluation_receipt,episode_attempt_8ddc3c3e70e25821bd59,253076870fbf5aac3dfd6b0784acc7e8991f863a7e08c5beb76280b830fff01e,true
result_d488f8241996ce9203714829,runplan_fc2c35626b700671,cell_011a91400ba48d3ae8b4,housing_v1__experiment__000003,housing_v1,housing_controlled_model_landlords_experiment,episode_attempt_8ddc3c3e70e25821bd59,253076870fbf5aac3dfd6b0784acc7e8991f863a7e08c5beb76280b830fff01e,included,housing_social_welfare_leaf,1.0.0,social_welfare,1.0.0,utility,tenant_5,tenant_5,0.0,utility_points,"{""disagreement_utility"":0.0}",ok,valid,[],"[""event_00000130""]",evaluation_receipt,episode_attempt_8ddc3c3e70e25821bd59,253076870fbf5aac3dfd6b0784acc7e8991f863a7e08c5beb76280b830fff01e,true
result_a43dcc37bb140bd8c7a2a529,runplan_fc2c35626b700671,cell_011a91400ba48d3ae8b4,housing_v1__experiment__000003,housing_v1,housing_controlled_model_landlords_experiment,episode_attempt_8ddc3c3e70e25821bd59,253076870fbf5aac3dfd6b0784acc7e8991f863a7e08c5beb76280b830fff01e,included,housing_social_welfare_leaf,1.0.0,social_welfare,1.0.0,capture,landlord_0,landlord_0,191.85,utility_points,"{""disagreement_utility"":0.0}",ok,valid,[],"[""event_00000130""]",evaluation_receipt,episode_attempt_8ddc3c3e70e25821bd59,253076870fbf5aac3dfd6b0784acc7e8991f863a7e08c5beb76280b830fff01e,true
result_90b47b85ca02578515467e63,runplan_fc2c35626b700671,cell_011a91400ba48d3ae8b4,housing_v1__experiment__000003,housing_v1,housing_controlled_model_landlords_experiment,episode_attempt_8ddc3c3e70e25821bd59,253076870fbf5aac3dfd6b0784acc7e8991f863a7e08c5beb76280b830fff01e,included,housing_social_welfare_leaf,1.0.0,social_welfare,1.0.0,capture,landlord_1,landlord_1,28.45,utility_points,"{""disagreement_utility"":0.0}",ok,valid,[],"[""event_00000130""]",evaluation_receipt,episode_attempt_8ddc3c3e70e25821bd59,253076870fbf5aac3dfd6b0784acc7e8991f863a7e08c5beb76280b830fff01e,true
result_993e202d5a7650e295d8a39e,runplan_fc2c35626b700671,cell_011a91400ba48d3ae8b4,housing_v1__experiment__000003,housing_v1,housing_controlled_model_landlords_experiment,episode_attempt_8ddc3c3e70e25821bd59,253076870fbf5aac3dfd6b0784acc7e8991f863a7e08c5beb76280b830fff01e,included,housing_social_welfare_leaf,1.0.0,social_welfare,1.0.0,capture,landlord_2,landlord_2,76.96,utility_points,"{""disagreement_utility"":0.0}",ok,valid,[],"[""event_00000130""]",evaluation_receipt,episode_attempt_8ddc3c3e70e25821bd59,253076870fbf5aac3dfd6b0784acc7e8991f863a7e08c5beb76280b830fff01e,true
result_118f4f3dd6c2c0310c48a585,runplan_fc2c35626b700671,cell_011a91400ba48d3ae8b4,housing_v1__experiment__000003,housing_v1,housing_controlled_model_landlords_experiment,episode_attempt_8ddc3c3e70e25821bd59,253076870fbf5aac3dfd6b0784acc7e8991f863a7e08c5beb76280b830fff01e,included,housing_social_welfare_leaf,1.0.0,social_welfare,1.0.0,capture,tenant_0,tenant_0,0.0,utility_points,"{""disagreement_utility"":0.0}",ok,valid,[],"[""event_00000130""]",evaluation_receipt,episode_attempt_8ddc3c3e70e25821bd59,253076870fbf5aac3dfd6b0784acc7e8991f863a7e08c5beb76280b830fff01e,true
result_bd73adb17255e3e2b9fe4a70,runplan_fc2c35626b700671,cell_011a91400ba48d3ae8b4,housing_v1__experiment__000003,housing_v1,housing_controlled_model_landlords_experiment,episode_attempt_8ddc3c3e70e25821bd59,253076870fbf5aac3dfd6b0784acc7e8991f863a7e08c5beb76280b830fff01e,included,housing_social_welfare_leaf,1.0.0,social_welfare,1.0.0,capture,tenant_1,tenant_1,347.88,utility_points,"{""disagreement_utility"":0.0}",ok,valid,[],"[""event_00000130""]",evaluation_receipt,episode_attempt_8ddc3c3e70e25821bd59,253076870fbf5aac3dfd6b0784acc7e8991f863a7e08c5beb76280b830fff01e,true
result_342ff3147d819ad1dd40c91d,runplan_fc2c35626b700671,cell_011a91400ba48d3ae8b4,housing_v1__experiment__000003,housing_v1,housing_controlled_model_landlords_experiment,episode_attempt_8ddc3c3e70e25821bd59,253076870fbf5aac3dfd6b0784acc7e8991f863a7e08c5beb76280b830fff01e,included,housing_social_welfare_leaf,1.0.0,social_welfare,1.0.0,capture,tenant_2,tenant_2,479.72,utility_points,"{""disagreement_utility"":0.0}",ok,valid,[],"[""event_00000130""]",evaluation_receipt,episode_attempt_8ddc3c3e70e25821bd59,253076870fbf5aac3dfd6b0784acc7e8991f863a7e08c5beb76280b830fff01e,true
result_ed3726f924517c6af9368520,runplan_fc2c35626b700671,cell_011a91400ba48d3ae8b4,housing_v1__experiment__000003,housing_v1,housing_controlled_model_landlords_experiment,episode_attempt_8ddc3c3e70e25821bd59,253076870fbf5aac3dfd6b0784acc7e8991f863a7e08c5beb76280b830fff01e,included,housing_social_welfare_leaf,1.0.0,social_welfare,1.0.0,capture,tenant_3,tenant_3,522.26,utility_points,"{""disagreement_utility"":0.0}",ok,valid,[],"[""event_00000130""]",evaluation_receipt,episode_attempt_8ddc3c3e70e25821bd59,253076870fbf5aac3dfd6b0784acc7e8991f863a7e08c5beb76280b830fff01e,true
result_54b063aa411a602b3d18bc3d,runplan_fc2c35626b700671,cell_011a91400ba48d3ae8b4,housing_v1__experiment__000003,housing_v1,housing_controlled_model_landlords_experiment,episode_attempt_8ddc3c3e70e25821bd59,253076870fbf5aac3dfd6b0784acc7e8991f863a7e08c5beb76280b830fff01e,included,housing_social_welfare_leaf,1.0.0,social_welfare,1.0.0,capture,tenant_4,tenant_4,0.0,utility_points,"{""disagreement_utility"":0.0}",ok,valid,[],"[""event_00000130""]",evaluation_receipt,episode_attempt_8ddc3c3e70e25821bd59,253076870fbf5aac3dfd6b0784acc7e8991f863a7e08c5beb76280b830fff01e,true
result_9f5dfda1ac7832d7b4b4633a,runplan_fc2c35626b700671,cell_011a91400ba48d3ae8b4,housing_v1__experiment__000003,housing_v1,housing_controlled_model_landlords_experiment,episode_attempt_8ddc3c3e70e25821bd59,253076870fbf5aac3dfd6b0784acc7e8991f863a7e08c5beb76280b830fff01e,included,housing_social_welfare_leaf,1.0.0,social_welfare,1.0.0,capture,tenant_5,tenant_5,0.0,utility_points,"{""disagreement_utility"":0.0}",ok,valid,[],"[""event_00000130""]",evaluation_receipt,episode_attempt_8ddc3c3e70e25821bd59,253076870fbf5aac3dfd6b0784acc7e8991f863a7e08c5beb76280b830fff01e,true
result_2ec16f71fdb9e335e29aa437,runplan_fc2c35626b700671,cell_0236950eb6764ba92caa,housing_v1__experiment__000003,housing_v1,housing_controlled_model_landlords_experiment,episode_attempt_3ea85addaec6568a61a8,b8dc1ad05efaef48525662e4493d05c706ec8f974e514da5633aeffd98c183f1,included,housing_social_welfare_leaf,1.0.0,social_welfare,1.0.0,primary,social_welfare,,1647.12,utility_points,{},ok,valid,[],"[""event_00000130""]",evaluation_receipt,episode_attempt_3ea85addaec6568a61a8,b8dc1ad05efaef48525662e4493d05c706ec8f974e514da5633aeffd98c183f1,true
result_4a9b6473fb6ffe1d9843c758,runplan_fc2c35626b700671,cell_0236950eb6764ba92caa,housing_v1__experiment__000003,housing_v1,housing_controlled_model_landlords_experiment,episode_attempt_3ea85addaec6568a61a8,b8dc1ad05efaef48525662e4493d05c706ec8f974e514da5633aeffd98c183f1,included,housing_social_welfare_leaf,1.0.0,social_welfare,1.0.0,metric,comparison_baseline_gap,,185.41999999999985,utility_points,{},ok,valid,[],"[""event_00000130""]",evaluation_receipt,episode_attempt_3ea85addaec6568a61a8,b8dc1ad05efaef48525662e4493d05c706ec8f974e514da5633aeffd98c183f1,true
result_ce1d1c89099d65baafba3951,runplan_fc2c35626b700671,cell_0236950eb6764ba92caa,housing_v1__experiment__000003,housing_v1,housing_controlled_model_landlords_experiment,episode_attempt_3ea85addaec6568a61a8,b8dc1ad05efaef48525662e4493d05c706ec8f974e514da5633aeffd98c183f1,included,housing_social_welfare_leaf,1.0.0,social_welfare,1.0.0,metric,ir_violation_count,,1.0,count,{},ok,valid,[],"[""event_00000130""]",evaluation_receipt,episode_attempt_3ea85addaec6568a61a8,b8dc1ad05efaef48525662e4493d05c706ec8f974e514da5633aeffd98c183f1,true
result_03ff49b94d6676b98c64587b,runplan_fc2c35626b700671,cell_0236950eb6764ba92caa,housing_v1__experiment__000003,housing_v1,housing_controlled_model_landlords_experiment,episode_attempt_3ea85addaec6568a61a8,b8dc1ad05efaef48525662e4493d05c706ec8f974e514da5633aeffd98c183f1,included,housing_social_welfare_leaf,1.0.0,social_welfare,1.0.0,metric,social_welfare,,1647.12,utility_points,{},ok,valid,[],"[""event_00000130""]",evaluation_receipt,episode_attempt_3ea85addaec6568a61a8,b8dc1ad05efaef48525662e4493d05c706ec8f974e514da5633aeffd98c183f1,true
result_e5f4f9fdaed0e5b308b40785,runplan_fc2c35626b700671,cell_0236950eb6764ba92caa,housing_v1__experiment__000003,housing_v1,housing_controlled_model_landlords_experiment,episode_attempt_3ea85addaec6568a61a8,b8dc1ad05efaef48525662e4493d05c706ec8f974e514da5633aeffd98c183f1,included,housing_social_welfare_leaf,1.0.0,social_welfare,1.0.0,metric,upper_bound_gap,,91.09000000000015,utility_points,{},ok,valid,[],"[""event_00000130""]",evaluation_receipt,episode_attempt_3ea85addaec6568a61a8,b8dc1ad05efaef48525662e4493d05c706ec8f974e514da5633aeffd98c183f1,true
result_ac751379ffca27ea710f1d54,runplan_fc2c35626b700671,cell_0236950eb6764ba92caa,housing_v1__experiment__000003,housing_v1,housing_controlled_model_landlords_experiment,episode_attempt_3ea85addaec6568a61a8,b8dc1ad05efaef48525662e4493d05c706ec8f974e514da5633aeffd98c183f1,included,housing_social_welfare_leaf,1.0.0,social_welfare,1.0.0,metric,wasted_contacts,,3.0,count,{},ok,valid,[],"[""event_00000130""]",evaluation_receipt,episode_attempt_3ea85addaec6568a61a8,b8dc1ad05efaef48525662e4493d05c706ec8f974e514da5633aeffd98c183f1,true
result_2bd7ad60a1744709df44c7f6,runplan_fc2c35626b700671,cell_0236950eb6764ba92caa,housing_v1__experiment__000003,housing_v1,housing_controlled_model_landlords_experiment,episode_attempt_3ea85addaec6568a61a8,b8dc1ad05efaef48525662e4493d05c706ec8f974e514da5633aeffd98c183f1,included,housing_social_welfare_leaf,1.0.0,social_welfare,1.0.0,metric,within_case_score,,0.9475955149262747,ratio,{},ok,valid,[],"[""event_00000130""]",evaluation_receipt,episode_attempt_3ea85addaec6568a61a8,b8dc1ad05efaef48525662e4493d05c706ec8f974e514da5633aeffd98c183f1,true
result_328c1d43f857886b35f8a107,runplan_fc2c35626b700671,cell_0236950eb6764ba92caa,housing_v1__experiment__000003,housing_v1,housing_controlled_model_landlords_experiment,episode_attempt_3ea85addaec6568a61a8,b8dc1ad05efaef48525662e4493d05c706ec8f974e514da5633aeffd98c183f1,included,housing_social_welfare_leaf,1.0.0,social_welfare,1.0.0,reference,comparison_baseline,,1461.7,utility_points,"{""policy"":""naive"",""reference_kind"":""comparison_baseline""}",ok,valid,[],"[""event_00000130""]",evaluation_receipt,episode_attempt_3ea85addaec6568a61a8,b8dc1ad05efaef48525662e4493d05c706ec8f974e514da5633aeffd98c183f1,true
result_e39c722a23e196cc6aa296a9,runplan_fc2c35626b700671,cell_0236950eb6764ba92caa,housing_v1__experiment__000003,housing_v1,housing_controlled_model_landlords_experiment,episode_attempt_3ea85addaec6568a61a8,b8dc1ad05efaef48525662e4493d05c706ec8f974e514da5633aeffd98c183f1,included,housing_social_welfare_leaf,1.0.0,social_welfare,1.0.0,reference,optimum_lower_bound,,0.0,utility_points,"{""policy"":""do_nothing"",""reference_kind"":""objective_lower_bound""}",ok,valid,[],"[""event_00000130""]",evaluation_receipt,episode_attempt_3ea85addaec6568a61a8,b8dc1ad05efaef48525662e4493d05c706ec8f974e514da5633aeffd98c183f1,true
result_f708f15bb6109cebc0629ef6,runplan_fc2c35626b700671,cell_0236950eb6764ba92caa,housing_v1__experiment__000003,housing_v1,housing_controlled_model_landlords_experiment,episode_attempt_3ea85addaec6568a61a8,b8dc1ad05efaef48525662e4493d05c706ec8f974e514da5633aeffd98c183f1,included,housing_social_welfare_leaf,1.0.0,social_welfare,1.0.0,reference,optimum_upper_bound,,1738.21,utility_points,"{""reference_kind"":""objective_upper_bound"",""semantics"":""full_information_allocation_relaxation""}",ok,valid,[],"[""event_00000130""]",evaluation_receipt,episode_attempt_3ea85addaec6568a61a8,b8dc1ad05efaef48525662e4493d05c706ec8f974e514da5633aeffd98c183f1,true
result_8bd63550486ab052304ef9a2,runplan_fc2c35626b700671,cell_0236950eb6764ba92caa,housing_v1__experiment__000003,housing_v1,housing_controlled_model_landlords_experiment,episode_attempt_3ea85addaec6568a61a8,b8dc1ad05efaef48525662e4493d05c706ec8f974e514da5633aeffd98c183f1,included,housing_social_welfare_leaf,1.0.0,social_welfare,1.0.0,utility,landlord_0,landlord_0,-1808.15,utility_points,"{""disagreement_utility"":0.0}",ok,valid,[],"[""event_00000130""]",evaluation_receipt,episode_attempt_3ea85addaec6568a61a8,b8dc1ad05efaef48525662e4493d05c706ec8f974e514da5633aeffd98c183f1,true
result_a3eae637a09e9181c11f65ac,runplan_fc2c35626b700671,cell_0236950eb6764ba92caa,housing_v1__experiment__000003,housing_v1,housing_controlled_model_landlords_experiment,episode_attempt_3ea85addaec6568a61a8,b8dc1ad05efaef48525662e4493d05c706ec8f974e514da5633aeffd98c183f1,included,housing_social_welfare_leaf,1.0.0,social_welfare,1.0.0,utility,landlord_1,landlord_1,66.45,utility_points,"{""disagreement_utility"":0.0}",ok,valid,[],"[""event_00000130""]",evaluation_receipt,episode_attempt_3ea85addaec6568a61a8,b8dc1ad05efaef48525662e4493d05c706ec8f974e514da5633aeffd98c183f1,true
result_5da1d1b61e2a711092d744f4,runplan_fc2c35626b700671,cell_0236950eb6764ba92caa,housing_v1__experiment__000003,housing_v1,housing_controlled_model_landlords_experiment,episode_attempt_3ea85addaec6568a61a8,b8dc1ad05efaef48525662e4493d05c706ec8f974e514da5633aeffd98c183f1,included,housing_social_welfare_leaf,1.0.0,social_welfare,1.0.0,utility,landlord_2,landlord_2,76.96,utility_points,"{""disagreement_utility"":0.0}",ok,valid,[],"[""event_00000130""]",evaluation_receipt,episode_attempt_3ea85addaec6568a61a8,b8dc1ad05efaef48525662e4493d05c706ec8f974e514da5633aeffd98c183f1,true
result_823eb2d622e224d4322036c4,runplan_fc2c35626b700671,cell_0236950eb6764ba92caa,housing_v1__experiment__000003,housing_v1,housing_controlled_model_landlords_experiment,episode_attempt_3ea85addaec6568a61a8,b8dc1ad05efaef48525662e4493d05c706ec8f974e514da5633aeffd98c183f1,included,housing_social_welfare_leaf,1.0.0,social_welfare,1.0.0,utility,tenant_0,tenant_0,0.0,utility_points,"{""disagreement_utility"":0.0}",ok,valid,[],"[""event_00000130""]",evaluation_receipt,episode_attempt_3ea85addaec6568a61a8,b8dc1ad05efaef48525662e4493d05c706ec8f974e514da5633aeffd98c183f1,true
result_ef34877db248eb00a46e453c,runplan_fc2c35626b700671,cell_0236950eb6764ba92caa,housing_v1__experiment__000003,housing_v1,housing_controlled_model_landlords_experiment,episode_attempt_3ea85addaec6568a61a8,b8dc1ad05efaef48525662e4493d05c706ec8f974e514da5633aeffd98c183f1,included,housing_social_welfare_leaf,1.0.0,social_welfare,1.0.0,utility,tenant_1,tenant_1,309.88,utility_points,"{""disagreement_utility"":0.0}",ok,valid,[],"[""event_00000130""]",evaluation_receipt,episode_attempt_3ea85addaec6568a61a8,b8dc1ad05efaef48525662e4493d05c706ec8f974e514da5633aeffd98c183f1,true
result_1285343e9ac09998957a17dd,runplan_fc2c35626b700671,cell_0236950eb6764ba92caa,housing_v1__experiment__000003,housing_v1,housing_controlled_model_landlords_experiment,episode_attempt_3ea85addaec6568a61a8,b8dc1ad05efaef48525662e4493d05c706ec8f974e514da5633aeffd98c183f1,included,housing_social_welfare_leaf,1.0.0,social_welfare,1.0.0,utility,tenant_2,tenant_2,479.72,utility_points,"{""disagreement_utility"":0.0}",ok,valid,[],"[""event_00000130""]",evaluation_receipt,episode_attempt_3ea85addaec6568a61a8,b8dc1ad05efaef48525662e4493d05c706ec8f974e514da5633aeffd98c183f1,true
result_48627ad7ab1179582c2c5d6c,runplan_fc2c35626b700671,cell_0236950eb6764ba92caa,housing_v1__experiment__000003,housing_v1,housing_controlled_model_landlords_experiment,episode_attempt_3ea85addaec6568a61a8,b8dc1ad05efaef48525662e4493d05c706ec8f974e514da5633aeffd98c183f1,included,housing_social_welfare_leaf,1.0.0,social_welfare,1.0.0,utility,tenant_3,tenant_3,2522.26,utility_points,"{""disagreement_utility"":0.0}",ok,valid,[],"[""event_00000130""]",evaluation_receipt,episode_attempt_3ea85addaec6568a61a8,b8dc1ad05efaef48525662e4493d05c706ec8f974e514da5633aeffd98c183f1,true
result_79cea3d142f9557ca049a261,runplan_fc2c35626b700671,cell_0236950eb6764ba92caa,housing_v1__experiment__000003,housing_v1,housing_controlled_model_landlords_experiment,episode_attempt_3ea85addaec6568a61a8,b8dc1ad05efaef48525662e4493d05c706ec8f974e514da5633aeffd98c183f1,included,housing_social_welfare_leaf,1.0.0,social_welfare,1.0.0,utility,tenant_4,tenant_4,0.0,utility_points,"{""disagreement_utility"":0.0}",ok,valid,[],"[""event_00000130""]",evaluation_receipt,episode_attempt_3ea85addaec6568a61a8,b8dc1ad05efaef48525662e4493d05c706ec8f974e514da5633aeffd98c183f1,true
result_2f3ce62ae2bce86346a84668,runplan_fc2c35626b700671,cell_0236950eb6764ba92caa,housing_v1__experiment__000003,housing_v1,housing_controlled_model_landlords_experiment,episode_attempt_3ea85addaec6568a61a8,b8dc1ad05efaef48525662e4493d05c706ec8f974e514da5633aeffd98c183f1,included,housing_social_welfare_leaf,1.0.0,social_welfare,1.0.0,utility,tenant_5,tenant_5,0.0,utility_points,"{""disagreement_utility"":0.0}",ok,valid,[],"[""event_00000130""]",evaluation_receipt,episode_attempt_3ea85addaec6568a61a8,b8dc1ad05efaef48525662e4493d05c706ec8f974e514da5633aeffd98c183f1,true
result_301565838437568727a41a0d,runplan_fc2c35626b700671,cell_0236950eb6764ba92caa,housing_v1__experiment__000003,housing_v1,housing_controlled_model_landlords_experiment,episode_attempt_3ea85addaec6568a61a8,b8dc1ad05efaef48525662e4493d05c706ec8f974e514da5633aeffd98c183f1,included,housing_social_welfare_leaf,1.0.0,social_welfare,1.0.0,capture,landlord_0,landlord_0,-1808.15,utility_points,"{""disagreement_utility"":0.0}",ok,valid,[],"[""event_00000130""]",evaluation_receipt,episode_attempt_3ea85addaec6568a61a8,b8dc1ad05efaef48525662e4493d05c706ec8f974e514da5633aeffd98c183f1,true
result_8998a04ae35cfb4a482ea6ba,runplan_fc2c35626b700671,cell_0236950eb6764ba92caa,housing_v1__experiment__000003,housing_v1,housing_controlled_model_landlords_experiment,episode_attempt_3ea85addaec6568a61a8,b8dc1ad05efaef48525662e4493d05c706ec8f974e514da5633aeffd98c183f1,included,housing_social_welfare_leaf,1.0.0,social_welfare,1.0.0,capture,landlord_1,landlord_1,66.45,utility_points,"{""disagreement_utility"":0.0}",ok,valid,[],"[""event_00000130""]",evaluation_receipt,episode_attempt_3ea85addaec6568a61a8,b8dc1ad05efaef48525662e4493d05c706ec8f974e514da5633aeffd98c183f1,true
result_12ed1e592869ddda37037ff3,runplan_fc2c35626b700671,cell_0236950eb6764ba92caa,housing_v1__experiment__000003,housing_v1,housing_controlled_model_landlords_experiment,episode_attempt_3ea85addaec6568a61a8,b8dc1ad05efaef48525662e4493d05c706ec8f974e514da5633aeffd98c183f1,included,housing_social_welfare_leaf,1.0.0,social_welfare,1.0.0,capture,landlord_2,landlord_2,76.96,utility_points,"{""disagreement_utility"":0.0}",ok,valid,[],"[""event_00000130""]",evaluation_receipt,episode_attempt_3ea85addaec6568a61a8,b8dc1ad05efaef48525662e4493d05c706ec8f974e514da5633aeffd98c183f1,true
result_d1c00de1a4e4983a7cacd355,runplan_fc2c35626b700671,cell_0236950eb6764ba92caa,housing_v1__experiment__000003,housing_v1,housing_controlled_model_landlords_experiment,episode_attempt_3ea85addaec6568a61a8,b8dc1ad05efaef48525662e4493d05c706ec8f974e514da5633aeffd98c183f1,included,housing_social_welfare_leaf,1.0.0,social_welfare,1.0.0,capture,tenant_0,tenant_0,0.0,utility_points,"{""disagreement_utility"":0.0}",ok,valid,[],"[""event_00000130""]",evaluation_receipt,episode_attempt_3ea85addaec6568a61a8,b8dc1ad05efaef48525662e4493d05c706ec8f974e514da5633aeffd98c183f1,true
result_357abd1d5bdbbf8d62d54e71,runplan_fc2c35626b700671,cell_0236950eb6764ba92caa,housing_v1__experiment__000003,housing_v1,housing_controlled_model_landlords_experiment,episode_attempt_3ea85addaec6568a61a8,b8dc1ad05efaef48525662e4493d05c706ec8f974e514da5633aeffd98c183f1,included,housing_social_welfare_leaf,1.0.0,social_welfare,1.0.0,capture,tenant_1,tenant_1,309.88,utility_points,"{""disagreement_utility"":0.0}",ok,valid,[],"[""event_00000130""]",evaluation_receipt,episode_attempt_3ea85addaec6568a61a8,b8dc1ad05efaef48525662e4493d05c706ec8f974e514da5633aeffd98c183f1,true
result_940ea3e46a4f75deaf601a4a,runplan_fc2c35626b700671,cell_0236950eb6764ba92caa,housing_v1__experiment__000003,housing_v1,housing_controlled_model_landlords_experiment,episode_attempt_3ea85addaec6568a61a8,b8dc1ad05efaef48525662e4493d05c706ec8f974e514da5633aeffd98c183f1,included,housing_social_welfare_leaf,1.0.0,social_welfare,1.0.0,capture,tenant_2,tenant_2,479.72,utility_points,"{""disagreement_utility"":0.0}",ok,valid,[],"[""event_00000130""]",evaluation_receipt,episode_attempt_3ea85addaec6568a61a8,b8dc1ad05efaef48525662e4493d05c706ec8f974e514da5633aeffd98c183f1,true
result_0d787ae9d7bfc54a632fe8d3,runplan_fc2c35626b700671,cell_0236950eb6764ba92caa,housing_v1__experiment__000003,housing_v1,housing_controlled_model_landlords_experiment,episode_attempt_3ea85addaec6568a61a8,b8dc1ad05efaef48525662e4493d05c706ec8f974e514da5633aeffd98c183f1,included,housing_social_welfare_leaf,1.0.0,social_welfare,1.0.0,capture,tenant_3,tenant_3,2522.26,utility_points,"{""disagreement_utility"":0.0}",ok,valid,[],"[""event_00000130""]",evaluation_receipt,episode_attempt_3ea85addaec6568a61a8,b8dc1ad05efaef48525662e4493d05c706ec8f974e514da5633aeffd98c183f1,true
result_313aa277674f5d0803243fd3,runplan_fc2c35626b700671,cell_0236950eb6764ba92caa,housing_v1__experiment__000003,housing_v1,housing_controlled_model_landlords_experiment,episode_attempt_3ea85addaec6568a61a8,b8dc1ad05efaef48525662e4493d05c706ec8f974e514da5633aeffd98c183f1,included,housing_social_welfare_leaf,1.0.0,social_welfare,1.0.0,capture,tenant_4,tenant_4,0.0,utility_points,"{""disagreement_utility"":0.0}",ok,valid,[],"[""event_00000130""]",evaluation_receipt,episode_attempt_3ea85addaec6568a61a8,b8dc1ad05efaef48525662e4493d05c706ec8f974e514da5633aeffd98c183f1,true
result_21fc41fc7ffa541ae5f4ecf9,runplan_fc2c35626b700671,cell_0236950eb6764ba92caa,housing_v1__experiment__000003,housing_v1,housing_controlled_model_landlords_experiment,episode_attempt_3ea85addaec6568a61a8,b8dc1ad05efaef48525662e4493d05c706ec8f974e514da5633aeffd98c183f1,included,housing_social_welfare_leaf,1.0.0,social_welfare,1.0.0,capture,tenant_5,tenant_5,0.0,utility_points,"{""disagreement_utility"":0.0}",ok,valid,[],"[""event_00000130""]",evaluation_receipt,episode_attempt_3ea85addaec6568a61a8,b8dc1ad05efaef48525662e4493d05c706ec8f974e514da5633aeffd98c183f1,true
result_a2a5f534c02bcca8fc2ab8f9,runplan_fc2c35626b700671,cell_102ebf7a02f9e0e79df9,housing_v1__experiment__000008,housing_v1,housing_controlled_model_landlords_experiment,episode_attempt_3832bea38dec7562af86,a48c90bae14439be923f91aafd49800b999962420b695c2ae35404f016bab4a5,included,housing_social_welfare_leaf,1.0.0,social_welfare,1.0.0,primary,social_welfare,,1479.15,utility_points,{},ok,valid,[],"[""event_00000136""]",evaluation_receipt,episode_attempt_3832bea38dec7562af86,a48c90bae14439be923f91aafd49800b999962420b695c2ae35404f016bab4a5,true
result_4378118d76e09d00e8cafe62,runplan_fc2c35626b700671,cell_102ebf7a02f9e0e79df9,housing_v1__experiment__000008,housing_v1,housing_controlled_model_landlords_experiment,episode_attempt_3832bea38dec7562af86,a48c90bae14439be923f91aafd49800b999962420b695c2ae35404f016bab4a5,included,housing_social_welfare_leaf,1.0.0,social_welfare,1.0.0,metric,comparison_baseline_gap,,-131.33999999999992,utility_points,{},ok,valid,[],"[""event_00000136""]",evaluation_receipt,episode_attempt_3832bea38dec7562af86,a48c90bae14439be923f91aafd49800b999962420b695c2ae35404f016bab4a5,true
result_d0e20ed56e79c53c29d20056,runplan_fc2c35626b700671,cell_102ebf7a02f9e0e79df9,housing_v1__experiment__000008,housing_v1,housing_controlled_model_landlords_experiment,episode_attempt_3832bea38dec7562af86,a48c90bae14439be923f91aafd49800b999962420b695c2ae35404f016bab4a5,included,housing_social_welfare_leaf,1.0.0,social_welfare,1.0.0,metric,ir_violation_count,,1.0,count,{},ok,valid,[],"[""event_00000136""]",evaluation_receipt,episode_attempt_3832bea38dec7562af86,a48c90bae14439be923f91aafd49800b999962420b695c2ae35404f016bab4a5,true
result_fa9794c0a06123d169e70397,runplan_fc2c35626b700671,cell_102ebf7a02f9e0e79df9,housing_v1__experiment__000008,housing_v1,housing_controlled_model_landlords_experiment,episode_attempt_3832bea38dec7562af86,a48c90bae14439be923f91aafd49800b999962420b695c2ae35404f016bab4a5,included,housing_social_welfare_leaf,1.0.0,social_welfare,1.0.0,metric,social_welfare,,1479.15,utility_points,{},ok,valid,[],"[""event_00000136""]",evaluation_receipt,episode_attempt_3832bea38dec7562af86,a48c90bae14439be923f91aafd49800b999962420b695c2ae35404f016bab4a5,true
result_413b7fa5b7a4fe56fc2b309b,runplan_fc2c35626b700671,cell_102ebf7a02f9e0e79df9,housing_v1__experiment__000008,housing_v1,housing_controlled_model_landlords_experiment,episode_attempt_3832bea38dec7562af86,a48c90bae14439be923f91aafd49800b999962420b695c2ae35404f016bab4a5,included,housing_social_welfare_leaf,1.0.0,social_welfare,1.0.0,metric,upper_bound_gap,,131.83999999999992,utility_points,{},ok,valid,[],"[""event_00000136""]",evaluation_receipt,episode_attempt_3832bea38dec7562af86,a48c90bae14439be923f91aafd49800b999962420b695c2ae35404f016bab4a5,true
result_153c7158157ffd9d4f5bddaa,runplan_fc2c35626b700671,cell_102ebf7a02f9e0e79df9,housing_v1__experiment__000008,housing_v1,housing_controlled_model_landlords_experiment,episode_attempt_3832bea38dec7562af86,a48c90bae14439be923f91aafd49800b999962420b695c2ae35404f016bab4a5,included,housing_social_welfare_leaf,1.0.0,social_welfare,1.0.0,metric,wasted_contacts,,3.0,count,{},ok,valid,[],"[""event_00000136""]",evaluation_receipt,episode_attempt_3832bea38dec7562af86,a48c90bae14439be923f91aafd49800b999962420b695c2ae35404f016bab4a5,true
result_e5f5e0229e55eee8d32a8c8d,runplan_fc2c35626b700671,cell_102ebf7a02f9e0e79df9,housing_v1__experiment__000008,housing_v1,housing_controlled_model_landlords_experiment,episode_attempt_3832bea38dec7562af86,a48c90bae14439be923f91aafd49800b999962420b695c2ae35404f016bab4a5,included,housing_social_welfare_leaf,1.0.0,social_welfare,1.0.0,metric,within_case_score,,0.9181621239113837,ratio,{},ok,valid,[],"[""event_00000136""]",evaluation_receipt,episode_attempt_3832bea38dec7562af86,a48c90bae14439be923f91aafd49800b999962420b695c2ae35404f016bab4a5,true
result_2a1cbd0753c5b86af9b69b42,runplan_fc2c35626b700671,cell_102ebf7a02f9e0e79df9,housing_v1__experiment__000008,housing_v1,housing_controlled_model_landlords_experiment,episode_attempt_3832bea38dec7562af86,a48c90bae14439be923f91aafd49800b999962420b695c2ae35404f016bab4a5,included,housing_social_welfare_leaf,1.0.0,social_welfare,1.0.0,reference,comparison_baseline,,1610.49,utility_points,"{""policy"":""naive"",""reference_kind"":""comparison_baseline""}",ok,valid,[],"[""event_00000136""]",evaluation_receipt,episode_attempt_3832bea38dec7562af86,a48c90bae14439be923f91aafd49800b999962420b695c2ae35404f016bab4a5,true
result_dc373087a2578e3af03737c9,runplan_fc2c35626b700671,cell_102ebf7a02f9e0e79df9,housing_v1__experiment__000008,housing_v1,housing_controlled_model_landlords_experiment,episode_attempt_3832bea38dec7562af86,a48c90bae14439be923f91aafd49800b999962420b695c2ae35404f016bab4a5,included,housing_social_welfare_leaf,1.0.0,social_welfare,1.0.0,reference,optimum_lower_bound,,0.0,utility_points,"{""policy"":""do_nothing"",""reference_kind"":""objective_lower_bound""}",ok,valid,[],"[""event_00000136""]",evaluation_receipt,episode_attempt_3832bea38dec7562af86,a48c90bae14439be923f91aafd49800b999962420b695c2ae35404f016bab4a5,true
result_233e0549c38c3894789fbd5b,runplan_fc2c35626b700671,cell_102ebf7a02f9e0e79df9,housing_v1__experiment__000008,housing_v1,housing_controlled_model_landlords_experiment,episode_attempt_3832bea38dec7562af86,a48c90bae14439be923f91aafd49800b999962420b695c2ae35404f016bab4a5,included,housing_social_welfare_leaf,1.0.0,social_welfare,1.0.0,reference,optimum_upper_bound,,1610.99,utility_points,"{""reference_kind"":""objective_upper_bound"",""semantics"":""full_information_allocation_relaxation""}",ok,valid,[],"[""event_00000136""]",evaluation_receipt,episode_attempt_3832bea38dec7562af86,a48c90bae14439be923f91aafd49800b999962420b695c2ae35404f016bab4a5,true
result_6017e37dc51ac7163ded5713,runplan_fc2c35626b700671,cell_102ebf7a02f9e0e79df9,housing_v1__experiment__000008,housing_v1,housing_controlled_model_landlords_experiment,episode_attempt_3832bea38dec7562af86,a48c90bae14439be923f91aafd49800b999962420b695c2ae35404f016bab4a5,included,housing_social_welfare_leaf,1.0.0,social_welfare,1.0.0,utility,landlord_0,landlord_0,37.7,utility_points,"{""disagreement_utility"":0.0}",ok,valid,[],"[""event_00000136""]",evaluation_receipt,episode_attempt_3832bea38dec7562af86,a48c90bae14439be923f91aafd49800b999962420b695c2ae35404f016bab4a5,true
result_bb0ff6e05184cf092658744c,runplan_fc2c35626b700671,cell_102ebf7a02f9e0e79df9,housing_v1__experiment__000008,housing_v1,housing_controlled_model_landlords_experiment,episode_attempt_3832bea38dec7562af86,a48c90bae14439be923f91aafd49800b999962420b695c2ae35404f016bab4a5,included,housing_social_welfare_leaf,1.0.0,social_welfare,1.0.0,utility,landlord_1,landlord_1,50.51,utility_points,"{""disagreement_utility"":0.0}",ok,valid,[],"[""event_00000136""]",evaluation_receipt,episode_attempt_3832bea38dec7562af86,a48c90bae14439be923f91aafd49800b999962420b695c2ae35404f016bab4a5,true
result_d31f1ca9113880068743af09,runplan_fc2c35626b700671,cell_102ebf7a02f9e0e79df9,housing_v1__experiment__000008,housing_v1,housing_controlled_model_landlords_experiment,episode_attempt_3832bea38dec7562af86,a48c90bae14439be923f91aafd49800b999962420b695c2ae35404f016bab4a5,included,housing_social_welfare_leaf,1.0.0,social_welfare,1.0.0,utility,landlord_2,landlord_2,-1982.7,utility_points,"{""disagreement_utility"":0.0}",ok,valid,[],"[""event_00000136""]",evaluation_receipt,episode_attempt_3832bea38dec7562af86,a48c90bae14439be923f91aafd49800b999962420b695c2ae35404f016bab4a5,true
result_ae6a915dab6dcf6431277da7,runplan_fc2c35626b700671,cell_102ebf7a02f9e0e79df9,housing_v1__experiment__000008,housing_v1,housing_controlled_model_landlords_experiment,episode_attempt_3832bea38dec7562af86,a48c90bae14439be923f91aafd49800b999962420b695c2ae35404f016bab4a5,included,housing_social_welfare_leaf,1.0.0,social_welfare,1.0.0,utility,tenant_0,tenant_0,625.19,utility_points,"{""disagreement_utility"":0.0}",ok,valid,[],"[""event_00000136""]",evaluation_receipt,episode_attempt_3832bea38dec7562af86,a48c90bae14439be923f91aafd49800b999962420b695c2ae35404f016bab4a5,true
result_7e7c639655a7c96de97765b2,runplan_fc2c35626b700671,cell_102ebf7a02f9e0e79df9,housing_v1__experiment__000008,housing_v1,housing_controlled_model_landlords_experiment,episode_attempt_3832bea38dec7562af86,a48c90bae14439be923f91aafd49800b999962420b695c2ae35404f016bab4a5,included,housing_social_welfare_leaf,1.0.0,social_welfare,1.0.0,utility,tenant_1,tenant_1,438.46,utility_points,"{""disagreement_utility"":0.0}",ok,valid,[],"[""event_00000136""]",evaluation_receipt,episode_attempt_3832bea38dec7562af86,a48c90bae14439be923f91aafd49800b999962420b695c2ae35404f016bab4a5,true
result_7160d949bd8769c602f8b8fb,runplan_fc2c35626b700671,cell_102ebf7a02f9e0e79df9,housing_v1__experiment__000008,housing_v1,housing_controlled_model_landlords_experiment,episode_attempt_3832bea38dec7562af86,a48c90bae14439be923f91aafd49800b999962420b695c2ae35404f016bab4a5,included,housing_social_welfare_leaf,1.0.0,social_welfare,1.0.0,utility,tenant_2,tenant_2,0.0,utility_points,"{""disagreement_utility"":0.0}",ok,valid,[],"[""event_00000136""]",evaluation_receipt,episode_attempt_3832bea38dec7562af86,a48c90bae14439be923f91aafd49800b999962420b695c2ae35404f016bab4a5,true
result_7f231657ce35a5b5e1c16a6e,runplan_fc2c35626b700671,cell_102ebf7a02f9e0e79df9,housing_v1__experiment__000008,housing_v1,housing_controlled_model_landlords_experiment,episode_attempt_3832bea38dec7562af86,a48c90bae14439be923f91aafd49800b999962420b695c2ae35404f016bab4a5,included,housing_social_welfare_leaf,1.0.0,social_welfare,1.0.0,utility,tenant_3,tenant_3,0.0,utility_points,"{""disagreement_utility"":0.0}",ok,valid,[],"[""event_00000136""]",evaluation_receipt,episode_attempt_3832bea38dec7562af86,a48c90bae14439be923f91aafd49800b999962420b695c2ae35404f016bab4a5,true
result_483ce8855a84079a43ab304b,runplan_fc2c35626b700671,cell_102ebf7a02f9e0e79df9,housing_v1__experiment__000008,housing_v1,housing_controlled_model_landlords_experiment,episode_attempt_3832bea38dec7562af86,a48c90bae14439be923f91aafd49800b999962420b695c2ae35404f016bab4a5,included,housing_social_welfare_leaf,1.0.0,social_welfare,1.0.0,utility,tenant_4,tenant_4,2309.99,utility_points,"{""disagreement_utility"":0.0}",ok,valid,[],"[""event_00000136""]",evaluation_receipt,episode_attempt_3832bea38dec7562af86,a48c90bae14439be923f91aafd49800b999962420b695c2ae35404f016bab4a5,true
result_07a51760033f18625da3cd1a,runplan_fc2c35626b700671,cell_102ebf7a02f9e0e79df9,housing_v1__experiment__000008,housing_v1,housing_controlled_model_landlords_experiment,episode_attempt_3832bea38dec7562af86,a48c90bae14439be923f91aafd49800b999962420b695c2ae35404f016bab4a5,included,housing_social_welfare_leaf,1.0.0,social_welfare,1.0.0,utility,tenant_5,tenant_5,0.0,utility_points,"{""disagreement_utility"":0.0}",ok,valid,[],"[""event_00000136""]",evaluation_receipt,episode_attempt_3832bea38dec7562af86,a48c90bae14439be923f91aafd49800b999962420b695c2ae35404f016bab4a5,true
result_0b34ced8cef53e5e2ddf553f,runplan_fc2c35626b700671,cell_102ebf7a02f9e0e79df9,housing_v1__experiment__000008,housing_v1,housing_controlled_model_landlords_experiment,episode_attempt_3832bea38dec7562af86,a48c90bae14439be923f91aafd49800b999962420b695c2ae35404f016bab4a5,included,housing_social_welfare_leaf,1.0.0,social_welfare,1.0.0,capture,landlord_0,landlord_0,37.7,utility_points,"{""disagreement_utility"":0.0}",ok,valid,[],"[""event_00000136""]",evaluation_receipt,episode_attempt_3832bea38dec7562af86,a48c90bae14439be923f91aafd49800b999962420b695c2ae35404f016bab4a5,true
result_e269c698738e6b636b11638c,runplan_fc2c35626b700671,cell_102ebf7a02f9e0e79df9,housing_v1__experiment__000008,housing_v1,housing_controlled_model_landlords_experiment,episode_attempt_3832bea38dec7562af86,a48c90bae14439be923f91aafd49800b999962420b695c2ae35404f016bab4a5,included,housing_social_welfare_leaf,1.0.0,social_welfare,1.0.0,capture,landlord_1,landlord_1,50.51,utility_points,"{""disagreement_utility"":0.0}",ok,valid,[],"[""event_00000136""]",evaluation_receipt,episode_attempt_3832bea38dec7562af86,a48c90bae14439be923f91aafd49800b999962420b695c2ae35404f016bab4a5,true
result_0100e4f46632da7db9738c11,runplan_fc2c35626b700671,cell_102ebf7a02f9e0e79df9,housing_v1__experiment__000008,housing_v1,housing_controlled_model_landlords_experiment,episode_attempt_3832bea38dec7562af86,a48c90bae14439be923f91aafd49800b999962420b695c2ae35404f016bab4a5,included,housing_social_welfare_leaf,1.0.0,social_welfare,1.0.0,capture,landlord_2,landlord_2,-1982.7,utility_points,"{""disagreement_utility"":0.0}",ok,valid,[],"[""event_00000136""]",evaluation_receipt,episode_attempt_3832bea38dec7562af86,a48c90bae14439be923f91aafd49800b999962420b695c2ae35404f016bab4a5,true
result_c70633183c4281db4faf01a9,runplan_fc2c35626b700671,cell_102ebf7a02f9e0e79df9,housing_v1__experiment__000008,housing_v1,housing_controlled_model_landlords_experiment,episode_attempt_3832bea38dec7562af86,a48c90bae14439be923f91aafd49800b999962420b695c2ae35404f016bab4a5,included,housing_social_welfare_leaf,1.0.0,social_welfare,1.0.0,capture,tenant_0,tenant_0,625.19,utility_points,"{""disagreement_utility"":0.0}",ok,valid,[],"[""event_00000136""]",evaluation_receipt,episode_attempt_3832bea38dec7562af86,a48c90bae14439be923f91aafd49800b999962420b695c2ae35404f016bab4a5,true
result_b84c6b4790c83c6faf4bb141,runplan_fc2c35626b700671,cell_102ebf7a02f9e0e79df9,housing_v1__experiment__000008,housing_v1,housing_controlled_model_landlords_experiment,episode_attempt_3832bea38dec7562af86,a48c90bae14439be923f91aafd49800b999962420b695c2ae35404f016bab4a5,included,housing_social_welfare_leaf,1.0.0,social_welfare,1.0.0,capture,tenant_1,tenant_1,438.46,utility_points,"{""disagreement_utility"":0.0}",ok,valid,[],"[""event_00000136""]",evaluation_receipt,episode_attempt_3832bea38dec7562af86,a48c90bae14439be923f91aafd49800b999962420b695c2ae35404f016bab4a5,true
result_cbcbc078f657c44b13ef1649,runplan_fc2c35626b700671,cell_102ebf7a02f9e0e79df9,housing_v1__experiment__000008,housing_v1,housing_controlled_model_landlords_experiment,episode_attempt_3832bea38dec7562af86,a48c90bae14439be923f91aafd49800b999962420b695c2ae35404f016bab4a5,included,housing_social_welfare_leaf,1.0.0,social_welfare,1.0.0,capture,tenant_2,tenant_2,0.0,utility_points,"{""disagreement_utility"":0.0}",ok,valid,[],"[""event_00000136""]",evaluation_receipt,episode_attempt_3832bea38dec7562af86,a48c90bae14439be923f91aafd49800b999962420b695c2ae35404f016bab4a5,true
result_b0f283dcd89a021efc14521e,runplan_fc2c35626b700671,cell_102ebf7a02f9e0e79df9,housing_v1__experiment__000008,housing_v1,housing_controlled_model_landlords_experiment,episode_attempt_3832bea38dec7562af86,a48c90bae14439be923f91aafd49800b999962420b695c2ae35404f016bab4a5,included,housing_social_welfare_leaf,1.0.0,social_welfare,1.0.0,capture,tenant_3,tenant_3,0.0,utility_points,"{""disagreement_utility"":0.0}",ok,valid,[],"[""event_00000136""]",evaluation_receipt,episode_attempt_3832bea38dec7562af86,a48c90bae14439be923f91aafd49800b999962420b695c2ae35404f016bab4a5,true
result_f2f4f83512cce890dfc9fe5f,runplan_fc2c35626b700671,cell_102ebf7a02f9e0e79df9,housing_v1__experiment__000008,housing_v1,housing_controlled_model_landlords_experiment,episode_attempt_3832bea38dec7562af86,a48c90bae14439be923f91aafd49800b999962420b695c2ae35404f016bab4a5,included,housing_social_welfare_leaf,1.0.0,social_welfare,1.0.0,capture,tenant_4,tenant_4,2309.99,utility_points,"{""disagreement_utility"":0.0}",ok,valid,[],"[""event_00000136""]",evaluation_receipt,episode_attempt_3832bea38dec7562af86,a48c90bae14439be923f91aafd49800b999962420b695c2ae35404f016bab4a5,true
result_bbce4c07ba194ce0bbfe0882,runplan_fc2c35626b700671,cell_102ebf7a02f9e0e79df9,housing_v1__experiment__000008,housing_v1,housing_controlled_model_landlords_experiment,episode_attempt_3832bea38dec7562af86,a48c90bae14439be923f91aafd49800b999962420b695c2ae35404f016bab4a5,included,housing_social_welfare_leaf,1.0.0,social_welfare,1.0.0,capture,tenant_5,tenant_5,0.0,utility_points,"{""disagreement_utility"":0.0}",ok,valid,[],"[""event_00000136""]",evaluation_receipt,episode_attempt_3832bea38dec7562af86,a48c90bae14439be923f91aafd49800b999962420b695c2ae35404f016bab4a5,true
result_e1e7401ae4f63311bd0ade42,runplan_fc2c35626b700671,cell_188e6d4fc2d6402c739c,housing_v1__experiment__000005,housing_v1,housing_controlled_model_landlords_experiment,episode_attempt_734f13e6aee7ae95210d,95cc1c8638dbb4396ca309027dc658b2b23f25243a265449c8a43bf21041ae0e,included,housing_social_welfare_leaf,1.0.0,social_welfare,1.0.0,primary,social_welfare,,1452.92,utility_points,{},ok,valid,[],"[""event_00000235""]",evaluation_receipt,episode_attempt_734f13e6aee7ae95210d,95cc1c8638dbb4396ca309027dc658b2b23f25243a265449c8a43bf21041ae0e,true
result_8b273a3df7d0ce71ccc0c403,runplan_fc2c35626b700671,cell_188e6d4fc2d6402c739c,housing_v1__experiment__000005,housing_v1,housing_controlled_model_landlords_experiment,episode_attempt_734f13e6aee7ae95210d,95cc1c8638dbb4396ca309027dc658b2b23f25243a265449c8a43bf21041ae0e,included,housing_social_welfare_leaf,1.0.0,social_welfare,1.0.0,metric,comparison_baseline_gap,,293.98,utility_points,{},ok,valid,[],"[""event_00000235""]",evaluation_receipt,episode_attempt_734f13e6aee7ae95210d,95cc1c8638dbb4396ca309027dc658b2b23f25243a265449c8a43bf21041ae0e,true
result_0c96e1a8342c722f90716010,runplan_fc2c35626b700671,cell_188e6d4fc2d6402c739c,housing_v1__experiment__000005,housing_v1,housing_controlled_model_landlords_experiment,episode_attempt_734f13e6aee7ae95210d,95cc1c8638dbb4396ca309027dc658b2b23f25243a265449c8a43bf21041ae0e,included,housing_social_welfare_leaf,1.0.0,social_welfare,1.0.0,metric,ir_violation_count,,2.0,count,{},ok,valid,[],"[""event_00000235""]",evaluation_receipt,episode_attempt_734f13e6aee7ae95210d,95cc1c8638dbb4396ca309027dc658b2b23f25243a265449c8a43bf21041ae0e,true
result_e0a4f74f877947f0eacb5f65,runplan_fc2c35626b700671,cell_188e6d4fc2d6402c739c,housing_v1__experiment__000005,housing_v1,housing_controlled_model_landlords_experiment,episode_attempt_734f13e6aee7ae95210d,95cc1c8638dbb4396ca309027dc658b2b23f25243a265449c8a43bf21041ae0e,included,housing_social_welfare_leaf,1.0.0,social_welfare,1.0.0,metric,social_welfare,,1452.92,utility_points,{},ok,valid,[],"[""event_00000235""]",evaluation_receipt,episode_attempt_734f13e6aee7ae95210d,95cc1c8638dbb4396ca309027dc658b2b23f25243a265449c8a43bf21041ae0e,true
result_cda50f03d74f140b10c6701d,runplan_fc2c35626b700671,cell_188e6d4fc2d6402c739c,housing_v1__experiment__000005,housing_v1,housing_controlled_model_landlords_experiment,episode_attempt_734f13e6aee7ae95210d,95cc1c8638dbb4396ca309027dc658b2b23f25243a265449c8a43bf21041ae0e,included,housing_social_welfare_leaf,1.0.0,social_welfare,1.0.0,metric,upper_bound_gap,,4.419999999999845,utility_points,{},ok,valid,[],"[""event_00000235""]",evaluation_receipt,episode_attempt_734f13e6aee7ae95210d,95cc1c8638dbb4396ca309027dc658b2b23f25243a265449c8a43bf21041ae0e,true
result_e144e2385942a94cd0c78f11,runplan_fc2c35626b700671,cell_188e6d4fc2d6402c739c,housing_v1__experiment__000005,housing_v1,housing_controlled_model_landlords_experiment,episode_attempt_734f13e6aee7ae95210d,95cc1c8638dbb4396ca309027dc658b2b23f25243a265449c8a43bf21041ae0e,included,housing_social_welfare_leaf,1.0.0,social_welfare,1.0.0,metric,wasted_contacts,,6.0,count,{},ok,valid,[],"[""event_00000235""]",evaluation_receipt,episode_attempt_734f13e6aee7ae95210d,95cc1c8638dbb4396ca309027dc658b2b23f25243a265449c8a43bf21041ae0e,true
result_1afb880c6c5756bb38f68048,runplan_fc2c35626b700671,cell_188e6d4fc2d6402c739c,housing_v1__experiment__000005,housing_v1,housing_controlled_model_landlords_experiment,episode_attempt_734f13e6aee7ae95210d,95cc1c8638dbb4396ca309027dc658b2b23f25243a265449c8a43bf21041ae0e,included,housing_social_welfare_leaf,1.0.0,social_welfare,1.0.0,metric,within_case_score,,0.9969670770033076,ratio,{},ok,valid,[],"[""event_00000235""]",evaluation_receipt,episode_attempt_734f13e6aee7ae95210d,95cc1c8638dbb4396ca309027dc658b2b23f25243a265449c8a43bf21041ae0e,true
result_f2209bafe397f6532976f872,runplan_fc2c35626b700671,cell_188e6d4fc2d6402c739c,housing_v1__experiment__000005,housing_v1,housing_controlled_model_landlords_experiment,episode_attempt_734f13e6aee7ae95210d,95cc1c8638dbb4396ca309027dc658b2b23f25243a265449c8a43bf21041ae0e,included,housing_social_welfare_leaf,1.0.0,social_welfare,1.0.0,reference,comparison_baseline,,1158.94,utility_points,"{""policy"":""naive"",""reference_kind"":""comparison_baseline""}",ok,valid,[],"[""event_00000235""]",evaluation_receipt,episode_attempt_734f13e6aee7ae95210d,95cc1c8638dbb4396ca309027dc658b2b23f25243a265449c8a43bf21041ae0e,true
result_a29fd5ba71547b30fe0e73d9,runplan_fc2c35626b700671,cell_188e6d4fc2d6402c739c,housing_v1__experiment__000005,housing_v1,housing_controlled_model_landlords_experiment,episode_attempt_734f13e6aee7ae95210d,95cc1c8638dbb4396ca309027dc658b2b23f25243a265449c8a43bf21041ae0e,included,housing_social_welfare_leaf,1.0.0,social_welfare,1.0.0,reference,optimum_lower_bound,,0.0,utility_points,"{""policy"":""do_nothing"",""reference_kind"":""objective_lower_bound""}",ok,valid,[],"[""event_00000235""]",evaluation_receipt,episode_attempt_734f13e6aee7ae95210d,95cc1c8638dbb4396ca309027dc658b2b23f25243a265449c8a43bf21041ae0e,true
result_79b5d381b4bbbd1fe07d15d0,runplan_fc2c35626b700671,cell_188e6d4fc2d6402c739c,housing_v1__experiment__000005,housing_v1,housing_controlled_model_landlords_experiment,episode_attempt_734f13e6aee7ae95210d,95cc1c8638dbb4396ca309027dc658b2b23f25243a265449c8a43bf21041ae0e,included,housing_social_welfare_leaf,1.0.0,social_welfare,1.0.0,reference,optimum_upper_bound,,1457.34,utility_points,"{""reference_kind"":""objective_upper_bound"",""semantics"":""full_information_allocation_relaxation""}",ok,valid,[],"[""event_00000235""]",evaluation_receipt,episode_attempt_734f13e6aee7ae95210d,95cc1c8638dbb4396ca309027dc658b2b23f25243a265449c8a43bf21041ae0e,true
result_ba6c338e7cb649df7dda9443,runplan_fc2c35626b700671,cell_188e6d4fc2d6402c739c,housing_v1__experiment__000005,housing_v1,housing_controlled_model_landlords_experiment,episode_attempt_734f13e6aee7ae95210d,95cc1c8638dbb4396ca309027dc658b2b23f25243a265449c8a43bf21041ae0e,included,housing_social_welfare_leaf,1.0.0,social_welfare,1.0.0,utility,landlord_0,landlord_0,62.29,utility_points,"{""disagreement_utility"":0.0}",ok,valid,[],"[""event_00000235""]",evaluation_receipt,episode_attempt_734f13e6aee7ae95210d,95cc1c8638dbb4396ca309027dc658b2b23f25243a265449c8a43bf21041ae0e,true
result_85a00b9a7b4b407f3f42e12f,runplan_fc2c35626b700671,cell_188e6d4fc2d6402c739c,housing_v1__experiment__000005,housing_v1,housing_controlled_model_landlords_experiment,episode_attempt_734f13e6aee7ae95210d,95cc1c8638dbb4396ca309027dc658b2b23f25243a265449c8a43bf21041ae0e,included,housing_social_welfare_leaf,1.0.0,social_welfare,1.0.0,utility,landlord_1,landlord_1,-1958.01,utility_points,"{""disagreement_utility"":0.0}",ok,valid,[],"[""event_00000235""]",evaluation_receipt,episode_attempt_734f13e6aee7ae95210d,95cc1c8638dbb4396ca309027dc658b2b23f25243a265449c8a43bf21041ae0e,true
result_f81b80fd2e6c708a8fe06c2c,runplan_fc2c35626b700671,cell_188e6d4fc2d6402c739c,housing_v1__experiment__000005,housing_v1,housing_controlled_model_landlords_experiment,episode_attempt_734f13e6aee7ae95210d,95cc1c8638dbb4396ca309027dc658b2b23f25243a265449c8a43bf21041ae0e,included,housing_social_welfare_leaf,1.0.0,social_welfare,1.0.0,utility,landlord_2,landlord_2,-1724.36,utility_points,"{""disagreement_utility"":0.0}",ok,valid,[],"[""event_00000235""]",evaluation_receipt,episode_attempt_734f13e6aee7ae95210d,95cc1c8638dbb4396ca309027dc658b2b23f25243a265449c8a43bf21041ae0e,true
result_59159758eafa682a61638adc,runplan_fc2c35626b700671,cell_188e6d4fc2d6402c739c,housing_v1__experiment__000005,housing_v1,housing_controlled_model_landlords_experiment,episode_attempt_734f13e6aee7ae95210d,95cc1c8638dbb4396ca309027dc658b2b23f25243a265449c8a43bf21041ae0e,included,housing_social_welfare_leaf,1.0.0,social_welfare,1.0.0,utility,tenant_0,tenant_0,2150.72,utility_points,"{""disagreement_utility"":0.0}",ok,valid,[],"[""event_00000235""]",evaluation_receipt,episode_attempt_734f13e6aee7ae95210d,95cc1c8638dbb4396ca309027dc658b2b23f25243a265449c8a43bf21041ae0e,true
result_bfca30122e8604d116014842,runplan_fc2c35626b700671,cell_188e6d4fc2d6402c739c,housing_v1__experiment__000005,housing_v1,housing_controlled_model_landlords_experiment,episode_attempt_734f13e6aee7ae95210d,95cc1c8638dbb4396ca309027dc658b2b23f25243a265449c8a43bf21041ae0e,included,housing_social_welfare_leaf,1.0.0,social_welfare,1.0.0,utility,tenant_1,tenant_1,0.0,utility_points,"{""disagreement_utility"":0.0}",ok,valid,[],"[""event_00000235""]",evaluation_receipt,episode_attempt_734f13e6aee7ae95210d,95cc1c8638dbb4396ca309027dc658b2b23f25243a265449c8a43bf21041ae0e,true
result_27aadbdad50de916b4358592,runplan_fc2c35626b700671,cell_188e6d4fc2d6402c739c,housing_v1__experiment__000005,housing_v1,housing_controlled_model_landlords_experiment,episode_attempt_734f13e6aee7ae95210d,95cc1c8638dbb4396ca309027dc658b2b23f25243a265449c8a43bf21041ae0e,included,housing_social_welfare_leaf,1.0.0,social_welfare,1.0.0,utility,tenant_2,tenant_2,0.0,utility_points,"{""disagreement_utility"":0.0}",ok,valid,[],"[""event_00000235""]",evaluation_receipt,episode_attempt_734f13e6aee7ae95210d,95cc1c8638dbb4396ca309027dc658b2b23f25243a265449c8a43bf21041ae0e,true
result_49e2e8c7eef986288475dcbb,runplan_fc2c35626b700671,cell_188e6d4fc2d6402c739c,housing_v1__experiment__000005,housing_v1,housing_controlled_model_landlords_experiment,episode_attempt_734f13e6aee7ae95210d,95cc1c8638dbb4396ca309027dc658b2b23f25243a265449c8a43bf21041ae0e,included,housing_social_welfare_leaf,1.0.0,social_welfare,1.0.0,utility,tenant_3,tenant_3,2525.73,utility_points,"{""disagreement_utility"":0.0}",ok,valid,[],"[""event_00000235""]",evaluation_receipt,episode_attempt_734f13e6aee7ae95210d,95cc1c8638dbb4396ca309027dc658b2b23f25243a265449c8a43bf21041ae0e,true
result_58028299be83cab464b2b0d6,runplan_fc2c35626b700671,cell_188e6d4fc2d6402c739c,housing_v1__experiment__000005,housing_v1,housing_controlled_model_landlords_experiment,episode_attempt_734f13e6aee7ae95210d,95cc1c8638dbb4396ca309027dc658b2b23f25243a265449c8a43bf21041ae0e,included,housing_social_welfare_leaf,1.0.0,social_welfare,1.0.0,utility,tenant_4,tenant_4,396.55,utility_points,"{""disagreement_utility"":0.0}",ok,valid,[],"[""event_00000235""]",evaluation_receipt,episode_attempt_734f13e6aee7ae95210d,95cc1c8638dbb4396ca309027dc658b2b23f25243a265449c8a43bf21041ae0e,true
result_703f02620ffe62aa5dea10e6,runplan_fc2c35626b700671,cell_188e6d4fc2d6402c739c,housing_v1__experiment__000005,housing_v1,housing_controlled_model_landlords_experiment,episode_attempt_734f13e6aee7ae95210d,95cc1c8638dbb4396ca309027dc658b2b23f25243a265449c8a43bf21041ae0e,included,housing_social_welfare_leaf,1.0.0,social_welfare,1.0.0,utility,tenant_5,tenant_5,0.0,utility_points,"{""disagreement_utility"":0.0}",ok,valid,[],"[""event_00000235""]",evaluation_receipt,episode_attempt_734f13e6aee7ae95210d,95cc1c8638dbb4396ca309027dc658b2b23f25243a265449c8a43bf21041ae0e,true
result_9011f3c56b007c45f3aef961,runplan_fc2c35626b700671,cell_188e6d4fc2d6402c739c,housing_v1__experiment__000005,housing_v1,housing_controlled_model_landlords_experiment,episode_attempt_734f13e6aee7ae95210d,95cc1c8638dbb4396ca309027dc658b2b23f25243a265449c8a43bf21041ae0e,included,housing_social_welfare_leaf,1.0.0,social_welfare,1.0.0,capture,landlord_0,landlord_0,62.29,utility_points,"{""disagreement_utility"":0.0}",ok,valid,[],"[""event_00000235""]",evaluation_receipt,episode_attempt_734f13e6aee7ae95210d,95cc1c8638dbb4396ca309027dc658b2b23f25243a265449c8a43bf21041ae0e,true
result_83deb7e0af9dd9be04b1ff0e,runplan_fc2c35626b700671,cell_188e6d4fc2d6402c739c,housing_v1__experiment__000005,housing_v1,housing_controlled_model_landlords_experiment,episode_attempt_734f13e6aee7ae95210d,95cc1c8638dbb4396ca309027dc658b2b23f25243a265449c8a43bf21041ae0e,included,housing_social_welfare_leaf,1.0.0,social_welfare,1.0.0,capture,landlord_1,landlord_1,-1958.01,utility_points,"{""disagreement_utility"":0.0}",ok,valid,[],"[""event_00000235""]",evaluation_receipt,episode_attempt_734f13e6aee7ae95210d,95cc1c8638dbb4396ca309027dc658b2b23f25243a265449c8a43bf21041ae0e,true
result_13473967378bb09266f1c194,runplan_fc2c35626b700671,cell_188e6d4fc2d6402c739c,housing_v1__experiment__000005,housing_v1,housing_controlled_model_landlords_experiment,episode_attempt_734f13e6aee7ae95210d,95cc1c8638dbb4396ca309027dc658b2b23f25243a265449c8a43bf21041ae0e,included,housing_social_welfare_leaf,1.0.0,social_welfare,1.0.0,capture,landlord_2,landlord_2,-1724.36,utility_points,"{""disagreement_utility"":0.0}",ok,valid,[],"[""event_00000235""]",evaluation_receipt,episode_attempt_734f13e6aee7ae95210d,95cc1c8638dbb4396ca309027dc658b2b23f25243a265449c8a43bf21041ae0e,true
result_bc1950174b2c0ce9bf8821dd,runplan_fc2c35626b700671,cell_188e6d4fc2d6402c739c,housing_v1__experiment__000005,housing_v1,housing_controlled_model_landlords_experiment,episode_attempt_734f13e6aee7ae95210d,95cc1c8638dbb4396ca309027dc658b2b23f25243a265449c8a43bf21041ae0e,included,housing_social_welfare_leaf,1.0.0,social_welfare,1.0.0,capture,tenant_0,tenant_0,2150.72,utility_points,"{""disagreement_utility"":0.0}",ok,valid,[],"[""event_00000235""]",evaluation_receipt,episode_attempt_734f13e6aee7ae95210d,95cc1c8638dbb4396ca309027dc658b2b23f25243a265449c8a43bf21041ae0e,true
result_de1d27a96d5d26b2817439b2,runplan_fc2c35626b700671,cell_188e6d4fc2d6402c739c,housing_v1__experiment__000005,housing_v1,housing_controlled_model_landlords_experiment,episode_attempt_734f13e6aee7ae95210d,95cc1c8638dbb4396ca309027dc658b2b23f25243a265449c8a43bf21041ae0e,included,housing_social_welfare_leaf,1.0.0,social_welfare,1.0.0,capture,tenant_1,tenant_1,0.0,utility_points,"{""disagreement_utility"":0.0}",ok,valid,[],"[""event_00000235""]",evaluation_receipt,episode_attempt_734f13e6aee7ae95210d,95cc1c8638dbb4396ca309027dc658b2b23f25243a265449c8a43bf21041ae0e,true
result_6b9d452ab83d77e56e51efc3,runplan_fc2c35626b700671,cell_188e6d4fc2d6402c739c,housing_v1__experiment__000005,housing_v1,housing_controlled_model_landlords_experiment,episode_attempt_734f13e6aee7ae95210d,95cc1c8638dbb4396ca309027dc658b2b23f25243a265449c8a43bf21041ae0e,included,housing_social_welfare_leaf,1.0.0,social_welfare,1.0.0,capture,tenant_2,tenant_2,0.0,utility_points,"{""disagreement_utility"":0.0}",ok,valid,[],"[""event_00000235""]",evaluation_receipt,episode_attempt_734f13e6aee7ae95210d,95cc1c8638dbb4396ca309027dc658b2b23f25243a265449c8a43bf21041ae0e,true
result_e65e87a87f1a76fa108c50de,runplan_fc2c35626b700671,cell_188e6d4fc2d6402c739c,housing_v1__experiment__000005,housing_v1,housing_controlled_model_landlords_experiment,episode_attempt_734f13e6aee7ae95210d,95cc1c8638dbb4396ca309027dc658b2b23f25243a265449c8a43bf21041ae0e,included,housing_social_welfare_leaf,1.0.0,social_welfare,1.0.0,capture,tenant_3,tenant_3,2525.73,utility_points,"{""disagreement_utility"":0.0}",ok,valid,[],"[""event_00000235""]",evaluation_receipt,episode_attempt_734f13e6aee7ae95210d,95cc1c8638dbb4396ca309027dc658b2b23f25243a265449c8a43bf21041ae0e,true
result_e52215ce0a3d118c13d66743,runplan_fc2c35626b700671,cell_188e6d4fc2d6402c739c,housing_v1__experiment__000005,housing_v1,housing_controlled_model_landlords_experiment,episode_attempt_734f13e6aee7ae95210d,95cc1c8638dbb4396ca309027dc658b2b23f25243a265449c8a43bf21041ae0e,included,housing_social_welfare_leaf,1.0.0,social_welfare,1.0.0,capture,tenant_4,tenant_4,396.55,utility_points,"{""disagreement_utility"":0.0}",ok,valid,[],"[""event_00000235""]",evaluation_receipt,episode_attempt_734f13e6aee7ae95210d,95cc1c8638dbb4396ca309027dc658b2b23f25243a265449c8a43bf21041ae0e,true
result_79f3ad1005a9172bf21aa882,runplan_fc2c35626b700671,cell_188e6d4fc2d6402c739c,housing_v1__experiment__000005,housing_v1,housing_controlled_model_landlords_experiment,episode_attempt_734f13e6aee7ae95210d,95cc1c8638dbb4396ca309027dc658b2b23f25243a265449c8a43bf21041ae0e,included,housing_social_welfare_leaf,1.0.0,social_welfare,1.0.0,capture,tenant_5,tenant_5,0.0,utility_points,"{""disagreement_utility"":0.0}",ok,valid,[],"[""event_00000235""]",evaluation_receipt,episode_attempt_734f13e6aee7ae95210d,95cc1c8638dbb4396ca309027dc658b2b23f25243a265449c8a43bf21041ae0e,true
result_ad32aa12472c2adad671c137,runplan_fc2c35626b700671,cell_4b70e3d9e0fad6289944,housing_v1__experiment__000004,housing_v1,housing_controlled_model_landlords_experiment,episode_attempt_aecd049a4482eddc8193,82e0d28f91a2bfaa3b1660958efb73ed377510061967eae30ed85ef74bfb0697,included,housing_social_welfare_leaf,1.0.0,social_welfare,1.0.0,primary,social_welfare,,867.71,utility_points,{},ok,valid,[],"[""event_00000130""]",evaluation_receipt,episode_attempt_aecd049a4482eddc8193,82e0d28f91a2bfaa3b1660958efb73ed377510061967eae30ed85ef74bfb0697,true
result_d7ecfcc31c15f320f493d3e4,runplan_fc2c35626b700671,cell_4b70e3d9e0fad6289944,housing_v1__experiment__000004,housing_v1,housing_controlled_model_landlords_experiment,episode_attempt_aecd049a4482eddc8193,82e0d28f91a2bfaa3b1660958efb73ed377510061967eae30ed85ef74bfb0697,included,housing_social_welfare_leaf,1.0.0,social_welfare,1.0.0,metric,comparison_baseline_gap,,114.01999999999998,utility_points,{},ok,valid,[],"[""event_00000130""]",evaluation_receipt,episode_attempt_aecd049a4482eddc8193,82e0d28f91a2bfaa3b1660958efb73ed377510061967eae30ed85ef74bfb0697,true
result_2104287551f3c2d323bf8fc4,runplan_fc2c35626b700671,cell_4b70e3d9e0fad6289944,housing_v1__experiment__000004,housing_v1,housing_controlled_model_landlords_experiment,episode_attempt_aecd049a4482eddc8193,82e0d28f91a2bfaa3b1660958efb73ed377510061967eae30ed85ef74bfb0697,included,housing_social_welfare_leaf,1.0.0,social_welfare,1.0.0,metric,ir_violation_count,,1.0,count,{},ok,valid,[],"[""event_00000130""]",evaluation_receipt,episode_attempt_aecd049a4482eddc8193,82e0d28f91a2bfaa3b1660958efb73ed377510061967eae30ed85ef74bfb0697,true
result_030c4d4e945672bd68d4ae6b,runplan_fc2c35626b700671,cell_4b70e3d9e0fad6289944,housing_v1__experiment__000004,housing_v1,housing_controlled_model_landlords_experiment,episode_attempt_aecd049a4482eddc8193,82e0d28f91a2bfaa3b1660958efb73ed377510061967eae30ed85ef74bfb0697,included,housing_social_welfare_leaf,1.0.0,social_welfare,1.0.0,metric,social_welfare,,867.71,utility_points,{},ok,valid,[],"[""event_00000130""]",evaluation_receipt,episode_attempt_aecd049a4482eddc8193,82e0d28f91a2bfaa3b1660958efb73ed377510061967eae30ed85ef74bfb0697,true
result_fffd1b8e6ac1368d19712602,runplan_fc2c35626b700671,cell_4b70e3d9e0fad6289944,housing_v1__experiment__000004,housing_v1,housing_controlled_model_landlords_experiment,episode_attempt_aecd049a4482eddc8193,82e0d28f91a2bfaa3b1660958efb73ed377510061967eae30ed85ef74bfb0697,included,housing_social_welfare_leaf,1.0.0,social_welfare,1.0.0,metric,upper_bound_gap,,271.02,utility_points,{},ok,valid,[],"[""event_00000130""]",evaluation_receipt,episode_attempt_aecd049a4482eddc8193,82e0d28f91a2bfaa3b1660958efb73ed377510061967eae30ed85ef74bfb0697,true
result_984abb8c39f3e676e05a2465,runplan_fc2c35626b700671,cell_4b70e3d9e0fad6289944,housing_v1__experiment__000004,housing_v1,housing_controlled_model_landlords_experiment,episode_attempt_aecd049a4482eddc8193,82e0d28f91a2bfaa3b1660958efb73ed377510061967eae30ed85ef74bfb0697,included,housing_social_welfare_leaf,1.0.0,social_welfare,1.0.0,metric,wasted_contacts,,3.0,count,{},ok,valid,[],"[""event_00000130""]",evaluation_receipt,episode_attempt_aecd049a4482eddc8193,82e0d28f91a2bfaa3b1660958efb73ed377510061967eae30ed85ef74bfb0697,true
result_2729f9bd7ff338a63d3b92bb,runplan_fc2c35626b700671,cell_4b70e3d9e0fad6289944,housing_v1__experiment__000004,housing_v1,housing_controlled_model_landlords_experiment,episode_attempt_aecd049a4482eddc8193,82e0d28f91a2bfaa3b1660958efb73ed377510061967eae30ed85ef74bfb0697,included,housing_social_welfare_leaf,1.0.0,social_welfare,1.0.0,metric,within_case_score,,0.7619980153328708,ratio,{},ok,valid,[],"[""event_00000130""]",evaluation_receipt,episode_attempt_aecd049a4482eddc8193,82e0d28f91a2bfaa3b1660958efb73ed377510061967eae30ed85ef74bfb0697,true
result_eb8534841acb443593f338ef,runplan_fc2c35626b700671,cell_4b70e3d9e0fad6289944,housing_v1__experiment__000004,housing_v1,housing_controlled_model_landlords_experiment,episode_attempt_aecd049a4482eddc8193,82e0d28f91a2bfaa3b1660958efb73ed377510061967eae30ed85ef74bfb0697,included,housing_social_welfare_leaf,1.0.0,social_welfare,1.0.0,reference,comparison_baseline,,753.69,utility_points,"{""policy"":""naive"",""reference_kind"":""comparison_baseline""}",ok,valid,[],"[""event_00000130""]",evaluation_receipt,episode_attempt_aecd049a4482eddc8193,82e0d28f91a2bfaa3b1660958efb73ed377510061967eae30ed85ef74bfb0697,true
result_79c8adcb4bc26e2f75d1d929,runplan_fc2c35626b700671,cell_4b70e3d9e0fad6289944,housing_v1__experiment__000004,housing_v1,housing_controlled_model_landlords_experiment,episode_attempt_aecd049a4482eddc8193,82e0d28f91a2bfaa3b1660958efb73ed377510061967eae30ed85ef74bfb0697,included,housing_social_welfare_leaf,1.0.0,social_welfare,1.0.0,reference,optimum_lower_bound,,0.0,utility_points,"{""policy"":""do_nothing"",""reference_kind"":""objective_lower_bound""}",ok,valid,[],"[""event_00000130""]",evaluation_receipt,episode_attempt_aecd049a4482eddc8193,82e0d28f91a2bfaa3b1660958efb73ed377510061967eae30ed85ef74bfb0697,true
result_2abfcee193ddf4384e654656,runplan_fc2c35626b700671,cell_4b70e3d9e0fad6289944,housing_v1__experiment__000004,housing_v1,housing_controlled_model_landlords_experiment,episode_attempt_aecd049a4482eddc8193,82e0d28f91a2bfaa3b1660958efb73ed377510061967eae30ed85ef74bfb0697,included,housing_social_welfare_leaf,1.0.0,social_welfare,1.0.0,reference,optimum_upper_bound,,1138.73,utility_points,"{""reference_kind"":""objective_upper_bound"",""semantics"":""full_information_allocation_relaxation""}",ok,valid,[],"[""event_00000130""]",evaluation_receipt,episode_attempt_aecd049a4482eddc8193,82e0d28f91a2bfaa3b1660958efb73ed377510061967eae30ed85ef74bfb0697,true
result_26a2fb510c213e751a11c568,runplan_fc2c35626b700671,cell_4b70e3d9e0fad6289944,housing_v1__experiment__000004,housing_v1,housing_controlled_model_landlords_experiment,episode_attempt_aecd049a4482eddc8193,82e0d28f91a2bfaa3b1660958efb73ed377510061967eae30ed85ef74bfb0697,included,housing_social_welfare_leaf,1.0.0,social_welfare,1.0.0,utility,landlord_0,landlord_0,-2911.62,utility_points,"{""disagreement_utility"":0.0}",ok,valid,[],"[""event_00000130""]",evaluation_receipt,episode_attempt_aecd049a4482eddc8193,82e0d28f91a2bfaa3b1660958efb73ed377510061967eae30ed85ef74bfb0697,true
result_42f4e5993834d4c638d3ee1f,runplan_fc2c35626b700671,cell_4b70e3d9e0fad6289944,housing_v1__experiment__000004,housing_v1,housing_controlled_model_landlords_experiment,episode_attempt_aecd049a4482eddc8193,82e0d28f91a2bfaa3b1660958efb73ed377510061967eae30ed85ef74bfb0697,included,housing_social_welfare_leaf,1.0.0,social_welfare,1.0.0,utility,landlord_1,landlord_1,51.25,utility_points,"{""disagreement_utility"":0.0}",ok,valid,[],"[""event_00000130""]",evaluation_receipt,episode_attempt_aecd049a4482eddc8193,82e0d28f91a2bfaa3b1660958efb73ed377510061967eae30ed85ef74bfb0697,true
result_39e15237760e439759072831,runplan_fc2c35626b700671,cell_4b70e3d9e0fad6289944,housing_v1__experiment__000004,housing_v1,housing_controlled_model_landlords_experiment,episode_attempt_aecd049a4482eddc8193,82e0d28f91a2bfaa3b1660958efb73ed377510061967eae30ed85ef74bfb0697,included,housing_social_welfare_leaf,1.0.0,social_welfare,1.0.0,utility,landlord_2,landlord_2,20.76,utility_points,"{""disagreement_utility"":0.0}",ok,valid,[],"[""event_00000130""]",evaluation_receipt,episode_attempt_aecd049a4482eddc8193,82e0d28f91a2bfaa3b1660958efb73ed377510061967eae30ed85ef74bfb0697,true
result_d437c5da19853fbd05435484,runplan_fc2c35626b700671,cell_4b70e3d9e0fad6289944,housing_v1__experiment__000004,housing_v1,housing_controlled_model_landlords_experiment,episode_attempt_aecd049a4482eddc8193,82e0d28f91a2bfaa3b1660958efb73ed377510061967eae30ed85ef74bfb0697,included,housing_social_welfare_leaf,1.0.0,social_welfare,1.0.0,utility,tenant_0,tenant_0,0.0,utility_points,"{""disagreement_utility"":0.0}",ok,valid,[],"[""event_00000130""]",evaluation_receipt,episode_attempt_aecd049a4482eddc8193,82e0d28f91a2bfaa3b1660958efb73ed377510061967eae30ed85ef74bfb0697,true
result_9d6cfc0697b4d50c7aefe564,runplan_fc2c35626b700671,cell_4b70e3d9e0fad6289944,housing_v1__experiment__000004,housing_v1,housing_controlled_model_landlords_experiment,episode_attempt_aecd049a4482eddc8193,82e0d28f91a2bfaa3b1660958efb73ed377510061967eae30ed85ef74bfb0697,included,housing_social_welfare_leaf,1.0.0,social_welfare,1.0.0,utility,tenant_1,tenant_1,0.0,utility_points,"{""disagreement_utility"":0.0}",ok,valid,[],"[""event_00000130""]",evaluation_receipt,episode_attempt_aecd049a4482eddc8193,82e0d28f91a2bfaa3b1660958efb73ed377510061967eae30ed85ef74bfb0697,true
result_39b91a34fc8ef31d6429eaad,runplan_fc2c35626b700671,cell_4b70e3d9e0fad6289944,housing_v1__experiment__000004,housing_v1,housing_controlled_model_landlords_experiment,episode_attempt_aecd049a4482eddc8193,82e0d28f91a2bfaa3b1660958efb73ed377510061967eae30ed85ef74bfb0697,included,housing_social_welfare_leaf,1.0.0,social_welfare,1.0.0,utility,tenant_2,tenant_2,291.87,utility_points,"{""disagreement_utility"":0.0}",ok,valid,[],"[""event_00000130""]",evaluation_receipt,episode_attempt_aecd049a4482eddc8193,82e0d28f91a2bfaa3b1660958efb73ed377510061967eae30ed85ef74bfb0697,true
result_8799f678385c1151b14c151a,runplan_fc2c35626b700671,cell_4b70e3d9e0fad6289944,housing_v1__experiment__000004,housing_v1,housing_controlled_model_landlords_experiment,episode_attempt_aecd049a4482eddc8193,82e0d28f91a2bfaa3b1660958efb73ed377510061967eae30ed85ef74bfb0697,included,housing_social_welfare_leaf,1.0.0,social_welfare,1.0.0,utility,tenant_3,tenant_3,115.81,utility_points,"{""disagreement_utility"":0.0}",ok,valid,[],"[""event_00000130""]",evaluation_receipt,episode_attempt_aecd049a4482eddc8193,82e0d28f91a2bfaa3b1660958efb73ed377510061967eae30ed85ef74bfb0697,true
result_cf1d52ebf33bd56dbea767bd,runplan_fc2c35626b700671,cell_4b70e3d9e0fad6289944,housing_v1__experiment__000004,housing_v1,housing_controlled_model_landlords_experiment,episode_attempt_aecd049a4482eddc8193,82e0d28f91a2bfaa3b1660958efb73ed377510061967eae30ed85ef74bfb0697,included,housing_social_welfare_leaf,1.0.0,social_welfare,1.0.0,utility,tenant_4,tenant_4,3299.64,utility_points,"{""disagreement_utility"":0.0}",ok,valid,[],"[""event_00000130""]",evaluation_receipt,episode_attempt_aecd049a4482eddc8193,82e0d28f91a2bfaa3b1660958efb73ed377510061967eae30ed85ef74bfb0697,true
result_dca71827ef22508585904014,runplan_fc2c35626b700671,cell_4b70e3d9e0fad6289944,housing_v1__experiment__000004,housing_v1,housing_controlled_model_landlords_experiment,episode_attempt_aecd049a4482eddc8193,82e0d28f91a2bfaa3b1660958efb73ed377510061967eae30ed85ef74bfb0697,included,housing_social_welfare_leaf,1.0.0,social_welfare,1.0.0,utility,tenant_5,tenant_5,0.0,utility_points,"{""disagreement_utility"":0.0}",ok,valid,[],"[""event_00000130""]",evaluation_receipt,episode_attempt_aecd049a4482eddc8193,82e0d28f91a2bfaa3b1660958efb73ed377510061967eae30ed85ef74bfb0697,true
result_b1f61959e19a6400e7bc0f3c,runplan_fc2c35626b700671,cell_4b70e3d9e0fad6289944,housing_v1__experiment__000004,housing_v1,housing_controlled_model_landlords_experiment,episode_attempt_aecd049a4482eddc8193,82e0d28f91a2bfaa3b1660958efb73ed377510061967eae30ed85ef74bfb0697,included,housing_social_welfare_leaf,1.0.0,social_welfare,1.0.0,capture,landlord_0,landlord_0,-2911.62,utility_points,"{""disagreement_utility"":0.0}",ok,valid,[],"[""event_00000130""]",evaluation_receipt,episode_attempt_aecd049a4482eddc8193,82e0d28f91a2bfaa3b1660958efb73ed377510061967eae30ed85ef74bfb0697,true
result_f653b3e86a7a35662c8f0e78,runplan_fc2c35626b700671,cell_4b70e3d9e0fad6289944,housing_v1__experiment__000004,housing_v1,housing_controlled_model_landlords_experiment,episode_attempt_aecd049a4482eddc8193,82e0d28f91a2bfaa3b1660958efb73ed377510061967eae30ed85ef74bfb0697,included,housing_social_welfare_leaf,1.0.0,social_welfare,1.0.0,capture,landlord_1,landlord_1,51.25,utility_points,"{""disagreement_utility"":0.0}",ok,valid,[],"[""event_00000130""]",evaluation_receipt,episode_attempt_aecd049a4482eddc8193,82e0d28f91a2bfaa3b1660958efb73ed377510061967eae30ed85ef74bfb0697,true
result_fc5191b937d2e7ee4c06089b,runplan_fc2c35626b700671,cell_4b70e3d9e0fad6289944,housing_v1__experiment__000004,housing_v1,housing_controlled_model_landlords_experiment,episode_attempt_aecd049a4482eddc8193,82e0d28f91a2bfaa3b1660958efb73ed377510061967eae30ed85ef74bfb0697,included,housing_social_welfare_leaf,1.0.0,social_welfare,1.0.0,capture,landlord_2,landlord_2,20.76,utility_points,"{""disagreement_utility"":0.0}",ok,valid,[],"[""event_00000130""]",evaluation_receipt,episode_attempt_aecd049a4482eddc8193,82e0d28f91a2bfaa3b1660958efb73ed377510061967eae30ed85ef74bfb0697,true
result_7dc90f504ac59d31166c8919,runplan_fc2c35626b700671,cell_4b70e3d9e0fad6289944,housing_v1__experiment__000004,housing_v1,housing_controlled_model_landlords_experiment,episode_attempt_aecd049a4482eddc8193,82e0d28f91a2bfaa3b1660958efb73ed377510061967eae30ed85ef74bfb0697,included,housing_social_welfare_leaf,1.0.0,social_welfare,1.0.0,capture,tenant_0,tenant_0,0.0,utility_points,"{""disagreement_utility"":0.0}",ok,valid,[],"[""event_00000130""]",evaluation_receipt,episode_attempt_aecd049a4482eddc8193,82e0d28f91a2bfaa3b1660958efb73ed377510061967eae30ed85ef74bfb0697,true
result_0d8833000a426d9012beca81,runplan_fc2c35626b700671,cell_4b70e3d9e0fad6289944,housing_v1__experiment__000004,housing_v1,housing_controlled_model_landlords_experiment,episode_attempt_aecd049a4482eddc8193,82e0d28f91a2bfaa3b1660958efb73ed377510061967eae30ed85ef74bfb0697,included,housing_social_welfare_leaf,1.0.0,social_welfare,1.0.0,capture,tenant_1,tenant_1,0.0,utility_points,"{""disagreement_utility"":0.0}",ok,valid,[],"[""event_00000130""]",evaluation_receipt,episode_attempt_aecd049a4482eddc8193,82e0d28f91a2bfaa3b1660958efb73ed377510061967eae30ed85ef74bfb0697,true
result_1a11a9fc67af54e7fe950b95,runplan_fc2c35626b700671,cell_4b70e3d9e0fad6289944,housing_v1__experiment__000004,housing_v1,housing_controlled_model_landlords_experiment,episode_attempt_aecd049a4482eddc8193,82e0d28f91a2bfaa3b1660958efb73ed377510061967eae30ed85ef74bfb0697,included,housing_social_welfare_leaf,1.0.0,social_welfare,1.0.0,capture,tenant_2,tenant_2,291.87,utility_points,"{""disagreement_utility"":0.0}",ok,valid,[],"[""event_00000130""]",evaluation_receipt,episode_attempt_aecd049a4482eddc8193,82e0d28f91a2bfaa3b1660958efb73ed377510061967eae30ed85ef74bfb0697,true
result_dd1f962ac65d778327afcf1d,runplan_fc2c35626b700671,cell_4b70e3d9e0fad6289944,housing_v1__experiment__000004,housing_v1,housing_controlled_model_landlords_experiment,episode_attempt_aecd049a4482eddc8193,82e0d28f91a2bfaa3b1660958efb73ed377510061967eae30ed85ef74bfb0697,included,housing_social_welfare_leaf,1.0.0,social_welfare,1.0.0,capture,tenant_3,tenant_3,115.81,utility_points,"{""disagreement_utility"":0.0}",ok,valid,[],"[""event_00000130""]",evaluation_receipt,episode_attempt_aecd049a4482eddc8193,82e0d28f91a2bfaa3b1660958efb73ed377510061967eae30ed85ef74bfb0697,true
result_254a986a2e74dffeb6f81a7d,runplan_fc2c35626b700671,cell_4b70e3d9e0fad6289944,housing_v1__experiment__000004,housing_v1,housing_controlled_model_landlords_experiment,episode_attempt_aecd049a4482eddc8193,82e0d28f91a2bfaa3b1660958efb73ed377510061967eae30ed85ef74bfb0697,included,housing_social_welfare_leaf,1.0.0,social_welfare,1.0.0,capture,tenant_4,tenant_4,3299.64,utility_points,"{""disagreement_utility"":0.0}",ok,valid,[],"[""event_00000130""]",evaluation_receipt,episode_attempt_aecd049a4482eddc8193,82e0d28f91a2bfaa3b1660958efb73ed377510061967eae30ed85ef74bfb0697,true
result_22d3075301dbe22f4a8c9e43,runplan_fc2c35626b700671,cell_4b70e3d9e0fad6289944,housing_v1__experiment__000004,housing_v1,housing_controlled_model_landlords_experiment,episode_attempt_aecd049a4482eddc8193,82e0d28f91a2bfaa3b1660958efb73ed377510061967eae30ed85ef74bfb0697,included,housing_social_welfare_leaf,1.0.0,social_welfare,1.0.0,capture,tenant_5,tenant_5,0.0,utility_points,"{""disagreement_utility"":0.0}",ok,valid,[],"[""event_00000130""]",evaluation_receipt,episode_attempt_aecd049a4482eddc8193,82e0d28f91a2bfaa3b1660958efb73ed377510061967eae30ed85ef74bfb0697,true
result_e47f042560d007beb13bb363,runplan_fc2c35626b700671,cell_72cd4f946badc9a3139b,housing_v1__experiment__000001,housing_v1,housing_controlled_model_landlords_experiment,episode_attempt_c223351ceaecd16cda69,bab0e0af906ea28407cf4fc192f2128c9f987c8f4fbde34719966ba7ebcb2b28,included,housing_social_welfare_leaf,1.0.0,social_welfare,1.0.0,primary,social_welfare,,1161.37,utility_points,{},ok,valid,[],"[""event_00000138""]",evaluation_receipt,episode_attempt_c223351ceaecd16cda69,bab0e0af906ea28407cf4fc192f2128c9f987c8f4fbde34719966ba7ebcb2b28,true
result_40f88879f9c79ff9c65f8190,runplan_fc2c35626b700671,cell_72cd4f946badc9a3139b,housing_v1__experiment__000001,housing_v1,housing_controlled_model_landlords_experiment,episode_attempt_c223351ceaecd16cda69,bab0e0af906ea28407cf4fc192f2128c9f987c8f4fbde34719966ba7ebcb2b28,included,housing_social_welfare_leaf,1.0.0,social_welfare,1.0.0,metric,comparison_baseline_gap,,131.62999999999988,utility_points,{},ok,valid,[],"[""event_00000138""]",evaluation_receipt,episode_attempt_c223351ceaecd16cda69,bab0e0af906ea28407cf4fc192f2128c9f987c8f4fbde34719966ba7ebcb2b28,true
result_6745ca3eaf68180342c7c5e4,runplan_fc2c35626b700671,cell_72cd4f946badc9a3139b,housing_v1__experiment__000001,housing_v1,housing_controlled_model_landlords_experiment,episode_attempt_c223351ceaecd16cda69,bab0e0af906ea28407cf4fc192f2128c9f987c8f4fbde34719966ba7ebcb2b28,included,housing_social_welfare_leaf,1.0.0,social_welfare,1.0.0,metric,ir_violation_count,,1.0,count,{},ok,valid,[],"[""event_00000138""]",evaluation_receipt,episode_attempt_c223351ceaecd16cda69,bab0e0af906ea28407cf4fc192f2128c9f987c8f4fbde34719966ba7ebcb2b28,true
result_9c56852a9a5940939c02b8e2,runplan_fc2c35626b700671,cell_72cd4f946badc9a3139b,housing_v1__experiment__000001,housing_v1,housing_controlled_model_landlords_experiment,episode_attempt_c223351ceaecd16cda69,bab0e0af906ea28407cf4fc192f2128c9f987c8f4fbde34719966ba7ebcb2b28,included,housing_social_welfare_leaf,1.0.0,social_welfare,1.0.0,metric,social_welfare,,1161.37,utility_points,{},ok,valid,[],"[""event_00000138""]",evaluation_receipt,episode_attempt_c223351ceaecd16cda69,bab0e0af906ea28407cf4fc192f2128c9f987c8f4fbde34719966ba7ebcb2b28,true
result_7073e3f668e04185c053d2dd,runplan_fc2c35626b700671,cell_72cd4f946badc9a3139b,housing_v1__experiment__000001,housing_v1,housing_controlled_model_landlords_experiment,episode_attempt_c223351ceaecd16cda69,bab0e0af906ea28407cf4fc192f2128c9f987c8f4fbde34719966ba7ebcb2b28,included,housing_social_welfare_leaf,1.0.0,social_welfare,1.0.0,metric,upper_bound_gap,,14.400000000000091,utility_points,{},ok,valid,[],"[""event_00000138""]",evaluation_receipt,episode_attempt_c223351ceaecd16cda69,bab0e0af906ea28407cf4fc192f2128c9f987c8f4fbde34719966ba7ebcb2b28,true
result_048ce524998c9da9beec8d0c,runplan_fc2c35626b700671,cell_72cd4f946badc9a3139b,housing_v1__experiment__000001,housing_v1,housing_controlled_model_landlords_experiment,episode_attempt_c223351ceaecd16cda69,bab0e0af906ea28407cf4fc192f2128c9f987c8f4fbde34719966ba7ebcb2b28,included,housing_social_welfare_leaf,1.0.0,social_welfare,1.0.0,metric,wasted_contacts,,3.0,count,{},ok,valid,[],"[""event_00000138""]",evaluation_receipt,episode_attempt_c223351ceaecd16cda69,bab0e0af906ea28407cf4fc192f2128c9f987c8f4fbde34719966ba7ebcb2b28,true
result_a582ae7c271c83838b67d707,runplan_fc2c35626b700671,cell_72cd4f946badc9a3139b,housing_v1__experiment__000001,housing_v1,housing_controlled_model_landlords_experiment,episode_attempt_c223351ceaecd16cda69,bab0e0af906ea28407cf4fc192f2128c9f987c8f4fbde34719966ba7ebcb2b28,included,housing_social_welfare_leaf,1.0.0,social_welfare,1.0.0,metric,within_case_score,,0.9877527067368618,ratio,{},ok,valid,[],"[""event_00000138""]",evaluation_receipt,episode_attempt_c223351ceaecd16cda69,bab0e0af906ea28407cf4fc192f2128c9f987c8f4fbde34719966ba7ebcb2b28,true
result_b756fcf283c546715c590f01,runplan_fc2c35626b700671,cell_72cd4f946badc9a3139b,housing_v1__experiment__000001,housing_v1,housing_controlled_model_landlords_experiment,episode_attempt_c223351ceaecd16cda69,bab0e0af906ea28407cf4fc192f2128c9f987c8f4fbde34719966ba7ebcb2b28,included,housing_social_welfare_leaf,1.0.0,social_welfare,1.0.0,reference,comparison_baseline,,1029.74,utility_points,"{""policy"":""naive"",""reference_kind"":""comparison_baseline""}",ok,valid,[],"[""event_00000138""]",evaluation_receipt,episode_attempt_c223351ceaecd16cda69,bab0e0af906ea28407cf4fc192f2128c9f987c8f4fbde34719966ba7ebcb2b28,true
result_63a383325b41ec122ab5359c,runplan_fc2c35626b700671,cell_72cd4f946badc9a3139b,housing_v1__experiment__000001,housing_v1,housing_controlled_model_landlords_experiment,episode_attempt_c223351ceaecd16cda69,bab0e0af906ea28407cf4fc192f2128c9f987c8f4fbde34719966ba7ebcb2b28,included,housing_social_welfare_leaf,1.0.0,social_welfare,1.0.0,reference,optimum_lower_bound,,0.0,utility_points,"{""policy"":""do_nothing"",""reference_kind"":""objective_lower_bound""}",ok,valid,[],"[""event_00000138""]",evaluation_receipt,episode_attempt_c223351ceaecd16cda69,bab0e0af906ea28407cf4fc192f2128c9f987c8f4fbde34719966ba7ebcb2b28,true
result_6e7ba712b8cebaeede351b93,runplan_fc2c35626b700671,cell_72cd4f946badc9a3139b,housing_v1__experiment__000001,housing_v1,housing_controlled_model_landlords_experiment,episode_attempt_c223351ceaecd16cda69,bab0e0af906ea28407cf4fc192f2128c9f987c8f4fbde34719966ba7ebcb2b28,included,housing_social_welfare_leaf,1.0.0,social_welfare,1.0.0,reference,optimum_upper_bound,,1175.77,utility_points,"{""reference_kind"":""objective_upper_bound"",""semantics"":""full_information_allocation_relaxation""}",ok,valid,[],"[""event_00000138""]",evaluation_receipt,episode_attempt_c223351ceaecd16cda69,bab0e0af906ea28407cf4fc192f2128c9f987c8f4fbde34719966ba7ebcb2b28,true
result_4d5cf5dbe3dc840f40b0fb78,runplan_fc2c35626b700671,cell_72cd4f946badc9a3139b,housing_v1__experiment__000001,housing_v1,housing_controlled_model_landlords_experiment,episode_attempt_c223351ceaecd16cda69,bab0e0af906ea28407cf4fc192f2128c9f987c8f4fbde34719966ba7ebcb2b28,included,housing_social_welfare_leaf,1.0.0,social_welfare,1.0.0,utility,landlord_0,landlord_0,-2906.4,utility_points,"{""disagreement_utility"":0.0}",ok,valid,[],"[""event_00000138""]",evaluation_receipt,episode_attempt_c223351ceaecd16cda69,bab0e0af906ea28407cf4fc192f2128c9f987c8f4fbde34719966ba7ebcb2b28,true
result_cc2d6f20d0e63afcbb544d42,runplan_fc2c35626b700671,cell_72cd4f946badc9a3139b,housing_v1__experiment__000001,housing_v1,housing_controlled_model_landlords_experiment,episode_attempt_c223351ceaecd16cda69,bab0e0af906ea28407cf4fc192f2128c9f987c8f4fbde34719966ba7ebcb2b28,included,housing_social_welfare_leaf,1.0.0,social_welfare,1.0.0,utility,landlord_1,landlord_1,58.62,utility_points,"{""disagreement_utility"":0.0}",ok,valid,[],"[""event_00000138""]",evaluation_receipt,episode_attempt_c223351ceaecd16cda69,bab0e0af906ea28407cf4fc192f2128c9f987c8f4fbde34719966ba7ebcb2b28,true
result_5b6f72ec2120cd1016332477,runplan_fc2c35626b700671,cell_72cd4f946badc9a3139b,housing_v1__experiment__000001,housing_v1,housing_controlled_model_landlords_experiment,episode_attempt_c223351ceaecd16cda69,bab0e0af906ea28407cf4fc192f2128c9f987c8f4fbde34719966ba7ebcb2b28,included,housing_social_welfare_leaf,1.0.0,social_welfare,1.0.0,utility,landlord_2,landlord_2,75.36,utility_points,"{""disagreement_utility"":0.0}",ok,valid,[],"[""event_00000138""]",evaluation_receipt,episode_attempt_c223351ceaecd16cda69,bab0e0af906ea28407cf4fc192f2128c9f987c8f4fbde34719966ba7ebcb2b28,true
result_50ff8107f98d70ba5fd28233,runplan_fc2c35626b700671,cell_72cd4f946badc9a3139b,housing_v1__experiment__000001,housing_v1,housing_controlled_model_landlords_experiment,episode_attempt_c223351ceaecd16cda69,bab0e0af906ea28407cf4fc192f2128c9f987c8f4fbde34719966ba7ebcb2b28,included,housing_social_welfare_leaf,1.0.0,social_welfare,1.0.0,utility,tenant_0,tenant_0,0.0,utility_points,"{""disagreement_utility"":0.0}",ok,valid,[],"[""event_00000138""]",evaluation_receipt,episode_attempt_c223351ceaecd16cda69,bab0e0af906ea28407cf4fc192f2128c9f987c8f4fbde34719966ba7ebcb2b28,true
result_92819821f7f2cc829dfd6f6f,runplan_fc2c35626b700671,cell_72cd4f946badc9a3139b,housing_v1__experiment__000001,housing_v1,housing_controlled_model_landlords_experiment,episode_attempt_c223351ceaecd16cda69,bab0e0af906ea28407cf4fc192f2128c9f987c8f4fbde34719966ba7ebcb2b28,included,housing_social_welfare_leaf,1.0.0,social_welfare,1.0.0,utility,tenant_1,tenant_1,300.62,utility_points,"{""disagreement_utility"":0.0}",ok,valid,[],"[""event_00000138""]",evaluation_receipt,episode_attempt_c223351ceaecd16cda69,bab0e0af906ea28407cf4fc192f2128c9f987c8f4fbde34719966ba7ebcb2b28,true
result_f8d3eb6ff3ac79e6eb51d4aa,runplan_fc2c35626b700671,cell_72cd4f946badc9a3139b,housing_v1__experiment__000001,housing_v1,housing_controlled_model_landlords_experiment,episode_attempt_c223351ceaecd16cda69,bab0e0af906ea28407cf4fc192f2128c9f987c8f4fbde34719966ba7ebcb2b28,included,housing_social_welfare_leaf,1.0.0,social_welfare,1.0.0,utility,tenant_2,tenant_2,243.25,utility_points,"{""disagreement_utility"":0.0}",ok,valid,[],"[""event_00000138""]",evaluation_receipt,episode_attempt_c223351ceaecd16cda69,bab0e0af906ea28407cf4fc192f2128c9f987c8f4fbde34719966ba7ebcb2b28,true
result_3fd4bf7f8c324a639b6e4e98,runplan_fc2c35626b700671,cell_72cd4f946badc9a3139b,housing_v1__experiment__000001,housing_v1,housing_controlled_model_landlords_experiment,episode_attempt_c223351ceaecd16cda69,bab0e0af906ea28407cf4fc192f2128c9f987c8f4fbde34719966ba7ebcb2b28,included,housing_social_welfare_leaf,1.0.0,social_welfare,1.0.0,utility,tenant_3,tenant_3,0.0,utility_points,"{""disagreement_utility"":0.0}",ok,valid,[],"[""event_00000138""]",evaluation_receipt,episode_attempt_c223351ceaecd16cda69,bab0e0af906ea28407cf4fc192f2128c9f987c8f4fbde34719966ba7ebcb2b28,true
result_0192a60df765e94178a06b60,runplan_fc2c35626b700671,cell_72cd4f946badc9a3139b,housing_v1__experiment__000001,housing_v1,housing_controlled_model_landlords_experiment,episode_attempt_c223351ceaecd16cda69,bab0e0af906ea28407cf4fc192f2128c9f987c8f4fbde34719966ba7ebcb2b28,included,housing_social_welfare_leaf,1.0.0,social_welfare,1.0.0,utility,tenant_4,tenant_4,3389.92,utility_points,"{""disagreement_utility"":0.0}",ok,valid,[],"[""event_00000138""]",evaluation_receipt,episode_attempt_c223351ceaecd16cda69,bab0e0af906ea28407cf4fc192f2128c9f987c8f4fbde34719966ba7ebcb2b28,true
result_756245cf06bc119189c8c9fd,runplan_fc2c35626b700671,cell_72cd4f946badc9a3139b,housing_v1__experiment__000001,housing_v1,housing_controlled_model_landlords_experiment,episode_attempt_c223351ceaecd16cda69,bab0e0af906ea28407cf4fc192f2128c9f987c8f4fbde34719966ba7ebcb2b28,included,housing_social_welfare_leaf,1.0.0,social_welfare,1.0.0,utility,tenant_5,tenant_5,0.0,utility_points,"{""disagreement_utility"":0.0}",ok,valid,[],"[""event_00000138""]",evaluation_receipt,episode_attempt_c223351ceaecd16cda69,bab0e0af906ea28407cf4fc192f2128c9f987c8f4fbde34719966ba7ebcb2b28,true
result_d79c335fea4508233574fac0,runplan_fc2c35626b700671,cell_72cd4f946badc9a3139b,housing_v1__experiment__000001,housing_v1,housing_controlled_model_landlords_experiment,episode_attempt_c223351ceaecd16cda69,bab0e0af906ea28407cf4fc192f2128c9f987c8f4fbde34719966ba7ebcb2b28,included,housing_social_welfare_leaf,1.0.0,social_welfare,1.0.0,capture,landlord_0,landlord_0,-2906.4,utility_points,"{""disagreement_utility"":0.0}",ok,valid,[],"[""event_00000138""]",evaluation_receipt,episode_attempt_c223351ceaecd16cda69,bab0e0af906ea28407cf4fc192f2128c9f987c8f4fbde34719966ba7ebcb2b28,true
result_758fd83313a1add9120abadb,runplan_fc2c35626b700671,cell_72cd4f946badc9a3139b,housing_v1__experiment__000001,housing_v1,housing_controlled_model_landlords_experiment,episode_attempt_c223351ceaecd16cda69,bab0e0af906ea28407cf4fc192f2128c9f987c8f4fbde34719966ba7ebcb2b28,included,housing_social_welfare_leaf,1.0.0,social_welfare,1.0.0,capture,landlord_1,landlord_1,58.62,utility_points,"{""disagreement_utility"":0.0}",ok,valid,[],"[""event_00000138""]",evaluation_receipt,episode_attempt_c223351ceaecd16cda69,bab0e0af906ea28407cf4fc192f2128c9f987c8f4fbde34719966ba7ebcb2b28,true
result_d99c5e76c6e44235e110ae02,runplan_fc2c35626b700671,cell_72cd4f946badc9a3139b,housing_v1__experiment__000001,housing_v1,housing_controlled_model_landlords_experiment,episode_attempt_c223351ceaecd16cda69,bab0e0af906ea28407cf4fc192f2128c9f987c8f4fbde34719966ba7ebcb2b28,included,housing_social_welfare_leaf,1.0.0,social_welfare,1.0.0,capture,landlord_2,landlord_2,75.36,utility_points,"{""disagreement_utility"":0.0}",ok,valid,[],"[""event_00000138""]",evaluation_receipt,episode_attempt_c223351ceaecd16cda69,bab0e0af906ea28407cf4fc192f2128c9f987c8f4fbde34719966ba7ebcb2b28,true
result_52b8dd752cbf923c59d30d01,runplan_fc2c35626b700671,cell_72cd4f946badc9a3139b,housing_v1__experiment__000001,housing_v1,housing_controlled_model_landlords_experiment,episode_attempt_c223351ceaecd16cda69,bab0e0af906ea28407cf4fc192f2128c9f987c8f4fbde34719966ba7ebcb2b28,included,housing_social_welfare_leaf,1.0.0,social_welfare,1.0.0,capture,tenant_0,tenant_0,0.0,utility_points,"{""disagreement_utility"":0.0}",ok,valid,[],"[""event_00000138""]",evaluation_receipt,episode_attempt_c223351ceaecd16cda69,bab0e0af906ea28407cf4fc192f2128c9f987c8f4fbde34719966ba7ebcb2b28,true
result_99cdf7f5dc4fd599ae040adb,runplan_fc2c35626b700671,cell_72cd4f946badc9a3139b,housing_v1__experiment__000001,housing_v1,housing_controlled_model_landlords_experiment,episode_attempt_c223351ceaecd16cda69,bab0e0af906ea28407cf4fc192f2128c9f987c8f4fbde34719966ba7ebcb2b28,included,housing_social_welfare_leaf,1.0.0,social_welfare,1.0.0,capture,tenant_1,tenant_1,300.62,utility_points,"{""disagreement_utility"":0.0}",ok,valid,[],"[""event_00000138""]",evaluation_receipt,episode_attempt_c223351ceaecd16cda69,bab0e0af906ea28407cf4fc192f2128c9f987c8f4fbde34719966ba7ebcb2b28,true
result_d773489d8c512bea73a4276b,runplan_fc2c35626b700671,cell_72cd4f946badc9a3139b,housing_v1__experiment__000001,housing_v1,housing_controlled_model_landlords_experiment,episode_attempt_c223351ceaecd16cda69,bab0e0af906ea28407cf4fc192f2128c9f987c8f4fbde34719966ba7ebcb2b28,included,housing_social_welfare_leaf,1.0.0,social_welfare,1.0.0,capture,tenant_2,tenant_2,243.25,utility_points,"{""disagreement_utility"":0.0}",ok,valid,[],"[""event_00000138""]",evaluation_receipt,episode_attempt_c223351ceaecd16cda69,bab0e0af906ea28407cf4fc192f2128c9f987c8f4fbde34719966ba7ebcb2b28,true
result_b10cb1f6f4fe9ea515d4b75d,runplan_fc2c35626b700671,cell_72cd4f946badc9a3139b,housing_v1__experiment__000001,housing_v1,housing_controlled_model_landlords_experiment,episode_attempt_c223351ceaecd16cda69,bab0e0af906ea28407cf4fc192f2128c9f987c8f4fbde34719966ba7ebcb2b28,included,housing_social_welfare_leaf,1.0.0,social_welfare,1.0.0,capture,tenant_3,tenant_3,0.0,utility_points,"{""disagreement_utility"":0.0}",ok,valid,[],"[""event_00000138""]",evaluation_receipt,episode_attempt_c223351ceaecd16cda69,bab0e0af906ea28407cf4fc192f2128c9f987c8f4fbde34719966ba7ebcb2b28,true
result_c9a5cc09c404aec1f8874963,runplan_fc2c35626b700671,cell_72cd4f946badc9a3139b,housing_v1__experiment__000001,housing_v1,housing_controlled_model_landlords_experiment,episode_attempt_c223351ceaecd16cda69,bab0e0af906ea28407cf4fc192f2128c9f987c8f4fbde34719966ba7ebcb2b28,included,housing_social_welfare_leaf,1.0.0,social_welfare,1.0.0,capture,tenant_4,tenant_4,3389.92,utility_points,"{""disagreement_utility"":0.0}",ok,valid,[],"[""event_00000138""]",evaluation_receipt,episode_attempt_c223351ceaecd16cda69,bab0e0af906ea28407cf4fc192f2128c9f987c8f4fbde34719966ba7ebcb2b28,true
result_fcc00913dd725ab100ab3f29,runplan_fc2c35626b700671,cell_72cd4f946badc9a3139b,housing_v1__experiment__000001,housing_v1,housing_controlled_model_landlords_experiment,episode_attempt_c223351ceaecd16cda69,bab0e0af906ea28407cf4fc192f2128c9f987c8f4fbde34719966ba7ebcb2b28,included,housing_social_welfare_leaf,1.0.0,social_welfare,1.0.0,capture,tenant_5,tenant_5,0.0,utility_points,"{""disagreement_utility"":0.0}",ok,valid,[],"[""event_00000138""]",evaluation_receipt,episode_attempt_c223351ceaecd16cda69,bab0e0af906ea28407cf4fc192f2128c9f987c8f4fbde34719966ba7ebcb2b28,true
result_b522da8b05c6e83218aa9093,runplan_fc2c35626b700671,cell_7e65ad39bd1f7715de90,housing_v1__experiment__000002,housing_v1,housing_controlled_model_landlords_experiment,episode_attempt_d60161c8c876109b480b,ae2113574272fb77b9f80f429a50b296db89085037b325662ed5581d4ad0f9bf,included,housing_social_welfare_leaf,1.0.0,social_welfare,1.0.0,primary,social_welfare,,1627.19,utility_points,{},ok,valid,[],"[""event_00000130""]",evaluation_receipt,episode_attempt_d60161c8c876109b480b,ae2113574272fb77b9f80f429a50b296db89085037b325662ed5581d4ad0f9bf,true
result_2df36826f2973b8ca8059e82,runplan_fc2c35626b700671,cell_7e65ad39bd1f7715de90,housing_v1__experiment__000002,housing_v1,housing_controlled_model_landlords_experiment,episode_attempt_d60161c8c876109b480b,ae2113574272fb77b9f80f429a50b296db89085037b325662ed5581d4ad0f9bf,included,housing_social_welfare_leaf,1.0.0,social_welfare,1.0.0,metric,comparison_baseline_gap,,231.77999999999997,utility_points,{},ok,valid,[],"[""event_00000130""]",evaluation_receipt,episode_attempt_d60161c8c876109b480b,ae2113574272fb77b9f80f429a50b296db89085037b325662ed5581d4ad0f9bf,true
result_a346718712024d234aa96342,runplan_fc2c35626b700671,cell_7e65ad39bd1f7715de90,housing_v1__experiment__000002,housing_v1,housing_controlled_model_landlords_experiment,episode_attempt_d60161c8c876109b480b,ae2113574272fb77b9f80f429a50b296db89085037b325662ed5581d4ad0f9bf,included,housing_social_welfare_leaf,1.0.0,social_welfare,1.0.0,metric,ir_violation_count,,0.0,count,{},ok,valid,[],"[""event_00000130""]",evaluation_receipt,episode_attempt_d60161c8c876109b480b,ae2113574272fb77b9f80f429a50b296db89085037b325662ed5581d4ad0f9bf,true
result_74f7c68a01b9c3a8ad5c4227,runplan_fc2c35626b700671,cell_7e65ad39bd1f7715de90,housing_v1__experiment__000002,housing_v1,housing_controlled_model_landlords_experiment,episode_attempt_d60161c8c876109b480b,ae2113574272fb77b9f80f429a50b296db89085037b325662ed5581d4ad0f9bf,included,housing_social_welfare_leaf,1.0.0,social_welfare,1.0.0,metric,social_welfare,,1627.19,utility_points,{},ok,valid,[],"[""event_00000130""]",evaluation_receipt,episode_attempt_d60161c8c876109b480b,ae2113574272fb77b9f80f429a50b296db89085037b325662ed5581d4ad0f9bf,true
result_7417450736d304fde75a9dd5,runplan_fc2c35626b700671,cell_7e65ad39bd1f7715de90,housing_v1__experiment__000002,housing_v1,housing_controlled_model_landlords_experiment,episode_attempt_d60161c8c876109b480b,ae2113574272fb77b9f80f429a50b296db89085037b325662ed5581d4ad0f9bf,included,housing_social_welfare_leaf,1.0.0,social_welfare,1.0.0,metric,upper_bound_gap,,142.1199999999999,utility_points,{},ok,valid,[],"[""event_00000130""]",evaluation_receipt,episode_attempt_d60161c8c876109b480b,ae2113574272fb77b9f80f429a50b296db89085037b325662ed5581d4ad0f9bf,true
result_4d22084130b4d1c9c893ee71,runplan_fc2c35626b700671,cell_7e65ad39bd1f7715de90,housing_v1__experiment__000002,housing_v1,housing_controlled_model_landlords_experiment,episode_attempt_d60161c8c876109b480b,ae2113574272fb77b9f80f429a50b296db89085037b325662ed5581d4ad0f9bf,included,housing_social_welfare_leaf,1.0.0,social_welfare,1.0.0,metric,wasted_contacts,,3.0,count,{},ok,valid,[],"[""event_00000130""]",evaluation_receipt,episode_attempt_d60161c8c876109b480b,ae2113574272fb77b9f80f429a50b296db89085037b325662ed5581d4ad0f9bf,true
result_998e96b9c861a94c2e9ec73d,runplan_fc2c35626b700671,cell_7e65ad39bd1f7715de90,housing_v1__experiment__000002,housing_v1,housing_controlled_model_landlords_experiment,episode_attempt_d60161c8c876109b480b,ae2113574272fb77b9f80f429a50b296db89085037b325662ed5581d4ad0f9bf,included,housing_social_welfare_leaf,1.0.0,social_welfare,1.0.0,metric,within_case_score,,0.91967490151528,ratio,{},ok,valid,[],"[""event_00000130""]",evaluation_receipt,episode_attempt_d60161c8c876109b480b,ae2113574272fb77b9f80f429a50b296db89085037b325662ed5581d4ad0f9bf,true
result_e479d78794703f9d08d20062,runplan_fc2c35626b700671,cell_7e65ad39bd1f7715de90,housing_v1__experiment__000002,housing_v1,housing_controlled_model_landlords_experiment,episode_attempt_d60161c8c876109b480b,ae2113574272fb77b9f80f429a50b296db89085037b325662ed5581d4ad0f9bf,included,housing_social_welfare_leaf,1.0.0,social_welfare,1.0.0,reference,comparison_baseline,,1395.41,utility_points,"{""policy"":""naive"",""reference_kind"":""comparison_baseline""}",ok,valid,[],"[""event_00000130""]",evaluation_receipt,episode_attempt_d60161c8c876109b480b,ae2113574272fb77b9f80f429a50b296db89085037b325662ed5581d4ad0f9bf,true
result_5ad7b01993596c42ee43afce,runplan_fc2c35626b700671,cell_7e65ad39bd1f7715de90,housing_v1__experiment__000002,housing_v1,housing_controlled_model_landlords_experiment,episode_attempt_d60161c8c876109b480b,ae2113574272fb77b9f80f429a50b296db89085037b325662ed5581d4ad0f9bf,included,housing_social_welfare_leaf,1.0.0,social_welfare,1.0.0,reference,optimum_lower_bound,,0.0,utility_points,"{""policy"":""do_nothing"",""reference_kind"":""objective_lower_bound""}",ok,valid,[],"[""event_00000130""]",evaluation_receipt,episode_attempt_d60161c8c876109b480b,ae2113574272fb77b9f80f429a50b296db89085037b325662ed5581d4ad0f9bf,true
result_9e994f10b2cdf25a82edf68a,runplan_fc2c35626b700671,cell_7e65ad39bd1f7715de90,housing_v1__experiment__000002,housing_v1,housing_controlled_model_landlords_experiment,episode_attempt_d60161c8c876109b480b,ae2113574272fb77b9f80f429a50b296db89085037b325662ed5581d4ad0f9bf,included,housing_social_welfare_leaf,1.0.0,social_welfare,1.0.0,reference,optimum_upper_bound,,1769.31,utility_points,"{""reference_kind"":""objective_upper_bound"",""semantics"":""full_information_allocation_relaxation""}",ok,valid,[],"[""event_00000130""]",evaluation_receipt,episode_attempt_d60161c8c876109b480b,ae2113574272fb77b9f80f429a50b296db89085037b325662ed5581d4ad0f9bf,true
result_ff10995081bf0f08f2470b83,runplan_fc2c35626b700671,cell_7e65ad39bd1f7715de90,housing_v1__experiment__000002,housing_v1,housing_controlled_model_landlords_experiment,episode_attempt_d60161c8c876109b480b,ae2113574272fb77b9f80f429a50b296db89085037b325662ed5581d4ad0f9bf,included,housing_social_welfare_leaf,1.0.0,social_welfare,1.0.0,utility,landlord_0,landlord_0,25.2,utility_points,"{""disagreement_utility"":0.0}",ok,valid,[],"[""event_00000130""]",evaluation_receipt,episode_attempt_d60161c8c876109b480b,ae2113574272fb77b9f80f429a50b296db89085037b325662ed5581d4ad0f9bf,true
result_26393e2248e56b4d43d55d18,runplan_fc2c35626b700671,cell_7e65ad39bd1f7715de90,housing_v1__experiment__000002,housing_v1,housing_controlled_model_landlords_experiment,episode_attempt_d60161c8c876109b480b,ae2113574272fb77b9f80f429a50b296db89085037b325662ed5581d4ad0f9bf,included,housing_social_welfare_leaf,1.0.0,social_welfare,1.0.0,utility,landlord_1,landlord_1,437.87,utility_points,"{""disagreement_utility"":0.0}",ok,valid,[],"[""event_00000130""]",evaluation_receipt,episode_attempt_d60161c8c876109b480b,ae2113574272fb77b9f80f429a50b296db89085037b325662ed5581d4ad0f9bf,true
result_9a8ced8fe5c41893f71bd04c,runplan_fc2c35626b700671,cell_7e65ad39bd1f7715de90,housing_v1__experiment__000002,housing_v1,housing_controlled_model_landlords_experiment,episode_attempt_d60161c8c876109b480b,ae2113574272fb77b9f80f429a50b296db89085037b325662ed5581d4ad0f9bf,included,housing_social_welfare_leaf,1.0.0,social_welfare,1.0.0,utility,landlord_2,landlord_2,55.43,utility_points,"{""disagreement_utility"":0.0}",ok,valid,[],"[""event_00000130""]",evaluation_receipt,episode_attempt_d60161c8c876109b480b,ae2113574272fb77b9f80f429a50b296db89085037b325662ed5581d4ad0f9bf,true
result_9d00d2529440a8688a8886e3,runplan_fc2c35626b700671,cell_7e65ad39bd1f7715de90,housing_v1__experiment__000002,housing_v1,housing_controlled_model_landlords_experiment,episode_attempt_d60161c8c876109b480b,ae2113574272fb77b9f80f429a50b296db89085037b325662ed5581d4ad0f9bf,included,housing_social_welfare_leaf,1.0.0,social_welfare,1.0.0,utility,tenant_0,tenant_0,0.0,utility_points,"{""disagreement_utility"":0.0}",ok,valid,[],"[""event_00000130""]",evaluation_receipt,episode_attempt_d60161c8c876109b480b,ae2113574272fb77b9f80f429a50b296db89085037b325662ed5581d4ad0f9bf,true
result_94eb87588c1ef6b07e1d2530,runplan_fc2c35626b700671,cell_7e65ad39bd1f7715de90,housing_v1__experiment__000002,housing_v1,housing_controlled_model_landlords_experiment,episode_attempt_d60161c8c876109b480b,ae2113574272fb77b9f80f429a50b296db89085037b325662ed5581d4ad0f9bf,included,housing_social_welfare_leaf,1.0.0,social_welfare,1.0.0,utility,tenant_1,tenant_1,401.66,utility_points,"{""disagreement_utility"":0.0}",ok,valid,[],"[""event_00000130""]",evaluation_receipt,episode_attempt_d60161c8c876109b480b,ae2113574272fb77b9f80f429a50b296db89085037b325662ed5581d4ad0f9bf,true
result_76a802e21cfad5c47ab59137,runplan_fc2c35626b700671,cell_7e65ad39bd1f7715de90,housing_v1__experiment__000002,housing_v1,housing_controlled_model_landlords_experiment,episode_attempt_d60161c8c876109b480b,ae2113574272fb77b9f80f429a50b296db89085037b325662ed5581d4ad0f9bf,included,housing_social_welfare_leaf,1.0.0,social_welfare,1.0.0,utility,tenant_2,tenant_2,570.42,utility_points,"{""disagreement_utility"":0.0}",ok,valid,[],"[""event_00000130""]",evaluation_receipt,episode_attempt_d60161c8c876109b480b,ae2113574272fb77b9f80f429a50b296db89085037b325662ed5581d4ad0f9bf,true
result_8bb590eda2cab501cff6c635,runplan_fc2c35626b700671,cell_7e65ad39bd1f7715de90,housing_v1__experiment__000002,housing_v1,housing_controlled_model_landlords_experiment,episode_attempt_d60161c8c876109b480b,ae2113574272fb77b9f80f429a50b296db89085037b325662ed5581d4ad0f9bf,included,housing_social_welfare_leaf,1.0.0,social_welfare,1.0.0,utility,tenant_3,tenant_3,0.0,utility_points,"{""disagreement_utility"":0.0}",ok,valid,[],"[""event_00000130""]",evaluation_receipt,episode_attempt_d60161c8c876109b480b,ae2113574272fb77b9f80f429a50b296db89085037b325662ed5581d4ad0f9bf,true
result_1487fbe7ca970e26af3aefdb,runplan_fc2c35626b700671,cell_7e65ad39bd1f7715de90,housing_v1__experiment__000002,housing_v1,housing_controlled_model_landlords_experiment,episode_attempt_d60161c8c876109b480b,ae2113574272fb77b9f80f429a50b296db89085037b325662ed5581d4ad0f9bf,included,housing_social_welfare_leaf,1.0.0,social_welfare,1.0.0,utility,tenant_4,tenant_4,136.61,utility_points,"{""disagreement_utility"":0.0}",ok,valid,[],"[""event_00000130""]",evaluation_receipt,episode_attempt_d60161c8c876109b480b,ae2113574272fb77b9f80f429a50b296db89085037b325662ed5581d4ad0f9bf,true
result_b1256f9e598816bb628edd6d,runplan_fc2c35626b700671,cell_7e65ad39bd1f7715de90,housing_v1__experiment__000002,housing_v1,housing_controlled_model_landlords_experiment,episode_attempt_d60161c8c876109b480b,ae2113574272fb77b9f80f429a50b296db89085037b325662ed5581d4ad0f9bf,included,housing_social_welfare_leaf,1.0.0,social_welfare,1.0.0,utility,tenant_5,tenant_5,0.0,utility_points,"{""disagreement_utility"":0.0}",ok,valid,[],"[""event_00000130""]",evaluation_receipt,episode_attempt_d60161c8c876109b480b,ae2113574272fb77b9f80f429a50b296db89085037b325662ed5581d4ad0f9bf,true
result_1fd4c782de3c0b44859f0a22,runplan_fc2c35626b700671,cell_7e65ad39bd1f7715de90,housing_v1__experiment__000002,housing_v1,housing_controlled_model_landlords_experiment,episode_attempt_d60161c8c876109b480b,ae2113574272fb77b9f80f429a50b296db89085037b325662ed5581d4ad0f9bf,included,housing_social_welfare_leaf,1.0.0,social_welfare,1.0.0,capture,landlord_0,landlord_0,25.2,utility_points,"{""disagreement_utility"":0.0}",ok,valid,[],"[""event_00000130""]",evaluation_receipt,episode_attempt_d60161c8c876109b480b,ae2113574272fb77b9f80f429a50b296db89085037b325662ed5581d4ad0f9bf,true
result_f132b864f5eaa406f58a85f2,runplan_fc2c35626b700671,cell_7e65ad39bd1f7715de90,housing_v1__experiment__000002,housing_v1,housing_controlled_model_landlords_experiment,episode_attempt_d60161c8c876109b480b,ae2113574272fb77b9f80f429a50b296db89085037b325662ed5581d4ad0f9bf,included,housing_social_welfare_leaf,1.0.0,social_welfare,1.0.0,capture,landlord_1,landlord_1,437.87,utility_points,"{""disagreement_utility"":0.0}",ok,valid,[],"[""event_00000130""]",evaluation_receipt,episode_attempt_d60161c8c876109b480b,ae2113574272fb77b9f80f429a50b296db89085037b325662ed5581d4ad0f9bf,true
result_7f08abc300bd52a9e7024c4c,runplan_fc2c35626b700671,cell_7e65ad39bd1f7715de90,housing_v1__experiment__000002,housing_v1,housing_controlled_model_landlords_experiment,episode_attempt_d60161c8c876109b480b,ae2113574272fb77b9f80f429a50b296db89085037b325662ed5581d4ad0f9bf,included,housing_social_welfare_leaf,1.0.0,social_welfare,1.0.0,capture,landlord_2,landlord_2,55.43,utility_points,"{""disagreement_utility"":0.0}",ok,valid,[],"[""event_00000130""]",evaluation_receipt,episode_attempt_d60161c8c876109b480b,ae2113574272fb77b9f80f429a50b296db89085037b325662ed5581d4ad0f9bf,true
result_90317d5230789213c979bfd9,runplan_fc2c35626b700671,cell_7e65ad39bd1f7715de90,housing_v1__experiment__000002,housing_v1,housing_controlled_model_landlords_experiment,episode_attempt_d60161c8c876109b480b,ae2113574272fb77b9f80f429a50b296db89085037b325662ed5581d4ad0f9bf,included,housing_social_welfare_leaf,1.0.0,social_welfare,1.0.0,capture,tenant_0,tenant_0,0.0,utility_points,"{""disagreement_utility"":0.0}",ok,valid,[],"[""event_00000130""]",evaluation_receipt,episode_attempt_d60161c8c876109b480b,ae2113574272fb77b9f80f429a50b296db89085037b325662ed5581d4ad0f9bf,true
result_5ce8775d417106c3d4f09710,runplan_fc2c35626b700671,cell_7e65ad39bd1f7715de90,housing_v1__experiment__000002,housing_v1,housing_controlled_model_landlords_experiment,episode_attempt_d60161c8c876109b480b,ae2113574272fb77b9f80f429a50b296db89085037b325662ed5581d4ad0f9bf,included,housing_social_welfare_leaf,1.0.0,social_welfare,1.0.0,capture,tenant_1,tenant_1,401.66,utility_points,"{""disagreement_utility"":0.0}",ok,valid,[],"[""event_00000130""]",evaluation_receipt,episode_attempt_d60161c8c876109b480b,ae2113574272fb77b9f80f429a50b296db89085037b325662ed5581d4ad0f9bf,true
result_588a5f12c0e84a7cbce03c6a,runplan_fc2c35626b700671,cell_7e65ad39bd1f7715de90,housing_v1__experiment__000002,housing_v1,housing_controlled_model_landlords_experiment,episode_attempt_d60161c8c876109b480b,ae2113574272fb77b9f80f429a50b296db89085037b325662ed5581d4ad0f9bf,included,housing_social_welfare_leaf,1.0.0,social_welfare,1.0.0,capture,tenant_2,tenant_2,570.42,utility_points,"{""disagreement_utility"":0.0}",ok,valid,[],"[""event_00000130""]",evaluation_receipt,episode_attempt_d60161c8c876109b480b,ae2113574272fb77b9f80f429a50b296db89085037b325662ed5581d4ad0f9bf,true
result_6714422fa3398295ed9e950d,runplan_fc2c35626b700671,cell_7e65ad39bd1f7715de90,housing_v1__experiment__000002,housing_v1,housing_controlled_model_landlords_experiment,episode_attempt_d60161c8c876109b480b,ae2113574272fb77b9f80f429a50b296db89085037b325662ed5581d4ad0f9bf,included,housing_social_welfare_leaf,1.0.0,social_welfare,1.0.0,capture,tenant_3,tenant_3,0.0,utility_points,"{""disagreement_utility"":0.0}",ok,valid,[],"[""event_00000130""]",evaluation_receipt,episode_attempt_d60161c8c876109b480b,ae2113574272fb77b9f80f429a50b296db89085037b325662ed5581d4ad0f9bf,true
result_c50f448aa86f47f1b27ac8cd,runplan_fc2c35626b700671,cell_7e65ad39bd1f7715de90,housing_v1__experiment__000002,housing_v1,housing_controlled_model_landlords_experiment,episode_attempt_d60161c8c876109b480b,ae2113574272fb77b9f80f429a50b296db89085037b325662ed5581d4ad0f9bf,included,housing_social_welfare_leaf,1.0.0,social_welfare,1.0.0,capture,tenant_4,tenant_4,136.61,utility_points,"{""disagreement_utility"":0.0}",ok,valid,[],"[""event_00000130""]",evaluation_receipt,episode_attempt_d60161c8c876109b480b,ae2113574272fb77b9f80f429a50b296db89085037b325662ed5581d4ad0f9bf,true
result_a48ee99eb7a5fca7b813ee5a,runplan_fc2c35626b700671,cell_7e65ad39bd1f7715de90,housing_v1__experiment__000002,housing_v1,housing_controlled_model_landlords_experiment,episode_attempt_d60161c8c876109b480b,ae2113574272fb77b9f80f429a50b296db89085037b325662ed5581d4ad0f9bf,included,housing_social_welfare_leaf,1.0.0,social_welfare,1.0.0,capture,tenant_5,tenant_5,0.0,utility_points,"{""disagreement_utility"":0.0}",ok,valid,[],"[""event_00000130""]",evaluation_receipt,episode_attempt_d60161c8c876109b480b,ae2113574272fb77b9f80f429a50b296db89085037b325662ed5581d4ad0f9bf,true
result_286b16c5c69a893f9ca580bf,runplan_fc2c35626b700671,cell_983997305949cb199a74,housing_v1__experiment__000008,housing_v1,housing_controlled_model_landlords_experiment,episode_attempt_514e3a208b7e0f9647e3,fa9e393fd40cb599d83fc68bd5f433374eb5f3180b9245b14a43cd32f639178b,included,housing_social_welfare_leaf,1.0.0,social_welfare,1.0.0,primary,social_welfare,,1610.49,utility_points,{},ok,valid,[],"[""event_00000136""]",evaluation_receipt,episode_attempt_514e3a208b7e0f9647e3,fa9e393fd40cb599d83fc68bd5f433374eb5f3180b9245b14a43cd32f639178b,true
result_d0a3568731abc0b3359fd0d5,runplan_fc2c35626b700671,cell_983997305949cb199a74,housing_v1__experiment__000008,housing_v1,housing_controlled_model_landlords_experiment,episode_attempt_514e3a208b7e0f9647e3,fa9e393fd40cb599d83fc68bd5f433374eb5f3180b9245b14a43cd32f639178b,included,housing_social_welfare_leaf,1.0.0,social_welfare,1.0.0,metric,comparison_baseline_gap,,0.0,utility_points,{},ok,valid,[],"[""event_00000136""]",evaluation_receipt,episode_attempt_514e3a208b7e0f9647e3,fa9e393fd40cb599d83fc68bd5f433374eb5f3180b9245b14a43cd32f639178b,true
result_d2f9791f28da85be7ee832b2,runplan_fc2c35626b700671,cell_983997305949cb199a74,housing_v1__experiment__000008,housing_v1,housing_controlled_model_landlords_experiment,episode_attempt_514e3a208b7e0f9647e3,fa9e393fd40cb599d83fc68bd5f433374eb5f3180b9245b14a43cd32f639178b,included,housing_social_welfare_leaf,1.0.0,social_welfare,1.0.0,metric,ir_violation_count,,0.0,count,{},ok,valid,[],"[""event_00000136""]",evaluation_receipt,episode_attempt_514e3a208b7e0f9647e3,fa9e393fd40cb599d83fc68bd5f433374eb5f3180b9245b14a43cd32f639178b,true
result_d2de0815fc04f289028f0982,runplan_fc2c35626b700671,cell_983997305949cb199a74,housing_v1__experiment__000008,housing_v1,housing_controlled_model_landlords_experiment,episode_attempt_514e3a208b7e0f9647e3,fa9e393fd40cb599d83fc68bd5f433374eb5f3180b9245b14a43cd32f639178b,included,housing_social_welfare_leaf,1.0.0,social_welfare,1.0.0,metric,social_welfare,,1610.49,utility_points,{},ok,valid,[],"[""event_00000136""]",evaluation_receipt,episode_attempt_514e3a208b7e0f9647e3,fa9e393fd40cb599d83fc68bd5f433374eb5f3180b9245b14a43cd32f639178b,true
result_0161ad4017aa10464029f09c,runplan_fc2c35626b700671,cell_983997305949cb199a74,housing_v1__experiment__000008,housing_v1,housing_controlled_model_landlords_experiment,episode_attempt_514e3a208b7e0f9647e3,fa9e393fd40cb599d83fc68bd5f433374eb5f3180b9245b14a43cd32f639178b,included,housing_social_welfare_leaf,1.0.0,social_welfare,1.0.0,metric,upper_bound_gap,,0.5,utility_points,{},ok,valid,[],"[""event_00000136""]",evaluation_receipt,episode_attempt_514e3a208b7e0f9647e3,fa9e393fd40cb599d83fc68bd5f433374eb5f3180b9245b14a43cd32f639178b,true
result_ed0354acd9581e9a2dfb5a06,runplan_fc2c35626b700671,cell_983997305949cb199a74,housing_v1__experiment__000008,housing_v1,housing_controlled_model_landlords_experiment,episode_attempt_514e3a208b7e0f9647e3,fa9e393fd40cb599d83fc68bd5f433374eb5f3180b9245b14a43cd32f639178b,included,housing_social_welfare_leaf,1.0.0,social_welfare,1.0.0,metric,wasted_contacts,,3.0,count,{},ok,valid,[],"[""event_00000136""]",evaluation_receipt,episode_attempt_514e3a208b7e0f9647e3,fa9e393fd40cb599d83fc68bd5f433374eb5f3180b9245b14a43cd32f639178b,true
result_bdbe1b284a75ca8be513920f,runplan_fc2c35626b700671,cell_983997305949cb199a74,housing_v1__experiment__000008,housing_v1,housing_controlled_model_landlords_experiment,episode_attempt_514e3a208b7e0f9647e3,fa9e393fd40cb599d83fc68bd5f433374eb5f3180b9245b14a43cd32f639178b,included,housing_social_welfare_leaf,1.0.0,social_welfare,1.0.0,metric,within_case_score,,0.9996896318412901,ratio,{},ok,valid,[],"[""event_00000136""]",evaluation_receipt,episode_attempt_514e3a208b7e0f9647e3,fa9e393fd40cb599d83fc68bd5f433374eb5f3180b9245b14a43cd32f639178b,true
result_d1b89219dfe28f330a54295a,runplan_fc2c35626b700671,cell_983997305949cb199a74,housing_v1__experiment__000008,housing_v1,housing_controlled_model_landlords_experiment,episode_attempt_514e3a208b7e0f9647e3,fa9e393fd40cb599d83fc68bd5f433374eb5f3180b9245b14a43cd32f639178b,included,housing_social_welfare_leaf,1.0.0,social_welfare,1.0.0,reference,comparison_baseline,,1610.49,utility_points,"{""policy"":""naive"",""reference_kind"":""comparison_baseline""}",ok,valid,[],"[""event_00000136""]",evaluation_receipt,episode_attempt_514e3a208b7e0f9647e3,fa9e393fd40cb599d83fc68bd5f433374eb5f3180b9245b14a43cd32f639178b,true
result_9785a1cdef1f97aa2d20e829,runplan_fc2c35626b700671,cell_983997305949cb199a74,housing_v1__experiment__000008,housing_v1,housing_controlled_model_landlords_experiment,episode_attempt_514e3a208b7e0f9647e3,fa9e393fd40cb599d83fc68bd5f433374eb5f3180b9245b14a43cd32f639178b,included,housing_social_welfare_leaf,1.0.0,social_welfare,1.0.0,reference,optimum_lower_bound,,0.0,utility_points,"{""policy"":""do_nothing"",""reference_kind"":""objective_lower_bound""}",ok,valid,[],"[""event_00000136""]",evaluation_receipt,episode_attempt_514e3a208b7e0f9647e3,fa9e393fd40cb599d83fc68bd5f433374eb5f3180b9245b14a43cd32f639178b,true
result_efeaab0cca3c812f08d037ff,runplan_fc2c35626b700671,cell_983997305949cb199a74,housing_v1__experiment__000008,housing_v1,housing_controlled_model_landlords_experiment,episode_attempt_514e3a208b7e0f9647e3,fa9e393fd40cb599d83fc68bd5f433374eb5f3180b9245b14a43cd32f639178b,included,housing_social_welfare_leaf,1.0.0,social_welfare,1.0.0,reference,optimum_upper_bound,,1610.99,utility_points,"{""reference_kind"":""objective_upper_bound"",""semantics"":""full_information_allocation_relaxation""}",ok,valid,[],"[""event_00000136""]",evaluation_receipt,episode_attempt_514e3a208b7e0f9647e3,fa9e393fd40cb599d83fc68bd5f433374eb5f3180b9245b14a43cd32f639178b,true
result_b7310b0cad7d02509fa3e625,runplan_fc2c35626b700671,cell_983997305949cb199a74,housing_v1__experiment__000008,housing_v1,housing_controlled_model_landlords_experiment,episode_attempt_514e3a208b7e0f9647e3,fa9e393fd40cb599d83fc68bd5f433374eb5f3180b9245b14a43cd32f639178b,included,housing_social_welfare_leaf,1.0.0,social_welfare,1.0.0,utility,landlord_0,landlord_0,37.7,utility_points,"{""disagreement_utility"":0.0}",ok,valid,[],"[""event_00000136""]",evaluation_receipt,episode_attempt_514e3a208b7e0f9647e3,fa9e393fd40cb599d83fc68bd5f433374eb5f3180b9245b14a43cd32f639178b,true
result_edf9d7620e9431744c174554,runplan_fc2c35626b700671,cell_983997305949cb199a74,housing_v1__experiment__000008,housing_v1,housing_controlled_model_landlords_experiment,episode_attempt_514e3a208b7e0f9647e3,fa9e393fd40cb599d83fc68bd5f433374eb5f3180b9245b14a43cd32f639178b,included,housing_social_welfare_leaf,1.0.0,social_welfare,1.0.0,utility,landlord_1,landlord_1,50.51,utility_points,"{""disagreement_utility"":0.0}",ok,valid,[],"[""event_00000136""]",evaluation_receipt,episode_attempt_514e3a208b7e0f9647e3,fa9e393fd40cb599d83fc68bd5f433374eb5f3180b9245b14a43cd32f639178b,true
result_6ab144c4e0eea1832daac5eb,runplan_fc2c35626b700671,cell_983997305949cb199a74,housing_v1__experiment__000008,housing_v1,housing_controlled_model_landlords_experiment,episode_attempt_514e3a208b7e0f9647e3,fa9e393fd40cb599d83fc68bd5f433374eb5f3180b9245b14a43cd32f639178b,included,housing_social_welfare_leaf,1.0.0,social_welfare,1.0.0,utility,landlord_2,landlord_2,41.3,utility_points,"{""disagreement_utility"":0.0}",ok,valid,[],"[""event_00000136""]",evaluation_receipt,episode_attempt_514e3a208b7e0f9647e3,fa9e393fd40cb599d83fc68bd5f433374eb5f3180b9245b14a43cd32f639178b,true
result_d65720dd666ffc27f1361ee0,runplan_fc2c35626b700671,cell_983997305949cb199a74,housing_v1__experiment__000008,housing_v1,housing_controlled_model_landlords_experiment,episode_attempt_514e3a208b7e0f9647e3,fa9e393fd40cb599d83fc68bd5f433374eb5f3180b9245b14a43cd32f639178b,included,housing_social_welfare_leaf,1.0.0,social_welfare,1.0.0,utility,tenant_0,tenant_0,625.19,utility_points,"{""disagreement_utility"":0.0}",ok,valid,[],"[""event_00000136""]",evaluation_receipt,episode_attempt_514e3a208b7e0f9647e3,fa9e393fd40cb599d83fc68bd5f433374eb5f3180b9245b14a43cd32f639178b,true
result_f5b7c161a51298267bb8d0fc,runplan_fc2c35626b700671,cell_983997305949cb199a74,housing_v1__experiment__000008,housing_v1,housing_controlled_model_landlords_experiment,episode_attempt_514e3a208b7e0f9647e3,fa9e393fd40cb599d83fc68bd5f433374eb5f3180b9245b14a43cd32f639178b,included,housing_social_welfare_leaf,1.0.0,social_welfare,1.0.0,utility,tenant_1,tenant_1,438.46,utility_points,"{""disagreement_utility"":0.0}",ok,valid,[],"[""event_00000136""]",evaluation_receipt,episode_attempt_514e3a208b7e0f9647e3,fa9e393fd40cb599d83fc68bd5f433374eb5f3180b9245b14a43cd32f639178b,true
result_e670fee8f0345d33b81a12a7,runplan_fc2c35626b700671,cell_983997305949cb199a74,housing_v1__experiment__000008,housing_v1,housing_controlled_model_landlords_experiment,episode_attempt_514e3a208b7e0f9647e3,fa9e393fd40cb599d83fc68bd5f433374eb5f3180b9245b14a43cd32f639178b,included,housing_social_welfare_leaf,1.0.0,social_welfare,1.0.0,utility,tenant_2,tenant_2,417.33,utility_points,"{""disagreement_utility"":0.0}",ok,valid,[],"[""event_00000136""]",evaluation_receipt,episode_attempt_514e3a208b7e0f9647e3,fa9e393fd40cb599d83fc68bd5f433374eb5f3180b9245b14a43cd32f639178b,true
result_36a723986a0545ddd7a1c3e6,runplan_fc2c35626b700671,cell_983997305949cb199a74,housing_v1__experiment__000008,housing_v1,housing_controlled_model_landlords_experiment,episode_attempt_514e3a208b7e0f9647e3,fa9e393fd40cb599d83fc68bd5f433374eb5f3180b9245b14a43cd32f639178b,included,housing_social_welfare_leaf,1.0.0,social_welfare,1.0.0,utility,tenant_3,tenant_3,0.0,utility_points,"{""disagreement_utility"":0.0}",ok,valid,[],"[""event_00000136""]",evaluation_receipt,episode_attempt_514e3a208b7e0f9647e3,fa9e393fd40cb599d83fc68bd5f433374eb5f3180b9245b14a43cd32f639178b,true
result_524f4b4c0c4ee82c139479c5,runplan_fc2c35626b700671,cell_983997305949cb199a74,housing_v1__experiment__000008,housing_v1,housing_controlled_model_landlords_experiment,episode_attempt_514e3a208b7e0f9647e3,fa9e393fd40cb599d83fc68bd5f433374eb5f3180b9245b14a43cd32f639178b,included,housing_social_welfare_leaf,1.0.0,social_welfare,1.0.0,utility,tenant_4,tenant_4,0.0,utility_points,"{""disagreement_utility"":0.0}",ok,valid,[],"[""event_00000136""]",evaluation_receipt,episode_attempt_514e3a208b7e0f9647e3,fa9e393fd40cb599d83fc68bd5f433374eb5f3180b9245b14a43cd32f639178b,true
result_09823add44772402ef9ee271,runplan_fc2c35626b700671,cell_983997305949cb199a74,housing_v1__experiment__000008,housing_v1,housing_controlled_model_landlords_experiment,episode_attempt_514e3a208b7e0f9647e3,fa9e393fd40cb599d83fc68bd5f433374eb5f3180b9245b14a43cd32f639178b,included,housing_social_welfare_leaf,1.0.0,social_welfare,1.0.0,utility,tenant_5,tenant_5,0.0,utility_points,"{""disagreement_utility"":0.0}",ok,valid,[],"[""event_00000136""]",evaluation_receipt,episode_attempt_514e3a208b7e0f9647e3,fa9e393fd40cb599d83fc68bd5f433374eb5f3180b9245b14a43cd32f639178b,true
result_41f58c10ed71e6482d225ab8,runplan_fc2c35626b700671,cell_983997305949cb199a74,housing_v1__experiment__000008,housing_v1,housing_controlled_model_landlords_experiment,episode_attempt_514e3a208b7e0f9647e3,fa9e393fd40cb599d83fc68bd5f433374eb5f3180b9245b14a43cd32f639178b,included,housing_social_welfare_leaf,1.0.0,social_welfare,1.0.0,capture,landlord_0,landlord_0,37.7,utility_points,"{""disagreement_utility"":0.0}",ok,valid,[],"[""event_00000136""]",evaluation_receipt,episode_attempt_514e3a208b7e0f9647e3,fa9e393fd40cb599d83fc68bd5f433374eb5f3180b9245b14a43cd32f639178b,true
result_04d86e42f796894a633530b0,runplan_fc2c35626b700671,cell_983997305949cb199a74,housing_v1__experiment__000008,housing_v1,housing_controlled_model_landlords_experiment,episode_attempt_514e3a208b7e0f9647e3,fa9e393fd40cb599d83fc68bd5f433374eb5f3180b9245b14a43cd32f639178b,included,housing_social_welfare_leaf,1.0.0,social_welfare,1.0.0,capture,landlord_1,landlord_1,50.51,utility_points,"{""disagreement_utility"":0.0}",ok,valid,[],"[""event_00000136""]",evaluation_receipt,episode_attempt_514e3a208b7e0f9647e3,fa9e393fd40cb599d83fc68bd5f433374eb5f3180b9245b14a43cd32f639178b,true
result_e1388de401de89130b7230a3,runplan_fc2c35626b700671,cell_983997305949cb199a74,housing_v1__experiment__000008,housing_v1,housing_controlled_model_landlords_experiment,episode_attempt_514e3a208b7e0f9647e3,fa9e393fd40cb599d83fc68bd5f433374eb5f3180b9245b14a43cd32f639178b,included,housing_social_welfare_leaf,1.0.0,social_welfare,1.0.0,capture,landlord_2,landlord_2,41.3,utility_points,"{""disagreement_utility"":0.0}",ok,valid,[],"[""event_00000136""]",evaluation_receipt,episode_attempt_514e3a208b7e0f9647e3,fa9e393fd40cb599d83fc68bd5f433374eb5f3180b9245b14a43cd32f639178b,true
result_775ccee460d4c0cf30aa6e62,runplan_fc2c35626b700671,cell_983997305949cb199a74,housing_v1__experiment__000008,housing_v1,housing_controlled_model_landlords_experiment,episode_attempt_514e3a208b7e0f9647e3,fa9e393fd40cb599d83fc68bd5f433374eb5f3180b9245b14a43cd32f639178b,included,housing_social_welfare_leaf,1.0.0,social_welfare,1.0.0,capture,tenant_0,tenant_0,625.19,utility_points,"{""disagreement_utility"":0.0}",ok,valid,[],"[""event_00000136""]",evaluation_receipt,episode_attempt_514e3a208b7e0f9647e3,fa9e393fd40cb599d83fc68bd5f433374eb5f3180b9245b14a43cd32f639178b,true
result_2ba4d39e56c788c28eddc177,runplan_fc2c35626b700671,cell_983997305949cb199a74,housing_v1__experiment__000008,housing_v1,housing_controlled_model_landlords_experiment,episode_attempt_514e3a208b7e0f9647e3,fa9e393fd40cb599d83fc68bd5f433374eb5f3180b9245b14a43cd32f639178b,included,housing_social_welfare_leaf,1.0.0,social_welfare,1.0.0,capture,tenant_1,tenant_1,438.46,utility_points,"{""disagreement_utility"":0.0}",ok,valid,[],"[""event_00000136""]",evaluation_receipt,episode_attempt_514e3a208b7e0f9647e3,fa9e393fd40cb599d83fc68bd5f433374eb5f3180b9245b14a43cd32f639178b,true
result_711b4b1e90ef242fed36eb73,runplan_fc2c35626b700671,cell_983997305949cb199a74,housing_v1__experiment__000008,housing_v1,housing_controlled_model_landlords_experiment,episode_attempt_514e3a208b7e0f9647e3,fa9e393fd40cb599d83fc68bd5f433374eb5f3180b9245b14a43cd32f639178b,included,housing_social_welfare_leaf,1.0.0,social_welfare,1.0.0,capture,tenant_2,tenant_2,417.33,utility_points,"{""disagreement_utility"":0.0}",ok,valid,[],"[""event_00000136""]",evaluation_receipt,episode_attempt_514e3a208b7e0f9647e3,fa9e393fd40cb599d83fc68bd5f433374eb5f3180b9245b14a43cd32f639178b,true
result_27380ec6e6f8de48724dae27,runplan_fc2c35626b700671,cell_983997305949cb199a74,housing_v1__experiment__000008,housing_v1,housing_controlled_model_landlords_experiment,episode_attempt_514e3a208b7e0f9647e3,fa9e393fd40cb599d83fc68bd5f433374eb5f3180b9245b14a43cd32f639178b,included,housing_social_welfare_leaf,1.0.0,social_welfare,1.0.0,capture,tenant_3,tenant_3,0.0,utility_points,"{""disagreement_utility"":0.0}",ok,valid,[],"[""event_00000136""]",evaluation_receipt,episode_attempt_514e3a208b7e0f9647e3,fa9e393fd40cb599d83fc68bd5f433374eb5f3180b9245b14a43cd32f639178b,true
result_dac875ebfb1954b32f1c745c,runplan_fc2c35626b700671,cell_983997305949cb199a74,housing_v1__experiment__000008,housing_v1,housing_controlled_model_landlords_experiment,episode_attempt_514e3a208b7e0f9647e3,fa9e393fd40cb599d83fc68bd5f433374eb5f3180b9245b14a43cd32f639178b,included,housing_social_welfare_leaf,1.0.0,social_welfare,1.0.0,capture,tenant_4,tenant_4,0.0,utility_points,"{""disagreement_utility"":0.0}",ok,valid,[],"[""event_00000136""]",evaluation_receipt,episode_attempt_514e3a208b7e0f9647e3,fa9e393fd40cb599d83fc68bd5f433374eb5f3180b9245b14a43cd32f639178b,true
result_baefe7e9543c21f64c34a3c4,runplan_fc2c35626b700671,cell_983997305949cb199a74,housing_v1__experiment__000008,housing_v1,housing_controlled_model_landlords_experiment,episode_attempt_514e3a208b7e0f9647e3,fa9e393fd40cb599d83fc68bd5f433374eb5f3180b9245b14a43cd32f639178b,included,housing_social_welfare_leaf,1.0.0,social_welfare,1.0.0,capture,tenant_5,tenant_5,0.0,utility_points,"{""disagreement_utility"":0.0}",ok,valid,[],"[""event_00000136""]",evaluation_receipt,episode_attempt_514e3a208b7e0f9647e3,fa9e393fd40cb599d83fc68bd5f433374eb5f3180b9245b14a43cd32f639178b,true
result_285fdce7ae7510dddf848996,runplan_fc2c35626b700671,cell_bdb2241d39f9de4077c0,housing_v1__experiment__000002,housing_v1,housing_controlled_model_landlords_experiment,episode_attempt_07fc242b58e52bf589e7,1bf0a280b155e985b460cb05e313453abf617ab92328b6bd9a19fd7baf09e2d8,included,housing_social_welfare_leaf,1.0.0,social_welfare,1.0.0,primary,social_welfare,,1381.58,utility_points,{},ok,valid,[],"[""event_00000130""]",evaluation_receipt,episode_attempt_07fc242b58e52bf589e7,1bf0a280b155e985b460cb05e313453abf617ab92328b6bd9a19fd7baf09e2d8,true
result_4572375a627635812e26545b,runplan_fc2c35626b700671,cell_bdb2241d39f9de4077c0,housing_v1__experiment__000002,housing_v1,housing_controlled_model_landlords_experiment,episode_attempt_07fc242b58e52bf589e7,1bf0a280b155e985b460cb05e313453abf617ab92328b6bd9a19fd7baf09e2d8,included,housing_social_welfare_leaf,1.0.0,social_welfare,1.0.0,metric,comparison_baseline_gap,,-13.830000000000155,utility_points,{},ok,valid,[],"[""event_00000130""]",evaluation_receipt,episode_attempt_07fc242b58e52bf589e7,1bf0a280b155e985b460cb05e313453abf617ab92328b6bd9a19fd7baf09e2d8,true
result_f0870652cba2e3f027c617c9,runplan_fc2c35626b700671,cell_bdb2241d39f9de4077c0,housing_v1__experiment__000002,housing_v1,housing_controlled_model_landlords_experiment,episode_attempt_07fc242b58e52bf589e7,1bf0a280b155e985b460cb05e313453abf617ab92328b6bd9a19fd7baf09e2d8,included,housing_social_welfare_leaf,1.0.0,social_welfare,1.0.0,metric,ir_violation_count,,0.0,count,{},ok,valid,[],"[""event_00000130""]",evaluation_receipt,episode_attempt_07fc242b58e52bf589e7,1bf0a280b155e985b460cb05e313453abf617ab92328b6bd9a19fd7baf09e2d8,true
result_73588eeb8dcf638aebae7782,runplan_fc2c35626b700671,cell_bdb2241d39f9de4077c0,housing_v1__experiment__000002,housing_v1,housing_controlled_model_landlords_experiment,episode_attempt_07fc242b58e52bf589e7,1bf0a280b155e985b460cb05e313453abf617ab92328b6bd9a19fd7baf09e2d8,included,housing_social_welfare_leaf,1.0.0,social_welfare,1.0.0,metric,social_welfare,,1381.58,utility_points,{},ok,valid,[],"[""event_00000130""]",evaluation_receipt,episode_attempt_07fc242b58e52bf589e7,1bf0a280b155e985b460cb05e313453abf617ab92328b6bd9a19fd7baf09e2d8,true
result_f72623509db7d3a0990e6b94,runplan_fc2c35626b700671,cell_bdb2241d39f9de4077c0,housing_v1__experiment__000002,housing_v1,housing_controlled_model_landlords_experiment,episode_attempt_07fc242b58e52bf589e7,1bf0a280b155e985b460cb05e313453abf617ab92328b6bd9a19fd7baf09e2d8,included,housing_social_welfare_leaf,1.0.0,social_welfare,1.0.0,metric,upper_bound_gap,,387.73,utility_points,{},ok,valid,[],"[""event_00000130""]",evaluation_receipt,episode_attempt_07fc242b58e52bf589e7,1bf0a280b155e985b460cb05e313453abf617ab92328b6bd9a19fd7baf09e2d8,true
result_a00fb470bd9db87c8c17b174,runplan_fc2c35626b700671,cell_bdb2241d39f9de4077c0,housing_v1__experiment__000002,housing_v1,housing_controlled_model_landlords_experiment,episode_attempt_07fc242b58e52bf589e7,1bf0a280b155e985b460cb05e313453abf617ab92328b6bd9a19fd7baf09e2d8,included,housing_social_welfare_leaf,1.0.0,social_welfare,1.0.0,metric,wasted_contacts,,3.0,count,{},ok,valid,[],"[""event_00000130""]",evaluation_receipt,episode_attempt_07fc242b58e52bf589e7,1bf0a280b155e985b460cb05e313453abf617ab92328b6bd9a19fd7baf09e2d8,true
result_78f65c19ac7cff6cbd001f55,runplan_fc2c35626b700671,cell_bdb2241d39f9de4077c0,housing_v1__experiment__000002,housing_v1,housing_controlled_model_landlords_experiment,episode_attempt_07fc242b58e52bf589e7,1bf0a280b155e985b460cb05e313453abf617ab92328b6bd9a19fd7baf09e2d8,included,housing_social_welfare_leaf,1.0.0,social_welfare,1.0.0,metric,within_case_score,,0.7808580746166585,ratio,{},ok,valid,[],"[""event_00000130""]",evaluation_receipt,episode_attempt_07fc242b58e52bf589e7,1bf0a280b155e985b460cb05e313453abf617ab92328b6bd9a19fd7baf09e2d8,true
result_5233e397f1a22add76d9716a,runplan_fc2c35626b700671,cell_bdb2241d39f9de4077c0,housing_v1__experiment__000002,housing_v1,housing_controlled_model_landlords_experiment,episode_attempt_07fc242b58e52bf589e7,1bf0a280b155e985b460cb05e313453abf617ab92328b6bd9a19fd7baf09e2d8,included,housing_social_welfare_leaf,1.0.0,social_welfare,1.0.0,reference,comparison_baseline,,1395.41,utility_points,"{""policy"":""naive"",""reference_kind"":""comparison_baseline""}",ok,valid,[],"[""event_00000130""]",evaluation_receipt,episode_attempt_07fc242b58e52bf589e7,1bf0a280b155e985b460cb05e313453abf617ab92328b6bd9a19fd7baf09e2d8,true
result_e9032924bfc49ea420b8f08b,runplan_fc2c35626b700671,cell_bdb2241d39f9de4077c0,housing_v1__experiment__000002,housing_v1,housing_controlled_model_landlords_experiment,episode_attempt_07fc242b58e52bf589e7,1bf0a280b155e985b460cb05e313453abf617ab92328b6bd9a19fd7baf09e2d8,included,housing_social_welfare_leaf,1.0.0,social_welfare,1.0.0,reference,optimum_lower_bound,,0.0,utility_points,"{""policy"":""do_nothing"",""reference_kind"":""objective_lower_bound""}",ok,valid,[],"[""event_00000130""]",evaluation_receipt,episode_attempt_07fc242b58e52bf589e7,1bf0a280b155e985b460cb05e313453abf617ab92328b6bd9a19fd7baf09e2d8,true
result_bf523fd4e304202ec91470dc,runplan_fc2c35626b700671,cell_bdb2241d39f9de4077c0,housing_v1__experiment__000002,housing_v1,housing_controlled_model_landlords_experiment,episode_attempt_07fc242b58e52bf589e7,1bf0a280b155e985b460cb05e313453abf617ab92328b6bd9a19fd7baf09e2d8,included,housing_social_welfare_leaf,1.0.0,social_welfare,1.0.0,reference,optimum_upper_bound,,1769.31,utility_points,"{""reference_kind"":""objective_upper_bound"",""semantics"":""full_information_allocation_relaxation""}",ok,valid,[],"[""event_00000130""]",evaluation_receipt,episode_attempt_07fc242b58e52bf589e7,1bf0a280b155e985b460cb05e313453abf617ab92328b6bd9a19fd7baf09e2d8,true
result_bceface8dbf38970c92f5e9a,runplan_fc2c35626b700671,cell_bdb2241d39f9de4077c0,housing_v1__experiment__000002,housing_v1,housing_controlled_model_landlords_experiment,episode_attempt_07fc242b58e52bf589e7,1bf0a280b155e985b460cb05e313453abf617ab92328b6bd9a19fd7baf09e2d8,included,housing_social_welfare_leaf,1.0.0,social_welfare,1.0.0,utility,landlord_0,landlord_0,25.2,utility_points,"{""disagreement_utility"":0.0}",ok,valid,[],"[""event_00000130""]",evaluation_receipt,episode_attempt_07fc242b58e52bf589e7,1bf0a280b155e985b460cb05e313453abf617ab92328b6bd9a19fd7baf09e2d8,true
result_5573aa1617e2883fbbb62aaa,runplan_fc2c35626b700671,cell_bdb2241d39f9de4077c0,housing_v1__experiment__000002,housing_v1,housing_controlled_model_landlords_experiment,episode_attempt_07fc242b58e52bf589e7,1bf0a280b155e985b460cb05e313453abf617ab92328b6bd9a19fd7baf09e2d8,included,housing_social_welfare_leaf,1.0.0,social_welfare,1.0.0,utility,landlord_1,landlord_1,69.87,utility_points,"{""disagreement_utility"":0.0}",ok,valid,[],"[""event_00000130""]",evaluation_receipt,episode_attempt_07fc242b58e52bf589e7,1bf0a280b155e985b460cb05e313453abf617ab92328b6bd9a19fd7baf09e2d8,true
result_227fa88a5d8b14ef019b041f,runplan_fc2c35626b700671,cell_bdb2241d39f9de4077c0,housing_v1__experiment__000002,housing_v1,housing_controlled_model_landlords_experiment,episode_attempt_07fc242b58e52bf589e7,1bf0a280b155e985b460cb05e313453abf617ab92328b6bd9a19fd7baf09e2d8,included,housing_social_welfare_leaf,1.0.0,social_welfare,1.0.0,utility,landlord_2,landlord_2,55.43,utility_points,"{""disagreement_utility"":0.0}",ok,valid,[],"[""event_00000130""]",evaluation_receipt,episode_attempt_07fc242b58e52bf589e7,1bf0a280b155e985b460cb05e313453abf617ab92328b6bd9a19fd7baf09e2d8,true
result_6f44b702a2eef6b21660c32e,runplan_fc2c35626b700671,cell_bdb2241d39f9de4077c0,housing_v1__experiment__000002,housing_v1,housing_controlled_model_landlords_experiment,episode_attempt_07fc242b58e52bf589e7,1bf0a280b155e985b460cb05e313453abf617ab92328b6bd9a19fd7baf09e2d8,included,housing_social_welfare_leaf,1.0.0,social_welfare,1.0.0,utility,tenant_0,tenant_0,272.83,utility_points,"{""disagreement_utility"":0.0}",ok,valid,[],"[""event_00000130""]",evaluation_receipt,episode_attempt_07fc242b58e52bf589e7,1bf0a280b155e985b460cb05e313453abf617ab92328b6bd9a19fd7baf09e2d8,true
result_92b0d604ba9309224d55108f,runplan_fc2c35626b700671,cell_bdb2241d39f9de4077c0,housing_v1__experiment__000002,housing_v1,housing_controlled_model_landlords_experiment,episode_attempt_07fc242b58e52bf589e7,1bf0a280b155e985b460cb05e313453abf617ab92328b6bd9a19fd7baf09e2d8,included,housing_social_welfare_leaf,1.0.0,social_welfare,1.0.0,utility,tenant_1,tenant_1,0.0,utility_points,"{""disagreement_utility"":0.0}",ok,valid,[],"[""event_00000130""]",evaluation_receipt,episode_attempt_07fc242b58e52bf589e7,1bf0a280b155e985b460cb05e313453abf617ab92328b6bd9a19fd7baf09e2d8,true
result_03606368b45749d4f694394a,runplan_fc2c35626b700671,cell_bdb2241d39f9de4077c0,housing_v1__experiment__000002,housing_v1,housing_controlled_model_landlords_experiment,episode_attempt_07fc242b58e52bf589e7,1bf0a280b155e985b460cb05e313453abf617ab92328b6bd9a19fd7baf09e2d8,included,housing_social_welfare_leaf,1.0.0,social_welfare,1.0.0,utility,tenant_2,tenant_2,570.42,utility_points,"{""disagreement_utility"":0.0}",ok,valid,[],"[""event_00000130""]",evaluation_receipt,episode_attempt_07fc242b58e52bf589e7,1bf0a280b155e985b460cb05e313453abf617ab92328b6bd9a19fd7baf09e2d8,true
result_2ed2d684423c74fef1a3c05a,runplan_fc2c35626b700671,cell_bdb2241d39f9de4077c0,housing_v1__experiment__000002,housing_v1,housing_controlled_model_landlords_experiment,episode_attempt_07fc242b58e52bf589e7,1bf0a280b155e985b460cb05e313453abf617ab92328b6bd9a19fd7baf09e2d8,included,housing_social_welfare_leaf,1.0.0,social_welfare,1.0.0,utility,tenant_3,tenant_3,0.0,utility_points,"{""disagreement_utility"":0.0}",ok,valid,[],"[""event_00000130""]",evaluation_receipt,episode_attempt_07fc242b58e52bf589e7,1bf0a280b155e985b460cb05e313453abf617ab92328b6bd9a19fd7baf09e2d8,true
result_b3d4b4f266194165b46dcde7,runplan_fc2c35626b700671,cell_bdb2241d39f9de4077c0,housing_v1__experiment__000002,housing_v1,housing_controlled_model_landlords_experiment,episode_attempt_07fc242b58e52bf589e7,1bf0a280b155e985b460cb05e313453abf617ab92328b6bd9a19fd7baf09e2d8,included,housing_social_welfare_leaf,1.0.0,social_welfare,1.0.0,utility,tenant_4,tenant_4,0.0,utility_points,"{""disagreement_utility"":0.0}",ok,valid,[],"[""event_00000130""]",evaluation_receipt,episode_attempt_07fc242b58e52bf589e7,1bf0a280b155e985b460cb05e313453abf617ab92328b6bd9a19fd7baf09e2d8,true
result_b815274ea9d75409460d1235,runplan_fc2c35626b700671,cell_bdb2241d39f9de4077c0,housing_v1__experiment__000002,housing_v1,housing_controlled_model_landlords_experiment,episode_attempt_07fc242b58e52bf589e7,1bf0a280b155e985b460cb05e313453abf617ab92328b6bd9a19fd7baf09e2d8,included,housing_social_welfare_leaf,1.0.0,social_welfare,1.0.0,utility,tenant_5,tenant_5,387.83,utility_points,"{""disagreement_utility"":0.0}",ok,valid,[],"[""event_00000130""]",evaluation_receipt,episode_attempt_07fc242b58e52bf589e7,1bf0a280b155e985b460cb05e313453abf617ab92328b6bd9a19fd7baf09e2d8,true
result_53571445a188af3b0ad51154,runplan_fc2c35626b700671,cell_bdb2241d39f9de4077c0,housing_v1__experiment__000002,housing_v1,housing_controlled_model_landlords_experiment,episode_attempt_07fc242b58e52bf589e7,1bf0a280b155e985b460cb05e313453abf617ab92328b6bd9a19fd7baf09e2d8,included,housing_social_welfare_leaf,1.0.0,social_welfare,1.0.0,capture,landlord_0,landlord_0,25.2,utility_points,"{""disagreement_utility"":0.0}",ok,valid,[],"[""event_00000130""]",evaluation_receipt,episode_attempt_07fc242b58e52bf589e7,1bf0a280b155e985b460cb05e313453abf617ab92328b6bd9a19fd7baf09e2d8,true
result_2633eed3d3b6ed665a9ba59e,runplan_fc2c35626b700671,cell_bdb2241d39f9de4077c0,housing_v1__experiment__000002,housing_v1,housing_controlled_model_landlords_experiment,episode_attempt_07fc242b58e52bf589e7,1bf0a280b155e985b460cb05e313453abf617ab92328b6bd9a19fd7baf09e2d8,included,housing_social_welfare_leaf,1.0.0,social_welfare,1.0.0,capture,landlord_1,landlord_1,69.87,utility_points,"{""disagreement_utility"":0.0}",ok,valid,[],"[""event_00000130""]",evaluation_receipt,episode_attempt_07fc242b58e52bf589e7,1bf0a280b155e985b460cb05e313453abf617ab92328b6bd9a19fd7baf09e2d8,true
result_0578dac51ff3bfabd4f28e9c,runplan_fc2c35626b700671,cell_bdb2241d39f9de4077c0,housing_v1__experiment__000002,housing_v1,housing_controlled_model_landlords_experiment,episode_attempt_07fc242b58e52bf589e7,1bf0a280b155e985b460cb05e313453abf617ab92328b6bd9a19fd7baf09e2d8,included,housing_social_welfare_leaf,1.0.0,social_welfare,1.0.0,capture,landlord_2,landlord_2,55.43,utility_points,"{""disagreement_utility"":0.0}",ok,valid,[],"[""event_00000130""]",evaluation_receipt,episode_attempt_07fc242b58e52bf589e7,1bf0a280b155e985b460cb05e313453abf617ab92328b6bd9a19fd7baf09e2d8,true
result_23574ac749cfd72d8dcc742e,runplan_fc2c35626b700671,cell_bdb2241d39f9de4077c0,housing_v1__experiment__000002,housing_v1,housing_controlled_model_landlords_experiment,episode_attempt_07fc242b58e52bf589e7,1bf0a280b155e985b460cb05e313453abf617ab92328b6bd9a19fd7baf09e2d8,included,housing_social_welfare_leaf,1.0.0,social_welfare,1.0.0,capture,tenant_0,tenant_0,272.83,utility_points,"{""disagreement_utility"":0.0}",ok,valid,[],"[""event_00000130""]",evaluation_receipt,episode_attempt_07fc242b58e52bf589e7,1bf0a280b155e985b460cb05e313453abf617ab92328b6bd9a19fd7baf09e2d8,true
result_5b17d496d2ef7c7812dfb2a3,runplan_fc2c35626b700671,cell_bdb2241d39f9de4077c0,housing_v1__experiment__000002,housing_v1,housing_controlled_model_landlords_experiment,episode_attempt_07fc242b58e52bf589e7,1bf0a280b155e985b460cb05e313453abf617ab92328b6bd9a19fd7baf09e2d8,included,housing_social_welfare_leaf,1.0.0,social_welfare,1.0.0,capture,tenant_1,tenant_1,0.0,utility_points,"{""disagreement_utility"":0.0}",ok,valid,[],"[""event_00000130""]",evaluation_receipt,episode_attempt_07fc242b58e52bf589e7,1bf0a280b155e985b460cb05e313453abf617ab92328b6bd9a19fd7baf09e2d8,true
result_89df80764a9534f2e75d166a,runplan_fc2c35626b700671,cell_bdb2241d39f9de4077c0,housing_v1__experiment__000002,housing_v1,housing_controlled_model_landlords_experiment,episode_attempt_07fc242b58e52bf589e7,1bf0a280b155e985b460cb05e313453abf617ab92328b6bd9a19fd7baf09e2d8,included,housing_social_welfare_leaf,1.0.0,social_welfare,1.0.0,capture,tenant_2,tenant_2,570.42,utility_points,"{""disagreement_utility"":0.0}",ok,valid,[],"[""event_00000130""]",evaluation_receipt,episode_attempt_07fc242b58e52bf589e7,1bf0a280b155e985b460cb05e313453abf617ab92328b6bd9a19fd7baf09e2d8,true
result_30bef28cf38bd99d15b95d75,runplan_fc2c35626b700671,cell_bdb2241d39f9de4077c0,housing_v1__experiment__000002,housing_v1,housing_controlled_model_landlords_experiment,episode_attempt_07fc242b58e52bf589e7,1bf0a280b155e985b460cb05e313453abf617ab92328b6bd9a19fd7baf09e2d8,included,housing_social_welfare_leaf,1.0.0,social_welfare,1.0.0,capture,tenant_3,tenant_3,0.0,utility_points,"{""disagreement_utility"":0.0}",ok,valid,[],"[""event_00000130""]",evaluation_receipt,episode_attempt_07fc242b58e52bf589e7,1bf0a280b155e985b460cb05e313453abf617ab92328b6bd9a19fd7baf09e2d8,true
result_2618572fb64da5b8432ef03b,runplan_fc2c35626b700671,cell_bdb2241d39f9de4077c0,housing_v1__experiment__000002,housing_v1,housing_controlled_model_landlords_experiment,episode_attempt_07fc242b58e52bf589e7,1bf0a280b155e985b460cb05e313453abf617ab92328b6bd9a19fd7baf09e2d8,included,housing_social_welfare_leaf,1.0.0,social_welfare,1.0.0,capture,tenant_4,tenant_4,0.0,utility_points,"{""disagreement_utility"":0.0}",ok,valid,[],"[""event_00000130""]",evaluation_receipt,episode_attempt_07fc242b58e52bf589e7,1bf0a280b155e985b460cb05e313453abf617ab92328b6bd9a19fd7baf09e2d8,true
result_525de493e38d23f904aa8f29,runplan_fc2c35626b700671,cell_bdb2241d39f9de4077c0,housing_v1__experiment__000002,housing_v1,housing_controlled_model_landlords_experiment,episode_attempt_07fc242b58e52bf589e7,1bf0a280b155e985b460cb05e313453abf617ab92328b6bd9a19fd7baf09e2d8,included,housing_social_welfare_leaf,1.0.0,social_welfare,1.0.0,capture,tenant_5,tenant_5,387.83,utility_points,"{""disagreement_utility"":0.0}",ok,valid,[],"[""event_00000130""]",evaluation_receipt,episode_attempt_07fc242b58e52bf589e7,1bf0a280b155e985b460cb05e313453abf617ab92328b6bd9a19fd7baf09e2d8,true
result_2755d892628816ea22770c76,runplan_fc2c35626b700671,cell_cc9b2736e7b676272fc9,housing_v1__experiment__000007,housing_v1,housing_controlled_model_landlords_experiment,episode_attempt_a404ad8691b7f24e60b9,7bd3054a1671e4974f3fa9eed0b85b1fe27dd5f54a0b11c6e84cc5ad260c7925,included,housing_social_welfare_leaf,1.0.0,social_welfare,1.0.0,primary,social_welfare,,768.55,utility_points,{},ok,valid,[],"[""event_00000239""]",evaluation_receipt,episode_attempt_a404ad8691b7f24e60b9,7bd3054a1671e4974f3fa9eed0b85b1fe27dd5f54a0b11c6e84cc5ad260c7925,true
result_e582a2a7f3aaefcdbecd1090,runplan_fc2c35626b700671,cell_cc9b2736e7b676272fc9,housing_v1__experiment__000007,housing_v1,housing_controlled_model_landlords_experiment,episode_attempt_a404ad8691b7f24e60b9,7bd3054a1671e4974f3fa9eed0b85b1fe27dd5f54a0b11c6e84cc5ad260c7925,included,housing_social_welfare_leaf,1.0.0,social_welfare,1.0.0,metric,comparison_baseline_gap,,0.0,utility_points,{},ok,valid,[],"[""event_00000239""]",evaluation_receipt,episode_attempt_a404ad8691b7f24e60b9,7bd3054a1671e4974f3fa9eed0b85b1fe27dd5f54a0b11c6e84cc5ad260c7925,true
result_5f3fa4b2578e61044d68936b,runplan_fc2c35626b700671,cell_cc9b2736e7b676272fc9,housing_v1__experiment__000007,housing_v1,housing_controlled_model_landlords_experiment,episode_attempt_a404ad8691b7f24e60b9,7bd3054a1671e4974f3fa9eed0b85b1fe27dd5f54a0b11c6e84cc5ad260c7925,included,housing_social_welfare_leaf,1.0.0,social_welfare,1.0.0,metric,ir_violation_count,,1.0,count,{},ok,valid,[],"[""event_00000239""]",evaluation_receipt,episode_attempt_a404ad8691b7f24e60b9,7bd3054a1671e4974f3fa9eed0b85b1fe27dd5f54a0b11c6e84cc5ad260c7925,true
result_f85f06890c554458d427674e,runplan_fc2c35626b700671,cell_cc9b2736e7b676272fc9,housing_v1__experiment__000007,housing_v1,housing_controlled_model_landlords_experiment,episode_attempt_a404ad8691b7f24e60b9,7bd3054a1671e4974f3fa9eed0b85b1fe27dd5f54a0b11c6e84cc5ad260c7925,included,housing_social_welfare_leaf,1.0.0,social_welfare,1.0.0,metric,social_welfare,,768.55,utility_points,{},ok,valid,[],"[""event_00000239""]",evaluation_receipt,episode_attempt_a404ad8691b7f24e60b9,7bd3054a1671e4974f3fa9eed0b85b1fe27dd5f54a0b11c6e84cc5ad260c7925,true
result_1fb1262eaa971f97037b029a,runplan_fc2c35626b700671,cell_cc9b2736e7b676272fc9,housing_v1__experiment__000007,housing_v1,housing_controlled_model_landlords_experiment,episode_attempt_a404ad8691b7f24e60b9,7bd3054a1671e4974f3fa9eed0b85b1fe27dd5f54a0b11c6e84cc5ad260c7925,included,housing_social_welfare_leaf,1.0.0,social_welfare,1.0.0,metric,upper_bound_gap,,564.1300000000001,utility_points,{},ok,valid,[],"[""event_00000239""]",evaluation_receipt,episode_attempt_a404ad8691b7f24e60b9,7bd3054a1671e4974f3fa9eed0b85b1fe27dd5f54a0b11c6e84cc5ad260c7925,true
result_5b29a139b88654285409607d,runplan_fc2c35626b700671,cell_cc9b2736e7b676272fc9,housing_v1__experiment__000007,housing_v1,housing_controlled_model_landlords_experiment,episode_attempt_a404ad8691b7f24e60b9,7bd3054a1671e4974f3fa9eed0b85b1fe27dd5f54a0b11c6e84cc5ad260c7925,included,housing_social_welfare_leaf,1.0.0,social_welfare,1.0.0,metric,wasted_contacts,,6.0,count,{},ok,valid,[],"[""event_00000239""]",evaluation_receipt,episode_attempt_a404ad8691b7f24e60b9,7bd3054a1671e4974f3fa9eed0b85b1fe27dd5f54a0b11c6e84cc5ad260c7925,true
result_bfa6c2b439084b183180523e,runplan_fc2c35626b700671,cell_cc9b2736e7b676272fc9,housing_v1__experiment__000007,housing_v1,housing_controlled_model_landlords_experiment,episode_attempt_a404ad8691b7f24e60b9,7bd3054a1671e4974f3fa9eed0b85b1fe27dd5f54a0b11c6e84cc5ad260c7925,included,housing_social_welfare_leaf,1.0.0,social_welfare,1.0.0,metric,within_case_score,,0.5766950805894888,ratio,{},ok,valid,[],"[""event_00000239""]",evaluation_receipt,episode_attempt_a404ad8691b7f24e60b9,7bd3054a1671e4974f3fa9eed0b85b1fe27dd5f54a0b11c6e84cc5ad260c7925,true
result_70464a2d9ce6b6e86cb1c04a,runplan_fc2c35626b700671,cell_cc9b2736e7b676272fc9,housing_v1__experiment__000007,housing_v1,housing_controlled_model_landlords_experiment,episode_attempt_a404ad8691b7f24e60b9,7bd3054a1671e4974f3fa9eed0b85b1fe27dd5f54a0b11c6e84cc5ad260c7925,included,housing_social_welfare_leaf,1.0.0,social_welfare,1.0.0,reference,comparison_baseline,,768.55,utility_points,"{""policy"":""naive"",""reference_kind"":""comparison_baseline""}",ok,valid,[],"[""event_00000239""]",evaluation_receipt,episode_attempt_a404ad8691b7f24e60b9,7bd3054a1671e4974f3fa9eed0b85b1fe27dd5f54a0b11c6e84cc5ad260c7925,true
result_12665b56dbc6fc79ac87a562,runplan_fc2c35626b700671,cell_cc9b2736e7b676272fc9,housing_v1__experiment__000007,housing_v1,housing_controlled_model_landlords_experiment,episode_attempt_a404ad8691b7f24e60b9,7bd3054a1671e4974f3fa9eed0b85b1fe27dd5f54a0b11c6e84cc5ad260c7925,included,housing_social_welfare_leaf,1.0.0,social_welfare,1.0.0,reference,optimum_lower_bound,,0.0,utility_points,"{""policy"":""do_nothing"",""reference_kind"":""objective_lower_bound""}",ok,valid,[],"[""event_00000239""]",evaluation_receipt,episode_attempt_a404ad8691b7f24e60b9,7bd3054a1671e4974f3fa9eed0b85b1fe27dd5f54a0b11c6e84cc5ad260c7925,true
result_f6964063d2ffc84442bc1f41,runplan_fc2c35626b700671,cell_cc9b2736e7b676272fc9,housing_v1__experiment__000007,housing_v1,housing_controlled_model_landlords_experiment,episode_attempt_a404ad8691b7f24e60b9,7bd3054a1671e4974f3fa9eed0b85b1fe27dd5f54a0b11c6e84cc5ad260c7925,included,housing_social_welfare_leaf,1.0.0,social_welfare,1.0.0,reference,optimum_upper_bound,,1332.68,utility_points,"{""reference_kind"":""objective_upper_bound"",""semantics"":""full_information_allocation_relaxation""}",ok,valid,[],"[""event_00000239""]",evaluation_receipt,episode_attempt_a404ad8691b7f24e60b9,7bd3054a1671e4974f3fa9eed0b85b1fe27dd5f54a0b11c6e84cc5ad260c7925,true
result_b7055351dd5a4b3252320ab4,runplan_fc2c35626b700671,cell_cc9b2736e7b676272fc9,housing_v1__experiment__000007,housing_v1,housing_controlled_model_landlords_experiment,episode_attempt_a404ad8691b7f24e60b9,7bd3054a1671e4974f3fa9eed0b85b1fe27dd5f54a0b11c6e84cc5ad260c7925,included,housing_social_welfare_leaf,1.0.0,social_welfare,1.0.0,utility,landlord_0,landlord_0,-2241.36,utility_points,"{""disagreement_utility"":0.0}",ok,valid,[],"[""event_00000239""]",evaluation_receipt,episode_attempt_a404ad8691b7f24e60b9,7bd3054a1671e4974f3fa9eed0b85b1fe27dd5f54a0b11c6e84cc5ad260c7925,true
result_351f8b9c4e2fde8d764ea1cb,runplan_fc2c35626b700671,cell_cc9b2736e7b676272fc9,housing_v1__experiment__000007,housing_v1,housing_controlled_model_landlords_experiment,episode_attempt_a404ad8691b7f24e60b9,7bd3054a1671e4974f3fa9eed0b85b1fe27dd5f54a0b11c6e84cc5ad260c7925,included,housing_social_welfare_leaf,1.0.0,social_welfare,1.0.0,utility,landlord_1,landlord_1,26.68,utility_points,"{""disagreement_utility"":0.0}",ok,valid,[],"[""event_00000239""]",evaluation_receipt,episode_attempt_a404ad8691b7f24e60b9,7bd3054a1671e4974f3fa9eed0b85b1fe27dd5f54a0b11c6e84cc5ad260c7925,true
result_610fcf45e00eb94b9d2ae7b8,runplan_fc2c35626b700671,cell_cc9b2736e7b676272fc9,housing_v1__experiment__000007,housing_v1,housing_controlled_model_landlords_experiment,episode_attempt_a404ad8691b7f24e60b9,7bd3054a1671e4974f3fa9eed0b85b1fe27dd5f54a0b11c6e84cc5ad260c7925,included,housing_social_welfare_leaf,1.0.0,social_welfare,1.0.0,utility,landlord_2,landlord_2,75.42,utility_points,"{""disagreement_utility"":0.0}",ok,valid,[],"[""event_00000239""]",evaluation_receipt,episode_attempt_a404ad8691b7f24e60b9,7bd3054a1671e4974f3fa9eed0b85b1fe27dd5f54a0b11c6e84cc5ad260c7925,true
result_cf1c1f3dcb25701c35bef43c,runplan_fc2c35626b700671,cell_cc9b2736e7b676272fc9,housing_v1__experiment__000007,housing_v1,housing_controlled_model_landlords_experiment,episode_attempt_a404ad8691b7f24e60b9,7bd3054a1671e4974f3fa9eed0b85b1fe27dd5f54a0b11c6e84cc5ad260c7925,included,housing_social_welfare_leaf,1.0.0,social_welfare,1.0.0,utility,tenant_0,tenant_0,229.36,utility_points,"{""disagreement_utility"":0.0}",ok,valid,[],"[""event_00000239""]",evaluation_receipt,episode_attempt_a404ad8691b7f24e60b9,7bd3054a1671e4974f3fa9eed0b85b1fe27dd5f54a0b11c6e84cc5ad260c7925,true
result_5330e75bcc377497e0a5faf3,runplan_fc2c35626b700671,cell_cc9b2736e7b676272fc9,housing_v1__experiment__000007,housing_v1,housing_controlled_model_landlords_experiment,episode_attempt_a404ad8691b7f24e60b9,7bd3054a1671e4974f3fa9eed0b85b1fe27dd5f54a0b11c6e84cc5ad260c7925,included,housing_social_welfare_leaf,1.0.0,social_welfare,1.0.0,utility,tenant_1,tenant_1,368.31,utility_points,"{""disagreement_utility"":0.0}",ok,valid,[],"[""event_00000239""]",evaluation_receipt,episode_attempt_a404ad8691b7f24e60b9,7bd3054a1671e4974f3fa9eed0b85b1fe27dd5f54a0b11c6e84cc5ad260c7925,true
result_4a03c69880aa3f91fa61f60c,runplan_fc2c35626b700671,cell_cc9b2736e7b676272fc9,housing_v1__experiment__000007,housing_v1,housing_controlled_model_landlords_experiment,episode_attempt_a404ad8691b7f24e60b9,7bd3054a1671e4974f3fa9eed0b85b1fe27dd5f54a0b11c6e84cc5ad260c7925,included,housing_social_welfare_leaf,1.0.0,social_welfare,1.0.0,utility,tenant_2,tenant_2,2310.14,utility_points,"{""disagreement_utility"":0.0}",ok,valid,[],"[""event_00000239""]",evaluation_receipt,episode_attempt_a404ad8691b7f24e60b9,7bd3054a1671e4974f3fa9eed0b85b1fe27dd5f54a0b11c6e84cc5ad260c7925,true
result_9638063a6bb3625b2106709f,runplan_fc2c35626b700671,cell_cc9b2736e7b676272fc9,housing_v1__experiment__000007,housing_v1,housing_controlled_model_landlords_experiment,episode_attempt_a404ad8691b7f24e60b9,7bd3054a1671e4974f3fa9eed0b85b1fe27dd5f54a0b11c6e84cc5ad260c7925,included,housing_social_welfare_leaf,1.0.0,social_welfare,1.0.0,utility,tenant_3,tenant_3,0.0,utility_points,"{""disagreement_utility"":0.0}",ok,valid,[],"[""event_00000239""]",evaluation_receipt,episode_attempt_a404ad8691b7f24e60b9,7bd3054a1671e4974f3fa9eed0b85b1fe27dd5f54a0b11c6e84cc5ad260c7925,true
result_c99fdedfceea4feb13083293,runplan_fc2c35626b700671,cell_cc9b2736e7b676272fc9,housing_v1__experiment__000007,housing_v1,housing_controlled_model_landlords_experiment,episode_attempt_a404ad8691b7f24e60b9,7bd3054a1671e4974f3fa9eed0b85b1fe27dd5f54a0b11c6e84cc5ad260c7925,included,housing_social_welfare_leaf,1.0.0,social_welfare,1.0.0,utility,tenant_4,tenant_4,0.0,utility_points,"{""disagreement_utility"":0.0}",ok,valid,[],"[""event_00000239""]",evaluation_receipt,episode_attempt_a404ad8691b7f24e60b9,7bd3054a1671e4974f3fa9eed0b85b1fe27dd5f54a0b11c6e84cc5ad260c7925,true
result_79ef82e890df173302bd61a2,runplan_fc2c35626b700671,cell_cc9b2736e7b676272fc9,housing_v1__experiment__000007,housing_v1,housing_controlled_model_landlords_experiment,episode_attempt_a404ad8691b7f24e60b9,7bd3054a1671e4974f3fa9eed0b85b1fe27dd5f54a0b11c6e84cc5ad260c7925,included,housing_social_welfare_leaf,1.0.0,social_welfare,1.0.0,utility,tenant_5,tenant_5,0.0,utility_points,"{""disagreement_utility"":0.0}",ok,valid,[],"[""event_00000239""]",evaluation_receipt,episode_attempt_a404ad8691b7f24e60b9,7bd3054a1671e4974f3fa9eed0b85b1fe27dd5f54a0b11c6e84cc5ad260c7925,true
result_67b45791f10d7312b5f768b8,runplan_fc2c35626b700671,cell_cc9b2736e7b676272fc9,housing_v1__experiment__000007,housing_v1,housing_controlled_model_landlords_experiment,episode_attempt_a404ad8691b7f24e60b9,7bd3054a1671e4974f3fa9eed0b85b1fe27dd5f54a0b11c6e84cc5ad260c7925,included,housing_social_welfare_leaf,1.0.0,social_welfare,1.0.0,capture,landlord_0,landlord_0,-2241.36,utility_points,"{""disagreement_utility"":0.0}",ok,valid,[],"[""event_00000239""]",evaluation_receipt,episode_attempt_a404ad8691b7f24e60b9,7bd3054a1671e4974f3fa9eed0b85b1fe27dd5f54a0b11c6e84cc5ad260c7925,true
result_35bb5ed51061017006ad2ee5,runplan_fc2c35626b700671,cell_cc9b2736e7b676272fc9,housing_v1__experiment__000007,housing_v1,housing_controlled_model_landlords_experiment,episode_attempt_a404ad8691b7f24e60b9,7bd3054a1671e4974f3fa9eed0b85b1fe27dd5f54a0b11c6e84cc5ad260c7925,included,housing_social_welfare_leaf,1.0.0,social_welfare,1.0.0,capture,landlord_1,landlord_1,26.68,utility_points,"{""disagreement_utility"":0.0}",ok,valid,[],"[""event_00000239""]",evaluation_receipt,episode_attempt_a404ad8691b7f24e60b9,7bd3054a1671e4974f3fa9eed0b85b1fe27dd5f54a0b11c6e84cc5ad260c7925,true
result_ed56b914cb4727e28867a875,runplan_fc2c35626b700671,cell_cc9b2736e7b676272fc9,housing_v1__experiment__000007,housing_v1,housing_controlled_model_landlords_experiment,episode_attempt_a404ad8691b7f24e60b9,7bd3054a1671e4974f3fa9eed0b85b1fe27dd5f54a0b11c6e84cc5ad260c7925,included,housing_social_welfare_leaf,1.0.0,social_welfare,1.0.0,capture,landlord_2,landlord_2,75.42,utility_points,"{""disagreement_utility"":0.0}",ok,valid,[],"[""event_00000239""]",evaluation_receipt,episode_attempt_a404ad8691b7f24e60b9,7bd3054a1671e4974f3fa9eed0b85b1fe27dd5f54a0b11c6e84cc5ad260c7925,true
result_5d6a0ef6af741fd5992b5731,runplan_fc2c35626b700671,cell_cc9b2736e7b676272fc9,housing_v1__experiment__000007,housing_v1,housing_controlled_model_landlords_experiment,episode_attempt_a404ad8691b7f24e60b9,7bd3054a1671e4974f3fa9eed0b85b1fe27dd5f54a0b11c6e84cc5ad260c7925,included,housing_social_welfare_leaf,1.0.0,social_welfare,1.0.0,capture,tenant_0,tenant_0,229.36,utility_points,"{""disagreement_utility"":0.0}",ok,valid,[],"[""event_00000239""]",evaluation_receipt,episode_attempt_a404ad8691b7f24e60b9,7bd3054a1671e4974f3fa9eed0b85b1fe27dd5f54a0b11c6e84cc5ad260c7925,true
result_9b1820532b87d3c68a1c5d5e,runplan_fc2c35626b700671,cell_cc9b2736e7b676272fc9,housing_v1__experiment__000007,housing_v1,housing_controlled_model_landlords_experiment,episode_attempt_a404ad8691b7f24e60b9,7bd3054a1671e4974f3fa9eed0b85b1fe27dd5f54a0b11c6e84cc5ad260c7925,included,housing_social_welfare_leaf,1.0.0,social_welfare,1.0.0,capture,tenant_1,tenant_1,368.31,utility_points,"{""disagreement_utility"":0.0}",ok,valid,[],"[""event_00000239""]",evaluation_receipt,episode_attempt_a404ad8691b7f24e60b9,7bd3054a1671e4974f3fa9eed0b85b1fe27dd5f54a0b11c6e84cc5ad260c7925,true
result_ddc3cfcd716caa4edb7f628e,runplan_fc2c35626b700671,cell_cc9b2736e7b676272fc9,housing_v1__experiment__000007,housing_v1,housing_controlled_model_landlords_experiment,episode_attempt_a404ad8691b7f24e60b9,7bd3054a1671e4974f3fa9eed0b85b1fe27dd5f54a0b11c6e84cc5ad260c7925,included,housing_social_welfare_leaf,1.0.0,social_welfare,1.0.0,capture,tenant_2,tenant_2,2310.14,utility_points,"{""disagreement_utility"":0.0}",ok,valid,[],"[""event_00000239""]",evaluation_receipt,episode_attempt_a404ad8691b7f24e60b9,7bd3054a1671e4974f3fa9eed0b85b1fe27dd5f54a0b11c6e84cc5ad260c7925,true
result_88aa91fb40302fb4dc9876cf,runplan_fc2c35626b700671,cell_cc9b2736e7b676272fc9,housing_v1__experiment__000007,housing_v1,housing_controlled_model_landlords_experiment,episode_attempt_a404ad8691b7f24e60b9,7bd3054a1671e4974f3fa9eed0b85b1fe27dd5f54a0b11c6e84cc5ad260c7925,included,housing_social_welfare_leaf,1.0.0,social_welfare,1.0.0,capture,tenant_3,tenant_3,0.0,utility_points,"{""disagreement_utility"":0.0}",ok,valid,[],"[""event_00000239""]",evaluation_receipt,episode_attempt_a404ad8691b7f24e60b9,7bd3054a1671e4974f3fa9eed0b85b1fe27dd5f54a0b11c6e84cc5ad260c7925,true
result_b1a4527b51faf3eef635bb59,runplan_fc2c35626b700671,cell_cc9b2736e7b676272fc9,housing_v1__experiment__000007,housing_v1,housing_controlled_model_landlords_experiment,episode_attempt_a404ad8691b7f24e60b9,7bd3054a1671e4974f3fa9eed0b85b1fe27dd5f54a0b11c6e84cc5ad260c7925,included,housing_social_welfare_leaf,1.0.0,social_welfare,1.0.0,capture,tenant_4,tenant_4,0.0,utility_points,"{""disagreement_utility"":0.0}",ok,valid,[],"[""event_00000239""]",evaluation_receipt,episode_attempt_a404ad8691b7f24e60b9,7bd3054a1671e4974f3fa9eed0b85b1fe27dd5f54a0b11c6e84cc5ad260c7925,true
result_32323b7ce6ac19e6304e0fbc,runplan_fc2c35626b700671,cell_cc9b2736e7b676272fc9,housing_v1__experiment__000007,housing_v1,housing_controlled_model_landlords_experiment,episode_attempt_a404ad8691b7f24e60b9,7bd3054a1671e4974f3fa9eed0b85b1fe27dd5f54a0b11c6e84cc5ad260c7925,included,housing_social_welfare_leaf,1.0.0,social_welfare,1.0.0,capture,tenant_5,tenant_5,0.0,utility_points,"{""disagreement_utility"":0.0}",ok,valid,[],"[""event_00000239""]",evaluation_receipt,episode_attempt_a404ad8691b7f24e60b9,7bd3054a1671e4974f3fa9eed0b85b1fe27dd5f54a0b11c6e84cc5ad260c7925,true
result_a439b33612c3ffe7a2edca04,runplan_fc2c35626b700671,cell_d140cd14af5750b1f9d0,housing_v1__experiment__000006,housing_v1,housing_controlled_model_landlords_experiment,episode_attempt_2cec05b9e00c078d7ff7,88b74c185851873abb1e185fc9f6d2d863a4f54d68e8a931f21ad836f67a812a,included,housing_social_welfare_leaf,1.0.0,social_welfare,1.0.0,primary,social_welfare,,1101.07,utility_points,{},ok,valid,[],"[""event_00000211""]",evaluation_receipt,episode_attempt_2cec05b9e00c078d7ff7,88b74c185851873abb1e185fc9f6d2d863a4f54d68e8a931f21ad836f67a812a,true
result_f5abef3eaf94ef5a1445635a,runplan_fc2c35626b700671,cell_d140cd14af5750b1f9d0,housing_v1__experiment__000006,housing_v1,housing_controlled_model_landlords_experiment,episode_attempt_2cec05b9e00c078d7ff7,88b74c185851873abb1e185fc9f6d2d863a4f54d68e8a931f21ad836f67a812a,included,housing_social_welfare_leaf,1.0.0,social_welfare,1.0.0,metric,comparison_baseline_gap,,-81.72000000000003,utility_points,{},ok,valid,[],"[""event_00000211""]",evaluation_receipt,episode_attempt_2cec05b9e00c078d7ff7,88b74c185851873abb1e185fc9f6d2d863a4f54d68e8a931f21ad836f67a812a,true
result_cd945acbd5aa5d8f5212f37b,runplan_fc2c35626b700671,cell_d140cd14af5750b1f9d0,housing_v1__experiment__000006,housing_v1,housing_controlled_model_landlords_experiment,episode_attempt_2cec05b9e00c078d7ff7,88b74c185851873abb1e185fc9f6d2d863a4f54d68e8a931f21ad836f67a812a,included,housing_social_welfare_leaf,1.0.0,social_welfare,1.0.0,metric,ir_violation_count,,0.0,count,{},ok,valid,[],"[""event_00000211""]",evaluation_receipt,episode_attempt_2cec05b9e00c078d7ff7,88b74c185851873abb1e185fc9f6d2d863a4f54d68e8a931f21ad836f67a812a,true
result_995b61f890fad72e4ae4403e,runplan_fc2c35626b700671,cell_d140cd14af5750b1f9d0,housing_v1__experiment__000006,housing_v1,housing_controlled_model_landlords_experiment,episode_attempt_2cec05b9e00c078d7ff7,88b74c185851873abb1e185fc9f6d2d863a4f54d68e8a931f21ad836f67a812a,included,housing_social_welfare_leaf,1.0.0,social_welfare,1.0.0,metric,social_welfare,,1101.07,utility_points,{},ok,valid,[],"[""event_00000211""]",evaluation_receipt,episode_attempt_2cec05b9e00c078d7ff7,88b74c185851873abb1e185fc9f6d2d863a4f54d68e8a931f21ad836f67a812a,true
result_10cfb832aa10baca30c1ccdd,runplan_fc2c35626b700671,cell_d140cd14af5750b1f9d0,housing_v1__experiment__000006,housing_v1,housing_controlled_model_landlords_experiment,episode_attempt_2cec05b9e00c078d7ff7,88b74c185851873abb1e185fc9f6d2d863a4f54d68e8a931f21ad836f67a812a,included,housing_social_welfare_leaf,1.0.0,social_welfare,1.0.0,metric,upper_bound_gap,,460.1100000000001,utility_points,{},ok,valid,[],"[""event_00000211""]",evaluation_receipt,episode_attempt_2cec05b9e00c078d7ff7,88b74c185851873abb1e185fc9f6d2d863a4f54d68e8a931f21ad836f67a812a,true
result_0cb10b3739201b8a94ad3c18,runplan_fc2c35626b700671,cell_d140cd14af5750b1f9d0,housing_v1__experiment__000006,housing_v1,housing_controlled_model_landlords_experiment,episode_attempt_2cec05b9e00c078d7ff7,88b74c185851873abb1e185fc9f6d2d863a4f54d68e8a931f21ad836f67a812a,included,housing_social_welfare_leaf,1.0.0,social_welfare,1.0.0,metric,wasted_contacts,,6.0,count,{},ok,valid,[],"[""event_00000211""]",evaluation_receipt,episode_attempt_2cec05b9e00c078d7ff7,88b74c185851873abb1e185fc9f6d2d863a4f54d68e8a931f21ad836f67a812a,true
result_5bc3dd55cd16caf7a9d25e13,runplan_fc2c35626b700671,cell_d140cd14af5750b1f9d0,housing_v1__experiment__000006,housing_v1,housing_controlled_model_landlords_experiment,episode_attempt_2cec05b9e00c078d7ff7,88b74c185851873abb1e185fc9f6d2d863a4f54d68e8a931f21ad836f67a812a,included,housing_social_welfare_leaf,1.0.0,social_welfare,1.0.0,metric,within_case_score,,0.7052806210686787,ratio,{},ok,valid,[],"[""event_00000211""]",evaluation_receipt,episode_attempt_2cec05b9e00c078d7ff7,88b74c185851873abb1e185fc9f6d2d863a4f54d68e8a931f21ad836f67a812a,true
result_216f23a751ba3aad5b3ad77a,runplan_fc2c35626b700671,cell_d140cd14af5750b1f9d0,housing_v1__experiment__000006,housing_v1,housing_controlled_model_landlords_experiment,episode_attempt_2cec05b9e00c078d7ff7,88b74c185851873abb1e185fc9f6d2d863a4f54d68e8a931f21ad836f67a812a,included,housing_social_welfare_leaf,1.0.0,social_welfare,1.0.0,reference,comparison_baseline,,1182.79,utility_points,"{""policy"":""naive"",""reference_kind"":""comparison_baseline""}",ok,valid,[],"[""event_00000211""]",evaluation_receipt,episode_attempt_2cec05b9e00c078d7ff7,88b74c185851873abb1e185fc9f6d2d863a4f54d68e8a931f21ad836f67a812a,true
result_52f11c25d64d7b44eade6d4f,runplan_fc2c35626b700671,cell_d140cd14af5750b1f9d0,housing_v1__experiment__000006,housing_v1,housing_controlled_model_landlords_experiment,episode_attempt_2cec05b9e00c078d7ff7,88b74c185851873abb1e185fc9f6d2d863a4f54d68e8a931f21ad836f67a812a,included,housing_social_welfare_leaf,1.0.0,social_welfare,1.0.0,reference,optimum_lower_bound,,0.0,utility_points,"{""policy"":""do_nothing"",""reference_kind"":""objective_lower_bound""}",ok,valid,[],"[""event_00000211""]",evaluation_receipt,episode_attempt_2cec05b9e00c078d7ff7,88b74c185851873abb1e185fc9f6d2d863a4f54d68e8a931f21ad836f67a812a,true
result_40542bfc6ef4e5b85dd6ace7,runplan_fc2c35626b700671,cell_d140cd14af5750b1f9d0,housing_v1__experiment__000006,housing_v1,housing_controlled_model_landlords_experiment,episode_attempt_2cec05b9e00c078d7ff7,88b74c185851873abb1e185fc9f6d2d863a4f54d68e8a931f21ad836f67a812a,included,housing_social_welfare_leaf,1.0.0,social_welfare,1.0.0,reference,optimum_upper_bound,,1561.18,utility_points,"{""reference_kind"":""objective_upper_bound"",""semantics"":""full_information_allocation_relaxation""}",ok,valid,[],"[""event_00000211""]",evaluation_receipt,episode_attempt_2cec05b9e00c078d7ff7,88b74c185851873abb1e185fc9f6d2d863a4f54d68e8a931f21ad836f67a812a,true
result_aef6f4e21929df0ac6503013,runplan_fc2c35626b700671,cell_d140cd14af5750b1f9d0,housing_v1__experiment__000006,housing_v1,housing_controlled_model_landlords_experiment,episode_attempt_2cec05b9e00c078d7ff7,88b74c185851873abb1e185fc9f6d2d863a4f54d68e8a931f21ad836f67a812a,included,housing_social_welfare_leaf,1.0.0,social_welfare,1.0.0,utility,landlord_0,landlord_0,31.31,utility_points,"{""disagreement_utility"":0.0}",ok,valid,[],"[""event_00000211""]",evaluation_receipt,episode_attempt_2cec05b9e00c078d7ff7,88b74c185851873abb1e185fc9f6d2d863a4f54d68e8a931f21ad836f67a812a,true
result_1069e848bba9868088e7ab66,runplan_fc2c35626b700671,cell_d140cd14af5750b1f9d0,housing_v1__experiment__000006,housing_v1,housing_controlled_model_landlords_experiment,episode_attempt_2cec05b9e00c078d7ff7,88b74c185851873abb1e185fc9f6d2d863a4f54d68e8a931f21ad836f67a812a,included,housing_social_welfare_leaf,1.0.0,social_welfare,1.0.0,utility,landlord_1,landlord_1,71.73,utility_points,"{""disagreement_utility"":0.0}",ok,valid,[],"[""event_00000211""]",evaluation_receipt,episode_attempt_2cec05b9e00c078d7ff7,88b74c185851873abb1e185fc9f6d2d863a4f54d68e8a931f21ad836f67a812a,true
result_b0e4ae3f646d89e57e85e69e,runplan_fc2c35626b700671,cell_d140cd14af5750b1f9d0,housing_v1__experiment__000006,housing_v1,housing_controlled_model_landlords_experiment,episode_attempt_2cec05b9e00c078d7ff7,88b74c185851873abb1e185fc9f6d2d863a4f54d68e8a931f21ad836f67a812a,included,housing_social_welfare_leaf,1.0.0,social_welfare,1.0.0,utility,landlord_2,landlord_2,260.53,utility_points,"{""disagreement_utility"":0.0}",ok,valid,[],"[""event_00000211""]",evaluation_receipt,episode_attempt_2cec05b9e00c078d7ff7,88b74c185851873abb1e185fc9f6d2d863a4f54d68e8a931f21ad836f67a812a,true
result_aef38c4cf1d3041e95c2d180,runplan_fc2c35626b700671,cell_d140cd14af5750b1f9d0,housing_v1__experiment__000006,housing_v1,housing_controlled_model_landlords_experiment,episode_attempt_2cec05b9e00c078d7ff7,88b74c185851873abb1e185fc9f6d2d863a4f54d68e8a931f21ad836f67a812a,included,housing_social_welfare_leaf,1.0.0,social_welfare,1.0.0,utility,tenant_0,tenant_0,123.05,utility_points,"{""disagreement_utility"":0.0}",ok,valid,[],"[""event_00000211""]",evaluation_receipt,episode_attempt_2cec05b9e00c078d7ff7,88b74c185851873abb1e185fc9f6d2d863a4f54d68e8a931f21ad836f67a812a,true
result_add1d3faf59f4c8bf8cce236,runplan_fc2c35626b700671,cell_d140cd14af5750b1f9d0,housing_v1__experiment__000006,housing_v1,housing_controlled_model_landlords_experiment,episode_attempt_2cec05b9e00c078d7ff7,88b74c185851873abb1e185fc9f6d2d863a4f54d68e8a931f21ad836f67a812a,included,housing_social_welfare_leaf,1.0.0,social_welfare,1.0.0,utility,tenant_1,tenant_1,145.17,utility_points,"{""disagreement_utility"":0.0}",ok,valid,[],"[""event_00000211""]",evaluation_receipt,episode_attempt_2cec05b9e00c078d7ff7,88b74c185851873abb1e185fc9f6d2d863a4f54d68e8a931f21ad836f67a812a,true
result_420c803e71e3783d1742dccd,runplan_fc2c35626b700671,cell_d140cd14af5750b1f9d0,housing_v1__experiment__000006,housing_v1,housing_controlled_model_landlords_experiment,episode_attempt_2cec05b9e00c078d7ff7,88b74c185851873abb1e185fc9f6d2d863a4f54d68e8a931f21ad836f67a812a,included,housing_social_welfare_leaf,1.0.0,social_welfare,1.0.0,utility,tenant_2,tenant_2,0.0,utility_points,"{""disagreement_utility"":0.0}",ok,valid,[],"[""event_00000211""]",evaluation_receipt,episode_attempt_2cec05b9e00c078d7ff7,88b74c185851873abb1e185fc9f6d2d863a4f54d68e8a931f21ad836f67a812a,true
result_2a24ad61484ede66f7b6a475,runplan_fc2c35626b700671,cell_d140cd14af5750b1f9d0,housing_v1__experiment__000006,housing_v1,housing_controlled_model_landlords_experiment,episode_attempt_2cec05b9e00c078d7ff7,88b74c185851873abb1e185fc9f6d2d863a4f54d68e8a931f21ad836f67a812a,included,housing_social_welfare_leaf,1.0.0,social_welfare,1.0.0,utility,tenant_3,tenant_3,469.28,utility_points,"{""disagreement_utility"":0.0}",ok,valid,[],"[""event_00000211""]",evaluation_receipt,episode_attempt_2cec05b9e00c078d7ff7,88b74c185851873abb1e185fc9f6d2d863a4f54d68e8a931f21ad836f67a812a,true
result_f8a27acdd950086efecfe1e4,runplan_fc2c35626b700671,cell_d140cd14af5750b1f9d0,housing_v1__experiment__000006,housing_v1,housing_controlled_model_landlords_experiment,episode_attempt_2cec05b9e00c078d7ff7,88b74c185851873abb1e185fc9f6d2d863a4f54d68e8a931f21ad836f67a812a,included,housing_social_welfare_leaf,1.0.0,social_welfare,1.0.0,utility,tenant_4,tenant_4,0.0,utility_points,"{""disagreement_utility"":0.0}",ok,valid,[],"[""event_00000211""]",evaluation_receipt,episode_attempt_2cec05b9e00c078d7ff7,88b74c185851873abb1e185fc9f6d2d863a4f54d68e8a931f21ad836f67a812a,true
result_597f7d4b237e27ed1d2cbec3,runplan_fc2c35626b700671,cell_d140cd14af5750b1f9d0,housing_v1__experiment__000006,housing_v1,housing_controlled_model_landlords_experiment,episode_attempt_2cec05b9e00c078d7ff7,88b74c185851873abb1e185fc9f6d2d863a4f54d68e8a931f21ad836f67a812a,included,housing_social_welfare_leaf,1.0.0,social_welfare,1.0.0,utility,tenant_5,tenant_5,0.0,utility_points,"{""disagreement_utility"":0.0}",ok,valid,[],"[""event_00000211""]",evaluation_receipt,episode_attempt_2cec05b9e00c078d7ff7,88b74c185851873abb1e185fc9f6d2d863a4f54d68e8a931f21ad836f67a812a,true
result_41a7a6e32affa018e9d4690f,runplan_fc2c35626b700671,cell_d140cd14af5750b1f9d0,housing_v1__experiment__000006,housing_v1,housing_controlled_model_landlords_experiment,episode_attempt_2cec05b9e00c078d7ff7,88b74c185851873abb1e185fc9f6d2d863a4f54d68e8a931f21ad836f67a812a,included,housing_social_welfare_leaf,1.0.0,social_welfare,1.0.0,capture,landlord_0,landlord_0,31.31,utility_points,"{""disagreement_utility"":0.0}",ok,valid,[],"[""event_00000211""]",evaluation_receipt,episode_attempt_2cec05b9e00c078d7ff7,88b74c185851873abb1e185fc9f6d2d863a4f54d68e8a931f21ad836f67a812a,true
result_c1e2237eb487c25870261b6e,runplan_fc2c35626b700671,cell_d140cd14af5750b1f9d0,housing_v1__experiment__000006,housing_v1,housing_controlled_model_landlords_experiment,episode_attempt_2cec05b9e00c078d7ff7,88b74c185851873abb1e185fc9f6d2d863a4f54d68e8a931f21ad836f67a812a,included,housing_social_welfare_leaf,1.0.0,social_welfare,1.0.0,capture,landlord_1,landlord_1,71.73,utility_points,"{""disagreement_utility"":0.0}",ok,valid,[],"[""event_00000211""]",evaluation_receipt,episode_attempt_2cec05b9e00c078d7ff7,88b74c185851873abb1e185fc9f6d2d863a4f54d68e8a931f21ad836f67a812a,true
result_5090f8dcc85e577525c442ab,runplan_fc2c35626b700671,cell_d140cd14af5750b1f9d0,housing_v1__experiment__000006,housing_v1,housing_controlled_model_landlords_experiment,episode_attempt_2cec05b9e00c078d7ff7,88b74c185851873abb1e185fc9f6d2d863a4f54d68e8a931f21ad836f67a812a,included,housing_social_welfare_leaf,1.0.0,social_welfare,1.0.0,capture,landlord_2,landlord_2,260.53,utility_points,"{""disagreement_utility"":0.0}",ok,valid,[],"[""event_00000211""]",evaluation_receipt,episode_attempt_2cec05b9e00c078d7ff7,88b74c185851873abb1e185fc9f6d2d863a4f54d68e8a931f21ad836f67a812a,true
result_ff3119b1dd8b81500821067c,runplan_fc2c35626b700671,cell_d140cd14af5750b1f9d0,housing_v1__experiment__000006,housing_v1,housing_controlled_model_landlords_experiment,episode_attempt_2cec05b9e00c078d7ff7,88b74c185851873abb1e185fc9f6d2d863a4f54d68e8a931f21ad836f67a812a,included,housing_social_welfare_leaf,1.0.0,social_welfare,1.0.0,capture,tenant_0,tenant_0,123.05,utility_points,"{""disagreement_utility"":0.0}",ok,valid,[],"[""event_00000211""]",evaluation_receipt,episode_attempt_2cec05b9e00c078d7ff7,88b74c185851873abb1e185fc9f6d2d863a4f54d68e8a931f21ad836f67a812a,true
result_40c0079740b1a6ae16c2dd64,runplan_fc2c35626b700671,cell_d140cd14af5750b1f9d0,housing_v1__experiment__000006,housing_v1,housing_controlled_model_landlords_experiment,episode_attempt_2cec05b9e00c078d7ff7,88b74c185851873abb1e185fc9f6d2d863a4f54d68e8a931f21ad836f67a812a,included,housing_social_welfare_leaf,1.0.0,social_welfare,1.0.0,capture,tenant_1,tenant_1,145.17,utility_points,"{""disagreement_utility"":0.0}",ok,valid,[],"[""event_00000211""]",evaluation_receipt,episode_attempt_2cec05b9e00c078d7ff7,88b74c185851873abb1e185fc9f6d2d863a4f54d68e8a931f21ad836f67a812a,true
result_529411b772a01f25f3b4782b,runplan_fc2c35626b700671,cell_d140cd14af5750b1f9d0,housing_v1__experiment__000006,housing_v1,housing_controlled_model_landlords_experiment,episode_attempt_2cec05b9e00c078d7ff7,88b74c185851873abb1e185fc9f6d2d863a4f54d68e8a931f21ad836f67a812a,included,housing_social_welfare_leaf,1.0.0,social_welfare,1.0.0,capture,tenant_2,tenant_2,0.0,utility_points,"{""disagreement_utility"":0.0}",ok,valid,[],"[""event_00000211""]",evaluation_receipt,episode_attempt_2cec05b9e00c078d7ff7,88b74c185851873abb1e185fc9f6d2d863a4f54d68e8a931f21ad836f67a812a,true
result_21527ae13c8e22613cbd3367,runplan_fc2c35626b700671,cell_d140cd14af5750b1f9d0,housing_v1__experiment__000006,housing_v1,housing_controlled_model_landlords_experiment,episode_attempt_2cec05b9e00c078d7ff7,88b74c185851873abb1e185fc9f6d2d863a4f54d68e8a931f21ad836f67a812a,included,housing_social_welfare_leaf,1.0.0,social_welfare,1.0.0,capture,tenant_3,tenant_3,469.28,utility_points,"{""disagreement_utility"":0.0}",ok,valid,[],"[""event_00000211""]",evaluation_receipt,episode_attempt_2cec05b9e00c078d7ff7,88b74c185851873abb1e185fc9f6d2d863a4f54d68e8a931f21ad836f67a812a,true
result_42a05da689ba6105089e2f0f,runplan_fc2c35626b700671,cell_d140cd14af5750b1f9d0,housing_v1__experiment__000006,housing_v1,housing_controlled_model_landlords_experiment,episode_attempt_2cec05b9e00c078d7ff7,88b74c185851873abb1e185fc9f6d2d863a4f54d68e8a931f21ad836f67a812a,included,housing_social_welfare_leaf,1.0.0,social_welfare,1.0.0,capture,tenant_4,tenant_4,0.0,utility_points,"{""disagreement_utility"":0.0}",ok,valid,[],"[""event_00000211""]",evaluation_receipt,episode_attempt_2cec05b9e00c078d7ff7,88b74c185851873abb1e185fc9f6d2d863a4f54d68e8a931f21ad836f67a812a,true
result_5682184029bf3f706b6a85a8,runplan_fc2c35626b700671,cell_d140cd14af5750b1f9d0,housing_v1__experiment__000006,housing_v1,housing_controlled_model_landlords_experiment,episode_attempt_2cec05b9e00c078d7ff7,88b74c185851873abb1e185fc9f6d2d863a4f54d68e8a931f21ad836f67a812a,included,housing_social_welfare_leaf,1.0.0,social_welfare,1.0.0,capture,tenant_5,tenant_5,0.0,utility_points,"{""disagreement_utility"":0.0}",ok,valid,[],"[""event_00000211""]",evaluation_receipt,episode_attempt_2cec05b9e00c078d7ff7,88b74c185851873abb1e185fc9f6d2d863a4f54d68e8a931f21ad836f67a812a,true
result_3e04ffbedcff423af88b0a56,runplan_fc2c35626b700671,cell_d703a257c6d069c6f178,housing_v1__experiment__000005,housing_v1,housing_controlled_model_landlords_experiment,episode_attempt_1933a7293cc8faf2cd72,a05d8ac0e7de206dc198c8f00d761344887a36cd7dee979c4cfdcac1f71d2f4f,included,housing_social_welfare_leaf,1.0.0,social_welfare,1.0.0,primary,social_welfare,,1158.94,utility_points,{},ok,valid,[],"[""event_00000251""]",evaluation_receipt,episode_attempt_1933a7293cc8faf2cd72,a05d8ac0e7de206dc198c8f00d761344887a36cd7dee979c4cfdcac1f71d2f4f,true
result_0865607af16e35470a52e51e,runplan_fc2c35626b700671,cell_d703a257c6d069c6f178,housing_v1__experiment__000005,housing_v1,housing_controlled_model_landlords_experiment,episode_attempt_1933a7293cc8faf2cd72,a05d8ac0e7de206dc198c8f00d761344887a36cd7dee979c4cfdcac1f71d2f4f,included,housing_social_welfare_leaf,1.0.0,social_welfare,1.0.0,metric,comparison_baseline_gap,,0.0,utility_points,{},ok,valid,[],"[""event_00000251""]",evaluation_receipt,episode_attempt_1933a7293cc8faf2cd72,a05d8ac0e7de206dc198c8f00d761344887a36cd7dee979c4cfdcac1f71d2f4f,true
result_06189a75e5dc577b716f75d8,runplan_fc2c35626b700671,cell_d703a257c6d069c6f178,housing_v1__experiment__000005,housing_v1,housing_controlled_model_landlords_experiment,episode_attempt_1933a7293cc8faf2cd72,a05d8ac0e7de206dc198c8f00d761344887a36cd7dee979c4cfdcac1f71d2f4f,included,housing_social_welfare_leaf,1.0.0,social_welfare,1.0.0,metric,ir_violation_count,,1.0,count,{},ok,valid,[],"[""event_00000251""]",evaluation_receipt,episode_attempt_1933a7293cc8faf2cd72,a05d8ac0e7de206dc198c8f00d761344887a36cd7dee979c4cfdcac1f71d2f4f,true
result_feec00a155dca909df71fbd2,runplan_fc2c35626b700671,cell_d703a257c6d069c6f178,housing_v1__experiment__000005,housing_v1,housing_controlled_model_landlords_experiment,episode_attempt_1933a7293cc8faf2cd72,a05d8ac0e7de206dc198c8f00d761344887a36cd7dee979c4cfdcac1f71d2f4f,included,housing_social_welfare_leaf,1.0.0,social_welfare,1.0.0,metric,social_welfare,,1158.94,utility_points,{},ok,valid,[],"[""event_00000251""]",evaluation_receipt,episode_attempt_1933a7293cc8faf2cd72,a05d8ac0e7de206dc198c8f00d761344887a36cd7dee979c4cfdcac1f71d2f4f,true
result_59d1b987b0cc45ddb7c19db1,runplan_fc2c35626b700671,cell_d703a257c6d069c6f178,housing_v1__experiment__000005,housing_v1,housing_controlled_model_landlords_experiment,episode_attempt_1933a7293cc8faf2cd72,a05d8ac0e7de206dc198c8f00d761344887a36cd7dee979c4cfdcac1f71d2f4f,included,housing_social_welfare_leaf,1.0.0,social_welfare,1.0.0,metric,upper_bound_gap,,298.39999999999986,utility_points,{},ok,valid,[],"[""event_00000251""]",evaluation_receipt,episode_attempt_1933a7293cc8faf2cd72,a05d8ac0e7de206dc198c8f00d761344887a36cd7dee979c4cfdcac1f71d2f4f,true
result_640067408739ed80480255bd,runplan_fc2c35626b700671,cell_d703a257c6d069c6f178,housing_v1__experiment__000005,housing_v1,housing_controlled_model_landlords_experiment,episode_attempt_1933a7293cc8faf2cd72,a05d8ac0e7de206dc198c8f00d761344887a36cd7dee979c4cfdcac1f71d2f4f,included,housing_social_welfare_leaf,1.0.0,social_welfare,1.0.0,metric,wasted_contacts,,6.0,count,{},ok,valid,[],"[""event_00000251""]",evaluation_receipt,episode_attempt_1933a7293cc8faf2cd72,a05d8ac0e7de206dc198c8f00d761344887a36cd7dee979c4cfdcac1f71d2f4f,true
result_35f006fcd411078268f4a243,runplan_fc2c35626b700671,cell_d703a257c6d069c6f178,housing_v1__experiment__000005,housing_v1,housing_controlled_model_landlords_experiment,episode_attempt_1933a7293cc8faf2cd72,a05d8ac0e7de206dc198c8f00d761344887a36cd7dee979c4cfdcac1f71d2f4f,included,housing_social_welfare_leaf,1.0.0,social_welfare,1.0.0,metric,within_case_score,,0.7952433886395763,ratio,{},ok,valid,[],"[""event_00000251""]",evaluation_receipt,episode_attempt_1933a7293cc8faf2cd72,a05d8ac0e7de206dc198c8f00d761344887a36cd7dee979c4cfdcac1f71d2f4f,true
result_66849c587e77f31ef244f4f1,runplan_fc2c35626b700671,cell_d703a257c6d069c6f178,housing_v1__experiment__000005,housing_v1,housing_controlled_model_landlords_experiment,episode_attempt_1933a7293cc8faf2cd72,a05d8ac0e7de206dc198c8f00d761344887a36cd7dee979c4cfdcac1f71d2f4f,included,housing_social_welfare_leaf,1.0.0,social_welfare,1.0.0,reference,comparison_baseline,,1158.94,utility_points,"{""policy"":""naive"",""reference_kind"":""comparison_baseline""}",ok,valid,[],"[""event_00000251""]",evaluation_receipt,episode_attempt_1933a7293cc8faf2cd72,a05d8ac0e7de206dc198c8f00d761344887a36cd7dee979c4cfdcac1f71d2f4f,true
result_9812617c3bbb13f9bca19639,runplan_fc2c35626b700671,cell_d703a257c6d069c6f178,housing_v1__experiment__000005,housing_v1,housing_controlled_model_landlords_experiment,episode_attempt_1933a7293cc8faf2cd72,a05d8ac0e7de206dc198c8f00d761344887a36cd7dee979c4cfdcac1f71d2f4f,included,housing_social_welfare_leaf,1.0.0,social_welfare,1.0.0,reference,optimum_lower_bound,,0.0,utility_points,"{""policy"":""do_nothing"",""reference_kind"":""objective_lower_bound""}",ok,valid,[],"[""event_00000251""]",evaluation_receipt,episode_attempt_1933a7293cc8faf2cd72,a05d8ac0e7de206dc198c8f00d761344887a36cd7dee979c4cfdcac1f71d2f4f,true
result_a3dedb4a5ac5f91dc64f28f4,runplan_fc2c35626b700671,cell_d703a257c6d069c6f178,housing_v1__experiment__000005,housing_v1,housing_controlled_model_landlords_experiment,episode_attempt_1933a7293cc8faf2cd72,a05d8ac0e7de206dc198c8f00d761344887a36cd7dee979c4cfdcac1f71d2f4f,included,housing_social_welfare_leaf,1.0.0,social_welfare,1.0.0,reference,optimum_upper_bound,,1457.34,utility_points,"{""reference_kind"":""objective_upper_bound"",""semantics"":""full_information_allocation_relaxation""}",ok,valid,[],"[""event_00000251""]",evaluation_receipt,episode_attempt_1933a7293cc8faf2cd72,a05d8ac0e7de206dc198c8f00d761344887a36cd7dee979c4cfdcac1f71d2f4f,true
result_2517260eb6c99c5653a3f72e,runplan_fc2c35626b700671,cell_d703a257c6d069c6f178,housing_v1__experiment__000005,housing_v1,housing_controlled_model_landlords_experiment,episode_attempt_1933a7293cc8faf2cd72,a05d8ac0e7de206dc198c8f00d761344887a36cd7dee979c4cfdcac1f71d2f4f,included,housing_social_welfare_leaf,1.0.0,social_welfare,1.0.0,utility,landlord_0,landlord_0,-37.71,utility_points,"{""disagreement_utility"":0.0}",ok,valid,[],"[""event_00000251""]",evaluation_receipt,episode_attempt_1933a7293cc8faf2cd72,a05d8ac0e7de206dc198c8f00d761344887a36cd7dee979c4cfdcac1f71d2f4f,true
result_55d46291b02f3dd74ac2e4f3,runplan_fc2c35626b700671,cell_d703a257c6d069c6f178,housing_v1__experiment__000005,housing_v1,housing_controlled_model_landlords_experiment,episode_attempt_1933a7293cc8faf2cd72,a05d8ac0e7de206dc198c8f00d761344887a36cd7dee979c4cfdcac1f71d2f4f,included,housing_social_welfare_leaf,1.0.0,social_welfare,1.0.0,utility,landlord_1,landlord_1,77.99,utility_points,"{""disagreement_utility"":0.0}",ok,valid,[],"[""event_00000251""]",evaluation_receipt,episode_attempt_1933a7293cc8faf2cd72,a05d8ac0e7de206dc198c8f00d761344887a36cd7dee979c4cfdcac1f71d2f4f,true
result_0a6f4b31fb7aa4b5e0e5d787,runplan_fc2c35626b700671,cell_d703a257c6d069c6f178,housing_v1__experiment__000005,housing_v1,housing_controlled_model_landlords_experiment,episode_attempt_1933a7293cc8faf2cd72,a05d8ac0e7de206dc198c8f00d761344887a36cd7dee979c4cfdcac1f71d2f4f,included,housing_social_welfare_leaf,1.0.0,social_welfare,1.0.0,utility,landlord_2,landlord_2,73.64,utility_points,"{""disagreement_utility"":0.0}",ok,valid,[],"[""event_00000251""]",evaluation_receipt,episode_attempt_1933a7293cc8faf2cd72,a05d8ac0e7de206dc198c8f00d761344887a36cd7dee979c4cfdcac1f71d2f4f,true
result_d7d474d38ae4d0428d6498c7,runplan_fc2c35626b700671,cell_d703a257c6d069c6f178,housing_v1__experiment__000005,housing_v1,housing_controlled_model_landlords_experiment,episode_attempt_1933a7293cc8faf2cd72,a05d8ac0e7de206dc198c8f00d761344887a36cd7dee979c4cfdcac1f71d2f4f,included,housing_social_welfare_leaf,1.0.0,social_welfare,1.0.0,utility,tenant_0,tenant_0,352.72,utility_points,"{""disagreement_utility"":0.0}",ok,valid,[],"[""event_00000251""]",evaluation_receipt,episode_attempt_1933a7293cc8faf2cd72,a05d8ac0e7de206dc198c8f00d761344887a36cd7dee979c4cfdcac1f71d2f4f,true
result_a54be9330ecec83f118511af,runplan_fc2c35626b700671,cell_d703a257c6d069c6f178,housing_v1__experiment__000005,housing_v1,housing_controlled_model_landlords_experiment,episode_attempt_1933a7293cc8faf2cd72,a05d8ac0e7de206dc198c8f00d761344887a36cd7dee979c4cfdcac1f71d2f4f,included,housing_social_welfare_leaf,1.0.0,social_welfare,1.0.0,utility,tenant_1,tenant_1,0.0,utility_points,"{""disagreement_utility"":0.0}",ok,valid,[],"[""event_00000251""]",evaluation_receipt,episode_attempt_1933a7293cc8faf2cd72,a05d8ac0e7de206dc198c8f00d761344887a36cd7dee979c4cfdcac1f71d2f4f,true
result_ed128ad82cfbd50edff48b10,runplan_fc2c35626b700671,cell_d703a257c6d069c6f178,housing_v1__experiment__000005,housing_v1,housing_controlled_model_landlords_experiment,episode_attempt_1933a7293cc8faf2cd72,a05d8ac0e7de206dc198c8f00d761344887a36cd7dee979c4cfdcac1f71d2f4f,included,housing_social_welfare_leaf,1.0.0,social_welfare,1.0.0,utility,tenant_2,tenant_2,195.75,utility_points,"{""disagreement_utility"":0.0}",ok,valid,[],"[""event_00000251""]",evaluation_receipt,episode_attempt_1933a7293cc8faf2cd72,a05d8ac0e7de206dc198c8f00d761344887a36cd7dee979c4cfdcac1f71d2f4f,true
result_89dd6778a7573534cdd2e201,runplan_fc2c35626b700671,cell_d703a257c6d069c6f178,housing_v1__experiment__000005,housing_v1,housing_controlled_model_landlords_experiment,episode_attempt_1933a7293cc8faf2cd72,a05d8ac0e7de206dc198c8f00d761344887a36cd7dee979c4cfdcac1f71d2f4f,included,housing_social_welfare_leaf,1.0.0,social_welfare,1.0.0,utility,tenant_3,tenant_3,0.0,utility_points,"{""disagreement_utility"":0.0}",ok,valid,[],"[""event_00000251""]",evaluation_receipt,episode_attempt_1933a7293cc8faf2cd72,a05d8ac0e7de206dc198c8f00d761344887a36cd7dee979c4cfdcac1f71d2f4f,true
result_e0086a21be24a5effb7b4b1d,runplan_fc2c35626b700671,cell_d703a257c6d069c6f178,housing_v1__experiment__000005,housing_v1,housing_controlled_model_landlords_experiment,episode_attempt_1933a7293cc8faf2cd72,a05d8ac0e7de206dc198c8f00d761344887a36cd7dee979c4cfdcac1f71d2f4f,included,housing_social_welfare_leaf,1.0.0,social_welfare,1.0.0,utility,tenant_4,tenant_4,496.55,utility_points,"{""disagreement_utility"":0.0}",ok,valid,[],"[""event_00000251""]",evaluation_receipt,episode_attempt_1933a7293cc8faf2cd72,a05d8ac0e7de206dc198c8f00d761344887a36cd7dee979c4cfdcac1f71d2f4f,true
result_49fc40ea053d80e835e968e8,runplan_fc2c35626b700671,cell_d703a257c6d069c6f178,housing_v1__experiment__000005,housing_v1,housing_controlled_model_landlords_experiment,episode_attempt_1933a7293cc8faf2cd72,a05d8ac0e7de206dc198c8f00d761344887a36cd7dee979c4cfdcac1f71d2f4f,included,housing_social_welfare_leaf,1.0.0,social_welfare,1.0.0,utility,tenant_5,tenant_5,0.0,utility_points,"{""disagreement_utility"":0.0}",ok,valid,[],"[""event_00000251""]",evaluation_receipt,episode_attempt_1933a7293cc8faf2cd72,a05d8ac0e7de206dc198c8f00d761344887a36cd7dee979c4cfdcac1f71d2f4f,true
result_d987485664bab69b77b8b80a,runplan_fc2c35626b700671,cell_d703a257c6d069c6f178,housing_v1__experiment__000005,housing_v1,housing_controlled_model_landlords_experiment,episode_attempt_1933a7293cc8faf2cd72,a05d8ac0e7de206dc198c8f00d761344887a36cd7dee979c4cfdcac1f71d2f4f,included,housing_social_welfare_leaf,1.0.0,social_welfare,1.0.0,capture,landlord_0,landlord_0,-37.71,utility_points,"{""disagreement_utility"":0.0}",ok,valid,[],"[""event_00000251""]",evaluation_receipt,episode_attempt_1933a7293cc8faf2cd72,a05d8ac0e7de206dc198c8f00d761344887a36cd7dee979c4cfdcac1f71d2f4f,true
result_7a4455d61ffa535a9ff3c71f,runplan_fc2c35626b700671,cell_d703a257c6d069c6f178,housing_v1__experiment__000005,housing_v1,housing_controlled_model_landlords_experiment,episode_attempt_1933a7293cc8faf2cd72,a05d8ac0e7de206dc198c8f00d761344887a36cd7dee979c4cfdcac1f71d2f4f,included,housing_social_welfare_leaf,1.0.0,social_welfare,1.0.0,capture,landlord_1,landlord_1,77.99,utility_points,"{""disagreement_utility"":0.0}",ok,valid,[],"[""event_00000251""]",evaluation_receipt,episode_attempt_1933a7293cc8faf2cd72,a05d8ac0e7de206dc198c8f00d761344887a36cd7dee979c4cfdcac1f71d2f4f,true
result_e6cf10b53a776e0e80a8ce11,runplan_fc2c35626b700671,cell_d703a257c6d069c6f178,housing_v1__experiment__000005,housing_v1,housing_controlled_model_landlords_experiment,episode_attempt_1933a7293cc8faf2cd72,a05d8ac0e7de206dc198c8f00d761344887a36cd7dee979c4cfdcac1f71d2f4f,included,housing_social_welfare_leaf,1.0.0,social_welfare,1.0.0,capture,landlord_2,landlord_2,73.64,utility_points,"{""disagreement_utility"":0.0}",ok,valid,[],"[""event_00000251""]",evaluation_receipt,episode_attempt_1933a7293cc8faf2cd72,a05d8ac0e7de206dc198c8f00d761344887a36cd7dee979c4cfdcac1f71d2f4f,true
result_eeb633580c20a75543b8e459,runplan_fc2c35626b700671,cell_d703a257c6d069c6f178,housing_v1__experiment__000005,housing_v1,housing_controlled_model_landlords_experiment,episode_attempt_1933a7293cc8faf2cd72,a05d8ac0e7de206dc198c8f00d761344887a36cd7dee979c4cfdcac1f71d2f4f,included,housing_social_welfare_leaf,1.0.0,social_welfare,1.0.0,capture,tenant_0,tenant_0,352.72,utility_points,"{""disagreement_utility"":0.0}",ok,valid,[],"[""event_00000251""]",evaluation_receipt,episode_attempt_1933a7293cc8faf2cd72,a05d8ac0e7de206dc198c8f00d761344887a36cd7dee979c4cfdcac1f71d2f4f,true
result_994fd95f5f4698bc0f0945d2,runplan_fc2c35626b700671,cell_d703a257c6d069c6f178,housing_v1__experiment__000005,housing_v1,housing_controlled_model_landlords_experiment,episode_attempt_1933a7293cc8faf2cd72,a05d8ac0e7de206dc198c8f00d761344887a36cd7dee979c4cfdcac1f71d2f4f,included,housing_social_welfare_leaf,1.0.0,social_welfare,1.0.0,capture,tenant_1,tenant_1,0.0,utility_points,"{""disagreement_utility"":0.0}",ok,valid,[],"[""event_00000251""]",evaluation_receipt,episode_attempt_1933a7293cc8faf2cd72,a05d8ac0e7de206dc198c8f00d761344887a36cd7dee979c4cfdcac1f71d2f4f,true
result_f4b52a29123646ff3008adb5,runplan_fc2c35626b700671,cell_d703a257c6d069c6f178,housing_v1__experiment__000005,housing_v1,housing_controlled_model_landlords_experiment,episode_attempt_1933a7293cc8faf2cd72,a05d8ac0e7de206dc198c8f00d761344887a36cd7dee979c4cfdcac1f71d2f4f,included,housing_social_welfare_leaf,1.0.0,social_welfare,1.0.0,capture,tenant_2,tenant_2,195.75,utility_points,"{""disagreement_utility"":0.0}",ok,valid,[],"[""event_00000251""]",evaluation_receipt,episode_attempt_1933a7293cc8faf2cd72,a05d8ac0e7de206dc198c8f00d761344887a36cd7dee979c4cfdcac1f71d2f4f,true
result_199623a5cd163af05f48f09b,runplan_fc2c35626b700671,cell_d703a257c6d069c6f178,housing_v1__experiment__000005,housing_v1,housing_controlled_model_landlords_experiment,episode_attempt_1933a7293cc8faf2cd72,a05d8ac0e7de206dc198c8f00d761344887a36cd7dee979c4cfdcac1f71d2f4f,included,housing_social_welfare_leaf,1.0.0,social_welfare,1.0.0,capture,tenant_3,tenant_3,0.0,utility_points,"{""disagreement_utility"":0.0}",ok,valid,[],"[""event_00000251""]",evaluation_receipt,episode_attempt_1933a7293cc8faf2cd72,a05d8ac0e7de206dc198c8f00d761344887a36cd7dee979c4cfdcac1f71d2f4f,true
result_2caf84d34aca282da40b1a28,runplan_fc2c35626b700671,cell_d703a257c6d069c6f178,housing_v1__experiment__000005,housing_v1,housing_controlled_model_landlords_experiment,episode_attempt_1933a7293cc8faf2cd72,a05d8ac0e7de206dc198c8f00d761344887a36cd7dee979c4cfdcac1f71d2f4f,included,housing_social_welfare_leaf,1.0.0,social_welfare,1.0.0,capture,tenant_4,tenant_4,496.55,utility_points,"{""disagreement_utility"":0.0}",ok,valid,[],"[""event_00000251""]",evaluation_receipt,episode_attempt_1933a7293cc8faf2cd72,a05d8ac0e7de206dc198c8f00d761344887a36cd7dee979c4cfdcac1f71d2f4f,true
result_0d2ce5d99b1c686ec58b8dbc,runplan_fc2c35626b700671,cell_d703a257c6d069c6f178,housing_v1__experiment__000005,housing_v1,housing_controlled_model_landlords_experiment,episode_attempt_1933a7293cc8faf2cd72,a05d8ac0e7de206dc198c8f00d761344887a36cd7dee979c4cfdcac1f71d2f4f,included,housing_social_welfare_leaf,1.0.0,social_welfare,1.0.0,capture,tenant_5,tenant_5,0.0,utility_points,"{""disagreement_utility"":0.0}",ok,valid,[],"[""event_00000251""]",evaluation_receipt,episode_attempt_1933a7293cc8faf2cd72,a05d8ac0e7de206dc198c8f00d761344887a36cd7dee979c4cfdcac1f71d2f4f,true
result_ddb981527f57a0ca9d81c64b,runplan_fc2c35626b700671,cell_da361cb67dfa7d843d83,housing_v1__experiment__000007,housing_v1,housing_controlled_model_landlords_experiment,episode_attempt_0b9868a4e61886419f4f,30f7acf3cf217bb29034982684a83057f4460fbe6ea328232a6143b9a0db3f41,included,housing_social_welfare_leaf,1.0.0,social_welfare,1.0.0,primary,social_welfare,,768.55,utility_points,{},ok,valid,[],"[""event_00000217""]",evaluation_receipt,episode_attempt_0b9868a4e61886419f4f,30f7acf3cf217bb29034982684a83057f4460fbe6ea328232a6143b9a0db3f41,true
result_ec21edca83402d72a531971b,runplan_fc2c35626b700671,cell_da361cb67dfa7d843d83,housing_v1__experiment__000007,housing_v1,housing_controlled_model_landlords_experiment,episode_attempt_0b9868a4e61886419f4f,30f7acf3cf217bb29034982684a83057f4460fbe6ea328232a6143b9a0db3f41,included,housing_social_welfare_leaf,1.0.0,social_welfare,1.0.0,metric,comparison_baseline_gap,,0.0,utility_points,{},ok,valid,[],"[""event_00000217""]",evaluation_receipt,episode_attempt_0b9868a4e61886419f4f,30f7acf3cf217bb29034982684a83057f4460fbe6ea328232a6143b9a0db3f41,true
result_3783c196f6c97559a5c2f86f,runplan_fc2c35626b700671,cell_da361cb67dfa7d843d83,housing_v1__experiment__000007,housing_v1,housing_controlled_model_landlords_experiment,episode_attempt_0b9868a4e61886419f4f,30f7acf3cf217bb29034982684a83057f4460fbe6ea328232a6143b9a0db3f41,included,housing_social_welfare_leaf,1.0.0,social_welfare,1.0.0,metric,ir_violation_count,,0.0,count,{},ok,valid,[],"[""event_00000217""]",evaluation_receipt,episode_attempt_0b9868a4e61886419f4f,30f7acf3cf217bb29034982684a83057f4460fbe6ea328232a6143b9a0db3f41,true
result_f748145de5e09610fba8d816,runplan_fc2c35626b700671,cell_da361cb67dfa7d843d83,housing_v1__experiment__000007,housing_v1,housing_controlled_model_landlords_experiment,episode_attempt_0b9868a4e61886419f4f,30f7acf3cf217bb29034982684a83057f4460fbe6ea328232a6143b9a0db3f41,included,housing_social_welfare_leaf,1.0.0,social_welfare,1.0.0,metric,social_welfare,,768.55,utility_points,{},ok,valid,[],"[""event_00000217""]",evaluation_receipt,episode_attempt_0b9868a4e61886419f4f,30f7acf3cf217bb29034982684a83057f4460fbe6ea328232a6143b9a0db3f41,true
result_1ea5e346fccc0d4332791d76,runplan_fc2c35626b700671,cell_da361cb67dfa7d843d83,housing_v1__experiment__000007,housing_v1,housing_controlled_model_landlords_experiment,episode_attempt_0b9868a4e61886419f4f,30f7acf3cf217bb29034982684a83057f4460fbe6ea328232a6143b9a0db3f41,included,housing_social_welfare_leaf,1.0.0,social_welfare,1.0.0,metric,upper_bound_gap,,564.1300000000001,utility_points,{},ok,valid,[],"[""event_00000217""]",evaluation_receipt,episode_attempt_0b9868a4e61886419f4f,30f7acf3cf217bb29034982684a83057f4460fbe6ea328232a6143b9a0db3f41,true
result_86bd7d61357aaa0e367189ff,runplan_fc2c35626b700671,cell_da361cb67dfa7d843d83,housing_v1__experiment__000007,housing_v1,housing_controlled_model_landlords_experiment,episode_attempt_0b9868a4e61886419f4f,30f7acf3cf217bb29034982684a83057f4460fbe6ea328232a6143b9a0db3f41,included,housing_social_welfare_leaf,1.0.0,social_welfare,1.0.0,metric,wasted_contacts,,5.0,count,{},ok,valid,[],"[""event_00000217""]",evaluation_receipt,episode_attempt_0b9868a4e61886419f4f,30f7acf3cf217bb29034982684a83057f4460fbe6ea328232a6143b9a0db3f41,true
result_2e301fa8f3b89f9beaeb1236,runplan_fc2c35626b700671,cell_da361cb67dfa7d843d83,housing_v1__experiment__000007,housing_v1,housing_controlled_model_landlords_experiment,episode_attempt_0b9868a4e61886419f4f,30f7acf3cf217bb29034982684a83057f4460fbe6ea328232a6143b9a0db3f41,included,housing_social_welfare_leaf,1.0.0,social_welfare,1.0.0,metric,within_case_score,,0.5766950805894888,ratio,{},ok,valid,[],"[""event_00000217""]",evaluation_receipt,episode_attempt_0b9868a4e61886419f4f,30f7acf3cf217bb29034982684a83057f4460fbe6ea328232a6143b9a0db3f41,true
result_a182148a36a2036fdf0bdcfd,runplan_fc2c35626b700671,cell_da361cb67dfa7d843d83,housing_v1__experiment__000007,housing_v1,housing_controlled_model_landlords_experiment,episode_attempt_0b9868a4e61886419f4f,30f7acf3cf217bb29034982684a83057f4460fbe6ea328232a6143b9a0db3f41,included,housing_social_welfare_leaf,1.0.0,social_welfare,1.0.0,reference,comparison_baseline,,768.55,utility_points,"{""policy"":""naive"",""reference_kind"":""comparison_baseline""}",ok,valid,[],"[""event_00000217""]",evaluation_receipt,episode_attempt_0b9868a4e61886419f4f,30f7acf3cf217bb29034982684a83057f4460fbe6ea328232a6143b9a0db3f41,true
result_d9b854f7bb9f53077b6671b2,runplan_fc2c35626b700671,cell_da361cb67dfa7d843d83,housing_v1__experiment__000007,housing_v1,housing_controlled_model_landlords_experiment,episode_attempt_0b9868a4e61886419f4f,30f7acf3cf217bb29034982684a83057f4460fbe6ea328232a6143b9a0db3f41,included,housing_social_welfare_leaf,1.0.0,social_welfare,1.0.0,reference,optimum_lower_bound,,0.0,utility_points,"{""policy"":""do_nothing"",""reference_kind"":""objective_lower_bound""}",ok,valid,[],"[""event_00000217""]",evaluation_receipt,episode_attempt_0b9868a4e61886419f4f,30f7acf3cf217bb29034982684a83057f4460fbe6ea328232a6143b9a0db3f41,true
result_f06169ab766b40d0765b67a2,runplan_fc2c35626b700671,cell_da361cb67dfa7d843d83,housing_v1__experiment__000007,housing_v1,housing_controlled_model_landlords_experiment,episode_attempt_0b9868a4e61886419f4f,30f7acf3cf217bb29034982684a83057f4460fbe6ea328232a6143b9a0db3f41,included,housing_social_welfare_leaf,1.0.0,social_welfare,1.0.0,reference,optimum_upper_bound,,1332.68,utility_points,"{""reference_kind"":""objective_upper_bound"",""semantics"":""full_information_allocation_relaxation""}",ok,valid,[],"[""event_00000217""]",evaluation_receipt,episode_attempt_0b9868a4e61886419f4f,30f7acf3cf217bb29034982684a83057f4460fbe6ea328232a6143b9a0db3f41,true
result_fe1a2381e4a40c75ba9f2eca,runplan_fc2c35626b700671,cell_da361cb67dfa7d843d83,housing_v1__experiment__000007,housing_v1,housing_controlled_model_landlords_experiment,episode_attempt_0b9868a4e61886419f4f,30f7acf3cf217bb29034982684a83057f4460fbe6ea328232a6143b9a0db3f41,included,housing_social_welfare_leaf,1.0.0,social_welfare,1.0.0,utility,landlord_0,landlord_0,23.64,utility_points,"{""disagreement_utility"":0.0}",ok,valid,[],"[""event_00000217""]",evaluation_receipt,episode_attempt_0b9868a4e61886419f4f,30f7acf3cf217bb29034982684a83057f4460fbe6ea328232a6143b9a0db3f41,true
result_215ca15de2be49801568b686,runplan_fc2c35626b700671,cell_da361cb67dfa7d843d83,housing_v1__experiment__000007,housing_v1,housing_controlled_model_landlords_experiment,episode_attempt_0b9868a4e61886419f4f,30f7acf3cf217bb29034982684a83057f4460fbe6ea328232a6143b9a0db3f41,included,housing_social_welfare_leaf,1.0.0,social_welfare,1.0.0,utility,landlord_1,landlord_1,26.68,utility_points,"{""disagreement_utility"":0.0}",ok,valid,[],"[""event_00000217""]",evaluation_receipt,episode_attempt_0b9868a4e61886419f4f,30f7acf3cf217bb29034982684a83057f4460fbe6ea328232a6143b9a0db3f41,true
result_43f36a086fdc2e2a7da63ca3,runplan_fc2c35626b700671,cell_da361cb67dfa7d843d83,housing_v1__experiment__000007,housing_v1,housing_controlled_model_landlords_experiment,episode_attempt_0b9868a4e61886419f4f,30f7acf3cf217bb29034982684a83057f4460fbe6ea328232a6143b9a0db3f41,included,housing_social_welfare_leaf,1.0.0,social_welfare,1.0.0,utility,landlord_2,landlord_2,75.42,utility_points,"{""disagreement_utility"":0.0}",ok,valid,[],"[""event_00000217""]",evaluation_receipt,episode_attempt_0b9868a4e61886419f4f,30f7acf3cf217bb29034982684a83057f4460fbe6ea328232a6143b9a0db3f41,true
result_81f8c8265416709767173b3f,runplan_fc2c35626b700671,cell_da361cb67dfa7d843d83,housing_v1__experiment__000007,housing_v1,housing_controlled_model_landlords_experiment,episode_attempt_0b9868a4e61886419f4f,30f7acf3cf217bb29034982684a83057f4460fbe6ea328232a6143b9a0db3f41,included,housing_social_welfare_leaf,1.0.0,social_welfare,1.0.0,utility,tenant_0,tenant_0,229.36,utility_points,"{""disagreement_utility"":0.0}",ok,valid,[],"[""event_00000217""]",evaluation_receipt,episode_attempt_0b9868a4e61886419f4f,30f7acf3cf217bb29034982684a83057f4460fbe6ea328232a6143b9a0db3f41,true
result_65a6b3411aaaca3d9763a9dc,runplan_fc2c35626b700671,cell_da361cb67dfa7d843d83,housing_v1__experiment__000007,housing_v1,housing_controlled_model_landlords_experiment,episode_attempt_0b9868a4e61886419f4f,30f7acf3cf217bb29034982684a83057f4460fbe6ea328232a6143b9a0db3f41,included,housing_social_welfare_leaf,1.0.0,social_welfare,1.0.0,utility,tenant_1,tenant_1,368.31,utility_points,"{""disagreement_utility"":0.0}",ok,valid,[],"[""event_00000217""]",evaluation_receipt,episode_attempt_0b9868a4e61886419f4f,30f7acf3cf217bb29034982684a83057f4460fbe6ea328232a6143b9a0db3f41,true
result_138fe2b3d2bff294253b2b68,runplan_fc2c35626b700671,cell_da361cb67dfa7d843d83,housing_v1__experiment__000007,housing_v1,housing_controlled_model_landlords_experiment,episode_attempt_0b9868a4e61886419f4f,30f7acf3cf217bb29034982684a83057f4460fbe6ea328232a6143b9a0db3f41,included,housing_social_welfare_leaf,1.0.0,social_welfare,1.0.0,utility,tenant_2,tenant_2,45.14,utility_points,"{""disagreement_utility"":0.0}",ok,valid,[],"[""event_00000217""]",evaluation_receipt,episode_attempt_0b9868a4e61886419f4f,30f7acf3cf217bb29034982684a83057f4460fbe6ea328232a6143b9a0db3f41,true
result_edf1305a273921d58214a591,runplan_fc2c35626b700671,cell_da361cb67dfa7d843d83,housing_v1__experiment__000007,housing_v1,housing_controlled_model_landlords_experiment,episode_attempt_0b9868a4e61886419f4f,30f7acf3cf217bb29034982684a83057f4460fbe6ea328232a6143b9a0db3f41,included,housing_social_welfare_leaf,1.0.0,social_welfare,1.0.0,utility,tenant_3,tenant_3,0.0,utility_points,"{""disagreement_utility"":0.0}",ok,valid,[],"[""event_00000217""]",evaluation_receipt,episode_attempt_0b9868a4e61886419f4f,30f7acf3cf217bb29034982684a83057f4460fbe6ea328232a6143b9a0db3f41,true
result_3101854f697a9722c86f2d65,runplan_fc2c35626b700671,cell_da361cb67dfa7d843d83,housing_v1__experiment__000007,housing_v1,housing_controlled_model_landlords_experiment,episode_attempt_0b9868a4e61886419f4f,30f7acf3cf217bb29034982684a83057f4460fbe6ea328232a6143b9a0db3f41,included,housing_social_welfare_leaf,1.0.0,social_welfare,1.0.0,utility,tenant_4,tenant_4,0.0,utility_points,"{""disagreement_utility"":0.0}",ok,valid,[],"[""event_00000217""]",evaluation_receipt,episode_attempt_0b9868a4e61886419f4f,30f7acf3cf217bb29034982684a83057f4460fbe6ea328232a6143b9a0db3f41,true
result_e460d8a2201241efb3030dde,runplan_fc2c35626b700671,cell_da361cb67dfa7d843d83,housing_v1__experiment__000007,housing_v1,housing_controlled_model_landlords_experiment,episode_attempt_0b9868a4e61886419f4f,30f7acf3cf217bb29034982684a83057f4460fbe6ea328232a6143b9a0db3f41,included,housing_social_welfare_leaf,1.0.0,social_welfare,1.0.0,utility,tenant_5,tenant_5,0.0,utility_points,"{""disagreement_utility"":0.0}",ok,valid,[],"[""event_00000217""]",evaluation_receipt,episode_attempt_0b9868a4e61886419f4f,30f7acf3cf217bb29034982684a83057f4460fbe6ea328232a6143b9a0db3f41,true
result_c9a86a55010f3db3f8c20afb,runplan_fc2c35626b700671,cell_da361cb67dfa7d843d83,housing_v1__experiment__000007,housing_v1,housing_controlled_model_landlords_experiment,episode_attempt_0b9868a4e61886419f4f,30f7acf3cf217bb29034982684a83057f4460fbe6ea328232a6143b9a0db3f41,included,housing_social_welfare_leaf,1.0.0,social_welfare,1.0.0,capture,landlord_0,landlord_0,23.64,utility_points,"{""disagreement_utility"":0.0}",ok,valid,[],"[""event_00000217""]",evaluation_receipt,episode_attempt_0b9868a4e61886419f4f,30f7acf3cf217bb29034982684a83057f4460fbe6ea328232a6143b9a0db3f41,true
result_9ecb0124dd7994920858fe39,runplan_fc2c35626b700671,cell_da361cb67dfa7d843d83,housing_v1__experiment__000007,housing_v1,housing_controlled_model_landlords_experiment,episode_attempt_0b9868a4e61886419f4f,30f7acf3cf217bb29034982684a83057f4460fbe6ea328232a6143b9a0db3f41,included,housing_social_welfare_leaf,1.0.0,social_welfare,1.0.0,capture,landlord_1,landlord_1,26.68,utility_points,"{""disagreement_utility"":0.0}",ok,valid,[],"[""event_00000217""]",evaluation_receipt,episode_attempt_0b9868a4e61886419f4f,30f7acf3cf217bb29034982684a83057f4460fbe6ea328232a6143b9a0db3f41,true
result_dd39262603bf41baf8ad385e,runplan_fc2c35626b700671,cell_da361cb67dfa7d843d83,housing_v1__experiment__000007,housing_v1,housing_controlled_model_landlords_experiment,episode_attempt_0b9868a4e61886419f4f,30f7acf3cf217bb29034982684a83057f4460fbe6ea328232a6143b9a0db3f41,included,housing_social_welfare_leaf,1.0.0,social_welfare,1.0.0,capture,landlord_2,landlord_2,75.42,utility_points,"{""disagreement_utility"":0.0}",ok,valid,[],"[""event_00000217""]",evaluation_receipt,episode_attempt_0b9868a4e61886419f4f,30f7acf3cf217bb29034982684a83057f4460fbe6ea328232a6143b9a0db3f41,true
result_5c8310726c8005fea01e4373,runplan_fc2c35626b700671,cell_da361cb67dfa7d843d83,housing_v1__experiment__000007,housing_v1,housing_controlled_model_landlords_experiment,episode_attempt_0b9868a4e61886419f4f,30f7acf3cf217bb29034982684a83057f4460fbe6ea328232a6143b9a0db3f41,included,housing_social_welfare_leaf,1.0.0,social_welfare,1.0.0,capture,tenant_0,tenant_0,229.36,utility_points,"{""disagreement_utility"":0.0}",ok,valid,[],"[""event_00000217""]",evaluation_receipt,episode_attempt_0b9868a4e61886419f4f,30f7acf3cf217bb29034982684a83057f4460fbe6ea328232a6143b9a0db3f41,true
result_fd35d2cd964b6dc07d06d3e2,runplan_fc2c35626b700671,cell_da361cb67dfa7d843d83,housing_v1__experiment__000007,housing_v1,housing_controlled_model_landlords_experiment,episode_attempt_0b9868a4e61886419f4f,30f7acf3cf217bb29034982684a83057f4460fbe6ea328232a6143b9a0db3f41,included,housing_social_welfare_leaf,1.0.0,social_welfare,1.0.0,capture,tenant_1,tenant_1,368.31,utility_points,"{""disagreement_utility"":0.0}",ok,valid,[],"[""event_00000217""]",evaluation_receipt,episode_attempt_0b9868a4e61886419f4f,30f7acf3cf217bb29034982684a83057f4460fbe6ea328232a6143b9a0db3f41,true
result_542a0729659311a9459c6409,runplan_fc2c35626b700671,cell_da361cb67dfa7d843d83,housing_v1__experiment__000007,housing_v1,housing_controlled_model_landlords_experiment,episode_attempt_0b9868a4e61886419f4f,30f7acf3cf217bb29034982684a83057f4460fbe6ea328232a6143b9a0db3f41,included,housing_social_welfare_leaf,1.0.0,social_welfare,1.0.0,capture,tenant_2,tenant_2,45.14,utility_points,"{""disagreement_utility"":0.0}",ok,valid,[],"[""event_00000217""]",evaluation_receipt,episode_attempt_0b9868a4e61886419f4f,30f7acf3cf217bb29034982684a83057f4460fbe6ea328232a6143b9a0db3f41,true
result_2666976669f900d84e560581,runplan_fc2c35626b700671,cell_da361cb67dfa7d843d83,housing_v1__experiment__000007,housing_v1,housing_controlled_model_landlords_experiment,episode_attempt_0b9868a4e61886419f4f,30f7acf3cf217bb29034982684a83057f4460fbe6ea328232a6143b9a0db3f41,included,housing_social_welfare_leaf,1.0.0,social_welfare,1.0.0,capture,tenant_3,tenant_3,0.0,utility_points,"{""disagreement_utility"":0.0}",ok,valid,[],"[""event_00000217""]",evaluation_receipt,episode_attempt_0b9868a4e61886419f4f,30f7acf3cf217bb29034982684a83057f4460fbe6ea328232a6143b9a0db3f41,true
result_fc4d9921cdf7322649b4ec27,runplan_fc2c35626b700671,cell_da361cb67dfa7d843d83,housing_v1__experiment__000007,housing_v1,housing_controlled_model_landlords_experiment,episode_attempt_0b9868a4e61886419f4f,30f7acf3cf217bb29034982684a83057f4460fbe6ea328232a6143b9a0db3f41,included,housing_social_welfare_leaf,1.0.0,social_welfare,1.0.0,capture,tenant_4,tenant_4,0.0,utility_points,"{""disagreement_utility"":0.0}",ok,valid,[],"[""event_00000217""]",evaluation_receipt,episode_attempt_0b9868a4e61886419f4f,30f7acf3cf217bb29034982684a83057f4460fbe6ea328232a6143b9a0db3f41,true
result_9233d1d5c953bed50244e0fd,runplan_fc2c35626b700671,cell_da361cb67dfa7d843d83,housing_v1__experiment__000007,housing_v1,housing_controlled_model_landlords_experiment,episode_attempt_0b9868a4e61886419f4f,30f7acf3cf217bb29034982684a83057f4460fbe6ea328232a6143b9a0db3f41,included,housing_social_welfare_leaf,1.0.0,social_welfare,1.0.0,capture,tenant_5,tenant_5,0.0,utility_points,"{""disagreement_utility"":0.0}",ok,valid,[],"[""event_00000217""]",evaluation_receipt,episode_attempt_0b9868a4e61886419f4f,30f7acf3cf217bb29034982684a83057f4460fbe6ea328232a6143b9a0db3f41,true
result_75df7053c8dab4803f2f590c,runplan_fc2c35626b700671,cell_e1e94e6f32350f005675,housing_v1__experiment__000004,housing_v1,housing_controlled_model_landlords_experiment,episode_attempt_6c276b93d911a501f8e7,286e52b176434a011f308382d026c07ca8a8a42da41e061e6018f2f8c8f8dc9a,included,housing_social_welfare_leaf,1.0.0,social_welfare,1.0.0,primary,social_welfare,,631.54,utility_points,{},ok,valid,[],"[""event_00000134""]",evaluation_receipt,episode_attempt_6c276b93d911a501f8e7,286e52b176434a011f308382d026c07ca8a8a42da41e061e6018f2f8c8f8dc9a,true
result_439b33e1fbc8abf49ba6c599,runplan_fc2c35626b700671,cell_e1e94e6f32350f005675,housing_v1__experiment__000004,housing_v1,housing_controlled_model_landlords_experiment,episode_attempt_6c276b93d911a501f8e7,286e52b176434a011f308382d026c07ca8a8a42da41e061e6018f2f8c8f8dc9a,included,housing_social_welfare_leaf,1.0.0,social_welfare,1.0.0,metric,comparison_baseline_gap,,-122.15000000000009,utility_points,{},ok,valid,[],"[""event_00000134""]",evaluation_receipt,episode_attempt_6c276b93d911a501f8e7,286e52b176434a011f308382d026c07ca8a8a42da41e061e6018f2f8c8f8dc9a,true
result_82ff667767912309866b8bbc,runplan_fc2c35626b700671,cell_e1e94e6f32350f005675,housing_v1__experiment__000004,housing_v1,housing_controlled_model_landlords_experiment,episode_attempt_6c276b93d911a501f8e7,286e52b176434a011f308382d026c07ca8a8a42da41e061e6018f2f8c8f8dc9a,included,housing_social_welfare_leaf,1.0.0,social_welfare,1.0.0,metric,ir_violation_count,,0.0,count,{},ok,valid,[],"[""event_00000134""]",evaluation_receipt,episode_attempt_6c276b93d911a501f8e7,286e52b176434a011f308382d026c07ca8a8a42da41e061e6018f2f8c8f8dc9a,true
result_07e612f86b78e66274aeadb7,runplan_fc2c35626b700671,cell_e1e94e6f32350f005675,housing_v1__experiment__000004,housing_v1,housing_controlled_model_landlords_experiment,episode_attempt_6c276b93d911a501f8e7,286e52b176434a011f308382d026c07ca8a8a42da41e061e6018f2f8c8f8dc9a,included,housing_social_welfare_leaf,1.0.0,social_welfare,1.0.0,metric,social_welfare,,631.54,utility_points,{},ok,valid,[],"[""event_00000134""]",evaluation_receipt,episode_attempt_6c276b93d911a501f8e7,286e52b176434a011f308382d026c07ca8a8a42da41e061e6018f2f8c8f8dc9a,true
result_2267fe92856a937afda2d822,runplan_fc2c35626b700671,cell_e1e94e6f32350f005675,housing_v1__experiment__000004,housing_v1,housing_controlled_model_landlords_experiment,episode_attempt_6c276b93d911a501f8e7,286e52b176434a011f308382d026c07ca8a8a42da41e061e6018f2f8c8f8dc9a,included,housing_social_welfare_leaf,1.0.0,social_welfare,1.0.0,metric,upper_bound_gap,,507.19000000000005,utility_points,{},ok,valid,[],"[""event_00000134""]",evaluation_receipt,episode_attempt_6c276b93d911a501f8e7,286e52b176434a011f308382d026c07ca8a8a42da41e061e6018f2f8c8f8dc9a,true
result_bae595f41c0a22e13a576a0d,runplan_fc2c35626b700671,cell_e1e94e6f32350f005675,housing_v1__experiment__000004,housing_v1,housing_controlled_model_landlords_experiment,episode_attempt_6c276b93d911a501f8e7,286e52b176434a011f308382d026c07ca8a8a42da41e061e6018f2f8c8f8dc9a,included,housing_social_welfare_leaf,1.0.0,social_welfare,1.0.0,metric,wasted_contacts,,3.0,count,{},ok,valid,[],"[""event_00000134""]",evaluation_receipt,episode_attempt_6c276b93d911a501f8e7,286e52b176434a011f308382d026c07ca8a8a42da41e061e6018f2f8c8f8dc9a,true
result_40d1cf404ef2f76dd898285f,runplan_fc2c35626b700671,cell_e1e94e6f32350f005675,housing_v1__experiment__000004,housing_v1,housing_controlled_model_landlords_experiment,episode_attempt_6c276b93d911a501f8e7,286e52b176434a011f308382d026c07ca8a8a42da41e061e6018f2f8c8f8dc9a,included,housing_social_welfare_leaf,1.0.0,social_welfare,1.0.0,metric,within_case_score,,0.5546003003345832,ratio,{},ok,valid,[],"[""event_00000134""]",evaluation_receipt,episode_attempt_6c276b93d911a501f8e7,286e52b176434a011f308382d026c07ca8a8a42da41e061e6018f2f8c8f8dc9a,true
result_96f420a5e03b8c0ef0f78ce3,runplan_fc2c35626b700671,cell_e1e94e6f32350f005675,housing_v1__experiment__000004,housing_v1,housing_controlled_model_landlords_experiment,episode_attempt_6c276b93d911a501f8e7,286e52b176434a011f308382d026c07ca8a8a42da41e061e6018f2f8c8f8dc9a,included,housing_social_welfare_leaf,1.0.0,social_welfare,1.0.0,reference,comparison_baseline,,753.69,utility_points,"{""policy"":""naive"",""reference_kind"":""comparison_baseline""}",ok,valid,[],"[""event_00000134""]",evaluation_receipt,episode_attempt_6c276b93d911a501f8e7,286e52b176434a011f308382d026c07ca8a8a42da41e061e6018f2f8c8f8dc9a,true
result_5ca9f55f73458b1b633e9e34,runplan_fc2c35626b700671,cell_e1e94e6f32350f005675,housing_v1__experiment__000004,housing_v1,housing_controlled_model_landlords_experiment,episode_attempt_6c276b93d911a501f8e7,286e52b176434a011f308382d026c07ca8a8a42da41e061e6018f2f8c8f8dc9a,included,housing_social_welfare_leaf,1.0.0,social_welfare,1.0.0,reference,optimum_lower_bound,,0.0,utility_points,"{""policy"":""do_nothing"",""reference_kind"":""objective_lower_bound""}",ok,valid,[],"[""event_00000134""]",evaluation_receipt,episode_attempt_6c276b93d911a501f8e7,286e52b176434a011f308382d026c07ca8a8a42da41e061e6018f2f8c8f8dc9a,true
result_a84809d4c48a259f23f0e5d9,runplan_fc2c35626b700671,cell_e1e94e6f32350f005675,housing_v1__experiment__000004,housing_v1,housing_controlled_model_landlords_experiment,episode_attempt_6c276b93d911a501f8e7,286e52b176434a011f308382d026c07ca8a8a42da41e061e6018f2f8c8f8dc9a,included,housing_social_welfare_leaf,1.0.0,social_welfare,1.0.0,reference,optimum_upper_bound,,1138.73,utility_points,"{""reference_kind"":""objective_upper_bound"",""semantics"":""full_information_allocation_relaxation""}",ok,valid,[],"[""event_00000134""]",evaluation_receipt,episode_attempt_6c276b93d911a501f8e7,286e52b176434a011f308382d026c07ca8a8a42da41e061e6018f2f8c8f8dc9a,true
result_48bd0fb5c94b1190ae72f242,runplan_fc2c35626b700671,cell_e1e94e6f32350f005675,housing_v1__experiment__000004,housing_v1,housing_controlled_model_landlords_experiment,episode_attempt_6c276b93d911a501f8e7,286e52b176434a011f308382d026c07ca8a8a42da41e061e6018f2f8c8f8dc9a,included,housing_social_welfare_leaf,1.0.0,social_welfare,1.0.0,utility,landlord_0,landlord_0,88.38,utility_points,"{""disagreement_utility"":0.0}",ok,valid,[],"[""event_00000134""]",evaluation_receipt,episode_attempt_6c276b93d911a501f8e7,286e52b176434a011f308382d026c07ca8a8a42da41e061e6018f2f8c8f8dc9a,true
result_b9d7bbd60bf25ea1ea1f3a9e,runplan_fc2c35626b700671,cell_e1e94e6f32350f005675,housing_v1__experiment__000004,housing_v1,housing_controlled_model_landlords_experiment,episode_attempt_6c276b93d911a501f8e7,286e52b176434a011f308382d026c07ca8a8a42da41e061e6018f2f8c8f8dc9a,included,housing_social_welfare_leaf,1.0.0,social_welfare,1.0.0,utility,landlord_1,landlord_1,51.25,utility_points,"{""disagreement_utility"":0.0}",ok,valid,[],"[""event_00000134""]",evaluation_receipt,episode_attempt_6c276b93d911a501f8e7,286e52b176434a011f308382d026c07ca8a8a42da41e061e6018f2f8c8f8dc9a,true
result_a1fda0e150d8a2d6e2e556c5,runplan_fc2c35626b700671,cell_e1e94e6f32350f005675,housing_v1__experiment__000004,housing_v1,housing_controlled_model_landlords_experiment,episode_attempt_6c276b93d911a501f8e7,286e52b176434a011f308382d026c07ca8a8a42da41e061e6018f2f8c8f8dc9a,included,housing_social_welfare_leaf,1.0.0,social_welfare,1.0.0,utility,landlord_2,landlord_2,52.76,utility_points,"{""disagreement_utility"":0.0}",ok,valid,[],"[""event_00000134""]",evaluation_receipt,episode_attempt_6c276b93d911a501f8e7,286e52b176434a011f308382d026c07ca8a8a42da41e061e6018f2f8c8f8dc9a,true
result_635e11adeb9637510034b71a,runplan_fc2c35626b700671,cell_e1e94e6f32350f005675,housing_v1__experiment__000004,housing_v1,housing_controlled_model_landlords_experiment,episode_attempt_6c276b93d911a501f8e7,286e52b176434a011f308382d026c07ca8a8a42da41e061e6018f2f8c8f8dc9a,included,housing_social_welfare_leaf,1.0.0,social_welfare,1.0.0,utility,tenant_0,tenant_0,0.0,utility_points,"{""disagreement_utility"":0.0}",ok,valid,[],"[""event_00000134""]",evaluation_receipt,episode_attempt_6c276b93d911a501f8e7,286e52b176434a011f308382d026c07ca8a8a42da41e061e6018f2f8c8f8dc9a,true
result_3cdddcae6f0a7cbdebfc59f2,runplan_fc2c35626b700671,cell_e1e94e6f32350f005675,housing_v1__experiment__000004,housing_v1,housing_controlled_model_landlords_experiment,episode_attempt_6c276b93d911a501f8e7,286e52b176434a011f308382d026c07ca8a8a42da41e061e6018f2f8c8f8dc9a,included,housing_social_welfare_leaf,1.0.0,social_welfare,1.0.0,utility,tenant_1,tenant_1,0.0,utility_points,"{""disagreement_utility"":0.0}",ok,valid,[],"[""event_00000134""]",evaluation_receipt,episode_attempt_6c276b93d911a501f8e7,286e52b176434a011f308382d026c07ca8a8a42da41e061e6018f2f8c8f8dc9a,true
result_2ce82af94cc451c4e1abe5a7,runplan_fc2c35626b700671,cell_e1e94e6f32350f005675,housing_v1__experiment__000004,housing_v1,housing_controlled_model_landlords_experiment,episode_attempt_6c276b93d911a501f8e7,286e52b176434a011f308382d026c07ca8a8a42da41e061e6018f2f8c8f8dc9a,included,housing_social_welfare_leaf,1.0.0,social_welfare,1.0.0,utility,tenant_2,tenant_2,259.87,utility_points,"{""disagreement_utility"":0.0}",ok,valid,[],"[""event_00000134""]",evaluation_receipt,episode_attempt_6c276b93d911a501f8e7,286e52b176434a011f308382d026c07ca8a8a42da41e061e6018f2f8c8f8dc9a,true
result_7640c075506cfa85195e88fe,runplan_fc2c35626b700671,cell_e1e94e6f32350f005675,housing_v1__experiment__000004,housing_v1,housing_controlled_model_landlords_experiment,episode_attempt_6c276b93d911a501f8e7,286e52b176434a011f308382d026c07ca8a8a42da41e061e6018f2f8c8f8dc9a,included,housing_social_welfare_leaf,1.0.0,social_welfare,1.0.0,utility,tenant_3,tenant_3,115.81,utility_points,"{""disagreement_utility"":0.0}",ok,valid,[],"[""event_00000134""]",evaluation_receipt,episode_attempt_6c276b93d911a501f8e7,286e52b176434a011f308382d026c07ca8a8a42da41e061e6018f2f8c8f8dc9a,true
result_89726a462a3c2f208e19aa11,runplan_fc2c35626b700671,cell_e1e94e6f32350f005675,housing_v1__experiment__000004,housing_v1,housing_controlled_model_landlords_experiment,episode_attempt_6c276b93d911a501f8e7,286e52b176434a011f308382d026c07ca8a8a42da41e061e6018f2f8c8f8dc9a,included,housing_social_welfare_leaf,1.0.0,social_welfare,1.0.0,utility,tenant_4,tenant_4,0.0,utility_points,"{""disagreement_utility"":0.0}",ok,valid,[],"[""event_00000134""]",evaluation_receipt,episode_attempt_6c276b93d911a501f8e7,286e52b176434a011f308382d026c07ca8a8a42da41e061e6018f2f8c8f8dc9a,true
result_a43d5dae12d40012f38c746d,runplan_fc2c35626b700671,cell_e1e94e6f32350f005675,housing_v1__experiment__000004,housing_v1,housing_controlled_model_landlords_experiment,episode_attempt_6c276b93d911a501f8e7,286e52b176434a011f308382d026c07ca8a8a42da41e061e6018f2f8c8f8dc9a,included,housing_social_welfare_leaf,1.0.0,social_welfare,1.0.0,utility,tenant_5,tenant_5,63.47,utility_points,"{""disagreement_utility"":0.0}",ok,valid,[],"[""event_00000134""]",evaluation_receipt,episode_attempt_6c276b93d911a501f8e7,286e52b176434a011f308382d026c07ca8a8a42da41e061e6018f2f8c8f8dc9a,true
result_13cced2e93297c4b05f8cab0,runplan_fc2c35626b700671,cell_e1e94e6f32350f005675,housing_v1__experiment__000004,housing_v1,housing_controlled_model_landlords_experiment,episode_attempt_6c276b93d911a501f8e7,286e52b176434a011f308382d026c07ca8a8a42da41e061e6018f2f8c8f8dc9a,included,housing_social_welfare_leaf,1.0.0,social_welfare,1.0.0,capture,landlord_0,landlord_0,88.38,utility_points,"{""disagreement_utility"":0.0}",ok,valid,[],"[""event_00000134""]",evaluation_receipt,episode_attempt_6c276b93d911a501f8e7,286e52b176434a011f308382d026c07ca8a8a42da41e061e6018f2f8c8f8dc9a,true
result_a16674727d7290fe1eaefbd2,runplan_fc2c35626b700671,cell_e1e94e6f32350f005675,housing_v1__experiment__000004,housing_v1,housing_controlled_model_landlords_experiment,episode_attempt_6c276b93d911a501f8e7,286e52b176434a011f308382d026c07ca8a8a42da41e061e6018f2f8c8f8dc9a,included,housing_social_welfare_leaf,1.0.0,social_welfare,1.0.0,capture,landlord_1,landlord_1,51.25,utility_points,"{""disagreement_utility"":0.0}",ok,valid,[],"[""event_00000134""]",evaluation_receipt,episode_attempt_6c276b93d911a501f8e7,286e52b176434a011f308382d026c07ca8a8a42da41e061e6018f2f8c8f8dc9a,true
result_ff4c59dd8d66d9eeef293e1c,runplan_fc2c35626b700671,cell_e1e94e6f32350f005675,housing_v1__experiment__000004,housing_v1,housing_controlled_model_landlords_experiment,episode_attempt_6c276b93d911a501f8e7,286e52b176434a011f308382d026c07ca8a8a42da41e061e6018f2f8c8f8dc9a,included,housing_social_welfare_leaf,1.0.0,social_welfare,1.0.0,capture,landlord_2,landlord_2,52.76,utility_points,"{""disagreement_utility"":0.0}",ok,valid,[],"[""event_00000134""]",evaluation_receipt,episode_attempt_6c276b93d911a501f8e7,286e52b176434a011f308382d026c07ca8a8a42da41e061e6018f2f8c8f8dc9a,true
result_b1e51993d361bb948d5ef731,runplan_fc2c35626b700671,cell_e1e94e6f32350f005675,housing_v1__experiment__000004,housing_v1,housing_controlled_model_landlords_experiment,episode_attempt_6c276b93d911a501f8e7,286e52b176434a011f308382d026c07ca8a8a42da41e061e6018f2f8c8f8dc9a,included,housing_social_welfare_leaf,1.0.0,social_welfare,1.0.0,capture,tenant_0,tenant_0,0.0,utility_points,"{""disagreement_utility"":0.0}",ok,valid,[],"[""event_00000134""]",evaluation_receipt,episode_attempt_6c276b93d911a501f8e7,286e52b176434a011f308382d026c07ca8a8a42da41e061e6018f2f8c8f8dc9a,true
result_456a71253e9fc09482f0bd9d,runplan_fc2c35626b700671,cell_e1e94e6f32350f005675,housing_v1__experiment__000004,housing_v1,housing_controlled_model_landlords_experiment,episode_attempt_6c276b93d911a501f8e7,286e52b176434a011f308382d026c07ca8a8a42da41e061e6018f2f8c8f8dc9a,included,housing_social_welfare_leaf,1.0.0,social_welfare,1.0.0,capture,tenant_1,tenant_1,0.0,utility_points,"{""disagreement_utility"":0.0}",ok,valid,[],"[""event_00000134""]",evaluation_receipt,episode_attempt_6c276b93d911a501f8e7,286e52b176434a011f308382d026c07ca8a8a42da41e061e6018f2f8c8f8dc9a,true
result_d38d84cef309dec5a2ffc50c,runplan_fc2c35626b700671,cell_e1e94e6f32350f005675,housing_v1__experiment__000004,housing_v1,housing_controlled_model_landlords_experiment,episode_attempt_6c276b93d911a501f8e7,286e52b176434a011f308382d026c07ca8a8a42da41e061e6018f2f8c8f8dc9a,included,housing_social_welfare_leaf,1.0.0,social_welfare,1.0.0,capture,tenant_2,tenant_2,259.87,utility_points,"{""disagreement_utility"":0.0}",ok,valid,[],"[""event_00000134""]",evaluation_receipt,episode_attempt_6c276b93d911a501f8e7,286e52b176434a011f308382d026c07ca8a8a42da41e061e6018f2f8c8f8dc9a,true
result_d1cec5db80e95cd4b222ffb3,runplan_fc2c35626b700671,cell_e1e94e6f32350f005675,housing_v1__experiment__000004,housing_v1,housing_controlled_model_landlords_experiment,episode_attempt_6c276b93d911a501f8e7,286e52b176434a011f308382d026c07ca8a8a42da41e061e6018f2f8c8f8dc9a,included,housing_social_welfare_leaf,1.0.0,social_welfare,1.0.0,capture,tenant_3,tenant_3,115.81,utility_points,"{""disagreement_utility"":0.0}",ok,valid,[],"[""event_00000134""]",evaluation_receipt,episode_attempt_6c276b93d911a501f8e7,286e52b176434a011f308382d026c07ca8a8a42da41e061e6018f2f8c8f8dc9a,true
result_0dc797a029ba1844b5038e42,runplan_fc2c35626b700671,cell_e1e94e6f32350f005675,housing_v1__experiment__000004,housing_v1,housing_controlled_model_landlords_experiment,episode_attempt_6c276b93d911a501f8e7,286e52b176434a011f308382d026c07ca8a8a42da41e061e6018f2f8c8f8dc9a,included,housing_social_welfare_leaf,1.0.0,social_welfare,1.0.0,capture,tenant_4,tenant_4,0.0,utility_points,"{""disagreement_utility"":0.0}",ok,valid,[],"[""event_00000134""]",evaluation_receipt,episode_attempt_6c276b93d911a501f8e7,286e52b176434a011f308382d026c07ca8a8a42da41e061e6018f2f8c8f8dc9a,true
result_277255a9345ed36b689746ad,runplan_fc2c35626b700671,cell_e1e94e6f32350f005675,housing_v1__experiment__000004,housing_v1,housing_controlled_model_landlords_experiment,episode_attempt_6c276b93d911a501f8e7,286e52b176434a011f308382d026c07ca8a8a42da41e061e6018f2f8c8f8dc9a,included,housing_social_welfare_leaf,1.0.0,social_welfare,1.0.0,capture,tenant_5,tenant_5,63.47,utility_points,"{""disagreement_utility"":0.0}",ok,valid,[],"[""event_00000134""]",evaluation_receipt,episode_attempt_6c276b93d911a501f8e7,286e52b176434a011f308382d026c07ca8a8a42da41e061e6018f2f8c8f8dc9a,true
result_8956d001d7b403162afbde29,runplan_fc2c35626b700671,cell_e2c44bebf334d8cc8892,housing_v1__experiment__000006,housing_v1,housing_controlled_model_landlords_experiment,episode_attempt_ada10997e907809cf432,c1a7318c40a76f78c9fa0140d6d8964370bbe49fe728c0b1b9f8d5d51b9b6bc8,included,housing_social_welfare_leaf,1.0.0,social_welfare,1.0.0,primary,social_welfare,,914.63,utility_points,{},ok,valid,[],"[""event_00000211""]",evaluation_receipt,episode_attempt_ada10997e907809cf432,c1a7318c40a76f78c9fa0140d6d8964370bbe49fe728c0b1b9f8d5d51b9b6bc8,true
result_553cfec9f66acad92c49ab24,runplan_fc2c35626b700671,cell_e2c44bebf334d8cc8892,housing_v1__experiment__000006,housing_v1,housing_controlled_model_landlords_experiment,episode_attempt_ada10997e907809cf432,c1a7318c40a76f78c9fa0140d6d8964370bbe49fe728c0b1b9f8d5d51b9b6bc8,included,housing_social_welfare_leaf,1.0.0,social_welfare,1.0.0,metric,comparison_baseline_gap,,-268.15999999999997,utility_points,{},ok,valid,[],"[""event_00000211""]",evaluation_receipt,episode_attempt_ada10997e907809cf432,c1a7318c40a76f78c9fa0140d6d8964370bbe49fe728c0b1b9f8d5d51b9b6bc8,true
result_40d33472121c8e5e2b7dbf2f,runplan_fc2c35626b700671,cell_e2c44bebf334d8cc8892,housing_v1__experiment__000006,housing_v1,housing_controlled_model_landlords_experiment,episode_attempt_ada10997e907809cf432,c1a7318c40a76f78c9fa0140d6d8964370bbe49fe728c0b1b9f8d5d51b9b6bc8,included,housing_social_welfare_leaf,1.0.0,social_welfare,1.0.0,metric,ir_violation_count,,1.0,count,{},ok,valid,[],"[""event_00000211""]",evaluation_receipt,episode_attempt_ada10997e907809cf432,c1a7318c40a76f78c9fa0140d6d8964370bbe49fe728c0b1b9f8d5d51b9b6bc8,true
result_52da759ebad6e7f6c0cbc81b,runplan_fc2c35626b700671,cell_e2c44bebf334d8cc8892,housing_v1__experiment__000006,housing_v1,housing_controlled_model_landlords_experiment,episode_attempt_ada10997e907809cf432,c1a7318c40a76f78c9fa0140d6d8964370bbe49fe728c0b1b9f8d5d51b9b6bc8,included,housing_social_welfare_leaf,1.0.0,social_welfare,1.0.0,metric,social_welfare,,914.63,utility_points,{},ok,valid,[],"[""event_00000211""]",evaluation_receipt,episode_attempt_ada10997e907809cf432,c1a7318c40a76f78c9fa0140d6d8964370bbe49fe728c0b1b9f8d5d51b9b6bc8,true
result_5e152b626ff5edd693ef6631,runplan_fc2c35626b700671,cell_e2c44bebf334d8cc8892,housing_v1__experiment__000006,housing_v1,housing_controlled_model_landlords_experiment,episode_attempt_ada10997e907809cf432,c1a7318c40a76f78c9fa0140d6d8964370bbe49fe728c0b1b9f8d5d51b9b6bc8,included,housing_social_welfare_leaf,1.0.0,social_welfare,1.0.0,metric,upper_bound_gap,,646.5500000000001,utility_points,{},ok,valid,[],"[""event_00000211""]",evaluation_receipt,episode_attempt_ada10997e907809cf432,c1a7318c40a76f78c9fa0140d6d8964370bbe49fe728c0b1b9f8d5d51b9b6bc8,true
result_7c58b3b426bd6e511b904a64,runplan_fc2c35626b700671,cell_e2c44bebf334d8cc8892,housing_v1__experiment__000006,housing_v1,housing_controlled_model_landlords_experiment,episode_attempt_ada10997e907809cf432,c1a7318c40a76f78c9fa0140d6d8964370bbe49fe728c0b1b9f8d5d51b9b6bc8,included,housing_social_welfare_leaf,1.0.0,social_welfare,1.0.0,metric,wasted_contacts,,6.0,count,{},ok,valid,[],"[""event_00000211""]",evaluation_receipt,episode_attempt_ada10997e907809cf432,c1a7318c40a76f78c9fa0140d6d8964370bbe49fe728c0b1b9f8d5d51b9b6bc8,true
result_b843ef8b46816918b2699999,runplan_fc2c35626b700671,cell_e2c44bebf334d8cc8892,housing_v1__experiment__000006,housing_v1,housing_controlled_model_landlords_experiment,episode_attempt_ada10997e907809cf432,c1a7318c40a76f78c9fa0140d6d8964370bbe49fe728c0b1b9f8d5d51b9b6bc8,included,housing_social_welfare_leaf,1.0.0,social_welfare,1.0.0,metric,within_case_score,,0.5858581329507168,ratio,{},ok,valid,[],"[""event_00000211""]",evaluation_receipt,episode_attempt_ada10997e907809cf432,c1a7318c40a76f78c9fa0140d6d8964370bbe49fe728c0b1b9f8d5d51b9b6bc8,true
result_d708db4d09d6ccd91a931d44,runplan_fc2c35626b700671,cell_e2c44bebf334d8cc8892,housing_v1__experiment__000006,housing_v1,housing_controlled_model_landlords_experiment,episode_attempt_ada10997e907809cf432,c1a7318c40a76f78c9fa0140d6d8964370bbe49fe728c0b1b9f8d5d51b9b6bc8,included,housing_social_welfare_leaf,1.0.0,social_welfare,1.0.0,reference,comparison_baseline,,1182.79,utility_points,"{""policy"":""naive"",""reference_kind"":""comparison_baseline""}",ok,valid,[],"[""event_00000211""]",evaluation_receipt,episode_attempt_ada10997e907809cf432,c1a7318c40a76f78c9fa0140d6d8964370bbe49fe728c0b1b9f8d5d51b9b6bc8,true
result_45c895d0a60bab9881c7ddc7,runplan_fc2c35626b700671,cell_e2c44bebf334d8cc8892,housing_v1__experiment__000006,housing_v1,housing_controlled_model_landlords_experiment,episode_attempt_ada10997e907809cf432,c1a7318c40a76f78c9fa0140d6d8964370bbe49fe728c0b1b9f8d5d51b9b6bc8,included,housing_social_welfare_leaf,1.0.0,social_welfare,1.0.0,reference,optimum_lower_bound,,0.0,utility_points,"{""policy"":""do_nothing"",""reference_kind"":""objective_lower_bound""}",ok,valid,[],"[""event_00000211""]",evaluation_receipt,episode_attempt_ada10997e907809cf432,c1a7318c40a76f78c9fa0140d6d8964370bbe49fe728c0b1b9f8d5d51b9b6bc8,true
result_30f2156c94d113a72f91295b,runplan_fc2c35626b700671,cell_e2c44bebf334d8cc8892,housing_v1__experiment__000006,housing_v1,housing_controlled_model_landlords_experiment,episode_attempt_ada10997e907809cf432,c1a7318c40a76f78c9fa0140d6d8964370bbe49fe728c0b1b9f8d5d51b9b6bc8,included,housing_social_welfare_leaf,1.0.0,social_welfare,1.0.0,reference,optimum_upper_bound,,1561.18,utility_points,"{""reference_kind"":""objective_upper_bound"",""semantics"":""full_information_allocation_relaxation""}",ok,valid,[],"[""event_00000211""]",evaluation_receipt,episode_attempt_ada10997e907809cf432,c1a7318c40a76f78c9fa0140d6d8964370bbe49fe728c0b1b9f8d5d51b9b6bc8,true
result_8e802f4bd7a194c1088bdab5,runplan_fc2c35626b700671,cell_e2c44bebf334d8cc8892,housing_v1__experiment__000006,housing_v1,housing_controlled_model_landlords_experiment,episode_attempt_ada10997e907809cf432,c1a7318c40a76f78c9fa0140d6d8964370bbe49fe728c0b1b9f8d5d51b9b6bc8,included,housing_social_welfare_leaf,1.0.0,social_welfare,1.0.0,utility,landlord_0,landlord_0,-2801.69,utility_points,"{""disagreement_utility"":0.0}",ok,valid,[],"[""event_00000211""]",evaluation_receipt,episode_attempt_ada10997e907809cf432,c1a7318c40a76f78c9fa0140d6d8964370bbe49fe728c0b1b9f8d5d51b9b6bc8,true
result_764bdd2480f34d08cf9cefe6,runplan_fc2c35626b700671,cell_e2c44bebf334d8cc8892,housing_v1__experiment__000006,housing_v1,housing_controlled_model_landlords_experiment,episode_attempt_ada10997e907809cf432,c1a7318c40a76f78c9fa0140d6d8964370bbe49fe728c0b1b9f8d5d51b9b6bc8,included,housing_social_welfare_leaf,1.0.0,social_welfare,1.0.0,utility,landlord_1,landlord_1,71.73,utility_points,"{""disagreement_utility"":0.0}",ok,valid,[],"[""event_00000211""]",evaluation_receipt,episode_attempt_ada10997e907809cf432,c1a7318c40a76f78c9fa0140d6d8964370bbe49fe728c0b1b9f8d5d51b9b6bc8,true
result_6f450d08e191da401563f65f,runplan_fc2c35626b700671,cell_e2c44bebf334d8cc8892,housing_v1__experiment__000006,housing_v1,housing_controlled_model_landlords_experiment,episode_attempt_ada10997e907809cf432,c1a7318c40a76f78c9fa0140d6d8964370bbe49fe728c0b1b9f8d5d51b9b6bc8,included,housing_social_welfare_leaf,1.0.0,social_welfare,1.0.0,utility,landlord_2,landlord_2,76.53,utility_points,"{""disagreement_utility"":0.0}",ok,valid,[],"[""event_00000211""]",evaluation_receipt,episode_attempt_ada10997e907809cf432,c1a7318c40a76f78c9fa0140d6d8964370bbe49fe728c0b1b9f8d5d51b9b6bc8,true
result_5a62526309a92426594fae7f,runplan_fc2c35626b700671,cell_e2c44bebf334d8cc8892,housing_v1__experiment__000006,housing_v1,housing_controlled_model_landlords_experiment,episode_attempt_ada10997e907809cf432,c1a7318c40a76f78c9fa0140d6d8964370bbe49fe728c0b1b9f8d5d51b9b6bc8,included,housing_social_welfare_leaf,1.0.0,social_welfare,1.0.0,utility,tenant_0,tenant_0,254.62,utility_points,"{""disagreement_utility"":0.0}",ok,valid,[],"[""event_00000211""]",evaluation_receipt,episode_attempt_ada10997e907809cf432,c1a7318c40a76f78c9fa0140d6d8964370bbe49fe728c0b1b9f8d5d51b9b6bc8,true
result_c448737e01bd30f99116c27c,runplan_fc2c35626b700671,cell_e2c44bebf334d8cc8892,housing_v1__experiment__000006,housing_v1,housing_controlled_model_landlords_experiment,episode_attempt_ada10997e907809cf432,c1a7318c40a76f78c9fa0140d6d8964370bbe49fe728c0b1b9f8d5d51b9b6bc8,included,housing_social_welfare_leaf,1.0.0,social_welfare,1.0.0,utility,tenant_1,tenant_1,0.0,utility_points,"{""disagreement_utility"":0.0}",ok,valid,[],"[""event_00000211""]",evaluation_receipt,episode_attempt_ada10997e907809cf432,c1a7318c40a76f78c9fa0140d6d8964370bbe49fe728c0b1b9f8d5d51b9b6bc8,true
result_b92fd84c52ee159ccac3a8c1,runplan_fc2c35626b700671,cell_e2c44bebf334d8cc8892,housing_v1__experiment__000006,housing_v1,housing_controlled_model_landlords_experiment,episode_attempt_ada10997e907809cf432,c1a7318c40a76f78c9fa0140d6d8964370bbe49fe728c0b1b9f8d5d51b9b6bc8,included,housing_social_welfare_leaf,1.0.0,social_welfare,1.0.0,utility,tenant_2,tenant_2,0.0,utility_points,"{""disagreement_utility"":0.0}",ok,valid,[],"[""event_00000211""]",evaluation_receipt,episode_attempt_ada10997e907809cf432,c1a7318c40a76f78c9fa0140d6d8964370bbe49fe728c0b1b9f8d5d51b9b6bc8,true
result_b902314232b4a7097b7fc1cb,runplan_fc2c35626b700671,cell_e2c44bebf334d8cc8892,housing_v1__experiment__000006,housing_v1,housing_controlled_model_landlords_experiment,episode_attempt_ada10997e907809cf432,c1a7318c40a76f78c9fa0140d6d8964370bbe49fe728c0b1b9f8d5d51b9b6bc8,included,housing_social_welfare_leaf,1.0.0,social_welfare,1.0.0,utility,tenant_3,tenant_3,469.28,utility_points,"{""disagreement_utility"":0.0}",ok,valid,[],"[""event_00000211""]",evaluation_receipt,episode_attempt_ada10997e907809cf432,c1a7318c40a76f78c9fa0140d6d8964370bbe49fe728c0b1b9f8d5d51b9b6bc8,true
result_f45b05a77ea3d97b6f47a75f,runplan_fc2c35626b700671,cell_e2c44bebf334d8cc8892,housing_v1__experiment__000006,housing_v1,housing_controlled_model_landlords_experiment,episode_attempt_ada10997e907809cf432,c1a7318c40a76f78c9fa0140d6d8964370bbe49fe728c0b1b9f8d5d51b9b6bc8,included,housing_social_welfare_leaf,1.0.0,social_welfare,1.0.0,utility,tenant_4,tenant_4,0.0,utility_points,"{""disagreement_utility"":0.0}",ok,valid,[],"[""event_00000211""]",evaluation_receipt,episode_attempt_ada10997e907809cf432,c1a7318c40a76f78c9fa0140d6d8964370bbe49fe728c0b1b9f8d5d51b9b6bc8,true
result_cb8a40cfcf8e484c01434e13,runplan_fc2c35626b700671,cell_e2c44bebf334d8cc8892,housing_v1__experiment__000006,housing_v1,housing_controlled_model_landlords_experiment,episode_attempt_ada10997e907809cf432,c1a7318c40a76f78c9fa0140d6d8964370bbe49fe728c0b1b9f8d5d51b9b6bc8,included,housing_social_welfare_leaf,1.0.0,social_welfare,1.0.0,utility,tenant_5,tenant_5,2844.16,utility_points,"{""disagreement_utility"":0.0}",ok,valid,[],"[""event_00000211""]",evaluation_receipt,episode_attempt_ada10997e907809cf432,c1a7318c40a76f78c9fa0140d6d8964370bbe49fe728c0b1b9f8d5d51b9b6bc8,true
result_3b1b48380746f072bbe6676e,runplan_fc2c35626b700671,cell_e2c44bebf334d8cc8892,housing_v1__experiment__000006,housing_v1,housing_controlled_model_landlords_experiment,episode_attempt_ada10997e907809cf432,c1a7318c40a76f78c9fa0140d6d8964370bbe49fe728c0b1b9f8d5d51b9b6bc8,included,housing_social_welfare_leaf,1.0.0,social_welfare,1.0.0,capture,landlord_0,landlord_0,-2801.69,utility_points,"{""disagreement_utility"":0.0}",ok,valid,[],"[""event_00000211""]",evaluation_receipt,episode_attempt_ada10997e907809cf432,c1a7318c40a76f78c9fa0140d6d8964370bbe49fe728c0b1b9f8d5d51b9b6bc8,true
result_1f34307a0800dc1fea20f851,runplan_fc2c35626b700671,cell_e2c44bebf334d8cc8892,housing_v1__experiment__000006,housing_v1,housing_controlled_model_landlords_experiment,episode_attempt_ada10997e907809cf432,c1a7318c40a76f78c9fa0140d6d8964370bbe49fe728c0b1b9f8d5d51b9b6bc8,included,housing_social_welfare_leaf,1.0.0,social_welfare,1.0.0,capture,landlord_1,landlord_1,71.73,utility_points,"{""disagreement_utility"":0.0}",ok,valid,[],"[""event_00000211""]",evaluation_receipt,episode_attempt_ada10997e907809cf432,c1a7318c40a76f78c9fa0140d6d8964370bbe49fe728c0b1b9f8d5d51b9b6bc8,true
result_c333bf6d713e46dd20d2476f,runplan_fc2c35626b700671,cell_e2c44bebf334d8cc8892,housing_v1__experiment__000006,housing_v1,housing_controlled_model_landlords_experiment,episode_attempt_ada10997e907809cf432,c1a7318c40a76f78c9fa0140d6d8964370bbe49fe728c0b1b9f8d5d51b9b6bc8,included,housing_social_welfare_leaf,1.0.0,social_welfare,1.0.0,capture,landlord_2,landlord_2,76.53,utility_points,"{""disagreement_utility"":0.0}",ok,valid,[],"[""event_00000211""]",evaluation_receipt,episode_attempt_ada10997e907809cf432,c1a7318c40a76f78c9fa0140d6d8964370bbe49fe728c0b1b9f8d5d51b9b6bc8,true
result_80d0e21da237356f1ec109a4,runplan_fc2c35626b700671,cell_e2c44bebf334d8cc8892,housing_v1__experiment__000006,housing_v1,housing_controlled_model_landlords_experiment,episode_attempt_ada10997e907809cf432,c1a7318c40a76f78c9fa0140d6d8964370bbe49fe728c0b1b9f8d5d51b9b6bc8,included,housing_social_welfare_leaf,1.0.0,social_welfare,1.0.0,capture,tenant_0,tenant_0,254.62,utility_points,"{""disagreement_utility"":0.0}",ok,valid,[],"[""event_00000211""]",evaluation_receipt,episode_attempt_ada10997e907809cf432,c1a7318c40a76f78c9fa0140d6d8964370bbe49fe728c0b1b9f8d5d51b9b6bc8,true
result_3b6bf0e026e7231afbf9254e,runplan_fc2c35626b700671,cell_e2c44bebf334d8cc8892,housing_v1__experiment__000006,housing_v1,housing_controlled_model_landlords_experiment,episode_attempt_ada10997e907809cf432,c1a7318c40a76f78c9fa0140d6d8964370bbe49fe728c0b1b9f8d5d51b9b6bc8,included,housing_social_welfare_leaf,1.0.0,social_welfare,1.0.0,capture,tenant_1,tenant_1,0.0,utility_points,"{""disagreement_utility"":0.0}",ok,valid,[],"[""event_00000211""]",evaluation_receipt,episode_attempt_ada10997e907809cf432,c1a7318c40a76f78c9fa0140d6d8964370bbe49fe728c0b1b9f8d5d51b9b6bc8,true
result_b83c0522ef674b35f642afc2,runplan_fc2c35626b700671,cell_e2c44bebf334d8cc8892,housing_v1__experiment__000006,housing_v1,housing_controlled_model_landlords_experiment,episode_attempt_ada10997e907809cf432,c1a7318c40a76f78c9fa0140d6d8964370bbe49fe728c0b1b9f8d5d51b9b6bc8,included,housing_social_welfare_leaf,1.0.0,social_welfare,1.0.0,capture,tenant_2,tenant_2,0.0,utility_points,"{""disagreement_utility"":0.0}",ok,valid,[],"[""event_00000211""]",evaluation_receipt,episode_attempt_ada10997e907809cf432,c1a7318c40a76f78c9fa0140d6d8964370bbe49fe728c0b1b9f8d5d51b9b6bc8,true
result_6a0aa6b237c4ba7824aa98b1,runplan_fc2c35626b700671,cell_e2c44bebf334d8cc8892,housing_v1__experiment__000006,housing_v1,housing_controlled_model_landlords_experiment,episode_attempt_ada10997e907809cf432,c1a7318c40a76f78c9fa0140d6d8964370bbe49fe728c0b1b9f8d5d51b9b6bc8,included,housing_social_welfare_leaf,1.0.0,social_welfare,1.0.0,capture,tenant_3,tenant_3,469.28,utility_points,"{""disagreement_utility"":0.0}",ok,valid,[],"[""event_00000211""]",evaluation_receipt,episode_attempt_ada10997e907809cf432,c1a7318c40a76f78c9fa0140d6d8964370bbe49fe728c0b1b9f8d5d51b9b6bc8,true
result_e15af1daca1390a38efd0ebf,runplan_fc2c35626b700671,cell_e2c44bebf334d8cc8892,housing_v1__experiment__000006,housing_v1,housing_controlled_model_landlords_experiment,episode_attempt_ada10997e907809cf432,c1a7318c40a76f78c9fa0140d6d8964370bbe49fe728c0b1b9f8d5d51b9b6bc8,included,housing_social_welfare_leaf,1.0.0,social_welfare,1.0.0,capture,tenant_4,tenant_4,0.0,utility_points,"{""disagreement_utility"":0.0}",ok,valid,[],"[""event_00000211""]",evaluation_receipt,episode_attempt_ada10997e907809cf432,c1a7318c40a76f78c9fa0140d6d8964370bbe49fe728c0b1b9f8d5d51b9b6bc8,true
result_8e730ce48614af9131048337,runplan_fc2c35626b700671,cell_e2c44bebf334d8cc8892,housing_v1__experiment__000006,housing_v1,housing_controlled_model_landlords_experiment,episode_attempt_ada10997e907809cf432,c1a7318c40a76f78c9fa0140d6d8964370bbe49fe728c0b1b9f8d5d51b9b6bc8,included,housing_social_welfare_leaf,1.0.0,social_welfare,1.0.0,capture,tenant_5,tenant_5,2844.16,utility_points,"{""disagreement_utility"":0.0}",ok,valid,[],"[""event_00000211""]",evaluation_receipt,episode_attempt_ada10997e907809cf432,c1a7318c40a76f78c9fa0140d6d8964370bbe49fe728c0b1b9f8d5d51b9b6bc8,true
result_403b3104ae2b8ba8d2dadf3d,runplan_fc2c35626b700671,cell_f6f08f4bd607894a67bc,housing_v1__experiment__000001,housing_v1,housing_controlled_model_landlords_experiment,episode_attempt_ab7737c0ff0177e5d8c8,43d156498be41bffe5f25f02bcec75a4629c8290571e70747ce88e37ab12111c,included,housing_social_welfare_leaf,1.0.0,social_welfare,1.0.0,primary,social_welfare,,1029.74,utility_points,{},ok,valid,[],"[""event_00000130""]",evaluation_receipt,episode_attempt_ab7737c0ff0177e5d8c8,43d156498be41bffe5f25f02bcec75a4629c8290571e70747ce88e37ab12111c,true
result_a6200786b382a09d2c36feed,runplan_fc2c35626b700671,cell_f6f08f4bd607894a67bc,housing_v1__experiment__000001,housing_v1,housing_controlled_model_landlords_experiment,episode_attempt_ab7737c0ff0177e5d8c8,43d156498be41bffe5f25f02bcec75a4629c8290571e70747ce88e37ab12111c,included,housing_social_welfare_leaf,1.0.0,social_welfare,1.0.0,metric,comparison_baseline_gap,,0.0,utility_points,{},ok,valid,[],"[""event_00000130""]",evaluation_receipt,episode_attempt_ab7737c0ff0177e5d8c8,43d156498be41bffe5f25f02bcec75a4629c8290571e70747ce88e37ab12111c,true
result_e05a2eb1245685cab8706cf0,runplan_fc2c35626b700671,cell_f6f08f4bd607894a67bc,housing_v1__experiment__000001,housing_v1,housing_controlled_model_landlords_experiment,episode_attempt_ab7737c0ff0177e5d8c8,43d156498be41bffe5f25f02bcec75a4629c8290571e70747ce88e37ab12111c,included,housing_social_welfare_leaf,1.0.0,social_welfare,1.0.0,metric,ir_violation_count,,0.0,count,{},ok,valid,[],"[""event_00000130""]",evaluation_receipt,episode_attempt_ab7737c0ff0177e5d8c8,43d156498be41bffe5f25f02bcec75a4629c8290571e70747ce88e37ab12111c,true
result_e1158ae84c0525cb02ebbb4f,runplan_fc2c35626b700671,cell_f6f08f4bd607894a67bc,housing_v1__experiment__000001,housing_v1,housing_controlled_model_landlords_experiment,episode_attempt_ab7737c0ff0177e5d8c8,43d156498be41bffe5f25f02bcec75a4629c8290571e70747ce88e37ab12111c,included,housing_social_welfare_leaf,1.0.0,social_welfare,1.0.0,metric,social_welfare,,1029.74,utility_points,{},ok,valid,[],"[""event_00000130""]",evaluation_receipt,episode_attempt_ab7737c0ff0177e5d8c8,43d156498be41bffe5f25f02bcec75a4629c8290571e70747ce88e37ab12111c,true
result_1593e4f37aae45ed5afcd168,runplan_fc2c35626b700671,cell_f6f08f4bd607894a67bc,housing_v1__experiment__000001,housing_v1,housing_controlled_model_landlords_experiment,episode_attempt_ab7737c0ff0177e5d8c8,43d156498be41bffe5f25f02bcec75a4629c8290571e70747ce88e37ab12111c,included,housing_social_welfare_leaf,1.0.0,social_welfare,1.0.0,metric,upper_bound_gap,,146.02999999999997,utility_points,{},ok,valid,[],"[""event_00000130""]",evaluation_receipt,episode_attempt_ab7737c0ff0177e5d8c8,43d156498be41bffe5f25f02bcec75a4629c8290571e70747ce88e37ab12111c,true
result_621962fffa07cd6804d9fd50,runplan_fc2c35626b700671,cell_f6f08f4bd607894a67bc,housing_v1__experiment__000001,housing_v1,housing_controlled_model_landlords_experiment,episode_attempt_ab7737c0ff0177e5d8c8,43d156498be41bffe5f25f02bcec75a4629c8290571e70747ce88e37ab12111c,included,housing_social_welfare_leaf,1.0.0,social_welfare,1.0.0,metric,wasted_contacts,,3.0,count,{},ok,valid,[],"[""event_00000130""]",evaluation_receipt,episode_attempt_ab7737c0ff0177e5d8c8,43d156498be41bffe5f25f02bcec75a4629c8290571e70747ce88e37ab12111c,true
result_a40bf16397299a4197e2573d,runplan_fc2c35626b700671,cell_f6f08f4bd607894a67bc,housing_v1__experiment__000001,housing_v1,housing_controlled_model_landlords_experiment,episode_attempt_ab7737c0ff0177e5d8c8,43d156498be41bffe5f25f02bcec75a4629c8290571e70747ce88e37ab12111c,included,housing_social_welfare_leaf,1.0.0,social_welfare,1.0.0,metric,within_case_score,,0.8758005392211062,ratio,{},ok,valid,[],"[""event_00000130""]",evaluation_receipt,episode_attempt_ab7737c0ff0177e5d8c8,43d156498be41bffe5f25f02bcec75a4629c8290571e70747ce88e37ab12111c,true
result_ea7bbd6c303245008f7842af,runplan_fc2c35626b700671,cell_f6f08f4bd607894a67bc,housing_v1__experiment__000001,housing_v1,housing_controlled_model_landlords_experiment,episode_attempt_ab7737c0ff0177e5d8c8,43d156498be41bffe5f25f02bcec75a4629c8290571e70747ce88e37ab12111c,included,housing_social_welfare_leaf,1.0.0,social_welfare,1.0.0,reference,comparison_baseline,,1029.74,utility_points,"{""policy"":""naive"",""reference_kind"":""comparison_baseline""}",ok,valid,[],"[""event_00000130""]",evaluation_receipt,episode_attempt_ab7737c0ff0177e5d8c8,43d156498be41bffe5f25f02bcec75a4629c8290571e70747ce88e37ab12111c,true
result_d5a3c167826203a93bf8dffc,runplan_fc2c35626b700671,cell_f6f08f4bd607894a67bc,housing_v1__experiment__000001,housing_v1,housing_controlled_model_landlords_experiment,episode_attempt_ab7737c0ff0177e5d8c8,43d156498be41bffe5f25f02bcec75a4629c8290571e70747ce88e37ab12111c,included,housing_social_welfare_leaf,1.0.0,social_welfare,1.0.0,reference,optimum_lower_bound,,0.0,utility_points,"{""policy"":""do_nothing"",""reference_kind"":""objective_lower_bound""}",ok,valid,[],"[""event_00000130""]",evaluation_receipt,episode_attempt_ab7737c0ff0177e5d8c8,43d156498be41bffe5f25f02bcec75a4629c8290571e70747ce88e37ab12111c,true
result_c7cfc26cb5951590259c1777,runplan_fc2c35626b700671,cell_f6f08f4bd607894a67bc,housing_v1__experiment__000001,housing_v1,housing_controlled_model_landlords_experiment,episode_attempt_ab7737c0ff0177e5d8c8,43d156498be41bffe5f25f02bcec75a4629c8290571e70747ce88e37ab12111c,included,housing_social_welfare_leaf,1.0.0,social_welfare,1.0.0,reference,optimum_upper_bound,,1175.77,utility_points,"{""reference_kind"":""objective_upper_bound"",""semantics"":""full_information_allocation_relaxation""}",ok,valid,[],"[""event_00000130""]",evaluation_receipt,episode_attempt_ab7737c0ff0177e5d8c8,43d156498be41bffe5f25f02bcec75a4629c8290571e70747ce88e37ab12111c,true
result_30d51a7cc24a09191ad2ce76,runplan_fc2c35626b700671,cell_f6f08f4bd607894a67bc,housing_v1__experiment__000001,housing_v1,housing_controlled_model_landlords_experiment,episode_attempt_ab7737c0ff0177e5d8c8,43d156498be41bffe5f25f02bcec75a4629c8290571e70747ce88e37ab12111c,included,housing_social_welfare_leaf,1.0.0,social_welfare,1.0.0,utility,landlord_0,landlord_0,56.6,utility_points,"{""disagreement_utility"":0.0}",ok,valid,[],"[""event_00000130""]",evaluation_receipt,episode_attempt_ab7737c0ff0177e5d8c8,43d156498be41bffe5f25f02bcec75a4629c8290571e70747ce88e37ab12111c,true
result_5a3610737405964bd442d097,runplan_fc2c35626b700671,cell_f6f08f4bd607894a67bc,housing_v1__experiment__000001,housing_v1,housing_controlled_model_landlords_experiment,episode_attempt_ab7737c0ff0177e5d8c8,43d156498be41bffe5f25f02bcec75a4629c8290571e70747ce88e37ab12111c,included,housing_social_welfare_leaf,1.0.0,social_welfare,1.0.0,utility,landlord_1,landlord_1,156.62,utility_points,"{""disagreement_utility"":0.0}",ok,valid,[],"[""event_00000130""]",evaluation_receipt,episode_attempt_ab7737c0ff0177e5d8c8,43d156498be41bffe5f25f02bcec75a4629c8290571e70747ce88e37ab12111c,true
result_cc253caaa065818a360d7930,runplan_fc2c35626b700671,cell_f6f08f4bd607894a67bc,housing_v1__experiment__000001,housing_v1,housing_controlled_model_landlords_experiment,episode_attempt_ab7737c0ff0177e5d8c8,43d156498be41bffe5f25f02bcec75a4629c8290571e70747ce88e37ab12111c,included,housing_social_welfare_leaf,1.0.0,social_welfare,1.0.0,utility,landlord_2,landlord_2,75.36,utility_points,"{""disagreement_utility"":0.0}",ok,valid,[],"[""event_00000130""]",evaluation_receipt,episode_attempt_ab7737c0ff0177e5d8c8,43d156498be41bffe5f25f02bcec75a4629c8290571e70747ce88e37ab12111c,true
result_8c1798693aad985b265e3f5f,runplan_fc2c35626b700671,cell_f6f08f4bd607894a67bc,housing_v1__experiment__000001,housing_v1,housing_controlled_model_landlords_experiment,episode_attempt_ab7737c0ff0177e5d8c8,43d156498be41bffe5f25f02bcec75a4629c8290571e70747ce88e37ab12111c,included,housing_social_welfare_leaf,1.0.0,social_welfare,1.0.0,utility,tenant_0,tenant_0,295.29,utility_points,"{""disagreement_utility"":0.0}",ok,valid,[],"[""event_00000130""]",evaluation_receipt,episode_attempt_ab7737c0ff0177e5d8c8,43d156498be41bffe5f25f02bcec75a4629c8290571e70747ce88e37ab12111c,true
result_6e6c29be57244904ac5291b9,runplan_fc2c35626b700671,cell_f6f08f4bd607894a67bc,housing_v1__experiment__000001,housing_v1,housing_controlled_model_landlords_experiment,episode_attempt_ab7737c0ff0177e5d8c8,43d156498be41bffe5f25f02bcec75a4629c8290571e70747ce88e37ab12111c,included,housing_social_welfare_leaf,1.0.0,social_welfare,1.0.0,utility,tenant_1,tenant_1,300.62,utility_points,"{""disagreement_utility"":0.0}",ok,valid,[],"[""event_00000130""]",evaluation_receipt,episode_attempt_ab7737c0ff0177e5d8c8,43d156498be41bffe5f25f02bcec75a4629c8290571e70747ce88e37ab12111c,true
result_a694d6ab750b6393dbc27d8f,runplan_fc2c35626b700671,cell_f6f08f4bd607894a67bc,housing_v1__experiment__000001,housing_v1,housing_controlled_model_landlords_experiment,episode_attempt_ab7737c0ff0177e5d8c8,43d156498be41bffe5f25f02bcec75a4629c8290571e70747ce88e37ab12111c,included,housing_social_welfare_leaf,1.0.0,social_welfare,1.0.0,utility,tenant_2,tenant_2,145.25,utility_points,"{""disagreement_utility"":0.0}",ok,valid,[],"[""event_00000130""]",evaluation_receipt,episode_attempt_ab7737c0ff0177e5d8c8,43d156498be41bffe5f25f02bcec75a4629c8290571e70747ce88e37ab12111c,true
result_8038b7676ec2c79a8deeccb2,runplan_fc2c35626b700671,cell_f6f08f4bd607894a67bc,housing_v1__experiment__000001,housing_v1,housing_controlled_model_landlords_experiment,episode_attempt_ab7737c0ff0177e5d8c8,43d156498be41bffe5f25f02bcec75a4629c8290571e70747ce88e37ab12111c,included,housing_social_welfare_leaf,1.0.0,social_welfare,1.0.0,utility,tenant_3,tenant_3,0.0,utility_points,"{""disagreement_utility"":0.0}",ok,valid,[],"[""event_00000130""]",evaluation_receipt,episode_attempt_ab7737c0ff0177e5d8c8,43d156498be41bffe5f25f02bcec75a4629c8290571e70747ce88e37ab12111c,true
result_464165f9f126e8fc124e1f92,runplan_fc2c35626b700671,cell_f6f08f4bd607894a67bc,housing_v1__experiment__000001,housing_v1,housing_controlled_model_landlords_experiment,episode_attempt_ab7737c0ff0177e5d8c8,43d156498be41bffe5f25f02bcec75a4629c8290571e70747ce88e37ab12111c,included,housing_social_welfare_leaf,1.0.0,social_welfare,1.0.0,utility,tenant_4,tenant_4,0.0,utility_points,"{""disagreement_utility"":0.0}",ok,valid,[],"[""event_00000130""]",evaluation_receipt,episode_attempt_ab7737c0ff0177e5d8c8,43d156498be41bffe5f25f02bcec75a4629c8290571e70747ce88e37ab12111c,true
result_b4433cdfac3d646395af5f96,runplan_fc2c35626b700671,cell_f6f08f4bd607894a67bc,housing_v1__experiment__000001,housing_v1,housing_controlled_model_landlords_experiment,episode_attempt_ab7737c0ff0177e5d8c8,43d156498be41bffe5f25f02bcec75a4629c8290571e70747ce88e37ab12111c,included,housing_social_welfare_leaf,1.0.0,social_welfare,1.0.0,utility,tenant_5,tenant_5,0.0,utility_points,"{""disagreement_utility"":0.0}",ok,valid,[],"[""event_00000130""]",evaluation_receipt,episode_attempt_ab7737c0ff0177e5d8c8,43d156498be41bffe5f25f02bcec75a4629c8290571e70747ce88e37ab12111c,true
result_14adec22937331ce5cd810e8,runplan_fc2c35626b700671,cell_f6f08f4bd607894a67bc,housing_v1__experiment__000001,housing_v1,housing_controlled_model_landlords_experiment,episode_attempt_ab7737c0ff0177e5d8c8,43d156498be41bffe5f25f02bcec75a4629c8290571e70747ce88e37ab12111c,included,housing_social_welfare_leaf,1.0.0,social_welfare,1.0.0,capture,landlord_0,landlord_0,56.6,utility_points,"{""disagreement_utility"":0.0}",ok,valid,[],"[""event_00000130""]",evaluation_receipt,episode_attempt_ab7737c0ff0177e5d8c8,43d156498be41bffe5f25f02bcec75a4629c8290571e70747ce88e37ab12111c,true
result_22fb7ad3b04818b75790d31a,runplan_fc2c35626b700671,cell_f6f08f4bd607894a67bc,housing_v1__experiment__000001,housing_v1,housing_controlled_model_landlords_experiment,episode_attempt_ab7737c0ff0177e5d8c8,43d156498be41bffe5f25f02bcec75a4629c8290571e70747ce88e37ab12111c,included,housing_social_welfare_leaf,1.0.0,social_welfare,1.0.0,capture,landlord_1,landlord_1,156.62,utility_points,"{""disagreement_utility"":0.0}",ok,valid,[],"[""event_00000130""]",evaluation_receipt,episode_attempt_ab7737c0ff0177e5d8c8,43d156498be41bffe5f25f02bcec75a4629c8290571e70747ce88e37ab12111c,true
result_240b8e3e7e5495b32141563e,runplan_fc2c35626b700671,cell_f6f08f4bd607894a67bc,housing_v1__experiment__000001,housing_v1,housing_controlled_model_landlords_experiment,episode_attempt_ab7737c0ff0177e5d8c8,43d156498be41bffe5f25f02bcec75a4629c8290571e70747ce88e37ab12111c,included,housing_social_welfare_leaf,1.0.0,social_welfare,1.0.0,capture,landlord_2,landlord_2,75.36,utility_points,"{""disagreement_utility"":0.0}",ok,valid,[],"[""event_00000130""]",evaluation_receipt,episode_attempt_ab7737c0ff0177e5d8c8,43d156498be41bffe5f25f02bcec75a4629c8290571e70747ce88e37ab12111c,true
result_ce6778f53cf41055271ec0dc,runplan_fc2c35626b700671,cell_f6f08f4bd607894a67bc,housing_v1__experiment__000001,housing_v1,housing_controlled_model_landlords_experiment,episode_attempt_ab7737c0ff0177e5d8c8,43d156498be41bffe5f25f02bcec75a4629c8290571e70747ce88e37ab12111c,included,housing_social_welfare_leaf,1.0.0,social_welfare,1.0.0,capture,tenant_0,tenant_0,295.29,utility_points,"{""disagreement_utility"":0.0}",ok,valid,[],"[""event_00000130""]",evaluation_receipt,episode_attempt_ab7737c0ff0177e5d8c8,43d156498be41bffe5f25f02bcec75a4629c8290571e70747ce88e37ab12111c,true
result_04433973a821f61cdf34e99c,runplan_fc2c35626b700671,cell_f6f08f4bd607894a67bc,housing_v1__experiment__000001,housing_v1,housing_controlled_model_landlords_experiment,episode_attempt_ab7737c0ff0177e5d8c8,43d156498be41bffe5f25f02bcec75a4629c8290571e70747ce88e37ab12111c,included,housing_social_welfare_leaf,1.0.0,social_welfare,1.0.0,capture,tenant_1,tenant_1,300.62,utility_points,"{""disagreement_utility"":0.0}",ok,valid,[],"[""event_00000130""]",evaluation_receipt,episode_attempt_ab7737c0ff0177e5d8c8,43d156498be41bffe5f25f02bcec75a4629c8290571e70747ce88e37ab12111c,true
result_9ae2d4bc4e94519a8d3bacbe,runplan_fc2c35626b700671,cell_f6f08f4bd607894a67bc,housing_v1__experiment__000001,housing_v1,housing_controlled_model_landlords_experiment,episode_attempt_ab7737c0ff0177e5d8c8,43d156498be41bffe5f25f02bcec75a4629c8290571e70747ce88e37ab12111c,included,housing_social_welfare_leaf,1.0.0,social_welfare,1.0.0,capture,tenant_2,tenant_2,145.25,utility_points,"{""disagreement_utility"":0.0}",ok,valid,[],"[""event_00000130""]",evaluation_receipt,episode_attempt_ab7737c0ff0177e5d8c8,43d156498be41bffe5f25f02bcec75a4629c8290571e70747ce88e37ab12111c,true
result_063570e97b56b56b70d7977a,runplan_fc2c35626b700671,cell_f6f08f4bd607894a67bc,housing_v1__experiment__000001,housing_v1,housing_controlled_model_landlords_experiment,episode_attempt_ab7737c0ff0177e5d8c8,43d156498be41bffe5f25f02bcec75a4629c8290571e70747ce88e37ab12111c,included,housing_social_welfare_leaf,1.0.0,social_welfare,1.0.0,capture,tenant_3,tenant_3,0.0,utility_points,"{""disagreement_utility"":0.0}",ok,valid,[],"[""event_00000130""]",evaluation_receipt,episode_attempt_ab7737c0ff0177e5d8c8,43d156498be41bffe5f25f02bcec75a4629c8290571e70747ce88e37ab12111c,true
result_efd08198c11a392717809806,runplan_fc2c35626b700671,cell_f6f08f4bd607894a67bc,housing_v1__experiment__000001,housing_v1,housing_controlled_model_landlords_experiment,episode_attempt_ab7737c0ff0177e5d8c8,43d156498be41bffe5f25f02bcec75a4629c8290571e70747ce88e37ab12111c,included,housing_social_welfare_leaf,1.0.0,social_welfare,1.0.0,capture,tenant_4,tenant_4,0.0,utility_points,"{""disagreement_utility"":0.0}",ok,valid,[],"[""event_00000130""]",evaluation_receipt,episode_attempt_ab7737c0ff0177e5d8c8,43d156498be41bffe5f25f02bcec75a4629c8290571e70747ce88e37ab12111c,true
result_0ac9e4b887463dafc6c97426,runplan_fc2c35626b700671,cell_f6f08f4bd607894a67bc,housing_v1__experiment__000001,housing_v1,housing_controlled_model_landlords_experiment,episode_attempt_ab7737c0ff0177e5d8c8,43d156498be41bffe5f25f02bcec75a4629c8290571e70747ce88e37ab12111c,included,housing_social_welfare_leaf,1.0.0,social_welfare,1.0.0,capture,tenant_5,tenant_5,0.0,utility_points,"{""disagreement_utility"":0.0}",ok,valid,[],"[""event_00000130""]",evaluation_receipt,episode_attempt_ab7737c0ff0177e5d8c8,43d156498be41bffe5f25f02bcec75a4629c8290571e70747ce88e37ab12111c,true
