fact_id,run_id,task_id,case_id,family_id,block_id,episode_attempt_id,receipt_sha256,inclusion_status,leaf_id,leaf_version,estimand_id,estimand_version,metric_role,metric_name,seat_id,value,unit,metric_metadata,score_status,validity_status,validity_reasons,evidence_refs,source_kind,source_id,source_sha256,reportable
result_2e63c2e1870d2a9694f9c611,runplan_12eea7f2d1cc0300,cell_0d021fda9ef4fb0f1c55,housing_v1__experiment__000003,housing_v1,housing_controlled_model_landlords_experiment,episode_attempt_4e2d0b38ca3d46ea463b,d51cb32720fa9fd4c223679465534ce50acd502c22cac0eac5b9fbb4bab2d189,included,housing_social_welfare_leaf,1.0.0,social_welfare,1.0.0,primary,social_welfare,,2041.33,utility_points,{},ok,valid,[],"[""event_00000195""]",evaluation_receipt,episode_attempt_4e2d0b38ca3d46ea463b,d51cb32720fa9fd4c223679465534ce50acd502c22cac0eac5b9fbb4bab2d189,true
result_d99a4fda3150a5a1973a9ddf,runplan_12eea7f2d1cc0300,cell_0d021fda9ef4fb0f1c55,housing_v1__experiment__000003,housing_v1,housing_controlled_model_landlords_experiment,episode_attempt_4e2d0b38ca3d46ea463b,d51cb32720fa9fd4c223679465534ce50acd502c22cac0eac5b9fbb4bab2d189,included,housing_social_welfare_leaf,1.0.0,social_welfare,1.0.0,metric,comparison_baseline_gap,,46.52999999999997,utility_points,{},ok,valid,[],"[""event_00000195""]",evaluation_receipt,episode_attempt_4e2d0b38ca3d46ea463b,d51cb32720fa9fd4c223679465534ce50acd502c22cac0eac5b9fbb4bab2d189,true
result_3e35fd9a64641f186eddaaee,runplan_12eea7f2d1cc0300,cell_0d021fda9ef4fb0f1c55,housing_v1__experiment__000003,housing_v1,housing_controlled_model_landlords_experiment,episode_attempt_4e2d0b38ca3d46ea463b,d51cb32720fa9fd4c223679465534ce50acd502c22cac0eac5b9fbb4bab2d189,included,housing_social_welfare_leaf,1.0.0,social_welfare,1.0.0,metric,ir_violation_count,,0.0,count,{},ok,valid,[],"[""event_00000195""]",evaluation_receipt,episode_attempt_4e2d0b38ca3d46ea463b,d51cb32720fa9fd4c223679465534ce50acd502c22cac0eac5b9fbb4bab2d189,true
result_cb3e25c2f29fcd78654dcd9b,runplan_12eea7f2d1cc0300,cell_0d021fda9ef4fb0f1c55,housing_v1__experiment__000003,housing_v1,housing_controlled_model_landlords_experiment,episode_attempt_4e2d0b38ca3d46ea463b,d51cb32720fa9fd4c223679465534ce50acd502c22cac0eac5b9fbb4bab2d189,included,housing_social_welfare_leaf,1.0.0,social_welfare,1.0.0,metric,social_welfare,,2041.33,utility_points,{},ok,valid,[],"[""event_00000195""]",evaluation_receipt,episode_attempt_4e2d0b38ca3d46ea463b,d51cb32720fa9fd4c223679465534ce50acd502c22cac0eac5b9fbb4bab2d189,true
result_c452929b99ba413dc4b8d6a2,runplan_12eea7f2d1cc0300,cell_0d021fda9ef4fb0f1c55,housing_v1__experiment__000003,housing_v1,housing_controlled_model_landlords_experiment,episode_attempt_4e2d0b38ca3d46ea463b,d51cb32720fa9fd4c223679465534ce50acd502c22cac0eac5b9fbb4bab2d189,included,housing_social_welfare_leaf,1.0.0,social_welfare,1.0.0,metric,upper_bound_gap,,88.84999999999991,utility_points,{},ok,valid,[],"[""event_00000195""]",evaluation_receipt,episode_attempt_4e2d0b38ca3d46ea463b,d51cb32720fa9fd4c223679465534ce50acd502c22cac0eac5b9fbb4bab2d189,true
result_5ea6d33d3c4ba0b6b196d2c0,runplan_12eea7f2d1cc0300,cell_0d021fda9ef4fb0f1c55,housing_v1__experiment__000003,housing_v1,housing_controlled_model_landlords_experiment,episode_attempt_4e2d0b38ca3d46ea463b,d51cb32720fa9fd4c223679465534ce50acd502c22cac0eac5b9fbb4bab2d189,included,housing_social_welfare_leaf,1.0.0,social_welfare,1.0.0,metric,wasted_contacts,,4.0,count,{},ok,valid,[],"[""event_00000195""]",evaluation_receipt,episode_attempt_4e2d0b38ca3d46ea463b,d51cb32720fa9fd4c223679465534ce50acd502c22cac0eac5b9fbb4bab2d189,true
result_3accc5bbce34aefea6d4a92b,runplan_12eea7f2d1cc0300,cell_0d021fda9ef4fb0f1c55,housing_v1__experiment__000003,housing_v1,housing_controlled_model_landlords_experiment,episode_attempt_4e2d0b38ca3d46ea463b,d51cb32720fa9fd4c223679465534ce50acd502c22cac0eac5b9fbb4bab2d189,included,housing_social_welfare_leaf,1.0.0,social_welfare,1.0.0,metric,within_case_score,,0.9582899097728831,ratio,{},ok,valid,[],"[""event_00000195""]",evaluation_receipt,episode_attempt_4e2d0b38ca3d46ea463b,d51cb32720fa9fd4c223679465534ce50acd502c22cac0eac5b9fbb4bab2d189,true
result_075b9169ca30709d3a2f813e,runplan_12eea7f2d1cc0300,cell_0d021fda9ef4fb0f1c55,housing_v1__experiment__000003,housing_v1,housing_controlled_model_landlords_experiment,episode_attempt_4e2d0b38ca3d46ea463b,d51cb32720fa9fd4c223679465534ce50acd502c22cac0eac5b9fbb4bab2d189,included,housing_social_welfare_leaf,1.0.0,social_welfare,1.0.0,reference,comparison_baseline,,1994.8,utility_points,"{""policy"":""naive"",""reference_kind"":""comparison_baseline""}",ok,valid,[],"[""event_00000195""]",evaluation_receipt,episode_attempt_4e2d0b38ca3d46ea463b,d51cb32720fa9fd4c223679465534ce50acd502c22cac0eac5b9fbb4bab2d189,true
result_50dbca3ef11163ca8f074004,runplan_12eea7f2d1cc0300,cell_0d021fda9ef4fb0f1c55,housing_v1__experiment__000003,housing_v1,housing_controlled_model_landlords_experiment,episode_attempt_4e2d0b38ca3d46ea463b,d51cb32720fa9fd4c223679465534ce50acd502c22cac0eac5b9fbb4bab2d189,included,housing_social_welfare_leaf,1.0.0,social_welfare,1.0.0,reference,optimum_lower_bound,,0.0,utility_points,"{""policy"":""do_nothing"",""reference_kind"":""objective_lower_bound""}",ok,valid,[],"[""event_00000195""]",evaluation_receipt,episode_attempt_4e2d0b38ca3d46ea463b,d51cb32720fa9fd4c223679465534ce50acd502c22cac0eac5b9fbb4bab2d189,true
result_eae3eaa5602a71acadd5203f,runplan_12eea7f2d1cc0300,cell_0d021fda9ef4fb0f1c55,housing_v1__experiment__000003,housing_v1,housing_controlled_model_landlords_experiment,episode_attempt_4e2d0b38ca3d46ea463b,d51cb32720fa9fd4c223679465534ce50acd502c22cac0eac5b9fbb4bab2d189,included,housing_social_welfare_leaf,1.0.0,social_welfare,1.0.0,reference,optimum_upper_bound,,2130.18,utility_points,"{""reference_kind"":""objective_upper_bound"",""semantics"":""full_information_allocation_relaxation""}",ok,valid,[],"[""event_00000195""]",evaluation_receipt,episode_attempt_4e2d0b38ca3d46ea463b,d51cb32720fa9fd4c223679465534ce50acd502c22cac0eac5b9fbb4bab2d189,true
result_441fa7190c8b6987a33d8171,runplan_12eea7f2d1cc0300,cell_0d021fda9ef4fb0f1c55,housing_v1__experiment__000003,housing_v1,housing_controlled_model_landlords_experiment,episode_attempt_4e2d0b38ca3d46ea463b,d51cb32720fa9fd4c223679465534ce50acd502c22cac0eac5b9fbb4bab2d189,included,housing_social_welfare_leaf,1.0.0,social_welfare,1.0.0,utility,landlord_0,landlord_0,0.0,utility_points,"{""disagreement_utility"":0.0}",ok,valid,[],"[""event_00000195""]",evaluation_receipt,episode_attempt_4e2d0b38ca3d46ea463b,d51cb32720fa9fd4c223679465534ce50acd502c22cac0eac5b9fbb4bab2d189,true
result_6c2c96fc19508a80f8df5f91,runplan_12eea7f2d1cc0300,cell_0d021fda9ef4fb0f1c55,housing_v1__experiment__000003,housing_v1,housing_controlled_model_landlords_experiment,episode_attempt_4e2d0b38ca3d46ea463b,d51cb32720fa9fd4c223679465534ce50acd502c22cac0eac5b9fbb4bab2d189,included,housing_social_welfare_leaf,1.0.0,social_welfare,1.0.0,utility,landlord_1,landlord_1,66.45,utility_points,"{""disagreement_utility"":0.0}",ok,valid,[],"[""event_00000195""]",evaluation_receipt,episode_attempt_4e2d0b38ca3d46ea463b,d51cb32720fa9fd4c223679465534ce50acd502c22cac0eac5b9fbb4bab2d189,true
result_a93e3b2190ca3cd2d4d9d2b2,runplan_12eea7f2d1cc0300,cell_0d021fda9ef4fb0f1c55,housing_v1__experiment__000003,housing_v1,housing_controlled_model_landlords_experiment,episode_attempt_4e2d0b38ca3d46ea463b,d51cb32720fa9fd4c223679465534ce50acd502c22cac0eac5b9fbb4bab2d189,included,housing_social_welfare_leaf,1.0.0,social_welfare,1.0.0,utility,landlord_2,landlord_2,92.96,utility_points,"{""disagreement_utility"":0.0}",ok,valid,[],"[""event_00000195""]",evaluation_receipt,episode_attempt_4e2d0b38ca3d46ea463b,d51cb32720fa9fd4c223679465534ce50acd502c22cac0eac5b9fbb4bab2d189,true
result_9cabdac63dc62acc9faa4b37,runplan_12eea7f2d1cc0300,cell_0d021fda9ef4fb0f1c55,housing_v1__experiment__000003,housing_v1,housing_controlled_model_landlords_experiment,episode_attempt_4e2d0b38ca3d46ea463b,d51cb32720fa9fd4c223679465534ce50acd502c22cac0eac5b9fbb4bab2d189,included,housing_social_welfare_leaf,1.0.0,social_welfare,1.0.0,utility,landlord_3,landlord_3,96.11,utility_points,"{""disagreement_utility"":0.0}",ok,valid,[],"[""event_00000195""]",evaluation_receipt,episode_attempt_4e2d0b38ca3d46ea463b,d51cb32720fa9fd4c223679465534ce50acd502c22cac0eac5b9fbb4bab2d189,true
result_e150cc76669c59fc45bc8101,runplan_12eea7f2d1cc0300,cell_0d021fda9ef4fb0f1c55,housing_v1__experiment__000003,housing_v1,housing_controlled_model_landlords_experiment,episode_attempt_4e2d0b38ca3d46ea463b,d51cb32720fa9fd4c223679465534ce50acd502c22cac0eac5b9fbb4bab2d189,included,housing_social_welfare_leaf,1.0.0,social_welfare,1.0.0,utility,landlord_4,landlord_4,58.85,utility_points,"{""disagreement_utility"":0.0}",ok,valid,[],"[""event_00000195""]",evaluation_receipt,episode_attempt_4e2d0b38ca3d46ea463b,d51cb32720fa9fd4c223679465534ce50acd502c22cac0eac5b9fbb4bab2d189,true
result_4d6d0114996da155a84a253d,runplan_12eea7f2d1cc0300,cell_0d021fda9ef4fb0f1c55,housing_v1__experiment__000003,housing_v1,housing_controlled_model_landlords_experiment,episode_attempt_4e2d0b38ca3d46ea463b,d51cb32720fa9fd4c223679465534ce50acd502c22cac0eac5b9fbb4bab2d189,included,housing_social_welfare_leaf,1.0.0,social_welfare,1.0.0,utility,tenant_0,tenant_0,28.95,utility_points,"{""disagreement_utility"":0.0}",ok,valid,[],"[""event_00000195""]",evaluation_receipt,episode_attempt_4e2d0b38ca3d46ea463b,d51cb32720fa9fd4c223679465534ce50acd502c22cac0eac5b9fbb4bab2d189,true
result_5ecf0cc7008c306a00e53489,runplan_12eea7f2d1cc0300,cell_0d021fda9ef4fb0f1c55,housing_v1__experiment__000003,housing_v1,housing_controlled_model_landlords_experiment,episode_attempt_4e2d0b38ca3d46ea463b,d51cb32720fa9fd4c223679465534ce50acd502c22cac0eac5b9fbb4bab2d189,included,housing_social_welfare_leaf,1.0.0,social_welfare,1.0.0,utility,tenant_1,tenant_1,614.96,utility_points,"{""disagreement_utility"":0.0}",ok,valid,[],"[""event_00000195""]",evaluation_receipt,episode_attempt_4e2d0b38ca3d46ea463b,d51cb32720fa9fd4c223679465534ce50acd502c22cac0eac5b9fbb4bab2d189,true
result_2e0813c5aa7cc1bc5c615d22,runplan_12eea7f2d1cc0300,cell_0d021fda9ef4fb0f1c55,housing_v1__experiment__000003,housing_v1,housing_controlled_model_landlords_experiment,episode_attempt_4e2d0b38ca3d46ea463b,d51cb32720fa9fd4c223679465534ce50acd502c22cac0eac5b9fbb4bab2d189,included,housing_social_welfare_leaf,1.0.0,social_welfare,1.0.0,utility,tenant_2,tenant_2,477.99,utility_points,"{""disagreement_utility"":0.0}",ok,valid,[],"[""event_00000195""]",evaluation_receipt,episode_attempt_4e2d0b38ca3d46ea463b,d51cb32720fa9fd4c223679465534ce50acd502c22cac0eac5b9fbb4bab2d189,true
result_150cad583dcb53165e5c9905,runplan_12eea7f2d1cc0300,cell_0d021fda9ef4fb0f1c55,housing_v1__experiment__000003,housing_v1,housing_controlled_model_landlords_experiment,episode_attempt_4e2d0b38ca3d46ea463b,d51cb32720fa9fd4c223679465534ce50acd502c22cac0eac5b9fbb4bab2d189,included,housing_social_welfare_leaf,1.0.0,social_welfare,1.0.0,utility,tenant_3,tenant_3,605.06,utility_points,"{""disagreement_utility"":0.0}",ok,valid,[],"[""event_00000195""]",evaluation_receipt,episode_attempt_4e2d0b38ca3d46ea463b,d51cb32720fa9fd4c223679465534ce50acd502c22cac0eac5b9fbb4bab2d189,true
result_7af6bfbe5342a9e780ae852e,runplan_12eea7f2d1cc0300,cell_0d021fda9ef4fb0f1c55,housing_v1__experiment__000003,housing_v1,housing_controlled_model_landlords_experiment,episode_attempt_4e2d0b38ca3d46ea463b,d51cb32720fa9fd4c223679465534ce50acd502c22cac0eac5b9fbb4bab2d189,included,housing_social_welfare_leaf,1.0.0,social_welfare,1.0.0,utility,tenant_4,tenant_4,0.0,utility_points,"{""disagreement_utility"":0.0}",ok,valid,[],"[""event_00000195""]",evaluation_receipt,episode_attempt_4e2d0b38ca3d46ea463b,d51cb32720fa9fd4c223679465534ce50acd502c22cac0eac5b9fbb4bab2d189,true
result_7a07d9720c3b74a0a043ec13,runplan_12eea7f2d1cc0300,cell_0d021fda9ef4fb0f1c55,housing_v1__experiment__000003,housing_v1,housing_controlled_model_landlords_experiment,episode_attempt_4e2d0b38ca3d46ea463b,d51cb32720fa9fd4c223679465534ce50acd502c22cac0eac5b9fbb4bab2d189,included,housing_social_welfare_leaf,1.0.0,social_welfare,1.0.0,utility,tenant_5,tenant_5,0.0,utility_points,"{""disagreement_utility"":0.0}",ok,valid,[],"[""event_00000195""]",evaluation_receipt,episode_attempt_4e2d0b38ca3d46ea463b,d51cb32720fa9fd4c223679465534ce50acd502c22cac0eac5b9fbb4bab2d189,true
result_e70fbb27d144311091220a7e,runplan_12eea7f2d1cc0300,cell_0d021fda9ef4fb0f1c55,housing_v1__experiment__000003,housing_v1,housing_controlled_model_landlords_experiment,episode_attempt_4e2d0b38ca3d46ea463b,d51cb32720fa9fd4c223679465534ce50acd502c22cac0eac5b9fbb4bab2d189,included,housing_social_welfare_leaf,1.0.0,social_welfare,1.0.0,capture,landlord_0,landlord_0,0.0,utility_points,"{""disagreement_utility"":0.0}",ok,valid,[],"[""event_00000195""]",evaluation_receipt,episode_attempt_4e2d0b38ca3d46ea463b,d51cb32720fa9fd4c223679465534ce50acd502c22cac0eac5b9fbb4bab2d189,true
result_08ca165bc31aa8d564d16318,runplan_12eea7f2d1cc0300,cell_0d021fda9ef4fb0f1c55,housing_v1__experiment__000003,housing_v1,housing_controlled_model_landlords_experiment,episode_attempt_4e2d0b38ca3d46ea463b,d51cb32720fa9fd4c223679465534ce50acd502c22cac0eac5b9fbb4bab2d189,included,housing_social_welfare_leaf,1.0.0,social_welfare,1.0.0,capture,landlord_1,landlord_1,66.45,utility_points,"{""disagreement_utility"":0.0}",ok,valid,[],"[""event_00000195""]",evaluation_receipt,episode_attempt_4e2d0b38ca3d46ea463b,d51cb32720fa9fd4c223679465534ce50acd502c22cac0eac5b9fbb4bab2d189,true
result_d56a26bce0d66e0e1f18820c,runplan_12eea7f2d1cc0300,cell_0d021fda9ef4fb0f1c55,housing_v1__experiment__000003,housing_v1,housing_controlled_model_landlords_experiment,episode_attempt_4e2d0b38ca3d46ea463b,d51cb32720fa9fd4c223679465534ce50acd502c22cac0eac5b9fbb4bab2d189,included,housing_social_welfare_leaf,1.0.0,social_welfare,1.0.0,capture,landlord_2,landlord_2,92.96,utility_points,"{""disagreement_utility"":0.0}",ok,valid,[],"[""event_00000195""]",evaluation_receipt,episode_attempt_4e2d0b38ca3d46ea463b,d51cb32720fa9fd4c223679465534ce50acd502c22cac0eac5b9fbb4bab2d189,true
result_780ec4e607b741730538bdca,runplan_12eea7f2d1cc0300,cell_0d021fda9ef4fb0f1c55,housing_v1__experiment__000003,housing_v1,housing_controlled_model_landlords_experiment,episode_attempt_4e2d0b38ca3d46ea463b,d51cb32720fa9fd4c223679465534ce50acd502c22cac0eac5b9fbb4bab2d189,included,housing_social_welfare_leaf,1.0.0,social_welfare,1.0.0,capture,landlord_3,landlord_3,96.11,utility_points,"{""disagreement_utility"":0.0}",ok,valid,[],"[""event_00000195""]",evaluation_receipt,episode_attempt_4e2d0b38ca3d46ea463b,d51cb32720fa9fd4c223679465534ce50acd502c22cac0eac5b9fbb4bab2d189,true
result_76a7c48bffc3d06d66bce1e3,runplan_12eea7f2d1cc0300,cell_0d021fda9ef4fb0f1c55,housing_v1__experiment__000003,housing_v1,housing_controlled_model_landlords_experiment,episode_attempt_4e2d0b38ca3d46ea463b,d51cb32720fa9fd4c223679465534ce50acd502c22cac0eac5b9fbb4bab2d189,included,housing_social_welfare_leaf,1.0.0,social_welfare,1.0.0,capture,landlord_4,landlord_4,58.85,utility_points,"{""disagreement_utility"":0.0}",ok,valid,[],"[""event_00000195""]",evaluation_receipt,episode_attempt_4e2d0b38ca3d46ea463b,d51cb32720fa9fd4c223679465534ce50acd502c22cac0eac5b9fbb4bab2d189,true
result_85fc262d5c11462f67a9f39c,runplan_12eea7f2d1cc0300,cell_0d021fda9ef4fb0f1c55,housing_v1__experiment__000003,housing_v1,housing_controlled_model_landlords_experiment,episode_attempt_4e2d0b38ca3d46ea463b,d51cb32720fa9fd4c223679465534ce50acd502c22cac0eac5b9fbb4bab2d189,included,housing_social_welfare_leaf,1.0.0,social_welfare,1.0.0,capture,tenant_0,tenant_0,28.95,utility_points,"{""disagreement_utility"":0.0}",ok,valid,[],"[""event_00000195""]",evaluation_receipt,episode_attempt_4e2d0b38ca3d46ea463b,d51cb32720fa9fd4c223679465534ce50acd502c22cac0eac5b9fbb4bab2d189,true
result_99345dda01b570397480e644,runplan_12eea7f2d1cc0300,cell_0d021fda9ef4fb0f1c55,housing_v1__experiment__000003,housing_v1,housing_controlled_model_landlords_experiment,episode_attempt_4e2d0b38ca3d46ea463b,d51cb32720fa9fd4c223679465534ce50acd502c22cac0eac5b9fbb4bab2d189,included,housing_social_welfare_leaf,1.0.0,social_welfare,1.0.0,capture,tenant_1,tenant_1,614.96,utility_points,"{""disagreement_utility"":0.0}",ok,valid,[],"[""event_00000195""]",evaluation_receipt,episode_attempt_4e2d0b38ca3d46ea463b,d51cb32720fa9fd4c223679465534ce50acd502c22cac0eac5b9fbb4bab2d189,true
result_4e2b235ef5882a4c6ff75bf2,runplan_12eea7f2d1cc0300,cell_0d021fda9ef4fb0f1c55,housing_v1__experiment__000003,housing_v1,housing_controlled_model_landlords_experiment,episode_attempt_4e2d0b38ca3d46ea463b,d51cb32720fa9fd4c223679465534ce50acd502c22cac0eac5b9fbb4bab2d189,included,housing_social_welfare_leaf,1.0.0,social_welfare,1.0.0,capture,tenant_2,tenant_2,477.99,utility_points,"{""disagreement_utility"":0.0}",ok,valid,[],"[""event_00000195""]",evaluation_receipt,episode_attempt_4e2d0b38ca3d46ea463b,d51cb32720fa9fd4c223679465534ce50acd502c22cac0eac5b9fbb4bab2d189,true
result_d4b21ccb9693981c98334e60,runplan_12eea7f2d1cc0300,cell_0d021fda9ef4fb0f1c55,housing_v1__experiment__000003,housing_v1,housing_controlled_model_landlords_experiment,episode_attempt_4e2d0b38ca3d46ea463b,d51cb32720fa9fd4c223679465534ce50acd502c22cac0eac5b9fbb4bab2d189,included,housing_social_welfare_leaf,1.0.0,social_welfare,1.0.0,capture,tenant_3,tenant_3,605.06,utility_points,"{""disagreement_utility"":0.0}",ok,valid,[],"[""event_00000195""]",evaluation_receipt,episode_attempt_4e2d0b38ca3d46ea463b,d51cb32720fa9fd4c223679465534ce50acd502c22cac0eac5b9fbb4bab2d189,true
result_adbfeac393622d53115cd8c9,runplan_12eea7f2d1cc0300,cell_0d021fda9ef4fb0f1c55,housing_v1__experiment__000003,housing_v1,housing_controlled_model_landlords_experiment,episode_attempt_4e2d0b38ca3d46ea463b,d51cb32720fa9fd4c223679465534ce50acd502c22cac0eac5b9fbb4bab2d189,included,housing_social_welfare_leaf,1.0.0,social_welfare,1.0.0,capture,tenant_4,tenant_4,0.0,utility_points,"{""disagreement_utility"":0.0}",ok,valid,[],"[""event_00000195""]",evaluation_receipt,episode_attempt_4e2d0b38ca3d46ea463b,d51cb32720fa9fd4c223679465534ce50acd502c22cac0eac5b9fbb4bab2d189,true
result_714575c789eb3739752a13fc,runplan_12eea7f2d1cc0300,cell_0d021fda9ef4fb0f1c55,housing_v1__experiment__000003,housing_v1,housing_controlled_model_landlords_experiment,episode_attempt_4e2d0b38ca3d46ea463b,d51cb32720fa9fd4c223679465534ce50acd502c22cac0eac5b9fbb4bab2d189,included,housing_social_welfare_leaf,1.0.0,social_welfare,1.0.0,capture,tenant_5,tenant_5,0.0,utility_points,"{""disagreement_utility"":0.0}",ok,valid,[],"[""event_00000195""]",evaluation_receipt,episode_attempt_4e2d0b38ca3d46ea463b,d51cb32720fa9fd4c223679465534ce50acd502c22cac0eac5b9fbb4bab2d189,true
result_c66f137958737ececd5eb00a,runplan_12eea7f2d1cc0300,cell_18d702443305f55b0f73,housing_v1__experiment__000005,housing_v1,housing_controlled_model_landlords_experiment,episode_attempt_86df73932ee410b1fde1,c28611a3d4440c995e99bef777ecded3cfbabeb837b2e39527b62d51333d0556,included,housing_social_welfare_leaf,1.0.0,social_welfare,1.0.0,primary,social_welfare,,1056.83,utility_points,{},ok,valid,[],"[""event_00000243""]",evaluation_receipt,episode_attempt_86df73932ee410b1fde1,c28611a3d4440c995e99bef777ecded3cfbabeb837b2e39527b62d51333d0556,true
result_6a232b9d2f69df76cc55ea70,runplan_12eea7f2d1cc0300,cell_18d702443305f55b0f73,housing_v1__experiment__000005,housing_v1,housing_controlled_model_landlords_experiment,episode_attempt_86df73932ee410b1fde1,c28611a3d4440c995e99bef777ecded3cfbabeb837b2e39527b62d51333d0556,included,housing_social_welfare_leaf,1.0.0,social_welfare,1.0.0,metric,comparison_baseline_gap,,-121.25,utility_points,{},ok,valid,[],"[""event_00000243""]",evaluation_receipt,episode_attempt_86df73932ee410b1fde1,c28611a3d4440c995e99bef777ecded3cfbabeb837b2e39527b62d51333d0556,true
result_6905cc9f0d6a8100ebb0c26a,runplan_12eea7f2d1cc0300,cell_18d702443305f55b0f73,housing_v1__experiment__000005,housing_v1,housing_controlled_model_landlords_experiment,episode_attempt_86df73932ee410b1fde1,c28611a3d4440c995e99bef777ecded3cfbabeb837b2e39527b62d51333d0556,included,housing_social_welfare_leaf,1.0.0,social_welfare,1.0.0,metric,ir_violation_count,,0.0,count,{},ok,valid,[],"[""event_00000243""]",evaluation_receipt,episode_attempt_86df73932ee410b1fde1,c28611a3d4440c995e99bef777ecded3cfbabeb837b2e39527b62d51333d0556,true
result_00d141e0095e8cdfc000fd12,runplan_12eea7f2d1cc0300,cell_18d702443305f55b0f73,housing_v1__experiment__000005,housing_v1,housing_controlled_model_landlords_experiment,episode_attempt_86df73932ee410b1fde1,c28611a3d4440c995e99bef777ecded3cfbabeb837b2e39527b62d51333d0556,included,housing_social_welfare_leaf,1.0.0,social_welfare,1.0.0,metric,social_welfare,,1056.83,utility_points,{},ok,valid,[],"[""event_00000243""]",evaluation_receipt,episode_attempt_86df73932ee410b1fde1,c28611a3d4440c995e99bef777ecded3cfbabeb837b2e39527b62d51333d0556,true
result_9bcdbc3aa863c765250b4724,runplan_12eea7f2d1cc0300,cell_18d702443305f55b0f73,housing_v1__experiment__000005,housing_v1,housing_controlled_model_landlords_experiment,episode_attempt_86df73932ee410b1fde1,c28611a3d4440c995e99bef777ecded3cfbabeb837b2e39527b62d51333d0556,included,housing_social_welfare_leaf,1.0.0,social_welfare,1.0.0,metric,upper_bound_gap,,169.24,utility_points,{},ok,valid,[],"[""event_00000243""]",evaluation_receipt,episode_attempt_86df73932ee410b1fde1,c28611a3d4440c995e99bef777ecded3cfbabeb837b2e39527b62d51333d0556,true
result_3543efdf3848f4dd34133160,runplan_12eea7f2d1cc0300,cell_18d702443305f55b0f73,housing_v1__experiment__000005,housing_v1,housing_controlled_model_landlords_experiment,episode_attempt_86df73932ee410b1fde1,c28611a3d4440c995e99bef777ecded3cfbabeb837b2e39527b62d51333d0556,included,housing_social_welfare_leaf,1.0.0,social_welfare,1.0.0,metric,wasted_contacts,,7.0,count,{},ok,valid,[],"[""event_00000243""]",evaluation_receipt,episode_attempt_86df73932ee410b1fde1,c28611a3d4440c995e99bef777ecded3cfbabeb837b2e39527b62d51333d0556,true
result_46e13e7ac00f57fc7ca408e8,runplan_12eea7f2d1cc0300,cell_18d702443305f55b0f73,housing_v1__experiment__000005,housing_v1,housing_controlled_model_landlords_experiment,episode_attempt_86df73932ee410b1fde1,c28611a3d4440c995e99bef777ecded3cfbabeb837b2e39527b62d51333d0556,included,housing_social_welfare_leaf,1.0.0,social_welfare,1.0.0,metric,within_case_score,,0.8619654668983011,ratio,{},ok,valid,[],"[""event_00000243""]",evaluation_receipt,episode_attempt_86df73932ee410b1fde1,c28611a3d4440c995e99bef777ecded3cfbabeb837b2e39527b62d51333d0556,true
result_39d35d21147cc9658fd320ca,runplan_12eea7f2d1cc0300,cell_18d702443305f55b0f73,housing_v1__experiment__000005,housing_v1,housing_controlled_model_landlords_experiment,episode_attempt_86df73932ee410b1fde1,c28611a3d4440c995e99bef777ecded3cfbabeb837b2e39527b62d51333d0556,included,housing_social_welfare_leaf,1.0.0,social_welfare,1.0.0,reference,comparison_baseline,,1178.08,utility_points,"{""policy"":""naive"",""reference_kind"":""comparison_baseline""}",ok,valid,[],"[""event_00000243""]",evaluation_receipt,episode_attempt_86df73932ee410b1fde1,c28611a3d4440c995e99bef777ecded3cfbabeb837b2e39527b62d51333d0556,true
result_19471419b6cce17140c5eef7,runplan_12eea7f2d1cc0300,cell_18d702443305f55b0f73,housing_v1__experiment__000005,housing_v1,housing_controlled_model_landlords_experiment,episode_attempt_86df73932ee410b1fde1,c28611a3d4440c995e99bef777ecded3cfbabeb837b2e39527b62d51333d0556,included,housing_social_welfare_leaf,1.0.0,social_welfare,1.0.0,reference,optimum_lower_bound,,0.0,utility_points,"{""policy"":""do_nothing"",""reference_kind"":""objective_lower_bound""}",ok,valid,[],"[""event_00000243""]",evaluation_receipt,episode_attempt_86df73932ee410b1fde1,c28611a3d4440c995e99bef777ecded3cfbabeb837b2e39527b62d51333d0556,true
result_64c277b4ce99ecb2ec640fb7,runplan_12eea7f2d1cc0300,cell_18d702443305f55b0f73,housing_v1__experiment__000005,housing_v1,housing_controlled_model_landlords_experiment,episode_attempt_86df73932ee410b1fde1,c28611a3d4440c995e99bef777ecded3cfbabeb837b2e39527b62d51333d0556,included,housing_social_welfare_leaf,1.0.0,social_welfare,1.0.0,reference,optimum_upper_bound,,1226.07,utility_points,"{""reference_kind"":""objective_upper_bound"",""semantics"":""full_information_allocation_relaxation""}",ok,valid,[],"[""event_00000243""]",evaluation_receipt,episode_attempt_86df73932ee410b1fde1,c28611a3d4440c995e99bef777ecded3cfbabeb837b2e39527b62d51333d0556,true
result_feb005c16d6121c82aaae3a6,runplan_12eea7f2d1cc0300,cell_18d702443305f55b0f73,housing_v1__experiment__000005,housing_v1,housing_controlled_model_landlords_experiment,episode_attempt_86df73932ee410b1fde1,c28611a3d4440c995e99bef777ecded3cfbabeb837b2e39527b62d51333d0556,included,housing_social_welfare_leaf,1.0.0,social_welfare,1.0.0,utility,landlord_0,landlord_0,0.0,utility_points,"{""disagreement_utility"":0.0}",ok,valid,[],"[""event_00000243""]",evaluation_receipt,episode_attempt_86df73932ee410b1fde1,c28611a3d4440c995e99bef777ecded3cfbabeb837b2e39527b62d51333d0556,true
result_2cc650b05451cf1df1a7d225,runplan_12eea7f2d1cc0300,cell_18d702443305f55b0f73,housing_v1__experiment__000005,housing_v1,housing_controlled_model_landlords_experiment,episode_attempt_86df73932ee410b1fde1,c28611a3d4440c995e99bef777ecded3cfbabeb837b2e39527b62d51333d0556,included,housing_social_welfare_leaf,1.0.0,social_welfare,1.0.0,utility,landlord_1,landlord_1,77.99,utility_points,"{""disagreement_utility"":0.0}",ok,valid,[],"[""event_00000243""]",evaluation_receipt,episode_attempt_86df73932ee410b1fde1,c28611a3d4440c995e99bef777ecded3cfbabeb837b2e39527b62d51333d0556,true
result_ae925153a500d0aa1dca9a8c,runplan_12eea7f2d1cc0300,cell_18d702443305f55b0f73,housing_v1__experiment__000005,housing_v1,housing_controlled_model_landlords_experiment,episode_attempt_86df73932ee410b1fde1,c28611a3d4440c995e99bef777ecded3cfbabeb837b2e39527b62d51333d0556,included,housing_social_welfare_leaf,1.0.0,social_welfare,1.0.0,utility,landlord_2,landlord_2,0.0,utility_points,"{""disagreement_utility"":0.0}",ok,valid,[],"[""event_00000243""]",evaluation_receipt,episode_attempt_86df73932ee410b1fde1,c28611a3d4440c995e99bef777ecded3cfbabeb837b2e39527b62d51333d0556,true
result_febd1ce36358153df56ed76b,runplan_12eea7f2d1cc0300,cell_18d702443305f55b0f73,housing_v1__experiment__000005,housing_v1,housing_controlled_model_landlords_experiment,episode_attempt_86df73932ee410b1fde1,c28611a3d4440c995e99bef777ecded3cfbabeb837b2e39527b62d51333d0556,included,housing_social_welfare_leaf,1.0.0,social_welfare,1.0.0,utility,landlord_3,landlord_3,43.77,utility_points,"{""disagreement_utility"":0.0}",ok,valid,[],"[""event_00000243""]",evaluation_receipt,episode_attempt_86df73932ee410b1fde1,c28611a3d4440c995e99bef777ecded3cfbabeb837b2e39527b62d51333d0556,true
result_f4b36ec523aa574d925b7be7,runplan_12eea7f2d1cc0300,cell_18d702443305f55b0f73,housing_v1__experiment__000005,housing_v1,housing_controlled_model_landlords_experiment,episode_attempt_86df73932ee410b1fde1,c28611a3d4440c995e99bef777ecded3cfbabeb837b2e39527b62d51333d0556,included,housing_social_welfare_leaf,1.0.0,social_welfare,1.0.0,utility,landlord_4,landlord_4,65.66,utility_points,"{""disagreement_utility"":0.0}",ok,valid,[],"[""event_00000243""]",evaluation_receipt,episode_attempt_86df73932ee410b1fde1,c28611a3d4440c995e99bef777ecded3cfbabeb837b2e39527b62d51333d0556,true
result_73194bd63aaf96b05caac28d,runplan_12eea7f2d1cc0300,cell_18d702443305f55b0f73,housing_v1__experiment__000005,housing_v1,housing_controlled_model_landlords_experiment,episode_attempt_86df73932ee410b1fde1,c28611a3d4440c995e99bef777ecded3cfbabeb837b2e39527b62d51333d0556,included,housing_social_welfare_leaf,1.0.0,social_welfare,1.0.0,utility,tenant_0,tenant_0,431.79,utility_points,"{""disagreement_utility"":0.0}",ok,valid,[],"[""event_00000243""]",evaluation_receipt,episode_attempt_86df73932ee410b1fde1,c28611a3d4440c995e99bef777ecded3cfbabeb837b2e39527b62d51333d0556,true
result_a8e3dccf541f23db0f968929,runplan_12eea7f2d1cc0300,cell_18d702443305f55b0f73,housing_v1__experiment__000005,housing_v1,housing_controlled_model_landlords_experiment,episode_attempt_86df73932ee410b1fde1,c28611a3d4440c995e99bef777ecded3cfbabeb837b2e39527b62d51333d0556,included,housing_social_welfare_leaf,1.0.0,social_welfare,1.0.0,utility,tenant_1,tenant_1,274.53,utility_points,"{""disagreement_utility"":0.0}",ok,valid,[],"[""event_00000243""]",evaluation_receipt,episode_attempt_86df73932ee410b1fde1,c28611a3d4440c995e99bef777ecded3cfbabeb837b2e39527b62d51333d0556,true
result_870a681616a869504d005899,runplan_12eea7f2d1cc0300,cell_18d702443305f55b0f73,housing_v1__experiment__000005,housing_v1,housing_controlled_model_landlords_experiment,episode_attempt_86df73932ee410b1fde1,c28611a3d4440c995e99bef777ecded3cfbabeb837b2e39527b62d51333d0556,included,housing_social_welfare_leaf,1.0.0,social_welfare,1.0.0,utility,tenant_2,tenant_2,0.0,utility_points,"{""disagreement_utility"":0.0}",ok,valid,[],"[""event_00000243""]",evaluation_receipt,episode_attempt_86df73932ee410b1fde1,c28611a3d4440c995e99bef777ecded3cfbabeb837b2e39527b62d51333d0556,true
result_c05cc59a333c63c86aa5938b,runplan_12eea7f2d1cc0300,cell_18d702443305f55b0f73,housing_v1__experiment__000005,housing_v1,housing_controlled_model_landlords_experiment,episode_attempt_86df73932ee410b1fde1,c28611a3d4440c995e99bef777ecded3cfbabeb837b2e39527b62d51333d0556,included,housing_social_welfare_leaf,1.0.0,social_welfare,1.0.0,utility,tenant_3,tenant_3,163.09,utility_points,"{""disagreement_utility"":0.0}",ok,valid,[],"[""event_00000243""]",evaluation_receipt,episode_attempt_86df73932ee410b1fde1,c28611a3d4440c995e99bef777ecded3cfbabeb837b2e39527b62d51333d0556,true
result_8627af195916c18aea21e5b8,runplan_12eea7f2d1cc0300,cell_18d702443305f55b0f73,housing_v1__experiment__000005,housing_v1,housing_controlled_model_landlords_experiment,episode_attempt_86df73932ee410b1fde1,c28611a3d4440c995e99bef777ecded3cfbabeb837b2e39527b62d51333d0556,included,housing_social_welfare_leaf,1.0.0,social_welfare,1.0.0,utility,tenant_4,tenant_4,0.0,utility_points,"{""disagreement_utility"":0.0}",ok,valid,[],"[""event_00000243""]",evaluation_receipt,episode_attempt_86df73932ee410b1fde1,c28611a3d4440c995e99bef777ecded3cfbabeb837b2e39527b62d51333d0556,true
result_6810683732710683e677ee3a,runplan_12eea7f2d1cc0300,cell_18d702443305f55b0f73,housing_v1__experiment__000005,housing_v1,housing_controlled_model_landlords_experiment,episode_attempt_86df73932ee410b1fde1,c28611a3d4440c995e99bef777ecded3cfbabeb837b2e39527b62d51333d0556,included,housing_social_welfare_leaf,1.0.0,social_welfare,1.0.0,utility,tenant_5,tenant_5,0.0,utility_points,"{""disagreement_utility"":0.0}",ok,valid,[],"[""event_00000243""]",evaluation_receipt,episode_attempt_86df73932ee410b1fde1,c28611a3d4440c995e99bef777ecded3cfbabeb837b2e39527b62d51333d0556,true
result_e7f977b8f2c137c3749d94c2,runplan_12eea7f2d1cc0300,cell_18d702443305f55b0f73,housing_v1__experiment__000005,housing_v1,housing_controlled_model_landlords_experiment,episode_attempt_86df73932ee410b1fde1,c28611a3d4440c995e99bef777ecded3cfbabeb837b2e39527b62d51333d0556,included,housing_social_welfare_leaf,1.0.0,social_welfare,1.0.0,capture,landlord_0,landlord_0,0.0,utility_points,"{""disagreement_utility"":0.0}",ok,valid,[],"[""event_00000243""]",evaluation_receipt,episode_attempt_86df73932ee410b1fde1,c28611a3d4440c995e99bef777ecded3cfbabeb837b2e39527b62d51333d0556,true
result_7128b2fa32ad0e4e98528a9b,runplan_12eea7f2d1cc0300,cell_18d702443305f55b0f73,housing_v1__experiment__000005,housing_v1,housing_controlled_model_landlords_experiment,episode_attempt_86df73932ee410b1fde1,c28611a3d4440c995e99bef777ecded3cfbabeb837b2e39527b62d51333d0556,included,housing_social_welfare_leaf,1.0.0,social_welfare,1.0.0,capture,landlord_1,landlord_1,77.99,utility_points,"{""disagreement_utility"":0.0}",ok,valid,[],"[""event_00000243""]",evaluation_receipt,episode_attempt_86df73932ee410b1fde1,c28611a3d4440c995e99bef777ecded3cfbabeb837b2e39527b62d51333d0556,true
result_864e88aa194c0b012fbac0b1,runplan_12eea7f2d1cc0300,cell_18d702443305f55b0f73,housing_v1__experiment__000005,housing_v1,housing_controlled_model_landlords_experiment,episode_attempt_86df73932ee410b1fde1,c28611a3d4440c995e99bef777ecded3cfbabeb837b2e39527b62d51333d0556,included,housing_social_welfare_leaf,1.0.0,social_welfare,1.0.0,capture,landlord_2,landlord_2,0.0,utility_points,"{""disagreement_utility"":0.0}",ok,valid,[],"[""event_00000243""]",evaluation_receipt,episode_attempt_86df73932ee410b1fde1,c28611a3d4440c995e99bef777ecded3cfbabeb837b2e39527b62d51333d0556,true
result_9e9ec8cd5feb42e3a7fbc8d6,runplan_12eea7f2d1cc0300,cell_18d702443305f55b0f73,housing_v1__experiment__000005,housing_v1,housing_controlled_model_landlords_experiment,episode_attempt_86df73932ee410b1fde1,c28611a3d4440c995e99bef777ecded3cfbabeb837b2e39527b62d51333d0556,included,housing_social_welfare_leaf,1.0.0,social_welfare,1.0.0,capture,landlord_3,landlord_3,43.77,utility_points,"{""disagreement_utility"":0.0}",ok,valid,[],"[""event_00000243""]",evaluation_receipt,episode_attempt_86df73932ee410b1fde1,c28611a3d4440c995e99bef777ecded3cfbabeb837b2e39527b62d51333d0556,true
result_4d4d55c6ccfea8fc231fd988,runplan_12eea7f2d1cc0300,cell_18d702443305f55b0f73,housing_v1__experiment__000005,housing_v1,housing_controlled_model_landlords_experiment,episode_attempt_86df73932ee410b1fde1,c28611a3d4440c995e99bef777ecded3cfbabeb837b2e39527b62d51333d0556,included,housing_social_welfare_leaf,1.0.0,social_welfare,1.0.0,capture,landlord_4,landlord_4,65.66,utility_points,"{""disagreement_utility"":0.0}",ok,valid,[],"[""event_00000243""]",evaluation_receipt,episode_attempt_86df73932ee410b1fde1,c28611a3d4440c995e99bef777ecded3cfbabeb837b2e39527b62d51333d0556,true
result_a4c3d2a7c3c9ac28b3720e45,runplan_12eea7f2d1cc0300,cell_18d702443305f55b0f73,housing_v1__experiment__000005,housing_v1,housing_controlled_model_landlords_experiment,episode_attempt_86df73932ee410b1fde1,c28611a3d4440c995e99bef777ecded3cfbabeb837b2e39527b62d51333d0556,included,housing_social_welfare_leaf,1.0.0,social_welfare,1.0.0,capture,tenant_0,tenant_0,431.79,utility_points,"{""disagreement_utility"":0.0}",ok,valid,[],"[""event_00000243""]",evaluation_receipt,episode_attempt_86df73932ee410b1fde1,c28611a3d4440c995e99bef777ecded3cfbabeb837b2e39527b62d51333d0556,true
result_bcb83e2a2266bc871108ded5,runplan_12eea7f2d1cc0300,cell_18d702443305f55b0f73,housing_v1__experiment__000005,housing_v1,housing_controlled_model_landlords_experiment,episode_attempt_86df73932ee410b1fde1,c28611a3d4440c995e99bef777ecded3cfbabeb837b2e39527b62d51333d0556,included,housing_social_welfare_leaf,1.0.0,social_welfare,1.0.0,capture,tenant_1,tenant_1,274.53,utility_points,"{""disagreement_utility"":0.0}",ok,valid,[],"[""event_00000243""]",evaluation_receipt,episode_attempt_86df73932ee410b1fde1,c28611a3d4440c995e99bef777ecded3cfbabeb837b2e39527b62d51333d0556,true
result_b22e77fe7c74ba3867068b21,runplan_12eea7f2d1cc0300,cell_18d702443305f55b0f73,housing_v1__experiment__000005,housing_v1,housing_controlled_model_landlords_experiment,episode_attempt_86df73932ee410b1fde1,c28611a3d4440c995e99bef777ecded3cfbabeb837b2e39527b62d51333d0556,included,housing_social_welfare_leaf,1.0.0,social_welfare,1.0.0,capture,tenant_2,tenant_2,0.0,utility_points,"{""disagreement_utility"":0.0}",ok,valid,[],"[""event_00000243""]",evaluation_receipt,episode_attempt_86df73932ee410b1fde1,c28611a3d4440c995e99bef777ecded3cfbabeb837b2e39527b62d51333d0556,true
result_b8a857d68493b65ced6e9fa0,runplan_12eea7f2d1cc0300,cell_18d702443305f55b0f73,housing_v1__experiment__000005,housing_v1,housing_controlled_model_landlords_experiment,episode_attempt_86df73932ee410b1fde1,c28611a3d4440c995e99bef777ecded3cfbabeb837b2e39527b62d51333d0556,included,housing_social_welfare_leaf,1.0.0,social_welfare,1.0.0,capture,tenant_3,tenant_3,163.09,utility_points,"{""disagreement_utility"":0.0}",ok,valid,[],"[""event_00000243""]",evaluation_receipt,episode_attempt_86df73932ee410b1fde1,c28611a3d4440c995e99bef777ecded3cfbabeb837b2e39527b62d51333d0556,true
result_892fe6e5390b03c08aa58d68,runplan_12eea7f2d1cc0300,cell_18d702443305f55b0f73,housing_v1__experiment__000005,housing_v1,housing_controlled_model_landlords_experiment,episode_attempt_86df73932ee410b1fde1,c28611a3d4440c995e99bef777ecded3cfbabeb837b2e39527b62d51333d0556,included,housing_social_welfare_leaf,1.0.0,social_welfare,1.0.0,capture,tenant_4,tenant_4,0.0,utility_points,"{""disagreement_utility"":0.0}",ok,valid,[],"[""event_00000243""]",evaluation_receipt,episode_attempt_86df73932ee410b1fde1,c28611a3d4440c995e99bef777ecded3cfbabeb837b2e39527b62d51333d0556,true
result_5fe2cbb646e933ac2b73e584,runplan_12eea7f2d1cc0300,cell_18d702443305f55b0f73,housing_v1__experiment__000005,housing_v1,housing_controlled_model_landlords_experiment,episode_attempt_86df73932ee410b1fde1,c28611a3d4440c995e99bef777ecded3cfbabeb837b2e39527b62d51333d0556,included,housing_social_welfare_leaf,1.0.0,social_welfare,1.0.0,capture,tenant_5,tenant_5,0.0,utility_points,"{""disagreement_utility"":0.0}",ok,valid,[],"[""event_00000243""]",evaluation_receipt,episode_attempt_86df73932ee410b1fde1,c28611a3d4440c995e99bef777ecded3cfbabeb837b2e39527b62d51333d0556,true
result_9e1f9dc6e80f8c2f428d4785,runplan_12eea7f2d1cc0300,cell_1e396bb3c1758fb0235a,housing_v1__experiment__000001,housing_v1,housing_controlled_model_landlords_experiment,episode_attempt_cbe18f8352fe6962c680,e57bce5a4131595abcde75c1340fa5e80bf9798f1af4b43e187ee0537bb0fd61,included,housing_social_welfare_leaf,1.0.0,social_welfare,1.0.0,primary,social_welfare,,1559.38,utility_points,{},ok,valid,[],"[""event_00000243""]",evaluation_receipt,episode_attempt_cbe18f8352fe6962c680,e57bce5a4131595abcde75c1340fa5e80bf9798f1af4b43e187ee0537bb0fd61,true
result_7449e34d6df25fa7c21608ec,runplan_12eea7f2d1cc0300,cell_1e396bb3c1758fb0235a,housing_v1__experiment__000001,housing_v1,housing_controlled_model_landlords_experiment,episode_attempt_cbe18f8352fe6962c680,e57bce5a4131595abcde75c1340fa5e80bf9798f1af4b43e187ee0537bb0fd61,included,housing_social_welfare_leaf,1.0.0,social_welfare,1.0.0,metric,comparison_baseline_gap,,-48.86999999999989,utility_points,{},ok,valid,[],"[""event_00000243""]",evaluation_receipt,episode_attempt_cbe18f8352fe6962c680,e57bce5a4131595abcde75c1340fa5e80bf9798f1af4b43e187ee0537bb0fd61,true
result_73cff6b30a06ce7a760dcd12,runplan_12eea7f2d1cc0300,cell_1e396bb3c1758fb0235a,housing_v1__experiment__000001,housing_v1,housing_controlled_model_landlords_experiment,episode_attempt_cbe18f8352fe6962c680,e57bce5a4131595abcde75c1340fa5e80bf9798f1af4b43e187ee0537bb0fd61,included,housing_social_welfare_leaf,1.0.0,social_welfare,1.0.0,metric,ir_violation_count,,0.0,count,{},ok,valid,[],"[""event_00000243""]",evaluation_receipt,episode_attempt_cbe18f8352fe6962c680,e57bce5a4131595abcde75c1340fa5e80bf9798f1af4b43e187ee0537bb0fd61,true
result_e7fc5377fa38b275364ad635,runplan_12eea7f2d1cc0300,cell_1e396bb3c1758fb0235a,housing_v1__experiment__000001,housing_v1,housing_controlled_model_landlords_experiment,episode_attempt_cbe18f8352fe6962c680,e57bce5a4131595abcde75c1340fa5e80bf9798f1af4b43e187ee0537bb0fd61,included,housing_social_welfare_leaf,1.0.0,social_welfare,1.0.0,metric,social_welfare,,1559.38,utility_points,{},ok,valid,[],"[""event_00000243""]",evaluation_receipt,episode_attempt_cbe18f8352fe6962c680,e57bce5a4131595abcde75c1340fa5e80bf9798f1af4b43e187ee0537bb0fd61,true
result_0d0d73caa9311c7fa482bc16,runplan_12eea7f2d1cc0300,cell_1e396bb3c1758fb0235a,housing_v1__experiment__000001,housing_v1,housing_controlled_model_landlords_experiment,episode_attempt_cbe18f8352fe6962c680,e57bce5a4131595abcde75c1340fa5e80bf9798f1af4b43e187ee0537bb0fd61,included,housing_social_welfare_leaf,1.0.0,social_welfare,1.0.0,metric,upper_bound_gap,,229.6099999999999,utility_points,{},ok,valid,[],"[""event_00000243""]",evaluation_receipt,episode_attempt_cbe18f8352fe6962c680,e57bce5a4131595abcde75c1340fa5e80bf9798f1af4b43e187ee0537bb0fd61,true
result_cde2aa3e5729784256c38b7c,runplan_12eea7f2d1cc0300,cell_1e396bb3c1758fb0235a,housing_v1__experiment__000001,housing_v1,housing_controlled_model_landlords_experiment,episode_attempt_cbe18f8352fe6962c680,e57bce5a4131595abcde75c1340fa5e80bf9798f1af4b43e187ee0537bb0fd61,included,housing_social_welfare_leaf,1.0.0,social_welfare,1.0.0,metric,wasted_contacts,,7.0,count,{},ok,valid,[],"[""event_00000243""]",evaluation_receipt,episode_attempt_cbe18f8352fe6962c680,e57bce5a4131595abcde75c1340fa5e80bf9798f1af4b43e187ee0537bb0fd61,true
result_20a85c04f797c3deb888e3d1,runplan_12eea7f2d1cc0300,cell_1e396bb3c1758fb0235a,housing_v1__experiment__000001,housing_v1,housing_controlled_model_landlords_experiment,episode_attempt_cbe18f8352fe6962c680,e57bce5a4131595abcde75c1340fa5e80bf9798f1af4b43e187ee0537bb0fd61,included,housing_social_welfare_leaf,1.0.0,social_welfare,1.0.0,metric,within_case_score,,0.8716538381992074,ratio,{},ok,valid,[],"[""event_00000243""]",evaluation_receipt,episode_attempt_cbe18f8352fe6962c680,e57bce5a4131595abcde75c1340fa5e80bf9798f1af4b43e187ee0537bb0fd61,true
result_120c57020017107a3456116a,runplan_12eea7f2d1cc0300,cell_1e396bb3c1758fb0235a,housing_v1__experiment__000001,housing_v1,housing_controlled_model_landlords_experiment,episode_attempt_cbe18f8352fe6962c680,e57bce5a4131595abcde75c1340fa5e80bf9798f1af4b43e187ee0537bb0fd61,included,housing_social_welfare_leaf,1.0.0,social_welfare,1.0.0,reference,comparison_baseline,,1608.25,utility_points,"{""policy"":""naive"",""reference_kind"":""comparison_baseline""}",ok,valid,[],"[""event_00000243""]",evaluation_receipt,episode_attempt_cbe18f8352fe6962c680,e57bce5a4131595abcde75c1340fa5e80bf9798f1af4b43e187ee0537bb0fd61,true
result_a93e55f65841f6b445b27338,runplan_12eea7f2d1cc0300,cell_1e396bb3c1758fb0235a,housing_v1__experiment__000001,housing_v1,housing_controlled_model_landlords_experiment,episode_attempt_cbe18f8352fe6962c680,e57bce5a4131595abcde75c1340fa5e80bf9798f1af4b43e187ee0537bb0fd61,included,housing_social_welfare_leaf,1.0.0,social_welfare,1.0.0,reference,optimum_lower_bound,,0.0,utility_points,"{""policy"":""do_nothing"",""reference_kind"":""objective_lower_bound""}",ok,valid,[],"[""event_00000243""]",evaluation_receipt,episode_attempt_cbe18f8352fe6962c680,e57bce5a4131595abcde75c1340fa5e80bf9798f1af4b43e187ee0537bb0fd61,true
result_d5e1d65623971a9ec8347d0d,runplan_12eea7f2d1cc0300,cell_1e396bb3c1758fb0235a,housing_v1__experiment__000001,housing_v1,housing_controlled_model_landlords_experiment,episode_attempt_cbe18f8352fe6962c680,e57bce5a4131595abcde75c1340fa5e80bf9798f1af4b43e187ee0537bb0fd61,included,housing_social_welfare_leaf,1.0.0,social_welfare,1.0.0,reference,optimum_upper_bound,,1788.99,utility_points,"{""reference_kind"":""objective_upper_bound"",""semantics"":""full_information_allocation_relaxation""}",ok,valid,[],"[""event_00000243""]",evaluation_receipt,episode_attempt_cbe18f8352fe6962c680,e57bce5a4131595abcde75c1340fa5e80bf9798f1af4b43e187ee0537bb0fd61,true
result_770fb0a826ec50395ed59c20,runplan_12eea7f2d1cc0300,cell_1e396bb3c1758fb0235a,housing_v1__experiment__000001,housing_v1,housing_controlled_model_landlords_experiment,episode_attempt_cbe18f8352fe6962c680,e57bce5a4131595abcde75c1340fa5e80bf9798f1af4b43e187ee0537bb0fd61,included,housing_social_welfare_leaf,1.0.0,social_welfare,1.0.0,utility,landlord_0,landlord_0,83.6,utility_points,"{""disagreement_utility"":0.0}",ok,valid,[],"[""event_00000243""]",evaluation_receipt,episode_attempt_cbe18f8352fe6962c680,e57bce5a4131595abcde75c1340fa5e80bf9798f1af4b43e187ee0537bb0fd61,true
result_6e1095121949dcbe132f5e07,runplan_12eea7f2d1cc0300,cell_1e396bb3c1758fb0235a,housing_v1__experiment__000001,housing_v1,housing_controlled_model_landlords_experiment,episode_attempt_cbe18f8352fe6962c680,e57bce5a4131595abcde75c1340fa5e80bf9798f1af4b43e187ee0537bb0fd61,included,housing_social_welfare_leaf,1.0.0,social_welfare,1.0.0,utility,landlord_1,landlord_1,0.0,utility_points,"{""disagreement_utility"":0.0}",ok,valid,[],"[""event_00000243""]",evaluation_receipt,episode_attempt_cbe18f8352fe6962c680,e57bce5a4131595abcde75c1340fa5e80bf9798f1af4b43e187ee0537bb0fd61,true
result_03786e1bf329a6a88907fbc2,runplan_12eea7f2d1cc0300,cell_1e396bb3c1758fb0235a,housing_v1__experiment__000001,housing_v1,housing_controlled_model_landlords_experiment,episode_attempt_cbe18f8352fe6962c680,e57bce5a4131595abcde75c1340fa5e80bf9798f1af4b43e187ee0537bb0fd61,included,housing_social_welfare_leaf,1.0.0,social_welfare,1.0.0,utility,landlord_2,landlord_2,0.0,utility_points,"{""disagreement_utility"":0.0}",ok,valid,[],"[""event_00000243""]",evaluation_receipt,episode_attempt_cbe18f8352fe6962c680,e57bce5a4131595abcde75c1340fa5e80bf9798f1af4b43e187ee0537bb0fd61,true
result_d8db933060bcfd5dc7c936f6,runplan_12eea7f2d1cc0300,cell_1e396bb3c1758fb0235a,housing_v1__experiment__000001,housing_v1,housing_controlled_model_landlords_experiment,episode_attempt_cbe18f8352fe6962c680,e57bce5a4131595abcde75c1340fa5e80bf9798f1af4b43e187ee0537bb0fd61,included,housing_social_welfare_leaf,1.0.0,social_welfare,1.0.0,utility,landlord_3,landlord_3,97.64,utility_points,"{""disagreement_utility"":0.0}",ok,valid,[],"[""event_00000243""]",evaluation_receipt,episode_attempt_cbe18f8352fe6962c680,e57bce5a4131595abcde75c1340fa5e80bf9798f1af4b43e187ee0537bb0fd61,true
result_ff98d26e1f9e1551dd35e977,runplan_12eea7f2d1cc0300,cell_1e396bb3c1758fb0235a,housing_v1__experiment__000001,housing_v1,housing_controlled_model_landlords_experiment,episode_attempt_cbe18f8352fe6962c680,e57bce5a4131595abcde75c1340fa5e80bf9798f1af4b43e187ee0537bb0fd61,included,housing_social_welfare_leaf,1.0.0,social_welfare,1.0.0,utility,landlord_4,landlord_4,47.52,utility_points,"{""disagreement_utility"":0.0}",ok,valid,[],"[""event_00000243""]",evaluation_receipt,episode_attempt_cbe18f8352fe6962c680,e57bce5a4131595abcde75c1340fa5e80bf9798f1af4b43e187ee0537bb0fd61,true
result_478f0c7571cdc77e992159cb,runplan_12eea7f2d1cc0300,cell_1e396bb3c1758fb0235a,housing_v1__experiment__000001,housing_v1,housing_controlled_model_landlords_experiment,episode_attempt_cbe18f8352fe6962c680,e57bce5a4131595abcde75c1340fa5e80bf9798f1af4b43e187ee0537bb0fd61,included,housing_social_welfare_leaf,1.0.0,social_welfare,1.0.0,utility,tenant_0,tenant_0,396.79,utility_points,"{""disagreement_utility"":0.0}",ok,valid,[],"[""event_00000243""]",evaluation_receipt,episode_attempt_cbe18f8352fe6962c680,e57bce5a4131595abcde75c1340fa5e80bf9798f1af4b43e187ee0537bb0fd61,true
result_2c3a857c1fafcd9224648070,runplan_12eea7f2d1cc0300,cell_1e396bb3c1758fb0235a,housing_v1__experiment__000001,housing_v1,housing_controlled_model_landlords_experiment,episode_attempt_cbe18f8352fe6962c680,e57bce5a4131595abcde75c1340fa5e80bf9798f1af4b43e187ee0537bb0fd61,included,housing_social_welfare_leaf,1.0.0,social_welfare,1.0.0,utility,tenant_1,tenant_1,0.0,utility_points,"{""disagreement_utility"":0.0}",ok,valid,[],"[""event_00000243""]",evaluation_receipt,episode_attempt_cbe18f8352fe6962c680,e57bce5a4131595abcde75c1340fa5e80bf9798f1af4b43e187ee0537bb0fd61,true
result_14153e64353cd6f0a03b4642,runplan_12eea7f2d1cc0300,cell_1e396bb3c1758fb0235a,housing_v1__experiment__000001,housing_v1,housing_controlled_model_landlords_experiment,episode_attempt_cbe18f8352fe6962c680,e57bce5a4131595abcde75c1340fa5e80bf9798f1af4b43e187ee0537bb0fd61,included,housing_social_welfare_leaf,1.0.0,social_welfare,1.0.0,utility,tenant_2,tenant_2,0.0,utility_points,"{""disagreement_utility"":0.0}",ok,valid,[],"[""event_00000243""]",evaluation_receipt,episode_attempt_cbe18f8352fe6962c680,e57bce5a4131595abcde75c1340fa5e80bf9798f1af4b43e187ee0537bb0fd61,true
result_6fe91375cfea927f4c692e04,runplan_12eea7f2d1cc0300,cell_1e396bb3c1758fb0235a,housing_v1__experiment__000001,housing_v1,housing_controlled_model_landlords_experiment,episode_attempt_cbe18f8352fe6962c680,e57bce5a4131595abcde75c1340fa5e80bf9798f1af4b43e187ee0537bb0fd61,included,housing_social_welfare_leaf,1.0.0,social_welfare,1.0.0,utility,tenant_3,tenant_3,465.99,utility_points,"{""disagreement_utility"":0.0}",ok,valid,[],"[""event_00000243""]",evaluation_receipt,episode_attempt_cbe18f8352fe6962c680,e57bce5a4131595abcde75c1340fa5e80bf9798f1af4b43e187ee0537bb0fd61,true
result_1269e628a1547fdaeac0e7e2,runplan_12eea7f2d1cc0300,cell_1e396bb3c1758fb0235a,housing_v1__experiment__000001,housing_v1,housing_controlled_model_landlords_experiment,episode_attempt_cbe18f8352fe6962c680,e57bce5a4131595abcde75c1340fa5e80bf9798f1af4b43e187ee0537bb0fd61,included,housing_social_welfare_leaf,1.0.0,social_welfare,1.0.0,utility,tenant_4,tenant_4,0.0,utility_points,"{""disagreement_utility"":0.0}",ok,valid,[],"[""event_00000243""]",evaluation_receipt,episode_attempt_cbe18f8352fe6962c680,e57bce5a4131595abcde75c1340fa5e80bf9798f1af4b43e187ee0537bb0fd61,true
result_8500e378de1af1eb0c39fc3a,runplan_12eea7f2d1cc0300,cell_1e396bb3c1758fb0235a,housing_v1__experiment__000001,housing_v1,housing_controlled_model_landlords_experiment,episode_attempt_cbe18f8352fe6962c680,e57bce5a4131595abcde75c1340fa5e80bf9798f1af4b43e187ee0537bb0fd61,included,housing_social_welfare_leaf,1.0.0,social_welfare,1.0.0,utility,tenant_5,tenant_5,467.84,utility_points,"{""disagreement_utility"":0.0}",ok,valid,[],"[""event_00000243""]",evaluation_receipt,episode_attempt_cbe18f8352fe6962c680,e57bce5a4131595abcde75c1340fa5e80bf9798f1af4b43e187ee0537bb0fd61,true
result_9c6ea0b1c3eac369d8d5f956,runplan_12eea7f2d1cc0300,cell_1e396bb3c1758fb0235a,housing_v1__experiment__000001,housing_v1,housing_controlled_model_landlords_experiment,episode_attempt_cbe18f8352fe6962c680,e57bce5a4131595abcde75c1340fa5e80bf9798f1af4b43e187ee0537bb0fd61,included,housing_social_welfare_leaf,1.0.0,social_welfare,1.0.0,capture,landlord_0,landlord_0,83.6,utility_points,"{""disagreement_utility"":0.0}",ok,valid,[],"[""event_00000243""]",evaluation_receipt,episode_attempt_cbe18f8352fe6962c680,e57bce5a4131595abcde75c1340fa5e80bf9798f1af4b43e187ee0537bb0fd61,true
result_0288de0855f0276974344630,runplan_12eea7f2d1cc0300,cell_1e396bb3c1758fb0235a,housing_v1__experiment__000001,housing_v1,housing_controlled_model_landlords_experiment,episode_attempt_cbe18f8352fe6962c680,e57bce5a4131595abcde75c1340fa5e80bf9798f1af4b43e187ee0537bb0fd61,included,housing_social_welfare_leaf,1.0.0,social_welfare,1.0.0,capture,landlord_1,landlord_1,0.0,utility_points,"{""disagreement_utility"":0.0}",ok,valid,[],"[""event_00000243""]",evaluation_receipt,episode_attempt_cbe18f8352fe6962c680,e57bce5a4131595abcde75c1340fa5e80bf9798f1af4b43e187ee0537bb0fd61,true
result_6cac3dd1cb17d9e26ea8ffc9,runplan_12eea7f2d1cc0300,cell_1e396bb3c1758fb0235a,housing_v1__experiment__000001,housing_v1,housing_controlled_model_landlords_experiment,episode_attempt_cbe18f8352fe6962c680,e57bce5a4131595abcde75c1340fa5e80bf9798f1af4b43e187ee0537bb0fd61,included,housing_social_welfare_leaf,1.0.0,social_welfare,1.0.0,capture,landlord_2,landlord_2,0.0,utility_points,"{""disagreement_utility"":0.0}",ok,valid,[],"[""event_00000243""]",evaluation_receipt,episode_attempt_cbe18f8352fe6962c680,e57bce5a4131595abcde75c1340fa5e80bf9798f1af4b43e187ee0537bb0fd61,true
result_7b71f563386d55891f23386a,runplan_12eea7f2d1cc0300,cell_1e396bb3c1758fb0235a,housing_v1__experiment__000001,housing_v1,housing_controlled_model_landlords_experiment,episode_attempt_cbe18f8352fe6962c680,e57bce5a4131595abcde75c1340fa5e80bf9798f1af4b43e187ee0537bb0fd61,included,housing_social_welfare_leaf,1.0.0,social_welfare,1.0.0,capture,landlord_3,landlord_3,97.64,utility_points,"{""disagreement_utility"":0.0}",ok,valid,[],"[""event_00000243""]",evaluation_receipt,episode_attempt_cbe18f8352fe6962c680,e57bce5a4131595abcde75c1340fa5e80bf9798f1af4b43e187ee0537bb0fd61,true
result_e02d4a440ab2e9952bf74634,runplan_12eea7f2d1cc0300,cell_1e396bb3c1758fb0235a,housing_v1__experiment__000001,housing_v1,housing_controlled_model_landlords_experiment,episode_attempt_cbe18f8352fe6962c680,e57bce5a4131595abcde75c1340fa5e80bf9798f1af4b43e187ee0537bb0fd61,included,housing_social_welfare_leaf,1.0.0,social_welfare,1.0.0,capture,landlord_4,landlord_4,47.52,utility_points,"{""disagreement_utility"":0.0}",ok,valid,[],"[""event_00000243""]",evaluation_receipt,episode_attempt_cbe18f8352fe6962c680,e57bce5a4131595abcde75c1340fa5e80bf9798f1af4b43e187ee0537bb0fd61,true
result_901b33f2244c7ea689bb92ae,runplan_12eea7f2d1cc0300,cell_1e396bb3c1758fb0235a,housing_v1__experiment__000001,housing_v1,housing_controlled_model_landlords_experiment,episode_attempt_cbe18f8352fe6962c680,e57bce5a4131595abcde75c1340fa5e80bf9798f1af4b43e187ee0537bb0fd61,included,housing_social_welfare_leaf,1.0.0,social_welfare,1.0.0,capture,tenant_0,tenant_0,396.79,utility_points,"{""disagreement_utility"":0.0}",ok,valid,[],"[""event_00000243""]",evaluation_receipt,episode_attempt_cbe18f8352fe6962c680,e57bce5a4131595abcde75c1340fa5e80bf9798f1af4b43e187ee0537bb0fd61,true
result_2e187d604582ce166be1b777,runplan_12eea7f2d1cc0300,cell_1e396bb3c1758fb0235a,housing_v1__experiment__000001,housing_v1,housing_controlled_model_landlords_experiment,episode_attempt_cbe18f8352fe6962c680,e57bce5a4131595abcde75c1340fa5e80bf9798f1af4b43e187ee0537bb0fd61,included,housing_social_welfare_leaf,1.0.0,social_welfare,1.0.0,capture,tenant_1,tenant_1,0.0,utility_points,"{""disagreement_utility"":0.0}",ok,valid,[],"[""event_00000243""]",evaluation_receipt,episode_attempt_cbe18f8352fe6962c680,e57bce5a4131595abcde75c1340fa5e80bf9798f1af4b43e187ee0537bb0fd61,true
result_14316cc92220724ba1924207,runplan_12eea7f2d1cc0300,cell_1e396bb3c1758fb0235a,housing_v1__experiment__000001,housing_v1,housing_controlled_model_landlords_experiment,episode_attempt_cbe18f8352fe6962c680,e57bce5a4131595abcde75c1340fa5e80bf9798f1af4b43e187ee0537bb0fd61,included,housing_social_welfare_leaf,1.0.0,social_welfare,1.0.0,capture,tenant_2,tenant_2,0.0,utility_points,"{""disagreement_utility"":0.0}",ok,valid,[],"[""event_00000243""]",evaluation_receipt,episode_attempt_cbe18f8352fe6962c680,e57bce5a4131595abcde75c1340fa5e80bf9798f1af4b43e187ee0537bb0fd61,true
result_564a88092b0f2bff1620aba6,runplan_12eea7f2d1cc0300,cell_1e396bb3c1758fb0235a,housing_v1__experiment__000001,housing_v1,housing_controlled_model_landlords_experiment,episode_attempt_cbe18f8352fe6962c680,e57bce5a4131595abcde75c1340fa5e80bf9798f1af4b43e187ee0537bb0fd61,included,housing_social_welfare_leaf,1.0.0,social_welfare,1.0.0,capture,tenant_3,tenant_3,465.99,utility_points,"{""disagreement_utility"":0.0}",ok,valid,[],"[""event_00000243""]",evaluation_receipt,episode_attempt_cbe18f8352fe6962c680,e57bce5a4131595abcde75c1340fa5e80bf9798f1af4b43e187ee0537bb0fd61,true
result_3337f18b64f15ee48520f9c7,runplan_12eea7f2d1cc0300,cell_1e396bb3c1758fb0235a,housing_v1__experiment__000001,housing_v1,housing_controlled_model_landlords_experiment,episode_attempt_cbe18f8352fe6962c680,e57bce5a4131595abcde75c1340fa5e80bf9798f1af4b43e187ee0537bb0fd61,included,housing_social_welfare_leaf,1.0.0,social_welfare,1.0.0,capture,tenant_4,tenant_4,0.0,utility_points,"{""disagreement_utility"":0.0}",ok,valid,[],"[""event_00000243""]",evaluation_receipt,episode_attempt_cbe18f8352fe6962c680,e57bce5a4131595abcde75c1340fa5e80bf9798f1af4b43e187ee0537bb0fd61,true
result_5e5df80cb95daa9ecb8ce3cc,runplan_12eea7f2d1cc0300,cell_1e396bb3c1758fb0235a,housing_v1__experiment__000001,housing_v1,housing_controlled_model_landlords_experiment,episode_attempt_cbe18f8352fe6962c680,e57bce5a4131595abcde75c1340fa5e80bf9798f1af4b43e187ee0537bb0fd61,included,housing_social_welfare_leaf,1.0.0,social_welfare,1.0.0,capture,tenant_5,tenant_5,467.84,utility_points,"{""disagreement_utility"":0.0}",ok,valid,[],"[""event_00000243""]",evaluation_receipt,episode_attempt_cbe18f8352fe6962c680,e57bce5a4131595abcde75c1340fa5e80bf9798f1af4b43e187ee0537bb0fd61,true
result_2363319f2a113a285679d60d,runplan_12eea7f2d1cc0300,cell_4096f93b85f36fb4c411,housing_v1__experiment__000002,housing_v1,housing_controlled_model_landlords_experiment,episode_attempt_5d0ff3904be3cc5438bf,275a0e0f60e6346d95cdda71137ad51c760f535d3dea45ce479429a4232a7083,included,housing_social_welfare_leaf,1.0.0,social_welfare,1.0.0,primary,social_welfare,,965.65,utility_points,{},ok,valid,[],"[""event_00000303""]",evaluation_receipt,episode_attempt_5d0ff3904be3cc5438bf,275a0e0f60e6346d95cdda71137ad51c760f535d3dea45ce479429a4232a7083,true
result_f3f0ca7b6294d2db9c6f2bbf,runplan_12eea7f2d1cc0300,cell_4096f93b85f36fb4c411,housing_v1__experiment__000002,housing_v1,housing_controlled_model_landlords_experiment,episode_attempt_5d0ff3904be3cc5438bf,275a0e0f60e6346d95cdda71137ad51c760f535d3dea45ce479429a4232a7083,included,housing_social_welfare_leaf,1.0.0,social_welfare,1.0.0,metric,comparison_baseline_gap,,-443.82000000000005,utility_points,{},ok,valid,[],"[""event_00000303""]",evaluation_receipt,episode_attempt_5d0ff3904be3cc5438bf,275a0e0f60e6346d95cdda71137ad51c760f535d3dea45ce479429a4232a7083,true
result_25249a6471b44cb10c71ef66,runplan_12eea7f2d1cc0300,cell_4096f93b85f36fb4c411,housing_v1__experiment__000002,housing_v1,housing_controlled_model_landlords_experiment,episode_attempt_5d0ff3904be3cc5438bf,275a0e0f60e6346d95cdda71137ad51c760f535d3dea45ce479429a4232a7083,included,housing_social_welfare_leaf,1.0.0,social_welfare,1.0.0,metric,ir_violation_count,,0.0,count,{},ok,valid,[],"[""event_00000303""]",evaluation_receipt,episode_attempt_5d0ff3904be3cc5438bf,275a0e0f60e6346d95cdda71137ad51c760f535d3dea45ce479429a4232a7083,true
result_2b95b4077c6022f25ae09d26,runplan_12eea7f2d1cc0300,cell_4096f93b85f36fb4c411,housing_v1__experiment__000002,housing_v1,housing_controlled_model_landlords_experiment,episode_attempt_5d0ff3904be3cc5438bf,275a0e0f60e6346d95cdda71137ad51c760f535d3dea45ce479429a4232a7083,included,housing_social_welfare_leaf,1.0.0,social_welfare,1.0.0,metric,social_welfare,,965.65,utility_points,{},ok,valid,[],"[""event_00000303""]",evaluation_receipt,episode_attempt_5d0ff3904be3cc5438bf,275a0e0f60e6346d95cdda71137ad51c760f535d3dea45ce479429a4232a7083,true
result_e1eb0e664189c2474ffd2c54,runplan_12eea7f2d1cc0300,cell_4096f93b85f36fb4c411,housing_v1__experiment__000002,housing_v1,housing_controlled_model_landlords_experiment,episode_attempt_5d0ff3904be3cc5438bf,275a0e0f60e6346d95cdda71137ad51c760f535d3dea45ce479429a4232a7083,included,housing_social_welfare_leaf,1.0.0,social_welfare,1.0.0,metric,upper_bound_gap,,1211.4899999999998,utility_points,{},ok,valid,[],"[""event_00000303""]",evaluation_receipt,episode_attempt_5d0ff3904be3cc5438bf,275a0e0f60e6346d95cdda71137ad51c760f535d3dea45ce479429a4232a7083,true
result_fdb0a2f8bdabd4168d89859d,runplan_12eea7f2d1cc0300,cell_4096f93b85f36fb4c411,housing_v1__experiment__000002,housing_v1,housing_controlled_model_landlords_experiment,episode_attempt_5d0ff3904be3cc5438bf,275a0e0f60e6346d95cdda71137ad51c760f535d3dea45ce479429a4232a7083,included,housing_social_welfare_leaf,1.0.0,social_welfare,1.0.0,metric,wasted_contacts,,9.0,count,{},ok,valid,[],"[""event_00000303""]",evaluation_receipt,episode_attempt_5d0ff3904be3cc5438bf,275a0e0f60e6346d95cdda71137ad51c760f535d3dea45ce479429a4232a7083,true
result_5f9c19edec3b9c6d15c576d3,runplan_12eea7f2d1cc0300,cell_4096f93b85f36fb4c411,housing_v1__experiment__000002,housing_v1,housing_controlled_model_landlords_experiment,episode_attempt_5d0ff3904be3cc5438bf,275a0e0f60e6346d95cdda71137ad51c760f535d3dea45ce479429a4232a7083,included,housing_social_welfare_leaf,1.0.0,social_welfare,1.0.0,metric,within_case_score,,0.44354060832100833,ratio,{},ok,valid,[],"[""event_00000303""]",evaluation_receipt,episode_attempt_5d0ff3904be3cc5438bf,275a0e0f60e6346d95cdda71137ad51c760f535d3dea45ce479429a4232a7083,true
result_1ddd6e02549f9b2996521cc6,runplan_12eea7f2d1cc0300,cell_4096f93b85f36fb4c411,housing_v1__experiment__000002,housing_v1,housing_controlled_model_landlords_experiment,episode_attempt_5d0ff3904be3cc5438bf,275a0e0f60e6346d95cdda71137ad51c760f535d3dea45ce479429a4232a7083,included,housing_social_welfare_leaf,1.0.0,social_welfare,1.0.0,reference,comparison_baseline,,1409.47,utility_points,"{""policy"":""naive"",""reference_kind"":""comparison_baseline""}",ok,valid,[],"[""event_00000303""]",evaluation_receipt,episode_attempt_5d0ff3904be3cc5438bf,275a0e0f60e6346d95cdda71137ad51c760f535d3dea45ce479429a4232a7083,true
result_3f42fb181fcafff7479214a4,runplan_12eea7f2d1cc0300,cell_4096f93b85f36fb4c411,housing_v1__experiment__000002,housing_v1,housing_controlled_model_landlords_experiment,episode_attempt_5d0ff3904be3cc5438bf,275a0e0f60e6346d95cdda71137ad51c760f535d3dea45ce479429a4232a7083,included,housing_social_welfare_leaf,1.0.0,social_welfare,1.0.0,reference,optimum_lower_bound,,0.0,utility_points,"{""policy"":""do_nothing"",""reference_kind"":""objective_lower_bound""}",ok,valid,[],"[""event_00000303""]",evaluation_receipt,episode_attempt_5d0ff3904be3cc5438bf,275a0e0f60e6346d95cdda71137ad51c760f535d3dea45ce479429a4232a7083,true
result_72e36380396e2fee37a6ab57,runplan_12eea7f2d1cc0300,cell_4096f93b85f36fb4c411,housing_v1__experiment__000002,housing_v1,housing_controlled_model_landlords_experiment,episode_attempt_5d0ff3904be3cc5438bf,275a0e0f60e6346d95cdda71137ad51c760f535d3dea45ce479429a4232a7083,included,housing_social_welfare_leaf,1.0.0,social_welfare,1.0.0,reference,optimum_upper_bound,,2177.14,utility_points,"{""reference_kind"":""objective_upper_bound"",""semantics"":""full_information_allocation_relaxation""}",ok,valid,[],"[""event_00000303""]",evaluation_receipt,episode_attempt_5d0ff3904be3cc5438bf,275a0e0f60e6346d95cdda71137ad51c760f535d3dea45ce479429a4232a7083,true
result_de2a97481a688f0430c48acf,runplan_12eea7f2d1cc0300,cell_4096f93b85f36fb4c411,housing_v1__experiment__000002,housing_v1,housing_controlled_model_landlords_experiment,episode_attempt_5d0ff3904be3cc5438bf,275a0e0f60e6346d95cdda71137ad51c760f535d3dea45ce479429a4232a7083,included,housing_social_welfare_leaf,1.0.0,social_welfare,1.0.0,utility,landlord_0,landlord_0,76.2,utility_points,"{""disagreement_utility"":0.0}",ok,valid,[],"[""event_00000303""]",evaluation_receipt,episode_attempt_5d0ff3904be3cc5438bf,275a0e0f60e6346d95cdda71137ad51c760f535d3dea45ce479429a4232a7083,true
result_e4953ce88a2e75a9c1f568a2,runplan_12eea7f2d1cc0300,cell_4096f93b85f36fb4c411,housing_v1__experiment__000002,housing_v1,housing_controlled_model_landlords_experiment,episode_attempt_5d0ff3904be3cc5438bf,275a0e0f60e6346d95cdda71137ad51c760f535d3dea45ce479429a4232a7083,included,housing_social_welfare_leaf,1.0.0,social_welfare,1.0.0,utility,landlord_1,landlord_1,0.0,utility_points,"{""disagreement_utility"":0.0}",ok,valid,[],"[""event_00000303""]",evaluation_receipt,episode_attempt_5d0ff3904be3cc5438bf,275a0e0f60e6346d95cdda71137ad51c760f535d3dea45ce479429a4232a7083,true
result_0337d7ed1c7706f18db8f0e1,runplan_12eea7f2d1cc0300,cell_4096f93b85f36fb4c411,housing_v1__experiment__000002,housing_v1,housing_controlled_model_landlords_experiment,episode_attempt_5d0ff3904be3cc5438bf,275a0e0f60e6346d95cdda71137ad51c760f535d3dea45ce479429a4232a7083,included,housing_social_welfare_leaf,1.0.0,social_welfare,1.0.0,utility,landlord_2,landlord_2,0.0,utility_points,"{""disagreement_utility"":0.0}",ok,valid,[],"[""event_00000303""]",evaluation_receipt,episode_attempt_5d0ff3904be3cc5438bf,275a0e0f60e6346d95cdda71137ad51c760f535d3dea45ce479429a4232a7083,true
result_bebf7e4b2ccb01c7b1acf75f,runplan_12eea7f2d1cc0300,cell_4096f93b85f36fb4c411,housing_v1__experiment__000002,housing_v1,housing_controlled_model_landlords_experiment,episode_attempt_5d0ff3904be3cc5438bf,275a0e0f60e6346d95cdda71137ad51c760f535d3dea45ce479429a4232a7083,included,housing_social_welfare_leaf,1.0.0,social_welfare,1.0.0,utility,landlord_3,landlord_3,59.13,utility_points,"{""disagreement_utility"":0.0}",ok,valid,[],"[""event_00000303""]",evaluation_receipt,episode_attempt_5d0ff3904be3cc5438bf,275a0e0f60e6346d95cdda71137ad51c760f535d3dea45ce479429a4232a7083,true
result_340743be45df554457a8ad42,runplan_12eea7f2d1cc0300,cell_4096f93b85f36fb4c411,housing_v1__experiment__000002,housing_v1,housing_controlled_model_landlords_experiment,episode_attempt_5d0ff3904be3cc5438bf,275a0e0f60e6346d95cdda71137ad51c760f535d3dea45ce479429a4232a7083,included,housing_social_welfare_leaf,1.0.0,social_welfare,1.0.0,utility,landlord_4,landlord_4,0.0,utility_points,"{""disagreement_utility"":0.0}",ok,valid,[],"[""event_00000303""]",evaluation_receipt,episode_attempt_5d0ff3904be3cc5438bf,275a0e0f60e6346d95cdda71137ad51c760f535d3dea45ce479429a4232a7083,true
result_fd94f8010d2c6a69cd272875,runplan_12eea7f2d1cc0300,cell_4096f93b85f36fb4c411,housing_v1__experiment__000002,housing_v1,housing_controlled_model_landlords_experiment,episode_attempt_5d0ff3904be3cc5438bf,275a0e0f60e6346d95cdda71137ad51c760f535d3dea45ce479429a4232a7083,included,housing_social_welfare_leaf,1.0.0,social_welfare,1.0.0,utility,tenant_0,tenant_0,0.0,utility_points,"{""disagreement_utility"":0.0}",ok,valid,[],"[""event_00000303""]",evaluation_receipt,episode_attempt_5d0ff3904be3cc5438bf,275a0e0f60e6346d95cdda71137ad51c760f535d3dea45ce479429a4232a7083,true
result_67cb00b38428ae1dd8e321f7,runplan_12eea7f2d1cc0300,cell_4096f93b85f36fb4c411,housing_v1__experiment__000002,housing_v1,housing_controlled_model_landlords_experiment,episode_attempt_5d0ff3904be3cc5438bf,275a0e0f60e6346d95cdda71137ad51c760f535d3dea45ce479429a4232a7083,included,housing_social_welfare_leaf,1.0.0,social_welfare,1.0.0,utility,tenant_1,tenant_1,326.16,utility_points,"{""disagreement_utility"":0.0}",ok,valid,[],"[""event_00000303""]",evaluation_receipt,episode_attempt_5d0ff3904be3cc5438bf,275a0e0f60e6346d95cdda71137ad51c760f535d3dea45ce479429a4232a7083,true
result_6fa36c733cb4fe5d19f40658,runplan_12eea7f2d1cc0300,cell_4096f93b85f36fb4c411,housing_v1__experiment__000002,housing_v1,housing_controlled_model_landlords_experiment,episode_attempt_5d0ff3904be3cc5438bf,275a0e0f60e6346d95cdda71137ad51c760f535d3dea45ce479429a4232a7083,included,housing_social_welfare_leaf,1.0.0,social_welfare,1.0.0,utility,tenant_2,tenant_2,504.16,utility_points,"{""disagreement_utility"":0.0}",ok,valid,[],"[""event_00000303""]",evaluation_receipt,episode_attempt_5d0ff3904be3cc5438bf,275a0e0f60e6346d95cdda71137ad51c760f535d3dea45ce479429a4232a7083,true
result_414fb32f69981ac511b2a0ec,runplan_12eea7f2d1cc0300,cell_4096f93b85f36fb4c411,housing_v1__experiment__000002,housing_v1,housing_controlled_model_landlords_experiment,episode_attempt_5d0ff3904be3cc5438bf,275a0e0f60e6346d95cdda71137ad51c760f535d3dea45ce479429a4232a7083,included,housing_social_welfare_leaf,1.0.0,social_welfare,1.0.0,utility,tenant_3,tenant_3,0.0,utility_points,"{""disagreement_utility"":0.0}",ok,valid,[],"[""event_00000303""]",evaluation_receipt,episode_attempt_5d0ff3904be3cc5438bf,275a0e0f60e6346d95cdda71137ad51c760f535d3dea45ce479429a4232a7083,true
result_d876ca305c428a8cec1d18d2,runplan_12eea7f2d1cc0300,cell_4096f93b85f36fb4c411,housing_v1__experiment__000002,housing_v1,housing_controlled_model_landlords_experiment,episode_attempt_5d0ff3904be3cc5438bf,275a0e0f60e6346d95cdda71137ad51c760f535d3dea45ce479429a4232a7083,included,housing_social_welfare_leaf,1.0.0,social_welfare,1.0.0,utility,tenant_4,tenant_4,0.0,utility_points,"{""disagreement_utility"":0.0}",ok,valid,[],"[""event_00000303""]",evaluation_receipt,episode_attempt_5d0ff3904be3cc5438bf,275a0e0f60e6346d95cdda71137ad51c760f535d3dea45ce479429a4232a7083,true
result_02ccc5c7e9b4e55503f38c96,runplan_12eea7f2d1cc0300,cell_4096f93b85f36fb4c411,housing_v1__experiment__000002,housing_v1,housing_controlled_model_landlords_experiment,episode_attempt_5d0ff3904be3cc5438bf,275a0e0f60e6346d95cdda71137ad51c760f535d3dea45ce479429a4232a7083,included,housing_social_welfare_leaf,1.0.0,social_welfare,1.0.0,utility,tenant_5,tenant_5,0.0,utility_points,"{""disagreement_utility"":0.0}",ok,valid,[],"[""event_00000303""]",evaluation_receipt,episode_attempt_5d0ff3904be3cc5438bf,275a0e0f60e6346d95cdda71137ad51c760f535d3dea45ce479429a4232a7083,true
result_c8bb31ed121e80887d890c2c,runplan_12eea7f2d1cc0300,cell_4096f93b85f36fb4c411,housing_v1__experiment__000002,housing_v1,housing_controlled_model_landlords_experiment,episode_attempt_5d0ff3904be3cc5438bf,275a0e0f60e6346d95cdda71137ad51c760f535d3dea45ce479429a4232a7083,included,housing_social_welfare_leaf,1.0.0,social_welfare,1.0.0,capture,landlord_0,landlord_0,76.2,utility_points,"{""disagreement_utility"":0.0}",ok,valid,[],"[""event_00000303""]",evaluation_receipt,episode_attempt_5d0ff3904be3cc5438bf,275a0e0f60e6346d95cdda71137ad51c760f535d3dea45ce479429a4232a7083,true
result_0aa4204bbf2b84a9a46a1009,runplan_12eea7f2d1cc0300,cell_4096f93b85f36fb4c411,housing_v1__experiment__000002,housing_v1,housing_controlled_model_landlords_experiment,episode_attempt_5d0ff3904be3cc5438bf,275a0e0f60e6346d95cdda71137ad51c760f535d3dea45ce479429a4232a7083,included,housing_social_welfare_leaf,1.0.0,social_welfare,1.0.0,capture,landlord_1,landlord_1,0.0,utility_points,"{""disagreement_utility"":0.0}",ok,valid,[],"[""event_00000303""]",evaluation_receipt,episode_attempt_5d0ff3904be3cc5438bf,275a0e0f60e6346d95cdda71137ad51c760f535d3dea45ce479429a4232a7083,true
result_6da19ab0fe8930baac527296,runplan_12eea7f2d1cc0300,cell_4096f93b85f36fb4c411,housing_v1__experiment__000002,housing_v1,housing_controlled_model_landlords_experiment,episode_attempt_5d0ff3904be3cc5438bf,275a0e0f60e6346d95cdda71137ad51c760f535d3dea45ce479429a4232a7083,included,housing_social_welfare_leaf,1.0.0,social_welfare,1.0.0,capture,landlord_2,landlord_2,0.0,utility_points,"{""disagreement_utility"":0.0}",ok,valid,[],"[""event_00000303""]",evaluation_receipt,episode_attempt_5d0ff3904be3cc5438bf,275a0e0f60e6346d95cdda71137ad51c760f535d3dea45ce479429a4232a7083,true
result_8a89df5e03759967886cc015,runplan_12eea7f2d1cc0300,cell_4096f93b85f36fb4c411,housing_v1__experiment__000002,housing_v1,housing_controlled_model_landlords_experiment,episode_attempt_5d0ff3904be3cc5438bf,275a0e0f60e6346d95cdda71137ad51c760f535d3dea45ce479429a4232a7083,included,housing_social_welfare_leaf,1.0.0,social_welfare,1.0.0,capture,landlord_3,landlord_3,59.13,utility_points,"{""disagreement_utility"":0.0}",ok,valid,[],"[""event_00000303""]",evaluation_receipt,episode_attempt_5d0ff3904be3cc5438bf,275a0e0f60e6346d95cdda71137ad51c760f535d3dea45ce479429a4232a7083,true
result_bfb8e5b11f705ac142b97c2a,runplan_12eea7f2d1cc0300,cell_4096f93b85f36fb4c411,housing_v1__experiment__000002,housing_v1,housing_controlled_model_landlords_experiment,episode_attempt_5d0ff3904be3cc5438bf,275a0e0f60e6346d95cdda71137ad51c760f535d3dea45ce479429a4232a7083,included,housing_social_welfare_leaf,1.0.0,social_welfare,1.0.0,capture,landlord_4,landlord_4,0.0,utility_points,"{""disagreement_utility"":0.0}",ok,valid,[],"[""event_00000303""]",evaluation_receipt,episode_attempt_5d0ff3904be3cc5438bf,275a0e0f60e6346d95cdda71137ad51c760f535d3dea45ce479429a4232a7083,true
result_f5ff5bae42dc1bcb97985a44,runplan_12eea7f2d1cc0300,cell_4096f93b85f36fb4c411,housing_v1__experiment__000002,housing_v1,housing_controlled_model_landlords_experiment,episode_attempt_5d0ff3904be3cc5438bf,275a0e0f60e6346d95cdda71137ad51c760f535d3dea45ce479429a4232a7083,included,housing_social_welfare_leaf,1.0.0,social_welfare,1.0.0,capture,tenant_0,tenant_0,0.0,utility_points,"{""disagreement_utility"":0.0}",ok,valid,[],"[""event_00000303""]",evaluation_receipt,episode_attempt_5d0ff3904be3cc5438bf,275a0e0f60e6346d95cdda71137ad51c760f535d3dea45ce479429a4232a7083,true
result_562a14542bcd4970e2f565ff,runplan_12eea7f2d1cc0300,cell_4096f93b85f36fb4c411,housing_v1__experiment__000002,housing_v1,housing_controlled_model_landlords_experiment,episode_attempt_5d0ff3904be3cc5438bf,275a0e0f60e6346d95cdda71137ad51c760f535d3dea45ce479429a4232a7083,included,housing_social_welfare_leaf,1.0.0,social_welfare,1.0.0,capture,tenant_1,tenant_1,326.16,utility_points,"{""disagreement_utility"":0.0}",ok,valid,[],"[""event_00000303""]",evaluation_receipt,episode_attempt_5d0ff3904be3cc5438bf,275a0e0f60e6346d95cdda71137ad51c760f535d3dea45ce479429a4232a7083,true
result_f30a3c1fecb87d2787d9fa65,runplan_12eea7f2d1cc0300,cell_4096f93b85f36fb4c411,housing_v1__experiment__000002,housing_v1,housing_controlled_model_landlords_experiment,episode_attempt_5d0ff3904be3cc5438bf,275a0e0f60e6346d95cdda71137ad51c760f535d3dea45ce479429a4232a7083,included,housing_social_welfare_leaf,1.0.0,social_welfare,1.0.0,capture,tenant_2,tenant_2,504.16,utility_points,"{""disagreement_utility"":0.0}",ok,valid,[],"[""event_00000303""]",evaluation_receipt,episode_attempt_5d0ff3904be3cc5438bf,275a0e0f60e6346d95cdda71137ad51c760f535d3dea45ce479429a4232a7083,true
result_2bdcdd6e51414548183e2eb6,runplan_12eea7f2d1cc0300,cell_4096f93b85f36fb4c411,housing_v1__experiment__000002,housing_v1,housing_controlled_model_landlords_experiment,episode_attempt_5d0ff3904be3cc5438bf,275a0e0f60e6346d95cdda71137ad51c760f535d3dea45ce479429a4232a7083,included,housing_social_welfare_leaf,1.0.0,social_welfare,1.0.0,capture,tenant_3,tenant_3,0.0,utility_points,"{""disagreement_utility"":0.0}",ok,valid,[],"[""event_00000303""]",evaluation_receipt,episode_attempt_5d0ff3904be3cc5438bf,275a0e0f60e6346d95cdda71137ad51c760f535d3dea45ce479429a4232a7083,true
result_f15ff264991eada224cfafd1,runplan_12eea7f2d1cc0300,cell_4096f93b85f36fb4c411,housing_v1__experiment__000002,housing_v1,housing_controlled_model_landlords_experiment,episode_attempt_5d0ff3904be3cc5438bf,275a0e0f60e6346d95cdda71137ad51c760f535d3dea45ce479429a4232a7083,included,housing_social_welfare_leaf,1.0.0,social_welfare,1.0.0,capture,tenant_4,tenant_4,0.0,utility_points,"{""disagreement_utility"":0.0}",ok,valid,[],"[""event_00000303""]",evaluation_receipt,episode_attempt_5d0ff3904be3cc5438bf,275a0e0f60e6346d95cdda71137ad51c760f535d3dea45ce479429a4232a7083,true
result_66415efe991bbec458b227c2,runplan_12eea7f2d1cc0300,cell_4096f93b85f36fb4c411,housing_v1__experiment__000002,housing_v1,housing_controlled_model_landlords_experiment,episode_attempt_5d0ff3904be3cc5438bf,275a0e0f60e6346d95cdda71137ad51c760f535d3dea45ce479429a4232a7083,included,housing_social_welfare_leaf,1.0.0,social_welfare,1.0.0,capture,tenant_5,tenant_5,0.0,utility_points,"{""disagreement_utility"":0.0}",ok,valid,[],"[""event_00000303""]",evaluation_receipt,episode_attempt_5d0ff3904be3cc5438bf,275a0e0f60e6346d95cdda71137ad51c760f535d3dea45ce479429a4232a7083,true
result_f42d02bcb7cae72f02805772,runplan_12eea7f2d1cc0300,cell_733600a7e3ed1b808abd,housing_v1__experiment__000001,housing_v1,housing_controlled_model_landlords_experiment,episode_attempt_2f195e188de36119ad66,f17eedea55a74b0717a9accbc0c6ae12e7d2e20b0315f271a6e444cc710629fe,included,housing_social_welfare_leaf,1.0.0,social_welfare,1.0.0,primary,social_welfare,,1479.7,utility_points,{},ok,valid,[],"[""event_00000249""]",evaluation_receipt,episode_attempt_2f195e188de36119ad66,f17eedea55a74b0717a9accbc0c6ae12e7d2e20b0315f271a6e444cc710629fe,true
result_8998d3e729bc7eb4f0b85de8,runplan_12eea7f2d1cc0300,cell_733600a7e3ed1b808abd,housing_v1__experiment__000001,housing_v1,housing_controlled_model_landlords_experiment,episode_attempt_2f195e188de36119ad66,f17eedea55a74b0717a9accbc0c6ae12e7d2e20b0315f271a6e444cc710629fe,included,housing_social_welfare_leaf,1.0.0,social_welfare,1.0.0,metric,comparison_baseline_gap,,-128.54999999999995,utility_points,{},ok,valid,[],"[""event_00000249""]",evaluation_receipt,episode_attempt_2f195e188de36119ad66,f17eedea55a74b0717a9accbc0c6ae12e7d2e20b0315f271a6e444cc710629fe,true
result_b94f1f13fd0bd7759aab658b,runplan_12eea7f2d1cc0300,cell_733600a7e3ed1b808abd,housing_v1__experiment__000001,housing_v1,housing_controlled_model_landlords_experiment,episode_attempt_2f195e188de36119ad66,f17eedea55a74b0717a9accbc0c6ae12e7d2e20b0315f271a6e444cc710629fe,included,housing_social_welfare_leaf,1.0.0,social_welfare,1.0.0,metric,ir_violation_count,,0.0,count,{},ok,valid,[],"[""event_00000249""]",evaluation_receipt,episode_attempt_2f195e188de36119ad66,f17eedea55a74b0717a9accbc0c6ae12e7d2e20b0315f271a6e444cc710629fe,true
result_35ce75e457f32130fe68d1e3,runplan_12eea7f2d1cc0300,cell_733600a7e3ed1b808abd,housing_v1__experiment__000001,housing_v1,housing_controlled_model_landlords_experiment,episode_attempt_2f195e188de36119ad66,f17eedea55a74b0717a9accbc0c6ae12e7d2e20b0315f271a6e444cc710629fe,included,housing_social_welfare_leaf,1.0.0,social_welfare,1.0.0,metric,social_welfare,,1479.7,utility_points,{},ok,valid,[],"[""event_00000249""]",evaluation_receipt,episode_attempt_2f195e188de36119ad66,f17eedea55a74b0717a9accbc0c6ae12e7d2e20b0315f271a6e444cc710629fe,true
result_322f2587ae515f8bef909b28,runplan_12eea7f2d1cc0300,cell_733600a7e3ed1b808abd,housing_v1__experiment__000001,housing_v1,housing_controlled_model_landlords_experiment,episode_attempt_2f195e188de36119ad66,f17eedea55a74b0717a9accbc0c6ae12e7d2e20b0315f271a6e444cc710629fe,included,housing_social_welfare_leaf,1.0.0,social_welfare,1.0.0,metric,upper_bound_gap,,309.28999999999996,utility_points,{},ok,valid,[],"[""event_00000249""]",evaluation_receipt,episode_attempt_2f195e188de36119ad66,f17eedea55a74b0717a9accbc0c6ae12e7d2e20b0315f271a6e444cc710629fe,true
result_6246f59ba5b547609616efe3,runplan_12eea7f2d1cc0300,cell_733600a7e3ed1b808abd,housing_v1__experiment__000001,housing_v1,housing_controlled_model_landlords_experiment,episode_attempt_2f195e188de36119ad66,f17eedea55a74b0717a9accbc0c6ae12e7d2e20b0315f271a6e444cc710629fe,included,housing_social_welfare_leaf,1.0.0,social_welfare,1.0.0,metric,wasted_contacts,,7.0,count,{},ok,valid,[],"[""event_00000249""]",evaluation_receipt,episode_attempt_2f195e188de36119ad66,f17eedea55a74b0717a9accbc0c6ae12e7d2e20b0315f271a6e444cc710629fe,true
result_b1f48bfedee9856ff5117def,runplan_12eea7f2d1cc0300,cell_733600a7e3ed1b808abd,housing_v1__experiment__000001,housing_v1,housing_controlled_model_landlords_experiment,episode_attempt_2f195e188de36119ad66,f17eedea55a74b0717a9accbc0c6ae12e7d2e20b0315f271a6e444cc710629fe,included,housing_social_welfare_leaf,1.0.0,social_welfare,1.0.0,metric,within_case_score,,0.827114740719624,ratio,{},ok,valid,[],"[""event_00000249""]",evaluation_receipt,episode_attempt_2f195e188de36119ad66,f17eedea55a74b0717a9accbc0c6ae12e7d2e20b0315f271a6e444cc710629fe,true
result_a0a18af586fecb9b5a95026f,runplan_12eea7f2d1cc0300,cell_733600a7e3ed1b808abd,housing_v1__experiment__000001,housing_v1,housing_controlled_model_landlords_experiment,episode_attempt_2f195e188de36119ad66,f17eedea55a74b0717a9accbc0c6ae12e7d2e20b0315f271a6e444cc710629fe,included,housing_social_welfare_leaf,1.0.0,social_welfare,1.0.0,reference,comparison_baseline,,1608.25,utility_points,"{""policy"":""naive"",""reference_kind"":""comparison_baseline""}",ok,valid,[],"[""event_00000249""]",evaluation_receipt,episode_attempt_2f195e188de36119ad66,f17eedea55a74b0717a9accbc0c6ae12e7d2e20b0315f271a6e444cc710629fe,true
result_38bb886d100d1de76ef27e8e,runplan_12eea7f2d1cc0300,cell_733600a7e3ed1b808abd,housing_v1__experiment__000001,housing_v1,housing_controlled_model_landlords_experiment,episode_attempt_2f195e188de36119ad66,f17eedea55a74b0717a9accbc0c6ae12e7d2e20b0315f271a6e444cc710629fe,included,housing_social_welfare_leaf,1.0.0,social_welfare,1.0.0,reference,optimum_lower_bound,,0.0,utility_points,"{""policy"":""do_nothing"",""reference_kind"":""objective_lower_bound""}",ok,valid,[],"[""event_00000249""]",evaluation_receipt,episode_attempt_2f195e188de36119ad66,f17eedea55a74b0717a9accbc0c6ae12e7d2e20b0315f271a6e444cc710629fe,true
result_bdf1fd8a811915b8586d2813,runplan_12eea7f2d1cc0300,cell_733600a7e3ed1b808abd,housing_v1__experiment__000001,housing_v1,housing_controlled_model_landlords_experiment,episode_attempt_2f195e188de36119ad66,f17eedea55a74b0717a9accbc0c6ae12e7d2e20b0315f271a6e444cc710629fe,included,housing_social_welfare_leaf,1.0.0,social_welfare,1.0.0,reference,optimum_upper_bound,,1788.99,utility_points,"{""reference_kind"":""objective_upper_bound"",""semantics"":""full_information_allocation_relaxation""}",ok,valid,[],"[""event_00000249""]",evaluation_receipt,episode_attempt_2f195e188de36119ad66,f17eedea55a74b0717a9accbc0c6ae12e7d2e20b0315f271a6e444cc710629fe,true
result_4d85869cf7344a94f76ef2e3,runplan_12eea7f2d1cc0300,cell_733600a7e3ed1b808abd,housing_v1__experiment__000001,housing_v1,housing_controlled_model_landlords_experiment,episode_attempt_2f195e188de36119ad66,f17eedea55a74b0717a9accbc0c6ae12e7d2e20b0315f271a6e444cc710629fe,included,housing_social_welfare_leaf,1.0.0,social_welfare,1.0.0,utility,landlord_0,landlord_0,83.6,utility_points,"{""disagreement_utility"":0.0}",ok,valid,[],"[""event_00000249""]",evaluation_receipt,episode_attempt_2f195e188de36119ad66,f17eedea55a74b0717a9accbc0c6ae12e7d2e20b0315f271a6e444cc710629fe,true
result_c8b1d55a0323f28da175f4ea,runplan_12eea7f2d1cc0300,cell_733600a7e3ed1b808abd,housing_v1__experiment__000001,housing_v1,housing_controlled_model_landlords_experiment,episode_attempt_2f195e188de36119ad66,f17eedea55a74b0717a9accbc0c6ae12e7d2e20b0315f271a6e444cc710629fe,included,housing_social_welfare_leaf,1.0.0,social_welfare,1.0.0,utility,landlord_1,landlord_1,0.0,utility_points,"{""disagreement_utility"":0.0}",ok,valid,[],"[""event_00000249""]",evaluation_receipt,episode_attempt_2f195e188de36119ad66,f17eedea55a74b0717a9accbc0c6ae12e7d2e20b0315f271a6e444cc710629fe,true
result_2e12db2ea513f89823894218,runplan_12eea7f2d1cc0300,cell_733600a7e3ed1b808abd,housing_v1__experiment__000001,housing_v1,housing_controlled_model_landlords_experiment,episode_attempt_2f195e188de36119ad66,f17eedea55a74b0717a9accbc0c6ae12e7d2e20b0315f271a6e444cc710629fe,included,housing_social_welfare_leaf,1.0.0,social_welfare,1.0.0,utility,landlord_2,landlord_2,0.0,utility_points,"{""disagreement_utility"":0.0}",ok,valid,[],"[""event_00000249""]",evaluation_receipt,episode_attempt_2f195e188de36119ad66,f17eedea55a74b0717a9accbc0c6ae12e7d2e20b0315f271a6e444cc710629fe,true
result_49d040a09b15bf5d83ad93dc,runplan_12eea7f2d1cc0300,cell_733600a7e3ed1b808abd,housing_v1__experiment__000001,housing_v1,housing_controlled_model_landlords_experiment,episode_attempt_2f195e188de36119ad66,f17eedea55a74b0717a9accbc0c6ae12e7d2e20b0315f271a6e444cc710629fe,included,housing_social_welfare_leaf,1.0.0,social_welfare,1.0.0,utility,landlord_3,landlord_3,78.64,utility_points,"{""disagreement_utility"":0.0}",ok,valid,[],"[""event_00000249""]",evaluation_receipt,episode_attempt_2f195e188de36119ad66,f17eedea55a74b0717a9accbc0c6ae12e7d2e20b0315f271a6e444cc710629fe,true
result_e4fca78f61b2bbc74de89d97,runplan_12eea7f2d1cc0300,cell_733600a7e3ed1b808abd,housing_v1__experiment__000001,housing_v1,housing_controlled_model_landlords_experiment,episode_attempt_2f195e188de36119ad66,f17eedea55a74b0717a9accbc0c6ae12e7d2e20b0315f271a6e444cc710629fe,included,housing_social_welfare_leaf,1.0.0,social_welfare,1.0.0,utility,landlord_4,landlord_4,47.52,utility_points,"{""disagreement_utility"":0.0}",ok,valid,[],"[""event_00000249""]",evaluation_receipt,episode_attempt_2f195e188de36119ad66,f17eedea55a74b0717a9accbc0c6ae12e7d2e20b0315f271a6e444cc710629fe,true
result_ed9f15cf66a59d8b13888f84,runplan_12eea7f2d1cc0300,cell_733600a7e3ed1b808abd,housing_v1__experiment__000001,housing_v1,housing_controlled_model_landlords_experiment,episode_attempt_2f195e188de36119ad66,f17eedea55a74b0717a9accbc0c6ae12e7d2e20b0315f271a6e444cc710629fe,included,housing_social_welfare_leaf,1.0.0,social_welfare,1.0.0,utility,tenant_0,tenant_0,396.79,utility_points,"{""disagreement_utility"":0.0}",ok,valid,[],"[""event_00000249""]",evaluation_receipt,episode_attempt_2f195e188de36119ad66,f17eedea55a74b0717a9accbc0c6ae12e7d2e20b0315f271a6e444cc710629fe,true
result_3726b15d5a3a0cfd22980e69,runplan_12eea7f2d1cc0300,cell_733600a7e3ed1b808abd,housing_v1__experiment__000001,housing_v1,housing_controlled_model_landlords_experiment,episode_attempt_2f195e188de36119ad66,f17eedea55a74b0717a9accbc0c6ae12e7d2e20b0315f271a6e444cc710629fe,included,housing_social_welfare_leaf,1.0.0,social_welfare,1.0.0,utility,tenant_1,tenant_1,412.72,utility_points,"{""disagreement_utility"":0.0}",ok,valid,[],"[""event_00000249""]",evaluation_receipt,episode_attempt_2f195e188de36119ad66,f17eedea55a74b0717a9accbc0c6ae12e7d2e20b0315f271a6e444cc710629fe,true
result_6a1ad721bd51cc7a859a1acd,runplan_12eea7f2d1cc0300,cell_733600a7e3ed1b808abd,housing_v1__experiment__000001,housing_v1,housing_controlled_model_landlords_experiment,episode_attempt_2f195e188de36119ad66,f17eedea55a74b0717a9accbc0c6ae12e7d2e20b0315f271a6e444cc710629fe,included,housing_social_welfare_leaf,1.0.0,social_welfare,1.0.0,utility,tenant_2,tenant_2,460.43,utility_points,"{""disagreement_utility"":0.0}",ok,valid,[],"[""event_00000249""]",evaluation_receipt,episode_attempt_2f195e188de36119ad66,f17eedea55a74b0717a9accbc0c6ae12e7d2e20b0315f271a6e444cc710629fe,true
result_7cdf13d8155a3a0fc8cd3b8d,runplan_12eea7f2d1cc0300,cell_733600a7e3ed1b808abd,housing_v1__experiment__000001,housing_v1,housing_controlled_model_landlords_experiment,episode_attempt_2f195e188de36119ad66,f17eedea55a74b0717a9accbc0c6ae12e7d2e20b0315f271a6e444cc710629fe,included,housing_social_welfare_leaf,1.0.0,social_welfare,1.0.0,utility,tenant_3,tenant_3,0.0,utility_points,"{""disagreement_utility"":0.0}",ok,valid,[],"[""event_00000249""]",evaluation_receipt,episode_attempt_2f195e188de36119ad66,f17eedea55a74b0717a9accbc0c6ae12e7d2e20b0315f271a6e444cc710629fe,true
result_2ab01e6d0b1724d6c6e13825,runplan_12eea7f2d1cc0300,cell_733600a7e3ed1b808abd,housing_v1__experiment__000001,housing_v1,housing_controlled_model_landlords_experiment,episode_attempt_2f195e188de36119ad66,f17eedea55a74b0717a9accbc0c6ae12e7d2e20b0315f271a6e444cc710629fe,included,housing_social_welfare_leaf,1.0.0,social_welfare,1.0.0,utility,tenant_4,tenant_4,0.0,utility_points,"{""disagreement_utility"":0.0}",ok,valid,[],"[""event_00000249""]",evaluation_receipt,episode_attempt_2f195e188de36119ad66,f17eedea55a74b0717a9accbc0c6ae12e7d2e20b0315f271a6e444cc710629fe,true
result_28d33aed10549b468a2be1ba,runplan_12eea7f2d1cc0300,cell_733600a7e3ed1b808abd,housing_v1__experiment__000001,housing_v1,housing_controlled_model_landlords_experiment,episode_attempt_2f195e188de36119ad66,f17eedea55a74b0717a9accbc0c6ae12e7d2e20b0315f271a6e444cc710629fe,included,housing_social_welfare_leaf,1.0.0,social_welfare,1.0.0,utility,tenant_5,tenant_5,0.0,utility_points,"{""disagreement_utility"":0.0}",ok,valid,[],"[""event_00000249""]",evaluation_receipt,episode_attempt_2f195e188de36119ad66,f17eedea55a74b0717a9accbc0c6ae12e7d2e20b0315f271a6e444cc710629fe,true
result_9ff3c45f0771bc00f3482fcf,runplan_12eea7f2d1cc0300,cell_733600a7e3ed1b808abd,housing_v1__experiment__000001,housing_v1,housing_controlled_model_landlords_experiment,episode_attempt_2f195e188de36119ad66,f17eedea55a74b0717a9accbc0c6ae12e7d2e20b0315f271a6e444cc710629fe,included,housing_social_welfare_leaf,1.0.0,social_welfare,1.0.0,capture,landlord_0,landlord_0,83.6,utility_points,"{""disagreement_utility"":0.0}",ok,valid,[],"[""event_00000249""]",evaluation_receipt,episode_attempt_2f195e188de36119ad66,f17eedea55a74b0717a9accbc0c6ae12e7d2e20b0315f271a6e444cc710629fe,true
result_79498f5e7c919caf5f971670,runplan_12eea7f2d1cc0300,cell_733600a7e3ed1b808abd,housing_v1__experiment__000001,housing_v1,housing_controlled_model_landlords_experiment,episode_attempt_2f195e188de36119ad66,f17eedea55a74b0717a9accbc0c6ae12e7d2e20b0315f271a6e444cc710629fe,included,housing_social_welfare_leaf,1.0.0,social_welfare,1.0.0,capture,landlord_1,landlord_1,0.0,utility_points,"{""disagreement_utility"":0.0}",ok,valid,[],"[""event_00000249""]",evaluation_receipt,episode_attempt_2f195e188de36119ad66,f17eedea55a74b0717a9accbc0c6ae12e7d2e20b0315f271a6e444cc710629fe,true
result_1c31da95ec5d668c8c8ec9f3,runplan_12eea7f2d1cc0300,cell_733600a7e3ed1b808abd,housing_v1__experiment__000001,housing_v1,housing_controlled_model_landlords_experiment,episode_attempt_2f195e188de36119ad66,f17eedea55a74b0717a9accbc0c6ae12e7d2e20b0315f271a6e444cc710629fe,included,housing_social_welfare_leaf,1.0.0,social_welfare,1.0.0,capture,landlord_2,landlord_2,0.0,utility_points,"{""disagreement_utility"":0.0}",ok,valid,[],"[""event_00000249""]",evaluation_receipt,episode_attempt_2f195e188de36119ad66,f17eedea55a74b0717a9accbc0c6ae12e7d2e20b0315f271a6e444cc710629fe,true
result_6af1e23f1dd984530d092392,runplan_12eea7f2d1cc0300,cell_733600a7e3ed1b808abd,housing_v1__experiment__000001,housing_v1,housing_controlled_model_landlords_experiment,episode_attempt_2f195e188de36119ad66,f17eedea55a74b0717a9accbc0c6ae12e7d2e20b0315f271a6e444cc710629fe,included,housing_social_welfare_leaf,1.0.0,social_welfare,1.0.0,capture,landlord_3,landlord_3,78.64,utility_points,"{""disagreement_utility"":0.0}",ok,valid,[],"[""event_00000249""]",evaluation_receipt,episode_attempt_2f195e188de36119ad66,f17eedea55a74b0717a9accbc0c6ae12e7d2e20b0315f271a6e444cc710629fe,true
result_fbc3203cb5fb5a58bfa7c2dd,runplan_12eea7f2d1cc0300,cell_733600a7e3ed1b808abd,housing_v1__experiment__000001,housing_v1,housing_controlled_model_landlords_experiment,episode_attempt_2f195e188de36119ad66,f17eedea55a74b0717a9accbc0c6ae12e7d2e20b0315f271a6e444cc710629fe,included,housing_social_welfare_leaf,1.0.0,social_welfare,1.0.0,capture,landlord_4,landlord_4,47.52,utility_points,"{""disagreement_utility"":0.0}",ok,valid,[],"[""event_00000249""]",evaluation_receipt,episode_attempt_2f195e188de36119ad66,f17eedea55a74b0717a9accbc0c6ae12e7d2e20b0315f271a6e444cc710629fe,true
result_84d59a4bceea603df2246190,runplan_12eea7f2d1cc0300,cell_733600a7e3ed1b808abd,housing_v1__experiment__000001,housing_v1,housing_controlled_model_landlords_experiment,episode_attempt_2f195e188de36119ad66,f17eedea55a74b0717a9accbc0c6ae12e7d2e20b0315f271a6e444cc710629fe,included,housing_social_welfare_leaf,1.0.0,social_welfare,1.0.0,capture,tenant_0,tenant_0,396.79,utility_points,"{""disagreement_utility"":0.0}",ok,valid,[],"[""event_00000249""]",evaluation_receipt,episode_attempt_2f195e188de36119ad66,f17eedea55a74b0717a9accbc0c6ae12e7d2e20b0315f271a6e444cc710629fe,true
result_54a89b97cf4eb883e0a19a39,runplan_12eea7f2d1cc0300,cell_733600a7e3ed1b808abd,housing_v1__experiment__000001,housing_v1,housing_controlled_model_landlords_experiment,episode_attempt_2f195e188de36119ad66,f17eedea55a74b0717a9accbc0c6ae12e7d2e20b0315f271a6e444cc710629fe,included,housing_social_welfare_leaf,1.0.0,social_welfare,1.0.0,capture,tenant_1,tenant_1,412.72,utility_points,"{""disagreement_utility"":0.0}",ok,valid,[],"[""event_00000249""]",evaluation_receipt,episode_attempt_2f195e188de36119ad66,f17eedea55a74b0717a9accbc0c6ae12e7d2e20b0315f271a6e444cc710629fe,true
result_41d42a4aecb94ab444eaaeba,runplan_12eea7f2d1cc0300,cell_733600a7e3ed1b808abd,housing_v1__experiment__000001,housing_v1,housing_controlled_model_landlords_experiment,episode_attempt_2f195e188de36119ad66,f17eedea55a74b0717a9accbc0c6ae12e7d2e20b0315f271a6e444cc710629fe,included,housing_social_welfare_leaf,1.0.0,social_welfare,1.0.0,capture,tenant_2,tenant_2,460.43,utility_points,"{""disagreement_utility"":0.0}",ok,valid,[],"[""event_00000249""]",evaluation_receipt,episode_attempt_2f195e188de36119ad66,f17eedea55a74b0717a9accbc0c6ae12e7d2e20b0315f271a6e444cc710629fe,true
result_fc827a5dd013c796c36aa742,runplan_12eea7f2d1cc0300,cell_733600a7e3ed1b808abd,housing_v1__experiment__000001,housing_v1,housing_controlled_model_landlords_experiment,episode_attempt_2f195e188de36119ad66,f17eedea55a74b0717a9accbc0c6ae12e7d2e20b0315f271a6e444cc710629fe,included,housing_social_welfare_leaf,1.0.0,social_welfare,1.0.0,capture,tenant_3,tenant_3,0.0,utility_points,"{""disagreement_utility"":0.0}",ok,valid,[],"[""event_00000249""]",evaluation_receipt,episode_attempt_2f195e188de36119ad66,f17eedea55a74b0717a9accbc0c6ae12e7d2e20b0315f271a6e444cc710629fe,true
result_80aabefeab2f2826c38dda9f,runplan_12eea7f2d1cc0300,cell_733600a7e3ed1b808abd,housing_v1__experiment__000001,housing_v1,housing_controlled_model_landlords_experiment,episode_attempt_2f195e188de36119ad66,f17eedea55a74b0717a9accbc0c6ae12e7d2e20b0315f271a6e444cc710629fe,included,housing_social_welfare_leaf,1.0.0,social_welfare,1.0.0,capture,tenant_4,tenant_4,0.0,utility_points,"{""disagreement_utility"":0.0}",ok,valid,[],"[""event_00000249""]",evaluation_receipt,episode_attempt_2f195e188de36119ad66,f17eedea55a74b0717a9accbc0c6ae12e7d2e20b0315f271a6e444cc710629fe,true
result_28d96aa27e7d250b25968815,runplan_12eea7f2d1cc0300,cell_733600a7e3ed1b808abd,housing_v1__experiment__000001,housing_v1,housing_controlled_model_landlords_experiment,episode_attempt_2f195e188de36119ad66,f17eedea55a74b0717a9accbc0c6ae12e7d2e20b0315f271a6e444cc710629fe,included,housing_social_welfare_leaf,1.0.0,social_welfare,1.0.0,capture,tenant_5,tenant_5,0.0,utility_points,"{""disagreement_utility"":0.0}",ok,valid,[],"[""event_00000249""]",evaluation_receipt,episode_attempt_2f195e188de36119ad66,f17eedea55a74b0717a9accbc0c6ae12e7d2e20b0315f271a6e444cc710629fe,true
result_bf416afef88e436e37d2cc13,runplan_12eea7f2d1cc0300,cell_82849d126dbe48640194,housing_v1__experiment__000004,housing_v1,housing_controlled_model_landlords_experiment,episode_attempt_82ff0e164673f2f15880,2da78aa5096b1148b78050c28744e121414a152a17a70e651145fea37f64e41a,included,housing_social_welfare_leaf,1.0.0,social_welfare,1.0.0,primary,social_welfare,,1254.49,utility_points,{},ok,valid,[],"[""event_00000279""]",evaluation_receipt,episode_attempt_82ff0e164673f2f15880,2da78aa5096b1148b78050c28744e121414a152a17a70e651145fea37f64e41a,true
result_f822d362973ab15db0c09e5b,runplan_12eea7f2d1cc0300,cell_82849d126dbe48640194,housing_v1__experiment__000004,housing_v1,housing_controlled_model_landlords_experiment,episode_attempt_82ff0e164673f2f15880,2da78aa5096b1148b78050c28744e121414a152a17a70e651145fea37f64e41a,included,housing_social_welfare_leaf,1.0.0,social_welfare,1.0.0,metric,comparison_baseline_gap,,-35.91000000000008,utility_points,{},ok,valid,[],"[""event_00000279""]",evaluation_receipt,episode_attempt_82ff0e164673f2f15880,2da78aa5096b1148b78050c28744e121414a152a17a70e651145fea37f64e41a,true
result_041da4f9d0b3d8ee8c7bd385,runplan_12eea7f2d1cc0300,cell_82849d126dbe48640194,housing_v1__experiment__000004,housing_v1,housing_controlled_model_landlords_experiment,episode_attempt_82ff0e164673f2f15880,2da78aa5096b1148b78050c28744e121414a152a17a70e651145fea37f64e41a,included,housing_social_welfare_leaf,1.0.0,social_welfare,1.0.0,metric,ir_violation_count,,0.0,count,{},ok,valid,[],"[""event_00000279""]",evaluation_receipt,episode_attempt_82ff0e164673f2f15880,2da78aa5096b1148b78050c28744e121414a152a17a70e651145fea37f64e41a,true
result_0c8f40f3e02b977b96bbb0b5,runplan_12eea7f2d1cc0300,cell_82849d126dbe48640194,housing_v1__experiment__000004,housing_v1,housing_controlled_model_landlords_experiment,episode_attempt_82ff0e164673f2f15880,2da78aa5096b1148b78050c28744e121414a152a17a70e651145fea37f64e41a,included,housing_social_welfare_leaf,1.0.0,social_welfare,1.0.0,metric,social_welfare,,1254.49,utility_points,{},ok,valid,[],"[""event_00000279""]",evaluation_receipt,episode_attempt_82ff0e164673f2f15880,2da78aa5096b1148b78050c28744e121414a152a17a70e651145fea37f64e41a,true
result_06a7664d0139b1e7799c0c7e,runplan_12eea7f2d1cc0300,cell_82849d126dbe48640194,housing_v1__experiment__000004,housing_v1,housing_controlled_model_landlords_experiment,episode_attempt_82ff0e164673f2f15880,2da78aa5096b1148b78050c28744e121414a152a17a70e651145fea37f64e41a,included,housing_social_welfare_leaf,1.0.0,social_welfare,1.0.0,metric,upper_bound_gap,,205.73000000000002,utility_points,{},ok,valid,[],"[""event_00000279""]",evaluation_receipt,episode_attempt_82ff0e164673f2f15880,2da78aa5096b1148b78050c28744e121414a152a17a70e651145fea37f64e41a,true
result_6bad7d8ff7ebeb63736707c1,runplan_12eea7f2d1cc0300,cell_82849d126dbe48640194,housing_v1__experiment__000004,housing_v1,housing_controlled_model_landlords_experiment,episode_attempt_82ff0e164673f2f15880,2da78aa5096b1148b78050c28744e121414a152a17a70e651145fea37f64e41a,included,housing_social_welfare_leaf,1.0.0,social_welfare,1.0.0,metric,wasted_contacts,,7.0,count,{},ok,valid,[],"[""event_00000279""]",evaluation_receipt,episode_attempt_82ff0e164673f2f15880,2da78aa5096b1148b78050c28744e121414a152a17a70e651145fea37f64e41a,true
result_e8e0067dc048312865bddc4d,runplan_12eea7f2d1cc0300,cell_82849d126dbe48640194,housing_v1__experiment__000004,housing_v1,housing_controlled_model_landlords_experiment,episode_attempt_82ff0e164673f2f15880,2da78aa5096b1148b78050c28744e121414a152a17a70e651145fea37f64e41a,included,housing_social_welfare_leaf,1.0.0,social_welfare,1.0.0,metric,within_case_score,,0.8591102710550464,ratio,{},ok,valid,[],"[""event_00000279""]",evaluation_receipt,episode_attempt_82ff0e164673f2f15880,2da78aa5096b1148b78050c28744e121414a152a17a70e651145fea37f64e41a,true
result_663e5ce7d8d776e1640290e3,runplan_12eea7f2d1cc0300,cell_82849d126dbe48640194,housing_v1__experiment__000004,housing_v1,housing_controlled_model_landlords_experiment,episode_attempt_82ff0e164673f2f15880,2da78aa5096b1148b78050c28744e121414a152a17a70e651145fea37f64e41a,included,housing_social_welfare_leaf,1.0.0,social_welfare,1.0.0,reference,comparison_baseline,,1290.4,utility_points,"{""policy"":""naive"",""reference_kind"":""comparison_baseline""}",ok,valid,[],"[""event_00000279""]",evaluation_receipt,episode_attempt_82ff0e164673f2f15880,2da78aa5096b1148b78050c28744e121414a152a17a70e651145fea37f64e41a,true
result_d8e644901914b1552d735117,runplan_12eea7f2d1cc0300,cell_82849d126dbe48640194,housing_v1__experiment__000004,housing_v1,housing_controlled_model_landlords_experiment,episode_attempt_82ff0e164673f2f15880,2da78aa5096b1148b78050c28744e121414a152a17a70e651145fea37f64e41a,included,housing_social_welfare_leaf,1.0.0,social_welfare,1.0.0,reference,optimum_lower_bound,,0.0,utility_points,"{""policy"":""do_nothing"",""reference_kind"":""objective_lower_bound""}",ok,valid,[],"[""event_00000279""]",evaluation_receipt,episode_attempt_82ff0e164673f2f15880,2da78aa5096b1148b78050c28744e121414a152a17a70e651145fea37f64e41a,true
result_31f5bea3503eb2082038027f,runplan_12eea7f2d1cc0300,cell_82849d126dbe48640194,housing_v1__experiment__000004,housing_v1,housing_controlled_model_landlords_experiment,episode_attempt_82ff0e164673f2f15880,2da78aa5096b1148b78050c28744e121414a152a17a70e651145fea37f64e41a,included,housing_social_welfare_leaf,1.0.0,social_welfare,1.0.0,reference,optimum_upper_bound,,1460.22,utility_points,"{""reference_kind"":""objective_upper_bound"",""semantics"":""full_information_allocation_relaxation""}",ok,valid,[],"[""event_00000279""]",evaluation_receipt,episode_attempt_82ff0e164673f2f15880,2da78aa5096b1148b78050c28744e121414a152a17a70e651145fea37f64e41a,true
result_8f098244ba34f31360537027,runplan_12eea7f2d1cc0300,cell_82849d126dbe48640194,housing_v1__experiment__000004,housing_v1,housing_controlled_model_landlords_experiment,episode_attempt_82ff0e164673f2f15880,2da78aa5096b1148b78050c28744e121414a152a17a70e651145fea37f64e41a,included,housing_social_welfare_leaf,1.0.0,social_welfare,1.0.0,utility,landlord_0,landlord_0,0.0,utility_points,"{""disagreement_utility"":0.0}",ok,valid,[],"[""event_00000279""]",evaluation_receipt,episode_attempt_82ff0e164673f2f15880,2da78aa5096b1148b78050c28744e121414a152a17a70e651145fea37f64e41a,true
result_459c44c89cd99fa9fa11f44a,runplan_12eea7f2d1cc0300,cell_82849d126dbe48640194,housing_v1__experiment__000004,housing_v1,housing_controlled_model_landlords_experiment,episode_attempt_82ff0e164673f2f15880,2da78aa5096b1148b78050c28744e121414a152a17a70e651145fea37f64e41a,included,housing_social_welfare_leaf,1.0.0,social_welfare,1.0.0,utility,landlord_1,landlord_1,95.25,utility_points,"{""disagreement_utility"":0.0}",ok,valid,[],"[""event_00000279""]",evaluation_receipt,episode_attempt_82ff0e164673f2f15880,2da78aa5096b1148b78050c28744e121414a152a17a70e651145fea37f64e41a,true
result_e1959d158d1ff30187cd3859,runplan_12eea7f2d1cc0300,cell_82849d126dbe48640194,housing_v1__experiment__000004,housing_v1,housing_controlled_model_landlords_experiment,episode_attempt_82ff0e164673f2f15880,2da78aa5096b1148b78050c28744e121414a152a17a70e651145fea37f64e41a,included,housing_social_welfare_leaf,1.0.0,social_welfare,1.0.0,utility,landlord_2,landlord_2,52.76,utility_points,"{""disagreement_utility"":0.0}",ok,valid,[],"[""event_00000279""]",evaluation_receipt,episode_attempt_82ff0e164673f2f15880,2da78aa5096b1148b78050c28744e121414a152a17a70e651145fea37f64e41a,true
result_6b43d324cdfa370615c4f681,runplan_12eea7f2d1cc0300,cell_82849d126dbe48640194,housing_v1__experiment__000004,housing_v1,housing_controlled_model_landlords_experiment,episode_attempt_82ff0e164673f2f15880,2da78aa5096b1148b78050c28744e121414a152a17a70e651145fea37f64e41a,included,housing_social_welfare_leaf,1.0.0,social_welfare,1.0.0,utility,landlord_3,landlord_3,111.18,utility_points,"{""disagreement_utility"":0.0}",ok,valid,[],"[""event_00000279""]",evaluation_receipt,episode_attempt_82ff0e164673f2f15880,2da78aa5096b1148b78050c28744e121414a152a17a70e651145fea37f64e41a,true
result_80b5f0fc750dc7e6c440dc06,runplan_12eea7f2d1cc0300,cell_82849d126dbe48640194,housing_v1__experiment__000004,housing_v1,housing_controlled_model_landlords_experiment,episode_attempt_82ff0e164673f2f15880,2da78aa5096b1148b78050c28744e121414a152a17a70e651145fea37f64e41a,included,housing_social_welfare_leaf,1.0.0,social_welfare,1.0.0,utility,landlord_4,landlord_4,0.0,utility_points,"{""disagreement_utility"":0.0}",ok,valid,[],"[""event_00000279""]",evaluation_receipt,episode_attempt_82ff0e164673f2f15880,2da78aa5096b1148b78050c28744e121414a152a17a70e651145fea37f64e41a,true
result_acd447210770f6cd99990615,runplan_12eea7f2d1cc0300,cell_82849d126dbe48640194,housing_v1__experiment__000004,housing_v1,housing_controlled_model_landlords_experiment,episode_attempt_82ff0e164673f2f15880,2da78aa5096b1148b78050c28744e121414a152a17a70e651145fea37f64e41a,included,housing_social_welfare_leaf,1.0.0,social_welfare,1.0.0,utility,tenant_0,tenant_0,275.23,utility_points,"{""disagreement_utility"":0.0}",ok,valid,[],"[""event_00000279""]",evaluation_receipt,episode_attempt_82ff0e164673f2f15880,2da78aa5096b1148b78050c28744e121414a152a17a70e651145fea37f64e41a,true
result_1c54bc0dff850e8ce06f25b3,runplan_12eea7f2d1cc0300,cell_82849d126dbe48640194,housing_v1__experiment__000004,housing_v1,housing_controlled_model_landlords_experiment,episode_attempt_82ff0e164673f2f15880,2da78aa5096b1148b78050c28744e121414a152a17a70e651145fea37f64e41a,included,housing_social_welfare_leaf,1.0.0,social_welfare,1.0.0,utility,tenant_1,tenant_1,0.0,utility_points,"{""disagreement_utility"":0.0}",ok,valid,[],"[""event_00000279""]",evaluation_receipt,episode_attempt_82ff0e164673f2f15880,2da78aa5096b1148b78050c28744e121414a152a17a70e651145fea37f64e41a,true
result_bee98e5dcee2aec8a1ce6186,runplan_12eea7f2d1cc0300,cell_82849d126dbe48640194,housing_v1__experiment__000004,housing_v1,housing_controlled_model_landlords_experiment,episode_attempt_82ff0e164673f2f15880,2da78aa5096b1148b78050c28744e121414a152a17a70e651145fea37f64e41a,included,housing_social_welfare_leaf,1.0.0,social_welfare,1.0.0,utility,tenant_2,tenant_2,0.0,utility_points,"{""disagreement_utility"":0.0}",ok,valid,[],"[""event_00000279""]",evaluation_receipt,episode_attempt_82ff0e164673f2f15880,2da78aa5096b1148b78050c28744e121414a152a17a70e651145fea37f64e41a,true
result_c0f1c809659a5f44892511d3,runplan_12eea7f2d1cc0300,cell_82849d126dbe48640194,housing_v1__experiment__000004,housing_v1,housing_controlled_model_landlords_experiment,episode_attempt_82ff0e164673f2f15880,2da78aa5096b1148b78050c28744e121414a152a17a70e651145fea37f64e41a,included,housing_social_welfare_leaf,1.0.0,social_welfare,1.0.0,utility,tenant_3,tenant_3,517.93,utility_points,"{""disagreement_utility"":0.0}",ok,valid,[],"[""event_00000279""]",evaluation_receipt,episode_attempt_82ff0e164673f2f15880,2da78aa5096b1148b78050c28744e121414a152a17a70e651145fea37f64e41a,true
result_48d576629400e8689f3c8725,runplan_12eea7f2d1cc0300,cell_82849d126dbe48640194,housing_v1__experiment__000004,housing_v1,housing_controlled_model_landlords_experiment,episode_attempt_82ff0e164673f2f15880,2da78aa5096b1148b78050c28744e121414a152a17a70e651145fea37f64e41a,included,housing_social_welfare_leaf,1.0.0,social_welfare,1.0.0,utility,tenant_4,tenant_4,202.14,utility_points,"{""disagreement_utility"":0.0}",ok,valid,[],"[""event_00000279""]",evaluation_receipt,episode_attempt_82ff0e164673f2f15880,2da78aa5096b1148b78050c28744e121414a152a17a70e651145fea37f64e41a,true
result_7bf04339a69d96e04ef73965,runplan_12eea7f2d1cc0300,cell_82849d126dbe48640194,housing_v1__experiment__000004,housing_v1,housing_controlled_model_landlords_experiment,episode_attempt_82ff0e164673f2f15880,2da78aa5096b1148b78050c28744e121414a152a17a70e651145fea37f64e41a,included,housing_social_welfare_leaf,1.0.0,social_welfare,1.0.0,utility,tenant_5,tenant_5,0.0,utility_points,"{""disagreement_utility"":0.0}",ok,valid,[],"[""event_00000279""]",evaluation_receipt,episode_attempt_82ff0e164673f2f15880,2da78aa5096b1148b78050c28744e121414a152a17a70e651145fea37f64e41a,true
result_0b232e481ab2b393135a36b4,runplan_12eea7f2d1cc0300,cell_82849d126dbe48640194,housing_v1__experiment__000004,housing_v1,housing_controlled_model_landlords_experiment,episode_attempt_82ff0e164673f2f15880,2da78aa5096b1148b78050c28744e121414a152a17a70e651145fea37f64e41a,included,housing_social_welfare_leaf,1.0.0,social_welfare,1.0.0,capture,landlord_0,landlord_0,0.0,utility_points,"{""disagreement_utility"":0.0}",ok,valid,[],"[""event_00000279""]",evaluation_receipt,episode_attempt_82ff0e164673f2f15880,2da78aa5096b1148b78050c28744e121414a152a17a70e651145fea37f64e41a,true
result_8a3f902d7d8d10be4c832de9,runplan_12eea7f2d1cc0300,cell_82849d126dbe48640194,housing_v1__experiment__000004,housing_v1,housing_controlled_model_landlords_experiment,episode_attempt_82ff0e164673f2f15880,2da78aa5096b1148b78050c28744e121414a152a17a70e651145fea37f64e41a,included,housing_social_welfare_leaf,1.0.0,social_welfare,1.0.0,capture,landlord_1,landlord_1,95.25,utility_points,"{""disagreement_utility"":0.0}",ok,valid,[],"[""event_00000279""]",evaluation_receipt,episode_attempt_82ff0e164673f2f15880,2da78aa5096b1148b78050c28744e121414a152a17a70e651145fea37f64e41a,true
result_bce315180a6a987f4517eaeb,runplan_12eea7f2d1cc0300,cell_82849d126dbe48640194,housing_v1__experiment__000004,housing_v1,housing_controlled_model_landlords_experiment,episode_attempt_82ff0e164673f2f15880,2da78aa5096b1148b78050c28744e121414a152a17a70e651145fea37f64e41a,included,housing_social_welfare_leaf,1.0.0,social_welfare,1.0.0,capture,landlord_2,landlord_2,52.76,utility_points,"{""disagreement_utility"":0.0}",ok,valid,[],"[""event_00000279""]",evaluation_receipt,episode_attempt_82ff0e164673f2f15880,2da78aa5096b1148b78050c28744e121414a152a17a70e651145fea37f64e41a,true
result_40ed34dfecbc7db96f7404db,runplan_12eea7f2d1cc0300,cell_82849d126dbe48640194,housing_v1__experiment__000004,housing_v1,housing_controlled_model_landlords_experiment,episode_attempt_82ff0e164673f2f15880,2da78aa5096b1148b78050c28744e121414a152a17a70e651145fea37f64e41a,included,housing_social_welfare_leaf,1.0.0,social_welfare,1.0.0,capture,landlord_3,landlord_3,111.18,utility_points,"{""disagreement_utility"":0.0}",ok,valid,[],"[""event_00000279""]",evaluation_receipt,episode_attempt_82ff0e164673f2f15880,2da78aa5096b1148b78050c28744e121414a152a17a70e651145fea37f64e41a,true
result_30fcb40123ba0595ccba7ff0,runplan_12eea7f2d1cc0300,cell_82849d126dbe48640194,housing_v1__experiment__000004,housing_v1,housing_controlled_model_landlords_experiment,episode_attempt_82ff0e164673f2f15880,2da78aa5096b1148b78050c28744e121414a152a17a70e651145fea37f64e41a,included,housing_social_welfare_leaf,1.0.0,social_welfare,1.0.0,capture,landlord_4,landlord_4,0.0,utility_points,"{""disagreement_utility"":0.0}",ok,valid,[],"[""event_00000279""]",evaluation_receipt,episode_attempt_82ff0e164673f2f15880,2da78aa5096b1148b78050c28744e121414a152a17a70e651145fea37f64e41a,true
result_ad2e8b2d48d1f956faace0f9,runplan_12eea7f2d1cc0300,cell_82849d126dbe48640194,housing_v1__experiment__000004,housing_v1,housing_controlled_model_landlords_experiment,episode_attempt_82ff0e164673f2f15880,2da78aa5096b1148b78050c28744e121414a152a17a70e651145fea37f64e41a,included,housing_social_welfare_leaf,1.0.0,social_welfare,1.0.0,capture,tenant_0,tenant_0,275.23,utility_points,"{""disagreement_utility"":0.0}",ok,valid,[],"[""event_00000279""]",evaluation_receipt,episode_attempt_82ff0e164673f2f15880,2da78aa5096b1148b78050c28744e121414a152a17a70e651145fea37f64e41a,true
result_5c224164f02a4c3f6261242a,runplan_12eea7f2d1cc0300,cell_82849d126dbe48640194,housing_v1__experiment__000004,housing_v1,housing_controlled_model_landlords_experiment,episode_attempt_82ff0e164673f2f15880,2da78aa5096b1148b78050c28744e121414a152a17a70e651145fea37f64e41a,included,housing_social_welfare_leaf,1.0.0,social_welfare,1.0.0,capture,tenant_1,tenant_1,0.0,utility_points,"{""disagreement_utility"":0.0}",ok,valid,[],"[""event_00000279""]",evaluation_receipt,episode_attempt_82ff0e164673f2f15880,2da78aa5096b1148b78050c28744e121414a152a17a70e651145fea37f64e41a,true
result_21f4ebe0fd165a62bed3b21c,runplan_12eea7f2d1cc0300,cell_82849d126dbe48640194,housing_v1__experiment__000004,housing_v1,housing_controlled_model_landlords_experiment,episode_attempt_82ff0e164673f2f15880,2da78aa5096b1148b78050c28744e121414a152a17a70e651145fea37f64e41a,included,housing_social_welfare_leaf,1.0.0,social_welfare,1.0.0,capture,tenant_2,tenant_2,0.0,utility_points,"{""disagreement_utility"":0.0}",ok,valid,[],"[""event_00000279""]",evaluation_receipt,episode_attempt_82ff0e164673f2f15880,2da78aa5096b1148b78050c28744e121414a152a17a70e651145fea37f64e41a,true
result_803dc2db654a1902b1ae4acf,runplan_12eea7f2d1cc0300,cell_82849d126dbe48640194,housing_v1__experiment__000004,housing_v1,housing_controlled_model_landlords_experiment,episode_attempt_82ff0e164673f2f15880,2da78aa5096b1148b78050c28744e121414a152a17a70e651145fea37f64e41a,included,housing_social_welfare_leaf,1.0.0,social_welfare,1.0.0,capture,tenant_3,tenant_3,517.93,utility_points,"{""disagreement_utility"":0.0}",ok,valid,[],"[""event_00000279""]",evaluation_receipt,episode_attempt_82ff0e164673f2f15880,2da78aa5096b1148b78050c28744e121414a152a17a70e651145fea37f64e41a,true
result_2f027993b7d84d06ab1820e6,runplan_12eea7f2d1cc0300,cell_82849d126dbe48640194,housing_v1__experiment__000004,housing_v1,housing_controlled_model_landlords_experiment,episode_attempt_82ff0e164673f2f15880,2da78aa5096b1148b78050c28744e121414a152a17a70e651145fea37f64e41a,included,housing_social_welfare_leaf,1.0.0,social_welfare,1.0.0,capture,tenant_4,tenant_4,202.14,utility_points,"{""disagreement_utility"":0.0}",ok,valid,[],"[""event_00000279""]",evaluation_receipt,episode_attempt_82ff0e164673f2f15880,2da78aa5096b1148b78050c28744e121414a152a17a70e651145fea37f64e41a,true
result_8021e8c216040ed5c7119cb7,runplan_12eea7f2d1cc0300,cell_82849d126dbe48640194,housing_v1__experiment__000004,housing_v1,housing_controlled_model_landlords_experiment,episode_attempt_82ff0e164673f2f15880,2da78aa5096b1148b78050c28744e121414a152a17a70e651145fea37f64e41a,included,housing_social_welfare_leaf,1.0.0,social_welfare,1.0.0,capture,tenant_5,tenant_5,0.0,utility_points,"{""disagreement_utility"":0.0}",ok,valid,[],"[""event_00000279""]",evaluation_receipt,episode_attempt_82ff0e164673f2f15880,2da78aa5096b1148b78050c28744e121414a152a17a70e651145fea37f64e41a,true
result_6087a7c8ccd3d85aa95cf202,runplan_12eea7f2d1cc0300,cell_a46df981b07aab846151,housing_v1__experiment__000002,housing_v1,housing_controlled_model_landlords_experiment,episode_attempt_66880850643e980df44d,2600dcc5f7aa1cb592a9adade500541406e5704f0123de6f244b7a69518ad212,included,housing_social_welfare_leaf,1.0.0,social_welfare,1.0.0,primary,social_welfare,,1027.63,utility_points,{},ok,valid,[],"[""event_00000303""]",evaluation_receipt,episode_attempt_66880850643e980df44d,2600dcc5f7aa1cb592a9adade500541406e5704f0123de6f244b7a69518ad212,true
result_e9b036b303b6b6ece8c1bcca,runplan_12eea7f2d1cc0300,cell_a46df981b07aab846151,housing_v1__experiment__000002,housing_v1,housing_controlled_model_landlords_experiment,episode_attempt_66880850643e980df44d,2600dcc5f7aa1cb592a9adade500541406e5704f0123de6f244b7a69518ad212,included,housing_social_welfare_leaf,1.0.0,social_welfare,1.0.0,metric,comparison_baseline_gap,,-381.8399999999999,utility_points,{},ok,valid,[],"[""event_00000303""]",evaluation_receipt,episode_attempt_66880850643e980df44d,2600dcc5f7aa1cb592a9adade500541406e5704f0123de6f244b7a69518ad212,true
result_178bc28ce24d709aee3cf003,runplan_12eea7f2d1cc0300,cell_a46df981b07aab846151,housing_v1__experiment__000002,housing_v1,housing_controlled_model_landlords_experiment,episode_attempt_66880850643e980df44d,2600dcc5f7aa1cb592a9adade500541406e5704f0123de6f244b7a69518ad212,included,housing_social_welfare_leaf,1.0.0,social_welfare,1.0.0,metric,ir_violation_count,,0.0,count,{},ok,valid,[],"[""event_00000303""]",evaluation_receipt,episode_attempt_66880850643e980df44d,2600dcc5f7aa1cb592a9adade500541406e5704f0123de6f244b7a69518ad212,true
result_9d874533e7197fcd28ef065c,runplan_12eea7f2d1cc0300,cell_a46df981b07aab846151,housing_v1__experiment__000002,housing_v1,housing_controlled_model_landlords_experiment,episode_attempt_66880850643e980df44d,2600dcc5f7aa1cb592a9adade500541406e5704f0123de6f244b7a69518ad212,included,housing_social_welfare_leaf,1.0.0,social_welfare,1.0.0,metric,social_welfare,,1027.63,utility_points,{},ok,valid,[],"[""event_00000303""]",evaluation_receipt,episode_attempt_66880850643e980df44d,2600dcc5f7aa1cb592a9adade500541406e5704f0123de6f244b7a69518ad212,true
result_e1eb20a580334f41710fb67f,runplan_12eea7f2d1cc0300,cell_a46df981b07aab846151,housing_v1__experiment__000002,housing_v1,housing_controlled_model_landlords_experiment,episode_attempt_66880850643e980df44d,2600dcc5f7aa1cb592a9adade500541406e5704f0123de6f244b7a69518ad212,included,housing_social_welfare_leaf,1.0.0,social_welfare,1.0.0,metric,upper_bound_gap,,1149.5099999999998,utility_points,{},ok,valid,[],"[""event_00000303""]",evaluation_receipt,episode_attempt_66880850643e980df44d,2600dcc5f7aa1cb592a9adade500541406e5704f0123de6f244b7a69518ad212,true
result_005c224a022b8bc74a50be53,runplan_12eea7f2d1cc0300,cell_a46df981b07aab846151,housing_v1__experiment__000002,housing_v1,housing_controlled_model_landlords_experiment,episode_attempt_66880850643e980df44d,2600dcc5f7aa1cb592a9adade500541406e5704f0123de6f244b7a69518ad212,included,housing_social_welfare_leaf,1.0.0,social_welfare,1.0.0,metric,wasted_contacts,,9.0,count,{},ok,valid,[],"[""event_00000303""]",evaluation_receipt,episode_attempt_66880850643e980df44d,2600dcc5f7aa1cb592a9adade500541406e5704f0123de6f244b7a69518ad212,true
result_22c3397825e79cfe19f96fbb,runplan_12eea7f2d1cc0300,cell_a46df981b07aab846151,housing_v1__experiment__000002,housing_v1,housing_controlled_model_landlords_experiment,episode_attempt_66880850643e980df44d,2600dcc5f7aa1cb592a9adade500541406e5704f0123de6f244b7a69518ad212,included,housing_social_welfare_leaf,1.0.0,social_welfare,1.0.0,metric,within_case_score,,0.47200914961830664,ratio,{},ok,valid,[],"[""event_00000303""]",evaluation_receipt,episode_attempt_66880850643e980df44d,2600dcc5f7aa1cb592a9adade500541406e5704f0123de6f244b7a69518ad212,true
result_66f9810d030d0c3119ca639c,runplan_12eea7f2d1cc0300,cell_a46df981b07aab846151,housing_v1__experiment__000002,housing_v1,housing_controlled_model_landlords_experiment,episode_attempt_66880850643e980df44d,2600dcc5f7aa1cb592a9adade500541406e5704f0123de6f244b7a69518ad212,included,housing_social_welfare_leaf,1.0.0,social_welfare,1.0.0,reference,comparison_baseline,,1409.47,utility_points,"{""policy"":""naive"",""reference_kind"":""comparison_baseline""}",ok,valid,[],"[""event_00000303""]",evaluation_receipt,episode_attempt_66880850643e980df44d,2600dcc5f7aa1cb592a9adade500541406e5704f0123de6f244b7a69518ad212,true
result_d6a5cc78e8176842cd815cef,runplan_12eea7f2d1cc0300,cell_a46df981b07aab846151,housing_v1__experiment__000002,housing_v1,housing_controlled_model_landlords_experiment,episode_attempt_66880850643e980df44d,2600dcc5f7aa1cb592a9adade500541406e5704f0123de6f244b7a69518ad212,included,housing_social_welfare_leaf,1.0.0,social_welfare,1.0.0,reference,optimum_lower_bound,,0.0,utility_points,"{""policy"":""do_nothing"",""reference_kind"":""objective_lower_bound""}",ok,valid,[],"[""event_00000303""]",evaluation_receipt,episode_attempt_66880850643e980df44d,2600dcc5f7aa1cb592a9adade500541406e5704f0123de6f244b7a69518ad212,true
result_de13e202833d46dce5992b13,runplan_12eea7f2d1cc0300,cell_a46df981b07aab846151,housing_v1__experiment__000002,housing_v1,housing_controlled_model_landlords_experiment,episode_attempt_66880850643e980df44d,2600dcc5f7aa1cb592a9adade500541406e5704f0123de6f244b7a69518ad212,included,housing_social_welfare_leaf,1.0.0,social_welfare,1.0.0,reference,optimum_upper_bound,,2177.14,utility_points,"{""reference_kind"":""objective_upper_bound"",""semantics"":""full_information_allocation_relaxation""}",ok,valid,[],"[""event_00000303""]",evaluation_receipt,episode_attempt_66880850643e980df44d,2600dcc5f7aa1cb592a9adade500541406e5704f0123de6f244b7a69518ad212,true
result_67f2db656d040abb31bd0deb,runplan_12eea7f2d1cc0300,cell_a46df981b07aab846151,housing_v1__experiment__000002,housing_v1,housing_controlled_model_landlords_experiment,episode_attempt_66880850643e980df44d,2600dcc5f7aa1cb592a9adade500541406e5704f0123de6f244b7a69518ad212,included,housing_social_welfare_leaf,1.0.0,social_welfare,1.0.0,utility,landlord_0,landlord_0,25.2,utility_points,"{""disagreement_utility"":0.0}",ok,valid,[],"[""event_00000303""]",evaluation_receipt,episode_attempt_66880850643e980df44d,2600dcc5f7aa1cb592a9adade500541406e5704f0123de6f244b7a69518ad212,true
result_0a8501b236a6a40332c60f69,runplan_12eea7f2d1cc0300,cell_a46df981b07aab846151,housing_v1__experiment__000002,housing_v1,housing_controlled_model_landlords_experiment,episode_attempt_66880850643e980df44d,2600dcc5f7aa1cb592a9adade500541406e5704f0123de6f244b7a69518ad212,included,housing_social_welfare_leaf,1.0.0,social_welfare,1.0.0,utility,landlord_1,landlord_1,0.0,utility_points,"{""disagreement_utility"":0.0}",ok,valid,[],"[""event_00000303""]",evaluation_receipt,episode_attempt_66880850643e980df44d,2600dcc5f7aa1cb592a9adade500541406e5704f0123de6f244b7a69518ad212,true
result_606b5e1bb0d3a9efb7dae9db,runplan_12eea7f2d1cc0300,cell_a46df981b07aab846151,housing_v1__experiment__000002,housing_v1,housing_controlled_model_landlords_experiment,episode_attempt_66880850643e980df44d,2600dcc5f7aa1cb592a9adade500541406e5704f0123de6f244b7a69518ad212,included,housing_social_welfare_leaf,1.0.0,social_welfare,1.0.0,utility,landlord_2,landlord_2,0.0,utility_points,"{""disagreement_utility"":0.0}",ok,valid,[],"[""event_00000303""]",evaluation_receipt,episode_attempt_66880850643e980df44d,2600dcc5f7aa1cb592a9adade500541406e5704f0123de6f244b7a69518ad212,true
result_ede7055064fad61fb0469b5a,runplan_12eea7f2d1cc0300,cell_a46df981b07aab846151,housing_v1__experiment__000002,housing_v1,housing_controlled_model_landlords_experiment,episode_attempt_66880850643e980df44d,2600dcc5f7aa1cb592a9adade500541406e5704f0123de6f244b7a69518ad212,included,housing_social_welfare_leaf,1.0.0,social_welfare,1.0.0,utility,landlord_3,landlord_3,41.13,utility_points,"{""disagreement_utility"":0.0}",ok,valid,[],"[""event_00000303""]",evaluation_receipt,episode_attempt_66880850643e980df44d,2600dcc5f7aa1cb592a9adade500541406e5704f0123de6f244b7a69518ad212,true
result_7923939c77026e43396a413f,runplan_12eea7f2d1cc0300,cell_a46df981b07aab846151,housing_v1__experiment__000002,housing_v1,housing_controlled_model_landlords_experiment,episode_attempt_66880850643e980df44d,2600dcc5f7aa1cb592a9adade500541406e5704f0123de6f244b7a69518ad212,included,housing_social_welfare_leaf,1.0.0,social_welfare,1.0.0,utility,landlord_4,landlord_4,0.0,utility_points,"{""disagreement_utility"":0.0}",ok,valid,[],"[""event_00000303""]",evaluation_receipt,episode_attempt_66880850643e980df44d,2600dcc5f7aa1cb592a9adade500541406e5704f0123de6f244b7a69518ad212,true
result_6d7830cbcd21cad32a5a5173,runplan_12eea7f2d1cc0300,cell_a46df981b07aab846151,housing_v1__experiment__000002,housing_v1,housing_controlled_model_landlords_experiment,episode_attempt_66880850643e980df44d,2600dcc5f7aa1cb592a9adade500541406e5704f0123de6f244b7a69518ad212,included,housing_social_welfare_leaf,1.0.0,social_welfare,1.0.0,utility,tenant_0,tenant_0,413.75,utility_points,"{""disagreement_utility"":0.0}",ok,valid,[],"[""event_00000303""]",evaluation_receipt,episode_attempt_66880850643e980df44d,2600dcc5f7aa1cb592a9adade500541406e5704f0123de6f244b7a69518ad212,true
result_19161252eab403fcd8756e27,runplan_12eea7f2d1cc0300,cell_a46df981b07aab846151,housing_v1__experiment__000002,housing_v1,housing_controlled_model_landlords_experiment,episode_attempt_66880850643e980df44d,2600dcc5f7aa1cb592a9adade500541406e5704f0123de6f244b7a69518ad212,included,housing_social_welfare_leaf,1.0.0,social_welfare,1.0.0,utility,tenant_1,tenant_1,0.0,utility_points,"{""disagreement_utility"":0.0}",ok,valid,[],"[""event_00000303""]",evaluation_receipt,episode_attempt_66880850643e980df44d,2600dcc5f7aa1cb592a9adade500541406e5704f0123de6f244b7a69518ad212,true
result_7e4398256cc9adb4580f321c,runplan_12eea7f2d1cc0300,cell_a46df981b07aab846151,housing_v1__experiment__000002,housing_v1,housing_controlled_model_landlords_experiment,episode_attempt_66880850643e980df44d,2600dcc5f7aa1cb592a9adade500541406e5704f0123de6f244b7a69518ad212,included,housing_social_welfare_leaf,1.0.0,social_welfare,1.0.0,utility,tenant_2,tenant_2,0.0,utility_points,"{""disagreement_utility"":0.0}",ok,valid,[],"[""event_00000303""]",evaluation_receipt,episode_attempt_66880850643e980df44d,2600dcc5f7aa1cb592a9adade500541406e5704f0123de6f244b7a69518ad212,true
result_b28bea28c0fdb955176c3b45,runplan_12eea7f2d1cc0300,cell_a46df981b07aab846151,housing_v1__experiment__000002,housing_v1,housing_controlled_model_landlords_experiment,episode_attempt_66880850643e980df44d,2600dcc5f7aa1cb592a9adade500541406e5704f0123de6f244b7a69518ad212,included,housing_social_welfare_leaf,1.0.0,social_welfare,1.0.0,utility,tenant_3,tenant_3,547.55,utility_points,"{""disagreement_utility"":0.0}",ok,valid,[],"[""event_00000303""]",evaluation_receipt,episode_attempt_66880850643e980df44d,2600dcc5f7aa1cb592a9adade500541406e5704f0123de6f244b7a69518ad212,true
result_8ffda25525950c8be0334f79,runplan_12eea7f2d1cc0300,cell_a46df981b07aab846151,housing_v1__experiment__000002,housing_v1,housing_controlled_model_landlords_experiment,episode_attempt_66880850643e980df44d,2600dcc5f7aa1cb592a9adade500541406e5704f0123de6f244b7a69518ad212,included,housing_social_welfare_leaf,1.0.0,social_welfare,1.0.0,utility,tenant_4,tenant_4,0.0,utility_points,"{""disagreement_utility"":0.0}",ok,valid,[],"[""event_00000303""]",evaluation_receipt,episode_attempt_66880850643e980df44d,2600dcc5f7aa1cb592a9adade500541406e5704f0123de6f244b7a69518ad212,true
result_4d8ceb3c5d933b172cba1353,runplan_12eea7f2d1cc0300,cell_a46df981b07aab846151,housing_v1__experiment__000002,housing_v1,housing_controlled_model_landlords_experiment,episode_attempt_66880850643e980df44d,2600dcc5f7aa1cb592a9adade500541406e5704f0123de6f244b7a69518ad212,included,housing_social_welfare_leaf,1.0.0,social_welfare,1.0.0,utility,tenant_5,tenant_5,0.0,utility_points,"{""disagreement_utility"":0.0}",ok,valid,[],"[""event_00000303""]",evaluation_receipt,episode_attempt_66880850643e980df44d,2600dcc5f7aa1cb592a9adade500541406e5704f0123de6f244b7a69518ad212,true
result_9c3e76d301de0ccaf4a09b1f,runplan_12eea7f2d1cc0300,cell_a46df981b07aab846151,housing_v1__experiment__000002,housing_v1,housing_controlled_model_landlords_experiment,episode_attempt_66880850643e980df44d,2600dcc5f7aa1cb592a9adade500541406e5704f0123de6f244b7a69518ad212,included,housing_social_welfare_leaf,1.0.0,social_welfare,1.0.0,capture,landlord_0,landlord_0,25.2,utility_points,"{""disagreement_utility"":0.0}",ok,valid,[],"[""event_00000303""]",evaluation_receipt,episode_attempt_66880850643e980df44d,2600dcc5f7aa1cb592a9adade500541406e5704f0123de6f244b7a69518ad212,true
result_0c6d339c897bf4aeb5c60734,runplan_12eea7f2d1cc0300,cell_a46df981b07aab846151,housing_v1__experiment__000002,housing_v1,housing_controlled_model_landlords_experiment,episode_attempt_66880850643e980df44d,2600dcc5f7aa1cb592a9adade500541406e5704f0123de6f244b7a69518ad212,included,housing_social_welfare_leaf,1.0.0,social_welfare,1.0.0,capture,landlord_1,landlord_1,0.0,utility_points,"{""disagreement_utility"":0.0}",ok,valid,[],"[""event_00000303""]",evaluation_receipt,episode_attempt_66880850643e980df44d,2600dcc5f7aa1cb592a9adade500541406e5704f0123de6f244b7a69518ad212,true
result_6506234c28b7559d19008cc6,runplan_12eea7f2d1cc0300,cell_a46df981b07aab846151,housing_v1__experiment__000002,housing_v1,housing_controlled_model_landlords_experiment,episode_attempt_66880850643e980df44d,2600dcc5f7aa1cb592a9adade500541406e5704f0123de6f244b7a69518ad212,included,housing_social_welfare_leaf,1.0.0,social_welfare,1.0.0,capture,landlord_2,landlord_2,0.0,utility_points,"{""disagreement_utility"":0.0}",ok,valid,[],"[""event_00000303""]",evaluation_receipt,episode_attempt_66880850643e980df44d,2600dcc5f7aa1cb592a9adade500541406e5704f0123de6f244b7a69518ad212,true
result_e59afbc3bc9ead7ad020a763,runplan_12eea7f2d1cc0300,cell_a46df981b07aab846151,housing_v1__experiment__000002,housing_v1,housing_controlled_model_landlords_experiment,episode_attempt_66880850643e980df44d,2600dcc5f7aa1cb592a9adade500541406e5704f0123de6f244b7a69518ad212,included,housing_social_welfare_leaf,1.0.0,social_welfare,1.0.0,capture,landlord_3,landlord_3,41.13,utility_points,"{""disagreement_utility"":0.0}",ok,valid,[],"[""event_00000303""]",evaluation_receipt,episode_attempt_66880850643e980df44d,2600dcc5f7aa1cb592a9adade500541406e5704f0123de6f244b7a69518ad212,true
result_1e7b8a6d9701078b4cc62686,runplan_12eea7f2d1cc0300,cell_a46df981b07aab846151,housing_v1__experiment__000002,housing_v1,housing_controlled_model_landlords_experiment,episode_attempt_66880850643e980df44d,2600dcc5f7aa1cb592a9adade500541406e5704f0123de6f244b7a69518ad212,included,housing_social_welfare_leaf,1.0.0,social_welfare,1.0.0,capture,landlord_4,landlord_4,0.0,utility_points,"{""disagreement_utility"":0.0}",ok,valid,[],"[""event_00000303""]",evaluation_receipt,episode_attempt_66880850643e980df44d,2600dcc5f7aa1cb592a9adade500541406e5704f0123de6f244b7a69518ad212,true
result_cf4a38272b44d0dd4e4ca1db,runplan_12eea7f2d1cc0300,cell_a46df981b07aab846151,housing_v1__experiment__000002,housing_v1,housing_controlled_model_landlords_experiment,episode_attempt_66880850643e980df44d,2600dcc5f7aa1cb592a9adade500541406e5704f0123de6f244b7a69518ad212,included,housing_social_welfare_leaf,1.0.0,social_welfare,1.0.0,capture,tenant_0,tenant_0,413.75,utility_points,"{""disagreement_utility"":0.0}",ok,valid,[],"[""event_00000303""]",evaluation_receipt,episode_attempt_66880850643e980df44d,2600dcc5f7aa1cb592a9adade500541406e5704f0123de6f244b7a69518ad212,true
result_b5e1de3733eb088f4ad566aa,runplan_12eea7f2d1cc0300,cell_a46df981b07aab846151,housing_v1__experiment__000002,housing_v1,housing_controlled_model_landlords_experiment,episode_attempt_66880850643e980df44d,2600dcc5f7aa1cb592a9adade500541406e5704f0123de6f244b7a69518ad212,included,housing_social_welfare_leaf,1.0.0,social_welfare,1.0.0,capture,tenant_1,tenant_1,0.0,utility_points,"{""disagreement_utility"":0.0}",ok,valid,[],"[""event_00000303""]",evaluation_receipt,episode_attempt_66880850643e980df44d,2600dcc5f7aa1cb592a9adade500541406e5704f0123de6f244b7a69518ad212,true
result_6327fb67f2d863af859d1812,runplan_12eea7f2d1cc0300,cell_a46df981b07aab846151,housing_v1__experiment__000002,housing_v1,housing_controlled_model_landlords_experiment,episode_attempt_66880850643e980df44d,2600dcc5f7aa1cb592a9adade500541406e5704f0123de6f244b7a69518ad212,included,housing_social_welfare_leaf,1.0.0,social_welfare,1.0.0,capture,tenant_2,tenant_2,0.0,utility_points,"{""disagreement_utility"":0.0}",ok,valid,[],"[""event_00000303""]",evaluation_receipt,episode_attempt_66880850643e980df44d,2600dcc5f7aa1cb592a9adade500541406e5704f0123de6f244b7a69518ad212,true
result_618d2d73d80472e58a5c119d,runplan_12eea7f2d1cc0300,cell_a46df981b07aab846151,housing_v1__experiment__000002,housing_v1,housing_controlled_model_landlords_experiment,episode_attempt_66880850643e980df44d,2600dcc5f7aa1cb592a9adade500541406e5704f0123de6f244b7a69518ad212,included,housing_social_welfare_leaf,1.0.0,social_welfare,1.0.0,capture,tenant_3,tenant_3,547.55,utility_points,"{""disagreement_utility"":0.0}",ok,valid,[],"[""event_00000303""]",evaluation_receipt,episode_attempt_66880850643e980df44d,2600dcc5f7aa1cb592a9adade500541406e5704f0123de6f244b7a69518ad212,true
result_26f66bf64a5d7cdc66ddd248,runplan_12eea7f2d1cc0300,cell_a46df981b07aab846151,housing_v1__experiment__000002,housing_v1,housing_controlled_model_landlords_experiment,episode_attempt_66880850643e980df44d,2600dcc5f7aa1cb592a9adade500541406e5704f0123de6f244b7a69518ad212,included,housing_social_welfare_leaf,1.0.0,social_welfare,1.0.0,capture,tenant_4,tenant_4,0.0,utility_points,"{""disagreement_utility"":0.0}",ok,valid,[],"[""event_00000303""]",evaluation_receipt,episode_attempt_66880850643e980df44d,2600dcc5f7aa1cb592a9adade500541406e5704f0123de6f244b7a69518ad212,true
result_e9a54cfc6046aefbbdaf86f5,runplan_12eea7f2d1cc0300,cell_a46df981b07aab846151,housing_v1__experiment__000002,housing_v1,housing_controlled_model_landlords_experiment,episode_attempt_66880850643e980df44d,2600dcc5f7aa1cb592a9adade500541406e5704f0123de6f244b7a69518ad212,included,housing_social_welfare_leaf,1.0.0,social_welfare,1.0.0,capture,tenant_5,tenant_5,0.0,utility_points,"{""disagreement_utility"":0.0}",ok,valid,[],"[""event_00000303""]",evaluation_receipt,episode_attempt_66880850643e980df44d,2600dcc5f7aa1cb592a9adade500541406e5704f0123de6f244b7a69518ad212,true
result_8cc06a010fc185debb55fd2e,runplan_12eea7f2d1cc0300,cell_ab3c7f738b6a6e3d79ff,housing_v1__experiment__000006,housing_v1,housing_controlled_model_landlords_experiment,episode_attempt_30ff7e881a7514fd3bc8,1f2298f9d5edd94fde6e511e3ff83f9d8a89d4e064dc7746e8f1e8817b629af7,included,housing_social_welfare_leaf,1.0.0,social_welfare,1.0.0,primary,social_welfare,,1589.29,utility_points,{},ok,valid,[],"[""event_00000195""]",evaluation_receipt,episode_attempt_30ff7e881a7514fd3bc8,1f2298f9d5edd94fde6e511e3ff83f9d8a89d4e064dc7746e8f1e8817b629af7,true
result_1e4afd740632820527cd66dc,runplan_12eea7f2d1cc0300,cell_ab3c7f738b6a6e3d79ff,housing_v1__experiment__000006,housing_v1,housing_controlled_model_landlords_experiment,episode_attempt_30ff7e881a7514fd3bc8,1f2298f9d5edd94fde6e511e3ff83f9d8a89d4e064dc7746e8f1e8817b629af7,included,housing_social_welfare_leaf,1.0.0,social_welfare,1.0.0,metric,comparison_baseline_gap,,22.730000000000018,utility_points,{},ok,valid,[],"[""event_00000195""]",evaluation_receipt,episode_attempt_30ff7e881a7514fd3bc8,1f2298f9d5edd94fde6e511e3ff83f9d8a89d4e064dc7746e8f1e8817b629af7,true
result_10d849c53e99beb8cd30749c,runplan_12eea7f2d1cc0300,cell_ab3c7f738b6a6e3d79ff,housing_v1__experiment__000006,housing_v1,housing_controlled_model_landlords_experiment,episode_attempt_30ff7e881a7514fd3bc8,1f2298f9d5edd94fde6e511e3ff83f9d8a89d4e064dc7746e8f1e8817b629af7,included,housing_social_welfare_leaf,1.0.0,social_welfare,1.0.0,metric,ir_violation_count,,0.0,count,{},ok,valid,[],"[""event_00000195""]",evaluation_receipt,episode_attempt_30ff7e881a7514fd3bc8,1f2298f9d5edd94fde6e511e3ff83f9d8a89d4e064dc7746e8f1e8817b629af7,true
result_3f442c3de0cd2246c2d71754,runplan_12eea7f2d1cc0300,cell_ab3c7f738b6a6e3d79ff,housing_v1__experiment__000006,housing_v1,housing_controlled_model_landlords_experiment,episode_attempt_30ff7e881a7514fd3bc8,1f2298f9d5edd94fde6e511e3ff83f9d8a89d4e064dc7746e8f1e8817b629af7,included,housing_social_welfare_leaf,1.0.0,social_welfare,1.0.0,metric,social_welfare,,1589.29,utility_points,{},ok,valid,[],"[""event_00000195""]",evaluation_receipt,episode_attempt_30ff7e881a7514fd3bc8,1f2298f9d5edd94fde6e511e3ff83f9d8a89d4e064dc7746e8f1e8817b629af7,true
result_0217c2a931acb79458a78c14,runplan_12eea7f2d1cc0300,cell_ab3c7f738b6a6e3d79ff,housing_v1__experiment__000006,housing_v1,housing_controlled_model_landlords_experiment,episode_attempt_30ff7e881a7514fd3bc8,1f2298f9d5edd94fde6e511e3ff83f9d8a89d4e064dc7746e8f1e8817b629af7,included,housing_social_welfare_leaf,1.0.0,social_welfare,1.0.0,metric,upper_bound_gap,,49.069999999999936,utility_points,{},ok,valid,[],"[""event_00000195""]",evaluation_receipt,episode_attempt_30ff7e881a7514fd3bc8,1f2298f9d5edd94fde6e511e3ff83f9d8a89d4e064dc7746e8f1e8817b629af7,true
result_389547a1decb042550290a7a,runplan_12eea7f2d1cc0300,cell_ab3c7f738b6a6e3d79ff,housing_v1__experiment__000006,housing_v1,housing_controlled_model_landlords_experiment,episode_attempt_30ff7e881a7514fd3bc8,1f2298f9d5edd94fde6e511e3ff83f9d8a89d4e064dc7746e8f1e8817b629af7,included,housing_social_welfare_leaf,1.0.0,social_welfare,1.0.0,metric,wasted_contacts,,3.0,count,{},ok,valid,[],"[""event_00000195""]",evaluation_receipt,episode_attempt_30ff7e881a7514fd3bc8,1f2298f9d5edd94fde6e511e3ff83f9d8a89d4e064dc7746e8f1e8817b629af7,true
result_cc43ec21e33215f37e1fef02,runplan_12eea7f2d1cc0300,cell_ab3c7f738b6a6e3d79ff,housing_v1__experiment__000006,housing_v1,housing_controlled_model_landlords_experiment,episode_attempt_30ff7e881a7514fd3bc8,1f2298f9d5edd94fde6e511e3ff83f9d8a89d4e064dc7746e8f1e8817b629af7,included,housing_social_welfare_leaf,1.0.0,social_welfare,1.0.0,metric,within_case_score,,0.9700493176102932,ratio,{},ok,valid,[],"[""event_00000195""]",evaluation_receipt,episode_attempt_30ff7e881a7514fd3bc8,1f2298f9d5edd94fde6e511e3ff83f9d8a89d4e064dc7746e8f1e8817b629af7,true
result_e1437f2c5e4025094dbce075,runplan_12eea7f2d1cc0300,cell_ab3c7f738b6a6e3d79ff,housing_v1__experiment__000006,housing_v1,housing_controlled_model_landlords_experiment,episode_attempt_30ff7e881a7514fd3bc8,1f2298f9d5edd94fde6e511e3ff83f9d8a89d4e064dc7746e8f1e8817b629af7,included,housing_social_welfare_leaf,1.0.0,social_welfare,1.0.0,reference,comparison_baseline,,1566.56,utility_points,"{""policy"":""naive"",""reference_kind"":""comparison_baseline""}",ok,valid,[],"[""event_00000195""]",evaluation_receipt,episode_attempt_30ff7e881a7514fd3bc8,1f2298f9d5edd94fde6e511e3ff83f9d8a89d4e064dc7746e8f1e8817b629af7,true
result_d389c8b5ccab6bf5fd077448,runplan_12eea7f2d1cc0300,cell_ab3c7f738b6a6e3d79ff,housing_v1__experiment__000006,housing_v1,housing_controlled_model_landlords_experiment,episode_attempt_30ff7e881a7514fd3bc8,1f2298f9d5edd94fde6e511e3ff83f9d8a89d4e064dc7746e8f1e8817b629af7,included,housing_social_welfare_leaf,1.0.0,social_welfare,1.0.0,reference,optimum_lower_bound,,0.0,utility_points,"{""policy"":""do_nothing"",""reference_kind"":""objective_lower_bound""}",ok,valid,[],"[""event_00000195""]",evaluation_receipt,episode_attempt_30ff7e881a7514fd3bc8,1f2298f9d5edd94fde6e511e3ff83f9d8a89d4e064dc7746e8f1e8817b629af7,true
result_33b48c5e9f282944958e753d,runplan_12eea7f2d1cc0300,cell_ab3c7f738b6a6e3d79ff,housing_v1__experiment__000006,housing_v1,housing_controlled_model_landlords_experiment,episode_attempt_30ff7e881a7514fd3bc8,1f2298f9d5edd94fde6e511e3ff83f9d8a89d4e064dc7746e8f1e8817b629af7,included,housing_social_welfare_leaf,1.0.0,social_welfare,1.0.0,reference,optimum_upper_bound,,1638.36,utility_points,"{""reference_kind"":""objective_upper_bound"",""semantics"":""full_information_allocation_relaxation""}",ok,valid,[],"[""event_00000195""]",evaluation_receipt,episode_attempt_30ff7e881a7514fd3bc8,1f2298f9d5edd94fde6e511e3ff83f9d8a89d4e064dc7746e8f1e8817b629af7,true
result_6967cd4b7f75db180525e17f,runplan_12eea7f2d1cc0300,cell_ab3c7f738b6a6e3d79ff,housing_v1__experiment__000006,housing_v1,housing_controlled_model_landlords_experiment,episode_attempt_30ff7e881a7514fd3bc8,1f2298f9d5edd94fde6e511e3ff83f9d8a89d4e064dc7746e8f1e8817b629af7,included,housing_social_welfare_leaf,1.0.0,social_welfare,1.0.0,utility,landlord_0,landlord_0,31.31,utility_points,"{""disagreement_utility"":0.0}",ok,valid,[],"[""event_00000195""]",evaluation_receipt,episode_attempt_30ff7e881a7514fd3bc8,1f2298f9d5edd94fde6e511e3ff83f9d8a89d4e064dc7746e8f1e8817b629af7,true
result_be6dd20bae90f64ce25bbdeb,runplan_12eea7f2d1cc0300,cell_ab3c7f738b6a6e3d79ff,housing_v1__experiment__000006,housing_v1,housing_controlled_model_landlords_experiment,episode_attempt_30ff7e881a7514fd3bc8,1f2298f9d5edd94fde6e511e3ff83f9d8a89d4e064dc7746e8f1e8817b629af7,included,housing_social_welfare_leaf,1.0.0,social_welfare,1.0.0,utility,landlord_1,landlord_1,100.73,utility_points,"{""disagreement_utility"":0.0}",ok,valid,[],"[""event_00000195""]",evaluation_receipt,episode_attempt_30ff7e881a7514fd3bc8,1f2298f9d5edd94fde6e511e3ff83f9d8a89d4e064dc7746e8f1e8817b629af7,true
result_fbdd64178d92f8db5e9854e9,runplan_12eea7f2d1cc0300,cell_ab3c7f738b6a6e3d79ff,housing_v1__experiment__000006,housing_v1,housing_controlled_model_landlords_experiment,episode_attempt_30ff7e881a7514fd3bc8,1f2298f9d5edd94fde6e511e3ff83f9d8a89d4e064dc7746e8f1e8817b629af7,included,housing_social_welfare_leaf,1.0.0,social_welfare,1.0.0,utility,landlord_2,landlord_2,10.53,utility_points,"{""disagreement_utility"":0.0}",ok,valid,[],"[""event_00000195""]",evaluation_receipt,episode_attempt_30ff7e881a7514fd3bc8,1f2298f9d5edd94fde6e511e3ff83f9d8a89d4e064dc7746e8f1e8817b629af7,true
result_a0bd0503b16e43828ce9dad6,runplan_12eea7f2d1cc0300,cell_ab3c7f738b6a6e3d79ff,housing_v1__experiment__000006,housing_v1,housing_controlled_model_landlords_experiment,episode_attempt_30ff7e881a7514fd3bc8,1f2298f9d5edd94fde6e511e3ff83f9d8a89d4e064dc7746e8f1e8817b629af7,included,housing_social_welfare_leaf,1.0.0,social_welfare,1.0.0,utility,landlord_3,landlord_3,63.83,utility_points,"{""disagreement_utility"":0.0}",ok,valid,[],"[""event_00000195""]",evaluation_receipt,episode_attempt_30ff7e881a7514fd3bc8,1f2298f9d5edd94fde6e511e3ff83f9d8a89d4e064dc7746e8f1e8817b629af7,true
result_23faa189d1411e1d2525710f,runplan_12eea7f2d1cc0300,cell_ab3c7f738b6a6e3d79ff,housing_v1__experiment__000006,housing_v1,housing_controlled_model_landlords_experiment,episode_attempt_30ff7e881a7514fd3bc8,1f2298f9d5edd94fde6e511e3ff83f9d8a89d4e064dc7746e8f1e8817b629af7,included,housing_social_welfare_leaf,1.0.0,social_welfare,1.0.0,utility,landlord_4,landlord_4,0.0,utility_points,"{""disagreement_utility"":0.0}",ok,valid,[],"[""event_00000195""]",evaluation_receipt,episode_attempt_30ff7e881a7514fd3bc8,1f2298f9d5edd94fde6e511e3ff83f9d8a89d4e064dc7746e8f1e8817b629af7,true
result_bdc41ca718dfa2e599b50319,runplan_12eea7f2d1cc0300,cell_ab3c7f738b6a6e3d79ff,housing_v1__experiment__000006,housing_v1,housing_controlled_model_landlords_experiment,episode_attempt_30ff7e881a7514fd3bc8,1f2298f9d5edd94fde6e511e3ff83f9d8a89d4e064dc7746e8f1e8817b629af7,included,housing_social_welfare_leaf,1.0.0,social_welfare,1.0.0,utility,tenant_0,tenant_0,249.66,utility_points,"{""disagreement_utility"":0.0}",ok,valid,[],"[""event_00000195""]",evaluation_receipt,episode_attempt_30ff7e881a7514fd3bc8,1f2298f9d5edd94fde6e511e3ff83f9d8a89d4e064dc7746e8f1e8817b629af7,true
result_a7f469ebd7ffe2be6f4ba88a,runplan_12eea7f2d1cc0300,cell_ab3c7f738b6a6e3d79ff,housing_v1__experiment__000006,housing_v1,housing_controlled_model_landlords_experiment,episode_attempt_30ff7e881a7514fd3bc8,1f2298f9d5edd94fde6e511e3ff83f9d8a89d4e064dc7746e8f1e8817b629af7,included,housing_social_welfare_leaf,1.0.0,social_welfare,1.0.0,utility,tenant_1,tenant_1,600.31,utility_points,"{""disagreement_utility"":0.0}",ok,valid,[],"[""event_00000195""]",evaluation_receipt,episode_attempt_30ff7e881a7514fd3bc8,1f2298f9d5edd94fde6e511e3ff83f9d8a89d4e064dc7746e8f1e8817b629af7,true
result_1fead4bb8cff799349c3d477,runplan_12eea7f2d1cc0300,cell_ab3c7f738b6a6e3d79ff,housing_v1__experiment__000006,housing_v1,housing_controlled_model_landlords_experiment,episode_attempt_30ff7e881a7514fd3bc8,1f2298f9d5edd94fde6e511e3ff83f9d8a89d4e064dc7746e8f1e8817b629af7,included,housing_social_welfare_leaf,1.0.0,social_welfare,1.0.0,utility,tenant_2,tenant_2,530.76,utility_points,"{""disagreement_utility"":0.0}",ok,valid,[],"[""event_00000195""]",evaluation_receipt,episode_attempt_30ff7e881a7514fd3bc8,1f2298f9d5edd94fde6e511e3ff83f9d8a89d4e064dc7746e8f1e8817b629af7,true
result_48131af245c28a443d72f59f,runplan_12eea7f2d1cc0300,cell_ab3c7f738b6a6e3d79ff,housing_v1__experiment__000006,housing_v1,housing_controlled_model_landlords_experiment,episode_attempt_30ff7e881a7514fd3bc8,1f2298f9d5edd94fde6e511e3ff83f9d8a89d4e064dc7746e8f1e8817b629af7,included,housing_social_welfare_leaf,1.0.0,social_welfare,1.0.0,utility,tenant_3,tenant_3,0.0,utility_points,"{""disagreement_utility"":0.0}",ok,valid,[],"[""event_00000195""]",evaluation_receipt,episode_attempt_30ff7e881a7514fd3bc8,1f2298f9d5edd94fde6e511e3ff83f9d8a89d4e064dc7746e8f1e8817b629af7,true
result_b44eba518ef89453113f1e3d,runplan_12eea7f2d1cc0300,cell_ab3c7f738b6a6e3d79ff,housing_v1__experiment__000006,housing_v1,housing_controlled_model_landlords_experiment,episode_attempt_30ff7e881a7514fd3bc8,1f2298f9d5edd94fde6e511e3ff83f9d8a89d4e064dc7746e8f1e8817b629af7,included,housing_social_welfare_leaf,1.0.0,social_welfare,1.0.0,utility,tenant_4,tenant_4,2.16,utility_points,"{""disagreement_utility"":0.0}",ok,valid,[],"[""event_00000195""]",evaluation_receipt,episode_attempt_30ff7e881a7514fd3bc8,1f2298f9d5edd94fde6e511e3ff83f9d8a89d4e064dc7746e8f1e8817b629af7,true
result_35a6e464230504d48ad2074c,runplan_12eea7f2d1cc0300,cell_ab3c7f738b6a6e3d79ff,housing_v1__experiment__000006,housing_v1,housing_controlled_model_landlords_experiment,episode_attempt_30ff7e881a7514fd3bc8,1f2298f9d5edd94fde6e511e3ff83f9d8a89d4e064dc7746e8f1e8817b629af7,included,housing_social_welfare_leaf,1.0.0,social_welfare,1.0.0,utility,tenant_5,tenant_5,0.0,utility_points,"{""disagreement_utility"":0.0}",ok,valid,[],"[""event_00000195""]",evaluation_receipt,episode_attempt_30ff7e881a7514fd3bc8,1f2298f9d5edd94fde6e511e3ff83f9d8a89d4e064dc7746e8f1e8817b629af7,true
result_32234ac76963232bd128144c,runplan_12eea7f2d1cc0300,cell_ab3c7f738b6a6e3d79ff,housing_v1__experiment__000006,housing_v1,housing_controlled_model_landlords_experiment,episode_attempt_30ff7e881a7514fd3bc8,1f2298f9d5edd94fde6e511e3ff83f9d8a89d4e064dc7746e8f1e8817b629af7,included,housing_social_welfare_leaf,1.0.0,social_welfare,1.0.0,capture,landlord_0,landlord_0,31.31,utility_points,"{""disagreement_utility"":0.0}",ok,valid,[],"[""event_00000195""]",evaluation_receipt,episode_attempt_30ff7e881a7514fd3bc8,1f2298f9d5edd94fde6e511e3ff83f9d8a89d4e064dc7746e8f1e8817b629af7,true
result_0c75515335f60da63b869033,runplan_12eea7f2d1cc0300,cell_ab3c7f738b6a6e3d79ff,housing_v1__experiment__000006,housing_v1,housing_controlled_model_landlords_experiment,episode_attempt_30ff7e881a7514fd3bc8,1f2298f9d5edd94fde6e511e3ff83f9d8a89d4e064dc7746e8f1e8817b629af7,included,housing_social_welfare_leaf,1.0.0,social_welfare,1.0.0,capture,landlord_1,landlord_1,100.73,utility_points,"{""disagreement_utility"":0.0}",ok,valid,[],"[""event_00000195""]",evaluation_receipt,episode_attempt_30ff7e881a7514fd3bc8,1f2298f9d5edd94fde6e511e3ff83f9d8a89d4e064dc7746e8f1e8817b629af7,true
result_2c176b449672851af5eb18bb,runplan_12eea7f2d1cc0300,cell_ab3c7f738b6a6e3d79ff,housing_v1__experiment__000006,housing_v1,housing_controlled_model_landlords_experiment,episode_attempt_30ff7e881a7514fd3bc8,1f2298f9d5edd94fde6e511e3ff83f9d8a89d4e064dc7746e8f1e8817b629af7,included,housing_social_welfare_leaf,1.0.0,social_welfare,1.0.0,capture,landlord_2,landlord_2,10.53,utility_points,"{""disagreement_utility"":0.0}",ok,valid,[],"[""event_00000195""]",evaluation_receipt,episode_attempt_30ff7e881a7514fd3bc8,1f2298f9d5edd94fde6e511e3ff83f9d8a89d4e064dc7746e8f1e8817b629af7,true
result_3de5b37b85d00f017e4387a5,runplan_12eea7f2d1cc0300,cell_ab3c7f738b6a6e3d79ff,housing_v1__experiment__000006,housing_v1,housing_controlled_model_landlords_experiment,episode_attempt_30ff7e881a7514fd3bc8,1f2298f9d5edd94fde6e511e3ff83f9d8a89d4e064dc7746e8f1e8817b629af7,included,housing_social_welfare_leaf,1.0.0,social_welfare,1.0.0,capture,landlord_3,landlord_3,63.83,utility_points,"{""disagreement_utility"":0.0}",ok,valid,[],"[""event_00000195""]",evaluation_receipt,episode_attempt_30ff7e881a7514fd3bc8,1f2298f9d5edd94fde6e511e3ff83f9d8a89d4e064dc7746e8f1e8817b629af7,true
result_161352b151b58ddcb3ecdf86,runplan_12eea7f2d1cc0300,cell_ab3c7f738b6a6e3d79ff,housing_v1__experiment__000006,housing_v1,housing_controlled_model_landlords_experiment,episode_attempt_30ff7e881a7514fd3bc8,1f2298f9d5edd94fde6e511e3ff83f9d8a89d4e064dc7746e8f1e8817b629af7,included,housing_social_welfare_leaf,1.0.0,social_welfare,1.0.0,capture,landlord_4,landlord_4,0.0,utility_points,"{""disagreement_utility"":0.0}",ok,valid,[],"[""event_00000195""]",evaluation_receipt,episode_attempt_30ff7e881a7514fd3bc8,1f2298f9d5edd94fde6e511e3ff83f9d8a89d4e064dc7746e8f1e8817b629af7,true
result_138044ecced1eb9e0d16946b,runplan_12eea7f2d1cc0300,cell_ab3c7f738b6a6e3d79ff,housing_v1__experiment__000006,housing_v1,housing_controlled_model_landlords_experiment,episode_attempt_30ff7e881a7514fd3bc8,1f2298f9d5edd94fde6e511e3ff83f9d8a89d4e064dc7746e8f1e8817b629af7,included,housing_social_welfare_leaf,1.0.0,social_welfare,1.0.0,capture,tenant_0,tenant_0,249.66,utility_points,"{""disagreement_utility"":0.0}",ok,valid,[],"[""event_00000195""]",evaluation_receipt,episode_attempt_30ff7e881a7514fd3bc8,1f2298f9d5edd94fde6e511e3ff83f9d8a89d4e064dc7746e8f1e8817b629af7,true
result_84b385907575d4c1b5993198,runplan_12eea7f2d1cc0300,cell_ab3c7f738b6a6e3d79ff,housing_v1__experiment__000006,housing_v1,housing_controlled_model_landlords_experiment,episode_attempt_30ff7e881a7514fd3bc8,1f2298f9d5edd94fde6e511e3ff83f9d8a89d4e064dc7746e8f1e8817b629af7,included,housing_social_welfare_leaf,1.0.0,social_welfare,1.0.0,capture,tenant_1,tenant_1,600.31,utility_points,"{""disagreement_utility"":0.0}",ok,valid,[],"[""event_00000195""]",evaluation_receipt,episode_attempt_30ff7e881a7514fd3bc8,1f2298f9d5edd94fde6e511e3ff83f9d8a89d4e064dc7746e8f1e8817b629af7,true
result_1a5727d8229930f4efaf230d,runplan_12eea7f2d1cc0300,cell_ab3c7f738b6a6e3d79ff,housing_v1__experiment__000006,housing_v1,housing_controlled_model_landlords_experiment,episode_attempt_30ff7e881a7514fd3bc8,1f2298f9d5edd94fde6e511e3ff83f9d8a89d4e064dc7746e8f1e8817b629af7,included,housing_social_welfare_leaf,1.0.0,social_welfare,1.0.0,capture,tenant_2,tenant_2,530.76,utility_points,"{""disagreement_utility"":0.0}",ok,valid,[],"[""event_00000195""]",evaluation_receipt,episode_attempt_30ff7e881a7514fd3bc8,1f2298f9d5edd94fde6e511e3ff83f9d8a89d4e064dc7746e8f1e8817b629af7,true
result_b3e0ef328c5aaea14e3fb7b3,runplan_12eea7f2d1cc0300,cell_ab3c7f738b6a6e3d79ff,housing_v1__experiment__000006,housing_v1,housing_controlled_model_landlords_experiment,episode_attempt_30ff7e881a7514fd3bc8,1f2298f9d5edd94fde6e511e3ff83f9d8a89d4e064dc7746e8f1e8817b629af7,included,housing_social_welfare_leaf,1.0.0,social_welfare,1.0.0,capture,tenant_3,tenant_3,0.0,utility_points,"{""disagreement_utility"":0.0}",ok,valid,[],"[""event_00000195""]",evaluation_receipt,episode_attempt_30ff7e881a7514fd3bc8,1f2298f9d5edd94fde6e511e3ff83f9d8a89d4e064dc7746e8f1e8817b629af7,true
result_db8f9fd30fe81aec7fae9ff7,runplan_12eea7f2d1cc0300,cell_ab3c7f738b6a6e3d79ff,housing_v1__experiment__000006,housing_v1,housing_controlled_model_landlords_experiment,episode_attempt_30ff7e881a7514fd3bc8,1f2298f9d5edd94fde6e511e3ff83f9d8a89d4e064dc7746e8f1e8817b629af7,included,housing_social_welfare_leaf,1.0.0,social_welfare,1.0.0,capture,tenant_4,tenant_4,2.16,utility_points,"{""disagreement_utility"":0.0}",ok,valid,[],"[""event_00000195""]",evaluation_receipt,episode_attempt_30ff7e881a7514fd3bc8,1f2298f9d5edd94fde6e511e3ff83f9d8a89d4e064dc7746e8f1e8817b629af7,true
result_ba2c5a0ed251437048b8000a,runplan_12eea7f2d1cc0300,cell_ab3c7f738b6a6e3d79ff,housing_v1__experiment__000006,housing_v1,housing_controlled_model_landlords_experiment,episode_attempt_30ff7e881a7514fd3bc8,1f2298f9d5edd94fde6e511e3ff83f9d8a89d4e064dc7746e8f1e8817b629af7,included,housing_social_welfare_leaf,1.0.0,social_welfare,1.0.0,capture,tenant_5,tenant_5,0.0,utility_points,"{""disagreement_utility"":0.0}",ok,valid,[],"[""event_00000195""]",evaluation_receipt,episode_attempt_30ff7e881a7514fd3bc8,1f2298f9d5edd94fde6e511e3ff83f9d8a89d4e064dc7746e8f1e8817b629af7,true
result_673cb2054bafde8778934c9f,runplan_12eea7f2d1cc0300,cell_ab8014343093f9b2b4ce,housing_v1__experiment__000003,housing_v1,housing_controlled_model_landlords_experiment,episode_attempt_e042ee18a173d66cb685,c6ccb400593db1f4747386a9ad25f5d1459341592dcb886c9ae2dab20a144a8d,included,housing_social_welfare_leaf,1.0.0,social_welfare,1.0.0,primary,social_welfare,,1994.8,utility_points,{},ok,valid,[],"[""event_00000255""]",evaluation_receipt,episode_attempt_e042ee18a173d66cb685,c6ccb400593db1f4747386a9ad25f5d1459341592dcb886c9ae2dab20a144a8d,true
result_33db10204fd64564b5883298,runplan_12eea7f2d1cc0300,cell_ab8014343093f9b2b4ce,housing_v1__experiment__000003,housing_v1,housing_controlled_model_landlords_experiment,episode_attempt_e042ee18a173d66cb685,c6ccb400593db1f4747386a9ad25f5d1459341592dcb886c9ae2dab20a144a8d,included,housing_social_welfare_leaf,1.0.0,social_welfare,1.0.0,metric,comparison_baseline_gap,,0.0,utility_points,{},ok,valid,[],"[""event_00000255""]",evaluation_receipt,episode_attempt_e042ee18a173d66cb685,c6ccb400593db1f4747386a9ad25f5d1459341592dcb886c9ae2dab20a144a8d,true
result_e953a2581f362e3e28a7e628,runplan_12eea7f2d1cc0300,cell_ab8014343093f9b2b4ce,housing_v1__experiment__000003,housing_v1,housing_controlled_model_landlords_experiment,episode_attempt_e042ee18a173d66cb685,c6ccb400593db1f4747386a9ad25f5d1459341592dcb886c9ae2dab20a144a8d,included,housing_social_welfare_leaf,1.0.0,social_welfare,1.0.0,metric,ir_violation_count,,0.0,count,{},ok,valid,[],"[""event_00000255""]",evaluation_receipt,episode_attempt_e042ee18a173d66cb685,c6ccb400593db1f4747386a9ad25f5d1459341592dcb886c9ae2dab20a144a8d,true
result_a6da419252a19331143b884f,runplan_12eea7f2d1cc0300,cell_ab8014343093f9b2b4ce,housing_v1__experiment__000003,housing_v1,housing_controlled_model_landlords_experiment,episode_attempt_e042ee18a173d66cb685,c6ccb400593db1f4747386a9ad25f5d1459341592dcb886c9ae2dab20a144a8d,included,housing_social_welfare_leaf,1.0.0,social_welfare,1.0.0,metric,social_welfare,,1994.8,utility_points,{},ok,valid,[],"[""event_00000255""]",evaluation_receipt,episode_attempt_e042ee18a173d66cb685,c6ccb400593db1f4747386a9ad25f5d1459341592dcb886c9ae2dab20a144a8d,true
result_0ad764be7932d1e79a6066e6,runplan_12eea7f2d1cc0300,cell_ab8014343093f9b2b4ce,housing_v1__experiment__000003,housing_v1,housing_controlled_model_landlords_experiment,episode_attempt_e042ee18a173d66cb685,c6ccb400593db1f4747386a9ad25f5d1459341592dcb886c9ae2dab20a144a8d,included,housing_social_welfare_leaf,1.0.0,social_welfare,1.0.0,metric,upper_bound_gap,,135.37999999999988,utility_points,{},ok,valid,[],"[""event_00000255""]",evaluation_receipt,episode_attempt_e042ee18a173d66cb685,c6ccb400593db1f4747386a9ad25f5d1459341592dcb886c9ae2dab20a144a8d,true
result_2641916bdd6518f7a47682d7,runplan_12eea7f2d1cc0300,cell_ab8014343093f9b2b4ce,housing_v1__experiment__000003,housing_v1,housing_controlled_model_landlords_experiment,episode_attempt_e042ee18a173d66cb685,c6ccb400593db1f4747386a9ad25f5d1459341592dcb886c9ae2dab20a144a8d,included,housing_social_welfare_leaf,1.0.0,social_welfare,1.0.0,metric,wasted_contacts,,7.0,count,{},ok,valid,[],"[""event_00000255""]",evaluation_receipt,episode_attempt_e042ee18a173d66cb685,c6ccb400593db1f4747386a9ad25f5d1459341592dcb886c9ae2dab20a144a8d,true
result_232ba9e6c2ba380ad83cffbc,runplan_12eea7f2d1cc0300,cell_ab8014343093f9b2b4ce,housing_v1__experiment__000003,housing_v1,housing_controlled_model_landlords_experiment,episode_attempt_e042ee18a173d66cb685,c6ccb400593db1f4747386a9ad25f5d1459341592dcb886c9ae2dab20a144a8d,included,housing_social_welfare_leaf,1.0.0,social_welfare,1.0.0,metric,within_case_score,,0.936446685256645,ratio,{},ok,valid,[],"[""event_00000255""]",evaluation_receipt,episode_attempt_e042ee18a173d66cb685,c6ccb400593db1f4747386a9ad25f5d1459341592dcb886c9ae2dab20a144a8d,true
result_232e40c74806d481235fccbf,runplan_12eea7f2d1cc0300,cell_ab8014343093f9b2b4ce,housing_v1__experiment__000003,housing_v1,housing_controlled_model_landlords_experiment,episode_attempt_e042ee18a173d66cb685,c6ccb400593db1f4747386a9ad25f5d1459341592dcb886c9ae2dab20a144a8d,included,housing_social_welfare_leaf,1.0.0,social_welfare,1.0.0,reference,comparison_baseline,,1994.8,utility_points,"{""policy"":""naive"",""reference_kind"":""comparison_baseline""}",ok,valid,[],"[""event_00000255""]",evaluation_receipt,episode_attempt_e042ee18a173d66cb685,c6ccb400593db1f4747386a9ad25f5d1459341592dcb886c9ae2dab20a144a8d,true
result_6cc8e51effc920656adafab0,runplan_12eea7f2d1cc0300,cell_ab8014343093f9b2b4ce,housing_v1__experiment__000003,housing_v1,housing_controlled_model_landlords_experiment,episode_attempt_e042ee18a173d66cb685,c6ccb400593db1f4747386a9ad25f5d1459341592dcb886c9ae2dab20a144a8d,included,housing_social_welfare_leaf,1.0.0,social_welfare,1.0.0,reference,optimum_lower_bound,,0.0,utility_points,"{""policy"":""do_nothing"",""reference_kind"":""objective_lower_bound""}",ok,valid,[],"[""event_00000255""]",evaluation_receipt,episode_attempt_e042ee18a173d66cb685,c6ccb400593db1f4747386a9ad25f5d1459341592dcb886c9ae2dab20a144a8d,true
result_859a11e67b3f18d7f0833765,runplan_12eea7f2d1cc0300,cell_ab8014343093f9b2b4ce,housing_v1__experiment__000003,housing_v1,housing_controlled_model_landlords_experiment,episode_attempt_e042ee18a173d66cb685,c6ccb400593db1f4747386a9ad25f5d1459341592dcb886c9ae2dab20a144a8d,included,housing_social_welfare_leaf,1.0.0,social_welfare,1.0.0,reference,optimum_upper_bound,,2130.18,utility_points,"{""reference_kind"":""objective_upper_bound"",""semantics"":""full_information_allocation_relaxation""}",ok,valid,[],"[""event_00000255""]",evaluation_receipt,episode_attempt_e042ee18a173d66cb685,c6ccb400593db1f4747386a9ad25f5d1459341592dcb886c9ae2dab20a144a8d,true
result_f74b40155416d6af09350a98,runplan_12eea7f2d1cc0300,cell_ab8014343093f9b2b4ce,housing_v1__experiment__000003,housing_v1,housing_controlled_model_landlords_experiment,episode_attempt_e042ee18a173d66cb685,c6ccb400593db1f4747386a9ad25f5d1459341592dcb886c9ae2dab20a144a8d,included,housing_social_welfare_leaf,1.0.0,social_welfare,1.0.0,utility,landlord_0,landlord_0,0.0,utility_points,"{""disagreement_utility"":0.0}",ok,valid,[],"[""event_00000255""]",evaluation_receipt,episode_attempt_e042ee18a173d66cb685,c6ccb400593db1f4747386a9ad25f5d1459341592dcb886c9ae2dab20a144a8d,true
result_598ff589000e542e01361183,runplan_12eea7f2d1cc0300,cell_ab8014343093f9b2b4ce,housing_v1__experiment__000003,housing_v1,housing_controlled_model_landlords_experiment,episode_attempt_e042ee18a173d66cb685,c6ccb400593db1f4747386a9ad25f5d1459341592dcb886c9ae2dab20a144a8d,included,housing_social_welfare_leaf,1.0.0,social_welfare,1.0.0,utility,landlord_1,landlord_1,0.0,utility_points,"{""disagreement_utility"":0.0}",ok,valid,[],"[""event_00000255""]",evaluation_receipt,episode_attempt_e042ee18a173d66cb685,c6ccb400593db1f4747386a9ad25f5d1459341592dcb886c9ae2dab20a144a8d,true
result_c96bc820a5eaf392aa45c9b7,runplan_12eea7f2d1cc0300,cell_ab8014343093f9b2b4ce,housing_v1__experiment__000003,housing_v1,housing_controlled_model_landlords_experiment,episode_attempt_e042ee18a173d66cb685,c6ccb400593db1f4747386a9ad25f5d1459341592dcb886c9ae2dab20a144a8d,included,housing_social_welfare_leaf,1.0.0,social_welfare,1.0.0,utility,landlord_2,landlord_2,76.96,utility_points,"{""disagreement_utility"":0.0}",ok,valid,[],"[""event_00000255""]",evaluation_receipt,episode_attempt_e042ee18a173d66cb685,c6ccb400593db1f4747386a9ad25f5d1459341592dcb886c9ae2dab20a144a8d,true
result_b32a7a0aab524bcbb5bd67d0,runplan_12eea7f2d1cc0300,cell_ab8014343093f9b2b4ce,housing_v1__experiment__000003,housing_v1,housing_controlled_model_landlords_experiment,episode_attempt_e042ee18a173d66cb685,c6ccb400593db1f4747386a9ad25f5d1459341592dcb886c9ae2dab20a144a8d,included,housing_social_welfare_leaf,1.0.0,social_welfare,1.0.0,utility,landlord_3,landlord_3,54.11,utility_points,"{""disagreement_utility"":0.0}",ok,valid,[],"[""event_00000255""]",evaluation_receipt,episode_attempt_e042ee18a173d66cb685,c6ccb400593db1f4747386a9ad25f5d1459341592dcb886c9ae2dab20a144a8d,true
result_30cc3c40251878bd717e2d49,runplan_12eea7f2d1cc0300,cell_ab8014343093f9b2b4ce,housing_v1__experiment__000003,housing_v1,housing_controlled_model_landlords_experiment,episode_attempt_e042ee18a173d66cb685,c6ccb400593db1f4747386a9ad25f5d1459341592dcb886c9ae2dab20a144a8d,included,housing_social_welfare_leaf,1.0.0,social_welfare,1.0.0,utility,landlord_4,landlord_4,87.85,utility_points,"{""disagreement_utility"":0.0}",ok,valid,[],"[""event_00000255""]",evaluation_receipt,episode_attempt_e042ee18a173d66cb685,c6ccb400593db1f4747386a9ad25f5d1459341592dcb886c9ae2dab20a144a8d,true
result_2cf420573678fa8f4a7e52d7,runplan_12eea7f2d1cc0300,cell_ab8014343093f9b2b4ce,housing_v1__experiment__000003,housing_v1,housing_controlled_model_landlords_experiment,episode_attempt_e042ee18a173d66cb685,c6ccb400593db1f4747386a9ad25f5d1459341592dcb886c9ae2dab20a144a8d,included,housing_social_welfare_leaf,1.0.0,social_welfare,1.0.0,utility,tenant_0,tenant_0,607.86,utility_points,"{""disagreement_utility"":0.0}",ok,valid,[],"[""event_00000255""]",evaluation_receipt,episode_attempt_e042ee18a173d66cb685,c6ccb400593db1f4747386a9ad25f5d1459341592dcb886c9ae2dab20a144a8d,true
result_e61c16908374a99fa3ff5263,runplan_12eea7f2d1cc0300,cell_ab8014343093f9b2b4ce,housing_v1__experiment__000003,housing_v1,housing_controlled_model_landlords_experiment,episode_attempt_e042ee18a173d66cb685,c6ccb400593db1f4747386a9ad25f5d1459341592dcb886c9ae2dab20a144a8d,included,housing_social_welfare_leaf,1.0.0,social_welfare,1.0.0,utility,tenant_1,tenant_1,520.96,utility_points,"{""disagreement_utility"":0.0}",ok,valid,[],"[""event_00000255""]",evaluation_receipt,episode_attempt_e042ee18a173d66cb685,c6ccb400593db1f4747386a9ad25f5d1459341592dcb886c9ae2dab20a144a8d,true
result_5b2f6a270b12e06e2200d592,runplan_12eea7f2d1cc0300,cell_ab8014343093f9b2b4ce,housing_v1__experiment__000003,housing_v1,housing_controlled_model_landlords_experiment,episode_attempt_e042ee18a173d66cb685,c6ccb400593db1f4747386a9ad25f5d1459341592dcb886c9ae2dab20a144a8d,included,housing_social_welfare_leaf,1.0.0,social_welfare,1.0.0,utility,tenant_2,tenant_2,0.0,utility_points,"{""disagreement_utility"":0.0}",ok,valid,[],"[""event_00000255""]",evaluation_receipt,episode_attempt_e042ee18a173d66cb685,c6ccb400593db1f4747386a9ad25f5d1459341592dcb886c9ae2dab20a144a8d,true
result_0c47f04aefd7afc33aae4981,runplan_12eea7f2d1cc0300,cell_ab8014343093f9b2b4ce,housing_v1__experiment__000003,housing_v1,housing_controlled_model_landlords_experiment,episode_attempt_e042ee18a173d66cb685,c6ccb400593db1f4747386a9ad25f5d1459341592dcb886c9ae2dab20a144a8d,included,housing_social_welfare_leaf,1.0.0,social_welfare,1.0.0,utility,tenant_3,tenant_3,647.06,utility_points,"{""disagreement_utility"":0.0}",ok,valid,[],"[""event_00000255""]",evaluation_receipt,episode_attempt_e042ee18a173d66cb685,c6ccb400593db1f4747386a9ad25f5d1459341592dcb886c9ae2dab20a144a8d,true
result_3e21a952b057f6eb20855c27,runplan_12eea7f2d1cc0300,cell_ab8014343093f9b2b4ce,housing_v1__experiment__000003,housing_v1,housing_controlled_model_landlords_experiment,episode_attempt_e042ee18a173d66cb685,c6ccb400593db1f4747386a9ad25f5d1459341592dcb886c9ae2dab20a144a8d,included,housing_social_welfare_leaf,1.0.0,social_welfare,1.0.0,utility,tenant_4,tenant_4,0.0,utility_points,"{""disagreement_utility"":0.0}",ok,valid,[],"[""event_00000255""]",evaluation_receipt,episode_attempt_e042ee18a173d66cb685,c6ccb400593db1f4747386a9ad25f5d1459341592dcb886c9ae2dab20a144a8d,true
result_1562b8f7cb0e575eb6f817dc,runplan_12eea7f2d1cc0300,cell_ab8014343093f9b2b4ce,housing_v1__experiment__000003,housing_v1,housing_controlled_model_landlords_experiment,episode_attempt_e042ee18a173d66cb685,c6ccb400593db1f4747386a9ad25f5d1459341592dcb886c9ae2dab20a144a8d,included,housing_social_welfare_leaf,1.0.0,social_welfare,1.0.0,utility,tenant_5,tenant_5,0.0,utility_points,"{""disagreement_utility"":0.0}",ok,valid,[],"[""event_00000255""]",evaluation_receipt,episode_attempt_e042ee18a173d66cb685,c6ccb400593db1f4747386a9ad25f5d1459341592dcb886c9ae2dab20a144a8d,true
result_3ecc2302f40e4e8ff6f51e58,runplan_12eea7f2d1cc0300,cell_ab8014343093f9b2b4ce,housing_v1__experiment__000003,housing_v1,housing_controlled_model_landlords_experiment,episode_attempt_e042ee18a173d66cb685,c6ccb400593db1f4747386a9ad25f5d1459341592dcb886c9ae2dab20a144a8d,included,housing_social_welfare_leaf,1.0.0,social_welfare,1.0.0,capture,landlord_0,landlord_0,0.0,utility_points,"{""disagreement_utility"":0.0}",ok,valid,[],"[""event_00000255""]",evaluation_receipt,episode_attempt_e042ee18a173d66cb685,c6ccb400593db1f4747386a9ad25f5d1459341592dcb886c9ae2dab20a144a8d,true
result_c1ba2fb93a9b4444bee4cfc3,runplan_12eea7f2d1cc0300,cell_ab8014343093f9b2b4ce,housing_v1__experiment__000003,housing_v1,housing_controlled_model_landlords_experiment,episode_attempt_e042ee18a173d66cb685,c6ccb400593db1f4747386a9ad25f5d1459341592dcb886c9ae2dab20a144a8d,included,housing_social_welfare_leaf,1.0.0,social_welfare,1.0.0,capture,landlord_1,landlord_1,0.0,utility_points,"{""disagreement_utility"":0.0}",ok,valid,[],"[""event_00000255""]",evaluation_receipt,episode_attempt_e042ee18a173d66cb685,c6ccb400593db1f4747386a9ad25f5d1459341592dcb886c9ae2dab20a144a8d,true
result_0f60a2a3b915d068a11372d0,runplan_12eea7f2d1cc0300,cell_ab8014343093f9b2b4ce,housing_v1__experiment__000003,housing_v1,housing_controlled_model_landlords_experiment,episode_attempt_e042ee18a173d66cb685,c6ccb400593db1f4747386a9ad25f5d1459341592dcb886c9ae2dab20a144a8d,included,housing_social_welfare_leaf,1.0.0,social_welfare,1.0.0,capture,landlord_2,landlord_2,76.96,utility_points,"{""disagreement_utility"":0.0}",ok,valid,[],"[""event_00000255""]",evaluation_receipt,episode_attempt_e042ee18a173d66cb685,c6ccb400593db1f4747386a9ad25f5d1459341592dcb886c9ae2dab20a144a8d,true
result_e0a0cc8ea64e5e069761bdcc,runplan_12eea7f2d1cc0300,cell_ab8014343093f9b2b4ce,housing_v1__experiment__000003,housing_v1,housing_controlled_model_landlords_experiment,episode_attempt_e042ee18a173d66cb685,c6ccb400593db1f4747386a9ad25f5d1459341592dcb886c9ae2dab20a144a8d,included,housing_social_welfare_leaf,1.0.0,social_welfare,1.0.0,capture,landlord_3,landlord_3,54.11,utility_points,"{""disagreement_utility"":0.0}",ok,valid,[],"[""event_00000255""]",evaluation_receipt,episode_attempt_e042ee18a173d66cb685,c6ccb400593db1f4747386a9ad25f5d1459341592dcb886c9ae2dab20a144a8d,true
result_c5a269be272fd99609713125,runplan_12eea7f2d1cc0300,cell_ab8014343093f9b2b4ce,housing_v1__experiment__000003,housing_v1,housing_controlled_model_landlords_experiment,episode_attempt_e042ee18a173d66cb685,c6ccb400593db1f4747386a9ad25f5d1459341592dcb886c9ae2dab20a144a8d,included,housing_social_welfare_leaf,1.0.0,social_welfare,1.0.0,capture,landlord_4,landlord_4,87.85,utility_points,"{""disagreement_utility"":0.0}",ok,valid,[],"[""event_00000255""]",evaluation_receipt,episode_attempt_e042ee18a173d66cb685,c6ccb400593db1f4747386a9ad25f5d1459341592dcb886c9ae2dab20a144a8d,true
result_c3a90f3a0eae80141e41a258,runplan_12eea7f2d1cc0300,cell_ab8014343093f9b2b4ce,housing_v1__experiment__000003,housing_v1,housing_controlled_model_landlords_experiment,episode_attempt_e042ee18a173d66cb685,c6ccb400593db1f4747386a9ad25f5d1459341592dcb886c9ae2dab20a144a8d,included,housing_social_welfare_leaf,1.0.0,social_welfare,1.0.0,capture,tenant_0,tenant_0,607.86,utility_points,"{""disagreement_utility"":0.0}",ok,valid,[],"[""event_00000255""]",evaluation_receipt,episode_attempt_e042ee18a173d66cb685,c6ccb400593db1f4747386a9ad25f5d1459341592dcb886c9ae2dab20a144a8d,true
result_6f03b6c62a8f3255babfda5b,runplan_12eea7f2d1cc0300,cell_ab8014343093f9b2b4ce,housing_v1__experiment__000003,housing_v1,housing_controlled_model_landlords_experiment,episode_attempt_e042ee18a173d66cb685,c6ccb400593db1f4747386a9ad25f5d1459341592dcb886c9ae2dab20a144a8d,included,housing_social_welfare_leaf,1.0.0,social_welfare,1.0.0,capture,tenant_1,tenant_1,520.96,utility_points,"{""disagreement_utility"":0.0}",ok,valid,[],"[""event_00000255""]",evaluation_receipt,episode_attempt_e042ee18a173d66cb685,c6ccb400593db1f4747386a9ad25f5d1459341592dcb886c9ae2dab20a144a8d,true
result_25f53dd9f776edf88cb12523,runplan_12eea7f2d1cc0300,cell_ab8014343093f9b2b4ce,housing_v1__experiment__000003,housing_v1,housing_controlled_model_landlords_experiment,episode_attempt_e042ee18a173d66cb685,c6ccb400593db1f4747386a9ad25f5d1459341592dcb886c9ae2dab20a144a8d,included,housing_social_welfare_leaf,1.0.0,social_welfare,1.0.0,capture,tenant_2,tenant_2,0.0,utility_points,"{""disagreement_utility"":0.0}",ok,valid,[],"[""event_00000255""]",evaluation_receipt,episode_attempt_e042ee18a173d66cb685,c6ccb400593db1f4747386a9ad25f5d1459341592dcb886c9ae2dab20a144a8d,true
result_f5fadc2ea09a6bfb06637176,runplan_12eea7f2d1cc0300,cell_ab8014343093f9b2b4ce,housing_v1__experiment__000003,housing_v1,housing_controlled_model_landlords_experiment,episode_attempt_e042ee18a173d66cb685,c6ccb400593db1f4747386a9ad25f5d1459341592dcb886c9ae2dab20a144a8d,included,housing_social_welfare_leaf,1.0.0,social_welfare,1.0.0,capture,tenant_3,tenant_3,647.06,utility_points,"{""disagreement_utility"":0.0}",ok,valid,[],"[""event_00000255""]",evaluation_receipt,episode_attempt_e042ee18a173d66cb685,c6ccb400593db1f4747386a9ad25f5d1459341592dcb886c9ae2dab20a144a8d,true
result_568576fc401a06c12970681c,runplan_12eea7f2d1cc0300,cell_ab8014343093f9b2b4ce,housing_v1__experiment__000003,housing_v1,housing_controlled_model_landlords_experiment,episode_attempt_e042ee18a173d66cb685,c6ccb400593db1f4747386a9ad25f5d1459341592dcb886c9ae2dab20a144a8d,included,housing_social_welfare_leaf,1.0.0,social_welfare,1.0.0,capture,tenant_4,tenant_4,0.0,utility_points,"{""disagreement_utility"":0.0}",ok,valid,[],"[""event_00000255""]",evaluation_receipt,episode_attempt_e042ee18a173d66cb685,c6ccb400593db1f4747386a9ad25f5d1459341592dcb886c9ae2dab20a144a8d,true
result_d39e3d377cc8cad2264a180b,runplan_12eea7f2d1cc0300,cell_ab8014343093f9b2b4ce,housing_v1__experiment__000003,housing_v1,housing_controlled_model_landlords_experiment,episode_attempt_e042ee18a173d66cb685,c6ccb400593db1f4747386a9ad25f5d1459341592dcb886c9ae2dab20a144a8d,included,housing_social_welfare_leaf,1.0.0,social_welfare,1.0.0,capture,tenant_5,tenant_5,0.0,utility_points,"{""disagreement_utility"":0.0}",ok,valid,[],"[""event_00000255""]",evaluation_receipt,episode_attempt_e042ee18a173d66cb685,c6ccb400593db1f4747386a9ad25f5d1459341592dcb886c9ae2dab20a144a8d,true
result_1c158e9c70eeb0d42e108300,runplan_12eea7f2d1cc0300,cell_abdc3ff879532b9c92b1,housing_v1__experiment__000007,housing_v1,housing_controlled_model_landlords_experiment,episode_attempt_9341ba3a856f22047ce3,04fbe9ac6a9990400169793c2b433eab3daaf388d16480ae1df1849ae23e3ea1,included,housing_social_welfare_leaf,1.0.0,social_welfare,1.0.0,primary,social_welfare,,477.18,utility_points,{},ok,valid,[],"[""event_00000273""]",evaluation_receipt,episode_attempt_9341ba3a856f22047ce3,04fbe9ac6a9990400169793c2b433eab3daaf388d16480ae1df1849ae23e3ea1,true
result_bb0fd7b0275c7bfff4a4b862,runplan_12eea7f2d1cc0300,cell_abdc3ff879532b9c92b1,housing_v1__experiment__000007,housing_v1,housing_controlled_model_landlords_experiment,episode_attempt_9341ba3a856f22047ce3,04fbe9ac6a9990400169793c2b433eab3daaf388d16480ae1df1849ae23e3ea1,included,housing_social_welfare_leaf,1.0.0,social_welfare,1.0.0,metric,comparison_baseline_gap,,69.62,utility_points,{},ok,valid,[],"[""event_00000273""]",evaluation_receipt,episode_attempt_9341ba3a856f22047ce3,04fbe9ac6a9990400169793c2b433eab3daaf388d16480ae1df1849ae23e3ea1,true
result_f84692705cb5102290a7e63c,runplan_12eea7f2d1cc0300,cell_abdc3ff879532b9c92b1,housing_v1__experiment__000007,housing_v1,housing_controlled_model_landlords_experiment,episode_attempt_9341ba3a856f22047ce3,04fbe9ac6a9990400169793c2b433eab3daaf388d16480ae1df1849ae23e3ea1,included,housing_social_welfare_leaf,1.0.0,social_welfare,1.0.0,metric,ir_violation_count,,0.0,count,{},ok,valid,[],"[""event_00000273""]",evaluation_receipt,episode_attempt_9341ba3a856f22047ce3,04fbe9ac6a9990400169793c2b433eab3daaf388d16480ae1df1849ae23e3ea1,true
result_33c3df976f90851a4ed63b14,runplan_12eea7f2d1cc0300,cell_abdc3ff879532b9c92b1,housing_v1__experiment__000007,housing_v1,housing_controlled_model_landlords_experiment,episode_attempt_9341ba3a856f22047ce3,04fbe9ac6a9990400169793c2b433eab3daaf388d16480ae1df1849ae23e3ea1,included,housing_social_welfare_leaf,1.0.0,social_welfare,1.0.0,metric,social_welfare,,477.18,utility_points,{},ok,valid,[],"[""event_00000273""]",evaluation_receipt,episode_attempt_9341ba3a856f22047ce3,04fbe9ac6a9990400169793c2b433eab3daaf388d16480ae1df1849ae23e3ea1,true
result_3877fcdff418281584d79874,runplan_12eea7f2d1cc0300,cell_abdc3ff879532b9c92b1,housing_v1__experiment__000007,housing_v1,housing_controlled_model_landlords_experiment,episode_attempt_9341ba3a856f22047ce3,04fbe9ac6a9990400169793c2b433eab3daaf388d16480ae1df1849ae23e3ea1,included,housing_social_welfare_leaf,1.0.0,social_welfare,1.0.0,metric,upper_bound_gap,,206.33999999999997,utility_points,{},ok,valid,[],"[""event_00000273""]",evaluation_receipt,episode_attempt_9341ba3a856f22047ce3,04fbe9ac6a9990400169793c2b433eab3daaf388d16480ae1df1849ae23e3ea1,true
result_af0a4a1df54d0bf235170ac9,runplan_12eea7f2d1cc0300,cell_abdc3ff879532b9c92b1,housing_v1__experiment__000007,housing_v1,housing_controlled_model_landlords_experiment,episode_attempt_9341ba3a856f22047ce3,04fbe9ac6a9990400169793c2b433eab3daaf388d16480ae1df1849ae23e3ea1,included,housing_social_welfare_leaf,1.0.0,social_welfare,1.0.0,metric,wasted_contacts,,8.0,count,{},ok,valid,[],"[""event_00000273""]",evaluation_receipt,episode_attempt_9341ba3a856f22047ce3,04fbe9ac6a9990400169793c2b433eab3daaf388d16480ae1df1849ae23e3ea1,true
result_908ca6c4d3fd084bc72711db,runplan_12eea7f2d1cc0300,cell_abdc3ff879532b9c92b1,housing_v1__experiment__000007,housing_v1,housing_controlled_model_landlords_experiment,episode_attempt_9341ba3a856f22047ce3,04fbe9ac6a9990400169793c2b433eab3daaf388d16480ae1df1849ae23e3ea1,included,housing_social_welfare_leaf,1.0.0,social_welfare,1.0.0,metric,within_case_score,,0.698121488764045,ratio,{},ok,valid,[],"[""event_00000273""]",evaluation_receipt,episode_attempt_9341ba3a856f22047ce3,04fbe9ac6a9990400169793c2b433eab3daaf388d16480ae1df1849ae23e3ea1,true
result_bc5f7913760b2f7f47d846c8,runplan_12eea7f2d1cc0300,cell_abdc3ff879532b9c92b1,housing_v1__experiment__000007,housing_v1,housing_controlled_model_landlords_experiment,episode_attempt_9341ba3a856f22047ce3,04fbe9ac6a9990400169793c2b433eab3daaf388d16480ae1df1849ae23e3ea1,included,housing_social_welfare_leaf,1.0.0,social_welfare,1.0.0,reference,comparison_baseline,,407.56,utility_points,"{""policy"":""naive"",""reference_kind"":""comparison_baseline""}",ok,valid,[],"[""event_00000273""]",evaluation_receipt,episode_attempt_9341ba3a856f22047ce3,04fbe9ac6a9990400169793c2b433eab3daaf388d16480ae1df1849ae23e3ea1,true
result_312a1ec10c17cbf523e8fc88,runplan_12eea7f2d1cc0300,cell_abdc3ff879532b9c92b1,housing_v1__experiment__000007,housing_v1,housing_controlled_model_landlords_experiment,episode_attempt_9341ba3a856f22047ce3,04fbe9ac6a9990400169793c2b433eab3daaf388d16480ae1df1849ae23e3ea1,included,housing_social_welfare_leaf,1.0.0,social_welfare,1.0.0,reference,optimum_lower_bound,,0.0,utility_points,"{""policy"":""do_nothing"",""reference_kind"":""objective_lower_bound""}",ok,valid,[],"[""event_00000273""]",evaluation_receipt,episode_attempt_9341ba3a856f22047ce3,04fbe9ac6a9990400169793c2b433eab3daaf388d16480ae1df1849ae23e3ea1,true
result_9bb15fba8ab81f432f94dfc5,runplan_12eea7f2d1cc0300,cell_abdc3ff879532b9c92b1,housing_v1__experiment__000007,housing_v1,housing_controlled_model_landlords_experiment,episode_attempt_9341ba3a856f22047ce3,04fbe9ac6a9990400169793c2b433eab3daaf388d16480ae1df1849ae23e3ea1,included,housing_social_welfare_leaf,1.0.0,social_welfare,1.0.0,reference,optimum_upper_bound,,683.52,utility_points,"{""reference_kind"":""objective_upper_bound"",""semantics"":""full_information_allocation_relaxation""}",ok,valid,[],"[""event_00000273""]",evaluation_receipt,episode_attempt_9341ba3a856f22047ce3,04fbe9ac6a9990400169793c2b433eab3daaf388d16480ae1df1849ae23e3ea1,true
result_f08d657648c88e5808a8ca4f,runplan_12eea7f2d1cc0300,cell_abdc3ff879532b9c92b1,housing_v1__experiment__000007,housing_v1,housing_controlled_model_landlords_experiment,episode_attempt_9341ba3a856f22047ce3,04fbe9ac6a9990400169793c2b433eab3daaf388d16480ae1df1849ae23e3ea1,included,housing_social_welfare_leaf,1.0.0,social_welfare,1.0.0,utility,landlord_0,landlord_0,58.64,utility_points,"{""disagreement_utility"":0.0}",ok,valid,[],"[""event_00000273""]",evaluation_receipt,episode_attempt_9341ba3a856f22047ce3,04fbe9ac6a9990400169793c2b433eab3daaf388d16480ae1df1849ae23e3ea1,true
result_40869039d7b837454b225e3f,runplan_12eea7f2d1cc0300,cell_abdc3ff879532b9c92b1,housing_v1__experiment__000007,housing_v1,housing_controlled_model_landlords_experiment,episode_attempt_9341ba3a856f22047ce3,04fbe9ac6a9990400169793c2b433eab3daaf388d16480ae1df1849ae23e3ea1,included,housing_social_welfare_leaf,1.0.0,social_welfare,1.0.0,utility,landlord_1,landlord_1,0.0,utility_points,"{""disagreement_utility"":0.0}",ok,valid,[],"[""event_00000273""]",evaluation_receipt,episode_attempt_9341ba3a856f22047ce3,04fbe9ac6a9990400169793c2b433eab3daaf388d16480ae1df1849ae23e3ea1,true
result_01c19ba13e02e0b1848afa0c,runplan_12eea7f2d1cc0300,cell_abdc3ff879532b9c92b1,housing_v1__experiment__000007,housing_v1,housing_controlled_model_landlords_experiment,episode_attempt_9341ba3a856f22047ce3,04fbe9ac6a9990400169793c2b433eab3daaf388d16480ae1df1849ae23e3ea1,included,housing_social_welfare_leaf,1.0.0,social_welfare,1.0.0,utility,landlord_2,landlord_2,0.0,utility_points,"{""disagreement_utility"":0.0}",ok,valid,[],"[""event_00000273""]",evaluation_receipt,episode_attempt_9341ba3a856f22047ce3,04fbe9ac6a9990400169793c2b433eab3daaf388d16480ae1df1849ae23e3ea1,true
result_a7aac6b71db220680b98e348,runplan_12eea7f2d1cc0300,cell_abdc3ff879532b9c92b1,housing_v1__experiment__000007,housing_v1,housing_controlled_model_landlords_experiment,episode_attempt_9341ba3a856f22047ce3,04fbe9ac6a9990400169793c2b433eab3daaf388d16480ae1df1849ae23e3ea1,included,housing_social_welfare_leaf,1.0.0,social_welfare,1.0.0,utility,landlord_3,landlord_3,124.7,utility_points,"{""disagreement_utility"":0.0}",ok,valid,[],"[""event_00000273""]",evaluation_receipt,episode_attempt_9341ba3a856f22047ce3,04fbe9ac6a9990400169793c2b433eab3daaf388d16480ae1df1849ae23e3ea1,true
result_ee96a10bd1d11f90f6b17f82,runplan_12eea7f2d1cc0300,cell_abdc3ff879532b9c92b1,housing_v1__experiment__000007,housing_v1,housing_controlled_model_landlords_experiment,episode_attempt_9341ba3a856f22047ce3,04fbe9ac6a9990400169793c2b433eab3daaf388d16480ae1df1849ae23e3ea1,included,housing_social_welfare_leaf,1.0.0,social_welfare,1.0.0,utility,landlord_4,landlord_4,38.4,utility_points,"{""disagreement_utility"":0.0}",ok,valid,[],"[""event_00000273""]",evaluation_receipt,episode_attempt_9341ba3a856f22047ce3,04fbe9ac6a9990400169793c2b433eab3daaf388d16480ae1df1849ae23e3ea1,true
result_4a1671222ff72a63c409c1d0,runplan_12eea7f2d1cc0300,cell_abdc3ff879532b9c92b1,housing_v1__experiment__000007,housing_v1,housing_controlled_model_landlords_experiment,episode_attempt_9341ba3a856f22047ce3,04fbe9ac6a9990400169793c2b433eab3daaf388d16480ae1df1849ae23e3ea1,included,housing_social_welfare_leaf,1.0.0,social_welfare,1.0.0,utility,tenant_0,tenant_0,118.84,utility_points,"{""disagreement_utility"":0.0}",ok,valid,[],"[""event_00000273""]",evaluation_receipt,episode_attempt_9341ba3a856f22047ce3,04fbe9ac6a9990400169793c2b433eab3daaf388d16480ae1df1849ae23e3ea1,true
result_682efb83a55f3b1187ebde77,runplan_12eea7f2d1cc0300,cell_abdc3ff879532b9c92b1,housing_v1__experiment__000007,housing_v1,housing_controlled_model_landlords_experiment,episode_attempt_9341ba3a856f22047ce3,04fbe9ac6a9990400169793c2b433eab3daaf388d16480ae1df1849ae23e3ea1,included,housing_social_welfare_leaf,1.0.0,social_welfare,1.0.0,utility,tenant_1,tenant_1,0.0,utility_points,"{""disagreement_utility"":0.0}",ok,valid,[],"[""event_00000273""]",evaluation_receipt,episode_attempt_9341ba3a856f22047ce3,04fbe9ac6a9990400169793c2b433eab3daaf388d16480ae1df1849ae23e3ea1,true
result_74bd8ca88a5385ece4d130e3,runplan_12eea7f2d1cc0300,cell_abdc3ff879532b9c92b1,housing_v1__experiment__000007,housing_v1,housing_controlled_model_landlords_experiment,episode_attempt_9341ba3a856f22047ce3,04fbe9ac6a9990400169793c2b433eab3daaf388d16480ae1df1849ae23e3ea1,included,housing_social_welfare_leaf,1.0.0,social_welfare,1.0.0,utility,tenant_2,tenant_2,59.26,utility_points,"{""disagreement_utility"":0.0}",ok,valid,[],"[""event_00000273""]",evaluation_receipt,episode_attempt_9341ba3a856f22047ce3,04fbe9ac6a9990400169793c2b433eab3daaf388d16480ae1df1849ae23e3ea1,true
result_ee25081b058823c031b6b52a,runplan_12eea7f2d1cc0300,cell_abdc3ff879532b9c92b1,housing_v1__experiment__000007,housing_v1,housing_controlled_model_landlords_experiment,episode_attempt_9341ba3a856f22047ce3,04fbe9ac6a9990400169793c2b433eab3daaf388d16480ae1df1849ae23e3ea1,included,housing_social_welfare_leaf,1.0.0,social_welfare,1.0.0,utility,tenant_3,tenant_3,77.34,utility_points,"{""disagreement_utility"":0.0}",ok,valid,[],"[""event_00000273""]",evaluation_receipt,episode_attempt_9341ba3a856f22047ce3,04fbe9ac6a9990400169793c2b433eab3daaf388d16480ae1df1849ae23e3ea1,true
result_7e1648bb23202b1df76c1cdb,runplan_12eea7f2d1cc0300,cell_abdc3ff879532b9c92b1,housing_v1__experiment__000007,housing_v1,housing_controlled_model_landlords_experiment,episode_attempt_9341ba3a856f22047ce3,04fbe9ac6a9990400169793c2b433eab3daaf388d16480ae1df1849ae23e3ea1,included,housing_social_welfare_leaf,1.0.0,social_welfare,1.0.0,utility,tenant_4,tenant_4,0.0,utility_points,"{""disagreement_utility"":0.0}",ok,valid,[],"[""event_00000273""]",evaluation_receipt,episode_attempt_9341ba3a856f22047ce3,04fbe9ac6a9990400169793c2b433eab3daaf388d16480ae1df1849ae23e3ea1,true
result_3696dfd923e6faeafe07061f,runplan_12eea7f2d1cc0300,cell_abdc3ff879532b9c92b1,housing_v1__experiment__000007,housing_v1,housing_controlled_model_landlords_experiment,episode_attempt_9341ba3a856f22047ce3,04fbe9ac6a9990400169793c2b433eab3daaf388d16480ae1df1849ae23e3ea1,included,housing_social_welfare_leaf,1.0.0,social_welfare,1.0.0,utility,tenant_5,tenant_5,0.0,utility_points,"{""disagreement_utility"":0.0}",ok,valid,[],"[""event_00000273""]",evaluation_receipt,episode_attempt_9341ba3a856f22047ce3,04fbe9ac6a9990400169793c2b433eab3daaf388d16480ae1df1849ae23e3ea1,true
result_6c1833ee64e47625ba8d6740,runplan_12eea7f2d1cc0300,cell_abdc3ff879532b9c92b1,housing_v1__experiment__000007,housing_v1,housing_controlled_model_landlords_experiment,episode_attempt_9341ba3a856f22047ce3,04fbe9ac6a9990400169793c2b433eab3daaf388d16480ae1df1849ae23e3ea1,included,housing_social_welfare_leaf,1.0.0,social_welfare,1.0.0,capture,landlord_0,landlord_0,58.64,utility_points,"{""disagreement_utility"":0.0}",ok,valid,[],"[""event_00000273""]",evaluation_receipt,episode_attempt_9341ba3a856f22047ce3,04fbe9ac6a9990400169793c2b433eab3daaf388d16480ae1df1849ae23e3ea1,true
result_6d254c4d51cd0654279211b8,runplan_12eea7f2d1cc0300,cell_abdc3ff879532b9c92b1,housing_v1__experiment__000007,housing_v1,housing_controlled_model_landlords_experiment,episode_attempt_9341ba3a856f22047ce3,04fbe9ac6a9990400169793c2b433eab3daaf388d16480ae1df1849ae23e3ea1,included,housing_social_welfare_leaf,1.0.0,social_welfare,1.0.0,capture,landlord_1,landlord_1,0.0,utility_points,"{""disagreement_utility"":0.0}",ok,valid,[],"[""event_00000273""]",evaluation_receipt,episode_attempt_9341ba3a856f22047ce3,04fbe9ac6a9990400169793c2b433eab3daaf388d16480ae1df1849ae23e3ea1,true
result_d64f5c23de5460a4285bf56c,runplan_12eea7f2d1cc0300,cell_abdc3ff879532b9c92b1,housing_v1__experiment__000007,housing_v1,housing_controlled_model_landlords_experiment,episode_attempt_9341ba3a856f22047ce3,04fbe9ac6a9990400169793c2b433eab3daaf388d16480ae1df1849ae23e3ea1,included,housing_social_welfare_leaf,1.0.0,social_welfare,1.0.0,capture,landlord_2,landlord_2,0.0,utility_points,"{""disagreement_utility"":0.0}",ok,valid,[],"[""event_00000273""]",evaluation_receipt,episode_attempt_9341ba3a856f22047ce3,04fbe9ac6a9990400169793c2b433eab3daaf388d16480ae1df1849ae23e3ea1,true
result_c9ef1f4e1cf427d5f3a803a0,runplan_12eea7f2d1cc0300,cell_abdc3ff879532b9c92b1,housing_v1__experiment__000007,housing_v1,housing_controlled_model_landlords_experiment,episode_attempt_9341ba3a856f22047ce3,04fbe9ac6a9990400169793c2b433eab3daaf388d16480ae1df1849ae23e3ea1,included,housing_social_welfare_leaf,1.0.0,social_welfare,1.0.0,capture,landlord_3,landlord_3,124.7,utility_points,"{""disagreement_utility"":0.0}",ok,valid,[],"[""event_00000273""]",evaluation_receipt,episode_attempt_9341ba3a856f22047ce3,04fbe9ac6a9990400169793c2b433eab3daaf388d16480ae1df1849ae23e3ea1,true
result_13649d7b7d82074dc796269e,runplan_12eea7f2d1cc0300,cell_abdc3ff879532b9c92b1,housing_v1__experiment__000007,housing_v1,housing_controlled_model_landlords_experiment,episode_attempt_9341ba3a856f22047ce3,04fbe9ac6a9990400169793c2b433eab3daaf388d16480ae1df1849ae23e3ea1,included,housing_social_welfare_leaf,1.0.0,social_welfare,1.0.0,capture,landlord_4,landlord_4,38.4,utility_points,"{""disagreement_utility"":0.0}",ok,valid,[],"[""event_00000273""]",evaluation_receipt,episode_attempt_9341ba3a856f22047ce3,04fbe9ac6a9990400169793c2b433eab3daaf388d16480ae1df1849ae23e3ea1,true
result_58fcbcee7b170fe43da29956,runplan_12eea7f2d1cc0300,cell_abdc3ff879532b9c92b1,housing_v1__experiment__000007,housing_v1,housing_controlled_model_landlords_experiment,episode_attempt_9341ba3a856f22047ce3,04fbe9ac6a9990400169793c2b433eab3daaf388d16480ae1df1849ae23e3ea1,included,housing_social_welfare_leaf,1.0.0,social_welfare,1.0.0,capture,tenant_0,tenant_0,118.84,utility_points,"{""disagreement_utility"":0.0}",ok,valid,[],"[""event_00000273""]",evaluation_receipt,episode_attempt_9341ba3a856f22047ce3,04fbe9ac6a9990400169793c2b433eab3daaf388d16480ae1df1849ae23e3ea1,true
result_b980ffc7c2dd4db234deb8e5,runplan_12eea7f2d1cc0300,cell_abdc3ff879532b9c92b1,housing_v1__experiment__000007,housing_v1,housing_controlled_model_landlords_experiment,episode_attempt_9341ba3a856f22047ce3,04fbe9ac6a9990400169793c2b433eab3daaf388d16480ae1df1849ae23e3ea1,included,housing_social_welfare_leaf,1.0.0,social_welfare,1.0.0,capture,tenant_1,tenant_1,0.0,utility_points,"{""disagreement_utility"":0.0}",ok,valid,[],"[""event_00000273""]",evaluation_receipt,episode_attempt_9341ba3a856f22047ce3,04fbe9ac6a9990400169793c2b433eab3daaf388d16480ae1df1849ae23e3ea1,true
result_7776dfd7b0da6ee9e4a15cb3,runplan_12eea7f2d1cc0300,cell_abdc3ff879532b9c92b1,housing_v1__experiment__000007,housing_v1,housing_controlled_model_landlords_experiment,episode_attempt_9341ba3a856f22047ce3,04fbe9ac6a9990400169793c2b433eab3daaf388d16480ae1df1849ae23e3ea1,included,housing_social_welfare_leaf,1.0.0,social_welfare,1.0.0,capture,tenant_2,tenant_2,59.26,utility_points,"{""disagreement_utility"":0.0}",ok,valid,[],"[""event_00000273""]",evaluation_receipt,episode_attempt_9341ba3a856f22047ce3,04fbe9ac6a9990400169793c2b433eab3daaf388d16480ae1df1849ae23e3ea1,true
result_35b98f2bf08b5fd972fc0af5,runplan_12eea7f2d1cc0300,cell_abdc3ff879532b9c92b1,housing_v1__experiment__000007,housing_v1,housing_controlled_model_landlords_experiment,episode_attempt_9341ba3a856f22047ce3,04fbe9ac6a9990400169793c2b433eab3daaf388d16480ae1df1849ae23e3ea1,included,housing_social_welfare_leaf,1.0.0,social_welfare,1.0.0,capture,tenant_3,tenant_3,77.34,utility_points,"{""disagreement_utility"":0.0}",ok,valid,[],"[""event_00000273""]",evaluation_receipt,episode_attempt_9341ba3a856f22047ce3,04fbe9ac6a9990400169793c2b433eab3daaf388d16480ae1df1849ae23e3ea1,true
result_0f6c7b7b9b3d5033df48108f,runplan_12eea7f2d1cc0300,cell_abdc3ff879532b9c92b1,housing_v1__experiment__000007,housing_v1,housing_controlled_model_landlords_experiment,episode_attempt_9341ba3a856f22047ce3,04fbe9ac6a9990400169793c2b433eab3daaf388d16480ae1df1849ae23e3ea1,included,housing_social_welfare_leaf,1.0.0,social_welfare,1.0.0,capture,tenant_4,tenant_4,0.0,utility_points,"{""disagreement_utility"":0.0}",ok,valid,[],"[""event_00000273""]",evaluation_receipt,episode_attempt_9341ba3a856f22047ce3,04fbe9ac6a9990400169793c2b433eab3daaf388d16480ae1df1849ae23e3ea1,true
result_b4878a45d9cb4c260147ccd6,runplan_12eea7f2d1cc0300,cell_abdc3ff879532b9c92b1,housing_v1__experiment__000007,housing_v1,housing_controlled_model_landlords_experiment,episode_attempt_9341ba3a856f22047ce3,04fbe9ac6a9990400169793c2b433eab3daaf388d16480ae1df1849ae23e3ea1,included,housing_social_welfare_leaf,1.0.0,social_welfare,1.0.0,capture,tenant_5,tenant_5,0.0,utility_points,"{""disagreement_utility"":0.0}",ok,valid,[],"[""event_00000273""]",evaluation_receipt,episode_attempt_9341ba3a856f22047ce3,04fbe9ac6a9990400169793c2b433eab3daaf388d16480ae1df1849ae23e3ea1,true
result_27a8c7fe283ca362d4015cd8,runplan_12eea7f2d1cc0300,cell_b19daa106873dfd6ff16,housing_v1__experiment__000007,housing_v1,housing_controlled_model_landlords_experiment,episode_attempt_9685234b83f3382851aa,8a4a6f313174a735d8ff1f05c998ace3ede82de2be64f0fc7580d8a8189bb0a1,included,housing_social_welfare_leaf,1.0.0,social_welfare,1.0.0,primary,social_welfare,,438.72,utility_points,{},ok,valid,[],"[""event_00000303""]",evaluation_receipt,episode_attempt_9685234b83f3382851aa,8a4a6f313174a735d8ff1f05c998ace3ede82de2be64f0fc7580d8a8189bb0a1,true
result_38ecb211b525d4794b6d310d,runplan_12eea7f2d1cc0300,cell_b19daa106873dfd6ff16,housing_v1__experiment__000007,housing_v1,housing_controlled_model_landlords_experiment,episode_attempt_9685234b83f3382851aa,8a4a6f313174a735d8ff1f05c998ace3ede82de2be64f0fc7580d8a8189bb0a1,included,housing_social_welfare_leaf,1.0.0,social_welfare,1.0.0,metric,comparison_baseline_gap,,31.160000000000025,utility_points,{},ok,valid,[],"[""event_00000303""]",evaluation_receipt,episode_attempt_9685234b83f3382851aa,8a4a6f313174a735d8ff1f05c998ace3ede82de2be64f0fc7580d8a8189bb0a1,true
result_3761e8f8d9a15eccc736254c,runplan_12eea7f2d1cc0300,cell_b19daa106873dfd6ff16,housing_v1__experiment__000007,housing_v1,housing_controlled_model_landlords_experiment,episode_attempt_9685234b83f3382851aa,8a4a6f313174a735d8ff1f05c998ace3ede82de2be64f0fc7580d8a8189bb0a1,included,housing_social_welfare_leaf,1.0.0,social_welfare,1.0.0,metric,ir_violation_count,,0.0,count,{},ok,valid,[],"[""event_00000303""]",evaluation_receipt,episode_attempt_9685234b83f3382851aa,8a4a6f313174a735d8ff1f05c998ace3ede82de2be64f0fc7580d8a8189bb0a1,true
result_9234412efa04abcb0bb94cdc,runplan_12eea7f2d1cc0300,cell_b19daa106873dfd6ff16,housing_v1__experiment__000007,housing_v1,housing_controlled_model_landlords_experiment,episode_attempt_9685234b83f3382851aa,8a4a6f313174a735d8ff1f05c998ace3ede82de2be64f0fc7580d8a8189bb0a1,included,housing_social_welfare_leaf,1.0.0,social_welfare,1.0.0,metric,social_welfare,,438.72,utility_points,{},ok,valid,[],"[""event_00000303""]",evaluation_receipt,episode_attempt_9685234b83f3382851aa,8a4a6f313174a735d8ff1f05c998ace3ede82de2be64f0fc7580d8a8189bb0a1,true
result_d967643b4fc2b20542238e6d,runplan_12eea7f2d1cc0300,cell_b19daa106873dfd6ff16,housing_v1__experiment__000007,housing_v1,housing_controlled_model_landlords_experiment,episode_attempt_9685234b83f3382851aa,8a4a6f313174a735d8ff1f05c998ace3ede82de2be64f0fc7580d8a8189bb0a1,included,housing_social_welfare_leaf,1.0.0,social_welfare,1.0.0,metric,upper_bound_gap,,244.79999999999995,utility_points,{},ok,valid,[],"[""event_00000303""]",evaluation_receipt,episode_attempt_9685234b83f3382851aa,8a4a6f313174a735d8ff1f05c998ace3ede82de2be64f0fc7580d8a8189bb0a1,true
result_e7d71a5271018ace7b9417dc,runplan_12eea7f2d1cc0300,cell_b19daa106873dfd6ff16,housing_v1__experiment__000007,housing_v1,housing_controlled_model_landlords_experiment,episode_attempt_9685234b83f3382851aa,8a4a6f313174a735d8ff1f05c998ace3ede82de2be64f0fc7580d8a8189bb0a1,included,housing_social_welfare_leaf,1.0.0,social_welfare,1.0.0,metric,wasted_contacts,,7.0,count,{},ok,valid,[],"[""event_00000303""]",evaluation_receipt,episode_attempt_9685234b83f3382851aa,8a4a6f313174a735d8ff1f05c998ace3ede82de2be64f0fc7580d8a8189bb0a1,true
result_727477b94d5185300bf820e0,runplan_12eea7f2d1cc0300,cell_b19daa106873dfd6ff16,housing_v1__experiment__000007,housing_v1,housing_controlled_model_landlords_experiment,episode_attempt_9685234b83f3382851aa,8a4a6f313174a735d8ff1f05c998ace3ede82de2be64f0fc7580d8a8189bb0a1,included,housing_social_welfare_leaf,1.0.0,social_welfare,1.0.0,metric,within_case_score,,0.6418539325842697,ratio,{},ok,valid,[],"[""event_00000303""]",evaluation_receipt,episode_attempt_9685234b83f3382851aa,8a4a6f313174a735d8ff1f05c998ace3ede82de2be64f0fc7580d8a8189bb0a1,true
result_83317071294fd01de77c7bf6,runplan_12eea7f2d1cc0300,cell_b19daa106873dfd6ff16,housing_v1__experiment__000007,housing_v1,housing_controlled_model_landlords_experiment,episode_attempt_9685234b83f3382851aa,8a4a6f313174a735d8ff1f05c998ace3ede82de2be64f0fc7580d8a8189bb0a1,included,housing_social_welfare_leaf,1.0.0,social_welfare,1.0.0,reference,comparison_baseline,,407.56,utility_points,"{""policy"":""naive"",""reference_kind"":""comparison_baseline""}",ok,valid,[],"[""event_00000303""]",evaluation_receipt,episode_attempt_9685234b83f3382851aa,8a4a6f313174a735d8ff1f05c998ace3ede82de2be64f0fc7580d8a8189bb0a1,true
result_fec0305a3450267a3f817f99,runplan_12eea7f2d1cc0300,cell_b19daa106873dfd6ff16,housing_v1__experiment__000007,housing_v1,housing_controlled_model_landlords_experiment,episode_attempt_9685234b83f3382851aa,8a4a6f313174a735d8ff1f05c998ace3ede82de2be64f0fc7580d8a8189bb0a1,included,housing_social_welfare_leaf,1.0.0,social_welfare,1.0.0,reference,optimum_lower_bound,,0.0,utility_points,"{""policy"":""do_nothing"",""reference_kind"":""objective_lower_bound""}",ok,valid,[],"[""event_00000303""]",evaluation_receipt,episode_attempt_9685234b83f3382851aa,8a4a6f313174a735d8ff1f05c998ace3ede82de2be64f0fc7580d8a8189bb0a1,true
result_7014349c4b471455ea16094b,runplan_12eea7f2d1cc0300,cell_b19daa106873dfd6ff16,housing_v1__experiment__000007,housing_v1,housing_controlled_model_landlords_experiment,episode_attempt_9685234b83f3382851aa,8a4a6f313174a735d8ff1f05c998ace3ede82de2be64f0fc7580d8a8189bb0a1,included,housing_social_welfare_leaf,1.0.0,social_welfare,1.0.0,reference,optimum_upper_bound,,683.52,utility_points,"{""reference_kind"":""objective_upper_bound"",""semantics"":""full_information_allocation_relaxation""}",ok,valid,[],"[""event_00000303""]",evaluation_receipt,episode_attempt_9685234b83f3382851aa,8a4a6f313174a735d8ff1f05c998ace3ede82de2be64f0fc7580d8a8189bb0a1,true
result_faaa3c79d5bd4513fa66a5d1,runplan_12eea7f2d1cc0300,cell_b19daa106873dfd6ff16,housing_v1__experiment__000007,housing_v1,housing_controlled_model_landlords_experiment,episode_attempt_9685234b83f3382851aa,8a4a6f313174a735d8ff1f05c998ace3ede82de2be64f0fc7580d8a8189bb0a1,included,housing_social_welfare_leaf,1.0.0,social_welfare,1.0.0,utility,landlord_0,landlord_0,38.64,utility_points,"{""disagreement_utility"":0.0}",ok,valid,[],"[""event_00000303""]",evaluation_receipt,episode_attempt_9685234b83f3382851aa,8a4a6f313174a735d8ff1f05c998ace3ede82de2be64f0fc7580d8a8189bb0a1,true
result_bad3551668eab7f94f859cfc,runplan_12eea7f2d1cc0300,cell_b19daa106873dfd6ff16,housing_v1__experiment__000007,housing_v1,housing_controlled_model_landlords_experiment,episode_attempt_9685234b83f3382851aa,8a4a6f313174a735d8ff1f05c998ace3ede82de2be64f0fc7580d8a8189bb0a1,included,housing_social_welfare_leaf,1.0.0,social_welfare,1.0.0,utility,landlord_1,landlord_1,30.68,utility_points,"{""disagreement_utility"":0.0}",ok,valid,[],"[""event_00000303""]",evaluation_receipt,episode_attempt_9685234b83f3382851aa,8a4a6f313174a735d8ff1f05c998ace3ede82de2be64f0fc7580d8a8189bb0a1,true
result_87aaf14a2c9744d0e3a09af0,runplan_12eea7f2d1cc0300,cell_b19daa106873dfd6ff16,housing_v1__experiment__000007,housing_v1,housing_controlled_model_landlords_experiment,episode_attempt_9685234b83f3382851aa,8a4a6f313174a735d8ff1f05c998ace3ede82de2be64f0fc7580d8a8189bb0a1,included,housing_social_welfare_leaf,1.0.0,social_welfare,1.0.0,utility,landlord_2,landlord_2,0.0,utility_points,"{""disagreement_utility"":0.0}",ok,valid,[],"[""event_00000303""]",evaluation_receipt,episode_attempt_9685234b83f3382851aa,8a4a6f313174a735d8ff1f05c998ace3ede82de2be64f0fc7580d8a8189bb0a1,true
result_93fa104d29606f69af6c35f5,runplan_12eea7f2d1cc0300,cell_b19daa106873dfd6ff16,housing_v1__experiment__000007,housing_v1,housing_controlled_model_landlords_experiment,episode_attempt_9685234b83f3382851aa,8a4a6f313174a735d8ff1f05c998ace3ede82de2be64f0fc7580d8a8189bb0a1,included,housing_social_welfare_leaf,1.0.0,social_welfare,1.0.0,utility,landlord_3,landlord_3,75.7,utility_points,"{""disagreement_utility"":0.0}",ok,valid,[],"[""event_00000303""]",evaluation_receipt,episode_attempt_9685234b83f3382851aa,8a4a6f313174a735d8ff1f05c998ace3ede82de2be64f0fc7580d8a8189bb0a1,true
result_c38b8954b00deb1e19ba6fc7,runplan_12eea7f2d1cc0300,cell_b19daa106873dfd6ff16,housing_v1__experiment__000007,housing_v1,housing_controlled_model_landlords_experiment,episode_attempt_9685234b83f3382851aa,8a4a6f313174a735d8ff1f05c998ace3ede82de2be64f0fc7580d8a8189bb0a1,included,housing_social_welfare_leaf,1.0.0,social_welfare,1.0.0,utility,landlord_4,landlord_4,21.4,utility_points,"{""disagreement_utility"":0.0}",ok,valid,[],"[""event_00000303""]",evaluation_receipt,episode_attempt_9685234b83f3382851aa,8a4a6f313174a735d8ff1f05c998ace3ede82de2be64f0fc7580d8a8189bb0a1,true
result_ce3e77a71b48ac1610b41531,runplan_12eea7f2d1cc0300,cell_b19daa106873dfd6ff16,housing_v1__experiment__000007,housing_v1,housing_controlled_model_landlords_experiment,episode_attempt_9685234b83f3382851aa,8a4a6f313174a735d8ff1f05c998ace3ede82de2be64f0fc7580d8a8189bb0a1,included,housing_social_welfare_leaf,1.0.0,social_welfare,1.0.0,utility,tenant_0,tenant_0,14.01,utility_points,"{""disagreement_utility"":0.0}",ok,valid,[],"[""event_00000303""]",evaluation_receipt,episode_attempt_9685234b83f3382851aa,8a4a6f313174a735d8ff1f05c998ace3ede82de2be64f0fc7580d8a8189bb0a1,true
result_3803101948cd2ea19a9cfd3e,runplan_12eea7f2d1cc0300,cell_b19daa106873dfd6ff16,housing_v1__experiment__000007,housing_v1,housing_controlled_model_landlords_experiment,episode_attempt_9685234b83f3382851aa,8a4a6f313174a735d8ff1f05c998ace3ede82de2be64f0fc7580d8a8189bb0a1,included,housing_social_welfare_leaf,1.0.0,social_welfare,1.0.0,utility,tenant_1,tenant_1,14.46,utility_points,"{""disagreement_utility"":0.0}",ok,valid,[],"[""event_00000303""]",evaluation_receipt,episode_attempt_9685234b83f3382851aa,8a4a6f313174a735d8ff1f05c998ace3ede82de2be64f0fc7580d8a8189bb0a1,true
result_13ae3a8b95b55b09524b9386,runplan_12eea7f2d1cc0300,cell_b19daa106873dfd6ff16,housing_v1__experiment__000007,housing_v1,housing_controlled_model_landlords_experiment,episode_attempt_9685234b83f3382851aa,8a4a6f313174a735d8ff1f05c998ace3ede82de2be64f0fc7580d8a8189bb0a1,included,housing_social_welfare_leaf,1.0.0,social_welfare,1.0.0,utility,tenant_2,tenant_2,0.0,utility_points,"{""disagreement_utility"":0.0}",ok,valid,[],"[""event_00000303""]",evaluation_receipt,episode_attempt_9685234b83f3382851aa,8a4a6f313174a735d8ff1f05c998ace3ede82de2be64f0fc7580d8a8189bb0a1,true
result_8c2495eaa31613c51b1d19bd,runplan_12eea7f2d1cc0300,cell_b19daa106873dfd6ff16,housing_v1__experiment__000007,housing_v1,housing_controlled_model_landlords_experiment,episode_attempt_9685234b83f3382851aa,8a4a6f313174a735d8ff1f05c998ace3ede82de2be64f0fc7580d8a8189bb0a1,included,housing_social_welfare_leaf,1.0.0,social_welfare,1.0.0,utility,tenant_3,tenant_3,94.34,utility_points,"{""disagreement_utility"":0.0}",ok,valid,[],"[""event_00000303""]",evaluation_receipt,episode_attempt_9685234b83f3382851aa,8a4a6f313174a735d8ff1f05c998ace3ede82de2be64f0fc7580d8a8189bb0a1,true
result_e80e8049c2b45024bfe568bf,runplan_12eea7f2d1cc0300,cell_b19daa106873dfd6ff16,housing_v1__experiment__000007,housing_v1,housing_controlled_model_landlords_experiment,episode_attempt_9685234b83f3382851aa,8a4a6f313174a735d8ff1f05c998ace3ede82de2be64f0fc7580d8a8189bb0a1,included,housing_social_welfare_leaf,1.0.0,social_welfare,1.0.0,utility,tenant_4,tenant_4,0.0,utility_points,"{""disagreement_utility"":0.0}",ok,valid,[],"[""event_00000303""]",evaluation_receipt,episode_attempt_9685234b83f3382851aa,8a4a6f313174a735d8ff1f05c998ace3ede82de2be64f0fc7580d8a8189bb0a1,true
result_6cac742b2d21a4d1a548f7d2,runplan_12eea7f2d1cc0300,cell_b19daa106873dfd6ff16,housing_v1__experiment__000007,housing_v1,housing_controlled_model_landlords_experiment,episode_attempt_9685234b83f3382851aa,8a4a6f313174a735d8ff1f05c998ace3ede82de2be64f0fc7580d8a8189bb0a1,included,housing_social_welfare_leaf,1.0.0,social_welfare,1.0.0,utility,tenant_5,tenant_5,149.49,utility_points,"{""disagreement_utility"":0.0}",ok,valid,[],"[""event_00000303""]",evaluation_receipt,episode_attempt_9685234b83f3382851aa,8a4a6f313174a735d8ff1f05c998ace3ede82de2be64f0fc7580d8a8189bb0a1,true
result_b19ed7f908cf41dea3dbaad7,runplan_12eea7f2d1cc0300,cell_b19daa106873dfd6ff16,housing_v1__experiment__000007,housing_v1,housing_controlled_model_landlords_experiment,episode_attempt_9685234b83f3382851aa,8a4a6f313174a735d8ff1f05c998ace3ede82de2be64f0fc7580d8a8189bb0a1,included,housing_social_welfare_leaf,1.0.0,social_welfare,1.0.0,capture,landlord_0,landlord_0,38.64,utility_points,"{""disagreement_utility"":0.0}",ok,valid,[],"[""event_00000303""]",evaluation_receipt,episode_attempt_9685234b83f3382851aa,8a4a6f313174a735d8ff1f05c998ace3ede82de2be64f0fc7580d8a8189bb0a1,true
result_9918a0b148612d61126d1d8d,runplan_12eea7f2d1cc0300,cell_b19daa106873dfd6ff16,housing_v1__experiment__000007,housing_v1,housing_controlled_model_landlords_experiment,episode_attempt_9685234b83f3382851aa,8a4a6f313174a735d8ff1f05c998ace3ede82de2be64f0fc7580d8a8189bb0a1,included,housing_social_welfare_leaf,1.0.0,social_welfare,1.0.0,capture,landlord_1,landlord_1,30.68,utility_points,"{""disagreement_utility"":0.0}",ok,valid,[],"[""event_00000303""]",evaluation_receipt,episode_attempt_9685234b83f3382851aa,8a4a6f313174a735d8ff1f05c998ace3ede82de2be64f0fc7580d8a8189bb0a1,true
result_af654e4787b6e43e9706035f,runplan_12eea7f2d1cc0300,cell_b19daa106873dfd6ff16,housing_v1__experiment__000007,housing_v1,housing_controlled_model_landlords_experiment,episode_attempt_9685234b83f3382851aa,8a4a6f313174a735d8ff1f05c998ace3ede82de2be64f0fc7580d8a8189bb0a1,included,housing_social_welfare_leaf,1.0.0,social_welfare,1.0.0,capture,landlord_2,landlord_2,0.0,utility_points,"{""disagreement_utility"":0.0}",ok,valid,[],"[""event_00000303""]",evaluation_receipt,episode_attempt_9685234b83f3382851aa,8a4a6f313174a735d8ff1f05c998ace3ede82de2be64f0fc7580d8a8189bb0a1,true
result_7979c3c3fed32b7458743878,runplan_12eea7f2d1cc0300,cell_b19daa106873dfd6ff16,housing_v1__experiment__000007,housing_v1,housing_controlled_model_landlords_experiment,episode_attempt_9685234b83f3382851aa,8a4a6f313174a735d8ff1f05c998ace3ede82de2be64f0fc7580d8a8189bb0a1,included,housing_social_welfare_leaf,1.0.0,social_welfare,1.0.0,capture,landlord_3,landlord_3,75.7,utility_points,"{""disagreement_utility"":0.0}",ok,valid,[],"[""event_00000303""]",evaluation_receipt,episode_attempt_9685234b83f3382851aa,8a4a6f313174a735d8ff1f05c998ace3ede82de2be64f0fc7580d8a8189bb0a1,true
result_b07710627554ef0b13c14f7a,runplan_12eea7f2d1cc0300,cell_b19daa106873dfd6ff16,housing_v1__experiment__000007,housing_v1,housing_controlled_model_landlords_experiment,episode_attempt_9685234b83f3382851aa,8a4a6f313174a735d8ff1f05c998ace3ede82de2be64f0fc7580d8a8189bb0a1,included,housing_social_welfare_leaf,1.0.0,social_welfare,1.0.0,capture,landlord_4,landlord_4,21.4,utility_points,"{""disagreement_utility"":0.0}",ok,valid,[],"[""event_00000303""]",evaluation_receipt,episode_attempt_9685234b83f3382851aa,8a4a6f313174a735d8ff1f05c998ace3ede82de2be64f0fc7580d8a8189bb0a1,true
result_1d2e582fd3739095b0949350,runplan_12eea7f2d1cc0300,cell_b19daa106873dfd6ff16,housing_v1__experiment__000007,housing_v1,housing_controlled_model_landlords_experiment,episode_attempt_9685234b83f3382851aa,8a4a6f313174a735d8ff1f05c998ace3ede82de2be64f0fc7580d8a8189bb0a1,included,housing_social_welfare_leaf,1.0.0,social_welfare,1.0.0,capture,tenant_0,tenant_0,14.01,utility_points,"{""disagreement_utility"":0.0}",ok,valid,[],"[""event_00000303""]",evaluation_receipt,episode_attempt_9685234b83f3382851aa,8a4a6f313174a735d8ff1f05c998ace3ede82de2be64f0fc7580d8a8189bb0a1,true
result_7d848ec5cf13b90fc38c4d22,runplan_12eea7f2d1cc0300,cell_b19daa106873dfd6ff16,housing_v1__experiment__000007,housing_v1,housing_controlled_model_landlords_experiment,episode_attempt_9685234b83f3382851aa,8a4a6f313174a735d8ff1f05c998ace3ede82de2be64f0fc7580d8a8189bb0a1,included,housing_social_welfare_leaf,1.0.0,social_welfare,1.0.0,capture,tenant_1,tenant_1,14.46,utility_points,"{""disagreement_utility"":0.0}",ok,valid,[],"[""event_00000303""]",evaluation_receipt,episode_attempt_9685234b83f3382851aa,8a4a6f313174a735d8ff1f05c998ace3ede82de2be64f0fc7580d8a8189bb0a1,true
result_212169f708dc0252ced9e934,runplan_12eea7f2d1cc0300,cell_b19daa106873dfd6ff16,housing_v1__experiment__000007,housing_v1,housing_controlled_model_landlords_experiment,episode_attempt_9685234b83f3382851aa,8a4a6f313174a735d8ff1f05c998ace3ede82de2be64f0fc7580d8a8189bb0a1,included,housing_social_welfare_leaf,1.0.0,social_welfare,1.0.0,capture,tenant_2,tenant_2,0.0,utility_points,"{""disagreement_utility"":0.0}",ok,valid,[],"[""event_00000303""]",evaluation_receipt,episode_attempt_9685234b83f3382851aa,8a4a6f313174a735d8ff1f05c998ace3ede82de2be64f0fc7580d8a8189bb0a1,true
result_3aa521a1e221e20780dd2a52,runplan_12eea7f2d1cc0300,cell_b19daa106873dfd6ff16,housing_v1__experiment__000007,housing_v1,housing_controlled_model_landlords_experiment,episode_attempt_9685234b83f3382851aa,8a4a6f313174a735d8ff1f05c998ace3ede82de2be64f0fc7580d8a8189bb0a1,included,housing_social_welfare_leaf,1.0.0,social_welfare,1.0.0,capture,tenant_3,tenant_3,94.34,utility_points,"{""disagreement_utility"":0.0}",ok,valid,[],"[""event_00000303""]",evaluation_receipt,episode_attempt_9685234b83f3382851aa,8a4a6f313174a735d8ff1f05c998ace3ede82de2be64f0fc7580d8a8189bb0a1,true
result_ca754cbf24f1d6a0ec36ea00,runplan_12eea7f2d1cc0300,cell_b19daa106873dfd6ff16,housing_v1__experiment__000007,housing_v1,housing_controlled_model_landlords_experiment,episode_attempt_9685234b83f3382851aa,8a4a6f313174a735d8ff1f05c998ace3ede82de2be64f0fc7580d8a8189bb0a1,included,housing_social_welfare_leaf,1.0.0,social_welfare,1.0.0,capture,tenant_4,tenant_4,0.0,utility_points,"{""disagreement_utility"":0.0}",ok,valid,[],"[""event_00000303""]",evaluation_receipt,episode_attempt_9685234b83f3382851aa,8a4a6f313174a735d8ff1f05c998ace3ede82de2be64f0fc7580d8a8189bb0a1,true
result_c1d18de1a0d468a7dfd0baff,runplan_12eea7f2d1cc0300,cell_b19daa106873dfd6ff16,housing_v1__experiment__000007,housing_v1,housing_controlled_model_landlords_experiment,episode_attempt_9685234b83f3382851aa,8a4a6f313174a735d8ff1f05c998ace3ede82de2be64f0fc7580d8a8189bb0a1,included,housing_social_welfare_leaf,1.0.0,social_welfare,1.0.0,capture,tenant_5,tenant_5,149.49,utility_points,"{""disagreement_utility"":0.0}",ok,valid,[],"[""event_00000303""]",evaluation_receipt,episode_attempt_9685234b83f3382851aa,8a4a6f313174a735d8ff1f05c998ace3ede82de2be64f0fc7580d8a8189bb0a1,true
result_3c3ad58766308e0bd69fb006,runplan_12eea7f2d1cc0300,cell_b399784dbeb2a16abd52,housing_v1__experiment__000005,housing_v1,housing_controlled_model_landlords_experiment,episode_attempt_d4ce3d7343b9c64bcda2,bc03cf6b0c59a976646f2ffb28d3f29aaa6953d0bd8a255683673d798103b293,included,housing_social_welfare_leaf,1.0.0,social_welfare,1.0.0,primary,social_welfare,,1033.03,utility_points,{},ok,valid,[],"[""event_00000263""]",evaluation_receipt,episode_attempt_d4ce3d7343b9c64bcda2,bc03cf6b0c59a976646f2ffb28d3f29aaa6953d0bd8a255683673d798103b293,true
result_f15eef5365cec45524c19e9b,runplan_12eea7f2d1cc0300,cell_b399784dbeb2a16abd52,housing_v1__experiment__000005,housing_v1,housing_controlled_model_landlords_experiment,episode_attempt_d4ce3d7343b9c64bcda2,bc03cf6b0c59a976646f2ffb28d3f29aaa6953d0bd8a255683673d798103b293,included,housing_social_welfare_leaf,1.0.0,social_welfare,1.0.0,metric,comparison_baseline_gap,,-145.04999999999995,utility_points,{},ok,valid,[],"[""event_00000263""]",evaluation_receipt,episode_attempt_d4ce3d7343b9c64bcda2,bc03cf6b0c59a976646f2ffb28d3f29aaa6953d0bd8a255683673d798103b293,true
result_4212ba7a07b6302b5d4e533f,runplan_12eea7f2d1cc0300,cell_b399784dbeb2a16abd52,housing_v1__experiment__000005,housing_v1,housing_controlled_model_landlords_experiment,episode_attempt_d4ce3d7343b9c64bcda2,bc03cf6b0c59a976646f2ffb28d3f29aaa6953d0bd8a255683673d798103b293,included,housing_social_welfare_leaf,1.0.0,social_welfare,1.0.0,metric,ir_violation_count,,0.0,count,{},ok,valid,[],"[""event_00000263""]",evaluation_receipt,episode_attempt_d4ce3d7343b9c64bcda2,bc03cf6b0c59a976646f2ffb28d3f29aaa6953d0bd8a255683673d798103b293,true
result_ac70b8f32f4d6ac360b560e5,runplan_12eea7f2d1cc0300,cell_b399784dbeb2a16abd52,housing_v1__experiment__000005,housing_v1,housing_controlled_model_landlords_experiment,episode_attempt_d4ce3d7343b9c64bcda2,bc03cf6b0c59a976646f2ffb28d3f29aaa6953d0bd8a255683673d798103b293,included,housing_social_welfare_leaf,1.0.0,social_welfare,1.0.0,metric,social_welfare,,1033.03,utility_points,{},ok,valid,[],"[""event_00000263""]",evaluation_receipt,episode_attempt_d4ce3d7343b9c64bcda2,bc03cf6b0c59a976646f2ffb28d3f29aaa6953d0bd8a255683673d798103b293,true
result_7d363dfedfa24f30693fb60b,runplan_12eea7f2d1cc0300,cell_b399784dbeb2a16abd52,housing_v1__experiment__000005,housing_v1,housing_controlled_model_landlords_experiment,episode_attempt_d4ce3d7343b9c64bcda2,bc03cf6b0c59a976646f2ffb28d3f29aaa6953d0bd8a255683673d798103b293,included,housing_social_welfare_leaf,1.0.0,social_welfare,1.0.0,metric,upper_bound_gap,,193.03999999999996,utility_points,{},ok,valid,[],"[""event_00000263""]",evaluation_receipt,episode_attempt_d4ce3d7343b9c64bcda2,bc03cf6b0c59a976646f2ffb28d3f29aaa6953d0bd8a255683673d798103b293,true
result_897bf537213f97392cba73f2,runplan_12eea7f2d1cc0300,cell_b399784dbeb2a16abd52,housing_v1__experiment__000005,housing_v1,housing_controlled_model_landlords_experiment,episode_attempt_d4ce3d7343b9c64bcda2,bc03cf6b0c59a976646f2ffb28d3f29aaa6953d0bd8a255683673d798103b293,included,housing_social_welfare_leaf,1.0.0,social_welfare,1.0.0,metric,wasted_contacts,,3.0,count,{},ok,valid,[],"[""event_00000263""]",evaluation_receipt,episode_attempt_d4ce3d7343b9c64bcda2,bc03cf6b0c59a976646f2ffb28d3f29aaa6953d0bd8a255683673d798103b293,true
result_54f1490b7eced775b3e2c4ee,runplan_12eea7f2d1cc0300,cell_b399784dbeb2a16abd52,housing_v1__experiment__000005,housing_v1,housing_controlled_model_landlords_experiment,episode_attempt_d4ce3d7343b9c64bcda2,bc03cf6b0c59a976646f2ffb28d3f29aaa6953d0bd8a255683673d798103b293,included,housing_social_welfare_leaf,1.0.0,social_welfare,1.0.0,metric,within_case_score,,0.8425538509220518,ratio,{},ok,valid,[],"[""event_00000263""]",evaluation_receipt,episode_attempt_d4ce3d7343b9c64bcda2,bc03cf6b0c59a976646f2ffb28d3f29aaa6953d0bd8a255683673d798103b293,true
result_b4325a6f36c97708a6cc5118,runplan_12eea7f2d1cc0300,cell_b399784dbeb2a16abd52,housing_v1__experiment__000005,housing_v1,housing_controlled_model_landlords_experiment,episode_attempt_d4ce3d7343b9c64bcda2,bc03cf6b0c59a976646f2ffb28d3f29aaa6953d0bd8a255683673d798103b293,included,housing_social_welfare_leaf,1.0.0,social_welfare,1.0.0,reference,comparison_baseline,,1178.08,utility_points,"{""policy"":""naive"",""reference_kind"":""comparison_baseline""}",ok,valid,[],"[""event_00000263""]",evaluation_receipt,episode_attempt_d4ce3d7343b9c64bcda2,bc03cf6b0c59a976646f2ffb28d3f29aaa6953d0bd8a255683673d798103b293,true
result_f9f6c13e61bbf3cf3b5f2586,runplan_12eea7f2d1cc0300,cell_b399784dbeb2a16abd52,housing_v1__experiment__000005,housing_v1,housing_controlled_model_landlords_experiment,episode_attempt_d4ce3d7343b9c64bcda2,bc03cf6b0c59a976646f2ffb28d3f29aaa6953d0bd8a255683673d798103b293,included,housing_social_welfare_leaf,1.0.0,social_welfare,1.0.0,reference,optimum_lower_bound,,0.0,utility_points,"{""policy"":""do_nothing"",""reference_kind"":""objective_lower_bound""}",ok,valid,[],"[""event_00000263""]",evaluation_receipt,episode_attempt_d4ce3d7343b9c64bcda2,bc03cf6b0c59a976646f2ffb28d3f29aaa6953d0bd8a255683673d798103b293,true
result_c9309929cfa7e34e3e2f044e,runplan_12eea7f2d1cc0300,cell_b399784dbeb2a16abd52,housing_v1__experiment__000005,housing_v1,housing_controlled_model_landlords_experiment,episode_attempt_d4ce3d7343b9c64bcda2,bc03cf6b0c59a976646f2ffb28d3f29aaa6953d0bd8a255683673d798103b293,included,housing_social_welfare_leaf,1.0.0,social_welfare,1.0.0,reference,optimum_upper_bound,,1226.07,utility_points,"{""reference_kind"":""objective_upper_bound"",""semantics"":""full_information_allocation_relaxation""}",ok,valid,[],"[""event_00000263""]",evaluation_receipt,episode_attempt_d4ce3d7343b9c64bcda2,bc03cf6b0c59a976646f2ffb28d3f29aaa6953d0bd8a255683673d798103b293,true
result_f4de360e4ec1641e79690224,runplan_12eea7f2d1cc0300,cell_b399784dbeb2a16abd52,housing_v1__experiment__000005,housing_v1,housing_controlled_model_landlords_experiment,episode_attempt_d4ce3d7343b9c64bcda2,bc03cf6b0c59a976646f2ffb28d3f29aaa6953d0bd8a255683673d798103b293,included,housing_social_welfare_leaf,1.0.0,social_welfare,1.0.0,utility,landlord_0,landlord_0,0.0,utility_points,"{""disagreement_utility"":0.0}",ok,valid,[],"[""event_00000263""]",evaluation_receipt,episode_attempt_d4ce3d7343b9c64bcda2,bc03cf6b0c59a976646f2ffb28d3f29aaa6953d0bd8a255683673d798103b293,true
result_f132f9baf44941458ac6cb22,runplan_12eea7f2d1cc0300,cell_b399784dbeb2a16abd52,housing_v1__experiment__000005,housing_v1,housing_controlled_model_landlords_experiment,episode_attempt_d4ce3d7343b9c64bcda2,bc03cf6b0c59a976646f2ffb28d3f29aaa6953d0bd8a255683673d798103b293,included,housing_social_welfare_leaf,1.0.0,social_welfare,1.0.0,utility,landlord_1,landlord_1,91.99,utility_points,"{""disagreement_utility"":0.0}",ok,valid,[],"[""event_00000263""]",evaluation_receipt,episode_attempt_d4ce3d7343b9c64bcda2,bc03cf6b0c59a976646f2ffb28d3f29aaa6953d0bd8a255683673d798103b293,true
result_381bda6f7971e38adfc9c19c,runplan_12eea7f2d1cc0300,cell_b399784dbeb2a16abd52,housing_v1__experiment__000005,housing_v1,housing_controlled_model_landlords_experiment,episode_attempt_d4ce3d7343b9c64bcda2,bc03cf6b0c59a976646f2ffb28d3f29aaa6953d0bd8a255683673d798103b293,included,housing_social_welfare_leaf,1.0.0,social_welfare,1.0.0,utility,landlord_2,landlord_2,0.0,utility_points,"{""disagreement_utility"":0.0}",ok,valid,[],"[""event_00000263""]",evaluation_receipt,episode_attempt_d4ce3d7343b9c64bcda2,bc03cf6b0c59a976646f2ffb28d3f29aaa6953d0bd8a255683673d798103b293,true
result_0c6482ec74217ff2b97dcf05,runplan_12eea7f2d1cc0300,cell_b399784dbeb2a16abd52,housing_v1__experiment__000005,housing_v1,housing_controlled_model_landlords_experiment,episode_attempt_d4ce3d7343b9c64bcda2,bc03cf6b0c59a976646f2ffb28d3f29aaa6953d0bd8a255683673d798103b293,included,housing_social_welfare_leaf,1.0.0,social_welfare,1.0.0,utility,landlord_3,landlord_3,43.77,utility_points,"{""disagreement_utility"":0.0}",ok,valid,[],"[""event_00000263""]",evaluation_receipt,episode_attempt_d4ce3d7343b9c64bcda2,bc03cf6b0c59a976646f2ffb28d3f29aaa6953d0bd8a255683673d798103b293,true
result_0a91453afa1ede53910648f7,runplan_12eea7f2d1cc0300,cell_b399784dbeb2a16abd52,housing_v1__experiment__000005,housing_v1,housing_controlled_model_landlords_experiment,episode_attempt_d4ce3d7343b9c64bcda2,bc03cf6b0c59a976646f2ffb28d3f29aaa6953d0bd8a255683673d798103b293,included,housing_social_welfare_leaf,1.0.0,social_welfare,1.0.0,utility,landlord_4,landlord_4,65.66,utility_points,"{""disagreement_utility"":0.0}",ok,valid,[],"[""event_00000263""]",evaluation_receipt,episode_attempt_d4ce3d7343b9c64bcda2,bc03cf6b0c59a976646f2ffb28d3f29aaa6953d0bd8a255683673d798103b293,true
result_e9f025d7a59febde2291ddc6,runplan_12eea7f2d1cc0300,cell_b399784dbeb2a16abd52,housing_v1__experiment__000005,housing_v1,housing_controlled_model_landlords_experiment,episode_attempt_d4ce3d7343b9c64bcda2,bc03cf6b0c59a976646f2ffb28d3f29aaa6953d0bd8a255683673d798103b293,included,housing_social_welfare_leaf,1.0.0,social_welfare,1.0.0,utility,tenant_0,tenant_0,256.56,utility_points,"{""disagreement_utility"":0.0}",ok,valid,[],"[""event_00000263""]",evaluation_receipt,episode_attempt_d4ce3d7343b9c64bcda2,bc03cf6b0c59a976646f2ffb28d3f29aaa6953d0bd8a255683673d798103b293,true
result_c5847509d1215481f3c4b8e0,runplan_12eea7f2d1cc0300,cell_b399784dbeb2a16abd52,housing_v1__experiment__000005,housing_v1,housing_controlled_model_landlords_experiment,episode_attempt_d4ce3d7343b9c64bcda2,bc03cf6b0c59a976646f2ffb28d3f29aaa6953d0bd8a255683673d798103b293,included,housing_social_welfare_leaf,1.0.0,social_welfare,1.0.0,utility,tenant_1,tenant_1,367.25,utility_points,"{""disagreement_utility"":0.0}",ok,valid,[],"[""event_00000263""]",evaluation_receipt,episode_attempt_d4ce3d7343b9c64bcda2,bc03cf6b0c59a976646f2ffb28d3f29aaa6953d0bd8a255683673d798103b293,true
result_fe680d58361a2067181531b0,runplan_12eea7f2d1cc0300,cell_b399784dbeb2a16abd52,housing_v1__experiment__000005,housing_v1,housing_controlled_model_landlords_experiment,episode_attempt_d4ce3d7343b9c64bcda2,bc03cf6b0c59a976646f2ffb28d3f29aaa6953d0bd8a255683673d798103b293,included,housing_social_welfare_leaf,1.0.0,social_welfare,1.0.0,utility,tenant_2,tenant_2,0.0,utility_points,"{""disagreement_utility"":0.0}",ok,valid,[],"[""event_00000263""]",evaluation_receipt,episode_attempt_d4ce3d7343b9c64bcda2,bc03cf6b0c59a976646f2ffb28d3f29aaa6953d0bd8a255683673d798103b293,true
result_1e3660a5722e6ad1b145709d,runplan_12eea7f2d1cc0300,cell_b399784dbeb2a16abd52,housing_v1__experiment__000005,housing_v1,housing_controlled_model_landlords_experiment,episode_attempt_d4ce3d7343b9c64bcda2,bc03cf6b0c59a976646f2ffb28d3f29aaa6953d0bd8a255683673d798103b293,included,housing_social_welfare_leaf,1.0.0,social_welfare,1.0.0,utility,tenant_3,tenant_3,207.8,utility_points,"{""disagreement_utility"":0.0}",ok,valid,[],"[""event_00000263""]",evaluation_receipt,episode_attempt_d4ce3d7343b9c64bcda2,bc03cf6b0c59a976646f2ffb28d3f29aaa6953d0bd8a255683673d798103b293,true
result_05181987880bbf8771bafdf0,runplan_12eea7f2d1cc0300,cell_b399784dbeb2a16abd52,housing_v1__experiment__000005,housing_v1,housing_controlled_model_landlords_experiment,episode_attempt_d4ce3d7343b9c64bcda2,bc03cf6b0c59a976646f2ffb28d3f29aaa6953d0bd8a255683673d798103b293,included,housing_social_welfare_leaf,1.0.0,social_welfare,1.0.0,utility,tenant_4,tenant_4,0.0,utility_points,"{""disagreement_utility"":0.0}",ok,valid,[],"[""event_00000263""]",evaluation_receipt,episode_attempt_d4ce3d7343b9c64bcda2,bc03cf6b0c59a976646f2ffb28d3f29aaa6953d0bd8a255683673d798103b293,true
result_604780fcea1d54114bbec36c,runplan_12eea7f2d1cc0300,cell_b399784dbeb2a16abd52,housing_v1__experiment__000005,housing_v1,housing_controlled_model_landlords_experiment,episode_attempt_d4ce3d7343b9c64bcda2,bc03cf6b0c59a976646f2ffb28d3f29aaa6953d0bd8a255683673d798103b293,included,housing_social_welfare_leaf,1.0.0,social_welfare,1.0.0,utility,tenant_5,tenant_5,0.0,utility_points,"{""disagreement_utility"":0.0}",ok,valid,[],"[""event_00000263""]",evaluation_receipt,episode_attempt_d4ce3d7343b9c64bcda2,bc03cf6b0c59a976646f2ffb28d3f29aaa6953d0bd8a255683673d798103b293,true
result_54e7cf675997536594b26b3f,runplan_12eea7f2d1cc0300,cell_b399784dbeb2a16abd52,housing_v1__experiment__000005,housing_v1,housing_controlled_model_landlords_experiment,episode_attempt_d4ce3d7343b9c64bcda2,bc03cf6b0c59a976646f2ffb28d3f29aaa6953d0bd8a255683673d798103b293,included,housing_social_welfare_leaf,1.0.0,social_welfare,1.0.0,capture,landlord_0,landlord_0,0.0,utility_points,"{""disagreement_utility"":0.0}",ok,valid,[],"[""event_00000263""]",evaluation_receipt,episode_attempt_d4ce3d7343b9c64bcda2,bc03cf6b0c59a976646f2ffb28d3f29aaa6953d0bd8a255683673d798103b293,true
result_b43c9457658bbef8dc9b7f26,runplan_12eea7f2d1cc0300,cell_b399784dbeb2a16abd52,housing_v1__experiment__000005,housing_v1,housing_controlled_model_landlords_experiment,episode_attempt_d4ce3d7343b9c64bcda2,bc03cf6b0c59a976646f2ffb28d3f29aaa6953d0bd8a255683673d798103b293,included,housing_social_welfare_leaf,1.0.0,social_welfare,1.0.0,capture,landlord_1,landlord_1,91.99,utility_points,"{""disagreement_utility"":0.0}",ok,valid,[],"[""event_00000263""]",evaluation_receipt,episode_attempt_d4ce3d7343b9c64bcda2,bc03cf6b0c59a976646f2ffb28d3f29aaa6953d0bd8a255683673d798103b293,true
result_fa2d91153cec6d89a57e0f21,runplan_12eea7f2d1cc0300,cell_b399784dbeb2a16abd52,housing_v1__experiment__000005,housing_v1,housing_controlled_model_landlords_experiment,episode_attempt_d4ce3d7343b9c64bcda2,bc03cf6b0c59a976646f2ffb28d3f29aaa6953d0bd8a255683673d798103b293,included,housing_social_welfare_leaf,1.0.0,social_welfare,1.0.0,capture,landlord_2,landlord_2,0.0,utility_points,"{""disagreement_utility"":0.0}",ok,valid,[],"[""event_00000263""]",evaluation_receipt,episode_attempt_d4ce3d7343b9c64bcda2,bc03cf6b0c59a976646f2ffb28d3f29aaa6953d0bd8a255683673d798103b293,true
result_cfa92b64e8a2828d0f31c249,runplan_12eea7f2d1cc0300,cell_b399784dbeb2a16abd52,housing_v1__experiment__000005,housing_v1,housing_controlled_model_landlords_experiment,episode_attempt_d4ce3d7343b9c64bcda2,bc03cf6b0c59a976646f2ffb28d3f29aaa6953d0bd8a255683673d798103b293,included,housing_social_welfare_leaf,1.0.0,social_welfare,1.0.0,capture,landlord_3,landlord_3,43.77,utility_points,"{""disagreement_utility"":0.0}",ok,valid,[],"[""event_00000263""]",evaluation_receipt,episode_attempt_d4ce3d7343b9c64bcda2,bc03cf6b0c59a976646f2ffb28d3f29aaa6953d0bd8a255683673d798103b293,true
result_20d307634e3ae6a380369e97,runplan_12eea7f2d1cc0300,cell_b399784dbeb2a16abd52,housing_v1__experiment__000005,housing_v1,housing_controlled_model_landlords_experiment,episode_attempt_d4ce3d7343b9c64bcda2,bc03cf6b0c59a976646f2ffb28d3f29aaa6953d0bd8a255683673d798103b293,included,housing_social_welfare_leaf,1.0.0,social_welfare,1.0.0,capture,landlord_4,landlord_4,65.66,utility_points,"{""disagreement_utility"":0.0}",ok,valid,[],"[""event_00000263""]",evaluation_receipt,episode_attempt_d4ce3d7343b9c64bcda2,bc03cf6b0c59a976646f2ffb28d3f29aaa6953d0bd8a255683673d798103b293,true
result_0a6bc59a7f3ddad012bd5b96,runplan_12eea7f2d1cc0300,cell_b399784dbeb2a16abd52,housing_v1__experiment__000005,housing_v1,housing_controlled_model_landlords_experiment,episode_attempt_d4ce3d7343b9c64bcda2,bc03cf6b0c59a976646f2ffb28d3f29aaa6953d0bd8a255683673d798103b293,included,housing_social_welfare_leaf,1.0.0,social_welfare,1.0.0,capture,tenant_0,tenant_0,256.56,utility_points,"{""disagreement_utility"":0.0}",ok,valid,[],"[""event_00000263""]",evaluation_receipt,episode_attempt_d4ce3d7343b9c64bcda2,bc03cf6b0c59a976646f2ffb28d3f29aaa6953d0bd8a255683673d798103b293,true
result_339ee70dadca78135964de4c,runplan_12eea7f2d1cc0300,cell_b399784dbeb2a16abd52,housing_v1__experiment__000005,housing_v1,housing_controlled_model_landlords_experiment,episode_attempt_d4ce3d7343b9c64bcda2,bc03cf6b0c59a976646f2ffb28d3f29aaa6953d0bd8a255683673d798103b293,included,housing_social_welfare_leaf,1.0.0,social_welfare,1.0.0,capture,tenant_1,tenant_1,367.25,utility_points,"{""disagreement_utility"":0.0}",ok,valid,[],"[""event_00000263""]",evaluation_receipt,episode_attempt_d4ce3d7343b9c64bcda2,bc03cf6b0c59a976646f2ffb28d3f29aaa6953d0bd8a255683673d798103b293,true
result_e9d3f248d2c64e8f8a59cd72,runplan_12eea7f2d1cc0300,cell_b399784dbeb2a16abd52,housing_v1__experiment__000005,housing_v1,housing_controlled_model_landlords_experiment,episode_attempt_d4ce3d7343b9c64bcda2,bc03cf6b0c59a976646f2ffb28d3f29aaa6953d0bd8a255683673d798103b293,included,housing_social_welfare_leaf,1.0.0,social_welfare,1.0.0,capture,tenant_2,tenant_2,0.0,utility_points,"{""disagreement_utility"":0.0}",ok,valid,[],"[""event_00000263""]",evaluation_receipt,episode_attempt_d4ce3d7343b9c64bcda2,bc03cf6b0c59a976646f2ffb28d3f29aaa6953d0bd8a255683673d798103b293,true
result_d0885d5f8685832b8f258a00,runplan_12eea7f2d1cc0300,cell_b399784dbeb2a16abd52,housing_v1__experiment__000005,housing_v1,housing_controlled_model_landlords_experiment,episode_attempt_d4ce3d7343b9c64bcda2,bc03cf6b0c59a976646f2ffb28d3f29aaa6953d0bd8a255683673d798103b293,included,housing_social_welfare_leaf,1.0.0,social_welfare,1.0.0,capture,tenant_3,tenant_3,207.8,utility_points,"{""disagreement_utility"":0.0}",ok,valid,[],"[""event_00000263""]",evaluation_receipt,episode_attempt_d4ce3d7343b9c64bcda2,bc03cf6b0c59a976646f2ffb28d3f29aaa6953d0bd8a255683673d798103b293,true
result_2c0837e0bcf0e2eb0d0037e3,runplan_12eea7f2d1cc0300,cell_b399784dbeb2a16abd52,housing_v1__experiment__000005,housing_v1,housing_controlled_model_landlords_experiment,episode_attempt_d4ce3d7343b9c64bcda2,bc03cf6b0c59a976646f2ffb28d3f29aaa6953d0bd8a255683673d798103b293,included,housing_social_welfare_leaf,1.0.0,social_welfare,1.0.0,capture,tenant_4,tenant_4,0.0,utility_points,"{""disagreement_utility"":0.0}",ok,valid,[],"[""event_00000263""]",evaluation_receipt,episode_attempt_d4ce3d7343b9c64bcda2,bc03cf6b0c59a976646f2ffb28d3f29aaa6953d0bd8a255683673d798103b293,true
result_93be15fdcaf97170996955d0,runplan_12eea7f2d1cc0300,cell_b399784dbeb2a16abd52,housing_v1__experiment__000005,housing_v1,housing_controlled_model_landlords_experiment,episode_attempt_d4ce3d7343b9c64bcda2,bc03cf6b0c59a976646f2ffb28d3f29aaa6953d0bd8a255683673d798103b293,included,housing_social_welfare_leaf,1.0.0,social_welfare,1.0.0,capture,tenant_5,tenant_5,0.0,utility_points,"{""disagreement_utility"":0.0}",ok,valid,[],"[""event_00000263""]",evaluation_receipt,episode_attempt_d4ce3d7343b9c64bcda2,bc03cf6b0c59a976646f2ffb28d3f29aaa6953d0bd8a255683673d798103b293,true
result_cdb6af8cc216effc0b142fa7,runplan_12eea7f2d1cc0300,cell_e7264b4faf745eb4f89c,housing_v1__experiment__000004,housing_v1,housing_controlled_model_landlords_experiment,episode_attempt_4acd570986ce308d57c2,f0b72bc656bad172e631114d318232540d9fd05544076ff2589aa59e92af8fb1,included,housing_social_welfare_leaf,1.0.0,social_welfare,1.0.0,primary,social_welfare,,1205.37,utility_points,{},ok,valid,[],"[""event_00000291""]",evaluation_receipt,episode_attempt_4acd570986ce308d57c2,f0b72bc656bad172e631114d318232540d9fd05544076ff2589aa59e92af8fb1,true
result_e6ffb1fe79c8bc060420a44e,runplan_12eea7f2d1cc0300,cell_e7264b4faf745eb4f89c,housing_v1__experiment__000004,housing_v1,housing_controlled_model_landlords_experiment,episode_attempt_4acd570986ce308d57c2,f0b72bc656bad172e631114d318232540d9fd05544076ff2589aa59e92af8fb1,included,housing_social_welfare_leaf,1.0.0,social_welfare,1.0.0,metric,comparison_baseline_gap,,-85.0300000000002,utility_points,{},ok,valid,[],"[""event_00000291""]",evaluation_receipt,episode_attempt_4acd570986ce308d57c2,f0b72bc656bad172e631114d318232540d9fd05544076ff2589aa59e92af8fb1,true
result_799e19bb9d6d589a1dfa0199,runplan_12eea7f2d1cc0300,cell_e7264b4faf745eb4f89c,housing_v1__experiment__000004,housing_v1,housing_controlled_model_landlords_experiment,episode_attempt_4acd570986ce308d57c2,f0b72bc656bad172e631114d318232540d9fd05544076ff2589aa59e92af8fb1,included,housing_social_welfare_leaf,1.0.0,social_welfare,1.0.0,metric,ir_violation_count,,0.0,count,{},ok,valid,[],"[""event_00000291""]",evaluation_receipt,episode_attempt_4acd570986ce308d57c2,f0b72bc656bad172e631114d318232540d9fd05544076ff2589aa59e92af8fb1,true
result_32c4d6af7684bfd7b82052f6,runplan_12eea7f2d1cc0300,cell_e7264b4faf745eb4f89c,housing_v1__experiment__000004,housing_v1,housing_controlled_model_landlords_experiment,episode_attempt_4acd570986ce308d57c2,f0b72bc656bad172e631114d318232540d9fd05544076ff2589aa59e92af8fb1,included,housing_social_welfare_leaf,1.0.0,social_welfare,1.0.0,metric,social_welfare,,1205.37,utility_points,{},ok,valid,[],"[""event_00000291""]",evaluation_receipt,episode_attempt_4acd570986ce308d57c2,f0b72bc656bad172e631114d318232540d9fd05544076ff2589aa59e92af8fb1,true
result_08fca1ac9856b716315c13ab,runplan_12eea7f2d1cc0300,cell_e7264b4faf745eb4f89c,housing_v1__experiment__000004,housing_v1,housing_controlled_model_landlords_experiment,episode_attempt_4acd570986ce308d57c2,f0b72bc656bad172e631114d318232540d9fd05544076ff2589aa59e92af8fb1,included,housing_social_welfare_leaf,1.0.0,social_welfare,1.0.0,metric,upper_bound_gap,,254.85000000000014,utility_points,{},ok,valid,[],"[""event_00000291""]",evaluation_receipt,episode_attempt_4acd570986ce308d57c2,f0b72bc656bad172e631114d318232540d9fd05544076ff2589aa59e92af8fb1,true
result_2f2b9ba4765576a7080dea56,runplan_12eea7f2d1cc0300,cell_e7264b4faf745eb4f89c,housing_v1__experiment__000004,housing_v1,housing_controlled_model_landlords_experiment,episode_attempt_4acd570986ce308d57c2,f0b72bc656bad172e631114d318232540d9fd05544076ff2589aa59e92af8fb1,included,housing_social_welfare_leaf,1.0.0,social_welfare,1.0.0,metric,wasted_contacts,,7.0,count,{},ok,valid,[],"[""event_00000291""]",evaluation_receipt,episode_attempt_4acd570986ce308d57c2,f0b72bc656bad172e631114d318232540d9fd05544076ff2589aa59e92af8fb1,true
result_a8c78077cb31e53a74510242,runplan_12eea7f2d1cc0300,cell_e7264b4faf745eb4f89c,housing_v1__experiment__000004,housing_v1,housing_controlled_model_landlords_experiment,episode_attempt_4acd570986ce308d57c2,f0b72bc656bad172e631114d318232540d9fd05544076ff2589aa59e92af8fb1,included,housing_social_welfare_leaf,1.0.0,social_welfare,1.0.0,metric,within_case_score,,0.8254715042938734,ratio,{},ok,valid,[],"[""event_00000291""]",evaluation_receipt,episode_attempt_4acd570986ce308d57c2,f0b72bc656bad172e631114d318232540d9fd05544076ff2589aa59e92af8fb1,true
result_c71531dd52865b2e93218f5f,runplan_12eea7f2d1cc0300,cell_e7264b4faf745eb4f89c,housing_v1__experiment__000004,housing_v1,housing_controlled_model_landlords_experiment,episode_attempt_4acd570986ce308d57c2,f0b72bc656bad172e631114d318232540d9fd05544076ff2589aa59e92af8fb1,included,housing_social_welfare_leaf,1.0.0,social_welfare,1.0.0,reference,comparison_baseline,,1290.4,utility_points,"{""policy"":""naive"",""reference_kind"":""comparison_baseline""}",ok,valid,[],"[""event_00000291""]",evaluation_receipt,episode_attempt_4acd570986ce308d57c2,f0b72bc656bad172e631114d318232540d9fd05544076ff2589aa59e92af8fb1,true
result_3f09107808e1885a05a75e0a,runplan_12eea7f2d1cc0300,cell_e7264b4faf745eb4f89c,housing_v1__experiment__000004,housing_v1,housing_controlled_model_landlords_experiment,episode_attempt_4acd570986ce308d57c2,f0b72bc656bad172e631114d318232540d9fd05544076ff2589aa59e92af8fb1,included,housing_social_welfare_leaf,1.0.0,social_welfare,1.0.0,reference,optimum_lower_bound,,0.0,utility_points,"{""policy"":""do_nothing"",""reference_kind"":""objective_lower_bound""}",ok,valid,[],"[""event_00000291""]",evaluation_receipt,episode_attempt_4acd570986ce308d57c2,f0b72bc656bad172e631114d318232540d9fd05544076ff2589aa59e92af8fb1,true
result_758bd5e791b8d0c648142863,runplan_12eea7f2d1cc0300,cell_e7264b4faf745eb4f89c,housing_v1__experiment__000004,housing_v1,housing_controlled_model_landlords_experiment,episode_attempt_4acd570986ce308d57c2,f0b72bc656bad172e631114d318232540d9fd05544076ff2589aa59e92af8fb1,included,housing_social_welfare_leaf,1.0.0,social_welfare,1.0.0,reference,optimum_upper_bound,,1460.22,utility_points,"{""reference_kind"":""objective_upper_bound"",""semantics"":""full_information_allocation_relaxation""}",ok,valid,[],"[""event_00000291""]",evaluation_receipt,episode_attempt_4acd570986ce308d57c2,f0b72bc656bad172e631114d318232540d9fd05544076ff2589aa59e92af8fb1,true
result_4dc6dc87c1b4115ef860254e,runplan_12eea7f2d1cc0300,cell_e7264b4faf745eb4f89c,housing_v1__experiment__000004,housing_v1,housing_controlled_model_landlords_experiment,episode_attempt_4acd570986ce308d57c2,f0b72bc656bad172e631114d318232540d9fd05544076ff2589aa59e92af8fb1,included,housing_social_welfare_leaf,1.0.0,social_welfare,1.0.0,utility,landlord_0,landlord_0,0.0,utility_points,"{""disagreement_utility"":0.0}",ok,valid,[],"[""event_00000291""]",evaluation_receipt,episode_attempt_4acd570986ce308d57c2,f0b72bc656bad172e631114d318232540d9fd05544076ff2589aa59e92af8fb1,true
result_9929a026fdf32f74b1905f4c,runplan_12eea7f2d1cc0300,cell_e7264b4faf745eb4f89c,housing_v1__experiment__000004,housing_v1,housing_controlled_model_landlords_experiment,episode_attempt_4acd570986ce308d57c2,f0b72bc656bad172e631114d318232540d9fd05544076ff2589aa59e92af8fb1,included,housing_social_welfare_leaf,1.0.0,social_welfare,1.0.0,utility,landlord_1,landlord_1,51.25,utility_points,"{""disagreement_utility"":0.0}",ok,valid,[],"[""event_00000291""]",evaluation_receipt,episode_attempt_4acd570986ce308d57c2,f0b72bc656bad172e631114d318232540d9fd05544076ff2589aa59e92af8fb1,true
result_2f8ea939915ec8b7c9c0ade9,runplan_12eea7f2d1cc0300,cell_e7264b4faf745eb4f89c,housing_v1__experiment__000004,housing_v1,housing_controlled_model_landlords_experiment,episode_attempt_4acd570986ce308d57c2,f0b72bc656bad172e631114d318232540d9fd05544076ff2589aa59e92af8fb1,included,housing_social_welfare_leaf,1.0.0,social_welfare,1.0.0,utility,landlord_2,landlord_2,52.76,utility_points,"{""disagreement_utility"":0.0}",ok,valid,[],"[""event_00000291""]",evaluation_receipt,episode_attempt_4acd570986ce308d57c2,f0b72bc656bad172e631114d318232540d9fd05544076ff2589aa59e92af8fb1,true
result_a9d128dd65f8fe436910495b,runplan_12eea7f2d1cc0300,cell_e7264b4faf745eb4f89c,housing_v1__experiment__000004,housing_v1,housing_controlled_model_landlords_experiment,episode_attempt_4acd570986ce308d57c2,f0b72bc656bad172e631114d318232540d9fd05544076ff2589aa59e92af8fb1,included,housing_social_welfare_leaf,1.0.0,social_welfare,1.0.0,utility,landlord_3,landlord_3,111.18,utility_points,"{""disagreement_utility"":0.0}",ok,valid,[],"[""event_00000291""]",evaluation_receipt,episode_attempt_4acd570986ce308d57c2,f0b72bc656bad172e631114d318232540d9fd05544076ff2589aa59e92af8fb1,true
result_2dd3120e19836613c7baa432,runplan_12eea7f2d1cc0300,cell_e7264b4faf745eb4f89c,housing_v1__experiment__000004,housing_v1,housing_controlled_model_landlords_experiment,episode_attempt_4acd570986ce308d57c2,f0b72bc656bad172e631114d318232540d9fd05544076ff2589aa59e92af8fb1,included,housing_social_welfare_leaf,1.0.0,social_welfare,1.0.0,utility,landlord_4,landlord_4,0.0,utility_points,"{""disagreement_utility"":0.0}",ok,valid,[],"[""event_00000291""]",evaluation_receipt,episode_attempt_4acd570986ce308d57c2,f0b72bc656bad172e631114d318232540d9fd05544076ff2589aa59e92af8fb1,true
result_7f907ac5476afdfd41c12b88,runplan_12eea7f2d1cc0300,cell_e7264b4faf745eb4f89c,housing_v1__experiment__000004,housing_v1,housing_controlled_model_landlords_experiment,episode_attempt_4acd570986ce308d57c2,f0b72bc656bad172e631114d318232540d9fd05544076ff2589aa59e92af8fb1,included,housing_social_welfare_leaf,1.0.0,social_welfare,1.0.0,utility,tenant_0,tenant_0,275.23,utility_points,"{""disagreement_utility"":0.0}",ok,valid,[],"[""event_00000291""]",evaluation_receipt,episode_attempt_4acd570986ce308d57c2,f0b72bc656bad172e631114d318232540d9fd05544076ff2589aa59e92af8fb1,true
result_49ab33e2dee235bf3be9a52d,runplan_12eea7f2d1cc0300,cell_e7264b4faf745eb4f89c,housing_v1__experiment__000004,housing_v1,housing_controlled_model_landlords_experiment,episode_attempt_4acd570986ce308d57c2,f0b72bc656bad172e631114d318232540d9fd05544076ff2589aa59e92af8fb1,included,housing_social_welfare_leaf,1.0.0,social_welfare,1.0.0,utility,tenant_1,tenant_1,190.97,utility_points,"{""disagreement_utility"":0.0}",ok,valid,[],"[""event_00000291""]",evaluation_receipt,episode_attempt_4acd570986ce308d57c2,f0b72bc656bad172e631114d318232540d9fd05544076ff2589aa59e92af8fb1,true
result_46332b1d7892bbf26aab7d95,runplan_12eea7f2d1cc0300,cell_e7264b4faf745eb4f89c,housing_v1__experiment__000004,housing_v1,housing_controlled_model_landlords_experiment,episode_attempt_4acd570986ce308d57c2,f0b72bc656bad172e631114d318232540d9fd05544076ff2589aa59e92af8fb1,included,housing_social_welfare_leaf,1.0.0,social_welfare,1.0.0,utility,tenant_2,tenant_2,0.0,utility_points,"{""disagreement_utility"":0.0}",ok,valid,[],"[""event_00000291""]",evaluation_receipt,episode_attempt_4acd570986ce308d57c2,f0b72bc656bad172e631114d318232540d9fd05544076ff2589aa59e92af8fb1,true
result_0eb429b8fefc21267d7acd79,runplan_12eea7f2d1cc0300,cell_e7264b4faf745eb4f89c,housing_v1__experiment__000004,housing_v1,housing_controlled_model_landlords_experiment,episode_attempt_4acd570986ce308d57c2,f0b72bc656bad172e631114d318232540d9fd05544076ff2589aa59e92af8fb1,included,housing_social_welfare_leaf,1.0.0,social_welfare,1.0.0,utility,tenant_3,tenant_3,0.0,utility_points,"{""disagreement_utility"":0.0}",ok,valid,[],"[""event_00000291""]",evaluation_receipt,episode_attempt_4acd570986ce308d57c2,f0b72bc656bad172e631114d318232540d9fd05544076ff2589aa59e92af8fb1,true
result_255f5f9d9e9293f9d46dd274,runplan_12eea7f2d1cc0300,cell_e7264b4faf745eb4f89c,housing_v1__experiment__000004,housing_v1,housing_controlled_model_landlords_experiment,episode_attempt_4acd570986ce308d57c2,f0b72bc656bad172e631114d318232540d9fd05544076ff2589aa59e92af8fb1,included,housing_social_welfare_leaf,1.0.0,social_welfare,1.0.0,utility,tenant_4,tenant_4,523.98,utility_points,"{""disagreement_utility"":0.0}",ok,valid,[],"[""event_00000291""]",evaluation_receipt,episode_attempt_4acd570986ce308d57c2,f0b72bc656bad172e631114d318232540d9fd05544076ff2589aa59e92af8fb1,true
result_3228748f04c5bf9047673c2a,runplan_12eea7f2d1cc0300,cell_e7264b4faf745eb4f89c,housing_v1__experiment__000004,housing_v1,housing_controlled_model_landlords_experiment,episode_attempt_4acd570986ce308d57c2,f0b72bc656bad172e631114d318232540d9fd05544076ff2589aa59e92af8fb1,included,housing_social_welfare_leaf,1.0.0,social_welfare,1.0.0,utility,tenant_5,tenant_5,0.0,utility_points,"{""disagreement_utility"":0.0}",ok,valid,[],"[""event_00000291""]",evaluation_receipt,episode_attempt_4acd570986ce308d57c2,f0b72bc656bad172e631114d318232540d9fd05544076ff2589aa59e92af8fb1,true
result_5572bcbce7cd9909375c855e,runplan_12eea7f2d1cc0300,cell_e7264b4faf745eb4f89c,housing_v1__experiment__000004,housing_v1,housing_controlled_model_landlords_experiment,episode_attempt_4acd570986ce308d57c2,f0b72bc656bad172e631114d318232540d9fd05544076ff2589aa59e92af8fb1,included,housing_social_welfare_leaf,1.0.0,social_welfare,1.0.0,capture,landlord_0,landlord_0,0.0,utility_points,"{""disagreement_utility"":0.0}",ok,valid,[],"[""event_00000291""]",evaluation_receipt,episode_attempt_4acd570986ce308d57c2,f0b72bc656bad172e631114d318232540d9fd05544076ff2589aa59e92af8fb1,true
result_bc431ef9d0c280229eb226fe,runplan_12eea7f2d1cc0300,cell_e7264b4faf745eb4f89c,housing_v1__experiment__000004,housing_v1,housing_controlled_model_landlords_experiment,episode_attempt_4acd570986ce308d57c2,f0b72bc656bad172e631114d318232540d9fd05544076ff2589aa59e92af8fb1,included,housing_social_welfare_leaf,1.0.0,social_welfare,1.0.0,capture,landlord_1,landlord_1,51.25,utility_points,"{""disagreement_utility"":0.0}",ok,valid,[],"[""event_00000291""]",evaluation_receipt,episode_attempt_4acd570986ce308d57c2,f0b72bc656bad172e631114d318232540d9fd05544076ff2589aa59e92af8fb1,true
result_359add0ae5182ec7665e60c9,runplan_12eea7f2d1cc0300,cell_e7264b4faf745eb4f89c,housing_v1__experiment__000004,housing_v1,housing_controlled_model_landlords_experiment,episode_attempt_4acd570986ce308d57c2,f0b72bc656bad172e631114d318232540d9fd05544076ff2589aa59e92af8fb1,included,housing_social_welfare_leaf,1.0.0,social_welfare,1.0.0,capture,landlord_2,landlord_2,52.76,utility_points,"{""disagreement_utility"":0.0}",ok,valid,[],"[""event_00000291""]",evaluation_receipt,episode_attempt_4acd570986ce308d57c2,f0b72bc656bad172e631114d318232540d9fd05544076ff2589aa59e92af8fb1,true
result_5b0e1e7b4e03ff6023e5990c,runplan_12eea7f2d1cc0300,cell_e7264b4faf745eb4f89c,housing_v1__experiment__000004,housing_v1,housing_controlled_model_landlords_experiment,episode_attempt_4acd570986ce308d57c2,f0b72bc656bad172e631114d318232540d9fd05544076ff2589aa59e92af8fb1,included,housing_social_welfare_leaf,1.0.0,social_welfare,1.0.0,capture,landlord_3,landlord_3,111.18,utility_points,"{""disagreement_utility"":0.0}",ok,valid,[],"[""event_00000291""]",evaluation_receipt,episode_attempt_4acd570986ce308d57c2,f0b72bc656bad172e631114d318232540d9fd05544076ff2589aa59e92af8fb1,true
result_776e9f450ac887376e8e249f,runplan_12eea7f2d1cc0300,cell_e7264b4faf745eb4f89c,housing_v1__experiment__000004,housing_v1,housing_controlled_model_landlords_experiment,episode_attempt_4acd570986ce308d57c2,f0b72bc656bad172e631114d318232540d9fd05544076ff2589aa59e92af8fb1,included,housing_social_welfare_leaf,1.0.0,social_welfare,1.0.0,capture,landlord_4,landlord_4,0.0,utility_points,"{""disagreement_utility"":0.0}",ok,valid,[],"[""event_00000291""]",evaluation_receipt,episode_attempt_4acd570986ce308d57c2,f0b72bc656bad172e631114d318232540d9fd05544076ff2589aa59e92af8fb1,true
result_98e11cd40f66ff5def52b6fd,runplan_12eea7f2d1cc0300,cell_e7264b4faf745eb4f89c,housing_v1__experiment__000004,housing_v1,housing_controlled_model_landlords_experiment,episode_attempt_4acd570986ce308d57c2,f0b72bc656bad172e631114d318232540d9fd05544076ff2589aa59e92af8fb1,included,housing_social_welfare_leaf,1.0.0,social_welfare,1.0.0,capture,tenant_0,tenant_0,275.23,utility_points,"{""disagreement_utility"":0.0}",ok,valid,[],"[""event_00000291""]",evaluation_receipt,episode_attempt_4acd570986ce308d57c2,f0b72bc656bad172e631114d318232540d9fd05544076ff2589aa59e92af8fb1,true
result_cb53e56832fa35c3f1015613,runplan_12eea7f2d1cc0300,cell_e7264b4faf745eb4f89c,housing_v1__experiment__000004,housing_v1,housing_controlled_model_landlords_experiment,episode_attempt_4acd570986ce308d57c2,f0b72bc656bad172e631114d318232540d9fd05544076ff2589aa59e92af8fb1,included,housing_social_welfare_leaf,1.0.0,social_welfare,1.0.0,capture,tenant_1,tenant_1,190.97,utility_points,"{""disagreement_utility"":0.0}",ok,valid,[],"[""event_00000291""]",evaluation_receipt,episode_attempt_4acd570986ce308d57c2,f0b72bc656bad172e631114d318232540d9fd05544076ff2589aa59e92af8fb1,true
result_c0b5b0edb60f3792162b2528,runplan_12eea7f2d1cc0300,cell_e7264b4faf745eb4f89c,housing_v1__experiment__000004,housing_v1,housing_controlled_model_landlords_experiment,episode_attempt_4acd570986ce308d57c2,f0b72bc656bad172e631114d318232540d9fd05544076ff2589aa59e92af8fb1,included,housing_social_welfare_leaf,1.0.0,social_welfare,1.0.0,capture,tenant_2,tenant_2,0.0,utility_points,"{""disagreement_utility"":0.0}",ok,valid,[],"[""event_00000291""]",evaluation_receipt,episode_attempt_4acd570986ce308d57c2,f0b72bc656bad172e631114d318232540d9fd05544076ff2589aa59e92af8fb1,true
result_9506a95ca05cbfc3c765714e,runplan_12eea7f2d1cc0300,cell_e7264b4faf745eb4f89c,housing_v1__experiment__000004,housing_v1,housing_controlled_model_landlords_experiment,episode_attempt_4acd570986ce308d57c2,f0b72bc656bad172e631114d318232540d9fd05544076ff2589aa59e92af8fb1,included,housing_social_welfare_leaf,1.0.0,social_welfare,1.0.0,capture,tenant_3,tenant_3,0.0,utility_points,"{""disagreement_utility"":0.0}",ok,valid,[],"[""event_00000291""]",evaluation_receipt,episode_attempt_4acd570986ce308d57c2,f0b72bc656bad172e631114d318232540d9fd05544076ff2589aa59e92af8fb1,true
result_7bd09337c285c1bcbbf95f27,runplan_12eea7f2d1cc0300,cell_e7264b4faf745eb4f89c,housing_v1__experiment__000004,housing_v1,housing_controlled_model_landlords_experiment,episode_attempt_4acd570986ce308d57c2,f0b72bc656bad172e631114d318232540d9fd05544076ff2589aa59e92af8fb1,included,housing_social_welfare_leaf,1.0.0,social_welfare,1.0.0,capture,tenant_4,tenant_4,523.98,utility_points,"{""disagreement_utility"":0.0}",ok,valid,[],"[""event_00000291""]",evaluation_receipt,episode_attempt_4acd570986ce308d57c2,f0b72bc656bad172e631114d318232540d9fd05544076ff2589aa59e92af8fb1,true
result_fe92d7f196169d88482b50e3,runplan_12eea7f2d1cc0300,cell_e7264b4faf745eb4f89c,housing_v1__experiment__000004,housing_v1,housing_controlled_model_landlords_experiment,episode_attempt_4acd570986ce308d57c2,f0b72bc656bad172e631114d318232540d9fd05544076ff2589aa59e92af8fb1,included,housing_social_welfare_leaf,1.0.0,social_welfare,1.0.0,capture,tenant_5,tenant_5,0.0,utility_points,"{""disagreement_utility"":0.0}",ok,valid,[],"[""event_00000291""]",evaluation_receipt,episode_attempt_4acd570986ce308d57c2,f0b72bc656bad172e631114d318232540d9fd05544076ff2589aa59e92af8fb1,true
result_d8ebceb0ee6fb47c83e04b64,runplan_12eea7f2d1cc0300,cell_e7e3d573e39d537102be,housing_v1__experiment__000006,housing_v1,housing_controlled_model_landlords_experiment,episode_attempt_47f1d3f673a51e595f73,ec310c38051e1dfb2aa36a9c0a0e9fc20a2953fab6fad1a4356576431582a197,included,housing_social_welfare_leaf,1.0.0,social_welfare,1.0.0,primary,social_welfare,,1600.03,utility_points,{},ok,valid,[],"[""event_00000283""]",evaluation_receipt,episode_attempt_47f1d3f673a51e595f73,ec310c38051e1dfb2aa36a9c0a0e9fc20a2953fab6fad1a4356576431582a197,true
result_90ad9e3fcc252464597a8db5,runplan_12eea7f2d1cc0300,cell_e7e3d573e39d537102be,housing_v1__experiment__000006,housing_v1,housing_controlled_model_landlords_experiment,episode_attempt_47f1d3f673a51e595f73,ec310c38051e1dfb2aa36a9c0a0e9fc20a2953fab6fad1a4356576431582a197,included,housing_social_welfare_leaf,1.0.0,social_welfare,1.0.0,metric,comparison_baseline_gap,,33.47000000000003,utility_points,{},ok,valid,[],"[""event_00000283""]",evaluation_receipt,episode_attempt_47f1d3f673a51e595f73,ec310c38051e1dfb2aa36a9c0a0e9fc20a2953fab6fad1a4356576431582a197,true
result_dda3b761b35defd14a8535f9,runplan_12eea7f2d1cc0300,cell_e7e3d573e39d537102be,housing_v1__experiment__000006,housing_v1,housing_controlled_model_landlords_experiment,episode_attempt_47f1d3f673a51e595f73,ec310c38051e1dfb2aa36a9c0a0e9fc20a2953fab6fad1a4356576431582a197,included,housing_social_welfare_leaf,1.0.0,social_welfare,1.0.0,metric,ir_violation_count,,0.0,count,{},ok,valid,[],"[""event_00000283""]",evaluation_receipt,episode_attempt_47f1d3f673a51e595f73,ec310c38051e1dfb2aa36a9c0a0e9fc20a2953fab6fad1a4356576431582a197,true
result_21b98df67d7160dc3926e9f7,runplan_12eea7f2d1cc0300,cell_e7e3d573e39d537102be,housing_v1__experiment__000006,housing_v1,housing_controlled_model_landlords_experiment,episode_attempt_47f1d3f673a51e595f73,ec310c38051e1dfb2aa36a9c0a0e9fc20a2953fab6fad1a4356576431582a197,included,housing_social_welfare_leaf,1.0.0,social_welfare,1.0.0,metric,social_welfare,,1600.03,utility_points,{},ok,valid,[],"[""event_00000283""]",evaluation_receipt,episode_attempt_47f1d3f673a51e595f73,ec310c38051e1dfb2aa36a9c0a0e9fc20a2953fab6fad1a4356576431582a197,true
result_87fe31aedd3ec93cbd6d6141,runplan_12eea7f2d1cc0300,cell_e7e3d573e39d537102be,housing_v1__experiment__000006,housing_v1,housing_controlled_model_landlords_experiment,episode_attempt_47f1d3f673a51e595f73,ec310c38051e1dfb2aa36a9c0a0e9fc20a2953fab6fad1a4356576431582a197,included,housing_social_welfare_leaf,1.0.0,social_welfare,1.0.0,metric,upper_bound_gap,,38.32999999999993,utility_points,{},ok,valid,[],"[""event_00000283""]",evaluation_receipt,episode_attempt_47f1d3f673a51e595f73,ec310c38051e1dfb2aa36a9c0a0e9fc20a2953fab6fad1a4356576431582a197,true
result_9007f246012fbfb6ccebd5f0,runplan_12eea7f2d1cc0300,cell_e7e3d573e39d537102be,housing_v1__experiment__000006,housing_v1,housing_controlled_model_landlords_experiment,episode_attempt_47f1d3f673a51e595f73,ec310c38051e1dfb2aa36a9c0a0e9fc20a2953fab6fad1a4356576431582a197,included,housing_social_welfare_leaf,1.0.0,social_welfare,1.0.0,metric,wasted_contacts,,6.0,count,{},ok,valid,[],"[""event_00000283""]",evaluation_receipt,episode_attempt_47f1d3f673a51e595f73,ec310c38051e1dfb2aa36a9c0a0e9fc20a2953fab6fad1a4356576431582a197,true
result_7566c2491f4b689979f5329f,runplan_12eea7f2d1cc0300,cell_e7e3d573e39d537102be,housing_v1__experiment__000006,housing_v1,housing_controlled_model_landlords_experiment,episode_attempt_47f1d3f673a51e595f73,ec310c38051e1dfb2aa36a9c0a0e9fc20a2953fab6fad1a4356576431582a197,included,housing_social_welfare_leaf,1.0.0,social_welfare,1.0.0,metric,within_case_score,,0.9766046534339218,ratio,{},ok,valid,[],"[""event_00000283""]",evaluation_receipt,episode_attempt_47f1d3f673a51e595f73,ec310c38051e1dfb2aa36a9c0a0e9fc20a2953fab6fad1a4356576431582a197,true
result_0d44e7f0b2510dd35823cd24,runplan_12eea7f2d1cc0300,cell_e7e3d573e39d537102be,housing_v1__experiment__000006,housing_v1,housing_controlled_model_landlords_experiment,episode_attempt_47f1d3f673a51e595f73,ec310c38051e1dfb2aa36a9c0a0e9fc20a2953fab6fad1a4356576431582a197,included,housing_social_welfare_leaf,1.0.0,social_welfare,1.0.0,reference,comparison_baseline,,1566.56,utility_points,"{""policy"":""naive"",""reference_kind"":""comparison_baseline""}",ok,valid,[],"[""event_00000283""]",evaluation_receipt,episode_attempt_47f1d3f673a51e595f73,ec310c38051e1dfb2aa36a9c0a0e9fc20a2953fab6fad1a4356576431582a197,true
result_067665725ea6749d395e03f6,runplan_12eea7f2d1cc0300,cell_e7e3d573e39d537102be,housing_v1__experiment__000006,housing_v1,housing_controlled_model_landlords_experiment,episode_attempt_47f1d3f673a51e595f73,ec310c38051e1dfb2aa36a9c0a0e9fc20a2953fab6fad1a4356576431582a197,included,housing_social_welfare_leaf,1.0.0,social_welfare,1.0.0,reference,optimum_lower_bound,,0.0,utility_points,"{""policy"":""do_nothing"",""reference_kind"":""objective_lower_bound""}",ok,valid,[],"[""event_00000283""]",evaluation_receipt,episode_attempt_47f1d3f673a51e595f73,ec310c38051e1dfb2aa36a9c0a0e9fc20a2953fab6fad1a4356576431582a197,true
result_7c8aa865a2e31e6edf29dd36,runplan_12eea7f2d1cc0300,cell_e7e3d573e39d537102be,housing_v1__experiment__000006,housing_v1,housing_controlled_model_landlords_experiment,episode_attempt_47f1d3f673a51e595f73,ec310c38051e1dfb2aa36a9c0a0e9fc20a2953fab6fad1a4356576431582a197,included,housing_social_welfare_leaf,1.0.0,social_welfare,1.0.0,reference,optimum_upper_bound,,1638.36,utility_points,"{""reference_kind"":""objective_upper_bound"",""semantics"":""full_information_allocation_relaxation""}",ok,valid,[],"[""event_00000283""]",evaluation_receipt,episode_attempt_47f1d3f673a51e595f73,ec310c38051e1dfb2aa36a9c0a0e9fc20a2953fab6fad1a4356576431582a197,true
result_e14e5537e7f0336b20f12430,runplan_12eea7f2d1cc0300,cell_e7e3d573e39d537102be,housing_v1__experiment__000006,housing_v1,housing_controlled_model_landlords_experiment,episode_attempt_47f1d3f673a51e595f73,ec310c38051e1dfb2aa36a9c0a0e9fc20a2953fab6fad1a4356576431582a197,included,housing_social_welfare_leaf,1.0.0,social_welfare,1.0.0,utility,landlord_0,landlord_0,31.31,utility_points,"{""disagreement_utility"":0.0}",ok,valid,[],"[""event_00000283""]",evaluation_receipt,episode_attempt_47f1d3f673a51e595f73,ec310c38051e1dfb2aa36a9c0a0e9fc20a2953fab6fad1a4356576431582a197,true
result_3742817f5ef528aff058a279,runplan_12eea7f2d1cc0300,cell_e7e3d573e39d537102be,housing_v1__experiment__000006,housing_v1,housing_controlled_model_landlords_experiment,episode_attempt_47f1d3f673a51e595f73,ec310c38051e1dfb2aa36a9c0a0e9fc20a2953fab6fad1a4356576431582a197,included,housing_social_welfare_leaf,1.0.0,social_welfare,1.0.0,utility,landlord_1,landlord_1,100.73,utility_points,"{""disagreement_utility"":0.0}",ok,valid,[],"[""event_00000283""]",evaluation_receipt,episode_attempt_47f1d3f673a51e595f73,ec310c38051e1dfb2aa36a9c0a0e9fc20a2953fab6fad1a4356576431582a197,true
result_077daa7b9adac0a89284351e,runplan_12eea7f2d1cc0300,cell_e7e3d573e39d537102be,housing_v1__experiment__000006,housing_v1,housing_controlled_model_landlords_experiment,episode_attempt_47f1d3f673a51e595f73,ec310c38051e1dfb2aa36a9c0a0e9fc20a2953fab6fad1a4356576431582a197,included,housing_social_welfare_leaf,1.0.0,social_welfare,1.0.0,utility,landlord_2,landlord_2,160.53,utility_points,"{""disagreement_utility"":0.0}",ok,valid,[],"[""event_00000283""]",evaluation_receipt,episode_attempt_47f1d3f673a51e595f73,ec310c38051e1dfb2aa36a9c0a0e9fc20a2953fab6fad1a4356576431582a197,true
result_e8f1b56d21e15c10588878da,runplan_12eea7f2d1cc0300,cell_e7e3d573e39d537102be,housing_v1__experiment__000006,housing_v1,housing_controlled_model_landlords_experiment,episode_attempt_47f1d3f673a51e595f73,ec310c38051e1dfb2aa36a9c0a0e9fc20a2953fab6fad1a4356576431582a197,included,housing_social_welfare_leaf,1.0.0,social_welfare,1.0.0,utility,landlord_3,landlord_3,64.83,utility_points,"{""disagreement_utility"":0.0}",ok,valid,[],"[""event_00000283""]",evaluation_receipt,episode_attempt_47f1d3f673a51e595f73,ec310c38051e1dfb2aa36a9c0a0e9fc20a2953fab6fad1a4356576431582a197,true
result_181b90592da0d6665a420682,runplan_12eea7f2d1cc0300,cell_e7e3d573e39d537102be,housing_v1__experiment__000006,housing_v1,housing_controlled_model_landlords_experiment,episode_attempt_47f1d3f673a51e595f73,ec310c38051e1dfb2aa36a9c0a0e9fc20a2953fab6fad1a4356576431582a197,included,housing_social_welfare_leaf,1.0.0,social_welfare,1.0.0,utility,landlord_4,landlord_4,0.0,utility_points,"{""disagreement_utility"":0.0}",ok,valid,[],"[""event_00000283""]",evaluation_receipt,episode_attempt_47f1d3f673a51e595f73,ec310c38051e1dfb2aa36a9c0a0e9fc20a2953fab6fad1a4356576431582a197,true
result_8156ca271ae8a7f75b83684f,runplan_12eea7f2d1cc0300,cell_e7e3d573e39d537102be,housing_v1__experiment__000006,housing_v1,housing_controlled_model_landlords_experiment,episode_attempt_47f1d3f673a51e595f73,ec310c38051e1dfb2aa36a9c0a0e9fc20a2953fab6fad1a4356576431582a197,included,housing_social_welfare_leaf,1.0.0,social_welfare,1.0.0,utility,tenant_0,tenant_0,546.42,utility_points,"{""disagreement_utility"":0.0}",ok,valid,[],"[""event_00000283""]",evaluation_receipt,episode_attempt_47f1d3f673a51e595f73,ec310c38051e1dfb2aa36a9c0a0e9fc20a2953fab6fad1a4356576431582a197,true
result_9b56de7ea8d57af368db67dd,runplan_12eea7f2d1cc0300,cell_e7e3d573e39d537102be,housing_v1__experiment__000006,housing_v1,housing_controlled_model_landlords_experiment,episode_attempt_47f1d3f673a51e595f73,ec310c38051e1dfb2aa36a9c0a0e9fc20a2953fab6fad1a4356576431582a197,included,housing_social_welfare_leaf,1.0.0,social_welfare,1.0.0,utility,tenant_1,tenant_1,164.29,utility_points,"{""disagreement_utility"":0.0}",ok,valid,[],"[""event_00000283""]",evaluation_receipt,episode_attempt_47f1d3f673a51e595f73,ec310c38051e1dfb2aa36a9c0a0e9fc20a2953fab6fad1a4356576431582a197,true
result_9e4a48af264f9d651e4c8c6f,runplan_12eea7f2d1cc0300,cell_e7e3d573e39d537102be,housing_v1__experiment__000006,housing_v1,housing_controlled_model_landlords_experiment,episode_attempt_47f1d3f673a51e595f73,ec310c38051e1dfb2aa36a9c0a0e9fc20a2953fab6fad1a4356576431582a197,included,housing_social_welfare_leaf,1.0.0,social_welfare,1.0.0,utility,tenant_2,tenant_2,529.76,utility_points,"{""disagreement_utility"":0.0}",ok,valid,[],"[""event_00000283""]",evaluation_receipt,episode_attempt_47f1d3f673a51e595f73,ec310c38051e1dfb2aa36a9c0a0e9fc20a2953fab6fad1a4356576431582a197,true
result_b39cdd4633a1df05f6e393ab,runplan_12eea7f2d1cc0300,cell_e7e3d573e39d537102be,housing_v1__experiment__000006,housing_v1,housing_controlled_model_landlords_experiment,episode_attempt_47f1d3f673a51e595f73,ec310c38051e1dfb2aa36a9c0a0e9fc20a2953fab6fad1a4356576431582a197,included,housing_social_welfare_leaf,1.0.0,social_welfare,1.0.0,utility,tenant_3,tenant_3,0.0,utility_points,"{""disagreement_utility"":0.0}",ok,valid,[],"[""event_00000283""]",evaluation_receipt,episode_attempt_47f1d3f673a51e595f73,ec310c38051e1dfb2aa36a9c0a0e9fc20a2953fab6fad1a4356576431582a197,true
result_680a43a572a73d3d1d3b70c3,runplan_12eea7f2d1cc0300,cell_e7e3d573e39d537102be,housing_v1__experiment__000006,housing_v1,housing_controlled_model_landlords_experiment,episode_attempt_47f1d3f673a51e595f73,ec310c38051e1dfb2aa36a9c0a0e9fc20a2953fab6fad1a4356576431582a197,included,housing_social_welfare_leaf,1.0.0,social_welfare,1.0.0,utility,tenant_4,tenant_4,2.16,utility_points,"{""disagreement_utility"":0.0}",ok,valid,[],"[""event_00000283""]",evaluation_receipt,episode_attempt_47f1d3f673a51e595f73,ec310c38051e1dfb2aa36a9c0a0e9fc20a2953fab6fad1a4356576431582a197,true
result_9e293301d7b7c89556e058be,runplan_12eea7f2d1cc0300,cell_e7e3d573e39d537102be,housing_v1__experiment__000006,housing_v1,housing_controlled_model_landlords_experiment,episode_attempt_47f1d3f673a51e595f73,ec310c38051e1dfb2aa36a9c0a0e9fc20a2953fab6fad1a4356576431582a197,included,housing_social_welfare_leaf,1.0.0,social_welfare,1.0.0,utility,tenant_5,tenant_5,0.0,utility_points,"{""disagreement_utility"":0.0}",ok,valid,[],"[""event_00000283""]",evaluation_receipt,episode_attempt_47f1d3f673a51e595f73,ec310c38051e1dfb2aa36a9c0a0e9fc20a2953fab6fad1a4356576431582a197,true
result_74657a39a039a72897f68764,runplan_12eea7f2d1cc0300,cell_e7e3d573e39d537102be,housing_v1__experiment__000006,housing_v1,housing_controlled_model_landlords_experiment,episode_attempt_47f1d3f673a51e595f73,ec310c38051e1dfb2aa36a9c0a0e9fc20a2953fab6fad1a4356576431582a197,included,housing_social_welfare_leaf,1.0.0,social_welfare,1.0.0,capture,landlord_0,landlord_0,31.31,utility_points,"{""disagreement_utility"":0.0}",ok,valid,[],"[""event_00000283""]",evaluation_receipt,episode_attempt_47f1d3f673a51e595f73,ec310c38051e1dfb2aa36a9c0a0e9fc20a2953fab6fad1a4356576431582a197,true
result_e539011153ba3288cb3646b4,runplan_12eea7f2d1cc0300,cell_e7e3d573e39d537102be,housing_v1__experiment__000006,housing_v1,housing_controlled_model_landlords_experiment,episode_attempt_47f1d3f673a51e595f73,ec310c38051e1dfb2aa36a9c0a0e9fc20a2953fab6fad1a4356576431582a197,included,housing_social_welfare_leaf,1.0.0,social_welfare,1.0.0,capture,landlord_1,landlord_1,100.73,utility_points,"{""disagreement_utility"":0.0}",ok,valid,[],"[""event_00000283""]",evaluation_receipt,episode_attempt_47f1d3f673a51e595f73,ec310c38051e1dfb2aa36a9c0a0e9fc20a2953fab6fad1a4356576431582a197,true
result_8e8444c08ff32341d71e1341,runplan_12eea7f2d1cc0300,cell_e7e3d573e39d537102be,housing_v1__experiment__000006,housing_v1,housing_controlled_model_landlords_experiment,episode_attempt_47f1d3f673a51e595f73,ec310c38051e1dfb2aa36a9c0a0e9fc20a2953fab6fad1a4356576431582a197,included,housing_social_welfare_leaf,1.0.0,social_welfare,1.0.0,capture,landlord_2,landlord_2,160.53,utility_points,"{""disagreement_utility"":0.0}",ok,valid,[],"[""event_00000283""]",evaluation_receipt,episode_attempt_47f1d3f673a51e595f73,ec310c38051e1dfb2aa36a9c0a0e9fc20a2953fab6fad1a4356576431582a197,true
result_880465e138ef854bb575fe90,runplan_12eea7f2d1cc0300,cell_e7e3d573e39d537102be,housing_v1__experiment__000006,housing_v1,housing_controlled_model_landlords_experiment,episode_attempt_47f1d3f673a51e595f73,ec310c38051e1dfb2aa36a9c0a0e9fc20a2953fab6fad1a4356576431582a197,included,housing_social_welfare_leaf,1.0.0,social_welfare,1.0.0,capture,landlord_3,landlord_3,64.83,utility_points,"{""disagreement_utility"":0.0}",ok,valid,[],"[""event_00000283""]",evaluation_receipt,episode_attempt_47f1d3f673a51e595f73,ec310c38051e1dfb2aa36a9c0a0e9fc20a2953fab6fad1a4356576431582a197,true
result_91bebf30b700dc1c4f566931,runplan_12eea7f2d1cc0300,cell_e7e3d573e39d537102be,housing_v1__experiment__000006,housing_v1,housing_controlled_model_landlords_experiment,episode_attempt_47f1d3f673a51e595f73,ec310c38051e1dfb2aa36a9c0a0e9fc20a2953fab6fad1a4356576431582a197,included,housing_social_welfare_leaf,1.0.0,social_welfare,1.0.0,capture,landlord_4,landlord_4,0.0,utility_points,"{""disagreement_utility"":0.0}",ok,valid,[],"[""event_00000283""]",evaluation_receipt,episode_attempt_47f1d3f673a51e595f73,ec310c38051e1dfb2aa36a9c0a0e9fc20a2953fab6fad1a4356576431582a197,true
result_6b5d2962d38b0c63ebfb6df4,runplan_12eea7f2d1cc0300,cell_e7e3d573e39d537102be,housing_v1__experiment__000006,housing_v1,housing_controlled_model_landlords_experiment,episode_attempt_47f1d3f673a51e595f73,ec310c38051e1dfb2aa36a9c0a0e9fc20a2953fab6fad1a4356576431582a197,included,housing_social_welfare_leaf,1.0.0,social_welfare,1.0.0,capture,tenant_0,tenant_0,546.42,utility_points,"{""disagreement_utility"":0.0}",ok,valid,[],"[""event_00000283""]",evaluation_receipt,episode_attempt_47f1d3f673a51e595f73,ec310c38051e1dfb2aa36a9c0a0e9fc20a2953fab6fad1a4356576431582a197,true
result_2cd27b950eb06b41d99794b5,runplan_12eea7f2d1cc0300,cell_e7e3d573e39d537102be,housing_v1__experiment__000006,housing_v1,housing_controlled_model_landlords_experiment,episode_attempt_47f1d3f673a51e595f73,ec310c38051e1dfb2aa36a9c0a0e9fc20a2953fab6fad1a4356576431582a197,included,housing_social_welfare_leaf,1.0.0,social_welfare,1.0.0,capture,tenant_1,tenant_1,164.29,utility_points,"{""disagreement_utility"":0.0}",ok,valid,[],"[""event_00000283""]",evaluation_receipt,episode_attempt_47f1d3f673a51e595f73,ec310c38051e1dfb2aa36a9c0a0e9fc20a2953fab6fad1a4356576431582a197,true
result_5e8e87f91d6a8aae986d0dae,runplan_12eea7f2d1cc0300,cell_e7e3d573e39d537102be,housing_v1__experiment__000006,housing_v1,housing_controlled_model_landlords_experiment,episode_attempt_47f1d3f673a51e595f73,ec310c38051e1dfb2aa36a9c0a0e9fc20a2953fab6fad1a4356576431582a197,included,housing_social_welfare_leaf,1.0.0,social_welfare,1.0.0,capture,tenant_2,tenant_2,529.76,utility_points,"{""disagreement_utility"":0.0}",ok,valid,[],"[""event_00000283""]",evaluation_receipt,episode_attempt_47f1d3f673a51e595f73,ec310c38051e1dfb2aa36a9c0a0e9fc20a2953fab6fad1a4356576431582a197,true
result_3441749557f9c96cd99554d7,runplan_12eea7f2d1cc0300,cell_e7e3d573e39d537102be,housing_v1__experiment__000006,housing_v1,housing_controlled_model_landlords_experiment,episode_attempt_47f1d3f673a51e595f73,ec310c38051e1dfb2aa36a9c0a0e9fc20a2953fab6fad1a4356576431582a197,included,housing_social_welfare_leaf,1.0.0,social_welfare,1.0.0,capture,tenant_3,tenant_3,0.0,utility_points,"{""disagreement_utility"":0.0}",ok,valid,[],"[""event_00000283""]",evaluation_receipt,episode_attempt_47f1d3f673a51e595f73,ec310c38051e1dfb2aa36a9c0a0e9fc20a2953fab6fad1a4356576431582a197,true
result_1c21ee7f44cc7c326351dcd6,runplan_12eea7f2d1cc0300,cell_e7e3d573e39d537102be,housing_v1__experiment__000006,housing_v1,housing_controlled_model_landlords_experiment,episode_attempt_47f1d3f673a51e595f73,ec310c38051e1dfb2aa36a9c0a0e9fc20a2953fab6fad1a4356576431582a197,included,housing_social_welfare_leaf,1.0.0,social_welfare,1.0.0,capture,tenant_4,tenant_4,2.16,utility_points,"{""disagreement_utility"":0.0}",ok,valid,[],"[""event_00000283""]",evaluation_receipt,episode_attempt_47f1d3f673a51e595f73,ec310c38051e1dfb2aa36a9c0a0e9fc20a2953fab6fad1a4356576431582a197,true
result_9571f1e059c32f146056fdf8,runplan_12eea7f2d1cc0300,cell_e7e3d573e39d537102be,housing_v1__experiment__000006,housing_v1,housing_controlled_model_landlords_experiment,episode_attempt_47f1d3f673a51e595f73,ec310c38051e1dfb2aa36a9c0a0e9fc20a2953fab6fad1a4356576431582a197,included,housing_social_welfare_leaf,1.0.0,social_welfare,1.0.0,capture,tenant_5,tenant_5,0.0,utility_points,"{""disagreement_utility"":0.0}",ok,valid,[],"[""event_00000283""]",evaluation_receipt,episode_attempt_47f1d3f673a51e595f73,ec310c38051e1dfb2aa36a9c0a0e9fc20a2953fab6fad1a4356576431582a197,true
