sweep_id,split,config_id,difficulty_stratum,tenants,listings,rounds,common_weight,world_seed,world_sha256,case_config_sha256,deterministic_regeneration,finite_values,valid_dimensions,oracle_crosscheck_passed,degenerate_upper_bound,oracle_total,brute_force_oracle_total,no_op_total,random_total,naive_total,adaptive_total,oracle_informed_total,no_op_normalized,random_normalized,naive_normalized,adaptive_normalized,oracle_minus_naive,oracle_minus_naive_normalized,adaptive_minus_naive,adaptive_minus_naive_normalized,naive_is_beatable,adaptive_beats_naive,positive_surplus_edges,positive_surplus_density,viable_favourite_count,max_favourite_collision,max_favourite_share,market_tightness
housing_case_config_sweep_v1,development,mild_cw030_r2,mild_1p2,6,5,2,0.3,1971418798,f040d1dd43a927f0eefac3d6c00a52e5df89b223cc08fcb8a0f50e12b358b898,bec1c92dded02536d18783a964670799737a08a683eb9388eedb82d54121dce4,true,true,true,true,false,2598.99,2598.99,0,1335.91,2121.23,2121.23,2598.99,0.0,0.514011212048,0.816174744805,0.816174744805,477.76,0.183825255195,0.0,0.0,true,false,26,0.866666666667,6,3,0.5,1.2
housing_case_config_sweep_v1,development,mild_cw030_r2,mild_1p2,6,5,2,0.3,1460378342,9bea5d503b6a18e5136de710a17a6fcfb7bf295ac9be276f0800d14aee8b4570,e1a8f4130abc347b87cc1d60861a27cdd6217ff5939b80c424ef24a9e71dc99c,true,true,true,true,false,2423.36,2423.36,0,1406.33,1619.92,1863.75,2423.36,0.0,0.58032236234,0.668460319556,0.769076818962,803.44,0.331539680444,243.83,0.100616499406,true,true,25,0.833333333333,6,4,0.666666666667,1.2
housing_case_config_sweep_v1,development,mild_cw030_r2,mild_1p2,6,5,2,0.3,981417412,0502255a86c58dba1a30e0f2fbb90995c60869b437a7054019d38c6c0fa14965,ceb85aa32949c5be2fc3cc35e66af73aba371116861273634a22243d66a00d16,true,true,true,true,false,2777.77,2777.77,0,1936.09,1840.62,1840.62,2777.77,0.0,0.696994351584,0.66262505535,0.66262505535,937.15,0.33737494465,0.0,0.0,true,false,28,0.933333333333,6,4,0.666666666667,1.2
housing_case_config_sweep_v1,development,mild_cw030_r2,mild_1p2,6,5,2,0.3,123194022,9f8dc0fcb90f348265f713a0f114696049b9b1999af0a35abafe5fa1ddff885a,f8c03587e2f235144176038f0e110fff6ef148bff5d384abfaa9909b2c10d7cc,true,true,true,true,false,2281.62,2281.62,0,980.92,2281.62,2281.62,2281.62,0.0,0.429922598855,1.0,1.0,0.0,0.0,0.0,0.0,false,false,26,0.866666666667,6,4,0.666666666667,1.2
housing_case_config_sweep_v1,development,mild_cw030_r2,mild_1p2,6,5,2,0.3,145537168,3103c7d06ece79796c1b918b35927139af45352afad560185777f35b6135d3eb,d8750d0dfa9bb05aa589188246dfdf1abcf64faed3ac6bfd8a68e38740a3b3c5,true,true,true,true,false,2451.6,2451.6,0,1782.28,2185.69,2185.69,2451.6,0.0,0.726986457823,0.891536139664,0.891536139664,265.91,0.108463860336,0.0,0.0,true,false,27,0.9,6,3,0.5,1.2
housing_case_config_sweep_v1,development,mild_cw030_r2,mild_1p2,6,5,2,0.3,264284765,a4fc71c4d27b17873d2cbddf533e5e0670cf4a85ed69082d36bc53da9b0979f2,9063a8d12ad9e8ed79ffcee553e0a3f93773ac6802718788c194df8cfecad553,true,true,true,true,false,2339.59,2339.59,0,1751.87,2067.08,2067.08,2339.59,0.0,0.74879359204,0.883522326561,0.883522326561,272.51,0.116477673439,0.0,0.0,true,false,29,0.966666666667,6,2,0.333333333333,1.2
housing_case_config_sweep_v1,development,mild_cw030_r2,mild_1p2,6,5,2,0.3,722524881,48c189e80c771f3056df3812cbfe116fefa8597bb185764e521e79baacf8e824,aa00a5f82eaa65658cadf07547ae053fc81fe652a9d7633a0ef7205852affdee,true,true,true,true,false,2327.46,2327.46,0,1590.95,2327.46,2327.46,2327.46,0.0,0.683556323202,1.0,1.0,0.0,0.0,0.0,0.0,false,false,26,0.866666666667,6,3,0.5,1.2
housing_case_config_sweep_v1,development,mild_cw030_r2,mild_1p2,6,5,2,0.3,227922569,909da85a9dd3710bbfd7cc45ecb01614e653404b226ef14ddcf50263c938ed7e,dfb93711b88a25d2e5137cb57254b2628e51e544de6a92d0bc77bde8cc8bb318,true,true,true,true,false,2179.77,2179.77,0,1019.09,1792.63,1758.96,2179.77,0.0,0.467521802759,0.8223941058,0.806947521986,387.14,0.1776058942,-33.67,-0.015446583814,true,false,27,0.9,6,2,0.333333333333,1.2
housing_case_config_sweep_v1,development,mild_cw030_r2,mild_1p2,6,5,2,0.3,1535604354,9bd7e5402fe55eca08d23d739368e1ea27e15b6e77a2213924a0b5193612122c,cfb254762fb557ccfefa4eb9074ff35341da43401436929146a74901776f2f6f,true,true,true,true,false,2289.5,2289.5,0,1144.68,2289.5,2289.5,2289.5,0.0,0.499969425639,1.0,1.0,0.0,0.0,0.0,0.0,false,false,24,0.8,6,2,0.333333333333,1.2
housing_case_config_sweep_v1,development,mild_cw030_r2,mild_1p2,6,5,2,0.3,366965770,adad4bc7b5ef4503050ffdba825fb4f1dcaf45967ebae9e65f31bd6d2341edfa,06268ff4e3c2bb7949bf5f58b109ddcea1043a4ddaeee1066b438d17da9d2cd9,true,true,true,true,false,2245.25,2245.25,0,1559.43,1799.43,1799.43,2245.25,0.0,0.694546264336,0.801438592584,0.801438592584,445.82,0.198561407416,0.0,0.0,true,false,26,0.866666666667,6,3,0.5,1.2
housing_case_config_sweep_v1,development,mild_cw030_r2,mild_1p2,6,5,2,0.3,1063943031,15745a15f44a891fcf1d570ff6bb9944ab8b5dcb356dfd317c5d65a355023649,6977457ebf42ad064b1a6c3df5e2e925fd4f0c774672dcb3685e2909777b7936,true,true,true,true,false,2441.96,2441.96,0,1719.06,2222.41,2222.41,2441.96,0.0,0.703967304952,0.910092712411,0.910092712411,219.55,0.089907287589,0.0,0.0,true,false,25,0.833333333333,6,2,0.333333333333,1.2
housing_case_config_sweep_v1,development,mild_cw030_r2,mild_1p2,6,5,2,0.3,647986875,b1c457b6f45e98a151a89390cf08811d7425fa6bdc94fb98b026cd2edbe16691,6a311585e86383694409e120634804bec53453403a4f265dd16c00459d34e66f,true,true,true,true,false,2499.48,2499.48,0,1260.34,2499.48,2499.48,2499.48,0.0,0.504240882103,1.0,1.0,0.0,0.0,0.0,0.0,false,false,27,0.9,6,4,0.666666666667,1.2
housing_case_config_sweep_v1,development,mild_cw030_r2,mild_1p2,6,5,2,0.3,1758927083,6f5fd2ac9caf815496bcaf465dd693286d825bf32b87499c44747b72288402a5,0998572edc2e7218164c52fd3e37c64fdc9b31fdeeb2dc8c5b00b46d922c9d22,true,true,true,true,false,2253.41,2253.41,0,1733.99,1960.92,1960.92,2253.41,0.0,0.769496008272,0.870201161795,0.870201161795,292.49,0.129798838205,0.0,0.0,true,false,23,0.766666666667,6,3,0.5,1.2
housing_case_config_sweep_v1,development,mild_cw030_r2,mild_1p2,6,5,2,0.3,237549679,f65ef2d9f44324838a8c80f5a1be7f60c75ea9b2e72d1c956928b5268e2e5429,87218b6f3fa7f7b375b78b4d9193292bd7851478f4064dbf53c919a88c8c9e9d,true,true,true,true,false,2568.06,2568.06,0,1394.42,2450.99,2450.99,2568.06,0.0,0.542985755785,0.954413058885,0.954413058885,117.07,0.045586941115,0.0,0.0,true,false,25,0.833333333333,6,3,0.5,1.2
housing_case_config_sweep_v1,development,mild_cw030_r2,mild_1p2,6,5,2,0.3,1515521562,d73c1cb71fefb932b8cf006273eaa9c65c478437d9c2dcd27695ed9b3ccbe40a,e9893320d72eccd1c9cb943ab5ff476d59005d2b44346f3ecc3abfcb2ac6516b,true,true,true,true,false,2577.98,2577.98,0,1434.07,2049.66,2049.66,2577.98,0.0,0.556276619679,0.79506435271,0.79506435271,528.32,0.20493564729,0.0,0.0,true,false,26,0.866666666667,6,3,0.5,1.2
housing_case_config_sweep_v1,development,mild_cw030_r2,mild_1p2,6,5,2,0.3,905398266,cda93f875cc88174ebedcabc8ec97ac84ede11fcd1143e7a8f2b9ecb298f75fb,f1ce32d03e688c703e0bd4024d9290759ef3ecf9efc62f515f1a6ab3c8949e44,true,true,true,true,false,2586.71,2586.71,0,1825.23,2443.45,2443.45,2586.71,0.0,0.705618333713,0.944616907191,0.944616907191,143.26,0.055383092809,0.0,0.0,true,false,27,0.9,6,2,0.333333333333,1.2
housing_case_config_sweep_v1,development,mild_cw030_r4,mild_1p2,6,5,4,0.3,1971418798,f040d1dd43a927f0eefac3d6c00a52e5df89b223cc08fcb8a0f50e12b358b898,b13e457705e98ad6003c2ab45389e6efe6dd259c34cd75dc475078b7d6a72241,true,true,true,true,false,2598.99,2598.99,0,1335.91,2121.23,2121.23,2598.99,0.0,0.514011212048,0.816174744805,0.816174744805,477.76,0.183825255195,0.0,0.0,true,false,26,0.866666666667,6,3,0.5,1.2
housing_case_config_sweep_v1,development,mild_cw030_r4,mild_1p2,6,5,4,0.3,1460378342,9bea5d503b6a18e5136de710a17a6fcfb7bf295ac9be276f0800d14aee8b4570,a4fa565bada7b55a31ba59067b81f8696e8e6f0d2cf71e124699d8d3a8f89db8,true,true,true,true,false,2423.36,2423.36,0,1942.67,2014.57,2258.4,2423.36,0.0,0.801643173115,0.831312722831,0.931929222237,408.79,0.168687277169,243.83,0.100616499406,true,true,25,0.833333333333,6,4,0.666666666667,1.2
housing_case_config_sweep_v1,development,mild_cw030_r4,mild_1p2,6,5,4,0.3,981417412,0502255a86c58dba1a30e0f2fbb90995c60869b437a7054019d38c6c0fa14965,1589932978aea79aca62c062c6fe137b17afc0d5cd54b9681917c2ba1a182d14,true,true,true,true,false,2777.77,2777.77,0,2622.65,2180.13,2180.13,2777.77,0.0,0.944156643639,0.784848997577,0.784848997577,597.64,0.215151002423,0.0,0.0,true,false,28,0.933333333333,6,4,0.666666666667,1.2
housing_case_config_sweep_v1,development,mild_cw030_r4,mild_1p2,6,5,4,0.3,123194022,9f8dc0fcb90f348265f713a0f114696049b9b1999af0a35abafe5fa1ddff885a,ad3a7b946ecdceaf2ef027648d953a39d3b7a2f43c797ea01994afc9108fc792,true,true,true,true,false,2281.62,2281.62,0,1084.02,2281.62,2281.62,2281.62,0.0,0.475109790412,1.0,1.0,0.0,0.0,0.0,0.0,false,false,26,0.866666666667,6,4,0.666666666667,1.2
housing_case_config_sweep_v1,development,mild_cw030_r4,mild_1p2,6,5,4,0.3,145537168,3103c7d06ece79796c1b918b35927139af45352afad560185777f35b6135d3eb,0a7093b4aab333d3d945286ac922f337d91640f276fb6ad11fd635949158d1a5,true,true,true,true,false,2451.6,2451.6,0,1782.28,2185.69,2185.69,2451.6,0.0,0.726986457823,0.891536139664,0.891536139664,265.91,0.108463860336,0.0,0.0,true,false,27,0.9,6,3,0.5,1.2
housing_case_config_sweep_v1,development,mild_cw030_r4,mild_1p2,6,5,4,0.3,264284765,a4fc71c4d27b17873d2cbddf533e5e0670cf4a85ed69082d36bc53da9b0979f2,981b40b0514811cd8dd98f173821985ce017c5cf6007b043bd1a178887a4242b,true,true,true,true,false,2339.59,2339.59,0,1751.87,2067.08,2067.08,2339.59,0.0,0.74879359204,0.883522326561,0.883522326561,272.51,0.116477673439,0.0,0.0,true,false,29,0.966666666667,6,2,0.333333333333,1.2
housing_case_config_sweep_v1,development,mild_cw030_r4,mild_1p2,6,5,4,0.3,722524881,48c189e80c771f3056df3812cbfe116fefa8597bb185764e521e79baacf8e824,c5dd5a7d398e6edd0d6a9b033a0cbf65fce99dfa20226eb7ea1a281df7ad7e53,true,true,true,true,false,2327.46,2327.46,0,2043.13,2327.46,2327.46,2327.46,0.0,0.877836783446,1.0,1.0,0.0,0.0,0.0,0.0,false,false,26,0.866666666667,6,3,0.5,1.2
housing_case_config_sweep_v1,development,mild_cw030_r4,mild_1p2,6,5,4,0.3,227922569,909da85a9dd3710bbfd7cc45ecb01614e653404b226ef14ddcf50263c938ed7e,8054b57ec0566ac7d33b1bd09f4cddbe8c22aaa0149b7574304cdd439475228d,true,true,true,true,false,2179.77,2179.77,0,1019.09,1792.63,1758.96,2179.77,0.0,0.467521802759,0.8223941058,0.806947521986,387.14,0.1776058942,-33.67,-0.015446583814,true,false,27,0.9,6,2,0.333333333333,1.2
housing_case_config_sweep_v1,development,mild_cw030_r4,mild_1p2,6,5,4,0.3,1535604354,9bd7e5402fe55eca08d23d739368e1ea27e15b6e77a2213924a0b5193612122c,9cd707b1eebbf8611b73fd0c8443eb41671e292812ae2e4a95f71a61ed704ac8,true,true,true,true,false,2289.5,2289.5,0,1144.68,2289.5,2289.5,2289.5,0.0,0.499969425639,1.0,1.0,0.0,0.0,0.0,0.0,false,false,24,0.8,6,2,0.333333333333,1.2
housing_case_config_sweep_v1,development,mild_cw030_r4,mild_1p2,6,5,4,0.3,366965770,adad4bc7b5ef4503050ffdba825fb4f1dcaf45967ebae9e65f31bd6d2341edfa,0acd5b3cabe24bda2469a9ab8d03978f8fd50b89ab4529fc8f60db6544cb5048,true,true,true,true,false,2245.25,2245.25,0,1881.3,1799.43,1799.43,2245.25,0.0,0.837902238058,0.801438592584,0.801438592584,445.82,0.198561407416,0.0,0.0,true,false,26,0.866666666667,6,3,0.5,1.2
housing_case_config_sweep_v1,development,mild_cw030_r4,mild_1p2,6,5,4,0.3,1063943031,15745a15f44a891fcf1d570ff6bb9944ab8b5dcb356dfd317c5d65a355023649,5b440785a28f35e7d214a566821f801a9a96e552a6b373f3cbf6b883d4ed97d6,true,true,true,true,false,2441.96,2441.96,0,1719.06,2222.41,2222.41,2441.96,0.0,0.703967304952,0.910092712411,0.910092712411,219.55,0.089907287589,0.0,0.0,true,false,25,0.833333333333,6,2,0.333333333333,1.2
housing_case_config_sweep_v1,development,mild_cw030_r4,mild_1p2,6,5,4,0.3,647986875,b1c457b6f45e98a151a89390cf08811d7425fa6bdc94fb98b026cd2edbe16691,c75e066d5651f27f7deddf761e184ed6aa35a428a6355719de830b81726c798e,true,true,true,true,false,2499.48,2499.48,0,1682.06,2499.48,2499.48,2499.48,0.0,0.672963976507,1.0,1.0,0.0,0.0,0.0,0.0,false,false,27,0.9,6,4,0.666666666667,1.2
housing_case_config_sweep_v1,development,mild_cw030_r4,mild_1p2,6,5,4,0.3,1758927083,6f5fd2ac9caf815496bcaf465dd693286d825bf32b87499c44747b72288402a5,71dc523bc113e41d92f2710afa133dbb5290a0daf06afd6a05249c434999d8a7,true,true,true,true,false,2253.41,2253.41,0,1733.99,1960.92,1960.92,2253.41,0.0,0.769496008272,0.870201161795,0.870201161795,292.49,0.129798838205,0.0,0.0,true,false,23,0.766666666667,6,3,0.5,1.2
housing_case_config_sweep_v1,development,mild_cw030_r4,mild_1p2,6,5,4,0.3,237549679,f65ef2d9f44324838a8c80f5a1be7f60c75ea9b2e72d1c956928b5268e2e5429,afff8e1eb24c749e43292fbd92d4742e2856013dd832e88484a7044eab325321,true,true,true,true,false,2568.06,2568.06,0,1394.42,2450.99,2450.99,2568.06,0.0,0.542985755785,0.954413058885,0.954413058885,117.07,0.045586941115,0.0,0.0,true,false,25,0.833333333333,6,3,0.5,1.2
housing_case_config_sweep_v1,development,mild_cw030_r4,mild_1p2,6,5,4,0.3,1515521562,d73c1cb71fefb932b8cf006273eaa9c65c478437d9c2dcd27695ed9b3ccbe40a,b7ee78371487b63da6cdcd07e9e534f9c606f5672ed7d94a2595b92d4fb5b18e,true,true,true,true,false,2577.98,2577.98,0,1871.53,2435.88,2435.88,2577.98,0.0,0.725967618058,0.944879324122,0.944879324122,142.1,0.055120675878,0.0,0.0,true,false,26,0.866666666667,6,3,0.5,1.2
housing_case_config_sweep_v1,development,mild_cw030_r4,mild_1p2,6,5,4,0.3,905398266,cda93f875cc88174ebedcabc8ec97ac84ede11fcd1143e7a8f2b9ecb298f75fb,33c72b5e59c7aaf937bc4fb7904026ba60589df044f166ce24aa94c056d29bfe,true,true,true,true,false,2586.71,2586.71,0,1825.23,2443.45,2443.45,2586.71,0.0,0.705618333713,0.944616907191,0.944616907191,143.26,0.055383092809,0.0,0.0,true,false,27,0.9,6,2,0.333333333333,1.2
housing_case_config_sweep_v1,development,mild_cw060_r2,mild_1p2,6,5,2,0.6,1971418798,d23eb19d66e0c0dfd4d664922849b4b6a2027ed98f2e44ecf8b270f23679498f,75f4e9a7bc0f090acc024ab220aad7c8b4a4dfb013f7b9bd9fb6ef7ae28f4ed4,true,true,true,true,false,2157.19,2157.19,0,2013.2,1874.83,1874.83,2157.19,0.0,0.933251127624,0.869107496326,0.869107496326,282.36,0.130892503674,0.0,0.0,true,false,28,0.933333333333,6,3,0.5,1.2
housing_case_config_sweep_v1,development,mild_cw060_r2,mild_1p2,6,5,2,0.6,1460378342,78b44cdfb98cdf159497ac0a134721d6f2094342795d85b960e62d6d027bc64f,8fc74c1ffaf92d2a3825233ede587e832fc21a8bb4ffb05724163de08b0ff3af,true,true,true,true,false,2288.76,2288.76,0,1569.33,1156.49,1156.49,2288.76,0.0,0.685668222094,0.505291074643,0.505291074643,1132.27,0.494708925357,0.0,0.0,true,false,30,1.0,6,4,0.666666666667,1.2
housing_case_config_sweep_v1,development,mild_cw060_r2,mild_1p2,6,5,2,0.6,981417412,79a29a4ef63308f69d9940b9e19a267255406c6ae9c26093811d528225642084,4153909590414884aec0a66efbd81e3762020a6fbd3f68daab5e568b22e74c97,true,true,true,true,false,2392.97,2392.97,0,1755.43,2285.81,2182.36,2392.97,0.0,0.733577938712,0.955218828485,0.911988031609,107.16,0.044781171515,-103.45,-0.043230796876,true,false,27,0.9,6,3,0.5,1.2
housing_case_config_sweep_v1,development,mild_cw060_r2,mild_1p2,6,5,2,0.6,123194022,75aa5d18cee0eebed2541509696fe2d87a9652ea21839a2edaa78cba175fe943,f62b4f2d45e912bbae5aed5debb1493227092c7eaf322c83537ad8127693cb37,true,true,true,true,false,1833.52,1833.52,0,1146.47,1315.08,1315.08,1833.52,0.0,0.625283607487,0.717243335224,0.717243335224,518.44,0.282756664776,0.0,0.0,true,false,28,0.933333333333,6,6,1.0,1.2
housing_case_config_sweep_v1,development,mild_cw060_r2,mild_1p2,6,5,2,0.6,145537168,947cb400016c2df52da81473394cd1655e4d1222ebf47713084826efdf48c852,ca965c405c06bd3c605e359426205a91c26238684ac8e3689cd2c7fe8e8de25d,true,true,true,true,false,1714.8,1714.8,0,883.77,1248.88,1248.88,1714.8,0.0,0.515377886634,0.72829484488,0.72829484488,465.92,0.27170515512,0.0,0.0,true,false,25,0.833333333333,6,5,0.833333333333,1.2
housing_case_config_sweep_v1,development,mild_cw060_r2,mild_1p2,6,5,2,0.6,264284765,b023e928f87663cc283f3e8586c899a32e68f4541542904d60d27dd15b1e1b10,18b4b413badbd3148a039c74afe5a65db23c9bcfcfd3395f6acaea34ccd3f3ac,true,true,true,true,false,1947.29,1947.29,0,1233.75,1535.86,1535.86,1947.29,0.0,0.633572811446,0.788716626697,0.788716626697,411.43,0.211283373303,0.0,0.0,true,false,26,0.866666666667,6,3,0.5,1.2
housing_case_config_sweep_v1,development,mild_cw060_r2,mild_1p2,6,5,2,0.6,722524881,df4162a6939e3b58b8bd0065b56c3cc0765ae81f4f688b8811701fb538616f05,188d1235dc891254de9fd2202d4e6c1dcba579396e60d476eaca63148319f710,true,true,true,true,false,1426.86,1426.86,0,1009.45,1426.86,1426.86,1426.86,0.0,0.707462540123,1.0,1.0,0.0,0.0,0.0,0.0,false,false,25,0.833333333333,6,2,0.333333333333,1.2
housing_case_config_sweep_v1,development,mild_cw060_r2,mild_1p2,6,5,2,0.6,227922569,2a84ef1b6ad4be4348ad7c0763efe6cdf9c8f4ee14cb5856001cf9e3e062aa96,85e1454d2306e43555a1506dce972dc8884d026dd41c59e7b28a247d7750e36f,true,true,true,true,false,1786.26,1786.26,0,1158.05,1520.5,1520.5,1786.26,0.0,0.648309876502,0.851219867209,0.851219867209,265.76,0.148780132791,0.0,0.0,true,false,23,0.766666666667,6,5,0.833333333333,1.2
housing_case_config_sweep_v1,development,mild_cw060_r2,mild_1p2,6,5,2,0.6,1535604354,29ae84ebaf7670fac3c8e787a228e40ce9f3cd6eac059360c96bf845c7705e30,9a38747fd7e3e8206603d6461fa844b74c9ea315aebb613e1d5ffe36622215cb,true,true,true,true,false,1668.67,1668.67,0,1023.45,1317.57,1415.29,1668.67,0.0,0.613332774006,0.789592909323,0.848154518269,351.1,0.210407090677,97.72,0.058561608946,true,true,23,0.766666666667,6,4,0.666666666667,1.2
housing_case_config_sweep_v1,development,mild_cw060_r2,mild_1p2,6,5,2,0.6,366965770,48a6b3d5f5da43008d644e5a102d868179bad7b20f43724d36a0c305f23aaa84,eb52171f93a67442b305b6d9b7841ece0febe6094ade78b608357a8352e6b081,true,true,true,true,false,1649.45,1649.45,0,1400.85,1401.43,1401.43,1649.45,0.0,0.849283094365,0.849634726727,0.849634726727,248.02,0.150365273273,0.0,0.0,true,false,26,0.866666666667,6,3,0.5,1.2
housing_case_config_sweep_v1,development,mild_cw060_r2,mild_1p2,6,5,2,0.6,1063943031,94013b050758b7ddf6e29812d7615f1649b1a6d821432f6843cfa192bb91d2db,5e1e508add94b8206dae110db679e877dc70db4bd873ae695780f25786370d86,true,true,true,true,false,1983.57,1983.57,0,1473.22,1623.24,1623.24,1983.57,0.0,0.742711373937,0.818342685159,0.818342685159,360.33,0.181657314841,0.0,0.0,true,false,27,0.9,6,5,0.833333333333,1.2
housing_case_config_sweep_v1,development,mild_cw060_r2,mild_1p2,6,5,2,0.6,647986875,df515bcc2cbec50727849a0216c66b2c225fd9fc77669b23009646421d647f97,85ef402ef225f17ee57d08bda29690fc077e09aa7f33cdac4128f29c6c339109,true,true,true,true,false,2338.58,2338.58,0,1595.44,2238.22,2238.22,2338.58,0.0,0.682225966185,0.957085068717,0.957085068717,100.36,0.042914931283,0.0,0.0,true,false,30,1.0,6,4,0.666666666667,1.2
housing_case_config_sweep_v1,development,mild_cw060_r2,mild_1p2,6,5,2,0.6,1758927083,4a2db392ce216e8f7a35982c605a27eeeb7ea8222db57e844666475f05c80cbd,3b950d7b2b13d2367f0441c4c8216be8f6cd4a39d54961b7f88d5495c164d634,true,true,true,true,false,1710.11,1710.11,0,1319.88,1323.79,1323.79,1710.11,0.0,0.771810000526,0.774096403155,0.774096403155,386.32,0.225903596845,0.0,0.0,true,false,25,0.833333333333,6,3,0.5,1.2
housing_case_config_sweep_v1,development,mild_cw060_r2,mild_1p2,6,5,2,0.6,237549679,fa40495b552eb82bfd1c634f6f28f9cac99dfd2d15d4134b0b74dada2cb1b5d2,c080228a152d522fc84519189c2d185a7e947464d5bb1e8de9835b5f1a561801,true,true,true,true,false,2112.26,2112.26,0,1440.07,2038.79,2038.79,2112.26,0.0,0.681767396059,0.965217350137,0.965217350137,73.47,0.034782649863,0.0,0.0,true,false,26,0.866666666667,6,3,0.5,1.2
housing_case_config_sweep_v1,development,mild_cw060_r2,mild_1p2,6,5,2,0.6,1515521562,3aba764bd2ecd1d4ef3bd3a2088aac211d7ec6066b879ce32ae29f3740e3b151,23f37ba9a196f3e8758256172d4bab10d0332ace8dc1bb27e9ee4d130b54e953,true,true,true,true,false,1839.78,1839.78,0,1082.04,1564.28,1564.28,1839.78,0.0,0.588135537945,0.850253834698,0.850253834698,275.5,0.149746165302,0.0,0.0,true,false,26,0.866666666667,6,6,1.0,1.2
housing_case_config_sweep_v1,development,mild_cw060_r2,mild_1p2,6,5,2,0.6,905398266,f2a9928502a655034c0c97d2df65fe22c435c90654b7ef078454ef782d1b68ea,8aa12c007f2f01192d257b8407c82a86932e4dd1c42eaa289ab15887e93020a1,true,true,true,true,false,2302.49,2302.49,0,1441.26,2119.2,2277.86,2302.49,0.0,0.625957115992,0.920394876851,0.989302885137,183.29,0.079605123149,158.66,0.068908008287,true,true,29,0.966666666667,6,2,0.333333333333,1.2
housing_case_config_sweep_v1,development,mild_cw060_r4,mild_1p2,6,5,4,0.6,1971418798,d23eb19d66e0c0dfd4d664922849b4b6a2027ed98f2e44ecf8b270f23679498f,1ffcb606b5594667deb647ca645646e3162dcfd0f2bc24424c05bc797fae72f1,true,true,true,true,false,2157.19,2157.19,0,2013.2,1874.83,1874.83,2157.19,0.0,0.933251127624,0.869107496326,0.869107496326,282.36,0.130892503674,0.0,0.0,true,false,28,0.933333333333,6,3,0.5,1.2
housing_case_config_sweep_v1,development,mild_cw060_r4,mild_1p2,6,5,4,0.6,1460378342,78b44cdfb98cdf159497ac0a134721d6f2094342795d85b960e62d6d027bc64f,0a273d4a970b01df8f763ed4f66988bd88da2e8fd1bdcd65d8690e614876d5e2,true,true,true,true,false,2288.76,2288.76,0,2014.87,1677.9,1841.17,2288.76,0.0,0.880332581835,0.733104388402,0.804439958755,610.86,0.266895611598,163.27,0.071335570353,true,true,30,1.0,6,4,0.666666666667,1.2
housing_case_config_sweep_v1,development,mild_cw060_r4,mild_1p2,6,5,4,0.6,981417412,79a29a4ef63308f69d9940b9e19a267255406c6ae9c26093811d528225642084,d7bb4831b2a89739b5a568daae886b3acedbd254461f9b821869d46bb0eab0d0,true,true,true,true,false,2392.97,2392.97,0,2253.47,2285.81,2182.36,2392.97,0.0,0.941704242009,0.955218828485,0.911988031609,107.16,0.044781171515,-103.45,-0.043230796876,true,false,27,0.9,6,3,0.5,1.2
housing_case_config_sweep_v1,development,mild_cw060_r4,mild_1p2,6,5,4,0.6,123194022,75aa5d18cee0eebed2541509696fe2d87a9652ea21839a2edaa78cba175fe943,7b331506d76699248a0e5f129c582732a0d6b59c559dce9d5c89598053e8c74e,true,true,true,true,false,1833.52,1833.52,0,1146.47,1386.77,1315.08,1833.52,0.0,0.625283607487,0.756342990532,0.717243335224,446.75,0.243657009468,-71.69,-0.039099655308,true,false,28,0.933333333333,6,6,1.0,1.2
housing_case_config_sweep_v1,development,mild_cw060_r4,mild_1p2,6,5,4,0.6,145537168,947cb400016c2df52da81473394cd1655e4d1222ebf47713084826efdf48c852,ee8f8a389f7b3ce5cf1cbc51d14e5b0d24bd11e015ec197319bbc03b1975b394,true,true,true,true,false,1714.8,1714.8,0,1063.86,1372.22,1248.88,1714.8,0.0,0.620398880336,0.800221600187,0.72829484488,342.58,0.199778399813,-123.34,-0.071926755307,true,false,25,0.833333333333,6,5,0.833333333333,1.2
housing_case_config_sweep_v1,development,mild_cw060_r4,mild_1p2,6,5,4,0.6,264284765,b023e928f87663cc283f3e8586c899a32e68f4541542904d60d27dd15b1e1b10,21e125faf9ed2ae677ca0ae1bf8428055c9c7cccca9750226a11a1c41e729871,true,true,true,true,false,1947.29,1947.29,0,1663.87,1841.85,1737.53,1947.29,0.0,0.854454138829,0.945852954619,0.892281067535,105.44,0.054147045381,-104.32,-0.053571887084,true,false,26,0.866666666667,6,3,0.5,1.2
housing_case_config_sweep_v1,development,mild_cw060_r4,mild_1p2,6,5,4,0.6,722524881,df4162a6939e3b58b8bd0065b56c3cc0765ae81f4f688b8811701fb538616f05,177663abdf229de57c1b832b0f23fc9c3dcaeb382e8ca31b357a45fdfb23ad08,true,true,true,true,false,1426.86,1426.86,0,1271.73,1426.86,1426.86,1426.86,0.0,0.891278751945,1.0,1.0,0.0,0.0,0.0,0.0,false,false,25,0.833333333333,6,2,0.333333333333,1.2
housing_case_config_sweep_v1,development,mild_cw060_r4,mild_1p2,6,5,4,0.6,227922569,2a84ef1b6ad4be4348ad7c0763efe6cdf9c8f4ee14cb5856001cf9e3e062aa96,58610bd628d6f8d459913c022100cceda7d9df9be596b16b3a41c98afb3d3b00,true,true,true,true,false,1786.26,1786.26,0,1158.05,1520.5,1520.5,1786.26,0.0,0.648309876502,0.851219867209,0.851219867209,265.76,0.148780132791,0.0,0.0,true,false,23,0.766666666667,6,5,0.833333333333,1.2
housing_case_config_sweep_v1,development,mild_cw060_r4,mild_1p2,6,5,4,0.6,1535604354,29ae84ebaf7670fac3c8e787a228e40ce9f3cd6eac059360c96bf845c7705e30,cfada9b43c9c29b661eaa137deb4dc175feb38a4e975211f39d4ffb989f004ea,true,true,true,true,false,1668.67,1668.67,0,1023.45,1395.53,1415.29,1668.67,0.0,0.613332774006,0.836312752072,0.848154518269,273.14,0.163687247928,19.76,0.011841766197,true,true,23,0.766666666667,6,4,0.666666666667,1.2
housing_case_config_sweep_v1,development,mild_cw060_r4,mild_1p2,6,5,4,0.6,366965770,48a6b3d5f5da43008d644e5a102d868179bad7b20f43724d36a0c305f23aaa84,5a2f830156385701bb664a76569514cd06d8daa089485c15e8c077def44e9f36,true,true,true,true,false,1649.45,1649.45,0,1400.85,1401.43,1401.43,1649.45,0.0,0.849283094365,0.849634726727,0.849634726727,248.02,0.150365273273,0.0,0.0,true,false,26,0.866666666667,6,3,0.5,1.2
housing_case_config_sweep_v1,development,mild_cw060_r4,mild_1p2,6,5,4,0.6,1063943031,94013b050758b7ddf6e29812d7615f1649b1a6d821432f6843cfa192bb91d2db,598e4c393af5c50d97f09c304ad0d8ed5ac2106bf7f717b451884b80741299f9,true,true,true,true,false,1983.57,1983.57,0,1846.55,1623.24,1623.24,1983.57,0.0,0.930922528572,0.818342685159,0.818342685159,360.33,0.181657314841,0.0,0.0,true,false,27,0.9,6,5,0.833333333333,1.2
housing_case_config_sweep_v1,development,mild_cw060_r4,mild_1p2,6,5,4,0.6,647986875,df515bcc2cbec50727849a0216c66b2c225fd9fc77669b23009646421d647f97,1bda48c57a3a294bb26161ec7d84aed12a931e406b5250ab7d8fbec6f904a687,true,true,true,true,false,2338.58,2338.58,0,1886.66,2238.22,2238.22,2338.58,0.0,0.806754526251,0.957085068717,0.957085068717,100.36,0.042914931283,0.0,0.0,true,false,30,1.0,6,4,0.666666666667,1.2
housing_case_config_sweep_v1,development,mild_cw060_r4,mild_1p2,6,5,4,0.6,1758927083,4a2db392ce216e8f7a35982c605a27eeeb7ea8222db57e844666475f05c80cbd,e97664916226b353d52624bda95091edfdcd495875c4a3e4f351eaac7811f8b8,true,true,true,true,false,1710.11,1710.11,0,1319.88,1323.79,1323.79,1710.11,0.0,0.771810000526,0.774096403155,0.774096403155,386.32,0.225903596845,0.0,0.0,true,false,25,0.833333333333,6,3,0.5,1.2
housing_case_config_sweep_v1,development,mild_cw060_r4,mild_1p2,6,5,4,0.6,237549679,fa40495b552eb82bfd1c634f6f28f9cac99dfd2d15d4134b0b74dada2cb1b5d2,49d5743afe79cba01080ed5ffff1b111fbad650501f4237c5ed4871ae398aa53,true,true,true,true,false,2112.26,2112.26,0,1440.07,2038.79,2038.79,2112.26,0.0,0.681767396059,0.965217350137,0.965217350137,73.47,0.034782649863,0.0,0.0,true,false,26,0.866666666667,6,3,0.5,1.2
housing_case_config_sweep_v1,development,mild_cw060_r4,mild_1p2,6,5,4,0.6,1515521562,3aba764bd2ecd1d4ef3bd3a2088aac211d7ec6066b879ce32ae29f3740e3b151,98be88f1158c95b63bdff5d1a3f75df5c77d049ad876e96109600675c596400a,true,true,true,true,false,1839.78,1839.78,0,1211.46,1693.7,1564.28,1839.78,0.0,0.658480905326,0.920599202079,0.850253834698,146.08,0.079400797921,-129.42,-0.070345367381,true,false,26,0.866666666667,6,6,1.0,1.2
housing_case_config_sweep_v1,development,mild_cw060_r4,mild_1p2,6,5,4,0.6,905398266,f2a9928502a655034c0c97d2df65fe22c435c90654b7ef078454ef782d1b68ea,84b1458824afed4f80131b918ccd829dfa5b22f49c9762169f98ccb431b48226,true,true,true,true,false,2302.49,2302.49,0,1441.26,2119.2,2277.86,2302.49,0.0,0.625957115992,0.920394876851,0.989302885137,183.29,0.079605123149,158.66,0.068908008287,true,true,29,0.966666666667,6,2,0.333333333333,1.2
housing_case_config_sweep_v1,development,mild_cw085_r2,mild_1p2,6,5,2,0.85,1971418798,20aff257252d69899cf70f0e60ce2333603a4480c018f710c6c08e263d846cde,0e6aa565f34e7a7a593a30ac41396252a5d415165ffd8950d067004202e14aab,true,true,true,true,false,1788.99,1788.99,0,1432.96,1608.25,1513.75,1788.99,0.0,0.800988267123,0.89897092773,0.846147826427,180.74,0.10102907227,-94.5,-0.052823101303,true,false,27,0.9,6,4,0.666666666667,1.2
housing_case_config_sweep_v1,development,mild_cw085_r2,mild_1p2,6,5,2,0.85,1460378342,ff3130e5a20da346f3a786edf64c0ddb30088798aea795da18596a52c277d29e,691d9a41e6b8deacabcd94b15c932fc446fb573afb062544e273b504109ec441,true,true,true,true,false,2177.14,2177.14,0,1705.33,1409.47,1409.47,2177.14,0.0,0.783289085681,0.647395206555,0.647395206555,767.67,0.352604793445,0.0,0.0,true,false,30,1.0,6,6,1.0,1.2
housing_case_config_sweep_v1,development,mild_cw085_r2,mild_1p2,6,5,2,0.85,981417412,c4bf9fb4a4f20441f942120da32ef79085c5429188fb3c59816a757b3dd17b67,b62411fae6c3a55a93736c53146258d83a9a39f0cb526218fa11059e405d4d4d,true,true,true,true,false,2130.18,2130.18,0,1410.12,1994.8,1994.8,2130.18,0.0,0.661972227699,0.936446685257,0.936446685257,135.38,0.063553314743,0.0,0.0,true,false,23,0.766666666667,6,5,0.833333333333,1.2
housing_case_config_sweep_v1,development,mild_cw085_r2,mild_1p2,6,5,2,0.85,123194022,d54db2a9526170043bb4d22ad4c772de1108f5f1572a4abb947f88370c977658,23f2ed5b6b9d97f0fd43b721acb15d675df007f379c02364c759d0298c4b2ef8,true,true,true,true,false,1460.22,1460.22,0,1315.93,1290.4,1290.4,1460.22,0.0,0.901186122639,0.883702455794,0.883702455794,169.82,0.116297544206,0.0,0.0,true,false,26,0.866666666667,6,6,1.0,1.2
housing_case_config_sweep_v1,development,mild_cw085_r2,mild_1p2,6,5,2,0.85,145537168,63addb92db0e5159721a3a0d663c3ddc1bb0ab6301da02241d758b7140fd9042,e8ac2b81690583f9fa42ff2229e546d259f52d59abbc2042ccd32caf37f2f586,true,true,true,true,false,1226.07,1226.07,0,1226.07,1178.08,1178.08,1226.07,0.0,1.0,0.960858678542,0.960858678542,47.99,0.039141321458,0.0,0.0,true,false,18,0.6,6,6,1.0,1.2
housing_case_config_sweep_v1,development,mild_cw085_r2,mild_1p2,6,5,2,0.85,264284765,50e4fa7c1427fb3d4892ab683e612c5924cffe35ee9c17ae40cb11a02eeab6fe,96252fca7278285051606d251a69b8d244f8e2c2446c6242f4f1e525d1337a65,true,true,true,true,false,1638.36,1638.36,0,1524.79,1566.56,1566.56,1638.36,0.0,0.930680680681,0.956175687883,0.956175687883,71.8,0.043824312117,0.0,0.0,true,false,21,0.7,6,5,0.833333333333,1.2
housing_case_config_sweep_v1,development,mild_cw085_r2,mild_1p2,6,5,2,0.85,722524881,44848ba716f1d5fdfee5f32037f983fe680b599cacc2a632aa81c1d276a92f12,a6b8f080fb207c6d112b9dc2e66839933c787be0d52fd37cde8ba75c93dd94c4,true,true,true,true,false,683.52,683.52,0,645.77,407.56,477.18,683.52,0.0,0.944771184457,0.596266385768,0.698121488764,275.96,0.403733614232,69.62,0.101855102996,true,true,24,0.8,6,6,1.0,1.2
housing_case_config_sweep_v1,development,mild_cw085_r2,mild_1p2,6,5,2,0.85,227922569,8882ef9e95a4aac9b44be7cd623a7000bad4df11f9148787b600cb99c126cf14,31d33de11a84414ba8a236a5abddaa449d277dee6f519a13184d6ea6d40b6e7d,true,true,true,true,false,1526.36,1526.36,0,1297.65,1319.06,1319.06,1526.36,0.0,0.850159857439,0.864186692523,0.864186692523,207.3,0.135813307477,0.0,0.0,true,false,23,0.766666666667,6,6,1.0,1.2
housing_case_config_sweep_v1,development,mild_cw085_r2,mild_1p2,6,5,2,0.85,1535604354,ab91830011ad2b85a2d6ce1a7f6f02b846e16c93574123cfbfd04751f8e078b6,e95d4560e31f2084e87480cd301ea3b4877ecbd1290e585d21dea26d151be0ae,true,true,true,true,false,1230.5,1230.5,0,1099.74,952.29,952.29,1230.5,0.0,0.893734254368,0.773904916701,0.773904916701,278.21,0.226095083299,0.0,0.0,true,false,18,0.6,6,6,1.0,1.2
housing_case_config_sweep_v1,development,mild_cw085_r2,mild_1p2,6,5,2,0.85,366965770,be86c419867490f1e631c655d82f11eeee64fd8575b55ed0ae85b38f3af44d9b,090eeb0bef267c320abadf30406c6339198af46cc80f69a042a676d9992c2c75,true,true,true,true,false,1184.26,1184.26,0,1093.0,923.11,923.11,1184.26,0.0,0.922939219428,0.779482546063,0.779482546063,261.15,0.220517453937,0.0,0.0,true,false,22,0.733333333333,6,6,1.0,1.2
housing_case_config_sweep_v1,development,mild_cw085_r2,mild_1p2,6,5,2,0.85,1063943031,fdd6ba72720a04776c6de3a3b358271bf204e37eada36725049334f3c5fad0af,c0e4c55a4041dcb81ac86a019cdcd2d9c82f21163e49380d2fd4cb322287d3de,true,true,true,true,false,1633.51,1633.51,0,1588.68,1032.82,1032.82,1633.51,0.0,0.972556029654,0.632270387081,0.632270387081,600.69,0.367729612919,0.0,0.0,true,false,24,0.8,6,6,1.0,1.2
housing_case_config_sweep_v1,development,mild_cw085_r2,mild_1p2,6,5,2,0.85,647986875,f6a8eb7105fdfd05312f02ef3a2f82d40484bb2e837482e65881ddb621e14efe,e6c9afa4fa06bf256cd140804a861bf976d2f54887530187b65567191793a48e,true,true,true,true,false,2204.78,2204.78,0,1796.17,1592.13,1592.13,2204.78,0.0,0.814670851514,0.722126470668,0.722126470668,612.65,0.277873529332,0.0,0.0,true,false,30,1.0,6,4,0.666666666667,1.2
housing_case_config_sweep_v1,development,mild_cw085_r2,mild_1p2,6,5,2,0.85,1758927083,51b7abdf79d87d6a53e4054c203d7a3268116c347b9badcaa37eb906c0acadc2,b919cfb77c005f2672f51bd93d25cce8267725aeac540053033f61051ab8e518,true,true,true,true,false,1321.9,1321.9,0,1022.88,998.42,998.42,1321.9,0.0,0.773795294652,0.75529162569,0.75529162569,323.48,0.24470837431,0.0,0.0,true,false,22,0.733333333333,6,3,0.5,1.2
housing_case_config_sweep_v1,development,mild_cw085_r2,mild_1p2,6,5,2,0.85,237549679,1866a3a44e669a31b3b24955f032cdecd5b85447a624ba2753e77636131445b3,35f9a5805101f61bd4820e753f021ac6d446a616a43203cfd1346dca3cf5599f,true,true,true,true,false,1752.13,1752.13,0,1527.97,1400.73,1400.73,1752.13,0.0,0.872064287467,0.799444105175,0.799444105175,351.4,0.200555894825,0.0,0.0,true,false,24,0.8,6,6,1.0,1.2
housing_case_config_sweep_v1,development,mild_cw085_r2,mild_1p2,6,5,2,0.85,1515521562,ffe308e0ecb85a9e9d3e8391fcac0293b15d81eec77965b8d41e9ba464caa026,05c79cab8fc0f60fe59c53feeb4d45d11d89d2188d254eaa59862c96ca344879,true,true,true,true,false,1346.68,1346.68,0,1174.72,992.33,992.33,1346.68,0.0,0.872308194968,0.736871417115,0.736871417115,354.35,0.263128582885,0.0,0.0,true,false,24,0.8,6,6,1.0,1.2
housing_case_config_sweep_v1,development,mild_cw085_r2,mild_1p2,6,5,2,0.85,905398266,34fd21d31d34119732be9d341ceacca8a29cb75d539801ee1d428bec0c747e46,8a98505ddb69e146487259df0cd1b2f63addf75c9541ee4e0a469a7be9ddc3dd,true,true,true,true,false,2084.89,2084.89,0,1912.91,1967.79,1967.79,2084.89,0.0,0.917511235605,0.94383396726,0.94383396726,117.1,0.05616603274,0.0,0.0,true,false,28,0.933333333333,6,3,0.5,1.2
housing_case_config_sweep_v1,development,mild_cw085_r4,mild_1p2,6,5,4,0.85,1971418798,20aff257252d69899cf70f0e60ce2333603a4480c018f710c6c08e263d846cde,cfe016391f905af89266e4328a037e05cb61845c24ec202d8c91c0e4545bf628,true,true,true,true,false,1788.99,1788.99,0,1432.96,1608.25,1513.75,1788.99,0.0,0.800988267123,0.89897092773,0.846147826427,180.74,0.10102907227,-94.5,-0.052823101303,true,false,27,0.9,6,4,0.666666666667,1.2
housing_case_config_sweep_v1,development,mild_cw085_r4,mild_1p2,6,5,4,0.85,1460378342,ff3130e5a20da346f3a786edf64c0ddb30088798aea795da18596a52c277d29e,4f6389916b9c9a8d86e65eb5438340109f47f6a943bd126d02748a113b6dbd2e,true,true,true,true,false,2177.14,2177.14,0,2075.17,2064.3,2064.3,2177.14,0.0,0.953163324361,0.948170535657,0.948170535657,112.84,0.051829464343,0.0,0.0,true,false,30,1.0,6,6,1.0,1.2
housing_case_config_sweep_v1,development,mild_cw085_r4,mild_1p2,6,5,4,0.85,981417412,c4bf9fb4a4f20441f942120da32ef79085c5429188fb3c59816a757b3dd17b67,c57fb441bc37468cd930817e1ae8f2ee840c67db9a2a8167088d7ca16b333291,true,true,true,true,false,2130.18,2130.18,0,2130.18,1994.8,1994.8,2130.18,0.0,1.0,0.936446685257,0.936446685257,135.38,0.063553314743,0.0,0.0,true,false,23,0.766666666667,6,5,0.833333333333,1.2
housing_case_config_sweep_v1,development,mild_cw085_r4,mild_1p2,6,5,4,0.85,123194022,d54db2a9526170043bb4d22ad4c772de1108f5f1572a4abb947f88370c977658,2b70b76a390eca46ed783adc82dc22fd237e950c219a6d6f7d26a685685c288f,true,true,true,true,false,1460.22,1460.22,0,1406.34,1362.42,1290.4,1460.22,0.0,0.963101450466,0.933023790936,0.883702455794,97.8,0.066976209064,-72.02,-0.049321335141,true,false,26,0.866666666667,6,6,1.0,1.2
housing_case_config_sweep_v1,development,mild_cw085_r4,mild_1p2,6,5,4,0.85,145537168,63addb92db0e5159721a3a0d663c3ddc1bb0ab6301da02241d758b7140fd9042,7fb7f517b38833a92a1886613cc49a9fe6e9098637668fc23e8e8a90d97c923d,true,true,true,true,false,1226.07,1226.07,0,1226.07,1178.08,1178.08,1226.07,0.0,1.0,0.960858678542,0.960858678542,47.99,0.039141321458,0.0,0.0,true,false,18,0.6,6,6,1.0,1.2
housing_case_config_sweep_v1,development,mild_cw085_r4,mild_1p2,6,5,4,0.85,264284765,50e4fa7c1427fb3d4892ab683e612c5924cffe35ee9c17ae40cb11a02eeab6fe,0e314b59212ee1652a3da158c6977696e2f1da47c9afeae293b1e1663129e195,true,true,true,true,false,1638.36,1638.36,0,1524.79,1600.03,1566.56,1638.36,0.0,0.930680680681,0.976604653434,0.956175687883,38.33,0.023395346566,-33.47,-0.020428965551,true,false,21,0.7,6,5,0.833333333333,1.2
housing_case_config_sweep_v1,development,mild_cw085_r4,mild_1p2,6,5,4,0.85,722524881,44848ba716f1d5fdfee5f32037f983fe680b599cacc2a632aa81c1d276a92f12,5bab4824d5e4f15e377c5d410cb1b42c6b9e56c1a042c34124f54d6f5f9637a7,true,true,true,true,false,683.52,683.52,0,645.77,513.5,477.18,683.52,0.0,0.944771184457,0.751258192884,0.698121488764,170.02,0.248741807116,-36.32,-0.05313670412,true,false,24,0.8,6,6,1.0,1.2
housing_case_config_sweep_v1,development,mild_cw085_r4,mild_1p2,6,5,4,0.85,227922569,8882ef9e95a4aac9b44be7cd623a7000bad4df11f9148787b600cb99c126cf14,0c96d0e6692dfbcb2778fb6c997d3d1f19e3d1d9252e08edf8d1b164459ce4eb,true,true,true,true,false,1526.36,1526.36,0,1297.65,1406.22,1319.06,1526.36,0.0,0.850159857439,0.921289866087,0.864186692523,120.14,0.078710133913,-87.16,-0.057103173563,true,false,23,0.766666666667,6,6,1.0,1.2
housing_case_config_sweep_v1,development,mild_cw085_r4,mild_1p2,6,5,4,0.85,1535604354,ab91830011ad2b85a2d6ce1a7f6f02b846e16c93574123cfbfd04751f8e078b6,5014138729d503aa0067dffed9985092c3c23bc918ada26f25005b90780cfa27,true,true,true,true,false,1230.5,1230.5,0,1099.74,1101.62,952.29,1230.5,0.0,0.893734254368,0.895262088582,0.773904916701,128.88,0.104737911418,-149.33,-0.121357171881,true,false,18,0.6,6,6,1.0,1.2
housing_case_config_sweep_v1,development,mild_cw085_r4,mild_1p2,6,5,4,0.85,366965770,be86c419867490f1e631c655d82f11eeee64fd8575b55ed0ae85b38f3af44d9b,0308ab1a05a394c29279c29a245272723d1f4197d20c1cb36039216507e3b96b,true,true,true,true,false,1184.26,1184.26,0,1093.0,973.03,923.11,1184.26,0.0,0.922939219428,0.821635451674,0.779482546063,211.23,0.178364548326,-49.92,-0.042152905612,true,false,22,0.733333333333,6,6,1.0,1.2
housing_case_config_sweep_v1,development,mild_cw085_r4,mild_1p2,6,5,4,0.85,1063943031,fdd6ba72720a04776c6de3a3b358271bf204e37eada36725049334f3c5fad0af,73270dc29b10601fef124dae863818f7001dff02ae629b1b5b82c51c31a12e38,true,true,true,true,false,1633.51,1633.51,0,1588.68,1412.31,1229.21,1633.51,0.0,0.972556029654,0.864586075384,0.752496158579,221.2,0.135413924616,-183.1,-0.112089916805,true,false,24,0.8,6,6,1.0,1.2
housing_case_config_sweep_v1,development,mild_cw085_r4,mild_1p2,6,5,4,0.85,647986875,f6a8eb7105fdfd05312f02ef3a2f82d40484bb2e837482e65881ddb621e14efe,8f3b61f0584f788e68ec8dc76d649c53bb96bd74f088ea57c1ace3cbca1bbab2,true,true,true,true,false,2204.78,2204.78,0,1978.69,2146.64,2168.22,2204.78,0.0,0.897454621323,0.973630022043,0.983417846679,58.14,0.026369977957,21.58,0.009787824636,true,true,30,1.0,6,4,0.666666666667,1.2
housing_case_config_sweep_v1,development,mild_cw085_r4,mild_1p2,6,5,4,0.85,1758927083,51b7abdf79d87d6a53e4054c203d7a3268116c347b9badcaa37eb906c0acadc2,15cf72f09f8c280fad7a183eadc3d45533c68a4376d6ea7857104fe4b2a30aca,true,true,true,true,false,1321.9,1321.9,0,1104.83,1075.38,998.42,1321.9,0.0,0.835789394054,0.813510855587,0.75529162569,246.52,0.186489144413,-76.96,-0.058219229896,true,false,22,0.733333333333,6,3,0.5,1.2
housing_case_config_sweep_v1,development,mild_cw085_r4,mild_1p2,6,5,4,0.85,237549679,1866a3a44e669a31b3b24955f032cdecd5b85447a624ba2753e77636131445b3,81d18578a2359ac76d341a0e27a5f244c2be415d74d587961e642a7fec990ac8,true,true,true,true,false,1752.13,1752.13,0,1527.97,1555.22,1677.74,1752.13,0.0,0.872064287467,0.887616786426,0.957543104678,196.91,0.112383213574,122.52,0.069926318253,true,true,24,0.8,6,6,1.0,1.2
housing_case_config_sweep_v1,development,mild_cw085_r4,mild_1p2,6,5,4,0.85,1515521562,ffe308e0ecb85a9e9d3e8391fcac0293b15d81eec77965b8d41e9ba464caa026,ce1eb1ab70c64962156c9a16c34bd5aa42443233f213bd0165f32206a46b3917,true,true,true,true,false,1346.68,1346.68,0,1174.72,1264.48,1168.69,1346.68,0.0,0.872308194968,0.938961000386,0.86783051653,82.2,0.061038999614,-95.79,-0.071130483857,true,false,24,0.8,6,6,1.0,1.2
housing_case_config_sweep_v1,development,mild_cw085_r4,mild_1p2,6,5,4,0.85,905398266,34fd21d31d34119732be9d341ceacca8a29cb75d539801ee1d428bec0c747e46,bc5fa338ed1d6cbc42b58dd9bc4212ec008d6c0f792457688cad57e74e461e71,true,true,true,true,false,2084.89,2084.89,0,1912.91,2053.4,1967.79,2084.89,0.0,0.917511235605,0.984896085645,0.94383396726,31.49,0.015103914355,-85.61,-0.041062118385,true,false,28,0.933333333333,6,3,0.5,1.2
housing_case_config_sweep_v1,development,moderate_cw030_r2,moderate_1p5,6,4,2,0.3,1971418798,0ce9d192b82a82831194cc3c8a4d20ad4ec2ea09091a3739da56e0ee8528af54,e6df9882995837ecc98a6f9c43a57be9b17452ec75c5436d5366f0701c7b869e,true,true,true,true,false,2289.19,2289.19,0,2005.84,1986.7,1986.7,2289.19,0.0,0.876222594018,0.867861558018,0.867861558018,302.49,0.132138441982,0.0,0.0,true,false,24,1.0,6,3,0.5,1.5
housing_case_config_sweep_v1,development,moderate_cw030_r2,moderate_1p5,6,4,2,0.3,1460378342,c7e48196f45fd64a0f94f2170b7d0218a71c3642476c1126714884028d9cd381,fcd0a7371d3ac8e855a03a0e684fd72ab35619d5f8171445d2caff0d19ba9983,true,true,true,true,false,1820.49,1820.49,0,899.44,1033.62,1033.62,1820.49,0.0,0.494064784756,0.567770215711,0.567770215711,786.87,0.432229784289,0.0,0.0,true,false,18,0.75,5,3,0.5,1.5
housing_case_config_sweep_v1,development,moderate_cw030_r2,moderate_1p5,6,4,2,0.3,981417412,2b0c2ee254e2a501e0b3ca2f9e14d2d021001b27e7251f05764a1a90b9f917f4,31b2d97feb7dbdd12d58ce2286c219dadbd4d0d7e029c565fabee089e51311bc,true,true,true,true,false,2045.94,2045.94,0,1627.64,1807.12,1807.12,2045.94,0.0,0.795546301456,0.883271259177,0.883271259177,238.82,0.116728740823,0.0,0.0,true,false,20,0.833333333333,6,3,0.5,1.5
housing_case_config_sweep_v1,development,moderate_cw030_r2,moderate_1p5,6,4,2,0.3,123194022,6b5565624029d6e893479d165005c6f0dff6235837880764f99ceaf4064c46ae,92933979dec7f8246f67c5709f49bef6b10c4b7c4ae8e1e64ba41f437e749bde,true,true,true,true,false,1449.9,1449.9,0,981.16,1011.65,1347.32,1449.9,0.0,0.676708738534,0.697737775019,0.929250293124,438.25,0.302262224981,335.67,0.231512518105,true,true,21,0.875,6,5,0.833333333333,1.5
housing_case_config_sweep_v1,development,moderate_cw030_r2,moderate_1p5,6,4,2,0.3,145537168,1ddaf881e25c3d71162507fe12acc81aca0c1ae6e3433ebce698f1891b7d3cd3,52d332083759b9159cf26a89d8e6478cc49624b2437246312c04dc48e2eea445,true,true,true,true,false,1836.99,1836.99,0,1342.95,1340.84,1340.84,1836.99,0.0,0.73106004932,0.7299114312,0.7299114312,496.15,0.2700885688,0.0,0.0,true,false,23,0.958333333333,6,5,0.833333333333,1.5
housing_case_config_sweep_v1,development,moderate_cw030_r2,moderate_1p5,6,4,2,0.3,264284765,44d49e7f9e5774177b95a7a41635bd83e64c2427ab5647fcbc71185aaa0f9a14,1854e72aad80c9f60c8ac362ffda3c6546120b128cc4efbb52fd6bd3106ca86a,true,true,true,true,false,2066.23,2066.23,0,926.82,1982.24,1982.24,2066.23,0.0,0.448556065878,0.959351088698,0.959351088698,83.99,0.040648911302,0.0,0.0,true,false,21,0.875,6,2,0.333333333333,1.5
housing_case_config_sweep_v1,development,moderate_cw030_r2,moderate_1p5,6,4,2,0.3,722524881,ef6efb7b0fa5eed5f44c5475cec6b8d5ddac30cb26560b563c442f0f03a7f78f,6f06655eaa7ab3b3ce495c7225f0cc76a46ebe25eeb4dd247ca5394675e7b2bf,true,true,true,true,false,1900.31,1900.31,0,781.5,1592.74,1592.74,1900.31,0.0,0.411248691003,0.838147460151,0.838147460151,307.57,0.161852539849,0.0,0.0,true,false,19,0.791666666667,6,2,0.333333333333,1.5
housing_case_config_sweep_v1,development,moderate_cw030_r2,moderate_1p5,6,4,2,0.3,227922569,8e34669bc03ca99dd7e0e9252148df50cd76e65c254611726a3da3e8c28fbb9d,fe2285aeb780d614ae2c393d9d8c0d5e6ae3e79ab336ad5998ec86ab705a1230,true,true,true,true,false,1714.73,1714.73,0,1404.67,1470.46,1470.46,1714.73,0.0,0.819178529564,0.857546085973,0.857546085973,244.27,0.142453914027,0.0,0.0,true,false,22,0.916666666667,6,3,0.5,1.5
housing_case_config_sweep_v1,development,moderate_cw030_r2,moderate_1p5,6,4,2,0.3,1535604354,0ca4c071e2ee64b77d530b8674611d97101355c836ec708f20c37c1ecec0d773,f332e956089c5be98a6868ca8d27e942bd486d7d11c592c74e0660777a92978f,true,true,true,true,false,2098.62,2098.62,0,1945.15,1945.15,1945.15,2098.62,0.0,0.926870991413,0.926870991413,0.926870991413,153.47,0.073129008587,0.0,0.0,true,false,22,0.916666666667,6,2,0.333333333333,1.5
housing_case_config_sweep_v1,development,moderate_cw030_r2,moderate_1p5,6,4,2,0.3,366965770,dc3a2f1e64a653cb63cc6e16decdb0f2e5ace51b09acd4437952ff4257f9c628,4f335ba065d8b44990e3ecc3e4f83ca009a00f7fa2eacf1f93d5170fde30b8dc,true,true,true,true,false,1993.6,1993.6,0,1362.97,1709.94,1709.94,1993.6,0.0,0.683672752809,0.857714686998,0.857714686998,283.66,0.142285313002,0.0,0.0,true,false,20,0.833333333333,6,3,0.5,1.5
housing_case_config_sweep_v1,development,moderate_cw030_r2,moderate_1p5,6,4,2,0.3,1063943031,2928f36bdabf3f33a0e23ea37abe516ae21ce783ef51169f7b5108c6b7ce5c3e,1d0cf89c5e23efaaa205f0d2228bf755c3123507d5ee3c87d4a60e3f3032d599,true,true,true,true,false,1842.36,1842.36,0,1237.75,1319.9,1649.17,1842.36,0.0,0.671828524284,0.716418072472,0.895139929221,522.46,0.283581927528,329.27,0.178721856749,true,true,20,0.833333333333,6,3,0.5,1.5
housing_case_config_sweep_v1,development,moderate_cw030_r2,moderate_1p5,6,4,2,0.3,647986875,2f33484ca40310811c8c8d5c34c0c4945c98e1a7f0a6716363f50c1ee401cc6f,e4b2655a10e1cab75dacffbc43867c1c688d016dc0396e6b033af391d6f8c02d,true,true,true,true,false,1913.62,1913.62,0,1440.42,1440.42,1440.42,1913.62,0.0,0.752719975753,0.752719975753,0.752719975753,473.2,0.247280024247,0.0,0.0,true,false,19,0.791666666667,6,3,0.5,1.5
housing_case_config_sweep_v1,development,moderate_cw030_r2,moderate_1p5,6,4,2,0.3,1758927083,25f6b37e99f1887a95d53bd8b422b311251a40a6bcb9598ee0cacaa658f6c9a8,d112805b3bf7b674a7a9dad9b871874b5280b2176b67c8d7556736b5525fc292,true,true,true,true,false,2027.78,2027.78,0,1467.67,2027.78,2027.78,2027.78,0.0,0.723781672568,1.0,1.0,0.0,0.0,0.0,0.0,false,false,20,0.833333333333,6,3,0.5,1.5
housing_case_config_sweep_v1,development,moderate_cw030_r2,moderate_1p5,6,4,2,0.3,237549679,e5e2ccb5ef4b5a4b9c3ad43eafd111f5a735c21ac00ad27ae14d51026ea0f12d,ab67a23243e90e78d74ff77f59676fe7848c8a458ae5b7c519d6303a5bd77d2a,true,true,true,true,false,1659.28,1659.28,0,1036.59,1564.98,1564.98,1659.28,0.0,0.624722771323,0.943168121113,0.943168121113,94.3,0.056831878887,0.0,0.0,true,false,16,0.666666666667,6,4,0.666666666667,1.5
housing_case_config_sweep_v1,development,moderate_cw030_r2,moderate_1p5,6,4,2,0.3,1515521562,241b34a10b2544b87d5cb346a35ad4e157805e93b001ecae156179fc7e447d79,e6b8d07d58a887f26c1e7827224e9e5e236cdd9a117fc56ffbec84c57d889119,true,true,true,true,false,2027.88,2027.88,0,1946.37,1914.45,1914.45,2027.88,0.0,0.959805313924,0.944064737558,0.944064737558,113.43,0.055935262442,0.0,0.0,true,false,18,0.75,6,2,0.333333333333,1.5
housing_case_config_sweep_v1,development,moderate_cw030_r2,moderate_1p5,6,4,2,0.3,905398266,2b09f48c3b4483add9a63b85fb10c9d6268e490ba63a2c7e4f5e0754f424c357,8e847ee97cdfe115c8cae163e215dd6ec077f789b3c42b73d0c76f372290c689,true,true,true,true,false,1940.49,1940.49,0,1728.14,1460.68,1460.68,1940.49,0.0,0.890568876933,0.752737710578,0.752737710578,479.81,0.247262289422,0.0,0.0,true,false,18,0.75,6,4,0.666666666667,1.5
housing_case_config_sweep_v1,development,moderate_cw030_r4,moderate_1p5,6,4,4,0.3,1971418798,0ce9d192b82a82831194cc3c8a4d20ad4ec2ea09091a3739da56e0ee8528af54,49c3277082322811df91fe3f796688b98fdbf4c5b52ce2bc6637171175c8bf04,true,true,true,true,false,2289.19,2289.19,0,2005.84,1986.7,1986.7,2289.19,0.0,0.876222594018,0.867861558018,0.867861558018,302.49,0.132138441982,0.0,0.0,true,false,24,1.0,6,3,0.5,1.5
housing_case_config_sweep_v1,development,moderate_cw030_r4,moderate_1p5,6,4,4,0.3,1460378342,c7e48196f45fd64a0f94f2170b7d0218a71c3642476c1126714884028d9cd381,fd72107d0d511f2ea3bfbe146abae95f5e603140cc314430b47fe2d43d5c8e73,true,true,true,true,false,1820.49,1820.49,0,1173.92,1465.71,1465.71,1820.49,0.0,0.644837378947,0.805118402188,0.805118402188,354.78,0.194881597812,0.0,0.0,true,false,18,0.75,5,3,0.5,1.5
housing_case_config_sweep_v1,development,moderate_cw030_r4,moderate_1p5,6,4,4,0.3,981417412,2b0c2ee254e2a501e0b3ca2f9e14d2d021001b27e7251f05764a1a90b9f917f4,ee9b7e8178e357a81850e4ae58a75cc8a8c4a3dfc752efc9abd18ad302bea715,true,true,true,true,false,2045.94,2045.94,0,1627.64,1807.12,1807.12,2045.94,0.0,0.795546301456,0.883271259177,0.883271259177,238.82,0.116728740823,0.0,0.0,true,false,20,0.833333333333,6,3,0.5,1.5
housing_case_config_sweep_v1,development,moderate_cw030_r4,moderate_1p5,6,4,4,0.3,123194022,6b5565624029d6e893479d165005c6f0dff6235837880764f99ceaf4064c46ae,9089241467e4b14465e21e493c75e60e9d61387b0877537ba1110c2eb05ac721,true,true,true,true,false,1449.9,1449.9,0,981.16,1011.65,1347.32,1449.9,0.0,0.676708738534,0.697737775019,0.929250293124,438.25,0.302262224981,335.67,0.231512518105,true,true,21,0.875,6,5,0.833333333333,1.5
housing_case_config_sweep_v1,development,moderate_cw030_r4,moderate_1p5,6,4,4,0.3,145537168,1ddaf881e25c3d71162507fe12acc81aca0c1ae6e3433ebce698f1891b7d3cd3,2d39d3108e4e19f83c59d232568dc11b1144d2531d363d024ac05dd0577d2e38,true,true,true,true,false,1836.99,1836.99,0,1342.95,1340.84,1340.84,1836.99,0.0,0.73106004932,0.7299114312,0.7299114312,496.15,0.2700885688,0.0,0.0,true,false,23,0.958333333333,6,5,0.833333333333,1.5
housing_case_config_sweep_v1,development,moderate_cw030_r4,moderate_1p5,6,4,4,0.3,264284765,44d49e7f9e5774177b95a7a41635bd83e64c2427ab5647fcbc71185aaa0f9a14,e189a865e3c239c97c074dd5ad1f8fc524fb0dc1310cb7bbcdec66ebc156b330,true,true,true,true,false,2066.23,2066.23,0,926.82,1982.24,1982.24,2066.23,0.0,0.448556065878,0.959351088698,0.959351088698,83.99,0.040648911302,0.0,0.0,true,false,21,0.875,6,2,0.333333333333,1.5
housing_case_config_sweep_v1,development,moderate_cw030_r4,moderate_1p5,6,4,4,0.3,722524881,ef6efb7b0fa5eed5f44c5475cec6b8d5ddac30cb26560b563c442f0f03a7f78f,eaa88f9265d2833795d9d2d981c927d5b1637ef48e2d441821cc0039f1f56131,true,true,true,true,false,1900.31,1900.31,0,781.5,1592.74,1592.74,1900.31,0.0,0.411248691003,0.838147460151,0.838147460151,307.57,0.161852539849,0.0,0.0,true,false,19,0.791666666667,6,2,0.333333333333,1.5
housing_case_config_sweep_v1,development,moderate_cw030_r4,moderate_1p5,6,4,4,0.3,227922569,8e34669bc03ca99dd7e0e9252148df50cd76e65c254611726a3da3e8c28fbb9d,f2f525e8d36f7da9c820571c56c45a525c64dfe3361aefd30bb456e3bbfdf708,true,true,true,true,false,1714.73,1714.73,0,1404.67,1470.46,1470.46,1714.73,0.0,0.819178529564,0.857546085973,0.857546085973,244.27,0.142453914027,0.0,0.0,true,false,22,0.916666666667,6,3,0.5,1.5
housing_case_config_sweep_v1,development,moderate_cw030_r4,moderate_1p5,6,4,4,0.3,1535604354,0ca4c071e2ee64b77d530b8674611d97101355c836ec708f20c37c1ecec0d773,d312c543632abec44dc3c4b184b238dc8e5582a5670dc6e4bc18eb3514a9af83,true,true,true,true,false,2098.62,2098.62,0,1945.15,1945.15,1945.15,2098.62,0.0,0.926870991413,0.926870991413,0.926870991413,153.47,0.073129008587,0.0,0.0,true,false,22,0.916666666667,6,2,0.333333333333,1.5
housing_case_config_sweep_v1,development,moderate_cw030_r4,moderate_1p5,6,4,4,0.3,366965770,dc3a2f1e64a653cb63cc6e16decdb0f2e5ace51b09acd4437952ff4257f9c628,f9c958f2d02d7c1dc3c42ce2792d2d474d6dce56abf59a299eb7300365d3a72e,true,true,true,true,false,1993.6,1993.6,0,1748.39,1709.94,1709.94,1993.6,0.0,0.877001404494,0.857714686998,0.857714686998,283.66,0.142285313002,0.0,0.0,true,false,20,0.833333333333,6,3,0.5,1.5
housing_case_config_sweep_v1,development,moderate_cw030_r4,moderate_1p5,6,4,4,0.3,1063943031,2928f36bdabf3f33a0e23ea37abe516ae21ce783ef51169f7b5108c6b7ce5c3e,3727aa1ebcea00b4ed1a008e153e498f5b2a501d658fe145c9f20d203428b87e,true,true,true,true,false,1842.36,1842.36,0,1237.75,1319.9,1649.17,1842.36,0.0,0.671828524284,0.716418072472,0.895139929221,522.46,0.283581927528,329.27,0.178721856749,true,true,20,0.833333333333,6,3,0.5,1.5
housing_case_config_sweep_v1,development,moderate_cw030_r4,moderate_1p5,6,4,4,0.3,647986875,2f33484ca40310811c8c8d5c34c0c4945c98e1a7f0a6716363f50c1ee401cc6f,e7aea9a63f9ab5eefa4be92bd7b426d6f30723c6e7ffa92e47f3799524f45178,true,true,true,true,false,1913.62,1913.62,0,1440.42,1440.42,1440.42,1913.62,0.0,0.752719975753,0.752719975753,0.752719975753,473.2,0.247280024247,0.0,0.0,true,false,19,0.791666666667,6,3,0.5,1.5
housing_case_config_sweep_v1,development,moderate_cw030_r4,moderate_1p5,6,4,4,0.3,1758927083,25f6b37e99f1887a95d53bd8b422b311251a40a6bcb9598ee0cacaa658f6c9a8,b7b3b2dfadb2955fe91cb18b88e0c760532b658536a854fcbb7c90d70d7119af,true,true,true,true,false,2027.78,2027.78,0,1467.67,2027.78,2027.78,2027.78,0.0,0.723781672568,1.0,1.0,0.0,0.0,0.0,0.0,false,false,20,0.833333333333,6,3,0.5,1.5
housing_case_config_sweep_v1,development,moderate_cw030_r4,moderate_1p5,6,4,4,0.3,237549679,e5e2ccb5ef4b5a4b9c3ad43eafd111f5a735c21ac00ad27ae14d51026ea0f12d,7d4d275d1f475d931108c5eeb0d7c110df1fcaa49254bc57b2bf0b15420714b9,true,true,true,true,false,1659.28,1659.28,0,1316.92,1564.98,1564.98,1659.28,0.0,0.793669543416,0.943168121113,0.943168121113,94.3,0.056831878887,0.0,0.0,true,false,16,0.666666666667,6,4,0.666666666667,1.5
housing_case_config_sweep_v1,development,moderate_cw030_r4,moderate_1p5,6,4,4,0.3,1515521562,241b34a10b2544b87d5cb346a35ad4e157805e93b001ecae156179fc7e447d79,102a8b1a1cbfc148f1a018e776749d654ceac3ebc6f2d4d41ae0a14c0b6830fb,true,true,true,true,false,2027.88,2027.88,0,1946.37,1914.45,1914.45,2027.88,0.0,0.959805313924,0.944064737558,0.944064737558,113.43,0.055935262442,0.0,0.0,true,false,18,0.75,6,2,0.333333333333,1.5
housing_case_config_sweep_v1,development,moderate_cw030_r4,moderate_1p5,6,4,4,0.3,905398266,2b09f48c3b4483add9a63b85fb10c9d6268e490ba63a2c7e4f5e0754f424c357,98dffcb34b33fdc7c1556fdd02b1e1e2dac16fd3bee8edc5de17b405dd009b46,true,true,true,true,false,1940.49,1940.49,0,1728.14,1460.68,1460.68,1940.49,0.0,0.890568876933,0.752737710578,0.752737710578,479.81,0.247262289422,0.0,0.0,true,false,18,0.75,6,4,0.666666666667,1.5
housing_case_config_sweep_v1,development,moderate_cw060_r2,moderate_1p5,6,4,2,0.6,1971418798,df12b0b2d1ffbee0c4996569084d5604a7b5e8418b75932fddcdec7e96a8057a,9c2fcbc7723138ba6e55202cae10b204f44417613b698eda786c7f3c47e38785,true,true,true,true,false,2125.79,2125.79,0,1964.44,1960.4,1960.4,2125.79,0.0,0.92409880562,0.922198335678,0.922198335678,165.39,0.077801664322,0.0,0.0,true,false,24,1.0,6,2,0.333333333333,1.5
housing_case_config_sweep_v1,development,moderate_cw060_r2,moderate_1p5,6,4,2,0.6,1460378342,44b4aff5eb19d5d44625100fb7e1c3c4f006b91119285eb30e74560170108582,6cdffaac38cb5774acde2a4675a4d0d858e66ad2c181de9a129795e13b3dd546,true,true,true,true,false,1376.59,1376.59,0,1132.19,1376.59,1376.59,1376.59,0.0,0.822459846432,1.0,1.0,0.0,0.0,0.0,0.0,false,false,19,0.791666666667,6,4,0.666666666667,1.5
housing_case_config_sweep_v1,development,moderate_cw060_r2,moderate_1p5,6,4,2,0.6,981417412,a9a4444ca722f6980c3798511d00a10327504049cb0327c2c629a3b95780e199,d81f1cd43ea326270b36a66fb4d088a7d74b2fbf3162f6d04a043c59477fc19e,true,true,true,true,false,1474.44,1474.44,0,1029.07,1306.58,1306.58,1474.44,0.0,0.697939556713,0.886153387049,0.886153387049,167.86,0.113846612951,0.0,0.0,true,false,21,0.875,6,4,0.666666666667,1.5
housing_case_config_sweep_v1,development,moderate_cw060_r2,moderate_1p5,6,4,2,0.6,123194022,f082b4a9111ef6d3b82d058395eeee7bed97fda37a21f3e717552afc8612426c,00bcbc425231889eaef4d1adfab10c00c9aa07ebc8715e74903c554bc6d918e7,true,true,true,true,false,1293.1,1293.1,0,900.45,1048.33,1048.33,1293.1,0.0,0.696349856933,0.810710695229,0.810710695229,244.77,0.189289304771,0.0,0.0,true,false,21,0.875,6,4,0.666666666667,1.5
housing_case_config_sweep_v1,development,moderate_cw060_r2,moderate_1p5,6,4,2,0.6,145537168,2acbd0b90ff2b8a2d2ce899e5c0246dc1614a99cd0a223fe790dd862e6abc535,a87b05c3fc6db6c26129d65def141baebe3b0885c8032b4527e9d1b98cbea270,true,true,true,true,false,1570.69,1570.69,0,1281.05,1388.33,1388.33,1570.69,0.0,0.815596966938,0.883898159408,0.883898159408,182.36,0.116101840592,0.0,0.0,true,false,24,1.0,6,5,0.833333333333,1.5
housing_case_config_sweep_v1,development,moderate_cw060_r2,moderate_1p5,6,4,2,0.6,264284765,698d7e1f4ac307ea2fa446a29d48dc37e548968a56f0c73e879b4b3fbaaad87a,53d492b5494b3e3392cc26ecde77eff5c4990b2b2e94abde06badb28f3cde682,true,true,true,true,false,1554.53,1554.53,0,917.32,1098.3,1015.75,1554.53,0.0,0.590094755328,0.706515795771,0.653412928667,456.23,0.293484204229,-82.55,-0.053102867105,true,false,22,0.916666666667,6,4,0.666666666667,1.5
housing_case_config_sweep_v1,development,moderate_cw060_r2,moderate_1p5,6,4,2,0.6,722524881,00a1a0bace1b0a3466f37c5caba5dcbb190e1726d6752e2b9b7d45ad3053bd67,824e72215bb7e9526b0f22d49f129e697517572857f743939471c2f4678444da,true,true,true,true,false,1586.21,1586.21,0,943.1,1412.74,1412.74,1586.21,0.0,0.594561880205,0.890638692229,0.890638692229,173.47,0.109361307771,0.0,0.0,true,false,19,0.791666666667,6,4,0.666666666667,1.5
housing_case_config_sweep_v1,development,moderate_cw060_r2,moderate_1p5,6,4,2,0.6,227922569,46bd315de681e192c8e3b58f1291e3bdcdb8090948f0e7ff6f7d9ce4c9a8d620,d28effd254000e88640f6b9cd935bb14a8ddebed9b82e6d8200614e1695725dc,true,true,true,true,false,1262.93,1262.93,0,932.25,540.99,540.99,1262.93,0.0,0.738164427165,0.42836103347,0.42836103347,721.94,0.57163896653,0.0,0.0,true,false,21,0.875,6,6,1.0,1.5
housing_case_config_sweep_v1,development,moderate_cw060_r2,moderate_1p5,6,4,2,0.6,1535604354,3e4cf4affe0cd32e64e47ef1159a979511b0d77cb449c3d02ab1ed41c1d0de80,2103436e0fb775460a06ed4ff2f1ad0db8dd725c05f87a3d029fc3b47e8fb9af,true,true,true,true,false,2016.02,2016.02,0,1715.19,1912.25,1912.25,2016.02,0.0,0.850780250196,0.948527296356,0.948527296356,103.77,0.051472703644,0.0,0.0,true,false,24,1.0,6,3,0.5,1.5
housing_case_config_sweep_v1,development,moderate_cw060_r2,moderate_1p5,6,4,2,0.6,366965770,6842489761571d733f9ac550432ec7435215153bc037506bbdaca0df437a6a2d,b2ed665291c7cdfc52d763bb623ced941a5c8eb2873c97507f6b50230f5175c6,true,true,true,true,false,1681.5,1681.5,0,1371.41,1290.25,1290.25,1681.5,0.0,0.815587273268,0.767320844484,0.767320844484,391.25,0.232679155516,0.0,0.0,true,false,23,0.958333333333,6,5,0.833333333333,1.5
housing_case_config_sweep_v1,development,moderate_cw060_r2,moderate_1p5,6,4,2,0.6,1063943031,19b811a29494f8475b93f9e1c7ad550dcd747082957436f1ec41662103f13832,68d952a1a4538a524a164097fc52972b5ce27da25615437e7db26fdc2a593a0c,true,true,true,true,false,1427.56,1427.56,0,1122.84,1317.27,1317.27,1427.56,0.0,0.786544873771,0.922742301549,0.922742301549,110.29,0.077257698451,0.0,0.0,true,false,17,0.708333333333,6,5,0.833333333333,1.5
housing_case_config_sweep_v1,development,moderate_cw060_r2,moderate_1p5,6,4,2,0.6,647986875,1d0e3ced4320e50b2740906af63e14994073ff56959897b7bdd30f46ecff384b,e9cbf90fe8a6bb8f76f83aec09582f083e76fafeb838f1992dc5428ca1422c08,true,true,true,true,false,1528.02,1528.02,0,1143.82,1038.99,999.73,1528.02,0.0,0.748563500478,0.679958377508,0.654264996531,489.03,0.320041622492,-39.26,-0.025693380977,true,false,19,0.791666666667,6,4,0.666666666667,1.5
housing_case_config_sweep_v1,development,moderate_cw060_r2,moderate_1p5,6,4,2,0.6,1758927083,41e7be56eff0ff50bb560a53884ee054a5d0046e2c129ecc3dd112b9326d7c76,6fb95d4682f474c45aa6e6f46234fcf95818cca5f351dedde316ad3a65942111,true,true,true,true,false,1803.38,1803.38,0,1459.82,1803.38,1803.38,1803.38,0.0,0.809491066775,1.0,1.0,0.0,0.0,0.0,0.0,false,false,20,0.833333333333,6,3,0.5,1.5
housing_case_config_sweep_v1,development,moderate_cw060_r2,moderate_1p5,6,4,2,0.6,237549679,352478f41d40b033a13f31564a080107890d1ace13cd617d5bb2e6b313417a03,6beab87b96c8e26df113296a8d0fd06e2177b7af0a1ce126fe9a864163820113,true,true,true,true,false,833.18,833.18,0,477.58,476.23,476.23,833.18,0.0,0.57320146907,0.571581170935,0.571581170935,356.95,0.428418829065,0.0,0.0,true,false,14,0.583333333333,6,4,0.666666666667,1.5
housing_case_config_sweep_v1,development,moderate_cw060_r2,moderate_1p5,6,4,2,0.6,1515521562,d7d0576e479d9ef557e1057131ed4a736a66070830f329ed5cbc45b2fb5eb74d,719c1b0e540882cc9ac15015e7c2f80d374a088c435e1c4a0b63b60f2d92e4b7,true,true,true,true,false,1424.78,1424.78,0,913.89,1375.14,1375.14,1424.78,0.0,0.64142534286,0.965159533402,0.965159533402,49.64,0.034840466598,0.0,0.0,true,false,18,0.75,6,4,0.666666666667,1.5
housing_case_config_sweep_v1,development,moderate_cw060_r2,moderate_1p5,6,4,2,0.6,905398266,12b3d27cc619bb88b62bca9da13770215158a9d5e3eacd757a8bbb6d6b829e94,f7f881976649303b823977efc4491e126009200c5138dffd8f6b985d29ecf09c,true,true,true,true,false,1435.89,1435.89,0,1306.24,1154.28,1154.28,1435.89,0.0,0.909707568128,0.803877734367,0.803877734367,281.61,0.196122265633,0.0,0.0,true,false,21,0.875,6,4,0.666666666667,1.5
housing_case_config_sweep_v1,development,moderate_cw060_r4,moderate_1p5,6,4,4,0.6,1971418798,df12b0b2d1ffbee0c4996569084d5604a7b5e8418b75932fddcdec7e96a8057a,3de9df25ec39c9ac445af0da70750962fea3ddda45e11f97e9ae79fda6563acf,true,true,true,true,false,2125.79,2125.79,0,1964.44,1960.4,1960.4,2125.79,0.0,0.92409880562,0.922198335678,0.922198335678,165.39,0.077801664322,0.0,0.0,true,false,24,1.0,6,2,0.333333333333,1.5
housing_case_config_sweep_v1,development,moderate_cw060_r4,moderate_1p5,6,4,4,0.6,1460378342,44b4aff5eb19d5d44625100fb7e1c3c4f006b91119285eb30e74560170108582,598bfee731bff153b6f4d0c5c64fca94477c71ffe657a2e43be7fd3c6ec1a649,true,true,true,true,false,1376.59,1376.59,0,1132.19,1376.59,1376.59,1376.59,0.0,0.822459846432,1.0,1.0,0.0,0.0,0.0,0.0,false,false,19,0.791666666667,6,4,0.666666666667,1.5
housing_case_config_sweep_v1,development,moderate_cw060_r4,moderate_1p5,6,4,4,0.6,981417412,a9a4444ca722f6980c3798511d00a10327504049cb0327c2c629a3b95780e199,f4c5873cfb0e58ab6ccc32ae7d714ea84ddfd433d0d8be13b32c4e77d1b0bb79,true,true,true,true,false,1474.44,1474.44,0,1225.81,1306.58,1306.58,1474.44,0.0,0.831373267139,0.886153387049,0.886153387049,167.86,0.113846612951,0.0,0.0,true,false,21,0.875,6,4,0.666666666667,1.5
housing_case_config_sweep_v1,development,moderate_cw060_r4,moderate_1p5,6,4,4,0.6,123194022,f082b4a9111ef6d3b82d058395eeee7bed97fda37a21f3e717552afc8612426c,a94c17f89462134808a6b2f9210c984599f02af05f2c83690d06bff602f16989,true,true,true,true,false,1293.1,1293.1,0,900.45,1118.85,1048.33,1293.1,0.0,0.696349856933,0.865246307323,0.810710695229,174.25,0.134753692677,-70.52,-0.054535612095,true,false,21,0.875,6,4,0.666666666667,1.5
housing_case_config_sweep_v1,development,moderate_cw060_r4,moderate_1p5,6,4,4,0.6,145537168,2acbd0b90ff2b8a2d2ce899e5c0246dc1614a99cd0a223fe790dd862e6abc535,1c036bdc196b71ddd56e01dd9359d19b8c8138a2e36b51c5c8d919f55e32d9ca,true,true,true,true,false,1570.69,1570.69,0,1281.05,1388.33,1388.33,1570.69,0.0,0.815596966938,0.883898159408,0.883898159408,182.36,0.116101840592,0.0,0.0,true,false,24,1.0,6,5,0.833333333333,1.5
housing_case_config_sweep_v1,development,moderate_cw060_r4,moderate_1p5,6,4,4,0.6,264284765,698d7e1f4ac307ea2fa446a29d48dc37e548968a56f0c73e879b4b3fbaaad87a,7fd3d45ec8a585193bbd36a295d03ad8149a7c0adeb4350afa43fdaff4ca6a0d,true,true,true,true,false,1554.53,1554.53,0,917.32,1098.3,1015.75,1554.53,0.0,0.590094755328,0.706515795771,0.653412928667,456.23,0.293484204229,-82.55,-0.053102867105,true,false,22,0.916666666667,6,4,0.666666666667,1.5
housing_case_config_sweep_v1,development,moderate_cw060_r4,moderate_1p5,6,4,4,0.6,722524881,00a1a0bace1b0a3466f37c5caba5dcbb190e1726d6752e2b9b7d45ad3053bd67,9d61a63d616a43c0dd4486170bff33fb8d70ac817f16f2f368c84a8c626d1260,true,true,true,true,false,1586.21,1586.21,0,943.1,1412.74,1412.74,1586.21,0.0,0.594561880205,0.890638692229,0.890638692229,173.47,0.109361307771,0.0,0.0,true,false,19,0.791666666667,6,4,0.666666666667,1.5
housing_case_config_sweep_v1,development,moderate_cw060_r4,moderate_1p5,6,4,4,0.6,227922569,46bd315de681e192c8e3b58f1291e3bdcdb8090948f0e7ff6f7d9ce4c9a8d620,24480b28c232eca71ecd7b4c173cbb27a105d8241adc870ffa21282f27092d5c,true,true,true,true,false,1262.93,1262.93,0,932.25,839.22,685.37,1262.93,0.0,0.738164427165,0.664502387306,0.5426824923,423.71,0.335497612694,-153.85,-0.121819895006,true,false,21,0.875,6,6,1.0,1.5
housing_case_config_sweep_v1,development,moderate_cw060_r4,moderate_1p5,6,4,4,0.6,1535604354,3e4cf4affe0cd32e64e47ef1159a979511b0d77cb449c3d02ab1ed41c1d0de80,dfa1863b903d49e1b249d672cce4d8b621919748f06d9fd11518bac10e4c950b,true,true,true,true,false,2016.02,2016.02,0,1715.19,1912.25,1912.25,2016.02,0.0,0.850780250196,0.948527296356,0.948527296356,103.77,0.051472703644,0.0,0.0,true,false,24,1.0,6,3,0.5,1.5
housing_case_config_sweep_v1,development,moderate_cw060_r4,moderate_1p5,6,4,4,0.6,366965770,6842489761571d733f9ac550432ec7435215153bc037506bbdaca0df437a6a2d,be524b03fee2bd94c264ebe1c5c2e1bef26d4fc40843374bbfb32601fee01566,true,true,true,true,false,1681.5,1681.5,0,1371.41,1512.14,1512.14,1681.5,0.0,0.815587273268,0.899280404401,0.899280404401,169.36,0.100719595599,0.0,0.0,true,false,23,0.958333333333,6,5,0.833333333333,1.5
housing_case_config_sweep_v1,development,moderate_cw060_r4,moderate_1p5,6,4,4,0.6,1063943031,19b811a29494f8475b93f9e1c7ad550dcd747082957436f1ec41662103f13832,fbd14e7189d1537f5c0490d6eacc35f4f7c3e77af3264880e009c6ba9b01770d,true,true,true,true,false,1427.56,1427.56,0,1122.84,1317.27,1317.27,1427.56,0.0,0.786544873771,0.922742301549,0.922742301549,110.29,0.077257698451,0.0,0.0,true,false,17,0.708333333333,6,5,0.833333333333,1.5
housing_case_config_sweep_v1,development,moderate_cw060_r4,moderate_1p5,6,4,4,0.6,647986875,1d0e3ced4320e50b2740906af63e14994073ff56959897b7bdd30f46ecff384b,ac4317c942ed390e42be72a8180ae857ae3cec0c4c0c9b11a8d7f8cb5cf3d080,true,true,true,true,false,1528.02,1528.02,0,1250.56,1038.99,999.73,1528.02,0.0,0.818418607086,0.679958377508,0.654264996531,489.03,0.320041622492,-39.26,-0.025693380977,true,false,19,0.791666666667,6,4,0.666666666667,1.5
housing_case_config_sweep_v1,development,moderate_cw060_r4,moderate_1p5,6,4,4,0.6,1758927083,41e7be56eff0ff50bb560a53884ee054a5d0046e2c129ecc3dd112b9326d7c76,05c0fd4acb30423c032dee378b1ef0fc500bd19e00b34451302d212ab9be911c,true,true,true,true,false,1803.38,1803.38,0,1459.82,1803.38,1803.38,1803.38,0.0,0.809491066775,1.0,1.0,0.0,0.0,0.0,0.0,false,false,20,0.833333333333,6,3,0.5,1.5
housing_case_config_sweep_v1,development,moderate_cw060_r4,moderate_1p5,6,4,4,0.6,237549679,352478f41d40b033a13f31564a080107890d1ace13cd617d5bb2e6b313417a03,6b21eae4db0c70f426901ae63ee1ffc7d8ef9ff453eadd2f10ddbe8ccc7d94a4,true,true,true,true,false,833.18,833.18,0,477.58,476.23,476.23,833.18,0.0,0.57320146907,0.571581170935,0.571581170935,356.95,0.428418829065,0.0,0.0,true,false,14,0.583333333333,6,4,0.666666666667,1.5
housing_case_config_sweep_v1,development,moderate_cw060_r4,moderate_1p5,6,4,4,0.6,1515521562,d7d0576e479d9ef557e1057131ed4a736a66070830f329ed5cbc45b2fb5eb74d,654ce977302c385cc87079f91c03931c82fc7b1e2914b3a105b0e78c19588503,true,true,true,true,false,1424.78,1424.78,0,913.89,1375.14,1375.14,1424.78,0.0,0.64142534286,0.965159533402,0.965159533402,49.64,0.034840466598,0.0,0.0,true,false,18,0.75,6,4,0.666666666667,1.5
housing_case_config_sweep_v1,development,moderate_cw060_r4,moderate_1p5,6,4,4,0.6,905398266,12b3d27cc619bb88b62bca9da13770215158a9d5e3eacd757a8bbb6d6b829e94,9d942e9387b6dab3a204db2d829bd8cdb19106a65ab1ebe7714a026e11775a73,true,true,true,true,false,1435.89,1435.89,0,1306.24,1154.28,1154.28,1435.89,0.0,0.909707568128,0.803877734367,0.803877734367,281.61,0.196122265633,0.0,0.0,true,false,21,0.875,6,4,0.666666666667,1.5
housing_case_config_sweep_v1,development,moderate_cw085_r2,moderate_1p5,6,4,2,0.85,1971418798,cb1b1b28e167f4614d144ee61325c41eff49d2318820b0fdeba8191f7527acdd,15439116e1a7d50073d5c844f6276cfe941fc5fd96df60dcfbfcaaa42862aebe,true,true,true,true,false,2004.29,2004.29,0,1899.08,1553.52,1553.52,2004.29,0.0,0.947507596206,0.775097416043,0.775097416043,450.77,0.224902583957,0.0,0.0,true,false,24,1.0,6,3,0.5,1.5
housing_case_config_sweep_v1,development,moderate_cw085_r2,moderate_1p5,6,4,2,0.85,1460378342,b2f0ae71d69130e9774d818af32cc466fbd10291e312fb5b4249c78a844b0e6a,32b35616eb7e377b89b024d75f6fa30d17c6a8f5c05642829e999cb544e24011,true,true,true,true,false,1006.79,1006.79,0,902.1,741.59,741.59,1006.79,0.0,0.896016051014,0.736588563653,0.736588563653,265.2,0.263411436347,0.0,0.0,true,false,19,0.791666666667,6,6,1.0,1.5
housing_case_config_sweep_v1,development,moderate_cw085_r2,moderate_1p5,6,4,2,0.85,981417412,275c10b13cae8cfcb9a3ba8985e53016efdb4459f1162be3c761108155a42890,012bb37b8a390810fd34502511425ea1ea68b8be7466d79bedb81ca6e61b03b4,true,true,true,true,false,998.24,998.24,0,820.77,787.04,787.04,998.24,0.0,0.8222171021,0.788427632633,0.788427632633,211.2,0.211572367367,0.0,0.0,true,false,21,0.875,6,6,1.0,1.5
housing_case_config_sweep_v1,development,moderate_cw085_r2,moderate_1p5,6,4,2,0.85,123194022,ebcda1cc879a703eb8542958b935bed9493060a7d96feeae5d3a4cae88363048,6fa3a9353cc053780a9e2297b7279b867c0d27e6b2c2b34b36db9226178093d4,true,true,true,true,false,1188.05,1188.05,0,1051.05,1049.32,1049.32,1188.05,0.0,0.884684988006,0.883228820336,0.883228820336,138.73,0.116771179664,0.0,0.0,true,false,18,0.75,6,6,1.0,1.5
housing_case_config_sweep_v1,development,moderate_cw085_r2,moderate_1p5,6,4,2,0.85,145537168,d9527d45b6fdc590ffc5bd39bb71237db2e5fdbe7bf5dfe9f0a5d8c7d88037ba,1df86b65b8aba3e1eab3e934565e7cda8019fcff0c28b29963f5927acc097faf,true,true,true,true,false,1348.79,1348.79,0,1190.53,1231.77,1231.77,1348.79,0.0,0.882665203627,0.91324075653,0.91324075653,117.02,0.08675924347,0.0,0.0,true,false,20,0.833333333333,6,5,0.833333333333,1.5
housing_case_config_sweep_v1,development,moderate_cw085_r2,moderate_1p5,6,4,2,0.85,264284765,9c5a54d289f4b2c4bfba3bd72234bad2424e37ab55bc19b99f9e86b4dbebe549,dbf81620a05682f56ed2256badcb3c4dc0d57eb25a2f942f26dddd9b8f3fbb3e,true,true,true,true,false,1128.13,1128.13,0,1040.29,718.89,718.89,1128.13,0.0,0.922136633189,0.637240388962,0.637240388962,409.24,0.362759611038,0.0,0.0,true,false,20,0.833333333333,6,6,1.0,1.5
housing_case_config_sweep_v1,development,moderate_cw085_r2,moderate_1p5,6,4,2,0.85,722524881,a36d8fa6977bdfb635513a894e72832055024a7bf59af9ec9efc74bfd66c79e2,bf5872893aabeb5eac6722684356c8badd053b5689fb62218f40b121ea649889,true,true,true,true,false,1324.61,1324.61,0,1158.21,1108.2,1108.2,1324.61,0.0,0.874378118843,0.836623609968,0.836623609968,216.41,0.163376390032,0.0,0.0,true,false,16,0.666666666667,6,6,1.0,1.5
housing_case_config_sweep_v1,development,moderate_cw085_r2,moderate_1p5,6,4,2,0.85,227922569,56e00790518a3b850ffb8dfb5f0f3e03f4b4a71829eb5d537525f96dabe5ed65,4298877ac536a2f889f416babce5ff413cfe5a137f0a56015291d713ec6bde36,true,true,true,true,false,1023.71,1023.71,0,1023.71,852.89,852.89,1023.71,0.0,1.0,0.833136337439,0.833136337439,170.82,0.166863662561,0.0,0.0,true,false,12,0.5,6,6,1.0,1.5
housing_case_config_sweep_v1,development,moderate_cw085_r2,moderate_1p5,6,4,2,0.85,1535604354,7caeec0b178b211950030c07b22b9733d2e4175a852ca9f6ad96d93b636a9119,6381802527fbc1a664425ea68d53394734e86be4a81a9d94a7c43b87201a83ce,true,true,true,true,false,1947.22,1947.22,0,1808.89,1884.85,1884.85,1947.22,0.0,0.928960261296,0.967969720935,0.967969720935,62.37,0.032030279065,0.0,0.0,true,false,24,1.0,6,5,0.833333333333,1.5
housing_case_config_sweep_v1,development,moderate_cw085_r2,moderate_1p5,6,4,2,0.85,366965770,f33b8ffcc720b8625a0bb6ce892b3c31a3c82b9ecaa0937820012c4d79a39169,a5bd354e17c9941de98e181da6e6476866ee203444b0146122e9f1218113b135,true,true,true,true,false,1421.5,1421.5,0,1221.9,846.5,846.5,1421.5,0.0,0.85958494548,0.595497713683,0.595497713683,575.0,0.404502286317,0.0,0.0,true,false,23,0.958333333333,6,6,1.0,1.5
housing_case_config_sweep_v1,development,moderate_cw085_r2,moderate_1p5,6,4,2,0.85,1063943031,901effdad82bd927d518614bd77358088a61360359af94ebcc895313d732ca41,a3938aa188e804ae36861f6c9178d8ff09499af01f7b5e9a4093769a45ef6a3e,true,true,true,true,false,1112.85,1112.85,0,1034.68,1010.73,1010.73,1112.85,0.0,0.929756930404,0.908235611268,0.908235611268,102.12,0.091764388732,0.0,0.0,true,false,13,0.541666666667,6,6,1.0,1.5
housing_case_config_sweep_v1,development,moderate_cw085_r2,moderate_1p5,6,4,2,0.85,647986875,bb827323a50957fdd0966618dac1889fe90f77c82ad8ba5ba4cdf422e8ef5cb2,0e74d4a79a8b4fdbd0d48edc074dcb9ed0c6a68a1f7e56a68a7270b3f457ad44,true,true,true,true,false,1206.62,1206.62,0,1014.23,1084.52,1021.23,1206.62,0.0,0.840554607084,0.898808241203,0.846355936417,122.1,0.101191758797,-63.29,-0.052452304785,true,false,18,0.75,6,5,0.833333333333,1.5
housing_case_config_sweep_v1,development,moderate_cw085_r2,moderate_1p5,6,4,2,0.85,1758927083,2feb641a4a48e6d07cc5c4e7dd813e48690f416b818cb35e4d0935889331edc4,23869968ceb230b5d3adf424280023bde7fd1ffa1b6a61bcf881cb68224a2cbc,true,true,true,true,false,1654.32,1654.32,0,1436.46,1052.9,1052.9,1654.32,0.0,0.868308428841,0.636454857585,0.636454857585,601.42,0.363545142415,0.0,0.0,true,false,18,0.75,6,6,1.0,1.5
housing_case_config_sweep_v1,development,moderate_cw085_r2,moderate_1p5,6,4,2,0.85,237549679,25ff49969f842094193001b335935069f11b3ae46f72905601417ccbed2987d4,70c318e47cce4b51e39a266314fd113bda48dcf9f6978fcd14c7e678d9d69241,true,true,true,true,false,396.62,396.62,0,396.62,286.55,286.55,396.62,0.0,1.0,0.722479955625,0.722479955625,110.07,0.277520044375,0.0,0.0,true,false,12,0.5,6,5,0.833333333333,1.5
housing_case_config_sweep_v1,development,moderate_cw085_r2,moderate_1p5,6,4,2,0.85,1515521562,2c9f13d20320a9f78416eb3ccc27d978e1b5cb5eeb66174a0bf4fd787d233e07,9bceee3cd1d5afaaee7da719dca0322f4ec44c46389ffb1eb3ceb6e4923d561e,true,true,true,true,false,1091.2,1091.2,0,987.74,1061.02,1061.02,1091.2,0.0,0.905186950147,0.972342375367,0.972342375367,30.18,0.027657624633,0.0,0.0,true,false,12,0.5,6,5,0.833333333333,1.5
housing_case_config_sweep_v1,development,moderate_cw085_r2,moderate_1p5,6,4,2,0.85,905398266,e410077ad43625306c9febccebef2b6b12441d6a16a076ec777cb03c3fe43d3e,cee7c4641e7e8128059c6051f9e7d7ad09da293dff26e9b92d5d0fa2e85ef6a5,true,true,true,true,false,1015.39,1015.39,0,891.22,710.24,710.24,1015.39,0.0,0.877712012133,0.699475078541,0.699475078541,305.15,0.300524921459,0.0,0.0,true,false,24,1.0,6,6,1.0,1.5
housing_case_config_sweep_v1,development,moderate_cw085_r4,moderate_1p5,6,4,4,0.85,1971418798,cb1b1b28e167f4614d144ee61325c41eff49d2318820b0fdeba8191f7527acdd,da56d9ca95e961b7ffcd1969f573e60831c5d5829caff9dea1f6d7710bc20222,true,true,true,true,false,2004.29,2004.29,0,1899.08,1854.54,1854.54,2004.29,0.0,0.947507596206,0.925285263111,0.925285263111,149.75,0.074714736889,0.0,0.0,true,false,24,1.0,6,3,0.5,1.5
housing_case_config_sweep_v1,development,moderate_cw085_r4,moderate_1p5,6,4,4,0.85,1460378342,b2f0ae71d69130e9774d818af32cc466fbd10291e312fb5b4249c78a844b0e6a,d581cfc30ff88894c2613e9196c524702308632f8c85e6b8f7954ee33f8ec4be,true,true,true,true,false,1006.79,1006.79,0,902.1,891.74,880.42,1006.79,0.0,0.896016051014,0.885725920996,0.874482265418,115.05,0.114274079004,-11.32,-0.011243655579,true,false,19,0.791666666667,6,6,1.0,1.5
housing_case_config_sweep_v1,development,moderate_cw085_r4,moderate_1p5,6,4,4,0.85,981417412,275c10b13cae8cfcb9a3ba8985e53016efdb4459f1162be3c761108155a42890,cd631dcdfc93bd1b845eef4e179ea25a7cff78c64543dbfb2f4881eb2bfe15d7,true,true,true,true,false,998.24,998.24,0,820.77,956.54,787.04,998.24,0.0,0.8222171021,0.958226478602,0.788427632633,41.7,0.041773521398,-169.5,-0.169798845969,true,false,21,0.875,6,6,1.0,1.5
housing_case_config_sweep_v1,development,moderate_cw085_r4,moderate_1p5,6,4,4,0.85,123194022,ebcda1cc879a703eb8542958b935bed9493060a7d96feeae5d3a4cae88363048,5ceb908637e429adc2f6f93690dde81dfc0da6e71120cdc4027099dfdf22ffcf,true,true,true,true,false,1188.05,1188.05,0,1051.05,1121.23,1049.32,1188.05,0.0,0.884684988006,0.943756575902,0.883228820336,66.82,0.056243424098,-71.91,-0.060527755566,true,false,18,0.75,6,6,1.0,1.5
housing_case_config_sweep_v1,development,moderate_cw085_r4,moderate_1p5,6,4,4,0.85,145537168,d9527d45b6fdc590ffc5bd39bb71237db2e5fdbe7bf5dfe9f0a5d8c7d88037ba,8bd66904bcc02cfbd859f3f758c51d799faa5eab6849de767504565ac3d37088,true,true,true,true,false,1348.79,1348.79,0,1190.53,1231.77,1231.77,1348.79,0.0,0.882665203627,0.91324075653,0.91324075653,117.02,0.08675924347,0.0,0.0,true,false,20,0.833333333333,6,5,0.833333333333,1.5
housing_case_config_sweep_v1,development,moderate_cw085_r4,moderate_1p5,6,4,4,0.85,264284765,9c5a54d289f4b2c4bfba3bd72234bad2424e37ab55bc19b99f9e86b4dbebe549,01d73df4a791cb6da99eb9b9ac1108adaf216d8b41cf7520369958e68c8100d5,true,true,true,true,false,1128.13,1128.13,0,1040.29,872.69,872.69,1128.13,0.0,0.922136633189,0.773572194694,0.773572194694,255.44,0.226427805306,0.0,0.0,true,false,20,0.833333333333,6,6,1.0,1.5
housing_case_config_sweep_v1,development,moderate_cw085_r4,moderate_1p5,6,4,4,0.85,722524881,a36d8fa6977bdfb635513a894e72832055024a7bf59af9ec9efc74bfd66c79e2,5db9443200917982fce9703a895e80b0d5f26a5eb8a0f038f46a731f13d4ab97,true,true,true,true,false,1324.61,1324.61,0,1158.21,1164.1,1108.2,1324.61,0.0,0.874378118843,0.87882471067,0.836623609968,160.51,0.12117528933,-55.9,-0.042201100701,true,false,16,0.666666666667,6,6,1.0,1.5
housing_case_config_sweep_v1,development,moderate_cw085_r4,moderate_1p5,6,4,4,0.85,227922569,56e00790518a3b850ffb8dfb5f0f3e03f4b4a71829eb5d537525f96dabe5ed65,10838d33df567d0001cb46c6f87c1253d4b7e4f58236ce4012bbe75eebd813bb,true,true,true,true,false,1023.71,1023.71,0,1023.71,852.89,852.89,1023.71,0.0,1.0,0.833136337439,0.833136337439,170.82,0.166863662561,0.0,0.0,true,false,12,0.5,6,6,1.0,1.5
housing_case_config_sweep_v1,development,moderate_cw085_r4,moderate_1p5,6,4,4,0.85,1535604354,7caeec0b178b211950030c07b22b9733d2e4175a852ca9f6ad96d93b636a9119,73102fb445639c477cbd194356c7911526a85bbae5047349fa6d758497c00b3b,true,true,true,true,false,1947.22,1947.22,0,1808.89,1884.85,1884.85,1947.22,0.0,0.928960261296,0.967969720935,0.967969720935,62.37,0.032030279065,0.0,0.0,true,false,24,1.0,6,5,0.833333333333,1.5
housing_case_config_sweep_v1,development,moderate_cw085_r4,moderate_1p5,6,4,4,0.85,366965770,f33b8ffcc720b8625a0bb6ce892b3c31a3c82b9ecaa0937820012c4d79a39169,8adfae56d1a0b17a67ab23cfa5fe62291be6ee8f4c0955d363eac8f573d92ebc,true,true,true,true,false,1421.5,1421.5,0,1221.9,1089.05,1089.05,1421.5,0.0,0.85958494548,0.766127330285,0.766127330285,332.45,0.233872669715,0.0,0.0,true,false,23,0.958333333333,6,6,1.0,1.5
housing_case_config_sweep_v1,development,moderate_cw085_r4,moderate_1p5,6,4,4,0.85,1063943031,901effdad82bd927d518614bd77358088a61360359af94ebcc895313d732ca41,68281ab5462eebf3d26ec19d05b6a703e24b2d258f61164efbede06784d32994,true,true,true,true,false,1112.85,1112.85,0,1034.68,1010.73,1010.73,1112.85,0.0,0.929756930404,0.908235611268,0.908235611268,102.12,0.091764388732,0.0,0.0,true,false,13,0.541666666667,6,6,1.0,1.5
housing_case_config_sweep_v1,development,moderate_cw085_r4,moderate_1p5,6,4,4,0.85,647986875,bb827323a50957fdd0966618dac1889fe90f77c82ad8ba5ba4cdf422e8ef5cb2,e51c71a989100a5f4c349db7d1d61f631b30c74816041ea3fede3859b44108af,true,true,true,true,false,1206.62,1206.62,0,1014.23,1084.52,1021.23,1206.62,0.0,0.840554607084,0.898808241203,0.846355936417,122.1,0.101191758797,-63.29,-0.052452304785,true,false,18,0.75,6,5,0.833333333333,1.5
housing_case_config_sweep_v1,development,moderate_cw085_r4,moderate_1p5,6,4,4,0.85,1758927083,2feb641a4a48e6d07cc5c4e7dd813e48690f416b818cb35e4d0935889331edc4,c533dd346fcee69c17956af1ca966c6dc537fd283f4a0607d2a099de4805ee57,true,true,true,true,false,1654.32,1654.32,0,1436.46,1500.0,1500.0,1654.32,0.0,0.868308428841,0.906716959234,0.906716959234,154.32,0.093283040766,0.0,0.0,true,false,18,0.75,6,6,1.0,1.5
housing_case_config_sweep_v1,development,moderate_cw085_r4,moderate_1p5,6,4,4,0.85,237549679,25ff49969f842094193001b335935069f11b3ae46f72905601417ccbed2987d4,b89ca0f8f26178b3961f9a8d1bb59924ac68f3d83d3d7677e1d35ff99c90d8ab,true,true,true,true,false,396.62,396.62,0,396.62,286.55,286.55,396.62,0.0,1.0,0.722479955625,0.722479955625,110.07,0.277520044375,0.0,0.0,true,false,12,0.5,6,5,0.833333333333,1.5
housing_case_config_sweep_v1,development,moderate_cw085_r4,moderate_1p5,6,4,4,0.85,1515521562,2c9f13d20320a9f78416eb3ccc27d978e1b5cb5eeb66174a0bf4fd787d233e07,c473e15d42eb9b0c81cb18b6987192dc6567cecea412a28de5762c1ff06d87d5,true,true,true,true,false,1091.2,1091.2,0,987.74,1061.02,1061.02,1091.2,0.0,0.905186950147,0.972342375367,0.972342375367,30.18,0.027657624633,0.0,0.0,true,false,12,0.5,6,5,0.833333333333,1.5
housing_case_config_sweep_v1,development,moderate_cw085_r4,moderate_1p5,6,4,4,0.85,905398266,e410077ad43625306c9febccebef2b6b12441d6a16a076ec777cb03c3fe43d3e,22d306b6b55ae1b107dbe497ef98bbafabce2b42ea7719c4d246d4e622b09bfc,true,true,true,true,false,1015.39,1015.39,0,891.22,867.09,867.09,1015.39,0.0,0.877712012133,0.853947744217,0.853947744217,148.3,0.146052255783,0.0,0.0,true,false,24,1.0,6,6,1.0,1.5
housing_case_config_sweep_v1,development,severe_cw030_r2,severe_2p0,6,3,2,0.3,1971418798,4c73a4e745aa82e1d7aea1bec4b1a53d92720f381033d2a68fbf786df038d63d,6c48772cf1beb08dc4bc21101f09bf8deb20fef59174b3a839949cfbd55ea164,true,true,true,true,false,1175.77,1175.77,0,1160.46,1029.74,1029.74,1175.77,0.0,0.986978745843,0.875800539221,0.875800539221,146.03,0.124199460779,0.0,0.0,true,false,14,0.777777777778,6,3,0.5,2.0
housing_case_config_sweep_v1,development,severe_cw030_r2,severe_2p0,6,3,2,0.3,1460378342,5d66777bb852e1680ed7157c3e1e858fc6b33c151af726624c8229fd714ccf70,1d55346330325a554b770f113fa777bd4dc74c0f6205e830b54ab2f238777ec0,true,true,true,true,false,1769.31,1769.31,0,1613.36,1395.41,1395.41,1769.31,0.0,0.911858295042,0.78867468109,0.78867468109,373.9,0.21132531891,0.0,0.0,true,false,18,1.0,6,3,0.5,2.0
housing_case_config_sweep_v1,development,severe_cw030_r2,severe_2p0,6,3,2,0.3,981417412,85b9c7fcd7d15bc7fceb98905358693fdc819ce447f05fa861761220128e8bde,2ed4ebf0876317e1d14fe771395fbb8a2784aa0e09099e1cc802fd4ff0f1e4d3,true,true,true,true,false,1738.21,1738.21,0,1705.17,1461.7,1461.7,1738.21,0.0,0.980991939984,0.840922558264,0.840922558264,276.51,0.159077441736,0.0,0.0,true,false,16,0.888888888889,6,3,0.5,2.0
housing_case_config_sweep_v1,development,severe_cw030_r2,severe_2p0,6,3,2,0.3,123194022,73fde0f088f25dc42b3373a626fb8de72eb60049883b61c9af12429bbac33124,dd7a2fc6686363b792c0fc75f2d0e5ffd88254aa5cc9997c224195c19193b112,true,true,true,true,false,1138.73,1138.73,0,902.56,753.69,753.69,1138.73,0.0,0.792602285002,0.661868924152,0.661868924152,385.04,0.338131075848,0.0,0.0,true,false,14,0.777777777778,6,4,0.666666666667,2.0
housing_case_config_sweep_v1,development,severe_cw030_r2,severe_2p0,6,3,2,0.3,145537168,9dd466541721625f6d9c3d2ef4290434a5f27e3121e57efc6653437409e99a66,7e055446d7ac027920f7d1e89b9947e925307722ee155afe09f9df4926dbf5b2,true,true,true,true,false,1457.34,1457.34,0,1452.92,1158.94,1158.94,1457.34,0.0,0.996967077003,0.79524338864,0.79524338864,298.4,0.20475661136,0.0,0.0,true,false,15,0.833333333333,6,4,0.666666666667,2.0
housing_case_config_sweep_v1,development,severe_cw030_r2,severe_2p0,6,3,2,0.3,264284765,6c898bb740b2cf74af281f94a7de838941b2f3ef91a16c58dee6ad0e5ddd9bac,c3b59a418fe5c98545e2a044060eb343129def43bdf471a1b21d4d38dc7e4eef,true,true,true,true,false,1561.18,1561.18,0,1275.28,1182.79,1182.79,1561.18,0.0,0.816869291177,0.757625642142,0.757625642142,378.39,0.242374357858,0.0,0.0,true,false,16,0.888888888889,6,5,0.833333333333,2.0
housing_case_config_sweep_v1,development,severe_cw030_r2,severe_2p0,6,3,2,0.3,722524881,e7a0e199477e68f5fb3d22e000347bba426e07fba8b6206d93fb3c237f3cfa56,dfde7ce03db282e0939fd96331dd5c2c032af72913cdd77648fe280e7f7430c5,true,true,true,true,false,1332.68,1332.68,0,466.61,768.55,901.17,1332.68,0.0,0.350129063241,0.576695080589,0.676208842333,564.13,0.423304919411,132.62,0.099513761743,true,true,13,0.722222222222,6,4,0.666666666667,2.0
housing_case_config_sweep_v1,development,severe_cw030_r2,severe_2p0,6,3,2,0.3,227922569,738234e4bd4c8988ebf33339f570f24f6132a534bd7e4e5702d70ba0644ff764,b68ca710c67264f41730a2e21bc90ea1d62739f4d0ccef8b25781c6091fa23fe,true,true,true,true,false,1664.31,1664.31,0,1133.84,995.83,995.83,1664.31,0.0,0.681267311979,0.598344058499,0.598344058499,668.48,0.401655941501,0.0,0.0,true,false,14,0.777777777778,6,5,0.833333333333,2.0
housing_case_config_sweep_v1,development,severe_cw030_r2,severe_2p0,6,3,2,0.3,1535604354,c353ed0fbb80d3ac6968c71854666f1a0734cb5747c4fd80ef6733fb69458713,b8d1f7f9823d465bb654bfd0b15bf11211a2b8cde52496548a71b913f648f4a2,true,true,true,true,false,1610.99,1610.99,0,1048.87,1610.49,1610.49,1610.99,0.0,0.651071701252,0.999689631841,0.999689631841,0.5,0.000310368159,0.0,0.0,true,false,13,0.722222222222,6,3,0.5,2.0
housing_case_config_sweep_v1,development,severe_cw030_r2,severe_2p0,6,3,2,0.3,366965770,49b8e9eef5097c062a689cf9df7c127d35822a166ba2e2b4d5a9bc085b88171e,5b4b46e852a84e1988fea2ff91096bebce6228214ddb2171b02d220567e8d85c,true,true,true,true,false,1074.66,1074.66,0,1038.67,1038.67,1038.67,1074.66,0.0,0.966510338153,0.966510338153,0.966510338153,35.99,0.033489661847,0.0,0.0,true,false,12,0.666666666667,6,3,0.5,2.0
housing_case_config_sweep_v1,development,severe_cw030_r2,severe_2p0,6,3,2,0.3,1063943031,5a2aff09a471de5025af564d7f4c488685b26c449828af88025f359267690d32,a979be21f6e788e13b375e1793605ebb2249eb185b2439a9d3a552479dff89c0,true,true,true,true,false,1414.28,1414.28,0,1059.66,1059.66,1253.94,1414.28,0.0,0.749257572758,0.749257572758,0.886627824759,354.62,0.250742427242,194.28,0.137370252001,true,true,14,0.777777777778,6,5,0.833333333333,2.0
housing_case_config_sweep_v1,development,severe_cw030_r2,severe_2p0,6,3,2,0.3,647986875,1e7045b1fc3a0e9e17f0f87ef5145a6ba1a84541e64dd5d5b75c526090726ab6,74e09d1e265cd68fe98ca6c3259be6ed2e284dbed5773a00014caa12a2d86380,true,true,true,true,false,1533.54,1533.54,0,824.97,1175.13,1175.13,1533.54,0.0,0.53795140655,0.766285848429,0.766285848429,358.41,0.233714151571,0.0,0.0,true,false,14,0.777777777778,5,4,0.666666666667,2.0
housing_case_config_sweep_v1,development,severe_cw030_r2,severe_2p0,6,3,2,0.3,1758927083,7a474bf5b3db4e126d312a5e9d0b45cf1b2b08674b1acf1d9c19424932f1c7bc,0a6d88a4761234a858d8e6388899f88e37fc6dd8e65fbbdf69bb9dd3e4394182,true,true,true,true,false,1326.39,1326.39,0,1044.76,1213.28,1213.28,1326.39,0.0,0.787671800903,0.914723422221,0.914723422221,113.11,0.085276577779,0.0,0.0,true,false,14,0.777777777778,6,3,0.5,2.0
housing_case_config_sweep_v1,development,severe_cw030_r2,severe_2p0,6,3,2,0.3,237549679,e2d04da6cb8cf729ee04a000c81557f1b94efcbb3ac837f0edc6acfc0c7f8ff6,e86ed1fc6025d0ee23b9121596cb27b546b18af5b481649d07337afb6e7f02bd,true,true,true,true,false,1168.82,1168.82,0,1099.03,1168.82,1168.82,1168.82,0.0,0.940290207218,1.0,1.0,0.0,0.0,0.0,0.0,false,false,15,0.833333333333,6,3,0.5,2.0
housing_case_config_sweep_v1,development,severe_cw030_r2,severe_2p0,6,3,2,0.3,1515521562,d53aedb2636218fba314959673fd72e2ed0165c043a5c8071b6b0125f6484daa,1fdedf028bba1c28ad9732a0b8c6b8e253da2be97bf4fdead3d2197400d78353,true,true,true,true,false,1729.25,1729.25,0,559.51,1378.75,1729.25,1729.25,0.0,0.323556455111,0.797310972965,1.0,350.5,0.202689027035,350.5,0.202689027035,true,true,17,0.944444444444,5,4,0.666666666667,2.0
housing_case_config_sweep_v1,development,severe_cw030_r2,severe_2p0,6,3,2,0.3,905398266,332d45e4c2b20b09d4c0de544af42fe0b9a7c9821ec0454761ad601e9580b57e,bfb06047a8ddda024cde8ad8003059fb6ab8695d12363f86d5a94277fc9d7afa,true,true,true,true,false,1588.9,1588.9,0,1172.19,1053.76,1053.76,1588.9,0.0,0.737736799043,0.663200956637,0.663200956637,535.14,0.336799043363,0.0,0.0,true,false,16,0.888888888889,6,4,0.666666666667,2.0
housing_case_config_sweep_v1,development,severe_cw030_r4,severe_2p0,6,3,4,0.3,1971418798,4c73a4e745aa82e1d7aea1bec4b1a53d92720f381033d2a68fbf786df038d63d,8eba41e6bf6aef3f00b8c01aac98d9c76896564701f53d4c1b1bba30dd99a09d,true,true,true,true,false,1175.77,1175.77,0,1160.46,1029.74,1029.74,1175.77,0.0,0.986978745843,0.875800539221,0.875800539221,146.03,0.124199460779,0.0,0.0,true,false,14,0.777777777778,6,3,0.5,2.0
housing_case_config_sweep_v1,development,severe_cw030_r4,severe_2p0,6,3,4,0.3,1460378342,5d66777bb852e1680ed7157c3e1e858fc6b33c151af726624c8229fd714ccf70,a26aa2a18bb61245a9bbad203e8eefab14ea526972d85738bbfc29212e82e242,true,true,true,true,false,1769.31,1769.31,0,1613.36,1395.41,1395.41,1769.31,0.0,0.911858295042,0.78867468109,0.78867468109,373.9,0.21132531891,0.0,0.0,true,false,18,1.0,6,3,0.5,2.0
housing_case_config_sweep_v1,development,severe_cw030_r4,severe_2p0,6,3,4,0.3,981417412,85b9c7fcd7d15bc7fceb98905358693fdc819ce447f05fa861761220128e8bde,e23db8d4b28fabaf0ee8fc2e478129c1ce3ee13eb0a2c7659e2cf13a471ac6ea,true,true,true,true,false,1738.21,1738.21,0,1705.17,1461.7,1461.7,1738.21,0.0,0.980991939984,0.840922558264,0.840922558264,276.51,0.159077441736,0.0,0.0,true,false,16,0.888888888889,6,3,0.5,2.0
housing_case_config_sweep_v1,development,severe_cw030_r4,severe_2p0,6,3,4,0.3,123194022,73fde0f088f25dc42b3373a626fb8de72eb60049883b61c9af12429bbac33124,e04f5f90e27cec95dca3a73bfb991a8b8d8b245e5f0689566d3fc6536f6b9ef5,true,true,true,true,false,1138.73,1138.73,0,902.56,753.69,753.69,1138.73,0.0,0.792602285002,0.661868924152,0.661868924152,385.04,0.338131075848,0.0,0.0,true,false,14,0.777777777778,6,4,0.666666666667,2.0
housing_case_config_sweep_v1,development,severe_cw030_r4,severe_2p0,6,3,4,0.3,145537168,9dd466541721625f6d9c3d2ef4290434a5f27e3121e57efc6653437409e99a66,8006a8e98666d35105a748e4b7b5b978676c8438b2e5a68250d4d763e36c8fa9,true,true,true,true,false,1457.34,1457.34,0,1452.92,1158.94,1158.94,1457.34,0.0,0.996967077003,0.79524338864,0.79524338864,298.4,0.20475661136,0.0,0.0,true,false,15,0.833333333333,6,4,0.666666666667,2.0
housing_case_config_sweep_v1,development,severe_cw030_r4,severe_2p0,6,3,4,0.3,264284765,6c898bb740b2cf74af281f94a7de838941b2f3ef91a16c58dee6ad0e5ddd9bac,46f5e7772e4a9915c01c1a92d411d8f9506edd7006d99dcf5729822ea2e2e00f,true,true,true,true,false,1561.18,1561.18,0,1275.28,1182.79,1182.79,1561.18,0.0,0.816869291177,0.757625642142,0.757625642142,378.39,0.242374357858,0.0,0.0,true,false,16,0.888888888889,6,5,0.833333333333,2.0
housing_case_config_sweep_v1,development,severe_cw030_r4,severe_2p0,6,3,4,0.3,722524881,e7a0e199477e68f5fb3d22e000347bba426e07fba8b6206d93fb3c237f3cfa56,faa18d7b9e17e03c29bc66c623fa77ddef454218a9c5bb34703113c519fd2101,true,true,true,true,false,1332.68,1332.68,0,466.61,768.55,901.17,1332.68,0.0,0.350129063241,0.576695080589,0.676208842333,564.13,0.423304919411,132.62,0.099513761743,true,true,13,0.722222222222,6,4,0.666666666667,2.0
housing_case_config_sweep_v1,development,severe_cw030_r4,severe_2p0,6,3,4,0.3,227922569,738234e4bd4c8988ebf33339f570f24f6132a534bd7e4e5702d70ba0644ff764,5fe5b7711fff3d0be44f0802124567568cee3af5eaad59837210f37d3d507412,true,true,true,true,false,1664.31,1664.31,0,1133.84,995.83,995.83,1664.31,0.0,0.681267311979,0.598344058499,0.598344058499,668.48,0.401655941501,0.0,0.0,true,false,14,0.777777777778,6,5,0.833333333333,2.0
housing_case_config_sweep_v1,development,severe_cw030_r4,severe_2p0,6,3,4,0.3,1535604354,c353ed0fbb80d3ac6968c71854666f1a0734cb5747c4fd80ef6733fb69458713,2c97b8eb37c5bcc6ffcf5d11ab46f2c678451e9cd8d1ce80b93463ea55770a39,true,true,true,true,false,1610.99,1610.99,0,1048.87,1610.49,1610.49,1610.99,0.0,0.651071701252,0.999689631841,0.999689631841,0.5,0.000310368159,0.0,0.0,true,false,13,0.722222222222,6,3,0.5,2.0
housing_case_config_sweep_v1,development,severe_cw030_r4,severe_2p0,6,3,4,0.3,366965770,49b8e9eef5097c062a689cf9df7c127d35822a166ba2e2b4d5a9bc085b88171e,2592f32313bf5f6bf6cf41a4507fc810d17a155a088fe19425e4faadfab29949,true,true,true,true,false,1074.66,1074.66,0,1038.67,1038.67,1038.67,1074.66,0.0,0.966510338153,0.966510338153,0.966510338153,35.99,0.033489661847,0.0,0.0,true,false,12,0.666666666667,6,3,0.5,2.0
housing_case_config_sweep_v1,development,severe_cw030_r4,severe_2p0,6,3,4,0.3,1063943031,5a2aff09a471de5025af564d7f4c488685b26c449828af88025f359267690d32,5185a90919b837dc6f772b4097a47bf10617f68825807ee4ddc30f7a50f94138,true,true,true,true,false,1414.28,1414.28,0,1059.66,1059.66,1253.94,1414.28,0.0,0.749257572758,0.749257572758,0.886627824759,354.62,0.250742427242,194.28,0.137370252001,true,true,14,0.777777777778,6,5,0.833333333333,2.0
housing_case_config_sweep_v1,development,severe_cw030_r4,severe_2p0,6,3,4,0.3,647986875,1e7045b1fc3a0e9e17f0f87ef5145a6ba1a84541e64dd5d5b75c526090726ab6,effff3e88c8a0facaa6b460fb4d82f9c35bd28f731e5faf5a621dfdf9b80ef20,true,true,true,true,false,1533.54,1533.54,0,824.97,1175.13,1175.13,1533.54,0.0,0.53795140655,0.766285848429,0.766285848429,358.41,0.233714151571,0.0,0.0,true,false,14,0.777777777778,5,4,0.666666666667,2.0
housing_case_config_sweep_v1,development,severe_cw030_r4,severe_2p0,6,3,4,0.3,1758927083,7a474bf5b3db4e126d312a5e9d0b45cf1b2b08674b1acf1d9c19424932f1c7bc,03e04733bb7c151a6314768fbfb5577ab5a9ed4091879019606ad4b22eb32cbb,true,true,true,true,false,1326.39,1326.39,0,1044.76,1213.28,1213.28,1326.39,0.0,0.787671800903,0.914723422221,0.914723422221,113.11,0.085276577779,0.0,0.0,true,false,14,0.777777777778,6,3,0.5,2.0
housing_case_config_sweep_v1,development,severe_cw030_r4,severe_2p0,6,3,4,0.3,237549679,e2d04da6cb8cf729ee04a000c81557f1b94efcbb3ac837f0edc6acfc0c7f8ff6,cd856f8ba255ee69dc03b9d0c3ec38e8fde518a2068ef4437fb200c2fb45934c,true,true,true,true,false,1168.82,1168.82,0,1099.03,1168.82,1168.82,1168.82,0.0,0.940290207218,1.0,1.0,0.0,0.0,0.0,0.0,false,false,15,0.833333333333,6,3,0.5,2.0
housing_case_config_sweep_v1,development,severe_cw030_r4,severe_2p0,6,3,4,0.3,1515521562,d53aedb2636218fba314959673fd72e2ed0165c043a5c8071b6b0125f6484daa,c2ae950cf03ee8b5abd730fa4691875aa9408b8322aa8a143e59cbf346fd5692,true,true,true,true,false,1729.25,1729.25,0,559.51,1378.75,1729.25,1729.25,0.0,0.323556455111,0.797310972965,1.0,350.5,0.202689027035,350.5,0.202689027035,true,true,17,0.944444444444,5,4,0.666666666667,2.0
housing_case_config_sweep_v1,development,severe_cw030_r4,severe_2p0,6,3,4,0.3,905398266,332d45e4c2b20b09d4c0de544af42fe0b9a7c9821ec0454761ad601e9580b57e,c2726c91b5a96aa3040bc3340bc3785eb5dd3b8a4ea0a2211f4eff94b3a612f4,true,true,true,true,false,1588.9,1588.9,0,1172.19,1053.76,1053.76,1588.9,0.0,0.737736799043,0.663200956637,0.663200956637,535.14,0.336799043363,0.0,0.0,true,false,16,0.888888888889,6,4,0.666666666667,2.0
housing_case_config_sweep_v1,development,severe_cw060_r2,severe_2p0,6,3,2,0.6,1971418798,1ed716058cc43af2cfc1ba4e8c97cee5c2b929e43677af07c3491a4ce93f6509,60749f3a08c6721788d97ce8d405455a5ad270e3ac5f1f7ce582c759e26f6921,true,true,true,true,false,622.07,622.07,0,617.76,536.14,567.42,622.07,0.0,0.993071519282,0.861864420403,0.91214815053,85.93,0.138135579597,31.28,0.050283730127,true,true,13,0.722222222222,6,5,0.833333333333,2.0
housing_case_config_sweep_v1,development,severe_cw060_r2,severe_2p0,6,3,2,0.6,1460378342,6a1e0b3e9baf847b26be9e8e088e7efce6b91ef8da62b2963b546932f5862a46,c859af4dd40e3a6689a1c52c8292b7b89ff80b30b45beaf94c479deb5a7770e7,true,true,true,true,false,1816.91,1816.91,0,1725.66,1637.27,1637.27,1816.91,0.0,0.94977736927,0.901128839623,0.901128839623,179.64,0.098871160377,0.0,0.0,true,false,18,1.0,6,3,0.5,2.0
housing_case_config_sweep_v1,development,severe_cw060_r2,severe_2p0,6,3,2,0.6,981417412,e76bb4ba76834755451dc3a38aa1901f4f380b6027585dd20fd4a946b756f672,6dd185dd1b7972bb95de0e07d8b004d8bbb1d79d184b0ec2bf986a4bd979ae4a,true,true,true,true,false,1489.61,1489.61,0,1464.47,1267.94,1267.94,1489.61,0.0,0.983123099335,0.851189237451,0.851189237451,221.67,0.148810762549,0.0,0.0,true,false,18,1.0,6,6,1.0,2.0
housing_case_config_sweep_v1,development,severe_cw060_r2,severe_2p0,6,3,2,0.6,123194022,86d072c50c38b234b7736a6537e629728ae7756b3d163f8fafa7b404cea59a2e,619b91d118b576c824e863c38f4e39e1babd7ad432fb7941f31e3ad279a3fd2e,true,true,true,true,false,860.63,860.63,0,584.76,767.7,767.7,860.63,0.0,0.679455747534,0.892020961389,0.892020961389,92.93,0.107979038611,0.0,0.0,true,false,14,0.777777777778,6,6,1.0,2.0
housing_case_config_sweep_v1,development,severe_cw060_r2,severe_2p0,6,3,2,0.6,145537168,43e2ec435b69244f46738c065f3461921a2f61fe33bfdae5a5c794807f4f3026,fffbd00e7352a131a15b55fc3434d8ce45d1554f8cab2f763503961c8192b052,true,true,true,true,false,1198.04,1198.04,0,1198.04,727.96,727.96,1198.04,0.0,1.0,0.607625788788,0.607625788788,470.08,0.392374211212,0.0,0.0,true,false,17,0.944444444444,6,6,1.0,2.0
housing_case_config_sweep_v1,development,severe_cw060_r2,severe_2p0,6,3,2,0.6,264284765,949c4709bb9b80bfb247c63d3decb991fa693acb59006819f5076e08e5e9b5a9,c1965bd46dd1b26fcb9947865119f324b0c14037139d0870baef84eb97c69fd4,true,true,true,true,false,1218.28,1218.28,0,941.92,1005.29,937.36,1218.28,0.0,0.773155596415,0.825171553337,0.769412614506,212.99,0.174828446663,-67.93,-0.055758938832,true,false,13,0.722222222222,6,5,0.833333333333,2.0
housing_case_config_sweep_v1,development,severe_cw060_r2,severe_2p0,6,3,2,0.6,722524881,a5a6df6c86adaf4297cd751c5e5a4224f2bfbadf48e073a56bc5233242526bb1,1dbdaf09b4bda5f177de17f9e1a84551708e3b57d047d2d761468d311f3cf89c,true,true,true,true,false,823.58,823.58,0,546.08,471.58,402.98,823.58,0.0,0.663056412249,0.572597683285,0.489302799971,352.0,0.427402316715,-68.6,-0.083294883314,true,false,11,0.611111111111,6,6,1.0,2.0
housing_case_config_sweep_v1,development,severe_cw060_r2,severe_2p0,6,3,2,0.6,227922569,0e7d8078a931088b52e1eb4f170d4a48743f9b0a20382b0b19dc7e98887dcd18,e245e9c2dbe157354a91b0a50b696601ba194391458ba12b96a89024c282babb,true,true,true,true,false,1308.01,1308.01,0,1002.34,917.73,917.73,1308.01,0.0,0.766309126077,0.701623076276,0.701623076276,390.28,0.298376923724,0.0,0.0,true,false,16,0.888888888889,6,5,0.833333333333,2.0
housing_case_config_sweep_v1,development,severe_cw060_r2,severe_2p0,6,3,2,0.6,1535604354,fdd7a1872e40f6e305bf40bb37853e690960186ff86e65f951f4b305a0883256,b6602c84c36faf8a1cf964019f21719d1b4df338c3dfc7c4deb852474c0ed459,true,true,true,true,false,1242.39,1242.39,0,895.37,1235.09,1235.09,1242.39,0.0,0.720683521278,0.994124228302,0.994124228302,7.3,0.005875771698,0.0,0.0,true,false,15,0.833333333333,6,6,1.0,2.0
housing_case_config_sweep_v1,development,severe_cw060_r2,severe_2p0,6,3,2,0.6,366965770,29c8f8e46b0ad511f60ada7982e3a7df12a3f833b5f7b7e9a531b252d18fe799,e679f0f68d1be9c43c6f992ac19df7bc35eb4f11a6945031a7cd9ceba4b7d2e1,true,true,true,true,false,496.96,496.96,0,473.87,473.87,473.87,496.96,0.0,0.953537508049,0.953537508049,0.953537508049,23.09,0.046462491951,0.0,0.0,true,false,10,0.555555555556,5,2,0.333333333333,2.0
housing_case_config_sweep_v1,development,severe_cw060_r2,severe_2p0,6,3,2,0.6,1063943031,f0260645f9570d70735356e119032cd604583d8677c2700ef002e6262c806ea4,ee9f68f4e3f1c58b9904362931c71c2dfd5cc53b60630dd858cc42dc48bb01f9,true,true,true,true,false,1139.78,1139.78,0,838.01,711.51,711.51,1139.78,0.0,0.735238379336,0.624252048641,0.624252048641,428.27,0.375747951359,0.0,0.0,true,false,15,0.833333333333,6,6,1.0,2.0
housing_case_config_sweep_v1,development,severe_cw060_r2,severe_2p0,6,3,2,0.6,647986875,18cedd23377c14e832344a44004e35122259544bce95c9e4ea1d8d67e95089ed,90e38211634a505cb3bea05557fe76211898d0fa679fd259a04b3d1e1e813e85,true,true,true,true,false,1240.04,1240.04,0,844.91,872.55,872.55,1240.04,0.0,0.681357052998,0.703646656559,0.703646656559,367.49,0.296353343441,0.0,0.0,true,false,18,1.0,6,5,0.833333333333,2.0
housing_case_config_sweep_v1,development,severe_cw060_r2,severe_2p0,6,3,2,0.6,1758927083,5fcba99cc8b49cf1a6754aa82ed6b66feef91a67688bc429a3d57881727eeb22,3726f42265a0afdd52f62a275f37983a5db7d2a07aa0c2445d33422ac68c3b36,true,true,true,true,false,1010.39,1010.39,0,847.66,758.06,666.48,1010.39,0.0,0.838943378299,0.750264749255,0.659626480864,252.33,0.249735250745,-91.58,-0.090638268391,true,false,14,0.777777777778,6,6,1.0,2.0
housing_case_config_sweep_v1,development,severe_cw060_r2,severe_2p0,6,3,2,0.6,237549679,ed675068dd80b6bc89600eb97ddbe64a4526eea38cbc7c6811d72720ceabe067,b1a383e438873faaddafef696bc22114662fd4da72811251c1905cdc75de45b8,true,true,true,true,false,748.02,748.02,0,504.81,748.02,653.33,748.02,0.0,0.674861634716,1.0,0.873412475602,0.0,0.0,-94.69,-0.126587524398,false,false,13,0.722222222222,6,3,0.5,2.0
housing_case_config_sweep_v1,development,severe_cw060_r2,severe_2p0,6,3,2,0.6,1515521562,0402e6fe12ddd8f526148a5320eea9efa72bf0c67c49979ace3dac7fed226831,29eac566399b847058963ef443e4cbd250a8d9068dda0c0c82763b2aaa7f6dc1,true,true,true,true,false,1620.85,1620.85,0,940.64,1428.45,1428.45,1620.85,0.0,0.58033747725,0.881296850418,0.881296850418,192.4,0.118703149582,0.0,0.0,true,false,18,1.0,6,5,0.833333333333,2.0
housing_case_config_sweep_v1,development,severe_cw060_r2,severe_2p0,6,3,2,0.6,905398266,5b6d2f8f52f3900e4b7b92dca42d5c31aeac18966b58dde8d4bf2c3859bc9f83,1bc6493e5fff3607b8b750f8087c801a13fbc8d49c70e81768a11e68678ea9b6,true,true,true,true,false,1388.49,1388.49,0,1145.89,930.3,930.3,1388.49,0.0,0.82527781979,0.67000842642,0.67000842642,458.19,0.32999157358,0.0,0.0,true,false,16,0.888888888889,6,6,1.0,2.0
housing_case_config_sweep_v1,development,severe_cw060_r4,severe_2p0,6,3,4,0.6,1971418798,1ed716058cc43af2cfc1ba4e8c97cee5c2b929e43677af07c3491a4ce93f6509,6df4b3b2ee97fb1a9dfa2f4e5b12242bbe972429181bf4ded5fb3d3c1c43aecb,true,true,true,true,false,622.07,622.07,0,617.76,536.14,567.42,622.07,0.0,0.993071519282,0.861864420403,0.91214815053,85.93,0.138135579597,31.28,0.050283730127,true,true,13,0.722222222222,6,5,0.833333333333,2.0
housing_case_config_sweep_v1,development,severe_cw060_r4,severe_2p0,6,3,4,0.6,1460378342,6a1e0b3e9baf847b26be9e8e088e7efce6b91ef8da62b2963b546932f5862a46,bece7ff7be5047489c2aa3a9006b677111c6c57773d645269f424af76e06f176,true,true,true,true,false,1816.91,1816.91,0,1725.66,1637.27,1637.27,1816.91,0.0,0.94977736927,0.901128839623,0.901128839623,179.64,0.098871160377,0.0,0.0,true,false,18,1.0,6,3,0.5,2.0
housing_case_config_sweep_v1,development,severe_cw060_r4,severe_2p0,6,3,4,0.6,981417412,e76bb4ba76834755451dc3a38aa1901f4f380b6027585dd20fd4a946b756f672,9ac854cb4950eaec3c0395242c2a216196b090601fed024b04c1bc13db1905bd,true,true,true,true,false,1489.61,1489.61,0,1464.47,1267.94,1267.94,1489.61,0.0,0.983123099335,0.851189237451,0.851189237451,221.67,0.148810762549,0.0,0.0,true,false,18,1.0,6,6,1.0,2.0
housing_case_config_sweep_v1,development,severe_cw060_r4,severe_2p0,6,3,4,0.6,123194022,86d072c50c38b234b7736a6537e629728ae7756b3d163f8fafa7b404cea59a2e,b977d4b643127b774df9d51181339c20f25d23ed14859e0cea18f25a4ed9a611,true,true,true,true,false,860.63,860.63,0,584.76,767.7,767.7,860.63,0.0,0.679455747534,0.892020961389,0.892020961389,92.93,0.107979038611,0.0,0.0,true,false,14,0.777777777778,6,6,1.0,2.0
housing_case_config_sweep_v1,development,severe_cw060_r4,severe_2p0,6,3,4,0.6,145537168,43e2ec435b69244f46738c065f3461921a2f61fe33bfdae5a5c794807f4f3026,face8fa615758c4b2be783298588f46dfabd3d5dc786fc43c766c1eb32f9cb0c,true,true,true,true,false,1198.04,1198.04,0,1198.04,727.96,727.96,1198.04,0.0,1.0,0.607625788788,0.607625788788,470.08,0.392374211212,0.0,0.0,true,false,17,0.944444444444,6,6,1.0,2.0
housing_case_config_sweep_v1,development,severe_cw060_r4,severe_2p0,6,3,4,0.6,264284765,949c4709bb9b80bfb247c63d3decb991fa693acb59006819f5076e08e5e9b5a9,ff84eff629248bd861d741bbe676b91f96eb15bf0282cf27e9c635a08ea704a7,true,true,true,true,false,1218.28,1218.28,0,1009.85,1005.29,937.36,1218.28,0.0,0.828914535246,0.825171553337,0.769412614506,212.99,0.174828446663,-67.93,-0.055758938832,true,false,13,0.722222222222,6,5,0.833333333333,2.0
housing_case_config_sweep_v1,development,severe_cw060_r4,severe_2p0,6,3,4,0.6,722524881,a5a6df6c86adaf4297cd751c5e5a4224f2bfbadf48e073a56bc5233242526bb1,95d8bb1629a63d6fb7b7cc3f45b73481c10a6235e2d088d75adca698615fe60f,true,true,true,true,false,823.58,823.58,0,546.08,471.58,402.98,823.58,0.0,0.663056412249,0.572597683285,0.489302799971,352.0,0.427402316715,-68.6,-0.083294883314,true,false,11,0.611111111111,6,6,1.0,2.0
housing_case_config_sweep_v1,development,severe_cw060_r4,severe_2p0,6,3,4,0.6,227922569,0e7d8078a931088b52e1eb4f170d4a48743f9b0a20382b0b19dc7e98887dcd18,eeef517326bb97414e6fafdc74bdcabda885dbcd62ef613ddbf577d36ab0cc33,true,true,true,true,false,1308.01,1308.01,0,1002.34,917.73,917.73,1308.01,0.0,0.766309126077,0.701623076276,0.701623076276,390.28,0.298376923724,0.0,0.0,true,false,16,0.888888888889,6,5,0.833333333333,2.0
housing_case_config_sweep_v1,development,severe_cw060_r4,severe_2p0,6,3,4,0.6,1535604354,fdd7a1872e40f6e305bf40bb37853e690960186ff86e65f951f4b305a0883256,a9f4e12992e56d1515ad3ecac637541c785615317320e07c4523c25369c8e7b0,true,true,true,true,false,1242.39,1242.39,0,895.37,1235.09,1235.09,1242.39,0.0,0.720683521278,0.994124228302,0.994124228302,7.3,0.005875771698,0.0,0.0,true,false,15,0.833333333333,6,6,1.0,2.0
housing_case_config_sweep_v1,development,severe_cw060_r4,severe_2p0,6,3,4,0.6,366965770,29c8f8e46b0ad511f60ada7982e3a7df12a3f833b5f7b7e9a531b252d18fe799,64e665086c4337f1d11f47d65141f802ddbcd2673003f3af92786ba254eff4c3,true,true,true,true,false,496.96,496.96,0,473.87,473.87,473.87,496.96,0.0,0.953537508049,0.953537508049,0.953537508049,23.09,0.046462491951,0.0,0.0,true,false,10,0.555555555556,5,2,0.333333333333,2.0
housing_case_config_sweep_v1,development,severe_cw060_r4,severe_2p0,6,3,4,0.6,1063943031,f0260645f9570d70735356e119032cd604583d8677c2700ef002e6262c806ea4,7007e85a9ae9c545fe28b9e08a42d20f46d62ca74e200e69d08101febd4224b2,true,true,true,true,false,1139.78,1139.78,0,838.01,711.51,711.51,1139.78,0.0,0.735238379336,0.624252048641,0.624252048641,428.27,0.375747951359,0.0,0.0,true,false,15,0.833333333333,6,6,1.0,2.0
housing_case_config_sweep_v1,development,severe_cw060_r4,severe_2p0,6,3,4,0.6,647986875,18cedd23377c14e832344a44004e35122259544bce95c9e4ea1d8d67e95089ed,626f23140f7fbef51d54be502723739390fedddc77671e5295b400f9861e8d8e,true,true,true,true,false,1240.04,1240.04,0,844.91,872.55,872.55,1240.04,0.0,0.681357052998,0.703646656559,0.703646656559,367.49,0.296353343441,0.0,0.0,true,false,18,1.0,6,5,0.833333333333,2.0
housing_case_config_sweep_v1,development,severe_cw060_r4,severe_2p0,6,3,4,0.6,1758927083,5fcba99cc8b49cf1a6754aa82ed6b66feef91a67688bc429a3d57881727eeb22,df55dc59302c896db5cd3c4419586bf8b9445650485c34f57c685c2a33c4352d,true,true,true,true,false,1010.39,1010.39,0,847.66,758.06,666.48,1010.39,0.0,0.838943378299,0.750264749255,0.659626480864,252.33,0.249735250745,-91.58,-0.090638268391,true,false,14,0.777777777778,6,6,1.0,2.0
housing_case_config_sweep_v1,development,severe_cw060_r4,severe_2p0,6,3,4,0.6,237549679,ed675068dd80b6bc89600eb97ddbe64a4526eea38cbc7c6811d72720ceabe067,7a886a617eab074637230699fdef27ee468148ba47ea4347f54c3c949010d9f4,true,true,true,true,false,748.02,748.02,0,504.81,748.02,653.33,748.02,0.0,0.674861634716,1.0,0.873412475602,0.0,0.0,-94.69,-0.126587524398,false,false,13,0.722222222222,6,3,0.5,2.0
housing_case_config_sweep_v1,development,severe_cw060_r4,severe_2p0,6,3,4,0.6,1515521562,0402e6fe12ddd8f526148a5320eea9efa72bf0c67c49979ace3dac7fed226831,4cb5028083226e9a4933f1e9ef63539a19bd917d466242139c3ab3fbc685e69a,true,true,true,true,false,1620.85,1620.85,0,940.64,1428.45,1428.45,1620.85,0.0,0.58033747725,0.881296850418,0.881296850418,192.4,0.118703149582,0.0,0.0,true,false,18,1.0,6,5,0.833333333333,2.0
housing_case_config_sweep_v1,development,severe_cw060_r4,severe_2p0,6,3,4,0.6,905398266,5b6d2f8f52f3900e4b7b92dca42d5c31aeac18966b58dde8d4bf2c3859bc9f83,b356a1626c2e1fcb9f75f39ef41337d4c56ea6c67954d3479ba082965cd453e6,true,true,true,true,false,1388.49,1388.49,0,1145.89,930.3,930.3,1388.49,0.0,0.82527781979,0.67000842642,0.67000842642,458.19,0.32999157358,0.0,0.0,true,false,16,0.888888888889,6,6,1.0,2.0
housing_case_config_sweep_v1,development,severe_cw085_r2,severe_2p0,6,3,2,0.85,1971418798,885eafaecf880f88a8c68fc00b396651c18f2bb77034620befc1bd046bb47e6d,4979dd2ecdee43bf75dd10ecff7e078144bfdaed013935e283cba6704ce7b2b6,true,true,true,true,false,287.62,287.62,0,287.62,260.19,260.19,287.62,0.0,1.0,0.904631110493,0.904631110493,27.43,0.095368889507,0.0,0.0,true,false,7,0.388888888889,6,6,1.0,2.0
housing_case_config_sweep_v1,development,severe_cw085_r2,severe_2p0,6,3,2,0.85,1460378342,59fb701bf454551f8142496acf724deb03f0c51eb35988dab6d47e97361d6902,a602bb342d03a9f148c14d9a8e93cc9a6fdc4cade54e732287670ea214218170,true,true,true,true,false,1858.41,1858.41,0,1819.26,1796.97,1796.97,1858.41,0.0,0.978933604533,0.966939480524,0.966939480524,61.44,0.033060519476,0.0,0.0,true,false,18,1.0,6,4,0.666666666667,2.0
housing_case_config_sweep_v1,development,severe_cw085_r2,severe_2p0,6,3,2,0.85,981417412,f0a201dcc8474823be06342214d357809219f0398fab5da70e995a63436e6c90,735aeb4b7e5810a09f5c714b077dfd8e057a8f14ac62f8ddee47818115d40e76,true,true,true,true,false,1282.51,1282.51,0,1263.87,1208.94,1208.94,1282.51,0.0,0.985466000265,0.942635924866,0.942635924866,73.57,0.057364075134,0.0,0.0,true,false,18,1.0,6,6,1.0,2.0
housing_case_config_sweep_v1,development,severe_cw085_r2,severe_2p0,6,3,2,0.85,123194022,0da8328c3a1fd27d24b8e3c2fb228d87c35bb7dffddafab3908114b84cbdccb0,e5e899b437c66c4b2debdc668d8d4be07bcaa3c3e5ef8c843d57edcd66d6eac3,true,true,true,true,false,629.03,629.03,0,522.86,529.67,529.67,629.03,0.0,0.831216317187,0.842042509896,0.842042509896,99.36,0.157957490104,0.0,0.0,true,false,13,0.722222222222,6,6,1.0,2.0
housing_case_config_sweep_v1,development,severe_cw085_r2,severe_2p0,6,3,2,0.85,145537168,ec398b73c9d46c6ca00d84ff32f22ae8f24b69859173955c8a1def841d699143,7621fec4a3e1f6c3588762af30f2a22b57ca3f991c3bc540f7d4ec0871502ca4,true,true,true,true,false,984.52,984.52,0,932.86,727.11,727.11,984.52,0.0,0.947527729249,0.738542640068,0.738542640068,257.41,0.261457359932,0.0,0.0,true,false,14,0.777777777778,6,6,1.0,2.0
housing_case_config_sweep_v1,development,severe_cw085_r2,severe_2p0,6,3,2,0.85,264284765,d3d8c758e1b07506adf6fe7f20be1121dbb09d87975a39823b09fb874045cd27,1bb3ddea8546fc10e7fb89e775bb05ef4c05b06a04777137de708a3a87a25216,true,true,true,true,false,1066.85,1066.85,0,1001.12,904.64,904.64,1066.85,0.0,0.93838871444,0.847954257862,0.847954257862,162.21,0.152045742138,0.0,0.0,true,false,12,0.666666666667,6,6,1.0,2.0
housing_case_config_sweep_v1,development,severe_cw085_r2,severe_2p0,6,3,2,0.85,722524881,498d4d6ecefdc6934a0f1ef2358bcdcf51738294a9fc889285726ee285a3bec1,8791dbaf0f9e6dbfc802af0407cf220b9ce4f693c26f4b82751696d50bbef9ab,true,true,true,true,false,504.26,504.26,0,429.44,375.46,375.46,504.26,0.0,0.851624162139,0.744576210685,0.744576210685,128.8,0.255423789315,0.0,0.0,true,false,6,0.333333333333,6,6,1.0,2.0
housing_case_config_sweep_v1,development,severe_cw085_r2,severe_2p0,6,3,2,0.85,227922569,1fbfc671c27af16ea8c3f403ff7fba8758286a9516379fd39d444f6d946b37d2,7c2e3e09723cb01284200ef839d4a0bb5d7e7802bc4aff49080fd1253ef3c003,true,true,true,true,false,1011.21,1011.21,0,892.54,757.65,757.65,1011.21,0.0,0.882645543458,0.74925089744,0.74925089744,253.56,0.25074910256,0.0,0.0,true,false,15,0.833333333333,6,6,1.0,2.0
housing_case_config_sweep_v1,development,severe_cw085_r2,severe_2p0,6,3,2,0.85,1535604354,7cc68bb8a4f1c99e296a5fc048afea716389a05b564bcc76e010f0e0a6298213,8d839402511c071c0e5a86cc017aaab4c907a01e99b630b393ba49af9c9b746a,true,true,true,true,false,934.99,934.99,0,694.4,788.06,788.06,934.99,0.0,0.742681739912,0.842853934267,0.842853934267,146.93,0.157146065733,0.0,0.0,true,false,14,0.777777777778,6,6,1.0,2.0
housing_case_config_sweep_v1,development,severe_cw085_r2,severe_2p0,6,3,2,0.85,366965770,74cdf4b2a7fafcbf59f601fe8ef4873bfaec7debf35710408f14f60907f096c2,415629fd881a4e805cfec8dc41fe23a7e39af9219810721e7bc69ecbc7773910,true,true,true,true,false,149.46,149.46,0,149.46,149.46,149.46,149.46,0.0,1.0,1.0,1.0,0.0,0.0,0.0,0.0,false,false,6,0.333333333333,6,6,1.0,2.0
housing_case_config_sweep_v1,development,severe_cw085_r2,severe_2p0,6,3,2,0.85,1063943031,efa4a54e0f25f6c0d786f972a54eda77083f6cf71cf29cb0adef9d1fcc971e07,cedee8adc2ead2845cc3d27f8f5fbd33b8cc30753c7466b501af4d8b0bbcc541,true,true,true,true,false,910.98,910.98,0,698.24,773.91,773.91,910.98,0.0,0.766471272695,0.849535664888,0.849535664888,137.07,0.150464335112,0.0,0.0,true,false,14,0.777777777778,6,6,1.0,2.0
housing_case_config_sweep_v1,development,severe_cw085_r2,severe_2p0,6,3,2,0.85,647986875,1df21c6e0486c42527716b508cd655a7dfc4e46846d7151a889ba3a7e85841d9,7542eab4e27024815c0e47c373fec3932d8ba0cb5b16231cc5b2eca5af4195b2,true,true,true,true,false,995.44,995.44,0,737.82,540.65,540.65,995.44,0.0,0.741199871414,0.543126657558,0.543126657558,454.79,0.456873342442,0.0,0.0,true,false,18,1.0,6,6,1.0,2.0
housing_case_config_sweep_v1,development,severe_cw085_r2,severe_2p0,6,3,2,0.85,1758927083,94904753aa697f3d6605e12a22c010e6126c726f91c9030f98f5a695702e8077,6a398b2d7df6e90ca2e8635abcdc35a6370b14f4b1c459d21448ed6068c85938,true,true,true,true,false,876.21,876.21,0,757.74,774.28,774.28,876.21,0.0,0.864792686685,0.883669439974,0.883669439974,101.93,0.116330560026,0.0,0.0,true,false,12,0.666666666667,6,6,1.0,2.0
housing_case_config_sweep_v1,development,severe_cw085_r2,severe_2p0,6,3,2,0.85,237549679,11b88baa1090bcb7c3aa7e9acabd2c7baf6782a9694d9ba9410bb9b0c523fd52,f5aa19bacf0f1e87eafc2c72d51e3c03a3349912ccafc1a7d297cc2bac3cb2d1,true,true,true,true,false,475.33,475.33,0,404.02,475.33,475.33,475.33,0.0,0.849977910084,1.0,1.0,0.0,0.0,0.0,0.0,false,false,12,0.666666666667,6,4,0.666666666667,2.0
housing_case_config_sweep_v1,development,severe_cw085_r2,severe_2p0,6,3,2,0.85,1515521562,94fc9a9dbf630d986583e32f38d416da9a9e50cbf102376a0c19ff35e3b8a370,0fe5b0275c4470f74904334f11379c46b404f6aafb4f51ac0eac49576e719c4d,true,true,true,true,false,1530.55,1530.55,0,1290.04,1469.95,1469.95,1530.55,0.0,0.842860409657,0.96040638986,0.96040638986,60.6,0.03959361014,0.0,0.0,true,false,18,1.0,6,5,0.833333333333,2.0
housing_case_config_sweep_v1,development,severe_cw085_r2,severe_2p0,6,3,2,0.85,905398266,e1ae1749cbd68f6ecc3ae32cd9d2efabda5866dced5cef2e3dc67b61c7834366,7664f95f2ac8cec99baf32a8085e19f28a272e15e35f68c55b9e5b76f4677cbe,true,true,true,true,false,1228.89,1228.89,0,1123.89,881.8,881.8,1228.89,0.0,0.914557039279,0.717558121557,0.717558121557,347.09,0.282441878443,0.0,0.0,true,false,18,1.0,6,6,1.0,2.0
housing_case_config_sweep_v1,development,severe_cw085_r4,severe_2p0,6,3,4,0.85,1971418798,885eafaecf880f88a8c68fc00b396651c18f2bb77034620befc1bd046bb47e6d,fd1dfc427ca39783a48132c66e15ef0fd5f0a1cee941f7e5377971b81ec22e72,true,true,true,true,false,287.62,287.62,0,287.62,260.19,260.19,287.62,0.0,1.0,0.904631110493,0.904631110493,27.43,0.095368889507,0.0,0.0,true,false,7,0.388888888889,6,6,1.0,2.0
housing_case_config_sweep_v1,development,severe_cw085_r4,severe_2p0,6,3,4,0.85,1460378342,59fb701bf454551f8142496acf724deb03f0c51eb35988dab6d47e97361d6902,b4cf16346d3f9d5214162b51910388430ce41ab5ae0215221572d03ca9860c7d,true,true,true,true,false,1858.41,1858.41,0,1819.26,1796.97,1796.97,1858.41,0.0,0.978933604533,0.966939480524,0.966939480524,61.44,0.033060519476,0.0,0.0,true,false,18,1.0,6,4,0.666666666667,2.0
housing_case_config_sweep_v1,development,severe_cw085_r4,severe_2p0,6,3,4,0.85,981417412,f0a201dcc8474823be06342214d357809219f0398fab5da70e995a63436e6c90,f47995e5dc1ffbae34cae534be34dc46f1301e6922082a96e1879ee2d7e8564d,true,true,true,true,false,1282.51,1282.51,0,1263.87,1208.94,1208.94,1282.51,0.0,0.985466000265,0.942635924866,0.942635924866,73.57,0.057364075134,0.0,0.0,true,false,18,1.0,6,6,1.0,2.0
housing_case_config_sweep_v1,development,severe_cw085_r4,severe_2p0,6,3,4,0.85,123194022,0da8328c3a1fd27d24b8e3c2fb228d87c35bb7dffddafab3908114b84cbdccb0,5d6af6693f85c64884a38c68702e41505d225048aa31266b1a115b57ab86a5dc,true,true,true,true,false,629.03,629.03,0,522.86,593.9,529.67,629.03,0.0,0.831216317187,0.944152107213,0.842042509896,35.13,0.055847892787,-64.23,-0.102109597317,true,false,13,0.722222222222,6,6,1.0,2.0
housing_case_config_sweep_v1,development,severe_cw085_r4,severe_2p0,6,3,4,0.85,145537168,ec398b73c9d46c6ca00d84ff32f22ae8f24b69859173955c8a1def841d699143,a16a513d5865061253a11d32c6deb72e12b10c0fdb1c294e85b85e32b2d5c287,true,true,true,true,false,984.52,984.52,0,932.86,727.11,727.11,984.52,0.0,0.947527729249,0.738542640068,0.738542640068,257.41,0.261457359932,0.0,0.0,true,false,14,0.777777777778,6,6,1.0,2.0
housing_case_config_sweep_v1,development,severe_cw085_r4,severe_2p0,6,3,4,0.85,264284765,d3d8c758e1b07506adf6fe7f20be1121dbb09d87975a39823b09fb874045cd27,23f42cc78f5da95aa1ad7699fafc6227790f548cee7147e8940d10efe37d35a2,true,true,true,true,false,1066.85,1066.85,0,1001.12,904.64,904.64,1066.85,0.0,0.93838871444,0.847954257862,0.847954257862,162.21,0.152045742138,0.0,0.0,true,false,12,0.666666666667,6,6,1.0,2.0
housing_case_config_sweep_v1,development,severe_cw085_r4,severe_2p0,6,3,4,0.85,722524881,498d4d6ecefdc6934a0f1ef2358bcdcf51738294a9fc889285726ee285a3bec1,b1db4129ac25b24f5fdc3c78403d720a4522cc2f383c56c56463858917026734,true,true,true,true,false,504.26,504.26,0,429.44,375.46,375.46,504.26,0.0,0.851624162139,0.744576210685,0.744576210685,128.8,0.255423789315,0.0,0.0,true,false,6,0.333333333333,6,6,1.0,2.0
housing_case_config_sweep_v1,development,severe_cw085_r4,severe_2p0,6,3,4,0.85,227922569,1fbfc671c27af16ea8c3f403ff7fba8758286a9516379fd39d444f6d946b37d2,320e37e9b6dfd7b38118ca0b2e30a0f85818f5688734a459ac170e7ed36bb2b0,true,true,true,true,false,1011.21,1011.21,0,892.54,833.96,757.65,1011.21,0.0,0.882645543458,0.824714945461,0.74925089744,177.25,0.175285054539,-76.31,-0.075464048022,true,false,15,0.833333333333,6,6,1.0,2.0
housing_case_config_sweep_v1,development,severe_cw085_r4,severe_2p0,6,3,4,0.85,1535604354,7cc68bb8a4f1c99e296a5fc048afea716389a05b564bcc76e010f0e0a6298213,39ef5295763d673b683e1adee5cbea6c2045f97fd7a66ad52625fd48c8877165,true,true,true,true,false,934.99,934.99,0,694.4,788.06,788.06,934.99,0.0,0.742681739912,0.842853934267,0.842853934267,146.93,0.157146065733,0.0,0.0,true,false,14,0.777777777778,6,6,1.0,2.0
housing_case_config_sweep_v1,development,severe_cw085_r4,severe_2p0,6,3,4,0.85,366965770,74cdf4b2a7fafcbf59f601fe8ef4873bfaec7debf35710408f14f60907f096c2,cd7e50ad0342c4de902cfeccf3dfb322320e4193ecb5783ae8f60d960357a9aa,true,true,true,true,false,149.46,149.46,0,149.46,149.46,149.46,149.46,0.0,1.0,1.0,1.0,0.0,0.0,0.0,0.0,false,false,6,0.333333333333,6,6,1.0,2.0
housing_case_config_sweep_v1,development,severe_cw085_r4,severe_2p0,6,3,4,0.85,1063943031,efa4a54e0f25f6c0d786f972a54eda77083f6cf71cf29cb0adef9d1fcc971e07,2c6014a94f5eae6febd0f0c2cf521cc83c5f9311b3a70b9c395d32dfe3805341,true,true,true,true,false,910.98,910.98,0,698.24,773.91,773.91,910.98,0.0,0.766471272695,0.849535664888,0.849535664888,137.07,0.150464335112,0.0,0.0,true,false,14,0.777777777778,6,6,1.0,2.0
housing_case_config_sweep_v1,development,severe_cw085_r4,severe_2p0,6,3,4,0.85,647986875,1df21c6e0486c42527716b508cd655a7dfc4e46846d7151a889ba3a7e85841d9,b1eb4ae753e57d1c1dc771d4c08c7c5f48f06fc95f927e97b60a2cb3e7956701,true,true,true,true,false,995.44,995.44,0,737.82,770.97,770.97,995.44,0.0,0.741199871414,0.774501727879,0.774501727879,224.47,0.225498272121,0.0,0.0,true,false,18,1.0,6,6,1.0,2.0
housing_case_config_sweep_v1,development,severe_cw085_r4,severe_2p0,6,3,4,0.85,1758927083,94904753aa697f3d6605e12a22c010e6126c726f91c9030f98f5a695702e8077,9930cb618609308021f1cb1f7b0e2a6374ad609946a1196d3bc9e5f4aa408eee,true,true,true,true,false,876.21,876.21,0,757.74,774.28,774.28,876.21,0.0,0.864792686685,0.883669439974,0.883669439974,101.93,0.116330560026,0.0,0.0,true,false,12,0.666666666667,6,6,1.0,2.0
housing_case_config_sweep_v1,development,severe_cw085_r4,severe_2p0,6,3,4,0.85,237549679,11b88baa1090bcb7c3aa7e9acabd2c7baf6782a9694d9ba9410bb9b0c523fd52,30f195334938ad80ebe017f114c075d9e9f8bd4ec73facd0690c81dda84071b6,true,true,true,true,false,475.33,475.33,0,404.02,475.33,475.33,475.33,0.0,0.849977910084,1.0,1.0,0.0,0.0,0.0,0.0,false,false,12,0.666666666667,6,4,0.666666666667,2.0
housing_case_config_sweep_v1,development,severe_cw085_r4,severe_2p0,6,3,4,0.85,1515521562,94fc9a9dbf630d986583e32f38d416da9a9e50cbf102376a0c19ff35e3b8a370,7b0f6700db92e002dbb75f3c68694330bdb9f786e2c691ec1d41542f9ab416cc,true,true,true,true,false,1530.55,1530.55,0,1290.04,1469.95,1469.95,1530.55,0.0,0.842860409657,0.96040638986,0.96040638986,60.6,0.03959361014,0.0,0.0,true,false,18,1.0,6,5,0.833333333333,2.0
housing_case_config_sweep_v1,development,severe_cw085_r4,severe_2p0,6,3,4,0.85,905398266,e1ae1749cbd68f6ecc3ae32cd9d2efabda5866dced5cef2e3dc67b61c7834366,a2fbb8d27839b9310861d20ae0b3763f569c973c406750243df3c6d94c7c48fa,true,true,true,true,false,1228.89,1228.89,0,1123.89,1042.1,881.8,1228.89,0.0,0.914557039279,0.84800104159,0.717558121557,186.79,0.15199895841,-160.3,-0.130442920034,true,false,18,1.0,6,6,1.0,2.0
