fact_id,run_id,task_id,case_id,family_id,block_id,episode_attempt_id,receipt_sha256,inclusion_status,leaf_id,leaf_version,estimand_id,estimand_version,metric_role,metric_name,seat_id,value,unit,metric_metadata,score_status,validity_status,validity_reasons,evidence_refs,source_kind,source_id,source_sha256,reportable
result_2651bd47ebe4f52bc3ced6c4,runplan_4d2736b89570c093,cell_2a6f90a27229034cd2d9,housing_v1__experiment__000007,housing_v1,housing_controlled_model_landlords_experiment,episode_attempt_649bf65bb1d066ede75e,28c8038b5b7053df76dc56f8fdb7283310d986e44a2462b492fe8b5800eef8b7,included,housing_social_welfare_leaf,1.0.0,social_welfare,1.0.0,primary,social_welfare,,522.32,utility_points,{},ok,valid,[],"[""event_00000267""]",evaluation_receipt,episode_attempt_649bf65bb1d066ede75e,28c8038b5b7053df76dc56f8fdb7283310d986e44a2462b492fe8b5800eef8b7,true
result_bfe75679180e3e34813f4546,runplan_4d2736b89570c093,cell_2a6f90a27229034cd2d9,housing_v1__experiment__000007,housing_v1,housing_controlled_model_landlords_experiment,episode_attempt_649bf65bb1d066ede75e,28c8038b5b7053df76dc56f8fdb7283310d986e44a2462b492fe8b5800eef8b7,included,housing_social_welfare_leaf,1.0.0,social_welfare,1.0.0,metric,comparison_baseline_gap,,114.76000000000005,utility_points,{},ok,valid,[],"[""event_00000267""]",evaluation_receipt,episode_attempt_649bf65bb1d066ede75e,28c8038b5b7053df76dc56f8fdb7283310d986e44a2462b492fe8b5800eef8b7,true
result_9f5817915624e36826f20761,runplan_4d2736b89570c093,cell_2a6f90a27229034cd2d9,housing_v1__experiment__000007,housing_v1,housing_controlled_model_landlords_experiment,episode_attempt_649bf65bb1d066ede75e,28c8038b5b7053df76dc56f8fdb7283310d986e44a2462b492fe8b5800eef8b7,included,housing_social_welfare_leaf,1.0.0,social_welfare,1.0.0,metric,ir_violation_count,,0.0,count,{},ok,valid,[],"[""event_00000267""]",evaluation_receipt,episode_attempt_649bf65bb1d066ede75e,28c8038b5b7053df76dc56f8fdb7283310d986e44a2462b492fe8b5800eef8b7,true
result_b59e56121ae0eaec047702c4,runplan_4d2736b89570c093,cell_2a6f90a27229034cd2d9,housing_v1__experiment__000007,housing_v1,housing_controlled_model_landlords_experiment,episode_attempt_649bf65bb1d066ede75e,28c8038b5b7053df76dc56f8fdb7283310d986e44a2462b492fe8b5800eef8b7,included,housing_social_welfare_leaf,1.0.0,social_welfare,1.0.0,metric,social_welfare,,522.32,utility_points,{},ok,valid,[],"[""event_00000267""]",evaluation_receipt,episode_attempt_649bf65bb1d066ede75e,28c8038b5b7053df76dc56f8fdb7283310d986e44a2462b492fe8b5800eef8b7,true
result_2c1cf84a0694b1aeac711d62,runplan_4d2736b89570c093,cell_2a6f90a27229034cd2d9,housing_v1__experiment__000007,housing_v1,housing_controlled_model_landlords_experiment,episode_attempt_649bf65bb1d066ede75e,28c8038b5b7053df76dc56f8fdb7283310d986e44a2462b492fe8b5800eef8b7,included,housing_social_welfare_leaf,1.0.0,social_welfare,1.0.0,metric,upper_bound_gap,,161.19999999999993,utility_points,{},ok,valid,[],"[""event_00000267""]",evaluation_receipt,episode_attempt_649bf65bb1d066ede75e,28c8038b5b7053df76dc56f8fdb7283310d986e44a2462b492fe8b5800eef8b7,true
result_7fa922761758e262c853da05,runplan_4d2736b89570c093,cell_2a6f90a27229034cd2d9,housing_v1__experiment__000007,housing_v1,housing_controlled_model_landlords_experiment,episode_attempt_649bf65bb1d066ede75e,28c8038b5b7053df76dc56f8fdb7283310d986e44a2462b492fe8b5800eef8b7,included,housing_social_welfare_leaf,1.0.0,social_welfare,1.0.0,metric,wasted_contacts,,7.0,count,{},ok,valid,[],"[""event_00000267""]",evaluation_receipt,episode_attempt_649bf65bb1d066ede75e,28c8038b5b7053df76dc56f8fdb7283310d986e44a2462b492fe8b5800eef8b7,true
result_26f7fa4464af2f722bb24cc3,runplan_4d2736b89570c093,cell_2a6f90a27229034cd2d9,housing_v1__experiment__000007,housing_v1,housing_controlled_model_landlords_experiment,episode_attempt_649bf65bb1d066ede75e,28c8038b5b7053df76dc56f8fdb7283310d986e44a2462b492fe8b5800eef8b7,included,housing_social_welfare_leaf,1.0.0,social_welfare,1.0.0,metric,within_case_score,,0.7641619850187267,ratio,{},ok,valid,[],"[""event_00000267""]",evaluation_receipt,episode_attempt_649bf65bb1d066ede75e,28c8038b5b7053df76dc56f8fdb7283310d986e44a2462b492fe8b5800eef8b7,true
result_c6d33a114e194ea75c0a5993,runplan_4d2736b89570c093,cell_2a6f90a27229034cd2d9,housing_v1__experiment__000007,housing_v1,housing_controlled_model_landlords_experiment,episode_attempt_649bf65bb1d066ede75e,28c8038b5b7053df76dc56f8fdb7283310d986e44a2462b492fe8b5800eef8b7,included,housing_social_welfare_leaf,1.0.0,social_welfare,1.0.0,reference,comparison_baseline,,407.56,utility_points,"{""policy"":""naive"",""reference_kind"":""comparison_baseline""}",ok,valid,[],"[""event_00000267""]",evaluation_receipt,episode_attempt_649bf65bb1d066ede75e,28c8038b5b7053df76dc56f8fdb7283310d986e44a2462b492fe8b5800eef8b7,true
result_31c3b01e502cd3ed3783d672,runplan_4d2736b89570c093,cell_2a6f90a27229034cd2d9,housing_v1__experiment__000007,housing_v1,housing_controlled_model_landlords_experiment,episode_attempt_649bf65bb1d066ede75e,28c8038b5b7053df76dc56f8fdb7283310d986e44a2462b492fe8b5800eef8b7,included,housing_social_welfare_leaf,1.0.0,social_welfare,1.0.0,reference,optimum_lower_bound,,0.0,utility_points,"{""policy"":""do_nothing"",""reference_kind"":""objective_lower_bound""}",ok,valid,[],"[""event_00000267""]",evaluation_receipt,episode_attempt_649bf65bb1d066ede75e,28c8038b5b7053df76dc56f8fdb7283310d986e44a2462b492fe8b5800eef8b7,true
result_b2fd7bcd37eb899d4c77f273,runplan_4d2736b89570c093,cell_2a6f90a27229034cd2d9,housing_v1__experiment__000007,housing_v1,housing_controlled_model_landlords_experiment,episode_attempt_649bf65bb1d066ede75e,28c8038b5b7053df76dc56f8fdb7283310d986e44a2462b492fe8b5800eef8b7,included,housing_social_welfare_leaf,1.0.0,social_welfare,1.0.0,reference,optimum_upper_bound,,683.52,utility_points,"{""reference_kind"":""objective_upper_bound"",""semantics"":""full_information_allocation_relaxation""}",ok,valid,[],"[""event_00000267""]",evaluation_receipt,episode_attempt_649bf65bb1d066ede75e,28c8038b5b7053df76dc56f8fdb7283310d986e44a2462b492fe8b5800eef8b7,true
result_85e6ad0cfc07d3c6e490acda,runplan_4d2736b89570c093,cell_2a6f90a27229034cd2d9,housing_v1__experiment__000007,housing_v1,housing_controlled_model_landlords_experiment,episode_attempt_649bf65bb1d066ede75e,28c8038b5b7053df76dc56f8fdb7283310d986e44a2462b492fe8b5800eef8b7,included,housing_social_welfare_leaf,1.0.0,social_welfare,1.0.0,utility,landlord_0,landlord_0,58.64,utility_points,"{""disagreement_utility"":0.0}",ok,valid,[],"[""event_00000267""]",evaluation_receipt,episode_attempt_649bf65bb1d066ede75e,28c8038b5b7053df76dc56f8fdb7283310d986e44a2462b492fe8b5800eef8b7,true
result_fef0f927a6f2ec18f41f968f,runplan_4d2736b89570c093,cell_2a6f90a27229034cd2d9,housing_v1__experiment__000007,housing_v1,housing_controlled_model_landlords_experiment,episode_attempt_649bf65bb1d066ede75e,28c8038b5b7053df76dc56f8fdb7283310d986e44a2462b492fe8b5800eef8b7,included,housing_social_welfare_leaf,1.0.0,social_welfare,1.0.0,utility,landlord_1,landlord_1,26.68,utility_points,"{""disagreement_utility"":0.0}",ok,valid,[],"[""event_00000267""]",evaluation_receipt,episode_attempt_649bf65bb1d066ede75e,28c8038b5b7053df76dc56f8fdb7283310d986e44a2462b492fe8b5800eef8b7,true
result_b48b300612a74196747210df,runplan_4d2736b89570c093,cell_2a6f90a27229034cd2d9,housing_v1__experiment__000007,housing_v1,housing_controlled_model_landlords_experiment,episode_attempt_649bf65bb1d066ede75e,28c8038b5b7053df76dc56f8fdb7283310d986e44a2462b492fe8b5800eef8b7,included,housing_social_welfare_leaf,1.0.0,social_welfare,1.0.0,utility,landlord_2,landlord_2,0.0,utility_points,"{""disagreement_utility"":0.0}",ok,valid,[],"[""event_00000267""]",evaluation_receipt,episode_attempt_649bf65bb1d066ede75e,28c8038b5b7053df76dc56f8fdb7283310d986e44a2462b492fe8b5800eef8b7,true
result_d131953324bb24c11051fd3a,runplan_4d2736b89570c093,cell_2a6f90a27229034cd2d9,housing_v1__experiment__000007,housing_v1,housing_controlled_model_landlords_experiment,episode_attempt_649bf65bb1d066ede75e,28c8038b5b7053df76dc56f8fdb7283310d986e44a2462b492fe8b5800eef8b7,included,housing_social_welfare_leaf,1.0.0,social_welfare,1.0.0,utility,landlord_3,landlord_3,75.7,utility_points,"{""disagreement_utility"":0.0}",ok,valid,[],"[""event_00000267""]",evaluation_receipt,episode_attempt_649bf65bb1d066ede75e,28c8038b5b7053df76dc56f8fdb7283310d986e44a2462b492fe8b5800eef8b7,true
result_8245eb356bddcf713040e9ab,runplan_4d2736b89570c093,cell_2a6f90a27229034cd2d9,housing_v1__experiment__000007,housing_v1,housing_controlled_model_landlords_experiment,episode_attempt_649bf65bb1d066ede75e,28c8038b5b7053df76dc56f8fdb7283310d986e44a2462b492fe8b5800eef8b7,included,housing_social_welfare_leaf,1.0.0,social_welfare,1.0.0,utility,landlord_4,landlord_4,38.4,utility_points,"{""disagreement_utility"":0.0}",ok,valid,[],"[""event_00000267""]",evaluation_receipt,episode_attempt_649bf65bb1d066ede75e,28c8038b5b7053df76dc56f8fdb7283310d986e44a2462b492fe8b5800eef8b7,true
result_65fed21f93c1acf1e45c92e6,runplan_4d2736b89570c093,cell_2a6f90a27229034cd2d9,housing_v1__experiment__000007,housing_v1,housing_controlled_model_landlords_experiment,episode_attempt_649bf65bb1d066ede75e,28c8038b5b7053df76dc56f8fdb7283310d986e44a2462b492fe8b5800eef8b7,included,housing_social_welfare_leaf,1.0.0,social_welfare,1.0.0,utility,tenant_0,tenant_0,118.84,utility_points,"{""disagreement_utility"":0.0}",ok,valid,[],"[""event_00000267""]",evaluation_receipt,episode_attempt_649bf65bb1d066ede75e,28c8038b5b7053df76dc56f8fdb7283310d986e44a2462b492fe8b5800eef8b7,true
result_67086cdf2c5d0e8dc3a160da,runplan_4d2736b89570c093,cell_2a6f90a27229034cd2d9,housing_v1__experiment__000007,housing_v1,housing_controlled_model_landlords_experiment,episode_attempt_649bf65bb1d066ede75e,28c8038b5b7053df76dc56f8fdb7283310d986e44a2462b492fe8b5800eef8b7,included,housing_social_welfare_leaf,1.0.0,social_welfare,1.0.0,utility,tenant_1,tenant_1,18.46,utility_points,"{""disagreement_utility"":0.0}",ok,valid,[],"[""event_00000267""]",evaluation_receipt,episode_attempt_649bf65bb1d066ede75e,28c8038b5b7053df76dc56f8fdb7283310d986e44a2462b492fe8b5800eef8b7,true
result_f467ced2eee4f7b25bb45270,runplan_4d2736b89570c093,cell_2a6f90a27229034cd2d9,housing_v1__experiment__000007,housing_v1,housing_controlled_model_landlords_experiment,episode_attempt_649bf65bb1d066ede75e,28c8038b5b7053df76dc56f8fdb7283310d986e44a2462b492fe8b5800eef8b7,included,housing_social_welfare_leaf,1.0.0,social_welfare,1.0.0,utility,tenant_2,tenant_2,108.26,utility_points,"{""disagreement_utility"":0.0}",ok,valid,[],"[""event_00000267""]",evaluation_receipt,episode_attempt_649bf65bb1d066ede75e,28c8038b5b7053df76dc56f8fdb7283310d986e44a2462b492fe8b5800eef8b7,true
result_070202ab2558be21992ab898,runplan_4d2736b89570c093,cell_2a6f90a27229034cd2d9,housing_v1__experiment__000007,housing_v1,housing_controlled_model_landlords_experiment,episode_attempt_649bf65bb1d066ede75e,28c8038b5b7053df76dc56f8fdb7283310d986e44a2462b492fe8b5800eef8b7,included,housing_social_welfare_leaf,1.0.0,social_welfare,1.0.0,utility,tenant_3,tenant_3,77.34,utility_points,"{""disagreement_utility"":0.0}",ok,valid,[],"[""event_00000267""]",evaluation_receipt,episode_attempt_649bf65bb1d066ede75e,28c8038b5b7053df76dc56f8fdb7283310d986e44a2462b492fe8b5800eef8b7,true
result_0ad51e7dcfb1459a265f5643,runplan_4d2736b89570c093,cell_2a6f90a27229034cd2d9,housing_v1__experiment__000007,housing_v1,housing_controlled_model_landlords_experiment,episode_attempt_649bf65bb1d066ede75e,28c8038b5b7053df76dc56f8fdb7283310d986e44a2462b492fe8b5800eef8b7,included,housing_social_welfare_leaf,1.0.0,social_welfare,1.0.0,utility,tenant_4,tenant_4,0.0,utility_points,"{""disagreement_utility"":0.0}",ok,valid,[],"[""event_00000267""]",evaluation_receipt,episode_attempt_649bf65bb1d066ede75e,28c8038b5b7053df76dc56f8fdb7283310d986e44a2462b492fe8b5800eef8b7,true
result_a2a96da2805dbd099fe5556d,runplan_4d2736b89570c093,cell_2a6f90a27229034cd2d9,housing_v1__experiment__000007,housing_v1,housing_controlled_model_landlords_experiment,episode_attempt_649bf65bb1d066ede75e,28c8038b5b7053df76dc56f8fdb7283310d986e44a2462b492fe8b5800eef8b7,included,housing_social_welfare_leaf,1.0.0,social_welfare,1.0.0,utility,tenant_5,tenant_5,0.0,utility_points,"{""disagreement_utility"":0.0}",ok,valid,[],"[""event_00000267""]",evaluation_receipt,episode_attempt_649bf65bb1d066ede75e,28c8038b5b7053df76dc56f8fdb7283310d986e44a2462b492fe8b5800eef8b7,true
result_469f5b446b4d5328d75b8542,runplan_4d2736b89570c093,cell_2a6f90a27229034cd2d9,housing_v1__experiment__000007,housing_v1,housing_controlled_model_landlords_experiment,episode_attempt_649bf65bb1d066ede75e,28c8038b5b7053df76dc56f8fdb7283310d986e44a2462b492fe8b5800eef8b7,included,housing_social_welfare_leaf,1.0.0,social_welfare,1.0.0,capture,landlord_0,landlord_0,58.64,utility_points,"{""disagreement_utility"":0.0}",ok,valid,[],"[""event_00000267""]",evaluation_receipt,episode_attempt_649bf65bb1d066ede75e,28c8038b5b7053df76dc56f8fdb7283310d986e44a2462b492fe8b5800eef8b7,true
result_fc41072f779543e3d588f87d,runplan_4d2736b89570c093,cell_2a6f90a27229034cd2d9,housing_v1__experiment__000007,housing_v1,housing_controlled_model_landlords_experiment,episode_attempt_649bf65bb1d066ede75e,28c8038b5b7053df76dc56f8fdb7283310d986e44a2462b492fe8b5800eef8b7,included,housing_social_welfare_leaf,1.0.0,social_welfare,1.0.0,capture,landlord_1,landlord_1,26.68,utility_points,"{""disagreement_utility"":0.0}",ok,valid,[],"[""event_00000267""]",evaluation_receipt,episode_attempt_649bf65bb1d066ede75e,28c8038b5b7053df76dc56f8fdb7283310d986e44a2462b492fe8b5800eef8b7,true
result_d5840274aed6ca18da031379,runplan_4d2736b89570c093,cell_2a6f90a27229034cd2d9,housing_v1__experiment__000007,housing_v1,housing_controlled_model_landlords_experiment,episode_attempt_649bf65bb1d066ede75e,28c8038b5b7053df76dc56f8fdb7283310d986e44a2462b492fe8b5800eef8b7,included,housing_social_welfare_leaf,1.0.0,social_welfare,1.0.0,capture,landlord_2,landlord_2,0.0,utility_points,"{""disagreement_utility"":0.0}",ok,valid,[],"[""event_00000267""]",evaluation_receipt,episode_attempt_649bf65bb1d066ede75e,28c8038b5b7053df76dc56f8fdb7283310d986e44a2462b492fe8b5800eef8b7,true
result_e53d0762c23ea64f66bd0ba4,runplan_4d2736b89570c093,cell_2a6f90a27229034cd2d9,housing_v1__experiment__000007,housing_v1,housing_controlled_model_landlords_experiment,episode_attempt_649bf65bb1d066ede75e,28c8038b5b7053df76dc56f8fdb7283310d986e44a2462b492fe8b5800eef8b7,included,housing_social_welfare_leaf,1.0.0,social_welfare,1.0.0,capture,landlord_3,landlord_3,75.7,utility_points,"{""disagreement_utility"":0.0}",ok,valid,[],"[""event_00000267""]",evaluation_receipt,episode_attempt_649bf65bb1d066ede75e,28c8038b5b7053df76dc56f8fdb7283310d986e44a2462b492fe8b5800eef8b7,true
result_8d0705236bddaa406f00e373,runplan_4d2736b89570c093,cell_2a6f90a27229034cd2d9,housing_v1__experiment__000007,housing_v1,housing_controlled_model_landlords_experiment,episode_attempt_649bf65bb1d066ede75e,28c8038b5b7053df76dc56f8fdb7283310d986e44a2462b492fe8b5800eef8b7,included,housing_social_welfare_leaf,1.0.0,social_welfare,1.0.0,capture,landlord_4,landlord_4,38.4,utility_points,"{""disagreement_utility"":0.0}",ok,valid,[],"[""event_00000267""]",evaluation_receipt,episode_attempt_649bf65bb1d066ede75e,28c8038b5b7053df76dc56f8fdb7283310d986e44a2462b492fe8b5800eef8b7,true
result_bdda62c094aeb180faabe870,runplan_4d2736b89570c093,cell_2a6f90a27229034cd2d9,housing_v1__experiment__000007,housing_v1,housing_controlled_model_landlords_experiment,episode_attempt_649bf65bb1d066ede75e,28c8038b5b7053df76dc56f8fdb7283310d986e44a2462b492fe8b5800eef8b7,included,housing_social_welfare_leaf,1.0.0,social_welfare,1.0.0,capture,tenant_0,tenant_0,118.84,utility_points,"{""disagreement_utility"":0.0}",ok,valid,[],"[""event_00000267""]",evaluation_receipt,episode_attempt_649bf65bb1d066ede75e,28c8038b5b7053df76dc56f8fdb7283310d986e44a2462b492fe8b5800eef8b7,true
result_14f77cf91f25a624c5ff598a,runplan_4d2736b89570c093,cell_2a6f90a27229034cd2d9,housing_v1__experiment__000007,housing_v1,housing_controlled_model_landlords_experiment,episode_attempt_649bf65bb1d066ede75e,28c8038b5b7053df76dc56f8fdb7283310d986e44a2462b492fe8b5800eef8b7,included,housing_social_welfare_leaf,1.0.0,social_welfare,1.0.0,capture,tenant_1,tenant_1,18.46,utility_points,"{""disagreement_utility"":0.0}",ok,valid,[],"[""event_00000267""]",evaluation_receipt,episode_attempt_649bf65bb1d066ede75e,28c8038b5b7053df76dc56f8fdb7283310d986e44a2462b492fe8b5800eef8b7,true
result_6c6802984b8f6ee1a2f6c847,runplan_4d2736b89570c093,cell_2a6f90a27229034cd2d9,housing_v1__experiment__000007,housing_v1,housing_controlled_model_landlords_experiment,episode_attempt_649bf65bb1d066ede75e,28c8038b5b7053df76dc56f8fdb7283310d986e44a2462b492fe8b5800eef8b7,included,housing_social_welfare_leaf,1.0.0,social_welfare,1.0.0,capture,tenant_2,tenant_2,108.26,utility_points,"{""disagreement_utility"":0.0}",ok,valid,[],"[""event_00000267""]",evaluation_receipt,episode_attempt_649bf65bb1d066ede75e,28c8038b5b7053df76dc56f8fdb7283310d986e44a2462b492fe8b5800eef8b7,true
result_3c1be6ac314b6edbc38087a2,runplan_4d2736b89570c093,cell_2a6f90a27229034cd2d9,housing_v1__experiment__000007,housing_v1,housing_controlled_model_landlords_experiment,episode_attempt_649bf65bb1d066ede75e,28c8038b5b7053df76dc56f8fdb7283310d986e44a2462b492fe8b5800eef8b7,included,housing_social_welfare_leaf,1.0.0,social_welfare,1.0.0,capture,tenant_3,tenant_3,77.34,utility_points,"{""disagreement_utility"":0.0}",ok,valid,[],"[""event_00000267""]",evaluation_receipt,episode_attempt_649bf65bb1d066ede75e,28c8038b5b7053df76dc56f8fdb7283310d986e44a2462b492fe8b5800eef8b7,true
result_670408bad25b46e7840c6c9f,runplan_4d2736b89570c093,cell_2a6f90a27229034cd2d9,housing_v1__experiment__000007,housing_v1,housing_controlled_model_landlords_experiment,episode_attempt_649bf65bb1d066ede75e,28c8038b5b7053df76dc56f8fdb7283310d986e44a2462b492fe8b5800eef8b7,included,housing_social_welfare_leaf,1.0.0,social_welfare,1.0.0,capture,tenant_4,tenant_4,0.0,utility_points,"{""disagreement_utility"":0.0}",ok,valid,[],"[""event_00000267""]",evaluation_receipt,episode_attempt_649bf65bb1d066ede75e,28c8038b5b7053df76dc56f8fdb7283310d986e44a2462b492fe8b5800eef8b7,true
result_cf03113141d58b0e1312ace6,runplan_4d2736b89570c093,cell_2a6f90a27229034cd2d9,housing_v1__experiment__000007,housing_v1,housing_controlled_model_landlords_experiment,episode_attempt_649bf65bb1d066ede75e,28c8038b5b7053df76dc56f8fdb7283310d986e44a2462b492fe8b5800eef8b7,included,housing_social_welfare_leaf,1.0.0,social_welfare,1.0.0,capture,tenant_5,tenant_5,0.0,utility_points,"{""disagreement_utility"":0.0}",ok,valid,[],"[""event_00000267""]",evaluation_receipt,episode_attempt_649bf65bb1d066ede75e,28c8038b5b7053df76dc56f8fdb7283310d986e44a2462b492fe8b5800eef8b7,true
result_f36d97a28cf23a65de79bc4a,runplan_4d2736b89570c093,cell_2e633c56d94933afe6f0,housing_v1__experiment__000004,housing_v1,housing_controlled_model_landlords_experiment,episode_attempt_47a3d8c21efa939227e7,65aa605ff42099d7733cb3a3aa87cc93ffed3e224f6f5fddd73180257331053b,included,housing_social_welfare_leaf,1.0.0,social_welfare,1.0.0,primary,social_welfare,,1275.71,utility_points,{},ok,valid,[],"[""event_00000243""]",evaluation_receipt,episode_attempt_47a3d8c21efa939227e7,65aa605ff42099d7733cb3a3aa87cc93ffed3e224f6f5fddd73180257331053b,true
result_0b7cdf431650aae941ae3124,runplan_4d2736b89570c093,cell_2e633c56d94933afe6f0,housing_v1__experiment__000004,housing_v1,housing_controlled_model_landlords_experiment,episode_attempt_47a3d8c21efa939227e7,65aa605ff42099d7733cb3a3aa87cc93ffed3e224f6f5fddd73180257331053b,included,housing_social_welfare_leaf,1.0.0,social_welfare,1.0.0,metric,comparison_baseline_gap,,-14.690000000000055,utility_points,{},ok,valid,[],"[""event_00000243""]",evaluation_receipt,episode_attempt_47a3d8c21efa939227e7,65aa605ff42099d7733cb3a3aa87cc93ffed3e224f6f5fddd73180257331053b,true
result_dd410452ab5fdbe5999033e8,runplan_4d2736b89570c093,cell_2e633c56d94933afe6f0,housing_v1__experiment__000004,housing_v1,housing_controlled_model_landlords_experiment,episode_attempt_47a3d8c21efa939227e7,65aa605ff42099d7733cb3a3aa87cc93ffed3e224f6f5fddd73180257331053b,included,housing_social_welfare_leaf,1.0.0,social_welfare,1.0.0,metric,ir_violation_count,,0.0,count,{},ok,valid,[],"[""event_00000243""]",evaluation_receipt,episode_attempt_47a3d8c21efa939227e7,65aa605ff42099d7733cb3a3aa87cc93ffed3e224f6f5fddd73180257331053b,true
result_4ab0e2ee51203f1d8b163949,runplan_4d2736b89570c093,cell_2e633c56d94933afe6f0,housing_v1__experiment__000004,housing_v1,housing_controlled_model_landlords_experiment,episode_attempt_47a3d8c21efa939227e7,65aa605ff42099d7733cb3a3aa87cc93ffed3e224f6f5fddd73180257331053b,included,housing_social_welfare_leaf,1.0.0,social_welfare,1.0.0,metric,social_welfare,,1275.71,utility_points,{},ok,valid,[],"[""event_00000243""]",evaluation_receipt,episode_attempt_47a3d8c21efa939227e7,65aa605ff42099d7733cb3a3aa87cc93ffed3e224f6f5fddd73180257331053b,true
result_76f33670f50fed77d8351efb,runplan_4d2736b89570c093,cell_2e633c56d94933afe6f0,housing_v1__experiment__000004,housing_v1,housing_controlled_model_landlords_experiment,episode_attempt_47a3d8c21efa939227e7,65aa605ff42099d7733cb3a3aa87cc93ffed3e224f6f5fddd73180257331053b,included,housing_social_welfare_leaf,1.0.0,social_welfare,1.0.0,metric,upper_bound_gap,,184.51,utility_points,{},ok,valid,[],"[""event_00000243""]",evaluation_receipt,episode_attempt_47a3d8c21efa939227e7,65aa605ff42099d7733cb3a3aa87cc93ffed3e224f6f5fddd73180257331053b,true
result_0c67c54e2745dffc985435da,runplan_4d2736b89570c093,cell_2e633c56d94933afe6f0,housing_v1__experiment__000004,housing_v1,housing_controlled_model_landlords_experiment,episode_attempt_47a3d8c21efa939227e7,65aa605ff42099d7733cb3a3aa87cc93ffed3e224f6f5fddd73180257331053b,included,housing_social_welfare_leaf,1.0.0,social_welfare,1.0.0,metric,wasted_contacts,,6.0,count,{},ok,valid,[],"[""event_00000243""]",evaluation_receipt,episode_attempt_47a3d8c21efa939227e7,65aa605ff42099d7733cb3a3aa87cc93ffed3e224f6f5fddd73180257331053b,true
result_d60479ee814ff17205c0fc92,runplan_4d2736b89570c093,cell_2e633c56d94933afe6f0,housing_v1__experiment__000004,housing_v1,housing_controlled_model_landlords_experiment,episode_attempt_47a3d8c21efa939227e7,65aa605ff42099d7733cb3a3aa87cc93ffed3e224f6f5fddd73180257331053b,included,housing_social_welfare_leaf,1.0.0,social_welfare,1.0.0,metric,within_case_score,,0.8736423278684033,ratio,{},ok,valid,[],"[""event_00000243""]",evaluation_receipt,episode_attempt_47a3d8c21efa939227e7,65aa605ff42099d7733cb3a3aa87cc93ffed3e224f6f5fddd73180257331053b,true
result_cc5c4e61a3e144286b7c7870,runplan_4d2736b89570c093,cell_2e633c56d94933afe6f0,housing_v1__experiment__000004,housing_v1,housing_controlled_model_landlords_experiment,episode_attempt_47a3d8c21efa939227e7,65aa605ff42099d7733cb3a3aa87cc93ffed3e224f6f5fddd73180257331053b,included,housing_social_welfare_leaf,1.0.0,social_welfare,1.0.0,reference,comparison_baseline,,1290.4,utility_points,"{""policy"":""naive"",""reference_kind"":""comparison_baseline""}",ok,valid,[],"[""event_00000243""]",evaluation_receipt,episode_attempt_47a3d8c21efa939227e7,65aa605ff42099d7733cb3a3aa87cc93ffed3e224f6f5fddd73180257331053b,true
result_0bd60902962d90e2998681e2,runplan_4d2736b89570c093,cell_2e633c56d94933afe6f0,housing_v1__experiment__000004,housing_v1,housing_controlled_model_landlords_experiment,episode_attempt_47a3d8c21efa939227e7,65aa605ff42099d7733cb3a3aa87cc93ffed3e224f6f5fddd73180257331053b,included,housing_social_welfare_leaf,1.0.0,social_welfare,1.0.0,reference,optimum_lower_bound,,0.0,utility_points,"{""policy"":""do_nothing"",""reference_kind"":""objective_lower_bound""}",ok,valid,[],"[""event_00000243""]",evaluation_receipt,episode_attempt_47a3d8c21efa939227e7,65aa605ff42099d7733cb3a3aa87cc93ffed3e224f6f5fddd73180257331053b,true
result_332c3c89ce387313f5dc0fc6,runplan_4d2736b89570c093,cell_2e633c56d94933afe6f0,housing_v1__experiment__000004,housing_v1,housing_controlled_model_landlords_experiment,episode_attempt_47a3d8c21efa939227e7,65aa605ff42099d7733cb3a3aa87cc93ffed3e224f6f5fddd73180257331053b,included,housing_social_welfare_leaf,1.0.0,social_welfare,1.0.0,reference,optimum_upper_bound,,1460.22,utility_points,"{""reference_kind"":""objective_upper_bound"",""semantics"":""full_information_allocation_relaxation""}",ok,valid,[],"[""event_00000243""]",evaluation_receipt,episode_attempt_47a3d8c21efa939227e7,65aa605ff42099d7733cb3a3aa87cc93ffed3e224f6f5fddd73180257331053b,true
result_07c23b4d0e5b77ed9e1c8b67,runplan_4d2736b89570c093,cell_2e633c56d94933afe6f0,housing_v1__experiment__000004,housing_v1,housing_controlled_model_landlords_experiment,episode_attempt_47a3d8c21efa939227e7,65aa605ff42099d7733cb3a3aa87cc93ffed3e224f6f5fddd73180257331053b,included,housing_social_welfare_leaf,1.0.0,social_welfare,1.0.0,utility,landlord_0,landlord_0,0.0,utility_points,"{""disagreement_utility"":0.0}",ok,valid,[],"[""event_00000243""]",evaluation_receipt,episode_attempt_47a3d8c21efa939227e7,65aa605ff42099d7733cb3a3aa87cc93ffed3e224f6f5fddd73180257331053b,true
result_096ad3a6e7c007c70a1a7c72,runplan_4d2736b89570c093,cell_2e633c56d94933afe6f0,housing_v1__experiment__000004,housing_v1,housing_controlled_model_landlords_experiment,episode_attempt_47a3d8c21efa939227e7,65aa605ff42099d7733cb3a3aa87cc93ffed3e224f6f5fddd73180257331053b,included,housing_social_welfare_leaf,1.0.0,social_welfare,1.0.0,utility,landlord_1,landlord_1,51.25,utility_points,"{""disagreement_utility"":0.0}",ok,valid,[],"[""event_00000243""]",evaluation_receipt,episode_attempt_47a3d8c21efa939227e7,65aa605ff42099d7733cb3a3aa87cc93ffed3e224f6f5fddd73180257331053b,true
result_59aeaefea7d603b787352189,runplan_4d2736b89570c093,cell_2e633c56d94933afe6f0,housing_v1__experiment__000004,housing_v1,housing_controlled_model_landlords_experiment,episode_attempt_47a3d8c21efa939227e7,65aa605ff42099d7733cb3a3aa87cc93ffed3e224f6f5fddd73180257331053b,included,housing_social_welfare_leaf,1.0.0,social_welfare,1.0.0,utility,landlord_2,landlord_2,320.76,utility_points,"{""disagreement_utility"":0.0}",ok,valid,[],"[""event_00000243""]",evaluation_receipt,episode_attempt_47a3d8c21efa939227e7,65aa605ff42099d7733cb3a3aa87cc93ffed3e224f6f5fddd73180257331053b,true
result_e893ec2fd329e79f23639151,runplan_4d2736b89570c093,cell_2e633c56d94933afe6f0,housing_v1__experiment__000004,housing_v1,housing_controlled_model_landlords_experiment,episode_attempt_47a3d8c21efa939227e7,65aa605ff42099d7733cb3a3aa87cc93ffed3e224f6f5fddd73180257331053b,included,housing_social_welfare_leaf,1.0.0,social_welfare,1.0.0,utility,landlord_3,landlord_3,511.18,utility_points,"{""disagreement_utility"":0.0}",ok,valid,[],"[""event_00000243""]",evaluation_receipt,episode_attempt_47a3d8c21efa939227e7,65aa605ff42099d7733cb3a3aa87cc93ffed3e224f6f5fddd73180257331053b,true
result_8d72807af1ab4d81886d0742,runplan_4d2736b89570c093,cell_2e633c56d94933afe6f0,housing_v1__experiment__000004,housing_v1,housing_controlled_model_landlords_experiment,episode_attempt_47a3d8c21efa939227e7,65aa605ff42099d7733cb3a3aa87cc93ffed3e224f6f5fddd73180257331053b,included,housing_social_welfare_leaf,1.0.0,social_welfare,1.0.0,utility,landlord_4,landlord_4,34.65,utility_points,"{""disagreement_utility"":0.0}",ok,valid,[],"[""event_00000243""]",evaluation_receipt,episode_attempt_47a3d8c21efa939227e7,65aa605ff42099d7733cb3a3aa87cc93ffed3e224f6f5fddd73180257331053b,true
result_75f1fd4640c16b6af9304864,runplan_4d2736b89570c093,cell_2e633c56d94933afe6f0,housing_v1__experiment__000004,housing_v1,housing_controlled_model_landlords_experiment,episode_attempt_47a3d8c21efa939227e7,65aa605ff42099d7733cb3a3aa87cc93ffed3e224f6f5fddd73180257331053b,included,housing_social_welfare_leaf,1.0.0,social_welfare,1.0.0,utility,tenant_0,tenant_0,7.23,utility_points,"{""disagreement_utility"":0.0}",ok,valid,[],"[""event_00000243""]",evaluation_receipt,episode_attempt_47a3d8c21efa939227e7,65aa605ff42099d7733cb3a3aa87cc93ffed3e224f6f5fddd73180257331053b,true
result_82eedba777f365893272778f,runplan_4d2736b89570c093,cell_2e633c56d94933afe6f0,housing_v1__experiment__000004,housing_v1,housing_controlled_model_landlords_experiment,episode_attempt_47a3d8c21efa939227e7,65aa605ff42099d7733cb3a3aa87cc93ffed3e224f6f5fddd73180257331053b,included,housing_social_welfare_leaf,1.0.0,social_welfare,1.0.0,utility,tenant_1,tenant_1,0.0,utility_points,"{""disagreement_utility"":0.0}",ok,valid,[],"[""event_00000243""]",evaluation_receipt,episode_attempt_47a3d8c21efa939227e7,65aa605ff42099d7733cb3a3aa87cc93ffed3e224f6f5fddd73180257331053b,true
result_b564488cabd750d817039d71,runplan_4d2736b89570c093,cell_2e633c56d94933afe6f0,housing_v1__experiment__000004,housing_v1,housing_controlled_model_landlords_experiment,episode_attempt_47a3d8c21efa939227e7,65aa605ff42099d7733cb3a3aa87cc93ffed3e224f6f5fddd73180257331053b,included,housing_social_welfare_leaf,1.0.0,social_welfare,1.0.0,utility,tenant_2,tenant_2,157.47,utility_points,"{""disagreement_utility"":0.0}",ok,valid,[],"[""event_00000243""]",evaluation_receipt,episode_attempt_47a3d8c21efa939227e7,65aa605ff42099d7733cb3a3aa87cc93ffed3e224f6f5fddd73180257331053b,true
result_eec0f10740b69c06bdc9f17b,runplan_4d2736b89570c093,cell_2e633c56d94933afe6f0,housing_v1__experiment__000004,housing_v1,housing_controlled_model_landlords_experiment,episode_attempt_47a3d8c21efa939227e7,65aa605ff42099d7733cb3a3aa87cc93ffed3e224f6f5fddd73180257331053b,included,housing_social_welfare_leaf,1.0.0,social_welfare,1.0.0,utility,tenant_3,tenant_3,192.26,utility_points,"{""disagreement_utility"":0.0}",ok,valid,[],"[""event_00000243""]",evaluation_receipt,episode_attempt_47a3d8c21efa939227e7,65aa605ff42099d7733cb3a3aa87cc93ffed3e224f6f5fddd73180257331053b,true
result_17fb38fe3712ba0a135d81b2,runplan_4d2736b89570c093,cell_2e633c56d94933afe6f0,housing_v1__experiment__000004,housing_v1,housing_controlled_model_landlords_experiment,episode_attempt_47a3d8c21efa939227e7,65aa605ff42099d7733cb3a3aa87cc93ffed3e224f6f5fddd73180257331053b,included,housing_social_welfare_leaf,1.0.0,social_welfare,1.0.0,utility,tenant_4,tenant_4,0.0,utility_points,"{""disagreement_utility"":0.0}",ok,valid,[],"[""event_00000243""]",evaluation_receipt,episode_attempt_47a3d8c21efa939227e7,65aa605ff42099d7733cb3a3aa87cc93ffed3e224f6f5fddd73180257331053b,true
result_13ed69b957b9a70ef91307f2,runplan_4d2736b89570c093,cell_2e633c56d94933afe6f0,housing_v1__experiment__000004,housing_v1,housing_controlled_model_landlords_experiment,episode_attempt_47a3d8c21efa939227e7,65aa605ff42099d7733cb3a3aa87cc93ffed3e224f6f5fddd73180257331053b,included,housing_social_welfare_leaf,1.0.0,social_welfare,1.0.0,utility,tenant_5,tenant_5,0.91,utility_points,"{""disagreement_utility"":0.0}",ok,valid,[],"[""event_00000243""]",evaluation_receipt,episode_attempt_47a3d8c21efa939227e7,65aa605ff42099d7733cb3a3aa87cc93ffed3e224f6f5fddd73180257331053b,true
result_734bc9a352e821872d5375fb,runplan_4d2736b89570c093,cell_2e633c56d94933afe6f0,housing_v1__experiment__000004,housing_v1,housing_controlled_model_landlords_experiment,episode_attempt_47a3d8c21efa939227e7,65aa605ff42099d7733cb3a3aa87cc93ffed3e224f6f5fddd73180257331053b,included,housing_social_welfare_leaf,1.0.0,social_welfare,1.0.0,capture,landlord_0,landlord_0,0.0,utility_points,"{""disagreement_utility"":0.0}",ok,valid,[],"[""event_00000243""]",evaluation_receipt,episode_attempt_47a3d8c21efa939227e7,65aa605ff42099d7733cb3a3aa87cc93ffed3e224f6f5fddd73180257331053b,true
result_811cfcb8781715922f2ba8ec,runplan_4d2736b89570c093,cell_2e633c56d94933afe6f0,housing_v1__experiment__000004,housing_v1,housing_controlled_model_landlords_experiment,episode_attempt_47a3d8c21efa939227e7,65aa605ff42099d7733cb3a3aa87cc93ffed3e224f6f5fddd73180257331053b,included,housing_social_welfare_leaf,1.0.0,social_welfare,1.0.0,capture,landlord_1,landlord_1,51.25,utility_points,"{""disagreement_utility"":0.0}",ok,valid,[],"[""event_00000243""]",evaluation_receipt,episode_attempt_47a3d8c21efa939227e7,65aa605ff42099d7733cb3a3aa87cc93ffed3e224f6f5fddd73180257331053b,true
result_7cd842c4a86123728127fa91,runplan_4d2736b89570c093,cell_2e633c56d94933afe6f0,housing_v1__experiment__000004,housing_v1,housing_controlled_model_landlords_experiment,episode_attempt_47a3d8c21efa939227e7,65aa605ff42099d7733cb3a3aa87cc93ffed3e224f6f5fddd73180257331053b,included,housing_social_welfare_leaf,1.0.0,social_welfare,1.0.0,capture,landlord_2,landlord_2,320.76,utility_points,"{""disagreement_utility"":0.0}",ok,valid,[],"[""event_00000243""]",evaluation_receipt,episode_attempt_47a3d8c21efa939227e7,65aa605ff42099d7733cb3a3aa87cc93ffed3e224f6f5fddd73180257331053b,true
result_40b03d0a90b5f1a8f0edbd3f,runplan_4d2736b89570c093,cell_2e633c56d94933afe6f0,housing_v1__experiment__000004,housing_v1,housing_controlled_model_landlords_experiment,episode_attempt_47a3d8c21efa939227e7,65aa605ff42099d7733cb3a3aa87cc93ffed3e224f6f5fddd73180257331053b,included,housing_social_welfare_leaf,1.0.0,social_welfare,1.0.0,capture,landlord_3,landlord_3,511.18,utility_points,"{""disagreement_utility"":0.0}",ok,valid,[],"[""event_00000243""]",evaluation_receipt,episode_attempt_47a3d8c21efa939227e7,65aa605ff42099d7733cb3a3aa87cc93ffed3e224f6f5fddd73180257331053b,true
result_7fab9ae7b1c3a662b88195f7,runplan_4d2736b89570c093,cell_2e633c56d94933afe6f0,housing_v1__experiment__000004,housing_v1,housing_controlled_model_landlords_experiment,episode_attempt_47a3d8c21efa939227e7,65aa605ff42099d7733cb3a3aa87cc93ffed3e224f6f5fddd73180257331053b,included,housing_social_welfare_leaf,1.0.0,social_welfare,1.0.0,capture,landlord_4,landlord_4,34.65,utility_points,"{""disagreement_utility"":0.0}",ok,valid,[],"[""event_00000243""]",evaluation_receipt,episode_attempt_47a3d8c21efa939227e7,65aa605ff42099d7733cb3a3aa87cc93ffed3e224f6f5fddd73180257331053b,true
result_819c9a4b377c2c8694352b0a,runplan_4d2736b89570c093,cell_2e633c56d94933afe6f0,housing_v1__experiment__000004,housing_v1,housing_controlled_model_landlords_experiment,episode_attempt_47a3d8c21efa939227e7,65aa605ff42099d7733cb3a3aa87cc93ffed3e224f6f5fddd73180257331053b,included,housing_social_welfare_leaf,1.0.0,social_welfare,1.0.0,capture,tenant_0,tenant_0,7.23,utility_points,"{""disagreement_utility"":0.0}",ok,valid,[],"[""event_00000243""]",evaluation_receipt,episode_attempt_47a3d8c21efa939227e7,65aa605ff42099d7733cb3a3aa87cc93ffed3e224f6f5fddd73180257331053b,true
result_9b7ed30ac9c36f50f0aa2530,runplan_4d2736b89570c093,cell_2e633c56d94933afe6f0,housing_v1__experiment__000004,housing_v1,housing_controlled_model_landlords_experiment,episode_attempt_47a3d8c21efa939227e7,65aa605ff42099d7733cb3a3aa87cc93ffed3e224f6f5fddd73180257331053b,included,housing_social_welfare_leaf,1.0.0,social_welfare,1.0.0,capture,tenant_1,tenant_1,0.0,utility_points,"{""disagreement_utility"":0.0}",ok,valid,[],"[""event_00000243""]",evaluation_receipt,episode_attempt_47a3d8c21efa939227e7,65aa605ff42099d7733cb3a3aa87cc93ffed3e224f6f5fddd73180257331053b,true
result_114c3543a58e52626e42b548,runplan_4d2736b89570c093,cell_2e633c56d94933afe6f0,housing_v1__experiment__000004,housing_v1,housing_controlled_model_landlords_experiment,episode_attempt_47a3d8c21efa939227e7,65aa605ff42099d7733cb3a3aa87cc93ffed3e224f6f5fddd73180257331053b,included,housing_social_welfare_leaf,1.0.0,social_welfare,1.0.0,capture,tenant_2,tenant_2,157.47,utility_points,"{""disagreement_utility"":0.0}",ok,valid,[],"[""event_00000243""]",evaluation_receipt,episode_attempt_47a3d8c21efa939227e7,65aa605ff42099d7733cb3a3aa87cc93ffed3e224f6f5fddd73180257331053b,true
result_6f20e80747c67d9b64f8bf2b,runplan_4d2736b89570c093,cell_2e633c56d94933afe6f0,housing_v1__experiment__000004,housing_v1,housing_controlled_model_landlords_experiment,episode_attempt_47a3d8c21efa939227e7,65aa605ff42099d7733cb3a3aa87cc93ffed3e224f6f5fddd73180257331053b,included,housing_social_welfare_leaf,1.0.0,social_welfare,1.0.0,capture,tenant_3,tenant_3,192.26,utility_points,"{""disagreement_utility"":0.0}",ok,valid,[],"[""event_00000243""]",evaluation_receipt,episode_attempt_47a3d8c21efa939227e7,65aa605ff42099d7733cb3a3aa87cc93ffed3e224f6f5fddd73180257331053b,true
result_9f469128e6cf4471a6dbd20e,runplan_4d2736b89570c093,cell_2e633c56d94933afe6f0,housing_v1__experiment__000004,housing_v1,housing_controlled_model_landlords_experiment,episode_attempt_47a3d8c21efa939227e7,65aa605ff42099d7733cb3a3aa87cc93ffed3e224f6f5fddd73180257331053b,included,housing_social_welfare_leaf,1.0.0,social_welfare,1.0.0,capture,tenant_4,tenant_4,0.0,utility_points,"{""disagreement_utility"":0.0}",ok,valid,[],"[""event_00000243""]",evaluation_receipt,episode_attempt_47a3d8c21efa939227e7,65aa605ff42099d7733cb3a3aa87cc93ffed3e224f6f5fddd73180257331053b,true
result_55331cfa4a4db72f31e1a643,runplan_4d2736b89570c093,cell_2e633c56d94933afe6f0,housing_v1__experiment__000004,housing_v1,housing_controlled_model_landlords_experiment,episode_attempt_47a3d8c21efa939227e7,65aa605ff42099d7733cb3a3aa87cc93ffed3e224f6f5fddd73180257331053b,included,housing_social_welfare_leaf,1.0.0,social_welfare,1.0.0,capture,tenant_5,tenant_5,0.91,utility_points,"{""disagreement_utility"":0.0}",ok,valid,[],"[""event_00000243""]",evaluation_receipt,episode_attempt_47a3d8c21efa939227e7,65aa605ff42099d7733cb3a3aa87cc93ffed3e224f6f5fddd73180257331053b,true
result_cbdec463ad773601565d83a5,runplan_4d2736b89570c093,cell_2f720522d3262a0bdbf1,housing_v1__experiment__000003,housing_v1,housing_controlled_model_landlords_experiment,episode_attempt_c06c97b2b7e4d9c428b6,d0621afbe30d3f033f5f01d146e96fc2c0302c4e535d694bf9e395925bfa6b71,included,housing_social_welfare_leaf,1.0.0,social_welfare,1.0.0,primary,social_welfare,,1967.83,utility_points,{},ok,valid,[],"[""event_00000247""]",evaluation_receipt,episode_attempt_c06c97b2b7e4d9c428b6,d0621afbe30d3f033f5f01d146e96fc2c0302c4e535d694bf9e395925bfa6b71,true
result_091916bf18f853e157f07be5,runplan_4d2736b89570c093,cell_2f720522d3262a0bdbf1,housing_v1__experiment__000003,housing_v1,housing_controlled_model_landlords_experiment,episode_attempt_c06c97b2b7e4d9c428b6,d0621afbe30d3f033f5f01d146e96fc2c0302c4e535d694bf9e395925bfa6b71,included,housing_social_welfare_leaf,1.0.0,social_welfare,1.0.0,metric,comparison_baseline_gap,,-26.970000000000027,utility_points,{},ok,valid,[],"[""event_00000247""]",evaluation_receipt,episode_attempt_c06c97b2b7e4d9c428b6,d0621afbe30d3f033f5f01d146e96fc2c0302c4e535d694bf9e395925bfa6b71,true
result_5f7362f84b3cd83912daa1f3,runplan_4d2736b89570c093,cell_2f720522d3262a0bdbf1,housing_v1__experiment__000003,housing_v1,housing_controlled_model_landlords_experiment,episode_attempt_c06c97b2b7e4d9c428b6,d0621afbe30d3f033f5f01d146e96fc2c0302c4e535d694bf9e395925bfa6b71,included,housing_social_welfare_leaf,1.0.0,social_welfare,1.0.0,metric,ir_violation_count,,0.0,count,{},ok,valid,[],"[""event_00000247""]",evaluation_receipt,episode_attempt_c06c97b2b7e4d9c428b6,d0621afbe30d3f033f5f01d146e96fc2c0302c4e535d694bf9e395925bfa6b71,true
result_ed4b6858451c154ea68324a7,runplan_4d2736b89570c093,cell_2f720522d3262a0bdbf1,housing_v1__experiment__000003,housing_v1,housing_controlled_model_landlords_experiment,episode_attempt_c06c97b2b7e4d9c428b6,d0621afbe30d3f033f5f01d146e96fc2c0302c4e535d694bf9e395925bfa6b71,included,housing_social_welfare_leaf,1.0.0,social_welfare,1.0.0,metric,social_welfare,,1967.83,utility_points,{},ok,valid,[],"[""event_00000247""]",evaluation_receipt,episode_attempt_c06c97b2b7e4d9c428b6,d0621afbe30d3f033f5f01d146e96fc2c0302c4e535d694bf9e395925bfa6b71,true
result_5c442a695da9eb256739e16b,runplan_4d2736b89570c093,cell_2f720522d3262a0bdbf1,housing_v1__experiment__000003,housing_v1,housing_controlled_model_landlords_experiment,episode_attempt_c06c97b2b7e4d9c428b6,d0621afbe30d3f033f5f01d146e96fc2c0302c4e535d694bf9e395925bfa6b71,included,housing_social_welfare_leaf,1.0.0,social_welfare,1.0.0,metric,upper_bound_gap,,162.3499999999999,utility_points,{},ok,valid,[],"[""event_00000247""]",evaluation_receipt,episode_attempt_c06c97b2b7e4d9c428b6,d0621afbe30d3f033f5f01d146e96fc2c0302c4e535d694bf9e395925bfa6b71,true
result_d82794c38a238a1099ef750e,runplan_4d2736b89570c093,cell_2f720522d3262a0bdbf1,housing_v1__experiment__000003,housing_v1,housing_controlled_model_landlords_experiment,episode_attempt_c06c97b2b7e4d9c428b6,d0621afbe30d3f033f5f01d146e96fc2c0302c4e535d694bf9e395925bfa6b71,included,housing_social_welfare_leaf,1.0.0,social_welfare,1.0.0,metric,wasted_contacts,,7.0,count,{},ok,valid,[],"[""event_00000247""]",evaluation_receipt,episode_attempt_c06c97b2b7e4d9c428b6,d0621afbe30d3f033f5f01d146e96fc2c0302c4e535d694bf9e395925bfa6b71,true
result_70b53980e14f1b908b05afd0,runplan_4d2736b89570c093,cell_2f720522d3262a0bdbf1,housing_v1__experiment__000003,housing_v1,housing_controlled_model_landlords_experiment,episode_attempt_c06c97b2b7e4d9c428b6,d0621afbe30d3f033f5f01d146e96fc2c0302c4e535d694bf9e395925bfa6b71,included,housing_social_welfare_leaf,1.0.0,social_welfare,1.0.0,metric,within_case_score,,0.9237857833610306,ratio,{},ok,valid,[],"[""event_00000247""]",evaluation_receipt,episode_attempt_c06c97b2b7e4d9c428b6,d0621afbe30d3f033f5f01d146e96fc2c0302c4e535d694bf9e395925bfa6b71,true
result_e96545b79f33544efc988bc9,runplan_4d2736b89570c093,cell_2f720522d3262a0bdbf1,housing_v1__experiment__000003,housing_v1,housing_controlled_model_landlords_experiment,episode_attempt_c06c97b2b7e4d9c428b6,d0621afbe30d3f033f5f01d146e96fc2c0302c4e535d694bf9e395925bfa6b71,included,housing_social_welfare_leaf,1.0.0,social_welfare,1.0.0,reference,comparison_baseline,,1994.8,utility_points,"{""policy"":""naive"",""reference_kind"":""comparison_baseline""}",ok,valid,[],"[""event_00000247""]",evaluation_receipt,episode_attempt_c06c97b2b7e4d9c428b6,d0621afbe30d3f033f5f01d146e96fc2c0302c4e535d694bf9e395925bfa6b71,true
result_6a6cf579afee76dc1ad9862f,runplan_4d2736b89570c093,cell_2f720522d3262a0bdbf1,housing_v1__experiment__000003,housing_v1,housing_controlled_model_landlords_experiment,episode_attempt_c06c97b2b7e4d9c428b6,d0621afbe30d3f033f5f01d146e96fc2c0302c4e535d694bf9e395925bfa6b71,included,housing_social_welfare_leaf,1.0.0,social_welfare,1.0.0,reference,optimum_lower_bound,,0.0,utility_points,"{""policy"":""do_nothing"",""reference_kind"":""objective_lower_bound""}",ok,valid,[],"[""event_00000247""]",evaluation_receipt,episode_attempt_c06c97b2b7e4d9c428b6,d0621afbe30d3f033f5f01d146e96fc2c0302c4e535d694bf9e395925bfa6b71,true
result_1a08fccc176a7132b13056eb,runplan_4d2736b89570c093,cell_2f720522d3262a0bdbf1,housing_v1__experiment__000003,housing_v1,housing_controlled_model_landlords_experiment,episode_attempt_c06c97b2b7e4d9c428b6,d0621afbe30d3f033f5f01d146e96fc2c0302c4e535d694bf9e395925bfa6b71,included,housing_social_welfare_leaf,1.0.0,social_welfare,1.0.0,reference,optimum_upper_bound,,2130.18,utility_points,"{""reference_kind"":""objective_upper_bound"",""semantics"":""full_information_allocation_relaxation""}",ok,valid,[],"[""event_00000247""]",evaluation_receipt,episode_attempt_c06c97b2b7e4d9c428b6,d0621afbe30d3f033f5f01d146e96fc2c0302c4e535d694bf9e395925bfa6b71,true
result_f683f22a9ab871876e4035fb,runplan_4d2736b89570c093,cell_2f720522d3262a0bdbf1,housing_v1__experiment__000003,housing_v1,housing_controlled_model_landlords_experiment,episode_attempt_c06c97b2b7e4d9c428b6,d0621afbe30d3f033f5f01d146e96fc2c0302c4e535d694bf9e395925bfa6b71,included,housing_social_welfare_leaf,1.0.0,social_welfare,1.0.0,utility,landlord_0,landlord_0,0.0,utility_points,"{""disagreement_utility"":0.0}",ok,valid,[],"[""event_00000247""]",evaluation_receipt,episode_attempt_c06c97b2b7e4d9c428b6,d0621afbe30d3f033f5f01d146e96fc2c0302c4e535d694bf9e395925bfa6b71,true
result_577f38db3849ded0a5b363a3,runplan_4d2736b89570c093,cell_2f720522d3262a0bdbf1,housing_v1__experiment__000003,housing_v1,housing_controlled_model_landlords_experiment,episode_attempt_c06c97b2b7e4d9c428b6,d0621afbe30d3f033f5f01d146e96fc2c0302c4e535d694bf9e395925bfa6b71,included,housing_social_welfare_leaf,1.0.0,social_welfare,1.0.0,utility,landlord_1,landlord_1,0.0,utility_points,"{""disagreement_utility"":0.0}",ok,valid,[],"[""event_00000247""]",evaluation_receipt,episode_attempt_c06c97b2b7e4d9c428b6,d0621afbe30d3f033f5f01d146e96fc2c0302c4e535d694bf9e395925bfa6b71,true
result_09b68de4d315295af6b33df3,runplan_4d2736b89570c093,cell_2f720522d3262a0bdbf1,housing_v1__experiment__000003,housing_v1,housing_controlled_model_landlords_experiment,episode_attempt_c06c97b2b7e4d9c428b6,d0621afbe30d3f033f5f01d146e96fc2c0302c4e535d694bf9e395925bfa6b71,included,housing_social_welfare_leaf,1.0.0,social_welfare,1.0.0,utility,landlord_2,landlord_2,76.96,utility_points,"{""disagreement_utility"":0.0}",ok,valid,[],"[""event_00000247""]",evaluation_receipt,episode_attempt_c06c97b2b7e4d9c428b6,d0621afbe30d3f033f5f01d146e96fc2c0302c4e535d694bf9e395925bfa6b71,true
result_9e4ddba76606beb294a5fed6,runplan_4d2736b89570c093,cell_2f720522d3262a0bdbf1,housing_v1__experiment__000003,housing_v1,housing_controlled_model_landlords_experiment,episode_attempt_c06c97b2b7e4d9c428b6,d0621afbe30d3f033f5f01d146e96fc2c0302c4e535d694bf9e395925bfa6b71,included,housing_social_welfare_leaf,1.0.0,social_welfare,1.0.0,utility,landlord_3,landlord_3,54.11,utility_points,"{""disagreement_utility"":0.0}",ok,valid,[],"[""event_00000247""]",evaluation_receipt,episode_attempt_c06c97b2b7e4d9c428b6,d0621afbe30d3f033f5f01d146e96fc2c0302c4e535d694bf9e395925bfa6b71,true
result_7de9c8fade3eaffcaad674b6,runplan_4d2736b89570c093,cell_2f720522d3262a0bdbf1,housing_v1__experiment__000003,housing_v1,housing_controlled_model_landlords_experiment,episode_attempt_c06c97b2b7e4d9c428b6,d0621afbe30d3f033f5f01d146e96fc2c0302c4e535d694bf9e395925bfa6b71,included,housing_social_welfare_leaf,1.0.0,social_welfare,1.0.0,utility,landlord_4,landlord_4,58.85,utility_points,"{""disagreement_utility"":0.0}",ok,valid,[],"[""event_00000247""]",evaluation_receipt,episode_attempt_c06c97b2b7e4d9c428b6,d0621afbe30d3f033f5f01d146e96fc2c0302c4e535d694bf9e395925bfa6b71,true
result_30f3d08ed364ce7191220e44,runplan_4d2736b89570c093,cell_2f720522d3262a0bdbf1,housing_v1__experiment__000003,housing_v1,housing_controlled_model_landlords_experiment,episode_attempt_c06c97b2b7e4d9c428b6,d0621afbe30d3f033f5f01d146e96fc2c0302c4e535d694bf9e395925bfa6b71,included,housing_social_welfare_leaf,1.0.0,social_welfare,1.0.0,utility,tenant_0,tenant_0,636.86,utility_points,"{""disagreement_utility"":0.0}",ok,valid,[],"[""event_00000247""]",evaluation_receipt,episode_attempt_c06c97b2b7e4d9c428b6,d0621afbe30d3f033f5f01d146e96fc2c0302c4e535d694bf9e395925bfa6b71,true
result_588086b06ce49a7c1da65ae4,runplan_4d2736b89570c093,cell_2f720522d3262a0bdbf1,housing_v1__experiment__000003,housing_v1,housing_controlled_model_landlords_experiment,episode_attempt_c06c97b2b7e4d9c428b6,d0621afbe30d3f033f5f01d146e96fc2c0302c4e535d694bf9e395925bfa6b71,included,housing_social_welfare_leaf,1.0.0,social_welfare,1.0.0,utility,tenant_1,tenant_1,0.0,utility_points,"{""disagreement_utility"":0.0}",ok,valid,[],"[""event_00000247""]",evaluation_receipt,episode_attempt_c06c97b2b7e4d9c428b6,d0621afbe30d3f033f5f01d146e96fc2c0302c4e535d694bf9e395925bfa6b71,true
result_2f63b2855284a4bbf4e6c308,runplan_4d2736b89570c093,cell_2f720522d3262a0bdbf1,housing_v1__experiment__000003,housing_v1,housing_controlled_model_landlords_experiment,episode_attempt_c06c97b2b7e4d9c428b6,d0621afbe30d3f033f5f01d146e96fc2c0302c4e535d694bf9e395925bfa6b71,included,housing_social_welfare_leaf,1.0.0,social_welfare,1.0.0,utility,tenant_2,tenant_2,493.99,utility_points,"{""disagreement_utility"":0.0}",ok,valid,[],"[""event_00000247""]",evaluation_receipt,episode_attempt_c06c97b2b7e4d9c428b6,d0621afbe30d3f033f5f01d146e96fc2c0302c4e535d694bf9e395925bfa6b71,true
result_64c570332f482f00f0581c93,runplan_4d2736b89570c093,cell_2f720522d3262a0bdbf1,housing_v1__experiment__000003,housing_v1,housing_controlled_model_landlords_experiment,episode_attempt_c06c97b2b7e4d9c428b6,d0621afbe30d3f033f5f01d146e96fc2c0302c4e535d694bf9e395925bfa6b71,included,housing_social_welfare_leaf,1.0.0,social_welfare,1.0.0,utility,tenant_3,tenant_3,647.06,utility_points,"{""disagreement_utility"":0.0}",ok,valid,[],"[""event_00000247""]",evaluation_receipt,episode_attempt_c06c97b2b7e4d9c428b6,d0621afbe30d3f033f5f01d146e96fc2c0302c4e535d694bf9e395925bfa6b71,true
result_1eb732497a27644b70d40413,runplan_4d2736b89570c093,cell_2f720522d3262a0bdbf1,housing_v1__experiment__000003,housing_v1,housing_controlled_model_landlords_experiment,episode_attempt_c06c97b2b7e4d9c428b6,d0621afbe30d3f033f5f01d146e96fc2c0302c4e535d694bf9e395925bfa6b71,included,housing_social_welfare_leaf,1.0.0,social_welfare,1.0.0,utility,tenant_4,tenant_4,0.0,utility_points,"{""disagreement_utility"":0.0}",ok,valid,[],"[""event_00000247""]",evaluation_receipt,episode_attempt_c06c97b2b7e4d9c428b6,d0621afbe30d3f033f5f01d146e96fc2c0302c4e535d694bf9e395925bfa6b71,true
result_0a41ef87ca8a251c251f4b4a,runplan_4d2736b89570c093,cell_2f720522d3262a0bdbf1,housing_v1__experiment__000003,housing_v1,housing_controlled_model_landlords_experiment,episode_attempt_c06c97b2b7e4d9c428b6,d0621afbe30d3f033f5f01d146e96fc2c0302c4e535d694bf9e395925bfa6b71,included,housing_social_welfare_leaf,1.0.0,social_welfare,1.0.0,utility,tenant_5,tenant_5,0.0,utility_points,"{""disagreement_utility"":0.0}",ok,valid,[],"[""event_00000247""]",evaluation_receipt,episode_attempt_c06c97b2b7e4d9c428b6,d0621afbe30d3f033f5f01d146e96fc2c0302c4e535d694bf9e395925bfa6b71,true
result_6c40b49d495a8c2b14c0fb06,runplan_4d2736b89570c093,cell_2f720522d3262a0bdbf1,housing_v1__experiment__000003,housing_v1,housing_controlled_model_landlords_experiment,episode_attempt_c06c97b2b7e4d9c428b6,d0621afbe30d3f033f5f01d146e96fc2c0302c4e535d694bf9e395925bfa6b71,included,housing_social_welfare_leaf,1.0.0,social_welfare,1.0.0,capture,landlord_0,landlord_0,0.0,utility_points,"{""disagreement_utility"":0.0}",ok,valid,[],"[""event_00000247""]",evaluation_receipt,episode_attempt_c06c97b2b7e4d9c428b6,d0621afbe30d3f033f5f01d146e96fc2c0302c4e535d694bf9e395925bfa6b71,true
result_65e874559f4b70c00c188e22,runplan_4d2736b89570c093,cell_2f720522d3262a0bdbf1,housing_v1__experiment__000003,housing_v1,housing_controlled_model_landlords_experiment,episode_attempt_c06c97b2b7e4d9c428b6,d0621afbe30d3f033f5f01d146e96fc2c0302c4e535d694bf9e395925bfa6b71,included,housing_social_welfare_leaf,1.0.0,social_welfare,1.0.0,capture,landlord_1,landlord_1,0.0,utility_points,"{""disagreement_utility"":0.0}",ok,valid,[],"[""event_00000247""]",evaluation_receipt,episode_attempt_c06c97b2b7e4d9c428b6,d0621afbe30d3f033f5f01d146e96fc2c0302c4e535d694bf9e395925bfa6b71,true
result_7836e9adb174d44baf3752bf,runplan_4d2736b89570c093,cell_2f720522d3262a0bdbf1,housing_v1__experiment__000003,housing_v1,housing_controlled_model_landlords_experiment,episode_attempt_c06c97b2b7e4d9c428b6,d0621afbe30d3f033f5f01d146e96fc2c0302c4e535d694bf9e395925bfa6b71,included,housing_social_welfare_leaf,1.0.0,social_welfare,1.0.0,capture,landlord_2,landlord_2,76.96,utility_points,"{""disagreement_utility"":0.0}",ok,valid,[],"[""event_00000247""]",evaluation_receipt,episode_attempt_c06c97b2b7e4d9c428b6,d0621afbe30d3f033f5f01d146e96fc2c0302c4e535d694bf9e395925bfa6b71,true
result_9dc514f21917fa36dc8d33c8,runplan_4d2736b89570c093,cell_2f720522d3262a0bdbf1,housing_v1__experiment__000003,housing_v1,housing_controlled_model_landlords_experiment,episode_attempt_c06c97b2b7e4d9c428b6,d0621afbe30d3f033f5f01d146e96fc2c0302c4e535d694bf9e395925bfa6b71,included,housing_social_welfare_leaf,1.0.0,social_welfare,1.0.0,capture,landlord_3,landlord_3,54.11,utility_points,"{""disagreement_utility"":0.0}",ok,valid,[],"[""event_00000247""]",evaluation_receipt,episode_attempt_c06c97b2b7e4d9c428b6,d0621afbe30d3f033f5f01d146e96fc2c0302c4e535d694bf9e395925bfa6b71,true
result_95f249ea193660fdae299bcb,runplan_4d2736b89570c093,cell_2f720522d3262a0bdbf1,housing_v1__experiment__000003,housing_v1,housing_controlled_model_landlords_experiment,episode_attempt_c06c97b2b7e4d9c428b6,d0621afbe30d3f033f5f01d146e96fc2c0302c4e535d694bf9e395925bfa6b71,included,housing_social_welfare_leaf,1.0.0,social_welfare,1.0.0,capture,landlord_4,landlord_4,58.85,utility_points,"{""disagreement_utility"":0.0}",ok,valid,[],"[""event_00000247""]",evaluation_receipt,episode_attempt_c06c97b2b7e4d9c428b6,d0621afbe30d3f033f5f01d146e96fc2c0302c4e535d694bf9e395925bfa6b71,true
result_aa44904427795f214adfdc31,runplan_4d2736b89570c093,cell_2f720522d3262a0bdbf1,housing_v1__experiment__000003,housing_v1,housing_controlled_model_landlords_experiment,episode_attempt_c06c97b2b7e4d9c428b6,d0621afbe30d3f033f5f01d146e96fc2c0302c4e535d694bf9e395925bfa6b71,included,housing_social_welfare_leaf,1.0.0,social_welfare,1.0.0,capture,tenant_0,tenant_0,636.86,utility_points,"{""disagreement_utility"":0.0}",ok,valid,[],"[""event_00000247""]",evaluation_receipt,episode_attempt_c06c97b2b7e4d9c428b6,d0621afbe30d3f033f5f01d146e96fc2c0302c4e535d694bf9e395925bfa6b71,true
result_1bd9c3d901e88a49026222c9,runplan_4d2736b89570c093,cell_2f720522d3262a0bdbf1,housing_v1__experiment__000003,housing_v1,housing_controlled_model_landlords_experiment,episode_attempt_c06c97b2b7e4d9c428b6,d0621afbe30d3f033f5f01d146e96fc2c0302c4e535d694bf9e395925bfa6b71,included,housing_social_welfare_leaf,1.0.0,social_welfare,1.0.0,capture,tenant_1,tenant_1,0.0,utility_points,"{""disagreement_utility"":0.0}",ok,valid,[],"[""event_00000247""]",evaluation_receipt,episode_attempt_c06c97b2b7e4d9c428b6,d0621afbe30d3f033f5f01d146e96fc2c0302c4e535d694bf9e395925bfa6b71,true
result_6d011c14ee8fc17d85ce4aba,runplan_4d2736b89570c093,cell_2f720522d3262a0bdbf1,housing_v1__experiment__000003,housing_v1,housing_controlled_model_landlords_experiment,episode_attempt_c06c97b2b7e4d9c428b6,d0621afbe30d3f033f5f01d146e96fc2c0302c4e535d694bf9e395925bfa6b71,included,housing_social_welfare_leaf,1.0.0,social_welfare,1.0.0,capture,tenant_2,tenant_2,493.99,utility_points,"{""disagreement_utility"":0.0}",ok,valid,[],"[""event_00000247""]",evaluation_receipt,episode_attempt_c06c97b2b7e4d9c428b6,d0621afbe30d3f033f5f01d146e96fc2c0302c4e535d694bf9e395925bfa6b71,true
result_75e224065639f79c244800ec,runplan_4d2736b89570c093,cell_2f720522d3262a0bdbf1,housing_v1__experiment__000003,housing_v1,housing_controlled_model_landlords_experiment,episode_attempt_c06c97b2b7e4d9c428b6,d0621afbe30d3f033f5f01d146e96fc2c0302c4e535d694bf9e395925bfa6b71,included,housing_social_welfare_leaf,1.0.0,social_welfare,1.0.0,capture,tenant_3,tenant_3,647.06,utility_points,"{""disagreement_utility"":0.0}",ok,valid,[],"[""event_00000247""]",evaluation_receipt,episode_attempt_c06c97b2b7e4d9c428b6,d0621afbe30d3f033f5f01d146e96fc2c0302c4e535d694bf9e395925bfa6b71,true
result_9bd545e6bce9da534e39e865,runplan_4d2736b89570c093,cell_2f720522d3262a0bdbf1,housing_v1__experiment__000003,housing_v1,housing_controlled_model_landlords_experiment,episode_attempt_c06c97b2b7e4d9c428b6,d0621afbe30d3f033f5f01d146e96fc2c0302c4e535d694bf9e395925bfa6b71,included,housing_social_welfare_leaf,1.0.0,social_welfare,1.0.0,capture,tenant_4,tenant_4,0.0,utility_points,"{""disagreement_utility"":0.0}",ok,valid,[],"[""event_00000247""]",evaluation_receipt,episode_attempt_c06c97b2b7e4d9c428b6,d0621afbe30d3f033f5f01d146e96fc2c0302c4e535d694bf9e395925bfa6b71,true
result_86dc4c94f978597255514bb1,runplan_4d2736b89570c093,cell_2f720522d3262a0bdbf1,housing_v1__experiment__000003,housing_v1,housing_controlled_model_landlords_experiment,episode_attempt_c06c97b2b7e4d9c428b6,d0621afbe30d3f033f5f01d146e96fc2c0302c4e535d694bf9e395925bfa6b71,included,housing_social_welfare_leaf,1.0.0,social_welfare,1.0.0,capture,tenant_5,tenant_5,0.0,utility_points,"{""disagreement_utility"":0.0}",ok,valid,[],"[""event_00000247""]",evaluation_receipt,episode_attempt_c06c97b2b7e4d9c428b6,d0621afbe30d3f033f5f01d146e96fc2c0302c4e535d694bf9e395925bfa6b71,true
result_654d52b587cff8e69615621e,runplan_4d2736b89570c093,cell_3757defa2f3cfbca6156,housing_v1__experiment__000005,housing_v1,housing_controlled_model_landlords_experiment,episode_attempt_5992f1872c9722f5fc09,d1fbb56ea4f76b3ab74e9c1883352c7ecc2eff771cb09ad7c26f90ccc103cce1,included,housing_social_welfare_leaf,1.0.0,social_welfare,1.0.0,primary,social_welfare,,1178.08,utility_points,{},ok,valid,[],"[""event_00000271""]",evaluation_receipt,episode_attempt_5992f1872c9722f5fc09,d1fbb56ea4f76b3ab74e9c1883352c7ecc2eff771cb09ad7c26f90ccc103cce1,true
result_4bcd391cf9d4a1316c2bb6d8,runplan_4d2736b89570c093,cell_3757defa2f3cfbca6156,housing_v1__experiment__000005,housing_v1,housing_controlled_model_landlords_experiment,episode_attempt_5992f1872c9722f5fc09,d1fbb56ea4f76b3ab74e9c1883352c7ecc2eff771cb09ad7c26f90ccc103cce1,included,housing_social_welfare_leaf,1.0.0,social_welfare,1.0.0,metric,comparison_baseline_gap,,0.0,utility_points,{},ok,valid,[],"[""event_00000271""]",evaluation_receipt,episode_attempt_5992f1872c9722f5fc09,d1fbb56ea4f76b3ab74e9c1883352c7ecc2eff771cb09ad7c26f90ccc103cce1,true
result_d83c8c49719ad2c53df98b6f,runplan_4d2736b89570c093,cell_3757defa2f3cfbca6156,housing_v1__experiment__000005,housing_v1,housing_controlled_model_landlords_experiment,episode_attempt_5992f1872c9722f5fc09,d1fbb56ea4f76b3ab74e9c1883352c7ecc2eff771cb09ad7c26f90ccc103cce1,included,housing_social_welfare_leaf,1.0.0,social_welfare,1.0.0,metric,ir_violation_count,,0.0,count,{},ok,valid,[],"[""event_00000271""]",evaluation_receipt,episode_attempt_5992f1872c9722f5fc09,d1fbb56ea4f76b3ab74e9c1883352c7ecc2eff771cb09ad7c26f90ccc103cce1,true
result_e57a214df5771efc2ce93773,runplan_4d2736b89570c093,cell_3757defa2f3cfbca6156,housing_v1__experiment__000005,housing_v1,housing_controlled_model_landlords_experiment,episode_attempt_5992f1872c9722f5fc09,d1fbb56ea4f76b3ab74e9c1883352c7ecc2eff771cb09ad7c26f90ccc103cce1,included,housing_social_welfare_leaf,1.0.0,social_welfare,1.0.0,metric,social_welfare,,1178.08,utility_points,{},ok,valid,[],"[""event_00000271""]",evaluation_receipt,episode_attempt_5992f1872c9722f5fc09,d1fbb56ea4f76b3ab74e9c1883352c7ecc2eff771cb09ad7c26f90ccc103cce1,true
result_5314558a7a3258b79ade9337,runplan_4d2736b89570c093,cell_3757defa2f3cfbca6156,housing_v1__experiment__000005,housing_v1,housing_controlled_model_landlords_experiment,episode_attempt_5992f1872c9722f5fc09,d1fbb56ea4f76b3ab74e9c1883352c7ecc2eff771cb09ad7c26f90ccc103cce1,included,housing_social_welfare_leaf,1.0.0,social_welfare,1.0.0,metric,upper_bound_gap,,47.99000000000001,utility_points,{},ok,valid,[],"[""event_00000271""]",evaluation_receipt,episode_attempt_5992f1872c9722f5fc09,d1fbb56ea4f76b3ab74e9c1883352c7ecc2eff771cb09ad7c26f90ccc103cce1,true
result_153084f2c94e1b6815cd8193,runplan_4d2736b89570c093,cell_3757defa2f3cfbca6156,housing_v1__experiment__000005,housing_v1,housing_controlled_model_landlords_experiment,episode_attempt_5992f1872c9722f5fc09,d1fbb56ea4f76b3ab74e9c1883352c7ecc2eff771cb09ad7c26f90ccc103cce1,included,housing_social_welfare_leaf,1.0.0,social_welfare,1.0.0,metric,wasted_contacts,,8.0,count,{},ok,valid,[],"[""event_00000271""]",evaluation_receipt,episode_attempt_5992f1872c9722f5fc09,d1fbb56ea4f76b3ab74e9c1883352c7ecc2eff771cb09ad7c26f90ccc103cce1,true
result_0ffb8af1d32dd9e5f41f6006,runplan_4d2736b89570c093,cell_3757defa2f3cfbca6156,housing_v1__experiment__000005,housing_v1,housing_controlled_model_landlords_experiment,episode_attempt_5992f1872c9722f5fc09,d1fbb56ea4f76b3ab74e9c1883352c7ecc2eff771cb09ad7c26f90ccc103cce1,included,housing_social_welfare_leaf,1.0.0,social_welfare,1.0.0,metric,within_case_score,,0.9608586785420082,ratio,{},ok,valid,[],"[""event_00000271""]",evaluation_receipt,episode_attempt_5992f1872c9722f5fc09,d1fbb56ea4f76b3ab74e9c1883352c7ecc2eff771cb09ad7c26f90ccc103cce1,true
result_bfa8da941d18be740d4c9c92,runplan_4d2736b89570c093,cell_3757defa2f3cfbca6156,housing_v1__experiment__000005,housing_v1,housing_controlled_model_landlords_experiment,episode_attempt_5992f1872c9722f5fc09,d1fbb56ea4f76b3ab74e9c1883352c7ecc2eff771cb09ad7c26f90ccc103cce1,included,housing_social_welfare_leaf,1.0.0,social_welfare,1.0.0,reference,comparison_baseline,,1178.08,utility_points,"{""policy"":""naive"",""reference_kind"":""comparison_baseline""}",ok,valid,[],"[""event_00000271""]",evaluation_receipt,episode_attempt_5992f1872c9722f5fc09,d1fbb56ea4f76b3ab74e9c1883352c7ecc2eff771cb09ad7c26f90ccc103cce1,true
result_a71b29ebd851b19e973205d0,runplan_4d2736b89570c093,cell_3757defa2f3cfbca6156,housing_v1__experiment__000005,housing_v1,housing_controlled_model_landlords_experiment,episode_attempt_5992f1872c9722f5fc09,d1fbb56ea4f76b3ab74e9c1883352c7ecc2eff771cb09ad7c26f90ccc103cce1,included,housing_social_welfare_leaf,1.0.0,social_welfare,1.0.0,reference,optimum_lower_bound,,0.0,utility_points,"{""policy"":""do_nothing"",""reference_kind"":""objective_lower_bound""}",ok,valid,[],"[""event_00000271""]",evaluation_receipt,episode_attempt_5992f1872c9722f5fc09,d1fbb56ea4f76b3ab74e9c1883352c7ecc2eff771cb09ad7c26f90ccc103cce1,true
result_0f7813bbd4804bbeeb22c8ad,runplan_4d2736b89570c093,cell_3757defa2f3cfbca6156,housing_v1__experiment__000005,housing_v1,housing_controlled_model_landlords_experiment,episode_attempt_5992f1872c9722f5fc09,d1fbb56ea4f76b3ab74e9c1883352c7ecc2eff771cb09ad7c26f90ccc103cce1,included,housing_social_welfare_leaf,1.0.0,social_welfare,1.0.0,reference,optimum_upper_bound,,1226.07,utility_points,"{""reference_kind"":""objective_upper_bound"",""semantics"":""full_information_allocation_relaxation""}",ok,valid,[],"[""event_00000271""]",evaluation_receipt,episode_attempt_5992f1872c9722f5fc09,d1fbb56ea4f76b3ab74e9c1883352c7ecc2eff771cb09ad7c26f90ccc103cce1,true
result_7adf4dfa358602c3182f53e0,runplan_4d2736b89570c093,cell_3757defa2f3cfbca6156,housing_v1__experiment__000005,housing_v1,housing_controlled_model_landlords_experiment,episode_attempt_5992f1872c9722f5fc09,d1fbb56ea4f76b3ab74e9c1883352c7ecc2eff771cb09ad7c26f90ccc103cce1,included,housing_social_welfare_leaf,1.0.0,social_welfare,1.0.0,utility,landlord_0,landlord_0,0.0,utility_points,"{""disagreement_utility"":0.0}",ok,valid,[],"[""event_00000271""]",evaluation_receipt,episode_attempt_5992f1872c9722f5fc09,d1fbb56ea4f76b3ab74e9c1883352c7ecc2eff771cb09ad7c26f90ccc103cce1,true
result_798aa2460962729b0cfeb2c1,runplan_4d2736b89570c093,cell_3757defa2f3cfbca6156,housing_v1__experiment__000005,housing_v1,housing_controlled_model_landlords_experiment,episode_attempt_5992f1872c9722f5fc09,d1fbb56ea4f76b3ab74e9c1883352c7ecc2eff771cb09ad7c26f90ccc103cce1,included,housing_social_welfare_leaf,1.0.0,social_welfare,1.0.0,utility,landlord_1,landlord_1,509.78,utility_points,"{""disagreement_utility"":0.0}",ok,valid,[],"[""event_00000271""]",evaluation_receipt,episode_attempt_5992f1872c9722f5fc09,d1fbb56ea4f76b3ab74e9c1883352c7ecc2eff771cb09ad7c26f90ccc103cce1,true
result_b70bab70cc23e579dcc2c894,runplan_4d2736b89570c093,cell_3757defa2f3cfbca6156,housing_v1__experiment__000005,housing_v1,housing_controlled_model_landlords_experiment,episode_attempt_5992f1872c9722f5fc09,d1fbb56ea4f76b3ab74e9c1883352c7ecc2eff771cb09ad7c26f90ccc103cce1,included,housing_social_welfare_leaf,1.0.0,social_welfare,1.0.0,utility,landlord_2,landlord_2,0.0,utility_points,"{""disagreement_utility"":0.0}",ok,valid,[],"[""event_00000271""]",evaluation_receipt,episode_attempt_5992f1872c9722f5fc09,d1fbb56ea4f76b3ab74e9c1883352c7ecc2eff771cb09ad7c26f90ccc103cce1,true
result_90d01a3a008e90993c09018a,runplan_4d2736b89570c093,cell_3757defa2f3cfbca6156,housing_v1__experiment__000005,housing_v1,housing_controlled_model_landlords_experiment,episode_attempt_5992f1872c9722f5fc09,d1fbb56ea4f76b3ab74e9c1883352c7ecc2eff771cb09ad7c26f90ccc103cce1,included,housing_social_welfare_leaf,1.0.0,social_welfare,1.0.0,utility,landlord_3,landlord_3,43.77,utility_points,"{""disagreement_utility"":0.0}",ok,valid,[],"[""event_00000271""]",evaluation_receipt,episode_attempt_5992f1872c9722f5fc09,d1fbb56ea4f76b3ab74e9c1883352c7ecc2eff771cb09ad7c26f90ccc103cce1,true
result_cca4160712b5a33364853bbe,runplan_4d2736b89570c093,cell_3757defa2f3cfbca6156,housing_v1__experiment__000005,housing_v1,housing_controlled_model_landlords_experiment,episode_attempt_5992f1872c9722f5fc09,d1fbb56ea4f76b3ab74e9c1883352c7ecc2eff771cb09ad7c26f90ccc103cce1,included,housing_social_welfare_leaf,1.0.0,social_welfare,1.0.0,utility,landlord_4,landlord_4,65.66,utility_points,"{""disagreement_utility"":0.0}",ok,valid,[],"[""event_00000271""]",evaluation_receipt,episode_attempt_5992f1872c9722f5fc09,d1fbb56ea4f76b3ab74e9c1883352c7ecc2eff771cb09ad7c26f90ccc103cce1,true
result_a3ba72ac6c2c90bfae0687a5,runplan_4d2736b89570c093,cell_3757defa2f3cfbca6156,housing_v1__experiment__000005,housing_v1,housing_controlled_model_landlords_experiment,episode_attempt_5992f1872c9722f5fc09,d1fbb56ea4f76b3ab74e9c1883352c7ecc2eff771cb09ad7c26f90ccc103cce1,included,housing_social_welfare_leaf,1.0.0,social_welfare,1.0.0,utility,tenant_0,tenant_0,0.0,utility_points,"{""disagreement_utility"":0.0}",ok,valid,[],"[""event_00000271""]",evaluation_receipt,episode_attempt_5992f1872c9722f5fc09,d1fbb56ea4f76b3ab74e9c1883352c7ecc2eff771cb09ad7c26f90ccc103cce1,true
result_5a278ca128dec260bd0c3523,runplan_4d2736b89570c093,cell_3757defa2f3cfbca6156,housing_v1__experiment__000005,housing_v1,housing_controlled_model_landlords_experiment,episode_attempt_5992f1872c9722f5fc09,d1fbb56ea4f76b3ab74e9c1883352c7ecc2eff771cb09ad7c26f90ccc103cce1,included,housing_social_welfare_leaf,1.0.0,social_welfare,1.0.0,utility,tenant_1,tenant_1,274.53,utility_points,"{""disagreement_utility"":0.0}",ok,valid,[],"[""event_00000271""]",evaluation_receipt,episode_attempt_5992f1872c9722f5fc09,d1fbb56ea4f76b3ab74e9c1883352c7ecc2eff771cb09ad7c26f90ccc103cce1,true
result_4e6af67c9580c48a4f1a2d92,runplan_4d2736b89570c093,cell_3757defa2f3cfbca6156,housing_v1__experiment__000005,housing_v1,housing_controlled_model_landlords_experiment,episode_attempt_5992f1872c9722f5fc09,d1fbb56ea4f76b3ab74e9c1883352c7ecc2eff771cb09ad7c26f90ccc103cce1,included,housing_social_welfare_leaf,1.0.0,social_welfare,1.0.0,utility,tenant_2,tenant_2,0.0,utility_points,"{""disagreement_utility"":0.0}",ok,valid,[],"[""event_00000271""]",evaluation_receipt,episode_attempt_5992f1872c9722f5fc09,d1fbb56ea4f76b3ab74e9c1883352c7ecc2eff771cb09ad7c26f90ccc103cce1,true
result_77569e17489c0e6a7b7e2aaa,runplan_4d2736b89570c093,cell_3757defa2f3cfbca6156,housing_v1__experiment__000005,housing_v1,housing_controlled_model_landlords_experiment,episode_attempt_5992f1872c9722f5fc09,d1fbb56ea4f76b3ab74e9c1883352c7ecc2eff771cb09ad7c26f90ccc103cce1,included,housing_social_welfare_leaf,1.0.0,social_welfare,1.0.0,utility,tenant_3,tenant_3,0.0,utility_points,"{""disagreement_utility"":0.0}",ok,valid,[],"[""event_00000271""]",evaluation_receipt,episode_attempt_5992f1872c9722f5fc09,d1fbb56ea4f76b3ab74e9c1883352c7ecc2eff771cb09ad7c26f90ccc103cce1,true
result_05b7d635dd57d5f7c3c7f81a,runplan_4d2736b89570c093,cell_3757defa2f3cfbca6156,housing_v1__experiment__000005,housing_v1,housing_controlled_model_landlords_experiment,episode_attempt_5992f1872c9722f5fc09,d1fbb56ea4f76b3ab74e9c1883352c7ecc2eff771cb09ad7c26f90ccc103cce1,included,housing_social_welfare_leaf,1.0.0,social_welfare,1.0.0,utility,tenant_4,tenant_4,0.0,utility_points,"{""disagreement_utility"":0.0}",ok,valid,[],"[""event_00000271""]",evaluation_receipt,episode_attempt_5992f1872c9722f5fc09,d1fbb56ea4f76b3ab74e9c1883352c7ecc2eff771cb09ad7c26f90ccc103cce1,true
result_d214c6fdee5d3bf6e5092cd8,runplan_4d2736b89570c093,cell_3757defa2f3cfbca6156,housing_v1__experiment__000005,housing_v1,housing_controlled_model_landlords_experiment,episode_attempt_5992f1872c9722f5fc09,d1fbb56ea4f76b3ab74e9c1883352c7ecc2eff771cb09ad7c26f90ccc103cce1,included,housing_social_welfare_leaf,1.0.0,social_welfare,1.0.0,utility,tenant_5,tenant_5,284.34,utility_points,"{""disagreement_utility"":0.0}",ok,valid,[],"[""event_00000271""]",evaluation_receipt,episode_attempt_5992f1872c9722f5fc09,d1fbb56ea4f76b3ab74e9c1883352c7ecc2eff771cb09ad7c26f90ccc103cce1,true
result_dc46b23cbfd42d810d49394d,runplan_4d2736b89570c093,cell_3757defa2f3cfbca6156,housing_v1__experiment__000005,housing_v1,housing_controlled_model_landlords_experiment,episode_attempt_5992f1872c9722f5fc09,d1fbb56ea4f76b3ab74e9c1883352c7ecc2eff771cb09ad7c26f90ccc103cce1,included,housing_social_welfare_leaf,1.0.0,social_welfare,1.0.0,capture,landlord_0,landlord_0,0.0,utility_points,"{""disagreement_utility"":0.0}",ok,valid,[],"[""event_00000271""]",evaluation_receipt,episode_attempt_5992f1872c9722f5fc09,d1fbb56ea4f76b3ab74e9c1883352c7ecc2eff771cb09ad7c26f90ccc103cce1,true
result_c2da2aa754d5b3bcac6937db,runplan_4d2736b89570c093,cell_3757defa2f3cfbca6156,housing_v1__experiment__000005,housing_v1,housing_controlled_model_landlords_experiment,episode_attempt_5992f1872c9722f5fc09,d1fbb56ea4f76b3ab74e9c1883352c7ecc2eff771cb09ad7c26f90ccc103cce1,included,housing_social_welfare_leaf,1.0.0,social_welfare,1.0.0,capture,landlord_1,landlord_1,509.78,utility_points,"{""disagreement_utility"":0.0}",ok,valid,[],"[""event_00000271""]",evaluation_receipt,episode_attempt_5992f1872c9722f5fc09,d1fbb56ea4f76b3ab74e9c1883352c7ecc2eff771cb09ad7c26f90ccc103cce1,true
result_02a0f22113f1872077a358c7,runplan_4d2736b89570c093,cell_3757defa2f3cfbca6156,housing_v1__experiment__000005,housing_v1,housing_controlled_model_landlords_experiment,episode_attempt_5992f1872c9722f5fc09,d1fbb56ea4f76b3ab74e9c1883352c7ecc2eff771cb09ad7c26f90ccc103cce1,included,housing_social_welfare_leaf,1.0.0,social_welfare,1.0.0,capture,landlord_2,landlord_2,0.0,utility_points,"{""disagreement_utility"":0.0}",ok,valid,[],"[""event_00000271""]",evaluation_receipt,episode_attempt_5992f1872c9722f5fc09,d1fbb56ea4f76b3ab74e9c1883352c7ecc2eff771cb09ad7c26f90ccc103cce1,true
result_b82ffcf19ee2eb7437fda94c,runplan_4d2736b89570c093,cell_3757defa2f3cfbca6156,housing_v1__experiment__000005,housing_v1,housing_controlled_model_landlords_experiment,episode_attempt_5992f1872c9722f5fc09,d1fbb56ea4f76b3ab74e9c1883352c7ecc2eff771cb09ad7c26f90ccc103cce1,included,housing_social_welfare_leaf,1.0.0,social_welfare,1.0.0,capture,landlord_3,landlord_3,43.77,utility_points,"{""disagreement_utility"":0.0}",ok,valid,[],"[""event_00000271""]",evaluation_receipt,episode_attempt_5992f1872c9722f5fc09,d1fbb56ea4f76b3ab74e9c1883352c7ecc2eff771cb09ad7c26f90ccc103cce1,true
result_5e39b3c5591dcb580bea70ca,runplan_4d2736b89570c093,cell_3757defa2f3cfbca6156,housing_v1__experiment__000005,housing_v1,housing_controlled_model_landlords_experiment,episode_attempt_5992f1872c9722f5fc09,d1fbb56ea4f76b3ab74e9c1883352c7ecc2eff771cb09ad7c26f90ccc103cce1,included,housing_social_welfare_leaf,1.0.0,social_welfare,1.0.0,capture,landlord_4,landlord_4,65.66,utility_points,"{""disagreement_utility"":0.0}",ok,valid,[],"[""event_00000271""]",evaluation_receipt,episode_attempt_5992f1872c9722f5fc09,d1fbb56ea4f76b3ab74e9c1883352c7ecc2eff771cb09ad7c26f90ccc103cce1,true
result_709ec713ab65b52d68436293,runplan_4d2736b89570c093,cell_3757defa2f3cfbca6156,housing_v1__experiment__000005,housing_v1,housing_controlled_model_landlords_experiment,episode_attempt_5992f1872c9722f5fc09,d1fbb56ea4f76b3ab74e9c1883352c7ecc2eff771cb09ad7c26f90ccc103cce1,included,housing_social_welfare_leaf,1.0.0,social_welfare,1.0.0,capture,tenant_0,tenant_0,0.0,utility_points,"{""disagreement_utility"":0.0}",ok,valid,[],"[""event_00000271""]",evaluation_receipt,episode_attempt_5992f1872c9722f5fc09,d1fbb56ea4f76b3ab74e9c1883352c7ecc2eff771cb09ad7c26f90ccc103cce1,true
result_52fdae0fc701d0235aad579b,runplan_4d2736b89570c093,cell_3757defa2f3cfbca6156,housing_v1__experiment__000005,housing_v1,housing_controlled_model_landlords_experiment,episode_attempt_5992f1872c9722f5fc09,d1fbb56ea4f76b3ab74e9c1883352c7ecc2eff771cb09ad7c26f90ccc103cce1,included,housing_social_welfare_leaf,1.0.0,social_welfare,1.0.0,capture,tenant_1,tenant_1,274.53,utility_points,"{""disagreement_utility"":0.0}",ok,valid,[],"[""event_00000271""]",evaluation_receipt,episode_attempt_5992f1872c9722f5fc09,d1fbb56ea4f76b3ab74e9c1883352c7ecc2eff771cb09ad7c26f90ccc103cce1,true
result_063958e228edd900e8f96c6c,runplan_4d2736b89570c093,cell_3757defa2f3cfbca6156,housing_v1__experiment__000005,housing_v1,housing_controlled_model_landlords_experiment,episode_attempt_5992f1872c9722f5fc09,d1fbb56ea4f76b3ab74e9c1883352c7ecc2eff771cb09ad7c26f90ccc103cce1,included,housing_social_welfare_leaf,1.0.0,social_welfare,1.0.0,capture,tenant_2,tenant_2,0.0,utility_points,"{""disagreement_utility"":0.0}",ok,valid,[],"[""event_00000271""]",evaluation_receipt,episode_attempt_5992f1872c9722f5fc09,d1fbb56ea4f76b3ab74e9c1883352c7ecc2eff771cb09ad7c26f90ccc103cce1,true
result_163d8d6e61e192a3c566afee,runplan_4d2736b89570c093,cell_3757defa2f3cfbca6156,housing_v1__experiment__000005,housing_v1,housing_controlled_model_landlords_experiment,episode_attempt_5992f1872c9722f5fc09,d1fbb56ea4f76b3ab74e9c1883352c7ecc2eff771cb09ad7c26f90ccc103cce1,included,housing_social_welfare_leaf,1.0.0,social_welfare,1.0.0,capture,tenant_3,tenant_3,0.0,utility_points,"{""disagreement_utility"":0.0}",ok,valid,[],"[""event_00000271""]",evaluation_receipt,episode_attempt_5992f1872c9722f5fc09,d1fbb56ea4f76b3ab74e9c1883352c7ecc2eff771cb09ad7c26f90ccc103cce1,true
result_e373f146b3cc0533fdeefd6f,runplan_4d2736b89570c093,cell_3757defa2f3cfbca6156,housing_v1__experiment__000005,housing_v1,housing_controlled_model_landlords_experiment,episode_attempt_5992f1872c9722f5fc09,d1fbb56ea4f76b3ab74e9c1883352c7ecc2eff771cb09ad7c26f90ccc103cce1,included,housing_social_welfare_leaf,1.0.0,social_welfare,1.0.0,capture,tenant_4,tenant_4,0.0,utility_points,"{""disagreement_utility"":0.0}",ok,valid,[],"[""event_00000271""]",evaluation_receipt,episode_attempt_5992f1872c9722f5fc09,d1fbb56ea4f76b3ab74e9c1883352c7ecc2eff771cb09ad7c26f90ccc103cce1,true
result_a0efc66915a22508ed933220,runplan_4d2736b89570c093,cell_3757defa2f3cfbca6156,housing_v1__experiment__000005,housing_v1,housing_controlled_model_landlords_experiment,episode_attempt_5992f1872c9722f5fc09,d1fbb56ea4f76b3ab74e9c1883352c7ecc2eff771cb09ad7c26f90ccc103cce1,included,housing_social_welfare_leaf,1.0.0,social_welfare,1.0.0,capture,tenant_5,tenant_5,284.34,utility_points,"{""disagreement_utility"":0.0}",ok,valid,[],"[""event_00000271""]",evaluation_receipt,episode_attempt_5992f1872c9722f5fc09,d1fbb56ea4f76b3ab74e9c1883352c7ecc2eff771cb09ad7c26f90ccc103cce1,true
result_00e38c4a0f9a6b6ba435073d,runplan_4d2736b89570c093,cell_3e83bab6f1d6d33e8a40,housing_v1__experiment__000007,housing_v1,housing_controlled_model_landlords_experiment,episode_attempt_4e718a23766247fa3dd4,3f35f527b8a62e20500d6d58a4e228b0db3ba59935c27d41a07809548406df2b,included,housing_social_welfare_leaf,1.0.0,social_welfare,1.0.0,primary,social_welfare,,485.94,utility_points,{},ok,valid,[],"[""event_00000267""]",evaluation_receipt,episode_attempt_4e718a23766247fa3dd4,3f35f527b8a62e20500d6d58a4e228b0db3ba59935c27d41a07809548406df2b,true
result_4a35fe46058c372e0caa3672,runplan_4d2736b89570c093,cell_3e83bab6f1d6d33e8a40,housing_v1__experiment__000007,housing_v1,housing_controlled_model_landlords_experiment,episode_attempt_4e718a23766247fa3dd4,3f35f527b8a62e20500d6d58a4e228b0db3ba59935c27d41a07809548406df2b,included,housing_social_welfare_leaf,1.0.0,social_welfare,1.0.0,metric,comparison_baseline_gap,,78.38,utility_points,{},ok,valid,[],"[""event_00000267""]",evaluation_receipt,episode_attempt_4e718a23766247fa3dd4,3f35f527b8a62e20500d6d58a4e228b0db3ba59935c27d41a07809548406df2b,true
result_3dcae2c1256aabae8fb0d6db,runplan_4d2736b89570c093,cell_3e83bab6f1d6d33e8a40,housing_v1__experiment__000007,housing_v1,housing_controlled_model_landlords_experiment,episode_attempt_4e718a23766247fa3dd4,3f35f527b8a62e20500d6d58a4e228b0db3ba59935c27d41a07809548406df2b,included,housing_social_welfare_leaf,1.0.0,social_welfare,1.0.0,metric,ir_violation_count,,0.0,count,{},ok,valid,[],"[""event_00000267""]",evaluation_receipt,episode_attempt_4e718a23766247fa3dd4,3f35f527b8a62e20500d6d58a4e228b0db3ba59935c27d41a07809548406df2b,true
result_2192c39f3cf2934978847087,runplan_4d2736b89570c093,cell_3e83bab6f1d6d33e8a40,housing_v1__experiment__000007,housing_v1,housing_controlled_model_landlords_experiment,episode_attempt_4e718a23766247fa3dd4,3f35f527b8a62e20500d6d58a4e228b0db3ba59935c27d41a07809548406df2b,included,housing_social_welfare_leaf,1.0.0,social_welfare,1.0.0,metric,social_welfare,,485.94,utility_points,{},ok,valid,[],"[""event_00000267""]",evaluation_receipt,episode_attempt_4e718a23766247fa3dd4,3f35f527b8a62e20500d6d58a4e228b0db3ba59935c27d41a07809548406df2b,true
result_23e209ce589011f032e59f07,runplan_4d2736b89570c093,cell_3e83bab6f1d6d33e8a40,housing_v1__experiment__000007,housing_v1,housing_controlled_model_landlords_experiment,episode_attempt_4e718a23766247fa3dd4,3f35f527b8a62e20500d6d58a4e228b0db3ba59935c27d41a07809548406df2b,included,housing_social_welfare_leaf,1.0.0,social_welfare,1.0.0,metric,upper_bound_gap,,197.57999999999998,utility_points,{},ok,valid,[],"[""event_00000267""]",evaluation_receipt,episode_attempt_4e718a23766247fa3dd4,3f35f527b8a62e20500d6d58a4e228b0db3ba59935c27d41a07809548406df2b,true
result_032438bdc2fcf535b6071799,runplan_4d2736b89570c093,cell_3e83bab6f1d6d33e8a40,housing_v1__experiment__000007,housing_v1,housing_controlled_model_landlords_experiment,episode_attempt_4e718a23766247fa3dd4,3f35f527b8a62e20500d6d58a4e228b0db3ba59935c27d41a07809548406df2b,included,housing_social_welfare_leaf,1.0.0,social_welfare,1.0.0,metric,wasted_contacts,,7.0,count,{},ok,valid,[],"[""event_00000267""]",evaluation_receipt,episode_attempt_4e718a23766247fa3dd4,3f35f527b8a62e20500d6d58a4e228b0db3ba59935c27d41a07809548406df2b,true
result_9e1eaeff4c4dcc8d52d04dc6,runplan_4d2736b89570c093,cell_3e83bab6f1d6d33e8a40,housing_v1__experiment__000007,housing_v1,housing_controlled_model_landlords_experiment,episode_attempt_4e718a23766247fa3dd4,3f35f527b8a62e20500d6d58a4e228b0db3ba59935c27d41a07809548406df2b,included,housing_social_welfare_leaf,1.0.0,social_welfare,1.0.0,metric,within_case_score,,0.7109375,ratio,{},ok,valid,[],"[""event_00000267""]",evaluation_receipt,episode_attempt_4e718a23766247fa3dd4,3f35f527b8a62e20500d6d58a4e228b0db3ba59935c27d41a07809548406df2b,true
result_c201782926e5d8ab0ec06af1,runplan_4d2736b89570c093,cell_3e83bab6f1d6d33e8a40,housing_v1__experiment__000007,housing_v1,housing_controlled_model_landlords_experiment,episode_attempt_4e718a23766247fa3dd4,3f35f527b8a62e20500d6d58a4e228b0db3ba59935c27d41a07809548406df2b,included,housing_social_welfare_leaf,1.0.0,social_welfare,1.0.0,reference,comparison_baseline,,407.56,utility_points,"{""policy"":""naive"",""reference_kind"":""comparison_baseline""}",ok,valid,[],"[""event_00000267""]",evaluation_receipt,episode_attempt_4e718a23766247fa3dd4,3f35f527b8a62e20500d6d58a4e228b0db3ba59935c27d41a07809548406df2b,true
result_743991a432d1ac78ce96fef9,runplan_4d2736b89570c093,cell_3e83bab6f1d6d33e8a40,housing_v1__experiment__000007,housing_v1,housing_controlled_model_landlords_experiment,episode_attempt_4e718a23766247fa3dd4,3f35f527b8a62e20500d6d58a4e228b0db3ba59935c27d41a07809548406df2b,included,housing_social_welfare_leaf,1.0.0,social_welfare,1.0.0,reference,optimum_lower_bound,,0.0,utility_points,"{""policy"":""do_nothing"",""reference_kind"":""objective_lower_bound""}",ok,valid,[],"[""event_00000267""]",evaluation_receipt,episode_attempt_4e718a23766247fa3dd4,3f35f527b8a62e20500d6d58a4e228b0db3ba59935c27d41a07809548406df2b,true
result_91db094a5d77be7573189171,runplan_4d2736b89570c093,cell_3e83bab6f1d6d33e8a40,housing_v1__experiment__000007,housing_v1,housing_controlled_model_landlords_experiment,episode_attempt_4e718a23766247fa3dd4,3f35f527b8a62e20500d6d58a4e228b0db3ba59935c27d41a07809548406df2b,included,housing_social_welfare_leaf,1.0.0,social_welfare,1.0.0,reference,optimum_upper_bound,,683.52,utility_points,"{""reference_kind"":""objective_upper_bound"",""semantics"":""full_information_allocation_relaxation""}",ok,valid,[],"[""event_00000267""]",evaluation_receipt,episode_attempt_4e718a23766247fa3dd4,3f35f527b8a62e20500d6d58a4e228b0db3ba59935c27d41a07809548406df2b,true
result_15c7c8dd33a81ce34378a40e,runplan_4d2736b89570c093,cell_3e83bab6f1d6d33e8a40,housing_v1__experiment__000007,housing_v1,housing_controlled_model_landlords_experiment,episode_attempt_4e718a23766247fa3dd4,3f35f527b8a62e20500d6d58a4e228b0db3ba59935c27d41a07809548406df2b,included,housing_social_welfare_leaf,1.0.0,social_welfare,1.0.0,utility,landlord_0,landlord_0,58.64,utility_points,"{""disagreement_utility"":0.0}",ok,valid,[],"[""event_00000267""]",evaluation_receipt,episode_attempt_4e718a23766247fa3dd4,3f35f527b8a62e20500d6d58a4e228b0db3ba59935c27d41a07809548406df2b,true
result_88d64d8df5cb542875c459f8,runplan_4d2736b89570c093,cell_3e83bab6f1d6d33e8a40,housing_v1__experiment__000007,housing_v1,housing_controlled_model_landlords_experiment,episode_attempt_4e718a23766247fa3dd4,3f35f527b8a62e20500d6d58a4e228b0db3ba59935c27d41a07809548406df2b,included,housing_social_welfare_leaf,1.0.0,social_welfare,1.0.0,utility,landlord_1,landlord_1,40.68,utility_points,"{""disagreement_utility"":0.0}",ok,valid,[],"[""event_00000267""]",evaluation_receipt,episode_attempt_4e718a23766247fa3dd4,3f35f527b8a62e20500d6d58a4e228b0db3ba59935c27d41a07809548406df2b,true
result_40b3622eb92f4ca150944f2e,runplan_4d2736b89570c093,cell_3e83bab6f1d6d33e8a40,housing_v1__experiment__000007,housing_v1,housing_controlled_model_landlords_experiment,episode_attempt_4e718a23766247fa3dd4,3f35f527b8a62e20500d6d58a4e228b0db3ba59935c27d41a07809548406df2b,included,housing_social_welfare_leaf,1.0.0,social_welfare,1.0.0,utility,landlord_2,landlord_2,0.0,utility_points,"{""disagreement_utility"":0.0}",ok,valid,[],"[""event_00000267""]",evaluation_receipt,episode_attempt_4e718a23766247fa3dd4,3f35f527b8a62e20500d6d58a4e228b0db3ba59935c27d41a07809548406df2b,true
result_8cd99a56e12627dd60896476,runplan_4d2736b89570c093,cell_3e83bab6f1d6d33e8a40,housing_v1__experiment__000007,housing_v1,housing_controlled_model_landlords_experiment,episode_attempt_4e718a23766247fa3dd4,3f35f527b8a62e20500d6d58a4e228b0db3ba59935c27d41a07809548406df2b,included,housing_social_welfare_leaf,1.0.0,social_welfare,1.0.0,utility,landlord_3,landlord_3,154.34,utility_points,"{""disagreement_utility"":0.0}",ok,valid,[],"[""event_00000267""]",evaluation_receipt,episode_attempt_4e718a23766247fa3dd4,3f35f527b8a62e20500d6d58a4e228b0db3ba59935c27d41a07809548406df2b,true
result_0c16cb0ed54c8cfdd78301aa,runplan_4d2736b89570c093,cell_3e83bab6f1d6d33e8a40,housing_v1__experiment__000007,housing_v1,housing_controlled_model_landlords_experiment,episode_attempt_4e718a23766247fa3dd4,3f35f527b8a62e20500d6d58a4e228b0db3ba59935c27d41a07809548406df2b,included,housing_social_welfare_leaf,1.0.0,social_welfare,1.0.0,utility,landlord_4,landlord_4,21.4,utility_points,"{""disagreement_utility"":0.0}",ok,valid,[],"[""event_00000267""]",evaluation_receipt,episode_attempt_4e718a23766247fa3dd4,3f35f527b8a62e20500d6d58a4e228b0db3ba59935c27d41a07809548406df2b,true
result_c471f4686659bb28e052b2de,runplan_4d2736b89570c093,cell_3e83bab6f1d6d33e8a40,housing_v1__experiment__000007,housing_v1,housing_controlled_model_landlords_experiment,episode_attempt_4e718a23766247fa3dd4,3f35f527b8a62e20500d6d58a4e228b0db3ba59935c27d41a07809548406df2b,included,housing_social_welfare_leaf,1.0.0,social_welfare,1.0.0,utility,tenant_0,tenant_0,0.0,utility_points,"{""disagreement_utility"":0.0}",ok,valid,[],"[""event_00000267""]",evaluation_receipt,episode_attempt_4e718a23766247fa3dd4,3f35f527b8a62e20500d6d58a4e228b0db3ba59935c27d41a07809548406df2b,true
result_742ad8c636db90fa18721846,runplan_4d2736b89570c093,cell_3e83bab6f1d6d33e8a40,housing_v1__experiment__000007,housing_v1,housing_controlled_model_landlords_experiment,episode_attempt_4e718a23766247fa3dd4,3f35f527b8a62e20500d6d58a4e228b0db3ba59935c27d41a07809548406df2b,included,housing_social_welfare_leaf,1.0.0,social_welfare,1.0.0,utility,tenant_1,tenant_1,4.46,utility_points,"{""disagreement_utility"":0.0}",ok,valid,[],"[""event_00000267""]",evaluation_receipt,episode_attempt_4e718a23766247fa3dd4,3f35f527b8a62e20500d6d58a4e228b0db3ba59935c27d41a07809548406df2b,true
result_a42a5d374bc0f47e4d00a769,runplan_4d2736b89570c093,cell_3e83bab6f1d6d33e8a40,housing_v1__experiment__000007,housing_v1,housing_controlled_model_landlords_experiment,episode_attempt_4e718a23766247fa3dd4,3f35f527b8a62e20500d6d58a4e228b0db3ba59935c27d41a07809548406df2b,included,housing_social_welfare_leaf,1.0.0,social_welfare,1.0.0,utility,tenant_2,tenant_2,0.0,utility_points,"{""disagreement_utility"":0.0}",ok,valid,[],"[""event_00000267""]",evaluation_receipt,episode_attempt_4e718a23766247fa3dd4,3f35f527b8a62e20500d6d58a4e228b0db3ba59935c27d41a07809548406df2b,true
result_0c229de1c1472ce1454c5333,runplan_4d2736b89570c093,cell_3e83bab6f1d6d33e8a40,housing_v1__experiment__000007,housing_v1,housing_controlled_model_landlords_experiment,episode_attempt_4e718a23766247fa3dd4,3f35f527b8a62e20500d6d58a4e228b0db3ba59935c27d41a07809548406df2b,included,housing_social_welfare_leaf,1.0.0,social_welfare,1.0.0,utility,tenant_3,tenant_3,123.84,utility_points,"{""disagreement_utility"":0.0}",ok,valid,[],"[""event_00000267""]",evaluation_receipt,episode_attempt_4e718a23766247fa3dd4,3f35f527b8a62e20500d6d58a4e228b0db3ba59935c27d41a07809548406df2b,true
result_40dae2c499e88a14c771edab,runplan_4d2736b89570c093,cell_3e83bab6f1d6d33e8a40,housing_v1__experiment__000007,housing_v1,housing_controlled_model_landlords_experiment,episode_attempt_4e718a23766247fa3dd4,3f35f527b8a62e20500d6d58a4e228b0db3ba59935c27d41a07809548406df2b,included,housing_social_welfare_leaf,1.0.0,social_welfare,1.0.0,utility,tenant_4,tenant_4,0.0,utility_points,"{""disagreement_utility"":0.0}",ok,valid,[],"[""event_00000267""]",evaluation_receipt,episode_attempt_4e718a23766247fa3dd4,3f35f527b8a62e20500d6d58a4e228b0db3ba59935c27d41a07809548406df2b,true
result_37a27de3617fc5a7b998e817,runplan_4d2736b89570c093,cell_3e83bab6f1d6d33e8a40,housing_v1__experiment__000007,housing_v1,housing_controlled_model_landlords_experiment,episode_attempt_4e718a23766247fa3dd4,3f35f527b8a62e20500d6d58a4e228b0db3ba59935c27d41a07809548406df2b,included,housing_social_welfare_leaf,1.0.0,social_welfare,1.0.0,utility,tenant_5,tenant_5,82.58,utility_points,"{""disagreement_utility"":0.0}",ok,valid,[],"[""event_00000267""]",evaluation_receipt,episode_attempt_4e718a23766247fa3dd4,3f35f527b8a62e20500d6d58a4e228b0db3ba59935c27d41a07809548406df2b,true
result_f5090150f66fb85bd3dedb94,runplan_4d2736b89570c093,cell_3e83bab6f1d6d33e8a40,housing_v1__experiment__000007,housing_v1,housing_controlled_model_landlords_experiment,episode_attempt_4e718a23766247fa3dd4,3f35f527b8a62e20500d6d58a4e228b0db3ba59935c27d41a07809548406df2b,included,housing_social_welfare_leaf,1.0.0,social_welfare,1.0.0,capture,landlord_0,landlord_0,58.64,utility_points,"{""disagreement_utility"":0.0}",ok,valid,[],"[""event_00000267""]",evaluation_receipt,episode_attempt_4e718a23766247fa3dd4,3f35f527b8a62e20500d6d58a4e228b0db3ba59935c27d41a07809548406df2b,true
result_1aa2e0914ff8d26eb03ecfd7,runplan_4d2736b89570c093,cell_3e83bab6f1d6d33e8a40,housing_v1__experiment__000007,housing_v1,housing_controlled_model_landlords_experiment,episode_attempt_4e718a23766247fa3dd4,3f35f527b8a62e20500d6d58a4e228b0db3ba59935c27d41a07809548406df2b,included,housing_social_welfare_leaf,1.0.0,social_welfare,1.0.0,capture,landlord_1,landlord_1,40.68,utility_points,"{""disagreement_utility"":0.0}",ok,valid,[],"[""event_00000267""]",evaluation_receipt,episode_attempt_4e718a23766247fa3dd4,3f35f527b8a62e20500d6d58a4e228b0db3ba59935c27d41a07809548406df2b,true
result_3348fe9d09e3a117be1960b8,runplan_4d2736b89570c093,cell_3e83bab6f1d6d33e8a40,housing_v1__experiment__000007,housing_v1,housing_controlled_model_landlords_experiment,episode_attempt_4e718a23766247fa3dd4,3f35f527b8a62e20500d6d58a4e228b0db3ba59935c27d41a07809548406df2b,included,housing_social_welfare_leaf,1.0.0,social_welfare,1.0.0,capture,landlord_2,landlord_2,0.0,utility_points,"{""disagreement_utility"":0.0}",ok,valid,[],"[""event_00000267""]",evaluation_receipt,episode_attempt_4e718a23766247fa3dd4,3f35f527b8a62e20500d6d58a4e228b0db3ba59935c27d41a07809548406df2b,true
result_4c0e5f3f96f6f1b679a647f0,runplan_4d2736b89570c093,cell_3e83bab6f1d6d33e8a40,housing_v1__experiment__000007,housing_v1,housing_controlled_model_landlords_experiment,episode_attempt_4e718a23766247fa3dd4,3f35f527b8a62e20500d6d58a4e228b0db3ba59935c27d41a07809548406df2b,included,housing_social_welfare_leaf,1.0.0,social_welfare,1.0.0,capture,landlord_3,landlord_3,154.34,utility_points,"{""disagreement_utility"":0.0}",ok,valid,[],"[""event_00000267""]",evaluation_receipt,episode_attempt_4e718a23766247fa3dd4,3f35f527b8a62e20500d6d58a4e228b0db3ba59935c27d41a07809548406df2b,true
result_27ee2dcd9873e614d868c14a,runplan_4d2736b89570c093,cell_3e83bab6f1d6d33e8a40,housing_v1__experiment__000007,housing_v1,housing_controlled_model_landlords_experiment,episode_attempt_4e718a23766247fa3dd4,3f35f527b8a62e20500d6d58a4e228b0db3ba59935c27d41a07809548406df2b,included,housing_social_welfare_leaf,1.0.0,social_welfare,1.0.0,capture,landlord_4,landlord_4,21.4,utility_points,"{""disagreement_utility"":0.0}",ok,valid,[],"[""event_00000267""]",evaluation_receipt,episode_attempt_4e718a23766247fa3dd4,3f35f527b8a62e20500d6d58a4e228b0db3ba59935c27d41a07809548406df2b,true
result_5b3d16000ba831bff3b24168,runplan_4d2736b89570c093,cell_3e83bab6f1d6d33e8a40,housing_v1__experiment__000007,housing_v1,housing_controlled_model_landlords_experiment,episode_attempt_4e718a23766247fa3dd4,3f35f527b8a62e20500d6d58a4e228b0db3ba59935c27d41a07809548406df2b,included,housing_social_welfare_leaf,1.0.0,social_welfare,1.0.0,capture,tenant_0,tenant_0,0.0,utility_points,"{""disagreement_utility"":0.0}",ok,valid,[],"[""event_00000267""]",evaluation_receipt,episode_attempt_4e718a23766247fa3dd4,3f35f527b8a62e20500d6d58a4e228b0db3ba59935c27d41a07809548406df2b,true
result_627ea2fe82cbf65aad327988,runplan_4d2736b89570c093,cell_3e83bab6f1d6d33e8a40,housing_v1__experiment__000007,housing_v1,housing_controlled_model_landlords_experiment,episode_attempt_4e718a23766247fa3dd4,3f35f527b8a62e20500d6d58a4e228b0db3ba59935c27d41a07809548406df2b,included,housing_social_welfare_leaf,1.0.0,social_welfare,1.0.0,capture,tenant_1,tenant_1,4.46,utility_points,"{""disagreement_utility"":0.0}",ok,valid,[],"[""event_00000267""]",evaluation_receipt,episode_attempt_4e718a23766247fa3dd4,3f35f527b8a62e20500d6d58a4e228b0db3ba59935c27d41a07809548406df2b,true
result_645310e8c0cd9e75981c3f23,runplan_4d2736b89570c093,cell_3e83bab6f1d6d33e8a40,housing_v1__experiment__000007,housing_v1,housing_controlled_model_landlords_experiment,episode_attempt_4e718a23766247fa3dd4,3f35f527b8a62e20500d6d58a4e228b0db3ba59935c27d41a07809548406df2b,included,housing_social_welfare_leaf,1.0.0,social_welfare,1.0.0,capture,tenant_2,tenant_2,0.0,utility_points,"{""disagreement_utility"":0.0}",ok,valid,[],"[""event_00000267""]",evaluation_receipt,episode_attempt_4e718a23766247fa3dd4,3f35f527b8a62e20500d6d58a4e228b0db3ba59935c27d41a07809548406df2b,true
result_4fa217b0ef3a0d6c868f896f,runplan_4d2736b89570c093,cell_3e83bab6f1d6d33e8a40,housing_v1__experiment__000007,housing_v1,housing_controlled_model_landlords_experiment,episode_attempt_4e718a23766247fa3dd4,3f35f527b8a62e20500d6d58a4e228b0db3ba59935c27d41a07809548406df2b,included,housing_social_welfare_leaf,1.0.0,social_welfare,1.0.0,capture,tenant_3,tenant_3,123.84,utility_points,"{""disagreement_utility"":0.0}",ok,valid,[],"[""event_00000267""]",evaluation_receipt,episode_attempt_4e718a23766247fa3dd4,3f35f527b8a62e20500d6d58a4e228b0db3ba59935c27d41a07809548406df2b,true
result_30b2823dab95a4e1c9331a87,runplan_4d2736b89570c093,cell_3e83bab6f1d6d33e8a40,housing_v1__experiment__000007,housing_v1,housing_controlled_model_landlords_experiment,episode_attempt_4e718a23766247fa3dd4,3f35f527b8a62e20500d6d58a4e228b0db3ba59935c27d41a07809548406df2b,included,housing_social_welfare_leaf,1.0.0,social_welfare,1.0.0,capture,tenant_4,tenant_4,0.0,utility_points,"{""disagreement_utility"":0.0}",ok,valid,[],"[""event_00000267""]",evaluation_receipt,episode_attempt_4e718a23766247fa3dd4,3f35f527b8a62e20500d6d58a4e228b0db3ba59935c27d41a07809548406df2b,true
result_340ae78fced273a371cbc202,runplan_4d2736b89570c093,cell_3e83bab6f1d6d33e8a40,housing_v1__experiment__000007,housing_v1,housing_controlled_model_landlords_experiment,episode_attempt_4e718a23766247fa3dd4,3f35f527b8a62e20500d6d58a4e228b0db3ba59935c27d41a07809548406df2b,included,housing_social_welfare_leaf,1.0.0,social_welfare,1.0.0,capture,tenant_5,tenant_5,82.58,utility_points,"{""disagreement_utility"":0.0}",ok,valid,[],"[""event_00000267""]",evaluation_receipt,episode_attempt_4e718a23766247fa3dd4,3f35f527b8a62e20500d6d58a4e228b0db3ba59935c27d41a07809548406df2b,true
result_e8c03695532b635a5b43fccf,runplan_4d2736b89570c093,cell_40e1c72c6dead64a41d6,housing_v1__experiment__000006,housing_v1,housing_controlled_model_landlords_experiment,episode_attempt_c93dcaa47836e650f87a,1590eb2941d21c28a2ed06e33011555c8f5fdc80aa08444d20bd68256c90229b,included,housing_social_welfare_leaf,1.0.0,social_welfare,1.0.0,primary,social_welfare,,1442.31,utility_points,{},ok,valid,[],"[""event_00000271""]",evaluation_receipt,episode_attempt_c93dcaa47836e650f87a,1590eb2941d21c28a2ed06e33011555c8f5fdc80aa08444d20bd68256c90229b,true
result_d26c641ddbbd9f8bed074717,runplan_4d2736b89570c093,cell_40e1c72c6dead64a41d6,housing_v1__experiment__000006,housing_v1,housing_controlled_model_landlords_experiment,episode_attempt_c93dcaa47836e650f87a,1590eb2941d21c28a2ed06e33011555c8f5fdc80aa08444d20bd68256c90229b,included,housing_social_welfare_leaf,1.0.0,social_welfare,1.0.0,metric,comparison_baseline_gap,,-124.25,utility_points,{},ok,valid,[],"[""event_00000271""]",evaluation_receipt,episode_attempt_c93dcaa47836e650f87a,1590eb2941d21c28a2ed06e33011555c8f5fdc80aa08444d20bd68256c90229b,true
result_176d3689176a8d267945a0aa,runplan_4d2736b89570c093,cell_40e1c72c6dead64a41d6,housing_v1__experiment__000006,housing_v1,housing_controlled_model_landlords_experiment,episode_attempt_c93dcaa47836e650f87a,1590eb2941d21c28a2ed06e33011555c8f5fdc80aa08444d20bd68256c90229b,included,housing_social_welfare_leaf,1.0.0,social_welfare,1.0.0,metric,ir_violation_count,,0.0,count,{},ok,valid,[],"[""event_00000271""]",evaluation_receipt,episode_attempt_c93dcaa47836e650f87a,1590eb2941d21c28a2ed06e33011555c8f5fdc80aa08444d20bd68256c90229b,true
result_c341ea7216ee2f27e5cc12bc,runplan_4d2736b89570c093,cell_40e1c72c6dead64a41d6,housing_v1__experiment__000006,housing_v1,housing_controlled_model_landlords_experiment,episode_attempt_c93dcaa47836e650f87a,1590eb2941d21c28a2ed06e33011555c8f5fdc80aa08444d20bd68256c90229b,included,housing_social_welfare_leaf,1.0.0,social_welfare,1.0.0,metric,social_welfare,,1442.31,utility_points,{},ok,valid,[],"[""event_00000271""]",evaluation_receipt,episode_attempt_c93dcaa47836e650f87a,1590eb2941d21c28a2ed06e33011555c8f5fdc80aa08444d20bd68256c90229b,true
result_97bb56ed02ac439dd875e992,runplan_4d2736b89570c093,cell_40e1c72c6dead64a41d6,housing_v1__experiment__000006,housing_v1,housing_controlled_model_landlords_experiment,episode_attempt_c93dcaa47836e650f87a,1590eb2941d21c28a2ed06e33011555c8f5fdc80aa08444d20bd68256c90229b,included,housing_social_welfare_leaf,1.0.0,social_welfare,1.0.0,metric,upper_bound_gap,,196.04999999999995,utility_points,{},ok,valid,[],"[""event_00000271""]",evaluation_receipt,episode_attempt_c93dcaa47836e650f87a,1590eb2941d21c28a2ed06e33011555c8f5fdc80aa08444d20bd68256c90229b,true
result_85365a4fa222858d6aba63c7,runplan_4d2736b89570c093,cell_40e1c72c6dead64a41d6,housing_v1__experiment__000006,housing_v1,housing_controlled_model_landlords_experiment,episode_attempt_c93dcaa47836e650f87a,1590eb2941d21c28a2ed06e33011555c8f5fdc80aa08444d20bd68256c90229b,included,housing_social_welfare_leaf,1.0.0,social_welfare,1.0.0,metric,wasted_contacts,,8.0,count,{},ok,valid,[],"[""event_00000271""]",evaluation_receipt,episode_attempt_c93dcaa47836e650f87a,1590eb2941d21c28a2ed06e33011555c8f5fdc80aa08444d20bd68256c90229b,true
result_37a9f6a9fe3caf6dce63df62,runplan_4d2736b89570c093,cell_40e1c72c6dead64a41d6,housing_v1__experiment__000006,housing_v1,housing_controlled_model_landlords_experiment,episode_attempt_c93dcaa47836e650f87a,1590eb2941d21c28a2ed06e33011555c8f5fdc80aa08444d20bd68256c90229b,included,housing_social_welfare_leaf,1.0.0,social_welfare,1.0.0,metric,within_case_score,,0.8803376547278986,ratio,{},ok,valid,[],"[""event_00000271""]",evaluation_receipt,episode_attempt_c93dcaa47836e650f87a,1590eb2941d21c28a2ed06e33011555c8f5fdc80aa08444d20bd68256c90229b,true
result_3d321cfef8f6697acbdb7441,runplan_4d2736b89570c093,cell_40e1c72c6dead64a41d6,housing_v1__experiment__000006,housing_v1,housing_controlled_model_landlords_experiment,episode_attempt_c93dcaa47836e650f87a,1590eb2941d21c28a2ed06e33011555c8f5fdc80aa08444d20bd68256c90229b,included,housing_social_welfare_leaf,1.0.0,social_welfare,1.0.0,reference,comparison_baseline,,1566.56,utility_points,"{""policy"":""naive"",""reference_kind"":""comparison_baseline""}",ok,valid,[],"[""event_00000271""]",evaluation_receipt,episode_attempt_c93dcaa47836e650f87a,1590eb2941d21c28a2ed06e33011555c8f5fdc80aa08444d20bd68256c90229b,true
result_f538d2eb42044c36b5eacee0,runplan_4d2736b89570c093,cell_40e1c72c6dead64a41d6,housing_v1__experiment__000006,housing_v1,housing_controlled_model_landlords_experiment,episode_attempt_c93dcaa47836e650f87a,1590eb2941d21c28a2ed06e33011555c8f5fdc80aa08444d20bd68256c90229b,included,housing_social_welfare_leaf,1.0.0,social_welfare,1.0.0,reference,optimum_lower_bound,,0.0,utility_points,"{""policy"":""do_nothing"",""reference_kind"":""objective_lower_bound""}",ok,valid,[],"[""event_00000271""]",evaluation_receipt,episode_attempt_c93dcaa47836e650f87a,1590eb2941d21c28a2ed06e33011555c8f5fdc80aa08444d20bd68256c90229b,true
result_e90512117db0ebfbef491a6d,runplan_4d2736b89570c093,cell_40e1c72c6dead64a41d6,housing_v1__experiment__000006,housing_v1,housing_controlled_model_landlords_experiment,episode_attempt_c93dcaa47836e650f87a,1590eb2941d21c28a2ed06e33011555c8f5fdc80aa08444d20bd68256c90229b,included,housing_social_welfare_leaf,1.0.0,social_welfare,1.0.0,reference,optimum_upper_bound,,1638.36,utility_points,"{""reference_kind"":""objective_upper_bound"",""semantics"":""full_information_allocation_relaxation""}",ok,valid,[],"[""event_00000271""]",evaluation_receipt,episode_attempt_c93dcaa47836e650f87a,1590eb2941d21c28a2ed06e33011555c8f5fdc80aa08444d20bd68256c90229b,true
result_edff2bfe755c91bcc1a9d98a,runplan_4d2736b89570c093,cell_40e1c72c6dead64a41d6,housing_v1__experiment__000006,housing_v1,housing_controlled_model_landlords_experiment,episode_attempt_c93dcaa47836e650f87a,1590eb2941d21c28a2ed06e33011555c8f5fdc80aa08444d20bd68256c90229b,included,housing_social_welfare_leaf,1.0.0,social_welfare,1.0.0,utility,landlord_0,landlord_0,0.0,utility_points,"{""disagreement_utility"":0.0}",ok,valid,[],"[""event_00000271""]",evaluation_receipt,episode_attempt_c93dcaa47836e650f87a,1590eb2941d21c28a2ed06e33011555c8f5fdc80aa08444d20bd68256c90229b,true
result_5ad115f09a989bd71d5adea7,runplan_4d2736b89570c093,cell_40e1c72c6dead64a41d6,housing_v1__experiment__000006,housing_v1,housing_controlled_model_landlords_experiment,episode_attempt_c93dcaa47836e650f87a,1590eb2941d21c28a2ed06e33011555c8f5fdc80aa08444d20bd68256c90229b,included,housing_social_welfare_leaf,1.0.0,social_welfare,1.0.0,utility,landlord_1,landlord_1,200.73,utility_points,"{""disagreement_utility"":0.0}",ok,valid,[],"[""event_00000271""]",evaluation_receipt,episode_attempt_c93dcaa47836e650f87a,1590eb2941d21c28a2ed06e33011555c8f5fdc80aa08444d20bd68256c90229b,true
result_23438fc43eeee17860258032,runplan_4d2736b89570c093,cell_40e1c72c6dead64a41d6,housing_v1__experiment__000006,housing_v1,housing_controlled_model_landlords_experiment,episode_attempt_c93dcaa47836e650f87a,1590eb2941d21c28a2ed06e33011555c8f5fdc80aa08444d20bd68256c90229b,included,housing_social_welfare_leaf,1.0.0,social_welfare,1.0.0,utility,landlord_2,landlord_2,60.53,utility_points,"{""disagreement_utility"":0.0}",ok,valid,[],"[""event_00000271""]",evaluation_receipt,episode_attempt_c93dcaa47836e650f87a,1590eb2941d21c28a2ed06e33011555c8f5fdc80aa08444d20bd68256c90229b,true
result_480528ea025d1c895b54898c,runplan_4d2736b89570c093,cell_40e1c72c6dead64a41d6,housing_v1__experiment__000006,housing_v1,housing_controlled_model_landlords_experiment,episode_attempt_c93dcaa47836e650f87a,1590eb2941d21c28a2ed06e33011555c8f5fdc80aa08444d20bd68256c90229b,included,housing_social_welfare_leaf,1.0.0,social_welfare,1.0.0,utility,landlord_3,landlord_3,44.83,utility_points,"{""disagreement_utility"":0.0}",ok,valid,[],"[""event_00000271""]",evaluation_receipt,episode_attempt_c93dcaa47836e650f87a,1590eb2941d21c28a2ed06e33011555c8f5fdc80aa08444d20bd68256c90229b,true
result_d409b10e822565ae7f610c9b,runplan_4d2736b89570c093,cell_40e1c72c6dead64a41d6,housing_v1__experiment__000006,housing_v1,housing_controlled_model_landlords_experiment,episode_attempt_c93dcaa47836e650f87a,1590eb2941d21c28a2ed06e33011555c8f5fdc80aa08444d20bd68256c90229b,included,housing_social_welfare_leaf,1.0.0,social_welfare,1.0.0,utility,landlord_4,landlord_4,0.0,utility_points,"{""disagreement_utility"":0.0}",ok,valid,[],"[""event_00000271""]",evaluation_receipt,episode_attempt_c93dcaa47836e650f87a,1590eb2941d21c28a2ed06e33011555c8f5fdc80aa08444d20bd68256c90229b,true
result_68d45ac7a7ca9dd3d2f3354f,runplan_4d2736b89570c093,cell_40e1c72c6dead64a41d6,housing_v1__experiment__000006,housing_v1,housing_controlled_model_landlords_experiment,episode_attempt_c93dcaa47836e650f87a,1590eb2941d21c28a2ed06e33011555c8f5fdc80aa08444d20bd68256c90229b,included,housing_social_welfare_leaf,1.0.0,social_welfare,1.0.0,utility,tenant_0,tenant_0,199.66,utility_points,"{""disagreement_utility"":0.0}",ok,valid,[],"[""event_00000271""]",evaluation_receipt,episode_attempt_c93dcaa47836e650f87a,1590eb2941d21c28a2ed06e33011555c8f5fdc80aa08444d20bd68256c90229b,true
result_b9f6ff7f3d19d5158f349e9b,runplan_4d2736b89570c093,cell_40e1c72c6dead64a41d6,housing_v1__experiment__000006,housing_v1,housing_controlled_model_landlords_experiment,episode_attempt_c93dcaa47836e650f87a,1590eb2941d21c28a2ed06e33011555c8f5fdc80aa08444d20bd68256c90229b,included,housing_social_welfare_leaf,1.0.0,social_welfare,1.0.0,utility,tenant_1,tenant_1,536.38,utility_points,"{""disagreement_utility"":0.0}",ok,valid,[],"[""event_00000271""]",evaluation_receipt,episode_attempt_c93dcaa47836e650f87a,1590eb2941d21c28a2ed06e33011555c8f5fdc80aa08444d20bd68256c90229b,true
result_8ab842fa2db1893a2f02728d,runplan_4d2736b89570c093,cell_40e1c72c6dead64a41d6,housing_v1__experiment__000006,housing_v1,housing_controlled_model_landlords_experiment,episode_attempt_c93dcaa47836e650f87a,1590eb2941d21c28a2ed06e33011555c8f5fdc80aa08444d20bd68256c90229b,included,housing_social_welfare_leaf,1.0.0,social_welfare,1.0.0,utility,tenant_2,tenant_2,0.0,utility_points,"{""disagreement_utility"":0.0}",ok,valid,[],"[""event_00000271""]",evaluation_receipt,episode_attempt_c93dcaa47836e650f87a,1590eb2941d21c28a2ed06e33011555c8f5fdc80aa08444d20bd68256c90229b,true
result_7247315365f2d97c6339b47d,runplan_4d2736b89570c093,cell_40e1c72c6dead64a41d6,housing_v1__experiment__000006,housing_v1,housing_controlled_model_landlords_experiment,episode_attempt_c93dcaa47836e650f87a,1590eb2941d21c28a2ed06e33011555c8f5fdc80aa08444d20bd68256c90229b,included,housing_social_welfare_leaf,1.0.0,social_welfare,1.0.0,utility,tenant_3,tenant_3,400.18,utility_points,"{""disagreement_utility"":0.0}",ok,valid,[],"[""event_00000271""]",evaluation_receipt,episode_attempt_c93dcaa47836e650f87a,1590eb2941d21c28a2ed06e33011555c8f5fdc80aa08444d20bd68256c90229b,true
result_771f992f4608784a2c6afc58,runplan_4d2736b89570c093,cell_40e1c72c6dead64a41d6,housing_v1__experiment__000006,housing_v1,housing_controlled_model_landlords_experiment,episode_attempt_c93dcaa47836e650f87a,1590eb2941d21c28a2ed06e33011555c8f5fdc80aa08444d20bd68256c90229b,included,housing_social_welfare_leaf,1.0.0,social_welfare,1.0.0,utility,tenant_4,tenant_4,0.0,utility_points,"{""disagreement_utility"":0.0}",ok,valid,[],"[""event_00000271""]",evaluation_receipt,episode_attempt_c93dcaa47836e650f87a,1590eb2941d21c28a2ed06e33011555c8f5fdc80aa08444d20bd68256c90229b,true
result_fea459d675dbb4aa3906d111,runplan_4d2736b89570c093,cell_40e1c72c6dead64a41d6,housing_v1__experiment__000006,housing_v1,housing_controlled_model_landlords_experiment,episode_attempt_c93dcaa47836e650f87a,1590eb2941d21c28a2ed06e33011555c8f5fdc80aa08444d20bd68256c90229b,included,housing_social_welfare_leaf,1.0.0,social_welfare,1.0.0,utility,tenant_5,tenant_5,0.0,utility_points,"{""disagreement_utility"":0.0}",ok,valid,[],"[""event_00000271""]",evaluation_receipt,episode_attempt_c93dcaa47836e650f87a,1590eb2941d21c28a2ed06e33011555c8f5fdc80aa08444d20bd68256c90229b,true
result_126f8e283d9ab2a4600130db,runplan_4d2736b89570c093,cell_40e1c72c6dead64a41d6,housing_v1__experiment__000006,housing_v1,housing_controlled_model_landlords_experiment,episode_attempt_c93dcaa47836e650f87a,1590eb2941d21c28a2ed06e33011555c8f5fdc80aa08444d20bd68256c90229b,included,housing_social_welfare_leaf,1.0.0,social_welfare,1.0.0,capture,landlord_0,landlord_0,0.0,utility_points,"{""disagreement_utility"":0.0}",ok,valid,[],"[""event_00000271""]",evaluation_receipt,episode_attempt_c93dcaa47836e650f87a,1590eb2941d21c28a2ed06e33011555c8f5fdc80aa08444d20bd68256c90229b,true
result_75288cbe710b9af75de26a70,runplan_4d2736b89570c093,cell_40e1c72c6dead64a41d6,housing_v1__experiment__000006,housing_v1,housing_controlled_model_landlords_experiment,episode_attempt_c93dcaa47836e650f87a,1590eb2941d21c28a2ed06e33011555c8f5fdc80aa08444d20bd68256c90229b,included,housing_social_welfare_leaf,1.0.0,social_welfare,1.0.0,capture,landlord_1,landlord_1,200.73,utility_points,"{""disagreement_utility"":0.0}",ok,valid,[],"[""event_00000271""]",evaluation_receipt,episode_attempt_c93dcaa47836e650f87a,1590eb2941d21c28a2ed06e33011555c8f5fdc80aa08444d20bd68256c90229b,true
result_9e2183cebed44970c11ca143,runplan_4d2736b89570c093,cell_40e1c72c6dead64a41d6,housing_v1__experiment__000006,housing_v1,housing_controlled_model_landlords_experiment,episode_attempt_c93dcaa47836e650f87a,1590eb2941d21c28a2ed06e33011555c8f5fdc80aa08444d20bd68256c90229b,included,housing_social_welfare_leaf,1.0.0,social_welfare,1.0.0,capture,landlord_2,landlord_2,60.53,utility_points,"{""disagreement_utility"":0.0}",ok,valid,[],"[""event_00000271""]",evaluation_receipt,episode_attempt_c93dcaa47836e650f87a,1590eb2941d21c28a2ed06e33011555c8f5fdc80aa08444d20bd68256c90229b,true
result_295bccdd76576c555e424cea,runplan_4d2736b89570c093,cell_40e1c72c6dead64a41d6,housing_v1__experiment__000006,housing_v1,housing_controlled_model_landlords_experiment,episode_attempt_c93dcaa47836e650f87a,1590eb2941d21c28a2ed06e33011555c8f5fdc80aa08444d20bd68256c90229b,included,housing_social_welfare_leaf,1.0.0,social_welfare,1.0.0,capture,landlord_3,landlord_3,44.83,utility_points,"{""disagreement_utility"":0.0}",ok,valid,[],"[""event_00000271""]",evaluation_receipt,episode_attempt_c93dcaa47836e650f87a,1590eb2941d21c28a2ed06e33011555c8f5fdc80aa08444d20bd68256c90229b,true
result_fbe0e0690d2b1dc65cfe764e,runplan_4d2736b89570c093,cell_40e1c72c6dead64a41d6,housing_v1__experiment__000006,housing_v1,housing_controlled_model_landlords_experiment,episode_attempt_c93dcaa47836e650f87a,1590eb2941d21c28a2ed06e33011555c8f5fdc80aa08444d20bd68256c90229b,included,housing_social_welfare_leaf,1.0.0,social_welfare,1.0.0,capture,landlord_4,landlord_4,0.0,utility_points,"{""disagreement_utility"":0.0}",ok,valid,[],"[""event_00000271""]",evaluation_receipt,episode_attempt_c93dcaa47836e650f87a,1590eb2941d21c28a2ed06e33011555c8f5fdc80aa08444d20bd68256c90229b,true
result_81fa31be54b8d3b3fa794f30,runplan_4d2736b89570c093,cell_40e1c72c6dead64a41d6,housing_v1__experiment__000006,housing_v1,housing_controlled_model_landlords_experiment,episode_attempt_c93dcaa47836e650f87a,1590eb2941d21c28a2ed06e33011555c8f5fdc80aa08444d20bd68256c90229b,included,housing_social_welfare_leaf,1.0.0,social_welfare,1.0.0,capture,tenant_0,tenant_0,199.66,utility_points,"{""disagreement_utility"":0.0}",ok,valid,[],"[""event_00000271""]",evaluation_receipt,episode_attempt_c93dcaa47836e650f87a,1590eb2941d21c28a2ed06e33011555c8f5fdc80aa08444d20bd68256c90229b,true
result_6926ff9c0a33047a0d361aad,runplan_4d2736b89570c093,cell_40e1c72c6dead64a41d6,housing_v1__experiment__000006,housing_v1,housing_controlled_model_landlords_experiment,episode_attempt_c93dcaa47836e650f87a,1590eb2941d21c28a2ed06e33011555c8f5fdc80aa08444d20bd68256c90229b,included,housing_social_welfare_leaf,1.0.0,social_welfare,1.0.0,capture,tenant_1,tenant_1,536.38,utility_points,"{""disagreement_utility"":0.0}",ok,valid,[],"[""event_00000271""]",evaluation_receipt,episode_attempt_c93dcaa47836e650f87a,1590eb2941d21c28a2ed06e33011555c8f5fdc80aa08444d20bd68256c90229b,true
result_809fd3f1ae8e1216ca548a05,runplan_4d2736b89570c093,cell_40e1c72c6dead64a41d6,housing_v1__experiment__000006,housing_v1,housing_controlled_model_landlords_experiment,episode_attempt_c93dcaa47836e650f87a,1590eb2941d21c28a2ed06e33011555c8f5fdc80aa08444d20bd68256c90229b,included,housing_social_welfare_leaf,1.0.0,social_welfare,1.0.0,capture,tenant_2,tenant_2,0.0,utility_points,"{""disagreement_utility"":0.0}",ok,valid,[],"[""event_00000271""]",evaluation_receipt,episode_attempt_c93dcaa47836e650f87a,1590eb2941d21c28a2ed06e33011555c8f5fdc80aa08444d20bd68256c90229b,true
result_48fef1041ab0a1018274bf10,runplan_4d2736b89570c093,cell_40e1c72c6dead64a41d6,housing_v1__experiment__000006,housing_v1,housing_controlled_model_landlords_experiment,episode_attempt_c93dcaa47836e650f87a,1590eb2941d21c28a2ed06e33011555c8f5fdc80aa08444d20bd68256c90229b,included,housing_social_welfare_leaf,1.0.0,social_welfare,1.0.0,capture,tenant_3,tenant_3,400.18,utility_points,"{""disagreement_utility"":0.0}",ok,valid,[],"[""event_00000271""]",evaluation_receipt,episode_attempt_c93dcaa47836e650f87a,1590eb2941d21c28a2ed06e33011555c8f5fdc80aa08444d20bd68256c90229b,true
result_fe673d061b0397b4675da017,runplan_4d2736b89570c093,cell_40e1c72c6dead64a41d6,housing_v1__experiment__000006,housing_v1,housing_controlled_model_landlords_experiment,episode_attempt_c93dcaa47836e650f87a,1590eb2941d21c28a2ed06e33011555c8f5fdc80aa08444d20bd68256c90229b,included,housing_social_welfare_leaf,1.0.0,social_welfare,1.0.0,capture,tenant_4,tenant_4,0.0,utility_points,"{""disagreement_utility"":0.0}",ok,valid,[],"[""event_00000271""]",evaluation_receipt,episode_attempt_c93dcaa47836e650f87a,1590eb2941d21c28a2ed06e33011555c8f5fdc80aa08444d20bd68256c90229b,true
result_729b04f63085849ddadc5eb7,runplan_4d2736b89570c093,cell_40e1c72c6dead64a41d6,housing_v1__experiment__000006,housing_v1,housing_controlled_model_landlords_experiment,episode_attempt_c93dcaa47836e650f87a,1590eb2941d21c28a2ed06e33011555c8f5fdc80aa08444d20bd68256c90229b,included,housing_social_welfare_leaf,1.0.0,social_welfare,1.0.0,capture,tenant_5,tenant_5,0.0,utility_points,"{""disagreement_utility"":0.0}",ok,valid,[],"[""event_00000271""]",evaluation_receipt,episode_attempt_c93dcaa47836e650f87a,1590eb2941d21c28a2ed06e33011555c8f5fdc80aa08444d20bd68256c90229b,true
result_156bad1e42562df09c897178,runplan_4d2736b89570c093,cell_690cc2011d363cb74bb6,housing_v1__experiment__000004,housing_v1,housing_controlled_model_landlords_experiment,episode_attempt_7d6edc690b5c3a4a7143,e03df3ceeec4213355a84820305fb98e63e8bd76a0d41709944b47c5bf494925,included,housing_social_welfare_leaf,1.0.0,social_welfare,1.0.0,primary,social_welfare,,1343.89,utility_points,{},ok,valid,[],"[""event_00000243""]",evaluation_receipt,episode_attempt_7d6edc690b5c3a4a7143,e03df3ceeec4213355a84820305fb98e63e8bd76a0d41709944b47c5bf494925,true
result_88dcb668a5d8f3eb08f7fba3,runplan_4d2736b89570c093,cell_690cc2011d363cb74bb6,housing_v1__experiment__000004,housing_v1,housing_controlled_model_landlords_experiment,episode_attempt_7d6edc690b5c3a4a7143,e03df3ceeec4213355a84820305fb98e63e8bd76a0d41709944b47c5bf494925,included,housing_social_welfare_leaf,1.0.0,social_welfare,1.0.0,metric,comparison_baseline_gap,,53.49000000000001,utility_points,{},ok,valid,[],"[""event_00000243""]",evaluation_receipt,episode_attempt_7d6edc690b5c3a4a7143,e03df3ceeec4213355a84820305fb98e63e8bd76a0d41709944b47c5bf494925,true
result_88d377ea14567c7d91f550b5,runplan_4d2736b89570c093,cell_690cc2011d363cb74bb6,housing_v1__experiment__000004,housing_v1,housing_controlled_model_landlords_experiment,episode_attempt_7d6edc690b5c3a4a7143,e03df3ceeec4213355a84820305fb98e63e8bd76a0d41709944b47c5bf494925,included,housing_social_welfare_leaf,1.0.0,social_welfare,1.0.0,metric,ir_violation_count,,0.0,count,{},ok,valid,[],"[""event_00000243""]",evaluation_receipt,episode_attempt_7d6edc690b5c3a4a7143,e03df3ceeec4213355a84820305fb98e63e8bd76a0d41709944b47c5bf494925,true
result_ffdabc364d716990cffa9fb4,runplan_4d2736b89570c093,cell_690cc2011d363cb74bb6,housing_v1__experiment__000004,housing_v1,housing_controlled_model_landlords_experiment,episode_attempt_7d6edc690b5c3a4a7143,e03df3ceeec4213355a84820305fb98e63e8bd76a0d41709944b47c5bf494925,included,housing_social_welfare_leaf,1.0.0,social_welfare,1.0.0,metric,social_welfare,,1343.89,utility_points,{},ok,valid,[],"[""event_00000243""]",evaluation_receipt,episode_attempt_7d6edc690b5c3a4a7143,e03df3ceeec4213355a84820305fb98e63e8bd76a0d41709944b47c5bf494925,true
result_f4d05f1f2230bff36acacef3,runplan_4d2736b89570c093,cell_690cc2011d363cb74bb6,housing_v1__experiment__000004,housing_v1,housing_controlled_model_landlords_experiment,episode_attempt_7d6edc690b5c3a4a7143,e03df3ceeec4213355a84820305fb98e63e8bd76a0d41709944b47c5bf494925,included,housing_social_welfare_leaf,1.0.0,social_welfare,1.0.0,metric,upper_bound_gap,,116.32999999999993,utility_points,{},ok,valid,[],"[""event_00000243""]",evaluation_receipt,episode_attempt_7d6edc690b5c3a4a7143,e03df3ceeec4213355a84820305fb98e63e8bd76a0d41709944b47c5bf494925,true
result_81ce90b793491cd7fab952ca,runplan_4d2736b89570c093,cell_690cc2011d363cb74bb6,housing_v1__experiment__000004,housing_v1,housing_controlled_model_landlords_experiment,episode_attempt_7d6edc690b5c3a4a7143,e03df3ceeec4213355a84820305fb98e63e8bd76a0d41709944b47c5bf494925,included,housing_social_welfare_leaf,1.0.0,social_welfare,1.0.0,metric,wasted_contacts,,6.0,count,{},ok,valid,[],"[""event_00000243""]",evaluation_receipt,episode_attempt_7d6edc690b5c3a4a7143,e03df3ceeec4213355a84820305fb98e63e8bd76a0d41709944b47c5bf494925,true
result_e275b2530d71ffb3bdb16235,runplan_4d2736b89570c093,cell_690cc2011d363cb74bb6,housing_v1__experiment__000004,housing_v1,housing_controlled_model_landlords_experiment,episode_attempt_7d6edc690b5c3a4a7143,e03df3ceeec4213355a84820305fb98e63e8bd76a0d41709944b47c5bf494925,included,housing_social_welfare_leaf,1.0.0,social_welfare,1.0.0,metric,within_case_score,,0.920333922285683,ratio,{},ok,valid,[],"[""event_00000243""]",evaluation_receipt,episode_attempt_7d6edc690b5c3a4a7143,e03df3ceeec4213355a84820305fb98e63e8bd76a0d41709944b47c5bf494925,true
result_48488b38e9d1d716cd517908,runplan_4d2736b89570c093,cell_690cc2011d363cb74bb6,housing_v1__experiment__000004,housing_v1,housing_controlled_model_landlords_experiment,episode_attempt_7d6edc690b5c3a4a7143,e03df3ceeec4213355a84820305fb98e63e8bd76a0d41709944b47c5bf494925,included,housing_social_welfare_leaf,1.0.0,social_welfare,1.0.0,reference,comparison_baseline,,1290.4,utility_points,"{""policy"":""naive"",""reference_kind"":""comparison_baseline""}",ok,valid,[],"[""event_00000243""]",evaluation_receipt,episode_attempt_7d6edc690b5c3a4a7143,e03df3ceeec4213355a84820305fb98e63e8bd76a0d41709944b47c5bf494925,true
result_ce4536ea2ae4385bfedd4fa3,runplan_4d2736b89570c093,cell_690cc2011d363cb74bb6,housing_v1__experiment__000004,housing_v1,housing_controlled_model_landlords_experiment,episode_attempt_7d6edc690b5c3a4a7143,e03df3ceeec4213355a84820305fb98e63e8bd76a0d41709944b47c5bf494925,included,housing_social_welfare_leaf,1.0.0,social_welfare,1.0.0,reference,optimum_lower_bound,,0.0,utility_points,"{""policy"":""do_nothing"",""reference_kind"":""objective_lower_bound""}",ok,valid,[],"[""event_00000243""]",evaluation_receipt,episode_attempt_7d6edc690b5c3a4a7143,e03df3ceeec4213355a84820305fb98e63e8bd76a0d41709944b47c5bf494925,true
result_6544e94d09a819250d494ef6,runplan_4d2736b89570c093,cell_690cc2011d363cb74bb6,housing_v1__experiment__000004,housing_v1,housing_controlled_model_landlords_experiment,episode_attempt_7d6edc690b5c3a4a7143,e03df3ceeec4213355a84820305fb98e63e8bd76a0d41709944b47c5bf494925,included,housing_social_welfare_leaf,1.0.0,social_welfare,1.0.0,reference,optimum_upper_bound,,1460.22,utility_points,"{""reference_kind"":""objective_upper_bound"",""semantics"":""full_information_allocation_relaxation""}",ok,valid,[],"[""event_00000243""]",evaluation_receipt,episode_attempt_7d6edc690b5c3a4a7143,e03df3ceeec4213355a84820305fb98e63e8bd76a0d41709944b47c5bf494925,true
result_7f29b95e3f63d15a33c2da35,runplan_4d2736b89570c093,cell_690cc2011d363cb74bb6,housing_v1__experiment__000004,housing_v1,housing_controlled_model_landlords_experiment,episode_attempt_7d6edc690b5c3a4a7143,e03df3ceeec4213355a84820305fb98e63e8bd76a0d41709944b47c5bf494925,included,housing_social_welfare_leaf,1.0.0,social_welfare,1.0.0,utility,landlord_0,landlord_0,0.0,utility_points,"{""disagreement_utility"":0.0}",ok,valid,[],"[""event_00000243""]",evaluation_receipt,episode_attempt_7d6edc690b5c3a4a7143,e03df3ceeec4213355a84820305fb98e63e8bd76a0d41709944b47c5bf494925,true
result_94ec3a986b3fdaf172b3b929,runplan_4d2736b89570c093,cell_690cc2011d363cb74bb6,housing_v1__experiment__000004,housing_v1,housing_controlled_model_landlords_experiment,episode_attempt_7d6edc690b5c3a4a7143,e03df3ceeec4213355a84820305fb98e63e8bd76a0d41709944b47c5bf494925,included,housing_social_welfare_leaf,1.0.0,social_welfare,1.0.0,utility,landlord_1,landlord_1,51.25,utility_points,"{""disagreement_utility"":0.0}",ok,valid,[],"[""event_00000243""]",evaluation_receipt,episode_attempt_7d6edc690b5c3a4a7143,e03df3ceeec4213355a84820305fb98e63e8bd76a0d41709944b47c5bf494925,true
result_ee9c036ca0fa348c804cee78,runplan_4d2736b89570c093,cell_690cc2011d363cb74bb6,housing_v1__experiment__000004,housing_v1,housing_controlled_model_landlords_experiment,episode_attempt_7d6edc690b5c3a4a7143,e03df3ceeec4213355a84820305fb98e63e8bd76a0d41709944b47c5bf494925,included,housing_social_welfare_leaf,1.0.0,social_welfare,1.0.0,utility,landlord_2,landlord_2,320.76,utility_points,"{""disagreement_utility"":0.0}",ok,valid,[],"[""event_00000243""]",evaluation_receipt,episode_attempt_7d6edc690b5c3a4a7143,e03df3ceeec4213355a84820305fb98e63e8bd76a0d41709944b47c5bf494925,true
result_8101cd2e276527ec8f41ad00,runplan_4d2736b89570c093,cell_690cc2011d363cb74bb6,housing_v1__experiment__000004,housing_v1,housing_controlled_model_landlords_experiment,episode_attempt_7d6edc690b5c3a4a7143,e03df3ceeec4213355a84820305fb98e63e8bd76a0d41709944b47c5bf494925,included,housing_social_welfare_leaf,1.0.0,social_welfare,1.0.0,utility,landlord_3,landlord_3,411.18,utility_points,"{""disagreement_utility"":0.0}",ok,valid,[],"[""event_00000243""]",evaluation_receipt,episode_attempt_7d6edc690b5c3a4a7143,e03df3ceeec4213355a84820305fb98e63e8bd76a0d41709944b47c5bf494925,true
result_6eb8deb8a6e6a3f939717f39,runplan_4d2736b89570c093,cell_690cc2011d363cb74bb6,housing_v1__experiment__000004,housing_v1,housing_controlled_model_landlords_experiment,episode_attempt_7d6edc690b5c3a4a7143,e03df3ceeec4213355a84820305fb98e63e8bd76a0d41709944b47c5bf494925,included,housing_social_welfare_leaf,1.0.0,social_welfare,1.0.0,utility,landlord_4,landlord_4,62.65,utility_points,"{""disagreement_utility"":0.0}",ok,valid,[],"[""event_00000243""]",evaluation_receipt,episode_attempt_7d6edc690b5c3a4a7143,e03df3ceeec4213355a84820305fb98e63e8bd76a0d41709944b47c5bf494925,true
result_6e66fdf2a89a4bdfced2cba3,runplan_4d2736b89570c093,cell_690cc2011d363cb74bb6,housing_v1__experiment__000004,housing_v1,housing_controlled_model_landlords_experiment,episode_attempt_7d6edc690b5c3a4a7143,e03df3ceeec4213355a84820305fb98e63e8bd76a0d41709944b47c5bf494925,included,housing_social_welfare_leaf,1.0.0,social_welfare,1.0.0,utility,tenant_0,tenant_0,0.0,utility_points,"{""disagreement_utility"":0.0}",ok,valid,[],"[""event_00000243""]",evaluation_receipt,episode_attempt_7d6edc690b5c3a4a7143,e03df3ceeec4213355a84820305fb98e63e8bd76a0d41709944b47c5bf494925,true
result_fd4bd855b71b4ad786baea99,runplan_4d2736b89570c093,cell_690cc2011d363cb74bb6,housing_v1__experiment__000004,housing_v1,housing_controlled_model_landlords_experiment,episode_attempt_7d6edc690b5c3a4a7143,e03df3ceeec4213355a84820305fb98e63e8bd76a0d41709944b47c5bf494925,included,housing_social_welfare_leaf,1.0.0,social_welfare,1.0.0,utility,tenant_1,tenant_1,27.76,utility_points,"{""disagreement_utility"":0.0}",ok,valid,[],"[""event_00000243""]",evaluation_receipt,episode_attempt_7d6edc690b5c3a4a7143,e03df3ceeec4213355a84820305fb98e63e8bd76a0d41709944b47c5bf494925,true
result_69d82e16d024e6cae0ab5d0a,runplan_4d2736b89570c093,cell_690cc2011d363cb74bb6,housing_v1__experiment__000004,housing_v1,housing_controlled_model_landlords_experiment,episode_attempt_7d6edc690b5c3a4a7143,e03df3ceeec4213355a84820305fb98e63e8bd76a0d41709944b47c5bf494925,included,housing_social_welfare_leaf,1.0.0,social_welfare,1.0.0,utility,tenant_2,tenant_2,0.0,utility_points,"{""disagreement_utility"":0.0}",ok,valid,[],"[""event_00000243""]",evaluation_receipt,episode_attempt_7d6edc690b5c3a4a7143,e03df3ceeec4213355a84820305fb98e63e8bd76a0d41709944b47c5bf494925,true
result_a2b765e5afa1bf6fa211bb54,runplan_4d2736b89570c093,cell_690cc2011d363cb74bb6,housing_v1__experiment__000004,housing_v1,housing_controlled_model_landlords_experiment,episode_attempt_7d6edc690b5c3a4a7143,e03df3ceeec4213355a84820305fb98e63e8bd76a0d41709944b47c5bf494925,included,housing_social_welfare_leaf,1.0.0,social_welfare,1.0.0,utility,tenant_3,tenant_3,217.93,utility_points,"{""disagreement_utility"":0.0}",ok,valid,[],"[""event_00000243""]",evaluation_receipt,episode_attempt_7d6edc690b5c3a4a7143,e03df3ceeec4213355a84820305fb98e63e8bd76a0d41709944b47c5bf494925,true
result_b46e66cca2ade80f61831bab,runplan_4d2736b89570c093,cell_690cc2011d363cb74bb6,housing_v1__experiment__000004,housing_v1,housing_controlled_model_landlords_experiment,episode_attempt_7d6edc690b5c3a4a7143,e03df3ceeec4213355a84820305fb98e63e8bd76a0d41709944b47c5bf494925,included,housing_social_welfare_leaf,1.0.0,social_welfare,1.0.0,utility,tenant_4,tenant_4,246.14,utility_points,"{""disagreement_utility"":0.0}",ok,valid,[],"[""event_00000243""]",evaluation_receipt,episode_attempt_7d6edc690b5c3a4a7143,e03df3ceeec4213355a84820305fb98e63e8bd76a0d41709944b47c5bf494925,true
result_f9284ccd2428244762c3ed83,runplan_4d2736b89570c093,cell_690cc2011d363cb74bb6,housing_v1__experiment__000004,housing_v1,housing_controlled_model_landlords_experiment,episode_attempt_7d6edc690b5c3a4a7143,e03df3ceeec4213355a84820305fb98e63e8bd76a0d41709944b47c5bf494925,included,housing_social_welfare_leaf,1.0.0,social_welfare,1.0.0,utility,tenant_5,tenant_5,6.22,utility_points,"{""disagreement_utility"":0.0}",ok,valid,[],"[""event_00000243""]",evaluation_receipt,episode_attempt_7d6edc690b5c3a4a7143,e03df3ceeec4213355a84820305fb98e63e8bd76a0d41709944b47c5bf494925,true
result_b860e255fe344ef835309972,runplan_4d2736b89570c093,cell_690cc2011d363cb74bb6,housing_v1__experiment__000004,housing_v1,housing_controlled_model_landlords_experiment,episode_attempt_7d6edc690b5c3a4a7143,e03df3ceeec4213355a84820305fb98e63e8bd76a0d41709944b47c5bf494925,included,housing_social_welfare_leaf,1.0.0,social_welfare,1.0.0,capture,landlord_0,landlord_0,0.0,utility_points,"{""disagreement_utility"":0.0}",ok,valid,[],"[""event_00000243""]",evaluation_receipt,episode_attempt_7d6edc690b5c3a4a7143,e03df3ceeec4213355a84820305fb98e63e8bd76a0d41709944b47c5bf494925,true
result_b7356a457ec5f329681228be,runplan_4d2736b89570c093,cell_690cc2011d363cb74bb6,housing_v1__experiment__000004,housing_v1,housing_controlled_model_landlords_experiment,episode_attempt_7d6edc690b5c3a4a7143,e03df3ceeec4213355a84820305fb98e63e8bd76a0d41709944b47c5bf494925,included,housing_social_welfare_leaf,1.0.0,social_welfare,1.0.0,capture,landlord_1,landlord_1,51.25,utility_points,"{""disagreement_utility"":0.0}",ok,valid,[],"[""event_00000243""]",evaluation_receipt,episode_attempt_7d6edc690b5c3a4a7143,e03df3ceeec4213355a84820305fb98e63e8bd76a0d41709944b47c5bf494925,true
result_149e737769bc4f71f291536f,runplan_4d2736b89570c093,cell_690cc2011d363cb74bb6,housing_v1__experiment__000004,housing_v1,housing_controlled_model_landlords_experiment,episode_attempt_7d6edc690b5c3a4a7143,e03df3ceeec4213355a84820305fb98e63e8bd76a0d41709944b47c5bf494925,included,housing_social_welfare_leaf,1.0.0,social_welfare,1.0.0,capture,landlord_2,landlord_2,320.76,utility_points,"{""disagreement_utility"":0.0}",ok,valid,[],"[""event_00000243""]",evaluation_receipt,episode_attempt_7d6edc690b5c3a4a7143,e03df3ceeec4213355a84820305fb98e63e8bd76a0d41709944b47c5bf494925,true
result_5255c3e588f2ac88afa7f28e,runplan_4d2736b89570c093,cell_690cc2011d363cb74bb6,housing_v1__experiment__000004,housing_v1,housing_controlled_model_landlords_experiment,episode_attempt_7d6edc690b5c3a4a7143,e03df3ceeec4213355a84820305fb98e63e8bd76a0d41709944b47c5bf494925,included,housing_social_welfare_leaf,1.0.0,social_welfare,1.0.0,capture,landlord_3,landlord_3,411.18,utility_points,"{""disagreement_utility"":0.0}",ok,valid,[],"[""event_00000243""]",evaluation_receipt,episode_attempt_7d6edc690b5c3a4a7143,e03df3ceeec4213355a84820305fb98e63e8bd76a0d41709944b47c5bf494925,true
result_c386c3a68cb4333d945abee6,runplan_4d2736b89570c093,cell_690cc2011d363cb74bb6,housing_v1__experiment__000004,housing_v1,housing_controlled_model_landlords_experiment,episode_attempt_7d6edc690b5c3a4a7143,e03df3ceeec4213355a84820305fb98e63e8bd76a0d41709944b47c5bf494925,included,housing_social_welfare_leaf,1.0.0,social_welfare,1.0.0,capture,landlord_4,landlord_4,62.65,utility_points,"{""disagreement_utility"":0.0}",ok,valid,[],"[""event_00000243""]",evaluation_receipt,episode_attempt_7d6edc690b5c3a4a7143,e03df3ceeec4213355a84820305fb98e63e8bd76a0d41709944b47c5bf494925,true
result_2d127258462a313148840369,runplan_4d2736b89570c093,cell_690cc2011d363cb74bb6,housing_v1__experiment__000004,housing_v1,housing_controlled_model_landlords_experiment,episode_attempt_7d6edc690b5c3a4a7143,e03df3ceeec4213355a84820305fb98e63e8bd76a0d41709944b47c5bf494925,included,housing_social_welfare_leaf,1.0.0,social_welfare,1.0.0,capture,tenant_0,tenant_0,0.0,utility_points,"{""disagreement_utility"":0.0}",ok,valid,[],"[""event_00000243""]",evaluation_receipt,episode_attempt_7d6edc690b5c3a4a7143,e03df3ceeec4213355a84820305fb98e63e8bd76a0d41709944b47c5bf494925,true
result_ccc21e16199146d64df22fd4,runplan_4d2736b89570c093,cell_690cc2011d363cb74bb6,housing_v1__experiment__000004,housing_v1,housing_controlled_model_landlords_experiment,episode_attempt_7d6edc690b5c3a4a7143,e03df3ceeec4213355a84820305fb98e63e8bd76a0d41709944b47c5bf494925,included,housing_social_welfare_leaf,1.0.0,social_welfare,1.0.0,capture,tenant_1,tenant_1,27.76,utility_points,"{""disagreement_utility"":0.0}",ok,valid,[],"[""event_00000243""]",evaluation_receipt,episode_attempt_7d6edc690b5c3a4a7143,e03df3ceeec4213355a84820305fb98e63e8bd76a0d41709944b47c5bf494925,true
result_b3b416abb10883081aeefe26,runplan_4d2736b89570c093,cell_690cc2011d363cb74bb6,housing_v1__experiment__000004,housing_v1,housing_controlled_model_landlords_experiment,episode_attempt_7d6edc690b5c3a4a7143,e03df3ceeec4213355a84820305fb98e63e8bd76a0d41709944b47c5bf494925,included,housing_social_welfare_leaf,1.0.0,social_welfare,1.0.0,capture,tenant_2,tenant_2,0.0,utility_points,"{""disagreement_utility"":0.0}",ok,valid,[],"[""event_00000243""]",evaluation_receipt,episode_attempt_7d6edc690b5c3a4a7143,e03df3ceeec4213355a84820305fb98e63e8bd76a0d41709944b47c5bf494925,true
result_04410c5826acfe3efe1beca2,runplan_4d2736b89570c093,cell_690cc2011d363cb74bb6,housing_v1__experiment__000004,housing_v1,housing_controlled_model_landlords_experiment,episode_attempt_7d6edc690b5c3a4a7143,e03df3ceeec4213355a84820305fb98e63e8bd76a0d41709944b47c5bf494925,included,housing_social_welfare_leaf,1.0.0,social_welfare,1.0.0,capture,tenant_3,tenant_3,217.93,utility_points,"{""disagreement_utility"":0.0}",ok,valid,[],"[""event_00000243""]",evaluation_receipt,episode_attempt_7d6edc690b5c3a4a7143,e03df3ceeec4213355a84820305fb98e63e8bd76a0d41709944b47c5bf494925,true
result_6a4c03d41c148f397ce132af,runplan_4d2736b89570c093,cell_690cc2011d363cb74bb6,housing_v1__experiment__000004,housing_v1,housing_controlled_model_landlords_experiment,episode_attempt_7d6edc690b5c3a4a7143,e03df3ceeec4213355a84820305fb98e63e8bd76a0d41709944b47c5bf494925,included,housing_social_welfare_leaf,1.0.0,social_welfare,1.0.0,capture,tenant_4,tenant_4,246.14,utility_points,"{""disagreement_utility"":0.0}",ok,valid,[],"[""event_00000243""]",evaluation_receipt,episode_attempt_7d6edc690b5c3a4a7143,e03df3ceeec4213355a84820305fb98e63e8bd76a0d41709944b47c5bf494925,true
result_b91fd833c13bb19310a8eb7f,runplan_4d2736b89570c093,cell_690cc2011d363cb74bb6,housing_v1__experiment__000004,housing_v1,housing_controlled_model_landlords_experiment,episode_attempt_7d6edc690b5c3a4a7143,e03df3ceeec4213355a84820305fb98e63e8bd76a0d41709944b47c5bf494925,included,housing_social_welfare_leaf,1.0.0,social_welfare,1.0.0,capture,tenant_5,tenant_5,6.22,utility_points,"{""disagreement_utility"":0.0}",ok,valid,[],"[""event_00000243""]",evaluation_receipt,episode_attempt_7d6edc690b5c3a4a7143,e03df3ceeec4213355a84820305fb98e63e8bd76a0d41709944b47c5bf494925,true
result_dc2cda54bfc1612601abf8eb,runplan_4d2736b89570c093,cell_79979a47a5667ce35a86,housing_v1__experiment__000002,housing_v1,housing_controlled_model_landlords_experiment,episode_attempt_c884265379d324aef68c,247a5b97d4ea07f461f715383d523d393e8e40acab4c83dd4cd38bbe3280ee1f,included,housing_social_welfare_leaf,1.0.0,social_welfare,1.0.0,primary,social_welfare,,1081.62,utility_points,{},ok,valid,[],"[""event_00000267""]",evaluation_receipt,episode_attempt_c884265379d324aef68c,247a5b97d4ea07f461f715383d523d393e8e40acab4c83dd4cd38bbe3280ee1f,true
result_16153db5b4a8049a93a02c71,runplan_4d2736b89570c093,cell_79979a47a5667ce35a86,housing_v1__experiment__000002,housing_v1,housing_controlled_model_landlords_experiment,episode_attempt_c884265379d324aef68c,247a5b97d4ea07f461f715383d523d393e8e40acab4c83dd4cd38bbe3280ee1f,included,housing_social_welfare_leaf,1.0.0,social_welfare,1.0.0,metric,comparison_baseline_gap,,-327.85000000000014,utility_points,{},ok,valid,[],"[""event_00000267""]",evaluation_receipt,episode_attempt_c884265379d324aef68c,247a5b97d4ea07f461f715383d523d393e8e40acab4c83dd4cd38bbe3280ee1f,true
result_7c9a9de5626b70a798ea76c0,runplan_4d2736b89570c093,cell_79979a47a5667ce35a86,housing_v1__experiment__000002,housing_v1,housing_controlled_model_landlords_experiment,episode_attempt_c884265379d324aef68c,247a5b97d4ea07f461f715383d523d393e8e40acab4c83dd4cd38bbe3280ee1f,included,housing_social_welfare_leaf,1.0.0,social_welfare,1.0.0,metric,ir_violation_count,,0.0,count,{},ok,valid,[],"[""event_00000267""]",evaluation_receipt,episode_attempt_c884265379d324aef68c,247a5b97d4ea07f461f715383d523d393e8e40acab4c83dd4cd38bbe3280ee1f,true
result_59f103543f09a20a112da6e0,runplan_4d2736b89570c093,cell_79979a47a5667ce35a86,housing_v1__experiment__000002,housing_v1,housing_controlled_model_landlords_experiment,episode_attempt_c884265379d324aef68c,247a5b97d4ea07f461f715383d523d393e8e40acab4c83dd4cd38bbe3280ee1f,included,housing_social_welfare_leaf,1.0.0,social_welfare,1.0.0,metric,social_welfare,,1081.62,utility_points,{},ok,valid,[],"[""event_00000267""]",evaluation_receipt,episode_attempt_c884265379d324aef68c,247a5b97d4ea07f461f715383d523d393e8e40acab4c83dd4cd38bbe3280ee1f,true
result_7fd597965993e42917b6bb2c,runplan_4d2736b89570c093,cell_79979a47a5667ce35a86,housing_v1__experiment__000002,housing_v1,housing_controlled_model_landlords_experiment,episode_attempt_c884265379d324aef68c,247a5b97d4ea07f461f715383d523d393e8e40acab4c83dd4cd38bbe3280ee1f,included,housing_social_welfare_leaf,1.0.0,social_welfare,1.0.0,metric,upper_bound_gap,,1095.52,utility_points,{},ok,valid,[],"[""event_00000267""]",evaluation_receipt,episode_attempt_c884265379d324aef68c,247a5b97d4ea07f461f715383d523d393e8e40acab4c83dd4cd38bbe3280ee1f,true
result_50f6e86f58e17c341d5e2303,runplan_4d2736b89570c093,cell_79979a47a5667ce35a86,housing_v1__experiment__000002,housing_v1,housing_controlled_model_landlords_experiment,episode_attempt_c884265379d324aef68c,247a5b97d4ea07f461f715383d523d393e8e40acab4c83dd4cd38bbe3280ee1f,included,housing_social_welfare_leaf,1.0.0,social_welfare,1.0.0,metric,wasted_contacts,,8.0,count,{},ok,valid,[],"[""event_00000267""]",evaluation_receipt,episode_attempt_c884265379d324aef68c,247a5b97d4ea07f461f715383d523d393e8e40acab4c83dd4cd38bbe3280ee1f,true
result_269f5720719504101f261834,runplan_4d2736b89570c093,cell_79979a47a5667ce35a86,housing_v1__experiment__000002,housing_v1,housing_controlled_model_landlords_experiment,episode_attempt_c884265379d324aef68c,247a5b97d4ea07f461f715383d523d393e8e40acab4c83dd4cd38bbe3280ee1f,included,housing_social_welfare_leaf,1.0.0,social_welfare,1.0.0,metric,within_case_score,,0.4968077385928328,ratio,{},ok,valid,[],"[""event_00000267""]",evaluation_receipt,episode_attempt_c884265379d324aef68c,247a5b97d4ea07f461f715383d523d393e8e40acab4c83dd4cd38bbe3280ee1f,true
result_e43f6309255024f4dc73b650,runplan_4d2736b89570c093,cell_79979a47a5667ce35a86,housing_v1__experiment__000002,housing_v1,housing_controlled_model_landlords_experiment,episode_attempt_c884265379d324aef68c,247a5b97d4ea07f461f715383d523d393e8e40acab4c83dd4cd38bbe3280ee1f,included,housing_social_welfare_leaf,1.0.0,social_welfare,1.0.0,reference,comparison_baseline,,1409.47,utility_points,"{""policy"":""naive"",""reference_kind"":""comparison_baseline""}",ok,valid,[],"[""event_00000267""]",evaluation_receipt,episode_attempt_c884265379d324aef68c,247a5b97d4ea07f461f715383d523d393e8e40acab4c83dd4cd38bbe3280ee1f,true
result_d560debefecbfa0473d340c7,runplan_4d2736b89570c093,cell_79979a47a5667ce35a86,housing_v1__experiment__000002,housing_v1,housing_controlled_model_landlords_experiment,episode_attempt_c884265379d324aef68c,247a5b97d4ea07f461f715383d523d393e8e40acab4c83dd4cd38bbe3280ee1f,included,housing_social_welfare_leaf,1.0.0,social_welfare,1.0.0,reference,optimum_lower_bound,,0.0,utility_points,"{""policy"":""do_nothing"",""reference_kind"":""objective_lower_bound""}",ok,valid,[],"[""event_00000267""]",evaluation_receipt,episode_attempt_c884265379d324aef68c,247a5b97d4ea07f461f715383d523d393e8e40acab4c83dd4cd38bbe3280ee1f,true
result_2d17c2a2baf86eb1b327ade3,runplan_4d2736b89570c093,cell_79979a47a5667ce35a86,housing_v1__experiment__000002,housing_v1,housing_controlled_model_landlords_experiment,episode_attempt_c884265379d324aef68c,247a5b97d4ea07f461f715383d523d393e8e40acab4c83dd4cd38bbe3280ee1f,included,housing_social_welfare_leaf,1.0.0,social_welfare,1.0.0,reference,optimum_upper_bound,,2177.14,utility_points,"{""reference_kind"":""objective_upper_bound"",""semantics"":""full_information_allocation_relaxation""}",ok,valid,[],"[""event_00000267""]",evaluation_receipt,episode_attempt_c884265379d324aef68c,247a5b97d4ea07f461f715383d523d393e8e40acab4c83dd4cd38bbe3280ee1f,true
result_6c8dbdc319bdbacd39bf6f43,runplan_4d2736b89570c093,cell_79979a47a5667ce35a86,housing_v1__experiment__000002,housing_v1,housing_controlled_model_landlords_experiment,episode_attempt_c884265379d324aef68c,247a5b97d4ea07f461f715383d523d393e8e40acab4c83dd4cd38bbe3280ee1f,included,housing_social_welfare_leaf,1.0.0,social_welfare,1.0.0,utility,landlord_0,landlord_0,126.2,utility_points,"{""disagreement_utility"":0.0}",ok,valid,[],"[""event_00000267""]",evaluation_receipt,episode_attempt_c884265379d324aef68c,247a5b97d4ea07f461f715383d523d393e8e40acab4c83dd4cd38bbe3280ee1f,true
result_f4c83f69372f8489dd2e9a8c,runplan_4d2736b89570c093,cell_79979a47a5667ce35a86,housing_v1__experiment__000002,housing_v1,housing_controlled_model_landlords_experiment,episode_attempt_c884265379d324aef68c,247a5b97d4ea07f461f715383d523d393e8e40acab4c83dd4cd38bbe3280ee1f,included,housing_social_welfare_leaf,1.0.0,social_welfare,1.0.0,utility,landlord_1,landlord_1,0.0,utility_points,"{""disagreement_utility"":0.0}",ok,valid,[],"[""event_00000267""]",evaluation_receipt,episode_attempt_c884265379d324aef68c,247a5b97d4ea07f461f715383d523d393e8e40acab4c83dd4cd38bbe3280ee1f,true
result_9db16a1eed28ed2212de7977,runplan_4d2736b89570c093,cell_79979a47a5667ce35a86,housing_v1__experiment__000002,housing_v1,housing_controlled_model_landlords_experiment,episode_attempt_c884265379d324aef68c,247a5b97d4ea07f461f715383d523d393e8e40acab4c83dd4cd38bbe3280ee1f,included,housing_social_welfare_leaf,1.0.0,social_welfare,1.0.0,utility,landlord_2,landlord_2,0.0,utility_points,"{""disagreement_utility"":0.0}",ok,valid,[],"[""event_00000267""]",evaluation_receipt,episode_attempt_c884265379d324aef68c,247a5b97d4ea07f461f715383d523d393e8e40acab4c83dd4cd38bbe3280ee1f,true
result_88b9a03407bb24abc7dce3b5,runplan_4d2736b89570c093,cell_79979a47a5667ce35a86,housing_v1__experiment__000002,housing_v1,housing_controlled_model_landlords_experiment,episode_attempt_c884265379d324aef68c,247a5b97d4ea07f461f715383d523d393e8e40acab4c83dd4cd38bbe3280ee1f,included,housing_social_welfare_leaf,1.0.0,social_welfare,1.0.0,utility,landlord_3,landlord_3,41.13,utility_points,"{""disagreement_utility"":0.0}",ok,valid,[],"[""event_00000267""]",evaluation_receipt,episode_attempt_c884265379d324aef68c,247a5b97d4ea07f461f715383d523d393e8e40acab4c83dd4cd38bbe3280ee1f,true
result_195e2f29df70d19a5c658575,runplan_4d2736b89570c093,cell_79979a47a5667ce35a86,housing_v1__experiment__000002,housing_v1,housing_controlled_model_landlords_experiment,episode_attempt_c884265379d324aef68c,247a5b97d4ea07f461f715383d523d393e8e40acab4c83dd4cd38bbe3280ee1f,included,housing_social_welfare_leaf,1.0.0,social_welfare,1.0.0,utility,landlord_4,landlord_4,0.0,utility_points,"{""disagreement_utility"":0.0}",ok,valid,[],"[""event_00000267""]",evaluation_receipt,episode_attempt_c884265379d324aef68c,247a5b97d4ea07f461f715383d523d393e8e40acab4c83dd4cd38bbe3280ee1f,true
result_9db6676da49f254d10e32a39,runplan_4d2736b89570c093,cell_79979a47a5667ce35a86,housing_v1__experiment__000002,housing_v1,housing_controlled_model_landlords_experiment,episode_attempt_c884265379d324aef68c,247a5b97d4ea07f461f715383d523d393e8e40acab4c83dd4cd38bbe3280ee1f,included,housing_social_welfare_leaf,1.0.0,social_welfare,1.0.0,utility,tenant_0,tenant_0,531.56,utility_points,"{""disagreement_utility"":0.0}",ok,valid,[],"[""event_00000267""]",evaluation_receipt,episode_attempt_c884265379d324aef68c,247a5b97d4ea07f461f715383d523d393e8e40acab4c83dd4cd38bbe3280ee1f,true
result_555b8f0a763eaa840db49322,runplan_4d2736b89570c093,cell_79979a47a5667ce35a86,housing_v1__experiment__000002,housing_v1,housing_controlled_model_landlords_experiment,episode_attempt_c884265379d324aef68c,247a5b97d4ea07f461f715383d523d393e8e40acab4c83dd4cd38bbe3280ee1f,included,housing_social_welfare_leaf,1.0.0,social_welfare,1.0.0,utility,tenant_1,tenant_1,0.0,utility_points,"{""disagreement_utility"":0.0}",ok,valid,[],"[""event_00000267""]",evaluation_receipt,episode_attempt_c884265379d324aef68c,247a5b97d4ea07f461f715383d523d393e8e40acab4c83dd4cd38bbe3280ee1f,true
result_793dbe29e58bc9682e1fe377,runplan_4d2736b89570c093,cell_79979a47a5667ce35a86,housing_v1__experiment__000002,housing_v1,housing_controlled_model_landlords_experiment,episode_attempt_c884265379d324aef68c,247a5b97d4ea07f461f715383d523d393e8e40acab4c83dd4cd38bbe3280ee1f,included,housing_social_welfare_leaf,1.0.0,social_welfare,1.0.0,utility,tenant_2,tenant_2,0.0,utility_points,"{""disagreement_utility"":0.0}",ok,valid,[],"[""event_00000267""]",evaluation_receipt,episode_attempt_c884265379d324aef68c,247a5b97d4ea07f461f715383d523d393e8e40acab4c83dd4cd38bbe3280ee1f,true
result_25af68499d7c9045da29a37e,runplan_4d2736b89570c093,cell_79979a47a5667ce35a86,housing_v1__experiment__000002,housing_v1,housing_controlled_model_landlords_experiment,episode_attempt_c884265379d324aef68c,247a5b97d4ea07f461f715383d523d393e8e40acab4c83dd4cd38bbe3280ee1f,included,housing_social_welfare_leaf,1.0.0,social_welfare,1.0.0,utility,tenant_3,tenant_3,382.73,utility_points,"{""disagreement_utility"":0.0}",ok,valid,[],"[""event_00000267""]",evaluation_receipt,episode_attempt_c884265379d324aef68c,247a5b97d4ea07f461f715383d523d393e8e40acab4c83dd4cd38bbe3280ee1f,true
result_a5910ff98e35d2f02dd969af,runplan_4d2736b89570c093,cell_79979a47a5667ce35a86,housing_v1__experiment__000002,housing_v1,housing_controlled_model_landlords_experiment,episode_attempt_c884265379d324aef68c,247a5b97d4ea07f461f715383d523d393e8e40acab4c83dd4cd38bbe3280ee1f,included,housing_social_welfare_leaf,1.0.0,social_welfare,1.0.0,utility,tenant_4,tenant_4,0.0,utility_points,"{""disagreement_utility"":0.0}",ok,valid,[],"[""event_00000267""]",evaluation_receipt,episode_attempt_c884265379d324aef68c,247a5b97d4ea07f461f715383d523d393e8e40acab4c83dd4cd38bbe3280ee1f,true
result_2c29355bb758365af6a51827,runplan_4d2736b89570c093,cell_79979a47a5667ce35a86,housing_v1__experiment__000002,housing_v1,housing_controlled_model_landlords_experiment,episode_attempt_c884265379d324aef68c,247a5b97d4ea07f461f715383d523d393e8e40acab4c83dd4cd38bbe3280ee1f,included,housing_social_welfare_leaf,1.0.0,social_welfare,1.0.0,utility,tenant_5,tenant_5,0.0,utility_points,"{""disagreement_utility"":0.0}",ok,valid,[],"[""event_00000267""]",evaluation_receipt,episode_attempt_c884265379d324aef68c,247a5b97d4ea07f461f715383d523d393e8e40acab4c83dd4cd38bbe3280ee1f,true
result_9d7ba088797ef709353478d4,runplan_4d2736b89570c093,cell_79979a47a5667ce35a86,housing_v1__experiment__000002,housing_v1,housing_controlled_model_landlords_experiment,episode_attempt_c884265379d324aef68c,247a5b97d4ea07f461f715383d523d393e8e40acab4c83dd4cd38bbe3280ee1f,included,housing_social_welfare_leaf,1.0.0,social_welfare,1.0.0,capture,landlord_0,landlord_0,126.2,utility_points,"{""disagreement_utility"":0.0}",ok,valid,[],"[""event_00000267""]",evaluation_receipt,episode_attempt_c884265379d324aef68c,247a5b97d4ea07f461f715383d523d393e8e40acab4c83dd4cd38bbe3280ee1f,true
result_354957ac0d13128b30762a0d,runplan_4d2736b89570c093,cell_79979a47a5667ce35a86,housing_v1__experiment__000002,housing_v1,housing_controlled_model_landlords_experiment,episode_attempt_c884265379d324aef68c,247a5b97d4ea07f461f715383d523d393e8e40acab4c83dd4cd38bbe3280ee1f,included,housing_social_welfare_leaf,1.0.0,social_welfare,1.0.0,capture,landlord_1,landlord_1,0.0,utility_points,"{""disagreement_utility"":0.0}",ok,valid,[],"[""event_00000267""]",evaluation_receipt,episode_attempt_c884265379d324aef68c,247a5b97d4ea07f461f715383d523d393e8e40acab4c83dd4cd38bbe3280ee1f,true
result_d099494adbb54adc43accc2d,runplan_4d2736b89570c093,cell_79979a47a5667ce35a86,housing_v1__experiment__000002,housing_v1,housing_controlled_model_landlords_experiment,episode_attempt_c884265379d324aef68c,247a5b97d4ea07f461f715383d523d393e8e40acab4c83dd4cd38bbe3280ee1f,included,housing_social_welfare_leaf,1.0.0,social_welfare,1.0.0,capture,landlord_2,landlord_2,0.0,utility_points,"{""disagreement_utility"":0.0}",ok,valid,[],"[""event_00000267""]",evaluation_receipt,episode_attempt_c884265379d324aef68c,247a5b97d4ea07f461f715383d523d393e8e40acab4c83dd4cd38bbe3280ee1f,true
result_74f200bc48b09ee39e0f0b9a,runplan_4d2736b89570c093,cell_79979a47a5667ce35a86,housing_v1__experiment__000002,housing_v1,housing_controlled_model_landlords_experiment,episode_attempt_c884265379d324aef68c,247a5b97d4ea07f461f715383d523d393e8e40acab4c83dd4cd38bbe3280ee1f,included,housing_social_welfare_leaf,1.0.0,social_welfare,1.0.0,capture,landlord_3,landlord_3,41.13,utility_points,"{""disagreement_utility"":0.0}",ok,valid,[],"[""event_00000267""]",evaluation_receipt,episode_attempt_c884265379d324aef68c,247a5b97d4ea07f461f715383d523d393e8e40acab4c83dd4cd38bbe3280ee1f,true
result_3f74fa5178ba82afc465d9a1,runplan_4d2736b89570c093,cell_79979a47a5667ce35a86,housing_v1__experiment__000002,housing_v1,housing_controlled_model_landlords_experiment,episode_attempt_c884265379d324aef68c,247a5b97d4ea07f461f715383d523d393e8e40acab4c83dd4cd38bbe3280ee1f,included,housing_social_welfare_leaf,1.0.0,social_welfare,1.0.0,capture,landlord_4,landlord_4,0.0,utility_points,"{""disagreement_utility"":0.0}",ok,valid,[],"[""event_00000267""]",evaluation_receipt,episode_attempt_c884265379d324aef68c,247a5b97d4ea07f461f715383d523d393e8e40acab4c83dd4cd38bbe3280ee1f,true
result_774a665cb79e06e90e8b2cdc,runplan_4d2736b89570c093,cell_79979a47a5667ce35a86,housing_v1__experiment__000002,housing_v1,housing_controlled_model_landlords_experiment,episode_attempt_c884265379d324aef68c,247a5b97d4ea07f461f715383d523d393e8e40acab4c83dd4cd38bbe3280ee1f,included,housing_social_welfare_leaf,1.0.0,social_welfare,1.0.0,capture,tenant_0,tenant_0,531.56,utility_points,"{""disagreement_utility"":0.0}",ok,valid,[],"[""event_00000267""]",evaluation_receipt,episode_attempt_c884265379d324aef68c,247a5b97d4ea07f461f715383d523d393e8e40acab4c83dd4cd38bbe3280ee1f,true
result_8ed1babff7df2da6e79a8c86,runplan_4d2736b89570c093,cell_79979a47a5667ce35a86,housing_v1__experiment__000002,housing_v1,housing_controlled_model_landlords_experiment,episode_attempt_c884265379d324aef68c,247a5b97d4ea07f461f715383d523d393e8e40acab4c83dd4cd38bbe3280ee1f,included,housing_social_welfare_leaf,1.0.0,social_welfare,1.0.0,capture,tenant_1,tenant_1,0.0,utility_points,"{""disagreement_utility"":0.0}",ok,valid,[],"[""event_00000267""]",evaluation_receipt,episode_attempt_c884265379d324aef68c,247a5b97d4ea07f461f715383d523d393e8e40acab4c83dd4cd38bbe3280ee1f,true
result_bfe1ef973b6fe8f6af4aa2d7,runplan_4d2736b89570c093,cell_79979a47a5667ce35a86,housing_v1__experiment__000002,housing_v1,housing_controlled_model_landlords_experiment,episode_attempt_c884265379d324aef68c,247a5b97d4ea07f461f715383d523d393e8e40acab4c83dd4cd38bbe3280ee1f,included,housing_social_welfare_leaf,1.0.0,social_welfare,1.0.0,capture,tenant_2,tenant_2,0.0,utility_points,"{""disagreement_utility"":0.0}",ok,valid,[],"[""event_00000267""]",evaluation_receipt,episode_attempt_c884265379d324aef68c,247a5b97d4ea07f461f715383d523d393e8e40acab4c83dd4cd38bbe3280ee1f,true
result_a11ec43ecd6f135e5377a2eb,runplan_4d2736b89570c093,cell_79979a47a5667ce35a86,housing_v1__experiment__000002,housing_v1,housing_controlled_model_landlords_experiment,episode_attempt_c884265379d324aef68c,247a5b97d4ea07f461f715383d523d393e8e40acab4c83dd4cd38bbe3280ee1f,included,housing_social_welfare_leaf,1.0.0,social_welfare,1.0.0,capture,tenant_3,tenant_3,382.73,utility_points,"{""disagreement_utility"":0.0}",ok,valid,[],"[""event_00000267""]",evaluation_receipt,episode_attempt_c884265379d324aef68c,247a5b97d4ea07f461f715383d523d393e8e40acab4c83dd4cd38bbe3280ee1f,true
result_65ca96bed65f37d2987d9449,runplan_4d2736b89570c093,cell_79979a47a5667ce35a86,housing_v1__experiment__000002,housing_v1,housing_controlled_model_landlords_experiment,episode_attempt_c884265379d324aef68c,247a5b97d4ea07f461f715383d523d393e8e40acab4c83dd4cd38bbe3280ee1f,included,housing_social_welfare_leaf,1.0.0,social_welfare,1.0.0,capture,tenant_4,tenant_4,0.0,utility_points,"{""disagreement_utility"":0.0}",ok,valid,[],"[""event_00000267""]",evaluation_receipt,episode_attempt_c884265379d324aef68c,247a5b97d4ea07f461f715383d523d393e8e40acab4c83dd4cd38bbe3280ee1f,true
result_d9eb03acdff9743233d10ad7,runplan_4d2736b89570c093,cell_79979a47a5667ce35a86,housing_v1__experiment__000002,housing_v1,housing_controlled_model_landlords_experiment,episode_attempt_c884265379d324aef68c,247a5b97d4ea07f461f715383d523d393e8e40acab4c83dd4cd38bbe3280ee1f,included,housing_social_welfare_leaf,1.0.0,social_welfare,1.0.0,capture,tenant_5,tenant_5,0.0,utility_points,"{""disagreement_utility"":0.0}",ok,valid,[],"[""event_00000267""]",evaluation_receipt,episode_attempt_c884265379d324aef68c,247a5b97d4ea07f461f715383d523d393e8e40acab4c83dd4cd38bbe3280ee1f,true
result_451d01e33379473c9cf3a1d2,runplan_4d2736b89570c093,cell_80d6f412f9962e30bec2,housing_v1__experiment__000006,housing_v1,housing_controlled_model_landlords_experiment,episode_attempt_3d1808568bcdbec94884,4f1b5d39483512a13ce91d9784cdd000953c6add2b2b28e534a4170d12ff0ea4,included,housing_social_welfare_leaf,1.0.0,social_welfare,1.0.0,primary,social_welfare,,1503.96,utility_points,{},ok,valid,[],"[""event_00000243""]",evaluation_receipt,episode_attempt_3d1808568bcdbec94884,4f1b5d39483512a13ce91d9784cdd000953c6add2b2b28e534a4170d12ff0ea4,true
result_81d3bfa1d3bc7f668d4f3cb9,runplan_4d2736b89570c093,cell_80d6f412f9962e30bec2,housing_v1__experiment__000006,housing_v1,housing_controlled_model_landlords_experiment,episode_attempt_3d1808568bcdbec94884,4f1b5d39483512a13ce91d9784cdd000953c6add2b2b28e534a4170d12ff0ea4,included,housing_social_welfare_leaf,1.0.0,social_welfare,1.0.0,metric,comparison_baseline_gap,,-62.59999999999991,utility_points,{},ok,valid,[],"[""event_00000243""]",evaluation_receipt,episode_attempt_3d1808568bcdbec94884,4f1b5d39483512a13ce91d9784cdd000953c6add2b2b28e534a4170d12ff0ea4,true
result_3fb79a396e9962288c1ae4ac,runplan_4d2736b89570c093,cell_80d6f412f9962e30bec2,housing_v1__experiment__000006,housing_v1,housing_controlled_model_landlords_experiment,episode_attempt_3d1808568bcdbec94884,4f1b5d39483512a13ce91d9784cdd000953c6add2b2b28e534a4170d12ff0ea4,included,housing_social_welfare_leaf,1.0.0,social_welfare,1.0.0,metric,ir_violation_count,,0.0,count,{},ok,valid,[],"[""event_00000243""]",evaluation_receipt,episode_attempt_3d1808568bcdbec94884,4f1b5d39483512a13ce91d9784cdd000953c6add2b2b28e534a4170d12ff0ea4,true
result_30f50f7557bdc540d587c977,runplan_4d2736b89570c093,cell_80d6f412f9962e30bec2,housing_v1__experiment__000006,housing_v1,housing_controlled_model_landlords_experiment,episode_attempt_3d1808568bcdbec94884,4f1b5d39483512a13ce91d9784cdd000953c6add2b2b28e534a4170d12ff0ea4,included,housing_social_welfare_leaf,1.0.0,social_welfare,1.0.0,metric,social_welfare,,1503.96,utility_points,{},ok,valid,[],"[""event_00000243""]",evaluation_receipt,episode_attempt_3d1808568bcdbec94884,4f1b5d39483512a13ce91d9784cdd000953c6add2b2b28e534a4170d12ff0ea4,true
result_e6f4cb546299d156f6519ac5,runplan_4d2736b89570c093,cell_80d6f412f9962e30bec2,housing_v1__experiment__000006,housing_v1,housing_controlled_model_landlords_experiment,episode_attempt_3d1808568bcdbec94884,4f1b5d39483512a13ce91d9784cdd000953c6add2b2b28e534a4170d12ff0ea4,included,housing_social_welfare_leaf,1.0.0,social_welfare,1.0.0,metric,upper_bound_gap,,134.39999999999986,utility_points,{},ok,valid,[],"[""event_00000243""]",evaluation_receipt,episode_attempt_3d1808568bcdbec94884,4f1b5d39483512a13ce91d9784cdd000953c6add2b2b28e534a4170d12ff0ea4,true
result_e93e067eeb3171e7a4de5ee4,runplan_4d2736b89570c093,cell_80d6f412f9962e30bec2,housing_v1__experiment__000006,housing_v1,housing_controlled_model_landlords_experiment,episode_attempt_3d1808568bcdbec94884,4f1b5d39483512a13ce91d9784cdd000953c6add2b2b28e534a4170d12ff0ea4,included,housing_social_welfare_leaf,1.0.0,social_welfare,1.0.0,metric,wasted_contacts,,7.0,count,{},ok,valid,[],"[""event_00000243""]",evaluation_receipt,episode_attempt_3d1808568bcdbec94884,4f1b5d39483512a13ce91d9784cdd000953c6add2b2b28e534a4170d12ff0ea4,true
result_a52810feae490d3d14539410,runplan_4d2736b89570c093,cell_80d6f412f9962e30bec2,housing_v1__experiment__000006,housing_v1,housing_controlled_model_landlords_experiment,episode_attempt_3d1808568bcdbec94884,4f1b5d39483512a13ce91d9784cdd000953c6add2b2b28e534a4170d12ff0ea4,included,housing_social_welfare_leaf,1.0.0,social_welfare,1.0.0,metric,within_case_score,,0.91796674723504,ratio,{},ok,valid,[],"[""event_00000243""]",evaluation_receipt,episode_attempt_3d1808568bcdbec94884,4f1b5d39483512a13ce91d9784cdd000953c6add2b2b28e534a4170d12ff0ea4,true
result_17fea0bd64148601777c2673,runplan_4d2736b89570c093,cell_80d6f412f9962e30bec2,housing_v1__experiment__000006,housing_v1,housing_controlled_model_landlords_experiment,episode_attempt_3d1808568bcdbec94884,4f1b5d39483512a13ce91d9784cdd000953c6add2b2b28e534a4170d12ff0ea4,included,housing_social_welfare_leaf,1.0.0,social_welfare,1.0.0,reference,comparison_baseline,,1566.56,utility_points,"{""policy"":""naive"",""reference_kind"":""comparison_baseline""}",ok,valid,[],"[""event_00000243""]",evaluation_receipt,episode_attempt_3d1808568bcdbec94884,4f1b5d39483512a13ce91d9784cdd000953c6add2b2b28e534a4170d12ff0ea4,true
result_05a91827e9da04d36366a830,runplan_4d2736b89570c093,cell_80d6f412f9962e30bec2,housing_v1__experiment__000006,housing_v1,housing_controlled_model_landlords_experiment,episode_attempt_3d1808568bcdbec94884,4f1b5d39483512a13ce91d9784cdd000953c6add2b2b28e534a4170d12ff0ea4,included,housing_social_welfare_leaf,1.0.0,social_welfare,1.0.0,reference,optimum_lower_bound,,0.0,utility_points,"{""policy"":""do_nothing"",""reference_kind"":""objective_lower_bound""}",ok,valid,[],"[""event_00000243""]",evaluation_receipt,episode_attempt_3d1808568bcdbec94884,4f1b5d39483512a13ce91d9784cdd000953c6add2b2b28e534a4170d12ff0ea4,true
result_9c124adb27244f4702c4e555,runplan_4d2736b89570c093,cell_80d6f412f9962e30bec2,housing_v1__experiment__000006,housing_v1,housing_controlled_model_landlords_experiment,episode_attempt_3d1808568bcdbec94884,4f1b5d39483512a13ce91d9784cdd000953c6add2b2b28e534a4170d12ff0ea4,included,housing_social_welfare_leaf,1.0.0,social_welfare,1.0.0,reference,optimum_upper_bound,,1638.36,utility_points,"{""reference_kind"":""objective_upper_bound"",""semantics"":""full_information_allocation_relaxation""}",ok,valid,[],"[""event_00000243""]",evaluation_receipt,episode_attempt_3d1808568bcdbec94884,4f1b5d39483512a13ce91d9784cdd000953c6add2b2b28e534a4170d12ff0ea4,true
result_fcfc11f32182de3cd9b0d9cd,runplan_4d2736b89570c093,cell_80d6f412f9962e30bec2,housing_v1__experiment__000006,housing_v1,housing_controlled_model_landlords_experiment,episode_attempt_3d1808568bcdbec94884,4f1b5d39483512a13ce91d9784cdd000953c6add2b2b28e534a4170d12ff0ea4,included,housing_social_welfare_leaf,1.0.0,social_welfare,1.0.0,utility,landlord_0,landlord_0,0.0,utility_points,"{""disagreement_utility"":0.0}",ok,valid,[],"[""event_00000243""]",evaluation_receipt,episode_attempt_3d1808568bcdbec94884,4f1b5d39483512a13ce91d9784cdd000953c6add2b2b28e534a4170d12ff0ea4,true
result_f975007735ac3c7ef01ca865,runplan_4d2736b89570c093,cell_80d6f412f9962e30bec2,housing_v1__experiment__000006,housing_v1,housing_controlled_model_landlords_experiment,episode_attempt_3d1808568bcdbec94884,4f1b5d39483512a13ce91d9784cdd000953c6add2b2b28e534a4170d12ff0ea4,included,housing_social_welfare_leaf,1.0.0,social_welfare,1.0.0,utility,landlord_1,landlord_1,300.73,utility_points,"{""disagreement_utility"":0.0}",ok,valid,[],"[""event_00000243""]",evaluation_receipt,episode_attempt_3d1808568bcdbec94884,4f1b5d39483512a13ce91d9784cdd000953c6add2b2b28e534a4170d12ff0ea4,true
result_4d3a49e1829d3748051059f5,runplan_4d2736b89570c093,cell_80d6f412f9962e30bec2,housing_v1__experiment__000006,housing_v1,housing_controlled_model_landlords_experiment,episode_attempt_3d1808568bcdbec94884,4f1b5d39483512a13ce91d9784cdd000953c6add2b2b28e534a4170d12ff0ea4,included,housing_social_welfare_leaf,1.0.0,social_welfare,1.0.0,utility,landlord_2,landlord_2,260.53,utility_points,"{""disagreement_utility"":0.0}",ok,valid,[],"[""event_00000243""]",evaluation_receipt,episode_attempt_3d1808568bcdbec94884,4f1b5d39483512a13ce91d9784cdd000953c6add2b2b28e534a4170d12ff0ea4,true
result_34d9aab65f792a618138c6bd,runplan_4d2736b89570c093,cell_80d6f412f9962e30bec2,housing_v1__experiment__000006,housing_v1,housing_controlled_model_landlords_experiment,episode_attempt_3d1808568bcdbec94884,4f1b5d39483512a13ce91d9784cdd000953c6add2b2b28e534a4170d12ff0ea4,included,housing_social_welfare_leaf,1.0.0,social_welfare,1.0.0,utility,landlord_3,landlord_3,44.83,utility_points,"{""disagreement_utility"":0.0}",ok,valid,[],"[""event_00000243""]",evaluation_receipt,episode_attempt_3d1808568bcdbec94884,4f1b5d39483512a13ce91d9784cdd000953c6add2b2b28e534a4170d12ff0ea4,true
result_aabb8a07fb28cf3438863460,runplan_4d2736b89570c093,cell_80d6f412f9962e30bec2,housing_v1__experiment__000006,housing_v1,housing_controlled_model_landlords_experiment,episode_attempt_3d1808568bcdbec94884,4f1b5d39483512a13ce91d9784cdd000953c6add2b2b28e534a4170d12ff0ea4,included,housing_social_welfare_leaf,1.0.0,social_welfare,1.0.0,utility,landlord_4,landlord_4,0.0,utility_points,"{""disagreement_utility"":0.0}",ok,valid,[],"[""event_00000243""]",evaluation_receipt,episode_attempt_3d1808568bcdbec94884,4f1b5d39483512a13ce91d9784cdd000953c6add2b2b28e534a4170d12ff0ea4,true
result_c2df8d687b6421ad267f93aa,runplan_4d2736b89570c093,cell_80d6f412f9962e30bec2,housing_v1__experiment__000006,housing_v1,housing_controlled_model_landlords_experiment,episode_attempt_3d1808568bcdbec94884,4f1b5d39483512a13ce91d9784cdd000953c6add2b2b28e534a4170d12ff0ea4,included,housing_social_welfare_leaf,1.0.0,social_welfare,1.0.0,utility,tenant_0,tenant_0,346.42,utility_points,"{""disagreement_utility"":0.0}",ok,valid,[],"[""event_00000243""]",evaluation_receipt,episode_attempt_3d1808568bcdbec94884,4f1b5d39483512a13ce91d9784cdd000953c6add2b2b28e534a4170d12ff0ea4,true
result_642833faa0aa2b45b12d0f5e,runplan_4d2736b89570c093,cell_80d6f412f9962e30bec2,housing_v1__experiment__000006,housing_v1,housing_controlled_model_landlords_experiment,episode_attempt_3d1808568bcdbec94884,4f1b5d39483512a13ce91d9784cdd000953c6add2b2b28e534a4170d12ff0ea4,included,housing_social_welfare_leaf,1.0.0,social_welfare,1.0.0,utility,tenant_1,tenant_1,0.0,utility_points,"{""disagreement_utility"":0.0}",ok,valid,[],"[""event_00000243""]",evaluation_receipt,episode_attempt_3d1808568bcdbec94884,4f1b5d39483512a13ce91d9784cdd000953c6add2b2b28e534a4170d12ff0ea4,true
result_0e03d704ada13cf8d1031762,runplan_4d2736b89570c093,cell_80d6f412f9962e30bec2,housing_v1__experiment__000006,housing_v1,housing_controlled_model_landlords_experiment,episode_attempt_3d1808568bcdbec94884,4f1b5d39483512a13ce91d9784cdd000953c6add2b2b28e534a4170d12ff0ea4,included,housing_social_welfare_leaf,1.0.0,social_welfare,1.0.0,utility,tenant_2,tenant_2,549.76,utility_points,"{""disagreement_utility"":0.0}",ok,valid,[],"[""event_00000243""]",evaluation_receipt,episode_attempt_3d1808568bcdbec94884,4f1b5d39483512a13ce91d9784cdd000953c6add2b2b28e534a4170d12ff0ea4,true
result_323af0f713bb59a7af2da277,runplan_4d2736b89570c093,cell_80d6f412f9962e30bec2,housing_v1__experiment__000006,housing_v1,housing_controlled_model_landlords_experiment,episode_attempt_3d1808568bcdbec94884,4f1b5d39483512a13ce91d9784cdd000953c6add2b2b28e534a4170d12ff0ea4,included,housing_social_welfare_leaf,1.0.0,social_welfare,1.0.0,utility,tenant_3,tenant_3,0.0,utility_points,"{""disagreement_utility"":0.0}",ok,valid,[],"[""event_00000243""]",evaluation_receipt,episode_attempt_3d1808568bcdbec94884,4f1b5d39483512a13ce91d9784cdd000953c6add2b2b28e534a4170d12ff0ea4,true
result_90ffa232e7ce3305eeea83b5,runplan_4d2736b89570c093,cell_80d6f412f9962e30bec2,housing_v1__experiment__000006,housing_v1,housing_controlled_model_landlords_experiment,episode_attempt_3d1808568bcdbec94884,4f1b5d39483512a13ce91d9784cdd000953c6add2b2b28e534a4170d12ff0ea4,included,housing_social_welfare_leaf,1.0.0,social_welfare,1.0.0,utility,tenant_4,tenant_4,1.69,utility_points,"{""disagreement_utility"":0.0}",ok,valid,[],"[""event_00000243""]",evaluation_receipt,episode_attempt_3d1808568bcdbec94884,4f1b5d39483512a13ce91d9784cdd000953c6add2b2b28e534a4170d12ff0ea4,true
result_82ed4878b77fa231fc43a866,runplan_4d2736b89570c093,cell_80d6f412f9962e30bec2,housing_v1__experiment__000006,housing_v1,housing_controlled_model_landlords_experiment,episode_attempt_3d1808568bcdbec94884,4f1b5d39483512a13ce91d9784cdd000953c6add2b2b28e534a4170d12ff0ea4,included,housing_social_welfare_leaf,1.0.0,social_welfare,1.0.0,utility,tenant_5,tenant_5,0.0,utility_points,"{""disagreement_utility"":0.0}",ok,valid,[],"[""event_00000243""]",evaluation_receipt,episode_attempt_3d1808568bcdbec94884,4f1b5d39483512a13ce91d9784cdd000953c6add2b2b28e534a4170d12ff0ea4,true
result_e5381043c1e3c15bce725ca5,runplan_4d2736b89570c093,cell_80d6f412f9962e30bec2,housing_v1__experiment__000006,housing_v1,housing_controlled_model_landlords_experiment,episode_attempt_3d1808568bcdbec94884,4f1b5d39483512a13ce91d9784cdd000953c6add2b2b28e534a4170d12ff0ea4,included,housing_social_welfare_leaf,1.0.0,social_welfare,1.0.0,capture,landlord_0,landlord_0,0.0,utility_points,"{""disagreement_utility"":0.0}",ok,valid,[],"[""event_00000243""]",evaluation_receipt,episode_attempt_3d1808568bcdbec94884,4f1b5d39483512a13ce91d9784cdd000953c6add2b2b28e534a4170d12ff0ea4,true
result_4ccbe01333234bc4954b1ce1,runplan_4d2736b89570c093,cell_80d6f412f9962e30bec2,housing_v1__experiment__000006,housing_v1,housing_controlled_model_landlords_experiment,episode_attempt_3d1808568bcdbec94884,4f1b5d39483512a13ce91d9784cdd000953c6add2b2b28e534a4170d12ff0ea4,included,housing_social_welfare_leaf,1.0.0,social_welfare,1.0.0,capture,landlord_1,landlord_1,300.73,utility_points,"{""disagreement_utility"":0.0}",ok,valid,[],"[""event_00000243""]",evaluation_receipt,episode_attempt_3d1808568bcdbec94884,4f1b5d39483512a13ce91d9784cdd000953c6add2b2b28e534a4170d12ff0ea4,true
result_4fdd6f4c7b84a9e7e94ff7b3,runplan_4d2736b89570c093,cell_80d6f412f9962e30bec2,housing_v1__experiment__000006,housing_v1,housing_controlled_model_landlords_experiment,episode_attempt_3d1808568bcdbec94884,4f1b5d39483512a13ce91d9784cdd000953c6add2b2b28e534a4170d12ff0ea4,included,housing_social_welfare_leaf,1.0.0,social_welfare,1.0.0,capture,landlord_2,landlord_2,260.53,utility_points,"{""disagreement_utility"":0.0}",ok,valid,[],"[""event_00000243""]",evaluation_receipt,episode_attempt_3d1808568bcdbec94884,4f1b5d39483512a13ce91d9784cdd000953c6add2b2b28e534a4170d12ff0ea4,true
result_7162dd0f8f94a5bb1a137fe5,runplan_4d2736b89570c093,cell_80d6f412f9962e30bec2,housing_v1__experiment__000006,housing_v1,housing_controlled_model_landlords_experiment,episode_attempt_3d1808568bcdbec94884,4f1b5d39483512a13ce91d9784cdd000953c6add2b2b28e534a4170d12ff0ea4,included,housing_social_welfare_leaf,1.0.0,social_welfare,1.0.0,capture,landlord_3,landlord_3,44.83,utility_points,"{""disagreement_utility"":0.0}",ok,valid,[],"[""event_00000243""]",evaluation_receipt,episode_attempt_3d1808568bcdbec94884,4f1b5d39483512a13ce91d9784cdd000953c6add2b2b28e534a4170d12ff0ea4,true
result_80a5166d3ca9fc0d55dfd2ca,runplan_4d2736b89570c093,cell_80d6f412f9962e30bec2,housing_v1__experiment__000006,housing_v1,housing_controlled_model_landlords_experiment,episode_attempt_3d1808568bcdbec94884,4f1b5d39483512a13ce91d9784cdd000953c6add2b2b28e534a4170d12ff0ea4,included,housing_social_welfare_leaf,1.0.0,social_welfare,1.0.0,capture,landlord_4,landlord_4,0.0,utility_points,"{""disagreement_utility"":0.0}",ok,valid,[],"[""event_00000243""]",evaluation_receipt,episode_attempt_3d1808568bcdbec94884,4f1b5d39483512a13ce91d9784cdd000953c6add2b2b28e534a4170d12ff0ea4,true
result_3af676badcd3cdbfb644f3f0,runplan_4d2736b89570c093,cell_80d6f412f9962e30bec2,housing_v1__experiment__000006,housing_v1,housing_controlled_model_landlords_experiment,episode_attempt_3d1808568bcdbec94884,4f1b5d39483512a13ce91d9784cdd000953c6add2b2b28e534a4170d12ff0ea4,included,housing_social_welfare_leaf,1.0.0,social_welfare,1.0.0,capture,tenant_0,tenant_0,346.42,utility_points,"{""disagreement_utility"":0.0}",ok,valid,[],"[""event_00000243""]",evaluation_receipt,episode_attempt_3d1808568bcdbec94884,4f1b5d39483512a13ce91d9784cdd000953c6add2b2b28e534a4170d12ff0ea4,true
result_31f837657b41fe94c3cf633b,runplan_4d2736b89570c093,cell_80d6f412f9962e30bec2,housing_v1__experiment__000006,housing_v1,housing_controlled_model_landlords_experiment,episode_attempt_3d1808568bcdbec94884,4f1b5d39483512a13ce91d9784cdd000953c6add2b2b28e534a4170d12ff0ea4,included,housing_social_welfare_leaf,1.0.0,social_welfare,1.0.0,capture,tenant_1,tenant_1,0.0,utility_points,"{""disagreement_utility"":0.0}",ok,valid,[],"[""event_00000243""]",evaluation_receipt,episode_attempt_3d1808568bcdbec94884,4f1b5d39483512a13ce91d9784cdd000953c6add2b2b28e534a4170d12ff0ea4,true
result_7ba8bd4979e00b08b82efd18,runplan_4d2736b89570c093,cell_80d6f412f9962e30bec2,housing_v1__experiment__000006,housing_v1,housing_controlled_model_landlords_experiment,episode_attempt_3d1808568bcdbec94884,4f1b5d39483512a13ce91d9784cdd000953c6add2b2b28e534a4170d12ff0ea4,included,housing_social_welfare_leaf,1.0.0,social_welfare,1.0.0,capture,tenant_2,tenant_2,549.76,utility_points,"{""disagreement_utility"":0.0}",ok,valid,[],"[""event_00000243""]",evaluation_receipt,episode_attempt_3d1808568bcdbec94884,4f1b5d39483512a13ce91d9784cdd000953c6add2b2b28e534a4170d12ff0ea4,true
result_0700b15b718c3bfbc521fa6f,runplan_4d2736b89570c093,cell_80d6f412f9962e30bec2,housing_v1__experiment__000006,housing_v1,housing_controlled_model_landlords_experiment,episode_attempt_3d1808568bcdbec94884,4f1b5d39483512a13ce91d9784cdd000953c6add2b2b28e534a4170d12ff0ea4,included,housing_social_welfare_leaf,1.0.0,social_welfare,1.0.0,capture,tenant_3,tenant_3,0.0,utility_points,"{""disagreement_utility"":0.0}",ok,valid,[],"[""event_00000243""]",evaluation_receipt,episode_attempt_3d1808568bcdbec94884,4f1b5d39483512a13ce91d9784cdd000953c6add2b2b28e534a4170d12ff0ea4,true
result_cf1276139bd0aa65296fe35d,runplan_4d2736b89570c093,cell_80d6f412f9962e30bec2,housing_v1__experiment__000006,housing_v1,housing_controlled_model_landlords_experiment,episode_attempt_3d1808568bcdbec94884,4f1b5d39483512a13ce91d9784cdd000953c6add2b2b28e534a4170d12ff0ea4,included,housing_social_welfare_leaf,1.0.0,social_welfare,1.0.0,capture,tenant_4,tenant_4,1.69,utility_points,"{""disagreement_utility"":0.0}",ok,valid,[],"[""event_00000243""]",evaluation_receipt,episode_attempt_3d1808568bcdbec94884,4f1b5d39483512a13ce91d9784cdd000953c6add2b2b28e534a4170d12ff0ea4,true
result_dbb176df02291eb506b53ad9,runplan_4d2736b89570c093,cell_80d6f412f9962e30bec2,housing_v1__experiment__000006,housing_v1,housing_controlled_model_landlords_experiment,episode_attempt_3d1808568bcdbec94884,4f1b5d39483512a13ce91d9784cdd000953c6add2b2b28e534a4170d12ff0ea4,included,housing_social_welfare_leaf,1.0.0,social_welfare,1.0.0,capture,tenant_5,tenant_5,0.0,utility_points,"{""disagreement_utility"":0.0}",ok,valid,[],"[""event_00000243""]",evaluation_receipt,episode_attempt_3d1808568bcdbec94884,4f1b5d39483512a13ce91d9784cdd000953c6add2b2b28e534a4170d12ff0ea4,true
result_07449326e3a9dbf5a96d1211,runplan_4d2736b89570c093,cell_9f51d7ea0e67be593a54,housing_v1__experiment__000002,housing_v1,housing_controlled_model_landlords_experiment,episode_attempt_4597a863ee072a76d7f4,5c237dbd5d2b6519a82d7d309a7905fa8c9c936fcae789c8a3f3c4222225eb2f,included,housing_social_welfare_leaf,1.0.0,social_welfare,1.0.0,primary,social_welfare,,1058.1,utility_points,{},ok,valid,[],"[""event_00000277""]",evaluation_receipt,episode_attempt_4597a863ee072a76d7f4,5c237dbd5d2b6519a82d7d309a7905fa8c9c936fcae789c8a3f3c4222225eb2f,true
result_7d754682a5fd0598b2594183,runplan_4d2736b89570c093,cell_9f51d7ea0e67be593a54,housing_v1__experiment__000002,housing_v1,housing_controlled_model_landlords_experiment,episode_attempt_4597a863ee072a76d7f4,5c237dbd5d2b6519a82d7d309a7905fa8c9c936fcae789c8a3f3c4222225eb2f,included,housing_social_welfare_leaf,1.0.0,social_welfare,1.0.0,metric,comparison_baseline_gap,,-351.3700000000001,utility_points,{},ok,valid,[],"[""event_00000277""]",evaluation_receipt,episode_attempt_4597a863ee072a76d7f4,5c237dbd5d2b6519a82d7d309a7905fa8c9c936fcae789c8a3f3c4222225eb2f,true
result_6b5c33178c611818ac6430ec,runplan_4d2736b89570c093,cell_9f51d7ea0e67be593a54,housing_v1__experiment__000002,housing_v1,housing_controlled_model_landlords_experiment,episode_attempt_4597a863ee072a76d7f4,5c237dbd5d2b6519a82d7d309a7905fa8c9c936fcae789c8a3f3c4222225eb2f,included,housing_social_welfare_leaf,1.0.0,social_welfare,1.0.0,metric,ir_violation_count,,0.0,count,{},ok,valid,[],"[""event_00000277""]",evaluation_receipt,episode_attempt_4597a863ee072a76d7f4,5c237dbd5d2b6519a82d7d309a7905fa8c9c936fcae789c8a3f3c4222225eb2f,true
result_fad37d51b06696698d2ceb5b,runplan_4d2736b89570c093,cell_9f51d7ea0e67be593a54,housing_v1__experiment__000002,housing_v1,housing_controlled_model_landlords_experiment,episode_attempt_4597a863ee072a76d7f4,5c237dbd5d2b6519a82d7d309a7905fa8c9c936fcae789c8a3f3c4222225eb2f,included,housing_social_welfare_leaf,1.0.0,social_welfare,1.0.0,metric,social_welfare,,1058.1,utility_points,{},ok,valid,[],"[""event_00000277""]",evaluation_receipt,episode_attempt_4597a863ee072a76d7f4,5c237dbd5d2b6519a82d7d309a7905fa8c9c936fcae789c8a3f3c4222225eb2f,true
result_ad7a3bacbf95122960e7edde,runplan_4d2736b89570c093,cell_9f51d7ea0e67be593a54,housing_v1__experiment__000002,housing_v1,housing_controlled_model_landlords_experiment,episode_attempt_4597a863ee072a76d7f4,5c237dbd5d2b6519a82d7d309a7905fa8c9c936fcae789c8a3f3c4222225eb2f,included,housing_social_welfare_leaf,1.0.0,social_welfare,1.0.0,metric,upper_bound_gap,,1119.04,utility_points,{},ok,valid,[],"[""event_00000277""]",evaluation_receipt,episode_attempt_4597a863ee072a76d7f4,5c237dbd5d2b6519a82d7d309a7905fa8c9c936fcae789c8a3f3c4222225eb2f,true
result_5a0cd513d01c36466864bc40,runplan_4d2736b89570c093,cell_9f51d7ea0e67be593a54,housing_v1__experiment__000002,housing_v1,housing_controlled_model_landlords_experiment,episode_attempt_4597a863ee072a76d7f4,5c237dbd5d2b6519a82d7d309a7905fa8c9c936fcae789c8a3f3c4222225eb2f,included,housing_social_welfare_leaf,1.0.0,social_welfare,1.0.0,metric,wasted_contacts,,8.0,count,{},ok,valid,[],"[""event_00000277""]",evaluation_receipt,episode_attempt_4597a863ee072a76d7f4,5c237dbd5d2b6519a82d7d309a7905fa8c9c936fcae789c8a3f3c4222225eb2f,true
result_6a5f1803f7680082f3cea5b1,runplan_4d2736b89570c093,cell_9f51d7ea0e67be593a54,housing_v1__experiment__000002,housing_v1,housing_controlled_model_landlords_experiment,episode_attempt_4597a863ee072a76d7f4,5c237dbd5d2b6519a82d7d309a7905fa8c9c936fcae789c8a3f3c4222225eb2f,included,housing_social_welfare_leaf,1.0.0,social_welfare,1.0.0,metric,within_case_score,,0.48600457480915327,ratio,{},ok,valid,[],"[""event_00000277""]",evaluation_receipt,episode_attempt_4597a863ee072a76d7f4,5c237dbd5d2b6519a82d7d309a7905fa8c9c936fcae789c8a3f3c4222225eb2f,true
result_19eeb32c0072f63fd2701398,runplan_4d2736b89570c093,cell_9f51d7ea0e67be593a54,housing_v1__experiment__000002,housing_v1,housing_controlled_model_landlords_experiment,episode_attempt_4597a863ee072a76d7f4,5c237dbd5d2b6519a82d7d309a7905fa8c9c936fcae789c8a3f3c4222225eb2f,included,housing_social_welfare_leaf,1.0.0,social_welfare,1.0.0,reference,comparison_baseline,,1409.47,utility_points,"{""policy"":""naive"",""reference_kind"":""comparison_baseline""}",ok,valid,[],"[""event_00000277""]",evaluation_receipt,episode_attempt_4597a863ee072a76d7f4,5c237dbd5d2b6519a82d7d309a7905fa8c9c936fcae789c8a3f3c4222225eb2f,true
result_774fb58c1a8a8e2ee24a3808,runplan_4d2736b89570c093,cell_9f51d7ea0e67be593a54,housing_v1__experiment__000002,housing_v1,housing_controlled_model_landlords_experiment,episode_attempt_4597a863ee072a76d7f4,5c237dbd5d2b6519a82d7d309a7905fa8c9c936fcae789c8a3f3c4222225eb2f,included,housing_social_welfare_leaf,1.0.0,social_welfare,1.0.0,reference,optimum_lower_bound,,0.0,utility_points,"{""policy"":""do_nothing"",""reference_kind"":""objective_lower_bound""}",ok,valid,[],"[""event_00000277""]",evaluation_receipt,episode_attempt_4597a863ee072a76d7f4,5c237dbd5d2b6519a82d7d309a7905fa8c9c936fcae789c8a3f3c4222225eb2f,true
result_38be9b72ba21a03643626e47,runplan_4d2736b89570c093,cell_9f51d7ea0e67be593a54,housing_v1__experiment__000002,housing_v1,housing_controlled_model_landlords_experiment,episode_attempt_4597a863ee072a76d7f4,5c237dbd5d2b6519a82d7d309a7905fa8c9c936fcae789c8a3f3c4222225eb2f,included,housing_social_welfare_leaf,1.0.0,social_welfare,1.0.0,reference,optimum_upper_bound,,2177.14,utility_points,"{""reference_kind"":""objective_upper_bound"",""semantics"":""full_information_allocation_relaxation""}",ok,valid,[],"[""event_00000277""]",evaluation_receipt,episode_attempt_4597a863ee072a76d7f4,5c237dbd5d2b6519a82d7d309a7905fa8c9c936fcae789c8a3f3c4222225eb2f,true
result_3ed4d7554015c6d138ac899e,runplan_4d2736b89570c093,cell_9f51d7ea0e67be593a54,housing_v1__experiment__000002,housing_v1,housing_controlled_model_landlords_experiment,episode_attempt_4597a863ee072a76d7f4,5c237dbd5d2b6519a82d7d309a7905fa8c9c936fcae789c8a3f3c4222225eb2f,included,housing_social_welfare_leaf,1.0.0,social_welfare,1.0.0,utility,landlord_0,landlord_0,26.2,utility_points,"{""disagreement_utility"":0.0}",ok,valid,[],"[""event_00000277""]",evaluation_receipt,episode_attempt_4597a863ee072a76d7f4,5c237dbd5d2b6519a82d7d309a7905fa8c9c936fcae789c8a3f3c4222225eb2f,true
result_3497aab9c3461d7d7b3119c8,runplan_4d2736b89570c093,cell_9f51d7ea0e67be593a54,housing_v1__experiment__000002,housing_v1,housing_controlled_model_landlords_experiment,episode_attempt_4597a863ee072a76d7f4,5c237dbd5d2b6519a82d7d309a7905fa8c9c936fcae789c8a3f3c4222225eb2f,included,housing_social_welfare_leaf,1.0.0,social_welfare,1.0.0,utility,landlord_1,landlord_1,0.0,utility_points,"{""disagreement_utility"":0.0}",ok,valid,[],"[""event_00000277""]",evaluation_receipt,episode_attempt_4597a863ee072a76d7f4,5c237dbd5d2b6519a82d7d309a7905fa8c9c936fcae789c8a3f3c4222225eb2f,true
result_5f28ce334c9333046150f6c6,runplan_4d2736b89570c093,cell_9f51d7ea0e67be593a54,housing_v1__experiment__000002,housing_v1,housing_controlled_model_landlords_experiment,episode_attempt_4597a863ee072a76d7f4,5c237dbd5d2b6519a82d7d309a7905fa8c9c936fcae789c8a3f3c4222225eb2f,included,housing_social_welfare_leaf,1.0.0,social_welfare,1.0.0,utility,landlord_2,landlord_2,0.0,utility_points,"{""disagreement_utility"":0.0}",ok,valid,[],"[""event_00000277""]",evaluation_receipt,episode_attempt_4597a863ee072a76d7f4,5c237dbd5d2b6519a82d7d309a7905fa8c9c936fcae789c8a3f3c4222225eb2f,true
result_1de6fa76951b9134d0026604,runplan_4d2736b89570c093,cell_9f51d7ea0e67be593a54,housing_v1__experiment__000002,housing_v1,housing_controlled_model_landlords_experiment,episode_attempt_4597a863ee072a76d7f4,5c237dbd5d2b6519a82d7d309a7905fa8c9c936fcae789c8a3f3c4222225eb2f,included,housing_social_welfare_leaf,1.0.0,social_welfare,1.0.0,utility,landlord_3,landlord_3,41.13,utility_points,"{""disagreement_utility"":0.0}",ok,valid,[],"[""event_00000277""]",evaluation_receipt,episode_attempt_4597a863ee072a76d7f4,5c237dbd5d2b6519a82d7d309a7905fa8c9c936fcae789c8a3f3c4222225eb2f,true
result_a7f4029c98f49f159a72c320,runplan_4d2736b89570c093,cell_9f51d7ea0e67be593a54,housing_v1__experiment__000002,housing_v1,housing_controlled_model_landlords_experiment,episode_attempt_4597a863ee072a76d7f4,5c237dbd5d2b6519a82d7d309a7905fa8c9c936fcae789c8a3f3c4222225eb2f,included,housing_social_welfare_leaf,1.0.0,social_welfare,1.0.0,utility,landlord_4,landlord_4,0.0,utility_points,"{""disagreement_utility"":0.0}",ok,valid,[],"[""event_00000277""]",evaluation_receipt,episode_attempt_4597a863ee072a76d7f4,5c237dbd5d2b6519a82d7d309a7905fa8c9c936fcae789c8a3f3c4222225eb2f,true
result_5dea8ac1b33cd60019477b78,runplan_4d2736b89570c093,cell_9f51d7ea0e67be593a54,housing_v1__experiment__000002,housing_v1,housing_controlled_model_landlords_experiment,episode_attempt_4597a863ee072a76d7f4,5c237dbd5d2b6519a82d7d309a7905fa8c9c936fcae789c8a3f3c4222225eb2f,included,housing_social_welfare_leaf,1.0.0,social_welfare,1.0.0,utility,tenant_0,tenant_0,531.56,utility_points,"{""disagreement_utility"":0.0}",ok,valid,[],"[""event_00000277""]",evaluation_receipt,episode_attempt_4597a863ee072a76d7f4,5c237dbd5d2b6519a82d7d309a7905fa8c9c936fcae789c8a3f3c4222225eb2f,true
result_3537ee37f570b59aa3e4205a,runplan_4d2736b89570c093,cell_9f51d7ea0e67be593a54,housing_v1__experiment__000002,housing_v1,housing_controlled_model_landlords_experiment,episode_attempt_4597a863ee072a76d7f4,5c237dbd5d2b6519a82d7d309a7905fa8c9c936fcae789c8a3f3c4222225eb2f,included,housing_social_welfare_leaf,1.0.0,social_welfare,1.0.0,utility,tenant_1,tenant_1,0.0,utility_points,"{""disagreement_utility"":0.0}",ok,valid,[],"[""event_00000277""]",evaluation_receipt,episode_attempt_4597a863ee072a76d7f4,5c237dbd5d2b6519a82d7d309a7905fa8c9c936fcae789c8a3f3c4222225eb2f,true
result_55415ff516b21623509e8f28,runplan_4d2736b89570c093,cell_9f51d7ea0e67be593a54,housing_v1__experiment__000002,housing_v1,housing_controlled_model_landlords_experiment,episode_attempt_4597a863ee072a76d7f4,5c237dbd5d2b6519a82d7d309a7905fa8c9c936fcae789c8a3f3c4222225eb2f,included,housing_social_welfare_leaf,1.0.0,social_welfare,1.0.0,utility,tenant_2,tenant_2,459.21,utility_points,"{""disagreement_utility"":0.0}",ok,valid,[],"[""event_00000277""]",evaluation_receipt,episode_attempt_4597a863ee072a76d7f4,5c237dbd5d2b6519a82d7d309a7905fa8c9c936fcae789c8a3f3c4222225eb2f,true
result_d69687d5a7ced556daa63a15,runplan_4d2736b89570c093,cell_9f51d7ea0e67be593a54,housing_v1__experiment__000002,housing_v1,housing_controlled_model_landlords_experiment,episode_attempt_4597a863ee072a76d7f4,5c237dbd5d2b6519a82d7d309a7905fa8c9c936fcae789c8a3f3c4222225eb2f,included,housing_social_welfare_leaf,1.0.0,social_welfare,1.0.0,utility,tenant_3,tenant_3,0.0,utility_points,"{""disagreement_utility"":0.0}",ok,valid,[],"[""event_00000277""]",evaluation_receipt,episode_attempt_4597a863ee072a76d7f4,5c237dbd5d2b6519a82d7d309a7905fa8c9c936fcae789c8a3f3c4222225eb2f,true
result_89e9a8c99dde5ee5c8cc600a,runplan_4d2736b89570c093,cell_9f51d7ea0e67be593a54,housing_v1__experiment__000002,housing_v1,housing_controlled_model_landlords_experiment,episode_attempt_4597a863ee072a76d7f4,5c237dbd5d2b6519a82d7d309a7905fa8c9c936fcae789c8a3f3c4222225eb2f,included,housing_social_welfare_leaf,1.0.0,social_welfare,1.0.0,utility,tenant_4,tenant_4,0.0,utility_points,"{""disagreement_utility"":0.0}",ok,valid,[],"[""event_00000277""]",evaluation_receipt,episode_attempt_4597a863ee072a76d7f4,5c237dbd5d2b6519a82d7d309a7905fa8c9c936fcae789c8a3f3c4222225eb2f,true
result_019da6ae6467afb9d2d20dae,runplan_4d2736b89570c093,cell_9f51d7ea0e67be593a54,housing_v1__experiment__000002,housing_v1,housing_controlled_model_landlords_experiment,episode_attempt_4597a863ee072a76d7f4,5c237dbd5d2b6519a82d7d309a7905fa8c9c936fcae789c8a3f3c4222225eb2f,included,housing_social_welfare_leaf,1.0.0,social_welfare,1.0.0,utility,tenant_5,tenant_5,0.0,utility_points,"{""disagreement_utility"":0.0}",ok,valid,[],"[""event_00000277""]",evaluation_receipt,episode_attempt_4597a863ee072a76d7f4,5c237dbd5d2b6519a82d7d309a7905fa8c9c936fcae789c8a3f3c4222225eb2f,true
result_7b7bbe598fcf86373298411d,runplan_4d2736b89570c093,cell_9f51d7ea0e67be593a54,housing_v1__experiment__000002,housing_v1,housing_controlled_model_landlords_experiment,episode_attempt_4597a863ee072a76d7f4,5c237dbd5d2b6519a82d7d309a7905fa8c9c936fcae789c8a3f3c4222225eb2f,included,housing_social_welfare_leaf,1.0.0,social_welfare,1.0.0,capture,landlord_0,landlord_0,26.2,utility_points,"{""disagreement_utility"":0.0}",ok,valid,[],"[""event_00000277""]",evaluation_receipt,episode_attempt_4597a863ee072a76d7f4,5c237dbd5d2b6519a82d7d309a7905fa8c9c936fcae789c8a3f3c4222225eb2f,true
result_d48587c1770a38ff1dd6d4ee,runplan_4d2736b89570c093,cell_9f51d7ea0e67be593a54,housing_v1__experiment__000002,housing_v1,housing_controlled_model_landlords_experiment,episode_attempt_4597a863ee072a76d7f4,5c237dbd5d2b6519a82d7d309a7905fa8c9c936fcae789c8a3f3c4222225eb2f,included,housing_social_welfare_leaf,1.0.0,social_welfare,1.0.0,capture,landlord_1,landlord_1,0.0,utility_points,"{""disagreement_utility"":0.0}",ok,valid,[],"[""event_00000277""]",evaluation_receipt,episode_attempt_4597a863ee072a76d7f4,5c237dbd5d2b6519a82d7d309a7905fa8c9c936fcae789c8a3f3c4222225eb2f,true
result_36199373c16a2eeb8b2c7ca6,runplan_4d2736b89570c093,cell_9f51d7ea0e67be593a54,housing_v1__experiment__000002,housing_v1,housing_controlled_model_landlords_experiment,episode_attempt_4597a863ee072a76d7f4,5c237dbd5d2b6519a82d7d309a7905fa8c9c936fcae789c8a3f3c4222225eb2f,included,housing_social_welfare_leaf,1.0.0,social_welfare,1.0.0,capture,landlord_2,landlord_2,0.0,utility_points,"{""disagreement_utility"":0.0}",ok,valid,[],"[""event_00000277""]",evaluation_receipt,episode_attempt_4597a863ee072a76d7f4,5c237dbd5d2b6519a82d7d309a7905fa8c9c936fcae789c8a3f3c4222225eb2f,true
result_6636b14c52b1e8f2f3ee6bb2,runplan_4d2736b89570c093,cell_9f51d7ea0e67be593a54,housing_v1__experiment__000002,housing_v1,housing_controlled_model_landlords_experiment,episode_attempt_4597a863ee072a76d7f4,5c237dbd5d2b6519a82d7d309a7905fa8c9c936fcae789c8a3f3c4222225eb2f,included,housing_social_welfare_leaf,1.0.0,social_welfare,1.0.0,capture,landlord_3,landlord_3,41.13,utility_points,"{""disagreement_utility"":0.0}",ok,valid,[],"[""event_00000277""]",evaluation_receipt,episode_attempt_4597a863ee072a76d7f4,5c237dbd5d2b6519a82d7d309a7905fa8c9c936fcae789c8a3f3c4222225eb2f,true
result_a078d22f02e1064e6b96f82d,runplan_4d2736b89570c093,cell_9f51d7ea0e67be593a54,housing_v1__experiment__000002,housing_v1,housing_controlled_model_landlords_experiment,episode_attempt_4597a863ee072a76d7f4,5c237dbd5d2b6519a82d7d309a7905fa8c9c936fcae789c8a3f3c4222225eb2f,included,housing_social_welfare_leaf,1.0.0,social_welfare,1.0.0,capture,landlord_4,landlord_4,0.0,utility_points,"{""disagreement_utility"":0.0}",ok,valid,[],"[""event_00000277""]",evaluation_receipt,episode_attempt_4597a863ee072a76d7f4,5c237dbd5d2b6519a82d7d309a7905fa8c9c936fcae789c8a3f3c4222225eb2f,true
result_199531489d9f6ec343e37181,runplan_4d2736b89570c093,cell_9f51d7ea0e67be593a54,housing_v1__experiment__000002,housing_v1,housing_controlled_model_landlords_experiment,episode_attempt_4597a863ee072a76d7f4,5c237dbd5d2b6519a82d7d309a7905fa8c9c936fcae789c8a3f3c4222225eb2f,included,housing_social_welfare_leaf,1.0.0,social_welfare,1.0.0,capture,tenant_0,tenant_0,531.56,utility_points,"{""disagreement_utility"":0.0}",ok,valid,[],"[""event_00000277""]",evaluation_receipt,episode_attempt_4597a863ee072a76d7f4,5c237dbd5d2b6519a82d7d309a7905fa8c9c936fcae789c8a3f3c4222225eb2f,true
result_f96b03e448e01ab51ed93d27,runplan_4d2736b89570c093,cell_9f51d7ea0e67be593a54,housing_v1__experiment__000002,housing_v1,housing_controlled_model_landlords_experiment,episode_attempt_4597a863ee072a76d7f4,5c237dbd5d2b6519a82d7d309a7905fa8c9c936fcae789c8a3f3c4222225eb2f,included,housing_social_welfare_leaf,1.0.0,social_welfare,1.0.0,capture,tenant_1,tenant_1,0.0,utility_points,"{""disagreement_utility"":0.0}",ok,valid,[],"[""event_00000277""]",evaluation_receipt,episode_attempt_4597a863ee072a76d7f4,5c237dbd5d2b6519a82d7d309a7905fa8c9c936fcae789c8a3f3c4222225eb2f,true
result_d43138bbbd67c2b2d0496d74,runplan_4d2736b89570c093,cell_9f51d7ea0e67be593a54,housing_v1__experiment__000002,housing_v1,housing_controlled_model_landlords_experiment,episode_attempt_4597a863ee072a76d7f4,5c237dbd5d2b6519a82d7d309a7905fa8c9c936fcae789c8a3f3c4222225eb2f,included,housing_social_welfare_leaf,1.0.0,social_welfare,1.0.0,capture,tenant_2,tenant_2,459.21,utility_points,"{""disagreement_utility"":0.0}",ok,valid,[],"[""event_00000277""]",evaluation_receipt,episode_attempt_4597a863ee072a76d7f4,5c237dbd5d2b6519a82d7d309a7905fa8c9c936fcae789c8a3f3c4222225eb2f,true
result_9520c05efa8865ab1234f795,runplan_4d2736b89570c093,cell_9f51d7ea0e67be593a54,housing_v1__experiment__000002,housing_v1,housing_controlled_model_landlords_experiment,episode_attempt_4597a863ee072a76d7f4,5c237dbd5d2b6519a82d7d309a7905fa8c9c936fcae789c8a3f3c4222225eb2f,included,housing_social_welfare_leaf,1.0.0,social_welfare,1.0.0,capture,tenant_3,tenant_3,0.0,utility_points,"{""disagreement_utility"":0.0}",ok,valid,[],"[""event_00000277""]",evaluation_receipt,episode_attempt_4597a863ee072a76d7f4,5c237dbd5d2b6519a82d7d309a7905fa8c9c936fcae789c8a3f3c4222225eb2f,true
result_f9ba3b5fa45366dcc4525a45,runplan_4d2736b89570c093,cell_9f51d7ea0e67be593a54,housing_v1__experiment__000002,housing_v1,housing_controlled_model_landlords_experiment,episode_attempt_4597a863ee072a76d7f4,5c237dbd5d2b6519a82d7d309a7905fa8c9c936fcae789c8a3f3c4222225eb2f,included,housing_social_welfare_leaf,1.0.0,social_welfare,1.0.0,capture,tenant_4,tenant_4,0.0,utility_points,"{""disagreement_utility"":0.0}",ok,valid,[],"[""event_00000277""]",evaluation_receipt,episode_attempt_4597a863ee072a76d7f4,5c237dbd5d2b6519a82d7d309a7905fa8c9c936fcae789c8a3f3c4222225eb2f,true
result_f521ac089468284ac595e751,runplan_4d2736b89570c093,cell_9f51d7ea0e67be593a54,housing_v1__experiment__000002,housing_v1,housing_controlled_model_landlords_experiment,episode_attempt_4597a863ee072a76d7f4,5c237dbd5d2b6519a82d7d309a7905fa8c9c936fcae789c8a3f3c4222225eb2f,included,housing_social_welfare_leaf,1.0.0,social_welfare,1.0.0,capture,tenant_5,tenant_5,0.0,utility_points,"{""disagreement_utility"":0.0}",ok,valid,[],"[""event_00000277""]",evaluation_receipt,episode_attempt_4597a863ee072a76d7f4,5c237dbd5d2b6519a82d7d309a7905fa8c9c936fcae789c8a3f3c4222225eb2f,true
result_450e4883080eead23de43d71,runplan_4d2736b89570c093,cell_b5bf45666845ccb3acaa,housing_v1__experiment__000003,housing_v1,housing_controlled_model_landlords_experiment,episode_attempt_277464268fe7e5507216,4e85dd70a4cd21d03c1ad6a24c5b39bf7d9894f1296c890ece618809a8f4588e,included,housing_social_welfare_leaf,1.0.0,social_welfare,1.0.0,primary,social_welfare,,1956.51,utility_points,{},ok,valid,[],"[""event_00000243""]",evaluation_receipt,episode_attempt_277464268fe7e5507216,4e85dd70a4cd21d03c1ad6a24c5b39bf7d9894f1296c890ece618809a8f4588e,true
result_1641fc4ca3425dd70c80c04e,runplan_4d2736b89570c093,cell_b5bf45666845ccb3acaa,housing_v1__experiment__000003,housing_v1,housing_controlled_model_landlords_experiment,episode_attempt_277464268fe7e5507216,4e85dd70a4cd21d03c1ad6a24c5b39bf7d9894f1296c890ece618809a8f4588e,included,housing_social_welfare_leaf,1.0.0,social_welfare,1.0.0,metric,comparison_baseline_gap,,-38.289999999999964,utility_points,{},ok,valid,[],"[""event_00000243""]",evaluation_receipt,episode_attempt_277464268fe7e5507216,4e85dd70a4cd21d03c1ad6a24c5b39bf7d9894f1296c890ece618809a8f4588e,true
result_361f98caf5876c5d92f5ab34,runplan_4d2736b89570c093,cell_b5bf45666845ccb3acaa,housing_v1__experiment__000003,housing_v1,housing_controlled_model_landlords_experiment,episode_attempt_277464268fe7e5507216,4e85dd70a4cd21d03c1ad6a24c5b39bf7d9894f1296c890ece618809a8f4588e,included,housing_social_welfare_leaf,1.0.0,social_welfare,1.0.0,metric,ir_violation_count,,0.0,count,{},ok,valid,[],"[""event_00000243""]",evaluation_receipt,episode_attempt_277464268fe7e5507216,4e85dd70a4cd21d03c1ad6a24c5b39bf7d9894f1296c890ece618809a8f4588e,true
result_ed1c26ab24e55c96d1095b68,runplan_4d2736b89570c093,cell_b5bf45666845ccb3acaa,housing_v1__experiment__000003,housing_v1,housing_controlled_model_landlords_experiment,episode_attempt_277464268fe7e5507216,4e85dd70a4cd21d03c1ad6a24c5b39bf7d9894f1296c890ece618809a8f4588e,included,housing_social_welfare_leaf,1.0.0,social_welfare,1.0.0,metric,social_welfare,,1956.51,utility_points,{},ok,valid,[],"[""event_00000243""]",evaluation_receipt,episode_attempt_277464268fe7e5507216,4e85dd70a4cd21d03c1ad6a24c5b39bf7d9894f1296c890ece618809a8f4588e,true
result_8b1bf0414600cea232ef03c3,runplan_4d2736b89570c093,cell_b5bf45666845ccb3acaa,housing_v1__experiment__000003,housing_v1,housing_controlled_model_landlords_experiment,episode_attempt_277464268fe7e5507216,4e85dd70a4cd21d03c1ad6a24c5b39bf7d9894f1296c890ece618809a8f4588e,included,housing_social_welfare_leaf,1.0.0,social_welfare,1.0.0,metric,upper_bound_gap,,173.66999999999985,utility_points,{},ok,valid,[],"[""event_00000243""]",evaluation_receipt,episode_attempt_277464268fe7e5507216,4e85dd70a4cd21d03c1ad6a24c5b39bf7d9894f1296c890ece618809a8f4588e,true
result_eeed48b97215dd54c79a53a8,runplan_4d2736b89570c093,cell_b5bf45666845ccb3acaa,housing_v1__experiment__000003,housing_v1,housing_controlled_model_landlords_experiment,episode_attempt_277464268fe7e5507216,4e85dd70a4cd21d03c1ad6a24c5b39bf7d9894f1296c890ece618809a8f4588e,included,housing_social_welfare_leaf,1.0.0,social_welfare,1.0.0,metric,wasted_contacts,,7.0,count,{},ok,valid,[],"[""event_00000243""]",evaluation_receipt,episode_attempt_277464268fe7e5507216,4e85dd70a4cd21d03c1ad6a24c5b39bf7d9894f1296c890ece618809a8f4588e,true
result_d703c0d698534f07a399d91d,runplan_4d2736b89570c093,cell_b5bf45666845ccb3acaa,housing_v1__experiment__000003,housing_v1,housing_controlled_model_landlords_experiment,episode_attempt_277464268fe7e5507216,4e85dd70a4cd21d03c1ad6a24c5b39bf7d9894f1296c890ece618809a8f4588e,included,housing_social_welfare_leaf,1.0.0,social_welfare,1.0.0,metric,within_case_score,,0.9184716784497086,ratio,{},ok,valid,[],"[""event_00000243""]",evaluation_receipt,episode_attempt_277464268fe7e5507216,4e85dd70a4cd21d03c1ad6a24c5b39bf7d9894f1296c890ece618809a8f4588e,true
result_74de134160f0aa0bcb0afb67,runplan_4d2736b89570c093,cell_b5bf45666845ccb3acaa,housing_v1__experiment__000003,housing_v1,housing_controlled_model_landlords_experiment,episode_attempt_277464268fe7e5507216,4e85dd70a4cd21d03c1ad6a24c5b39bf7d9894f1296c890ece618809a8f4588e,included,housing_social_welfare_leaf,1.0.0,social_welfare,1.0.0,reference,comparison_baseline,,1994.8,utility_points,"{""policy"":""naive"",""reference_kind"":""comparison_baseline""}",ok,valid,[],"[""event_00000243""]",evaluation_receipt,episode_attempt_277464268fe7e5507216,4e85dd70a4cd21d03c1ad6a24c5b39bf7d9894f1296c890ece618809a8f4588e,true
result_3acf5a002fdef83d6b7c6e15,runplan_4d2736b89570c093,cell_b5bf45666845ccb3acaa,housing_v1__experiment__000003,housing_v1,housing_controlled_model_landlords_experiment,episode_attempt_277464268fe7e5507216,4e85dd70a4cd21d03c1ad6a24c5b39bf7d9894f1296c890ece618809a8f4588e,included,housing_social_welfare_leaf,1.0.0,social_welfare,1.0.0,reference,optimum_lower_bound,,0.0,utility_points,"{""policy"":""do_nothing"",""reference_kind"":""objective_lower_bound""}",ok,valid,[],"[""event_00000243""]",evaluation_receipt,episode_attempt_277464268fe7e5507216,4e85dd70a4cd21d03c1ad6a24c5b39bf7d9894f1296c890ece618809a8f4588e,true
result_63248eb09814800b768c2ffe,runplan_4d2736b89570c093,cell_b5bf45666845ccb3acaa,housing_v1__experiment__000003,housing_v1,housing_controlled_model_landlords_experiment,episode_attempt_277464268fe7e5507216,4e85dd70a4cd21d03c1ad6a24c5b39bf7d9894f1296c890ece618809a8f4588e,included,housing_social_welfare_leaf,1.0.0,social_welfare,1.0.0,reference,optimum_upper_bound,,2130.18,utility_points,"{""reference_kind"":""objective_upper_bound"",""semantics"":""full_information_allocation_relaxation""}",ok,valid,[],"[""event_00000243""]",evaluation_receipt,episode_attempt_277464268fe7e5507216,4e85dd70a4cd21d03c1ad6a24c5b39bf7d9894f1296c890ece618809a8f4588e,true
result_87725fbf3700cdc84861ffa6,runplan_4d2736b89570c093,cell_b5bf45666845ccb3acaa,housing_v1__experiment__000003,housing_v1,housing_controlled_model_landlords_experiment,episode_attempt_277464268fe7e5507216,4e85dd70a4cd21d03c1ad6a24c5b39bf7d9894f1296c890ece618809a8f4588e,included,housing_social_welfare_leaf,1.0.0,social_welfare,1.0.0,utility,landlord_0,landlord_0,0.0,utility_points,"{""disagreement_utility"":0.0}",ok,valid,[],"[""event_00000243""]",evaluation_receipt,episode_attempt_277464268fe7e5507216,4e85dd70a4cd21d03c1ad6a24c5b39bf7d9894f1296c890ece618809a8f4588e,true
result_511b2778bb84667a7f259e05,runplan_4d2736b89570c093,cell_b5bf45666845ccb3acaa,housing_v1__experiment__000003,housing_v1,housing_controlled_model_landlords_experiment,episode_attempt_277464268fe7e5507216,4e85dd70a4cd21d03c1ad6a24c5b39bf7d9894f1296c890ece618809a8f4588e,included,housing_social_welfare_leaf,1.0.0,social_welfare,1.0.0,utility,landlord_1,landlord_1,0.0,utility_points,"{""disagreement_utility"":0.0}",ok,valid,[],"[""event_00000243""]",evaluation_receipt,episode_attempt_277464268fe7e5507216,4e85dd70a4cd21d03c1ad6a24c5b39bf7d9894f1296c890ece618809a8f4588e,true
result_4a00a264a84067fb5c0ccca6,runplan_4d2736b89570c093,cell_b5bf45666845ccb3acaa,housing_v1__experiment__000003,housing_v1,housing_controlled_model_landlords_experiment,episode_attempt_277464268fe7e5507216,4e85dd70a4cd21d03c1ad6a24c5b39bf7d9894f1296c890ece618809a8f4588e,included,housing_social_welfare_leaf,1.0.0,social_welfare,1.0.0,utility,landlord_2,landlord_2,492.96,utility_points,"{""disagreement_utility"":0.0}",ok,valid,[],"[""event_00000243""]",evaluation_receipt,episode_attempt_277464268fe7e5507216,4e85dd70a4cd21d03c1ad6a24c5b39bf7d9894f1296c890ece618809a8f4588e,true
result_bb4230f0bcac1ca06d614c57,runplan_4d2736b89570c093,cell_b5bf45666845ccb3acaa,housing_v1__experiment__000003,housing_v1,housing_controlled_model_landlords_experiment,episode_attempt_277464268fe7e5507216,4e85dd70a4cd21d03c1ad6a24c5b39bf7d9894f1296c890ece618809a8f4588e,included,housing_social_welfare_leaf,1.0.0,social_welfare,1.0.0,utility,landlord_3,landlord_3,54.11,utility_points,"{""disagreement_utility"":0.0}",ok,valid,[],"[""event_00000243""]",evaluation_receipt,episode_attempt_277464268fe7e5507216,4e85dd70a4cd21d03c1ad6a24c5b39bf7d9894f1296c890ece618809a8f4588e,true
result_3624749b414b1a1d90bbe3bf,runplan_4d2736b89570c093,cell_b5bf45666845ccb3acaa,housing_v1__experiment__000003,housing_v1,housing_controlled_model_landlords_experiment,episode_attempt_277464268fe7e5507216,4e85dd70a4cd21d03c1ad6a24c5b39bf7d9894f1296c890ece618809a8f4588e,included,housing_social_welfare_leaf,1.0.0,social_welfare,1.0.0,utility,landlord_4,landlord_4,673.81,utility_points,"{""disagreement_utility"":0.0}",ok,valid,[],"[""event_00000243""]",evaluation_receipt,episode_attempt_277464268fe7e5507216,4e85dd70a4cd21d03c1ad6a24c5b39bf7d9894f1296c890ece618809a8f4588e,true
result_a457dae62e349bc211631675,runplan_4d2736b89570c093,cell_b5bf45666845ccb3acaa,housing_v1__experiment__000003,housing_v1,housing_controlled_model_landlords_experiment,episode_attempt_277464268fe7e5507216,4e85dd70a4cd21d03c1ad6a24c5b39bf7d9894f1296c890ece618809a8f4588e,included,housing_social_welfare_leaf,1.0.0,social_welfare,1.0.0,utility,tenant_0,tenant_0,0.0,utility_points,"{""disagreement_utility"":0.0}",ok,valid,[],"[""event_00000243""]",evaluation_receipt,episode_attempt_277464268fe7e5507216,4e85dd70a4cd21d03c1ad6a24c5b39bf7d9894f1296c890ece618809a8f4588e,true
result_d00f45f5b4cfce7a714131ed,runplan_4d2736b89570c093,cell_b5bf45666845ccb3acaa,housing_v1__experiment__000003,housing_v1,housing_controlled_model_landlords_experiment,episode_attempt_277464268fe7e5507216,4e85dd70a4cd21d03c1ad6a24c5b39bf7d9894f1296c890ece618809a8f4588e,included,housing_social_welfare_leaf,1.0.0,social_welfare,1.0.0,utility,tenant_1,tenant_1,0.0,utility_points,"{""disagreement_utility"":0.0}",ok,valid,[],"[""event_00000243""]",evaluation_receipt,episode_attempt_277464268fe7e5507216,4e85dd70a4cd21d03c1ad6a24c5b39bf7d9894f1296c890ece618809a8f4588e,true
result_4b78156ca15b33f94da1b8fd,runplan_4d2736b89570c093,cell_b5bf45666845ccb3acaa,housing_v1__experiment__000003,housing_v1,housing_controlled_model_landlords_experiment,episode_attempt_277464268fe7e5507216,4e85dd70a4cd21d03c1ad6a24c5b39bf7d9894f1296c890ece618809a8f4588e,included,housing_social_welfare_leaf,1.0.0,social_welfare,1.0.0,utility,tenant_2,tenant_2,0.0,utility_points,"{""disagreement_utility"":0.0}",ok,valid,[],"[""event_00000243""]",evaluation_receipt,episode_attempt_277464268fe7e5507216,4e85dd70a4cd21d03c1ad6a24c5b39bf7d9894f1296c890ece618809a8f4588e,true
result_2f214f8121162272567d1923,runplan_4d2736b89570c093,cell_b5bf45666845ccb3acaa,housing_v1__experiment__000003,housing_v1,housing_controlled_model_landlords_experiment,episode_attempt_277464268fe7e5507216,4e85dd70a4cd21d03c1ad6a24c5b39bf7d9894f1296c890ece618809a8f4588e,included,housing_social_welfare_leaf,1.0.0,social_welfare,1.0.0,utility,tenant_3,tenant_3,647.06,utility_points,"{""disagreement_utility"":0.0}",ok,valid,[],"[""event_00000243""]",evaluation_receipt,episode_attempt_277464268fe7e5507216,4e85dd70a4cd21d03c1ad6a24c5b39bf7d9894f1296c890ece618809a8f4588e,true
result_cfa943d82a2dd4aecfb42044,runplan_4d2736b89570c093,cell_b5bf45666845ccb3acaa,housing_v1__experiment__000003,housing_v1,housing_controlled_model_landlords_experiment,episode_attempt_277464268fe7e5507216,4e85dd70a4cd21d03c1ad6a24c5b39bf7d9894f1296c890ece618809a8f4588e,included,housing_social_welfare_leaf,1.0.0,social_welfare,1.0.0,utility,tenant_4,tenant_4,0.0,utility_points,"{""disagreement_utility"":0.0}",ok,valid,[],"[""event_00000243""]",evaluation_receipt,episode_attempt_277464268fe7e5507216,4e85dd70a4cd21d03c1ad6a24c5b39bf7d9894f1296c890ece618809a8f4588e,true
result_118fd4c1ad2944bafe4bcd36,runplan_4d2736b89570c093,cell_b5bf45666845ccb3acaa,housing_v1__experiment__000003,housing_v1,housing_controlled_model_landlords_experiment,episode_attempt_277464268fe7e5507216,4e85dd70a4cd21d03c1ad6a24c5b39bf7d9894f1296c890ece618809a8f4588e,included,housing_social_welfare_leaf,1.0.0,social_welfare,1.0.0,utility,tenant_5,tenant_5,88.57,utility_points,"{""disagreement_utility"":0.0}",ok,valid,[],"[""event_00000243""]",evaluation_receipt,episode_attempt_277464268fe7e5507216,4e85dd70a4cd21d03c1ad6a24c5b39bf7d9894f1296c890ece618809a8f4588e,true
result_50cadc5a154aebc45c352522,runplan_4d2736b89570c093,cell_b5bf45666845ccb3acaa,housing_v1__experiment__000003,housing_v1,housing_controlled_model_landlords_experiment,episode_attempt_277464268fe7e5507216,4e85dd70a4cd21d03c1ad6a24c5b39bf7d9894f1296c890ece618809a8f4588e,included,housing_social_welfare_leaf,1.0.0,social_welfare,1.0.0,capture,landlord_0,landlord_0,0.0,utility_points,"{""disagreement_utility"":0.0}",ok,valid,[],"[""event_00000243""]",evaluation_receipt,episode_attempt_277464268fe7e5507216,4e85dd70a4cd21d03c1ad6a24c5b39bf7d9894f1296c890ece618809a8f4588e,true
result_abb184c94588c0c22494d644,runplan_4d2736b89570c093,cell_b5bf45666845ccb3acaa,housing_v1__experiment__000003,housing_v1,housing_controlled_model_landlords_experiment,episode_attempt_277464268fe7e5507216,4e85dd70a4cd21d03c1ad6a24c5b39bf7d9894f1296c890ece618809a8f4588e,included,housing_social_welfare_leaf,1.0.0,social_welfare,1.0.0,capture,landlord_1,landlord_1,0.0,utility_points,"{""disagreement_utility"":0.0}",ok,valid,[],"[""event_00000243""]",evaluation_receipt,episode_attempt_277464268fe7e5507216,4e85dd70a4cd21d03c1ad6a24c5b39bf7d9894f1296c890ece618809a8f4588e,true
result_87aaee8457a96a7010505b6f,runplan_4d2736b89570c093,cell_b5bf45666845ccb3acaa,housing_v1__experiment__000003,housing_v1,housing_controlled_model_landlords_experiment,episode_attempt_277464268fe7e5507216,4e85dd70a4cd21d03c1ad6a24c5b39bf7d9894f1296c890ece618809a8f4588e,included,housing_social_welfare_leaf,1.0.0,social_welfare,1.0.0,capture,landlord_2,landlord_2,492.96,utility_points,"{""disagreement_utility"":0.0}",ok,valid,[],"[""event_00000243""]",evaluation_receipt,episode_attempt_277464268fe7e5507216,4e85dd70a4cd21d03c1ad6a24c5b39bf7d9894f1296c890ece618809a8f4588e,true
result_1edaea5cb7d54f995a394848,runplan_4d2736b89570c093,cell_b5bf45666845ccb3acaa,housing_v1__experiment__000003,housing_v1,housing_controlled_model_landlords_experiment,episode_attempt_277464268fe7e5507216,4e85dd70a4cd21d03c1ad6a24c5b39bf7d9894f1296c890ece618809a8f4588e,included,housing_social_welfare_leaf,1.0.0,social_welfare,1.0.0,capture,landlord_3,landlord_3,54.11,utility_points,"{""disagreement_utility"":0.0}",ok,valid,[],"[""event_00000243""]",evaluation_receipt,episode_attempt_277464268fe7e5507216,4e85dd70a4cd21d03c1ad6a24c5b39bf7d9894f1296c890ece618809a8f4588e,true
result_7a1b30bce0c00d1f2090c538,runplan_4d2736b89570c093,cell_b5bf45666845ccb3acaa,housing_v1__experiment__000003,housing_v1,housing_controlled_model_landlords_experiment,episode_attempt_277464268fe7e5507216,4e85dd70a4cd21d03c1ad6a24c5b39bf7d9894f1296c890ece618809a8f4588e,included,housing_social_welfare_leaf,1.0.0,social_welfare,1.0.0,capture,landlord_4,landlord_4,673.81,utility_points,"{""disagreement_utility"":0.0}",ok,valid,[],"[""event_00000243""]",evaluation_receipt,episode_attempt_277464268fe7e5507216,4e85dd70a4cd21d03c1ad6a24c5b39bf7d9894f1296c890ece618809a8f4588e,true
result_4157ee3704decd0e1af02989,runplan_4d2736b89570c093,cell_b5bf45666845ccb3acaa,housing_v1__experiment__000003,housing_v1,housing_controlled_model_landlords_experiment,episode_attempt_277464268fe7e5507216,4e85dd70a4cd21d03c1ad6a24c5b39bf7d9894f1296c890ece618809a8f4588e,included,housing_social_welfare_leaf,1.0.0,social_welfare,1.0.0,capture,tenant_0,tenant_0,0.0,utility_points,"{""disagreement_utility"":0.0}",ok,valid,[],"[""event_00000243""]",evaluation_receipt,episode_attempt_277464268fe7e5507216,4e85dd70a4cd21d03c1ad6a24c5b39bf7d9894f1296c890ece618809a8f4588e,true
result_ac982413937b91c3d348bdb9,runplan_4d2736b89570c093,cell_b5bf45666845ccb3acaa,housing_v1__experiment__000003,housing_v1,housing_controlled_model_landlords_experiment,episode_attempt_277464268fe7e5507216,4e85dd70a4cd21d03c1ad6a24c5b39bf7d9894f1296c890ece618809a8f4588e,included,housing_social_welfare_leaf,1.0.0,social_welfare,1.0.0,capture,tenant_1,tenant_1,0.0,utility_points,"{""disagreement_utility"":0.0}",ok,valid,[],"[""event_00000243""]",evaluation_receipt,episode_attempt_277464268fe7e5507216,4e85dd70a4cd21d03c1ad6a24c5b39bf7d9894f1296c890ece618809a8f4588e,true
result_b7373783a809cd5bf0b21184,runplan_4d2736b89570c093,cell_b5bf45666845ccb3acaa,housing_v1__experiment__000003,housing_v1,housing_controlled_model_landlords_experiment,episode_attempt_277464268fe7e5507216,4e85dd70a4cd21d03c1ad6a24c5b39bf7d9894f1296c890ece618809a8f4588e,included,housing_social_welfare_leaf,1.0.0,social_welfare,1.0.0,capture,tenant_2,tenant_2,0.0,utility_points,"{""disagreement_utility"":0.0}",ok,valid,[],"[""event_00000243""]",evaluation_receipt,episode_attempt_277464268fe7e5507216,4e85dd70a4cd21d03c1ad6a24c5b39bf7d9894f1296c890ece618809a8f4588e,true
result_5f54388db906da3165e80541,runplan_4d2736b89570c093,cell_b5bf45666845ccb3acaa,housing_v1__experiment__000003,housing_v1,housing_controlled_model_landlords_experiment,episode_attempt_277464268fe7e5507216,4e85dd70a4cd21d03c1ad6a24c5b39bf7d9894f1296c890ece618809a8f4588e,included,housing_social_welfare_leaf,1.0.0,social_welfare,1.0.0,capture,tenant_3,tenant_3,647.06,utility_points,"{""disagreement_utility"":0.0}",ok,valid,[],"[""event_00000243""]",evaluation_receipt,episode_attempt_277464268fe7e5507216,4e85dd70a4cd21d03c1ad6a24c5b39bf7d9894f1296c890ece618809a8f4588e,true
result_acecfb865615983a0e48d26e,runplan_4d2736b89570c093,cell_b5bf45666845ccb3acaa,housing_v1__experiment__000003,housing_v1,housing_controlled_model_landlords_experiment,episode_attempt_277464268fe7e5507216,4e85dd70a4cd21d03c1ad6a24c5b39bf7d9894f1296c890ece618809a8f4588e,included,housing_social_welfare_leaf,1.0.0,social_welfare,1.0.0,capture,tenant_4,tenant_4,0.0,utility_points,"{""disagreement_utility"":0.0}",ok,valid,[],"[""event_00000243""]",evaluation_receipt,episode_attempt_277464268fe7e5507216,4e85dd70a4cd21d03c1ad6a24c5b39bf7d9894f1296c890ece618809a8f4588e,true
result_9fc29ec5f8ec793e2aed2721,runplan_4d2736b89570c093,cell_b5bf45666845ccb3acaa,housing_v1__experiment__000003,housing_v1,housing_controlled_model_landlords_experiment,episode_attempt_277464268fe7e5507216,4e85dd70a4cd21d03c1ad6a24c5b39bf7d9894f1296c890ece618809a8f4588e,included,housing_social_welfare_leaf,1.0.0,social_welfare,1.0.0,capture,tenant_5,tenant_5,88.57,utility_points,"{""disagreement_utility"":0.0}",ok,valid,[],"[""event_00000243""]",evaluation_receipt,episode_attempt_277464268fe7e5507216,4e85dd70a4cd21d03c1ad6a24c5b39bf7d9894f1296c890ece618809a8f4588e,true
result_33b0a242e8069c516531e84f,runplan_4d2736b89570c093,cell_c70a29a9d98f58e3f946,housing_v1__experiment__000005,housing_v1,housing_controlled_model_landlords_experiment,episode_attempt_b3d964f2c8bc8c7f2096,2670041ebc40ef3454baecf45fa453b15e161b564bcf460e7608869b1290f420,included,housing_social_welfare_leaf,1.0.0,social_welfare,1.0.0,primary,social_welfare,,698.21,utility_points,{},ok,valid,[],"[""event_00000271""]",evaluation_receipt,episode_attempt_b3d964f2c8bc8c7f2096,2670041ebc40ef3454baecf45fa453b15e161b564bcf460e7608869b1290f420,true
result_86136a134cb61291673075be,runplan_4d2736b89570c093,cell_c70a29a9d98f58e3f946,housing_v1__experiment__000005,housing_v1,housing_controlled_model_landlords_experiment,episode_attempt_b3d964f2c8bc8c7f2096,2670041ebc40ef3454baecf45fa453b15e161b564bcf460e7608869b1290f420,included,housing_social_welfare_leaf,1.0.0,social_welfare,1.0.0,metric,comparison_baseline_gap,,-479.8699999999999,utility_points,{},ok,valid,[],"[""event_00000271""]",evaluation_receipt,episode_attempt_b3d964f2c8bc8c7f2096,2670041ebc40ef3454baecf45fa453b15e161b564bcf460e7608869b1290f420,true
result_92598813382e593553e4942a,runplan_4d2736b89570c093,cell_c70a29a9d98f58e3f946,housing_v1__experiment__000005,housing_v1,housing_controlled_model_landlords_experiment,episode_attempt_b3d964f2c8bc8c7f2096,2670041ebc40ef3454baecf45fa453b15e161b564bcf460e7608869b1290f420,included,housing_social_welfare_leaf,1.0.0,social_welfare,1.0.0,metric,ir_violation_count,,0.0,count,{},ok,valid,[],"[""event_00000271""]",evaluation_receipt,episode_attempt_b3d964f2c8bc8c7f2096,2670041ebc40ef3454baecf45fa453b15e161b564bcf460e7608869b1290f420,true
result_2e059bf3d7a1f2f74d1c64dc,runplan_4d2736b89570c093,cell_c70a29a9d98f58e3f946,housing_v1__experiment__000005,housing_v1,housing_controlled_model_landlords_experiment,episode_attempt_b3d964f2c8bc8c7f2096,2670041ebc40ef3454baecf45fa453b15e161b564bcf460e7608869b1290f420,included,housing_social_welfare_leaf,1.0.0,social_welfare,1.0.0,metric,social_welfare,,698.21,utility_points,{},ok,valid,[],"[""event_00000271""]",evaluation_receipt,episode_attempt_b3d964f2c8bc8c7f2096,2670041ebc40ef3454baecf45fa453b15e161b564bcf460e7608869b1290f420,true
result_3584d1230acf96eda02206b9,runplan_4d2736b89570c093,cell_c70a29a9d98f58e3f946,housing_v1__experiment__000005,housing_v1,housing_controlled_model_landlords_experiment,episode_attempt_b3d964f2c8bc8c7f2096,2670041ebc40ef3454baecf45fa453b15e161b564bcf460e7608869b1290f420,included,housing_social_welfare_leaf,1.0.0,social_welfare,1.0.0,metric,upper_bound_gap,,527.8599999999999,utility_points,{},ok,valid,[],"[""event_00000271""]",evaluation_receipt,episode_attempt_b3d964f2c8bc8c7f2096,2670041ebc40ef3454baecf45fa453b15e161b564bcf460e7608869b1290f420,true
result_438e504b201ec608299f4a86,runplan_4d2736b89570c093,cell_c70a29a9d98f58e3f946,housing_v1__experiment__000005,housing_v1,housing_controlled_model_landlords_experiment,episode_attempt_b3d964f2c8bc8c7f2096,2670041ebc40ef3454baecf45fa453b15e161b564bcf460e7608869b1290f420,included,housing_social_welfare_leaf,1.0.0,social_welfare,1.0.0,metric,wasted_contacts,,9.0,count,{},ok,valid,[],"[""event_00000271""]",evaluation_receipt,episode_attempt_b3d964f2c8bc8c7f2096,2670041ebc40ef3454baecf45fa453b15e161b564bcf460e7608869b1290f420,true
result_00a23e0c0903e5433620219a,runplan_4d2736b89570c093,cell_c70a29a9d98f58e3f946,housing_v1__experiment__000005,housing_v1,housing_controlled_model_landlords_experiment,episode_attempt_b3d964f2c8bc8c7f2096,2670041ebc40ef3454baecf45fa453b15e161b564bcf460e7608869b1290f420,included,housing_social_welfare_leaf,1.0.0,social_welfare,1.0.0,metric,within_case_score,,0.5694699323855897,ratio,{},ok,valid,[],"[""event_00000271""]",evaluation_receipt,episode_attempt_b3d964f2c8bc8c7f2096,2670041ebc40ef3454baecf45fa453b15e161b564bcf460e7608869b1290f420,true
result_0beee0fd319e1021f8b4881a,runplan_4d2736b89570c093,cell_c70a29a9d98f58e3f946,housing_v1__experiment__000005,housing_v1,housing_controlled_model_landlords_experiment,episode_attempt_b3d964f2c8bc8c7f2096,2670041ebc40ef3454baecf45fa453b15e161b564bcf460e7608869b1290f420,included,housing_social_welfare_leaf,1.0.0,social_welfare,1.0.0,reference,comparison_baseline,,1178.08,utility_points,"{""policy"":""naive"",""reference_kind"":""comparison_baseline""}",ok,valid,[],"[""event_00000271""]",evaluation_receipt,episode_attempt_b3d964f2c8bc8c7f2096,2670041ebc40ef3454baecf45fa453b15e161b564bcf460e7608869b1290f420,true
result_248bd403fd0ef66c5f2179e0,runplan_4d2736b89570c093,cell_c70a29a9d98f58e3f946,housing_v1__experiment__000005,housing_v1,housing_controlled_model_landlords_experiment,episode_attempt_b3d964f2c8bc8c7f2096,2670041ebc40ef3454baecf45fa453b15e161b564bcf460e7608869b1290f420,included,housing_social_welfare_leaf,1.0.0,social_welfare,1.0.0,reference,optimum_lower_bound,,0.0,utility_points,"{""policy"":""do_nothing"",""reference_kind"":""objective_lower_bound""}",ok,valid,[],"[""event_00000271""]",evaluation_receipt,episode_attempt_b3d964f2c8bc8c7f2096,2670041ebc40ef3454baecf45fa453b15e161b564bcf460e7608869b1290f420,true
result_7978658be9a3cbc4a420a8fe,runplan_4d2736b89570c093,cell_c70a29a9d98f58e3f946,housing_v1__experiment__000005,housing_v1,housing_controlled_model_landlords_experiment,episode_attempt_b3d964f2c8bc8c7f2096,2670041ebc40ef3454baecf45fa453b15e161b564bcf460e7608869b1290f420,included,housing_social_welfare_leaf,1.0.0,social_welfare,1.0.0,reference,optimum_upper_bound,,1226.07,utility_points,"{""reference_kind"":""objective_upper_bound"",""semantics"":""full_information_allocation_relaxation""}",ok,valid,[],"[""event_00000271""]",evaluation_receipt,episode_attempt_b3d964f2c8bc8c7f2096,2670041ebc40ef3454baecf45fa453b15e161b564bcf460e7608869b1290f420,true
result_2699239b3a45869ae64e9b63,runplan_4d2736b89570c093,cell_c70a29a9d98f58e3f946,housing_v1__experiment__000005,housing_v1,housing_controlled_model_landlords_experiment,episode_attempt_b3d964f2c8bc8c7f2096,2670041ebc40ef3454baecf45fa453b15e161b564bcf460e7608869b1290f420,included,housing_social_welfare_leaf,1.0.0,social_welfare,1.0.0,utility,landlord_0,landlord_0,0.0,utility_points,"{""disagreement_utility"":0.0}",ok,valid,[],"[""event_00000271""]",evaluation_receipt,episode_attempt_b3d964f2c8bc8c7f2096,2670041ebc40ef3454baecf45fa453b15e161b564bcf460e7608869b1290f420,true
result_d1c6f4fd137d8fefde64837d,runplan_4d2736b89570c093,cell_c70a29a9d98f58e3f946,housing_v1__experiment__000005,housing_v1,housing_controlled_model_landlords_experiment,episode_attempt_b3d964f2c8bc8c7f2096,2670041ebc40ef3454baecf45fa453b15e161b564bcf460e7608869b1290f420,included,housing_social_welfare_leaf,1.0.0,social_welfare,1.0.0,utility,landlord_1,landlord_1,441.99,utility_points,"{""disagreement_utility"":0.0}",ok,valid,[],"[""event_00000271""]",evaluation_receipt,episode_attempt_b3d964f2c8bc8c7f2096,2670041ebc40ef3454baecf45fa453b15e161b564bcf460e7608869b1290f420,true
result_29dee08766f0800e387fc90f,runplan_4d2736b89570c093,cell_c70a29a9d98f58e3f946,housing_v1__experiment__000005,housing_v1,housing_controlled_model_landlords_experiment,episode_attempt_b3d964f2c8bc8c7f2096,2670041ebc40ef3454baecf45fa453b15e161b564bcf460e7608869b1290f420,included,housing_social_welfare_leaf,1.0.0,social_welfare,1.0.0,utility,landlord_2,landlord_2,0.0,utility_points,"{""disagreement_utility"":0.0}",ok,valid,[],"[""event_00000271""]",evaluation_receipt,episode_attempt_b3d964f2c8bc8c7f2096,2670041ebc40ef3454baecf45fa453b15e161b564bcf460e7608869b1290f420,true
result_bbf69654ed001c3b1c4b03c6,runplan_4d2736b89570c093,cell_c70a29a9d98f58e3f946,housing_v1__experiment__000005,housing_v1,housing_controlled_model_landlords_experiment,episode_attempt_b3d964f2c8bc8c7f2096,2670041ebc40ef3454baecf45fa453b15e161b564bcf460e7608869b1290f420,included,housing_social_welfare_leaf,1.0.0,social_welfare,1.0.0,utility,landlord_3,landlord_3,203.77,utility_points,"{""disagreement_utility"":0.0}",ok,valid,[],"[""event_00000271""]",evaluation_receipt,episode_attempt_b3d964f2c8bc8c7f2096,2670041ebc40ef3454baecf45fa453b15e161b564bcf460e7608869b1290f420,true
result_c2bb615a38b277928b374e73,runplan_4d2736b89570c093,cell_c70a29a9d98f58e3f946,housing_v1__experiment__000005,housing_v1,housing_controlled_model_landlords_experiment,episode_attempt_b3d964f2c8bc8c7f2096,2670041ebc40ef3454baecf45fa453b15e161b564bcf460e7608869b1290f420,included,housing_social_welfare_leaf,1.0.0,social_welfare,1.0.0,utility,landlord_4,landlord_4,0.0,utility_points,"{""disagreement_utility"":0.0}",ok,valid,[],"[""event_00000271""]",evaluation_receipt,episode_attempt_b3d964f2c8bc8c7f2096,2670041ebc40ef3454baecf45fa453b15e161b564bcf460e7608869b1290f420,true
result_317f77b91e7ce9eb60e7bd25,runplan_4d2736b89570c093,cell_c70a29a9d98f58e3f946,housing_v1__experiment__000005,housing_v1,housing_controlled_model_landlords_experiment,episode_attempt_b3d964f2c8bc8c7f2096,2670041ebc40ef3454baecf45fa453b15e161b564bcf460e7608869b1290f420,included,housing_social_welfare_leaf,1.0.0,social_welfare,1.0.0,utility,tenant_0,tenant_0,0.0,utility_points,"{""disagreement_utility"":0.0}",ok,valid,[],"[""event_00000271""]",evaluation_receipt,episode_attempt_b3d964f2c8bc8c7f2096,2670041ebc40ef3454baecf45fa453b15e161b564bcf460e7608869b1290f420,true
result_02ca6992cc2988fbb5986abf,runplan_4d2736b89570c093,cell_c70a29a9d98f58e3f946,housing_v1__experiment__000005,housing_v1,housing_controlled_model_landlords_experiment,episode_attempt_b3d964f2c8bc8c7f2096,2670041ebc40ef3454baecf45fa453b15e161b564bcf460e7608869b1290f420,included,housing_social_welfare_leaf,1.0.0,social_welfare,1.0.0,utility,tenant_1,tenant_1,0.0,utility_points,"{""disagreement_utility"":0.0}",ok,valid,[],"[""event_00000271""]",evaluation_receipt,episode_attempt_b3d964f2c8bc8c7f2096,2670041ebc40ef3454baecf45fa453b15e161b564bcf460e7608869b1290f420,true
result_629b1bb68a82d6abf99f38df,runplan_4d2736b89570c093,cell_c70a29a9d98f58e3f946,housing_v1__experiment__000005,housing_v1,housing_controlled_model_landlords_experiment,episode_attempt_b3d964f2c8bc8c7f2096,2670041ebc40ef3454baecf45fa453b15e161b564bcf460e7608869b1290f420,included,housing_social_welfare_leaf,1.0.0,social_welfare,1.0.0,utility,tenant_2,tenant_2,0.0,utility_points,"{""disagreement_utility"":0.0}",ok,valid,[],"[""event_00000271""]",evaluation_receipt,episode_attempt_b3d964f2c8bc8c7f2096,2670041ebc40ef3454baecf45fa453b15e161b564bcf460e7608869b1290f420,true
result_2e5eee70ffaab0ec1baf0b70,runplan_4d2736b89570c093,cell_c70a29a9d98f58e3f946,housing_v1__experiment__000005,housing_v1,housing_controlled_model_landlords_experiment,episode_attempt_b3d964f2c8bc8c7f2096,2670041ebc40ef3454baecf45fa453b15e161b564bcf460e7608869b1290f420,included,housing_social_welfare_leaf,1.0.0,social_welfare,1.0.0,utility,tenant_3,tenant_3,47.8,utility_points,"{""disagreement_utility"":0.0}",ok,valid,[],"[""event_00000271""]",evaluation_receipt,episode_attempt_b3d964f2c8bc8c7f2096,2670041ebc40ef3454baecf45fa453b15e161b564bcf460e7608869b1290f420,true
result_9ceaf70a6ea6fef31516d2f1,runplan_4d2736b89570c093,cell_c70a29a9d98f58e3f946,housing_v1__experiment__000005,housing_v1,housing_controlled_model_landlords_experiment,episode_attempt_b3d964f2c8bc8c7f2096,2670041ebc40ef3454baecf45fa453b15e161b564bcf460e7608869b1290f420,included,housing_social_welfare_leaf,1.0.0,social_welfare,1.0.0,utility,tenant_4,tenant_4,0.0,utility_points,"{""disagreement_utility"":0.0}",ok,valid,[],"[""event_00000271""]",evaluation_receipt,episode_attempt_b3d964f2c8bc8c7f2096,2670041ebc40ef3454baecf45fa453b15e161b564bcf460e7608869b1290f420,true
result_67653a9fd0c60f7c225add63,runplan_4d2736b89570c093,cell_c70a29a9d98f58e3f946,housing_v1__experiment__000005,housing_v1,housing_controlled_model_landlords_experiment,episode_attempt_b3d964f2c8bc8c7f2096,2670041ebc40ef3454baecf45fa453b15e161b564bcf460e7608869b1290f420,included,housing_social_welfare_leaf,1.0.0,social_welfare,1.0.0,utility,tenant_5,tenant_5,4.65,utility_points,"{""disagreement_utility"":0.0}",ok,valid,[],"[""event_00000271""]",evaluation_receipt,episode_attempt_b3d964f2c8bc8c7f2096,2670041ebc40ef3454baecf45fa453b15e161b564bcf460e7608869b1290f420,true
result_7b711324ad2877bf4d58655b,runplan_4d2736b89570c093,cell_c70a29a9d98f58e3f946,housing_v1__experiment__000005,housing_v1,housing_controlled_model_landlords_experiment,episode_attempt_b3d964f2c8bc8c7f2096,2670041ebc40ef3454baecf45fa453b15e161b564bcf460e7608869b1290f420,included,housing_social_welfare_leaf,1.0.0,social_welfare,1.0.0,capture,landlord_0,landlord_0,0.0,utility_points,"{""disagreement_utility"":0.0}",ok,valid,[],"[""event_00000271""]",evaluation_receipt,episode_attempt_b3d964f2c8bc8c7f2096,2670041ebc40ef3454baecf45fa453b15e161b564bcf460e7608869b1290f420,true
result_ba0a4b0eef57b1c303fb69c5,runplan_4d2736b89570c093,cell_c70a29a9d98f58e3f946,housing_v1__experiment__000005,housing_v1,housing_controlled_model_landlords_experiment,episode_attempt_b3d964f2c8bc8c7f2096,2670041ebc40ef3454baecf45fa453b15e161b564bcf460e7608869b1290f420,included,housing_social_welfare_leaf,1.0.0,social_welfare,1.0.0,capture,landlord_1,landlord_1,441.99,utility_points,"{""disagreement_utility"":0.0}",ok,valid,[],"[""event_00000271""]",evaluation_receipt,episode_attempt_b3d964f2c8bc8c7f2096,2670041ebc40ef3454baecf45fa453b15e161b564bcf460e7608869b1290f420,true
result_cb2247c1ea50930d38e8873e,runplan_4d2736b89570c093,cell_c70a29a9d98f58e3f946,housing_v1__experiment__000005,housing_v1,housing_controlled_model_landlords_experiment,episode_attempt_b3d964f2c8bc8c7f2096,2670041ebc40ef3454baecf45fa453b15e161b564bcf460e7608869b1290f420,included,housing_social_welfare_leaf,1.0.0,social_welfare,1.0.0,capture,landlord_2,landlord_2,0.0,utility_points,"{""disagreement_utility"":0.0}",ok,valid,[],"[""event_00000271""]",evaluation_receipt,episode_attempt_b3d964f2c8bc8c7f2096,2670041ebc40ef3454baecf45fa453b15e161b564bcf460e7608869b1290f420,true
result_86923eeb8b91f781451c336a,runplan_4d2736b89570c093,cell_c70a29a9d98f58e3f946,housing_v1__experiment__000005,housing_v1,housing_controlled_model_landlords_experiment,episode_attempt_b3d964f2c8bc8c7f2096,2670041ebc40ef3454baecf45fa453b15e161b564bcf460e7608869b1290f420,included,housing_social_welfare_leaf,1.0.0,social_welfare,1.0.0,capture,landlord_3,landlord_3,203.77,utility_points,"{""disagreement_utility"":0.0}",ok,valid,[],"[""event_00000271""]",evaluation_receipt,episode_attempt_b3d964f2c8bc8c7f2096,2670041ebc40ef3454baecf45fa453b15e161b564bcf460e7608869b1290f420,true
result_b4925bd38d66bf21e7de64db,runplan_4d2736b89570c093,cell_c70a29a9d98f58e3f946,housing_v1__experiment__000005,housing_v1,housing_controlled_model_landlords_experiment,episode_attempt_b3d964f2c8bc8c7f2096,2670041ebc40ef3454baecf45fa453b15e161b564bcf460e7608869b1290f420,included,housing_social_welfare_leaf,1.0.0,social_welfare,1.0.0,capture,landlord_4,landlord_4,0.0,utility_points,"{""disagreement_utility"":0.0}",ok,valid,[],"[""event_00000271""]",evaluation_receipt,episode_attempt_b3d964f2c8bc8c7f2096,2670041ebc40ef3454baecf45fa453b15e161b564bcf460e7608869b1290f420,true
result_5df0eb389ab8c57b20000831,runplan_4d2736b89570c093,cell_c70a29a9d98f58e3f946,housing_v1__experiment__000005,housing_v1,housing_controlled_model_landlords_experiment,episode_attempt_b3d964f2c8bc8c7f2096,2670041ebc40ef3454baecf45fa453b15e161b564bcf460e7608869b1290f420,included,housing_social_welfare_leaf,1.0.0,social_welfare,1.0.0,capture,tenant_0,tenant_0,0.0,utility_points,"{""disagreement_utility"":0.0}",ok,valid,[],"[""event_00000271""]",evaluation_receipt,episode_attempt_b3d964f2c8bc8c7f2096,2670041ebc40ef3454baecf45fa453b15e161b564bcf460e7608869b1290f420,true
result_91a29db4b9f205a31aa39809,runplan_4d2736b89570c093,cell_c70a29a9d98f58e3f946,housing_v1__experiment__000005,housing_v1,housing_controlled_model_landlords_experiment,episode_attempt_b3d964f2c8bc8c7f2096,2670041ebc40ef3454baecf45fa453b15e161b564bcf460e7608869b1290f420,included,housing_social_welfare_leaf,1.0.0,social_welfare,1.0.0,capture,tenant_1,tenant_1,0.0,utility_points,"{""disagreement_utility"":0.0}",ok,valid,[],"[""event_00000271""]",evaluation_receipt,episode_attempt_b3d964f2c8bc8c7f2096,2670041ebc40ef3454baecf45fa453b15e161b564bcf460e7608869b1290f420,true
result_958249a605e384b5a589dc4a,runplan_4d2736b89570c093,cell_c70a29a9d98f58e3f946,housing_v1__experiment__000005,housing_v1,housing_controlled_model_landlords_experiment,episode_attempt_b3d964f2c8bc8c7f2096,2670041ebc40ef3454baecf45fa453b15e161b564bcf460e7608869b1290f420,included,housing_social_welfare_leaf,1.0.0,social_welfare,1.0.0,capture,tenant_2,tenant_2,0.0,utility_points,"{""disagreement_utility"":0.0}",ok,valid,[],"[""event_00000271""]",evaluation_receipt,episode_attempt_b3d964f2c8bc8c7f2096,2670041ebc40ef3454baecf45fa453b15e161b564bcf460e7608869b1290f420,true
result_d6b78055da12baf6b16f6468,runplan_4d2736b89570c093,cell_c70a29a9d98f58e3f946,housing_v1__experiment__000005,housing_v1,housing_controlled_model_landlords_experiment,episode_attempt_b3d964f2c8bc8c7f2096,2670041ebc40ef3454baecf45fa453b15e161b564bcf460e7608869b1290f420,included,housing_social_welfare_leaf,1.0.0,social_welfare,1.0.0,capture,tenant_3,tenant_3,47.8,utility_points,"{""disagreement_utility"":0.0}",ok,valid,[],"[""event_00000271""]",evaluation_receipt,episode_attempt_b3d964f2c8bc8c7f2096,2670041ebc40ef3454baecf45fa453b15e161b564bcf460e7608869b1290f420,true
result_2e84a5902e7d2bd72f7bcb87,runplan_4d2736b89570c093,cell_c70a29a9d98f58e3f946,housing_v1__experiment__000005,housing_v1,housing_controlled_model_landlords_experiment,episode_attempt_b3d964f2c8bc8c7f2096,2670041ebc40ef3454baecf45fa453b15e161b564bcf460e7608869b1290f420,included,housing_social_welfare_leaf,1.0.0,social_welfare,1.0.0,capture,tenant_4,tenant_4,0.0,utility_points,"{""disagreement_utility"":0.0}",ok,valid,[],"[""event_00000271""]",evaluation_receipt,episode_attempt_b3d964f2c8bc8c7f2096,2670041ebc40ef3454baecf45fa453b15e161b564bcf460e7608869b1290f420,true
result_9e782e3a3b64609ae1083d69,runplan_4d2736b89570c093,cell_c70a29a9d98f58e3f946,housing_v1__experiment__000005,housing_v1,housing_controlled_model_landlords_experiment,episode_attempt_b3d964f2c8bc8c7f2096,2670041ebc40ef3454baecf45fa453b15e161b564bcf460e7608869b1290f420,included,housing_social_welfare_leaf,1.0.0,social_welfare,1.0.0,capture,tenant_5,tenant_5,4.65,utility_points,"{""disagreement_utility"":0.0}",ok,valid,[],"[""event_00000271""]",evaluation_receipt,episode_attempt_b3d964f2c8bc8c7f2096,2670041ebc40ef3454baecf45fa453b15e161b564bcf460e7608869b1290f420,true
result_656e0b2f5f860b349654cf9a,runplan_4d2736b89570c093,cell_ca5c55da0683d9dc049c,housing_v1__experiment__000001,housing_v1,housing_controlled_model_landlords_experiment,episode_attempt_f58d00470bbae24eb32f,e220e3f820207d446139ab7a7d3ee489bb420419415fd191411c2cb888105d4c,included,housing_social_welfare_leaf,1.0.0,social_welfare,1.0.0,primary,social_welfare,,1593.68,utility_points,{},ok,valid,[],"[""event_00000223""]",evaluation_receipt,episode_attempt_f58d00470bbae24eb32f,e220e3f820207d446139ab7a7d3ee489bb420419415fd191411c2cb888105d4c,true
result_1af5643620d36a7aa38bca30,runplan_4d2736b89570c093,cell_ca5c55da0683d9dc049c,housing_v1__experiment__000001,housing_v1,housing_controlled_model_landlords_experiment,episode_attempt_f58d00470bbae24eb32f,e220e3f820207d446139ab7a7d3ee489bb420419415fd191411c2cb888105d4c,included,housing_social_welfare_leaf,1.0.0,social_welfare,1.0.0,metric,comparison_baseline_gap,,-14.569999999999936,utility_points,{},ok,valid,[],"[""event_00000223""]",evaluation_receipt,episode_attempt_f58d00470bbae24eb32f,e220e3f820207d446139ab7a7d3ee489bb420419415fd191411c2cb888105d4c,true
result_c84d3f6d50943f256757e154,runplan_4d2736b89570c093,cell_ca5c55da0683d9dc049c,housing_v1__experiment__000001,housing_v1,housing_controlled_model_landlords_experiment,episode_attempt_f58d00470bbae24eb32f,e220e3f820207d446139ab7a7d3ee489bb420419415fd191411c2cb888105d4c,included,housing_social_welfare_leaf,1.0.0,social_welfare,1.0.0,metric,ir_violation_count,,0.0,count,{},ok,valid,[],"[""event_00000223""]",evaluation_receipt,episode_attempt_f58d00470bbae24eb32f,e220e3f820207d446139ab7a7d3ee489bb420419415fd191411c2cb888105d4c,true
result_f7b6077a41468c5abf24e114,runplan_4d2736b89570c093,cell_ca5c55da0683d9dc049c,housing_v1__experiment__000001,housing_v1,housing_controlled_model_landlords_experiment,episode_attempt_f58d00470bbae24eb32f,e220e3f820207d446139ab7a7d3ee489bb420419415fd191411c2cb888105d4c,included,housing_social_welfare_leaf,1.0.0,social_welfare,1.0.0,metric,social_welfare,,1593.68,utility_points,{},ok,valid,[],"[""event_00000223""]",evaluation_receipt,episode_attempt_f58d00470bbae24eb32f,e220e3f820207d446139ab7a7d3ee489bb420419415fd191411c2cb888105d4c,true
result_e6d9dea6a7bf3a0ff1911ebe,runplan_4d2736b89570c093,cell_ca5c55da0683d9dc049c,housing_v1__experiment__000001,housing_v1,housing_controlled_model_landlords_experiment,episode_attempt_f58d00470bbae24eb32f,e220e3f820207d446139ab7a7d3ee489bb420419415fd191411c2cb888105d4c,included,housing_social_welfare_leaf,1.0.0,social_welfare,1.0.0,metric,upper_bound_gap,,195.30999999999995,utility_points,{},ok,valid,[],"[""event_00000223""]",evaluation_receipt,episode_attempt_f58d00470bbae24eb32f,e220e3f820207d446139ab7a7d3ee489bb420419415fd191411c2cb888105d4c,true
result_6cbc2041e158efc95c6888c3,runplan_4d2736b89570c093,cell_ca5c55da0683d9dc049c,housing_v1__experiment__000001,housing_v1,housing_controlled_model_landlords_experiment,episode_attempt_f58d00470bbae24eb32f,e220e3f820207d446139ab7a7d3ee489bb420419415fd191411c2cb888105d4c,included,housing_social_welfare_leaf,1.0.0,social_welfare,1.0.0,metric,wasted_contacts,,4.0,count,{},ok,valid,[],"[""event_00000223""]",evaluation_receipt,episode_attempt_f58d00470bbae24eb32f,e220e3f820207d446139ab7a7d3ee489bb420419415fd191411c2cb888105d4c,true
result_75b3999d75bab3a6865bf392,runplan_4d2736b89570c093,cell_ca5c55da0683d9dc049c,housing_v1__experiment__000001,housing_v1,housing_controlled_model_landlords_experiment,episode_attempt_f58d00470bbae24eb32f,e220e3f820207d446139ab7a7d3ee489bb420419415fd191411c2cb888105d4c,included,housing_social_welfare_leaf,1.0.0,social_welfare,1.0.0,metric,within_case_score,,0.8908266675610261,ratio,{},ok,valid,[],"[""event_00000223""]",evaluation_receipt,episode_attempt_f58d00470bbae24eb32f,e220e3f820207d446139ab7a7d3ee489bb420419415fd191411c2cb888105d4c,true
result_559bdd4e9b7c3e9e34f111f4,runplan_4d2736b89570c093,cell_ca5c55da0683d9dc049c,housing_v1__experiment__000001,housing_v1,housing_controlled_model_landlords_experiment,episode_attempt_f58d00470bbae24eb32f,e220e3f820207d446139ab7a7d3ee489bb420419415fd191411c2cb888105d4c,included,housing_social_welfare_leaf,1.0.0,social_welfare,1.0.0,reference,comparison_baseline,,1608.25,utility_points,"{""policy"":""naive"",""reference_kind"":""comparison_baseline""}",ok,valid,[],"[""event_00000223""]",evaluation_receipt,episode_attempt_f58d00470bbae24eb32f,e220e3f820207d446139ab7a7d3ee489bb420419415fd191411c2cb888105d4c,true
result_33270422eb60884b0bbf5291,runplan_4d2736b89570c093,cell_ca5c55da0683d9dc049c,housing_v1__experiment__000001,housing_v1,housing_controlled_model_landlords_experiment,episode_attempt_f58d00470bbae24eb32f,e220e3f820207d446139ab7a7d3ee489bb420419415fd191411c2cb888105d4c,included,housing_social_welfare_leaf,1.0.0,social_welfare,1.0.0,reference,optimum_lower_bound,,0.0,utility_points,"{""policy"":""do_nothing"",""reference_kind"":""objective_lower_bound""}",ok,valid,[],"[""event_00000223""]",evaluation_receipt,episode_attempt_f58d00470bbae24eb32f,e220e3f820207d446139ab7a7d3ee489bb420419415fd191411c2cb888105d4c,true
result_32d3fad3d5746858a0db82c0,runplan_4d2736b89570c093,cell_ca5c55da0683d9dc049c,housing_v1__experiment__000001,housing_v1,housing_controlled_model_landlords_experiment,episode_attempt_f58d00470bbae24eb32f,e220e3f820207d446139ab7a7d3ee489bb420419415fd191411c2cb888105d4c,included,housing_social_welfare_leaf,1.0.0,social_welfare,1.0.0,reference,optimum_upper_bound,,1788.99,utility_points,"{""reference_kind"":""objective_upper_bound"",""semantics"":""full_information_allocation_relaxation""}",ok,valid,[],"[""event_00000223""]",evaluation_receipt,episode_attempt_f58d00470bbae24eb32f,e220e3f820207d446139ab7a7d3ee489bb420419415fd191411c2cb888105d4c,true
result_acc34aaf38ed4291c41fc4e1,runplan_4d2736b89570c093,cell_ca5c55da0683d9dc049c,housing_v1__experiment__000001,housing_v1,housing_controlled_model_landlords_experiment,episode_attempt_f58d00470bbae24eb32f,e220e3f820207d446139ab7a7d3ee489bb420419415fd191411c2cb888105d4c,included,housing_social_welfare_leaf,1.0.0,social_welfare,1.0.0,utility,landlord_0,landlord_0,56.6,utility_points,"{""disagreement_utility"":0.0}",ok,valid,[],"[""event_00000223""]",evaluation_receipt,episode_attempt_f58d00470bbae24eb32f,e220e3f820207d446139ab7a7d3ee489bb420419415fd191411c2cb888105d4c,true
result_6713493101f3b9e61bd7db47,runplan_4d2736b89570c093,cell_ca5c55da0683d9dc049c,housing_v1__experiment__000001,housing_v1,housing_controlled_model_landlords_experiment,episode_attempt_f58d00470bbae24eb32f,e220e3f820207d446139ab7a7d3ee489bb420419415fd191411c2cb888105d4c,included,housing_social_welfare_leaf,1.0.0,social_welfare,1.0.0,utility,landlord_1,landlord_1,58.62,utility_points,"{""disagreement_utility"":0.0}",ok,valid,[],"[""event_00000223""]",evaluation_receipt,episode_attempt_f58d00470bbae24eb32f,e220e3f820207d446139ab7a7d3ee489bb420419415fd191411c2cb888105d4c,true
result_c37fd3c23084df97c6a70c4f,runplan_4d2736b89570c093,cell_ca5c55da0683d9dc049c,housing_v1__experiment__000001,housing_v1,housing_controlled_model_landlords_experiment,episode_attempt_f58d00470bbae24eb32f,e220e3f820207d446139ab7a7d3ee489bb420419415fd191411c2cb888105d4c,included,housing_social_welfare_leaf,1.0.0,social_welfare,1.0.0,utility,landlord_2,landlord_2,0.0,utility_points,"{""disagreement_utility"":0.0}",ok,valid,[],"[""event_00000223""]",evaluation_receipt,episode_attempt_f58d00470bbae24eb32f,e220e3f820207d446139ab7a7d3ee489bb420419415fd191411c2cb888105d4c,true
result_cb5debf771ce393f9a4b6149,runplan_4d2736b89570c093,cell_ca5c55da0683d9dc049c,housing_v1__experiment__000001,housing_v1,housing_controlled_model_landlords_experiment,episode_attempt_f58d00470bbae24eb32f,e220e3f820207d446139ab7a7d3ee489bb420419415fd191411c2cb888105d4c,included,housing_social_welfare_leaf,1.0.0,social_welfare,1.0.0,utility,landlord_3,landlord_3,297.64,utility_points,"{""disagreement_utility"":0.0}",ok,valid,[],"[""event_00000223""]",evaluation_receipt,episode_attempt_f58d00470bbae24eb32f,e220e3f820207d446139ab7a7d3ee489bb420419415fd191411c2cb888105d4c,true
result_f98ec47c20c61c34d3200b75,runplan_4d2736b89570c093,cell_ca5c55da0683d9dc049c,housing_v1__experiment__000001,housing_v1,housing_controlled_model_landlords_experiment,episode_attempt_f58d00470bbae24eb32f,e220e3f820207d446139ab7a7d3ee489bb420419415fd191411c2cb888105d4c,included,housing_social_welfare_leaf,1.0.0,social_welfare,1.0.0,utility,landlord_4,landlord_4,22.52,utility_points,"{""disagreement_utility"":0.0}",ok,valid,[],"[""event_00000223""]",evaluation_receipt,episode_attempt_f58d00470bbae24eb32f,e220e3f820207d446139ab7a7d3ee489bb420419415fd191411c2cb888105d4c,true
result_bafd39e189e124a9900395b0,runplan_4d2736b89570c093,cell_ca5c55da0683d9dc049c,housing_v1__experiment__000001,housing_v1,housing_controlled_model_landlords_experiment,episode_attempt_f58d00470bbae24eb32f,e220e3f820207d446139ab7a7d3ee489bb420419415fd191411c2cb888105d4c,included,housing_social_welfare_leaf,1.0.0,social_welfare,1.0.0,utility,tenant_0,tenant_0,423.79,utility_points,"{""disagreement_utility"":0.0}",ok,valid,[],"[""event_00000223""]",evaluation_receipt,episode_attempt_f58d00470bbae24eb32f,e220e3f820207d446139ab7a7d3ee489bb420419415fd191411c2cb888105d4c,true
result_20374dda796747d313272a54,runplan_4d2736b89570c093,cell_ca5c55da0683d9dc049c,housing_v1__experiment__000001,housing_v1,housing_controlled_model_landlords_experiment,episode_attempt_f58d00470bbae24eb32f,e220e3f820207d446139ab7a7d3ee489bb420419415fd191411c2cb888105d4c,included,housing_social_welfare_leaf,1.0.0,social_welfare,1.0.0,utility,tenant_1,tenant_1,396.04,utility_points,"{""disagreement_utility"":0.0}",ok,valid,[],"[""event_00000223""]",evaluation_receipt,episode_attempt_f58d00470bbae24eb32f,e220e3f820207d446139ab7a7d3ee489bb420419415fd191411c2cb888105d4c,true
result_15ae406f37f2c8f4183c8c46,runplan_4d2736b89570c093,cell_ca5c55da0683d9dc049c,housing_v1__experiment__000001,housing_v1,housing_controlled_model_landlords_experiment,episode_attempt_f58d00470bbae24eb32f,e220e3f820207d446139ab7a7d3ee489bb420419415fd191411c2cb888105d4c,included,housing_social_welfare_leaf,1.0.0,social_welfare,1.0.0,utility,tenant_2,tenant_2,35.88,utility_points,"{""disagreement_utility"":0.0}",ok,valid,[],"[""event_00000223""]",evaluation_receipt,episode_attempt_f58d00470bbae24eb32f,e220e3f820207d446139ab7a7d3ee489bb420419415fd191411c2cb888105d4c,true
result_b28b8a9239f3a6b3dbb49ebf,runplan_4d2736b89570c093,cell_ca5c55da0683d9dc049c,housing_v1__experiment__000001,housing_v1,housing_controlled_model_landlords_experiment,episode_attempt_f58d00470bbae24eb32f,e220e3f820207d446139ab7a7d3ee489bb420419415fd191411c2cb888105d4c,included,housing_social_welfare_leaf,1.0.0,social_welfare,1.0.0,utility,tenant_3,tenant_3,0.0,utility_points,"{""disagreement_utility"":0.0}",ok,valid,[],"[""event_00000223""]",evaluation_receipt,episode_attempt_f58d00470bbae24eb32f,e220e3f820207d446139ab7a7d3ee489bb420419415fd191411c2cb888105d4c,true
result_de6516a4b0ec08ee67f23f03,runplan_4d2736b89570c093,cell_ca5c55da0683d9dc049c,housing_v1__experiment__000001,housing_v1,housing_controlled_model_landlords_experiment,episode_attempt_f58d00470bbae24eb32f,e220e3f820207d446139ab7a7d3ee489bb420419415fd191411c2cb888105d4c,included,housing_social_welfare_leaf,1.0.0,social_welfare,1.0.0,utility,tenant_4,tenant_4,0.0,utility_points,"{""disagreement_utility"":0.0}",ok,valid,[],"[""event_00000223""]",evaluation_receipt,episode_attempt_f58d00470bbae24eb32f,e220e3f820207d446139ab7a7d3ee489bb420419415fd191411c2cb888105d4c,true
result_118837fc9ecf829ebd321878,runplan_4d2736b89570c093,cell_ca5c55da0683d9dc049c,housing_v1__experiment__000001,housing_v1,housing_controlled_model_landlords_experiment,episode_attempt_f58d00470bbae24eb32f,e220e3f820207d446139ab7a7d3ee489bb420419415fd191411c2cb888105d4c,included,housing_social_welfare_leaf,1.0.0,social_welfare,1.0.0,utility,tenant_5,tenant_5,302.59,utility_points,"{""disagreement_utility"":0.0}",ok,valid,[],"[""event_00000223""]",evaluation_receipt,episode_attempt_f58d00470bbae24eb32f,e220e3f820207d446139ab7a7d3ee489bb420419415fd191411c2cb888105d4c,true
result_b2588279754fd8c7faf9708b,runplan_4d2736b89570c093,cell_ca5c55da0683d9dc049c,housing_v1__experiment__000001,housing_v1,housing_controlled_model_landlords_experiment,episode_attempt_f58d00470bbae24eb32f,e220e3f820207d446139ab7a7d3ee489bb420419415fd191411c2cb888105d4c,included,housing_social_welfare_leaf,1.0.0,social_welfare,1.0.0,capture,landlord_0,landlord_0,56.6,utility_points,"{""disagreement_utility"":0.0}",ok,valid,[],"[""event_00000223""]",evaluation_receipt,episode_attempt_f58d00470bbae24eb32f,e220e3f820207d446139ab7a7d3ee489bb420419415fd191411c2cb888105d4c,true
result_c393572a204eb58a9f2ca551,runplan_4d2736b89570c093,cell_ca5c55da0683d9dc049c,housing_v1__experiment__000001,housing_v1,housing_controlled_model_landlords_experiment,episode_attempt_f58d00470bbae24eb32f,e220e3f820207d446139ab7a7d3ee489bb420419415fd191411c2cb888105d4c,included,housing_social_welfare_leaf,1.0.0,social_welfare,1.0.0,capture,landlord_1,landlord_1,58.62,utility_points,"{""disagreement_utility"":0.0}",ok,valid,[],"[""event_00000223""]",evaluation_receipt,episode_attempt_f58d00470bbae24eb32f,e220e3f820207d446139ab7a7d3ee489bb420419415fd191411c2cb888105d4c,true
result_1096211111476bfea70d0fd8,runplan_4d2736b89570c093,cell_ca5c55da0683d9dc049c,housing_v1__experiment__000001,housing_v1,housing_controlled_model_landlords_experiment,episode_attempt_f58d00470bbae24eb32f,e220e3f820207d446139ab7a7d3ee489bb420419415fd191411c2cb888105d4c,included,housing_social_welfare_leaf,1.0.0,social_welfare,1.0.0,capture,landlord_2,landlord_2,0.0,utility_points,"{""disagreement_utility"":0.0}",ok,valid,[],"[""event_00000223""]",evaluation_receipt,episode_attempt_f58d00470bbae24eb32f,e220e3f820207d446139ab7a7d3ee489bb420419415fd191411c2cb888105d4c,true
result_83e5d90afd39019be9a5c805,runplan_4d2736b89570c093,cell_ca5c55da0683d9dc049c,housing_v1__experiment__000001,housing_v1,housing_controlled_model_landlords_experiment,episode_attempt_f58d00470bbae24eb32f,e220e3f820207d446139ab7a7d3ee489bb420419415fd191411c2cb888105d4c,included,housing_social_welfare_leaf,1.0.0,social_welfare,1.0.0,capture,landlord_3,landlord_3,297.64,utility_points,"{""disagreement_utility"":0.0}",ok,valid,[],"[""event_00000223""]",evaluation_receipt,episode_attempt_f58d00470bbae24eb32f,e220e3f820207d446139ab7a7d3ee489bb420419415fd191411c2cb888105d4c,true
result_0f3a1f29f49e58814f2dd177,runplan_4d2736b89570c093,cell_ca5c55da0683d9dc049c,housing_v1__experiment__000001,housing_v1,housing_controlled_model_landlords_experiment,episode_attempt_f58d00470bbae24eb32f,e220e3f820207d446139ab7a7d3ee489bb420419415fd191411c2cb888105d4c,included,housing_social_welfare_leaf,1.0.0,social_welfare,1.0.0,capture,landlord_4,landlord_4,22.52,utility_points,"{""disagreement_utility"":0.0}",ok,valid,[],"[""event_00000223""]",evaluation_receipt,episode_attempt_f58d00470bbae24eb32f,e220e3f820207d446139ab7a7d3ee489bb420419415fd191411c2cb888105d4c,true
result_da34b5a7a1c45e7c3d0141fb,runplan_4d2736b89570c093,cell_ca5c55da0683d9dc049c,housing_v1__experiment__000001,housing_v1,housing_controlled_model_landlords_experiment,episode_attempt_f58d00470bbae24eb32f,e220e3f820207d446139ab7a7d3ee489bb420419415fd191411c2cb888105d4c,included,housing_social_welfare_leaf,1.0.0,social_welfare,1.0.0,capture,tenant_0,tenant_0,423.79,utility_points,"{""disagreement_utility"":0.0}",ok,valid,[],"[""event_00000223""]",evaluation_receipt,episode_attempt_f58d00470bbae24eb32f,e220e3f820207d446139ab7a7d3ee489bb420419415fd191411c2cb888105d4c,true
result_84f0e66d5ec29babbfe5387c,runplan_4d2736b89570c093,cell_ca5c55da0683d9dc049c,housing_v1__experiment__000001,housing_v1,housing_controlled_model_landlords_experiment,episode_attempt_f58d00470bbae24eb32f,e220e3f820207d446139ab7a7d3ee489bb420419415fd191411c2cb888105d4c,included,housing_social_welfare_leaf,1.0.0,social_welfare,1.0.0,capture,tenant_1,tenant_1,396.04,utility_points,"{""disagreement_utility"":0.0}",ok,valid,[],"[""event_00000223""]",evaluation_receipt,episode_attempt_f58d00470bbae24eb32f,e220e3f820207d446139ab7a7d3ee489bb420419415fd191411c2cb888105d4c,true
result_860f59bcd0083f27fceb6528,runplan_4d2736b89570c093,cell_ca5c55da0683d9dc049c,housing_v1__experiment__000001,housing_v1,housing_controlled_model_landlords_experiment,episode_attempt_f58d00470bbae24eb32f,e220e3f820207d446139ab7a7d3ee489bb420419415fd191411c2cb888105d4c,included,housing_social_welfare_leaf,1.0.0,social_welfare,1.0.0,capture,tenant_2,tenant_2,35.88,utility_points,"{""disagreement_utility"":0.0}",ok,valid,[],"[""event_00000223""]",evaluation_receipt,episode_attempt_f58d00470bbae24eb32f,e220e3f820207d446139ab7a7d3ee489bb420419415fd191411c2cb888105d4c,true
result_2f7a8f0dca44a32eb91b9737,runplan_4d2736b89570c093,cell_ca5c55da0683d9dc049c,housing_v1__experiment__000001,housing_v1,housing_controlled_model_landlords_experiment,episode_attempt_f58d00470bbae24eb32f,e220e3f820207d446139ab7a7d3ee489bb420419415fd191411c2cb888105d4c,included,housing_social_welfare_leaf,1.0.0,social_welfare,1.0.0,capture,tenant_3,tenant_3,0.0,utility_points,"{""disagreement_utility"":0.0}",ok,valid,[],"[""event_00000223""]",evaluation_receipt,episode_attempt_f58d00470bbae24eb32f,e220e3f820207d446139ab7a7d3ee489bb420419415fd191411c2cb888105d4c,true
result_0b7404210147022aacfb3597,runplan_4d2736b89570c093,cell_ca5c55da0683d9dc049c,housing_v1__experiment__000001,housing_v1,housing_controlled_model_landlords_experiment,episode_attempt_f58d00470bbae24eb32f,e220e3f820207d446139ab7a7d3ee489bb420419415fd191411c2cb888105d4c,included,housing_social_welfare_leaf,1.0.0,social_welfare,1.0.0,capture,tenant_4,tenant_4,0.0,utility_points,"{""disagreement_utility"":0.0}",ok,valid,[],"[""event_00000223""]",evaluation_receipt,episode_attempt_f58d00470bbae24eb32f,e220e3f820207d446139ab7a7d3ee489bb420419415fd191411c2cb888105d4c,true
result_58d6c7c0f9e507cfde436891,runplan_4d2736b89570c093,cell_ca5c55da0683d9dc049c,housing_v1__experiment__000001,housing_v1,housing_controlled_model_landlords_experiment,episode_attempt_f58d00470bbae24eb32f,e220e3f820207d446139ab7a7d3ee489bb420419415fd191411c2cb888105d4c,included,housing_social_welfare_leaf,1.0.0,social_welfare,1.0.0,capture,tenant_5,tenant_5,302.59,utility_points,"{""disagreement_utility"":0.0}",ok,valid,[],"[""event_00000223""]",evaluation_receipt,episode_attempt_f58d00470bbae24eb32f,e220e3f820207d446139ab7a7d3ee489bb420419415fd191411c2cb888105d4c,true
result_3f226aaefcc34793530f74f2,runplan_4d2736b89570c093,cell_ddae81fb086a6d55f41f,housing_v1__experiment__000008,housing_v1,housing_controlled_model_landlords_experiment,episode_attempt_52fb698ca736fa9fe32e,a648369a97709e6dc7561bafa64cf35e7d74bf3b919749a1216e971840eb47ee,included,housing_social_welfare_leaf,1.0.0,social_welfare,1.0.0,primary,social_welfare,,952.29,utility_points,{},ok,valid,[],"[""event_00000321""]",evaluation_receipt,episode_attempt_52fb698ca736fa9fe32e,a648369a97709e6dc7561bafa64cf35e7d74bf3b919749a1216e971840eb47ee,true
result_7985f04797e1407330fe9526,runplan_4d2736b89570c093,cell_ddae81fb086a6d55f41f,housing_v1__experiment__000008,housing_v1,housing_controlled_model_landlords_experiment,episode_attempt_52fb698ca736fa9fe32e,a648369a97709e6dc7561bafa64cf35e7d74bf3b919749a1216e971840eb47ee,included,housing_social_welfare_leaf,1.0.0,social_welfare,1.0.0,metric,comparison_baseline_gap,,0.0,utility_points,{},ok,valid,[],"[""event_00000321""]",evaluation_receipt,episode_attempt_52fb698ca736fa9fe32e,a648369a97709e6dc7561bafa64cf35e7d74bf3b919749a1216e971840eb47ee,true
result_dce46b94b7b15c891b7dc807,runplan_4d2736b89570c093,cell_ddae81fb086a6d55f41f,housing_v1__experiment__000008,housing_v1,housing_controlled_model_landlords_experiment,episode_attempt_52fb698ca736fa9fe32e,a648369a97709e6dc7561bafa64cf35e7d74bf3b919749a1216e971840eb47ee,included,housing_social_welfare_leaf,1.0.0,social_welfare,1.0.0,metric,ir_violation_count,,0.0,count,{},ok,valid,[],"[""event_00000321""]",evaluation_receipt,episode_attempt_52fb698ca736fa9fe32e,a648369a97709e6dc7561bafa64cf35e7d74bf3b919749a1216e971840eb47ee,true
result_d97f74f66f7c23f0b84dea50,runplan_4d2736b89570c093,cell_ddae81fb086a6d55f41f,housing_v1__experiment__000008,housing_v1,housing_controlled_model_landlords_experiment,episode_attempt_52fb698ca736fa9fe32e,a648369a97709e6dc7561bafa64cf35e7d74bf3b919749a1216e971840eb47ee,included,housing_social_welfare_leaf,1.0.0,social_welfare,1.0.0,metric,social_welfare,,952.29,utility_points,{},ok,valid,[],"[""event_00000321""]",evaluation_receipt,episode_attempt_52fb698ca736fa9fe32e,a648369a97709e6dc7561bafa64cf35e7d74bf3b919749a1216e971840eb47ee,true
result_73843978d1e019a756220709,runplan_4d2736b89570c093,cell_ddae81fb086a6d55f41f,housing_v1__experiment__000008,housing_v1,housing_controlled_model_landlords_experiment,episode_attempt_52fb698ca736fa9fe32e,a648369a97709e6dc7561bafa64cf35e7d74bf3b919749a1216e971840eb47ee,included,housing_social_welfare_leaf,1.0.0,social_welfare,1.0.0,metric,upper_bound_gap,,278.21000000000004,utility_points,{},ok,valid,[],"[""event_00000321""]",evaluation_receipt,episode_attempt_52fb698ca736fa9fe32e,a648369a97709e6dc7561bafa64cf35e7d74bf3b919749a1216e971840eb47ee,true
result_af2e4990e3d0ec37927c0aed,runplan_4d2736b89570c093,cell_ddae81fb086a6d55f41f,housing_v1__experiment__000008,housing_v1,housing_controlled_model_landlords_experiment,episode_attempt_52fb698ca736fa9fe32e,a648369a97709e6dc7561bafa64cf35e7d74bf3b919749a1216e971840eb47ee,included,housing_social_welfare_leaf,1.0.0,social_welfare,1.0.0,metric,wasted_contacts,,9.0,count,{},ok,valid,[],"[""event_00000321""]",evaluation_receipt,episode_attempt_52fb698ca736fa9fe32e,a648369a97709e6dc7561bafa64cf35e7d74bf3b919749a1216e971840eb47ee,true
result_f25965b12475acc27c182c53,runplan_4d2736b89570c093,cell_ddae81fb086a6d55f41f,housing_v1__experiment__000008,housing_v1,housing_controlled_model_landlords_experiment,episode_attempt_52fb698ca736fa9fe32e,a648369a97709e6dc7561bafa64cf35e7d74bf3b919749a1216e971840eb47ee,included,housing_social_welfare_leaf,1.0.0,social_welfare,1.0.0,metric,within_case_score,,0.7739049167005282,ratio,{},ok,valid,[],"[""event_00000321""]",evaluation_receipt,episode_attempt_52fb698ca736fa9fe32e,a648369a97709e6dc7561bafa64cf35e7d74bf3b919749a1216e971840eb47ee,true
result_6601c2a0885b3135c6b31ad4,runplan_4d2736b89570c093,cell_ddae81fb086a6d55f41f,housing_v1__experiment__000008,housing_v1,housing_controlled_model_landlords_experiment,episode_attempt_52fb698ca736fa9fe32e,a648369a97709e6dc7561bafa64cf35e7d74bf3b919749a1216e971840eb47ee,included,housing_social_welfare_leaf,1.0.0,social_welfare,1.0.0,reference,comparison_baseline,,952.29,utility_points,"{""policy"":""naive"",""reference_kind"":""comparison_baseline""}",ok,valid,[],"[""event_00000321""]",evaluation_receipt,episode_attempt_52fb698ca736fa9fe32e,a648369a97709e6dc7561bafa64cf35e7d74bf3b919749a1216e971840eb47ee,true
result_64ddcb5466fbda0ab7214fcd,runplan_4d2736b89570c093,cell_ddae81fb086a6d55f41f,housing_v1__experiment__000008,housing_v1,housing_controlled_model_landlords_experiment,episode_attempt_52fb698ca736fa9fe32e,a648369a97709e6dc7561bafa64cf35e7d74bf3b919749a1216e971840eb47ee,included,housing_social_welfare_leaf,1.0.0,social_welfare,1.0.0,reference,optimum_lower_bound,,0.0,utility_points,"{""policy"":""do_nothing"",""reference_kind"":""objective_lower_bound""}",ok,valid,[],"[""event_00000321""]",evaluation_receipt,episode_attempt_52fb698ca736fa9fe32e,a648369a97709e6dc7561bafa64cf35e7d74bf3b919749a1216e971840eb47ee,true
result_e36312e2f418c9dc5b16dd36,runplan_4d2736b89570c093,cell_ddae81fb086a6d55f41f,housing_v1__experiment__000008,housing_v1,housing_controlled_model_landlords_experiment,episode_attempt_52fb698ca736fa9fe32e,a648369a97709e6dc7561bafa64cf35e7d74bf3b919749a1216e971840eb47ee,included,housing_social_welfare_leaf,1.0.0,social_welfare,1.0.0,reference,optimum_upper_bound,,1230.5,utility_points,"{""reference_kind"":""objective_upper_bound"",""semantics"":""full_information_allocation_relaxation""}",ok,valid,[],"[""event_00000321""]",evaluation_receipt,episode_attempt_52fb698ca736fa9fe32e,a648369a97709e6dc7561bafa64cf35e7d74bf3b919749a1216e971840eb47ee,true
result_8e85cbc5dbe5602e584a2c45,runplan_4d2736b89570c093,cell_ddae81fb086a6d55f41f,housing_v1__experiment__000008,housing_v1,housing_controlled_model_landlords_experiment,episode_attempt_52fb698ca736fa9fe32e,a648369a97709e6dc7561bafa64cf35e7d74bf3b919749a1216e971840eb47ee,included,housing_social_welfare_leaf,1.0.0,social_welfare,1.0.0,utility,landlord_0,landlord_0,0.0,utility_points,"{""disagreement_utility"":0.0}",ok,valid,[],"[""event_00000321""]",evaluation_receipt,episode_attempt_52fb698ca736fa9fe32e,a648369a97709e6dc7561bafa64cf35e7d74bf3b919749a1216e971840eb47ee,true
result_b6ebbab4cf07decb4a232c3f,runplan_4d2736b89570c093,cell_ddae81fb086a6d55f41f,housing_v1__experiment__000008,housing_v1,housing_controlled_model_landlords_experiment,episode_attempt_52fb698ca736fa9fe32e,a648369a97709e6dc7561bafa64cf35e7d74bf3b919749a1216e971840eb47ee,included,housing_social_welfare_leaf,1.0.0,social_welfare,1.0.0,utility,landlord_1,landlord_1,0.0,utility_points,"{""disagreement_utility"":0.0}",ok,valid,[],"[""event_00000321""]",evaluation_receipt,episode_attempt_52fb698ca736fa9fe32e,a648369a97709e6dc7561bafa64cf35e7d74bf3b919749a1216e971840eb47ee,true
result_dd3d45b9934aaf415aeb9bc3,runplan_4d2736b89570c093,cell_ddae81fb086a6d55f41f,housing_v1__experiment__000008,housing_v1,housing_controlled_model_landlords_experiment,episode_attempt_52fb698ca736fa9fe32e,a648369a97709e6dc7561bafa64cf35e7d74bf3b919749a1216e971840eb47ee,included,housing_social_welfare_leaf,1.0.0,social_welfare,1.0.0,utility,landlord_2,landlord_2,0.0,utility_points,"{""disagreement_utility"":0.0}",ok,valid,[],"[""event_00000321""]",evaluation_receipt,episode_attempt_52fb698ca736fa9fe32e,a648369a97709e6dc7561bafa64cf35e7d74bf3b919749a1216e971840eb47ee,true
result_348f3e3413be02064a6400a4,runplan_4d2736b89570c093,cell_ddae81fb086a6d55f41f,housing_v1__experiment__000008,housing_v1,housing_controlled_model_landlords_experiment,episode_attempt_52fb698ca736fa9fe32e,a648369a97709e6dc7561bafa64cf35e7d74bf3b919749a1216e971840eb47ee,included,housing_social_welfare_leaf,1.0.0,social_welfare,1.0.0,utility,landlord_3,landlord_3,347.98,utility_points,"{""disagreement_utility"":0.0}",ok,valid,[],"[""event_00000321""]",evaluation_receipt,episode_attempt_52fb698ca736fa9fe32e,a648369a97709e6dc7561bafa64cf35e7d74bf3b919749a1216e971840eb47ee,true
result_fdff2f194fe28b3d71daf235,runplan_4d2736b89570c093,cell_ddae81fb086a6d55f41f,housing_v1__experiment__000008,housing_v1,housing_controlled_model_landlords_experiment,episode_attempt_52fb698ca736fa9fe32e,a648369a97709e6dc7561bafa64cf35e7d74bf3b919749a1216e971840eb47ee,included,housing_social_welfare_leaf,1.0.0,social_welfare,1.0.0,utility,landlord_4,landlord_4,60.91,utility_points,"{""disagreement_utility"":0.0}",ok,valid,[],"[""event_00000321""]",evaluation_receipt,episode_attempt_52fb698ca736fa9fe32e,a648369a97709e6dc7561bafa64cf35e7d74bf3b919749a1216e971840eb47ee,true
result_cc7564808bab297df7f5bef7,runplan_4d2736b89570c093,cell_ddae81fb086a6d55f41f,housing_v1__experiment__000008,housing_v1,housing_controlled_model_landlords_experiment,episode_attempt_52fb698ca736fa9fe32e,a648369a97709e6dc7561bafa64cf35e7d74bf3b919749a1216e971840eb47ee,included,housing_social_welfare_leaf,1.0.0,social_welfare,1.0.0,utility,tenant_0,tenant_0,167.67,utility_points,"{""disagreement_utility"":0.0}",ok,valid,[],"[""event_00000321""]",evaluation_receipt,episode_attempt_52fb698ca736fa9fe32e,a648369a97709e6dc7561bafa64cf35e7d74bf3b919749a1216e971840eb47ee,true
result_ff00d9a860df9d8f56e09b0b,runplan_4d2736b89570c093,cell_ddae81fb086a6d55f41f,housing_v1__experiment__000008,housing_v1,housing_controlled_model_landlords_experiment,episode_attempt_52fb698ca736fa9fe32e,a648369a97709e6dc7561bafa64cf35e7d74bf3b919749a1216e971840eb47ee,included,housing_social_welfare_leaf,1.0.0,social_welfare,1.0.0,utility,tenant_1,tenant_1,375.73,utility_points,"{""disagreement_utility"":0.0}",ok,valid,[],"[""event_00000321""]",evaluation_receipt,episode_attempt_52fb698ca736fa9fe32e,a648369a97709e6dc7561bafa64cf35e7d74bf3b919749a1216e971840eb47ee,true
result_077f692232d012c0c8a83681,runplan_4d2736b89570c093,cell_ddae81fb086a6d55f41f,housing_v1__experiment__000008,housing_v1,housing_controlled_model_landlords_experiment,episode_attempt_52fb698ca736fa9fe32e,a648369a97709e6dc7561bafa64cf35e7d74bf3b919749a1216e971840eb47ee,included,housing_social_welfare_leaf,1.0.0,social_welfare,1.0.0,utility,tenant_2,tenant_2,0.0,utility_points,"{""disagreement_utility"":0.0}",ok,valid,[],"[""event_00000321""]",evaluation_receipt,episode_attempt_52fb698ca736fa9fe32e,a648369a97709e6dc7561bafa64cf35e7d74bf3b919749a1216e971840eb47ee,true
result_8dcdb0e51cfdcd412b05bc8f,runplan_4d2736b89570c093,cell_ddae81fb086a6d55f41f,housing_v1__experiment__000008,housing_v1,housing_controlled_model_landlords_experiment,episode_attempt_52fb698ca736fa9fe32e,a648369a97709e6dc7561bafa64cf35e7d74bf3b919749a1216e971840eb47ee,included,housing_social_welfare_leaf,1.0.0,social_welfare,1.0.0,utility,tenant_3,tenant_3,0.0,utility_points,"{""disagreement_utility"":0.0}",ok,valid,[],"[""event_00000321""]",evaluation_receipt,episode_attempt_52fb698ca736fa9fe32e,a648369a97709e6dc7561bafa64cf35e7d74bf3b919749a1216e971840eb47ee,true
result_42757f0ac4c1ef25f9270d84,runplan_4d2736b89570c093,cell_ddae81fb086a6d55f41f,housing_v1__experiment__000008,housing_v1,housing_controlled_model_landlords_experiment,episode_attempt_52fb698ca736fa9fe32e,a648369a97709e6dc7561bafa64cf35e7d74bf3b919749a1216e971840eb47ee,included,housing_social_welfare_leaf,1.0.0,social_welfare,1.0.0,utility,tenant_4,tenant_4,0.0,utility_points,"{""disagreement_utility"":0.0}",ok,valid,[],"[""event_00000321""]",evaluation_receipt,episode_attempt_52fb698ca736fa9fe32e,a648369a97709e6dc7561bafa64cf35e7d74bf3b919749a1216e971840eb47ee,true
result_ccf6ea11558e0160daa6f86c,runplan_4d2736b89570c093,cell_ddae81fb086a6d55f41f,housing_v1__experiment__000008,housing_v1,housing_controlled_model_landlords_experiment,episode_attempt_52fb698ca736fa9fe32e,a648369a97709e6dc7561bafa64cf35e7d74bf3b919749a1216e971840eb47ee,included,housing_social_welfare_leaf,1.0.0,social_welfare,1.0.0,utility,tenant_5,tenant_5,0.0,utility_points,"{""disagreement_utility"":0.0}",ok,valid,[],"[""event_00000321""]",evaluation_receipt,episode_attempt_52fb698ca736fa9fe32e,a648369a97709e6dc7561bafa64cf35e7d74bf3b919749a1216e971840eb47ee,true
result_88df34c8e77d35c8937f5e68,runplan_4d2736b89570c093,cell_ddae81fb086a6d55f41f,housing_v1__experiment__000008,housing_v1,housing_controlled_model_landlords_experiment,episode_attempt_52fb698ca736fa9fe32e,a648369a97709e6dc7561bafa64cf35e7d74bf3b919749a1216e971840eb47ee,included,housing_social_welfare_leaf,1.0.0,social_welfare,1.0.0,capture,landlord_0,landlord_0,0.0,utility_points,"{""disagreement_utility"":0.0}",ok,valid,[],"[""event_00000321""]",evaluation_receipt,episode_attempt_52fb698ca736fa9fe32e,a648369a97709e6dc7561bafa64cf35e7d74bf3b919749a1216e971840eb47ee,true
result_5f780b8095da0382a22ae45a,runplan_4d2736b89570c093,cell_ddae81fb086a6d55f41f,housing_v1__experiment__000008,housing_v1,housing_controlled_model_landlords_experiment,episode_attempt_52fb698ca736fa9fe32e,a648369a97709e6dc7561bafa64cf35e7d74bf3b919749a1216e971840eb47ee,included,housing_social_welfare_leaf,1.0.0,social_welfare,1.0.0,capture,landlord_1,landlord_1,0.0,utility_points,"{""disagreement_utility"":0.0}",ok,valid,[],"[""event_00000321""]",evaluation_receipt,episode_attempt_52fb698ca736fa9fe32e,a648369a97709e6dc7561bafa64cf35e7d74bf3b919749a1216e971840eb47ee,true
result_d3f99e5b94b815482ef519ae,runplan_4d2736b89570c093,cell_ddae81fb086a6d55f41f,housing_v1__experiment__000008,housing_v1,housing_controlled_model_landlords_experiment,episode_attempt_52fb698ca736fa9fe32e,a648369a97709e6dc7561bafa64cf35e7d74bf3b919749a1216e971840eb47ee,included,housing_social_welfare_leaf,1.0.0,social_welfare,1.0.0,capture,landlord_2,landlord_2,0.0,utility_points,"{""disagreement_utility"":0.0}",ok,valid,[],"[""event_00000321""]",evaluation_receipt,episode_attempt_52fb698ca736fa9fe32e,a648369a97709e6dc7561bafa64cf35e7d74bf3b919749a1216e971840eb47ee,true
result_e995ef856f6dce0fdc342fe4,runplan_4d2736b89570c093,cell_ddae81fb086a6d55f41f,housing_v1__experiment__000008,housing_v1,housing_controlled_model_landlords_experiment,episode_attempt_52fb698ca736fa9fe32e,a648369a97709e6dc7561bafa64cf35e7d74bf3b919749a1216e971840eb47ee,included,housing_social_welfare_leaf,1.0.0,social_welfare,1.0.0,capture,landlord_3,landlord_3,347.98,utility_points,"{""disagreement_utility"":0.0}",ok,valid,[],"[""event_00000321""]",evaluation_receipt,episode_attempt_52fb698ca736fa9fe32e,a648369a97709e6dc7561bafa64cf35e7d74bf3b919749a1216e971840eb47ee,true
result_03976e73d0343819d2f7a6f1,runplan_4d2736b89570c093,cell_ddae81fb086a6d55f41f,housing_v1__experiment__000008,housing_v1,housing_controlled_model_landlords_experiment,episode_attempt_52fb698ca736fa9fe32e,a648369a97709e6dc7561bafa64cf35e7d74bf3b919749a1216e971840eb47ee,included,housing_social_welfare_leaf,1.0.0,social_welfare,1.0.0,capture,landlord_4,landlord_4,60.91,utility_points,"{""disagreement_utility"":0.0}",ok,valid,[],"[""event_00000321""]",evaluation_receipt,episode_attempt_52fb698ca736fa9fe32e,a648369a97709e6dc7561bafa64cf35e7d74bf3b919749a1216e971840eb47ee,true
result_7b01a2ef5cdef2785468e87a,runplan_4d2736b89570c093,cell_ddae81fb086a6d55f41f,housing_v1__experiment__000008,housing_v1,housing_controlled_model_landlords_experiment,episode_attempt_52fb698ca736fa9fe32e,a648369a97709e6dc7561bafa64cf35e7d74bf3b919749a1216e971840eb47ee,included,housing_social_welfare_leaf,1.0.0,social_welfare,1.0.0,capture,tenant_0,tenant_0,167.67,utility_points,"{""disagreement_utility"":0.0}",ok,valid,[],"[""event_00000321""]",evaluation_receipt,episode_attempt_52fb698ca736fa9fe32e,a648369a97709e6dc7561bafa64cf35e7d74bf3b919749a1216e971840eb47ee,true
result_183f540472b5832280534db7,runplan_4d2736b89570c093,cell_ddae81fb086a6d55f41f,housing_v1__experiment__000008,housing_v1,housing_controlled_model_landlords_experiment,episode_attempt_52fb698ca736fa9fe32e,a648369a97709e6dc7561bafa64cf35e7d74bf3b919749a1216e971840eb47ee,included,housing_social_welfare_leaf,1.0.0,social_welfare,1.0.0,capture,tenant_1,tenant_1,375.73,utility_points,"{""disagreement_utility"":0.0}",ok,valid,[],"[""event_00000321""]",evaluation_receipt,episode_attempt_52fb698ca736fa9fe32e,a648369a97709e6dc7561bafa64cf35e7d74bf3b919749a1216e971840eb47ee,true
result_e8f2547c111ee0ba5b4cc6db,runplan_4d2736b89570c093,cell_ddae81fb086a6d55f41f,housing_v1__experiment__000008,housing_v1,housing_controlled_model_landlords_experiment,episode_attempt_52fb698ca736fa9fe32e,a648369a97709e6dc7561bafa64cf35e7d74bf3b919749a1216e971840eb47ee,included,housing_social_welfare_leaf,1.0.0,social_welfare,1.0.0,capture,tenant_2,tenant_2,0.0,utility_points,"{""disagreement_utility"":0.0}",ok,valid,[],"[""event_00000321""]",evaluation_receipt,episode_attempt_52fb698ca736fa9fe32e,a648369a97709e6dc7561bafa64cf35e7d74bf3b919749a1216e971840eb47ee,true
result_2e95832aec2fa158063d84e9,runplan_4d2736b89570c093,cell_ddae81fb086a6d55f41f,housing_v1__experiment__000008,housing_v1,housing_controlled_model_landlords_experiment,episode_attempt_52fb698ca736fa9fe32e,a648369a97709e6dc7561bafa64cf35e7d74bf3b919749a1216e971840eb47ee,included,housing_social_welfare_leaf,1.0.0,social_welfare,1.0.0,capture,tenant_3,tenant_3,0.0,utility_points,"{""disagreement_utility"":0.0}",ok,valid,[],"[""event_00000321""]",evaluation_receipt,episode_attempt_52fb698ca736fa9fe32e,a648369a97709e6dc7561bafa64cf35e7d74bf3b919749a1216e971840eb47ee,true
result_70d1b54889e2044ab871a269,runplan_4d2736b89570c093,cell_ddae81fb086a6d55f41f,housing_v1__experiment__000008,housing_v1,housing_controlled_model_landlords_experiment,episode_attempt_52fb698ca736fa9fe32e,a648369a97709e6dc7561bafa64cf35e7d74bf3b919749a1216e971840eb47ee,included,housing_social_welfare_leaf,1.0.0,social_welfare,1.0.0,capture,tenant_4,tenant_4,0.0,utility_points,"{""disagreement_utility"":0.0}",ok,valid,[],"[""event_00000321""]",evaluation_receipt,episode_attempt_52fb698ca736fa9fe32e,a648369a97709e6dc7561bafa64cf35e7d74bf3b919749a1216e971840eb47ee,true
result_3b5cd9f813b09aaed5f6c595,runplan_4d2736b89570c093,cell_ddae81fb086a6d55f41f,housing_v1__experiment__000008,housing_v1,housing_controlled_model_landlords_experiment,episode_attempt_52fb698ca736fa9fe32e,a648369a97709e6dc7561bafa64cf35e7d74bf3b919749a1216e971840eb47ee,included,housing_social_welfare_leaf,1.0.0,social_welfare,1.0.0,capture,tenant_5,tenant_5,0.0,utility_points,"{""disagreement_utility"":0.0}",ok,valid,[],"[""event_00000321""]",evaluation_receipt,episode_attempt_52fb698ca736fa9fe32e,a648369a97709e6dc7561bafa64cf35e7d74bf3b919749a1216e971840eb47ee,true
result_2e5300158c28789cffe9ed08,runplan_4d2736b89570c093,cell_de17352763a4543affcd,housing_v1__experiment__000001,housing_v1,housing_controlled_model_landlords_experiment,episode_attempt_8b03eb7dd67b664b1e15,0efbd0eae1a47e0023fee2302738703e0f6498d2b6381ad67ff5bd469573e2e0,included,housing_social_welfare_leaf,1.0.0,social_welfare,1.0.0,primary,social_welfare,,1635.15,utility_points,{},ok,valid,[],"[""event_00000231""]",evaluation_receipt,episode_attempt_8b03eb7dd67b664b1e15,0efbd0eae1a47e0023fee2302738703e0f6498d2b6381ad67ff5bd469573e2e0,true
result_bb32a4766c0b7c9e0b088fba,runplan_4d2736b89570c093,cell_de17352763a4543affcd,housing_v1__experiment__000001,housing_v1,housing_controlled_model_landlords_experiment,episode_attempt_8b03eb7dd67b664b1e15,0efbd0eae1a47e0023fee2302738703e0f6498d2b6381ad67ff5bd469573e2e0,included,housing_social_welfare_leaf,1.0.0,social_welfare,1.0.0,metric,comparison_baseline_gap,,26.90000000000009,utility_points,{},ok,valid,[],"[""event_00000231""]",evaluation_receipt,episode_attempt_8b03eb7dd67b664b1e15,0efbd0eae1a47e0023fee2302738703e0f6498d2b6381ad67ff5bd469573e2e0,true
result_830b818323bdff0823cadcdc,runplan_4d2736b89570c093,cell_de17352763a4543affcd,housing_v1__experiment__000001,housing_v1,housing_controlled_model_landlords_experiment,episode_attempt_8b03eb7dd67b664b1e15,0efbd0eae1a47e0023fee2302738703e0f6498d2b6381ad67ff5bd469573e2e0,included,housing_social_welfare_leaf,1.0.0,social_welfare,1.0.0,metric,ir_violation_count,,0.0,count,{},ok,valid,[],"[""event_00000231""]",evaluation_receipt,episode_attempt_8b03eb7dd67b664b1e15,0efbd0eae1a47e0023fee2302738703e0f6498d2b6381ad67ff5bd469573e2e0,true
result_ae8bbf5c622bd2de42097b03,runplan_4d2736b89570c093,cell_de17352763a4543affcd,housing_v1__experiment__000001,housing_v1,housing_controlled_model_landlords_experiment,episode_attempt_8b03eb7dd67b664b1e15,0efbd0eae1a47e0023fee2302738703e0f6498d2b6381ad67ff5bd469573e2e0,included,housing_social_welfare_leaf,1.0.0,social_welfare,1.0.0,metric,social_welfare,,1635.15,utility_points,{},ok,valid,[],"[""event_00000231""]",evaluation_receipt,episode_attempt_8b03eb7dd67b664b1e15,0efbd0eae1a47e0023fee2302738703e0f6498d2b6381ad67ff5bd469573e2e0,true
result_702ac692af8c982085776d14,runplan_4d2736b89570c093,cell_de17352763a4543affcd,housing_v1__experiment__000001,housing_v1,housing_controlled_model_landlords_experiment,episode_attempt_8b03eb7dd67b664b1e15,0efbd0eae1a47e0023fee2302738703e0f6498d2b6381ad67ff5bd469573e2e0,included,housing_social_welfare_leaf,1.0.0,social_welfare,1.0.0,metric,upper_bound_gap,,153.83999999999992,utility_points,{},ok,valid,[],"[""event_00000231""]",evaluation_receipt,episode_attempt_8b03eb7dd67b664b1e15,0efbd0eae1a47e0023fee2302738703e0f6498d2b6381ad67ff5bd469573e2e0,true
result_a060618832af4ae5c4a757fc,runplan_4d2736b89570c093,cell_de17352763a4543affcd,housing_v1__experiment__000001,housing_v1,housing_controlled_model_landlords_experiment,episode_attempt_8b03eb7dd67b664b1e15,0efbd0eae1a47e0023fee2302738703e0f6498d2b6381ad67ff5bd469573e2e0,included,housing_social_welfare_leaf,1.0.0,social_welfare,1.0.0,metric,wasted_contacts,,5.0,count,{},ok,valid,[],"[""event_00000231""]",evaluation_receipt,episode_attempt_8b03eb7dd67b664b1e15,0efbd0eae1a47e0023fee2302738703e0f6498d2b6381ad67ff5bd469573e2e0,true
result_6952ddf3a54cb983d6d2a496,runplan_4d2736b89570c093,cell_de17352763a4543affcd,housing_v1__experiment__000001,housing_v1,housing_controlled_model_landlords_experiment,episode_attempt_8b03eb7dd67b664b1e15,0efbd0eae1a47e0023fee2302738703e0f6498d2b6381ad67ff5bd469573e2e0,included,housing_social_welfare_leaf,1.0.0,social_welfare,1.0.0,metric,within_case_score,,0.914007344926467,ratio,{},ok,valid,[],"[""event_00000231""]",evaluation_receipt,episode_attempt_8b03eb7dd67b664b1e15,0efbd0eae1a47e0023fee2302738703e0f6498d2b6381ad67ff5bd469573e2e0,true
result_aee9a0c11fa7529334cabf2c,runplan_4d2736b89570c093,cell_de17352763a4543affcd,housing_v1__experiment__000001,housing_v1,housing_controlled_model_landlords_experiment,episode_attempt_8b03eb7dd67b664b1e15,0efbd0eae1a47e0023fee2302738703e0f6498d2b6381ad67ff5bd469573e2e0,included,housing_social_welfare_leaf,1.0.0,social_welfare,1.0.0,reference,comparison_baseline,,1608.25,utility_points,"{""policy"":""naive"",""reference_kind"":""comparison_baseline""}",ok,valid,[],"[""event_00000231""]",evaluation_receipt,episode_attempt_8b03eb7dd67b664b1e15,0efbd0eae1a47e0023fee2302738703e0f6498d2b6381ad67ff5bd469573e2e0,true
result_f62fd3ce19253612accb90a8,runplan_4d2736b89570c093,cell_de17352763a4543affcd,housing_v1__experiment__000001,housing_v1,housing_controlled_model_landlords_experiment,episode_attempt_8b03eb7dd67b664b1e15,0efbd0eae1a47e0023fee2302738703e0f6498d2b6381ad67ff5bd469573e2e0,included,housing_social_welfare_leaf,1.0.0,social_welfare,1.0.0,reference,optimum_lower_bound,,0.0,utility_points,"{""policy"":""do_nothing"",""reference_kind"":""objective_lower_bound""}",ok,valid,[],"[""event_00000231""]",evaluation_receipt,episode_attempt_8b03eb7dd67b664b1e15,0efbd0eae1a47e0023fee2302738703e0f6498d2b6381ad67ff5bd469573e2e0,true
result_0199f37b2bb13db6b5257332,runplan_4d2736b89570c093,cell_de17352763a4543affcd,housing_v1__experiment__000001,housing_v1,housing_controlled_model_landlords_experiment,episode_attempt_8b03eb7dd67b664b1e15,0efbd0eae1a47e0023fee2302738703e0f6498d2b6381ad67ff5bd469573e2e0,included,housing_social_welfare_leaf,1.0.0,social_welfare,1.0.0,reference,optimum_upper_bound,,1788.99,utility_points,"{""reference_kind"":""objective_upper_bound"",""semantics"":""full_information_allocation_relaxation""}",ok,valid,[],"[""event_00000231""]",evaluation_receipt,episode_attempt_8b03eb7dd67b664b1e15,0efbd0eae1a47e0023fee2302738703e0f6498d2b6381ad67ff5bd469573e2e0,true
result_faaafa735cb7b7b4d9969d85,runplan_4d2736b89570c093,cell_de17352763a4543affcd,housing_v1__experiment__000001,housing_v1,housing_controlled_model_landlords_experiment,episode_attempt_8b03eb7dd67b664b1e15,0efbd0eae1a47e0023fee2302738703e0f6498d2b6381ad67ff5bd469573e2e0,included,housing_social_welfare_leaf,1.0.0,social_welfare,1.0.0,utility,landlord_0,landlord_0,56.6,utility_points,"{""disagreement_utility"":0.0}",ok,valid,[],"[""event_00000231""]",evaluation_receipt,episode_attempt_8b03eb7dd67b664b1e15,0efbd0eae1a47e0023fee2302738703e0f6498d2b6381ad67ff5bd469573e2e0,true
result_95e2175ec43856d18e4c611f,runplan_4d2736b89570c093,cell_de17352763a4543affcd,housing_v1__experiment__000001,housing_v1,housing_controlled_model_landlords_experiment,episode_attempt_8b03eb7dd67b664b1e15,0efbd0eae1a47e0023fee2302738703e0f6498d2b6381ad67ff5bd469573e2e0,included,housing_social_welfare_leaf,1.0.0,social_welfare,1.0.0,utility,landlord_1,landlord_1,58.62,utility_points,"{""disagreement_utility"":0.0}",ok,valid,[],"[""event_00000231""]",evaluation_receipt,episode_attempt_8b03eb7dd67b664b1e15,0efbd0eae1a47e0023fee2302738703e0f6498d2b6381ad67ff5bd469573e2e0,true
result_ad0bdbfcfe2b88c0ff2d9288,runplan_4d2736b89570c093,cell_de17352763a4543affcd,housing_v1__experiment__000001,housing_v1,housing_controlled_model_landlords_experiment,episode_attempt_8b03eb7dd67b664b1e15,0efbd0eae1a47e0023fee2302738703e0f6498d2b6381ad67ff5bd469573e2e0,included,housing_social_welfare_leaf,1.0.0,social_welfare,1.0.0,utility,landlord_2,landlord_2,0.0,utility_points,"{""disagreement_utility"":0.0}",ok,valid,[],"[""event_00000231""]",evaluation_receipt,episode_attempt_8b03eb7dd67b664b1e15,0efbd0eae1a47e0023fee2302738703e0f6498d2b6381ad67ff5bd469573e2e0,true
result_79c7b662aa9ec254b4587f9c,runplan_4d2736b89570c093,cell_de17352763a4543affcd,housing_v1__experiment__000001,housing_v1,housing_controlled_model_landlords_experiment,episode_attempt_8b03eb7dd67b664b1e15,0efbd0eae1a47e0023fee2302738703e0f6498d2b6381ad67ff5bd469573e2e0,included,housing_social_welfare_leaf,1.0.0,social_welfare,1.0.0,utility,landlord_3,landlord_3,97.64,utility_points,"{""disagreement_utility"":0.0}",ok,valid,[],"[""event_00000231""]",evaluation_receipt,episode_attempt_8b03eb7dd67b664b1e15,0efbd0eae1a47e0023fee2302738703e0f6498d2b6381ad67ff5bd469573e2e0,true
result_adcc54926aca01e2c5cfcf71,runplan_4d2736b89570c093,cell_de17352763a4543affcd,housing_v1__experiment__000001,housing_v1,housing_controlled_model_landlords_experiment,episode_attempt_8b03eb7dd67b664b1e15,0efbd0eae1a47e0023fee2302738703e0f6498d2b6381ad67ff5bd469573e2e0,included,housing_social_welfare_leaf,1.0.0,social_welfare,1.0.0,utility,landlord_4,landlord_4,187.52,utility_points,"{""disagreement_utility"":0.0}",ok,valid,[],"[""event_00000231""]",evaluation_receipt,episode_attempt_8b03eb7dd67b664b1e15,0efbd0eae1a47e0023fee2302738703e0f6498d2b6381ad67ff5bd469573e2e0,true
result_df157277c205ad57328f63a7,runplan_4d2736b89570c093,cell_de17352763a4543affcd,housing_v1__experiment__000001,housing_v1,housing_controlled_model_landlords_experiment,episode_attempt_8b03eb7dd67b664b1e15,0efbd0eae1a47e0023fee2302738703e0f6498d2b6381ad67ff5bd469573e2e0,included,housing_social_welfare_leaf,1.0.0,social_welfare,1.0.0,utility,tenant_0,tenant_0,423.79,utility_points,"{""disagreement_utility"":0.0}",ok,valid,[],"[""event_00000231""]",evaluation_receipt,episode_attempt_8b03eb7dd67b664b1e15,0efbd0eae1a47e0023fee2302738703e0f6498d2b6381ad67ff5bd469573e2e0,true
result_064a21d47c5a87e748d7f3e5,runplan_4d2736b89570c093,cell_de17352763a4543affcd,housing_v1__experiment__000001,housing_v1,housing_controlled_model_landlords_experiment,episode_attempt_8b03eb7dd67b664b1e15,0efbd0eae1a47e0023fee2302738703e0f6498d2b6381ad67ff5bd469573e2e0,included,housing_social_welfare_leaf,1.0.0,social_welfare,1.0.0,utility,tenant_1,tenant_1,2.6,utility_points,"{""disagreement_utility"":0.0}",ok,valid,[],"[""event_00000231""]",evaluation_receipt,episode_attempt_8b03eb7dd67b664b1e15,0efbd0eae1a47e0023fee2302738703e0f6498d2b6381ad67ff5bd469573e2e0,true
result_b895aaac9a4ecafe63825adb,runplan_4d2736b89570c093,cell_de17352763a4543affcd,housing_v1__experiment__000001,housing_v1,housing_controlled_model_landlords_experiment,episode_attempt_8b03eb7dd67b664b1e15,0efbd0eae1a47e0023fee2302738703e0f6498d2b6381ad67ff5bd469573e2e0,included,housing_social_welfare_leaf,1.0.0,social_welfare,1.0.0,utility,tenant_2,tenant_2,0.0,utility_points,"{""disagreement_utility"":0.0}",ok,valid,[],"[""event_00000231""]",evaluation_receipt,episode_attempt_8b03eb7dd67b664b1e15,0efbd0eae1a47e0023fee2302738703e0f6498d2b6381ad67ff5bd469573e2e0,true
result_ea49c7379a33b2267219e277,runplan_4d2736b89570c093,cell_de17352763a4543affcd,housing_v1__experiment__000001,housing_v1,housing_controlled_model_landlords_experiment,episode_attempt_8b03eb7dd67b664b1e15,0efbd0eae1a47e0023fee2302738703e0f6498d2b6381ad67ff5bd469573e2e0,included,housing_social_welfare_leaf,1.0.0,social_welfare,1.0.0,utility,tenant_3,tenant_3,305.79,utility_points,"{""disagreement_utility"":0.0}",ok,valid,[],"[""event_00000231""]",evaluation_receipt,episode_attempt_8b03eb7dd67b664b1e15,0efbd0eae1a47e0023fee2302738703e0f6498d2b6381ad67ff5bd469573e2e0,true
result_52bfc942e111eeb8afe44d0e,runplan_4d2736b89570c093,cell_de17352763a4543affcd,housing_v1__experiment__000001,housing_v1,housing_controlled_model_landlords_experiment,episode_attempt_8b03eb7dd67b664b1e15,0efbd0eae1a47e0023fee2302738703e0f6498d2b6381ad67ff5bd469573e2e0,included,housing_social_welfare_leaf,1.0.0,social_welfare,1.0.0,utility,tenant_4,tenant_4,0.0,utility_points,"{""disagreement_utility"":0.0}",ok,valid,[],"[""event_00000231""]",evaluation_receipt,episode_attempt_8b03eb7dd67b664b1e15,0efbd0eae1a47e0023fee2302738703e0f6498d2b6381ad67ff5bd469573e2e0,true
result_50cdcd9d6b6b9e818bf05b1f,runplan_4d2736b89570c093,cell_de17352763a4543affcd,housing_v1__experiment__000001,housing_v1,housing_controlled_model_landlords_experiment,episode_attempt_8b03eb7dd67b664b1e15,0efbd0eae1a47e0023fee2302738703e0f6498d2b6381ad67ff5bd469573e2e0,included,housing_social_welfare_leaf,1.0.0,social_welfare,1.0.0,utility,tenant_5,tenant_5,502.59,utility_points,"{""disagreement_utility"":0.0}",ok,valid,[],"[""event_00000231""]",evaluation_receipt,episode_attempt_8b03eb7dd67b664b1e15,0efbd0eae1a47e0023fee2302738703e0f6498d2b6381ad67ff5bd469573e2e0,true
result_4850ebd595503f1a31b45052,runplan_4d2736b89570c093,cell_de17352763a4543affcd,housing_v1__experiment__000001,housing_v1,housing_controlled_model_landlords_experiment,episode_attempt_8b03eb7dd67b664b1e15,0efbd0eae1a47e0023fee2302738703e0f6498d2b6381ad67ff5bd469573e2e0,included,housing_social_welfare_leaf,1.0.0,social_welfare,1.0.0,capture,landlord_0,landlord_0,56.6,utility_points,"{""disagreement_utility"":0.0}",ok,valid,[],"[""event_00000231""]",evaluation_receipt,episode_attempt_8b03eb7dd67b664b1e15,0efbd0eae1a47e0023fee2302738703e0f6498d2b6381ad67ff5bd469573e2e0,true
result_60023dab4468daa40994fdee,runplan_4d2736b89570c093,cell_de17352763a4543affcd,housing_v1__experiment__000001,housing_v1,housing_controlled_model_landlords_experiment,episode_attempt_8b03eb7dd67b664b1e15,0efbd0eae1a47e0023fee2302738703e0f6498d2b6381ad67ff5bd469573e2e0,included,housing_social_welfare_leaf,1.0.0,social_welfare,1.0.0,capture,landlord_1,landlord_1,58.62,utility_points,"{""disagreement_utility"":0.0}",ok,valid,[],"[""event_00000231""]",evaluation_receipt,episode_attempt_8b03eb7dd67b664b1e15,0efbd0eae1a47e0023fee2302738703e0f6498d2b6381ad67ff5bd469573e2e0,true
result_3a5bfea5507d01f4d97bab6f,runplan_4d2736b89570c093,cell_de17352763a4543affcd,housing_v1__experiment__000001,housing_v1,housing_controlled_model_landlords_experiment,episode_attempt_8b03eb7dd67b664b1e15,0efbd0eae1a47e0023fee2302738703e0f6498d2b6381ad67ff5bd469573e2e0,included,housing_social_welfare_leaf,1.0.0,social_welfare,1.0.0,capture,landlord_2,landlord_2,0.0,utility_points,"{""disagreement_utility"":0.0}",ok,valid,[],"[""event_00000231""]",evaluation_receipt,episode_attempt_8b03eb7dd67b664b1e15,0efbd0eae1a47e0023fee2302738703e0f6498d2b6381ad67ff5bd469573e2e0,true
result_6a39bf5cd59b67464a7a8a6a,runplan_4d2736b89570c093,cell_de17352763a4543affcd,housing_v1__experiment__000001,housing_v1,housing_controlled_model_landlords_experiment,episode_attempt_8b03eb7dd67b664b1e15,0efbd0eae1a47e0023fee2302738703e0f6498d2b6381ad67ff5bd469573e2e0,included,housing_social_welfare_leaf,1.0.0,social_welfare,1.0.0,capture,landlord_3,landlord_3,97.64,utility_points,"{""disagreement_utility"":0.0}",ok,valid,[],"[""event_00000231""]",evaluation_receipt,episode_attempt_8b03eb7dd67b664b1e15,0efbd0eae1a47e0023fee2302738703e0f6498d2b6381ad67ff5bd469573e2e0,true
result_bb92930ab9aaef09f69af75b,runplan_4d2736b89570c093,cell_de17352763a4543affcd,housing_v1__experiment__000001,housing_v1,housing_controlled_model_landlords_experiment,episode_attempt_8b03eb7dd67b664b1e15,0efbd0eae1a47e0023fee2302738703e0f6498d2b6381ad67ff5bd469573e2e0,included,housing_social_welfare_leaf,1.0.0,social_welfare,1.0.0,capture,landlord_4,landlord_4,187.52,utility_points,"{""disagreement_utility"":0.0}",ok,valid,[],"[""event_00000231""]",evaluation_receipt,episode_attempt_8b03eb7dd67b664b1e15,0efbd0eae1a47e0023fee2302738703e0f6498d2b6381ad67ff5bd469573e2e0,true
result_904f59121f509c677771e623,runplan_4d2736b89570c093,cell_de17352763a4543affcd,housing_v1__experiment__000001,housing_v1,housing_controlled_model_landlords_experiment,episode_attempt_8b03eb7dd67b664b1e15,0efbd0eae1a47e0023fee2302738703e0f6498d2b6381ad67ff5bd469573e2e0,included,housing_social_welfare_leaf,1.0.0,social_welfare,1.0.0,capture,tenant_0,tenant_0,423.79,utility_points,"{""disagreement_utility"":0.0}",ok,valid,[],"[""event_00000231""]",evaluation_receipt,episode_attempt_8b03eb7dd67b664b1e15,0efbd0eae1a47e0023fee2302738703e0f6498d2b6381ad67ff5bd469573e2e0,true
result_c84fad7afec1ab884db735f7,runplan_4d2736b89570c093,cell_de17352763a4543affcd,housing_v1__experiment__000001,housing_v1,housing_controlled_model_landlords_experiment,episode_attempt_8b03eb7dd67b664b1e15,0efbd0eae1a47e0023fee2302738703e0f6498d2b6381ad67ff5bd469573e2e0,included,housing_social_welfare_leaf,1.0.0,social_welfare,1.0.0,capture,tenant_1,tenant_1,2.6,utility_points,"{""disagreement_utility"":0.0}",ok,valid,[],"[""event_00000231""]",evaluation_receipt,episode_attempt_8b03eb7dd67b664b1e15,0efbd0eae1a47e0023fee2302738703e0f6498d2b6381ad67ff5bd469573e2e0,true
result_25d27e0657a61d5f9d50e1ff,runplan_4d2736b89570c093,cell_de17352763a4543affcd,housing_v1__experiment__000001,housing_v1,housing_controlled_model_landlords_experiment,episode_attempt_8b03eb7dd67b664b1e15,0efbd0eae1a47e0023fee2302738703e0f6498d2b6381ad67ff5bd469573e2e0,included,housing_social_welfare_leaf,1.0.0,social_welfare,1.0.0,capture,tenant_2,tenant_2,0.0,utility_points,"{""disagreement_utility"":0.0}",ok,valid,[],"[""event_00000231""]",evaluation_receipt,episode_attempt_8b03eb7dd67b664b1e15,0efbd0eae1a47e0023fee2302738703e0f6498d2b6381ad67ff5bd469573e2e0,true
result_393c44f06c37e09db14df669,runplan_4d2736b89570c093,cell_de17352763a4543affcd,housing_v1__experiment__000001,housing_v1,housing_controlled_model_landlords_experiment,episode_attempt_8b03eb7dd67b664b1e15,0efbd0eae1a47e0023fee2302738703e0f6498d2b6381ad67ff5bd469573e2e0,included,housing_social_welfare_leaf,1.0.0,social_welfare,1.0.0,capture,tenant_3,tenant_3,305.79,utility_points,"{""disagreement_utility"":0.0}",ok,valid,[],"[""event_00000231""]",evaluation_receipt,episode_attempt_8b03eb7dd67b664b1e15,0efbd0eae1a47e0023fee2302738703e0f6498d2b6381ad67ff5bd469573e2e0,true
result_19e777e7c1b39055626e4278,runplan_4d2736b89570c093,cell_de17352763a4543affcd,housing_v1__experiment__000001,housing_v1,housing_controlled_model_landlords_experiment,episode_attempt_8b03eb7dd67b664b1e15,0efbd0eae1a47e0023fee2302738703e0f6498d2b6381ad67ff5bd469573e2e0,included,housing_social_welfare_leaf,1.0.0,social_welfare,1.0.0,capture,tenant_4,tenant_4,0.0,utility_points,"{""disagreement_utility"":0.0}",ok,valid,[],"[""event_00000231""]",evaluation_receipt,episode_attempt_8b03eb7dd67b664b1e15,0efbd0eae1a47e0023fee2302738703e0f6498d2b6381ad67ff5bd469573e2e0,true
result_4334fc327fc5c44fef620e44,runplan_4d2736b89570c093,cell_de17352763a4543affcd,housing_v1__experiment__000001,housing_v1,housing_controlled_model_landlords_experiment,episode_attempt_8b03eb7dd67b664b1e15,0efbd0eae1a47e0023fee2302738703e0f6498d2b6381ad67ff5bd469573e2e0,included,housing_social_welfare_leaf,1.0.0,social_welfare,1.0.0,capture,tenant_5,tenant_5,502.59,utility_points,"{""disagreement_utility"":0.0}",ok,valid,[],"[""event_00000231""]",evaluation_receipt,episode_attempt_8b03eb7dd67b664b1e15,0efbd0eae1a47e0023fee2302738703e0f6498d2b6381ad67ff5bd469573e2e0,true
result_8170260e5be555eb16d5446b,runplan_4d2736b89570c093,cell_ecbb13cdeca58e83c5b4,housing_v1__experiment__000008,housing_v1,housing_controlled_model_landlords_experiment,episode_attempt_3b4c06dc76b3cf9fe8e8,a51b62cae5ff51849bcd243b387638a75aa3d56224ba0c7cf8f98163a50cc1bf,included,housing_social_welfare_leaf,1.0.0,social_welfare,1.0.0,primary,social_welfare,,1139.16,utility_points,{},ok,valid,[],"[""event_00000279""]",evaluation_receipt,episode_attempt_3b4c06dc76b3cf9fe8e8,a51b62cae5ff51849bcd243b387638a75aa3d56224ba0c7cf8f98163a50cc1bf,true
result_4d03f33f124e29681ee884d9,runplan_4d2736b89570c093,cell_ecbb13cdeca58e83c5b4,housing_v1__experiment__000008,housing_v1,housing_controlled_model_landlords_experiment,episode_attempt_3b4c06dc76b3cf9fe8e8,a51b62cae5ff51849bcd243b387638a75aa3d56224ba0c7cf8f98163a50cc1bf,included,housing_social_welfare_leaf,1.0.0,social_welfare,1.0.0,metric,comparison_baseline_gap,,186.87000000000012,utility_points,{},ok,valid,[],"[""event_00000279""]",evaluation_receipt,episode_attempt_3b4c06dc76b3cf9fe8e8,a51b62cae5ff51849bcd243b387638a75aa3d56224ba0c7cf8f98163a50cc1bf,true
result_631191885d5b6e9fd6e3c262,runplan_4d2736b89570c093,cell_ecbb13cdeca58e83c5b4,housing_v1__experiment__000008,housing_v1,housing_controlled_model_landlords_experiment,episode_attempt_3b4c06dc76b3cf9fe8e8,a51b62cae5ff51849bcd243b387638a75aa3d56224ba0c7cf8f98163a50cc1bf,included,housing_social_welfare_leaf,1.0.0,social_welfare,1.0.0,metric,ir_violation_count,,0.0,count,{},ok,valid,[],"[""event_00000279""]",evaluation_receipt,episode_attempt_3b4c06dc76b3cf9fe8e8,a51b62cae5ff51849bcd243b387638a75aa3d56224ba0c7cf8f98163a50cc1bf,true
result_db59719f7c7ec453d4800e2a,runplan_4d2736b89570c093,cell_ecbb13cdeca58e83c5b4,housing_v1__experiment__000008,housing_v1,housing_controlled_model_landlords_experiment,episode_attempt_3b4c06dc76b3cf9fe8e8,a51b62cae5ff51849bcd243b387638a75aa3d56224ba0c7cf8f98163a50cc1bf,included,housing_social_welfare_leaf,1.0.0,social_welfare,1.0.0,metric,social_welfare,,1139.16,utility_points,{},ok,valid,[],"[""event_00000279""]",evaluation_receipt,episode_attempt_3b4c06dc76b3cf9fe8e8,a51b62cae5ff51849bcd243b387638a75aa3d56224ba0c7cf8f98163a50cc1bf,true
result_d64ed78d84313db8cc28d321,runplan_4d2736b89570c093,cell_ecbb13cdeca58e83c5b4,housing_v1__experiment__000008,housing_v1,housing_controlled_model_landlords_experiment,episode_attempt_3b4c06dc76b3cf9fe8e8,a51b62cae5ff51849bcd243b387638a75aa3d56224ba0c7cf8f98163a50cc1bf,included,housing_social_welfare_leaf,1.0.0,social_welfare,1.0.0,metric,upper_bound_gap,,91.33999999999992,utility_points,{},ok,valid,[],"[""event_00000279""]",evaluation_receipt,episode_attempt_3b4c06dc76b3cf9fe8e8,a51b62cae5ff51849bcd243b387638a75aa3d56224ba0c7cf8f98163a50cc1bf,true
result_1591473040069c3989634cb2,runplan_4d2736b89570c093,cell_ecbb13cdeca58e83c5b4,housing_v1__experiment__000008,housing_v1,housing_controlled_model_landlords_experiment,episode_attempt_3b4c06dc76b3cf9fe8e8,a51b62cae5ff51849bcd243b387638a75aa3d56224ba0c7cf8f98163a50cc1bf,included,housing_social_welfare_leaf,1.0.0,social_welfare,1.0.0,metric,wasted_contacts,,7.0,count,{},ok,valid,[],"[""event_00000279""]",evaluation_receipt,episode_attempt_3b4c06dc76b3cf9fe8e8,a51b62cae5ff51849bcd243b387638a75aa3d56224ba0c7cf8f98163a50cc1bf,true
result_93daf64ba14fe300a65a65ae,runplan_4d2736b89570c093,cell_ecbb13cdeca58e83c5b4,housing_v1__experiment__000008,housing_v1,housing_controlled_model_landlords_experiment,episode_attempt_3b4c06dc76b3cf9fe8e8,a51b62cae5ff51849bcd243b387638a75aa3d56224ba0c7cf8f98163a50cc1bf,included,housing_social_welfare_leaf,1.0.0,social_welfare,1.0.0,metric,within_case_score,,0.9257700121901666,ratio,{},ok,valid,[],"[""event_00000279""]",evaluation_receipt,episode_attempt_3b4c06dc76b3cf9fe8e8,a51b62cae5ff51849bcd243b387638a75aa3d56224ba0c7cf8f98163a50cc1bf,true
result_619ef6c347fe4ca25d690736,runplan_4d2736b89570c093,cell_ecbb13cdeca58e83c5b4,housing_v1__experiment__000008,housing_v1,housing_controlled_model_landlords_experiment,episode_attempt_3b4c06dc76b3cf9fe8e8,a51b62cae5ff51849bcd243b387638a75aa3d56224ba0c7cf8f98163a50cc1bf,included,housing_social_welfare_leaf,1.0.0,social_welfare,1.0.0,reference,comparison_baseline,,952.29,utility_points,"{""policy"":""naive"",""reference_kind"":""comparison_baseline""}",ok,valid,[],"[""event_00000279""]",evaluation_receipt,episode_attempt_3b4c06dc76b3cf9fe8e8,a51b62cae5ff51849bcd243b387638a75aa3d56224ba0c7cf8f98163a50cc1bf,true
result_0a926941aa68e4d4746cee64,runplan_4d2736b89570c093,cell_ecbb13cdeca58e83c5b4,housing_v1__experiment__000008,housing_v1,housing_controlled_model_landlords_experiment,episode_attempt_3b4c06dc76b3cf9fe8e8,a51b62cae5ff51849bcd243b387638a75aa3d56224ba0c7cf8f98163a50cc1bf,included,housing_social_welfare_leaf,1.0.0,social_welfare,1.0.0,reference,optimum_lower_bound,,0.0,utility_points,"{""policy"":""do_nothing"",""reference_kind"":""objective_lower_bound""}",ok,valid,[],"[""event_00000279""]",evaluation_receipt,episode_attempt_3b4c06dc76b3cf9fe8e8,a51b62cae5ff51849bcd243b387638a75aa3d56224ba0c7cf8f98163a50cc1bf,true
result_11e8194d419b5e00e87104d3,runplan_4d2736b89570c093,cell_ecbb13cdeca58e83c5b4,housing_v1__experiment__000008,housing_v1,housing_controlled_model_landlords_experiment,episode_attempt_3b4c06dc76b3cf9fe8e8,a51b62cae5ff51849bcd243b387638a75aa3d56224ba0c7cf8f98163a50cc1bf,included,housing_social_welfare_leaf,1.0.0,social_welfare,1.0.0,reference,optimum_upper_bound,,1230.5,utility_points,"{""reference_kind"":""objective_upper_bound"",""semantics"":""full_information_allocation_relaxation""}",ok,valid,[],"[""event_00000279""]",evaluation_receipt,episode_attempt_3b4c06dc76b3cf9fe8e8,a51b62cae5ff51849bcd243b387638a75aa3d56224ba0c7cf8f98163a50cc1bf,true
result_bc23d39ce575b3099c75246c,runplan_4d2736b89570c093,cell_ecbb13cdeca58e83c5b4,housing_v1__experiment__000008,housing_v1,housing_controlled_model_landlords_experiment,episode_attempt_3b4c06dc76b3cf9fe8e8,a51b62cae5ff51849bcd243b387638a75aa3d56224ba0c7cf8f98163a50cc1bf,included,housing_social_welfare_leaf,1.0.0,social_welfare,1.0.0,utility,landlord_0,landlord_0,0.0,utility_points,"{""disagreement_utility"":0.0}",ok,valid,[],"[""event_00000279""]",evaluation_receipt,episode_attempt_3b4c06dc76b3cf9fe8e8,a51b62cae5ff51849bcd243b387638a75aa3d56224ba0c7cf8f98163a50cc1bf,true
result_302816cbad553b32bbae5ab2,runplan_4d2736b89570c093,cell_ecbb13cdeca58e83c5b4,housing_v1__experiment__000008,housing_v1,housing_controlled_model_landlords_experiment,episode_attempt_3b4c06dc76b3cf9fe8e8,a51b62cae5ff51849bcd243b387638a75aa3d56224ba0c7cf8f98163a50cc1bf,included,housing_social_welfare_leaf,1.0.0,social_welfare,1.0.0,utility,landlord_1,landlord_1,50.51,utility_points,"{""disagreement_utility"":0.0}",ok,valid,[],"[""event_00000279""]",evaluation_receipt,episode_attempt_3b4c06dc76b3cf9fe8e8,a51b62cae5ff51849bcd243b387638a75aa3d56224ba0c7cf8f98163a50cc1bf,true
result_ccbdc02b99aa0e7a8bf22113,runplan_4d2736b89570c093,cell_ecbb13cdeca58e83c5b4,housing_v1__experiment__000008,housing_v1,housing_controlled_model_landlords_experiment,episode_attempt_3b4c06dc76b3cf9fe8e8,a51b62cae5ff51849bcd243b387638a75aa3d56224ba0c7cf8f98163a50cc1bf,included,housing_social_welfare_leaf,1.0.0,social_welfare,1.0.0,utility,landlord_2,landlord_2,0.0,utility_points,"{""disagreement_utility"":0.0}",ok,valid,[],"[""event_00000279""]",evaluation_receipt,episode_attempt_3b4c06dc76b3cf9fe8e8,a51b62cae5ff51849bcd243b387638a75aa3d56224ba0c7cf8f98163a50cc1bf,true
result_d24e0937807d47d0f93d98f9,runplan_4d2736b89570c093,cell_ecbb13cdeca58e83c5b4,housing_v1__experiment__000008,housing_v1,housing_controlled_model_landlords_experiment,episode_attempt_3b4c06dc76b3cf9fe8e8,a51b62cae5ff51849bcd243b387638a75aa3d56224ba0c7cf8f98163a50cc1bf,included,housing_social_welfare_leaf,1.0.0,social_welfare,1.0.0,utility,landlord_3,landlord_3,347.98,utility_points,"{""disagreement_utility"":0.0}",ok,valid,[],"[""event_00000279""]",evaluation_receipt,episode_attempt_3b4c06dc76b3cf9fe8e8,a51b62cae5ff51849bcd243b387638a75aa3d56224ba0c7cf8f98163a50cc1bf,true
result_0b2a1b617673e229da0a6846,runplan_4d2736b89570c093,cell_ecbb13cdeca58e83c5b4,housing_v1__experiment__000008,housing_v1,housing_controlled_model_landlords_experiment,episode_attempt_3b4c06dc76b3cf9fe8e8,a51b62cae5ff51849bcd243b387638a75aa3d56224ba0c7cf8f98163a50cc1bf,included,housing_social_welfare_leaf,1.0.0,social_welfare,1.0.0,utility,landlord_4,landlord_4,134.91,utility_points,"{""disagreement_utility"":0.0}",ok,valid,[],"[""event_00000279""]",evaluation_receipt,episode_attempt_3b4c06dc76b3cf9fe8e8,a51b62cae5ff51849bcd243b387638a75aa3d56224ba0c7cf8f98163a50cc1bf,true
result_9cd51955f6bfde78f2cf26eb,runplan_4d2736b89570c093,cell_ecbb13cdeca58e83c5b4,housing_v1__experiment__000008,housing_v1,housing_controlled_model_landlords_experiment,episode_attempt_3b4c06dc76b3cf9fe8e8,a51b62cae5ff51849bcd243b387638a75aa3d56224ba0c7cf8f98163a50cc1bf,included,housing_social_welfare_leaf,1.0.0,social_welfare,1.0.0,utility,tenant_0,tenant_0,283.94,utility_points,"{""disagreement_utility"":0.0}",ok,valid,[],"[""event_00000279""]",evaluation_receipt,episode_attempt_3b4c06dc76b3cf9fe8e8,a51b62cae5ff51849bcd243b387638a75aa3d56224ba0c7cf8f98163a50cc1bf,true
result_dcaa5ca776333d7b0c2becec,runplan_4d2736b89570c093,cell_ecbb13cdeca58e83c5b4,housing_v1__experiment__000008,housing_v1,housing_controlled_model_landlords_experiment,episode_attempt_3b4c06dc76b3cf9fe8e8,a51b62cae5ff51849bcd243b387638a75aa3d56224ba0c7cf8f98163a50cc1bf,included,housing_social_welfare_leaf,1.0.0,social_welfare,1.0.0,utility,tenant_1,tenant_1,0.0,utility_points,"{""disagreement_utility"":0.0}",ok,valid,[],"[""event_00000279""]",evaluation_receipt,episode_attempt_3b4c06dc76b3cf9fe8e8,a51b62cae5ff51849bcd243b387638a75aa3d56224ba0c7cf8f98163a50cc1bf,true
result_592e45126d590523dc82910e,runplan_4d2736b89570c093,cell_ecbb13cdeca58e83c5b4,housing_v1__experiment__000008,housing_v1,housing_controlled_model_landlords_experiment,episode_attempt_3b4c06dc76b3cf9fe8e8,a51b62cae5ff51849bcd243b387638a75aa3d56224ba0c7cf8f98163a50cc1bf,included,housing_social_welfare_leaf,1.0.0,social_welfare,1.0.0,utility,tenant_2,tenant_2,285.47,utility_points,"{""disagreement_utility"":0.0}",ok,valid,[],"[""event_00000279""]",evaluation_receipt,episode_attempt_3b4c06dc76b3cf9fe8e8,a51b62cae5ff51849bcd243b387638a75aa3d56224ba0c7cf8f98163a50cc1bf,true
result_de959fcefb7f16ceb5bdc0b5,runplan_4d2736b89570c093,cell_ecbb13cdeca58e83c5b4,housing_v1__experiment__000008,housing_v1,housing_controlled_model_landlords_experiment,episode_attempt_3b4c06dc76b3cf9fe8e8,a51b62cae5ff51849bcd243b387638a75aa3d56224ba0c7cf8f98163a50cc1bf,included,housing_social_welfare_leaf,1.0.0,social_welfare,1.0.0,utility,tenant_3,tenant_3,36.35,utility_points,"{""disagreement_utility"":0.0}",ok,valid,[],"[""event_00000279""]",evaluation_receipt,episode_attempt_3b4c06dc76b3cf9fe8e8,a51b62cae5ff51849bcd243b387638a75aa3d56224ba0c7cf8f98163a50cc1bf,true
result_f7a6d436688b4191348625b1,runplan_4d2736b89570c093,cell_ecbb13cdeca58e83c5b4,housing_v1__experiment__000008,housing_v1,housing_controlled_model_landlords_experiment,episode_attempt_3b4c06dc76b3cf9fe8e8,a51b62cae5ff51849bcd243b387638a75aa3d56224ba0c7cf8f98163a50cc1bf,included,housing_social_welfare_leaf,1.0.0,social_welfare,1.0.0,utility,tenant_4,tenant_4,0.0,utility_points,"{""disagreement_utility"":0.0}",ok,valid,[],"[""event_00000279""]",evaluation_receipt,episode_attempt_3b4c06dc76b3cf9fe8e8,a51b62cae5ff51849bcd243b387638a75aa3d56224ba0c7cf8f98163a50cc1bf,true
result_9ba48d1a690370000d27cada,runplan_4d2736b89570c093,cell_ecbb13cdeca58e83c5b4,housing_v1__experiment__000008,housing_v1,housing_controlled_model_landlords_experiment,episode_attempt_3b4c06dc76b3cf9fe8e8,a51b62cae5ff51849bcd243b387638a75aa3d56224ba0c7cf8f98163a50cc1bf,included,housing_social_welfare_leaf,1.0.0,social_welfare,1.0.0,utility,tenant_5,tenant_5,0.0,utility_points,"{""disagreement_utility"":0.0}",ok,valid,[],"[""event_00000279""]",evaluation_receipt,episode_attempt_3b4c06dc76b3cf9fe8e8,a51b62cae5ff51849bcd243b387638a75aa3d56224ba0c7cf8f98163a50cc1bf,true
result_e88dfb6a3951c597712efb15,runplan_4d2736b89570c093,cell_ecbb13cdeca58e83c5b4,housing_v1__experiment__000008,housing_v1,housing_controlled_model_landlords_experiment,episode_attempt_3b4c06dc76b3cf9fe8e8,a51b62cae5ff51849bcd243b387638a75aa3d56224ba0c7cf8f98163a50cc1bf,included,housing_social_welfare_leaf,1.0.0,social_welfare,1.0.0,capture,landlord_0,landlord_0,0.0,utility_points,"{""disagreement_utility"":0.0}",ok,valid,[],"[""event_00000279""]",evaluation_receipt,episode_attempt_3b4c06dc76b3cf9fe8e8,a51b62cae5ff51849bcd243b387638a75aa3d56224ba0c7cf8f98163a50cc1bf,true
result_2234bb88bc4a0c1ac9c35c8a,runplan_4d2736b89570c093,cell_ecbb13cdeca58e83c5b4,housing_v1__experiment__000008,housing_v1,housing_controlled_model_landlords_experiment,episode_attempt_3b4c06dc76b3cf9fe8e8,a51b62cae5ff51849bcd243b387638a75aa3d56224ba0c7cf8f98163a50cc1bf,included,housing_social_welfare_leaf,1.0.0,social_welfare,1.0.0,capture,landlord_1,landlord_1,50.51,utility_points,"{""disagreement_utility"":0.0}",ok,valid,[],"[""event_00000279""]",evaluation_receipt,episode_attempt_3b4c06dc76b3cf9fe8e8,a51b62cae5ff51849bcd243b387638a75aa3d56224ba0c7cf8f98163a50cc1bf,true
result_13dcb5c0dc3fbc8b870bd02a,runplan_4d2736b89570c093,cell_ecbb13cdeca58e83c5b4,housing_v1__experiment__000008,housing_v1,housing_controlled_model_landlords_experiment,episode_attempt_3b4c06dc76b3cf9fe8e8,a51b62cae5ff51849bcd243b387638a75aa3d56224ba0c7cf8f98163a50cc1bf,included,housing_social_welfare_leaf,1.0.0,social_welfare,1.0.0,capture,landlord_2,landlord_2,0.0,utility_points,"{""disagreement_utility"":0.0}",ok,valid,[],"[""event_00000279""]",evaluation_receipt,episode_attempt_3b4c06dc76b3cf9fe8e8,a51b62cae5ff51849bcd243b387638a75aa3d56224ba0c7cf8f98163a50cc1bf,true
result_3d8f388c5d93058c048c896f,runplan_4d2736b89570c093,cell_ecbb13cdeca58e83c5b4,housing_v1__experiment__000008,housing_v1,housing_controlled_model_landlords_experiment,episode_attempt_3b4c06dc76b3cf9fe8e8,a51b62cae5ff51849bcd243b387638a75aa3d56224ba0c7cf8f98163a50cc1bf,included,housing_social_welfare_leaf,1.0.0,social_welfare,1.0.0,capture,landlord_3,landlord_3,347.98,utility_points,"{""disagreement_utility"":0.0}",ok,valid,[],"[""event_00000279""]",evaluation_receipt,episode_attempt_3b4c06dc76b3cf9fe8e8,a51b62cae5ff51849bcd243b387638a75aa3d56224ba0c7cf8f98163a50cc1bf,true
result_bbd58ca686225570c1990580,runplan_4d2736b89570c093,cell_ecbb13cdeca58e83c5b4,housing_v1__experiment__000008,housing_v1,housing_controlled_model_landlords_experiment,episode_attempt_3b4c06dc76b3cf9fe8e8,a51b62cae5ff51849bcd243b387638a75aa3d56224ba0c7cf8f98163a50cc1bf,included,housing_social_welfare_leaf,1.0.0,social_welfare,1.0.0,capture,landlord_4,landlord_4,134.91,utility_points,"{""disagreement_utility"":0.0}",ok,valid,[],"[""event_00000279""]",evaluation_receipt,episode_attempt_3b4c06dc76b3cf9fe8e8,a51b62cae5ff51849bcd243b387638a75aa3d56224ba0c7cf8f98163a50cc1bf,true
result_ad77a19bb52ea045cddeca44,runplan_4d2736b89570c093,cell_ecbb13cdeca58e83c5b4,housing_v1__experiment__000008,housing_v1,housing_controlled_model_landlords_experiment,episode_attempt_3b4c06dc76b3cf9fe8e8,a51b62cae5ff51849bcd243b387638a75aa3d56224ba0c7cf8f98163a50cc1bf,included,housing_social_welfare_leaf,1.0.0,social_welfare,1.0.0,capture,tenant_0,tenant_0,283.94,utility_points,"{""disagreement_utility"":0.0}",ok,valid,[],"[""event_00000279""]",evaluation_receipt,episode_attempt_3b4c06dc76b3cf9fe8e8,a51b62cae5ff51849bcd243b387638a75aa3d56224ba0c7cf8f98163a50cc1bf,true
result_a2f96c619ab4f85ae5157ca3,runplan_4d2736b89570c093,cell_ecbb13cdeca58e83c5b4,housing_v1__experiment__000008,housing_v1,housing_controlled_model_landlords_experiment,episode_attempt_3b4c06dc76b3cf9fe8e8,a51b62cae5ff51849bcd243b387638a75aa3d56224ba0c7cf8f98163a50cc1bf,included,housing_social_welfare_leaf,1.0.0,social_welfare,1.0.0,capture,tenant_1,tenant_1,0.0,utility_points,"{""disagreement_utility"":0.0}",ok,valid,[],"[""event_00000279""]",evaluation_receipt,episode_attempt_3b4c06dc76b3cf9fe8e8,a51b62cae5ff51849bcd243b387638a75aa3d56224ba0c7cf8f98163a50cc1bf,true
result_18bc33277c4ce613064aec9d,runplan_4d2736b89570c093,cell_ecbb13cdeca58e83c5b4,housing_v1__experiment__000008,housing_v1,housing_controlled_model_landlords_experiment,episode_attempt_3b4c06dc76b3cf9fe8e8,a51b62cae5ff51849bcd243b387638a75aa3d56224ba0c7cf8f98163a50cc1bf,included,housing_social_welfare_leaf,1.0.0,social_welfare,1.0.0,capture,tenant_2,tenant_2,285.47,utility_points,"{""disagreement_utility"":0.0}",ok,valid,[],"[""event_00000279""]",evaluation_receipt,episode_attempt_3b4c06dc76b3cf9fe8e8,a51b62cae5ff51849bcd243b387638a75aa3d56224ba0c7cf8f98163a50cc1bf,true
result_a849d7bff2a55ebc31889ba6,runplan_4d2736b89570c093,cell_ecbb13cdeca58e83c5b4,housing_v1__experiment__000008,housing_v1,housing_controlled_model_landlords_experiment,episode_attempt_3b4c06dc76b3cf9fe8e8,a51b62cae5ff51849bcd243b387638a75aa3d56224ba0c7cf8f98163a50cc1bf,included,housing_social_welfare_leaf,1.0.0,social_welfare,1.0.0,capture,tenant_3,tenant_3,36.35,utility_points,"{""disagreement_utility"":0.0}",ok,valid,[],"[""event_00000279""]",evaluation_receipt,episode_attempt_3b4c06dc76b3cf9fe8e8,a51b62cae5ff51849bcd243b387638a75aa3d56224ba0c7cf8f98163a50cc1bf,true
result_2d47b23aa2a7c433c8a0b045,runplan_4d2736b89570c093,cell_ecbb13cdeca58e83c5b4,housing_v1__experiment__000008,housing_v1,housing_controlled_model_landlords_experiment,episode_attempt_3b4c06dc76b3cf9fe8e8,a51b62cae5ff51849bcd243b387638a75aa3d56224ba0c7cf8f98163a50cc1bf,included,housing_social_welfare_leaf,1.0.0,social_welfare,1.0.0,capture,tenant_4,tenant_4,0.0,utility_points,"{""disagreement_utility"":0.0}",ok,valid,[],"[""event_00000279""]",evaluation_receipt,episode_attempt_3b4c06dc76b3cf9fe8e8,a51b62cae5ff51849bcd243b387638a75aa3d56224ba0c7cf8f98163a50cc1bf,true
result_c57e41112b61fb594bdb4e8f,runplan_4d2736b89570c093,cell_ecbb13cdeca58e83c5b4,housing_v1__experiment__000008,housing_v1,housing_controlled_model_landlords_experiment,episode_attempt_3b4c06dc76b3cf9fe8e8,a51b62cae5ff51849bcd243b387638a75aa3d56224ba0c7cf8f98163a50cc1bf,included,housing_social_welfare_leaf,1.0.0,social_welfare,1.0.0,capture,tenant_5,tenant_5,0.0,utility_points,"{""disagreement_utility"":0.0}",ok,valid,[],"[""event_00000279""]",evaluation_receipt,episode_attempt_3b4c06dc76b3cf9fe8e8,a51b62cae5ff51849bcd243b387638a75aa3d56224ba0c7cf8f98163a50cc1bf,true
