fact_id,run_id,task_id,case_id,family_id,block_id,episode_attempt_id,receipt_sha256,inclusion_status,leaf_id,leaf_version,estimand_id,estimand_version,metric_role,metric_name,seat_id,value,unit,metric_metadata,score_status,validity_status,validity_reasons,evidence_refs,source_kind,source_id,source_sha256,reportable
result_e51eebdd82b9bc6f35098328,runplan_6b2c9c9db7ce4f73,cell_197e6c95c497497b0b3e,housing_v1__experiment__000006,housing_v1,housing_controlled_model_landlords_experiment,episode_attempt_d1f447eb405bf5635b3b,1791d38ece05c72633bd4fd2162ad9b8e1b9762dd2b385b73ab5318274d659e8,included,housing_social_welfare_leaf,1.0.0,social_welfare,1.0.0,primary,social_welfare,,558.47,utility_points,{},ok,valid,[],"[""event_00000148""]",evaluation_receipt,episode_attempt_d1f447eb405bf5635b3b,1791d38ece05c72633bd4fd2162ad9b8e1b9762dd2b385b73ab5318274d659e8,true
result_02a4efce198f4e7f732a2202,runplan_6b2c9c9db7ce4f73,cell_197e6c95c497497b0b3e,housing_v1__experiment__000006,housing_v1,housing_controlled_model_landlords_experiment,episode_attempt_d1f447eb405bf5635b3b,1791d38ece05c72633bd4fd2162ad9b8e1b9762dd2b385b73ab5318274d659e8,included,housing_social_welfare_leaf,1.0.0,social_welfare,1.0.0,metric,comparison_baseline_gap,,-624.3199999999999,utility_points,{},ok,valid,[],"[""event_00000148""]",evaluation_receipt,episode_attempt_d1f447eb405bf5635b3b,1791d38ece05c72633bd4fd2162ad9b8e1b9762dd2b385b73ab5318274d659e8,true
result_d5705087cdca7b31b920ec9c,runplan_6b2c9c9db7ce4f73,cell_197e6c95c497497b0b3e,housing_v1__experiment__000006,housing_v1,housing_controlled_model_landlords_experiment,episode_attempt_d1f447eb405bf5635b3b,1791d38ece05c72633bd4fd2162ad9b8e1b9762dd2b385b73ab5318274d659e8,included,housing_social_welfare_leaf,1.0.0,social_welfare,1.0.0,metric,ir_violation_count,,0.0,count,{},ok,valid,[],"[""event_00000148""]",evaluation_receipt,episode_attempt_d1f447eb405bf5635b3b,1791d38ece05c72633bd4fd2162ad9b8e1b9762dd2b385b73ab5318274d659e8,true
result_d3def2ab9bc00b0d8e994a83,runplan_6b2c9c9db7ce4f73,cell_197e6c95c497497b0b3e,housing_v1__experiment__000006,housing_v1,housing_controlled_model_landlords_experiment,episode_attempt_d1f447eb405bf5635b3b,1791d38ece05c72633bd4fd2162ad9b8e1b9762dd2b385b73ab5318274d659e8,included,housing_social_welfare_leaf,1.0.0,social_welfare,1.0.0,metric,social_welfare,,558.47,utility_points,{},ok,valid,[],"[""event_00000148""]",evaluation_receipt,episode_attempt_d1f447eb405bf5635b3b,1791d38ece05c72633bd4fd2162ad9b8e1b9762dd2b385b73ab5318274d659e8,true
result_aa1519d2b5ca6abd79fcebb6,runplan_6b2c9c9db7ce4f73,cell_197e6c95c497497b0b3e,housing_v1__experiment__000006,housing_v1,housing_controlled_model_landlords_experiment,episode_attempt_d1f447eb405bf5635b3b,1791d38ece05c72633bd4fd2162ad9b8e1b9762dd2b385b73ab5318274d659e8,included,housing_social_welfare_leaf,1.0.0,social_welfare,1.0.0,metric,upper_bound_gap,,1002.71,utility_points,{},ok,valid,[],"[""event_00000148""]",evaluation_receipt,episode_attempt_d1f447eb405bf5635b3b,1791d38ece05c72633bd4fd2162ad9b8e1b9762dd2b385b73ab5318274d659e8,true
result_1ba8580355600a901dcadf12,runplan_6b2c9c9db7ce4f73,cell_197e6c95c497497b0b3e,housing_v1__experiment__000006,housing_v1,housing_controlled_model_landlords_experiment,episode_attempt_d1f447eb405bf5635b3b,1791d38ece05c72633bd4fd2162ad9b8e1b9762dd2b385b73ab5318274d659e8,included,housing_social_welfare_leaf,1.0.0,social_welfare,1.0.0,metric,wasted_contacts,,3.0,count,{},ok,valid,[],"[""event_00000148""]",evaluation_receipt,episode_attempt_d1f447eb405bf5635b3b,1791d38ece05c72633bd4fd2162ad9b8e1b9762dd2b385b73ab5318274d659e8,true
result_5a1c3d982845be82b442e002,runplan_6b2c9c9db7ce4f73,cell_197e6c95c497497b0b3e,housing_v1__experiment__000006,housing_v1,housing_controlled_model_landlords_experiment,episode_attempt_d1f447eb405bf5635b3b,1791d38ece05c72633bd4fd2162ad9b8e1b9762dd2b385b73ab5318274d659e8,included,housing_social_welfare_leaf,1.0.0,social_welfare,1.0.0,metric,within_case_score,,0.35772300439411214,ratio,{},ok,valid,[],"[""event_00000148""]",evaluation_receipt,episode_attempt_d1f447eb405bf5635b3b,1791d38ece05c72633bd4fd2162ad9b8e1b9762dd2b385b73ab5318274d659e8,true
result_7b3047e0f949ae155d5fda70,runplan_6b2c9c9db7ce4f73,cell_197e6c95c497497b0b3e,housing_v1__experiment__000006,housing_v1,housing_controlled_model_landlords_experiment,episode_attempt_d1f447eb405bf5635b3b,1791d38ece05c72633bd4fd2162ad9b8e1b9762dd2b385b73ab5318274d659e8,included,housing_social_welfare_leaf,1.0.0,social_welfare,1.0.0,reference,comparison_baseline,,1182.79,utility_points,"{""policy"":""naive"",""reference_kind"":""comparison_baseline""}",ok,valid,[],"[""event_00000148""]",evaluation_receipt,episode_attempt_d1f447eb405bf5635b3b,1791d38ece05c72633bd4fd2162ad9b8e1b9762dd2b385b73ab5318274d659e8,true
result_ae245f1c1f8175ca11ed469a,runplan_6b2c9c9db7ce4f73,cell_197e6c95c497497b0b3e,housing_v1__experiment__000006,housing_v1,housing_controlled_model_landlords_experiment,episode_attempt_d1f447eb405bf5635b3b,1791d38ece05c72633bd4fd2162ad9b8e1b9762dd2b385b73ab5318274d659e8,included,housing_social_welfare_leaf,1.0.0,social_welfare,1.0.0,reference,optimum_lower_bound,,0.0,utility_points,"{""policy"":""do_nothing"",""reference_kind"":""objective_lower_bound""}",ok,valid,[],"[""event_00000148""]",evaluation_receipt,episode_attempt_d1f447eb405bf5635b3b,1791d38ece05c72633bd4fd2162ad9b8e1b9762dd2b385b73ab5318274d659e8,true
result_21af83863ba3d6c708fcf5c0,runplan_6b2c9c9db7ce4f73,cell_197e6c95c497497b0b3e,housing_v1__experiment__000006,housing_v1,housing_controlled_model_landlords_experiment,episode_attempt_d1f447eb405bf5635b3b,1791d38ece05c72633bd4fd2162ad9b8e1b9762dd2b385b73ab5318274d659e8,included,housing_social_welfare_leaf,1.0.0,social_welfare,1.0.0,reference,optimum_upper_bound,,1561.18,utility_points,"{""reference_kind"":""objective_upper_bound"",""semantics"":""full_information_allocation_relaxation""}",ok,valid,[],"[""event_00000148""]",evaluation_receipt,episode_attempt_d1f447eb405bf5635b3b,1791d38ece05c72633bd4fd2162ad9b8e1b9762dd2b385b73ab5318274d659e8,true
result_46bf7ee8baccc7da2e46a1bd,runplan_6b2c9c9db7ce4f73,cell_197e6c95c497497b0b3e,housing_v1__experiment__000006,housing_v1,housing_controlled_model_landlords_experiment,episode_attempt_d1f447eb405bf5635b3b,1791d38ece05c72633bd4fd2162ad9b8e1b9762dd2b385b73ab5318274d659e8,included,housing_social_welfare_leaf,1.0.0,social_welfare,1.0.0,utility,landlord_0,landlord_0,31.31,utility_points,"{""disagreement_utility"":0.0}",ok,valid,[],"[""event_00000148""]",evaluation_receipt,episode_attempt_d1f447eb405bf5635b3b,1791d38ece05c72633bd4fd2162ad9b8e1b9762dd2b385b73ab5318274d659e8,true
result_d7758b48e5a9ec46a4bc2bd5,runplan_6b2c9c9db7ce4f73,cell_197e6c95c497497b0b3e,housing_v1__experiment__000006,housing_v1,housing_controlled_model_landlords_experiment,episode_attempt_d1f447eb405bf5635b3b,1791d38ece05c72633bd4fd2162ad9b8e1b9762dd2b385b73ab5318274d659e8,included,housing_social_welfare_leaf,1.0.0,social_welfare,1.0.0,utility,landlord_1,landlord_1,71.73,utility_points,"{""disagreement_utility"":0.0}",ok,valid,[],"[""event_00000148""]",evaluation_receipt,episode_attempt_d1f447eb405bf5635b3b,1791d38ece05c72633bd4fd2162ad9b8e1b9762dd2b385b73ab5318274d659e8,true
result_8f30e9bbb6bbaff46a0c82e0,runplan_6b2c9c9db7ce4f73,cell_197e6c95c497497b0b3e,housing_v1__experiment__000006,housing_v1,housing_controlled_model_landlords_experiment,episode_attempt_d1f447eb405bf5635b3b,1791d38ece05c72633bd4fd2162ad9b8e1b9762dd2b385b73ab5318274d659e8,included,housing_social_welfare_leaf,1.0.0,social_welfare,1.0.0,utility,landlord_2,landlord_2,110.53,utility_points,"{""disagreement_utility"":0.0}",ok,valid,[],"[""event_00000148""]",evaluation_receipt,episode_attempt_d1f447eb405bf5635b3b,1791d38ece05c72633bd4fd2162ad9b8e1b9762dd2b385b73ab5318274d659e8,true
result_b053c249dffc953e6e361dbe,runplan_6b2c9c9db7ce4f73,cell_197e6c95c497497b0b3e,housing_v1__experiment__000006,housing_v1,housing_controlled_model_landlords_experiment,episode_attempt_d1f447eb405bf5635b3b,1791d38ece05c72633bd4fd2162ad9b8e1b9762dd2b385b73ab5318274d659e8,included,housing_social_welfare_leaf,1.0.0,social_welfare,1.0.0,utility,tenant_0,tenant_0,0.0,utility_points,"{""disagreement_utility"":0.0}",ok,valid,[],"[""event_00000148""]",evaluation_receipt,episode_attempt_d1f447eb405bf5635b3b,1791d38ece05c72633bd4fd2162ad9b8e1b9762dd2b385b73ab5318274d659e8,true
result_17485c3c0124be34e25d7c30,runplan_6b2c9c9db7ce4f73,cell_197e6c95c497497b0b3e,housing_v1__experiment__000006,housing_v1,housing_controlled_model_landlords_experiment,episode_attempt_d1f447eb405bf5635b3b,1791d38ece05c72633bd4fd2162ad9b8e1b9762dd2b385b73ab5318274d659e8,included,housing_social_welfare_leaf,1.0.0,social_welfare,1.0.0,utility,tenant_1,tenant_1,0.0,utility_points,"{""disagreement_utility"":0.0}",ok,valid,[],"[""event_00000148""]",evaluation_receipt,episode_attempt_d1f447eb405bf5635b3b,1791d38ece05c72633bd4fd2162ad9b8e1b9762dd2b385b73ab5318274d659e8,true
result_5e116038afd87c0441b0d4c1,runplan_6b2c9c9db7ce4f73,cell_197e6c95c497497b0b3e,housing_v1__experiment__000006,housing_v1,housing_controlled_model_landlords_experiment,episode_attempt_d1f447eb405bf5635b3b,1791d38ece05c72633bd4fd2162ad9b8e1b9762dd2b385b73ab5318274d659e8,included,housing_social_welfare_leaf,1.0.0,social_welfare,1.0.0,utility,tenant_2,tenant_2,4.86,utility_points,"{""disagreement_utility"":0.0}",ok,valid,[],"[""event_00000148""]",evaluation_receipt,episode_attempt_d1f447eb405bf5635b3b,1791d38ece05c72633bd4fd2162ad9b8e1b9762dd2b385b73ab5318274d659e8,true
result_3d498b48fbc510da9b16c330,runplan_6b2c9c9db7ce4f73,cell_197e6c95c497497b0b3e,housing_v1__experiment__000006,housing_v1,housing_controlled_model_landlords_experiment,episode_attempt_d1f447eb405bf5635b3b,1791d38ece05c72633bd4fd2162ad9b8e1b9762dd2b385b73ab5318274d659e8,included,housing_social_welfare_leaf,1.0.0,social_welfare,1.0.0,utility,tenant_3,tenant_3,50.29,utility_points,"{""disagreement_utility"":0.0}",ok,valid,[],"[""event_00000148""]",evaluation_receipt,episode_attempt_d1f447eb405bf5635b3b,1791d38ece05c72633bd4fd2162ad9b8e1b9762dd2b385b73ab5318274d659e8,true
result_8f195d362d74301b9067a4b4,runplan_6b2c9c9db7ce4f73,cell_197e6c95c497497b0b3e,housing_v1__experiment__000006,housing_v1,housing_controlled_model_landlords_experiment,episode_attempt_d1f447eb405bf5635b3b,1791d38ece05c72633bd4fd2162ad9b8e1b9762dd2b385b73ab5318274d659e8,included,housing_social_welfare_leaf,1.0.0,social_welfare,1.0.0,utility,tenant_4,tenant_4,289.75,utility_points,"{""disagreement_utility"":0.0}",ok,valid,[],"[""event_00000148""]",evaluation_receipt,episode_attempt_d1f447eb405bf5635b3b,1791d38ece05c72633bd4fd2162ad9b8e1b9762dd2b385b73ab5318274d659e8,true
result_f510743e2e7a5fa006a52e9e,runplan_6b2c9c9db7ce4f73,cell_197e6c95c497497b0b3e,housing_v1__experiment__000006,housing_v1,housing_controlled_model_landlords_experiment,episode_attempt_d1f447eb405bf5635b3b,1791d38ece05c72633bd4fd2162ad9b8e1b9762dd2b385b73ab5318274d659e8,included,housing_social_welfare_leaf,1.0.0,social_welfare,1.0.0,utility,tenant_5,tenant_5,0.0,utility_points,"{""disagreement_utility"":0.0}",ok,valid,[],"[""event_00000148""]",evaluation_receipt,episode_attempt_d1f447eb405bf5635b3b,1791d38ece05c72633bd4fd2162ad9b8e1b9762dd2b385b73ab5318274d659e8,true
result_b9e10103558c9f3577731503,runplan_6b2c9c9db7ce4f73,cell_197e6c95c497497b0b3e,housing_v1__experiment__000006,housing_v1,housing_controlled_model_landlords_experiment,episode_attempt_d1f447eb405bf5635b3b,1791d38ece05c72633bd4fd2162ad9b8e1b9762dd2b385b73ab5318274d659e8,included,housing_social_welfare_leaf,1.0.0,social_welfare,1.0.0,capture,landlord_0,landlord_0,31.31,utility_points,"{""disagreement_utility"":0.0}",ok,valid,[],"[""event_00000148""]",evaluation_receipt,episode_attempt_d1f447eb405bf5635b3b,1791d38ece05c72633bd4fd2162ad9b8e1b9762dd2b385b73ab5318274d659e8,true
result_5072ecb8a331d7e0f3b0b624,runplan_6b2c9c9db7ce4f73,cell_197e6c95c497497b0b3e,housing_v1__experiment__000006,housing_v1,housing_controlled_model_landlords_experiment,episode_attempt_d1f447eb405bf5635b3b,1791d38ece05c72633bd4fd2162ad9b8e1b9762dd2b385b73ab5318274d659e8,included,housing_social_welfare_leaf,1.0.0,social_welfare,1.0.0,capture,landlord_1,landlord_1,71.73,utility_points,"{""disagreement_utility"":0.0}",ok,valid,[],"[""event_00000148""]",evaluation_receipt,episode_attempt_d1f447eb405bf5635b3b,1791d38ece05c72633bd4fd2162ad9b8e1b9762dd2b385b73ab5318274d659e8,true
result_df7ce9e3073ad3838bb0d9c3,runplan_6b2c9c9db7ce4f73,cell_197e6c95c497497b0b3e,housing_v1__experiment__000006,housing_v1,housing_controlled_model_landlords_experiment,episode_attempt_d1f447eb405bf5635b3b,1791d38ece05c72633bd4fd2162ad9b8e1b9762dd2b385b73ab5318274d659e8,included,housing_social_welfare_leaf,1.0.0,social_welfare,1.0.0,capture,landlord_2,landlord_2,110.53,utility_points,"{""disagreement_utility"":0.0}",ok,valid,[],"[""event_00000148""]",evaluation_receipt,episode_attempt_d1f447eb405bf5635b3b,1791d38ece05c72633bd4fd2162ad9b8e1b9762dd2b385b73ab5318274d659e8,true
result_a45e26bd99c5b0c8c7718bd0,runplan_6b2c9c9db7ce4f73,cell_197e6c95c497497b0b3e,housing_v1__experiment__000006,housing_v1,housing_controlled_model_landlords_experiment,episode_attempt_d1f447eb405bf5635b3b,1791d38ece05c72633bd4fd2162ad9b8e1b9762dd2b385b73ab5318274d659e8,included,housing_social_welfare_leaf,1.0.0,social_welfare,1.0.0,capture,tenant_0,tenant_0,0.0,utility_points,"{""disagreement_utility"":0.0}",ok,valid,[],"[""event_00000148""]",evaluation_receipt,episode_attempt_d1f447eb405bf5635b3b,1791d38ece05c72633bd4fd2162ad9b8e1b9762dd2b385b73ab5318274d659e8,true
result_cc37f3f49fd9381eea8f587a,runplan_6b2c9c9db7ce4f73,cell_197e6c95c497497b0b3e,housing_v1__experiment__000006,housing_v1,housing_controlled_model_landlords_experiment,episode_attempt_d1f447eb405bf5635b3b,1791d38ece05c72633bd4fd2162ad9b8e1b9762dd2b385b73ab5318274d659e8,included,housing_social_welfare_leaf,1.0.0,social_welfare,1.0.0,capture,tenant_1,tenant_1,0.0,utility_points,"{""disagreement_utility"":0.0}",ok,valid,[],"[""event_00000148""]",evaluation_receipt,episode_attempt_d1f447eb405bf5635b3b,1791d38ece05c72633bd4fd2162ad9b8e1b9762dd2b385b73ab5318274d659e8,true
result_a017a0e98bbc7071e606a96f,runplan_6b2c9c9db7ce4f73,cell_197e6c95c497497b0b3e,housing_v1__experiment__000006,housing_v1,housing_controlled_model_landlords_experiment,episode_attempt_d1f447eb405bf5635b3b,1791d38ece05c72633bd4fd2162ad9b8e1b9762dd2b385b73ab5318274d659e8,included,housing_social_welfare_leaf,1.0.0,social_welfare,1.0.0,capture,tenant_2,tenant_2,4.86,utility_points,"{""disagreement_utility"":0.0}",ok,valid,[],"[""event_00000148""]",evaluation_receipt,episode_attempt_d1f447eb405bf5635b3b,1791d38ece05c72633bd4fd2162ad9b8e1b9762dd2b385b73ab5318274d659e8,true
result_fd0d9b68012ca42b923fc310,runplan_6b2c9c9db7ce4f73,cell_197e6c95c497497b0b3e,housing_v1__experiment__000006,housing_v1,housing_controlled_model_landlords_experiment,episode_attempt_d1f447eb405bf5635b3b,1791d38ece05c72633bd4fd2162ad9b8e1b9762dd2b385b73ab5318274d659e8,included,housing_social_welfare_leaf,1.0.0,social_welfare,1.0.0,capture,tenant_3,tenant_3,50.29,utility_points,"{""disagreement_utility"":0.0}",ok,valid,[],"[""event_00000148""]",evaluation_receipt,episode_attempt_d1f447eb405bf5635b3b,1791d38ece05c72633bd4fd2162ad9b8e1b9762dd2b385b73ab5318274d659e8,true
result_d10d03c0e63acb88e35a4a0a,runplan_6b2c9c9db7ce4f73,cell_197e6c95c497497b0b3e,housing_v1__experiment__000006,housing_v1,housing_controlled_model_landlords_experiment,episode_attempt_d1f447eb405bf5635b3b,1791d38ece05c72633bd4fd2162ad9b8e1b9762dd2b385b73ab5318274d659e8,included,housing_social_welfare_leaf,1.0.0,social_welfare,1.0.0,capture,tenant_4,tenant_4,289.75,utility_points,"{""disagreement_utility"":0.0}",ok,valid,[],"[""event_00000148""]",evaluation_receipt,episode_attempt_d1f447eb405bf5635b3b,1791d38ece05c72633bd4fd2162ad9b8e1b9762dd2b385b73ab5318274d659e8,true
result_307c8dd44a7272f9dc68ff27,runplan_6b2c9c9db7ce4f73,cell_197e6c95c497497b0b3e,housing_v1__experiment__000006,housing_v1,housing_controlled_model_landlords_experiment,episode_attempt_d1f447eb405bf5635b3b,1791d38ece05c72633bd4fd2162ad9b8e1b9762dd2b385b73ab5318274d659e8,included,housing_social_welfare_leaf,1.0.0,social_welfare,1.0.0,capture,tenant_5,tenant_5,0.0,utility_points,"{""disagreement_utility"":0.0}",ok,valid,[],"[""event_00000148""]",evaluation_receipt,episode_attempt_d1f447eb405bf5635b3b,1791d38ece05c72633bd4fd2162ad9b8e1b9762dd2b385b73ab5318274d659e8,true
result_efa9bea86cd43ff11d38d84e,runplan_6b2c9c9db7ce4f73,cell_1fbf3b20a3a93f3ec7bd,housing_v1__experiment__000004,housing_v1,housing_controlled_model_landlords_experiment,episode_attempt_2dd63fecb618bf087b39,be4d7afbed0e2ace5e75646b6fa5114b72694474af4c9846e60422eca5d2c1bb,included,housing_social_welfare_leaf,1.0.0,social_welfare,1.0.0,primary,social_welfare,,631.54,utility_points,{},ok,valid,[],"[""event_00000271""]",evaluation_receipt,episode_attempt_2dd63fecb618bf087b39,be4d7afbed0e2ace5e75646b6fa5114b72694474af4c9846e60422eca5d2c1bb,true
result_bc8f3180e76dff638a1cc3f6,runplan_6b2c9c9db7ce4f73,cell_1fbf3b20a3a93f3ec7bd,housing_v1__experiment__000004,housing_v1,housing_controlled_model_landlords_experiment,episode_attempt_2dd63fecb618bf087b39,be4d7afbed0e2ace5e75646b6fa5114b72694474af4c9846e60422eca5d2c1bb,included,housing_social_welfare_leaf,1.0.0,social_welfare,1.0.0,metric,comparison_baseline_gap,,-122.15000000000009,utility_points,{},ok,valid,[],"[""event_00000271""]",evaluation_receipt,episode_attempt_2dd63fecb618bf087b39,be4d7afbed0e2ace5e75646b6fa5114b72694474af4c9846e60422eca5d2c1bb,true
result_a6f5f60394aec2622f4b8ac7,runplan_6b2c9c9db7ce4f73,cell_1fbf3b20a3a93f3ec7bd,housing_v1__experiment__000004,housing_v1,housing_controlled_model_landlords_experiment,episode_attempt_2dd63fecb618bf087b39,be4d7afbed0e2ace5e75646b6fa5114b72694474af4c9846e60422eca5d2c1bb,included,housing_social_welfare_leaf,1.0.0,social_welfare,1.0.0,metric,ir_violation_count,,0.0,count,{},ok,valid,[],"[""event_00000271""]",evaluation_receipt,episode_attempt_2dd63fecb618bf087b39,be4d7afbed0e2ace5e75646b6fa5114b72694474af4c9846e60422eca5d2c1bb,true
result_801b7521ca5dd34503af4c24,runplan_6b2c9c9db7ce4f73,cell_1fbf3b20a3a93f3ec7bd,housing_v1__experiment__000004,housing_v1,housing_controlled_model_landlords_experiment,episode_attempt_2dd63fecb618bf087b39,be4d7afbed0e2ace5e75646b6fa5114b72694474af4c9846e60422eca5d2c1bb,included,housing_social_welfare_leaf,1.0.0,social_welfare,1.0.0,metric,social_welfare,,631.54,utility_points,{},ok,valid,[],"[""event_00000271""]",evaluation_receipt,episode_attempt_2dd63fecb618bf087b39,be4d7afbed0e2ace5e75646b6fa5114b72694474af4c9846e60422eca5d2c1bb,true
result_aa25cbd1f53a9445023d5b0b,runplan_6b2c9c9db7ce4f73,cell_1fbf3b20a3a93f3ec7bd,housing_v1__experiment__000004,housing_v1,housing_controlled_model_landlords_experiment,episode_attempt_2dd63fecb618bf087b39,be4d7afbed0e2ace5e75646b6fa5114b72694474af4c9846e60422eca5d2c1bb,included,housing_social_welfare_leaf,1.0.0,social_welfare,1.0.0,metric,upper_bound_gap,,507.19000000000005,utility_points,{},ok,valid,[],"[""event_00000271""]",evaluation_receipt,episode_attempt_2dd63fecb618bf087b39,be4d7afbed0e2ace5e75646b6fa5114b72694474af4c9846e60422eca5d2c1bb,true
result_1ed8d13209fd86c28076f6d5,runplan_6b2c9c9db7ce4f73,cell_1fbf3b20a3a93f3ec7bd,housing_v1__experiment__000004,housing_v1,housing_controlled_model_landlords_experiment,episode_attempt_2dd63fecb618bf087b39,be4d7afbed0e2ace5e75646b6fa5114b72694474af4c9846e60422eca5d2c1bb,included,housing_social_welfare_leaf,1.0.0,social_welfare,1.0.0,metric,wasted_contacts,,5.0,count,{},ok,valid,[],"[""event_00000271""]",evaluation_receipt,episode_attempt_2dd63fecb618bf087b39,be4d7afbed0e2ace5e75646b6fa5114b72694474af4c9846e60422eca5d2c1bb,true
result_8f9e628418d4347aa7af21c9,runplan_6b2c9c9db7ce4f73,cell_1fbf3b20a3a93f3ec7bd,housing_v1__experiment__000004,housing_v1,housing_controlled_model_landlords_experiment,episode_attempt_2dd63fecb618bf087b39,be4d7afbed0e2ace5e75646b6fa5114b72694474af4c9846e60422eca5d2c1bb,included,housing_social_welfare_leaf,1.0.0,social_welfare,1.0.0,metric,within_case_score,,0.5546003003345832,ratio,{},ok,valid,[],"[""event_00000271""]",evaluation_receipt,episode_attempt_2dd63fecb618bf087b39,be4d7afbed0e2ace5e75646b6fa5114b72694474af4c9846e60422eca5d2c1bb,true
result_59e95626e1fa5277ef3fd1dc,runplan_6b2c9c9db7ce4f73,cell_1fbf3b20a3a93f3ec7bd,housing_v1__experiment__000004,housing_v1,housing_controlled_model_landlords_experiment,episode_attempt_2dd63fecb618bf087b39,be4d7afbed0e2ace5e75646b6fa5114b72694474af4c9846e60422eca5d2c1bb,included,housing_social_welfare_leaf,1.0.0,social_welfare,1.0.0,reference,comparison_baseline,,753.69,utility_points,"{""policy"":""naive"",""reference_kind"":""comparison_baseline""}",ok,valid,[],"[""event_00000271""]",evaluation_receipt,episode_attempt_2dd63fecb618bf087b39,be4d7afbed0e2ace5e75646b6fa5114b72694474af4c9846e60422eca5d2c1bb,true
result_a6685ce58ba3d9d0897f2ae7,runplan_6b2c9c9db7ce4f73,cell_1fbf3b20a3a93f3ec7bd,housing_v1__experiment__000004,housing_v1,housing_controlled_model_landlords_experiment,episode_attempt_2dd63fecb618bf087b39,be4d7afbed0e2ace5e75646b6fa5114b72694474af4c9846e60422eca5d2c1bb,included,housing_social_welfare_leaf,1.0.0,social_welfare,1.0.0,reference,optimum_lower_bound,,0.0,utility_points,"{""policy"":""do_nothing"",""reference_kind"":""objective_lower_bound""}",ok,valid,[],"[""event_00000271""]",evaluation_receipt,episode_attempt_2dd63fecb618bf087b39,be4d7afbed0e2ace5e75646b6fa5114b72694474af4c9846e60422eca5d2c1bb,true
result_9afee4cee9fab75f266dff58,runplan_6b2c9c9db7ce4f73,cell_1fbf3b20a3a93f3ec7bd,housing_v1__experiment__000004,housing_v1,housing_controlled_model_landlords_experiment,episode_attempt_2dd63fecb618bf087b39,be4d7afbed0e2ace5e75646b6fa5114b72694474af4c9846e60422eca5d2c1bb,included,housing_social_welfare_leaf,1.0.0,social_welfare,1.0.0,reference,optimum_upper_bound,,1138.73,utility_points,"{""reference_kind"":""objective_upper_bound"",""semantics"":""full_information_allocation_relaxation""}",ok,valid,[],"[""event_00000271""]",evaluation_receipt,episode_attempt_2dd63fecb618bf087b39,be4d7afbed0e2ace5e75646b6fa5114b72694474af4c9846e60422eca5d2c1bb,true
result_65d23255e346a6c01c340760,runplan_6b2c9c9db7ce4f73,cell_1fbf3b20a3a93f3ec7bd,housing_v1__experiment__000004,housing_v1,housing_controlled_model_landlords_experiment,episode_attempt_2dd63fecb618bf087b39,be4d7afbed0e2ace5e75646b6fa5114b72694474af4c9846e60422eca5d2c1bb,included,housing_social_welfare_leaf,1.0.0,social_welfare,1.0.0,utility,landlord_0,landlord_0,41.38,utility_points,"{""disagreement_utility"":0.0}",ok,valid,[],"[""event_00000271""]",evaluation_receipt,episode_attempt_2dd63fecb618bf087b39,be4d7afbed0e2ace5e75646b6fa5114b72694474af4c9846e60422eca5d2c1bb,true
result_91c57abe8224a2fa6fede50c,runplan_6b2c9c9db7ce4f73,cell_1fbf3b20a3a93f3ec7bd,housing_v1__experiment__000004,housing_v1,housing_controlled_model_landlords_experiment,episode_attempt_2dd63fecb618bf087b39,be4d7afbed0e2ace5e75646b6fa5114b72694474af4c9846e60422eca5d2c1bb,included,housing_social_welfare_leaf,1.0.0,social_welfare,1.0.0,utility,landlord_1,landlord_1,95.25,utility_points,"{""disagreement_utility"":0.0}",ok,valid,[],"[""event_00000271""]",evaluation_receipt,episode_attempt_2dd63fecb618bf087b39,be4d7afbed0e2ace5e75646b6fa5114b72694474af4c9846e60422eca5d2c1bb,true
result_f1139358d615e8c0a1d1b010,runplan_6b2c9c9db7ce4f73,cell_1fbf3b20a3a93f3ec7bd,housing_v1__experiment__000004,housing_v1,housing_controlled_model_landlords_experiment,episode_attempt_2dd63fecb618bf087b39,be4d7afbed0e2ace5e75646b6fa5114b72694474af4c9846e60422eca5d2c1bb,included,housing_social_welfare_leaf,1.0.0,social_welfare,1.0.0,utility,landlord_2,landlord_2,52.76,utility_points,"{""disagreement_utility"":0.0}",ok,valid,[],"[""event_00000271""]",evaluation_receipt,episode_attempt_2dd63fecb618bf087b39,be4d7afbed0e2ace5e75646b6fa5114b72694474af4c9846e60422eca5d2c1bb,true
result_e09c6ef468417595e8cd2917,runplan_6b2c9c9db7ce4f73,cell_1fbf3b20a3a93f3ec7bd,housing_v1__experiment__000004,housing_v1,housing_controlled_model_landlords_experiment,episode_attempt_2dd63fecb618bf087b39,be4d7afbed0e2ace5e75646b6fa5114b72694474af4c9846e60422eca5d2c1bb,included,housing_social_welfare_leaf,1.0.0,social_welfare,1.0.0,utility,tenant_0,tenant_0,0.0,utility_points,"{""disagreement_utility"":0.0}",ok,valid,[],"[""event_00000271""]",evaluation_receipt,episode_attempt_2dd63fecb618bf087b39,be4d7afbed0e2ace5e75646b6fa5114b72694474af4c9846e60422eca5d2c1bb,true
result_b78bbec7a70b6b05fed95a08,runplan_6b2c9c9db7ce4f73,cell_1fbf3b20a3a93f3ec7bd,housing_v1__experiment__000004,housing_v1,housing_controlled_model_landlords_experiment,episode_attempt_2dd63fecb618bf087b39,be4d7afbed0e2ace5e75646b6fa5114b72694474af4c9846e60422eca5d2c1bb,included,housing_social_welfare_leaf,1.0.0,social_welfare,1.0.0,utility,tenant_1,tenant_1,0.0,utility_points,"{""disagreement_utility"":0.0}",ok,valid,[],"[""event_00000271""]",evaluation_receipt,episode_attempt_2dd63fecb618bf087b39,be4d7afbed0e2ace5e75646b6fa5114b72694474af4c9846e60422eca5d2c1bb,true
result_480998c4ceeabc4e0e62287b,runplan_6b2c9c9db7ce4f73,cell_1fbf3b20a3a93f3ec7bd,housing_v1__experiment__000004,housing_v1,housing_controlled_model_landlords_experiment,episode_attempt_2dd63fecb618bf087b39,be4d7afbed0e2ace5e75646b6fa5114b72694474af4c9846e60422eca5d2c1bb,included,housing_social_welfare_leaf,1.0.0,social_welfare,1.0.0,utility,tenant_2,tenant_2,259.87,utility_points,"{""disagreement_utility"":0.0}",ok,valid,[],"[""event_00000271""]",evaluation_receipt,episode_attempt_2dd63fecb618bf087b39,be4d7afbed0e2ace5e75646b6fa5114b72694474af4c9846e60422eca5d2c1bb,true
result_fe7f8269fe6e2d45a2e6037c,runplan_6b2c9c9db7ce4f73,cell_1fbf3b20a3a93f3ec7bd,housing_v1__experiment__000004,housing_v1,housing_controlled_model_landlords_experiment,episode_attempt_2dd63fecb618bf087b39,be4d7afbed0e2ace5e75646b6fa5114b72694474af4c9846e60422eca5d2c1bb,included,housing_social_welfare_leaf,1.0.0,social_welfare,1.0.0,utility,tenant_3,tenant_3,71.81,utility_points,"{""disagreement_utility"":0.0}",ok,valid,[],"[""event_00000271""]",evaluation_receipt,episode_attempt_2dd63fecb618bf087b39,be4d7afbed0e2ace5e75646b6fa5114b72694474af4c9846e60422eca5d2c1bb,true
result_f69ad3125648fe6113091275,runplan_6b2c9c9db7ce4f73,cell_1fbf3b20a3a93f3ec7bd,housing_v1__experiment__000004,housing_v1,housing_controlled_model_landlords_experiment,episode_attempt_2dd63fecb618bf087b39,be4d7afbed0e2ace5e75646b6fa5114b72694474af4c9846e60422eca5d2c1bb,included,housing_social_welfare_leaf,1.0.0,social_welfare,1.0.0,utility,tenant_4,tenant_4,0.0,utility_points,"{""disagreement_utility"":0.0}",ok,valid,[],"[""event_00000271""]",evaluation_receipt,episode_attempt_2dd63fecb618bf087b39,be4d7afbed0e2ace5e75646b6fa5114b72694474af4c9846e60422eca5d2c1bb,true
result_3054f26b47956995bf586e72,runplan_6b2c9c9db7ce4f73,cell_1fbf3b20a3a93f3ec7bd,housing_v1__experiment__000004,housing_v1,housing_controlled_model_landlords_experiment,episode_attempt_2dd63fecb618bf087b39,be4d7afbed0e2ace5e75646b6fa5114b72694474af4c9846e60422eca5d2c1bb,included,housing_social_welfare_leaf,1.0.0,social_welfare,1.0.0,utility,tenant_5,tenant_5,110.47,utility_points,"{""disagreement_utility"":0.0}",ok,valid,[],"[""event_00000271""]",evaluation_receipt,episode_attempt_2dd63fecb618bf087b39,be4d7afbed0e2ace5e75646b6fa5114b72694474af4c9846e60422eca5d2c1bb,true
result_0ea0399bf4b227565db30e46,runplan_6b2c9c9db7ce4f73,cell_1fbf3b20a3a93f3ec7bd,housing_v1__experiment__000004,housing_v1,housing_controlled_model_landlords_experiment,episode_attempt_2dd63fecb618bf087b39,be4d7afbed0e2ace5e75646b6fa5114b72694474af4c9846e60422eca5d2c1bb,included,housing_social_welfare_leaf,1.0.0,social_welfare,1.0.0,capture,landlord_0,landlord_0,41.38,utility_points,"{""disagreement_utility"":0.0}",ok,valid,[],"[""event_00000271""]",evaluation_receipt,episode_attempt_2dd63fecb618bf087b39,be4d7afbed0e2ace5e75646b6fa5114b72694474af4c9846e60422eca5d2c1bb,true
result_ee5d44900af5294b6a5fc6de,runplan_6b2c9c9db7ce4f73,cell_1fbf3b20a3a93f3ec7bd,housing_v1__experiment__000004,housing_v1,housing_controlled_model_landlords_experiment,episode_attempt_2dd63fecb618bf087b39,be4d7afbed0e2ace5e75646b6fa5114b72694474af4c9846e60422eca5d2c1bb,included,housing_social_welfare_leaf,1.0.0,social_welfare,1.0.0,capture,landlord_1,landlord_1,95.25,utility_points,"{""disagreement_utility"":0.0}",ok,valid,[],"[""event_00000271""]",evaluation_receipt,episode_attempt_2dd63fecb618bf087b39,be4d7afbed0e2ace5e75646b6fa5114b72694474af4c9846e60422eca5d2c1bb,true
result_a7c74c1ba872f0df48e1132e,runplan_6b2c9c9db7ce4f73,cell_1fbf3b20a3a93f3ec7bd,housing_v1__experiment__000004,housing_v1,housing_controlled_model_landlords_experiment,episode_attempt_2dd63fecb618bf087b39,be4d7afbed0e2ace5e75646b6fa5114b72694474af4c9846e60422eca5d2c1bb,included,housing_social_welfare_leaf,1.0.0,social_welfare,1.0.0,capture,landlord_2,landlord_2,52.76,utility_points,"{""disagreement_utility"":0.0}",ok,valid,[],"[""event_00000271""]",evaluation_receipt,episode_attempt_2dd63fecb618bf087b39,be4d7afbed0e2ace5e75646b6fa5114b72694474af4c9846e60422eca5d2c1bb,true
result_56b82c77fae4610a58f1f8f1,runplan_6b2c9c9db7ce4f73,cell_1fbf3b20a3a93f3ec7bd,housing_v1__experiment__000004,housing_v1,housing_controlled_model_landlords_experiment,episode_attempt_2dd63fecb618bf087b39,be4d7afbed0e2ace5e75646b6fa5114b72694474af4c9846e60422eca5d2c1bb,included,housing_social_welfare_leaf,1.0.0,social_welfare,1.0.0,capture,tenant_0,tenant_0,0.0,utility_points,"{""disagreement_utility"":0.0}",ok,valid,[],"[""event_00000271""]",evaluation_receipt,episode_attempt_2dd63fecb618bf087b39,be4d7afbed0e2ace5e75646b6fa5114b72694474af4c9846e60422eca5d2c1bb,true
result_34b8a825cd3c7c9c091fd38c,runplan_6b2c9c9db7ce4f73,cell_1fbf3b20a3a93f3ec7bd,housing_v1__experiment__000004,housing_v1,housing_controlled_model_landlords_experiment,episode_attempt_2dd63fecb618bf087b39,be4d7afbed0e2ace5e75646b6fa5114b72694474af4c9846e60422eca5d2c1bb,included,housing_social_welfare_leaf,1.0.0,social_welfare,1.0.0,capture,tenant_1,tenant_1,0.0,utility_points,"{""disagreement_utility"":0.0}",ok,valid,[],"[""event_00000271""]",evaluation_receipt,episode_attempt_2dd63fecb618bf087b39,be4d7afbed0e2ace5e75646b6fa5114b72694474af4c9846e60422eca5d2c1bb,true
result_f573286a2953a486e08c0b5e,runplan_6b2c9c9db7ce4f73,cell_1fbf3b20a3a93f3ec7bd,housing_v1__experiment__000004,housing_v1,housing_controlled_model_landlords_experiment,episode_attempt_2dd63fecb618bf087b39,be4d7afbed0e2ace5e75646b6fa5114b72694474af4c9846e60422eca5d2c1bb,included,housing_social_welfare_leaf,1.0.0,social_welfare,1.0.0,capture,tenant_2,tenant_2,259.87,utility_points,"{""disagreement_utility"":0.0}",ok,valid,[],"[""event_00000271""]",evaluation_receipt,episode_attempt_2dd63fecb618bf087b39,be4d7afbed0e2ace5e75646b6fa5114b72694474af4c9846e60422eca5d2c1bb,true
result_26ba57f5b1430b6825a6f367,runplan_6b2c9c9db7ce4f73,cell_1fbf3b20a3a93f3ec7bd,housing_v1__experiment__000004,housing_v1,housing_controlled_model_landlords_experiment,episode_attempt_2dd63fecb618bf087b39,be4d7afbed0e2ace5e75646b6fa5114b72694474af4c9846e60422eca5d2c1bb,included,housing_social_welfare_leaf,1.0.0,social_welfare,1.0.0,capture,tenant_3,tenant_3,71.81,utility_points,"{""disagreement_utility"":0.0}",ok,valid,[],"[""event_00000271""]",evaluation_receipt,episode_attempt_2dd63fecb618bf087b39,be4d7afbed0e2ace5e75646b6fa5114b72694474af4c9846e60422eca5d2c1bb,true
result_da10499330d5d3c837da2f34,runplan_6b2c9c9db7ce4f73,cell_1fbf3b20a3a93f3ec7bd,housing_v1__experiment__000004,housing_v1,housing_controlled_model_landlords_experiment,episode_attempt_2dd63fecb618bf087b39,be4d7afbed0e2ace5e75646b6fa5114b72694474af4c9846e60422eca5d2c1bb,included,housing_social_welfare_leaf,1.0.0,social_welfare,1.0.0,capture,tenant_4,tenant_4,0.0,utility_points,"{""disagreement_utility"":0.0}",ok,valid,[],"[""event_00000271""]",evaluation_receipt,episode_attempt_2dd63fecb618bf087b39,be4d7afbed0e2ace5e75646b6fa5114b72694474af4c9846e60422eca5d2c1bb,true
result_94a17aef6d495374b983f768,runplan_6b2c9c9db7ce4f73,cell_1fbf3b20a3a93f3ec7bd,housing_v1__experiment__000004,housing_v1,housing_controlled_model_landlords_experiment,episode_attempt_2dd63fecb618bf087b39,be4d7afbed0e2ace5e75646b6fa5114b72694474af4c9846e60422eca5d2c1bb,included,housing_social_welfare_leaf,1.0.0,social_welfare,1.0.0,capture,tenant_5,tenant_5,110.47,utility_points,"{""disagreement_utility"":0.0}",ok,valid,[],"[""event_00000271""]",evaluation_receipt,episode_attempt_2dd63fecb618bf087b39,be4d7afbed0e2ace5e75646b6fa5114b72694474af4c9846e60422eca5d2c1bb,true
result_d5e7f038bb82997afecd6c62,runplan_6b2c9c9db7ce4f73,cell_32bf2eb021916d7cf4f2,housing_v1__experiment__000003,housing_v1,housing_controlled_model_landlords_experiment,episode_attempt_9d8a76f9e8eb9553efad,97d81dbf7f13c6edc13171c03ab579e48760c2578ebe8a9345be4551c8cd8a8c,included,housing_social_welfare_leaf,1.0.0,social_welfare,1.0.0,primary,social_welfare,,1196.23,utility_points,{},ok,valid,[],"[""event_00000211""]",evaluation_receipt,episode_attempt_9d8a76f9e8eb9553efad,97d81dbf7f13c6edc13171c03ab579e48760c2578ebe8a9345be4551c8cd8a8c,true
result_c875487131bd60929ffb1a82,runplan_6b2c9c9db7ce4f73,cell_32bf2eb021916d7cf4f2,housing_v1__experiment__000003,housing_v1,housing_controlled_model_landlords_experiment,episode_attempt_9d8a76f9e8eb9553efad,97d81dbf7f13c6edc13171c03ab579e48760c2578ebe8a9345be4551c8cd8a8c,included,housing_social_welfare_leaf,1.0.0,social_welfare,1.0.0,metric,comparison_baseline_gap,,-265.47,utility_points,{},ok,valid,[],"[""event_00000211""]",evaluation_receipt,episode_attempt_9d8a76f9e8eb9553efad,97d81dbf7f13c6edc13171c03ab579e48760c2578ebe8a9345be4551c8cd8a8c,true
result_b583ca2015fcfc753c9565fc,runplan_6b2c9c9db7ce4f73,cell_32bf2eb021916d7cf4f2,housing_v1__experiment__000003,housing_v1,housing_controlled_model_landlords_experiment,episode_attempt_9d8a76f9e8eb9553efad,97d81dbf7f13c6edc13171c03ab579e48760c2578ebe8a9345be4551c8cd8a8c,included,housing_social_welfare_leaf,1.0.0,social_welfare,1.0.0,metric,ir_violation_count,,1.0,count,{},ok,valid,[],"[""event_00000211""]",evaluation_receipt,episode_attempt_9d8a76f9e8eb9553efad,97d81dbf7f13c6edc13171c03ab579e48760c2578ebe8a9345be4551c8cd8a8c,true
result_2dd94533ea31f3993816096b,runplan_6b2c9c9db7ce4f73,cell_32bf2eb021916d7cf4f2,housing_v1__experiment__000003,housing_v1,housing_controlled_model_landlords_experiment,episode_attempt_9d8a76f9e8eb9553efad,97d81dbf7f13c6edc13171c03ab579e48760c2578ebe8a9345be4551c8cd8a8c,included,housing_social_welfare_leaf,1.0.0,social_welfare,1.0.0,metric,social_welfare,,1196.23,utility_points,{},ok,valid,[],"[""event_00000211""]",evaluation_receipt,episode_attempt_9d8a76f9e8eb9553efad,97d81dbf7f13c6edc13171c03ab579e48760c2578ebe8a9345be4551c8cd8a8c,true
result_dbc21daaf5fdc9bbaef89442,runplan_6b2c9c9db7ce4f73,cell_32bf2eb021916d7cf4f2,housing_v1__experiment__000003,housing_v1,housing_controlled_model_landlords_experiment,episode_attempt_9d8a76f9e8eb9553efad,97d81dbf7f13c6edc13171c03ab579e48760c2578ebe8a9345be4551c8cd8a8c,included,housing_social_welfare_leaf,1.0.0,social_welfare,1.0.0,metric,upper_bound_gap,,541.98,utility_points,{},ok,valid,[],"[""event_00000211""]",evaluation_receipt,episode_attempt_9d8a76f9e8eb9553efad,97d81dbf7f13c6edc13171c03ab579e48760c2578ebe8a9345be4551c8cd8a8c,true
result_703e2d83e9240adab2dba8fd,runplan_6b2c9c9db7ce4f73,cell_32bf2eb021916d7cf4f2,housing_v1__experiment__000003,housing_v1,housing_controlled_model_landlords_experiment,episode_attempt_9d8a76f9e8eb9553efad,97d81dbf7f13c6edc13171c03ab579e48760c2578ebe8a9345be4551c8cd8a8c,included,housing_social_welfare_leaf,1.0.0,social_welfare,1.0.0,metric,wasted_contacts,,6.0,count,{},ok,valid,[],"[""event_00000211""]",evaluation_receipt,episode_attempt_9d8a76f9e8eb9553efad,97d81dbf7f13c6edc13171c03ab579e48760c2578ebe8a9345be4551c8cd8a8c,true
result_971a7aa68277d4439b78f9a3,runplan_6b2c9c9db7ce4f73,cell_32bf2eb021916d7cf4f2,housing_v1__experiment__000003,housing_v1,housing_controlled_model_landlords_experiment,episode_attempt_9d8a76f9e8eb9553efad,97d81dbf7f13c6edc13171c03ab579e48760c2578ebe8a9345be4551c8cd8a8c,included,housing_social_welfare_leaf,1.0.0,social_welfare,1.0.0,metric,within_case_score,,0.688196477985974,ratio,{},ok,valid,[],"[""event_00000211""]",evaluation_receipt,episode_attempt_9d8a76f9e8eb9553efad,97d81dbf7f13c6edc13171c03ab579e48760c2578ebe8a9345be4551c8cd8a8c,true
result_cbba14ef6c35208b2f0e0d95,runplan_6b2c9c9db7ce4f73,cell_32bf2eb021916d7cf4f2,housing_v1__experiment__000003,housing_v1,housing_controlled_model_landlords_experiment,episode_attempt_9d8a76f9e8eb9553efad,97d81dbf7f13c6edc13171c03ab579e48760c2578ebe8a9345be4551c8cd8a8c,included,housing_social_welfare_leaf,1.0.0,social_welfare,1.0.0,reference,comparison_baseline,,1461.7,utility_points,"{""policy"":""naive"",""reference_kind"":""comparison_baseline""}",ok,valid,[],"[""event_00000211""]",evaluation_receipt,episode_attempt_9d8a76f9e8eb9553efad,97d81dbf7f13c6edc13171c03ab579e48760c2578ebe8a9345be4551c8cd8a8c,true
result_52b825687cd39b7c9a2ba940,runplan_6b2c9c9db7ce4f73,cell_32bf2eb021916d7cf4f2,housing_v1__experiment__000003,housing_v1,housing_controlled_model_landlords_experiment,episode_attempt_9d8a76f9e8eb9553efad,97d81dbf7f13c6edc13171c03ab579e48760c2578ebe8a9345be4551c8cd8a8c,included,housing_social_welfare_leaf,1.0.0,social_welfare,1.0.0,reference,optimum_lower_bound,,0.0,utility_points,"{""policy"":""do_nothing"",""reference_kind"":""objective_lower_bound""}",ok,valid,[],"[""event_00000211""]",evaluation_receipt,episode_attempt_9d8a76f9e8eb9553efad,97d81dbf7f13c6edc13171c03ab579e48760c2578ebe8a9345be4551c8cd8a8c,true
result_526b2ff8d06ba7ddee03a37b,runplan_6b2c9c9db7ce4f73,cell_32bf2eb021916d7cf4f2,housing_v1__experiment__000003,housing_v1,housing_controlled_model_landlords_experiment,episode_attempt_9d8a76f9e8eb9553efad,97d81dbf7f13c6edc13171c03ab579e48760c2578ebe8a9345be4551c8cd8a8c,included,housing_social_welfare_leaf,1.0.0,social_welfare,1.0.0,reference,optimum_upper_bound,,1738.21,utility_points,"{""reference_kind"":""objective_upper_bound"",""semantics"":""full_information_allocation_relaxation""}",ok,valid,[],"[""event_00000211""]",evaluation_receipt,episode_attempt_9d8a76f9e8eb9553efad,97d81dbf7f13c6edc13171c03ab579e48760c2578ebe8a9345be4551c8cd8a8c,true
result_266c77da5cf1fcf010c870bf,runplan_6b2c9c9db7ce4f73,cell_32bf2eb021916d7cf4f2,housing_v1__experiment__000003,housing_v1,housing_controlled_model_landlords_experiment,episode_attempt_9d8a76f9e8eb9553efad,97d81dbf7f13c6edc13171c03ab579e48760c2578ebe8a9345be4551c8cd8a8c,included,housing_social_welfare_leaf,1.0.0,social_welfare,1.0.0,utility,landlord_0,landlord_0,91.85,utility_points,"{""disagreement_utility"":0.0}",ok,valid,[],"[""event_00000211""]",evaluation_receipt,episode_attempt_9d8a76f9e8eb9553efad,97d81dbf7f13c6edc13171c03ab579e48760c2578ebe8a9345be4551c8cd8a8c,true
result_36a6cba279eab22ad51c5a4a,runplan_6b2c9c9db7ce4f73,cell_32bf2eb021916d7cf4f2,housing_v1__experiment__000003,housing_v1,housing_controlled_model_landlords_experiment,episode_attempt_9d8a76f9e8eb9553efad,97d81dbf7f13c6edc13171c03ab579e48760c2578ebe8a9345be4551c8cd8a8c,included,housing_social_welfare_leaf,1.0.0,social_welfare,1.0.0,utility,landlord_1,landlord_1,-2971.55,utility_points,"{""disagreement_utility"":0.0}",ok,valid,[],"[""event_00000211""]",evaluation_receipt,episode_attempt_9d8a76f9e8eb9553efad,97d81dbf7f13c6edc13171c03ab579e48760c2578ebe8a9345be4551c8cd8a8c,true
result_5b56e5c731fbf743ca5ca53b,runplan_6b2c9c9db7ce4f73,cell_32bf2eb021916d7cf4f2,housing_v1__experiment__000003,housing_v1,housing_controlled_model_landlords_experiment,episode_attempt_9d8a76f9e8eb9553efad,97d81dbf7f13c6edc13171c03ab579e48760c2578ebe8a9345be4551c8cd8a8c,included,housing_social_welfare_leaf,1.0.0,social_welfare,1.0.0,utility,landlord_2,landlord_2,76.96,utility_points,"{""disagreement_utility"":0.0}",ok,valid,[],"[""event_00000211""]",evaluation_receipt,episode_attempt_9d8a76f9e8eb9553efad,97d81dbf7f13c6edc13171c03ab579e48760c2578ebe8a9345be4551c8cd8a8c,true
result_55ec8c315f13195480a54254,runplan_6b2c9c9db7ce4f73,cell_32bf2eb021916d7cf4f2,housing_v1__experiment__000003,housing_v1,housing_controlled_model_landlords_experiment,episode_attempt_9d8a76f9e8eb9553efad,97d81dbf7f13c6edc13171c03ab579e48760c2578ebe8a9345be4551c8cd8a8c,included,housing_social_welfare_leaf,1.0.0,social_welfare,1.0.0,utility,tenant_0,tenant_0,0.0,utility_points,"{""disagreement_utility"":0.0}",ok,valid,[],"[""event_00000211""]",evaluation_receipt,episode_attempt_9d8a76f9e8eb9553efad,97d81dbf7f13c6edc13171c03ab579e48760c2578ebe8a9345be4551c8cd8a8c,true
result_9435c7c342e1e62300bf2a8a,runplan_6b2c9c9db7ce4f73,cell_32bf2eb021916d7cf4f2,housing_v1__experiment__000003,housing_v1,housing_controlled_model_landlords_experiment,episode_attempt_9d8a76f9e8eb9553efad,97d81dbf7f13c6edc13171c03ab579e48760c2578ebe8a9345be4551c8cd8a8c,included,housing_social_welfare_leaf,1.0.0,social_welfare,1.0.0,utility,tenant_1,tenant_1,124.95,utility_points,"{""disagreement_utility"":0.0}",ok,valid,[],"[""event_00000211""]",evaluation_receipt,episode_attempt_9d8a76f9e8eb9553efad,97d81dbf7f13c6edc13171c03ab579e48760c2578ebe8a9345be4551c8cd8a8c,true
result_2e734f588a595c7211741e83,runplan_6b2c9c9db7ce4f73,cell_32bf2eb021916d7cf4f2,housing_v1__experiment__000003,housing_v1,housing_controlled_model_landlords_experiment,episode_attempt_9d8a76f9e8eb9553efad,97d81dbf7f13c6edc13171c03ab579e48760c2578ebe8a9345be4551c8cd8a8c,included,housing_social_welfare_leaf,1.0.0,social_welfare,1.0.0,utility,tenant_2,tenant_2,479.72,utility_points,"{""disagreement_utility"":0.0}",ok,valid,[],"[""event_00000211""]",evaluation_receipt,episode_attempt_9d8a76f9e8eb9553efad,97d81dbf7f13c6edc13171c03ab579e48760c2578ebe8a9345be4551c8cd8a8c,true
result_0083b9a7a21a80f3752c5919,runplan_6b2c9c9db7ce4f73,cell_32bf2eb021916d7cf4f2,housing_v1__experiment__000003,housing_v1,housing_controlled_model_landlords_experiment,episode_attempt_9d8a76f9e8eb9553efad,97d81dbf7f13c6edc13171c03ab579e48760c2578ebe8a9345be4551c8cd8a8c,included,housing_social_welfare_leaf,1.0.0,social_welfare,1.0.0,utility,tenant_3,tenant_3,0.0,utility_points,"{""disagreement_utility"":0.0}",ok,valid,[],"[""event_00000211""]",evaluation_receipt,episode_attempt_9d8a76f9e8eb9553efad,97d81dbf7f13c6edc13171c03ab579e48760c2578ebe8a9345be4551c8cd8a8c,true
result_6b6be08ae2c16588c8d611f5,runplan_6b2c9c9db7ce4f73,cell_32bf2eb021916d7cf4f2,housing_v1__experiment__000003,housing_v1,housing_controlled_model_landlords_experiment,episode_attempt_9d8a76f9e8eb9553efad,97d81dbf7f13c6edc13171c03ab579e48760c2578ebe8a9345be4551c8cd8a8c,included,housing_social_welfare_leaf,1.0.0,social_welfare,1.0.0,utility,tenant_4,tenant_4,3394.3,utility_points,"{""disagreement_utility"":0.0}",ok,valid,[],"[""event_00000211""]",evaluation_receipt,episode_attempt_9d8a76f9e8eb9553efad,97d81dbf7f13c6edc13171c03ab579e48760c2578ebe8a9345be4551c8cd8a8c,true
result_798404956fd0e46795c4bad6,runplan_6b2c9c9db7ce4f73,cell_32bf2eb021916d7cf4f2,housing_v1__experiment__000003,housing_v1,housing_controlled_model_landlords_experiment,episode_attempt_9d8a76f9e8eb9553efad,97d81dbf7f13c6edc13171c03ab579e48760c2578ebe8a9345be4551c8cd8a8c,included,housing_social_welfare_leaf,1.0.0,social_welfare,1.0.0,utility,tenant_5,tenant_5,0.0,utility_points,"{""disagreement_utility"":0.0}",ok,valid,[],"[""event_00000211""]",evaluation_receipt,episode_attempt_9d8a76f9e8eb9553efad,97d81dbf7f13c6edc13171c03ab579e48760c2578ebe8a9345be4551c8cd8a8c,true
result_7dc5c465e79bbc691ed219ed,runplan_6b2c9c9db7ce4f73,cell_32bf2eb021916d7cf4f2,housing_v1__experiment__000003,housing_v1,housing_controlled_model_landlords_experiment,episode_attempt_9d8a76f9e8eb9553efad,97d81dbf7f13c6edc13171c03ab579e48760c2578ebe8a9345be4551c8cd8a8c,included,housing_social_welfare_leaf,1.0.0,social_welfare,1.0.0,capture,landlord_0,landlord_0,91.85,utility_points,"{""disagreement_utility"":0.0}",ok,valid,[],"[""event_00000211""]",evaluation_receipt,episode_attempt_9d8a76f9e8eb9553efad,97d81dbf7f13c6edc13171c03ab579e48760c2578ebe8a9345be4551c8cd8a8c,true
result_01d3e58d8106fa6f55fb3ee7,runplan_6b2c9c9db7ce4f73,cell_32bf2eb021916d7cf4f2,housing_v1__experiment__000003,housing_v1,housing_controlled_model_landlords_experiment,episode_attempt_9d8a76f9e8eb9553efad,97d81dbf7f13c6edc13171c03ab579e48760c2578ebe8a9345be4551c8cd8a8c,included,housing_social_welfare_leaf,1.0.0,social_welfare,1.0.0,capture,landlord_1,landlord_1,-2971.55,utility_points,"{""disagreement_utility"":0.0}",ok,valid,[],"[""event_00000211""]",evaluation_receipt,episode_attempt_9d8a76f9e8eb9553efad,97d81dbf7f13c6edc13171c03ab579e48760c2578ebe8a9345be4551c8cd8a8c,true
result_1ea52c9ec4fa81bad1465be7,runplan_6b2c9c9db7ce4f73,cell_32bf2eb021916d7cf4f2,housing_v1__experiment__000003,housing_v1,housing_controlled_model_landlords_experiment,episode_attempt_9d8a76f9e8eb9553efad,97d81dbf7f13c6edc13171c03ab579e48760c2578ebe8a9345be4551c8cd8a8c,included,housing_social_welfare_leaf,1.0.0,social_welfare,1.0.0,capture,landlord_2,landlord_2,76.96,utility_points,"{""disagreement_utility"":0.0}",ok,valid,[],"[""event_00000211""]",evaluation_receipt,episode_attempt_9d8a76f9e8eb9553efad,97d81dbf7f13c6edc13171c03ab579e48760c2578ebe8a9345be4551c8cd8a8c,true
result_ec27d79f57680d062aaffb93,runplan_6b2c9c9db7ce4f73,cell_32bf2eb021916d7cf4f2,housing_v1__experiment__000003,housing_v1,housing_controlled_model_landlords_experiment,episode_attempt_9d8a76f9e8eb9553efad,97d81dbf7f13c6edc13171c03ab579e48760c2578ebe8a9345be4551c8cd8a8c,included,housing_social_welfare_leaf,1.0.0,social_welfare,1.0.0,capture,tenant_0,tenant_0,0.0,utility_points,"{""disagreement_utility"":0.0}",ok,valid,[],"[""event_00000211""]",evaluation_receipt,episode_attempt_9d8a76f9e8eb9553efad,97d81dbf7f13c6edc13171c03ab579e48760c2578ebe8a9345be4551c8cd8a8c,true
result_1ba8bbf233af6cde0878892e,runplan_6b2c9c9db7ce4f73,cell_32bf2eb021916d7cf4f2,housing_v1__experiment__000003,housing_v1,housing_controlled_model_landlords_experiment,episode_attempt_9d8a76f9e8eb9553efad,97d81dbf7f13c6edc13171c03ab579e48760c2578ebe8a9345be4551c8cd8a8c,included,housing_social_welfare_leaf,1.0.0,social_welfare,1.0.0,capture,tenant_1,tenant_1,124.95,utility_points,"{""disagreement_utility"":0.0}",ok,valid,[],"[""event_00000211""]",evaluation_receipt,episode_attempt_9d8a76f9e8eb9553efad,97d81dbf7f13c6edc13171c03ab579e48760c2578ebe8a9345be4551c8cd8a8c,true
result_12e6336bf1b55e2c8dbf5149,runplan_6b2c9c9db7ce4f73,cell_32bf2eb021916d7cf4f2,housing_v1__experiment__000003,housing_v1,housing_controlled_model_landlords_experiment,episode_attempt_9d8a76f9e8eb9553efad,97d81dbf7f13c6edc13171c03ab579e48760c2578ebe8a9345be4551c8cd8a8c,included,housing_social_welfare_leaf,1.0.0,social_welfare,1.0.0,capture,tenant_2,tenant_2,479.72,utility_points,"{""disagreement_utility"":0.0}",ok,valid,[],"[""event_00000211""]",evaluation_receipt,episode_attempt_9d8a76f9e8eb9553efad,97d81dbf7f13c6edc13171c03ab579e48760c2578ebe8a9345be4551c8cd8a8c,true
result_8fb85f883d0120c973cbb4eb,runplan_6b2c9c9db7ce4f73,cell_32bf2eb021916d7cf4f2,housing_v1__experiment__000003,housing_v1,housing_controlled_model_landlords_experiment,episode_attempt_9d8a76f9e8eb9553efad,97d81dbf7f13c6edc13171c03ab579e48760c2578ebe8a9345be4551c8cd8a8c,included,housing_social_welfare_leaf,1.0.0,social_welfare,1.0.0,capture,tenant_3,tenant_3,0.0,utility_points,"{""disagreement_utility"":0.0}",ok,valid,[],"[""event_00000211""]",evaluation_receipt,episode_attempt_9d8a76f9e8eb9553efad,97d81dbf7f13c6edc13171c03ab579e48760c2578ebe8a9345be4551c8cd8a8c,true
result_5bfcdbe0a9ffbaa587486ea6,runplan_6b2c9c9db7ce4f73,cell_32bf2eb021916d7cf4f2,housing_v1__experiment__000003,housing_v1,housing_controlled_model_landlords_experiment,episode_attempt_9d8a76f9e8eb9553efad,97d81dbf7f13c6edc13171c03ab579e48760c2578ebe8a9345be4551c8cd8a8c,included,housing_social_welfare_leaf,1.0.0,social_welfare,1.0.0,capture,tenant_4,tenant_4,3394.3,utility_points,"{""disagreement_utility"":0.0}",ok,valid,[],"[""event_00000211""]",evaluation_receipt,episode_attempt_9d8a76f9e8eb9553efad,97d81dbf7f13c6edc13171c03ab579e48760c2578ebe8a9345be4551c8cd8a8c,true
result_87a17583df756154785b8fce,runplan_6b2c9c9db7ce4f73,cell_32bf2eb021916d7cf4f2,housing_v1__experiment__000003,housing_v1,housing_controlled_model_landlords_experiment,episode_attempt_9d8a76f9e8eb9553efad,97d81dbf7f13c6edc13171c03ab579e48760c2578ebe8a9345be4551c8cd8a8c,included,housing_social_welfare_leaf,1.0.0,social_welfare,1.0.0,capture,tenant_5,tenant_5,0.0,utility_points,"{""disagreement_utility"":0.0}",ok,valid,[],"[""event_00000211""]",evaluation_receipt,episode_attempt_9d8a76f9e8eb9553efad,97d81dbf7f13c6edc13171c03ab579e48760c2578ebe8a9345be4551c8cd8a8c,true
result_669e2911fc4e6257156c1ef9,runplan_6b2c9c9db7ce4f73,cell_435414b68ebc9795a018,housing_v1__experiment__000005,housing_v1,housing_controlled_model_landlords_experiment,episode_attempt_af0e1afd6f149733c9f3,41b0b8109366e7db6e54aaae3aaabd5b28fdf47f9724ecf124fc7284e2ccd787,included,housing_social_welfare_leaf,1.0.0,social_welfare,1.0.0,primary,social_welfare,,1073.67,utility_points,{},ok,valid,[],"[""event_00000271""]",evaluation_receipt,episode_attempt_af0e1afd6f149733c9f3,41b0b8109366e7db6e54aaae3aaabd5b28fdf47f9724ecf124fc7284e2ccd787,true
result_54548a0efa275daf35985c09,runplan_6b2c9c9db7ce4f73,cell_435414b68ebc9795a018,housing_v1__experiment__000005,housing_v1,housing_controlled_model_landlords_experiment,episode_attempt_af0e1afd6f149733c9f3,41b0b8109366e7db6e54aaae3aaabd5b28fdf47f9724ecf124fc7284e2ccd787,included,housing_social_welfare_leaf,1.0.0,social_welfare,1.0.0,metric,comparison_baseline_gap,,-85.26999999999998,utility_points,{},ok,valid,[],"[""event_00000271""]",evaluation_receipt,episode_attempt_af0e1afd6f149733c9f3,41b0b8109366e7db6e54aaae3aaabd5b28fdf47f9724ecf124fc7284e2ccd787,true
result_d59221f4f6b72d2b6d4e50e8,runplan_6b2c9c9db7ce4f73,cell_435414b68ebc9795a018,housing_v1__experiment__000005,housing_v1,housing_controlled_model_landlords_experiment,episode_attempt_af0e1afd6f149733c9f3,41b0b8109366e7db6e54aaae3aaabd5b28fdf47f9724ecf124fc7284e2ccd787,included,housing_social_welfare_leaf,1.0.0,social_welfare,1.0.0,metric,ir_violation_count,,1.0,count,{},ok,valid,[],"[""event_00000271""]",evaluation_receipt,episode_attempt_af0e1afd6f149733c9f3,41b0b8109366e7db6e54aaae3aaabd5b28fdf47f9724ecf124fc7284e2ccd787,true
result_295342c9f3231edb6aca6952,runplan_6b2c9c9db7ce4f73,cell_435414b68ebc9795a018,housing_v1__experiment__000005,housing_v1,housing_controlled_model_landlords_experiment,episode_attempt_af0e1afd6f149733c9f3,41b0b8109366e7db6e54aaae3aaabd5b28fdf47f9724ecf124fc7284e2ccd787,included,housing_social_welfare_leaf,1.0.0,social_welfare,1.0.0,metric,social_welfare,,1073.67,utility_points,{},ok,valid,[],"[""event_00000271""]",evaluation_receipt,episode_attempt_af0e1afd6f149733c9f3,41b0b8109366e7db6e54aaae3aaabd5b28fdf47f9724ecf124fc7284e2ccd787,true
result_e7299eb738fabd59aef1bd49,runplan_6b2c9c9db7ce4f73,cell_435414b68ebc9795a018,housing_v1__experiment__000005,housing_v1,housing_controlled_model_landlords_experiment,episode_attempt_af0e1afd6f149733c9f3,41b0b8109366e7db6e54aaae3aaabd5b28fdf47f9724ecf124fc7284e2ccd787,included,housing_social_welfare_leaf,1.0.0,social_welfare,1.0.0,metric,upper_bound_gap,,383.66999999999985,utility_points,{},ok,valid,[],"[""event_00000271""]",evaluation_receipt,episode_attempt_af0e1afd6f149733c9f3,41b0b8109366e7db6e54aaae3aaabd5b28fdf47f9724ecf124fc7284e2ccd787,true
result_e49dc0a330f58e02cea06ada,runplan_6b2c9c9db7ce4f73,cell_435414b68ebc9795a018,housing_v1__experiment__000005,housing_v1,housing_controlled_model_landlords_experiment,episode_attempt_af0e1afd6f149733c9f3,41b0b8109366e7db6e54aaae3aaabd5b28fdf47f9724ecf124fc7284e2ccd787,included,housing_social_welfare_leaf,1.0.0,social_welfare,1.0.0,metric,wasted_contacts,,6.0,count,{},ok,valid,[],"[""event_00000271""]",evaluation_receipt,episode_attempt_af0e1afd6f149733c9f3,41b0b8109366e7db6e54aaae3aaabd5b28fdf47f9724ecf124fc7284e2ccd787,true
result_84a2015002bc7215f3bfd684,runplan_6b2c9c9db7ce4f73,cell_435414b68ebc9795a018,housing_v1__experiment__000005,housing_v1,housing_controlled_model_landlords_experiment,episode_attempt_af0e1afd6f149733c9f3,41b0b8109366e7db6e54aaae3aaabd5b28fdf47f9724ecf124fc7284e2ccd787,included,housing_social_welfare_leaf,1.0.0,social_welfare,1.0.0,metric,within_case_score,,0.7367326773436536,ratio,{},ok,valid,[],"[""event_00000271""]",evaluation_receipt,episode_attempt_af0e1afd6f149733c9f3,41b0b8109366e7db6e54aaae3aaabd5b28fdf47f9724ecf124fc7284e2ccd787,true
result_10a959baf3816f28f880a4c9,runplan_6b2c9c9db7ce4f73,cell_435414b68ebc9795a018,housing_v1__experiment__000005,housing_v1,housing_controlled_model_landlords_experiment,episode_attempt_af0e1afd6f149733c9f3,41b0b8109366e7db6e54aaae3aaabd5b28fdf47f9724ecf124fc7284e2ccd787,included,housing_social_welfare_leaf,1.0.0,social_welfare,1.0.0,reference,comparison_baseline,,1158.94,utility_points,"{""policy"":""naive"",""reference_kind"":""comparison_baseline""}",ok,valid,[],"[""event_00000271""]",evaluation_receipt,episode_attempt_af0e1afd6f149733c9f3,41b0b8109366e7db6e54aaae3aaabd5b28fdf47f9724ecf124fc7284e2ccd787,true
result_d9613dcc657efdfca6ae8bf2,runplan_6b2c9c9db7ce4f73,cell_435414b68ebc9795a018,housing_v1__experiment__000005,housing_v1,housing_controlled_model_landlords_experiment,episode_attempt_af0e1afd6f149733c9f3,41b0b8109366e7db6e54aaae3aaabd5b28fdf47f9724ecf124fc7284e2ccd787,included,housing_social_welfare_leaf,1.0.0,social_welfare,1.0.0,reference,optimum_lower_bound,,0.0,utility_points,"{""policy"":""do_nothing"",""reference_kind"":""objective_lower_bound""}",ok,valid,[],"[""event_00000271""]",evaluation_receipt,episode_attempt_af0e1afd6f149733c9f3,41b0b8109366e7db6e54aaae3aaabd5b28fdf47f9724ecf124fc7284e2ccd787,true
result_9815bf3041a4a88b967bbe19,runplan_6b2c9c9db7ce4f73,cell_435414b68ebc9795a018,housing_v1__experiment__000005,housing_v1,housing_controlled_model_landlords_experiment,episode_attempt_af0e1afd6f149733c9f3,41b0b8109366e7db6e54aaae3aaabd5b28fdf47f9724ecf124fc7284e2ccd787,included,housing_social_welfare_leaf,1.0.0,social_welfare,1.0.0,reference,optimum_upper_bound,,1457.34,utility_points,"{""reference_kind"":""objective_upper_bound"",""semantics"":""full_information_allocation_relaxation""}",ok,valid,[],"[""event_00000271""]",evaluation_receipt,episode_attempt_af0e1afd6f149733c9f3,41b0b8109366e7db6e54aaae3aaabd5b28fdf47f9724ecf124fc7284e2ccd787,true
result_86fba9ae61e4e71bf6940903,runplan_6b2c9c9db7ce4f73,cell_435414b68ebc9795a018,housing_v1__experiment__000005,housing_v1,housing_controlled_model_landlords_experiment,episode_attempt_af0e1afd6f149733c9f3,41b0b8109366e7db6e54aaae3aaabd5b28fdf47f9724ecf124fc7284e2ccd787,included,housing_social_welfare_leaf,1.0.0,social_welfare,1.0.0,utility,landlord_0,landlord_0,-3037.71,utility_points,"{""disagreement_utility"":0.0}",ok,valid,[],"[""event_00000271""]",evaluation_receipt,episode_attempt_af0e1afd6f149733c9f3,41b0b8109366e7db6e54aaae3aaabd5b28fdf47f9724ecf124fc7284e2ccd787,true
result_352edcb8e21fe102e39b3040,runplan_6b2c9c9db7ce4f73,cell_435414b68ebc9795a018,housing_v1__experiment__000005,housing_v1,housing_controlled_model_landlords_experiment,episode_attempt_af0e1afd6f149733c9f3,41b0b8109366e7db6e54aaae3aaabd5b28fdf47f9724ecf124fc7284e2ccd787,included,housing_social_welfare_leaf,1.0.0,social_welfare,1.0.0,utility,landlord_1,landlord_1,77.99,utility_points,"{""disagreement_utility"":0.0}",ok,valid,[],"[""event_00000271""]",evaluation_receipt,episode_attempt_af0e1afd6f149733c9f3,41b0b8109366e7db6e54aaae3aaabd5b28fdf47f9724ecf124fc7284e2ccd787,true
result_631fee518807b1048a77796e,runplan_6b2c9c9db7ce4f73,cell_435414b68ebc9795a018,housing_v1__experiment__000005,housing_v1,housing_controlled_model_landlords_experiment,episode_attempt_af0e1afd6f149733c9f3,41b0b8109366e7db6e54aaae3aaabd5b28fdf47f9724ecf124fc7284e2ccd787,included,housing_social_welfare_leaf,1.0.0,social_welfare,1.0.0,utility,landlord_2,landlord_2,375.64,utility_points,"{""disagreement_utility"":0.0}",ok,valid,[],"[""event_00000271""]",evaluation_receipt,episode_attempt_af0e1afd6f149733c9f3,41b0b8109366e7db6e54aaae3aaabd5b28fdf47f9724ecf124fc7284e2ccd787,true
result_7052e4ac4d9d0d6c88103e0a,runplan_6b2c9c9db7ce4f73,cell_435414b68ebc9795a018,housing_v1__experiment__000005,housing_v1,housing_controlled_model_landlords_experiment,episode_attempt_af0e1afd6f149733c9f3,41b0b8109366e7db6e54aaae3aaabd5b28fdf47f9724ecf124fc7284e2ccd787,included,housing_social_welfare_leaf,1.0.0,social_welfare,1.0.0,utility,tenant_0,tenant_0,50.72,utility_points,"{""disagreement_utility"":0.0}",ok,valid,[],"[""event_00000271""]",evaluation_receipt,episode_attempt_af0e1afd6f149733c9f3,41b0b8109366e7db6e54aaae3aaabd5b28fdf47f9724ecf124fc7284e2ccd787,true
result_27635f659b74059b26f6077e,runplan_6b2c9c9db7ce4f73,cell_435414b68ebc9795a018,housing_v1__experiment__000005,housing_v1,housing_controlled_model_landlords_experiment,episode_attempt_af0e1afd6f149733c9f3,41b0b8109366e7db6e54aaae3aaabd5b28fdf47f9724ecf124fc7284e2ccd787,included,housing_social_welfare_leaf,1.0.0,social_welfare,1.0.0,utility,tenant_1,tenant_1,0.0,utility_points,"{""disagreement_utility"":0.0}",ok,valid,[],"[""event_00000271""]",evaluation_receipt,episode_attempt_af0e1afd6f149733c9f3,41b0b8109366e7db6e54aaae3aaabd5b28fdf47f9724ecf124fc7284e2ccd787,true
result_12a20db7856fc8964fea275f,runplan_6b2c9c9db7ce4f73,cell_435414b68ebc9795a018,housing_v1__experiment__000005,housing_v1,housing_controlled_model_landlords_experiment,episode_attempt_af0e1afd6f149733c9f3,41b0b8109366e7db6e54aaae3aaabd5b28fdf47f9724ecf124fc7284e2ccd787,included,housing_social_welfare_leaf,1.0.0,social_welfare,1.0.0,utility,tenant_2,tenant_2,0.0,utility_points,"{""disagreement_utility"":0.0}",ok,valid,[],"[""event_00000271""]",evaluation_receipt,episode_attempt_af0e1afd6f149733c9f3,41b0b8109366e7db6e54aaae3aaabd5b28fdf47f9724ecf124fc7284e2ccd787,true
result_7ee1c5fe0422f169e81637eb,runplan_6b2c9c9db7ce4f73,cell_435414b68ebc9795a018,housing_v1__experiment__000005,housing_v1,housing_controlled_model_landlords_experiment,episode_attempt_af0e1afd6f149733c9f3,41b0b8109366e7db6e54aaae3aaabd5b28fdf47f9724ecf124fc7284e2ccd787,included,housing_social_welfare_leaf,1.0.0,social_welfare,1.0.0,utility,tenant_3,tenant_3,489.73,utility_points,"{""disagreement_utility"":0.0}",ok,valid,[],"[""event_00000271""]",evaluation_receipt,episode_attempt_af0e1afd6f149733c9f3,41b0b8109366e7db6e54aaae3aaabd5b28fdf47f9724ecf124fc7284e2ccd787,true
result_6a2e28073fe34a55c56afa82,runplan_6b2c9c9db7ce4f73,cell_435414b68ebc9795a018,housing_v1__experiment__000005,housing_v1,housing_controlled_model_landlords_experiment,episode_attempt_af0e1afd6f149733c9f3,41b0b8109366e7db6e54aaae3aaabd5b28fdf47f9724ecf124fc7284e2ccd787,included,housing_social_welfare_leaf,1.0.0,social_welfare,1.0.0,utility,tenant_4,tenant_4,0.0,utility_points,"{""disagreement_utility"":0.0}",ok,valid,[],"[""event_00000271""]",evaluation_receipt,episode_attempt_af0e1afd6f149733c9f3,41b0b8109366e7db6e54aaae3aaabd5b28fdf47f9724ecf124fc7284e2ccd787,true
result_4c1ca7385333f5cd116bd50d,runplan_6b2c9c9db7ce4f73,cell_435414b68ebc9795a018,housing_v1__experiment__000005,housing_v1,housing_controlled_model_landlords_experiment,episode_attempt_af0e1afd6f149733c9f3,41b0b8109366e7db6e54aaae3aaabd5b28fdf47f9724ecf124fc7284e2ccd787,included,housing_social_welfare_leaf,1.0.0,social_welfare,1.0.0,utility,tenant_5,tenant_5,3117.3,utility_points,"{""disagreement_utility"":0.0}",ok,valid,[],"[""event_00000271""]",evaluation_receipt,episode_attempt_af0e1afd6f149733c9f3,41b0b8109366e7db6e54aaae3aaabd5b28fdf47f9724ecf124fc7284e2ccd787,true
result_36329080b3a3226ae43204d4,runplan_6b2c9c9db7ce4f73,cell_435414b68ebc9795a018,housing_v1__experiment__000005,housing_v1,housing_controlled_model_landlords_experiment,episode_attempt_af0e1afd6f149733c9f3,41b0b8109366e7db6e54aaae3aaabd5b28fdf47f9724ecf124fc7284e2ccd787,included,housing_social_welfare_leaf,1.0.0,social_welfare,1.0.0,capture,landlord_0,landlord_0,-3037.71,utility_points,"{""disagreement_utility"":0.0}",ok,valid,[],"[""event_00000271""]",evaluation_receipt,episode_attempt_af0e1afd6f149733c9f3,41b0b8109366e7db6e54aaae3aaabd5b28fdf47f9724ecf124fc7284e2ccd787,true
result_97bd698fc75c9901d4a7c9c6,runplan_6b2c9c9db7ce4f73,cell_435414b68ebc9795a018,housing_v1__experiment__000005,housing_v1,housing_controlled_model_landlords_experiment,episode_attempt_af0e1afd6f149733c9f3,41b0b8109366e7db6e54aaae3aaabd5b28fdf47f9724ecf124fc7284e2ccd787,included,housing_social_welfare_leaf,1.0.0,social_welfare,1.0.0,capture,landlord_1,landlord_1,77.99,utility_points,"{""disagreement_utility"":0.0}",ok,valid,[],"[""event_00000271""]",evaluation_receipt,episode_attempt_af0e1afd6f149733c9f3,41b0b8109366e7db6e54aaae3aaabd5b28fdf47f9724ecf124fc7284e2ccd787,true
result_011b9b72571c752a505dbab4,runplan_6b2c9c9db7ce4f73,cell_435414b68ebc9795a018,housing_v1__experiment__000005,housing_v1,housing_controlled_model_landlords_experiment,episode_attempt_af0e1afd6f149733c9f3,41b0b8109366e7db6e54aaae3aaabd5b28fdf47f9724ecf124fc7284e2ccd787,included,housing_social_welfare_leaf,1.0.0,social_welfare,1.0.0,capture,landlord_2,landlord_2,375.64,utility_points,"{""disagreement_utility"":0.0}",ok,valid,[],"[""event_00000271""]",evaluation_receipt,episode_attempt_af0e1afd6f149733c9f3,41b0b8109366e7db6e54aaae3aaabd5b28fdf47f9724ecf124fc7284e2ccd787,true
result_2a73e1eb36e09994f9993a08,runplan_6b2c9c9db7ce4f73,cell_435414b68ebc9795a018,housing_v1__experiment__000005,housing_v1,housing_controlled_model_landlords_experiment,episode_attempt_af0e1afd6f149733c9f3,41b0b8109366e7db6e54aaae3aaabd5b28fdf47f9724ecf124fc7284e2ccd787,included,housing_social_welfare_leaf,1.0.0,social_welfare,1.0.0,capture,tenant_0,tenant_0,50.72,utility_points,"{""disagreement_utility"":0.0}",ok,valid,[],"[""event_00000271""]",evaluation_receipt,episode_attempt_af0e1afd6f149733c9f3,41b0b8109366e7db6e54aaae3aaabd5b28fdf47f9724ecf124fc7284e2ccd787,true
result_91943663686ffaf92552e640,runplan_6b2c9c9db7ce4f73,cell_435414b68ebc9795a018,housing_v1__experiment__000005,housing_v1,housing_controlled_model_landlords_experiment,episode_attempt_af0e1afd6f149733c9f3,41b0b8109366e7db6e54aaae3aaabd5b28fdf47f9724ecf124fc7284e2ccd787,included,housing_social_welfare_leaf,1.0.0,social_welfare,1.0.0,capture,tenant_1,tenant_1,0.0,utility_points,"{""disagreement_utility"":0.0}",ok,valid,[],"[""event_00000271""]",evaluation_receipt,episode_attempt_af0e1afd6f149733c9f3,41b0b8109366e7db6e54aaae3aaabd5b28fdf47f9724ecf124fc7284e2ccd787,true
result_691fbd41bf5ee9f5b7e608e9,runplan_6b2c9c9db7ce4f73,cell_435414b68ebc9795a018,housing_v1__experiment__000005,housing_v1,housing_controlled_model_landlords_experiment,episode_attempt_af0e1afd6f149733c9f3,41b0b8109366e7db6e54aaae3aaabd5b28fdf47f9724ecf124fc7284e2ccd787,included,housing_social_welfare_leaf,1.0.0,social_welfare,1.0.0,capture,tenant_2,tenant_2,0.0,utility_points,"{""disagreement_utility"":0.0}",ok,valid,[],"[""event_00000271""]",evaluation_receipt,episode_attempt_af0e1afd6f149733c9f3,41b0b8109366e7db6e54aaae3aaabd5b28fdf47f9724ecf124fc7284e2ccd787,true
result_98e8815bc3454fde968467bd,runplan_6b2c9c9db7ce4f73,cell_435414b68ebc9795a018,housing_v1__experiment__000005,housing_v1,housing_controlled_model_landlords_experiment,episode_attempt_af0e1afd6f149733c9f3,41b0b8109366e7db6e54aaae3aaabd5b28fdf47f9724ecf124fc7284e2ccd787,included,housing_social_welfare_leaf,1.0.0,social_welfare,1.0.0,capture,tenant_3,tenant_3,489.73,utility_points,"{""disagreement_utility"":0.0}",ok,valid,[],"[""event_00000271""]",evaluation_receipt,episode_attempt_af0e1afd6f149733c9f3,41b0b8109366e7db6e54aaae3aaabd5b28fdf47f9724ecf124fc7284e2ccd787,true
result_49fbb2bfb93a264315cf17bd,runplan_6b2c9c9db7ce4f73,cell_435414b68ebc9795a018,housing_v1__experiment__000005,housing_v1,housing_controlled_model_landlords_experiment,episode_attempt_af0e1afd6f149733c9f3,41b0b8109366e7db6e54aaae3aaabd5b28fdf47f9724ecf124fc7284e2ccd787,included,housing_social_welfare_leaf,1.0.0,social_welfare,1.0.0,capture,tenant_4,tenant_4,0.0,utility_points,"{""disagreement_utility"":0.0}",ok,valid,[],"[""event_00000271""]",evaluation_receipt,episode_attempt_af0e1afd6f149733c9f3,41b0b8109366e7db6e54aaae3aaabd5b28fdf47f9724ecf124fc7284e2ccd787,true
result_d119064d2f588ff08eb7914b,runplan_6b2c9c9db7ce4f73,cell_435414b68ebc9795a018,housing_v1__experiment__000005,housing_v1,housing_controlled_model_landlords_experiment,episode_attempt_af0e1afd6f149733c9f3,41b0b8109366e7db6e54aaae3aaabd5b28fdf47f9724ecf124fc7284e2ccd787,included,housing_social_welfare_leaf,1.0.0,social_welfare,1.0.0,capture,tenant_5,tenant_5,3117.3,utility_points,"{""disagreement_utility"":0.0}",ok,valid,[],"[""event_00000271""]",evaluation_receipt,episode_attempt_af0e1afd6f149733c9f3,41b0b8109366e7db6e54aaae3aaabd5b28fdf47f9724ecf124fc7284e2ccd787,true
result_f8e78a61a24c11393c876e44,runplan_6b2c9c9db7ce4f73,cell_528d600c70c4569f91a1,housing_v1__experiment__000007,housing_v1,housing_controlled_model_landlords_experiment,episode_attempt_9154a5c179a67e859874,ecdafd95f9aaf6eaa5f36e8fe63cbdb68de691459f852a9b78c7e3dd7a19e67f,included,housing_social_welfare_leaf,1.0.0,social_welfare,1.0.0,primary,social_welfare,,692.52,utility_points,{},ok,valid,[],"[""event_00000130""]",evaluation_receipt,episode_attempt_9154a5c179a67e859874,ecdafd95f9aaf6eaa5f36e8fe63cbdb68de691459f852a9b78c7e3dd7a19e67f,true
result_e37dd296ffe83113eda898b5,runplan_6b2c9c9db7ce4f73,cell_528d600c70c4569f91a1,housing_v1__experiment__000007,housing_v1,housing_controlled_model_landlords_experiment,episode_attempt_9154a5c179a67e859874,ecdafd95f9aaf6eaa5f36e8fe63cbdb68de691459f852a9b78c7e3dd7a19e67f,included,housing_social_welfare_leaf,1.0.0,social_welfare,1.0.0,metric,comparison_baseline_gap,,-76.02999999999997,utility_points,{},ok,valid,[],"[""event_00000130""]",evaluation_receipt,episode_attempt_9154a5c179a67e859874,ecdafd95f9aaf6eaa5f36e8fe63cbdb68de691459f852a9b78c7e3dd7a19e67f,true
result_6868be52707b41201e228594,runplan_6b2c9c9db7ce4f73,cell_528d600c70c4569f91a1,housing_v1__experiment__000007,housing_v1,housing_controlled_model_landlords_experiment,episode_attempt_9154a5c179a67e859874,ecdafd95f9aaf6eaa5f36e8fe63cbdb68de691459f852a9b78c7e3dd7a19e67f,included,housing_social_welfare_leaf,1.0.0,social_welfare,1.0.0,metric,ir_violation_count,,0.0,count,{},ok,valid,[],"[""event_00000130""]",evaluation_receipt,episode_attempt_9154a5c179a67e859874,ecdafd95f9aaf6eaa5f36e8fe63cbdb68de691459f852a9b78c7e3dd7a19e67f,true
result_87312331d90dc4799181a94d,runplan_6b2c9c9db7ce4f73,cell_528d600c70c4569f91a1,housing_v1__experiment__000007,housing_v1,housing_controlled_model_landlords_experiment,episode_attempt_9154a5c179a67e859874,ecdafd95f9aaf6eaa5f36e8fe63cbdb68de691459f852a9b78c7e3dd7a19e67f,included,housing_social_welfare_leaf,1.0.0,social_welfare,1.0.0,metric,social_welfare,,692.52,utility_points,{},ok,valid,[],"[""event_00000130""]",evaluation_receipt,episode_attempt_9154a5c179a67e859874,ecdafd95f9aaf6eaa5f36e8fe63cbdb68de691459f852a9b78c7e3dd7a19e67f,true
result_45dde6ecd722a91ce46acfd7,runplan_6b2c9c9db7ce4f73,cell_528d600c70c4569f91a1,housing_v1__experiment__000007,housing_v1,housing_controlled_model_landlords_experiment,episode_attempt_9154a5c179a67e859874,ecdafd95f9aaf6eaa5f36e8fe63cbdb68de691459f852a9b78c7e3dd7a19e67f,included,housing_social_welfare_leaf,1.0.0,social_welfare,1.0.0,metric,upper_bound_gap,,640.1600000000001,utility_points,{},ok,valid,[],"[""event_00000130""]",evaluation_receipt,episode_attempt_9154a5c179a67e859874,ecdafd95f9aaf6eaa5f36e8fe63cbdb68de691459f852a9b78c7e3dd7a19e67f,true
result_eec322181be92cec02e6c5e8,runplan_6b2c9c9db7ce4f73,cell_528d600c70c4569f91a1,housing_v1__experiment__000007,housing_v1,housing_controlled_model_landlords_experiment,episode_attempt_9154a5c179a67e859874,ecdafd95f9aaf6eaa5f36e8fe63cbdb68de691459f852a9b78c7e3dd7a19e67f,included,housing_social_welfare_leaf,1.0.0,social_welfare,1.0.0,metric,wasted_contacts,,3.0,count,{},ok,valid,[],"[""event_00000130""]",evaluation_receipt,episode_attempt_9154a5c179a67e859874,ecdafd95f9aaf6eaa5f36e8fe63cbdb68de691459f852a9b78c7e3dd7a19e67f,true
result_c5aa2b095424b1c15a1fcb15,runplan_6b2c9c9db7ce4f73,cell_528d600c70c4569f91a1,housing_v1__experiment__000007,housing_v1,housing_controlled_model_landlords_experiment,episode_attempt_9154a5c179a67e859874,ecdafd95f9aaf6eaa5f36e8fe63cbdb68de691459f852a9b78c7e3dd7a19e67f,included,housing_social_welfare_leaf,1.0.0,social_welfare,1.0.0,metric,within_case_score,,0.5196446258666746,ratio,{},ok,valid,[],"[""event_00000130""]",evaluation_receipt,episode_attempt_9154a5c179a67e859874,ecdafd95f9aaf6eaa5f36e8fe63cbdb68de691459f852a9b78c7e3dd7a19e67f,true
result_cca3548c517232918b3fcee4,runplan_6b2c9c9db7ce4f73,cell_528d600c70c4569f91a1,housing_v1__experiment__000007,housing_v1,housing_controlled_model_landlords_experiment,episode_attempt_9154a5c179a67e859874,ecdafd95f9aaf6eaa5f36e8fe63cbdb68de691459f852a9b78c7e3dd7a19e67f,included,housing_social_welfare_leaf,1.0.0,social_welfare,1.0.0,reference,comparison_baseline,,768.55,utility_points,"{""policy"":""naive"",""reference_kind"":""comparison_baseline""}",ok,valid,[],"[""event_00000130""]",evaluation_receipt,episode_attempt_9154a5c179a67e859874,ecdafd95f9aaf6eaa5f36e8fe63cbdb68de691459f852a9b78c7e3dd7a19e67f,true
result_fcc3a3c1687caba675572e55,runplan_6b2c9c9db7ce4f73,cell_528d600c70c4569f91a1,housing_v1__experiment__000007,housing_v1,housing_controlled_model_landlords_experiment,episode_attempt_9154a5c179a67e859874,ecdafd95f9aaf6eaa5f36e8fe63cbdb68de691459f852a9b78c7e3dd7a19e67f,included,housing_social_welfare_leaf,1.0.0,social_welfare,1.0.0,reference,optimum_lower_bound,,0.0,utility_points,"{""policy"":""do_nothing"",""reference_kind"":""objective_lower_bound""}",ok,valid,[],"[""event_00000130""]",evaluation_receipt,episode_attempt_9154a5c179a67e859874,ecdafd95f9aaf6eaa5f36e8fe63cbdb68de691459f852a9b78c7e3dd7a19e67f,true
result_0eb8dfad7b41fe0e7c8cc59a,runplan_6b2c9c9db7ce4f73,cell_528d600c70c4569f91a1,housing_v1__experiment__000007,housing_v1,housing_controlled_model_landlords_experiment,episode_attempt_9154a5c179a67e859874,ecdafd95f9aaf6eaa5f36e8fe63cbdb68de691459f852a9b78c7e3dd7a19e67f,included,housing_social_welfare_leaf,1.0.0,social_welfare,1.0.0,reference,optimum_upper_bound,,1332.68,utility_points,"{""reference_kind"":""objective_upper_bound"",""semantics"":""full_information_allocation_relaxation""}",ok,valid,[],"[""event_00000130""]",evaluation_receipt,episode_attempt_9154a5c179a67e859874,ecdafd95f9aaf6eaa5f36e8fe63cbdb68de691459f852a9b78c7e3dd7a19e67f,true
result_96305169bf86033ec025516f,runplan_6b2c9c9db7ce4f73,cell_528d600c70c4569f91a1,housing_v1__experiment__000007,housing_v1,housing_controlled_model_landlords_experiment,episode_attempt_9154a5c179a67e859874,ecdafd95f9aaf6eaa5f36e8fe63cbdb68de691459f852a9b78c7e3dd7a19e67f,included,housing_social_welfare_leaf,1.0.0,social_welfare,1.0.0,utility,landlord_0,landlord_0,23.64,utility_points,"{""disagreement_utility"":0.0}",ok,valid,[],"[""event_00000130""]",evaluation_receipt,episode_attempt_9154a5c179a67e859874,ecdafd95f9aaf6eaa5f36e8fe63cbdb68de691459f852a9b78c7e3dd7a19e67f,true
result_7680fa1f27f073e02263b4dc,runplan_6b2c9c9db7ce4f73,cell_528d600c70c4569f91a1,housing_v1__experiment__000007,housing_v1,housing_controlled_model_landlords_experiment,episode_attempt_9154a5c179a67e859874,ecdafd95f9aaf6eaa5f36e8fe63cbdb68de691459f852a9b78c7e3dd7a19e67f,included,housing_social_welfare_leaf,1.0.0,social_welfare,1.0.0,utility,landlord_1,landlord_1,26.68,utility_points,"{""disagreement_utility"":0.0}",ok,valid,[],"[""event_00000130""]",evaluation_receipt,episode_attempt_9154a5c179a67e859874,ecdafd95f9aaf6eaa5f36e8fe63cbdb68de691459f852a9b78c7e3dd7a19e67f,true
result_986d376a2b30974c52c7f28f,runplan_6b2c9c9db7ce4f73,cell_528d600c70c4569f91a1,housing_v1__experiment__000007,housing_v1,housing_controlled_model_landlords_experiment,episode_attempt_9154a5c179a67e859874,ecdafd95f9aaf6eaa5f36e8fe63cbdb68de691459f852a9b78c7e3dd7a19e67f,included,housing_social_welfare_leaf,1.0.0,social_welfare,1.0.0,utility,landlord_2,landlord_2,75.42,utility_points,"{""disagreement_utility"":0.0}",ok,valid,[],"[""event_00000130""]",evaluation_receipt,episode_attempt_9154a5c179a67e859874,ecdafd95f9aaf6eaa5f36e8fe63cbdb68de691459f852a9b78c7e3dd7a19e67f,true
result_02e3577174c0a13fca971e98,runplan_6b2c9c9db7ce4f73,cell_528d600c70c4569f91a1,housing_v1__experiment__000007,housing_v1,housing_controlled_model_landlords_experiment,episode_attempt_9154a5c179a67e859874,ecdafd95f9aaf6eaa5f36e8fe63cbdb68de691459f852a9b78c7e3dd7a19e67f,included,housing_social_welfare_leaf,1.0.0,social_welfare,1.0.0,utility,tenant_0,tenant_0,229.36,utility_points,"{""disagreement_utility"":0.0}",ok,valid,[],"[""event_00000130""]",evaluation_receipt,episode_attempt_9154a5c179a67e859874,ecdafd95f9aaf6eaa5f36e8fe63cbdb68de691459f852a9b78c7e3dd7a19e67f,true
result_8cbe4a85040b974312290354,runplan_6b2c9c9db7ce4f73,cell_528d600c70c4569f91a1,housing_v1__experiment__000007,housing_v1,housing_controlled_model_landlords_experiment,episode_attempt_9154a5c179a67e859874,ecdafd95f9aaf6eaa5f36e8fe63cbdb68de691459f852a9b78c7e3dd7a19e67f,included,housing_social_welfare_leaf,1.0.0,social_welfare,1.0.0,utility,tenant_1,tenant_1,252.86,utility_points,"{""disagreement_utility"":0.0}",ok,valid,[],"[""event_00000130""]",evaluation_receipt,episode_attempt_9154a5c179a67e859874,ecdafd95f9aaf6eaa5f36e8fe63cbdb68de691459f852a9b78c7e3dd7a19e67f,true
result_d7936b3b7709797b1a7606ac,runplan_6b2c9c9db7ce4f73,cell_528d600c70c4569f91a1,housing_v1__experiment__000007,housing_v1,housing_controlled_model_landlords_experiment,episode_attempt_9154a5c179a67e859874,ecdafd95f9aaf6eaa5f36e8fe63cbdb68de691459f852a9b78c7e3dd7a19e67f,included,housing_social_welfare_leaf,1.0.0,social_welfare,1.0.0,utility,tenant_2,tenant_2,84.56,utility_points,"{""disagreement_utility"":0.0}",ok,valid,[],"[""event_00000130""]",evaluation_receipt,episode_attempt_9154a5c179a67e859874,ecdafd95f9aaf6eaa5f36e8fe63cbdb68de691459f852a9b78c7e3dd7a19e67f,true
result_c6026945fc02377a665abe8f,runplan_6b2c9c9db7ce4f73,cell_528d600c70c4569f91a1,housing_v1__experiment__000007,housing_v1,housing_controlled_model_landlords_experiment,episode_attempt_9154a5c179a67e859874,ecdafd95f9aaf6eaa5f36e8fe63cbdb68de691459f852a9b78c7e3dd7a19e67f,included,housing_social_welfare_leaf,1.0.0,social_welfare,1.0.0,utility,tenant_3,tenant_3,0.0,utility_points,"{""disagreement_utility"":0.0}",ok,valid,[],"[""event_00000130""]",evaluation_receipt,episode_attempt_9154a5c179a67e859874,ecdafd95f9aaf6eaa5f36e8fe63cbdb68de691459f852a9b78c7e3dd7a19e67f,true
result_197e9d7113098e0667b83b59,runplan_6b2c9c9db7ce4f73,cell_528d600c70c4569f91a1,housing_v1__experiment__000007,housing_v1,housing_controlled_model_landlords_experiment,episode_attempt_9154a5c179a67e859874,ecdafd95f9aaf6eaa5f36e8fe63cbdb68de691459f852a9b78c7e3dd7a19e67f,included,housing_social_welfare_leaf,1.0.0,social_welfare,1.0.0,utility,tenant_4,tenant_4,0.0,utility_points,"{""disagreement_utility"":0.0}",ok,valid,[],"[""event_00000130""]",evaluation_receipt,episode_attempt_9154a5c179a67e859874,ecdafd95f9aaf6eaa5f36e8fe63cbdb68de691459f852a9b78c7e3dd7a19e67f,true
result_bc027cd443489a75720bfe35,runplan_6b2c9c9db7ce4f73,cell_528d600c70c4569f91a1,housing_v1__experiment__000007,housing_v1,housing_controlled_model_landlords_experiment,episode_attempt_9154a5c179a67e859874,ecdafd95f9aaf6eaa5f36e8fe63cbdb68de691459f852a9b78c7e3dd7a19e67f,included,housing_social_welfare_leaf,1.0.0,social_welfare,1.0.0,utility,tenant_5,tenant_5,0.0,utility_points,"{""disagreement_utility"":0.0}",ok,valid,[],"[""event_00000130""]",evaluation_receipt,episode_attempt_9154a5c179a67e859874,ecdafd95f9aaf6eaa5f36e8fe63cbdb68de691459f852a9b78c7e3dd7a19e67f,true
result_8845998eaf288965519e1a89,runplan_6b2c9c9db7ce4f73,cell_528d600c70c4569f91a1,housing_v1__experiment__000007,housing_v1,housing_controlled_model_landlords_experiment,episode_attempt_9154a5c179a67e859874,ecdafd95f9aaf6eaa5f36e8fe63cbdb68de691459f852a9b78c7e3dd7a19e67f,included,housing_social_welfare_leaf,1.0.0,social_welfare,1.0.0,capture,landlord_0,landlord_0,23.64,utility_points,"{""disagreement_utility"":0.0}",ok,valid,[],"[""event_00000130""]",evaluation_receipt,episode_attempt_9154a5c179a67e859874,ecdafd95f9aaf6eaa5f36e8fe63cbdb68de691459f852a9b78c7e3dd7a19e67f,true
result_5ed1cb5a6acf8b8db288ebb3,runplan_6b2c9c9db7ce4f73,cell_528d600c70c4569f91a1,housing_v1__experiment__000007,housing_v1,housing_controlled_model_landlords_experiment,episode_attempt_9154a5c179a67e859874,ecdafd95f9aaf6eaa5f36e8fe63cbdb68de691459f852a9b78c7e3dd7a19e67f,included,housing_social_welfare_leaf,1.0.0,social_welfare,1.0.0,capture,landlord_1,landlord_1,26.68,utility_points,"{""disagreement_utility"":0.0}",ok,valid,[],"[""event_00000130""]",evaluation_receipt,episode_attempt_9154a5c179a67e859874,ecdafd95f9aaf6eaa5f36e8fe63cbdb68de691459f852a9b78c7e3dd7a19e67f,true
result_113fa9833d2e5586bc059b78,runplan_6b2c9c9db7ce4f73,cell_528d600c70c4569f91a1,housing_v1__experiment__000007,housing_v1,housing_controlled_model_landlords_experiment,episode_attempt_9154a5c179a67e859874,ecdafd95f9aaf6eaa5f36e8fe63cbdb68de691459f852a9b78c7e3dd7a19e67f,included,housing_social_welfare_leaf,1.0.0,social_welfare,1.0.0,capture,landlord_2,landlord_2,75.42,utility_points,"{""disagreement_utility"":0.0}",ok,valid,[],"[""event_00000130""]",evaluation_receipt,episode_attempt_9154a5c179a67e859874,ecdafd95f9aaf6eaa5f36e8fe63cbdb68de691459f852a9b78c7e3dd7a19e67f,true
result_9580025eec8e4005250e70d5,runplan_6b2c9c9db7ce4f73,cell_528d600c70c4569f91a1,housing_v1__experiment__000007,housing_v1,housing_controlled_model_landlords_experiment,episode_attempt_9154a5c179a67e859874,ecdafd95f9aaf6eaa5f36e8fe63cbdb68de691459f852a9b78c7e3dd7a19e67f,included,housing_social_welfare_leaf,1.0.0,social_welfare,1.0.0,capture,tenant_0,tenant_0,229.36,utility_points,"{""disagreement_utility"":0.0}",ok,valid,[],"[""event_00000130""]",evaluation_receipt,episode_attempt_9154a5c179a67e859874,ecdafd95f9aaf6eaa5f36e8fe63cbdb68de691459f852a9b78c7e3dd7a19e67f,true
result_236394cf81e1f5edb8dcd104,runplan_6b2c9c9db7ce4f73,cell_528d600c70c4569f91a1,housing_v1__experiment__000007,housing_v1,housing_controlled_model_landlords_experiment,episode_attempt_9154a5c179a67e859874,ecdafd95f9aaf6eaa5f36e8fe63cbdb68de691459f852a9b78c7e3dd7a19e67f,included,housing_social_welfare_leaf,1.0.0,social_welfare,1.0.0,capture,tenant_1,tenant_1,252.86,utility_points,"{""disagreement_utility"":0.0}",ok,valid,[],"[""event_00000130""]",evaluation_receipt,episode_attempt_9154a5c179a67e859874,ecdafd95f9aaf6eaa5f36e8fe63cbdb68de691459f852a9b78c7e3dd7a19e67f,true
result_d18baaf240bb8350ff011a2f,runplan_6b2c9c9db7ce4f73,cell_528d600c70c4569f91a1,housing_v1__experiment__000007,housing_v1,housing_controlled_model_landlords_experiment,episode_attempt_9154a5c179a67e859874,ecdafd95f9aaf6eaa5f36e8fe63cbdb68de691459f852a9b78c7e3dd7a19e67f,included,housing_social_welfare_leaf,1.0.0,social_welfare,1.0.0,capture,tenant_2,tenant_2,84.56,utility_points,"{""disagreement_utility"":0.0}",ok,valid,[],"[""event_00000130""]",evaluation_receipt,episode_attempt_9154a5c179a67e859874,ecdafd95f9aaf6eaa5f36e8fe63cbdb68de691459f852a9b78c7e3dd7a19e67f,true
result_ea59114d7ba4f9d69d465cb6,runplan_6b2c9c9db7ce4f73,cell_528d600c70c4569f91a1,housing_v1__experiment__000007,housing_v1,housing_controlled_model_landlords_experiment,episode_attempt_9154a5c179a67e859874,ecdafd95f9aaf6eaa5f36e8fe63cbdb68de691459f852a9b78c7e3dd7a19e67f,included,housing_social_welfare_leaf,1.0.0,social_welfare,1.0.0,capture,tenant_3,tenant_3,0.0,utility_points,"{""disagreement_utility"":0.0}",ok,valid,[],"[""event_00000130""]",evaluation_receipt,episode_attempt_9154a5c179a67e859874,ecdafd95f9aaf6eaa5f36e8fe63cbdb68de691459f852a9b78c7e3dd7a19e67f,true
result_b20be312065f463675854feb,runplan_6b2c9c9db7ce4f73,cell_528d600c70c4569f91a1,housing_v1__experiment__000007,housing_v1,housing_controlled_model_landlords_experiment,episode_attempt_9154a5c179a67e859874,ecdafd95f9aaf6eaa5f36e8fe63cbdb68de691459f852a9b78c7e3dd7a19e67f,included,housing_social_welfare_leaf,1.0.0,social_welfare,1.0.0,capture,tenant_4,tenant_4,0.0,utility_points,"{""disagreement_utility"":0.0}",ok,valid,[],"[""event_00000130""]",evaluation_receipt,episode_attempt_9154a5c179a67e859874,ecdafd95f9aaf6eaa5f36e8fe63cbdb68de691459f852a9b78c7e3dd7a19e67f,true
result_cdf3a1f817bc7b4967f011a9,runplan_6b2c9c9db7ce4f73,cell_528d600c70c4569f91a1,housing_v1__experiment__000007,housing_v1,housing_controlled_model_landlords_experiment,episode_attempt_9154a5c179a67e859874,ecdafd95f9aaf6eaa5f36e8fe63cbdb68de691459f852a9b78c7e3dd7a19e67f,included,housing_social_welfare_leaf,1.0.0,social_welfare,1.0.0,capture,tenant_5,tenant_5,0.0,utility_points,"{""disagreement_utility"":0.0}",ok,valid,[],"[""event_00000130""]",evaluation_receipt,episode_attempt_9154a5c179a67e859874,ecdafd95f9aaf6eaa5f36e8fe63cbdb68de691459f852a9b78c7e3dd7a19e67f,true
result_27b0b523f880dc2ace11b92b,runplan_6b2c9c9db7ce4f73,cell_5c1b7b5ac449163daa50,housing_v1__experiment__000006,housing_v1,housing_controlled_model_landlords_experiment,episode_attempt_088bc92c7ee0eabb3d6d,7ba0a3e0b2cdaa10c02ee86dec0424c440843d64b0e514d1adfd7585ed7cae06,included,housing_social_welfare_leaf,1.0.0,social_welfare,1.0.0,primary,social_welfare,,718.37,utility_points,{},ok,valid,[],"[""event_00000148""]",evaluation_receipt,episode_attempt_088bc92c7ee0eabb3d6d,7ba0a3e0b2cdaa10c02ee86dec0424c440843d64b0e514d1adfd7585ed7cae06,true
result_71bb62ec73f7b4bca40ae1d1,runplan_6b2c9c9db7ce4f73,cell_5c1b7b5ac449163daa50,housing_v1__experiment__000006,housing_v1,housing_controlled_model_landlords_experiment,episode_attempt_088bc92c7ee0eabb3d6d,7ba0a3e0b2cdaa10c02ee86dec0424c440843d64b0e514d1adfd7585ed7cae06,included,housing_social_welfare_leaf,1.0.0,social_welfare,1.0.0,metric,comparison_baseline_gap,,-464.41999999999996,utility_points,{},ok,valid,[],"[""event_00000148""]",evaluation_receipt,episode_attempt_088bc92c7ee0eabb3d6d,7ba0a3e0b2cdaa10c02ee86dec0424c440843d64b0e514d1adfd7585ed7cae06,true
result_d27431580d3b903088468a89,runplan_6b2c9c9db7ce4f73,cell_5c1b7b5ac449163daa50,housing_v1__experiment__000006,housing_v1,housing_controlled_model_landlords_experiment,episode_attempt_088bc92c7ee0eabb3d6d,7ba0a3e0b2cdaa10c02ee86dec0424c440843d64b0e514d1adfd7585ed7cae06,included,housing_social_welfare_leaf,1.0.0,social_welfare,1.0.0,metric,ir_violation_count,,0.0,count,{},ok,valid,[],"[""event_00000148""]",evaluation_receipt,episode_attempt_088bc92c7ee0eabb3d6d,7ba0a3e0b2cdaa10c02ee86dec0424c440843d64b0e514d1adfd7585ed7cae06,true
result_9d98bb96d51b4c31ad534d65,runplan_6b2c9c9db7ce4f73,cell_5c1b7b5ac449163daa50,housing_v1__experiment__000006,housing_v1,housing_controlled_model_landlords_experiment,episode_attempt_088bc92c7ee0eabb3d6d,7ba0a3e0b2cdaa10c02ee86dec0424c440843d64b0e514d1adfd7585ed7cae06,included,housing_social_welfare_leaf,1.0.0,social_welfare,1.0.0,metric,social_welfare,,718.37,utility_points,{},ok,valid,[],"[""event_00000148""]",evaluation_receipt,episode_attempt_088bc92c7ee0eabb3d6d,7ba0a3e0b2cdaa10c02ee86dec0424c440843d64b0e514d1adfd7585ed7cae06,true
result_bcce3f64df185e0d4909ba7f,runplan_6b2c9c9db7ce4f73,cell_5c1b7b5ac449163daa50,housing_v1__experiment__000006,housing_v1,housing_controlled_model_landlords_experiment,episode_attempt_088bc92c7ee0eabb3d6d,7ba0a3e0b2cdaa10c02ee86dec0424c440843d64b0e514d1adfd7585ed7cae06,included,housing_social_welfare_leaf,1.0.0,social_welfare,1.0.0,metric,upper_bound_gap,,842.8100000000001,utility_points,{},ok,valid,[],"[""event_00000148""]",evaluation_receipt,episode_attempt_088bc92c7ee0eabb3d6d,7ba0a3e0b2cdaa10c02ee86dec0424c440843d64b0e514d1adfd7585ed7cae06,true
result_09c23cd93557b2a656033ddc,runplan_6b2c9c9db7ce4f73,cell_5c1b7b5ac449163daa50,housing_v1__experiment__000006,housing_v1,housing_controlled_model_landlords_experiment,episode_attempt_088bc92c7ee0eabb3d6d,7ba0a3e0b2cdaa10c02ee86dec0424c440843d64b0e514d1adfd7585ed7cae06,included,housing_social_welfare_leaf,1.0.0,social_welfare,1.0.0,metric,wasted_contacts,,3.0,count,{},ok,valid,[],"[""event_00000148""]",evaluation_receipt,episode_attempt_088bc92c7ee0eabb3d6d,7ba0a3e0b2cdaa10c02ee86dec0424c440843d64b0e514d1adfd7585ed7cae06,true
result_c6dfd991cc59bc2594a3f28d,runplan_6b2c9c9db7ce4f73,cell_5c1b7b5ac449163daa50,housing_v1__experiment__000006,housing_v1,housing_controlled_model_landlords_experiment,episode_attempt_088bc92c7ee0eabb3d6d,7ba0a3e0b2cdaa10c02ee86dec0424c440843d64b0e514d1adfd7585ed7cae06,included,housing_social_welfare_leaf,1.0.0,social_welfare,1.0.0,metric,within_case_score,,0.4601455309445419,ratio,{},ok,valid,[],"[""event_00000148""]",evaluation_receipt,episode_attempt_088bc92c7ee0eabb3d6d,7ba0a3e0b2cdaa10c02ee86dec0424c440843d64b0e514d1adfd7585ed7cae06,true
result_244c9d6de9bde33a42e48c05,runplan_6b2c9c9db7ce4f73,cell_5c1b7b5ac449163daa50,housing_v1__experiment__000006,housing_v1,housing_controlled_model_landlords_experiment,episode_attempt_088bc92c7ee0eabb3d6d,7ba0a3e0b2cdaa10c02ee86dec0424c440843d64b0e514d1adfd7585ed7cae06,included,housing_social_welfare_leaf,1.0.0,social_welfare,1.0.0,reference,comparison_baseline,,1182.79,utility_points,"{""policy"":""naive"",""reference_kind"":""comparison_baseline""}",ok,valid,[],"[""event_00000148""]",evaluation_receipt,episode_attempt_088bc92c7ee0eabb3d6d,7ba0a3e0b2cdaa10c02ee86dec0424c440843d64b0e514d1adfd7585ed7cae06,true
result_08bbff3f9a8e06f27bf58c02,runplan_6b2c9c9db7ce4f73,cell_5c1b7b5ac449163daa50,housing_v1__experiment__000006,housing_v1,housing_controlled_model_landlords_experiment,episode_attempt_088bc92c7ee0eabb3d6d,7ba0a3e0b2cdaa10c02ee86dec0424c440843d64b0e514d1adfd7585ed7cae06,included,housing_social_welfare_leaf,1.0.0,social_welfare,1.0.0,reference,optimum_lower_bound,,0.0,utility_points,"{""policy"":""do_nothing"",""reference_kind"":""objective_lower_bound""}",ok,valid,[],"[""event_00000148""]",evaluation_receipt,episode_attempt_088bc92c7ee0eabb3d6d,7ba0a3e0b2cdaa10c02ee86dec0424c440843d64b0e514d1adfd7585ed7cae06,true
result_c303210ce11ddb0eab5163a2,runplan_6b2c9c9db7ce4f73,cell_5c1b7b5ac449163daa50,housing_v1__experiment__000006,housing_v1,housing_controlled_model_landlords_experiment,episode_attempt_088bc92c7ee0eabb3d6d,7ba0a3e0b2cdaa10c02ee86dec0424c440843d64b0e514d1adfd7585ed7cae06,included,housing_social_welfare_leaf,1.0.0,social_welfare,1.0.0,reference,optimum_upper_bound,,1561.18,utility_points,"{""reference_kind"":""objective_upper_bound"",""semantics"":""full_information_allocation_relaxation""}",ok,valid,[],"[""event_00000148""]",evaluation_receipt,episode_attempt_088bc92c7ee0eabb3d6d,7ba0a3e0b2cdaa10c02ee86dec0424c440843d64b0e514d1adfd7585ed7cae06,true
result_75323f19707b075e9fcbfa0f,runplan_6b2c9c9db7ce4f73,cell_5c1b7b5ac449163daa50,housing_v1__experiment__000006,housing_v1,housing_controlled_model_landlords_experiment,episode_attempt_088bc92c7ee0eabb3d6d,7ba0a3e0b2cdaa10c02ee86dec0424c440843d64b0e514d1adfd7585ed7cae06,included,housing_social_welfare_leaf,1.0.0,social_welfare,1.0.0,utility,landlord_0,landlord_0,38.31,utility_points,"{""disagreement_utility"":0.0}",ok,valid,[],"[""event_00000148""]",evaluation_receipt,episode_attempt_088bc92c7ee0eabb3d6d,7ba0a3e0b2cdaa10c02ee86dec0424c440843d64b0e514d1adfd7585ed7cae06,true
result_cce845c4e8a1395eaf12666d,runplan_6b2c9c9db7ce4f73,cell_5c1b7b5ac449163daa50,housing_v1__experiment__000006,housing_v1,housing_controlled_model_landlords_experiment,episode_attempt_088bc92c7ee0eabb3d6d,7ba0a3e0b2cdaa10c02ee86dec0424c440843d64b0e514d1adfd7585ed7cae06,included,housing_social_welfare_leaf,1.0.0,social_welfare,1.0.0,utility,landlord_1,landlord_1,71.73,utility_points,"{""disagreement_utility"":0.0}",ok,valid,[],"[""event_00000148""]",evaluation_receipt,episode_attempt_088bc92c7ee0eabb3d6d,7ba0a3e0b2cdaa10c02ee86dec0424c440843d64b0e514d1adfd7585ed7cae06,true
result_5336583ab7ce80e27212c0cb,runplan_6b2c9c9db7ce4f73,cell_5c1b7b5ac449163daa50,housing_v1__experiment__000006,housing_v1,housing_controlled_model_landlords_experiment,episode_attempt_088bc92c7ee0eabb3d6d,7ba0a3e0b2cdaa10c02ee86dec0424c440843d64b0e514d1adfd7585ed7cae06,included,housing_social_welfare_leaf,1.0.0,social_welfare,1.0.0,utility,landlord_2,landlord_2,76.53,utility_points,"{""disagreement_utility"":0.0}",ok,valid,[],"[""event_00000148""]",evaluation_receipt,episode_attempt_088bc92c7ee0eabb3d6d,7ba0a3e0b2cdaa10c02ee86dec0424c440843d64b0e514d1adfd7585ed7cae06,true
result_3aba3f07692e8c0b95ba07d7,runplan_6b2c9c9db7ce4f73,cell_5c1b7b5ac449163daa50,housing_v1__experiment__000006,housing_v1,housing_controlled_model_landlords_experiment,episode_attempt_088bc92c7ee0eabb3d6d,7ba0a3e0b2cdaa10c02ee86dec0424c440843d64b0e514d1adfd7585ed7cae06,included,housing_social_welfare_leaf,1.0.0,social_welfare,1.0.0,utility,tenant_0,tenant_0,254.62,utility_points,"{""disagreement_utility"":0.0}",ok,valid,[],"[""event_00000148""]",evaluation_receipt,episode_attempt_088bc92c7ee0eabb3d6d,7ba0a3e0b2cdaa10c02ee86dec0424c440843d64b0e514d1adfd7585ed7cae06,true
result_b556aa64feaa1439f50493db,runplan_6b2c9c9db7ce4f73,cell_5c1b7b5ac449163daa50,housing_v1__experiment__000006,housing_v1,housing_controlled_model_landlords_experiment,episode_attempt_088bc92c7ee0eabb3d6d,7ba0a3e0b2cdaa10c02ee86dec0424c440843d64b0e514d1adfd7585ed7cae06,included,housing_social_welfare_leaf,1.0.0,social_welfare,1.0.0,utility,tenant_1,tenant_1,272.32,utility_points,"{""disagreement_utility"":0.0}",ok,valid,[],"[""event_00000148""]",evaluation_receipt,episode_attempt_088bc92c7ee0eabb3d6d,7ba0a3e0b2cdaa10c02ee86dec0424c440843d64b0e514d1adfd7585ed7cae06,true
result_ff4049e4dd73fa3a9e956451,runplan_6b2c9c9db7ce4f73,cell_5c1b7b5ac449163daa50,housing_v1__experiment__000006,housing_v1,housing_controlled_model_landlords_experiment,episode_attempt_088bc92c7ee0eabb3d6d,7ba0a3e0b2cdaa10c02ee86dec0424c440843d64b0e514d1adfd7585ed7cae06,included,housing_social_welfare_leaf,1.0.0,social_welfare,1.0.0,utility,tenant_2,tenant_2,4.86,utility_points,"{""disagreement_utility"":0.0}",ok,valid,[],"[""event_00000148""]",evaluation_receipt,episode_attempt_088bc92c7ee0eabb3d6d,7ba0a3e0b2cdaa10c02ee86dec0424c440843d64b0e514d1adfd7585ed7cae06,true
result_405b7e313145da239db6a50f,runplan_6b2c9c9db7ce4f73,cell_5c1b7b5ac449163daa50,housing_v1__experiment__000006,housing_v1,housing_controlled_model_landlords_experiment,episode_attempt_088bc92c7ee0eabb3d6d,7ba0a3e0b2cdaa10c02ee86dec0424c440843d64b0e514d1adfd7585ed7cae06,included,housing_social_welfare_leaf,1.0.0,social_welfare,1.0.0,utility,tenant_3,tenant_3,0.0,utility_points,"{""disagreement_utility"":0.0}",ok,valid,[],"[""event_00000148""]",evaluation_receipt,episode_attempt_088bc92c7ee0eabb3d6d,7ba0a3e0b2cdaa10c02ee86dec0424c440843d64b0e514d1adfd7585ed7cae06,true
result_28e64185850511b850af0de8,runplan_6b2c9c9db7ce4f73,cell_5c1b7b5ac449163daa50,housing_v1__experiment__000006,housing_v1,housing_controlled_model_landlords_experiment,episode_attempt_088bc92c7ee0eabb3d6d,7ba0a3e0b2cdaa10c02ee86dec0424c440843d64b0e514d1adfd7585ed7cae06,included,housing_social_welfare_leaf,1.0.0,social_welfare,1.0.0,utility,tenant_4,tenant_4,0.0,utility_points,"{""disagreement_utility"":0.0}",ok,valid,[],"[""event_00000148""]",evaluation_receipt,episode_attempt_088bc92c7ee0eabb3d6d,7ba0a3e0b2cdaa10c02ee86dec0424c440843d64b0e514d1adfd7585ed7cae06,true
result_eb526eb02e8c5378aea8d827,runplan_6b2c9c9db7ce4f73,cell_5c1b7b5ac449163daa50,housing_v1__experiment__000006,housing_v1,housing_controlled_model_landlords_experiment,episode_attempt_088bc92c7ee0eabb3d6d,7ba0a3e0b2cdaa10c02ee86dec0424c440843d64b0e514d1adfd7585ed7cae06,included,housing_social_welfare_leaf,1.0.0,social_welfare,1.0.0,utility,tenant_5,tenant_5,0.0,utility_points,"{""disagreement_utility"":0.0}",ok,valid,[],"[""event_00000148""]",evaluation_receipt,episode_attempt_088bc92c7ee0eabb3d6d,7ba0a3e0b2cdaa10c02ee86dec0424c440843d64b0e514d1adfd7585ed7cae06,true
result_bef3f929c5a4775271864256,runplan_6b2c9c9db7ce4f73,cell_5c1b7b5ac449163daa50,housing_v1__experiment__000006,housing_v1,housing_controlled_model_landlords_experiment,episode_attempt_088bc92c7ee0eabb3d6d,7ba0a3e0b2cdaa10c02ee86dec0424c440843d64b0e514d1adfd7585ed7cae06,included,housing_social_welfare_leaf,1.0.0,social_welfare,1.0.0,capture,landlord_0,landlord_0,38.31,utility_points,"{""disagreement_utility"":0.0}",ok,valid,[],"[""event_00000148""]",evaluation_receipt,episode_attempt_088bc92c7ee0eabb3d6d,7ba0a3e0b2cdaa10c02ee86dec0424c440843d64b0e514d1adfd7585ed7cae06,true
result_f5ea1e8e7553bc50879115ac,runplan_6b2c9c9db7ce4f73,cell_5c1b7b5ac449163daa50,housing_v1__experiment__000006,housing_v1,housing_controlled_model_landlords_experiment,episode_attempt_088bc92c7ee0eabb3d6d,7ba0a3e0b2cdaa10c02ee86dec0424c440843d64b0e514d1adfd7585ed7cae06,included,housing_social_welfare_leaf,1.0.0,social_welfare,1.0.0,capture,landlord_1,landlord_1,71.73,utility_points,"{""disagreement_utility"":0.0}",ok,valid,[],"[""event_00000148""]",evaluation_receipt,episode_attempt_088bc92c7ee0eabb3d6d,7ba0a3e0b2cdaa10c02ee86dec0424c440843d64b0e514d1adfd7585ed7cae06,true
result_fd0ea7ccb1f70bdeb9370921,runplan_6b2c9c9db7ce4f73,cell_5c1b7b5ac449163daa50,housing_v1__experiment__000006,housing_v1,housing_controlled_model_landlords_experiment,episode_attempt_088bc92c7ee0eabb3d6d,7ba0a3e0b2cdaa10c02ee86dec0424c440843d64b0e514d1adfd7585ed7cae06,included,housing_social_welfare_leaf,1.0.0,social_welfare,1.0.0,capture,landlord_2,landlord_2,76.53,utility_points,"{""disagreement_utility"":0.0}",ok,valid,[],"[""event_00000148""]",evaluation_receipt,episode_attempt_088bc92c7ee0eabb3d6d,7ba0a3e0b2cdaa10c02ee86dec0424c440843d64b0e514d1adfd7585ed7cae06,true
result_0e03e9cf5c1bae85449b21ae,runplan_6b2c9c9db7ce4f73,cell_5c1b7b5ac449163daa50,housing_v1__experiment__000006,housing_v1,housing_controlled_model_landlords_experiment,episode_attempt_088bc92c7ee0eabb3d6d,7ba0a3e0b2cdaa10c02ee86dec0424c440843d64b0e514d1adfd7585ed7cae06,included,housing_social_welfare_leaf,1.0.0,social_welfare,1.0.0,capture,tenant_0,tenant_0,254.62,utility_points,"{""disagreement_utility"":0.0}",ok,valid,[],"[""event_00000148""]",evaluation_receipt,episode_attempt_088bc92c7ee0eabb3d6d,7ba0a3e0b2cdaa10c02ee86dec0424c440843d64b0e514d1adfd7585ed7cae06,true
result_e666ceda6bf0e4d10b9839fa,runplan_6b2c9c9db7ce4f73,cell_5c1b7b5ac449163daa50,housing_v1__experiment__000006,housing_v1,housing_controlled_model_landlords_experiment,episode_attempt_088bc92c7ee0eabb3d6d,7ba0a3e0b2cdaa10c02ee86dec0424c440843d64b0e514d1adfd7585ed7cae06,included,housing_social_welfare_leaf,1.0.0,social_welfare,1.0.0,capture,tenant_1,tenant_1,272.32,utility_points,"{""disagreement_utility"":0.0}",ok,valid,[],"[""event_00000148""]",evaluation_receipt,episode_attempt_088bc92c7ee0eabb3d6d,7ba0a3e0b2cdaa10c02ee86dec0424c440843d64b0e514d1adfd7585ed7cae06,true
result_8dbefd284fc077a891d54d43,runplan_6b2c9c9db7ce4f73,cell_5c1b7b5ac449163daa50,housing_v1__experiment__000006,housing_v1,housing_controlled_model_landlords_experiment,episode_attempt_088bc92c7ee0eabb3d6d,7ba0a3e0b2cdaa10c02ee86dec0424c440843d64b0e514d1adfd7585ed7cae06,included,housing_social_welfare_leaf,1.0.0,social_welfare,1.0.0,capture,tenant_2,tenant_2,4.86,utility_points,"{""disagreement_utility"":0.0}",ok,valid,[],"[""event_00000148""]",evaluation_receipt,episode_attempt_088bc92c7ee0eabb3d6d,7ba0a3e0b2cdaa10c02ee86dec0424c440843d64b0e514d1adfd7585ed7cae06,true
result_78dedc661ef9fb49dd1f0986,runplan_6b2c9c9db7ce4f73,cell_5c1b7b5ac449163daa50,housing_v1__experiment__000006,housing_v1,housing_controlled_model_landlords_experiment,episode_attempt_088bc92c7ee0eabb3d6d,7ba0a3e0b2cdaa10c02ee86dec0424c440843d64b0e514d1adfd7585ed7cae06,included,housing_social_welfare_leaf,1.0.0,social_welfare,1.0.0,capture,tenant_3,tenant_3,0.0,utility_points,"{""disagreement_utility"":0.0}",ok,valid,[],"[""event_00000148""]",evaluation_receipt,episode_attempt_088bc92c7ee0eabb3d6d,7ba0a3e0b2cdaa10c02ee86dec0424c440843d64b0e514d1adfd7585ed7cae06,true
result_c1994377d4604570b91e7b07,runplan_6b2c9c9db7ce4f73,cell_5c1b7b5ac449163daa50,housing_v1__experiment__000006,housing_v1,housing_controlled_model_landlords_experiment,episode_attempt_088bc92c7ee0eabb3d6d,7ba0a3e0b2cdaa10c02ee86dec0424c440843d64b0e514d1adfd7585ed7cae06,included,housing_social_welfare_leaf,1.0.0,social_welfare,1.0.0,capture,tenant_4,tenant_4,0.0,utility_points,"{""disagreement_utility"":0.0}",ok,valid,[],"[""event_00000148""]",evaluation_receipt,episode_attempt_088bc92c7ee0eabb3d6d,7ba0a3e0b2cdaa10c02ee86dec0424c440843d64b0e514d1adfd7585ed7cae06,true
result_26ed7975d350103a8774a881,runplan_6b2c9c9db7ce4f73,cell_5c1b7b5ac449163daa50,housing_v1__experiment__000006,housing_v1,housing_controlled_model_landlords_experiment,episode_attempt_088bc92c7ee0eabb3d6d,7ba0a3e0b2cdaa10c02ee86dec0424c440843d64b0e514d1adfd7585ed7cae06,included,housing_social_welfare_leaf,1.0.0,social_welfare,1.0.0,capture,tenant_5,tenant_5,0.0,utility_points,"{""disagreement_utility"":0.0}",ok,valid,[],"[""event_00000148""]",evaluation_receipt,episode_attempt_088bc92c7ee0eabb3d6d,7ba0a3e0b2cdaa10c02ee86dec0424c440843d64b0e514d1adfd7585ed7cae06,true
result_4bdbc166b216e379509b18c0,runplan_6b2c9c9db7ce4f73,cell_5ff259dc7a601520b60b,housing_v1__experiment__000004,housing_v1,housing_controlled_model_landlords_experiment,episode_attempt_4ceb74f8d03e042be08b,2a0f6f0759057b015ebe9b7e4796263ba6e7972fdbfa9df31011a2cfd90c7e65,included,housing_social_welfare_leaf,1.0.0,social_welfare,1.0.0,primary,social_welfare,,753.69,utility_points,{},ok,valid,[],"[""event_00000130""]",evaluation_receipt,episode_attempt_4ceb74f8d03e042be08b,2a0f6f0759057b015ebe9b7e4796263ba6e7972fdbfa9df31011a2cfd90c7e65,true
result_c75c0ed0acd6db635de57900,runplan_6b2c9c9db7ce4f73,cell_5ff259dc7a601520b60b,housing_v1__experiment__000004,housing_v1,housing_controlled_model_landlords_experiment,episode_attempt_4ceb74f8d03e042be08b,2a0f6f0759057b015ebe9b7e4796263ba6e7972fdbfa9df31011a2cfd90c7e65,included,housing_social_welfare_leaf,1.0.0,social_welfare,1.0.0,metric,comparison_baseline_gap,,0.0,utility_points,{},ok,valid,[],"[""event_00000130""]",evaluation_receipt,episode_attempt_4ceb74f8d03e042be08b,2a0f6f0759057b015ebe9b7e4796263ba6e7972fdbfa9df31011a2cfd90c7e65,true
result_9baf09d9c8b56fc6adcb9247,runplan_6b2c9c9db7ce4f73,cell_5ff259dc7a601520b60b,housing_v1__experiment__000004,housing_v1,housing_controlled_model_landlords_experiment,episode_attempt_4ceb74f8d03e042be08b,2a0f6f0759057b015ebe9b7e4796263ba6e7972fdbfa9df31011a2cfd90c7e65,included,housing_social_welfare_leaf,1.0.0,social_welfare,1.0.0,metric,ir_violation_count,,0.0,count,{},ok,valid,[],"[""event_00000130""]",evaluation_receipt,episode_attempt_4ceb74f8d03e042be08b,2a0f6f0759057b015ebe9b7e4796263ba6e7972fdbfa9df31011a2cfd90c7e65,true
result_3eae067cabd7d2a2acc7b5b0,runplan_6b2c9c9db7ce4f73,cell_5ff259dc7a601520b60b,housing_v1__experiment__000004,housing_v1,housing_controlled_model_landlords_experiment,episode_attempt_4ceb74f8d03e042be08b,2a0f6f0759057b015ebe9b7e4796263ba6e7972fdbfa9df31011a2cfd90c7e65,included,housing_social_welfare_leaf,1.0.0,social_welfare,1.0.0,metric,social_welfare,,753.69,utility_points,{},ok,valid,[],"[""event_00000130""]",evaluation_receipt,episode_attempt_4ceb74f8d03e042be08b,2a0f6f0759057b015ebe9b7e4796263ba6e7972fdbfa9df31011a2cfd90c7e65,true
result_6bebaa564d016118fdbc471f,runplan_6b2c9c9db7ce4f73,cell_5ff259dc7a601520b60b,housing_v1__experiment__000004,housing_v1,housing_controlled_model_landlords_experiment,episode_attempt_4ceb74f8d03e042be08b,2a0f6f0759057b015ebe9b7e4796263ba6e7972fdbfa9df31011a2cfd90c7e65,included,housing_social_welfare_leaf,1.0.0,social_welfare,1.0.0,metric,upper_bound_gap,,385.03999999999996,utility_points,{},ok,valid,[],"[""event_00000130""]",evaluation_receipt,episode_attempt_4ceb74f8d03e042be08b,2a0f6f0759057b015ebe9b7e4796263ba6e7972fdbfa9df31011a2cfd90c7e65,true
result_55f80b484d284a5a5a214e2a,runplan_6b2c9c9db7ce4f73,cell_5ff259dc7a601520b60b,housing_v1__experiment__000004,housing_v1,housing_controlled_model_landlords_experiment,episode_attempt_4ceb74f8d03e042be08b,2a0f6f0759057b015ebe9b7e4796263ba6e7972fdbfa9df31011a2cfd90c7e65,included,housing_social_welfare_leaf,1.0.0,social_welfare,1.0.0,metric,wasted_contacts,,3.0,count,{},ok,valid,[],"[""event_00000130""]",evaluation_receipt,episode_attempt_4ceb74f8d03e042be08b,2a0f6f0759057b015ebe9b7e4796263ba6e7972fdbfa9df31011a2cfd90c7e65,true
result_c41a271634910144076540b2,runplan_6b2c9c9db7ce4f73,cell_5ff259dc7a601520b60b,housing_v1__experiment__000004,housing_v1,housing_controlled_model_landlords_experiment,episode_attempt_4ceb74f8d03e042be08b,2a0f6f0759057b015ebe9b7e4796263ba6e7972fdbfa9df31011a2cfd90c7e65,included,housing_social_welfare_leaf,1.0.0,social_welfare,1.0.0,metric,within_case_score,,0.6618689241523452,ratio,{},ok,valid,[],"[""event_00000130""]",evaluation_receipt,episode_attempt_4ceb74f8d03e042be08b,2a0f6f0759057b015ebe9b7e4796263ba6e7972fdbfa9df31011a2cfd90c7e65,true
result_4d4dc9d48ee53e64edbb949c,runplan_6b2c9c9db7ce4f73,cell_5ff259dc7a601520b60b,housing_v1__experiment__000004,housing_v1,housing_controlled_model_landlords_experiment,episode_attempt_4ceb74f8d03e042be08b,2a0f6f0759057b015ebe9b7e4796263ba6e7972fdbfa9df31011a2cfd90c7e65,included,housing_social_welfare_leaf,1.0.0,social_welfare,1.0.0,reference,comparison_baseline,,753.69,utility_points,"{""policy"":""naive"",""reference_kind"":""comparison_baseline""}",ok,valid,[],"[""event_00000130""]",evaluation_receipt,episode_attempt_4ceb74f8d03e042be08b,2a0f6f0759057b015ebe9b7e4796263ba6e7972fdbfa9df31011a2cfd90c7e65,true
result_513245d4eda332b6ce01d641,runplan_6b2c9c9db7ce4f73,cell_5ff259dc7a601520b60b,housing_v1__experiment__000004,housing_v1,housing_controlled_model_landlords_experiment,episode_attempt_4ceb74f8d03e042be08b,2a0f6f0759057b015ebe9b7e4796263ba6e7972fdbfa9df31011a2cfd90c7e65,included,housing_social_welfare_leaf,1.0.0,social_welfare,1.0.0,reference,optimum_lower_bound,,0.0,utility_points,"{""policy"":""do_nothing"",""reference_kind"":""objective_lower_bound""}",ok,valid,[],"[""event_00000130""]",evaluation_receipt,episode_attempt_4ceb74f8d03e042be08b,2a0f6f0759057b015ebe9b7e4796263ba6e7972fdbfa9df31011a2cfd90c7e65,true
result_09e3deffeac3a96823c69384,runplan_6b2c9c9db7ce4f73,cell_5ff259dc7a601520b60b,housing_v1__experiment__000004,housing_v1,housing_controlled_model_landlords_experiment,episode_attempt_4ceb74f8d03e042be08b,2a0f6f0759057b015ebe9b7e4796263ba6e7972fdbfa9df31011a2cfd90c7e65,included,housing_social_welfare_leaf,1.0.0,social_welfare,1.0.0,reference,optimum_upper_bound,,1138.73,utility_points,"{""reference_kind"":""objective_upper_bound"",""semantics"":""full_information_allocation_relaxation""}",ok,valid,[],"[""event_00000130""]",evaluation_receipt,episode_attempt_4ceb74f8d03e042be08b,2a0f6f0759057b015ebe9b7e4796263ba6e7972fdbfa9df31011a2cfd90c7e65,true
result_de0b173a804c2996d20b7ade,runplan_6b2c9c9db7ce4f73,cell_5ff259dc7a601520b60b,housing_v1__experiment__000004,housing_v1,housing_controlled_model_landlords_experiment,episode_attempt_4ceb74f8d03e042be08b,2a0f6f0759057b015ebe9b7e4796263ba6e7972fdbfa9df31011a2cfd90c7e65,included,housing_social_welfare_leaf,1.0.0,social_welfare,1.0.0,utility,landlord_0,landlord_0,41.38,utility_points,"{""disagreement_utility"":0.0}",ok,valid,[],"[""event_00000130""]",evaluation_receipt,episode_attempt_4ceb74f8d03e042be08b,2a0f6f0759057b015ebe9b7e4796263ba6e7972fdbfa9df31011a2cfd90c7e65,true
result_90101064bcada6507e5291d7,runplan_6b2c9c9db7ce4f73,cell_5ff259dc7a601520b60b,housing_v1__experiment__000004,housing_v1,housing_controlled_model_landlords_experiment,episode_attempt_4ceb74f8d03e042be08b,2a0f6f0759057b015ebe9b7e4796263ba6e7972fdbfa9df31011a2cfd90c7e65,included,housing_social_welfare_leaf,1.0.0,social_welfare,1.0.0,utility,landlord_1,landlord_1,51.25,utility_points,"{""disagreement_utility"":0.0}",ok,valid,[],"[""event_00000130""]",evaluation_receipt,episode_attempt_4ceb74f8d03e042be08b,2a0f6f0759057b015ebe9b7e4796263ba6e7972fdbfa9df31011a2cfd90c7e65,true
result_0dc92725b1a70c893c4d8c44,runplan_6b2c9c9db7ce4f73,cell_5ff259dc7a601520b60b,housing_v1__experiment__000004,housing_v1,housing_controlled_model_landlords_experiment,episode_attempt_4ceb74f8d03e042be08b,2a0f6f0759057b015ebe9b7e4796263ba6e7972fdbfa9df31011a2cfd90c7e65,included,housing_social_welfare_leaf,1.0.0,social_welfare,1.0.0,utility,landlord_2,landlord_2,52.76,utility_points,"{""disagreement_utility"":0.0}",ok,valid,[],"[""event_00000130""]",evaluation_receipt,episode_attempt_4ceb74f8d03e042be08b,2a0f6f0759057b015ebe9b7e4796263ba6e7972fdbfa9df31011a2cfd90c7e65,true
result_2642f587dc964b5a8dee40c3,runplan_6b2c9c9db7ce4f73,cell_5ff259dc7a601520b60b,housing_v1__experiment__000004,housing_v1,housing_controlled_model_landlords_experiment,episode_attempt_4ceb74f8d03e042be08b,2a0f6f0759057b015ebe9b7e4796263ba6e7972fdbfa9df31011a2cfd90c7e65,included,housing_social_welfare_leaf,1.0.0,social_welfare,1.0.0,utility,tenant_0,tenant_0,232.62,utility_points,"{""disagreement_utility"":0.0}",ok,valid,[],"[""event_00000130""]",evaluation_receipt,episode_attempt_4ceb74f8d03e042be08b,2a0f6f0759057b015ebe9b7e4796263ba6e7972fdbfa9df31011a2cfd90c7e65,true
result_a9106e8029cf8bcc057d7278,runplan_6b2c9c9db7ce4f73,cell_5ff259dc7a601520b60b,housing_v1__experiment__000004,housing_v1,housing_controlled_model_landlords_experiment,episode_attempt_4ceb74f8d03e042be08b,2a0f6f0759057b015ebe9b7e4796263ba6e7972fdbfa9df31011a2cfd90c7e65,included,housing_social_welfare_leaf,1.0.0,social_welfare,1.0.0,utility,tenant_1,tenant_1,0.0,utility_points,"{""disagreement_utility"":0.0}",ok,valid,[],"[""event_00000130""]",evaluation_receipt,episode_attempt_4ceb74f8d03e042be08b,2a0f6f0759057b015ebe9b7e4796263ba6e7972fdbfa9df31011a2cfd90c7e65,true
result_f5b27ee6e070e6bb6bcb3deb,runplan_6b2c9c9db7ce4f73,cell_5ff259dc7a601520b60b,housing_v1__experiment__000004,housing_v1,housing_controlled_model_landlords_experiment,episode_attempt_4ceb74f8d03e042be08b,2a0f6f0759057b015ebe9b7e4796263ba6e7972fdbfa9df31011a2cfd90c7e65,included,housing_social_welfare_leaf,1.0.0,social_welfare,1.0.0,utility,tenant_2,tenant_2,259.87,utility_points,"{""disagreement_utility"":0.0}",ok,valid,[],"[""event_00000130""]",evaluation_receipt,episode_attempt_4ceb74f8d03e042be08b,2a0f6f0759057b015ebe9b7e4796263ba6e7972fdbfa9df31011a2cfd90c7e65,true
result_6409c5c6f6bff8bb2f44d9c3,runplan_6b2c9c9db7ce4f73,cell_5ff259dc7a601520b60b,housing_v1__experiment__000004,housing_v1,housing_controlled_model_landlords_experiment,episode_attempt_4ceb74f8d03e042be08b,2a0f6f0759057b015ebe9b7e4796263ba6e7972fdbfa9df31011a2cfd90c7e65,included,housing_social_welfare_leaf,1.0.0,social_welfare,1.0.0,utility,tenant_3,tenant_3,115.81,utility_points,"{""disagreement_utility"":0.0}",ok,valid,[],"[""event_00000130""]",evaluation_receipt,episode_attempt_4ceb74f8d03e042be08b,2a0f6f0759057b015ebe9b7e4796263ba6e7972fdbfa9df31011a2cfd90c7e65,true
result_1e9f376b02698776a6cac54a,runplan_6b2c9c9db7ce4f73,cell_5ff259dc7a601520b60b,housing_v1__experiment__000004,housing_v1,housing_controlled_model_landlords_experiment,episode_attempt_4ceb74f8d03e042be08b,2a0f6f0759057b015ebe9b7e4796263ba6e7972fdbfa9df31011a2cfd90c7e65,included,housing_social_welfare_leaf,1.0.0,social_welfare,1.0.0,utility,tenant_4,tenant_4,0.0,utility_points,"{""disagreement_utility"":0.0}",ok,valid,[],"[""event_00000130""]",evaluation_receipt,episode_attempt_4ceb74f8d03e042be08b,2a0f6f0759057b015ebe9b7e4796263ba6e7972fdbfa9df31011a2cfd90c7e65,true
result_a2442b15bc374d48990426ca,runplan_6b2c9c9db7ce4f73,cell_5ff259dc7a601520b60b,housing_v1__experiment__000004,housing_v1,housing_controlled_model_landlords_experiment,episode_attempt_4ceb74f8d03e042be08b,2a0f6f0759057b015ebe9b7e4796263ba6e7972fdbfa9df31011a2cfd90c7e65,included,housing_social_welfare_leaf,1.0.0,social_welfare,1.0.0,utility,tenant_5,tenant_5,0.0,utility_points,"{""disagreement_utility"":0.0}",ok,valid,[],"[""event_00000130""]",evaluation_receipt,episode_attempt_4ceb74f8d03e042be08b,2a0f6f0759057b015ebe9b7e4796263ba6e7972fdbfa9df31011a2cfd90c7e65,true
result_38e402dceaa59e3b72a9ab8b,runplan_6b2c9c9db7ce4f73,cell_5ff259dc7a601520b60b,housing_v1__experiment__000004,housing_v1,housing_controlled_model_landlords_experiment,episode_attempt_4ceb74f8d03e042be08b,2a0f6f0759057b015ebe9b7e4796263ba6e7972fdbfa9df31011a2cfd90c7e65,included,housing_social_welfare_leaf,1.0.0,social_welfare,1.0.0,capture,landlord_0,landlord_0,41.38,utility_points,"{""disagreement_utility"":0.0}",ok,valid,[],"[""event_00000130""]",evaluation_receipt,episode_attempt_4ceb74f8d03e042be08b,2a0f6f0759057b015ebe9b7e4796263ba6e7972fdbfa9df31011a2cfd90c7e65,true
result_5dbf66a093da9c32643c0c3e,runplan_6b2c9c9db7ce4f73,cell_5ff259dc7a601520b60b,housing_v1__experiment__000004,housing_v1,housing_controlled_model_landlords_experiment,episode_attempt_4ceb74f8d03e042be08b,2a0f6f0759057b015ebe9b7e4796263ba6e7972fdbfa9df31011a2cfd90c7e65,included,housing_social_welfare_leaf,1.0.0,social_welfare,1.0.0,capture,landlord_1,landlord_1,51.25,utility_points,"{""disagreement_utility"":0.0}",ok,valid,[],"[""event_00000130""]",evaluation_receipt,episode_attempt_4ceb74f8d03e042be08b,2a0f6f0759057b015ebe9b7e4796263ba6e7972fdbfa9df31011a2cfd90c7e65,true
result_108c9929569f8df16b3735aa,runplan_6b2c9c9db7ce4f73,cell_5ff259dc7a601520b60b,housing_v1__experiment__000004,housing_v1,housing_controlled_model_landlords_experiment,episode_attempt_4ceb74f8d03e042be08b,2a0f6f0759057b015ebe9b7e4796263ba6e7972fdbfa9df31011a2cfd90c7e65,included,housing_social_welfare_leaf,1.0.0,social_welfare,1.0.0,capture,landlord_2,landlord_2,52.76,utility_points,"{""disagreement_utility"":0.0}",ok,valid,[],"[""event_00000130""]",evaluation_receipt,episode_attempt_4ceb74f8d03e042be08b,2a0f6f0759057b015ebe9b7e4796263ba6e7972fdbfa9df31011a2cfd90c7e65,true
result_e7c5c2514ad0fcdc6d1431ca,runplan_6b2c9c9db7ce4f73,cell_5ff259dc7a601520b60b,housing_v1__experiment__000004,housing_v1,housing_controlled_model_landlords_experiment,episode_attempt_4ceb74f8d03e042be08b,2a0f6f0759057b015ebe9b7e4796263ba6e7972fdbfa9df31011a2cfd90c7e65,included,housing_social_welfare_leaf,1.0.0,social_welfare,1.0.0,capture,tenant_0,tenant_0,232.62,utility_points,"{""disagreement_utility"":0.0}",ok,valid,[],"[""event_00000130""]",evaluation_receipt,episode_attempt_4ceb74f8d03e042be08b,2a0f6f0759057b015ebe9b7e4796263ba6e7972fdbfa9df31011a2cfd90c7e65,true
result_a79ff9de726b1128d56b236a,runplan_6b2c9c9db7ce4f73,cell_5ff259dc7a601520b60b,housing_v1__experiment__000004,housing_v1,housing_controlled_model_landlords_experiment,episode_attempt_4ceb74f8d03e042be08b,2a0f6f0759057b015ebe9b7e4796263ba6e7972fdbfa9df31011a2cfd90c7e65,included,housing_social_welfare_leaf,1.0.0,social_welfare,1.0.0,capture,tenant_1,tenant_1,0.0,utility_points,"{""disagreement_utility"":0.0}",ok,valid,[],"[""event_00000130""]",evaluation_receipt,episode_attempt_4ceb74f8d03e042be08b,2a0f6f0759057b015ebe9b7e4796263ba6e7972fdbfa9df31011a2cfd90c7e65,true
result_1b0feffaa04b5e673c8534ed,runplan_6b2c9c9db7ce4f73,cell_5ff259dc7a601520b60b,housing_v1__experiment__000004,housing_v1,housing_controlled_model_landlords_experiment,episode_attempt_4ceb74f8d03e042be08b,2a0f6f0759057b015ebe9b7e4796263ba6e7972fdbfa9df31011a2cfd90c7e65,included,housing_social_welfare_leaf,1.0.0,social_welfare,1.0.0,capture,tenant_2,tenant_2,259.87,utility_points,"{""disagreement_utility"":0.0}",ok,valid,[],"[""event_00000130""]",evaluation_receipt,episode_attempt_4ceb74f8d03e042be08b,2a0f6f0759057b015ebe9b7e4796263ba6e7972fdbfa9df31011a2cfd90c7e65,true
result_04e551b7fb481745e3a4440b,runplan_6b2c9c9db7ce4f73,cell_5ff259dc7a601520b60b,housing_v1__experiment__000004,housing_v1,housing_controlled_model_landlords_experiment,episode_attempt_4ceb74f8d03e042be08b,2a0f6f0759057b015ebe9b7e4796263ba6e7972fdbfa9df31011a2cfd90c7e65,included,housing_social_welfare_leaf,1.0.0,social_welfare,1.0.0,capture,tenant_3,tenant_3,115.81,utility_points,"{""disagreement_utility"":0.0}",ok,valid,[],"[""event_00000130""]",evaluation_receipt,episode_attempt_4ceb74f8d03e042be08b,2a0f6f0759057b015ebe9b7e4796263ba6e7972fdbfa9df31011a2cfd90c7e65,true
result_d03c0d099ea1219632422b2e,runplan_6b2c9c9db7ce4f73,cell_5ff259dc7a601520b60b,housing_v1__experiment__000004,housing_v1,housing_controlled_model_landlords_experiment,episode_attempt_4ceb74f8d03e042be08b,2a0f6f0759057b015ebe9b7e4796263ba6e7972fdbfa9df31011a2cfd90c7e65,included,housing_social_welfare_leaf,1.0.0,social_welfare,1.0.0,capture,tenant_4,tenant_4,0.0,utility_points,"{""disagreement_utility"":0.0}",ok,valid,[],"[""event_00000130""]",evaluation_receipt,episode_attempt_4ceb74f8d03e042be08b,2a0f6f0759057b015ebe9b7e4796263ba6e7972fdbfa9df31011a2cfd90c7e65,true
result_954626d6ebca39e7c99987c3,runplan_6b2c9c9db7ce4f73,cell_5ff259dc7a601520b60b,housing_v1__experiment__000004,housing_v1,housing_controlled_model_landlords_experiment,episode_attempt_4ceb74f8d03e042be08b,2a0f6f0759057b015ebe9b7e4796263ba6e7972fdbfa9df31011a2cfd90c7e65,included,housing_social_welfare_leaf,1.0.0,social_welfare,1.0.0,capture,tenant_5,tenant_5,0.0,utility_points,"{""disagreement_utility"":0.0}",ok,valid,[],"[""event_00000130""]",evaluation_receipt,episode_attempt_4ceb74f8d03e042be08b,2a0f6f0759057b015ebe9b7e4796263ba6e7972fdbfa9df31011a2cfd90c7e65,true
result_90c16103e8f562387af284b7,runplan_6b2c9c9db7ce4f73,cell_66de0f678cc84a73a20f,housing_v1__experiment__000008,housing_v1,housing_controlled_model_landlords_experiment,episode_attempt_7bdd9d3b076c685563a7,c6405ba52583912e1615e046bd9d32c6c108d8c524b28c1cf2b6a62226129067,included,housing_social_welfare_leaf,1.0.0,social_welfare,1.0.0,primary,social_welfare,,1610.99,utility_points,{},ok,valid,[],"[""event_00000259""]",evaluation_receipt,episode_attempt_7bdd9d3b076c685563a7,c6405ba52583912e1615e046bd9d32c6c108d8c524b28c1cf2b6a62226129067,true
result_e58d53919d044f8e9aa5c625,runplan_6b2c9c9db7ce4f73,cell_66de0f678cc84a73a20f,housing_v1__experiment__000008,housing_v1,housing_controlled_model_landlords_experiment,episode_attempt_7bdd9d3b076c685563a7,c6405ba52583912e1615e046bd9d32c6c108d8c524b28c1cf2b6a62226129067,included,housing_social_welfare_leaf,1.0.0,social_welfare,1.0.0,metric,comparison_baseline_gap,,0.5,utility_points,{},ok,valid,[],"[""event_00000259""]",evaluation_receipt,episode_attempt_7bdd9d3b076c685563a7,c6405ba52583912e1615e046bd9d32c6c108d8c524b28c1cf2b6a62226129067,true
result_a1720ebe5bcda0d7e98b95e3,runplan_6b2c9c9db7ce4f73,cell_66de0f678cc84a73a20f,housing_v1__experiment__000008,housing_v1,housing_controlled_model_landlords_experiment,episode_attempt_7bdd9d3b076c685563a7,c6405ba52583912e1615e046bd9d32c6c108d8c524b28c1cf2b6a62226129067,included,housing_social_welfare_leaf,1.0.0,social_welfare,1.0.0,metric,ir_violation_count,,0.0,count,{},ok,valid,[],"[""event_00000259""]",evaluation_receipt,episode_attempt_7bdd9d3b076c685563a7,c6405ba52583912e1615e046bd9d32c6c108d8c524b28c1cf2b6a62226129067,true
result_6800f16ed1e6025f6ff5070a,runplan_6b2c9c9db7ce4f73,cell_66de0f678cc84a73a20f,housing_v1__experiment__000008,housing_v1,housing_controlled_model_landlords_experiment,episode_attempt_7bdd9d3b076c685563a7,c6405ba52583912e1615e046bd9d32c6c108d8c524b28c1cf2b6a62226129067,included,housing_social_welfare_leaf,1.0.0,social_welfare,1.0.0,metric,social_welfare,,1610.99,utility_points,{},ok,valid,[],"[""event_00000259""]",evaluation_receipt,episode_attempt_7bdd9d3b076c685563a7,c6405ba52583912e1615e046bd9d32c6c108d8c524b28c1cf2b6a62226129067,true
result_5287ca0bb871c101908e7d5b,runplan_6b2c9c9db7ce4f73,cell_66de0f678cc84a73a20f,housing_v1__experiment__000008,housing_v1,housing_controlled_model_landlords_experiment,episode_attempt_7bdd9d3b076c685563a7,c6405ba52583912e1615e046bd9d32c6c108d8c524b28c1cf2b6a62226129067,included,housing_social_welfare_leaf,1.0.0,social_welfare,1.0.0,metric,upper_bound_gap,,0.0,utility_points,{},ok,valid,[],"[""event_00000259""]",evaluation_receipt,episode_attempt_7bdd9d3b076c685563a7,c6405ba52583912e1615e046bd9d32c6c108d8c524b28c1cf2b6a62226129067,true
result_7ef43b1d004be9acb9e59529,runplan_6b2c9c9db7ce4f73,cell_66de0f678cc84a73a20f,housing_v1__experiment__000008,housing_v1,housing_controlled_model_landlords_experiment,episode_attempt_7bdd9d3b076c685563a7,c6405ba52583912e1615e046bd9d32c6c108d8c524b28c1cf2b6a62226129067,included,housing_social_welfare_leaf,1.0.0,social_welfare,1.0.0,metric,wasted_contacts,,4.0,count,{},ok,valid,[],"[""event_00000259""]",evaluation_receipt,episode_attempt_7bdd9d3b076c685563a7,c6405ba52583912e1615e046bd9d32c6c108d8c524b28c1cf2b6a62226129067,true
result_fd63de6cf28e4da0bffeeab3,runplan_6b2c9c9db7ce4f73,cell_66de0f678cc84a73a20f,housing_v1__experiment__000008,housing_v1,housing_controlled_model_landlords_experiment,episode_attempt_7bdd9d3b076c685563a7,c6405ba52583912e1615e046bd9d32c6c108d8c524b28c1cf2b6a62226129067,included,housing_social_welfare_leaf,1.0.0,social_welfare,1.0.0,metric,within_case_score,,1.0,ratio,{},ok,valid,[],"[""event_00000259""]",evaluation_receipt,episode_attempt_7bdd9d3b076c685563a7,c6405ba52583912e1615e046bd9d32c6c108d8c524b28c1cf2b6a62226129067,true
result_65204d3c57f7e8ed337a46c8,runplan_6b2c9c9db7ce4f73,cell_66de0f678cc84a73a20f,housing_v1__experiment__000008,housing_v1,housing_controlled_model_landlords_experiment,episode_attempt_7bdd9d3b076c685563a7,c6405ba52583912e1615e046bd9d32c6c108d8c524b28c1cf2b6a62226129067,included,housing_social_welfare_leaf,1.0.0,social_welfare,1.0.0,reference,comparison_baseline,,1610.49,utility_points,"{""policy"":""naive"",""reference_kind"":""comparison_baseline""}",ok,valid,[],"[""event_00000259""]",evaluation_receipt,episode_attempt_7bdd9d3b076c685563a7,c6405ba52583912e1615e046bd9d32c6c108d8c524b28c1cf2b6a62226129067,true
result_e7fad63acefe93f05e8525c6,runplan_6b2c9c9db7ce4f73,cell_66de0f678cc84a73a20f,housing_v1__experiment__000008,housing_v1,housing_controlled_model_landlords_experiment,episode_attempt_7bdd9d3b076c685563a7,c6405ba52583912e1615e046bd9d32c6c108d8c524b28c1cf2b6a62226129067,included,housing_social_welfare_leaf,1.0.0,social_welfare,1.0.0,reference,optimum_lower_bound,,0.0,utility_points,"{""policy"":""do_nothing"",""reference_kind"":""objective_lower_bound""}",ok,valid,[],"[""event_00000259""]",evaluation_receipt,episode_attempt_7bdd9d3b076c685563a7,c6405ba52583912e1615e046bd9d32c6c108d8c524b28c1cf2b6a62226129067,true
result_b7d75956b30c3dcd1086fa6e,runplan_6b2c9c9db7ce4f73,cell_66de0f678cc84a73a20f,housing_v1__experiment__000008,housing_v1,housing_controlled_model_landlords_experiment,episode_attempt_7bdd9d3b076c685563a7,c6405ba52583912e1615e046bd9d32c6c108d8c524b28c1cf2b6a62226129067,included,housing_social_welfare_leaf,1.0.0,social_welfare,1.0.0,reference,optimum_upper_bound,,1610.99,utility_points,"{""reference_kind"":""objective_upper_bound"",""semantics"":""full_information_allocation_relaxation""}",ok,valid,[],"[""event_00000259""]",evaluation_receipt,episode_attempt_7bdd9d3b076c685563a7,c6405ba52583912e1615e046bd9d32c6c108d8c524b28c1cf2b6a62226129067,true
result_a2b2661892e971e923274437,runplan_6b2c9c9db7ce4f73,cell_66de0f678cc84a73a20f,housing_v1__experiment__000008,housing_v1,housing_controlled_model_landlords_experiment,episode_attempt_7bdd9d3b076c685563a7,c6405ba52583912e1615e046bd9d32c6c108d8c524b28c1cf2b6a62226129067,included,housing_social_welfare_leaf,1.0.0,social_welfare,1.0.0,utility,landlord_0,landlord_0,89.7,utility_points,"{""disagreement_utility"":0.0}",ok,valid,[],"[""event_00000259""]",evaluation_receipt,episode_attempt_7bdd9d3b076c685563a7,c6405ba52583912e1615e046bd9d32c6c108d8c524b28c1cf2b6a62226129067,true
result_a5153079b6d4bda3b447e18c,runplan_6b2c9c9db7ce4f73,cell_66de0f678cc84a73a20f,housing_v1__experiment__000008,housing_v1,housing_controlled_model_landlords_experiment,episode_attempt_7bdd9d3b076c685563a7,c6405ba52583912e1615e046bd9d32c6c108d8c524b28c1cf2b6a62226129067,included,housing_social_welfare_leaf,1.0.0,social_welfare,1.0.0,utility,landlord_1,landlord_1,50.51,utility_points,"{""disagreement_utility"":0.0}",ok,valid,[],"[""event_00000259""]",evaluation_receipt,episode_attempt_7bdd9d3b076c685563a7,c6405ba52583912e1615e046bd9d32c6c108d8c524b28c1cf2b6a62226129067,true
result_d5cb9eb4c79834ca75b63486,runplan_6b2c9c9db7ce4f73,cell_66de0f678cc84a73a20f,housing_v1__experiment__000008,housing_v1,housing_controlled_model_landlords_experiment,episode_attempt_7bdd9d3b076c685563a7,c6405ba52583912e1615e046bd9d32c6c108d8c524b28c1cf2b6a62226129067,included,housing_social_welfare_leaf,1.0.0,social_welfare,1.0.0,utility,landlord_2,landlord_2,67.3,utility_points,"{""disagreement_utility"":0.0}",ok,valid,[],"[""event_00000259""]",evaluation_receipt,episode_attempt_7bdd9d3b076c685563a7,c6405ba52583912e1615e046bd9d32c6c108d8c524b28c1cf2b6a62226129067,true
result_b8d036c605f6f35c9acc8178,runplan_6b2c9c9db7ce4f73,cell_66de0f678cc84a73a20f,housing_v1__experiment__000008,housing_v1,housing_controlled_model_landlords_experiment,episode_attempt_7bdd9d3b076c685563a7,c6405ba52583912e1615e046bd9d32c6c108d8c524b28c1cf2b6a62226129067,included,housing_social_welfare_leaf,1.0.0,social_welfare,1.0.0,utility,tenant_0,tenant_0,573.19,utility_points,"{""disagreement_utility"":0.0}",ok,valid,[],"[""event_00000259""]",evaluation_receipt,episode_attempt_7bdd9d3b076c685563a7,c6405ba52583912e1615e046bd9d32c6c108d8c524b28c1cf2b6a62226129067,true
result_b1fe5bb1d8fa85dc97d81b6f,runplan_6b2c9c9db7ce4f73,cell_66de0f678cc84a73a20f,housing_v1__experiment__000008,housing_v1,housing_controlled_model_landlords_experiment,episode_attempt_7bdd9d3b076c685563a7,c6405ba52583912e1615e046bd9d32c6c108d8c524b28c1cf2b6a62226129067,included,housing_social_welfare_leaf,1.0.0,social_welfare,1.0.0,utility,tenant_1,tenant_1,438.46,utility_points,"{""disagreement_utility"":0.0}",ok,valid,[],"[""event_00000259""]",evaluation_receipt,episode_attempt_7bdd9d3b076c685563a7,c6405ba52583912e1615e046bd9d32c6c108d8c524b28c1cf2b6a62226129067,true
result_aa5f11af152b678d7162470d,runplan_6b2c9c9db7ce4f73,cell_66de0f678cc84a73a20f,housing_v1__experiment__000008,housing_v1,housing_controlled_model_landlords_experiment,episode_attempt_7bdd9d3b076c685563a7,c6405ba52583912e1615e046bd9d32c6c108d8c524b28c1cf2b6a62226129067,included,housing_social_welfare_leaf,1.0.0,social_welfare,1.0.0,utility,tenant_2,tenant_2,0.0,utility_points,"{""disagreement_utility"":0.0}",ok,valid,[],"[""event_00000259""]",evaluation_receipt,episode_attempt_7bdd9d3b076c685563a7,c6405ba52583912e1615e046bd9d32c6c108d8c524b28c1cf2b6a62226129067,true
result_2fb42ef5d320369d39b8a63a,runplan_6b2c9c9db7ce4f73,cell_66de0f678cc84a73a20f,housing_v1__experiment__000008,housing_v1,housing_controlled_model_landlords_experiment,episode_attempt_7bdd9d3b076c685563a7,c6405ba52583912e1615e046bd9d32c6c108d8c524b28c1cf2b6a62226129067,included,housing_social_welfare_leaf,1.0.0,social_welfare,1.0.0,utility,tenant_3,tenant_3,391.83,utility_points,"{""disagreement_utility"":0.0}",ok,valid,[],"[""event_00000259""]",evaluation_receipt,episode_attempt_7bdd9d3b076c685563a7,c6405ba52583912e1615e046bd9d32c6c108d8c524b28c1cf2b6a62226129067,true
result_47e7d689d0fa30982cf416e2,runplan_6b2c9c9db7ce4f73,cell_66de0f678cc84a73a20f,housing_v1__experiment__000008,housing_v1,housing_controlled_model_landlords_experiment,episode_attempt_7bdd9d3b076c685563a7,c6405ba52583912e1615e046bd9d32c6c108d8c524b28c1cf2b6a62226129067,included,housing_social_welfare_leaf,1.0.0,social_welfare,1.0.0,utility,tenant_4,tenant_4,0.0,utility_points,"{""disagreement_utility"":0.0}",ok,valid,[],"[""event_00000259""]",evaluation_receipt,episode_attempt_7bdd9d3b076c685563a7,c6405ba52583912e1615e046bd9d32c6c108d8c524b28c1cf2b6a62226129067,true
result_cc2b8503f0d4d28196bbd37c,runplan_6b2c9c9db7ce4f73,cell_66de0f678cc84a73a20f,housing_v1__experiment__000008,housing_v1,housing_controlled_model_landlords_experiment,episode_attempt_7bdd9d3b076c685563a7,c6405ba52583912e1615e046bd9d32c6c108d8c524b28c1cf2b6a62226129067,included,housing_social_welfare_leaf,1.0.0,social_welfare,1.0.0,utility,tenant_5,tenant_5,0.0,utility_points,"{""disagreement_utility"":0.0}",ok,valid,[],"[""event_00000259""]",evaluation_receipt,episode_attempt_7bdd9d3b076c685563a7,c6405ba52583912e1615e046bd9d32c6c108d8c524b28c1cf2b6a62226129067,true
result_8da2ee871907777fe1a38ed6,runplan_6b2c9c9db7ce4f73,cell_66de0f678cc84a73a20f,housing_v1__experiment__000008,housing_v1,housing_controlled_model_landlords_experiment,episode_attempt_7bdd9d3b076c685563a7,c6405ba52583912e1615e046bd9d32c6c108d8c524b28c1cf2b6a62226129067,included,housing_social_welfare_leaf,1.0.0,social_welfare,1.0.0,capture,landlord_0,landlord_0,89.7,utility_points,"{""disagreement_utility"":0.0}",ok,valid,[],"[""event_00000259""]",evaluation_receipt,episode_attempt_7bdd9d3b076c685563a7,c6405ba52583912e1615e046bd9d32c6c108d8c524b28c1cf2b6a62226129067,true
result_9679bb03d767784f6dea52b1,runplan_6b2c9c9db7ce4f73,cell_66de0f678cc84a73a20f,housing_v1__experiment__000008,housing_v1,housing_controlled_model_landlords_experiment,episode_attempt_7bdd9d3b076c685563a7,c6405ba52583912e1615e046bd9d32c6c108d8c524b28c1cf2b6a62226129067,included,housing_social_welfare_leaf,1.0.0,social_welfare,1.0.0,capture,landlord_1,landlord_1,50.51,utility_points,"{""disagreement_utility"":0.0}",ok,valid,[],"[""event_00000259""]",evaluation_receipt,episode_attempt_7bdd9d3b076c685563a7,c6405ba52583912e1615e046bd9d32c6c108d8c524b28c1cf2b6a62226129067,true
result_efe670d205b5e75625c0492f,runplan_6b2c9c9db7ce4f73,cell_66de0f678cc84a73a20f,housing_v1__experiment__000008,housing_v1,housing_controlled_model_landlords_experiment,episode_attempt_7bdd9d3b076c685563a7,c6405ba52583912e1615e046bd9d32c6c108d8c524b28c1cf2b6a62226129067,included,housing_social_welfare_leaf,1.0.0,social_welfare,1.0.0,capture,landlord_2,landlord_2,67.3,utility_points,"{""disagreement_utility"":0.0}",ok,valid,[],"[""event_00000259""]",evaluation_receipt,episode_attempt_7bdd9d3b076c685563a7,c6405ba52583912e1615e046bd9d32c6c108d8c524b28c1cf2b6a62226129067,true
result_953ab90c7c871c5567f0b73e,runplan_6b2c9c9db7ce4f73,cell_66de0f678cc84a73a20f,housing_v1__experiment__000008,housing_v1,housing_controlled_model_landlords_experiment,episode_attempt_7bdd9d3b076c685563a7,c6405ba52583912e1615e046bd9d32c6c108d8c524b28c1cf2b6a62226129067,included,housing_social_welfare_leaf,1.0.0,social_welfare,1.0.0,capture,tenant_0,tenant_0,573.19,utility_points,"{""disagreement_utility"":0.0}",ok,valid,[],"[""event_00000259""]",evaluation_receipt,episode_attempt_7bdd9d3b076c685563a7,c6405ba52583912e1615e046bd9d32c6c108d8c524b28c1cf2b6a62226129067,true
result_fb8f8406de588c9fa5b9f070,runplan_6b2c9c9db7ce4f73,cell_66de0f678cc84a73a20f,housing_v1__experiment__000008,housing_v1,housing_controlled_model_landlords_experiment,episode_attempt_7bdd9d3b076c685563a7,c6405ba52583912e1615e046bd9d32c6c108d8c524b28c1cf2b6a62226129067,included,housing_social_welfare_leaf,1.0.0,social_welfare,1.0.0,capture,tenant_1,tenant_1,438.46,utility_points,"{""disagreement_utility"":0.0}",ok,valid,[],"[""event_00000259""]",evaluation_receipt,episode_attempt_7bdd9d3b076c685563a7,c6405ba52583912e1615e046bd9d32c6c108d8c524b28c1cf2b6a62226129067,true
result_e33ea159fe9c3db375426cae,runplan_6b2c9c9db7ce4f73,cell_66de0f678cc84a73a20f,housing_v1__experiment__000008,housing_v1,housing_controlled_model_landlords_experiment,episode_attempt_7bdd9d3b076c685563a7,c6405ba52583912e1615e046bd9d32c6c108d8c524b28c1cf2b6a62226129067,included,housing_social_welfare_leaf,1.0.0,social_welfare,1.0.0,capture,tenant_2,tenant_2,0.0,utility_points,"{""disagreement_utility"":0.0}",ok,valid,[],"[""event_00000259""]",evaluation_receipt,episode_attempt_7bdd9d3b076c685563a7,c6405ba52583912e1615e046bd9d32c6c108d8c524b28c1cf2b6a62226129067,true
result_bd90fa153a028fe78b568cab,runplan_6b2c9c9db7ce4f73,cell_66de0f678cc84a73a20f,housing_v1__experiment__000008,housing_v1,housing_controlled_model_landlords_experiment,episode_attempt_7bdd9d3b076c685563a7,c6405ba52583912e1615e046bd9d32c6c108d8c524b28c1cf2b6a62226129067,included,housing_social_welfare_leaf,1.0.0,social_welfare,1.0.0,capture,tenant_3,tenant_3,391.83,utility_points,"{""disagreement_utility"":0.0}",ok,valid,[],"[""event_00000259""]",evaluation_receipt,episode_attempt_7bdd9d3b076c685563a7,c6405ba52583912e1615e046bd9d32c6c108d8c524b28c1cf2b6a62226129067,true
result_1d027f5e34a0f4b903a57323,runplan_6b2c9c9db7ce4f73,cell_66de0f678cc84a73a20f,housing_v1__experiment__000008,housing_v1,housing_controlled_model_landlords_experiment,episode_attempt_7bdd9d3b076c685563a7,c6405ba52583912e1615e046bd9d32c6c108d8c524b28c1cf2b6a62226129067,included,housing_social_welfare_leaf,1.0.0,social_welfare,1.0.0,capture,tenant_4,tenant_4,0.0,utility_points,"{""disagreement_utility"":0.0}",ok,valid,[],"[""event_00000259""]",evaluation_receipt,episode_attempt_7bdd9d3b076c685563a7,c6405ba52583912e1615e046bd9d32c6c108d8c524b28c1cf2b6a62226129067,true
result_e4c79088f8a65fbc7cfd138d,runplan_6b2c9c9db7ce4f73,cell_66de0f678cc84a73a20f,housing_v1__experiment__000008,housing_v1,housing_controlled_model_landlords_experiment,episode_attempt_7bdd9d3b076c685563a7,c6405ba52583912e1615e046bd9d32c6c108d8c524b28c1cf2b6a62226129067,included,housing_social_welfare_leaf,1.0.0,social_welfare,1.0.0,capture,tenant_5,tenant_5,0.0,utility_points,"{""disagreement_utility"":0.0}",ok,valid,[],"[""event_00000259""]",evaluation_receipt,episode_attempt_7bdd9d3b076c685563a7,c6405ba52583912e1615e046bd9d32c6c108d8c524b28c1cf2b6a62226129067,true
result_c9ba548125ce5428987b0f4c,runplan_6b2c9c9db7ce4f73,cell_882e2d573d5904d9f268,housing_v1__experiment__000001,housing_v1,housing_controlled_model_landlords_experiment,episode_attempt_b49de678a50510a63d77,de47674271ec77b85aef4caef2162d91384cf1157decefe6f41e80882138980a,included,housing_social_welfare_leaf,1.0.0,social_welfare,1.0.0,primary,social_welfare,,906.34,utility_points,{},ok,valid,[],"[""event_00000265""]",evaluation_receipt,episode_attempt_b49de678a50510a63d77,de47674271ec77b85aef4caef2162d91384cf1157decefe6f41e80882138980a,true
result_fac87b36f209a232bc2e79e8,runplan_6b2c9c9db7ce4f73,cell_882e2d573d5904d9f268,housing_v1__experiment__000001,housing_v1,housing_controlled_model_landlords_experiment,episode_attempt_b49de678a50510a63d77,de47674271ec77b85aef4caef2162d91384cf1157decefe6f41e80882138980a,included,housing_social_welfare_leaf,1.0.0,social_welfare,1.0.0,metric,comparison_baseline_gap,,-123.39999999999998,utility_points,{},ok,valid,[],"[""event_00000265""]",evaluation_receipt,episode_attempt_b49de678a50510a63d77,de47674271ec77b85aef4caef2162d91384cf1157decefe6f41e80882138980a,true
result_0138e3510bbbc6833ec4850c,runplan_6b2c9c9db7ce4f73,cell_882e2d573d5904d9f268,housing_v1__experiment__000001,housing_v1,housing_controlled_model_landlords_experiment,episode_attempt_b49de678a50510a63d77,de47674271ec77b85aef4caef2162d91384cf1157decefe6f41e80882138980a,included,housing_social_welfare_leaf,1.0.0,social_welfare,1.0.0,metric,ir_violation_count,,0.0,count,{},ok,valid,[],"[""event_00000265""]",evaluation_receipt,episode_attempt_b49de678a50510a63d77,de47674271ec77b85aef4caef2162d91384cf1157decefe6f41e80882138980a,true
result_20c698f1cc48ab17086d35f2,runplan_6b2c9c9db7ce4f73,cell_882e2d573d5904d9f268,housing_v1__experiment__000001,housing_v1,housing_controlled_model_landlords_experiment,episode_attempt_b49de678a50510a63d77,de47674271ec77b85aef4caef2162d91384cf1157decefe6f41e80882138980a,included,housing_social_welfare_leaf,1.0.0,social_welfare,1.0.0,metric,social_welfare,,906.34,utility_points,{},ok,valid,[],"[""event_00000265""]",evaluation_receipt,episode_attempt_b49de678a50510a63d77,de47674271ec77b85aef4caef2162d91384cf1157decefe6f41e80882138980a,true
result_dc4bc23fd92e6c587ac057db,runplan_6b2c9c9db7ce4f73,cell_882e2d573d5904d9f268,housing_v1__experiment__000001,housing_v1,housing_controlled_model_landlords_experiment,episode_attempt_b49de678a50510a63d77,de47674271ec77b85aef4caef2162d91384cf1157decefe6f41e80882138980a,included,housing_social_welfare_leaf,1.0.0,social_welfare,1.0.0,metric,upper_bound_gap,,269.42999999999995,utility_points,{},ok,valid,[],"[""event_00000265""]",evaluation_receipt,episode_attempt_b49de678a50510a63d77,de47674271ec77b85aef4caef2162d91384cf1157decefe6f41e80882138980a,true
result_0c65173541c910ac364e58e9,runplan_6b2c9c9db7ce4f73,cell_882e2d573d5904d9f268,housing_v1__experiment__000001,housing_v1,housing_controlled_model_landlords_experiment,episode_attempt_b49de678a50510a63d77,de47674271ec77b85aef4caef2162d91384cf1157decefe6f41e80882138980a,included,housing_social_welfare_leaf,1.0.0,social_welfare,1.0.0,metric,wasted_contacts,,6.0,count,{},ok,valid,[],"[""event_00000265""]",evaluation_receipt,episode_attempt_b49de678a50510a63d77,de47674271ec77b85aef4caef2162d91384cf1157decefe6f41e80882138980a,true
result_d03ddc40d016436aa9e0597d,runplan_6b2c9c9db7ce4f73,cell_882e2d573d5904d9f268,housing_v1__experiment__000001,housing_v1,housing_controlled_model_landlords_experiment,episode_attempt_b49de678a50510a63d77,de47674271ec77b85aef4caef2162d91384cf1157decefe6f41e80882138980a,included,housing_social_welfare_leaf,1.0.0,social_welfare,1.0.0,metric,within_case_score,,0.7708480400078247,ratio,{},ok,valid,[],"[""event_00000265""]",evaluation_receipt,episode_attempt_b49de678a50510a63d77,de47674271ec77b85aef4caef2162d91384cf1157decefe6f41e80882138980a,true
result_09972422588c52234d68b898,runplan_6b2c9c9db7ce4f73,cell_882e2d573d5904d9f268,housing_v1__experiment__000001,housing_v1,housing_controlled_model_landlords_experiment,episode_attempt_b49de678a50510a63d77,de47674271ec77b85aef4caef2162d91384cf1157decefe6f41e80882138980a,included,housing_social_welfare_leaf,1.0.0,social_welfare,1.0.0,reference,comparison_baseline,,1029.74,utility_points,"{""policy"":""naive"",""reference_kind"":""comparison_baseline""}",ok,valid,[],"[""event_00000265""]",evaluation_receipt,episode_attempt_b49de678a50510a63d77,de47674271ec77b85aef4caef2162d91384cf1157decefe6f41e80882138980a,true
result_92c40fadc03a17449b292d3d,runplan_6b2c9c9db7ce4f73,cell_882e2d573d5904d9f268,housing_v1__experiment__000001,housing_v1,housing_controlled_model_landlords_experiment,episode_attempt_b49de678a50510a63d77,de47674271ec77b85aef4caef2162d91384cf1157decefe6f41e80882138980a,included,housing_social_welfare_leaf,1.0.0,social_welfare,1.0.0,reference,optimum_lower_bound,,0.0,utility_points,"{""policy"":""do_nothing"",""reference_kind"":""objective_lower_bound""}",ok,valid,[],"[""event_00000265""]",evaluation_receipt,episode_attempt_b49de678a50510a63d77,de47674271ec77b85aef4caef2162d91384cf1157decefe6f41e80882138980a,true
result_0b1f22ccd69957e3fb7bfae0,runplan_6b2c9c9db7ce4f73,cell_882e2d573d5904d9f268,housing_v1__experiment__000001,housing_v1,housing_controlled_model_landlords_experiment,episode_attempt_b49de678a50510a63d77,de47674271ec77b85aef4caef2162d91384cf1157decefe6f41e80882138980a,included,housing_social_welfare_leaf,1.0.0,social_welfare,1.0.0,reference,optimum_upper_bound,,1175.77,utility_points,"{""reference_kind"":""objective_upper_bound"",""semantics"":""full_information_allocation_relaxation""}",ok,valid,[],"[""event_00000265""]",evaluation_receipt,episode_attempt_b49de678a50510a63d77,de47674271ec77b85aef4caef2162d91384cf1157decefe6f41e80882138980a,true
result_5e0f898981bf10a4d262dfe1,runplan_6b2c9c9db7ce4f73,cell_882e2d573d5904d9f268,housing_v1__experiment__000001,housing_v1,housing_controlled_model_landlords_experiment,episode_attempt_b49de678a50510a63d77,de47674271ec77b85aef4caef2162d91384cf1157decefe6f41e80882138980a,included,housing_social_welfare_leaf,1.0.0,social_welfare,1.0.0,utility,landlord_0,landlord_0,56.6,utility_points,"{""disagreement_utility"":0.0}",ok,valid,[],"[""event_00000265""]",evaluation_receipt,episode_attempt_b49de678a50510a63d77,de47674271ec77b85aef4caef2162d91384cf1157decefe6f41e80882138980a,true
result_cd6fd03a1adfa11edacac714,runplan_6b2c9c9db7ce4f73,cell_882e2d573d5904d9f268,housing_v1__experiment__000001,housing_v1,housing_controlled_model_landlords_experiment,episode_attempt_b49de678a50510a63d77,de47674271ec77b85aef4caef2162d91384cf1157decefe6f41e80882138980a,included,housing_social_welfare_leaf,1.0.0,social_welfare,1.0.0,utility,landlord_1,landlord_1,66.62,utility_points,"{""disagreement_utility"":0.0}",ok,valid,[],"[""event_00000265""]",evaluation_receipt,episode_attempt_b49de678a50510a63d77,de47674271ec77b85aef4caef2162d91384cf1157decefe6f41e80882138980a,true
result_483bc0c2a48f32b3b1e54ba3,runplan_6b2c9c9db7ce4f73,cell_882e2d573d5904d9f268,housing_v1__experiment__000001,housing_v1,housing_controlled_model_landlords_experiment,episode_attempt_b49de678a50510a63d77,de47674271ec77b85aef4caef2162d91384cf1157decefe6f41e80882138980a,included,housing_social_welfare_leaf,1.0.0,social_welfare,1.0.0,utility,landlord_2,landlord_2,88.36,utility_points,"{""disagreement_utility"":0.0}",ok,valid,[],"[""event_00000265""]",evaluation_receipt,episode_attempt_b49de678a50510a63d77,de47674271ec77b85aef4caef2162d91384cf1157decefe6f41e80882138980a,true
result_3d117fb759b24125b08310c3,runplan_6b2c9c9db7ce4f73,cell_882e2d573d5904d9f268,housing_v1__experiment__000001,housing_v1,housing_controlled_model_landlords_experiment,episode_attempt_b49de678a50510a63d77,de47674271ec77b85aef4caef2162d91384cf1157decefe6f41e80882138980a,included,housing_social_welfare_leaf,1.0.0,social_welfare,1.0.0,utility,tenant_0,tenant_0,32.59,utility_points,"{""disagreement_utility"":0.0}",ok,valid,[],"[""event_00000265""]",evaluation_receipt,episode_attempt_b49de678a50510a63d77,de47674271ec77b85aef4caef2162d91384cf1157decefe6f41e80882138980a,true
result_ce8adaa5f49b74fed788d3f9,runplan_6b2c9c9db7ce4f73,cell_882e2d573d5904d9f268,housing_v1__experiment__000001,housing_v1,housing_controlled_model_landlords_experiment,episode_attempt_b49de678a50510a63d77,de47674271ec77b85aef4caef2162d91384cf1157decefe6f41e80882138980a,included,housing_social_welfare_leaf,1.0.0,social_welfare,1.0.0,utility,tenant_1,tenant_1,0.0,utility_points,"{""disagreement_utility"":0.0}",ok,valid,[],"[""event_00000265""]",evaluation_receipt,episode_attempt_b49de678a50510a63d77,de47674271ec77b85aef4caef2162d91384cf1157decefe6f41e80882138980a,true
result_af5056e8246b8682fde70f94,runplan_6b2c9c9db7ce4f73,cell_882e2d573d5904d9f268,housing_v1__experiment__000001,housing_v1,housing_controlled_model_landlords_experiment,episode_attempt_b49de678a50510a63d77,de47674271ec77b85aef4caef2162d91384cf1157decefe6f41e80882138980a,included,housing_social_welfare_leaf,1.0.0,social_welfare,1.0.0,utility,tenant_2,tenant_2,235.25,utility_points,"{""disagreement_utility"":0.0}",ok,valid,[],"[""event_00000265""]",evaluation_receipt,episode_attempt_b49de678a50510a63d77,de47674271ec77b85aef4caef2162d91384cf1157decefe6f41e80882138980a,true
result_98bd27726e5acf2eaae2cffb,runplan_6b2c9c9db7ce4f73,cell_882e2d573d5904d9f268,housing_v1__experiment__000001,housing_v1,housing_controlled_model_landlords_experiment,episode_attempt_b49de678a50510a63d77,de47674271ec77b85aef4caef2162d91384cf1157decefe6f41e80882138980a,included,housing_social_welfare_leaf,1.0.0,social_welfare,1.0.0,utility,tenant_3,tenant_3,0.0,utility_points,"{""disagreement_utility"":0.0}",ok,valid,[],"[""event_00000265""]",evaluation_receipt,episode_attempt_b49de678a50510a63d77,de47674271ec77b85aef4caef2162d91384cf1157decefe6f41e80882138980a,true
result_33ac7f7be1cc4d0564242b33,runplan_6b2c9c9db7ce4f73,cell_882e2d573d5904d9f268,housing_v1__experiment__000001,housing_v1,housing_controlled_model_landlords_experiment,episode_attempt_b49de678a50510a63d77,de47674271ec77b85aef4caef2162d91384cf1157decefe6f41e80882138980a,included,housing_social_welfare_leaf,1.0.0,social_welfare,1.0.0,utility,tenant_4,tenant_4,426.92,utility_points,"{""disagreement_utility"":0.0}",ok,valid,[],"[""event_00000265""]",evaluation_receipt,episode_attempt_b49de678a50510a63d77,de47674271ec77b85aef4caef2162d91384cf1157decefe6f41e80882138980a,true
result_088ea1c80192e8ec29bd3c8b,runplan_6b2c9c9db7ce4f73,cell_882e2d573d5904d9f268,housing_v1__experiment__000001,housing_v1,housing_controlled_model_landlords_experiment,episode_attempt_b49de678a50510a63d77,de47674271ec77b85aef4caef2162d91384cf1157decefe6f41e80882138980a,included,housing_social_welfare_leaf,1.0.0,social_welfare,1.0.0,utility,tenant_5,tenant_5,0.0,utility_points,"{""disagreement_utility"":0.0}",ok,valid,[],"[""event_00000265""]",evaluation_receipt,episode_attempt_b49de678a50510a63d77,de47674271ec77b85aef4caef2162d91384cf1157decefe6f41e80882138980a,true
result_8d5547568dbcc73f230e35ac,runplan_6b2c9c9db7ce4f73,cell_882e2d573d5904d9f268,housing_v1__experiment__000001,housing_v1,housing_controlled_model_landlords_experiment,episode_attempt_b49de678a50510a63d77,de47674271ec77b85aef4caef2162d91384cf1157decefe6f41e80882138980a,included,housing_social_welfare_leaf,1.0.0,social_welfare,1.0.0,capture,landlord_0,landlord_0,56.6,utility_points,"{""disagreement_utility"":0.0}",ok,valid,[],"[""event_00000265""]",evaluation_receipt,episode_attempt_b49de678a50510a63d77,de47674271ec77b85aef4caef2162d91384cf1157decefe6f41e80882138980a,true
result_2c9ef224190aaa785f4eee4d,runplan_6b2c9c9db7ce4f73,cell_882e2d573d5904d9f268,housing_v1__experiment__000001,housing_v1,housing_controlled_model_landlords_experiment,episode_attempt_b49de678a50510a63d77,de47674271ec77b85aef4caef2162d91384cf1157decefe6f41e80882138980a,included,housing_social_welfare_leaf,1.0.0,social_welfare,1.0.0,capture,landlord_1,landlord_1,66.62,utility_points,"{""disagreement_utility"":0.0}",ok,valid,[],"[""event_00000265""]",evaluation_receipt,episode_attempt_b49de678a50510a63d77,de47674271ec77b85aef4caef2162d91384cf1157decefe6f41e80882138980a,true
result_d6c75dc4c9d98ce1181d4b93,runplan_6b2c9c9db7ce4f73,cell_882e2d573d5904d9f268,housing_v1__experiment__000001,housing_v1,housing_controlled_model_landlords_experiment,episode_attempt_b49de678a50510a63d77,de47674271ec77b85aef4caef2162d91384cf1157decefe6f41e80882138980a,included,housing_social_welfare_leaf,1.0.0,social_welfare,1.0.0,capture,landlord_2,landlord_2,88.36,utility_points,"{""disagreement_utility"":0.0}",ok,valid,[],"[""event_00000265""]",evaluation_receipt,episode_attempt_b49de678a50510a63d77,de47674271ec77b85aef4caef2162d91384cf1157decefe6f41e80882138980a,true
result_51421f29a4c113e358c65692,runplan_6b2c9c9db7ce4f73,cell_882e2d573d5904d9f268,housing_v1__experiment__000001,housing_v1,housing_controlled_model_landlords_experiment,episode_attempt_b49de678a50510a63d77,de47674271ec77b85aef4caef2162d91384cf1157decefe6f41e80882138980a,included,housing_social_welfare_leaf,1.0.0,social_welfare,1.0.0,capture,tenant_0,tenant_0,32.59,utility_points,"{""disagreement_utility"":0.0}",ok,valid,[],"[""event_00000265""]",evaluation_receipt,episode_attempt_b49de678a50510a63d77,de47674271ec77b85aef4caef2162d91384cf1157decefe6f41e80882138980a,true
result_67b471a8a814ac85a141ebcf,runplan_6b2c9c9db7ce4f73,cell_882e2d573d5904d9f268,housing_v1__experiment__000001,housing_v1,housing_controlled_model_landlords_experiment,episode_attempt_b49de678a50510a63d77,de47674271ec77b85aef4caef2162d91384cf1157decefe6f41e80882138980a,included,housing_social_welfare_leaf,1.0.0,social_welfare,1.0.0,capture,tenant_1,tenant_1,0.0,utility_points,"{""disagreement_utility"":0.0}",ok,valid,[],"[""event_00000265""]",evaluation_receipt,episode_attempt_b49de678a50510a63d77,de47674271ec77b85aef4caef2162d91384cf1157decefe6f41e80882138980a,true
result_2258eb97cba8608c51ffb043,runplan_6b2c9c9db7ce4f73,cell_882e2d573d5904d9f268,housing_v1__experiment__000001,housing_v1,housing_controlled_model_landlords_experiment,episode_attempt_b49de678a50510a63d77,de47674271ec77b85aef4caef2162d91384cf1157decefe6f41e80882138980a,included,housing_social_welfare_leaf,1.0.0,social_welfare,1.0.0,capture,tenant_2,tenant_2,235.25,utility_points,"{""disagreement_utility"":0.0}",ok,valid,[],"[""event_00000265""]",evaluation_receipt,episode_attempt_b49de678a50510a63d77,de47674271ec77b85aef4caef2162d91384cf1157decefe6f41e80882138980a,true
result_fe4e816f461689f7d3c0d054,runplan_6b2c9c9db7ce4f73,cell_882e2d573d5904d9f268,housing_v1__experiment__000001,housing_v1,housing_controlled_model_landlords_experiment,episode_attempt_b49de678a50510a63d77,de47674271ec77b85aef4caef2162d91384cf1157decefe6f41e80882138980a,included,housing_social_welfare_leaf,1.0.0,social_welfare,1.0.0,capture,tenant_3,tenant_3,0.0,utility_points,"{""disagreement_utility"":0.0}",ok,valid,[],"[""event_00000265""]",evaluation_receipt,episode_attempt_b49de678a50510a63d77,de47674271ec77b85aef4caef2162d91384cf1157decefe6f41e80882138980a,true
result_169a6a805d6b179e1588a616,runplan_6b2c9c9db7ce4f73,cell_882e2d573d5904d9f268,housing_v1__experiment__000001,housing_v1,housing_controlled_model_landlords_experiment,episode_attempt_b49de678a50510a63d77,de47674271ec77b85aef4caef2162d91384cf1157decefe6f41e80882138980a,included,housing_social_welfare_leaf,1.0.0,social_welfare,1.0.0,capture,tenant_4,tenant_4,426.92,utility_points,"{""disagreement_utility"":0.0}",ok,valid,[],"[""event_00000265""]",evaluation_receipt,episode_attempt_b49de678a50510a63d77,de47674271ec77b85aef4caef2162d91384cf1157decefe6f41e80882138980a,true
result_d7106b2c9d078420ed0f2bee,runplan_6b2c9c9db7ce4f73,cell_882e2d573d5904d9f268,housing_v1__experiment__000001,housing_v1,housing_controlled_model_landlords_experiment,episode_attempt_b49de678a50510a63d77,de47674271ec77b85aef4caef2162d91384cf1157decefe6f41e80882138980a,included,housing_social_welfare_leaf,1.0.0,social_welfare,1.0.0,capture,tenant_5,tenant_5,0.0,utility_points,"{""disagreement_utility"":0.0}",ok,valid,[],"[""event_00000265""]",evaluation_receipt,episode_attempt_b49de678a50510a63d77,de47674271ec77b85aef4caef2162d91384cf1157decefe6f41e80882138980a,true
result_a5e2cdb2114b5e8925e3d92e,runplan_6b2c9c9db7ce4f73,cell_9bf55df2cec21e4b9583,housing_v1__experiment__000007,housing_v1,housing_controlled_model_landlords_experiment,episode_attempt_c536a969fdb7591bcdd8,6b1c2ac66278514eadcc26707591769467ea76eb773aad57a4434c0faa9b8299,included,housing_social_welfare_leaf,1.0.0,social_welfare,1.0.0,primary,social_welfare,,838.2,utility_points,{},ok,valid,[],"[""event_00000142""]",evaluation_receipt,episode_attempt_c536a969fdb7591bcdd8,6b1c2ac66278514eadcc26707591769467ea76eb773aad57a4434c0faa9b8299,true
result_3f40ea3eb97809b64feb282d,runplan_6b2c9c9db7ce4f73,cell_9bf55df2cec21e4b9583,housing_v1__experiment__000007,housing_v1,housing_controlled_model_landlords_experiment,episode_attempt_c536a969fdb7591bcdd8,6b1c2ac66278514eadcc26707591769467ea76eb773aad57a4434c0faa9b8299,included,housing_social_welfare_leaf,1.0.0,social_welfare,1.0.0,metric,comparison_baseline_gap,,69.65000000000009,utility_points,{},ok,valid,[],"[""event_00000142""]",evaluation_receipt,episode_attempt_c536a969fdb7591bcdd8,6b1c2ac66278514eadcc26707591769467ea76eb773aad57a4434c0faa9b8299,true
result_1e40290d414bbca14901d71c,runplan_6b2c9c9db7ce4f73,cell_9bf55df2cec21e4b9583,housing_v1__experiment__000007,housing_v1,housing_controlled_model_landlords_experiment,episode_attempt_c536a969fdb7591bcdd8,6b1c2ac66278514eadcc26707591769467ea76eb773aad57a4434c0faa9b8299,included,housing_social_welfare_leaf,1.0.0,social_welfare,1.0.0,metric,ir_violation_count,,0.0,count,{},ok,valid,[],"[""event_00000142""]",evaluation_receipt,episode_attempt_c536a969fdb7591bcdd8,6b1c2ac66278514eadcc26707591769467ea76eb773aad57a4434c0faa9b8299,true
result_a70d97b215e3b613e995bf34,runplan_6b2c9c9db7ce4f73,cell_9bf55df2cec21e4b9583,housing_v1__experiment__000007,housing_v1,housing_controlled_model_landlords_experiment,episode_attempt_c536a969fdb7591bcdd8,6b1c2ac66278514eadcc26707591769467ea76eb773aad57a4434c0faa9b8299,included,housing_social_welfare_leaf,1.0.0,social_welfare,1.0.0,metric,social_welfare,,838.2,utility_points,{},ok,valid,[],"[""event_00000142""]",evaluation_receipt,episode_attempt_c536a969fdb7591bcdd8,6b1c2ac66278514eadcc26707591769467ea76eb773aad57a4434c0faa9b8299,true
result_a0f7bee07a1424df72a687d9,runplan_6b2c9c9db7ce4f73,cell_9bf55df2cec21e4b9583,housing_v1__experiment__000007,housing_v1,housing_controlled_model_landlords_experiment,episode_attempt_c536a969fdb7591bcdd8,6b1c2ac66278514eadcc26707591769467ea76eb773aad57a4434c0faa9b8299,included,housing_social_welfare_leaf,1.0.0,social_welfare,1.0.0,metric,upper_bound_gap,,494.48,utility_points,{},ok,valid,[],"[""event_00000142""]",evaluation_receipt,episode_attempt_c536a969fdb7591bcdd8,6b1c2ac66278514eadcc26707591769467ea76eb773aad57a4434c0faa9b8299,true
result_8bfa289274860c1affaaa28b,runplan_6b2c9c9db7ce4f73,cell_9bf55df2cec21e4b9583,housing_v1__experiment__000007,housing_v1,housing_controlled_model_landlords_experiment,episode_attempt_c536a969fdb7591bcdd8,6b1c2ac66278514eadcc26707591769467ea76eb773aad57a4434c0faa9b8299,included,housing_social_welfare_leaf,1.0.0,social_welfare,1.0.0,metric,wasted_contacts,,3.0,count,{},ok,valid,[],"[""event_00000142""]",evaluation_receipt,episode_attempt_c536a969fdb7591bcdd8,6b1c2ac66278514eadcc26707591769467ea76eb773aad57a4434c0faa9b8299,true
result_fb0a26bbfead54192810c7d2,runplan_6b2c9c9db7ce4f73,cell_9bf55df2cec21e4b9583,housing_v1__experiment__000007,housing_v1,housing_controlled_model_landlords_experiment,episode_attempt_c536a969fdb7591bcdd8,6b1c2ac66278514eadcc26707591769467ea76eb773aad57a4434c0faa9b8299,included,housing_social_welfare_leaf,1.0.0,social_welfare,1.0.0,metric,within_case_score,,0.6289581895128613,ratio,{},ok,valid,[],"[""event_00000142""]",evaluation_receipt,episode_attempt_c536a969fdb7591bcdd8,6b1c2ac66278514eadcc26707591769467ea76eb773aad57a4434c0faa9b8299,true
result_a876a0c287619e09d2da420c,runplan_6b2c9c9db7ce4f73,cell_9bf55df2cec21e4b9583,housing_v1__experiment__000007,housing_v1,housing_controlled_model_landlords_experiment,episode_attempt_c536a969fdb7591bcdd8,6b1c2ac66278514eadcc26707591769467ea76eb773aad57a4434c0faa9b8299,included,housing_social_welfare_leaf,1.0.0,social_welfare,1.0.0,reference,comparison_baseline,,768.55,utility_points,"{""policy"":""naive"",""reference_kind"":""comparison_baseline""}",ok,valid,[],"[""event_00000142""]",evaluation_receipt,episode_attempt_c536a969fdb7591bcdd8,6b1c2ac66278514eadcc26707591769467ea76eb773aad57a4434c0faa9b8299,true
result_8d4d86f80c5037c8e20cea32,runplan_6b2c9c9db7ce4f73,cell_9bf55df2cec21e4b9583,housing_v1__experiment__000007,housing_v1,housing_controlled_model_landlords_experiment,episode_attempt_c536a969fdb7591bcdd8,6b1c2ac66278514eadcc26707591769467ea76eb773aad57a4434c0faa9b8299,included,housing_social_welfare_leaf,1.0.0,social_welfare,1.0.0,reference,optimum_lower_bound,,0.0,utility_points,"{""policy"":""do_nothing"",""reference_kind"":""objective_lower_bound""}",ok,valid,[],"[""event_00000142""]",evaluation_receipt,episode_attempt_c536a969fdb7591bcdd8,6b1c2ac66278514eadcc26707591769467ea76eb773aad57a4434c0faa9b8299,true
result_31590be6fde0d709320d6f8b,runplan_6b2c9c9db7ce4f73,cell_9bf55df2cec21e4b9583,housing_v1__experiment__000007,housing_v1,housing_controlled_model_landlords_experiment,episode_attempt_c536a969fdb7591bcdd8,6b1c2ac66278514eadcc26707591769467ea76eb773aad57a4434c0faa9b8299,included,housing_social_welfare_leaf,1.0.0,social_welfare,1.0.0,reference,optimum_upper_bound,,1332.68,utility_points,"{""reference_kind"":""objective_upper_bound"",""semantics"":""full_information_allocation_relaxation""}",ok,valid,[],"[""event_00000142""]",evaluation_receipt,episode_attempt_c536a969fdb7591bcdd8,6b1c2ac66278514eadcc26707591769467ea76eb773aad57a4434c0faa9b8299,true
result_9f03bca7ddd09a8ce1556897,runplan_6b2c9c9db7ce4f73,cell_9bf55df2cec21e4b9583,housing_v1__experiment__000007,housing_v1,housing_controlled_model_landlords_experiment,episode_attempt_c536a969fdb7591bcdd8,6b1c2ac66278514eadcc26707591769467ea76eb773aad57a4434c0faa9b8299,included,housing_social_welfare_leaf,1.0.0,social_welfare,1.0.0,utility,landlord_0,landlord_0,23.64,utility_points,"{""disagreement_utility"":0.0}",ok,valid,[],"[""event_00000142""]",evaluation_receipt,episode_attempt_c536a969fdb7591bcdd8,6b1c2ac66278514eadcc26707591769467ea76eb773aad57a4434c0faa9b8299,true
result_a0e311cdb22770c242f01474,runplan_6b2c9c9db7ce4f73,cell_9bf55df2cec21e4b9583,housing_v1__experiment__000007,housing_v1,housing_controlled_model_landlords_experiment,episode_attempt_c536a969fdb7591bcdd8,6b1c2ac66278514eadcc26707591769467ea76eb773aad57a4434c0faa9b8299,included,housing_social_welfare_leaf,1.0.0,social_welfare,1.0.0,utility,landlord_1,landlord_1,26.68,utility_points,"{""disagreement_utility"":0.0}",ok,valid,[],"[""event_00000142""]",evaluation_receipt,episode_attempt_c536a969fdb7591bcdd8,6b1c2ac66278514eadcc26707591769467ea76eb773aad57a4434c0faa9b8299,true
result_3e3adfa4f1b506cce3e2a4d3,runplan_6b2c9c9db7ce4f73,cell_9bf55df2cec21e4b9583,housing_v1__experiment__000007,housing_v1,housing_controlled_model_landlords_experiment,episode_attempt_c536a969fdb7591bcdd8,6b1c2ac66278514eadcc26707591769467ea76eb773aad57a4434c0faa9b8299,included,housing_social_welfare_leaf,1.0.0,social_welfare,1.0.0,utility,landlord_2,landlord_2,75.42,utility_points,"{""disagreement_utility"":0.0}",ok,valid,[],"[""event_00000142""]",evaluation_receipt,episode_attempt_c536a969fdb7591bcdd8,6b1c2ac66278514eadcc26707591769467ea76eb773aad57a4434c0faa9b8299,true
result_9581541209507b05857e15f1,runplan_6b2c9c9db7ce4f73,cell_9bf55df2cec21e4b9583,housing_v1__experiment__000007,housing_v1,housing_controlled_model_landlords_experiment,episode_attempt_c536a969fdb7591bcdd8,6b1c2ac66278514eadcc26707591769467ea76eb773aad57a4434c0faa9b8299,included,housing_social_welfare_leaf,1.0.0,social_welfare,1.0.0,utility,tenant_0,tenant_0,0.0,utility_points,"{""disagreement_utility"":0.0}",ok,valid,[],"[""event_00000142""]",evaluation_receipt,episode_attempt_c536a969fdb7591bcdd8,6b1c2ac66278514eadcc26707591769467ea76eb773aad57a4434c0faa9b8299,true
result_db07575a7e4f04646c34cf3f,runplan_6b2c9c9db7ce4f73,cell_9bf55df2cec21e4b9583,housing_v1__experiment__000007,housing_v1,housing_controlled_model_landlords_experiment,episode_attempt_c536a969fdb7591bcdd8,6b1c2ac66278514eadcc26707591769467ea76eb773aad57a4434c0faa9b8299,included,housing_social_welfare_leaf,1.0.0,social_welfare,1.0.0,utility,tenant_1,tenant_1,252.86,utility_points,"{""disagreement_utility"":0.0}",ok,valid,[],"[""event_00000142""]",evaluation_receipt,episode_attempt_c536a969fdb7591bcdd8,6b1c2ac66278514eadcc26707591769467ea76eb773aad57a4434c0faa9b8299,true
result_e882e542173e9d3dd0f2dda5,runplan_6b2c9c9db7ce4f73,cell_9bf55df2cec21e4b9583,housing_v1__experiment__000007,housing_v1,housing_controlled_model_landlords_experiment,episode_attempt_c536a969fdb7591bcdd8,6b1c2ac66278514eadcc26707591769467ea76eb773aad57a4434c0faa9b8299,included,housing_social_welfare_leaf,1.0.0,social_welfare,1.0.0,utility,tenant_2,tenant_2,84.56,utility_points,"{""disagreement_utility"":0.0}",ok,valid,[],"[""event_00000142""]",evaluation_receipt,episode_attempt_c536a969fdb7591bcdd8,6b1c2ac66278514eadcc26707591769467ea76eb773aad57a4434c0faa9b8299,true
result_09d3ede41f22a7d2818050a9,runplan_6b2c9c9db7ce4f73,cell_9bf55df2cec21e4b9583,housing_v1__experiment__000007,housing_v1,housing_controlled_model_landlords_experiment,episode_attempt_c536a969fdb7591bcdd8,6b1c2ac66278514eadcc26707591769467ea76eb773aad57a4434c0faa9b8299,included,housing_social_welfare_leaf,1.0.0,social_welfare,1.0.0,utility,tenant_3,tenant_3,0.0,utility_points,"{""disagreement_utility"":0.0}",ok,valid,[],"[""event_00000142""]",evaluation_receipt,episode_attempt_c536a969fdb7591bcdd8,6b1c2ac66278514eadcc26707591769467ea76eb773aad57a4434c0faa9b8299,true
result_3c8c0e4942715aa6ef2b99a7,runplan_6b2c9c9db7ce4f73,cell_9bf55df2cec21e4b9583,housing_v1__experiment__000007,housing_v1,housing_controlled_model_landlords_experiment,episode_attempt_c536a969fdb7591bcdd8,6b1c2ac66278514eadcc26707591769467ea76eb773aad57a4434c0faa9b8299,included,housing_social_welfare_leaf,1.0.0,social_welfare,1.0.0,utility,tenant_4,tenant_4,375.04,utility_points,"{""disagreement_utility"":0.0}",ok,valid,[],"[""event_00000142""]",evaluation_receipt,episode_attempt_c536a969fdb7591bcdd8,6b1c2ac66278514eadcc26707591769467ea76eb773aad57a4434c0faa9b8299,true
result_ca96685f7a8db3310f3542f8,runplan_6b2c9c9db7ce4f73,cell_9bf55df2cec21e4b9583,housing_v1__experiment__000007,housing_v1,housing_controlled_model_landlords_experiment,episode_attempt_c536a969fdb7591bcdd8,6b1c2ac66278514eadcc26707591769467ea76eb773aad57a4434c0faa9b8299,included,housing_social_welfare_leaf,1.0.0,social_welfare,1.0.0,utility,tenant_5,tenant_5,0.0,utility_points,"{""disagreement_utility"":0.0}",ok,valid,[],"[""event_00000142""]",evaluation_receipt,episode_attempt_c536a969fdb7591bcdd8,6b1c2ac66278514eadcc26707591769467ea76eb773aad57a4434c0faa9b8299,true
result_8aa6f35b92168c34f9709c9b,runplan_6b2c9c9db7ce4f73,cell_9bf55df2cec21e4b9583,housing_v1__experiment__000007,housing_v1,housing_controlled_model_landlords_experiment,episode_attempt_c536a969fdb7591bcdd8,6b1c2ac66278514eadcc26707591769467ea76eb773aad57a4434c0faa9b8299,included,housing_social_welfare_leaf,1.0.0,social_welfare,1.0.0,capture,landlord_0,landlord_0,23.64,utility_points,"{""disagreement_utility"":0.0}",ok,valid,[],"[""event_00000142""]",evaluation_receipt,episode_attempt_c536a969fdb7591bcdd8,6b1c2ac66278514eadcc26707591769467ea76eb773aad57a4434c0faa9b8299,true
result_8ef071088a3cbe0522dd2da4,runplan_6b2c9c9db7ce4f73,cell_9bf55df2cec21e4b9583,housing_v1__experiment__000007,housing_v1,housing_controlled_model_landlords_experiment,episode_attempt_c536a969fdb7591bcdd8,6b1c2ac66278514eadcc26707591769467ea76eb773aad57a4434c0faa9b8299,included,housing_social_welfare_leaf,1.0.0,social_welfare,1.0.0,capture,landlord_1,landlord_1,26.68,utility_points,"{""disagreement_utility"":0.0}",ok,valid,[],"[""event_00000142""]",evaluation_receipt,episode_attempt_c536a969fdb7591bcdd8,6b1c2ac66278514eadcc26707591769467ea76eb773aad57a4434c0faa9b8299,true
result_f7d1325a7b25c6e3e72eaafe,runplan_6b2c9c9db7ce4f73,cell_9bf55df2cec21e4b9583,housing_v1__experiment__000007,housing_v1,housing_controlled_model_landlords_experiment,episode_attempt_c536a969fdb7591bcdd8,6b1c2ac66278514eadcc26707591769467ea76eb773aad57a4434c0faa9b8299,included,housing_social_welfare_leaf,1.0.0,social_welfare,1.0.0,capture,landlord_2,landlord_2,75.42,utility_points,"{""disagreement_utility"":0.0}",ok,valid,[],"[""event_00000142""]",evaluation_receipt,episode_attempt_c536a969fdb7591bcdd8,6b1c2ac66278514eadcc26707591769467ea76eb773aad57a4434c0faa9b8299,true
result_1dd0aef101a42087c8a9743e,runplan_6b2c9c9db7ce4f73,cell_9bf55df2cec21e4b9583,housing_v1__experiment__000007,housing_v1,housing_controlled_model_landlords_experiment,episode_attempt_c536a969fdb7591bcdd8,6b1c2ac66278514eadcc26707591769467ea76eb773aad57a4434c0faa9b8299,included,housing_social_welfare_leaf,1.0.0,social_welfare,1.0.0,capture,tenant_0,tenant_0,0.0,utility_points,"{""disagreement_utility"":0.0}",ok,valid,[],"[""event_00000142""]",evaluation_receipt,episode_attempt_c536a969fdb7591bcdd8,6b1c2ac66278514eadcc26707591769467ea76eb773aad57a4434c0faa9b8299,true
result_b186d3c39664e2d6bce26667,runplan_6b2c9c9db7ce4f73,cell_9bf55df2cec21e4b9583,housing_v1__experiment__000007,housing_v1,housing_controlled_model_landlords_experiment,episode_attempt_c536a969fdb7591bcdd8,6b1c2ac66278514eadcc26707591769467ea76eb773aad57a4434c0faa9b8299,included,housing_social_welfare_leaf,1.0.0,social_welfare,1.0.0,capture,tenant_1,tenant_1,252.86,utility_points,"{""disagreement_utility"":0.0}",ok,valid,[],"[""event_00000142""]",evaluation_receipt,episode_attempt_c536a969fdb7591bcdd8,6b1c2ac66278514eadcc26707591769467ea76eb773aad57a4434c0faa9b8299,true
result_338c60aa6a747ec292d8a179,runplan_6b2c9c9db7ce4f73,cell_9bf55df2cec21e4b9583,housing_v1__experiment__000007,housing_v1,housing_controlled_model_landlords_experiment,episode_attempt_c536a969fdb7591bcdd8,6b1c2ac66278514eadcc26707591769467ea76eb773aad57a4434c0faa9b8299,included,housing_social_welfare_leaf,1.0.0,social_welfare,1.0.0,capture,tenant_2,tenant_2,84.56,utility_points,"{""disagreement_utility"":0.0}",ok,valid,[],"[""event_00000142""]",evaluation_receipt,episode_attempt_c536a969fdb7591bcdd8,6b1c2ac66278514eadcc26707591769467ea76eb773aad57a4434c0faa9b8299,true
result_deeb2e415806650670d2d6c1,runplan_6b2c9c9db7ce4f73,cell_9bf55df2cec21e4b9583,housing_v1__experiment__000007,housing_v1,housing_controlled_model_landlords_experiment,episode_attempt_c536a969fdb7591bcdd8,6b1c2ac66278514eadcc26707591769467ea76eb773aad57a4434c0faa9b8299,included,housing_social_welfare_leaf,1.0.0,social_welfare,1.0.0,capture,tenant_3,tenant_3,0.0,utility_points,"{""disagreement_utility"":0.0}",ok,valid,[],"[""event_00000142""]",evaluation_receipt,episode_attempt_c536a969fdb7591bcdd8,6b1c2ac66278514eadcc26707591769467ea76eb773aad57a4434c0faa9b8299,true
result_be108be0eb0ff7af1511bf8d,runplan_6b2c9c9db7ce4f73,cell_9bf55df2cec21e4b9583,housing_v1__experiment__000007,housing_v1,housing_controlled_model_landlords_experiment,episode_attempt_c536a969fdb7591bcdd8,6b1c2ac66278514eadcc26707591769467ea76eb773aad57a4434c0faa9b8299,included,housing_social_welfare_leaf,1.0.0,social_welfare,1.0.0,capture,tenant_4,tenant_4,375.04,utility_points,"{""disagreement_utility"":0.0}",ok,valid,[],"[""event_00000142""]",evaluation_receipt,episode_attempt_c536a969fdb7591bcdd8,6b1c2ac66278514eadcc26707591769467ea76eb773aad57a4434c0faa9b8299,true
result_15699476425f22f484ca917f,runplan_6b2c9c9db7ce4f73,cell_9bf55df2cec21e4b9583,housing_v1__experiment__000007,housing_v1,housing_controlled_model_landlords_experiment,episode_attempt_c536a969fdb7591bcdd8,6b1c2ac66278514eadcc26707591769467ea76eb773aad57a4434c0faa9b8299,included,housing_social_welfare_leaf,1.0.0,social_welfare,1.0.0,capture,tenant_5,tenant_5,0.0,utility_points,"{""disagreement_utility"":0.0}",ok,valid,[],"[""event_00000142""]",evaluation_receipt,episode_attempt_c536a969fdb7591bcdd8,6b1c2ac66278514eadcc26707591769467ea76eb773aad57a4434c0faa9b8299,true
result_6fb3054c506c6c429bbe444b,runplan_6b2c9c9db7ce4f73,cell_ab17c46d661f9a1e37e2,housing_v1__experiment__000003,housing_v1,housing_controlled_model_landlords_experiment,episode_attempt_73529611adf6ff2e7f7c,8ea6b5239da53e36c4c590d0396c0fac12f1a54a4ed2417425683ebd37c16e05,included,housing_social_welfare_leaf,1.0.0,social_welfare,1.0.0,primary,social_welfare,,1136.86,utility_points,{},ok,valid,[],"[""event_00000253""]",evaluation_receipt,episode_attempt_73529611adf6ff2e7f7c,8ea6b5239da53e36c4c590d0396c0fac12f1a54a4ed2417425683ebd37c16e05,true
result_ee5aca7267b6cc170fbd35a4,runplan_6b2c9c9db7ce4f73,cell_ab17c46d661f9a1e37e2,housing_v1__experiment__000003,housing_v1,housing_controlled_model_landlords_experiment,episode_attempt_73529611adf6ff2e7f7c,8ea6b5239da53e36c4c590d0396c0fac12f1a54a4ed2417425683ebd37c16e05,included,housing_social_welfare_leaf,1.0.0,social_welfare,1.0.0,metric,comparison_baseline_gap,,-324.84000000000015,utility_points,{},ok,valid,[],"[""event_00000253""]",evaluation_receipt,episode_attempt_73529611adf6ff2e7f7c,8ea6b5239da53e36c4c590d0396c0fac12f1a54a4ed2417425683ebd37c16e05,true
result_63bc38246b665fdc4384b291,runplan_6b2c9c9db7ce4f73,cell_ab17c46d661f9a1e37e2,housing_v1__experiment__000003,housing_v1,housing_controlled_model_landlords_experiment,episode_attempt_73529611adf6ff2e7f7c,8ea6b5239da53e36c4c590d0396c0fac12f1a54a4ed2417425683ebd37c16e05,included,housing_social_welfare_leaf,1.0.0,social_welfare,1.0.0,metric,ir_violation_count,,0.0,count,{},ok,valid,[],"[""event_00000253""]",evaluation_receipt,episode_attempt_73529611adf6ff2e7f7c,8ea6b5239da53e36c4c590d0396c0fac12f1a54a4ed2417425683ebd37c16e05,true
result_716e732a31b9f1d3e4724ba2,runplan_6b2c9c9db7ce4f73,cell_ab17c46d661f9a1e37e2,housing_v1__experiment__000003,housing_v1,housing_controlled_model_landlords_experiment,episode_attempt_73529611adf6ff2e7f7c,8ea6b5239da53e36c4c590d0396c0fac12f1a54a4ed2417425683ebd37c16e05,included,housing_social_welfare_leaf,1.0.0,social_welfare,1.0.0,metric,social_welfare,,1136.86,utility_points,{},ok,valid,[],"[""event_00000253""]",evaluation_receipt,episode_attempt_73529611adf6ff2e7f7c,8ea6b5239da53e36c4c590d0396c0fac12f1a54a4ed2417425683ebd37c16e05,true
result_665025297ca9147e3e3e05f2,runplan_6b2c9c9db7ce4f73,cell_ab17c46d661f9a1e37e2,housing_v1__experiment__000003,housing_v1,housing_controlled_model_landlords_experiment,episode_attempt_73529611adf6ff2e7f7c,8ea6b5239da53e36c4c590d0396c0fac12f1a54a4ed2417425683ebd37c16e05,included,housing_social_welfare_leaf,1.0.0,social_welfare,1.0.0,metric,upper_bound_gap,,601.3500000000001,utility_points,{},ok,valid,[],"[""event_00000253""]",evaluation_receipt,episode_attempt_73529611adf6ff2e7f7c,8ea6b5239da53e36c4c590d0396c0fac12f1a54a4ed2417425683ebd37c16e05,true
result_aafe99f84615877b56f5519b,runplan_6b2c9c9db7ce4f73,cell_ab17c46d661f9a1e37e2,housing_v1__experiment__000003,housing_v1,housing_controlled_model_landlords_experiment,episode_attempt_73529611adf6ff2e7f7c,8ea6b5239da53e36c4c590d0396c0fac12f1a54a4ed2417425683ebd37c16e05,included,housing_social_welfare_leaf,1.0.0,social_welfare,1.0.0,metric,wasted_contacts,,9.0,count,{},ok,valid,[],"[""event_00000253""]",evaluation_receipt,episode_attempt_73529611adf6ff2e7f7c,8ea6b5239da53e36c4c590d0396c0fac12f1a54a4ed2417425683ebd37c16e05,true
result_d4f2947977bf19f43bdd4aa4,runplan_6b2c9c9db7ce4f73,cell_ab17c46d661f9a1e37e2,housing_v1__experiment__000003,housing_v1,housing_controlled_model_landlords_experiment,episode_attempt_73529611adf6ff2e7f7c,8ea6b5239da53e36c4c590d0396c0fac12f1a54a4ed2417425683ebd37c16e05,included,housing_social_welfare_leaf,1.0.0,social_welfare,1.0.0,metric,within_case_score,,0.6540406510145493,ratio,{},ok,valid,[],"[""event_00000253""]",evaluation_receipt,episode_attempt_73529611adf6ff2e7f7c,8ea6b5239da53e36c4c590d0396c0fac12f1a54a4ed2417425683ebd37c16e05,true
result_61557be09e85ce7228b5c5be,runplan_6b2c9c9db7ce4f73,cell_ab17c46d661f9a1e37e2,housing_v1__experiment__000003,housing_v1,housing_controlled_model_landlords_experiment,episode_attempt_73529611adf6ff2e7f7c,8ea6b5239da53e36c4c590d0396c0fac12f1a54a4ed2417425683ebd37c16e05,included,housing_social_welfare_leaf,1.0.0,social_welfare,1.0.0,reference,comparison_baseline,,1461.7,utility_points,"{""policy"":""naive"",""reference_kind"":""comparison_baseline""}",ok,valid,[],"[""event_00000253""]",evaluation_receipt,episode_attempt_73529611adf6ff2e7f7c,8ea6b5239da53e36c4c590d0396c0fac12f1a54a4ed2417425683ebd37c16e05,true
result_d94f7559c8a26e39091d888f,runplan_6b2c9c9db7ce4f73,cell_ab17c46d661f9a1e37e2,housing_v1__experiment__000003,housing_v1,housing_controlled_model_landlords_experiment,episode_attempt_73529611adf6ff2e7f7c,8ea6b5239da53e36c4c590d0396c0fac12f1a54a4ed2417425683ebd37c16e05,included,housing_social_welfare_leaf,1.0.0,social_welfare,1.0.0,reference,optimum_lower_bound,,0.0,utility_points,"{""policy"":""do_nothing"",""reference_kind"":""objective_lower_bound""}",ok,valid,[],"[""event_00000253""]",evaluation_receipt,episode_attempt_73529611adf6ff2e7f7c,8ea6b5239da53e36c4c590d0396c0fac12f1a54a4ed2417425683ebd37c16e05,true
result_4a37854409035cb12ae381d0,runplan_6b2c9c9db7ce4f73,cell_ab17c46d661f9a1e37e2,housing_v1__experiment__000003,housing_v1,housing_controlled_model_landlords_experiment,episode_attempt_73529611adf6ff2e7f7c,8ea6b5239da53e36c4c590d0396c0fac12f1a54a4ed2417425683ebd37c16e05,included,housing_social_welfare_leaf,1.0.0,social_welfare,1.0.0,reference,optimum_upper_bound,,1738.21,utility_points,"{""reference_kind"":""objective_upper_bound"",""semantics"":""full_information_allocation_relaxation""}",ok,valid,[],"[""event_00000253""]",evaluation_receipt,episode_attempt_73529611adf6ff2e7f7c,8ea6b5239da53e36c4c590d0396c0fac12f1a54a4ed2417425683ebd37c16e05,true
result_f5b5842e0cdeaaceab9772d2,runplan_6b2c9c9db7ce4f73,cell_ab17c46d661f9a1e37e2,housing_v1__experiment__000003,housing_v1,housing_controlled_model_landlords_experiment,episode_attempt_73529611adf6ff2e7f7c,8ea6b5239da53e36c4c590d0396c0fac12f1a54a4ed2417425683ebd37c16e05,included,housing_social_welfare_leaf,1.0.0,social_welfare,1.0.0,utility,landlord_0,landlord_0,91.85,utility_points,"{""disagreement_utility"":0.0}",ok,valid,[],"[""event_00000253""]",evaluation_receipt,episode_attempt_73529611adf6ff2e7f7c,8ea6b5239da53e36c4c590d0396c0fac12f1a54a4ed2417425683ebd37c16e05,true
result_7d0ad3364a66871306b20aa5,runplan_6b2c9c9db7ce4f73,cell_ab17c46d661f9a1e37e2,housing_v1__experiment__000003,housing_v1,housing_controlled_model_landlords_experiment,episode_attempt_73529611adf6ff2e7f7c,8ea6b5239da53e36c4c590d0396c0fac12f1a54a4ed2417425683ebd37c16e05,included,housing_social_welfare_leaf,1.0.0,social_welfare,1.0.0,utility,landlord_1,landlord_1,128.45,utility_points,"{""disagreement_utility"":0.0}",ok,valid,[],"[""event_00000253""]",evaluation_receipt,episode_attempt_73529611adf6ff2e7f7c,8ea6b5239da53e36c4c590d0396c0fac12f1a54a4ed2417425683ebd37c16e05,true
result_bb82772a4bcea309c996b2b9,runplan_6b2c9c9db7ce4f73,cell_ab17c46d661f9a1e37e2,housing_v1__experiment__000003,housing_v1,housing_controlled_model_landlords_experiment,episode_attempt_73529611adf6ff2e7f7c,8ea6b5239da53e36c4c590d0396c0fac12f1a54a4ed2417425683ebd37c16e05,included,housing_social_welfare_leaf,1.0.0,social_welfare,1.0.0,utility,landlord_2,landlord_2,0.0,utility_points,"{""disagreement_utility"":0.0}",ok,valid,[],"[""event_00000253""]",evaluation_receipt,episode_attempt_73529611adf6ff2e7f7c,8ea6b5239da53e36c4c590d0396c0fac12f1a54a4ed2417425683ebd37c16e05,true
result_4ec96e8cac6d441550e97d28,runplan_6b2c9c9db7ce4f73,cell_ab17c46d661f9a1e37e2,housing_v1__experiment__000003,housing_v1,housing_controlled_model_landlords_experiment,episode_attempt_73529611adf6ff2e7f7c,8ea6b5239da53e36c4c590d0396c0fac12f1a54a4ed2417425683ebd37c16e05,included,housing_social_welfare_leaf,1.0.0,social_welfare,1.0.0,utility,tenant_0,tenant_0,0.0,utility_points,"{""disagreement_utility"":0.0}",ok,valid,[],"[""event_00000253""]",evaluation_receipt,episode_attempt_73529611adf6ff2e7f7c,8ea6b5239da53e36c4c590d0396c0fac12f1a54a4ed2417425683ebd37c16e05,true
result_4b8e08bd5ffd3c2fdd1df7e7,runplan_6b2c9c9db7ce4f73,cell_ab17c46d661f9a1e37e2,housing_v1__experiment__000003,housing_v1,housing_controlled_model_landlords_experiment,episode_attempt_73529611adf6ff2e7f7c,8ea6b5239da53e36c4c590d0396c0fac12f1a54a4ed2417425683ebd37c16e05,included,housing_social_welfare_leaf,1.0.0,social_welfare,1.0.0,utility,tenant_1,tenant_1,0.0,utility_points,"{""disagreement_utility"":0.0}",ok,valid,[],"[""event_00000253""]",evaluation_receipt,episode_attempt_73529611adf6ff2e7f7c,8ea6b5239da53e36c4c590d0396c0fac12f1a54a4ed2417425683ebd37c16e05,true
result_1af3139e703145dd5d200fe9,runplan_6b2c9c9db7ce4f73,cell_ab17c46d661f9a1e37e2,housing_v1__experiment__000003,housing_v1,housing_controlled_model_landlords_experiment,episode_attempt_73529611adf6ff2e7f7c,8ea6b5239da53e36c4c590d0396c0fac12f1a54a4ed2417425683ebd37c16e05,included,housing_social_welfare_leaf,1.0.0,social_welfare,1.0.0,utility,tenant_2,tenant_2,0.0,utility_points,"{""disagreement_utility"":0.0}",ok,valid,[],"[""event_00000253""]",evaluation_receipt,episode_attempt_73529611adf6ff2e7f7c,8ea6b5239da53e36c4c590d0396c0fac12f1a54a4ed2417425683ebd37c16e05,true
result_3d92e05d2466d318afd7108c,runplan_6b2c9c9db7ce4f73,cell_ab17c46d661f9a1e37e2,housing_v1__experiment__000003,housing_v1,housing_controlled_model_landlords_experiment,episode_attempt_73529611adf6ff2e7f7c,8ea6b5239da53e36c4c590d0396c0fac12f1a54a4ed2417425683ebd37c16e05,included,housing_social_welfare_leaf,1.0.0,social_welfare,1.0.0,utility,tenant_3,tenant_3,622.26,utility_points,"{""disagreement_utility"":0.0}",ok,valid,[],"[""event_00000253""]",evaluation_receipt,episode_attempt_73529611adf6ff2e7f7c,8ea6b5239da53e36c4c590d0396c0fac12f1a54a4ed2417425683ebd37c16e05,true
result_e892c8452f4e441854f47ee5,runplan_6b2c9c9db7ce4f73,cell_ab17c46d661f9a1e37e2,housing_v1__experiment__000003,housing_v1,housing_controlled_model_landlords_experiment,episode_attempt_73529611adf6ff2e7f7c,8ea6b5239da53e36c4c590d0396c0fac12f1a54a4ed2417425683ebd37c16e05,included,housing_social_welfare_leaf,1.0.0,social_welfare,1.0.0,utility,tenant_4,tenant_4,294.3,utility_points,"{""disagreement_utility"":0.0}",ok,valid,[],"[""event_00000253""]",evaluation_receipt,episode_attempt_73529611adf6ff2e7f7c,8ea6b5239da53e36c4c590d0396c0fac12f1a54a4ed2417425683ebd37c16e05,true
result_5c6f86ee2033794c081543c2,runplan_6b2c9c9db7ce4f73,cell_ab17c46d661f9a1e37e2,housing_v1__experiment__000003,housing_v1,housing_controlled_model_landlords_experiment,episode_attempt_73529611adf6ff2e7f7c,8ea6b5239da53e36c4c590d0396c0fac12f1a54a4ed2417425683ebd37c16e05,included,housing_social_welfare_leaf,1.0.0,social_welfare,1.0.0,utility,tenant_5,tenant_5,0.0,utility_points,"{""disagreement_utility"":0.0}",ok,valid,[],"[""event_00000253""]",evaluation_receipt,episode_attempt_73529611adf6ff2e7f7c,8ea6b5239da53e36c4c590d0396c0fac12f1a54a4ed2417425683ebd37c16e05,true
result_483f409d01a2e9d10f5f6852,runplan_6b2c9c9db7ce4f73,cell_ab17c46d661f9a1e37e2,housing_v1__experiment__000003,housing_v1,housing_controlled_model_landlords_experiment,episode_attempt_73529611adf6ff2e7f7c,8ea6b5239da53e36c4c590d0396c0fac12f1a54a4ed2417425683ebd37c16e05,included,housing_social_welfare_leaf,1.0.0,social_welfare,1.0.0,capture,landlord_0,landlord_0,91.85,utility_points,"{""disagreement_utility"":0.0}",ok,valid,[],"[""event_00000253""]",evaluation_receipt,episode_attempt_73529611adf6ff2e7f7c,8ea6b5239da53e36c4c590d0396c0fac12f1a54a4ed2417425683ebd37c16e05,true
result_45309fb97164a4bd651409e0,runplan_6b2c9c9db7ce4f73,cell_ab17c46d661f9a1e37e2,housing_v1__experiment__000003,housing_v1,housing_controlled_model_landlords_experiment,episode_attempt_73529611adf6ff2e7f7c,8ea6b5239da53e36c4c590d0396c0fac12f1a54a4ed2417425683ebd37c16e05,included,housing_social_welfare_leaf,1.0.0,social_welfare,1.0.0,capture,landlord_1,landlord_1,128.45,utility_points,"{""disagreement_utility"":0.0}",ok,valid,[],"[""event_00000253""]",evaluation_receipt,episode_attempt_73529611adf6ff2e7f7c,8ea6b5239da53e36c4c590d0396c0fac12f1a54a4ed2417425683ebd37c16e05,true
result_04fc79802a12d839d898c217,runplan_6b2c9c9db7ce4f73,cell_ab17c46d661f9a1e37e2,housing_v1__experiment__000003,housing_v1,housing_controlled_model_landlords_experiment,episode_attempt_73529611adf6ff2e7f7c,8ea6b5239da53e36c4c590d0396c0fac12f1a54a4ed2417425683ebd37c16e05,included,housing_social_welfare_leaf,1.0.0,social_welfare,1.0.0,capture,landlord_2,landlord_2,0.0,utility_points,"{""disagreement_utility"":0.0}",ok,valid,[],"[""event_00000253""]",evaluation_receipt,episode_attempt_73529611adf6ff2e7f7c,8ea6b5239da53e36c4c590d0396c0fac12f1a54a4ed2417425683ebd37c16e05,true
result_2314aad8ce4c1839feb66426,runplan_6b2c9c9db7ce4f73,cell_ab17c46d661f9a1e37e2,housing_v1__experiment__000003,housing_v1,housing_controlled_model_landlords_experiment,episode_attempt_73529611adf6ff2e7f7c,8ea6b5239da53e36c4c590d0396c0fac12f1a54a4ed2417425683ebd37c16e05,included,housing_social_welfare_leaf,1.0.0,social_welfare,1.0.0,capture,tenant_0,tenant_0,0.0,utility_points,"{""disagreement_utility"":0.0}",ok,valid,[],"[""event_00000253""]",evaluation_receipt,episode_attempt_73529611adf6ff2e7f7c,8ea6b5239da53e36c4c590d0396c0fac12f1a54a4ed2417425683ebd37c16e05,true
result_f94cfe7bbc585aaf4c41e568,runplan_6b2c9c9db7ce4f73,cell_ab17c46d661f9a1e37e2,housing_v1__experiment__000003,housing_v1,housing_controlled_model_landlords_experiment,episode_attempt_73529611adf6ff2e7f7c,8ea6b5239da53e36c4c590d0396c0fac12f1a54a4ed2417425683ebd37c16e05,included,housing_social_welfare_leaf,1.0.0,social_welfare,1.0.0,capture,tenant_1,tenant_1,0.0,utility_points,"{""disagreement_utility"":0.0}",ok,valid,[],"[""event_00000253""]",evaluation_receipt,episode_attempt_73529611adf6ff2e7f7c,8ea6b5239da53e36c4c590d0396c0fac12f1a54a4ed2417425683ebd37c16e05,true
result_b2d418d165df90d1d7bacdac,runplan_6b2c9c9db7ce4f73,cell_ab17c46d661f9a1e37e2,housing_v1__experiment__000003,housing_v1,housing_controlled_model_landlords_experiment,episode_attempt_73529611adf6ff2e7f7c,8ea6b5239da53e36c4c590d0396c0fac12f1a54a4ed2417425683ebd37c16e05,included,housing_social_welfare_leaf,1.0.0,social_welfare,1.0.0,capture,tenant_2,tenant_2,0.0,utility_points,"{""disagreement_utility"":0.0}",ok,valid,[],"[""event_00000253""]",evaluation_receipt,episode_attempt_73529611adf6ff2e7f7c,8ea6b5239da53e36c4c590d0396c0fac12f1a54a4ed2417425683ebd37c16e05,true
result_608a2f02f70147c2fa4370f3,runplan_6b2c9c9db7ce4f73,cell_ab17c46d661f9a1e37e2,housing_v1__experiment__000003,housing_v1,housing_controlled_model_landlords_experiment,episode_attempt_73529611adf6ff2e7f7c,8ea6b5239da53e36c4c590d0396c0fac12f1a54a4ed2417425683ebd37c16e05,included,housing_social_welfare_leaf,1.0.0,social_welfare,1.0.0,capture,tenant_3,tenant_3,622.26,utility_points,"{""disagreement_utility"":0.0}",ok,valid,[],"[""event_00000253""]",evaluation_receipt,episode_attempt_73529611adf6ff2e7f7c,8ea6b5239da53e36c4c590d0396c0fac12f1a54a4ed2417425683ebd37c16e05,true
result_c79276330c84db02bd1a9816,runplan_6b2c9c9db7ce4f73,cell_ab17c46d661f9a1e37e2,housing_v1__experiment__000003,housing_v1,housing_controlled_model_landlords_experiment,episode_attempt_73529611adf6ff2e7f7c,8ea6b5239da53e36c4c590d0396c0fac12f1a54a4ed2417425683ebd37c16e05,included,housing_social_welfare_leaf,1.0.0,social_welfare,1.0.0,capture,tenant_4,tenant_4,294.3,utility_points,"{""disagreement_utility"":0.0}",ok,valid,[],"[""event_00000253""]",evaluation_receipt,episode_attempt_73529611adf6ff2e7f7c,8ea6b5239da53e36c4c590d0396c0fac12f1a54a4ed2417425683ebd37c16e05,true
result_2e267b85bb8e81b74c5735c6,runplan_6b2c9c9db7ce4f73,cell_ab17c46d661f9a1e37e2,housing_v1__experiment__000003,housing_v1,housing_controlled_model_landlords_experiment,episode_attempt_73529611adf6ff2e7f7c,8ea6b5239da53e36c4c590d0396c0fac12f1a54a4ed2417425683ebd37c16e05,included,housing_social_welfare_leaf,1.0.0,social_welfare,1.0.0,capture,tenant_5,tenant_5,0.0,utility_points,"{""disagreement_utility"":0.0}",ok,valid,[],"[""event_00000253""]",evaluation_receipt,episode_attempt_73529611adf6ff2e7f7c,8ea6b5239da53e36c4c590d0396c0fac12f1a54a4ed2417425683ebd37c16e05,true
result_7ddf1bee48d9084221325123,runplan_6b2c9c9db7ce4f73,cell_bec16b648c8f948d7f61,housing_v1__experiment__000005,housing_v1,housing_controlled_model_landlords_experiment,episode_attempt_d6143f6a044e1c785ea7,ae74bb2023fe2da45435853f6a516f2bef8255a02a2e945f9d45645bbe3f406a,included,housing_social_welfare_leaf,1.0.0,social_welfare,1.0.0,primary,social_welfare,,1111.6,utility_points,{},ok,valid,[],"[""event_00000265""]",evaluation_receipt,episode_attempt_d6143f6a044e1c785ea7,ae74bb2023fe2da45435853f6a516f2bef8255a02a2e945f9d45645bbe3f406a,true
result_5f10b0a908baec56fa7260a5,runplan_6b2c9c9db7ce4f73,cell_bec16b648c8f948d7f61,housing_v1__experiment__000005,housing_v1,housing_controlled_model_landlords_experiment,episode_attempt_d6143f6a044e1c785ea7,ae74bb2023fe2da45435853f6a516f2bef8255a02a2e945f9d45645bbe3f406a,included,housing_social_welfare_leaf,1.0.0,social_welfare,1.0.0,metric,comparison_baseline_gap,,-47.340000000000146,utility_points,{},ok,valid,[],"[""event_00000265""]",evaluation_receipt,episode_attempt_d6143f6a044e1c785ea7,ae74bb2023fe2da45435853f6a516f2bef8255a02a2e945f9d45645bbe3f406a,true
result_1b9656400f7622c501107832,runplan_6b2c9c9db7ce4f73,cell_bec16b648c8f948d7f61,housing_v1__experiment__000005,housing_v1,housing_controlled_model_landlords_experiment,episode_attempt_d6143f6a044e1c785ea7,ae74bb2023fe2da45435853f6a516f2bef8255a02a2e945f9d45645bbe3f406a,included,housing_social_welfare_leaf,1.0.0,social_welfare,1.0.0,metric,ir_violation_count,,1.0,count,{},ok,valid,[],"[""event_00000265""]",evaluation_receipt,episode_attempt_d6143f6a044e1c785ea7,ae74bb2023fe2da45435853f6a516f2bef8255a02a2e945f9d45645bbe3f406a,true
result_06f333346e2f02785367c597,runplan_6b2c9c9db7ce4f73,cell_bec16b648c8f948d7f61,housing_v1__experiment__000005,housing_v1,housing_controlled_model_landlords_experiment,episode_attempt_d6143f6a044e1c785ea7,ae74bb2023fe2da45435853f6a516f2bef8255a02a2e945f9d45645bbe3f406a,included,housing_social_welfare_leaf,1.0.0,social_welfare,1.0.0,metric,social_welfare,,1111.6,utility_points,{},ok,valid,[],"[""event_00000265""]",evaluation_receipt,episode_attempt_d6143f6a044e1c785ea7,ae74bb2023fe2da45435853f6a516f2bef8255a02a2e945f9d45645bbe3f406a,true
result_8b4591323601624e13e3453f,runplan_6b2c9c9db7ce4f73,cell_bec16b648c8f948d7f61,housing_v1__experiment__000005,housing_v1,housing_controlled_model_landlords_experiment,episode_attempt_d6143f6a044e1c785ea7,ae74bb2023fe2da45435853f6a516f2bef8255a02a2e945f9d45645bbe3f406a,included,housing_social_welfare_leaf,1.0.0,social_welfare,1.0.0,metric,upper_bound_gap,,345.74,utility_points,{},ok,valid,[],"[""event_00000265""]",evaluation_receipt,episode_attempt_d6143f6a044e1c785ea7,ae74bb2023fe2da45435853f6a516f2bef8255a02a2e945f9d45645bbe3f406a,true
result_2f2d1aba2221c463d861da76,runplan_6b2c9c9db7ce4f73,cell_bec16b648c8f948d7f61,housing_v1__experiment__000005,housing_v1,housing_controlled_model_landlords_experiment,episode_attempt_d6143f6a044e1c785ea7,ae74bb2023fe2da45435853f6a516f2bef8255a02a2e945f9d45645bbe3f406a,included,housing_social_welfare_leaf,1.0.0,social_welfare,1.0.0,metric,wasted_contacts,,7.0,count,{},ok,valid,[],"[""event_00000265""]",evaluation_receipt,episode_attempt_d6143f6a044e1c785ea7,ae74bb2023fe2da45435853f6a516f2bef8255a02a2e945f9d45645bbe3f406a,true
result_7facb86736d98f69ff453bfa,runplan_6b2c9c9db7ce4f73,cell_bec16b648c8f948d7f61,housing_v1__experiment__000005,housing_v1,housing_controlled_model_landlords_experiment,episode_attempt_d6143f6a044e1c785ea7,ae74bb2023fe2da45435853f6a516f2bef8255a02a2e945f9d45645bbe3f406a,included,housing_social_welfare_leaf,1.0.0,social_welfare,1.0.0,metric,within_case_score,,0.7627595482179862,ratio,{},ok,valid,[],"[""event_00000265""]",evaluation_receipt,episode_attempt_d6143f6a044e1c785ea7,ae74bb2023fe2da45435853f6a516f2bef8255a02a2e945f9d45645bbe3f406a,true
result_452de2d082823820a7a2a36c,runplan_6b2c9c9db7ce4f73,cell_bec16b648c8f948d7f61,housing_v1__experiment__000005,housing_v1,housing_controlled_model_landlords_experiment,episode_attempt_d6143f6a044e1c785ea7,ae74bb2023fe2da45435853f6a516f2bef8255a02a2e945f9d45645bbe3f406a,included,housing_social_welfare_leaf,1.0.0,social_welfare,1.0.0,reference,comparison_baseline,,1158.94,utility_points,"{""policy"":""naive"",""reference_kind"":""comparison_baseline""}",ok,valid,[],"[""event_00000265""]",evaluation_receipt,episode_attempt_d6143f6a044e1c785ea7,ae74bb2023fe2da45435853f6a516f2bef8255a02a2e945f9d45645bbe3f406a,true
result_48ad951c266775a2a75277aa,runplan_6b2c9c9db7ce4f73,cell_bec16b648c8f948d7f61,housing_v1__experiment__000005,housing_v1,housing_controlled_model_landlords_experiment,episode_attempt_d6143f6a044e1c785ea7,ae74bb2023fe2da45435853f6a516f2bef8255a02a2e945f9d45645bbe3f406a,included,housing_social_welfare_leaf,1.0.0,social_welfare,1.0.0,reference,optimum_lower_bound,,0.0,utility_points,"{""policy"":""do_nothing"",""reference_kind"":""objective_lower_bound""}",ok,valid,[],"[""event_00000265""]",evaluation_receipt,episode_attempt_d6143f6a044e1c785ea7,ae74bb2023fe2da45435853f6a516f2bef8255a02a2e945f9d45645bbe3f406a,true
result_95f01bf1e8f6250be799a1f8,runplan_6b2c9c9db7ce4f73,cell_bec16b648c8f948d7f61,housing_v1__experiment__000005,housing_v1,housing_controlled_model_landlords_experiment,episode_attempt_d6143f6a044e1c785ea7,ae74bb2023fe2da45435853f6a516f2bef8255a02a2e945f9d45645bbe3f406a,included,housing_social_welfare_leaf,1.0.0,social_welfare,1.0.0,reference,optimum_upper_bound,,1457.34,utility_points,"{""reference_kind"":""objective_upper_bound"",""semantics"":""full_information_allocation_relaxation""}",ok,valid,[],"[""event_00000265""]",evaluation_receipt,episode_attempt_d6143f6a044e1c785ea7,ae74bb2023fe2da45435853f6a516f2bef8255a02a2e945f9d45645bbe3f406a,true
result_eaea2b6ab7274cd8d56fd0e6,runplan_6b2c9c9db7ce4f73,cell_bec16b648c8f948d7f61,housing_v1__experiment__000005,housing_v1,housing_controlled_model_landlords_experiment,episode_attempt_d6143f6a044e1c785ea7,ae74bb2023fe2da45435853f6a516f2bef8255a02a2e945f9d45645bbe3f406a,included,housing_social_welfare_leaf,1.0.0,social_welfare,1.0.0,utility,landlord_0,landlord_0,-3037.71,utility_points,"{""disagreement_utility"":0.0}",ok,valid,[],"[""event_00000265""]",evaluation_receipt,episode_attempt_d6143f6a044e1c785ea7,ae74bb2023fe2da45435853f6a516f2bef8255a02a2e945f9d45645bbe3f406a,true
result_c9e54076b292c6b871d9db27,runplan_6b2c9c9db7ce4f73,cell_bec16b648c8f948d7f61,housing_v1__experiment__000005,housing_v1,housing_controlled_model_landlords_experiment,episode_attempt_d6143f6a044e1c785ea7,ae74bb2023fe2da45435853f6a516f2bef8255a02a2e945f9d45645bbe3f406a,included,housing_social_welfare_leaf,1.0.0,social_welfare,1.0.0,utility,landlord_1,landlord_1,141.99,utility_points,"{""disagreement_utility"":0.0}",ok,valid,[],"[""event_00000265""]",evaluation_receipt,episode_attempt_d6143f6a044e1c785ea7,ae74bb2023fe2da45435853f6a516f2bef8255a02a2e945f9d45645bbe3f406a,true
result_644ae90a01144e3218437fc0,runplan_6b2c9c9db7ce4f73,cell_bec16b648c8f948d7f61,housing_v1__experiment__000005,housing_v1,housing_controlled_model_landlords_experiment,episode_attempt_d6143f6a044e1c785ea7,ae74bb2023fe2da45435853f6a516f2bef8255a02a2e945f9d45645bbe3f406a,included,housing_social_welfare_leaf,1.0.0,social_welfare,1.0.0,utility,landlord_2,landlord_2,75.64,utility_points,"{""disagreement_utility"":0.0}",ok,valid,[],"[""event_00000265""]",evaluation_receipt,episode_attempt_d6143f6a044e1c785ea7,ae74bb2023fe2da45435853f6a516f2bef8255a02a2e945f9d45645bbe3f406a,true
result_167710b67db449ac80ce0c1f,runplan_6b2c9c9db7ce4f73,cell_bec16b648c8f948d7f61,housing_v1__experiment__000005,housing_v1,housing_controlled_model_landlords_experiment,episode_attempt_d6143f6a044e1c785ea7,ae74bb2023fe2da45435853f6a516f2bef8255a02a2e945f9d45645bbe3f406a,included,housing_social_welfare_leaf,1.0.0,social_welfare,1.0.0,utility,tenant_0,tenant_0,0.0,utility_points,"{""disagreement_utility"":0.0}",ok,valid,[],"[""event_00000265""]",evaluation_receipt,episode_attempt_d6143f6a044e1c785ea7,ae74bb2023fe2da45435853f6a516f2bef8255a02a2e945f9d45645bbe3f406a,true
result_e5b607b569c6f303f4479a77,runplan_6b2c9c9db7ce4f73,cell_bec16b648c8f948d7f61,housing_v1__experiment__000005,housing_v1,housing_controlled_model_landlords_experiment,episode_attempt_d6143f6a044e1c785ea7,ae74bb2023fe2da45435853f6a516f2bef8255a02a2e945f9d45645bbe3f406a,included,housing_social_welfare_leaf,1.0.0,social_welfare,1.0.0,utility,tenant_1,tenant_1,355.14,utility_points,"{""disagreement_utility"":0.0}",ok,valid,[],"[""event_00000265""]",evaluation_receipt,episode_attempt_d6143f6a044e1c785ea7,ae74bb2023fe2da45435853f6a516f2bef8255a02a2e945f9d45645bbe3f406a,true
result_6be97b66090ca272739be25c,runplan_6b2c9c9db7ce4f73,cell_bec16b648c8f948d7f61,housing_v1__experiment__000005,housing_v1,housing_controlled_model_landlords_experiment,episode_attempt_d6143f6a044e1c785ea7,ae74bb2023fe2da45435853f6a516f2bef8255a02a2e945f9d45645bbe3f406a,included,housing_social_welfare_leaf,1.0.0,social_welfare,1.0.0,utility,tenant_2,tenant_2,3114.46,utility_points,"{""disagreement_utility"":0.0}",ok,valid,[],"[""event_00000265""]",evaluation_receipt,episode_attempt_d6143f6a044e1c785ea7,ae74bb2023fe2da45435853f6a516f2bef8255a02a2e945f9d45645bbe3f406a,true
result_aae111c29790e5bbfe18ef57,runplan_6b2c9c9db7ce4f73,cell_bec16b648c8f948d7f61,housing_v1__experiment__000005,housing_v1,housing_controlled_model_landlords_experiment,episode_attempt_d6143f6a044e1c785ea7,ae74bb2023fe2da45435853f6a516f2bef8255a02a2e945f9d45645bbe3f406a,included,housing_social_welfare_leaf,1.0.0,social_welfare,1.0.0,utility,tenant_3,tenant_3,0.0,utility_points,"{""disagreement_utility"":0.0}",ok,valid,[],"[""event_00000265""]",evaluation_receipt,episode_attempt_d6143f6a044e1c785ea7,ae74bb2023fe2da45435853f6a516f2bef8255a02a2e945f9d45645bbe3f406a,true
result_52974132b8d64bb7785f7a18,runplan_6b2c9c9db7ce4f73,cell_bec16b648c8f948d7f61,housing_v1__experiment__000005,housing_v1,housing_controlled_model_landlords_experiment,episode_attempt_d6143f6a044e1c785ea7,ae74bb2023fe2da45435853f6a516f2bef8255a02a2e945f9d45645bbe3f406a,included,housing_social_welfare_leaf,1.0.0,social_welfare,1.0.0,utility,tenant_4,tenant_4,462.08,utility_points,"{""disagreement_utility"":0.0}",ok,valid,[],"[""event_00000265""]",evaluation_receipt,episode_attempt_d6143f6a044e1c785ea7,ae74bb2023fe2da45435853f6a516f2bef8255a02a2e945f9d45645bbe3f406a,true
result_5875c6055b0d945175a84147,runplan_6b2c9c9db7ce4f73,cell_bec16b648c8f948d7f61,housing_v1__experiment__000005,housing_v1,housing_controlled_model_landlords_experiment,episode_attempt_d6143f6a044e1c785ea7,ae74bb2023fe2da45435853f6a516f2bef8255a02a2e945f9d45645bbe3f406a,included,housing_social_welfare_leaf,1.0.0,social_welfare,1.0.0,utility,tenant_5,tenant_5,0.0,utility_points,"{""disagreement_utility"":0.0}",ok,valid,[],"[""event_00000265""]",evaluation_receipt,episode_attempt_d6143f6a044e1c785ea7,ae74bb2023fe2da45435853f6a516f2bef8255a02a2e945f9d45645bbe3f406a,true
result_0f97ba11d712ba3798f7d510,runplan_6b2c9c9db7ce4f73,cell_bec16b648c8f948d7f61,housing_v1__experiment__000005,housing_v1,housing_controlled_model_landlords_experiment,episode_attempt_d6143f6a044e1c785ea7,ae74bb2023fe2da45435853f6a516f2bef8255a02a2e945f9d45645bbe3f406a,included,housing_social_welfare_leaf,1.0.0,social_welfare,1.0.0,capture,landlord_0,landlord_0,-3037.71,utility_points,"{""disagreement_utility"":0.0}",ok,valid,[],"[""event_00000265""]",evaluation_receipt,episode_attempt_d6143f6a044e1c785ea7,ae74bb2023fe2da45435853f6a516f2bef8255a02a2e945f9d45645bbe3f406a,true
result_225507a0e4eb0631e7679e86,runplan_6b2c9c9db7ce4f73,cell_bec16b648c8f948d7f61,housing_v1__experiment__000005,housing_v1,housing_controlled_model_landlords_experiment,episode_attempt_d6143f6a044e1c785ea7,ae74bb2023fe2da45435853f6a516f2bef8255a02a2e945f9d45645bbe3f406a,included,housing_social_welfare_leaf,1.0.0,social_welfare,1.0.0,capture,landlord_1,landlord_1,141.99,utility_points,"{""disagreement_utility"":0.0}",ok,valid,[],"[""event_00000265""]",evaluation_receipt,episode_attempt_d6143f6a044e1c785ea7,ae74bb2023fe2da45435853f6a516f2bef8255a02a2e945f9d45645bbe3f406a,true
result_6e043d745d468c33e92c0b05,runplan_6b2c9c9db7ce4f73,cell_bec16b648c8f948d7f61,housing_v1__experiment__000005,housing_v1,housing_controlled_model_landlords_experiment,episode_attempt_d6143f6a044e1c785ea7,ae74bb2023fe2da45435853f6a516f2bef8255a02a2e945f9d45645bbe3f406a,included,housing_social_welfare_leaf,1.0.0,social_welfare,1.0.0,capture,landlord_2,landlord_2,75.64,utility_points,"{""disagreement_utility"":0.0}",ok,valid,[],"[""event_00000265""]",evaluation_receipt,episode_attempt_d6143f6a044e1c785ea7,ae74bb2023fe2da45435853f6a516f2bef8255a02a2e945f9d45645bbe3f406a,true
result_124108819dc92bbfebbb9ec0,runplan_6b2c9c9db7ce4f73,cell_bec16b648c8f948d7f61,housing_v1__experiment__000005,housing_v1,housing_controlled_model_landlords_experiment,episode_attempt_d6143f6a044e1c785ea7,ae74bb2023fe2da45435853f6a516f2bef8255a02a2e945f9d45645bbe3f406a,included,housing_social_welfare_leaf,1.0.0,social_welfare,1.0.0,capture,tenant_0,tenant_0,0.0,utility_points,"{""disagreement_utility"":0.0}",ok,valid,[],"[""event_00000265""]",evaluation_receipt,episode_attempt_d6143f6a044e1c785ea7,ae74bb2023fe2da45435853f6a516f2bef8255a02a2e945f9d45645bbe3f406a,true
result_22535ec29d3303138646db1e,runplan_6b2c9c9db7ce4f73,cell_bec16b648c8f948d7f61,housing_v1__experiment__000005,housing_v1,housing_controlled_model_landlords_experiment,episode_attempt_d6143f6a044e1c785ea7,ae74bb2023fe2da45435853f6a516f2bef8255a02a2e945f9d45645bbe3f406a,included,housing_social_welfare_leaf,1.0.0,social_welfare,1.0.0,capture,tenant_1,tenant_1,355.14,utility_points,"{""disagreement_utility"":0.0}",ok,valid,[],"[""event_00000265""]",evaluation_receipt,episode_attempt_d6143f6a044e1c785ea7,ae74bb2023fe2da45435853f6a516f2bef8255a02a2e945f9d45645bbe3f406a,true
result_6d817c3dc27600a154f355d1,runplan_6b2c9c9db7ce4f73,cell_bec16b648c8f948d7f61,housing_v1__experiment__000005,housing_v1,housing_controlled_model_landlords_experiment,episode_attempt_d6143f6a044e1c785ea7,ae74bb2023fe2da45435853f6a516f2bef8255a02a2e945f9d45645bbe3f406a,included,housing_social_welfare_leaf,1.0.0,social_welfare,1.0.0,capture,tenant_2,tenant_2,3114.46,utility_points,"{""disagreement_utility"":0.0}",ok,valid,[],"[""event_00000265""]",evaluation_receipt,episode_attempt_d6143f6a044e1c785ea7,ae74bb2023fe2da45435853f6a516f2bef8255a02a2e945f9d45645bbe3f406a,true
result_8b8053d9de786be27ad2f218,runplan_6b2c9c9db7ce4f73,cell_bec16b648c8f948d7f61,housing_v1__experiment__000005,housing_v1,housing_controlled_model_landlords_experiment,episode_attempt_d6143f6a044e1c785ea7,ae74bb2023fe2da45435853f6a516f2bef8255a02a2e945f9d45645bbe3f406a,included,housing_social_welfare_leaf,1.0.0,social_welfare,1.0.0,capture,tenant_3,tenant_3,0.0,utility_points,"{""disagreement_utility"":0.0}",ok,valid,[],"[""event_00000265""]",evaluation_receipt,episode_attempt_d6143f6a044e1c785ea7,ae74bb2023fe2da45435853f6a516f2bef8255a02a2e945f9d45645bbe3f406a,true
result_700797e9fb637143385a7e0a,runplan_6b2c9c9db7ce4f73,cell_bec16b648c8f948d7f61,housing_v1__experiment__000005,housing_v1,housing_controlled_model_landlords_experiment,episode_attempt_d6143f6a044e1c785ea7,ae74bb2023fe2da45435853f6a516f2bef8255a02a2e945f9d45645bbe3f406a,included,housing_social_welfare_leaf,1.0.0,social_welfare,1.0.0,capture,tenant_4,tenant_4,462.08,utility_points,"{""disagreement_utility"":0.0}",ok,valid,[],"[""event_00000265""]",evaluation_receipt,episode_attempt_d6143f6a044e1c785ea7,ae74bb2023fe2da45435853f6a516f2bef8255a02a2e945f9d45645bbe3f406a,true
result_461a9cca119f27e68082120b,runplan_6b2c9c9db7ce4f73,cell_bec16b648c8f948d7f61,housing_v1__experiment__000005,housing_v1,housing_controlled_model_landlords_experiment,episode_attempt_d6143f6a044e1c785ea7,ae74bb2023fe2da45435853f6a516f2bef8255a02a2e945f9d45645bbe3f406a,included,housing_social_welfare_leaf,1.0.0,social_welfare,1.0.0,capture,tenant_5,tenant_5,0.0,utility_points,"{""disagreement_utility"":0.0}",ok,valid,[],"[""event_00000265""]",evaluation_receipt,episode_attempt_d6143f6a044e1c785ea7,ae74bb2023fe2da45435853f6a516f2bef8255a02a2e945f9d45645bbe3f406a,true
result_7f3908aa2d76c0d61b9917e8,runplan_6b2c9c9db7ce4f73,cell_c5fc698b8f1d86a6c24a,housing_v1__experiment__000001,housing_v1,housing_controlled_model_landlords_experiment,episode_attempt_2a190d51299686d34654,6c34491f03f3da13ede8e24028129de22df4dfcf24c67d973599d3834d687222,included,housing_social_welfare_leaf,1.0.0,social_welfare,1.0.0,primary,social_welfare,,1051.92,utility_points,{},ok,valid,[],"[""event_00000259""]",evaluation_receipt,episode_attempt_2a190d51299686d34654,6c34491f03f3da13ede8e24028129de22df4dfcf24c67d973599d3834d687222,true
result_d2a0ee5947ad0459d568bb80,runplan_6b2c9c9db7ce4f73,cell_c5fc698b8f1d86a6c24a,housing_v1__experiment__000001,housing_v1,housing_controlled_model_landlords_experiment,episode_attempt_2a190d51299686d34654,6c34491f03f3da13ede8e24028129de22df4dfcf24c67d973599d3834d687222,included,housing_social_welfare_leaf,1.0.0,social_welfare,1.0.0,metric,comparison_baseline_gap,,22.180000000000064,utility_points,{},ok,valid,[],"[""event_00000259""]",evaluation_receipt,episode_attempt_2a190d51299686d34654,6c34491f03f3da13ede8e24028129de22df4dfcf24c67d973599d3834d687222,true
result_d921805211fb062972e91173,runplan_6b2c9c9db7ce4f73,cell_c5fc698b8f1d86a6c24a,housing_v1__experiment__000001,housing_v1,housing_controlled_model_landlords_experiment,episode_attempt_2a190d51299686d34654,6c34491f03f3da13ede8e24028129de22df4dfcf24c67d973599d3834d687222,included,housing_social_welfare_leaf,1.0.0,social_welfare,1.0.0,metric,ir_violation_count,,0.0,count,{},ok,valid,[],"[""event_00000259""]",evaluation_receipt,episode_attempt_2a190d51299686d34654,6c34491f03f3da13ede8e24028129de22df4dfcf24c67d973599d3834d687222,true
result_642f552bee73d103d56b82f9,runplan_6b2c9c9db7ce4f73,cell_c5fc698b8f1d86a6c24a,housing_v1__experiment__000001,housing_v1,housing_controlled_model_landlords_experiment,episode_attempt_2a190d51299686d34654,6c34491f03f3da13ede8e24028129de22df4dfcf24c67d973599d3834d687222,included,housing_social_welfare_leaf,1.0.0,social_welfare,1.0.0,metric,social_welfare,,1051.92,utility_points,{},ok,valid,[],"[""event_00000259""]",evaluation_receipt,episode_attempt_2a190d51299686d34654,6c34491f03f3da13ede8e24028129de22df4dfcf24c67d973599d3834d687222,true
result_fff10142117e973e99a24f46,runplan_6b2c9c9db7ce4f73,cell_c5fc698b8f1d86a6c24a,housing_v1__experiment__000001,housing_v1,housing_controlled_model_landlords_experiment,episode_attempt_2a190d51299686d34654,6c34491f03f3da13ede8e24028129de22df4dfcf24c67d973599d3834d687222,included,housing_social_welfare_leaf,1.0.0,social_welfare,1.0.0,metric,upper_bound_gap,,123.84999999999991,utility_points,{},ok,valid,[],"[""event_00000259""]",evaluation_receipt,episode_attempt_2a190d51299686d34654,6c34491f03f3da13ede8e24028129de22df4dfcf24c67d973599d3834d687222,true
result_63771cdbb139ed6e83c64d31,runplan_6b2c9c9db7ce4f73,cell_c5fc698b8f1d86a6c24a,housing_v1__experiment__000001,housing_v1,housing_controlled_model_landlords_experiment,episode_attempt_2a190d51299686d34654,6c34491f03f3da13ede8e24028129de22df4dfcf24c67d973599d3834d687222,included,housing_social_welfare_leaf,1.0.0,social_welfare,1.0.0,metric,wasted_contacts,,6.0,count,{},ok,valid,[],"[""event_00000259""]",evaluation_receipt,episode_attempt_2a190d51299686d34654,6c34491f03f3da13ede8e24028129de22df4dfcf24c67d973599d3834d687222,true
result_5389731882242bc9a0d04d40,runplan_6b2c9c9db7ce4f73,cell_c5fc698b8f1d86a6c24a,housing_v1__experiment__000001,housing_v1,housing_controlled_model_landlords_experiment,episode_attempt_2a190d51299686d34654,6c34491f03f3da13ede8e24028129de22df4dfcf24c67d973599d3834d687222,included,housing_social_welfare_leaf,1.0.0,social_welfare,1.0.0,metric,within_case_score,,0.8946647728722456,ratio,{},ok,valid,[],"[""event_00000259""]",evaluation_receipt,episode_attempt_2a190d51299686d34654,6c34491f03f3da13ede8e24028129de22df4dfcf24c67d973599d3834d687222,true
result_af079a9ece07d2b1f4e26d2d,runplan_6b2c9c9db7ce4f73,cell_c5fc698b8f1d86a6c24a,housing_v1__experiment__000001,housing_v1,housing_controlled_model_landlords_experiment,episode_attempt_2a190d51299686d34654,6c34491f03f3da13ede8e24028129de22df4dfcf24c67d973599d3834d687222,included,housing_social_welfare_leaf,1.0.0,social_welfare,1.0.0,reference,comparison_baseline,,1029.74,utility_points,"{""policy"":""naive"",""reference_kind"":""comparison_baseline""}",ok,valid,[],"[""event_00000259""]",evaluation_receipt,episode_attempt_2a190d51299686d34654,6c34491f03f3da13ede8e24028129de22df4dfcf24c67d973599d3834d687222,true
result_f8438d24c03eda6194457f4b,runplan_6b2c9c9db7ce4f73,cell_c5fc698b8f1d86a6c24a,housing_v1__experiment__000001,housing_v1,housing_controlled_model_landlords_experiment,episode_attempt_2a190d51299686d34654,6c34491f03f3da13ede8e24028129de22df4dfcf24c67d973599d3834d687222,included,housing_social_welfare_leaf,1.0.0,social_welfare,1.0.0,reference,optimum_lower_bound,,0.0,utility_points,"{""policy"":""do_nothing"",""reference_kind"":""objective_lower_bound""}",ok,valid,[],"[""event_00000259""]",evaluation_receipt,episode_attempt_2a190d51299686d34654,6c34491f03f3da13ede8e24028129de22df4dfcf24c67d973599d3834d687222,true
result_f0337d0040e5eef8b42383e0,runplan_6b2c9c9db7ce4f73,cell_c5fc698b8f1d86a6c24a,housing_v1__experiment__000001,housing_v1,housing_controlled_model_landlords_experiment,episode_attempt_2a190d51299686d34654,6c34491f03f3da13ede8e24028129de22df4dfcf24c67d973599d3834d687222,included,housing_social_welfare_leaf,1.0.0,social_welfare,1.0.0,reference,optimum_upper_bound,,1175.77,utility_points,"{""reference_kind"":""objective_upper_bound"",""semantics"":""full_information_allocation_relaxation""}",ok,valid,[],"[""event_00000259""]",evaluation_receipt,episode_attempt_2a190d51299686d34654,6c34491f03f3da13ede8e24028129de22df4dfcf24c67d973599d3834d687222,true
result_b6e153167c3b4a17c68d042d,runplan_6b2c9c9db7ce4f73,cell_c5fc698b8f1d86a6c24a,housing_v1__experiment__000001,housing_v1,housing_controlled_model_landlords_experiment,episode_attempt_2a190d51299686d34654,6c34491f03f3da13ede8e24028129de22df4dfcf24c67d973599d3834d687222,included,housing_social_welfare_leaf,1.0.0,social_welfare,1.0.0,utility,landlord_0,landlord_0,73.6,utility_points,"{""disagreement_utility"":0.0}",ok,valid,[],"[""event_00000259""]",evaluation_receipt,episode_attempt_2a190d51299686d34654,6c34491f03f3da13ede8e24028129de22df4dfcf24c67d973599d3834d687222,true
result_baacac28c16ef175ed678fbc,runplan_6b2c9c9db7ce4f73,cell_c5fc698b8f1d86a6c24a,housing_v1__experiment__000001,housing_v1,housing_controlled_model_landlords_experiment,episode_attempt_2a190d51299686d34654,6c34491f03f3da13ede8e24028129de22df4dfcf24c67d973599d3834d687222,included,housing_social_welfare_leaf,1.0.0,social_welfare,1.0.0,utility,landlord_1,landlord_1,58.62,utility_points,"{""disagreement_utility"":0.0}",ok,valid,[],"[""event_00000259""]",evaluation_receipt,episode_attempt_2a190d51299686d34654,6c34491f03f3da13ede8e24028129de22df4dfcf24c67d973599d3834d687222,true
result_3a5f7bf8498348e40ed6dcea,runplan_6b2c9c9db7ce4f73,cell_c5fc698b8f1d86a6c24a,housing_v1__experiment__000001,housing_v1,housing_controlled_model_landlords_experiment,episode_attempt_2a190d51299686d34654,6c34491f03f3da13ede8e24028129de22df4dfcf24c67d973599d3834d687222,included,housing_social_welfare_leaf,1.0.0,social_welfare,1.0.0,utility,landlord_2,landlord_2,78.36,utility_points,"{""disagreement_utility"":0.0}",ok,valid,[],"[""event_00000259""]",evaluation_receipt,episode_attempt_2a190d51299686d34654,6c34491f03f3da13ede8e24028129de22df4dfcf24c67d973599d3834d687222,true
result_0e9cd7d5e3253a796aba6f87,runplan_6b2c9c9db7ce4f73,cell_c5fc698b8f1d86a6c24a,housing_v1__experiment__000001,housing_v1,housing_controlled_model_landlords_experiment,episode_attempt_2a190d51299686d34654,6c34491f03f3da13ede8e24028129de22df4dfcf24c67d973599d3834d687222,included,housing_social_welfare_leaf,1.0.0,social_welfare,1.0.0,utility,tenant_0,tenant_0,0.0,utility_points,"{""disagreement_utility"":0.0}",ok,valid,[],"[""event_00000259""]",evaluation_receipt,episode_attempt_2a190d51299686d34654,6c34491f03f3da13ede8e24028129de22df4dfcf24c67d973599d3834d687222,true
result_718f94d58adc423bc50ae5f7,runplan_6b2c9c9db7ce4f73,cell_c5fc698b8f1d86a6c24a,housing_v1__experiment__000001,housing_v1,housing_controlled_model_landlords_experiment,episode_attempt_2a190d51299686d34654,6c34491f03f3da13ede8e24028129de22df4dfcf24c67d973599d3834d687222,included,housing_social_welfare_leaf,1.0.0,social_welfare,1.0.0,utility,tenant_1,tenant_1,276.02,utility_points,"{""disagreement_utility"":0.0}",ok,valid,[],"[""event_00000259""]",evaluation_receipt,episode_attempt_2a190d51299686d34654,6c34491f03f3da13ede8e24028129de22df4dfcf24c67d973599d3834d687222,true
result_9b7d6471eebbb51f8dac82e1,runplan_6b2c9c9db7ce4f73,cell_c5fc698b8f1d86a6c24a,housing_v1__experiment__000001,housing_v1,housing_controlled_model_landlords_experiment,episode_attempt_2a190d51299686d34654,6c34491f03f3da13ede8e24028129de22df4dfcf24c67d973599d3834d687222,included,housing_social_welfare_leaf,1.0.0,social_welfare,1.0.0,utility,tenant_2,tenant_2,155.4,utility_points,"{""disagreement_utility"":0.0}",ok,valid,[],"[""event_00000259""]",evaluation_receipt,episode_attempt_2a190d51299686d34654,6c34491f03f3da13ede8e24028129de22df4dfcf24c67d973599d3834d687222,true
result_d4bcd45b5c7d4522776c9af5,runplan_6b2c9c9db7ce4f73,cell_c5fc698b8f1d86a6c24a,housing_v1__experiment__000001,housing_v1,housing_controlled_model_landlords_experiment,episode_attempt_2a190d51299686d34654,6c34491f03f3da13ede8e24028129de22df4dfcf24c67d973599d3834d687222,included,housing_social_welfare_leaf,1.0.0,social_welfare,1.0.0,utility,tenant_3,tenant_3,0.0,utility_points,"{""disagreement_utility"":0.0}",ok,valid,[],"[""event_00000259""]",evaluation_receipt,episode_attempt_2a190d51299686d34654,6c34491f03f3da13ede8e24028129de22df4dfcf24c67d973599d3834d687222,true
result_701f4496440e4aac1e9acf47,runplan_6b2c9c9db7ce4f73,cell_c5fc698b8f1d86a6c24a,housing_v1__experiment__000001,housing_v1,housing_controlled_model_landlords_experiment,episode_attempt_2a190d51299686d34654,6c34491f03f3da13ede8e24028129de22df4dfcf24c67d973599d3834d687222,included,housing_social_welfare_leaf,1.0.0,social_welfare,1.0.0,utility,tenant_4,tenant_4,409.92,utility_points,"{""disagreement_utility"":0.0}",ok,valid,[],"[""event_00000259""]",evaluation_receipt,episode_attempt_2a190d51299686d34654,6c34491f03f3da13ede8e24028129de22df4dfcf24c67d973599d3834d687222,true
result_55c04def215dd557dc5ecb5d,runplan_6b2c9c9db7ce4f73,cell_c5fc698b8f1d86a6c24a,housing_v1__experiment__000001,housing_v1,housing_controlled_model_landlords_experiment,episode_attempt_2a190d51299686d34654,6c34491f03f3da13ede8e24028129de22df4dfcf24c67d973599d3834d687222,included,housing_social_welfare_leaf,1.0.0,social_welfare,1.0.0,utility,tenant_5,tenant_5,0.0,utility_points,"{""disagreement_utility"":0.0}",ok,valid,[],"[""event_00000259""]",evaluation_receipt,episode_attempt_2a190d51299686d34654,6c34491f03f3da13ede8e24028129de22df4dfcf24c67d973599d3834d687222,true
result_2027096f6ad50d4c57b6c05a,runplan_6b2c9c9db7ce4f73,cell_c5fc698b8f1d86a6c24a,housing_v1__experiment__000001,housing_v1,housing_controlled_model_landlords_experiment,episode_attempt_2a190d51299686d34654,6c34491f03f3da13ede8e24028129de22df4dfcf24c67d973599d3834d687222,included,housing_social_welfare_leaf,1.0.0,social_welfare,1.0.0,capture,landlord_0,landlord_0,73.6,utility_points,"{""disagreement_utility"":0.0}",ok,valid,[],"[""event_00000259""]",evaluation_receipt,episode_attempt_2a190d51299686d34654,6c34491f03f3da13ede8e24028129de22df4dfcf24c67d973599d3834d687222,true
result_763c07fb7cda231e8b1d864e,runplan_6b2c9c9db7ce4f73,cell_c5fc698b8f1d86a6c24a,housing_v1__experiment__000001,housing_v1,housing_controlled_model_landlords_experiment,episode_attempt_2a190d51299686d34654,6c34491f03f3da13ede8e24028129de22df4dfcf24c67d973599d3834d687222,included,housing_social_welfare_leaf,1.0.0,social_welfare,1.0.0,capture,landlord_1,landlord_1,58.62,utility_points,"{""disagreement_utility"":0.0}",ok,valid,[],"[""event_00000259""]",evaluation_receipt,episode_attempt_2a190d51299686d34654,6c34491f03f3da13ede8e24028129de22df4dfcf24c67d973599d3834d687222,true
result_a59746429c066ef73203008e,runplan_6b2c9c9db7ce4f73,cell_c5fc698b8f1d86a6c24a,housing_v1__experiment__000001,housing_v1,housing_controlled_model_landlords_experiment,episode_attempt_2a190d51299686d34654,6c34491f03f3da13ede8e24028129de22df4dfcf24c67d973599d3834d687222,included,housing_social_welfare_leaf,1.0.0,social_welfare,1.0.0,capture,landlord_2,landlord_2,78.36,utility_points,"{""disagreement_utility"":0.0}",ok,valid,[],"[""event_00000259""]",evaluation_receipt,episode_attempt_2a190d51299686d34654,6c34491f03f3da13ede8e24028129de22df4dfcf24c67d973599d3834d687222,true
result_8a2fe18c27989d35a22c58e8,runplan_6b2c9c9db7ce4f73,cell_c5fc698b8f1d86a6c24a,housing_v1__experiment__000001,housing_v1,housing_controlled_model_landlords_experiment,episode_attempt_2a190d51299686d34654,6c34491f03f3da13ede8e24028129de22df4dfcf24c67d973599d3834d687222,included,housing_social_welfare_leaf,1.0.0,social_welfare,1.0.0,capture,tenant_0,tenant_0,0.0,utility_points,"{""disagreement_utility"":0.0}",ok,valid,[],"[""event_00000259""]",evaluation_receipt,episode_attempt_2a190d51299686d34654,6c34491f03f3da13ede8e24028129de22df4dfcf24c67d973599d3834d687222,true
result_b1c5105ce3f992e515e0bf2c,runplan_6b2c9c9db7ce4f73,cell_c5fc698b8f1d86a6c24a,housing_v1__experiment__000001,housing_v1,housing_controlled_model_landlords_experiment,episode_attempt_2a190d51299686d34654,6c34491f03f3da13ede8e24028129de22df4dfcf24c67d973599d3834d687222,included,housing_social_welfare_leaf,1.0.0,social_welfare,1.0.0,capture,tenant_1,tenant_1,276.02,utility_points,"{""disagreement_utility"":0.0}",ok,valid,[],"[""event_00000259""]",evaluation_receipt,episode_attempt_2a190d51299686d34654,6c34491f03f3da13ede8e24028129de22df4dfcf24c67d973599d3834d687222,true
result_043ead0ba207050c5075121c,runplan_6b2c9c9db7ce4f73,cell_c5fc698b8f1d86a6c24a,housing_v1__experiment__000001,housing_v1,housing_controlled_model_landlords_experiment,episode_attempt_2a190d51299686d34654,6c34491f03f3da13ede8e24028129de22df4dfcf24c67d973599d3834d687222,included,housing_social_welfare_leaf,1.0.0,social_welfare,1.0.0,capture,tenant_2,tenant_2,155.4,utility_points,"{""disagreement_utility"":0.0}",ok,valid,[],"[""event_00000259""]",evaluation_receipt,episode_attempt_2a190d51299686d34654,6c34491f03f3da13ede8e24028129de22df4dfcf24c67d973599d3834d687222,true
result_ce7efb497223fcab92525393,runplan_6b2c9c9db7ce4f73,cell_c5fc698b8f1d86a6c24a,housing_v1__experiment__000001,housing_v1,housing_controlled_model_landlords_experiment,episode_attempt_2a190d51299686d34654,6c34491f03f3da13ede8e24028129de22df4dfcf24c67d973599d3834d687222,included,housing_social_welfare_leaf,1.0.0,social_welfare,1.0.0,capture,tenant_3,tenant_3,0.0,utility_points,"{""disagreement_utility"":0.0}",ok,valid,[],"[""event_00000259""]",evaluation_receipt,episode_attempt_2a190d51299686d34654,6c34491f03f3da13ede8e24028129de22df4dfcf24c67d973599d3834d687222,true
result_1fd4c53e95a74523cd35515d,runplan_6b2c9c9db7ce4f73,cell_c5fc698b8f1d86a6c24a,housing_v1__experiment__000001,housing_v1,housing_controlled_model_landlords_experiment,episode_attempt_2a190d51299686d34654,6c34491f03f3da13ede8e24028129de22df4dfcf24c67d973599d3834d687222,included,housing_social_welfare_leaf,1.0.0,social_welfare,1.0.0,capture,tenant_4,tenant_4,409.92,utility_points,"{""disagreement_utility"":0.0}",ok,valid,[],"[""event_00000259""]",evaluation_receipt,episode_attempt_2a190d51299686d34654,6c34491f03f3da13ede8e24028129de22df4dfcf24c67d973599d3834d687222,true
result_9d31fbdaa3c5755854d93477,runplan_6b2c9c9db7ce4f73,cell_c5fc698b8f1d86a6c24a,housing_v1__experiment__000001,housing_v1,housing_controlled_model_landlords_experiment,episode_attempt_2a190d51299686d34654,6c34491f03f3da13ede8e24028129de22df4dfcf24c67d973599d3834d687222,included,housing_social_welfare_leaf,1.0.0,social_welfare,1.0.0,capture,tenant_5,tenant_5,0.0,utility_points,"{""disagreement_utility"":0.0}",ok,valid,[],"[""event_00000259""]",evaluation_receipt,episode_attempt_2a190d51299686d34654,6c34491f03f3da13ede8e24028129de22df4dfcf24c67d973599d3834d687222,true
result_44f872d4b3be3b3a588e46a7,runplan_6b2c9c9db7ce4f73,cell_d56c897f411ec5d058ff,housing_v1__experiment__000002,housing_v1,housing_controlled_model_landlords_experiment,episode_attempt_1817ce17a76353e47479,7cf92a13312e3d65fa9fe670f3f6968a27f114e6fe2baa512c2fa6e4f23218c6,included,housing_social_welfare_leaf,1.0.0,social_welfare,1.0.0,primary,social_welfare,,837.5,utility_points,{},ok,valid,[],"[""event_00000130""]",evaluation_receipt,episode_attempt_1817ce17a76353e47479,7cf92a13312e3d65fa9fe670f3f6968a27f114e6fe2baa512c2fa6e4f23218c6,true
result_8559d77fc01d1b4b219a7858,runplan_6b2c9c9db7ce4f73,cell_d56c897f411ec5d058ff,housing_v1__experiment__000002,housing_v1,housing_controlled_model_landlords_experiment,episode_attempt_1817ce17a76353e47479,7cf92a13312e3d65fa9fe670f3f6968a27f114e6fe2baa512c2fa6e4f23218c6,included,housing_social_welfare_leaf,1.0.0,social_welfare,1.0.0,metric,comparison_baseline_gap,,-557.9100000000001,utility_points,{},ok,valid,[],"[""event_00000130""]",evaluation_receipt,episode_attempt_1817ce17a76353e47479,7cf92a13312e3d65fa9fe670f3f6968a27f114e6fe2baa512c2fa6e4f23218c6,true
result_4446c6045d71493e578f1a15,runplan_6b2c9c9db7ce4f73,cell_d56c897f411ec5d058ff,housing_v1__experiment__000002,housing_v1,housing_controlled_model_landlords_experiment,episode_attempt_1817ce17a76353e47479,7cf92a13312e3d65fa9fe670f3f6968a27f114e6fe2baa512c2fa6e4f23218c6,included,housing_social_welfare_leaf,1.0.0,social_welfare,1.0.0,metric,ir_violation_count,,1.0,count,{},ok,valid,[],"[""event_00000130""]",evaluation_receipt,episode_attempt_1817ce17a76353e47479,7cf92a13312e3d65fa9fe670f3f6968a27f114e6fe2baa512c2fa6e4f23218c6,true
result_cda50ce67efb12b4aaab1e58,runplan_6b2c9c9db7ce4f73,cell_d56c897f411ec5d058ff,housing_v1__experiment__000002,housing_v1,housing_controlled_model_landlords_experiment,episode_attempt_1817ce17a76353e47479,7cf92a13312e3d65fa9fe670f3f6968a27f114e6fe2baa512c2fa6e4f23218c6,included,housing_social_welfare_leaf,1.0.0,social_welfare,1.0.0,metric,social_welfare,,837.5,utility_points,{},ok,valid,[],"[""event_00000130""]",evaluation_receipt,episode_attempt_1817ce17a76353e47479,7cf92a13312e3d65fa9fe670f3f6968a27f114e6fe2baa512c2fa6e4f23218c6,true
result_1879a7f4b0004e4b6aef6c6b,runplan_6b2c9c9db7ce4f73,cell_d56c897f411ec5d058ff,housing_v1__experiment__000002,housing_v1,housing_controlled_model_landlords_experiment,episode_attempt_1817ce17a76353e47479,7cf92a13312e3d65fa9fe670f3f6968a27f114e6fe2baa512c2fa6e4f23218c6,included,housing_social_welfare_leaf,1.0.0,social_welfare,1.0.0,metric,upper_bound_gap,,931.81,utility_points,{},ok,valid,[],"[""event_00000130""]",evaluation_receipt,episode_attempt_1817ce17a76353e47479,7cf92a13312e3d65fa9fe670f3f6968a27f114e6fe2baa512c2fa6e4f23218c6,true
result_c473a9f7fa56531b336e47d9,runplan_6b2c9c9db7ce4f73,cell_d56c897f411ec5d058ff,housing_v1__experiment__000002,housing_v1,housing_controlled_model_landlords_experiment,episode_attempt_1817ce17a76353e47479,7cf92a13312e3d65fa9fe670f3f6968a27f114e6fe2baa512c2fa6e4f23218c6,included,housing_social_welfare_leaf,1.0.0,social_welfare,1.0.0,metric,wasted_contacts,,3.0,count,{},ok,valid,[],"[""event_00000130""]",evaluation_receipt,episode_attempt_1817ce17a76353e47479,7cf92a13312e3d65fa9fe670f3f6968a27f114e6fe2baa512c2fa6e4f23218c6,true
result_50982745d8ea961b719ce510,runplan_6b2c9c9db7ce4f73,cell_d56c897f411ec5d058ff,housing_v1__experiment__000002,housing_v1,housing_controlled_model_landlords_experiment,episode_attempt_1817ce17a76353e47479,7cf92a13312e3d65fa9fe670f3f6968a27f114e6fe2baa512c2fa6e4f23218c6,included,housing_social_welfare_leaf,1.0.0,social_welfare,1.0.0,metric,within_case_score,,0.4733483674426754,ratio,{},ok,valid,[],"[""event_00000130""]",evaluation_receipt,episode_attempt_1817ce17a76353e47479,7cf92a13312e3d65fa9fe670f3f6968a27f114e6fe2baa512c2fa6e4f23218c6,true
result_add337f329dd67a906412ad8,runplan_6b2c9c9db7ce4f73,cell_d56c897f411ec5d058ff,housing_v1__experiment__000002,housing_v1,housing_controlled_model_landlords_experiment,episode_attempt_1817ce17a76353e47479,7cf92a13312e3d65fa9fe670f3f6968a27f114e6fe2baa512c2fa6e4f23218c6,included,housing_social_welfare_leaf,1.0.0,social_welfare,1.0.0,reference,comparison_baseline,,1395.41,utility_points,"{""policy"":""naive"",""reference_kind"":""comparison_baseline""}",ok,valid,[],"[""event_00000130""]",evaluation_receipt,episode_attempt_1817ce17a76353e47479,7cf92a13312e3d65fa9fe670f3f6968a27f114e6fe2baa512c2fa6e4f23218c6,true
result_6ad19fb468f5b82407e1bcd4,runplan_6b2c9c9db7ce4f73,cell_d56c897f411ec5d058ff,housing_v1__experiment__000002,housing_v1,housing_controlled_model_landlords_experiment,episode_attempt_1817ce17a76353e47479,7cf92a13312e3d65fa9fe670f3f6968a27f114e6fe2baa512c2fa6e4f23218c6,included,housing_social_welfare_leaf,1.0.0,social_welfare,1.0.0,reference,optimum_lower_bound,,0.0,utility_points,"{""policy"":""do_nothing"",""reference_kind"":""objective_lower_bound""}",ok,valid,[],"[""event_00000130""]",evaluation_receipt,episode_attempt_1817ce17a76353e47479,7cf92a13312e3d65fa9fe670f3f6968a27f114e6fe2baa512c2fa6e4f23218c6,true
result_68e23208b612a550335dfeda,runplan_6b2c9c9db7ce4f73,cell_d56c897f411ec5d058ff,housing_v1__experiment__000002,housing_v1,housing_controlled_model_landlords_experiment,episode_attempt_1817ce17a76353e47479,7cf92a13312e3d65fa9fe670f3f6968a27f114e6fe2baa512c2fa6e4f23218c6,included,housing_social_welfare_leaf,1.0.0,social_welfare,1.0.0,reference,optimum_upper_bound,,1769.31,utility_points,"{""reference_kind"":""objective_upper_bound"",""semantics"":""full_information_allocation_relaxation""}",ok,valid,[],"[""event_00000130""]",evaluation_receipt,episode_attempt_1817ce17a76353e47479,7cf92a13312e3d65fa9fe670f3f6968a27f114e6fe2baa512c2fa6e4f23218c6,true
result_dc10f03739a8091207b4651c,runplan_6b2c9c9db7ce4f73,cell_d56c897f411ec5d058ff,housing_v1__experiment__000002,housing_v1,housing_controlled_model_landlords_experiment,episode_attempt_1817ce17a76353e47479,7cf92a13312e3d65fa9fe670f3f6968a27f114e6fe2baa512c2fa6e4f23218c6,included,housing_social_welfare_leaf,1.0.0,social_welfare,1.0.0,utility,landlord_0,landlord_0,-2673.8,utility_points,"{""disagreement_utility"":0.0}",ok,valid,[],"[""event_00000130""]",evaluation_receipt,episode_attempt_1817ce17a76353e47479,7cf92a13312e3d65fa9fe670f3f6968a27f114e6fe2baa512c2fa6e4f23218c6,true
result_f850c213009d75eaacf447dc,runplan_6b2c9c9db7ce4f73,cell_d56c897f411ec5d058ff,housing_v1__experiment__000002,housing_v1,housing_controlled_model_landlords_experiment,episode_attempt_1817ce17a76353e47479,7cf92a13312e3d65fa9fe670f3f6968a27f114e6fe2baa512c2fa6e4f23218c6,included,housing_social_welfare_leaf,1.0.0,social_welfare,1.0.0,utility,landlord_1,landlord_1,37.87,utility_points,"{""disagreement_utility"":0.0}",ok,valid,[],"[""event_00000130""]",evaluation_receipt,episode_attempt_1817ce17a76353e47479,7cf92a13312e3d65fa9fe670f3f6968a27f114e6fe2baa512c2fa6e4f23218c6,true
result_4ad1fbbe914d684ba06e309c,runplan_6b2c9c9db7ce4f73,cell_d56c897f411ec5d058ff,housing_v1__experiment__000002,housing_v1,housing_controlled_model_landlords_experiment,episode_attempt_1817ce17a76353e47479,7cf92a13312e3d65fa9fe670f3f6968a27f114e6fe2baa512c2fa6e4f23218c6,included,housing_social_welfare_leaf,1.0.0,social_welfare,1.0.0,utility,landlord_2,landlord_2,55.43,utility_points,"{""disagreement_utility"":0.0}",ok,valid,[],"[""event_00000130""]",evaluation_receipt,episode_attempt_1817ce17a76353e47479,7cf92a13312e3d65fa9fe670f3f6968a27f114e6fe2baa512c2fa6e4f23218c6,true
result_728168926e219d283a95fcfa,runplan_6b2c9c9db7ce4f73,cell_d56c897f411ec5d058ff,housing_v1__experiment__000002,housing_v1,housing_controlled_model_landlords_experiment,episode_attempt_1817ce17a76353e47479,7cf92a13312e3d65fa9fe670f3f6968a27f114e6fe2baa512c2fa6e4f23218c6,included,housing_social_welfare_leaf,1.0.0,social_welfare,1.0.0,utility,tenant_0,tenant_0,2947.88,utility_points,"{""disagreement_utility"":0.0}",ok,valid,[],"[""event_00000130""]",evaluation_receipt,episode_attempt_1817ce17a76353e47479,7cf92a13312e3d65fa9fe670f3f6968a27f114e6fe2baa512c2fa6e4f23218c6,true
result_543e5b1a9377f30a4098eb13,runplan_6b2c9c9db7ce4f73,cell_d56c897f411ec5d058ff,housing_v1__experiment__000002,housing_v1,housing_controlled_model_landlords_experiment,episode_attempt_1817ce17a76353e47479,7cf92a13312e3d65fa9fe670f3f6968a27f114e6fe2baa512c2fa6e4f23218c6,included,housing_social_welfare_leaf,1.0.0,social_welfare,1.0.0,utility,tenant_1,tenant_1,401.66,utility_points,"{""disagreement_utility"":0.0}",ok,valid,[],"[""event_00000130""]",evaluation_receipt,episode_attempt_1817ce17a76353e47479,7cf92a13312e3d65fa9fe670f3f6968a27f114e6fe2baa512c2fa6e4f23218c6,true
result_af2c25d46f7cbd1eae4ed50b,runplan_6b2c9c9db7ce4f73,cell_d56c897f411ec5d058ff,housing_v1__experiment__000002,housing_v1,housing_controlled_model_landlords_experiment,episode_attempt_1817ce17a76353e47479,7cf92a13312e3d65fa9fe670f3f6968a27f114e6fe2baa512c2fa6e4f23218c6,included,housing_social_welfare_leaf,1.0.0,social_welfare,1.0.0,utility,tenant_2,tenant_2,68.46,utility_points,"{""disagreement_utility"":0.0}",ok,valid,[],"[""event_00000130""]",evaluation_receipt,episode_attempt_1817ce17a76353e47479,7cf92a13312e3d65fa9fe670f3f6968a27f114e6fe2baa512c2fa6e4f23218c6,true
result_cdfc693ba09f4cad26275ce6,runplan_6b2c9c9db7ce4f73,cell_d56c897f411ec5d058ff,housing_v1__experiment__000002,housing_v1,housing_controlled_model_landlords_experiment,episode_attempt_1817ce17a76353e47479,7cf92a13312e3d65fa9fe670f3f6968a27f114e6fe2baa512c2fa6e4f23218c6,included,housing_social_welfare_leaf,1.0.0,social_welfare,1.0.0,utility,tenant_3,tenant_3,0.0,utility_points,"{""disagreement_utility"":0.0}",ok,valid,[],"[""event_00000130""]",evaluation_receipt,episode_attempt_1817ce17a76353e47479,7cf92a13312e3d65fa9fe670f3f6968a27f114e6fe2baa512c2fa6e4f23218c6,true
result_cab618395b5627c286850357,runplan_6b2c9c9db7ce4f73,cell_d56c897f411ec5d058ff,housing_v1__experiment__000002,housing_v1,housing_controlled_model_landlords_experiment,episode_attempt_1817ce17a76353e47479,7cf92a13312e3d65fa9fe670f3f6968a27f114e6fe2baa512c2fa6e4f23218c6,included,housing_social_welfare_leaf,1.0.0,social_welfare,1.0.0,utility,tenant_4,tenant_4,0.0,utility_points,"{""disagreement_utility"":0.0}",ok,valid,[],"[""event_00000130""]",evaluation_receipt,episode_attempt_1817ce17a76353e47479,7cf92a13312e3d65fa9fe670f3f6968a27f114e6fe2baa512c2fa6e4f23218c6,true
result_a59df5a22c633bb2575df1e7,runplan_6b2c9c9db7ce4f73,cell_d56c897f411ec5d058ff,housing_v1__experiment__000002,housing_v1,housing_controlled_model_landlords_experiment,episode_attempt_1817ce17a76353e47479,7cf92a13312e3d65fa9fe670f3f6968a27f114e6fe2baa512c2fa6e4f23218c6,included,housing_social_welfare_leaf,1.0.0,social_welfare,1.0.0,utility,tenant_5,tenant_5,0.0,utility_points,"{""disagreement_utility"":0.0}",ok,valid,[],"[""event_00000130""]",evaluation_receipt,episode_attempt_1817ce17a76353e47479,7cf92a13312e3d65fa9fe670f3f6968a27f114e6fe2baa512c2fa6e4f23218c6,true
result_29c48c0b3c5d8f3e56c4db6f,runplan_6b2c9c9db7ce4f73,cell_d56c897f411ec5d058ff,housing_v1__experiment__000002,housing_v1,housing_controlled_model_landlords_experiment,episode_attempt_1817ce17a76353e47479,7cf92a13312e3d65fa9fe670f3f6968a27f114e6fe2baa512c2fa6e4f23218c6,included,housing_social_welfare_leaf,1.0.0,social_welfare,1.0.0,capture,landlord_0,landlord_0,-2673.8,utility_points,"{""disagreement_utility"":0.0}",ok,valid,[],"[""event_00000130""]",evaluation_receipt,episode_attempt_1817ce17a76353e47479,7cf92a13312e3d65fa9fe670f3f6968a27f114e6fe2baa512c2fa6e4f23218c6,true
result_3097074c8f940bffb7ecf66e,runplan_6b2c9c9db7ce4f73,cell_d56c897f411ec5d058ff,housing_v1__experiment__000002,housing_v1,housing_controlled_model_landlords_experiment,episode_attempt_1817ce17a76353e47479,7cf92a13312e3d65fa9fe670f3f6968a27f114e6fe2baa512c2fa6e4f23218c6,included,housing_social_welfare_leaf,1.0.0,social_welfare,1.0.0,capture,landlord_1,landlord_1,37.87,utility_points,"{""disagreement_utility"":0.0}",ok,valid,[],"[""event_00000130""]",evaluation_receipt,episode_attempt_1817ce17a76353e47479,7cf92a13312e3d65fa9fe670f3f6968a27f114e6fe2baa512c2fa6e4f23218c6,true
result_a711892d3af9d35d75b202cd,runplan_6b2c9c9db7ce4f73,cell_d56c897f411ec5d058ff,housing_v1__experiment__000002,housing_v1,housing_controlled_model_landlords_experiment,episode_attempt_1817ce17a76353e47479,7cf92a13312e3d65fa9fe670f3f6968a27f114e6fe2baa512c2fa6e4f23218c6,included,housing_social_welfare_leaf,1.0.0,social_welfare,1.0.0,capture,landlord_2,landlord_2,55.43,utility_points,"{""disagreement_utility"":0.0}",ok,valid,[],"[""event_00000130""]",evaluation_receipt,episode_attempt_1817ce17a76353e47479,7cf92a13312e3d65fa9fe670f3f6968a27f114e6fe2baa512c2fa6e4f23218c6,true
result_9a81a4706fd482c262ad1e58,runplan_6b2c9c9db7ce4f73,cell_d56c897f411ec5d058ff,housing_v1__experiment__000002,housing_v1,housing_controlled_model_landlords_experiment,episode_attempt_1817ce17a76353e47479,7cf92a13312e3d65fa9fe670f3f6968a27f114e6fe2baa512c2fa6e4f23218c6,included,housing_social_welfare_leaf,1.0.0,social_welfare,1.0.0,capture,tenant_0,tenant_0,2947.88,utility_points,"{""disagreement_utility"":0.0}",ok,valid,[],"[""event_00000130""]",evaluation_receipt,episode_attempt_1817ce17a76353e47479,7cf92a13312e3d65fa9fe670f3f6968a27f114e6fe2baa512c2fa6e4f23218c6,true
result_a8c9fe447534747d335d7b7b,runplan_6b2c9c9db7ce4f73,cell_d56c897f411ec5d058ff,housing_v1__experiment__000002,housing_v1,housing_controlled_model_landlords_experiment,episode_attempt_1817ce17a76353e47479,7cf92a13312e3d65fa9fe670f3f6968a27f114e6fe2baa512c2fa6e4f23218c6,included,housing_social_welfare_leaf,1.0.0,social_welfare,1.0.0,capture,tenant_1,tenant_1,401.66,utility_points,"{""disagreement_utility"":0.0}",ok,valid,[],"[""event_00000130""]",evaluation_receipt,episode_attempt_1817ce17a76353e47479,7cf92a13312e3d65fa9fe670f3f6968a27f114e6fe2baa512c2fa6e4f23218c6,true
result_0b38d909d12d89d908dd3db6,runplan_6b2c9c9db7ce4f73,cell_d56c897f411ec5d058ff,housing_v1__experiment__000002,housing_v1,housing_controlled_model_landlords_experiment,episode_attempt_1817ce17a76353e47479,7cf92a13312e3d65fa9fe670f3f6968a27f114e6fe2baa512c2fa6e4f23218c6,included,housing_social_welfare_leaf,1.0.0,social_welfare,1.0.0,capture,tenant_2,tenant_2,68.46,utility_points,"{""disagreement_utility"":0.0}",ok,valid,[],"[""event_00000130""]",evaluation_receipt,episode_attempt_1817ce17a76353e47479,7cf92a13312e3d65fa9fe670f3f6968a27f114e6fe2baa512c2fa6e4f23218c6,true
result_b40795edf107c497ff4fbc57,runplan_6b2c9c9db7ce4f73,cell_d56c897f411ec5d058ff,housing_v1__experiment__000002,housing_v1,housing_controlled_model_landlords_experiment,episode_attempt_1817ce17a76353e47479,7cf92a13312e3d65fa9fe670f3f6968a27f114e6fe2baa512c2fa6e4f23218c6,included,housing_social_welfare_leaf,1.0.0,social_welfare,1.0.0,capture,tenant_3,tenant_3,0.0,utility_points,"{""disagreement_utility"":0.0}",ok,valid,[],"[""event_00000130""]",evaluation_receipt,episode_attempt_1817ce17a76353e47479,7cf92a13312e3d65fa9fe670f3f6968a27f114e6fe2baa512c2fa6e4f23218c6,true
result_96c073fe533c9265646faf44,runplan_6b2c9c9db7ce4f73,cell_d56c897f411ec5d058ff,housing_v1__experiment__000002,housing_v1,housing_controlled_model_landlords_experiment,episode_attempt_1817ce17a76353e47479,7cf92a13312e3d65fa9fe670f3f6968a27f114e6fe2baa512c2fa6e4f23218c6,included,housing_social_welfare_leaf,1.0.0,social_welfare,1.0.0,capture,tenant_4,tenant_4,0.0,utility_points,"{""disagreement_utility"":0.0}",ok,valid,[],"[""event_00000130""]",evaluation_receipt,episode_attempt_1817ce17a76353e47479,7cf92a13312e3d65fa9fe670f3f6968a27f114e6fe2baa512c2fa6e4f23218c6,true
result_a978a4d33113d5603811acdb,runplan_6b2c9c9db7ce4f73,cell_d56c897f411ec5d058ff,housing_v1__experiment__000002,housing_v1,housing_controlled_model_landlords_experiment,episode_attempt_1817ce17a76353e47479,7cf92a13312e3d65fa9fe670f3f6968a27f114e6fe2baa512c2fa6e4f23218c6,included,housing_social_welfare_leaf,1.0.0,social_welfare,1.0.0,capture,tenant_5,tenant_5,0.0,utility_points,"{""disagreement_utility"":0.0}",ok,valid,[],"[""event_00000130""]",evaluation_receipt,episode_attempt_1817ce17a76353e47479,7cf92a13312e3d65fa9fe670f3f6968a27f114e6fe2baa512c2fa6e4f23218c6,true
result_6b3b1d501cc06cfd8e9703ab,runplan_6b2c9c9db7ce4f73,cell_d85cb3b9605bb599b736,housing_v1__experiment__000002,housing_v1,housing_controlled_model_landlords_experiment,episode_attempt_751adf006ee39dc59e2e,b5739f8cb9ebef8152bc63d0b752296a5a2f957fec687bdf8c7f005f13a91dca,included,housing_social_welfare_leaf,1.0.0,social_welfare,1.0.0,primary,social_welfare,,1564.47,utility_points,{},ok,valid,[],"[""event_00000130""]",evaluation_receipt,episode_attempt_751adf006ee39dc59e2e,b5739f8cb9ebef8152bc63d0b752296a5a2f957fec687bdf8c7f005f13a91dca,true
result_174e02f5f0b494595eab5bae,runplan_6b2c9c9db7ce4f73,cell_d85cb3b9605bb599b736,housing_v1__experiment__000002,housing_v1,housing_controlled_model_landlords_experiment,episode_attempt_751adf006ee39dc59e2e,b5739f8cb9ebef8152bc63d0b752296a5a2f957fec687bdf8c7f005f13a91dca,included,housing_social_welfare_leaf,1.0.0,social_welfare,1.0.0,metric,comparison_baseline_gap,,169.05999999999995,utility_points,{},ok,valid,[],"[""event_00000130""]",evaluation_receipt,episode_attempt_751adf006ee39dc59e2e,b5739f8cb9ebef8152bc63d0b752296a5a2f957fec687bdf8c7f005f13a91dca,true
result_2cf02841b70cd22180d41e61,runplan_6b2c9c9db7ce4f73,cell_d85cb3b9605bb599b736,housing_v1__experiment__000002,housing_v1,housing_controlled_model_landlords_experiment,episode_attempt_751adf006ee39dc59e2e,b5739f8cb9ebef8152bc63d0b752296a5a2f957fec687bdf8c7f005f13a91dca,included,housing_social_welfare_leaf,1.0.0,social_welfare,1.0.0,metric,ir_violation_count,,0.0,count,{},ok,valid,[],"[""event_00000130""]",evaluation_receipt,episode_attempt_751adf006ee39dc59e2e,b5739f8cb9ebef8152bc63d0b752296a5a2f957fec687bdf8c7f005f13a91dca,true
result_3aaa547502b19835fbd13cf4,runplan_6b2c9c9db7ce4f73,cell_d85cb3b9605bb599b736,housing_v1__experiment__000002,housing_v1,housing_controlled_model_landlords_experiment,episode_attempt_751adf006ee39dc59e2e,b5739f8cb9ebef8152bc63d0b752296a5a2f957fec687bdf8c7f005f13a91dca,included,housing_social_welfare_leaf,1.0.0,social_welfare,1.0.0,metric,social_welfare,,1564.47,utility_points,{},ok,valid,[],"[""event_00000130""]",evaluation_receipt,episode_attempt_751adf006ee39dc59e2e,b5739f8cb9ebef8152bc63d0b752296a5a2f957fec687bdf8c7f005f13a91dca,true
result_8b7c35a97ed01288a889b5a1,runplan_6b2c9c9db7ce4f73,cell_d85cb3b9605bb599b736,housing_v1__experiment__000002,housing_v1,housing_controlled_model_landlords_experiment,episode_attempt_751adf006ee39dc59e2e,b5739f8cb9ebef8152bc63d0b752296a5a2f957fec687bdf8c7f005f13a91dca,included,housing_social_welfare_leaf,1.0.0,social_welfare,1.0.0,metric,upper_bound_gap,,204.83999999999992,utility_points,{},ok,valid,[],"[""event_00000130""]",evaluation_receipt,episode_attempt_751adf006ee39dc59e2e,b5739f8cb9ebef8152bc63d0b752296a5a2f957fec687bdf8c7f005f13a91dca,true
result_09a7c04e992b738918687393,runplan_6b2c9c9db7ce4f73,cell_d85cb3b9605bb599b736,housing_v1__experiment__000002,housing_v1,housing_controlled_model_landlords_experiment,episode_attempt_751adf006ee39dc59e2e,b5739f8cb9ebef8152bc63d0b752296a5a2f957fec687bdf8c7f005f13a91dca,included,housing_social_welfare_leaf,1.0.0,social_welfare,1.0.0,metric,wasted_contacts,,3.0,count,{},ok,valid,[],"[""event_00000130""]",evaluation_receipt,episode_attempt_751adf006ee39dc59e2e,b5739f8cb9ebef8152bc63d0b752296a5a2f957fec687bdf8c7f005f13a91dca,true
result_231cab504da058f3104eccf4,runplan_6b2c9c9db7ce4f73,cell_d85cb3b9605bb599b736,housing_v1__experiment__000002,housing_v1,housing_controlled_model_landlords_experiment,episode_attempt_751adf006ee39dc59e2e,b5739f8cb9ebef8152bc63d0b752296a5a2f957fec687bdf8c7f005f13a91dca,included,housing_social_welfare_leaf,1.0.0,social_welfare,1.0.0,metric,within_case_score,,0.8842260542245283,ratio,{},ok,valid,[],"[""event_00000130""]",evaluation_receipt,episode_attempt_751adf006ee39dc59e2e,b5739f8cb9ebef8152bc63d0b752296a5a2f957fec687bdf8c7f005f13a91dca,true
result_54b0e504ae08f522e985b492,runplan_6b2c9c9db7ce4f73,cell_d85cb3b9605bb599b736,housing_v1__experiment__000002,housing_v1,housing_controlled_model_landlords_experiment,episode_attempt_751adf006ee39dc59e2e,b5739f8cb9ebef8152bc63d0b752296a5a2f957fec687bdf8c7f005f13a91dca,included,housing_social_welfare_leaf,1.0.0,social_welfare,1.0.0,reference,comparison_baseline,,1395.41,utility_points,"{""policy"":""naive"",""reference_kind"":""comparison_baseline""}",ok,valid,[],"[""event_00000130""]",evaluation_receipt,episode_attempt_751adf006ee39dc59e2e,b5739f8cb9ebef8152bc63d0b752296a5a2f957fec687bdf8c7f005f13a91dca,true
result_bd579356cb21f94df94a712c,runplan_6b2c9c9db7ce4f73,cell_d85cb3b9605bb599b736,housing_v1__experiment__000002,housing_v1,housing_controlled_model_landlords_experiment,episode_attempt_751adf006ee39dc59e2e,b5739f8cb9ebef8152bc63d0b752296a5a2f957fec687bdf8c7f005f13a91dca,included,housing_social_welfare_leaf,1.0.0,social_welfare,1.0.0,reference,optimum_lower_bound,,0.0,utility_points,"{""policy"":""do_nothing"",""reference_kind"":""objective_lower_bound""}",ok,valid,[],"[""event_00000130""]",evaluation_receipt,episode_attempt_751adf006ee39dc59e2e,b5739f8cb9ebef8152bc63d0b752296a5a2f957fec687bdf8c7f005f13a91dca,true
result_2bc0484b111c24a18fdddcc6,runplan_6b2c9c9db7ce4f73,cell_d85cb3b9605bb599b736,housing_v1__experiment__000002,housing_v1,housing_controlled_model_landlords_experiment,episode_attempt_751adf006ee39dc59e2e,b5739f8cb9ebef8152bc63d0b752296a5a2f957fec687bdf8c7f005f13a91dca,included,housing_social_welfare_leaf,1.0.0,social_welfare,1.0.0,reference,optimum_upper_bound,,1769.31,utility_points,"{""reference_kind"":""objective_upper_bound"",""semantics"":""full_information_allocation_relaxation""}",ok,valid,[],"[""event_00000130""]",evaluation_receipt,episode_attempt_751adf006ee39dc59e2e,b5739f8cb9ebef8152bc63d0b752296a5a2f957fec687bdf8c7f005f13a91dca,true
result_bd622dd717052fc6be7fd31a,runplan_6b2c9c9db7ce4f73,cell_d85cb3b9605bb599b736,housing_v1__experiment__000002,housing_v1,housing_controlled_model_landlords_experiment,episode_attempt_751adf006ee39dc59e2e,b5739f8cb9ebef8152bc63d0b752296a5a2f957fec687bdf8c7f005f13a91dca,included,housing_social_welfare_leaf,1.0.0,social_welfare,1.0.0,utility,landlord_0,landlord_0,76.2,utility_points,"{""disagreement_utility"":0.0}",ok,valid,[],"[""event_00000130""]",evaluation_receipt,episode_attempt_751adf006ee39dc59e2e,b5739f8cb9ebef8152bc63d0b752296a5a2f957fec687bdf8c7f005f13a91dca,true
result_32177eea4a8f251a7710c72b,runplan_6b2c9c9db7ce4f73,cell_d85cb3b9605bb599b736,housing_v1__experiment__000002,housing_v1,housing_controlled_model_landlords_experiment,episode_attempt_751adf006ee39dc59e2e,b5739f8cb9ebef8152bc63d0b752296a5a2f957fec687bdf8c7f005f13a91dca,included,housing_social_welfare_leaf,1.0.0,social_welfare,1.0.0,utility,landlord_1,landlord_1,69.87,utility_points,"{""disagreement_utility"":0.0}",ok,valid,[],"[""event_00000130""]",evaluation_receipt,episode_attempt_751adf006ee39dc59e2e,b5739f8cb9ebef8152bc63d0b752296a5a2f957fec687bdf8c7f005f13a91dca,true
result_296b9bcf4f76559c0c9f41dd,runplan_6b2c9c9db7ce4f73,cell_d85cb3b9605bb599b736,housing_v1__experiment__000002,housing_v1,housing_controlled_model_landlords_experiment,episode_attempt_751adf006ee39dc59e2e,b5739f8cb9ebef8152bc63d0b752296a5a2f957fec687bdf8c7f005f13a91dca,included,housing_social_welfare_leaf,1.0.0,social_welfare,1.0.0,utility,landlord_2,landlord_2,36.43,utility_points,"{""disagreement_utility"":0.0}",ok,valid,[],"[""event_00000130""]",evaluation_receipt,episode_attempt_751adf006ee39dc59e2e,b5739f8cb9ebef8152bc63d0b752296a5a2f957fec687bdf8c7f005f13a91dca,true
result_4729da200fe397545b8465ac,runplan_6b2c9c9db7ce4f73,cell_d85cb3b9605bb599b736,housing_v1__experiment__000002,housing_v1,housing_controlled_model_landlords_experiment,episode_attempt_751adf006ee39dc59e2e,b5739f8cb9ebef8152bc63d0b752296a5a2f957fec687bdf8c7f005f13a91dca,included,housing_social_welfare_leaf,1.0.0,social_welfare,1.0.0,utility,tenant_0,tenant_0,0.0,utility_points,"{""disagreement_utility"":0.0}",ok,valid,[],"[""event_00000130""]",evaluation_receipt,episode_attempt_751adf006ee39dc59e2e,b5739f8cb9ebef8152bc63d0b752296a5a2f957fec687bdf8c7f005f13a91dca,true
result_0b24a21617623107040e47ad,runplan_6b2c9c9db7ce4f73,cell_d85cb3b9605bb599b736,housing_v1__experiment__000002,housing_v1,housing_controlled_model_landlords_experiment,episode_attempt_751adf006ee39dc59e2e,b5739f8cb9ebef8152bc63d0b752296a5a2f957fec687bdf8c7f005f13a91dca,included,housing_social_welfare_leaf,1.0.0,social_welfare,1.0.0,utility,tenant_1,tenant_1,0.0,utility_points,"{""disagreement_utility"":0.0}",ok,valid,[],"[""event_00000130""]",evaluation_receipt,episode_attempt_751adf006ee39dc59e2e,b5739f8cb9ebef8152bc63d0b752296a5a2f957fec687bdf8c7f005f13a91dca,true
result_43ee6daa374b5eb012d25175,runplan_6b2c9c9db7ce4f73,cell_d85cb3b9605bb599b736,housing_v1__experiment__000002,housing_v1,housing_controlled_model_landlords_experiment,episode_attempt_751adf006ee39dc59e2e,b5739f8cb9ebef8152bc63d0b752296a5a2f957fec687bdf8c7f005f13a91dca,included,housing_social_welfare_leaf,1.0.0,social_welfare,1.0.0,utility,tenant_2,tenant_2,0.0,utility_points,"{""disagreement_utility"":0.0}",ok,valid,[],"[""event_00000130""]",evaluation_receipt,episode_attempt_751adf006ee39dc59e2e,b5739f8cb9ebef8152bc63d0b752296a5a2f957fec687bdf8c7f005f13a91dca,true
result_6e032a684ef703af9d5ee061,runplan_6b2c9c9db7ce4f73,cell_d85cb3b9605bb599b736,housing_v1__experiment__000002,housing_v1,housing_controlled_model_landlords_experiment,episode_attempt_751adf006ee39dc59e2e,b5739f8cb9ebef8152bc63d0b752296a5a2f957fec687bdf8c7f005f13a91dca,included,housing_social_welfare_leaf,1.0.0,social_welfare,1.0.0,utility,tenant_3,tenant_3,644.53,utility_points,"{""disagreement_utility"":0.0}",ok,valid,[],"[""event_00000130""]",evaluation_receipt,episode_attempt_751adf006ee39dc59e2e,b5739f8cb9ebef8152bc63d0b752296a5a2f957fec687bdf8c7f005f13a91dca,true
result_74ef3f285df308197e8d73dd,runplan_6b2c9c9db7ce4f73,cell_d85cb3b9605bb599b736,housing_v1__experiment__000002,housing_v1,housing_controlled_model_landlords_experiment,episode_attempt_751adf006ee39dc59e2e,b5739f8cb9ebef8152bc63d0b752296a5a2f957fec687bdf8c7f005f13a91dca,included,housing_social_welfare_leaf,1.0.0,social_welfare,1.0.0,utility,tenant_4,tenant_4,330.61,utility_points,"{""disagreement_utility"":0.0}",ok,valid,[],"[""event_00000130""]",evaluation_receipt,episode_attempt_751adf006ee39dc59e2e,b5739f8cb9ebef8152bc63d0b752296a5a2f957fec687bdf8c7f005f13a91dca,true
result_10aa7af80d479d103cc4b41f,runplan_6b2c9c9db7ce4f73,cell_d85cb3b9605bb599b736,housing_v1__experiment__000002,housing_v1,housing_controlled_model_landlords_experiment,episode_attempt_751adf006ee39dc59e2e,b5739f8cb9ebef8152bc63d0b752296a5a2f957fec687bdf8c7f005f13a91dca,included,housing_social_welfare_leaf,1.0.0,social_welfare,1.0.0,utility,tenant_5,tenant_5,406.83,utility_points,"{""disagreement_utility"":0.0}",ok,valid,[],"[""event_00000130""]",evaluation_receipt,episode_attempt_751adf006ee39dc59e2e,b5739f8cb9ebef8152bc63d0b752296a5a2f957fec687bdf8c7f005f13a91dca,true
result_6de2f998214de5dc2fec1dbf,runplan_6b2c9c9db7ce4f73,cell_d85cb3b9605bb599b736,housing_v1__experiment__000002,housing_v1,housing_controlled_model_landlords_experiment,episode_attempt_751adf006ee39dc59e2e,b5739f8cb9ebef8152bc63d0b752296a5a2f957fec687bdf8c7f005f13a91dca,included,housing_social_welfare_leaf,1.0.0,social_welfare,1.0.0,capture,landlord_0,landlord_0,76.2,utility_points,"{""disagreement_utility"":0.0}",ok,valid,[],"[""event_00000130""]",evaluation_receipt,episode_attempt_751adf006ee39dc59e2e,b5739f8cb9ebef8152bc63d0b752296a5a2f957fec687bdf8c7f005f13a91dca,true
result_112e7833b9f01bbc80a08b42,runplan_6b2c9c9db7ce4f73,cell_d85cb3b9605bb599b736,housing_v1__experiment__000002,housing_v1,housing_controlled_model_landlords_experiment,episode_attempt_751adf006ee39dc59e2e,b5739f8cb9ebef8152bc63d0b752296a5a2f957fec687bdf8c7f005f13a91dca,included,housing_social_welfare_leaf,1.0.0,social_welfare,1.0.0,capture,landlord_1,landlord_1,69.87,utility_points,"{""disagreement_utility"":0.0}",ok,valid,[],"[""event_00000130""]",evaluation_receipt,episode_attempt_751adf006ee39dc59e2e,b5739f8cb9ebef8152bc63d0b752296a5a2f957fec687bdf8c7f005f13a91dca,true
result_a83dde92f3878aa8d1a09611,runplan_6b2c9c9db7ce4f73,cell_d85cb3b9605bb599b736,housing_v1__experiment__000002,housing_v1,housing_controlled_model_landlords_experiment,episode_attempt_751adf006ee39dc59e2e,b5739f8cb9ebef8152bc63d0b752296a5a2f957fec687bdf8c7f005f13a91dca,included,housing_social_welfare_leaf,1.0.0,social_welfare,1.0.0,capture,landlord_2,landlord_2,36.43,utility_points,"{""disagreement_utility"":0.0}",ok,valid,[],"[""event_00000130""]",evaluation_receipt,episode_attempt_751adf006ee39dc59e2e,b5739f8cb9ebef8152bc63d0b752296a5a2f957fec687bdf8c7f005f13a91dca,true
result_71f9903391aa46132cbeeb44,runplan_6b2c9c9db7ce4f73,cell_d85cb3b9605bb599b736,housing_v1__experiment__000002,housing_v1,housing_controlled_model_landlords_experiment,episode_attempt_751adf006ee39dc59e2e,b5739f8cb9ebef8152bc63d0b752296a5a2f957fec687bdf8c7f005f13a91dca,included,housing_social_welfare_leaf,1.0.0,social_welfare,1.0.0,capture,tenant_0,tenant_0,0.0,utility_points,"{""disagreement_utility"":0.0}",ok,valid,[],"[""event_00000130""]",evaluation_receipt,episode_attempt_751adf006ee39dc59e2e,b5739f8cb9ebef8152bc63d0b752296a5a2f957fec687bdf8c7f005f13a91dca,true
result_20645346bbc9d76192fa0d63,runplan_6b2c9c9db7ce4f73,cell_d85cb3b9605bb599b736,housing_v1__experiment__000002,housing_v1,housing_controlled_model_landlords_experiment,episode_attempt_751adf006ee39dc59e2e,b5739f8cb9ebef8152bc63d0b752296a5a2f957fec687bdf8c7f005f13a91dca,included,housing_social_welfare_leaf,1.0.0,social_welfare,1.0.0,capture,tenant_1,tenant_1,0.0,utility_points,"{""disagreement_utility"":0.0}",ok,valid,[],"[""event_00000130""]",evaluation_receipt,episode_attempt_751adf006ee39dc59e2e,b5739f8cb9ebef8152bc63d0b752296a5a2f957fec687bdf8c7f005f13a91dca,true
result_f39dddd3dc1b33ab1986d7ba,runplan_6b2c9c9db7ce4f73,cell_d85cb3b9605bb599b736,housing_v1__experiment__000002,housing_v1,housing_controlled_model_landlords_experiment,episode_attempt_751adf006ee39dc59e2e,b5739f8cb9ebef8152bc63d0b752296a5a2f957fec687bdf8c7f005f13a91dca,included,housing_social_welfare_leaf,1.0.0,social_welfare,1.0.0,capture,tenant_2,tenant_2,0.0,utility_points,"{""disagreement_utility"":0.0}",ok,valid,[],"[""event_00000130""]",evaluation_receipt,episode_attempt_751adf006ee39dc59e2e,b5739f8cb9ebef8152bc63d0b752296a5a2f957fec687bdf8c7f005f13a91dca,true
result_2905ea40560c843c0dab882d,runplan_6b2c9c9db7ce4f73,cell_d85cb3b9605bb599b736,housing_v1__experiment__000002,housing_v1,housing_controlled_model_landlords_experiment,episode_attempt_751adf006ee39dc59e2e,b5739f8cb9ebef8152bc63d0b752296a5a2f957fec687bdf8c7f005f13a91dca,included,housing_social_welfare_leaf,1.0.0,social_welfare,1.0.0,capture,tenant_3,tenant_3,644.53,utility_points,"{""disagreement_utility"":0.0}",ok,valid,[],"[""event_00000130""]",evaluation_receipt,episode_attempt_751adf006ee39dc59e2e,b5739f8cb9ebef8152bc63d0b752296a5a2f957fec687bdf8c7f005f13a91dca,true
result_15ba98d90309e443d596b5e0,runplan_6b2c9c9db7ce4f73,cell_d85cb3b9605bb599b736,housing_v1__experiment__000002,housing_v1,housing_controlled_model_landlords_experiment,episode_attempt_751adf006ee39dc59e2e,b5739f8cb9ebef8152bc63d0b752296a5a2f957fec687bdf8c7f005f13a91dca,included,housing_social_welfare_leaf,1.0.0,social_welfare,1.0.0,capture,tenant_4,tenant_4,330.61,utility_points,"{""disagreement_utility"":0.0}",ok,valid,[],"[""event_00000130""]",evaluation_receipt,episode_attempt_751adf006ee39dc59e2e,b5739f8cb9ebef8152bc63d0b752296a5a2f957fec687bdf8c7f005f13a91dca,true
result_0955aca8c78ecc4d25da245d,runplan_6b2c9c9db7ce4f73,cell_d85cb3b9605bb599b736,housing_v1__experiment__000002,housing_v1,housing_controlled_model_landlords_experiment,episode_attempt_751adf006ee39dc59e2e,b5739f8cb9ebef8152bc63d0b752296a5a2f957fec687bdf8c7f005f13a91dca,included,housing_social_welfare_leaf,1.0.0,social_welfare,1.0.0,capture,tenant_5,tenant_5,406.83,utility_points,"{""disagreement_utility"":0.0}",ok,valid,[],"[""event_00000130""]",evaluation_receipt,episode_attempt_751adf006ee39dc59e2e,b5739f8cb9ebef8152bc63d0b752296a5a2f957fec687bdf8c7f005f13a91dca,true
