fact_id,run_id,task_id,case_id,family_id,block_id,episode_attempt_id,receipt_sha256,inclusion_status,leaf_id,leaf_version,estimand_id,estimand_version,metric_role,metric_name,seat_id,value,unit,metric_metadata,score_status,validity_status,validity_reasons,evidence_refs,source_kind,source_id,source_sha256,reportable
result_3cb7422a348273f83cfce653,runplan_dba33a0a9cb5c08f,cell_083c919ddaf8fa58bd54,housing_v1__experiment__000006,housing_v1,housing_controlled_model_landlords_experiment,episode_attempt_79aa104ce20631ef583f,2fa0387cc8faa6885c9a25fa0e6435beedc5e5487610e555ef12a9a9b40fc38c,included,housing_social_welfare_leaf,1.0.0,social_welfare,1.0.0,primary,social_welfare,,729.53,utility_points,{},ok,valid,[],"[""event_00000257""]",evaluation_receipt,episode_attempt_79aa104ce20631ef583f,2fa0387cc8faa6885c9a25fa0e6435beedc5e5487610e555ef12a9a9b40fc38c,true
result_8dc33d15ef3fc87e32657ffb,runplan_dba33a0a9cb5c08f,cell_083c919ddaf8fa58bd54,housing_v1__experiment__000006,housing_v1,housing_controlled_model_landlords_experiment,episode_attempt_79aa104ce20631ef583f,2fa0387cc8faa6885c9a25fa0e6435beedc5e5487610e555ef12a9a9b40fc38c,included,housing_social_welfare_leaf,1.0.0,social_welfare,1.0.0,metric,comparison_baseline_gap,,10.639999999999986,utility_points,{},ok,valid,[],"[""event_00000257""]",evaluation_receipt,episode_attempt_79aa104ce20631ef583f,2fa0387cc8faa6885c9a25fa0e6435beedc5e5487610e555ef12a9a9b40fc38c,true
result_0ece3eb48dc6922c27b24049,runplan_dba33a0a9cb5c08f,cell_083c919ddaf8fa58bd54,housing_v1__experiment__000006,housing_v1,housing_controlled_model_landlords_experiment,episode_attempt_79aa104ce20631ef583f,2fa0387cc8faa6885c9a25fa0e6435beedc5e5487610e555ef12a9a9b40fc38c,included,housing_social_welfare_leaf,1.0.0,social_welfare,1.0.0,metric,ir_violation_count,,1.0,count,{},ok,valid,[],"[""event_00000257""]",evaluation_receipt,episode_attempt_79aa104ce20631ef583f,2fa0387cc8faa6885c9a25fa0e6435beedc5e5487610e555ef12a9a9b40fc38c,true
result_830756b268963b58bd866b57,runplan_dba33a0a9cb5c08f,cell_083c919ddaf8fa58bd54,housing_v1__experiment__000006,housing_v1,housing_controlled_model_landlords_experiment,episode_attempt_79aa104ce20631ef583f,2fa0387cc8faa6885c9a25fa0e6435beedc5e5487610e555ef12a9a9b40fc38c,included,housing_social_welfare_leaf,1.0.0,social_welfare,1.0.0,metric,social_welfare,,729.53,utility_points,{},ok,valid,[],"[""event_00000257""]",evaluation_receipt,episode_attempt_79aa104ce20631ef583f,2fa0387cc8faa6885c9a25fa0e6435beedc5e5487610e555ef12a9a9b40fc38c,true
result_56f3c3235bdcba89f9811acd,runplan_dba33a0a9cb5c08f,cell_083c919ddaf8fa58bd54,housing_v1__experiment__000006,housing_v1,housing_controlled_model_landlords_experiment,episode_attempt_79aa104ce20631ef583f,2fa0387cc8faa6885c9a25fa0e6435beedc5e5487610e555ef12a9a9b40fc38c,included,housing_social_welfare_leaf,1.0.0,social_welfare,1.0.0,metric,upper_bound_gap,,398.60000000000014,utility_points,{},ok,valid,[],"[""event_00000257""]",evaluation_receipt,episode_attempt_79aa104ce20631ef583f,2fa0387cc8faa6885c9a25fa0e6435beedc5e5487610e555ef12a9a9b40fc38c,true
result_889e2f6fade8688ca642e115,runplan_dba33a0a9cb5c08f,cell_083c919ddaf8fa58bd54,housing_v1__experiment__000006,housing_v1,housing_controlled_model_landlords_experiment,episode_attempt_79aa104ce20631ef583f,2fa0387cc8faa6885c9a25fa0e6435beedc5e5487610e555ef12a9a9b40fc38c,included,housing_social_welfare_leaf,1.0.0,social_welfare,1.0.0,metric,wasted_contacts,,9.0,count,{},ok,valid,[],"[""event_00000257""]",evaluation_receipt,episode_attempt_79aa104ce20631ef583f,2fa0387cc8faa6885c9a25fa0e6435beedc5e5487610e555ef12a9a9b40fc38c,true
result_1779788aa396799b28faca2d,runplan_dba33a0a9cb5c08f,cell_083c919ddaf8fa58bd54,housing_v1__experiment__000006,housing_v1,housing_controlled_model_landlords_experiment,episode_attempt_79aa104ce20631ef583f,2fa0387cc8faa6885c9a25fa0e6435beedc5e5487610e555ef12a9a9b40fc38c,included,housing_social_welfare_leaf,1.0.0,social_welfare,1.0.0,metric,within_case_score,,0.6466719261078067,ratio,{},ok,valid,[],"[""event_00000257""]",evaluation_receipt,episode_attempt_79aa104ce20631ef583f,2fa0387cc8faa6885c9a25fa0e6435beedc5e5487610e555ef12a9a9b40fc38c,true
result_4f287b8dee6d7dee3816cb74,runplan_dba33a0a9cb5c08f,cell_083c919ddaf8fa58bd54,housing_v1__experiment__000006,housing_v1,housing_controlled_model_landlords_experiment,episode_attempt_79aa104ce20631ef583f,2fa0387cc8faa6885c9a25fa0e6435beedc5e5487610e555ef12a9a9b40fc38c,included,housing_social_welfare_leaf,1.0.0,social_welfare,1.0.0,reference,comparison_baseline,,718.89,utility_points,"{""policy"":""naive"",""reference_kind"":""comparison_baseline""}",ok,valid,[],"[""event_00000257""]",evaluation_receipt,episode_attempt_79aa104ce20631ef583f,2fa0387cc8faa6885c9a25fa0e6435beedc5e5487610e555ef12a9a9b40fc38c,true
result_afbe2cd2e862710f77ffd54e,runplan_dba33a0a9cb5c08f,cell_083c919ddaf8fa58bd54,housing_v1__experiment__000006,housing_v1,housing_controlled_model_landlords_experiment,episode_attempt_79aa104ce20631ef583f,2fa0387cc8faa6885c9a25fa0e6435beedc5e5487610e555ef12a9a9b40fc38c,included,housing_social_welfare_leaf,1.0.0,social_welfare,1.0.0,reference,optimum_lower_bound,,0.0,utility_points,"{""policy"":""do_nothing"",""reference_kind"":""objective_lower_bound""}",ok,valid,[],"[""event_00000257""]",evaluation_receipt,episode_attempt_79aa104ce20631ef583f,2fa0387cc8faa6885c9a25fa0e6435beedc5e5487610e555ef12a9a9b40fc38c,true
result_0ee421a22a4851fcb9d839a5,runplan_dba33a0a9cb5c08f,cell_083c919ddaf8fa58bd54,housing_v1__experiment__000006,housing_v1,housing_controlled_model_landlords_experiment,episode_attempt_79aa104ce20631ef583f,2fa0387cc8faa6885c9a25fa0e6435beedc5e5487610e555ef12a9a9b40fc38c,included,housing_social_welfare_leaf,1.0.0,social_welfare,1.0.0,reference,optimum_upper_bound,,1128.13,utility_points,"{""reference_kind"":""objective_upper_bound"",""semantics"":""full_information_allocation_relaxation""}",ok,valid,[],"[""event_00000257""]",evaluation_receipt,episode_attempt_79aa104ce20631ef583f,2fa0387cc8faa6885c9a25fa0e6435beedc5e5487610e555ef12a9a9b40fc38c,true
result_84d9cdfb2112df32af0af309,runplan_dba33a0a9cb5c08f,cell_083c919ddaf8fa58bd54,housing_v1__experiment__000006,housing_v1,housing_controlled_model_landlords_experiment,episode_attempt_79aa104ce20631ef583f,2fa0387cc8faa6885c9a25fa0e6435beedc5e5487610e555ef12a9a9b40fc38c,included,housing_social_welfare_leaf,1.0.0,social_welfare,1.0.0,utility,landlord_0,landlord_0,0.0,utility_points,"{""disagreement_utility"":0.0}",ok,valid,[],"[""event_00000257""]",evaluation_receipt,episode_attempt_79aa104ce20631ef583f,2fa0387cc8faa6885c9a25fa0e6435beedc5e5487610e555ef12a9a9b40fc38c,true
result_77670b841d119ec3ec6f8f54,runplan_dba33a0a9cb5c08f,cell_083c919ddaf8fa58bd54,housing_v1__experiment__000006,housing_v1,housing_controlled_model_landlords_experiment,episode_attempt_79aa104ce20631ef583f,2fa0387cc8faa6885c9a25fa0e6435beedc5e5487610e555ef12a9a9b40fc38c,included,housing_social_welfare_leaf,1.0.0,social_welfare,1.0.0,utility,landlord_1,landlord_1,-1499.27,utility_points,"{""disagreement_utility"":0.0}",ok,valid,[],"[""event_00000257""]",evaluation_receipt,episode_attempt_79aa104ce20631ef583f,2fa0387cc8faa6885c9a25fa0e6435beedc5e5487610e555ef12a9a9b40fc38c,true
result_8d0bfc384ce534590ae6b388,runplan_dba33a0a9cb5c08f,cell_083c919ddaf8fa58bd54,housing_v1__experiment__000006,housing_v1,housing_controlled_model_landlords_experiment,episode_attempt_79aa104ce20631ef583f,2fa0387cc8faa6885c9a25fa0e6435beedc5e5487610e555ef12a9a9b40fc38c,included,housing_social_welfare_leaf,1.0.0,social_welfare,1.0.0,utility,landlord_2,landlord_2,0.0,utility_points,"{""disagreement_utility"":0.0}",ok,valid,[],"[""event_00000257""]",evaluation_receipt,episode_attempt_79aa104ce20631ef583f,2fa0387cc8faa6885c9a25fa0e6435beedc5e5487610e555ef12a9a9b40fc38c,true
result_0b3e900e2441482da964d8d5,runplan_dba33a0a9cb5c08f,cell_083c919ddaf8fa58bd54,housing_v1__experiment__000006,housing_v1,housing_controlled_model_landlords_experiment,episode_attempt_79aa104ce20631ef583f,2fa0387cc8faa6885c9a25fa0e6435beedc5e5487610e555ef12a9a9b40fc38c,included,housing_social_welfare_leaf,1.0.0,social_welfare,1.0.0,utility,landlord_3,landlord_3,203.83,utility_points,"{""disagreement_utility"":0.0}",ok,valid,[],"[""event_00000257""]",evaluation_receipt,episode_attempt_79aa104ce20631ef583f,2fa0387cc8faa6885c9a25fa0e6435beedc5e5487610e555ef12a9a9b40fc38c,true
result_460dd9bfa0461ecbd52a7203,runplan_dba33a0a9cb5c08f,cell_083c919ddaf8fa58bd54,housing_v1__experiment__000006,housing_v1,housing_controlled_model_landlords_experiment,episode_attempt_79aa104ce20631ef583f,2fa0387cc8faa6885c9a25fa0e6435beedc5e5487610e555ef12a9a9b40fc38c,included,housing_social_welfare_leaf,1.0.0,social_welfare,1.0.0,utility,tenant_0,tenant_0,33.86,utility_points,"{""disagreement_utility"":0.0}",ok,valid,[],"[""event_00000257""]",evaluation_receipt,episode_attempt_79aa104ce20631ef583f,2fa0387cc8faa6885c9a25fa0e6435beedc5e5487610e555ef12a9a9b40fc38c,true
result_3242432976c2700e62e3b7c7,runplan_dba33a0a9cb5c08f,cell_083c919ddaf8fa58bd54,housing_v1__experiment__000006,housing_v1,housing_controlled_model_landlords_experiment,episode_attempt_79aa104ce20631ef583f,2fa0387cc8faa6885c9a25fa0e6435beedc5e5487610e555ef12a9a9b40fc38c,included,housing_social_welfare_leaf,1.0.0,social_welfare,1.0.0,utility,tenant_1,tenant_1,1991.11,utility_points,"{""disagreement_utility"":0.0}",ok,valid,[],"[""event_00000257""]",evaluation_receipt,episode_attempt_79aa104ce20631ef583f,2fa0387cc8faa6885c9a25fa0e6435beedc5e5487610e555ef12a9a9b40fc38c,true
result_3f01782dcbd1186bebacb3df,runplan_dba33a0a9cb5c08f,cell_083c919ddaf8fa58bd54,housing_v1__experiment__000006,housing_v1,housing_controlled_model_landlords_experiment,episode_attempt_79aa104ce20631ef583f,2fa0387cc8faa6885c9a25fa0e6435beedc5e5487610e555ef12a9a9b40fc38c,included,housing_social_welfare_leaf,1.0.0,social_welfare,1.0.0,utility,tenant_2,tenant_2,0.0,utility_points,"{""disagreement_utility"":0.0}",ok,valid,[],"[""event_00000257""]",evaluation_receipt,episode_attempt_79aa104ce20631ef583f,2fa0387cc8faa6885c9a25fa0e6435beedc5e5487610e555ef12a9a9b40fc38c,true
result_5ec3edc1f2e9d3df6a48dbc3,runplan_dba33a0a9cb5c08f,cell_083c919ddaf8fa58bd54,housing_v1__experiment__000006,housing_v1,housing_controlled_model_landlords_experiment,episode_attempt_79aa104ce20631ef583f,2fa0387cc8faa6885c9a25fa0e6435beedc5e5487610e555ef12a9a9b40fc38c,included,housing_social_welfare_leaf,1.0.0,social_welfare,1.0.0,utility,tenant_3,tenant_3,0.0,utility_points,"{""disagreement_utility"":0.0}",ok,valid,[],"[""event_00000257""]",evaluation_receipt,episode_attempt_79aa104ce20631ef583f,2fa0387cc8faa6885c9a25fa0e6435beedc5e5487610e555ef12a9a9b40fc38c,true
result_50bb04cf24e7b0dbe221f903,runplan_dba33a0a9cb5c08f,cell_083c919ddaf8fa58bd54,housing_v1__experiment__000006,housing_v1,housing_controlled_model_landlords_experiment,episode_attempt_79aa104ce20631ef583f,2fa0387cc8faa6885c9a25fa0e6435beedc5e5487610e555ef12a9a9b40fc38c,included,housing_social_welfare_leaf,1.0.0,social_welfare,1.0.0,utility,tenant_4,tenant_4,0.0,utility_points,"{""disagreement_utility"":0.0}",ok,valid,[],"[""event_00000257""]",evaluation_receipt,episode_attempt_79aa104ce20631ef583f,2fa0387cc8faa6885c9a25fa0e6435beedc5e5487610e555ef12a9a9b40fc38c,true
result_9e3b95753b408d46e297a300,runplan_dba33a0a9cb5c08f,cell_083c919ddaf8fa58bd54,housing_v1__experiment__000006,housing_v1,housing_controlled_model_landlords_experiment,episode_attempt_79aa104ce20631ef583f,2fa0387cc8faa6885c9a25fa0e6435beedc5e5487610e555ef12a9a9b40fc38c,included,housing_social_welfare_leaf,1.0.0,social_welfare,1.0.0,utility,tenant_5,tenant_5,0.0,utility_points,"{""disagreement_utility"":0.0}",ok,valid,[],"[""event_00000257""]",evaluation_receipt,episode_attempt_79aa104ce20631ef583f,2fa0387cc8faa6885c9a25fa0e6435beedc5e5487610e555ef12a9a9b40fc38c,true
result_b9db0f6b013c3d6227d98b13,runplan_dba33a0a9cb5c08f,cell_083c919ddaf8fa58bd54,housing_v1__experiment__000006,housing_v1,housing_controlled_model_landlords_experiment,episode_attempt_79aa104ce20631ef583f,2fa0387cc8faa6885c9a25fa0e6435beedc5e5487610e555ef12a9a9b40fc38c,included,housing_social_welfare_leaf,1.0.0,social_welfare,1.0.0,capture,landlord_0,landlord_0,0.0,utility_points,"{""disagreement_utility"":0.0}",ok,valid,[],"[""event_00000257""]",evaluation_receipt,episode_attempt_79aa104ce20631ef583f,2fa0387cc8faa6885c9a25fa0e6435beedc5e5487610e555ef12a9a9b40fc38c,true
result_19acb12c1508af4a2af6e394,runplan_dba33a0a9cb5c08f,cell_083c919ddaf8fa58bd54,housing_v1__experiment__000006,housing_v1,housing_controlled_model_landlords_experiment,episode_attempt_79aa104ce20631ef583f,2fa0387cc8faa6885c9a25fa0e6435beedc5e5487610e555ef12a9a9b40fc38c,included,housing_social_welfare_leaf,1.0.0,social_welfare,1.0.0,capture,landlord_1,landlord_1,-1499.27,utility_points,"{""disagreement_utility"":0.0}",ok,valid,[],"[""event_00000257""]",evaluation_receipt,episode_attempt_79aa104ce20631ef583f,2fa0387cc8faa6885c9a25fa0e6435beedc5e5487610e555ef12a9a9b40fc38c,true
result_97b798b0645f68dea5fb90b1,runplan_dba33a0a9cb5c08f,cell_083c919ddaf8fa58bd54,housing_v1__experiment__000006,housing_v1,housing_controlled_model_landlords_experiment,episode_attempt_79aa104ce20631ef583f,2fa0387cc8faa6885c9a25fa0e6435beedc5e5487610e555ef12a9a9b40fc38c,included,housing_social_welfare_leaf,1.0.0,social_welfare,1.0.0,capture,landlord_2,landlord_2,0.0,utility_points,"{""disagreement_utility"":0.0}",ok,valid,[],"[""event_00000257""]",evaluation_receipt,episode_attempt_79aa104ce20631ef583f,2fa0387cc8faa6885c9a25fa0e6435beedc5e5487610e555ef12a9a9b40fc38c,true
result_223675b640a91e83b7e89908,runplan_dba33a0a9cb5c08f,cell_083c919ddaf8fa58bd54,housing_v1__experiment__000006,housing_v1,housing_controlled_model_landlords_experiment,episode_attempt_79aa104ce20631ef583f,2fa0387cc8faa6885c9a25fa0e6435beedc5e5487610e555ef12a9a9b40fc38c,included,housing_social_welfare_leaf,1.0.0,social_welfare,1.0.0,capture,landlord_3,landlord_3,203.83,utility_points,"{""disagreement_utility"":0.0}",ok,valid,[],"[""event_00000257""]",evaluation_receipt,episode_attempt_79aa104ce20631ef583f,2fa0387cc8faa6885c9a25fa0e6435beedc5e5487610e555ef12a9a9b40fc38c,true
result_bb142a4cf7d4b734835607fe,runplan_dba33a0a9cb5c08f,cell_083c919ddaf8fa58bd54,housing_v1__experiment__000006,housing_v1,housing_controlled_model_landlords_experiment,episode_attempt_79aa104ce20631ef583f,2fa0387cc8faa6885c9a25fa0e6435beedc5e5487610e555ef12a9a9b40fc38c,included,housing_social_welfare_leaf,1.0.0,social_welfare,1.0.0,capture,tenant_0,tenant_0,33.86,utility_points,"{""disagreement_utility"":0.0}",ok,valid,[],"[""event_00000257""]",evaluation_receipt,episode_attempt_79aa104ce20631ef583f,2fa0387cc8faa6885c9a25fa0e6435beedc5e5487610e555ef12a9a9b40fc38c,true
result_6d9652af131dba88d9a11907,runplan_dba33a0a9cb5c08f,cell_083c919ddaf8fa58bd54,housing_v1__experiment__000006,housing_v1,housing_controlled_model_landlords_experiment,episode_attempt_79aa104ce20631ef583f,2fa0387cc8faa6885c9a25fa0e6435beedc5e5487610e555ef12a9a9b40fc38c,included,housing_social_welfare_leaf,1.0.0,social_welfare,1.0.0,capture,tenant_1,tenant_1,1991.11,utility_points,"{""disagreement_utility"":0.0}",ok,valid,[],"[""event_00000257""]",evaluation_receipt,episode_attempt_79aa104ce20631ef583f,2fa0387cc8faa6885c9a25fa0e6435beedc5e5487610e555ef12a9a9b40fc38c,true
result_243e47c72332beb8413b89ca,runplan_dba33a0a9cb5c08f,cell_083c919ddaf8fa58bd54,housing_v1__experiment__000006,housing_v1,housing_controlled_model_landlords_experiment,episode_attempt_79aa104ce20631ef583f,2fa0387cc8faa6885c9a25fa0e6435beedc5e5487610e555ef12a9a9b40fc38c,included,housing_social_welfare_leaf,1.0.0,social_welfare,1.0.0,capture,tenant_2,tenant_2,0.0,utility_points,"{""disagreement_utility"":0.0}",ok,valid,[],"[""event_00000257""]",evaluation_receipt,episode_attempt_79aa104ce20631ef583f,2fa0387cc8faa6885c9a25fa0e6435beedc5e5487610e555ef12a9a9b40fc38c,true
result_bfd92b0bdab79564ae91d051,runplan_dba33a0a9cb5c08f,cell_083c919ddaf8fa58bd54,housing_v1__experiment__000006,housing_v1,housing_controlled_model_landlords_experiment,episode_attempt_79aa104ce20631ef583f,2fa0387cc8faa6885c9a25fa0e6435beedc5e5487610e555ef12a9a9b40fc38c,included,housing_social_welfare_leaf,1.0.0,social_welfare,1.0.0,capture,tenant_3,tenant_3,0.0,utility_points,"{""disagreement_utility"":0.0}",ok,valid,[],"[""event_00000257""]",evaluation_receipt,episode_attempt_79aa104ce20631ef583f,2fa0387cc8faa6885c9a25fa0e6435beedc5e5487610e555ef12a9a9b40fc38c,true
result_8806b07db3d42387b3aabc1f,runplan_dba33a0a9cb5c08f,cell_083c919ddaf8fa58bd54,housing_v1__experiment__000006,housing_v1,housing_controlled_model_landlords_experiment,episode_attempt_79aa104ce20631ef583f,2fa0387cc8faa6885c9a25fa0e6435beedc5e5487610e555ef12a9a9b40fc38c,included,housing_social_welfare_leaf,1.0.0,social_welfare,1.0.0,capture,tenant_4,tenant_4,0.0,utility_points,"{""disagreement_utility"":0.0}",ok,valid,[],"[""event_00000257""]",evaluation_receipt,episode_attempt_79aa104ce20631ef583f,2fa0387cc8faa6885c9a25fa0e6435beedc5e5487610e555ef12a9a9b40fc38c,true
result_be565b71fce94a5d6aad115b,runplan_dba33a0a9cb5c08f,cell_083c919ddaf8fa58bd54,housing_v1__experiment__000006,housing_v1,housing_controlled_model_landlords_experiment,episode_attempt_79aa104ce20631ef583f,2fa0387cc8faa6885c9a25fa0e6435beedc5e5487610e555ef12a9a9b40fc38c,included,housing_social_welfare_leaf,1.0.0,social_welfare,1.0.0,capture,tenant_5,tenant_5,0.0,utility_points,"{""disagreement_utility"":0.0}",ok,valid,[],"[""event_00000257""]",evaluation_receipt,episode_attempt_79aa104ce20631ef583f,2fa0387cc8faa6885c9a25fa0e6435beedc5e5487610e555ef12a9a9b40fc38c,true
result_589935dec53213c4eb719316,runplan_dba33a0a9cb5c08f,cell_0af359225e9818f4261d,housing_v1__experiment__000001,housing_v1,housing_controlled_model_landlords_experiment,episode_attempt_360a3d85a57aea2b991e,5327c2f3d17d64ccec5b1934f88a23798935f58b7acdc018c039f7b60b326f3d,included,housing_social_welfare_leaf,1.0.0,social_welfare,1.0.0,primary,social_welfare,,1511.84,utility_points,{},ok,valid,[],"[""event_00000227""]",evaluation_receipt,episode_attempt_360a3d85a57aea2b991e,5327c2f3d17d64ccec5b1934f88a23798935f58b7acdc018c039f7b60b326f3d,true
result_d44d0c0b183f31620e235f47,runplan_dba33a0a9cb5c08f,cell_0af359225e9818f4261d,housing_v1__experiment__000001,housing_v1,housing_controlled_model_landlords_experiment,episode_attempt_360a3d85a57aea2b991e,5327c2f3d17d64ccec5b1934f88a23798935f58b7acdc018c039f7b60b326f3d,included,housing_social_welfare_leaf,1.0.0,social_welfare,1.0.0,metric,comparison_baseline_gap,,-41.680000000000064,utility_points,{},ok,valid,[],"[""event_00000227""]",evaluation_receipt,episode_attempt_360a3d85a57aea2b991e,5327c2f3d17d64ccec5b1934f88a23798935f58b7acdc018c039f7b60b326f3d,true
result_6564d0d3e72433fdbbd04706,runplan_dba33a0a9cb5c08f,cell_0af359225e9818f4261d,housing_v1__experiment__000001,housing_v1,housing_controlled_model_landlords_experiment,episode_attempt_360a3d85a57aea2b991e,5327c2f3d17d64ccec5b1934f88a23798935f58b7acdc018c039f7b60b326f3d,included,housing_social_welfare_leaf,1.0.0,social_welfare,1.0.0,metric,ir_violation_count,,0.0,count,{},ok,valid,[],"[""event_00000227""]",evaluation_receipt,episode_attempt_360a3d85a57aea2b991e,5327c2f3d17d64ccec5b1934f88a23798935f58b7acdc018c039f7b60b326f3d,true
result_6a0846b4323423f43e7b88f6,runplan_dba33a0a9cb5c08f,cell_0af359225e9818f4261d,housing_v1__experiment__000001,housing_v1,housing_controlled_model_landlords_experiment,episode_attempt_360a3d85a57aea2b991e,5327c2f3d17d64ccec5b1934f88a23798935f58b7acdc018c039f7b60b326f3d,included,housing_social_welfare_leaf,1.0.0,social_welfare,1.0.0,metric,social_welfare,,1511.84,utility_points,{},ok,valid,[],"[""event_00000227""]",evaluation_receipt,episode_attempt_360a3d85a57aea2b991e,5327c2f3d17d64ccec5b1934f88a23798935f58b7acdc018c039f7b60b326f3d,true
result_f71e4a6e76608d5f8238c966,runplan_dba33a0a9cb5c08f,cell_0af359225e9818f4261d,housing_v1__experiment__000001,housing_v1,housing_controlled_model_landlords_experiment,episode_attempt_360a3d85a57aea2b991e,5327c2f3d17d64ccec5b1934f88a23798935f58b7acdc018c039f7b60b326f3d,included,housing_social_welfare_leaf,1.0.0,social_welfare,1.0.0,metric,upper_bound_gap,,492.45000000000005,utility_points,{},ok,valid,[],"[""event_00000227""]",evaluation_receipt,episode_attempt_360a3d85a57aea2b991e,5327c2f3d17d64ccec5b1934f88a23798935f58b7acdc018c039f7b60b326f3d,true
result_d147f359b069298c46b94e35,runplan_dba33a0a9cb5c08f,cell_0af359225e9818f4261d,housing_v1__experiment__000001,housing_v1,housing_controlled_model_landlords_experiment,episode_attempt_360a3d85a57aea2b991e,5327c2f3d17d64ccec5b1934f88a23798935f58b7acdc018c039f7b60b326f3d,included,housing_social_welfare_leaf,1.0.0,social_welfare,1.0.0,metric,wasted_contacts,,7.0,count,{},ok,valid,[],"[""event_00000227""]",evaluation_receipt,episode_attempt_360a3d85a57aea2b991e,5327c2f3d17d64ccec5b1934f88a23798935f58b7acdc018c039f7b60b326f3d,true
result_74fe2f03d36d20943fa21400,runplan_dba33a0a9cb5c08f,cell_0af359225e9818f4261d,housing_v1__experiment__000001,housing_v1,housing_controlled_model_landlords_experiment,episode_attempt_360a3d85a57aea2b991e,5327c2f3d17d64ccec5b1934f88a23798935f58b7acdc018c039f7b60b326f3d,included,housing_social_welfare_leaf,1.0.0,social_welfare,1.0.0,metric,within_case_score,,0.7543020221624614,ratio,{},ok,valid,[],"[""event_00000227""]",evaluation_receipt,episode_attempt_360a3d85a57aea2b991e,5327c2f3d17d64ccec5b1934f88a23798935f58b7acdc018c039f7b60b326f3d,true
result_ec939d741f7d2f2076cc54bf,runplan_dba33a0a9cb5c08f,cell_0af359225e9818f4261d,housing_v1__experiment__000001,housing_v1,housing_controlled_model_landlords_experiment,episode_attempt_360a3d85a57aea2b991e,5327c2f3d17d64ccec5b1934f88a23798935f58b7acdc018c039f7b60b326f3d,included,housing_social_welfare_leaf,1.0.0,social_welfare,1.0.0,reference,comparison_baseline,,1553.52,utility_points,"{""policy"":""naive"",""reference_kind"":""comparison_baseline""}",ok,valid,[],"[""event_00000227""]",evaluation_receipt,episode_attempt_360a3d85a57aea2b991e,5327c2f3d17d64ccec5b1934f88a23798935f58b7acdc018c039f7b60b326f3d,true
result_f55b96d413c9981d6f6aeb4b,runplan_dba33a0a9cb5c08f,cell_0af359225e9818f4261d,housing_v1__experiment__000001,housing_v1,housing_controlled_model_landlords_experiment,episode_attempt_360a3d85a57aea2b991e,5327c2f3d17d64ccec5b1934f88a23798935f58b7acdc018c039f7b60b326f3d,included,housing_social_welfare_leaf,1.0.0,social_welfare,1.0.0,reference,optimum_lower_bound,,0.0,utility_points,"{""policy"":""do_nothing"",""reference_kind"":""objective_lower_bound""}",ok,valid,[],"[""event_00000227""]",evaluation_receipt,episode_attempt_360a3d85a57aea2b991e,5327c2f3d17d64ccec5b1934f88a23798935f58b7acdc018c039f7b60b326f3d,true
result_d3a6c30bd9e5fd3d49ada664,runplan_dba33a0a9cb5c08f,cell_0af359225e9818f4261d,housing_v1__experiment__000001,housing_v1,housing_controlled_model_landlords_experiment,episode_attempt_360a3d85a57aea2b991e,5327c2f3d17d64ccec5b1934f88a23798935f58b7acdc018c039f7b60b326f3d,included,housing_social_welfare_leaf,1.0.0,social_welfare,1.0.0,reference,optimum_upper_bound,,2004.29,utility_points,"{""reference_kind"":""objective_upper_bound"",""semantics"":""full_information_allocation_relaxation""}",ok,valid,[],"[""event_00000227""]",evaluation_receipt,episode_attempt_360a3d85a57aea2b991e,5327c2f3d17d64ccec5b1934f88a23798935f58b7acdc018c039f7b60b326f3d,true
result_e46ab35c4fcab2db16017a21,runplan_dba33a0a9cb5c08f,cell_0af359225e9818f4261d,housing_v1__experiment__000001,housing_v1,housing_controlled_model_landlords_experiment,episode_attempt_360a3d85a57aea2b991e,5327c2f3d17d64ccec5b1934f88a23798935f58b7acdc018c039f7b60b326f3d,included,housing_social_welfare_leaf,1.0.0,social_welfare,1.0.0,utility,landlord_0,landlord_0,56.6,utility_points,"{""disagreement_utility"":0.0}",ok,valid,[],"[""event_00000227""]",evaluation_receipt,episode_attempt_360a3d85a57aea2b991e,5327c2f3d17d64ccec5b1934f88a23798935f58b7acdc018c039f7b60b326f3d,true
result_650c2876e35dac2ad79d8ac5,runplan_dba33a0a9cb5c08f,cell_0af359225e9818f4261d,housing_v1__experiment__000001,housing_v1,housing_controlled_model_landlords_experiment,episode_attempt_360a3d85a57aea2b991e,5327c2f3d17d64ccec5b1934f88a23798935f58b7acdc018c039f7b60b326f3d,included,housing_social_welfare_leaf,1.0.0,social_welfare,1.0.0,utility,landlord_1,landlord_1,0.0,utility_points,"{""disagreement_utility"":0.0}",ok,valid,[],"[""event_00000227""]",evaluation_receipt,episode_attempt_360a3d85a57aea2b991e,5327c2f3d17d64ccec5b1934f88a23798935f58b7acdc018c039f7b60b326f3d,true
result_c5b80edc8e32ba7b51b79183,runplan_dba33a0a9cb5c08f,cell_0af359225e9818f4261d,housing_v1__experiment__000001,housing_v1,housing_controlled_model_landlords_experiment,episode_attempt_360a3d85a57aea2b991e,5327c2f3d17d64ccec5b1934f88a23798935f58b7acdc018c039f7b60b326f3d,included,housing_social_welfare_leaf,1.0.0,social_welfare,1.0.0,utility,landlord_2,landlord_2,318.36,utility_points,"{""disagreement_utility"":0.0}",ok,valid,[],"[""event_00000227""]",evaluation_receipt,episode_attempt_360a3d85a57aea2b991e,5327c2f3d17d64ccec5b1934f88a23798935f58b7acdc018c039f7b60b326f3d,true
result_1d98cab05dcf02950e7ef14a,runplan_dba33a0a9cb5c08f,cell_0af359225e9818f4261d,housing_v1__experiment__000001,housing_v1,housing_controlled_model_landlords_experiment,episode_attempt_360a3d85a57aea2b991e,5327c2f3d17d64ccec5b1934f88a23798935f58b7acdc018c039f7b60b326f3d,included,housing_social_welfare_leaf,1.0.0,social_welfare,1.0.0,utility,landlord_3,landlord_3,78.64,utility_points,"{""disagreement_utility"":0.0}",ok,valid,[],"[""event_00000227""]",evaluation_receipt,episode_attempt_360a3d85a57aea2b991e,5327c2f3d17d64ccec5b1934f88a23798935f58b7acdc018c039f7b60b326f3d,true
result_985750042ba0b6f3c46c9d2b,runplan_dba33a0a9cb5c08f,cell_0af359225e9818f4261d,housing_v1__experiment__000001,housing_v1,housing_controlled_model_landlords_experiment,episode_attempt_360a3d85a57aea2b991e,5327c2f3d17d64ccec5b1934f88a23798935f58b7acdc018c039f7b60b326f3d,included,housing_social_welfare_leaf,1.0.0,social_welfare,1.0.0,utility,tenant_0,tenant_0,481.28,utility_points,"{""disagreement_utility"":0.0}",ok,valid,[],"[""event_00000227""]",evaluation_receipt,episode_attempt_360a3d85a57aea2b991e,5327c2f3d17d64ccec5b1934f88a23798935f58b7acdc018c039f7b60b326f3d,true
result_3f353cb501a1f01e2671f1da,runplan_dba33a0a9cb5c08f,cell_0af359225e9818f4261d,housing_v1__experiment__000001,housing_v1,housing_controlled_model_landlords_experiment,episode_attempt_360a3d85a57aea2b991e,5327c2f3d17d64ccec5b1934f88a23798935f58b7acdc018c039f7b60b326f3d,included,housing_social_welfare_leaf,1.0.0,social_welfare,1.0.0,utility,tenant_1,tenant_1,0.0,utility_points,"{""disagreement_utility"":0.0}",ok,valid,[],"[""event_00000227""]",evaluation_receipt,episode_attempt_360a3d85a57aea2b991e,5327c2f3d17d64ccec5b1934f88a23798935f58b7acdc018c039f7b60b326f3d,true
result_e8cea27e44910d0942ee94b3,runplan_dba33a0a9cb5c08f,cell_0af359225e9818f4261d,housing_v1__experiment__000001,housing_v1,housing_controlled_model_landlords_experiment,episode_attempt_360a3d85a57aea2b991e,5327c2f3d17d64ccec5b1934f88a23798935f58b7acdc018c039f7b60b326f3d,included,housing_social_welfare_leaf,1.0.0,social_welfare,1.0.0,utility,tenant_2,tenant_2,452.32,utility_points,"{""disagreement_utility"":0.0}",ok,valid,[],"[""event_00000227""]",evaluation_receipt,episode_attempt_360a3d85a57aea2b991e,5327c2f3d17d64ccec5b1934f88a23798935f58b7acdc018c039f7b60b326f3d,true
result_346208d2075013ec173dfe04,runplan_dba33a0a9cb5c08f,cell_0af359225e9818f4261d,housing_v1__experiment__000001,housing_v1,housing_controlled_model_landlords_experiment,episode_attempt_360a3d85a57aea2b991e,5327c2f3d17d64ccec5b1934f88a23798935f58b7acdc018c039f7b60b326f3d,included,housing_social_welfare_leaf,1.0.0,social_welfare,1.0.0,utility,tenant_3,tenant_3,0.0,utility_points,"{""disagreement_utility"":0.0}",ok,valid,[],"[""event_00000227""]",evaluation_receipt,episode_attempt_360a3d85a57aea2b991e,5327c2f3d17d64ccec5b1934f88a23798935f58b7acdc018c039f7b60b326f3d,true
result_d75ae1813baf6625c36036d4,runplan_dba33a0a9cb5c08f,cell_0af359225e9818f4261d,housing_v1__experiment__000001,housing_v1,housing_controlled_model_landlords_experiment,episode_attempt_360a3d85a57aea2b991e,5327c2f3d17d64ccec5b1934f88a23798935f58b7acdc018c039f7b60b326f3d,included,housing_social_welfare_leaf,1.0.0,social_welfare,1.0.0,utility,tenant_4,tenant_4,0.0,utility_points,"{""disagreement_utility"":0.0}",ok,valid,[],"[""event_00000227""]",evaluation_receipt,episode_attempt_360a3d85a57aea2b991e,5327c2f3d17d64ccec5b1934f88a23798935f58b7acdc018c039f7b60b326f3d,true
result_d3e351e7e8b247c3dabf0606,runplan_dba33a0a9cb5c08f,cell_0af359225e9818f4261d,housing_v1__experiment__000001,housing_v1,housing_controlled_model_landlords_experiment,episode_attempt_360a3d85a57aea2b991e,5327c2f3d17d64ccec5b1934f88a23798935f58b7acdc018c039f7b60b326f3d,included,housing_social_welfare_leaf,1.0.0,social_welfare,1.0.0,utility,tenant_5,tenant_5,124.64,utility_points,"{""disagreement_utility"":0.0}",ok,valid,[],"[""event_00000227""]",evaluation_receipt,episode_attempt_360a3d85a57aea2b991e,5327c2f3d17d64ccec5b1934f88a23798935f58b7acdc018c039f7b60b326f3d,true
result_468fcae7c194a66af21e7846,runplan_dba33a0a9cb5c08f,cell_0af359225e9818f4261d,housing_v1__experiment__000001,housing_v1,housing_controlled_model_landlords_experiment,episode_attempt_360a3d85a57aea2b991e,5327c2f3d17d64ccec5b1934f88a23798935f58b7acdc018c039f7b60b326f3d,included,housing_social_welfare_leaf,1.0.0,social_welfare,1.0.0,capture,landlord_0,landlord_0,56.6,utility_points,"{""disagreement_utility"":0.0}",ok,valid,[],"[""event_00000227""]",evaluation_receipt,episode_attempt_360a3d85a57aea2b991e,5327c2f3d17d64ccec5b1934f88a23798935f58b7acdc018c039f7b60b326f3d,true
result_1d2217230ce66bab1ec89552,runplan_dba33a0a9cb5c08f,cell_0af359225e9818f4261d,housing_v1__experiment__000001,housing_v1,housing_controlled_model_landlords_experiment,episode_attempt_360a3d85a57aea2b991e,5327c2f3d17d64ccec5b1934f88a23798935f58b7acdc018c039f7b60b326f3d,included,housing_social_welfare_leaf,1.0.0,social_welfare,1.0.0,capture,landlord_1,landlord_1,0.0,utility_points,"{""disagreement_utility"":0.0}",ok,valid,[],"[""event_00000227""]",evaluation_receipt,episode_attempt_360a3d85a57aea2b991e,5327c2f3d17d64ccec5b1934f88a23798935f58b7acdc018c039f7b60b326f3d,true
result_5e15525b212b8a15a026766a,runplan_dba33a0a9cb5c08f,cell_0af359225e9818f4261d,housing_v1__experiment__000001,housing_v1,housing_controlled_model_landlords_experiment,episode_attempt_360a3d85a57aea2b991e,5327c2f3d17d64ccec5b1934f88a23798935f58b7acdc018c039f7b60b326f3d,included,housing_social_welfare_leaf,1.0.0,social_welfare,1.0.0,capture,landlord_2,landlord_2,318.36,utility_points,"{""disagreement_utility"":0.0}",ok,valid,[],"[""event_00000227""]",evaluation_receipt,episode_attempt_360a3d85a57aea2b991e,5327c2f3d17d64ccec5b1934f88a23798935f58b7acdc018c039f7b60b326f3d,true
result_8ad0a449c57e5ec2d4fcdde1,runplan_dba33a0a9cb5c08f,cell_0af359225e9818f4261d,housing_v1__experiment__000001,housing_v1,housing_controlled_model_landlords_experiment,episode_attempt_360a3d85a57aea2b991e,5327c2f3d17d64ccec5b1934f88a23798935f58b7acdc018c039f7b60b326f3d,included,housing_social_welfare_leaf,1.0.0,social_welfare,1.0.0,capture,landlord_3,landlord_3,78.64,utility_points,"{""disagreement_utility"":0.0}",ok,valid,[],"[""event_00000227""]",evaluation_receipt,episode_attempt_360a3d85a57aea2b991e,5327c2f3d17d64ccec5b1934f88a23798935f58b7acdc018c039f7b60b326f3d,true
result_aaaa67f2ef1b44b296773200,runplan_dba33a0a9cb5c08f,cell_0af359225e9818f4261d,housing_v1__experiment__000001,housing_v1,housing_controlled_model_landlords_experiment,episode_attempt_360a3d85a57aea2b991e,5327c2f3d17d64ccec5b1934f88a23798935f58b7acdc018c039f7b60b326f3d,included,housing_social_welfare_leaf,1.0.0,social_welfare,1.0.0,capture,tenant_0,tenant_0,481.28,utility_points,"{""disagreement_utility"":0.0}",ok,valid,[],"[""event_00000227""]",evaluation_receipt,episode_attempt_360a3d85a57aea2b991e,5327c2f3d17d64ccec5b1934f88a23798935f58b7acdc018c039f7b60b326f3d,true
result_4c172538b9b379ef0fc2f0cc,runplan_dba33a0a9cb5c08f,cell_0af359225e9818f4261d,housing_v1__experiment__000001,housing_v1,housing_controlled_model_landlords_experiment,episode_attempt_360a3d85a57aea2b991e,5327c2f3d17d64ccec5b1934f88a23798935f58b7acdc018c039f7b60b326f3d,included,housing_social_welfare_leaf,1.0.0,social_welfare,1.0.0,capture,tenant_1,tenant_1,0.0,utility_points,"{""disagreement_utility"":0.0}",ok,valid,[],"[""event_00000227""]",evaluation_receipt,episode_attempt_360a3d85a57aea2b991e,5327c2f3d17d64ccec5b1934f88a23798935f58b7acdc018c039f7b60b326f3d,true
result_dc84c6a00b8825f8ab33fb15,runplan_dba33a0a9cb5c08f,cell_0af359225e9818f4261d,housing_v1__experiment__000001,housing_v1,housing_controlled_model_landlords_experiment,episode_attempt_360a3d85a57aea2b991e,5327c2f3d17d64ccec5b1934f88a23798935f58b7acdc018c039f7b60b326f3d,included,housing_social_welfare_leaf,1.0.0,social_welfare,1.0.0,capture,tenant_2,tenant_2,452.32,utility_points,"{""disagreement_utility"":0.0}",ok,valid,[],"[""event_00000227""]",evaluation_receipt,episode_attempt_360a3d85a57aea2b991e,5327c2f3d17d64ccec5b1934f88a23798935f58b7acdc018c039f7b60b326f3d,true
result_a9b76c8e5a555dc93c7c99d9,runplan_dba33a0a9cb5c08f,cell_0af359225e9818f4261d,housing_v1__experiment__000001,housing_v1,housing_controlled_model_landlords_experiment,episode_attempt_360a3d85a57aea2b991e,5327c2f3d17d64ccec5b1934f88a23798935f58b7acdc018c039f7b60b326f3d,included,housing_social_welfare_leaf,1.0.0,social_welfare,1.0.0,capture,tenant_3,tenant_3,0.0,utility_points,"{""disagreement_utility"":0.0}",ok,valid,[],"[""event_00000227""]",evaluation_receipt,episode_attempt_360a3d85a57aea2b991e,5327c2f3d17d64ccec5b1934f88a23798935f58b7acdc018c039f7b60b326f3d,true
result_7e0f73a4c5e8015b04cee907,runplan_dba33a0a9cb5c08f,cell_0af359225e9818f4261d,housing_v1__experiment__000001,housing_v1,housing_controlled_model_landlords_experiment,episode_attempt_360a3d85a57aea2b991e,5327c2f3d17d64ccec5b1934f88a23798935f58b7acdc018c039f7b60b326f3d,included,housing_social_welfare_leaf,1.0.0,social_welfare,1.0.0,capture,tenant_4,tenant_4,0.0,utility_points,"{""disagreement_utility"":0.0}",ok,valid,[],"[""event_00000227""]",evaluation_receipt,episode_attempt_360a3d85a57aea2b991e,5327c2f3d17d64ccec5b1934f88a23798935f58b7acdc018c039f7b60b326f3d,true
result_4ee82b77c2b61c158a948799,runplan_dba33a0a9cb5c08f,cell_0af359225e9818f4261d,housing_v1__experiment__000001,housing_v1,housing_controlled_model_landlords_experiment,episode_attempt_360a3d85a57aea2b991e,5327c2f3d17d64ccec5b1934f88a23798935f58b7acdc018c039f7b60b326f3d,included,housing_social_welfare_leaf,1.0.0,social_welfare,1.0.0,capture,tenant_5,tenant_5,124.64,utility_points,"{""disagreement_utility"":0.0}",ok,valid,[],"[""event_00000227""]",evaluation_receipt,episode_attempt_360a3d85a57aea2b991e,5327c2f3d17d64ccec5b1934f88a23798935f58b7acdc018c039f7b60b326f3d,true
result_2eebdc99648d007bb0f67c2d,runplan_dba33a0a9cb5c08f,cell_115ee710a9787dc4f1be,housing_v1__experiment__000005,housing_v1,housing_controlled_model_landlords_experiment,episode_attempt_a9c114306d5b781ade1b,cf54db9f77f8c7c6de4b66193416cff043425cfa94730ec0f246009a0a4a46c9,included,housing_social_welfare_leaf,1.0.0,social_welfare,1.0.0,primary,social_welfare,,1264.58,utility_points,{},ok,valid,[],"[""event_00000227""]",evaluation_receipt,episode_attempt_a9c114306d5b781ade1b,cf54db9f77f8c7c6de4b66193416cff043425cfa94730ec0f246009a0a4a46c9,true
result_8a6e2f4b7921fcb916ab41d6,runplan_dba33a0a9cb5c08f,cell_115ee710a9787dc4f1be,housing_v1__experiment__000005,housing_v1,housing_controlled_model_landlords_experiment,episode_attempt_a9c114306d5b781ade1b,cf54db9f77f8c7c6de4b66193416cff043425cfa94730ec0f246009a0a4a46c9,included,housing_social_welfare_leaf,1.0.0,social_welfare,1.0.0,metric,comparison_baseline_gap,,32.809999999999945,utility_points,{},ok,valid,[],"[""event_00000227""]",evaluation_receipt,episode_attempt_a9c114306d5b781ade1b,cf54db9f77f8c7c6de4b66193416cff043425cfa94730ec0f246009a0a4a46c9,true
result_0dcaa712dd03b63aba8a7d2c,runplan_dba33a0a9cb5c08f,cell_115ee710a9787dc4f1be,housing_v1__experiment__000005,housing_v1,housing_controlled_model_landlords_experiment,episode_attempt_a9c114306d5b781ade1b,cf54db9f77f8c7c6de4b66193416cff043425cfa94730ec0f246009a0a4a46c9,included,housing_social_welfare_leaf,1.0.0,social_welfare,1.0.0,metric,ir_violation_count,,0.0,count,{},ok,valid,[],"[""event_00000227""]",evaluation_receipt,episode_attempt_a9c114306d5b781ade1b,cf54db9f77f8c7c6de4b66193416cff043425cfa94730ec0f246009a0a4a46c9,true
result_6e3822dc3a04209e8cc2e0f6,runplan_dba33a0a9cb5c08f,cell_115ee710a9787dc4f1be,housing_v1__experiment__000005,housing_v1,housing_controlled_model_landlords_experiment,episode_attempt_a9c114306d5b781ade1b,cf54db9f77f8c7c6de4b66193416cff043425cfa94730ec0f246009a0a4a46c9,included,housing_social_welfare_leaf,1.0.0,social_welfare,1.0.0,metric,social_welfare,,1264.58,utility_points,{},ok,valid,[],"[""event_00000227""]",evaluation_receipt,episode_attempt_a9c114306d5b781ade1b,cf54db9f77f8c7c6de4b66193416cff043425cfa94730ec0f246009a0a4a46c9,true
result_c6f03e02433a90f2004c06d6,runplan_dba33a0a9cb5c08f,cell_115ee710a9787dc4f1be,housing_v1__experiment__000005,housing_v1,housing_controlled_model_landlords_experiment,episode_attempt_a9c114306d5b781ade1b,cf54db9f77f8c7c6de4b66193416cff043425cfa94730ec0f246009a0a4a46c9,included,housing_social_welfare_leaf,1.0.0,social_welfare,1.0.0,metric,upper_bound_gap,,84.21000000000004,utility_points,{},ok,valid,[],"[""event_00000227""]",evaluation_receipt,episode_attempt_a9c114306d5b781ade1b,cf54db9f77f8c7c6de4b66193416cff043425cfa94730ec0f246009a0a4a46c9,true
result_9c92301c40aaad37c734a979,runplan_dba33a0a9cb5c08f,cell_115ee710a9787dc4f1be,housing_v1__experiment__000005,housing_v1,housing_controlled_model_landlords_experiment,episode_attempt_a9c114306d5b781ade1b,cf54db9f77f8c7c6de4b66193416cff043425cfa94730ec0f246009a0a4a46c9,included,housing_social_welfare_leaf,1.0.0,social_welfare,1.0.0,metric,wasted_contacts,,6.0,count,{},ok,valid,[],"[""event_00000227""]",evaluation_receipt,episode_attempt_a9c114306d5b781ade1b,cf54db9f77f8c7c6de4b66193416cff043425cfa94730ec0f246009a0a4a46c9,true
result_71109c9298165d91fe8e83f8,runplan_dba33a0a9cb5c08f,cell_115ee710a9787dc4f1be,housing_v1__experiment__000005,housing_v1,housing_controlled_model_landlords_experiment,episode_attempt_a9c114306d5b781ade1b,cf54db9f77f8c7c6de4b66193416cff043425cfa94730ec0f246009a0a4a46c9,included,housing_social_welfare_leaf,1.0.0,social_welfare,1.0.0,metric,within_case_score,,0.9375662630950704,ratio,{},ok,valid,[],"[""event_00000227""]",evaluation_receipt,episode_attempt_a9c114306d5b781ade1b,cf54db9f77f8c7c6de4b66193416cff043425cfa94730ec0f246009a0a4a46c9,true
result_237f248c61f091928b3af2b0,runplan_dba33a0a9cb5c08f,cell_115ee710a9787dc4f1be,housing_v1__experiment__000005,housing_v1,housing_controlled_model_landlords_experiment,episode_attempt_a9c114306d5b781ade1b,cf54db9f77f8c7c6de4b66193416cff043425cfa94730ec0f246009a0a4a46c9,included,housing_social_welfare_leaf,1.0.0,social_welfare,1.0.0,reference,comparison_baseline,,1231.77,utility_points,"{""policy"":""naive"",""reference_kind"":""comparison_baseline""}",ok,valid,[],"[""event_00000227""]",evaluation_receipt,episode_attempt_a9c114306d5b781ade1b,cf54db9f77f8c7c6de4b66193416cff043425cfa94730ec0f246009a0a4a46c9,true
result_8b5ef7559d763a47f69e1d52,runplan_dba33a0a9cb5c08f,cell_115ee710a9787dc4f1be,housing_v1__experiment__000005,housing_v1,housing_controlled_model_landlords_experiment,episode_attempt_a9c114306d5b781ade1b,cf54db9f77f8c7c6de4b66193416cff043425cfa94730ec0f246009a0a4a46c9,included,housing_social_welfare_leaf,1.0.0,social_welfare,1.0.0,reference,optimum_lower_bound,,0.0,utility_points,"{""policy"":""do_nothing"",""reference_kind"":""objective_lower_bound""}",ok,valid,[],"[""event_00000227""]",evaluation_receipt,episode_attempt_a9c114306d5b781ade1b,cf54db9f77f8c7c6de4b66193416cff043425cfa94730ec0f246009a0a4a46c9,true
result_8c48ab74f26bed9555deaa13,runplan_dba33a0a9cb5c08f,cell_115ee710a9787dc4f1be,housing_v1__experiment__000005,housing_v1,housing_controlled_model_landlords_experiment,episode_attempt_a9c114306d5b781ade1b,cf54db9f77f8c7c6de4b66193416cff043425cfa94730ec0f246009a0a4a46c9,included,housing_social_welfare_leaf,1.0.0,social_welfare,1.0.0,reference,optimum_upper_bound,,1348.79,utility_points,"{""reference_kind"":""objective_upper_bound"",""semantics"":""full_information_allocation_relaxation""}",ok,valid,[],"[""event_00000227""]",evaluation_receipt,episode_attempt_a9c114306d5b781ade1b,cf54db9f77f8c7c6de4b66193416cff043425cfa94730ec0f246009a0a4a46c9,true
result_91a74cb01458a23ec205e554,runplan_dba33a0a9cb5c08f,cell_115ee710a9787dc4f1be,housing_v1__experiment__000005,housing_v1,housing_controlled_model_landlords_experiment,episode_attempt_a9c114306d5b781ade1b,cf54db9f77f8c7c6de4b66193416cff043425cfa94730ec0f246009a0a4a46c9,included,housing_social_welfare_leaf,1.0.0,social_welfare,1.0.0,utility,landlord_0,landlord_0,30.29,utility_points,"{""disagreement_utility"":0.0}",ok,valid,[],"[""event_00000227""]",evaluation_receipt,episode_attempt_a9c114306d5b781ade1b,cf54db9f77f8c7c6de4b66193416cff043425cfa94730ec0f246009a0a4a46c9,true
result_b5448ad38650dc3e0fd739fb,runplan_dba33a0a9cb5c08f,cell_115ee710a9787dc4f1be,housing_v1__experiment__000005,housing_v1,housing_controlled_model_landlords_experiment,episode_attempt_a9c114306d5b781ade1b,cf54db9f77f8c7c6de4b66193416cff043425cfa94730ec0f246009a0a4a46c9,included,housing_social_welfare_leaf,1.0.0,social_welfare,1.0.0,utility,landlord_1,landlord_1,0.0,utility_points,"{""disagreement_utility"":0.0}",ok,valid,[],"[""event_00000227""]",evaluation_receipt,episode_attempt_a9c114306d5b781ade1b,cf54db9f77f8c7c6de4b66193416cff043425cfa94730ec0f246009a0a4a46c9,true
result_5c5b580afad743dab3f1ca7a,runplan_dba33a0a9cb5c08f,cell_115ee710a9787dc4f1be,housing_v1__experiment__000005,housing_v1,housing_controlled_model_landlords_experiment,episode_attempt_a9c114306d5b781ade1b,cf54db9f77f8c7c6de4b66193416cff043425cfa94730ec0f246009a0a4a46c9,included,housing_social_welfare_leaf,1.0.0,social_welfare,1.0.0,utility,landlord_2,landlord_2,73.64,utility_points,"{""disagreement_utility"":0.0}",ok,valid,[],"[""event_00000227""]",evaluation_receipt,episode_attempt_a9c114306d5b781ade1b,cf54db9f77f8c7c6de4b66193416cff043425cfa94730ec0f246009a0a4a46c9,true
result_5696ad9fa479c9f303c6a1c3,runplan_dba33a0a9cb5c08f,cell_115ee710a9787dc4f1be,housing_v1__experiment__000005,housing_v1,housing_controlled_model_landlords_experiment,episode_attempt_a9c114306d5b781ade1b,cf54db9f77f8c7c6de4b66193416cff043425cfa94730ec0f246009a0a4a46c9,included,housing_social_welfare_leaf,1.0.0,social_welfare,1.0.0,utility,landlord_3,landlord_3,43.77,utility_points,"{""disagreement_utility"":0.0}",ok,valid,[],"[""event_00000227""]",evaluation_receipt,episode_attempt_a9c114306d5b781ade1b,cf54db9f77f8c7c6de4b66193416cff043425cfa94730ec0f246009a0a4a46c9,true
result_95e4992100502d7e05bc6e0a,runplan_dba33a0a9cb5c08f,cell_115ee710a9787dc4f1be,housing_v1__experiment__000005,housing_v1,housing_controlled_model_landlords_experiment,episode_attempt_a9c114306d5b781ade1b,cf54db9f77f8c7c6de4b66193416cff043425cfa94730ec0f246009a0a4a46c9,included,housing_social_welfare_leaf,1.0.0,social_welfare,1.0.0,utility,tenant_0,tenant_0,472.54,utility_points,"{""disagreement_utility"":0.0}",ok,valid,[],"[""event_00000227""]",evaluation_receipt,episode_attempt_a9c114306d5b781ade1b,cf54db9f77f8c7c6de4b66193416cff043425cfa94730ec0f246009a0a4a46c9,true
result_129e31290ccb6f3d02fea88f,runplan_dba33a0a9cb5c08f,cell_115ee710a9787dc4f1be,housing_v1__experiment__000005,housing_v1,housing_controlled_model_landlords_experiment,episode_attempt_a9c114306d5b781ade1b,cf54db9f77f8c7c6de4b66193416cff043425cfa94730ec0f246009a0a4a46c9,included,housing_social_welfare_leaf,1.0.0,social_welfare,1.0.0,utility,tenant_1,tenant_1,106.85,utility_points,"{""disagreement_utility"":0.0}",ok,valid,[],"[""event_00000227""]",evaluation_receipt,episode_attempt_a9c114306d5b781ade1b,cf54db9f77f8c7c6de4b66193416cff043425cfa94730ec0f246009a0a4a46c9,true
result_97a3fa18797e7c8fb1697534,runplan_dba33a0a9cb5c08f,cell_115ee710a9787dc4f1be,housing_v1__experiment__000005,housing_v1,housing_controlled_model_landlords_experiment,episode_attempt_a9c114306d5b781ade1b,cf54db9f77f8c7c6de4b66193416cff043425cfa94730ec0f246009a0a4a46c9,included,housing_social_welfare_leaf,1.0.0,social_welfare,1.0.0,utility,tenant_2,tenant_2,0.0,utility_points,"{""disagreement_utility"":0.0}",ok,valid,[],"[""event_00000227""]",evaluation_receipt,episode_attempt_a9c114306d5b781ade1b,cf54db9f77f8c7c6de4b66193416cff043425cfa94730ec0f246009a0a4a46c9,true
result_32dace26462af72b7fcd555c,runplan_dba33a0a9cb5c08f,cell_115ee710a9787dc4f1be,housing_v1__experiment__000005,housing_v1,housing_controlled_model_landlords_experiment,episode_attempt_a9c114306d5b781ade1b,cf54db9f77f8c7c6de4b66193416cff043425cfa94730ec0f246009a0a4a46c9,included,housing_social_welfare_leaf,1.0.0,social_welfare,1.0.0,utility,tenant_3,tenant_3,537.49,utility_points,"{""disagreement_utility"":0.0}",ok,valid,[],"[""event_00000227""]",evaluation_receipt,episode_attempt_a9c114306d5b781ade1b,cf54db9f77f8c7c6de4b66193416cff043425cfa94730ec0f246009a0a4a46c9,true
result_f7dbdc8a1af088b24f5bdaca,runplan_dba33a0a9cb5c08f,cell_115ee710a9787dc4f1be,housing_v1__experiment__000005,housing_v1,housing_controlled_model_landlords_experiment,episode_attempt_a9c114306d5b781ade1b,cf54db9f77f8c7c6de4b66193416cff043425cfa94730ec0f246009a0a4a46c9,included,housing_social_welfare_leaf,1.0.0,social_welfare,1.0.0,utility,tenant_4,tenant_4,0.0,utility_points,"{""disagreement_utility"":0.0}",ok,valid,[],"[""event_00000227""]",evaluation_receipt,episode_attempt_a9c114306d5b781ade1b,cf54db9f77f8c7c6de4b66193416cff043425cfa94730ec0f246009a0a4a46c9,true
result_cd762341f5abfa3f35d1973c,runplan_dba33a0a9cb5c08f,cell_115ee710a9787dc4f1be,housing_v1__experiment__000005,housing_v1,housing_controlled_model_landlords_experiment,episode_attempt_a9c114306d5b781ade1b,cf54db9f77f8c7c6de4b66193416cff043425cfa94730ec0f246009a0a4a46c9,included,housing_social_welfare_leaf,1.0.0,social_welfare,1.0.0,utility,tenant_5,tenant_5,0.0,utility_points,"{""disagreement_utility"":0.0}",ok,valid,[],"[""event_00000227""]",evaluation_receipt,episode_attempt_a9c114306d5b781ade1b,cf54db9f77f8c7c6de4b66193416cff043425cfa94730ec0f246009a0a4a46c9,true
result_96e3a80b6fa6ab4b6dae776d,runplan_dba33a0a9cb5c08f,cell_115ee710a9787dc4f1be,housing_v1__experiment__000005,housing_v1,housing_controlled_model_landlords_experiment,episode_attempt_a9c114306d5b781ade1b,cf54db9f77f8c7c6de4b66193416cff043425cfa94730ec0f246009a0a4a46c9,included,housing_social_welfare_leaf,1.0.0,social_welfare,1.0.0,capture,landlord_0,landlord_0,30.29,utility_points,"{""disagreement_utility"":0.0}",ok,valid,[],"[""event_00000227""]",evaluation_receipt,episode_attempt_a9c114306d5b781ade1b,cf54db9f77f8c7c6de4b66193416cff043425cfa94730ec0f246009a0a4a46c9,true
result_eec4a616ccfcbdd6aaac513e,runplan_dba33a0a9cb5c08f,cell_115ee710a9787dc4f1be,housing_v1__experiment__000005,housing_v1,housing_controlled_model_landlords_experiment,episode_attempt_a9c114306d5b781ade1b,cf54db9f77f8c7c6de4b66193416cff043425cfa94730ec0f246009a0a4a46c9,included,housing_social_welfare_leaf,1.0.0,social_welfare,1.0.0,capture,landlord_1,landlord_1,0.0,utility_points,"{""disagreement_utility"":0.0}",ok,valid,[],"[""event_00000227""]",evaluation_receipt,episode_attempt_a9c114306d5b781ade1b,cf54db9f77f8c7c6de4b66193416cff043425cfa94730ec0f246009a0a4a46c9,true
result_6d4172757734afe8ac39a1ec,runplan_dba33a0a9cb5c08f,cell_115ee710a9787dc4f1be,housing_v1__experiment__000005,housing_v1,housing_controlled_model_landlords_experiment,episode_attempt_a9c114306d5b781ade1b,cf54db9f77f8c7c6de4b66193416cff043425cfa94730ec0f246009a0a4a46c9,included,housing_social_welfare_leaf,1.0.0,social_welfare,1.0.0,capture,landlord_2,landlord_2,73.64,utility_points,"{""disagreement_utility"":0.0}",ok,valid,[],"[""event_00000227""]",evaluation_receipt,episode_attempt_a9c114306d5b781ade1b,cf54db9f77f8c7c6de4b66193416cff043425cfa94730ec0f246009a0a4a46c9,true
result_f96f0519fa9e58010f300177,runplan_dba33a0a9cb5c08f,cell_115ee710a9787dc4f1be,housing_v1__experiment__000005,housing_v1,housing_controlled_model_landlords_experiment,episode_attempt_a9c114306d5b781ade1b,cf54db9f77f8c7c6de4b66193416cff043425cfa94730ec0f246009a0a4a46c9,included,housing_social_welfare_leaf,1.0.0,social_welfare,1.0.0,capture,landlord_3,landlord_3,43.77,utility_points,"{""disagreement_utility"":0.0}",ok,valid,[],"[""event_00000227""]",evaluation_receipt,episode_attempt_a9c114306d5b781ade1b,cf54db9f77f8c7c6de4b66193416cff043425cfa94730ec0f246009a0a4a46c9,true
result_dc6fb3b4f3468aaaf29d9aec,runplan_dba33a0a9cb5c08f,cell_115ee710a9787dc4f1be,housing_v1__experiment__000005,housing_v1,housing_controlled_model_landlords_experiment,episode_attempt_a9c114306d5b781ade1b,cf54db9f77f8c7c6de4b66193416cff043425cfa94730ec0f246009a0a4a46c9,included,housing_social_welfare_leaf,1.0.0,social_welfare,1.0.0,capture,tenant_0,tenant_0,472.54,utility_points,"{""disagreement_utility"":0.0}",ok,valid,[],"[""event_00000227""]",evaluation_receipt,episode_attempt_a9c114306d5b781ade1b,cf54db9f77f8c7c6de4b66193416cff043425cfa94730ec0f246009a0a4a46c9,true
result_23ee9f4351c842c3c0a307e9,runplan_dba33a0a9cb5c08f,cell_115ee710a9787dc4f1be,housing_v1__experiment__000005,housing_v1,housing_controlled_model_landlords_experiment,episode_attempt_a9c114306d5b781ade1b,cf54db9f77f8c7c6de4b66193416cff043425cfa94730ec0f246009a0a4a46c9,included,housing_social_welfare_leaf,1.0.0,social_welfare,1.0.0,capture,tenant_1,tenant_1,106.85,utility_points,"{""disagreement_utility"":0.0}",ok,valid,[],"[""event_00000227""]",evaluation_receipt,episode_attempt_a9c114306d5b781ade1b,cf54db9f77f8c7c6de4b66193416cff043425cfa94730ec0f246009a0a4a46c9,true
result_414f5045e23d9000ab79cab2,runplan_dba33a0a9cb5c08f,cell_115ee710a9787dc4f1be,housing_v1__experiment__000005,housing_v1,housing_controlled_model_landlords_experiment,episode_attempt_a9c114306d5b781ade1b,cf54db9f77f8c7c6de4b66193416cff043425cfa94730ec0f246009a0a4a46c9,included,housing_social_welfare_leaf,1.0.0,social_welfare,1.0.0,capture,tenant_2,tenant_2,0.0,utility_points,"{""disagreement_utility"":0.0}",ok,valid,[],"[""event_00000227""]",evaluation_receipt,episode_attempt_a9c114306d5b781ade1b,cf54db9f77f8c7c6de4b66193416cff043425cfa94730ec0f246009a0a4a46c9,true
result_2f876d08960135b48543e174,runplan_dba33a0a9cb5c08f,cell_115ee710a9787dc4f1be,housing_v1__experiment__000005,housing_v1,housing_controlled_model_landlords_experiment,episode_attempt_a9c114306d5b781ade1b,cf54db9f77f8c7c6de4b66193416cff043425cfa94730ec0f246009a0a4a46c9,included,housing_social_welfare_leaf,1.0.0,social_welfare,1.0.0,capture,tenant_3,tenant_3,537.49,utility_points,"{""disagreement_utility"":0.0}",ok,valid,[],"[""event_00000227""]",evaluation_receipt,episode_attempt_a9c114306d5b781ade1b,cf54db9f77f8c7c6de4b66193416cff043425cfa94730ec0f246009a0a4a46c9,true
result_b3c9dce07e49f85d9c9f2c7f,runplan_dba33a0a9cb5c08f,cell_115ee710a9787dc4f1be,housing_v1__experiment__000005,housing_v1,housing_controlled_model_landlords_experiment,episode_attempt_a9c114306d5b781ade1b,cf54db9f77f8c7c6de4b66193416cff043425cfa94730ec0f246009a0a4a46c9,included,housing_social_welfare_leaf,1.0.0,social_welfare,1.0.0,capture,tenant_4,tenant_4,0.0,utility_points,"{""disagreement_utility"":0.0}",ok,valid,[],"[""event_00000227""]",evaluation_receipt,episode_attempt_a9c114306d5b781ade1b,cf54db9f77f8c7c6de4b66193416cff043425cfa94730ec0f246009a0a4a46c9,true
result_1aa6daa8fd10385172a6411f,runplan_dba33a0a9cb5c08f,cell_115ee710a9787dc4f1be,housing_v1__experiment__000005,housing_v1,housing_controlled_model_landlords_experiment,episode_attempt_a9c114306d5b781ade1b,cf54db9f77f8c7c6de4b66193416cff043425cfa94730ec0f246009a0a4a46c9,included,housing_social_welfare_leaf,1.0.0,social_welfare,1.0.0,capture,tenant_5,tenant_5,0.0,utility_points,"{""disagreement_utility"":0.0}",ok,valid,[],"[""event_00000227""]",evaluation_receipt,episode_attempt_a9c114306d5b781ade1b,cf54db9f77f8c7c6de4b66193416cff043425cfa94730ec0f246009a0a4a46c9,true
result_59cdb75d11ffd03c3d06c028,runplan_dba33a0a9cb5c08f,cell_16f047ecbe041ee2d69e,housing_v1__experiment__000006,housing_v1,housing_controlled_model_landlords_experiment,episode_attempt_78d53011b49d037e3c42,2fbbb652fb2d9f6a931f5b3e95b8a5304a21ab02421d60ea838c07530f13bba1,included,housing_social_welfare_leaf,1.0.0,social_welfare,1.0.0,primary,social_welfare,,849.07,utility_points,{},ok,valid,[],"[""event_00000293""]",evaluation_receipt,episode_attempt_78d53011b49d037e3c42,2fbbb652fb2d9f6a931f5b3e95b8a5304a21ab02421d60ea838c07530f13bba1,true
result_292ae71002ae5b8bcfcc8b5e,runplan_dba33a0a9cb5c08f,cell_16f047ecbe041ee2d69e,housing_v1__experiment__000006,housing_v1,housing_controlled_model_landlords_experiment,episode_attempt_78d53011b49d037e3c42,2fbbb652fb2d9f6a931f5b3e95b8a5304a21ab02421d60ea838c07530f13bba1,included,housing_social_welfare_leaf,1.0.0,social_welfare,1.0.0,metric,comparison_baseline_gap,,130.18000000000006,utility_points,{},ok,valid,[],"[""event_00000293""]",evaluation_receipt,episode_attempt_78d53011b49d037e3c42,2fbbb652fb2d9f6a931f5b3e95b8a5304a21ab02421d60ea838c07530f13bba1,true
result_9f4d8971f908587fec489d17,runplan_dba33a0a9cb5c08f,cell_16f047ecbe041ee2d69e,housing_v1__experiment__000006,housing_v1,housing_controlled_model_landlords_experiment,episode_attempt_78d53011b49d037e3c42,2fbbb652fb2d9f6a931f5b3e95b8a5304a21ab02421d60ea838c07530f13bba1,included,housing_social_welfare_leaf,1.0.0,social_welfare,1.0.0,metric,ir_violation_count,,1.0,count,{},ok,valid,[],"[""event_00000293""]",evaluation_receipt,episode_attempt_78d53011b49d037e3c42,2fbbb652fb2d9f6a931f5b3e95b8a5304a21ab02421d60ea838c07530f13bba1,true
result_7e6f1caff00c5b2abfd1e7ee,runplan_dba33a0a9cb5c08f,cell_16f047ecbe041ee2d69e,housing_v1__experiment__000006,housing_v1,housing_controlled_model_landlords_experiment,episode_attempt_78d53011b49d037e3c42,2fbbb652fb2d9f6a931f5b3e95b8a5304a21ab02421d60ea838c07530f13bba1,included,housing_social_welfare_leaf,1.0.0,social_welfare,1.0.0,metric,social_welfare,,849.07,utility_points,{},ok,valid,[],"[""event_00000293""]",evaluation_receipt,episode_attempt_78d53011b49d037e3c42,2fbbb652fb2d9f6a931f5b3e95b8a5304a21ab02421d60ea838c07530f13bba1,true
result_b07d80131027e88e7a185c7f,runplan_dba33a0a9cb5c08f,cell_16f047ecbe041ee2d69e,housing_v1__experiment__000006,housing_v1,housing_controlled_model_landlords_experiment,episode_attempt_78d53011b49d037e3c42,2fbbb652fb2d9f6a931f5b3e95b8a5304a21ab02421d60ea838c07530f13bba1,included,housing_social_welfare_leaf,1.0.0,social_welfare,1.0.0,metric,upper_bound_gap,,279.06000000000006,utility_points,{},ok,valid,[],"[""event_00000293""]",evaluation_receipt,episode_attempt_78d53011b49d037e3c42,2fbbb652fb2d9f6a931f5b3e95b8a5304a21ab02421d60ea838c07530f13bba1,true
result_b0c83715700e3afdacaebcbd,runplan_dba33a0a9cb5c08f,cell_16f047ecbe041ee2d69e,housing_v1__experiment__000006,housing_v1,housing_controlled_model_landlords_experiment,episode_attempt_78d53011b49d037e3c42,2fbbb652fb2d9f6a931f5b3e95b8a5304a21ab02421d60ea838c07530f13bba1,included,housing_social_welfare_leaf,1.0.0,social_welfare,1.0.0,metric,wasted_contacts,,9.0,count,{},ok,valid,[],"[""event_00000293""]",evaluation_receipt,episode_attempt_78d53011b49d037e3c42,2fbbb652fb2d9f6a931f5b3e95b8a5304a21ab02421d60ea838c07530f13bba1,true
result_2bf830278161bd4e532ae2f4,runplan_dba33a0a9cb5c08f,cell_16f047ecbe041ee2d69e,housing_v1__experiment__000006,housing_v1,housing_controlled_model_landlords_experiment,episode_attempt_78d53011b49d037e3c42,2fbbb652fb2d9f6a931f5b3e95b8a5304a21ab02421d60ea838c07530f13bba1,included,housing_social_welfare_leaf,1.0.0,social_welfare,1.0.0,metric,within_case_score,,0.7526348913689025,ratio,{},ok,valid,[],"[""event_00000293""]",evaluation_receipt,episode_attempt_78d53011b49d037e3c42,2fbbb652fb2d9f6a931f5b3e95b8a5304a21ab02421d60ea838c07530f13bba1,true
result_57f45ca5187fb6cf3e5de63b,runplan_dba33a0a9cb5c08f,cell_16f047ecbe041ee2d69e,housing_v1__experiment__000006,housing_v1,housing_controlled_model_landlords_experiment,episode_attempt_78d53011b49d037e3c42,2fbbb652fb2d9f6a931f5b3e95b8a5304a21ab02421d60ea838c07530f13bba1,included,housing_social_welfare_leaf,1.0.0,social_welfare,1.0.0,reference,comparison_baseline,,718.89,utility_points,"{""policy"":""naive"",""reference_kind"":""comparison_baseline""}",ok,valid,[],"[""event_00000293""]",evaluation_receipt,episode_attempt_78d53011b49d037e3c42,2fbbb652fb2d9f6a931f5b3e95b8a5304a21ab02421d60ea838c07530f13bba1,true
result_47375695a4afd323f2cd6a09,runplan_dba33a0a9cb5c08f,cell_16f047ecbe041ee2d69e,housing_v1__experiment__000006,housing_v1,housing_controlled_model_landlords_experiment,episode_attempt_78d53011b49d037e3c42,2fbbb652fb2d9f6a931f5b3e95b8a5304a21ab02421d60ea838c07530f13bba1,included,housing_social_welfare_leaf,1.0.0,social_welfare,1.0.0,reference,optimum_lower_bound,,0.0,utility_points,"{""policy"":""do_nothing"",""reference_kind"":""objective_lower_bound""}",ok,valid,[],"[""event_00000293""]",evaluation_receipt,episode_attempt_78d53011b49d037e3c42,2fbbb652fb2d9f6a931f5b3e95b8a5304a21ab02421d60ea838c07530f13bba1,true
result_6dd5181e5ef0b3eed29c73a7,runplan_dba33a0a9cb5c08f,cell_16f047ecbe041ee2d69e,housing_v1__experiment__000006,housing_v1,housing_controlled_model_landlords_experiment,episode_attempt_78d53011b49d037e3c42,2fbbb652fb2d9f6a931f5b3e95b8a5304a21ab02421d60ea838c07530f13bba1,included,housing_social_welfare_leaf,1.0.0,social_welfare,1.0.0,reference,optimum_upper_bound,,1128.13,utility_points,"{""reference_kind"":""objective_upper_bound"",""semantics"":""full_information_allocation_relaxation""}",ok,valid,[],"[""event_00000293""]",evaluation_receipt,episode_attempt_78d53011b49d037e3c42,2fbbb652fb2d9f6a931f5b3e95b8a5304a21ab02421d60ea838c07530f13bba1,true
result_d7bfd85dda0d017ee35817fd,runplan_dba33a0a9cb5c08f,cell_16f047ecbe041ee2d69e,housing_v1__experiment__000006,housing_v1,housing_controlled_model_landlords_experiment,episode_attempt_78d53011b49d037e3c42,2fbbb652fb2d9f6a931f5b3e95b8a5304a21ab02421d60ea838c07530f13bba1,included,housing_social_welfare_leaf,1.0.0,social_welfare,1.0.0,utility,landlord_0,landlord_0,0.0,utility_points,"{""disagreement_utility"":0.0}",ok,valid,[],"[""event_00000293""]",evaluation_receipt,episode_attempt_78d53011b49d037e3c42,2fbbb652fb2d9f6a931f5b3e95b8a5304a21ab02421d60ea838c07530f13bba1,true
result_9136abddd6c84b76a11d8c62,runplan_dba33a0a9cb5c08f,cell_16f047ecbe041ee2d69e,housing_v1__experiment__000006,housing_v1,housing_controlled_model_landlords_experiment,episode_attempt_78d53011b49d037e3c42,2fbbb652fb2d9f6a931f5b3e95b8a5304a21ab02421d60ea838c07530f13bba1,included,housing_social_welfare_leaf,1.0.0,social_welfare,1.0.0,utility,landlord_1,landlord_1,-1499.27,utility_points,"{""disagreement_utility"":0.0}",ok,valid,[],"[""event_00000293""]",evaluation_receipt,episode_attempt_78d53011b49d037e3c42,2fbbb652fb2d9f6a931f5b3e95b8a5304a21ab02421d60ea838c07530f13bba1,true
result_1fc8044a8e510df759a02b39,runplan_dba33a0a9cb5c08f,cell_16f047ecbe041ee2d69e,housing_v1__experiment__000006,housing_v1,housing_controlled_model_landlords_experiment,episode_attempt_78d53011b49d037e3c42,2fbbb652fb2d9f6a931f5b3e95b8a5304a21ab02421d60ea838c07530f13bba1,included,housing_social_welfare_leaf,1.0.0,social_welfare,1.0.0,utility,landlord_2,landlord_2,0.0,utility_points,"{""disagreement_utility"":0.0}",ok,valid,[],"[""event_00000293""]",evaluation_receipt,episode_attempt_78d53011b49d037e3c42,2fbbb652fb2d9f6a931f5b3e95b8a5304a21ab02421d60ea838c07530f13bba1,true
result_e37912338ae1824d7557ac65,runplan_dba33a0a9cb5c08f,cell_16f047ecbe041ee2d69e,housing_v1__experiment__000006,housing_v1,housing_controlled_model_landlords_experiment,episode_attempt_78d53011b49d037e3c42,2fbbb652fb2d9f6a931f5b3e95b8a5304a21ab02421d60ea838c07530f13bba1,included,housing_social_welfare_leaf,1.0.0,social_welfare,1.0.0,utility,landlord_3,landlord_3,103.83,utility_points,"{""disagreement_utility"":0.0}",ok,valid,[],"[""event_00000293""]",evaluation_receipt,episode_attempt_78d53011b49d037e3c42,2fbbb652fb2d9f6a931f5b3e95b8a5304a21ab02421d60ea838c07530f13bba1,true
result_dba58805d5624eb8b1c93149,runplan_dba33a0a9cb5c08f,cell_16f047ecbe041ee2d69e,housing_v1__experiment__000006,housing_v1,housing_controlled_model_landlords_experiment,episode_attempt_78d53011b49d037e3c42,2fbbb652fb2d9f6a931f5b3e95b8a5304a21ab02421d60ea838c07530f13bba1,included,housing_social_welfare_leaf,1.0.0,social_welfare,1.0.0,utility,tenant_0,tenant_0,133.86,utility_points,"{""disagreement_utility"":0.0}",ok,valid,[],"[""event_00000293""]",evaluation_receipt,episode_attempt_78d53011b49d037e3c42,2fbbb652fb2d9f6a931f5b3e95b8a5304a21ab02421d60ea838c07530f13bba1,true
result_5c6ddd609da92b9a178b183d,runplan_dba33a0a9cb5c08f,cell_16f047ecbe041ee2d69e,housing_v1__experiment__000006,housing_v1,housing_controlled_model_landlords_experiment,episode_attempt_78d53011b49d037e3c42,2fbbb652fb2d9f6a931f5b3e95b8a5304a21ab02421d60ea838c07530f13bba1,included,housing_social_welfare_leaf,1.0.0,social_welfare,1.0.0,utility,tenant_1,tenant_1,0.0,utility_points,"{""disagreement_utility"":0.0}",ok,valid,[],"[""event_00000293""]",evaluation_receipt,episode_attempt_78d53011b49d037e3c42,2fbbb652fb2d9f6a931f5b3e95b8a5304a21ab02421d60ea838c07530f13bba1,true
result_4d4e0919ccd12bf45026567c,runplan_dba33a0a9cb5c08f,cell_16f047ecbe041ee2d69e,housing_v1__experiment__000006,housing_v1,housing_controlled_model_landlords_experiment,episode_attempt_78d53011b49d037e3c42,2fbbb652fb2d9f6a931f5b3e95b8a5304a21ab02421d60ea838c07530f13bba1,included,housing_social_welfare_leaf,1.0.0,social_welfare,1.0.0,utility,tenant_2,tenant_2,0.0,utility_points,"{""disagreement_utility"":0.0}",ok,valid,[],"[""event_00000293""]",evaluation_receipt,episode_attempt_78d53011b49d037e3c42,2fbbb652fb2d9f6a931f5b3e95b8a5304a21ab02421d60ea838c07530f13bba1,true
result_aca5f206ef50572c6710e339,runplan_dba33a0a9cb5c08f,cell_16f047ecbe041ee2d69e,housing_v1__experiment__000006,housing_v1,housing_controlled_model_landlords_experiment,episode_attempt_78d53011b49d037e3c42,2fbbb652fb2d9f6a931f5b3e95b8a5304a21ab02421d60ea838c07530f13bba1,included,housing_social_welfare_leaf,1.0.0,social_welfare,1.0.0,utility,tenant_3,tenant_3,2110.65,utility_points,"{""disagreement_utility"":0.0}",ok,valid,[],"[""event_00000293""]",evaluation_receipt,episode_attempt_78d53011b49d037e3c42,2fbbb652fb2d9f6a931f5b3e95b8a5304a21ab02421d60ea838c07530f13bba1,true
result_1c9ac72c79d12e6c64d7d9ba,runplan_dba33a0a9cb5c08f,cell_16f047ecbe041ee2d69e,housing_v1__experiment__000006,housing_v1,housing_controlled_model_landlords_experiment,episode_attempt_78d53011b49d037e3c42,2fbbb652fb2d9f6a931f5b3e95b8a5304a21ab02421d60ea838c07530f13bba1,included,housing_social_welfare_leaf,1.0.0,social_welfare,1.0.0,utility,tenant_4,tenant_4,0.0,utility_points,"{""disagreement_utility"":0.0}",ok,valid,[],"[""event_00000293""]",evaluation_receipt,episode_attempt_78d53011b49d037e3c42,2fbbb652fb2d9f6a931f5b3e95b8a5304a21ab02421d60ea838c07530f13bba1,true
result_12cf0e59f96a222334424831,runplan_dba33a0a9cb5c08f,cell_16f047ecbe041ee2d69e,housing_v1__experiment__000006,housing_v1,housing_controlled_model_landlords_experiment,episode_attempt_78d53011b49d037e3c42,2fbbb652fb2d9f6a931f5b3e95b8a5304a21ab02421d60ea838c07530f13bba1,included,housing_social_welfare_leaf,1.0.0,social_welfare,1.0.0,utility,tenant_5,tenant_5,0.0,utility_points,"{""disagreement_utility"":0.0}",ok,valid,[],"[""event_00000293""]",evaluation_receipt,episode_attempt_78d53011b49d037e3c42,2fbbb652fb2d9f6a931f5b3e95b8a5304a21ab02421d60ea838c07530f13bba1,true
result_9b198419fb80d6b3c73c7778,runplan_dba33a0a9cb5c08f,cell_16f047ecbe041ee2d69e,housing_v1__experiment__000006,housing_v1,housing_controlled_model_landlords_experiment,episode_attempt_78d53011b49d037e3c42,2fbbb652fb2d9f6a931f5b3e95b8a5304a21ab02421d60ea838c07530f13bba1,included,housing_social_welfare_leaf,1.0.0,social_welfare,1.0.0,capture,landlord_0,landlord_0,0.0,utility_points,"{""disagreement_utility"":0.0}",ok,valid,[],"[""event_00000293""]",evaluation_receipt,episode_attempt_78d53011b49d037e3c42,2fbbb652fb2d9f6a931f5b3e95b8a5304a21ab02421d60ea838c07530f13bba1,true
result_bedcfbdfcfd17daa88845456,runplan_dba33a0a9cb5c08f,cell_16f047ecbe041ee2d69e,housing_v1__experiment__000006,housing_v1,housing_controlled_model_landlords_experiment,episode_attempt_78d53011b49d037e3c42,2fbbb652fb2d9f6a931f5b3e95b8a5304a21ab02421d60ea838c07530f13bba1,included,housing_social_welfare_leaf,1.0.0,social_welfare,1.0.0,capture,landlord_1,landlord_1,-1499.27,utility_points,"{""disagreement_utility"":0.0}",ok,valid,[],"[""event_00000293""]",evaluation_receipt,episode_attempt_78d53011b49d037e3c42,2fbbb652fb2d9f6a931f5b3e95b8a5304a21ab02421d60ea838c07530f13bba1,true
result_3b2bfacee7de8e6bfb19cdb4,runplan_dba33a0a9cb5c08f,cell_16f047ecbe041ee2d69e,housing_v1__experiment__000006,housing_v1,housing_controlled_model_landlords_experiment,episode_attempt_78d53011b49d037e3c42,2fbbb652fb2d9f6a931f5b3e95b8a5304a21ab02421d60ea838c07530f13bba1,included,housing_social_welfare_leaf,1.0.0,social_welfare,1.0.0,capture,landlord_2,landlord_2,0.0,utility_points,"{""disagreement_utility"":0.0}",ok,valid,[],"[""event_00000293""]",evaluation_receipt,episode_attempt_78d53011b49d037e3c42,2fbbb652fb2d9f6a931f5b3e95b8a5304a21ab02421d60ea838c07530f13bba1,true
result_87c9f81469cafefc19f39954,runplan_dba33a0a9cb5c08f,cell_16f047ecbe041ee2d69e,housing_v1__experiment__000006,housing_v1,housing_controlled_model_landlords_experiment,episode_attempt_78d53011b49d037e3c42,2fbbb652fb2d9f6a931f5b3e95b8a5304a21ab02421d60ea838c07530f13bba1,included,housing_social_welfare_leaf,1.0.0,social_welfare,1.0.0,capture,landlord_3,landlord_3,103.83,utility_points,"{""disagreement_utility"":0.0}",ok,valid,[],"[""event_00000293""]",evaluation_receipt,episode_attempt_78d53011b49d037e3c42,2fbbb652fb2d9f6a931f5b3e95b8a5304a21ab02421d60ea838c07530f13bba1,true
result_c64c5e86a226da54f2463f11,runplan_dba33a0a9cb5c08f,cell_16f047ecbe041ee2d69e,housing_v1__experiment__000006,housing_v1,housing_controlled_model_landlords_experiment,episode_attempt_78d53011b49d037e3c42,2fbbb652fb2d9f6a931f5b3e95b8a5304a21ab02421d60ea838c07530f13bba1,included,housing_social_welfare_leaf,1.0.0,social_welfare,1.0.0,capture,tenant_0,tenant_0,133.86,utility_points,"{""disagreement_utility"":0.0}",ok,valid,[],"[""event_00000293""]",evaluation_receipt,episode_attempt_78d53011b49d037e3c42,2fbbb652fb2d9f6a931f5b3e95b8a5304a21ab02421d60ea838c07530f13bba1,true
result_1671a32a85e6a4258179ab4f,runplan_dba33a0a9cb5c08f,cell_16f047ecbe041ee2d69e,housing_v1__experiment__000006,housing_v1,housing_controlled_model_landlords_experiment,episode_attempt_78d53011b49d037e3c42,2fbbb652fb2d9f6a931f5b3e95b8a5304a21ab02421d60ea838c07530f13bba1,included,housing_social_welfare_leaf,1.0.0,social_welfare,1.0.0,capture,tenant_1,tenant_1,0.0,utility_points,"{""disagreement_utility"":0.0}",ok,valid,[],"[""event_00000293""]",evaluation_receipt,episode_attempt_78d53011b49d037e3c42,2fbbb652fb2d9f6a931f5b3e95b8a5304a21ab02421d60ea838c07530f13bba1,true
result_1243ec5e152ef45709a27bea,runplan_dba33a0a9cb5c08f,cell_16f047ecbe041ee2d69e,housing_v1__experiment__000006,housing_v1,housing_controlled_model_landlords_experiment,episode_attempt_78d53011b49d037e3c42,2fbbb652fb2d9f6a931f5b3e95b8a5304a21ab02421d60ea838c07530f13bba1,included,housing_social_welfare_leaf,1.0.0,social_welfare,1.0.0,capture,tenant_2,tenant_2,0.0,utility_points,"{""disagreement_utility"":0.0}",ok,valid,[],"[""event_00000293""]",evaluation_receipt,episode_attempt_78d53011b49d037e3c42,2fbbb652fb2d9f6a931f5b3e95b8a5304a21ab02421d60ea838c07530f13bba1,true
result_fad3ad12895abcf4c2b3a32b,runplan_dba33a0a9cb5c08f,cell_16f047ecbe041ee2d69e,housing_v1__experiment__000006,housing_v1,housing_controlled_model_landlords_experiment,episode_attempt_78d53011b49d037e3c42,2fbbb652fb2d9f6a931f5b3e95b8a5304a21ab02421d60ea838c07530f13bba1,included,housing_social_welfare_leaf,1.0.0,social_welfare,1.0.0,capture,tenant_3,tenant_3,2110.65,utility_points,"{""disagreement_utility"":0.0}",ok,valid,[],"[""event_00000293""]",evaluation_receipt,episode_attempt_78d53011b49d037e3c42,2fbbb652fb2d9f6a931f5b3e95b8a5304a21ab02421d60ea838c07530f13bba1,true
result_508849449f2289810394ed5f,runplan_dba33a0a9cb5c08f,cell_16f047ecbe041ee2d69e,housing_v1__experiment__000006,housing_v1,housing_controlled_model_landlords_experiment,episode_attempt_78d53011b49d037e3c42,2fbbb652fb2d9f6a931f5b3e95b8a5304a21ab02421d60ea838c07530f13bba1,included,housing_social_welfare_leaf,1.0.0,social_welfare,1.0.0,capture,tenant_4,tenant_4,0.0,utility_points,"{""disagreement_utility"":0.0}",ok,valid,[],"[""event_00000293""]",evaluation_receipt,episode_attempt_78d53011b49d037e3c42,2fbbb652fb2d9f6a931f5b3e95b8a5304a21ab02421d60ea838c07530f13bba1,true
result_1c093bd10fbc846a3f06c7ae,runplan_dba33a0a9cb5c08f,cell_16f047ecbe041ee2d69e,housing_v1__experiment__000006,housing_v1,housing_controlled_model_landlords_experiment,episode_attempt_78d53011b49d037e3c42,2fbbb652fb2d9f6a931f5b3e95b8a5304a21ab02421d60ea838c07530f13bba1,included,housing_social_welfare_leaf,1.0.0,social_welfare,1.0.0,capture,tenant_5,tenant_5,0.0,utility_points,"{""disagreement_utility"":0.0}",ok,valid,[],"[""event_00000293""]",evaluation_receipt,episode_attempt_78d53011b49d037e3c42,2fbbb652fb2d9f6a931f5b3e95b8a5304a21ab02421d60ea838c07530f13bba1,true
result_bf8af4274ae56265f5f581c2,runplan_dba33a0a9cb5c08f,cell_22fb125a1c2a1fe743d5,housing_v1__experiment__000007,housing_v1,housing_controlled_model_landlords_experiment,episode_attempt_220afeb7a39b5b9ec463,46ba0d922ea9db50a149b1fb428ee133525eab0f9577ac1f59fbe587e4518342,included,housing_social_welfare_leaf,1.0.0,social_welfare,1.0.0,primary,social_welfare,,1312.34,utility_points,{},ok,valid,[],"[""event_00000235""]",evaluation_receipt,episode_attempt_220afeb7a39b5b9ec463,46ba0d922ea9db50a149b1fb428ee133525eab0f9577ac1f59fbe587e4518342,true
result_01242f8e4f3e098370e0d09a,runplan_dba33a0a9cb5c08f,cell_22fb125a1c2a1fe743d5,housing_v1__experiment__000007,housing_v1,housing_controlled_model_landlords_experiment,episode_attempt_220afeb7a39b5b9ec463,46ba0d922ea9db50a149b1fb428ee133525eab0f9577ac1f59fbe587e4518342,included,housing_social_welfare_leaf,1.0.0,social_welfare,1.0.0,metric,comparison_baseline_gap,,204.13999999999987,utility_points,{},ok,valid,[],"[""event_00000235""]",evaluation_receipt,episode_attempt_220afeb7a39b5b9ec463,46ba0d922ea9db50a149b1fb428ee133525eab0f9577ac1f59fbe587e4518342,true
result_9982bd816f2f33d27df66939,runplan_dba33a0a9cb5c08f,cell_22fb125a1c2a1fe743d5,housing_v1__experiment__000007,housing_v1,housing_controlled_model_landlords_experiment,episode_attempt_220afeb7a39b5b9ec463,46ba0d922ea9db50a149b1fb428ee133525eab0f9577ac1f59fbe587e4518342,included,housing_social_welfare_leaf,1.0.0,social_welfare,1.0.0,metric,ir_violation_count,,1.0,count,{},ok,valid,[],"[""event_00000235""]",evaluation_receipt,episode_attempt_220afeb7a39b5b9ec463,46ba0d922ea9db50a149b1fb428ee133525eab0f9577ac1f59fbe587e4518342,true
result_588d17a3b3a2c675e167eca4,runplan_dba33a0a9cb5c08f,cell_22fb125a1c2a1fe743d5,housing_v1__experiment__000007,housing_v1,housing_controlled_model_landlords_experiment,episode_attempt_220afeb7a39b5b9ec463,46ba0d922ea9db50a149b1fb428ee133525eab0f9577ac1f59fbe587e4518342,included,housing_social_welfare_leaf,1.0.0,social_welfare,1.0.0,metric,social_welfare,,1312.34,utility_points,{},ok,valid,[],"[""event_00000235""]",evaluation_receipt,episode_attempt_220afeb7a39b5b9ec463,46ba0d922ea9db50a149b1fb428ee133525eab0f9577ac1f59fbe587e4518342,true
result_ffd4ac5b8b653fbbbf0cea83,runplan_dba33a0a9cb5c08f,cell_22fb125a1c2a1fe743d5,housing_v1__experiment__000007,housing_v1,housing_controlled_model_landlords_experiment,episode_attempt_220afeb7a39b5b9ec463,46ba0d922ea9db50a149b1fb428ee133525eab0f9577ac1f59fbe587e4518342,included,housing_social_welfare_leaf,1.0.0,social_welfare,1.0.0,metric,upper_bound_gap,,12.269999999999982,utility_points,{},ok,valid,[],"[""event_00000235""]",evaluation_receipt,episode_attempt_220afeb7a39b5b9ec463,46ba0d922ea9db50a149b1fb428ee133525eab0f9577ac1f59fbe587e4518342,true
result_83804c4e8e008b03c636be2e,runplan_dba33a0a9cb5c08f,cell_22fb125a1c2a1fe743d5,housing_v1__experiment__000007,housing_v1,housing_controlled_model_landlords_experiment,episode_attempt_220afeb7a39b5b9ec463,46ba0d922ea9db50a149b1fb428ee133525eab0f9577ac1f59fbe587e4518342,included,housing_social_welfare_leaf,1.0.0,social_welfare,1.0.0,metric,wasted_contacts,,6.0,count,{},ok,valid,[],"[""event_00000235""]",evaluation_receipt,episode_attempt_220afeb7a39b5b9ec463,46ba0d922ea9db50a149b1fb428ee133525eab0f9577ac1f59fbe587e4518342,true
result_5c7cc82bf1a94d287178d50c,runplan_dba33a0a9cb5c08f,cell_22fb125a1c2a1fe743d5,housing_v1__experiment__000007,housing_v1,housing_controlled_model_landlords_experiment,episode_attempt_220afeb7a39b5b9ec463,46ba0d922ea9db50a149b1fb428ee133525eab0f9577ac1f59fbe587e4518342,included,housing_social_welfare_leaf,1.0.0,social_welfare,1.0.0,metric,within_case_score,,0.9907368961430157,ratio,{},ok,valid,[],"[""event_00000235""]",evaluation_receipt,episode_attempt_220afeb7a39b5b9ec463,46ba0d922ea9db50a149b1fb428ee133525eab0f9577ac1f59fbe587e4518342,true
result_ee113a488eef9dc9888dafb3,runplan_dba33a0a9cb5c08f,cell_22fb125a1c2a1fe743d5,housing_v1__experiment__000007,housing_v1,housing_controlled_model_landlords_experiment,episode_attempt_220afeb7a39b5b9ec463,46ba0d922ea9db50a149b1fb428ee133525eab0f9577ac1f59fbe587e4518342,included,housing_social_welfare_leaf,1.0.0,social_welfare,1.0.0,reference,comparison_baseline,,1108.2,utility_points,"{""policy"":""naive"",""reference_kind"":""comparison_baseline""}",ok,valid,[],"[""event_00000235""]",evaluation_receipt,episode_attempt_220afeb7a39b5b9ec463,46ba0d922ea9db50a149b1fb428ee133525eab0f9577ac1f59fbe587e4518342,true
result_34a4013c6cc323af4939ecbc,runplan_dba33a0a9cb5c08f,cell_22fb125a1c2a1fe743d5,housing_v1__experiment__000007,housing_v1,housing_controlled_model_landlords_experiment,episode_attempt_220afeb7a39b5b9ec463,46ba0d922ea9db50a149b1fb428ee133525eab0f9577ac1f59fbe587e4518342,included,housing_social_welfare_leaf,1.0.0,social_welfare,1.0.0,reference,optimum_lower_bound,,0.0,utility_points,"{""policy"":""do_nothing"",""reference_kind"":""objective_lower_bound""}",ok,valid,[],"[""event_00000235""]",evaluation_receipt,episode_attempt_220afeb7a39b5b9ec463,46ba0d922ea9db50a149b1fb428ee133525eab0f9577ac1f59fbe587e4518342,true
result_4c5e1c0ffab45bc047e8bd7d,runplan_dba33a0a9cb5c08f,cell_22fb125a1c2a1fe743d5,housing_v1__experiment__000007,housing_v1,housing_controlled_model_landlords_experiment,episode_attempt_220afeb7a39b5b9ec463,46ba0d922ea9db50a149b1fb428ee133525eab0f9577ac1f59fbe587e4518342,included,housing_social_welfare_leaf,1.0.0,social_welfare,1.0.0,reference,optimum_upper_bound,,1324.61,utility_points,"{""reference_kind"":""objective_upper_bound"",""semantics"":""full_information_allocation_relaxation""}",ok,valid,[],"[""event_00000235""]",evaluation_receipt,episode_attempt_220afeb7a39b5b9ec463,46ba0d922ea9db50a149b1fb428ee133525eab0f9577ac1f59fbe587e4518342,true
result_e12846f23d9e5bc04e664a53,runplan_dba33a0a9cb5c08f,cell_22fb125a1c2a1fe743d5,housing_v1__experiment__000007,housing_v1,housing_controlled_model_landlords_experiment,episode_attempt_220afeb7a39b5b9ec463,46ba0d922ea9db50a149b1fb428ee133525eab0f9577ac1f59fbe587e4518342,included,housing_social_welfare_leaf,1.0.0,social_welfare,1.0.0,utility,landlord_0,landlord_0,23.64,utility_points,"{""disagreement_utility"":0.0}",ok,valid,[],"[""event_00000235""]",evaluation_receipt,episode_attempt_220afeb7a39b5b9ec463,46ba0d922ea9db50a149b1fb428ee133525eab0f9577ac1f59fbe587e4518342,true
result_81fbc28c471c0308855fa610,runplan_dba33a0a9cb5c08f,cell_22fb125a1c2a1fe743d5,housing_v1__experiment__000007,housing_v1,housing_controlled_model_landlords_experiment,episode_attempt_220afeb7a39b5b9ec463,46ba0d922ea9db50a149b1fb428ee133525eab0f9577ac1f59fbe587e4518342,included,housing_social_welfare_leaf,1.0.0,social_welfare,1.0.0,utility,landlord_1,landlord_1,-9.32,utility_points,"{""disagreement_utility"":0.0}",ok,valid,[],"[""event_00000235""]",evaluation_receipt,episode_attempt_220afeb7a39b5b9ec463,46ba0d922ea9db50a149b1fb428ee133525eab0f9577ac1f59fbe587e4518342,true
result_bdbd7c7540d1e0f91c7147ae,runplan_dba33a0a9cb5c08f,cell_22fb125a1c2a1fe743d5,housing_v1__experiment__000007,housing_v1,housing_controlled_model_landlords_experiment,episode_attempt_220afeb7a39b5b9ec463,46ba0d922ea9db50a149b1fb428ee133525eab0f9577ac1f59fbe587e4518342,included,housing_social_welfare_leaf,1.0.0,social_welfare,1.0.0,utility,landlord_2,landlord_2,27.21,utility_points,"{""disagreement_utility"":0.0}",ok,valid,[],"[""event_00000235""]",evaluation_receipt,episode_attempt_220afeb7a39b5b9ec463,46ba0d922ea9db50a149b1fb428ee133525eab0f9577ac1f59fbe587e4518342,true
result_8a0cfb3a515a97807810928d,runplan_dba33a0a9cb5c08f,cell_22fb125a1c2a1fe743d5,housing_v1__experiment__000007,housing_v1,housing_controlled_model_landlords_experiment,episode_attempt_220afeb7a39b5b9ec463,46ba0d922ea9db50a149b1fb428ee133525eab0f9577ac1f59fbe587e4518342,included,housing_social_welfare_leaf,1.0.0,social_welfare,1.0.0,utility,landlord_3,landlord_3,75.7,utility_points,"{""disagreement_utility"":0.0}",ok,valid,[],"[""event_00000235""]",evaluation_receipt,episode_attempt_220afeb7a39b5b9ec463,46ba0d922ea9db50a149b1fb428ee133525eab0f9577ac1f59fbe587e4518342,true
result_97f95167ccaf7f2700d868d0,runplan_dba33a0a9cb5c08f,cell_22fb125a1c2a1fe743d5,housing_v1__experiment__000007,housing_v1,housing_controlled_model_landlords_experiment,episode_attempt_220afeb7a39b5b9ec463,46ba0d922ea9db50a149b1fb428ee133525eab0f9577ac1f59fbe587e4518342,included,housing_social_welfare_leaf,1.0.0,social_welfare,1.0.0,utility,tenant_0,tenant_0,580.25,utility_points,"{""disagreement_utility"":0.0}",ok,valid,[],"[""event_00000235""]",evaluation_receipt,episode_attempt_220afeb7a39b5b9ec463,46ba0d922ea9db50a149b1fb428ee133525eab0f9577ac1f59fbe587e4518342,true
result_b1ba23baca5fa79f80af0cec,runplan_dba33a0a9cb5c08f,cell_22fb125a1c2a1fe743d5,housing_v1__experiment__000007,housing_v1,housing_controlled_model_landlords_experiment,episode_attempt_220afeb7a39b5b9ec463,46ba0d922ea9db50a149b1fb428ee133525eab0f9577ac1f59fbe587e4518342,included,housing_social_welfare_leaf,1.0.0,social_welfare,1.0.0,utility,tenant_1,tenant_1,0.0,utility_points,"{""disagreement_utility"":0.0}",ok,valid,[],"[""event_00000235""]",evaluation_receipt,episode_attempt_220afeb7a39b5b9ec463,46ba0d922ea9db50a149b1fb428ee133525eab0f9577ac1f59fbe587e4518342,true
result_07333b7c14a2c3d7ecae6d2a,runplan_dba33a0a9cb5c08f,cell_22fb125a1c2a1fe743d5,housing_v1__experiment__000007,housing_v1,housing_controlled_model_landlords_experiment,episode_attempt_220afeb7a39b5b9ec463,46ba0d922ea9db50a149b1fb428ee133525eab0f9577ac1f59fbe587e4518342,included,housing_social_welfare_leaf,1.0.0,social_welfare,1.0.0,utility,tenant_2,tenant_2,0.0,utility_points,"{""disagreement_utility"":0.0}",ok,valid,[],"[""event_00000235""]",evaluation_receipt,episode_attempt_220afeb7a39b5b9ec463,46ba0d922ea9db50a149b1fb428ee133525eab0f9577ac1f59fbe587e4518342,true
result_abdec960d29ca9212f1b5207,runplan_dba33a0a9cb5c08f,cell_22fb125a1c2a1fe743d5,housing_v1__experiment__000007,housing_v1,housing_controlled_model_landlords_experiment,episode_attempt_220afeb7a39b5b9ec463,46ba0d922ea9db50a149b1fb428ee133525eab0f9577ac1f59fbe587e4518342,included,housing_social_welfare_leaf,1.0.0,social_welfare,1.0.0,utility,tenant_3,tenant_3,65.22,utility_points,"{""disagreement_utility"":0.0}",ok,valid,[],"[""event_00000235""]",evaluation_receipt,episode_attempt_220afeb7a39b5b9ec463,46ba0d922ea9db50a149b1fb428ee133525eab0f9577ac1f59fbe587e4518342,true
result_3f37ecc5333172dabcdd4f40,runplan_dba33a0a9cb5c08f,cell_22fb125a1c2a1fe743d5,housing_v1__experiment__000007,housing_v1,housing_controlled_model_landlords_experiment,episode_attempt_220afeb7a39b5b9ec463,46ba0d922ea9db50a149b1fb428ee133525eab0f9577ac1f59fbe587e4518342,included,housing_social_welfare_leaf,1.0.0,social_welfare,1.0.0,utility,tenant_4,tenant_4,0.0,utility_points,"{""disagreement_utility"":0.0}",ok,valid,[],"[""event_00000235""]",evaluation_receipt,episode_attempt_220afeb7a39b5b9ec463,46ba0d922ea9db50a149b1fb428ee133525eab0f9577ac1f59fbe587e4518342,true
result_b0a2ccf0ee9e439f16a3b8f4,runplan_dba33a0a9cb5c08f,cell_22fb125a1c2a1fe743d5,housing_v1__experiment__000007,housing_v1,housing_controlled_model_landlords_experiment,episode_attempt_220afeb7a39b5b9ec463,46ba0d922ea9db50a149b1fb428ee133525eab0f9577ac1f59fbe587e4518342,included,housing_social_welfare_leaf,1.0.0,social_welfare,1.0.0,utility,tenant_5,tenant_5,549.64,utility_points,"{""disagreement_utility"":0.0}",ok,valid,[],"[""event_00000235""]",evaluation_receipt,episode_attempt_220afeb7a39b5b9ec463,46ba0d922ea9db50a149b1fb428ee133525eab0f9577ac1f59fbe587e4518342,true
result_7745a0b013d6387b9a7e4aa8,runplan_dba33a0a9cb5c08f,cell_22fb125a1c2a1fe743d5,housing_v1__experiment__000007,housing_v1,housing_controlled_model_landlords_experiment,episode_attempt_220afeb7a39b5b9ec463,46ba0d922ea9db50a149b1fb428ee133525eab0f9577ac1f59fbe587e4518342,included,housing_social_welfare_leaf,1.0.0,social_welfare,1.0.0,capture,landlord_0,landlord_0,23.64,utility_points,"{""disagreement_utility"":0.0}",ok,valid,[],"[""event_00000235""]",evaluation_receipt,episode_attempt_220afeb7a39b5b9ec463,46ba0d922ea9db50a149b1fb428ee133525eab0f9577ac1f59fbe587e4518342,true
result_8e612fd52ebf99774184dd96,runplan_dba33a0a9cb5c08f,cell_22fb125a1c2a1fe743d5,housing_v1__experiment__000007,housing_v1,housing_controlled_model_landlords_experiment,episode_attempt_220afeb7a39b5b9ec463,46ba0d922ea9db50a149b1fb428ee133525eab0f9577ac1f59fbe587e4518342,included,housing_social_welfare_leaf,1.0.0,social_welfare,1.0.0,capture,landlord_1,landlord_1,-9.32,utility_points,"{""disagreement_utility"":0.0}",ok,valid,[],"[""event_00000235""]",evaluation_receipt,episode_attempt_220afeb7a39b5b9ec463,46ba0d922ea9db50a149b1fb428ee133525eab0f9577ac1f59fbe587e4518342,true
result_ac8dc531bdbbb1a50539a99a,runplan_dba33a0a9cb5c08f,cell_22fb125a1c2a1fe743d5,housing_v1__experiment__000007,housing_v1,housing_controlled_model_landlords_experiment,episode_attempt_220afeb7a39b5b9ec463,46ba0d922ea9db50a149b1fb428ee133525eab0f9577ac1f59fbe587e4518342,included,housing_social_welfare_leaf,1.0.0,social_welfare,1.0.0,capture,landlord_2,landlord_2,27.21,utility_points,"{""disagreement_utility"":0.0}",ok,valid,[],"[""event_00000235""]",evaluation_receipt,episode_attempt_220afeb7a39b5b9ec463,46ba0d922ea9db50a149b1fb428ee133525eab0f9577ac1f59fbe587e4518342,true
result_b89125f7fba84943f0f0f7c2,runplan_dba33a0a9cb5c08f,cell_22fb125a1c2a1fe743d5,housing_v1__experiment__000007,housing_v1,housing_controlled_model_landlords_experiment,episode_attempt_220afeb7a39b5b9ec463,46ba0d922ea9db50a149b1fb428ee133525eab0f9577ac1f59fbe587e4518342,included,housing_social_welfare_leaf,1.0.0,social_welfare,1.0.0,capture,landlord_3,landlord_3,75.7,utility_points,"{""disagreement_utility"":0.0}",ok,valid,[],"[""event_00000235""]",evaluation_receipt,episode_attempt_220afeb7a39b5b9ec463,46ba0d922ea9db50a149b1fb428ee133525eab0f9577ac1f59fbe587e4518342,true
result_7f9330b8a3545c6a93ff0cfa,runplan_dba33a0a9cb5c08f,cell_22fb125a1c2a1fe743d5,housing_v1__experiment__000007,housing_v1,housing_controlled_model_landlords_experiment,episode_attempt_220afeb7a39b5b9ec463,46ba0d922ea9db50a149b1fb428ee133525eab0f9577ac1f59fbe587e4518342,included,housing_social_welfare_leaf,1.0.0,social_welfare,1.0.0,capture,tenant_0,tenant_0,580.25,utility_points,"{""disagreement_utility"":0.0}",ok,valid,[],"[""event_00000235""]",evaluation_receipt,episode_attempt_220afeb7a39b5b9ec463,46ba0d922ea9db50a149b1fb428ee133525eab0f9577ac1f59fbe587e4518342,true
result_ed0bf2e664b9ea0449d493f5,runplan_dba33a0a9cb5c08f,cell_22fb125a1c2a1fe743d5,housing_v1__experiment__000007,housing_v1,housing_controlled_model_landlords_experiment,episode_attempt_220afeb7a39b5b9ec463,46ba0d922ea9db50a149b1fb428ee133525eab0f9577ac1f59fbe587e4518342,included,housing_social_welfare_leaf,1.0.0,social_welfare,1.0.0,capture,tenant_1,tenant_1,0.0,utility_points,"{""disagreement_utility"":0.0}",ok,valid,[],"[""event_00000235""]",evaluation_receipt,episode_attempt_220afeb7a39b5b9ec463,46ba0d922ea9db50a149b1fb428ee133525eab0f9577ac1f59fbe587e4518342,true
result_911bd52b7d4572dcae85a1aa,runplan_dba33a0a9cb5c08f,cell_22fb125a1c2a1fe743d5,housing_v1__experiment__000007,housing_v1,housing_controlled_model_landlords_experiment,episode_attempt_220afeb7a39b5b9ec463,46ba0d922ea9db50a149b1fb428ee133525eab0f9577ac1f59fbe587e4518342,included,housing_social_welfare_leaf,1.0.0,social_welfare,1.0.0,capture,tenant_2,tenant_2,0.0,utility_points,"{""disagreement_utility"":0.0}",ok,valid,[],"[""event_00000235""]",evaluation_receipt,episode_attempt_220afeb7a39b5b9ec463,46ba0d922ea9db50a149b1fb428ee133525eab0f9577ac1f59fbe587e4518342,true
result_781e12903b0081d3058ad763,runplan_dba33a0a9cb5c08f,cell_22fb125a1c2a1fe743d5,housing_v1__experiment__000007,housing_v1,housing_controlled_model_landlords_experiment,episode_attempt_220afeb7a39b5b9ec463,46ba0d922ea9db50a149b1fb428ee133525eab0f9577ac1f59fbe587e4518342,included,housing_social_welfare_leaf,1.0.0,social_welfare,1.0.0,capture,tenant_3,tenant_3,65.22,utility_points,"{""disagreement_utility"":0.0}",ok,valid,[],"[""event_00000235""]",evaluation_receipt,episode_attempt_220afeb7a39b5b9ec463,46ba0d922ea9db50a149b1fb428ee133525eab0f9577ac1f59fbe587e4518342,true
result_0bf38d339269b8d088a7b593,runplan_dba33a0a9cb5c08f,cell_22fb125a1c2a1fe743d5,housing_v1__experiment__000007,housing_v1,housing_controlled_model_landlords_experiment,episode_attempt_220afeb7a39b5b9ec463,46ba0d922ea9db50a149b1fb428ee133525eab0f9577ac1f59fbe587e4518342,included,housing_social_welfare_leaf,1.0.0,social_welfare,1.0.0,capture,tenant_4,tenant_4,0.0,utility_points,"{""disagreement_utility"":0.0}",ok,valid,[],"[""event_00000235""]",evaluation_receipt,episode_attempt_220afeb7a39b5b9ec463,46ba0d922ea9db50a149b1fb428ee133525eab0f9577ac1f59fbe587e4518342,true
result_e495184fba07aac2f22b36cb,runplan_dba33a0a9cb5c08f,cell_22fb125a1c2a1fe743d5,housing_v1__experiment__000007,housing_v1,housing_controlled_model_landlords_experiment,episode_attempt_220afeb7a39b5b9ec463,46ba0d922ea9db50a149b1fb428ee133525eab0f9577ac1f59fbe587e4518342,included,housing_social_welfare_leaf,1.0.0,social_welfare,1.0.0,capture,tenant_5,tenant_5,549.64,utility_points,"{""disagreement_utility"":0.0}",ok,valid,[],"[""event_00000235""]",evaluation_receipt,episode_attempt_220afeb7a39b5b9ec463,46ba0d922ea9db50a149b1fb428ee133525eab0f9577ac1f59fbe587e4518342,true
result_acd40a0bb3880c8506b05a40,runplan_dba33a0a9cb5c08f,cell_3c44d1a746afd8a84265,housing_v1__experiment__000003,housing_v1,housing_controlled_model_landlords_experiment,episode_attempt_165be6b737d4e298f39e,6ebef292fa10010fdd15da0e40a63b0955f59d56960afe5b9e62aeed92919611,included,housing_social_welfare_leaf,1.0.0,social_welfare,1.0.0,primary,social_welfare,,566.62,utility_points,{},ok,valid,[],"[""event_00000257""]",evaluation_receipt,episode_attempt_165be6b737d4e298f39e,6ebef292fa10010fdd15da0e40a63b0955f59d56960afe5b9e62aeed92919611,true
result_ada687fa254ccb26d87e35f6,runplan_dba33a0a9cb5c08f,cell_3c44d1a746afd8a84265,housing_v1__experiment__000003,housing_v1,housing_controlled_model_landlords_experiment,episode_attempt_165be6b737d4e298f39e,6ebef292fa10010fdd15da0e40a63b0955f59d56960afe5b9e62aeed92919611,included,housing_social_welfare_leaf,1.0.0,social_welfare,1.0.0,metric,comparison_baseline_gap,,-220.41999999999996,utility_points,{},ok,valid,[],"[""event_00000257""]",evaluation_receipt,episode_attempt_165be6b737d4e298f39e,6ebef292fa10010fdd15da0e40a63b0955f59d56960afe5b9e62aeed92919611,true
result_b327d2a77fd7ba1100b256dc,runplan_dba33a0a9cb5c08f,cell_3c44d1a746afd8a84265,housing_v1__experiment__000003,housing_v1,housing_controlled_model_landlords_experiment,episode_attempt_165be6b737d4e298f39e,6ebef292fa10010fdd15da0e40a63b0955f59d56960afe5b9e62aeed92919611,included,housing_social_welfare_leaf,1.0.0,social_welfare,1.0.0,metric,ir_violation_count,,0.0,count,{},ok,valid,[],"[""event_00000257""]",evaluation_receipt,episode_attempt_165be6b737d4e298f39e,6ebef292fa10010fdd15da0e40a63b0955f59d56960afe5b9e62aeed92919611,true
result_15d74c312553235a1a268e0f,runplan_dba33a0a9cb5c08f,cell_3c44d1a746afd8a84265,housing_v1__experiment__000003,housing_v1,housing_controlled_model_landlords_experiment,episode_attempt_165be6b737d4e298f39e,6ebef292fa10010fdd15da0e40a63b0955f59d56960afe5b9e62aeed92919611,included,housing_social_welfare_leaf,1.0.0,social_welfare,1.0.0,metric,social_welfare,,566.62,utility_points,{},ok,valid,[],"[""event_00000257""]",evaluation_receipt,episode_attempt_165be6b737d4e298f39e,6ebef292fa10010fdd15da0e40a63b0955f59d56960afe5b9e62aeed92919611,true
result_e6deadf7fca0acc9a72401f0,runplan_dba33a0a9cb5c08f,cell_3c44d1a746afd8a84265,housing_v1__experiment__000003,housing_v1,housing_controlled_model_landlords_experiment,episode_attempt_165be6b737d4e298f39e,6ebef292fa10010fdd15da0e40a63b0955f59d56960afe5b9e62aeed92919611,included,housing_social_welfare_leaf,1.0.0,social_welfare,1.0.0,metric,upper_bound_gap,,431.62,utility_points,{},ok,valid,[],"[""event_00000257""]",evaluation_receipt,episode_attempt_165be6b737d4e298f39e,6ebef292fa10010fdd15da0e40a63b0955f59d56960afe5b9e62aeed92919611,true
result_ddff6842bca5bbdf7c33c43d,runplan_dba33a0a9cb5c08f,cell_3c44d1a746afd8a84265,housing_v1__experiment__000003,housing_v1,housing_controlled_model_landlords_experiment,episode_attempt_165be6b737d4e298f39e,6ebef292fa10010fdd15da0e40a63b0955f59d56960afe5b9e62aeed92919611,included,housing_social_welfare_leaf,1.0.0,social_welfare,1.0.0,metric,wasted_contacts,,9.0,count,{},ok,valid,[],"[""event_00000257""]",evaluation_receipt,episode_attempt_165be6b737d4e298f39e,6ebef292fa10010fdd15da0e40a63b0955f59d56960afe5b9e62aeed92919611,true
result_effe4a0d782d892a418d3e34,runplan_dba33a0a9cb5c08f,cell_3c44d1a746afd8a84265,housing_v1__experiment__000003,housing_v1,housing_controlled_model_landlords_experiment,episode_attempt_165be6b737d4e298f39e,6ebef292fa10010fdd15da0e40a63b0955f59d56960afe5b9e62aeed92919611,included,housing_social_welfare_leaf,1.0.0,social_welfare,1.0.0,metric,within_case_score,,0.5676190094566437,ratio,{},ok,valid,[],"[""event_00000257""]",evaluation_receipt,episode_attempt_165be6b737d4e298f39e,6ebef292fa10010fdd15da0e40a63b0955f59d56960afe5b9e62aeed92919611,true
result_1c723cee17c1c3541cb0e488,runplan_dba33a0a9cb5c08f,cell_3c44d1a746afd8a84265,housing_v1__experiment__000003,housing_v1,housing_controlled_model_landlords_experiment,episode_attempt_165be6b737d4e298f39e,6ebef292fa10010fdd15da0e40a63b0955f59d56960afe5b9e62aeed92919611,included,housing_social_welfare_leaf,1.0.0,social_welfare,1.0.0,reference,comparison_baseline,,787.04,utility_points,"{""policy"":""naive"",""reference_kind"":""comparison_baseline""}",ok,valid,[],"[""event_00000257""]",evaluation_receipt,episode_attempt_165be6b737d4e298f39e,6ebef292fa10010fdd15da0e40a63b0955f59d56960afe5b9e62aeed92919611,true
result_6ec10f13fa6b1c596b62a124,runplan_dba33a0a9cb5c08f,cell_3c44d1a746afd8a84265,housing_v1__experiment__000003,housing_v1,housing_controlled_model_landlords_experiment,episode_attempt_165be6b737d4e298f39e,6ebef292fa10010fdd15da0e40a63b0955f59d56960afe5b9e62aeed92919611,included,housing_social_welfare_leaf,1.0.0,social_welfare,1.0.0,reference,optimum_lower_bound,,0.0,utility_points,"{""policy"":""do_nothing"",""reference_kind"":""objective_lower_bound""}",ok,valid,[],"[""event_00000257""]",evaluation_receipt,episode_attempt_165be6b737d4e298f39e,6ebef292fa10010fdd15da0e40a63b0955f59d56960afe5b9e62aeed92919611,true
result_361eff8f9628ec3ac66e9b1c,runplan_dba33a0a9cb5c08f,cell_3c44d1a746afd8a84265,housing_v1__experiment__000003,housing_v1,housing_controlled_model_landlords_experiment,episode_attempt_165be6b737d4e298f39e,6ebef292fa10010fdd15da0e40a63b0955f59d56960afe5b9e62aeed92919611,included,housing_social_welfare_leaf,1.0.0,social_welfare,1.0.0,reference,optimum_upper_bound,,998.24,utility_points,"{""reference_kind"":""objective_upper_bound"",""semantics"":""full_information_allocation_relaxation""}",ok,valid,[],"[""event_00000257""]",evaluation_receipt,episode_attempt_165be6b737d4e298f39e,6ebef292fa10010fdd15da0e40a63b0955f59d56960afe5b9e62aeed92919611,true
result_d09ceda57b23d232df21f806,runplan_dba33a0a9cb5c08f,cell_3c44d1a746afd8a84265,housing_v1__experiment__000003,housing_v1,housing_controlled_model_landlords_experiment,episode_attempt_165be6b737d4e298f39e,6ebef292fa10010fdd15da0e40a63b0955f59d56960afe5b9e62aeed92919611,included,housing_social_welfare_leaf,1.0.0,social_welfare,1.0.0,utility,landlord_0,landlord_0,91.85,utility_points,"{""disagreement_utility"":0.0}",ok,valid,[],"[""event_00000257""]",evaluation_receipt,episode_attempt_165be6b737d4e298f39e,6ebef292fa10010fdd15da0e40a63b0955f59d56960afe5b9e62aeed92919611,true
result_30497ddb2222fbc1d3d9898b,runplan_dba33a0a9cb5c08f,cell_3c44d1a746afd8a84265,housing_v1__experiment__000003,housing_v1,housing_controlled_model_landlords_experiment,episode_attempt_165be6b737d4e298f39e,6ebef292fa10010fdd15da0e40a63b0955f59d56960afe5b9e62aeed92919611,included,housing_social_welfare_leaf,1.0.0,social_welfare,1.0.0,utility,landlord_1,landlord_1,0.0,utility_points,"{""disagreement_utility"":0.0}",ok,valid,[],"[""event_00000257""]",evaluation_receipt,episode_attempt_165be6b737d4e298f39e,6ebef292fa10010fdd15da0e40a63b0955f59d56960afe5b9e62aeed92919611,true
result_754f587df1c526d9cc965a5f,runplan_dba33a0a9cb5c08f,cell_3c44d1a746afd8a84265,housing_v1__experiment__000003,housing_v1,housing_controlled_model_landlords_experiment,episode_attempt_165be6b737d4e298f39e,6ebef292fa10010fdd15da0e40a63b0955f59d56960afe5b9e62aeed92919611,included,housing_social_welfare_leaf,1.0.0,social_welfare,1.0.0,utility,landlord_2,landlord_2,0.0,utility_points,"{""disagreement_utility"":0.0}",ok,valid,[],"[""event_00000257""]",evaluation_receipt,episode_attempt_165be6b737d4e298f39e,6ebef292fa10010fdd15da0e40a63b0955f59d56960afe5b9e62aeed92919611,true
result_e7e07c4425aac634199e1f93,runplan_dba33a0a9cb5c08f,cell_3c44d1a746afd8a84265,housing_v1__experiment__000003,housing_v1,housing_controlled_model_landlords_experiment,episode_attempt_165be6b737d4e298f39e,6ebef292fa10010fdd15da0e40a63b0955f59d56960afe5b9e62aeed92919611,included,housing_social_welfare_leaf,1.0.0,social_welfare,1.0.0,utility,landlord_3,landlord_3,370.57,utility_points,"{""disagreement_utility"":0.0}",ok,valid,[],"[""event_00000257""]",evaluation_receipt,episode_attempt_165be6b737d4e298f39e,6ebef292fa10010fdd15da0e40a63b0955f59d56960afe5b9e62aeed92919611,true
result_ad3a9f9dc846d39d2023b862,runplan_dba33a0a9cb5c08f,cell_3c44d1a746afd8a84265,housing_v1__experiment__000003,housing_v1,housing_controlled_model_landlords_experiment,episode_attempt_165be6b737d4e298f39e,6ebef292fa10010fdd15da0e40a63b0955f59d56960afe5b9e62aeed92919611,included,housing_social_welfare_leaf,1.0.0,social_welfare,1.0.0,utility,tenant_0,tenant_0,104.2,utility_points,"{""disagreement_utility"":0.0}",ok,valid,[],"[""event_00000257""]",evaluation_receipt,episode_attempt_165be6b737d4e298f39e,6ebef292fa10010fdd15da0e40a63b0955f59d56960afe5b9e62aeed92919611,true
result_4479656bc446f9e447201b49,runplan_dba33a0a9cb5c08f,cell_3c44d1a746afd8a84265,housing_v1__experiment__000003,housing_v1,housing_controlled_model_landlords_experiment,episode_attempt_165be6b737d4e298f39e,6ebef292fa10010fdd15da0e40a63b0955f59d56960afe5b9e62aeed92919611,included,housing_social_welfare_leaf,1.0.0,social_welfare,1.0.0,utility,tenant_1,tenant_1,0.0,utility_points,"{""disagreement_utility"":0.0}",ok,valid,[],"[""event_00000257""]",evaluation_receipt,episode_attempt_165be6b737d4e298f39e,6ebef292fa10010fdd15da0e40a63b0955f59d56960afe5b9e62aeed92919611,true
result_da92556ae4c46ac0068229f1,runplan_dba33a0a9cb5c08f,cell_3c44d1a746afd8a84265,housing_v1__experiment__000003,housing_v1,housing_controlled_model_landlords_experiment,episode_attempt_165be6b737d4e298f39e,6ebef292fa10010fdd15da0e40a63b0955f59d56960afe5b9e62aeed92919611,included,housing_social_welfare_leaf,1.0.0,social_welfare,1.0.0,utility,tenant_2,tenant_2,0.0,utility_points,"{""disagreement_utility"":0.0}",ok,valid,[],"[""event_00000257""]",evaluation_receipt,episode_attempt_165be6b737d4e298f39e,6ebef292fa10010fdd15da0e40a63b0955f59d56960afe5b9e62aeed92919611,true
result_121dc94174c7cc94faddedd1,runplan_dba33a0a9cb5c08f,cell_3c44d1a746afd8a84265,housing_v1__experiment__000003,housing_v1,housing_controlled_model_landlords_experiment,episode_attempt_165be6b737d4e298f39e,6ebef292fa10010fdd15da0e40a63b0955f59d56960afe5b9e62aeed92919611,included,housing_social_welfare_leaf,1.0.0,social_welfare,1.0.0,utility,tenant_3,tenant_3,0.0,utility_points,"{""disagreement_utility"":0.0}",ok,valid,[],"[""event_00000257""]",evaluation_receipt,episode_attempt_165be6b737d4e298f39e,6ebef292fa10010fdd15da0e40a63b0955f59d56960afe5b9e62aeed92919611,true
result_d7c8cc9f916cb80a7a4aeff6,runplan_dba33a0a9cb5c08f,cell_3c44d1a746afd8a84265,housing_v1__experiment__000003,housing_v1,housing_controlled_model_landlords_experiment,episode_attempt_165be6b737d4e298f39e,6ebef292fa10010fdd15da0e40a63b0955f59d56960afe5b9e62aeed92919611,included,housing_social_welfare_leaf,1.0.0,social_welfare,1.0.0,utility,tenant_4,tenant_4,0.0,utility_points,"{""disagreement_utility"":0.0}",ok,valid,[],"[""event_00000257""]",evaluation_receipt,episode_attempt_165be6b737d4e298f39e,6ebef292fa10010fdd15da0e40a63b0955f59d56960afe5b9e62aeed92919611,true
result_df93357ad4ac96e7aaca7344,runplan_dba33a0a9cb5c08f,cell_3c44d1a746afd8a84265,housing_v1__experiment__000003,housing_v1,housing_controlled_model_landlords_experiment,episode_attempt_165be6b737d4e298f39e,6ebef292fa10010fdd15da0e40a63b0955f59d56960afe5b9e62aeed92919611,included,housing_social_welfare_leaf,1.0.0,social_welfare,1.0.0,utility,tenant_5,tenant_5,0.0,utility_points,"{""disagreement_utility"":0.0}",ok,valid,[],"[""event_00000257""]",evaluation_receipt,episode_attempt_165be6b737d4e298f39e,6ebef292fa10010fdd15da0e40a63b0955f59d56960afe5b9e62aeed92919611,true
result_1ff0b7c7b72f50cb8f5b3875,runplan_dba33a0a9cb5c08f,cell_3c44d1a746afd8a84265,housing_v1__experiment__000003,housing_v1,housing_controlled_model_landlords_experiment,episode_attempt_165be6b737d4e298f39e,6ebef292fa10010fdd15da0e40a63b0955f59d56960afe5b9e62aeed92919611,included,housing_social_welfare_leaf,1.0.0,social_welfare,1.0.0,capture,landlord_0,landlord_0,91.85,utility_points,"{""disagreement_utility"":0.0}",ok,valid,[],"[""event_00000257""]",evaluation_receipt,episode_attempt_165be6b737d4e298f39e,6ebef292fa10010fdd15da0e40a63b0955f59d56960afe5b9e62aeed92919611,true
result_f394c229182bff3133861c55,runplan_dba33a0a9cb5c08f,cell_3c44d1a746afd8a84265,housing_v1__experiment__000003,housing_v1,housing_controlled_model_landlords_experiment,episode_attempt_165be6b737d4e298f39e,6ebef292fa10010fdd15da0e40a63b0955f59d56960afe5b9e62aeed92919611,included,housing_social_welfare_leaf,1.0.0,social_welfare,1.0.0,capture,landlord_1,landlord_1,0.0,utility_points,"{""disagreement_utility"":0.0}",ok,valid,[],"[""event_00000257""]",evaluation_receipt,episode_attempt_165be6b737d4e298f39e,6ebef292fa10010fdd15da0e40a63b0955f59d56960afe5b9e62aeed92919611,true
result_dc75e3d18e9bbe92f4b2a9dc,runplan_dba33a0a9cb5c08f,cell_3c44d1a746afd8a84265,housing_v1__experiment__000003,housing_v1,housing_controlled_model_landlords_experiment,episode_attempt_165be6b737d4e298f39e,6ebef292fa10010fdd15da0e40a63b0955f59d56960afe5b9e62aeed92919611,included,housing_social_welfare_leaf,1.0.0,social_welfare,1.0.0,capture,landlord_2,landlord_2,0.0,utility_points,"{""disagreement_utility"":0.0}",ok,valid,[],"[""event_00000257""]",evaluation_receipt,episode_attempt_165be6b737d4e298f39e,6ebef292fa10010fdd15da0e40a63b0955f59d56960afe5b9e62aeed92919611,true
result_993b29661c6118a5a8aca365,runplan_dba33a0a9cb5c08f,cell_3c44d1a746afd8a84265,housing_v1__experiment__000003,housing_v1,housing_controlled_model_landlords_experiment,episode_attempt_165be6b737d4e298f39e,6ebef292fa10010fdd15da0e40a63b0955f59d56960afe5b9e62aeed92919611,included,housing_social_welfare_leaf,1.0.0,social_welfare,1.0.0,capture,landlord_3,landlord_3,370.57,utility_points,"{""disagreement_utility"":0.0}",ok,valid,[],"[""event_00000257""]",evaluation_receipt,episode_attempt_165be6b737d4e298f39e,6ebef292fa10010fdd15da0e40a63b0955f59d56960afe5b9e62aeed92919611,true
result_0a8952df90fc338350732c74,runplan_dba33a0a9cb5c08f,cell_3c44d1a746afd8a84265,housing_v1__experiment__000003,housing_v1,housing_controlled_model_landlords_experiment,episode_attempt_165be6b737d4e298f39e,6ebef292fa10010fdd15da0e40a63b0955f59d56960afe5b9e62aeed92919611,included,housing_social_welfare_leaf,1.0.0,social_welfare,1.0.0,capture,tenant_0,tenant_0,104.2,utility_points,"{""disagreement_utility"":0.0}",ok,valid,[],"[""event_00000257""]",evaluation_receipt,episode_attempt_165be6b737d4e298f39e,6ebef292fa10010fdd15da0e40a63b0955f59d56960afe5b9e62aeed92919611,true
result_f5cc36a625c2ba8c134b8930,runplan_dba33a0a9cb5c08f,cell_3c44d1a746afd8a84265,housing_v1__experiment__000003,housing_v1,housing_controlled_model_landlords_experiment,episode_attempt_165be6b737d4e298f39e,6ebef292fa10010fdd15da0e40a63b0955f59d56960afe5b9e62aeed92919611,included,housing_social_welfare_leaf,1.0.0,social_welfare,1.0.0,capture,tenant_1,tenant_1,0.0,utility_points,"{""disagreement_utility"":0.0}",ok,valid,[],"[""event_00000257""]",evaluation_receipt,episode_attempt_165be6b737d4e298f39e,6ebef292fa10010fdd15da0e40a63b0955f59d56960afe5b9e62aeed92919611,true
result_e88d3320620d430fa541e132,runplan_dba33a0a9cb5c08f,cell_3c44d1a746afd8a84265,housing_v1__experiment__000003,housing_v1,housing_controlled_model_landlords_experiment,episode_attempt_165be6b737d4e298f39e,6ebef292fa10010fdd15da0e40a63b0955f59d56960afe5b9e62aeed92919611,included,housing_social_welfare_leaf,1.0.0,social_welfare,1.0.0,capture,tenant_2,tenant_2,0.0,utility_points,"{""disagreement_utility"":0.0}",ok,valid,[],"[""event_00000257""]",evaluation_receipt,episode_attempt_165be6b737d4e298f39e,6ebef292fa10010fdd15da0e40a63b0955f59d56960afe5b9e62aeed92919611,true
result_afad184f5d7a4fc630282ca2,runplan_dba33a0a9cb5c08f,cell_3c44d1a746afd8a84265,housing_v1__experiment__000003,housing_v1,housing_controlled_model_landlords_experiment,episode_attempt_165be6b737d4e298f39e,6ebef292fa10010fdd15da0e40a63b0955f59d56960afe5b9e62aeed92919611,included,housing_social_welfare_leaf,1.0.0,social_welfare,1.0.0,capture,tenant_3,tenant_3,0.0,utility_points,"{""disagreement_utility"":0.0}",ok,valid,[],"[""event_00000257""]",evaluation_receipt,episode_attempt_165be6b737d4e298f39e,6ebef292fa10010fdd15da0e40a63b0955f59d56960afe5b9e62aeed92919611,true
result_22a95d7f95ce6942591af0eb,runplan_dba33a0a9cb5c08f,cell_3c44d1a746afd8a84265,housing_v1__experiment__000003,housing_v1,housing_controlled_model_landlords_experiment,episode_attempt_165be6b737d4e298f39e,6ebef292fa10010fdd15da0e40a63b0955f59d56960afe5b9e62aeed92919611,included,housing_social_welfare_leaf,1.0.0,social_welfare,1.0.0,capture,tenant_4,tenant_4,0.0,utility_points,"{""disagreement_utility"":0.0}",ok,valid,[],"[""event_00000257""]",evaluation_receipt,episode_attempt_165be6b737d4e298f39e,6ebef292fa10010fdd15da0e40a63b0955f59d56960afe5b9e62aeed92919611,true
result_d70527f3bb80e7126b6d3052,runplan_dba33a0a9cb5c08f,cell_3c44d1a746afd8a84265,housing_v1__experiment__000003,housing_v1,housing_controlled_model_landlords_experiment,episode_attempt_165be6b737d4e298f39e,6ebef292fa10010fdd15da0e40a63b0955f59d56960afe5b9e62aeed92919611,included,housing_social_welfare_leaf,1.0.0,social_welfare,1.0.0,capture,tenant_5,tenant_5,0.0,utility_points,"{""disagreement_utility"":0.0}",ok,valid,[],"[""event_00000257""]",evaluation_receipt,episode_attempt_165be6b737d4e298f39e,6ebef292fa10010fdd15da0e40a63b0955f59d56960afe5b9e62aeed92919611,true
result_dae3a13c5cd86dd5de6d1e1b,runplan_dba33a0a9cb5c08f,cell_61cbbf75d588561955c7,housing_v1__experiment__000004,housing_v1,housing_controlled_model_landlords_experiment,episode_attempt_fd6226b25855ba2e963c,ccc559e585f82741f49022cb6316da70dbf45efc1e6e894fb04c9bafaf217e7e,included,housing_social_welfare_leaf,1.0.0,social_welfare,1.0.0,primary,social_welfare,,977.25,utility_points,{},ok,valid,[],"[""event_00000227""]",evaluation_receipt,episode_attempt_fd6226b25855ba2e963c,ccc559e585f82741f49022cb6316da70dbf45efc1e6e894fb04c9bafaf217e7e,true
result_4bbe582720919c70c3c135ef,runplan_dba33a0a9cb5c08f,cell_61cbbf75d588561955c7,housing_v1__experiment__000004,housing_v1,housing_controlled_model_landlords_experiment,episode_attempt_fd6226b25855ba2e963c,ccc559e585f82741f49022cb6316da70dbf45efc1e6e894fb04c9bafaf217e7e,included,housing_social_welfare_leaf,1.0.0,social_welfare,1.0.0,metric,comparison_baseline_gap,,-72.06999999999994,utility_points,{},ok,valid,[],"[""event_00000227""]",evaluation_receipt,episode_attempt_fd6226b25855ba2e963c,ccc559e585f82741f49022cb6316da70dbf45efc1e6e894fb04c9bafaf217e7e,true
result_16c803af7eb67cb4f7f84928,runplan_dba33a0a9cb5c08f,cell_61cbbf75d588561955c7,housing_v1__experiment__000004,housing_v1,housing_controlled_model_landlords_experiment,episode_attempt_fd6226b25855ba2e963c,ccc559e585f82741f49022cb6316da70dbf45efc1e6e894fb04c9bafaf217e7e,included,housing_social_welfare_leaf,1.0.0,social_welfare,1.0.0,metric,ir_violation_count,,1.0,count,{},ok,valid,[],"[""event_00000227""]",evaluation_receipt,episode_attempt_fd6226b25855ba2e963c,ccc559e585f82741f49022cb6316da70dbf45efc1e6e894fb04c9bafaf217e7e,true
result_964b9ea414f7f2bca5a1c19a,runplan_dba33a0a9cb5c08f,cell_61cbbf75d588561955c7,housing_v1__experiment__000004,housing_v1,housing_controlled_model_landlords_experiment,episode_attempt_fd6226b25855ba2e963c,ccc559e585f82741f49022cb6316da70dbf45efc1e6e894fb04c9bafaf217e7e,included,housing_social_welfare_leaf,1.0.0,social_welfare,1.0.0,metric,social_welfare,,977.25,utility_points,{},ok,valid,[],"[""event_00000227""]",evaluation_receipt,episode_attempt_fd6226b25855ba2e963c,ccc559e585f82741f49022cb6316da70dbf45efc1e6e894fb04c9bafaf217e7e,true
result_5929b8f54219593722ebd970,runplan_dba33a0a9cb5c08f,cell_61cbbf75d588561955c7,housing_v1__experiment__000004,housing_v1,housing_controlled_model_landlords_experiment,episode_attempt_fd6226b25855ba2e963c,ccc559e585f82741f49022cb6316da70dbf45efc1e6e894fb04c9bafaf217e7e,included,housing_social_welfare_leaf,1.0.0,social_welfare,1.0.0,metric,upper_bound_gap,,210.79999999999995,utility_points,{},ok,valid,[],"[""event_00000227""]",evaluation_receipt,episode_attempt_fd6226b25855ba2e963c,ccc559e585f82741f49022cb6316da70dbf45efc1e6e894fb04c9bafaf217e7e,true
result_5154d5c3da32f392ea245f30,runplan_dba33a0a9cb5c08f,cell_61cbbf75d588561955c7,housing_v1__experiment__000004,housing_v1,housing_controlled_model_landlords_experiment,episode_attempt_fd6226b25855ba2e963c,ccc559e585f82741f49022cb6316da70dbf45efc1e6e894fb04c9bafaf217e7e,included,housing_social_welfare_leaf,1.0.0,social_welfare,1.0.0,metric,wasted_contacts,,7.0,count,{},ok,valid,[],"[""event_00000227""]",evaluation_receipt,episode_attempt_fd6226b25855ba2e963c,ccc559e585f82741f49022cb6316da70dbf45efc1e6e894fb04c9bafaf217e7e,true
result_988d82352f91f0f10c21f995,runplan_dba33a0a9cb5c08f,cell_61cbbf75d588561955c7,housing_v1__experiment__000004,housing_v1,housing_controlled_model_landlords_experiment,episode_attempt_fd6226b25855ba2e963c,ccc559e585f82741f49022cb6316da70dbf45efc1e6e894fb04c9bafaf217e7e,included,housing_social_welfare_leaf,1.0.0,social_welfare,1.0.0,metric,within_case_score,,0.8225663903034385,ratio,{},ok,valid,[],"[""event_00000227""]",evaluation_receipt,episode_attempt_fd6226b25855ba2e963c,ccc559e585f82741f49022cb6316da70dbf45efc1e6e894fb04c9bafaf217e7e,true
result_d00d793d718cf2027e9265f5,runplan_dba33a0a9cb5c08f,cell_61cbbf75d588561955c7,housing_v1__experiment__000004,housing_v1,housing_controlled_model_landlords_experiment,episode_attempt_fd6226b25855ba2e963c,ccc559e585f82741f49022cb6316da70dbf45efc1e6e894fb04c9bafaf217e7e,included,housing_social_welfare_leaf,1.0.0,social_welfare,1.0.0,reference,comparison_baseline,,1049.32,utility_points,"{""policy"":""naive"",""reference_kind"":""comparison_baseline""}",ok,valid,[],"[""event_00000227""]",evaluation_receipt,episode_attempt_fd6226b25855ba2e963c,ccc559e585f82741f49022cb6316da70dbf45efc1e6e894fb04c9bafaf217e7e,true
result_a0ccb849bdb427f282ce5a6f,runplan_dba33a0a9cb5c08f,cell_61cbbf75d588561955c7,housing_v1__experiment__000004,housing_v1,housing_controlled_model_landlords_experiment,episode_attempt_fd6226b25855ba2e963c,ccc559e585f82741f49022cb6316da70dbf45efc1e6e894fb04c9bafaf217e7e,included,housing_social_welfare_leaf,1.0.0,social_welfare,1.0.0,reference,optimum_lower_bound,,0.0,utility_points,"{""policy"":""do_nothing"",""reference_kind"":""objective_lower_bound""}",ok,valid,[],"[""event_00000227""]",evaluation_receipt,episode_attempt_fd6226b25855ba2e963c,ccc559e585f82741f49022cb6316da70dbf45efc1e6e894fb04c9bafaf217e7e,true
result_d1f3187ac73b5ef8a01eceba,runplan_dba33a0a9cb5c08f,cell_61cbbf75d588561955c7,housing_v1__experiment__000004,housing_v1,housing_controlled_model_landlords_experiment,episode_attempt_fd6226b25855ba2e963c,ccc559e585f82741f49022cb6316da70dbf45efc1e6e894fb04c9bafaf217e7e,included,housing_social_welfare_leaf,1.0.0,social_welfare,1.0.0,reference,optimum_upper_bound,,1188.05,utility_points,"{""reference_kind"":""objective_upper_bound"",""semantics"":""full_information_allocation_relaxation""}",ok,valid,[],"[""event_00000227""]",evaluation_receipt,episode_attempt_fd6226b25855ba2e963c,ccc559e585f82741f49022cb6316da70dbf45efc1e6e894fb04c9bafaf217e7e,true
result_db2d7d783066a248ec469c05,runplan_dba33a0a9cb5c08f,cell_61cbbf75d588561955c7,housing_v1__experiment__000004,housing_v1,housing_controlled_model_landlords_experiment,episode_attempt_fd6226b25855ba2e963c,ccc559e585f82741f49022cb6316da70dbf45efc1e6e894fb04c9bafaf217e7e,included,housing_social_welfare_leaf,1.0.0,social_welfare,1.0.0,utility,landlord_0,landlord_0,0.0,utility_points,"{""disagreement_utility"":0.0}",ok,valid,[],"[""event_00000227""]",evaluation_receipt,episode_attempt_fd6226b25855ba2e963c,ccc559e585f82741f49022cb6316da70dbf45efc1e6e894fb04c9bafaf217e7e,true
result_29be7f4df16ecc3f0872db0f,runplan_dba33a0a9cb5c08f,cell_61cbbf75d588561955c7,housing_v1__experiment__000004,housing_v1,housing_controlled_model_landlords_experiment,episode_attempt_fd6226b25855ba2e963c,ccc559e585f82741f49022cb6316da70dbf45efc1e6e894fb04c9bafaf217e7e,included,housing_social_welfare_leaf,1.0.0,social_welfare,1.0.0,utility,landlord_1,landlord_1,145.25,utility_points,"{""disagreement_utility"":0.0}",ok,valid,[],"[""event_00000227""]",evaluation_receipt,episode_attempt_fd6226b25855ba2e963c,ccc559e585f82741f49022cb6316da70dbf45efc1e6e894fb04c9bafaf217e7e,true
result_d20344841341861213b55a50,runplan_dba33a0a9cb5c08f,cell_61cbbf75d588561955c7,housing_v1__experiment__000004,housing_v1,housing_controlled_model_landlords_experiment,episode_attempt_fd6226b25855ba2e963c,ccc559e585f82741f49022cb6316da70dbf45efc1e6e894fb04c9bafaf217e7e,included,housing_social_welfare_leaf,1.0.0,social_welfare,1.0.0,utility,landlord_2,landlord_2,520.76,utility_points,"{""disagreement_utility"":0.0}",ok,valid,[],"[""event_00000227""]",evaluation_receipt,episode_attempt_fd6226b25855ba2e963c,ccc559e585f82741f49022cb6316da70dbf45efc1e6e894fb04c9bafaf217e7e,true
result_6f676058ba4c2ff7389e792e,runplan_dba33a0a9cb5c08f,cell_61cbbf75d588561955c7,housing_v1__experiment__000004,housing_v1,housing_controlled_model_landlords_experiment,episode_attempt_fd6226b25855ba2e963c,ccc559e585f82741f49022cb6316da70dbf45efc1e6e894fb04c9bafaf217e7e,included,housing_social_welfare_leaf,1.0.0,social_welfare,1.0.0,utility,landlord_3,landlord_3,44.18,utility_points,"{""disagreement_utility"":0.0}",ok,valid,[],"[""event_00000227""]",evaluation_receipt,episode_attempt_fd6226b25855ba2e963c,ccc559e585f82741f49022cb6316da70dbf45efc1e6e894fb04c9bafaf217e7e,true
result_a73b41538765764cd9aedc47,runplan_dba33a0a9cb5c08f,cell_61cbbf75d588561955c7,housing_v1__experiment__000004,housing_v1,housing_controlled_model_landlords_experiment,episode_attempt_fd6226b25855ba2e963c,ccc559e585f82741f49022cb6316da70dbf45efc1e6e894fb04c9bafaf217e7e,included,housing_social_welfare_leaf,1.0.0,social_welfare,1.0.0,utility,tenant_0,tenant_0,386.43,utility_points,"{""disagreement_utility"":0.0}",ok,valid,[],"[""event_00000227""]",evaluation_receipt,episode_attempt_fd6226b25855ba2e963c,ccc559e585f82741f49022cb6316da70dbf45efc1e6e894fb04c9bafaf217e7e,true
result_79189386317b3cc38b768961,runplan_dba33a0a9cb5c08f,cell_61cbbf75d588561955c7,housing_v1__experiment__000004,housing_v1,housing_controlled_model_landlords_experiment,episode_attempt_fd6226b25855ba2e963c,ccc559e585f82741f49022cb6316da70dbf45efc1e6e894fb04c9bafaf217e7e,included,housing_social_welfare_leaf,1.0.0,social_welfare,1.0.0,utility,tenant_1,tenant_1,51.39,utility_points,"{""disagreement_utility"":0.0}",ok,valid,[],"[""event_00000227""]",evaluation_receipt,episode_attempt_fd6226b25855ba2e963c,ccc559e585f82741f49022cb6316da70dbf45efc1e6e894fb04c9bafaf217e7e,true
result_4ae94d3bee531ee10f68628f,runplan_dba33a0a9cb5c08f,cell_61cbbf75d588561955c7,housing_v1__experiment__000004,housing_v1,housing_controlled_model_landlords_experiment,episode_attempt_fd6226b25855ba2e963c,ccc559e585f82741f49022cb6316da70dbf45efc1e6e894fb04c9bafaf217e7e,included,housing_social_welfare_leaf,1.0.0,social_welfare,1.0.0,utility,tenant_2,tenant_2,0.0,utility_points,"{""disagreement_utility"":0.0}",ok,valid,[],"[""event_00000227""]",evaluation_receipt,episode_attempt_fd6226b25855ba2e963c,ccc559e585f82741f49022cb6316da70dbf45efc1e6e894fb04c9bafaf217e7e,true
result_d74c894af9cce26b009ad26a,runplan_dba33a0a9cb5c08f,cell_61cbbf75d588561955c7,housing_v1__experiment__000004,housing_v1,housing_controlled_model_landlords_experiment,episode_attempt_fd6226b25855ba2e963c,ccc559e585f82741f49022cb6316da70dbf45efc1e6e894fb04c9bafaf217e7e,included,housing_social_welfare_leaf,1.0.0,social_welfare,1.0.0,utility,tenant_3,tenant_3,-170.76,utility_points,"{""disagreement_utility"":0.0}",ok,valid,[],"[""event_00000227""]",evaluation_receipt,episode_attempt_fd6226b25855ba2e963c,ccc559e585f82741f49022cb6316da70dbf45efc1e6e894fb04c9bafaf217e7e,true
result_278ea1c99bca2c63eb488d8c,runplan_dba33a0a9cb5c08f,cell_61cbbf75d588561955c7,housing_v1__experiment__000004,housing_v1,housing_controlled_model_landlords_experiment,episode_attempt_fd6226b25855ba2e963c,ccc559e585f82741f49022cb6316da70dbf45efc1e6e894fb04c9bafaf217e7e,included,housing_social_welfare_leaf,1.0.0,social_welfare,1.0.0,utility,tenant_4,tenant_4,0.0,utility_points,"{""disagreement_utility"":0.0}",ok,valid,[],"[""event_00000227""]",evaluation_receipt,episode_attempt_fd6226b25855ba2e963c,ccc559e585f82741f49022cb6316da70dbf45efc1e6e894fb04c9bafaf217e7e,true
result_65625e21b7c4f3ae7e391947,runplan_dba33a0a9cb5c08f,cell_61cbbf75d588561955c7,housing_v1__experiment__000004,housing_v1,housing_controlled_model_landlords_experiment,episode_attempt_fd6226b25855ba2e963c,ccc559e585f82741f49022cb6316da70dbf45efc1e6e894fb04c9bafaf217e7e,included,housing_social_welfare_leaf,1.0.0,social_welfare,1.0.0,utility,tenant_5,tenant_5,0.0,utility_points,"{""disagreement_utility"":0.0}",ok,valid,[],"[""event_00000227""]",evaluation_receipt,episode_attempt_fd6226b25855ba2e963c,ccc559e585f82741f49022cb6316da70dbf45efc1e6e894fb04c9bafaf217e7e,true
result_4768f750db4f787bc8d33d95,runplan_dba33a0a9cb5c08f,cell_61cbbf75d588561955c7,housing_v1__experiment__000004,housing_v1,housing_controlled_model_landlords_experiment,episode_attempt_fd6226b25855ba2e963c,ccc559e585f82741f49022cb6316da70dbf45efc1e6e894fb04c9bafaf217e7e,included,housing_social_welfare_leaf,1.0.0,social_welfare,1.0.0,capture,landlord_0,landlord_0,0.0,utility_points,"{""disagreement_utility"":0.0}",ok,valid,[],"[""event_00000227""]",evaluation_receipt,episode_attempt_fd6226b25855ba2e963c,ccc559e585f82741f49022cb6316da70dbf45efc1e6e894fb04c9bafaf217e7e,true
result_c0a36c1c9b40dee0101e25f2,runplan_dba33a0a9cb5c08f,cell_61cbbf75d588561955c7,housing_v1__experiment__000004,housing_v1,housing_controlled_model_landlords_experiment,episode_attempt_fd6226b25855ba2e963c,ccc559e585f82741f49022cb6316da70dbf45efc1e6e894fb04c9bafaf217e7e,included,housing_social_welfare_leaf,1.0.0,social_welfare,1.0.0,capture,landlord_1,landlord_1,145.25,utility_points,"{""disagreement_utility"":0.0}",ok,valid,[],"[""event_00000227""]",evaluation_receipt,episode_attempt_fd6226b25855ba2e963c,ccc559e585f82741f49022cb6316da70dbf45efc1e6e894fb04c9bafaf217e7e,true
result_e45b0f97beadcb0d3a26e187,runplan_dba33a0a9cb5c08f,cell_61cbbf75d588561955c7,housing_v1__experiment__000004,housing_v1,housing_controlled_model_landlords_experiment,episode_attempt_fd6226b25855ba2e963c,ccc559e585f82741f49022cb6316da70dbf45efc1e6e894fb04c9bafaf217e7e,included,housing_social_welfare_leaf,1.0.0,social_welfare,1.0.0,capture,landlord_2,landlord_2,520.76,utility_points,"{""disagreement_utility"":0.0}",ok,valid,[],"[""event_00000227""]",evaluation_receipt,episode_attempt_fd6226b25855ba2e963c,ccc559e585f82741f49022cb6316da70dbf45efc1e6e894fb04c9bafaf217e7e,true
result_2f2ded44c17f3ff7943e561a,runplan_dba33a0a9cb5c08f,cell_61cbbf75d588561955c7,housing_v1__experiment__000004,housing_v1,housing_controlled_model_landlords_experiment,episode_attempt_fd6226b25855ba2e963c,ccc559e585f82741f49022cb6316da70dbf45efc1e6e894fb04c9bafaf217e7e,included,housing_social_welfare_leaf,1.0.0,social_welfare,1.0.0,capture,landlord_3,landlord_3,44.18,utility_points,"{""disagreement_utility"":0.0}",ok,valid,[],"[""event_00000227""]",evaluation_receipt,episode_attempt_fd6226b25855ba2e963c,ccc559e585f82741f49022cb6316da70dbf45efc1e6e894fb04c9bafaf217e7e,true
result_bf94b736dd27570e34738117,runplan_dba33a0a9cb5c08f,cell_61cbbf75d588561955c7,housing_v1__experiment__000004,housing_v1,housing_controlled_model_landlords_experiment,episode_attempt_fd6226b25855ba2e963c,ccc559e585f82741f49022cb6316da70dbf45efc1e6e894fb04c9bafaf217e7e,included,housing_social_welfare_leaf,1.0.0,social_welfare,1.0.0,capture,tenant_0,tenant_0,386.43,utility_points,"{""disagreement_utility"":0.0}",ok,valid,[],"[""event_00000227""]",evaluation_receipt,episode_attempt_fd6226b25855ba2e963c,ccc559e585f82741f49022cb6316da70dbf45efc1e6e894fb04c9bafaf217e7e,true
result_60bef622d920defc552ee545,runplan_dba33a0a9cb5c08f,cell_61cbbf75d588561955c7,housing_v1__experiment__000004,housing_v1,housing_controlled_model_landlords_experiment,episode_attempt_fd6226b25855ba2e963c,ccc559e585f82741f49022cb6316da70dbf45efc1e6e894fb04c9bafaf217e7e,included,housing_social_welfare_leaf,1.0.0,social_welfare,1.0.0,capture,tenant_1,tenant_1,51.39,utility_points,"{""disagreement_utility"":0.0}",ok,valid,[],"[""event_00000227""]",evaluation_receipt,episode_attempt_fd6226b25855ba2e963c,ccc559e585f82741f49022cb6316da70dbf45efc1e6e894fb04c9bafaf217e7e,true
result_2baf9fa69412d008e31aa7f3,runplan_dba33a0a9cb5c08f,cell_61cbbf75d588561955c7,housing_v1__experiment__000004,housing_v1,housing_controlled_model_landlords_experiment,episode_attempt_fd6226b25855ba2e963c,ccc559e585f82741f49022cb6316da70dbf45efc1e6e894fb04c9bafaf217e7e,included,housing_social_welfare_leaf,1.0.0,social_welfare,1.0.0,capture,tenant_2,tenant_2,0.0,utility_points,"{""disagreement_utility"":0.0}",ok,valid,[],"[""event_00000227""]",evaluation_receipt,episode_attempt_fd6226b25855ba2e963c,ccc559e585f82741f49022cb6316da70dbf45efc1e6e894fb04c9bafaf217e7e,true
result_640b0079cb452e1f6521d7fe,runplan_dba33a0a9cb5c08f,cell_61cbbf75d588561955c7,housing_v1__experiment__000004,housing_v1,housing_controlled_model_landlords_experiment,episode_attempt_fd6226b25855ba2e963c,ccc559e585f82741f49022cb6316da70dbf45efc1e6e894fb04c9bafaf217e7e,included,housing_social_welfare_leaf,1.0.0,social_welfare,1.0.0,capture,tenant_3,tenant_3,-170.76,utility_points,"{""disagreement_utility"":0.0}",ok,valid,[],"[""event_00000227""]",evaluation_receipt,episode_attempt_fd6226b25855ba2e963c,ccc559e585f82741f49022cb6316da70dbf45efc1e6e894fb04c9bafaf217e7e,true
result_a794dc187ebb28cd8c4cf797,runplan_dba33a0a9cb5c08f,cell_61cbbf75d588561955c7,housing_v1__experiment__000004,housing_v1,housing_controlled_model_landlords_experiment,episode_attempt_fd6226b25855ba2e963c,ccc559e585f82741f49022cb6316da70dbf45efc1e6e894fb04c9bafaf217e7e,included,housing_social_welfare_leaf,1.0.0,social_welfare,1.0.0,capture,tenant_4,tenant_4,0.0,utility_points,"{""disagreement_utility"":0.0}",ok,valid,[],"[""event_00000227""]",evaluation_receipt,episode_attempt_fd6226b25855ba2e963c,ccc559e585f82741f49022cb6316da70dbf45efc1e6e894fb04c9bafaf217e7e,true
result_06cb03e7efefe6e43cb770cd,runplan_dba33a0a9cb5c08f,cell_61cbbf75d588561955c7,housing_v1__experiment__000004,housing_v1,housing_controlled_model_landlords_experiment,episode_attempt_fd6226b25855ba2e963c,ccc559e585f82741f49022cb6316da70dbf45efc1e6e894fb04c9bafaf217e7e,included,housing_social_welfare_leaf,1.0.0,social_welfare,1.0.0,capture,tenant_5,tenant_5,0.0,utility_points,"{""disagreement_utility"":0.0}",ok,valid,[],"[""event_00000227""]",evaluation_receipt,episode_attempt_fd6226b25855ba2e963c,ccc559e585f82741f49022cb6316da70dbf45efc1e6e894fb04c9bafaf217e7e,true
result_a85c69a883b7edc38cc2268c,runplan_dba33a0a9cb5c08f,cell_82d77ecc533c79b57619,housing_v1__experiment__000007,housing_v1,housing_controlled_model_landlords_experiment,episode_attempt_c5f692de5d774da480da,8d3086aea73a8009e5c1506d1387270f639b2672bf3d72072819ebceea26b560,included,housing_social_welfare_leaf,1.0.0,social_welfare,1.0.0,primary,social_welfare,,1162.19,utility_points,{},ok,valid,[],"[""event_00000273""]",evaluation_receipt,episode_attempt_c5f692de5d774da480da,8d3086aea73a8009e5c1506d1387270f639b2672bf3d72072819ebceea26b560,true
result_2d7e9b281b00769ab1176a04,runplan_dba33a0a9cb5c08f,cell_82d77ecc533c79b57619,housing_v1__experiment__000007,housing_v1,housing_controlled_model_landlords_experiment,episode_attempt_c5f692de5d774da480da,8d3086aea73a8009e5c1506d1387270f639b2672bf3d72072819ebceea26b560,included,housing_social_welfare_leaf,1.0.0,social_welfare,1.0.0,metric,comparison_baseline_gap,,53.99000000000001,utility_points,{},ok,valid,[],"[""event_00000273""]",evaluation_receipt,episode_attempt_c5f692de5d774da480da,8d3086aea73a8009e5c1506d1387270f639b2672bf3d72072819ebceea26b560,true
result_dc8afd9c6f1fec0885abb519,runplan_dba33a0a9cb5c08f,cell_82d77ecc533c79b57619,housing_v1__experiment__000007,housing_v1,housing_controlled_model_landlords_experiment,episode_attempt_c5f692de5d774da480da,8d3086aea73a8009e5c1506d1387270f639b2672bf3d72072819ebceea26b560,included,housing_social_welfare_leaf,1.0.0,social_welfare,1.0.0,metric,ir_violation_count,,0.0,count,{},ok,valid,[],"[""event_00000273""]",evaluation_receipt,episode_attempt_c5f692de5d774da480da,8d3086aea73a8009e5c1506d1387270f639b2672bf3d72072819ebceea26b560,true
result_e9f824d35e25f2cc1ecb270d,runplan_dba33a0a9cb5c08f,cell_82d77ecc533c79b57619,housing_v1__experiment__000007,housing_v1,housing_controlled_model_landlords_experiment,episode_attempt_c5f692de5d774da480da,8d3086aea73a8009e5c1506d1387270f639b2672bf3d72072819ebceea26b560,included,housing_social_welfare_leaf,1.0.0,social_welfare,1.0.0,metric,social_welfare,,1162.19,utility_points,{},ok,valid,[],"[""event_00000273""]",evaluation_receipt,episode_attempt_c5f692de5d774da480da,8d3086aea73a8009e5c1506d1387270f639b2672bf3d72072819ebceea26b560,true
result_0fe3aa1ed9a52554dee11b44,runplan_dba33a0a9cb5c08f,cell_82d77ecc533c79b57619,housing_v1__experiment__000007,housing_v1,housing_controlled_model_landlords_experiment,episode_attempt_c5f692de5d774da480da,8d3086aea73a8009e5c1506d1387270f639b2672bf3d72072819ebceea26b560,included,housing_social_welfare_leaf,1.0.0,social_welfare,1.0.0,metric,upper_bound_gap,,162.41999999999985,utility_points,{},ok,valid,[],"[""event_00000273""]",evaluation_receipt,episode_attempt_c5f692de5d774da480da,8d3086aea73a8009e5c1506d1387270f639b2672bf3d72072819ebceea26b560,true
result_1a3b1a481c66c690a20e999c,runplan_dba33a0a9cb5c08f,cell_82d77ecc533c79b57619,housing_v1__experiment__000007,housing_v1,housing_controlled_model_landlords_experiment,episode_attempt_c5f692de5d774da480da,8d3086aea73a8009e5c1506d1387270f639b2672bf3d72072819ebceea26b560,included,housing_social_welfare_leaf,1.0.0,social_welfare,1.0.0,metric,wasted_contacts,,9.0,count,{},ok,valid,[],"[""event_00000273""]",evaluation_receipt,episode_attempt_c5f692de5d774da480da,8d3086aea73a8009e5c1506d1387270f639b2672bf3d72072819ebceea26b560,true
result_ba0bc06ae276c19e8c55630f,runplan_dba33a0a9cb5c08f,cell_82d77ecc533c79b57619,housing_v1__experiment__000007,housing_v1,housing_controlled_model_landlords_experiment,episode_attempt_c5f692de5d774da480da,8d3086aea73a8009e5c1506d1387270f639b2672bf3d72072819ebceea26b560,included,housing_social_welfare_leaf,1.0.0,social_welfare,1.0.0,metric,within_case_score,,0.8773827768173275,ratio,{},ok,valid,[],"[""event_00000273""]",evaluation_receipt,episode_attempt_c5f692de5d774da480da,8d3086aea73a8009e5c1506d1387270f639b2672bf3d72072819ebceea26b560,true
result_76d3073323645715b1629ca4,runplan_dba33a0a9cb5c08f,cell_82d77ecc533c79b57619,housing_v1__experiment__000007,housing_v1,housing_controlled_model_landlords_experiment,episode_attempt_c5f692de5d774da480da,8d3086aea73a8009e5c1506d1387270f639b2672bf3d72072819ebceea26b560,included,housing_social_welfare_leaf,1.0.0,social_welfare,1.0.0,reference,comparison_baseline,,1108.2,utility_points,"{""policy"":""naive"",""reference_kind"":""comparison_baseline""}",ok,valid,[],"[""event_00000273""]",evaluation_receipt,episode_attempt_c5f692de5d774da480da,8d3086aea73a8009e5c1506d1387270f639b2672bf3d72072819ebceea26b560,true
result_4538de4f4593db09b790ae78,runplan_dba33a0a9cb5c08f,cell_82d77ecc533c79b57619,housing_v1__experiment__000007,housing_v1,housing_controlled_model_landlords_experiment,episode_attempt_c5f692de5d774da480da,8d3086aea73a8009e5c1506d1387270f639b2672bf3d72072819ebceea26b560,included,housing_social_welfare_leaf,1.0.0,social_welfare,1.0.0,reference,optimum_lower_bound,,0.0,utility_points,"{""policy"":""do_nothing"",""reference_kind"":""objective_lower_bound""}",ok,valid,[],"[""event_00000273""]",evaluation_receipt,episode_attempt_c5f692de5d774da480da,8d3086aea73a8009e5c1506d1387270f639b2672bf3d72072819ebceea26b560,true
result_178ab1dad51b7c77675813ad,runplan_dba33a0a9cb5c08f,cell_82d77ecc533c79b57619,housing_v1__experiment__000007,housing_v1,housing_controlled_model_landlords_experiment,episode_attempt_c5f692de5d774da480da,8d3086aea73a8009e5c1506d1387270f639b2672bf3d72072819ebceea26b560,included,housing_social_welfare_leaf,1.0.0,social_welfare,1.0.0,reference,optimum_upper_bound,,1324.61,utility_points,"{""reference_kind"":""objective_upper_bound"",""semantics"":""full_information_allocation_relaxation""}",ok,valid,[],"[""event_00000273""]",evaluation_receipt,episode_attempt_c5f692de5d774da480da,8d3086aea73a8009e5c1506d1387270f639b2672bf3d72072819ebceea26b560,true
result_67edd97b78cb15aed9aa2779,runplan_dba33a0a9cb5c08f,cell_82d77ecc533c79b57619,housing_v1__experiment__000007,housing_v1,housing_controlled_model_landlords_experiment,episode_attempt_c5f692de5d774da480da,8d3086aea73a8009e5c1506d1387270f639b2672bf3d72072819ebceea26b560,included,housing_social_welfare_leaf,1.0.0,social_welfare,1.0.0,utility,landlord_0,landlord_0,158.64,utility_points,"{""disagreement_utility"":0.0}",ok,valid,[],"[""event_00000273""]",evaluation_receipt,episode_attempt_c5f692de5d774da480da,8d3086aea73a8009e5c1506d1387270f639b2672bf3d72072819ebceea26b560,true
result_b58cdf449f29a9e215a91495,runplan_dba33a0a9cb5c08f,cell_82d77ecc533c79b57619,housing_v1__experiment__000007,housing_v1,housing_controlled_model_landlords_experiment,episode_attempt_c5f692de5d774da480da,8d3086aea73a8009e5c1506d1387270f639b2672bf3d72072819ebceea26b560,included,housing_social_welfare_leaf,1.0.0,social_welfare,1.0.0,utility,landlord_1,landlord_1,0.0,utility_points,"{""disagreement_utility"":0.0}",ok,valid,[],"[""event_00000273""]",evaluation_receipt,episode_attempt_c5f692de5d774da480da,8d3086aea73a8009e5c1506d1387270f639b2672bf3d72072819ebceea26b560,true
result_8419335def6d87ea4132bee2,runplan_dba33a0a9cb5c08f,cell_82d77ecc533c79b57619,housing_v1__experiment__000007,housing_v1,housing_controlled_model_landlords_experiment,episode_attempt_c5f692de5d774da480da,8d3086aea73a8009e5c1506d1387270f639b2672bf3d72072819ebceea26b560,included,housing_social_welfare_leaf,1.0.0,social_welfare,1.0.0,utility,landlord_2,landlord_2,0.0,utility_points,"{""disagreement_utility"":0.0}",ok,valid,[],"[""event_00000273""]",evaluation_receipt,episode_attempt_c5f692de5d774da480da,8d3086aea73a8009e5c1506d1387270f639b2672bf3d72072819ebceea26b560,true
result_0f07444c91aa2ee4bf52ffaf,runplan_dba33a0a9cb5c08f,cell_82d77ecc533c79b57619,housing_v1__experiment__000007,housing_v1,housing_controlled_model_landlords_experiment,episode_attempt_c5f692de5d774da480da,8d3086aea73a8009e5c1506d1387270f639b2672bf3d72072819ebceea26b560,included,housing_social_welfare_leaf,1.0.0,social_welfare,1.0.0,utility,landlord_3,landlord_3,474.7,utility_points,"{""disagreement_utility"":0.0}",ok,valid,[],"[""event_00000273""]",evaluation_receipt,episode_attempt_c5f692de5d774da480da,8d3086aea73a8009e5c1506d1387270f639b2672bf3d72072819ebceea26b560,true
result_7f32eb6f0fc96ac443cae2fd,runplan_dba33a0a9cb5c08f,cell_82d77ecc533c79b57619,housing_v1__experiment__000007,housing_v1,housing_controlled_model_landlords_experiment,episode_attempt_c5f692de5d774da480da,8d3086aea73a8009e5c1506d1387270f639b2672bf3d72072819ebceea26b560,included,housing_social_welfare_leaf,1.0.0,social_welfare,1.0.0,utility,tenant_0,tenant_0,0.0,utility_points,"{""disagreement_utility"":0.0}",ok,valid,[],"[""event_00000273""]",evaluation_receipt,episode_attempt_c5f692de5d774da480da,8d3086aea73a8009e5c1506d1387270f639b2672bf3d72072819ebceea26b560,true
result_4e5b6fd925b6e644ff741af4,runplan_dba33a0a9cb5c08f,cell_82d77ecc533c79b57619,housing_v1__experiment__000007,housing_v1,housing_controlled_model_landlords_experiment,episode_attempt_c5f692de5d774da480da,8d3086aea73a8009e5c1506d1387270f639b2672bf3d72072819ebceea26b560,included,housing_social_welfare_leaf,1.0.0,social_welfare,1.0.0,utility,tenant_1,tenant_1,0.0,utility_points,"{""disagreement_utility"":0.0}",ok,valid,[],"[""event_00000273""]",evaluation_receipt,episode_attempt_c5f692de5d774da480da,8d3086aea73a8009e5c1506d1387270f639b2672bf3d72072819ebceea26b560,true
result_20948c999a21a4c3de1c3e5f,runplan_dba33a0a9cb5c08f,cell_82d77ecc533c79b57619,housing_v1__experiment__000007,housing_v1,housing_controlled_model_landlords_experiment,episode_attempt_c5f692de5d774da480da,8d3086aea73a8009e5c1506d1387270f639b2672bf3d72072819ebceea26b560,included,housing_social_welfare_leaf,1.0.0,social_welfare,1.0.0,utility,tenant_2,tenant_2,0.0,utility_points,"{""disagreement_utility"":0.0}",ok,valid,[],"[""event_00000273""]",evaluation_receipt,episode_attempt_c5f692de5d774da480da,8d3086aea73a8009e5c1506d1387270f639b2672bf3d72072819ebceea26b560,true
result_46cb9b0d1d22ff69fef31f66,runplan_dba33a0a9cb5c08f,cell_82d77ecc533c79b57619,housing_v1__experiment__000007,housing_v1,housing_controlled_model_landlords_experiment,episode_attempt_c5f692de5d774da480da,8d3086aea73a8009e5c1506d1387270f639b2672bf3d72072819ebceea26b560,included,housing_social_welfare_leaf,1.0.0,social_welfare,1.0.0,utility,tenant_3,tenant_3,114.21,utility_points,"{""disagreement_utility"":0.0}",ok,valid,[],"[""event_00000273""]",evaluation_receipt,episode_attempt_c5f692de5d774da480da,8d3086aea73a8009e5c1506d1387270f639b2672bf3d72072819ebceea26b560,true
result_15269123043540c576d3672b,runplan_dba33a0a9cb5c08f,cell_82d77ecc533c79b57619,housing_v1__experiment__000007,housing_v1,housing_controlled_model_landlords_experiment,episode_attempt_c5f692de5d774da480da,8d3086aea73a8009e5c1506d1387270f639b2672bf3d72072819ebceea26b560,included,housing_social_welfare_leaf,1.0.0,social_welfare,1.0.0,utility,tenant_4,tenant_4,0.0,utility_points,"{""disagreement_utility"":0.0}",ok,valid,[],"[""event_00000273""]",evaluation_receipt,episode_attempt_c5f692de5d774da480da,8d3086aea73a8009e5c1506d1387270f639b2672bf3d72072819ebceea26b560,true
result_c1b4ef0d7111577a56f2cfc7,runplan_dba33a0a9cb5c08f,cell_82d77ecc533c79b57619,housing_v1__experiment__000007,housing_v1,housing_controlled_model_landlords_experiment,episode_attempt_c5f692de5d774da480da,8d3086aea73a8009e5c1506d1387270f639b2672bf3d72072819ebceea26b560,included,housing_social_welfare_leaf,1.0.0,social_welfare,1.0.0,utility,tenant_5,tenant_5,414.64,utility_points,"{""disagreement_utility"":0.0}",ok,valid,[],"[""event_00000273""]",evaluation_receipt,episode_attempt_c5f692de5d774da480da,8d3086aea73a8009e5c1506d1387270f639b2672bf3d72072819ebceea26b560,true
result_78028d023d05e52dc4c39ab1,runplan_dba33a0a9cb5c08f,cell_82d77ecc533c79b57619,housing_v1__experiment__000007,housing_v1,housing_controlled_model_landlords_experiment,episode_attempt_c5f692de5d774da480da,8d3086aea73a8009e5c1506d1387270f639b2672bf3d72072819ebceea26b560,included,housing_social_welfare_leaf,1.0.0,social_welfare,1.0.0,capture,landlord_0,landlord_0,158.64,utility_points,"{""disagreement_utility"":0.0}",ok,valid,[],"[""event_00000273""]",evaluation_receipt,episode_attempt_c5f692de5d774da480da,8d3086aea73a8009e5c1506d1387270f639b2672bf3d72072819ebceea26b560,true
result_4228be59629f85ded4c702d5,runplan_dba33a0a9cb5c08f,cell_82d77ecc533c79b57619,housing_v1__experiment__000007,housing_v1,housing_controlled_model_landlords_experiment,episode_attempt_c5f692de5d774da480da,8d3086aea73a8009e5c1506d1387270f639b2672bf3d72072819ebceea26b560,included,housing_social_welfare_leaf,1.0.0,social_welfare,1.0.0,capture,landlord_1,landlord_1,0.0,utility_points,"{""disagreement_utility"":0.0}",ok,valid,[],"[""event_00000273""]",evaluation_receipt,episode_attempt_c5f692de5d774da480da,8d3086aea73a8009e5c1506d1387270f639b2672bf3d72072819ebceea26b560,true
result_a8692bef5d28bb24194ad76d,runplan_dba33a0a9cb5c08f,cell_82d77ecc533c79b57619,housing_v1__experiment__000007,housing_v1,housing_controlled_model_landlords_experiment,episode_attempt_c5f692de5d774da480da,8d3086aea73a8009e5c1506d1387270f639b2672bf3d72072819ebceea26b560,included,housing_social_welfare_leaf,1.0.0,social_welfare,1.0.0,capture,landlord_2,landlord_2,0.0,utility_points,"{""disagreement_utility"":0.0}",ok,valid,[],"[""event_00000273""]",evaluation_receipt,episode_attempt_c5f692de5d774da480da,8d3086aea73a8009e5c1506d1387270f639b2672bf3d72072819ebceea26b560,true
result_ccca49c075b71bb08e81d86b,runplan_dba33a0a9cb5c08f,cell_82d77ecc533c79b57619,housing_v1__experiment__000007,housing_v1,housing_controlled_model_landlords_experiment,episode_attempt_c5f692de5d774da480da,8d3086aea73a8009e5c1506d1387270f639b2672bf3d72072819ebceea26b560,included,housing_social_welfare_leaf,1.0.0,social_welfare,1.0.0,capture,landlord_3,landlord_3,474.7,utility_points,"{""disagreement_utility"":0.0}",ok,valid,[],"[""event_00000273""]",evaluation_receipt,episode_attempt_c5f692de5d774da480da,8d3086aea73a8009e5c1506d1387270f639b2672bf3d72072819ebceea26b560,true
result_1158c689a30d6e311afd4835,runplan_dba33a0a9cb5c08f,cell_82d77ecc533c79b57619,housing_v1__experiment__000007,housing_v1,housing_controlled_model_landlords_experiment,episode_attempt_c5f692de5d774da480da,8d3086aea73a8009e5c1506d1387270f639b2672bf3d72072819ebceea26b560,included,housing_social_welfare_leaf,1.0.0,social_welfare,1.0.0,capture,tenant_0,tenant_0,0.0,utility_points,"{""disagreement_utility"":0.0}",ok,valid,[],"[""event_00000273""]",evaluation_receipt,episode_attempt_c5f692de5d774da480da,8d3086aea73a8009e5c1506d1387270f639b2672bf3d72072819ebceea26b560,true
result_9abbd0ffc65c6d39859e1ecc,runplan_dba33a0a9cb5c08f,cell_82d77ecc533c79b57619,housing_v1__experiment__000007,housing_v1,housing_controlled_model_landlords_experiment,episode_attempt_c5f692de5d774da480da,8d3086aea73a8009e5c1506d1387270f639b2672bf3d72072819ebceea26b560,included,housing_social_welfare_leaf,1.0.0,social_welfare,1.0.0,capture,tenant_1,tenant_1,0.0,utility_points,"{""disagreement_utility"":0.0}",ok,valid,[],"[""event_00000273""]",evaluation_receipt,episode_attempt_c5f692de5d774da480da,8d3086aea73a8009e5c1506d1387270f639b2672bf3d72072819ebceea26b560,true
result_145f061c04a950a5e3319485,runplan_dba33a0a9cb5c08f,cell_82d77ecc533c79b57619,housing_v1__experiment__000007,housing_v1,housing_controlled_model_landlords_experiment,episode_attempt_c5f692de5d774da480da,8d3086aea73a8009e5c1506d1387270f639b2672bf3d72072819ebceea26b560,included,housing_social_welfare_leaf,1.0.0,social_welfare,1.0.0,capture,tenant_2,tenant_2,0.0,utility_points,"{""disagreement_utility"":0.0}",ok,valid,[],"[""event_00000273""]",evaluation_receipt,episode_attempt_c5f692de5d774da480da,8d3086aea73a8009e5c1506d1387270f639b2672bf3d72072819ebceea26b560,true
result_094a1ff865ea3a92aa3ae85d,runplan_dba33a0a9cb5c08f,cell_82d77ecc533c79b57619,housing_v1__experiment__000007,housing_v1,housing_controlled_model_landlords_experiment,episode_attempt_c5f692de5d774da480da,8d3086aea73a8009e5c1506d1387270f639b2672bf3d72072819ebceea26b560,included,housing_social_welfare_leaf,1.0.0,social_welfare,1.0.0,capture,tenant_3,tenant_3,114.21,utility_points,"{""disagreement_utility"":0.0}",ok,valid,[],"[""event_00000273""]",evaluation_receipt,episode_attempt_c5f692de5d774da480da,8d3086aea73a8009e5c1506d1387270f639b2672bf3d72072819ebceea26b560,true
result_89958a515e7d2be2dfc585bf,runplan_dba33a0a9cb5c08f,cell_82d77ecc533c79b57619,housing_v1__experiment__000007,housing_v1,housing_controlled_model_landlords_experiment,episode_attempt_c5f692de5d774da480da,8d3086aea73a8009e5c1506d1387270f639b2672bf3d72072819ebceea26b560,included,housing_social_welfare_leaf,1.0.0,social_welfare,1.0.0,capture,tenant_4,tenant_4,0.0,utility_points,"{""disagreement_utility"":0.0}",ok,valid,[],"[""event_00000273""]",evaluation_receipt,episode_attempt_c5f692de5d774da480da,8d3086aea73a8009e5c1506d1387270f639b2672bf3d72072819ebceea26b560,true
result_0eedd6259144cde06a022bf5,runplan_dba33a0a9cb5c08f,cell_82d77ecc533c79b57619,housing_v1__experiment__000007,housing_v1,housing_controlled_model_landlords_experiment,episode_attempt_c5f692de5d774da480da,8d3086aea73a8009e5c1506d1387270f639b2672bf3d72072819ebceea26b560,included,housing_social_welfare_leaf,1.0.0,social_welfare,1.0.0,capture,tenant_5,tenant_5,414.64,utility_points,"{""disagreement_utility"":0.0}",ok,valid,[],"[""event_00000273""]",evaluation_receipt,episode_attempt_c5f692de5d774da480da,8d3086aea73a8009e5c1506d1387270f639b2672bf3d72072819ebceea26b560,true
result_a25f37880bb030c0709aba38,runplan_dba33a0a9cb5c08f,cell_854a00c7aff3b2dc5621,housing_v1__experiment__000001,housing_v1,housing_controlled_model_landlords_experiment,episode_attempt_130a605609230bd7c031,bf7d94b1422304c06aabe6504c6de0f1cbdb6db823e910d41f0d08759a7b73ca,included,housing_social_welfare_leaf,1.0.0,social_welfare,1.0.0,primary,social_welfare,,1544.95,utility_points,{},ok,valid,[],"[""event_00000231""]",evaluation_receipt,episode_attempt_130a605609230bd7c031,bf7d94b1422304c06aabe6504c6de0f1cbdb6db823e910d41f0d08759a7b73ca,true
result_8809dd09c0410e4261e0e038,runplan_dba33a0a9cb5c08f,cell_854a00c7aff3b2dc5621,housing_v1__experiment__000001,housing_v1,housing_controlled_model_landlords_experiment,episode_attempt_130a605609230bd7c031,bf7d94b1422304c06aabe6504c6de0f1cbdb6db823e910d41f0d08759a7b73ca,included,housing_social_welfare_leaf,1.0.0,social_welfare,1.0.0,metric,comparison_baseline_gap,,-8.569999999999936,utility_points,{},ok,valid,[],"[""event_00000231""]",evaluation_receipt,episode_attempt_130a605609230bd7c031,bf7d94b1422304c06aabe6504c6de0f1cbdb6db823e910d41f0d08759a7b73ca,true
result_650a149881030a19fd09f5f2,runplan_dba33a0a9cb5c08f,cell_854a00c7aff3b2dc5621,housing_v1__experiment__000001,housing_v1,housing_controlled_model_landlords_experiment,episode_attempt_130a605609230bd7c031,bf7d94b1422304c06aabe6504c6de0f1cbdb6db823e910d41f0d08759a7b73ca,included,housing_social_welfare_leaf,1.0.0,social_welfare,1.0.0,metric,ir_violation_count,,0.0,count,{},ok,valid,[],"[""event_00000231""]",evaluation_receipt,episode_attempt_130a605609230bd7c031,bf7d94b1422304c06aabe6504c6de0f1cbdb6db823e910d41f0d08759a7b73ca,true
result_9eab492498050802933acfac,runplan_dba33a0a9cb5c08f,cell_854a00c7aff3b2dc5621,housing_v1__experiment__000001,housing_v1,housing_controlled_model_landlords_experiment,episode_attempt_130a605609230bd7c031,bf7d94b1422304c06aabe6504c6de0f1cbdb6db823e910d41f0d08759a7b73ca,included,housing_social_welfare_leaf,1.0.0,social_welfare,1.0.0,metric,social_welfare,,1544.95,utility_points,{},ok,valid,[],"[""event_00000231""]",evaluation_receipt,episode_attempt_130a605609230bd7c031,bf7d94b1422304c06aabe6504c6de0f1cbdb6db823e910d41f0d08759a7b73ca,true
result_6737ffb35b0114d9919039c1,runplan_dba33a0a9cb5c08f,cell_854a00c7aff3b2dc5621,housing_v1__experiment__000001,housing_v1,housing_controlled_model_landlords_experiment,episode_attempt_130a605609230bd7c031,bf7d94b1422304c06aabe6504c6de0f1cbdb6db823e910d41f0d08759a7b73ca,included,housing_social_welfare_leaf,1.0.0,social_welfare,1.0.0,metric,upper_bound_gap,,459.3399999999999,utility_points,{},ok,valid,[],"[""event_00000231""]",evaluation_receipt,episode_attempt_130a605609230bd7c031,bf7d94b1422304c06aabe6504c6de0f1cbdb6db823e910d41f0d08759a7b73ca,true
result_7e8e4b827e170af55190fcdd,runplan_dba33a0a9cb5c08f,cell_854a00c7aff3b2dc5621,housing_v1__experiment__000001,housing_v1,housing_controlled_model_landlords_experiment,episode_attempt_130a605609230bd7c031,bf7d94b1422304c06aabe6504c6de0f1cbdb6db823e910d41f0d08759a7b73ca,included,housing_social_welfare_leaf,1.0.0,social_welfare,1.0.0,metric,wasted_contacts,,7.0,count,{},ok,valid,[],"[""event_00000231""]",evaluation_receipt,episode_attempt_130a605609230bd7c031,bf7d94b1422304c06aabe6504c6de0f1cbdb6db823e910d41f0d08759a7b73ca,true
result_832369bee4fdf464dbec3855,runplan_dba33a0a9cb5c08f,cell_854a00c7aff3b2dc5621,housing_v1__experiment__000001,housing_v1,housing_controlled_model_landlords_experiment,episode_attempt_130a605609230bd7c031,bf7d94b1422304c06aabe6504c6de0f1cbdb6db823e910d41f0d08759a7b73ca,included,housing_social_welfare_leaf,1.0.0,social_welfare,1.0.0,metric,within_case_score,,0.7708215876943956,ratio,{},ok,valid,[],"[""event_00000231""]",evaluation_receipt,episode_attempt_130a605609230bd7c031,bf7d94b1422304c06aabe6504c6de0f1cbdb6db823e910d41f0d08759a7b73ca,true
result_132202b5e58490aefdc62485,runplan_dba33a0a9cb5c08f,cell_854a00c7aff3b2dc5621,housing_v1__experiment__000001,housing_v1,housing_controlled_model_landlords_experiment,episode_attempt_130a605609230bd7c031,bf7d94b1422304c06aabe6504c6de0f1cbdb6db823e910d41f0d08759a7b73ca,included,housing_social_welfare_leaf,1.0.0,social_welfare,1.0.0,reference,comparison_baseline,,1553.52,utility_points,"{""policy"":""naive"",""reference_kind"":""comparison_baseline""}",ok,valid,[],"[""event_00000231""]",evaluation_receipt,episode_attempt_130a605609230bd7c031,bf7d94b1422304c06aabe6504c6de0f1cbdb6db823e910d41f0d08759a7b73ca,true
result_858603cd3103891e4e14a68a,runplan_dba33a0a9cb5c08f,cell_854a00c7aff3b2dc5621,housing_v1__experiment__000001,housing_v1,housing_controlled_model_landlords_experiment,episode_attempt_130a605609230bd7c031,bf7d94b1422304c06aabe6504c6de0f1cbdb6db823e910d41f0d08759a7b73ca,included,housing_social_welfare_leaf,1.0.0,social_welfare,1.0.0,reference,optimum_lower_bound,,0.0,utility_points,"{""policy"":""do_nothing"",""reference_kind"":""objective_lower_bound""}",ok,valid,[],"[""event_00000231""]",evaluation_receipt,episode_attempt_130a605609230bd7c031,bf7d94b1422304c06aabe6504c6de0f1cbdb6db823e910d41f0d08759a7b73ca,true
result_89ed78fb6ddc39d8d37b64a0,runplan_dba33a0a9cb5c08f,cell_854a00c7aff3b2dc5621,housing_v1__experiment__000001,housing_v1,housing_controlled_model_landlords_experiment,episode_attempt_130a605609230bd7c031,bf7d94b1422304c06aabe6504c6de0f1cbdb6db823e910d41f0d08759a7b73ca,included,housing_social_welfare_leaf,1.0.0,social_welfare,1.0.0,reference,optimum_upper_bound,,2004.29,utility_points,"{""reference_kind"":""objective_upper_bound"",""semantics"":""full_information_allocation_relaxation""}",ok,valid,[],"[""event_00000231""]",evaluation_receipt,episode_attempt_130a605609230bd7c031,bf7d94b1422304c06aabe6504c6de0f1cbdb6db823e910d41f0d08759a7b73ca,true
result_7be89e3a2a6f8d20eae62dc2,runplan_dba33a0a9cb5c08f,cell_854a00c7aff3b2dc5621,housing_v1__experiment__000001,housing_v1,housing_controlled_model_landlords_experiment,episode_attempt_130a605609230bd7c031,bf7d94b1422304c06aabe6504c6de0f1cbdb6db823e910d41f0d08759a7b73ca,included,housing_social_welfare_leaf,1.0.0,social_welfare,1.0.0,utility,landlord_0,landlord_0,56.6,utility_points,"{""disagreement_utility"":0.0}",ok,valid,[],"[""event_00000231""]",evaluation_receipt,episode_attempt_130a605609230bd7c031,bf7d94b1422304c06aabe6504c6de0f1cbdb6db823e910d41f0d08759a7b73ca,true
result_0479a1244a366035d0dd9eee,runplan_dba33a0a9cb5c08f,cell_854a00c7aff3b2dc5621,housing_v1__experiment__000001,housing_v1,housing_controlled_model_landlords_experiment,episode_attempt_130a605609230bd7c031,bf7d94b1422304c06aabe6504c6de0f1cbdb6db823e910d41f0d08759a7b73ca,included,housing_social_welfare_leaf,1.0.0,social_welfare,1.0.0,utility,landlord_1,landlord_1,0.0,utility_points,"{""disagreement_utility"":0.0}",ok,valid,[],"[""event_00000231""]",evaluation_receipt,episode_attempt_130a605609230bd7c031,bf7d94b1422304c06aabe6504c6de0f1cbdb6db823e910d41f0d08759a7b73ca,true
result_ee75b123403b3c5eeb93a708,runplan_dba33a0a9cb5c08f,cell_854a00c7aff3b2dc5621,housing_v1__experiment__000001,housing_v1,housing_controlled_model_landlords_experiment,episode_attempt_130a605609230bd7c031,bf7d94b1422304c06aabe6504c6de0f1cbdb6db823e910d41f0d08759a7b73ca,included,housing_social_welfare_leaf,1.0.0,social_welfare,1.0.0,utility,landlord_2,landlord_2,75.36,utility_points,"{""disagreement_utility"":0.0}",ok,valid,[],"[""event_00000231""]",evaluation_receipt,episode_attempt_130a605609230bd7c031,bf7d94b1422304c06aabe6504c6de0f1cbdb6db823e910d41f0d08759a7b73ca,true
result_8cf34c7abaf56b5cfb4c45ad,runplan_dba33a0a9cb5c08f,cell_854a00c7aff3b2dc5621,housing_v1__experiment__000001,housing_v1,housing_controlled_model_landlords_experiment,episode_attempt_130a605609230bd7c031,bf7d94b1422304c06aabe6504c6de0f1cbdb6db823e910d41f0d08759a7b73ca,included,housing_social_welfare_leaf,1.0.0,social_welfare,1.0.0,utility,landlord_3,landlord_3,297.64,utility_points,"{""disagreement_utility"":0.0}",ok,valid,[],"[""event_00000231""]",evaluation_receipt,episode_attempt_130a605609230bd7c031,bf7d94b1422304c06aabe6504c6de0f1cbdb6db823e910d41f0d08759a7b73ca,true
result_bde0338bb9238c11cda39383,runplan_dba33a0a9cb5c08f,cell_854a00c7aff3b2dc5621,housing_v1__experiment__000001,housing_v1,housing_controlled_model_landlords_experiment,episode_attempt_130a605609230bd7c031,bf7d94b1422304c06aabe6504c6de0f1cbdb6db823e910d41f0d08759a7b73ca,included,housing_social_welfare_leaf,1.0.0,social_welfare,1.0.0,utility,tenant_0,tenant_0,481.28,utility_points,"{""disagreement_utility"":0.0}",ok,valid,[],"[""event_00000231""]",evaluation_receipt,episode_attempt_130a605609230bd7c031,bf7d94b1422304c06aabe6504c6de0f1cbdb6db823e910d41f0d08759a7b73ca,true
result_e5919616a6a5e1ddaa809a3a,runplan_dba33a0a9cb5c08f,cell_854a00c7aff3b2dc5621,housing_v1__experiment__000001,housing_v1,housing_controlled_model_landlords_experiment,episode_attempt_130a605609230bd7c031,bf7d94b1422304c06aabe6504c6de0f1cbdb6db823e910d41f0d08759a7b73ca,included,housing_social_welfare_leaf,1.0.0,social_welfare,1.0.0,utility,tenant_1,tenant_1,400.75,utility_points,"{""disagreement_utility"":0.0}",ok,valid,[],"[""event_00000231""]",evaluation_receipt,episode_attempt_130a605609230bd7c031,bf7d94b1422304c06aabe6504c6de0f1cbdb6db823e910d41f0d08759a7b73ca,true
result_1227cb565b7075fd90439c9a,runplan_dba33a0a9cb5c08f,cell_854a00c7aff3b2dc5621,housing_v1__experiment__000001,housing_v1,housing_controlled_model_landlords_experiment,episode_attempt_130a605609230bd7c031,bf7d94b1422304c06aabe6504c6de0f1cbdb6db823e910d41f0d08759a7b73ca,included,housing_social_welfare_leaf,1.0.0,social_welfare,1.0.0,utility,tenant_2,tenant_2,233.32,utility_points,"{""disagreement_utility"":0.0}",ok,valid,[],"[""event_00000231""]",evaluation_receipt,episode_attempt_130a605609230bd7c031,bf7d94b1422304c06aabe6504c6de0f1cbdb6db823e910d41f0d08759a7b73ca,true
result_65bfcb6993de832487de5121,runplan_dba33a0a9cb5c08f,cell_854a00c7aff3b2dc5621,housing_v1__experiment__000001,housing_v1,housing_controlled_model_landlords_experiment,episode_attempt_130a605609230bd7c031,bf7d94b1422304c06aabe6504c6de0f1cbdb6db823e910d41f0d08759a7b73ca,included,housing_social_welfare_leaf,1.0.0,social_welfare,1.0.0,utility,tenant_3,tenant_3,0.0,utility_points,"{""disagreement_utility"":0.0}",ok,valid,[],"[""event_00000231""]",evaluation_receipt,episode_attempt_130a605609230bd7c031,bf7d94b1422304c06aabe6504c6de0f1cbdb6db823e910d41f0d08759a7b73ca,true
result_9eedc498c4c450ab9ff3bb4c,runplan_dba33a0a9cb5c08f,cell_854a00c7aff3b2dc5621,housing_v1__experiment__000001,housing_v1,housing_controlled_model_landlords_experiment,episode_attempt_130a605609230bd7c031,bf7d94b1422304c06aabe6504c6de0f1cbdb6db823e910d41f0d08759a7b73ca,included,housing_social_welfare_leaf,1.0.0,social_welfare,1.0.0,utility,tenant_4,tenant_4,0.0,utility_points,"{""disagreement_utility"":0.0}",ok,valid,[],"[""event_00000231""]",evaluation_receipt,episode_attempt_130a605609230bd7c031,bf7d94b1422304c06aabe6504c6de0f1cbdb6db823e910d41f0d08759a7b73ca,true
result_023bd2a06ed425c2208d4191,runplan_dba33a0a9cb5c08f,cell_854a00c7aff3b2dc5621,housing_v1__experiment__000001,housing_v1,housing_controlled_model_landlords_experiment,episode_attempt_130a605609230bd7c031,bf7d94b1422304c06aabe6504c6de0f1cbdb6db823e910d41f0d08759a7b73ca,included,housing_social_welfare_leaf,1.0.0,social_welfare,1.0.0,utility,tenant_5,tenant_5,0.0,utility_points,"{""disagreement_utility"":0.0}",ok,valid,[],"[""event_00000231""]",evaluation_receipt,episode_attempt_130a605609230bd7c031,bf7d94b1422304c06aabe6504c6de0f1cbdb6db823e910d41f0d08759a7b73ca,true
result_5af7665e785cf073a6f178c3,runplan_dba33a0a9cb5c08f,cell_854a00c7aff3b2dc5621,housing_v1__experiment__000001,housing_v1,housing_controlled_model_landlords_experiment,episode_attempt_130a605609230bd7c031,bf7d94b1422304c06aabe6504c6de0f1cbdb6db823e910d41f0d08759a7b73ca,included,housing_social_welfare_leaf,1.0.0,social_welfare,1.0.0,capture,landlord_0,landlord_0,56.6,utility_points,"{""disagreement_utility"":0.0}",ok,valid,[],"[""event_00000231""]",evaluation_receipt,episode_attempt_130a605609230bd7c031,bf7d94b1422304c06aabe6504c6de0f1cbdb6db823e910d41f0d08759a7b73ca,true
result_4ec6480a66d7743e5404068e,runplan_dba33a0a9cb5c08f,cell_854a00c7aff3b2dc5621,housing_v1__experiment__000001,housing_v1,housing_controlled_model_landlords_experiment,episode_attempt_130a605609230bd7c031,bf7d94b1422304c06aabe6504c6de0f1cbdb6db823e910d41f0d08759a7b73ca,included,housing_social_welfare_leaf,1.0.0,social_welfare,1.0.0,capture,landlord_1,landlord_1,0.0,utility_points,"{""disagreement_utility"":0.0}",ok,valid,[],"[""event_00000231""]",evaluation_receipt,episode_attempt_130a605609230bd7c031,bf7d94b1422304c06aabe6504c6de0f1cbdb6db823e910d41f0d08759a7b73ca,true
result_a307d32dad42d5553ab9949d,runplan_dba33a0a9cb5c08f,cell_854a00c7aff3b2dc5621,housing_v1__experiment__000001,housing_v1,housing_controlled_model_landlords_experiment,episode_attempt_130a605609230bd7c031,bf7d94b1422304c06aabe6504c6de0f1cbdb6db823e910d41f0d08759a7b73ca,included,housing_social_welfare_leaf,1.0.0,social_welfare,1.0.0,capture,landlord_2,landlord_2,75.36,utility_points,"{""disagreement_utility"":0.0}",ok,valid,[],"[""event_00000231""]",evaluation_receipt,episode_attempt_130a605609230bd7c031,bf7d94b1422304c06aabe6504c6de0f1cbdb6db823e910d41f0d08759a7b73ca,true
result_d1a6fc9cdfb07084248a244f,runplan_dba33a0a9cb5c08f,cell_854a00c7aff3b2dc5621,housing_v1__experiment__000001,housing_v1,housing_controlled_model_landlords_experiment,episode_attempt_130a605609230bd7c031,bf7d94b1422304c06aabe6504c6de0f1cbdb6db823e910d41f0d08759a7b73ca,included,housing_social_welfare_leaf,1.0.0,social_welfare,1.0.0,capture,landlord_3,landlord_3,297.64,utility_points,"{""disagreement_utility"":0.0}",ok,valid,[],"[""event_00000231""]",evaluation_receipt,episode_attempt_130a605609230bd7c031,bf7d94b1422304c06aabe6504c6de0f1cbdb6db823e910d41f0d08759a7b73ca,true
result_c5f7dd606855106830b90152,runplan_dba33a0a9cb5c08f,cell_854a00c7aff3b2dc5621,housing_v1__experiment__000001,housing_v1,housing_controlled_model_landlords_experiment,episode_attempt_130a605609230bd7c031,bf7d94b1422304c06aabe6504c6de0f1cbdb6db823e910d41f0d08759a7b73ca,included,housing_social_welfare_leaf,1.0.0,social_welfare,1.0.0,capture,tenant_0,tenant_0,481.28,utility_points,"{""disagreement_utility"":0.0}",ok,valid,[],"[""event_00000231""]",evaluation_receipt,episode_attempt_130a605609230bd7c031,bf7d94b1422304c06aabe6504c6de0f1cbdb6db823e910d41f0d08759a7b73ca,true
result_36dfb7a29a75ab5fcf84be51,runplan_dba33a0a9cb5c08f,cell_854a00c7aff3b2dc5621,housing_v1__experiment__000001,housing_v1,housing_controlled_model_landlords_experiment,episode_attempt_130a605609230bd7c031,bf7d94b1422304c06aabe6504c6de0f1cbdb6db823e910d41f0d08759a7b73ca,included,housing_social_welfare_leaf,1.0.0,social_welfare,1.0.0,capture,tenant_1,tenant_1,400.75,utility_points,"{""disagreement_utility"":0.0}",ok,valid,[],"[""event_00000231""]",evaluation_receipt,episode_attempt_130a605609230bd7c031,bf7d94b1422304c06aabe6504c6de0f1cbdb6db823e910d41f0d08759a7b73ca,true
result_01d0bb1aaf635b67497a4404,runplan_dba33a0a9cb5c08f,cell_854a00c7aff3b2dc5621,housing_v1__experiment__000001,housing_v1,housing_controlled_model_landlords_experiment,episode_attempt_130a605609230bd7c031,bf7d94b1422304c06aabe6504c6de0f1cbdb6db823e910d41f0d08759a7b73ca,included,housing_social_welfare_leaf,1.0.0,social_welfare,1.0.0,capture,tenant_2,tenant_2,233.32,utility_points,"{""disagreement_utility"":0.0}",ok,valid,[],"[""event_00000231""]",evaluation_receipt,episode_attempt_130a605609230bd7c031,bf7d94b1422304c06aabe6504c6de0f1cbdb6db823e910d41f0d08759a7b73ca,true
result_2c24a431046627ef4b545752,runplan_dba33a0a9cb5c08f,cell_854a00c7aff3b2dc5621,housing_v1__experiment__000001,housing_v1,housing_controlled_model_landlords_experiment,episode_attempt_130a605609230bd7c031,bf7d94b1422304c06aabe6504c6de0f1cbdb6db823e910d41f0d08759a7b73ca,included,housing_social_welfare_leaf,1.0.0,social_welfare,1.0.0,capture,tenant_3,tenant_3,0.0,utility_points,"{""disagreement_utility"":0.0}",ok,valid,[],"[""event_00000231""]",evaluation_receipt,episode_attempt_130a605609230bd7c031,bf7d94b1422304c06aabe6504c6de0f1cbdb6db823e910d41f0d08759a7b73ca,true
result_4ce0821ea5cd2e074d710315,runplan_dba33a0a9cb5c08f,cell_854a00c7aff3b2dc5621,housing_v1__experiment__000001,housing_v1,housing_controlled_model_landlords_experiment,episode_attempt_130a605609230bd7c031,bf7d94b1422304c06aabe6504c6de0f1cbdb6db823e910d41f0d08759a7b73ca,included,housing_social_welfare_leaf,1.0.0,social_welfare,1.0.0,capture,tenant_4,tenant_4,0.0,utility_points,"{""disagreement_utility"":0.0}",ok,valid,[],"[""event_00000231""]",evaluation_receipt,episode_attempt_130a605609230bd7c031,bf7d94b1422304c06aabe6504c6de0f1cbdb6db823e910d41f0d08759a7b73ca,true
result_8a7a868e0699427bcb7a27d8,runplan_dba33a0a9cb5c08f,cell_854a00c7aff3b2dc5621,housing_v1__experiment__000001,housing_v1,housing_controlled_model_landlords_experiment,episode_attempt_130a605609230bd7c031,bf7d94b1422304c06aabe6504c6de0f1cbdb6db823e910d41f0d08759a7b73ca,included,housing_social_welfare_leaf,1.0.0,social_welfare,1.0.0,capture,tenant_5,tenant_5,0.0,utility_points,"{""disagreement_utility"":0.0}",ok,valid,[],"[""event_00000231""]",evaluation_receipt,episode_attempt_130a605609230bd7c031,bf7d94b1422304c06aabe6504c6de0f1cbdb6db823e910d41f0d08759a7b73ca,true
result_e5d511553c3a23aa293c3b39,runplan_dba33a0a9cb5c08f,cell_8aacd90482d53dd7850c,housing_v1__experiment__000008,housing_v1,housing_controlled_model_landlords_experiment,episode_attempt_20a426cbf33aefc55449,5b8d98d1134dbf6b17866b03e847b6177b19e01288bcc51352ffa61250c5a050,included,housing_social_welfare_leaf,1.0.0,social_welfare,1.0.0,primary,social_welfare,,1770.96,utility_points,{},ok,valid,[],"[""event_00000227""]",evaluation_receipt,episode_attempt_20a426cbf33aefc55449,5b8d98d1134dbf6b17866b03e847b6177b19e01288bcc51352ffa61250c5a050,true
result_8d64d85396c6bd1608a22eb8,runplan_dba33a0a9cb5c08f,cell_8aacd90482d53dd7850c,housing_v1__experiment__000008,housing_v1,housing_controlled_model_landlords_experiment,episode_attempt_20a426cbf33aefc55449,5b8d98d1134dbf6b17866b03e847b6177b19e01288bcc51352ffa61250c5a050,included,housing_social_welfare_leaf,1.0.0,social_welfare,1.0.0,metric,comparison_baseline_gap,,-113.88999999999987,utility_points,{},ok,valid,[],"[""event_00000227""]",evaluation_receipt,episode_attempt_20a426cbf33aefc55449,5b8d98d1134dbf6b17866b03e847b6177b19e01288bcc51352ffa61250c5a050,true
result_3c9a0cede677959af13094ac,runplan_dba33a0a9cb5c08f,cell_8aacd90482d53dd7850c,housing_v1__experiment__000008,housing_v1,housing_controlled_model_landlords_experiment,episode_attempt_20a426cbf33aefc55449,5b8d98d1134dbf6b17866b03e847b6177b19e01288bcc51352ffa61250c5a050,included,housing_social_welfare_leaf,1.0.0,social_welfare,1.0.0,metric,ir_violation_count,,1.0,count,{},ok,valid,[],"[""event_00000227""]",evaluation_receipt,episode_attempt_20a426cbf33aefc55449,5b8d98d1134dbf6b17866b03e847b6177b19e01288bcc51352ffa61250c5a050,true
result_4e5a4947efae1d74c992d24b,runplan_dba33a0a9cb5c08f,cell_8aacd90482d53dd7850c,housing_v1__experiment__000008,housing_v1,housing_controlled_model_landlords_experiment,episode_attempt_20a426cbf33aefc55449,5b8d98d1134dbf6b17866b03e847b6177b19e01288bcc51352ffa61250c5a050,included,housing_social_welfare_leaf,1.0.0,social_welfare,1.0.0,metric,social_welfare,,1770.96,utility_points,{},ok,valid,[],"[""event_00000227""]",evaluation_receipt,episode_attempt_20a426cbf33aefc55449,5b8d98d1134dbf6b17866b03e847b6177b19e01288bcc51352ffa61250c5a050,true
result_30475171ffabdf062dc18a13,runplan_dba33a0a9cb5c08f,cell_8aacd90482d53dd7850c,housing_v1__experiment__000008,housing_v1,housing_controlled_model_landlords_experiment,episode_attempt_20a426cbf33aefc55449,5b8d98d1134dbf6b17866b03e847b6177b19e01288bcc51352ffa61250c5a050,included,housing_social_welfare_leaf,1.0.0,social_welfare,1.0.0,metric,upper_bound_gap,,176.26,utility_points,{},ok,valid,[],"[""event_00000227""]",evaluation_receipt,episode_attempt_20a426cbf33aefc55449,5b8d98d1134dbf6b17866b03e847b6177b19e01288bcc51352ffa61250c5a050,true
result_06bc2425b8f0c5b9c24cd76d,runplan_dba33a0a9cb5c08f,cell_8aacd90482d53dd7850c,housing_v1__experiment__000008,housing_v1,housing_controlled_model_landlords_experiment,episode_attempt_20a426cbf33aefc55449,5b8d98d1134dbf6b17866b03e847b6177b19e01288bcc51352ffa61250c5a050,included,housing_social_welfare_leaf,1.0.0,social_welfare,1.0.0,metric,wasted_contacts,,6.0,count,{},ok,valid,[],"[""event_00000227""]",evaluation_receipt,episode_attempt_20a426cbf33aefc55449,5b8d98d1134dbf6b17866b03e847b6177b19e01288bcc51352ffa61250c5a050,true
result_65cf87b43b92361c78557eaa,runplan_dba33a0a9cb5c08f,cell_8aacd90482d53dd7850c,housing_v1__experiment__000008,housing_v1,housing_controlled_model_landlords_experiment,episode_attempt_20a426cbf33aefc55449,5b8d98d1134dbf6b17866b03e847b6177b19e01288bcc51352ffa61250c5a050,included,housing_social_welfare_leaf,1.0.0,social_welfare,1.0.0,metric,within_case_score,,0.9094812091083699,ratio,{},ok,valid,[],"[""event_00000227""]",evaluation_receipt,episode_attempt_20a426cbf33aefc55449,5b8d98d1134dbf6b17866b03e847b6177b19e01288bcc51352ffa61250c5a050,true
result_5a0d1d96d638d7fe119105fb,runplan_dba33a0a9cb5c08f,cell_8aacd90482d53dd7850c,housing_v1__experiment__000008,housing_v1,housing_controlled_model_landlords_experiment,episode_attempt_20a426cbf33aefc55449,5b8d98d1134dbf6b17866b03e847b6177b19e01288bcc51352ffa61250c5a050,included,housing_social_welfare_leaf,1.0.0,social_welfare,1.0.0,reference,comparison_baseline,,1884.85,utility_points,"{""policy"":""naive"",""reference_kind"":""comparison_baseline""}",ok,valid,[],"[""event_00000227""]",evaluation_receipt,episode_attempt_20a426cbf33aefc55449,5b8d98d1134dbf6b17866b03e847b6177b19e01288bcc51352ffa61250c5a050,true
result_4ef92b42d2a35120796e7f56,runplan_dba33a0a9cb5c08f,cell_8aacd90482d53dd7850c,housing_v1__experiment__000008,housing_v1,housing_controlled_model_landlords_experiment,episode_attempt_20a426cbf33aefc55449,5b8d98d1134dbf6b17866b03e847b6177b19e01288bcc51352ffa61250c5a050,included,housing_social_welfare_leaf,1.0.0,social_welfare,1.0.0,reference,optimum_lower_bound,,0.0,utility_points,"{""policy"":""do_nothing"",""reference_kind"":""objective_lower_bound""}",ok,valid,[],"[""event_00000227""]",evaluation_receipt,episode_attempt_20a426cbf33aefc55449,5b8d98d1134dbf6b17866b03e847b6177b19e01288bcc51352ffa61250c5a050,true
result_5cb672d061ee89b5808d5f2a,runplan_dba33a0a9cb5c08f,cell_8aacd90482d53dd7850c,housing_v1__experiment__000008,housing_v1,housing_controlled_model_landlords_experiment,episode_attempt_20a426cbf33aefc55449,5b8d98d1134dbf6b17866b03e847b6177b19e01288bcc51352ffa61250c5a050,included,housing_social_welfare_leaf,1.0.0,social_welfare,1.0.0,reference,optimum_upper_bound,,1947.22,utility_points,"{""reference_kind"":""objective_upper_bound"",""semantics"":""full_information_allocation_relaxation""}",ok,valid,[],"[""event_00000227""]",evaluation_receipt,episode_attempt_20a426cbf33aefc55449,5b8d98d1134dbf6b17866b03e847b6177b19e01288bcc51352ffa61250c5a050,true
result_1f7c2f454cd60cad0c41e317,runplan_dba33a0a9cb5c08f,cell_8aacd90482d53dd7850c,housing_v1__experiment__000008,housing_v1,housing_controlled_model_landlords_experiment,episode_attempt_20a426cbf33aefc55449,5b8d98d1134dbf6b17866b03e847b6177b19e01288bcc51352ffa61250c5a050,included,housing_social_welfare_leaf,1.0.0,social_welfare,1.0.0,utility,landlord_0,landlord_0,37.7,utility_points,"{""disagreement_utility"":0.0}",ok,valid,[],"[""event_00000227""]",evaluation_receipt,episode_attempt_20a426cbf33aefc55449,5b8d98d1134dbf6b17866b03e847b6177b19e01288bcc51352ffa61250c5a050,true
result_29a1bd318b7e77742e66cd75,runplan_dba33a0a9cb5c08f,cell_8aacd90482d53dd7850c,housing_v1__experiment__000008,housing_v1,housing_controlled_model_landlords_experiment,episode_attempt_20a426cbf33aefc55449,5b8d98d1134dbf6b17866b03e847b6177b19e01288bcc51352ffa61250c5a050,included,housing_social_welfare_leaf,1.0.0,social_welfare,1.0.0,utility,landlord_1,landlord_1,72.51,utility_points,"{""disagreement_utility"":0.0}",ok,valid,[],"[""event_00000227""]",evaluation_receipt,episode_attempt_20a426cbf33aefc55449,5b8d98d1134dbf6b17866b03e847b6177b19e01288bcc51352ffa61250c5a050,true
result_a5769c375332d1d7eaef4c6d,runplan_dba33a0a9cb5c08f,cell_8aacd90482d53dd7850c,housing_v1__experiment__000008,housing_v1,housing_controlled_model_landlords_experiment,episode_attempt_20a426cbf33aefc55449,5b8d98d1134dbf6b17866b03e847b6177b19e01288bcc51352ffa61250c5a050,included,housing_social_welfare_leaf,1.0.0,social_welfare,1.0.0,utility,landlord_2,landlord_2,41.3,utility_points,"{""disagreement_utility"":0.0}",ok,valid,[],"[""event_00000227""]",evaluation_receipt,episode_attempt_20a426cbf33aefc55449,5b8d98d1134dbf6b17866b03e847b6177b19e01288bcc51352ffa61250c5a050,true
result_48c50cd16d6b37a0e8497dc9,runplan_dba33a0a9cb5c08f,cell_8aacd90482d53dd7850c,housing_v1__experiment__000008,housing_v1,housing_controlled_model_landlords_experiment,episode_attempt_20a426cbf33aefc55449,5b8d98d1134dbf6b17866b03e847b6177b19e01288bcc51352ffa61250c5a050,included,housing_social_welfare_leaf,1.0.0,social_welfare,1.0.0,utility,landlord_3,landlord_3,-2952.02,utility_points,"{""disagreement_utility"":0.0}",ok,valid,[],"[""event_00000227""]",evaluation_receipt,episode_attempt_20a426cbf33aefc55449,5b8d98d1134dbf6b17866b03e847b6177b19e01288bcc51352ffa61250c5a050,true
result_60f9f038bddb1f15330a208c,runplan_dba33a0a9cb5c08f,cell_8aacd90482d53dd7850c,housing_v1__experiment__000008,housing_v1,housing_controlled_model_landlords_experiment,episode_attempt_20a426cbf33aefc55449,5b8d98d1134dbf6b17866b03e847b6177b19e01288bcc51352ffa61250c5a050,included,housing_social_welfare_leaf,1.0.0,social_welfare,1.0.0,utility,tenant_0,tenant_0,168.37,utility_points,"{""disagreement_utility"":0.0}",ok,valid,[],"[""event_00000227""]",evaluation_receipt,episode_attempt_20a426cbf33aefc55449,5b8d98d1134dbf6b17866b03e847b6177b19e01288bcc51352ffa61250c5a050,true
result_75ddc53a5e974b372b32c9fe,runplan_dba33a0a9cb5c08f,cell_8aacd90482d53dd7850c,housing_v1__experiment__000008,housing_v1,housing_controlled_model_landlords_experiment,episode_attempt_20a426cbf33aefc55449,5b8d98d1134dbf6b17866b03e847b6177b19e01288bcc51352ffa61250c5a050,included,housing_social_welfare_leaf,1.0.0,social_welfare,1.0.0,utility,tenant_1,tenant_1,591.97,utility_points,"{""disagreement_utility"":0.0}",ok,valid,[],"[""event_00000227""]",evaluation_receipt,episode_attempt_20a426cbf33aefc55449,5b8d98d1134dbf6b17866b03e847b6177b19e01288bcc51352ffa61250c5a050,true
result_64a24d8155abdb9bf25d5747,runplan_dba33a0a9cb5c08f,cell_8aacd90482d53dd7850c,housing_v1__experiment__000008,housing_v1,housing_controlled_model_landlords_experiment,episode_attempt_20a426cbf33aefc55449,5b8d98d1134dbf6b17866b03e847b6177b19e01288bcc51352ffa61250c5a050,included,housing_social_welfare_leaf,1.0.0,social_welfare,1.0.0,utility,tenant_2,tenant_2,0.0,utility_points,"{""disagreement_utility"":0.0}",ok,valid,[],"[""event_00000227""]",evaluation_receipt,episode_attempt_20a426cbf33aefc55449,5b8d98d1134dbf6b17866b03e847b6177b19e01288bcc51352ffa61250c5a050,true
result_9e1ee0bd3b9b12a0998d16a4,runplan_dba33a0a9cb5c08f,cell_8aacd90482d53dd7850c,housing_v1__experiment__000008,housing_v1,housing_controlled_model_landlords_experiment,episode_attempt_20a426cbf33aefc55449,5b8d98d1134dbf6b17866b03e847b6177b19e01288bcc51352ffa61250c5a050,included,housing_social_welfare_leaf,1.0.0,social_welfare,1.0.0,utility,tenant_3,tenant_3,192.37,utility_points,"{""disagreement_utility"":0.0}",ok,valid,[],"[""event_00000227""]",evaluation_receipt,episode_attempt_20a426cbf33aefc55449,5b8d98d1134dbf6b17866b03e847b6177b19e01288bcc51352ffa61250c5a050,true
result_43b13cfcf2a1522b6f9211e1,runplan_dba33a0a9cb5c08f,cell_8aacd90482d53dd7850c,housing_v1__experiment__000008,housing_v1,housing_controlled_model_landlords_experiment,episode_attempt_20a426cbf33aefc55449,5b8d98d1134dbf6b17866b03e847b6177b19e01288bcc51352ffa61250c5a050,included,housing_social_welfare_leaf,1.0.0,social_welfare,1.0.0,utility,tenant_4,tenant_4,0.0,utility_points,"{""disagreement_utility"":0.0}",ok,valid,[],"[""event_00000227""]",evaluation_receipt,episode_attempt_20a426cbf33aefc55449,5b8d98d1134dbf6b17866b03e847b6177b19e01288bcc51352ffa61250c5a050,true
result_c9907a00c9799835014c5f30,runplan_dba33a0a9cb5c08f,cell_8aacd90482d53dd7850c,housing_v1__experiment__000008,housing_v1,housing_controlled_model_landlords_experiment,episode_attempt_20a426cbf33aefc55449,5b8d98d1134dbf6b17866b03e847b6177b19e01288bcc51352ffa61250c5a050,included,housing_social_welfare_leaf,1.0.0,social_welfare,1.0.0,utility,tenant_5,tenant_5,3618.76,utility_points,"{""disagreement_utility"":0.0}",ok,valid,[],"[""event_00000227""]",evaluation_receipt,episode_attempt_20a426cbf33aefc55449,5b8d98d1134dbf6b17866b03e847b6177b19e01288bcc51352ffa61250c5a050,true
result_7d29acce4c5e272c1b8cecfb,runplan_dba33a0a9cb5c08f,cell_8aacd90482d53dd7850c,housing_v1__experiment__000008,housing_v1,housing_controlled_model_landlords_experiment,episode_attempt_20a426cbf33aefc55449,5b8d98d1134dbf6b17866b03e847b6177b19e01288bcc51352ffa61250c5a050,included,housing_social_welfare_leaf,1.0.0,social_welfare,1.0.0,capture,landlord_0,landlord_0,37.7,utility_points,"{""disagreement_utility"":0.0}",ok,valid,[],"[""event_00000227""]",evaluation_receipt,episode_attempt_20a426cbf33aefc55449,5b8d98d1134dbf6b17866b03e847b6177b19e01288bcc51352ffa61250c5a050,true
result_79ee9c89a095bc9212c29fd9,runplan_dba33a0a9cb5c08f,cell_8aacd90482d53dd7850c,housing_v1__experiment__000008,housing_v1,housing_controlled_model_landlords_experiment,episode_attempt_20a426cbf33aefc55449,5b8d98d1134dbf6b17866b03e847b6177b19e01288bcc51352ffa61250c5a050,included,housing_social_welfare_leaf,1.0.0,social_welfare,1.0.0,capture,landlord_1,landlord_1,72.51,utility_points,"{""disagreement_utility"":0.0}",ok,valid,[],"[""event_00000227""]",evaluation_receipt,episode_attempt_20a426cbf33aefc55449,5b8d98d1134dbf6b17866b03e847b6177b19e01288bcc51352ffa61250c5a050,true
result_888c65609dde64371d6e1678,runplan_dba33a0a9cb5c08f,cell_8aacd90482d53dd7850c,housing_v1__experiment__000008,housing_v1,housing_controlled_model_landlords_experiment,episode_attempt_20a426cbf33aefc55449,5b8d98d1134dbf6b17866b03e847b6177b19e01288bcc51352ffa61250c5a050,included,housing_social_welfare_leaf,1.0.0,social_welfare,1.0.0,capture,landlord_2,landlord_2,41.3,utility_points,"{""disagreement_utility"":0.0}",ok,valid,[],"[""event_00000227""]",evaluation_receipt,episode_attempt_20a426cbf33aefc55449,5b8d98d1134dbf6b17866b03e847b6177b19e01288bcc51352ffa61250c5a050,true
result_d2a5e4e73c63fca04957ab66,runplan_dba33a0a9cb5c08f,cell_8aacd90482d53dd7850c,housing_v1__experiment__000008,housing_v1,housing_controlled_model_landlords_experiment,episode_attempt_20a426cbf33aefc55449,5b8d98d1134dbf6b17866b03e847b6177b19e01288bcc51352ffa61250c5a050,included,housing_social_welfare_leaf,1.0.0,social_welfare,1.0.0,capture,landlord_3,landlord_3,-2952.02,utility_points,"{""disagreement_utility"":0.0}",ok,valid,[],"[""event_00000227""]",evaluation_receipt,episode_attempt_20a426cbf33aefc55449,5b8d98d1134dbf6b17866b03e847b6177b19e01288bcc51352ffa61250c5a050,true
result_641a80ee51d6dd414a6d09c6,runplan_dba33a0a9cb5c08f,cell_8aacd90482d53dd7850c,housing_v1__experiment__000008,housing_v1,housing_controlled_model_landlords_experiment,episode_attempt_20a426cbf33aefc55449,5b8d98d1134dbf6b17866b03e847b6177b19e01288bcc51352ffa61250c5a050,included,housing_social_welfare_leaf,1.0.0,social_welfare,1.0.0,capture,tenant_0,tenant_0,168.37,utility_points,"{""disagreement_utility"":0.0}",ok,valid,[],"[""event_00000227""]",evaluation_receipt,episode_attempt_20a426cbf33aefc55449,5b8d98d1134dbf6b17866b03e847b6177b19e01288bcc51352ffa61250c5a050,true
result_f9d4110365bfaf87a56fc148,runplan_dba33a0a9cb5c08f,cell_8aacd90482d53dd7850c,housing_v1__experiment__000008,housing_v1,housing_controlled_model_landlords_experiment,episode_attempt_20a426cbf33aefc55449,5b8d98d1134dbf6b17866b03e847b6177b19e01288bcc51352ffa61250c5a050,included,housing_social_welfare_leaf,1.0.0,social_welfare,1.0.0,capture,tenant_1,tenant_1,591.97,utility_points,"{""disagreement_utility"":0.0}",ok,valid,[],"[""event_00000227""]",evaluation_receipt,episode_attempt_20a426cbf33aefc55449,5b8d98d1134dbf6b17866b03e847b6177b19e01288bcc51352ffa61250c5a050,true
result_69327e7fd673f7b2f535fc3f,runplan_dba33a0a9cb5c08f,cell_8aacd90482d53dd7850c,housing_v1__experiment__000008,housing_v1,housing_controlled_model_landlords_experiment,episode_attempt_20a426cbf33aefc55449,5b8d98d1134dbf6b17866b03e847b6177b19e01288bcc51352ffa61250c5a050,included,housing_social_welfare_leaf,1.0.0,social_welfare,1.0.0,capture,tenant_2,tenant_2,0.0,utility_points,"{""disagreement_utility"":0.0}",ok,valid,[],"[""event_00000227""]",evaluation_receipt,episode_attempt_20a426cbf33aefc55449,5b8d98d1134dbf6b17866b03e847b6177b19e01288bcc51352ffa61250c5a050,true
result_abf7e502787a63efa8237487,runplan_dba33a0a9cb5c08f,cell_8aacd90482d53dd7850c,housing_v1__experiment__000008,housing_v1,housing_controlled_model_landlords_experiment,episode_attempt_20a426cbf33aefc55449,5b8d98d1134dbf6b17866b03e847b6177b19e01288bcc51352ffa61250c5a050,included,housing_social_welfare_leaf,1.0.0,social_welfare,1.0.0,capture,tenant_3,tenant_3,192.37,utility_points,"{""disagreement_utility"":0.0}",ok,valid,[],"[""event_00000227""]",evaluation_receipt,episode_attempt_20a426cbf33aefc55449,5b8d98d1134dbf6b17866b03e847b6177b19e01288bcc51352ffa61250c5a050,true
result_4881fac9c7caf84c1ea48978,runplan_dba33a0a9cb5c08f,cell_8aacd90482d53dd7850c,housing_v1__experiment__000008,housing_v1,housing_controlled_model_landlords_experiment,episode_attempt_20a426cbf33aefc55449,5b8d98d1134dbf6b17866b03e847b6177b19e01288bcc51352ffa61250c5a050,included,housing_social_welfare_leaf,1.0.0,social_welfare,1.0.0,capture,tenant_4,tenant_4,0.0,utility_points,"{""disagreement_utility"":0.0}",ok,valid,[],"[""event_00000227""]",evaluation_receipt,episode_attempt_20a426cbf33aefc55449,5b8d98d1134dbf6b17866b03e847b6177b19e01288bcc51352ffa61250c5a050,true
result_179f30cf5ba3e89ee581e243,runplan_dba33a0a9cb5c08f,cell_8aacd90482d53dd7850c,housing_v1__experiment__000008,housing_v1,housing_controlled_model_landlords_experiment,episode_attempt_20a426cbf33aefc55449,5b8d98d1134dbf6b17866b03e847b6177b19e01288bcc51352ffa61250c5a050,included,housing_social_welfare_leaf,1.0.0,social_welfare,1.0.0,capture,tenant_5,tenant_5,3618.76,utility_points,"{""disagreement_utility"":0.0}",ok,valid,[],"[""event_00000227""]",evaluation_receipt,episode_attempt_20a426cbf33aefc55449,5b8d98d1134dbf6b17866b03e847b6177b19e01288bcc51352ffa61250c5a050,true
result_c5d0aadce4fcc759d8f25a45,runplan_dba33a0a9cb5c08f,cell_95d86bc14606fb7e00d8,housing_v1__experiment__000008,housing_v1,housing_controlled_model_landlords_experiment,episode_attempt_323c86d2b48a726a321d,84be955a6dcb12f417d333060789b168313c740e88eabf99a5253bf4ca5d520a,included,housing_social_welfare_leaf,1.0.0,social_welfare,1.0.0,primary,social_welfare,,1780.99,utility_points,{},ok,valid,[],"[""event_00000227""]",evaluation_receipt,episode_attempt_323c86d2b48a726a321d,84be955a6dcb12f417d333060789b168313c740e88eabf99a5253bf4ca5d520a,true
result_0ed139125956ac5ccfb79e5c,runplan_dba33a0a9cb5c08f,cell_95d86bc14606fb7e00d8,housing_v1__experiment__000008,housing_v1,housing_controlled_model_landlords_experiment,episode_attempt_323c86d2b48a726a321d,84be955a6dcb12f417d333060789b168313c740e88eabf99a5253bf4ca5d520a,included,housing_social_welfare_leaf,1.0.0,social_welfare,1.0.0,metric,comparison_baseline_gap,,-103.8599999999999,utility_points,{},ok,valid,[],"[""event_00000227""]",evaluation_receipt,episode_attempt_323c86d2b48a726a321d,84be955a6dcb12f417d333060789b168313c740e88eabf99a5253bf4ca5d520a,true
result_5a4a1220abc992f2faee04c6,runplan_dba33a0a9cb5c08f,cell_95d86bc14606fb7e00d8,housing_v1__experiment__000008,housing_v1,housing_controlled_model_landlords_experiment,episode_attempt_323c86d2b48a726a321d,84be955a6dcb12f417d333060789b168313c740e88eabf99a5253bf4ca5d520a,included,housing_social_welfare_leaf,1.0.0,social_welfare,1.0.0,metric,ir_violation_count,,0.0,count,{},ok,valid,[],"[""event_00000227""]",evaluation_receipt,episode_attempt_323c86d2b48a726a321d,84be955a6dcb12f417d333060789b168313c740e88eabf99a5253bf4ca5d520a,true
result_9686de9b68bd8dd859f06f3d,runplan_dba33a0a9cb5c08f,cell_95d86bc14606fb7e00d8,housing_v1__experiment__000008,housing_v1,housing_controlled_model_landlords_experiment,episode_attempt_323c86d2b48a726a321d,84be955a6dcb12f417d333060789b168313c740e88eabf99a5253bf4ca5d520a,included,housing_social_welfare_leaf,1.0.0,social_welfare,1.0.0,metric,social_welfare,,1780.99,utility_points,{},ok,valid,[],"[""event_00000227""]",evaluation_receipt,episode_attempt_323c86d2b48a726a321d,84be955a6dcb12f417d333060789b168313c740e88eabf99a5253bf4ca5d520a,true
result_64a2fb610bda0884a855770c,runplan_dba33a0a9cb5c08f,cell_95d86bc14606fb7e00d8,housing_v1__experiment__000008,housing_v1,housing_controlled_model_landlords_experiment,episode_attempt_323c86d2b48a726a321d,84be955a6dcb12f417d333060789b168313c740e88eabf99a5253bf4ca5d520a,included,housing_social_welfare_leaf,1.0.0,social_welfare,1.0.0,metric,upper_bound_gap,,166.23000000000002,utility_points,{},ok,valid,[],"[""event_00000227""]",evaluation_receipt,episode_attempt_323c86d2b48a726a321d,84be955a6dcb12f417d333060789b168313c740e88eabf99a5253bf4ca5d520a,true
result_c1445f72d85bc8aebdc42fa0,runplan_dba33a0a9cb5c08f,cell_95d86bc14606fb7e00d8,housing_v1__experiment__000008,housing_v1,housing_controlled_model_landlords_experiment,episode_attempt_323c86d2b48a726a321d,84be955a6dcb12f417d333060789b168313c740e88eabf99a5253bf4ca5d520a,included,housing_social_welfare_leaf,1.0.0,social_welfare,1.0.0,metric,wasted_contacts,,6.0,count,{},ok,valid,[],"[""event_00000227""]",evaluation_receipt,episode_attempt_323c86d2b48a726a321d,84be955a6dcb12f417d333060789b168313c740e88eabf99a5253bf4ca5d520a,true
result_ca6e30a5868f18c01585c93d,runplan_dba33a0a9cb5c08f,cell_95d86bc14606fb7e00d8,housing_v1__experiment__000008,housing_v1,housing_controlled_model_landlords_experiment,episode_attempt_323c86d2b48a726a321d,84be955a6dcb12f417d333060789b168313c740e88eabf99a5253bf4ca5d520a,included,housing_social_welfare_leaf,1.0.0,social_welfare,1.0.0,metric,within_case_score,,0.9146321422335432,ratio,{},ok,valid,[],"[""event_00000227""]",evaluation_receipt,episode_attempt_323c86d2b48a726a321d,84be955a6dcb12f417d333060789b168313c740e88eabf99a5253bf4ca5d520a,true
result_ff9915cfdffd5f781f923361,runplan_dba33a0a9cb5c08f,cell_95d86bc14606fb7e00d8,housing_v1__experiment__000008,housing_v1,housing_controlled_model_landlords_experiment,episode_attempt_323c86d2b48a726a321d,84be955a6dcb12f417d333060789b168313c740e88eabf99a5253bf4ca5d520a,included,housing_social_welfare_leaf,1.0.0,social_welfare,1.0.0,reference,comparison_baseline,,1884.85,utility_points,"{""policy"":""naive"",""reference_kind"":""comparison_baseline""}",ok,valid,[],"[""event_00000227""]",evaluation_receipt,episode_attempt_323c86d2b48a726a321d,84be955a6dcb12f417d333060789b168313c740e88eabf99a5253bf4ca5d520a,true
result_85056a245fa17196b1f61237,runplan_dba33a0a9cb5c08f,cell_95d86bc14606fb7e00d8,housing_v1__experiment__000008,housing_v1,housing_controlled_model_landlords_experiment,episode_attempt_323c86d2b48a726a321d,84be955a6dcb12f417d333060789b168313c740e88eabf99a5253bf4ca5d520a,included,housing_social_welfare_leaf,1.0.0,social_welfare,1.0.0,reference,optimum_lower_bound,,0.0,utility_points,"{""policy"":""do_nothing"",""reference_kind"":""objective_lower_bound""}",ok,valid,[],"[""event_00000227""]",evaluation_receipt,episode_attempt_323c86d2b48a726a321d,84be955a6dcb12f417d333060789b168313c740e88eabf99a5253bf4ca5d520a,true
result_49b4f1c40001a6221a3903e8,runplan_dba33a0a9cb5c08f,cell_95d86bc14606fb7e00d8,housing_v1__experiment__000008,housing_v1,housing_controlled_model_landlords_experiment,episode_attempt_323c86d2b48a726a321d,84be955a6dcb12f417d333060789b168313c740e88eabf99a5253bf4ca5d520a,included,housing_social_welfare_leaf,1.0.0,social_welfare,1.0.0,reference,optimum_upper_bound,,1947.22,utility_points,"{""reference_kind"":""objective_upper_bound"",""semantics"":""full_information_allocation_relaxation""}",ok,valid,[],"[""event_00000227""]",evaluation_receipt,episode_attempt_323c86d2b48a726a321d,84be955a6dcb12f417d333060789b168313c740e88eabf99a5253bf4ca5d520a,true
result_0b2bc20b3c21a637b3a9f8dd,runplan_dba33a0a9cb5c08f,cell_95d86bc14606fb7e00d8,housing_v1__experiment__000008,housing_v1,housing_controlled_model_landlords_experiment,episode_attempt_323c86d2b48a726a321d,84be955a6dcb12f417d333060789b168313c740e88eabf99a5253bf4ca5d520a,included,housing_social_welfare_leaf,1.0.0,social_welfare,1.0.0,utility,landlord_0,landlord_0,37.7,utility_points,"{""disagreement_utility"":0.0}",ok,valid,[],"[""event_00000227""]",evaluation_receipt,episode_attempt_323c86d2b48a726a321d,84be955a6dcb12f417d333060789b168313c740e88eabf99a5253bf4ca5d520a,true
result_f40603c4c342782516c90b21,runplan_dba33a0a9cb5c08f,cell_95d86bc14606fb7e00d8,housing_v1__experiment__000008,housing_v1,housing_controlled_model_landlords_experiment,episode_attempt_323c86d2b48a726a321d,84be955a6dcb12f417d333060789b168313c740e88eabf99a5253bf4ca5d520a,included,housing_social_welfare_leaf,1.0.0,social_welfare,1.0.0,utility,landlord_1,landlord_1,50.51,utility_points,"{""disagreement_utility"":0.0}",ok,valid,[],"[""event_00000227""]",evaluation_receipt,episode_attempt_323c86d2b48a726a321d,84be955a6dcb12f417d333060789b168313c740e88eabf99a5253bf4ca5d520a,true
result_96026ed1ac039ba9a55f9dc8,runplan_dba33a0a9cb5c08f,cell_95d86bc14606fb7e00d8,housing_v1__experiment__000008,housing_v1,housing_controlled_model_landlords_experiment,episode_attempt_323c86d2b48a726a321d,84be955a6dcb12f417d333060789b168313c740e88eabf99a5253bf4ca5d520a,included,housing_social_welfare_leaf,1.0.0,social_welfare,1.0.0,utility,landlord_2,landlord_2,41.3,utility_points,"{""disagreement_utility"":0.0}",ok,valid,[],"[""event_00000227""]",evaluation_receipt,episode_attempt_323c86d2b48a726a321d,84be955a6dcb12f417d333060789b168313c740e88eabf99a5253bf4ca5d520a,true
result_4f954acd5b06b7991625787e,runplan_dba33a0a9cb5c08f,cell_95d86bc14606fb7e00d8,housing_v1__experiment__000008,housing_v1,housing_controlled_model_landlords_experiment,episode_attempt_323c86d2b48a726a321d,84be955a6dcb12f417d333060789b168313c740e88eabf99a5253bf4ca5d520a,included,housing_social_welfare_leaf,1.0.0,social_welfare,1.0.0,utility,landlord_3,landlord_3,347.98,utility_points,"{""disagreement_utility"":0.0}",ok,valid,[],"[""event_00000227""]",evaluation_receipt,episode_attempt_323c86d2b48a726a321d,84be955a6dcb12f417d333060789b168313c740e88eabf99a5253bf4ca5d520a,true
result_61e2efb7d571622cd9b1325c,runplan_dba33a0a9cb5c08f,cell_95d86bc14606fb7e00d8,housing_v1__experiment__000008,housing_v1,housing_controlled_model_landlords_experiment,episode_attempt_323c86d2b48a726a321d,84be955a6dcb12f417d333060789b168313c740e88eabf99a5253bf4ca5d520a,included,housing_social_welfare_leaf,1.0.0,social_welfare,1.0.0,utility,tenant_0,tenant_0,190.37,utility_points,"{""disagreement_utility"":0.0}",ok,valid,[],"[""event_00000227""]",evaluation_receipt,episode_attempt_323c86d2b48a726a321d,84be955a6dcb12f417d333060789b168313c740e88eabf99a5253bf4ca5d520a,true
result_39be55086cede244a6e7236b,runplan_dba33a0a9cb5c08f,cell_95d86bc14606fb7e00d8,housing_v1__experiment__000008,housing_v1,housing_controlled_model_landlords_experiment,episode_attempt_323c86d2b48a726a321d,84be955a6dcb12f417d333060789b168313c740e88eabf99a5253bf4ca5d520a,included,housing_social_welfare_leaf,1.0.0,social_welfare,1.0.0,utility,tenant_1,tenant_1,591.97,utility_points,"{""disagreement_utility"":0.0}",ok,valid,[],"[""event_00000227""]",evaluation_receipt,episode_attempt_323c86d2b48a726a321d,84be955a6dcb12f417d333060789b168313c740e88eabf99a5253bf4ca5d520a,true
result_59920a11c3c5abdad83f2cdf,runplan_dba33a0a9cb5c08f,cell_95d86bc14606fb7e00d8,housing_v1__experiment__000008,housing_v1,housing_controlled_model_landlords_experiment,episode_attempt_323c86d2b48a726a321d,84be955a6dcb12f417d333060789b168313c740e88eabf99a5253bf4ca5d520a,included,housing_social_welfare_leaf,1.0.0,social_welfare,1.0.0,utility,tenant_2,tenant_2,0.0,utility_points,"{""disagreement_utility"":0.0}",ok,valid,[],"[""event_00000227""]",evaluation_receipt,episode_attempt_323c86d2b48a726a321d,84be955a6dcb12f417d333060789b168313c740e88eabf99a5253bf4ca5d520a,true
result_a246865b94f42bfc50f79f83,runplan_dba33a0a9cb5c08f,cell_95d86bc14606fb7e00d8,housing_v1__experiment__000008,housing_v1,housing_controlled_model_landlords_experiment,episode_attempt_323c86d2b48a726a321d,84be955a6dcb12f417d333060789b168313c740e88eabf99a5253bf4ca5d520a,included,housing_social_welfare_leaf,1.0.0,social_welfare,1.0.0,utility,tenant_3,tenant_3,323.05,utility_points,"{""disagreement_utility"":0.0}",ok,valid,[],"[""event_00000227""]",evaluation_receipt,episode_attempt_323c86d2b48a726a321d,84be955a6dcb12f417d333060789b168313c740e88eabf99a5253bf4ca5d520a,true
result_9baba4902f0c11b11a0dd929,runplan_dba33a0a9cb5c08f,cell_95d86bc14606fb7e00d8,housing_v1__experiment__000008,housing_v1,housing_controlled_model_landlords_experiment,episode_attempt_323c86d2b48a726a321d,84be955a6dcb12f417d333060789b168313c740e88eabf99a5253bf4ca5d520a,included,housing_social_welfare_leaf,1.0.0,social_welfare,1.0.0,utility,tenant_4,tenant_4,198.11,utility_points,"{""disagreement_utility"":0.0}",ok,valid,[],"[""event_00000227""]",evaluation_receipt,episode_attempt_323c86d2b48a726a321d,84be955a6dcb12f417d333060789b168313c740e88eabf99a5253bf4ca5d520a,true
result_189101d58b595db497b5c385,runplan_dba33a0a9cb5c08f,cell_95d86bc14606fb7e00d8,housing_v1__experiment__000008,housing_v1,housing_controlled_model_landlords_experiment,episode_attempt_323c86d2b48a726a321d,84be955a6dcb12f417d333060789b168313c740e88eabf99a5253bf4ca5d520a,included,housing_social_welfare_leaf,1.0.0,social_welfare,1.0.0,utility,tenant_5,tenant_5,0.0,utility_points,"{""disagreement_utility"":0.0}",ok,valid,[],"[""event_00000227""]",evaluation_receipt,episode_attempt_323c86d2b48a726a321d,84be955a6dcb12f417d333060789b168313c740e88eabf99a5253bf4ca5d520a,true
result_6ea4219c11f2e93985be58b3,runplan_dba33a0a9cb5c08f,cell_95d86bc14606fb7e00d8,housing_v1__experiment__000008,housing_v1,housing_controlled_model_landlords_experiment,episode_attempt_323c86d2b48a726a321d,84be955a6dcb12f417d333060789b168313c740e88eabf99a5253bf4ca5d520a,included,housing_social_welfare_leaf,1.0.0,social_welfare,1.0.0,capture,landlord_0,landlord_0,37.7,utility_points,"{""disagreement_utility"":0.0}",ok,valid,[],"[""event_00000227""]",evaluation_receipt,episode_attempt_323c86d2b48a726a321d,84be955a6dcb12f417d333060789b168313c740e88eabf99a5253bf4ca5d520a,true
result_827719fdcde89a05def7ad50,runplan_dba33a0a9cb5c08f,cell_95d86bc14606fb7e00d8,housing_v1__experiment__000008,housing_v1,housing_controlled_model_landlords_experiment,episode_attempt_323c86d2b48a726a321d,84be955a6dcb12f417d333060789b168313c740e88eabf99a5253bf4ca5d520a,included,housing_social_welfare_leaf,1.0.0,social_welfare,1.0.0,capture,landlord_1,landlord_1,50.51,utility_points,"{""disagreement_utility"":0.0}",ok,valid,[],"[""event_00000227""]",evaluation_receipt,episode_attempt_323c86d2b48a726a321d,84be955a6dcb12f417d333060789b168313c740e88eabf99a5253bf4ca5d520a,true
result_a302c7d827f63298db81fc94,runplan_dba33a0a9cb5c08f,cell_95d86bc14606fb7e00d8,housing_v1__experiment__000008,housing_v1,housing_controlled_model_landlords_experiment,episode_attempt_323c86d2b48a726a321d,84be955a6dcb12f417d333060789b168313c740e88eabf99a5253bf4ca5d520a,included,housing_social_welfare_leaf,1.0.0,social_welfare,1.0.0,capture,landlord_2,landlord_2,41.3,utility_points,"{""disagreement_utility"":0.0}",ok,valid,[],"[""event_00000227""]",evaluation_receipt,episode_attempt_323c86d2b48a726a321d,84be955a6dcb12f417d333060789b168313c740e88eabf99a5253bf4ca5d520a,true
result_a7da51e814b1eaf6db9dd4d7,runplan_dba33a0a9cb5c08f,cell_95d86bc14606fb7e00d8,housing_v1__experiment__000008,housing_v1,housing_controlled_model_landlords_experiment,episode_attempt_323c86d2b48a726a321d,84be955a6dcb12f417d333060789b168313c740e88eabf99a5253bf4ca5d520a,included,housing_social_welfare_leaf,1.0.0,social_welfare,1.0.0,capture,landlord_3,landlord_3,347.98,utility_points,"{""disagreement_utility"":0.0}",ok,valid,[],"[""event_00000227""]",evaluation_receipt,episode_attempt_323c86d2b48a726a321d,84be955a6dcb12f417d333060789b168313c740e88eabf99a5253bf4ca5d520a,true
result_e2ab05980766d3cebc1acfc6,runplan_dba33a0a9cb5c08f,cell_95d86bc14606fb7e00d8,housing_v1__experiment__000008,housing_v1,housing_controlled_model_landlords_experiment,episode_attempt_323c86d2b48a726a321d,84be955a6dcb12f417d333060789b168313c740e88eabf99a5253bf4ca5d520a,included,housing_social_welfare_leaf,1.0.0,social_welfare,1.0.0,capture,tenant_0,tenant_0,190.37,utility_points,"{""disagreement_utility"":0.0}",ok,valid,[],"[""event_00000227""]",evaluation_receipt,episode_attempt_323c86d2b48a726a321d,84be955a6dcb12f417d333060789b168313c740e88eabf99a5253bf4ca5d520a,true
result_9333cdd7db46ae1e449b5357,runplan_dba33a0a9cb5c08f,cell_95d86bc14606fb7e00d8,housing_v1__experiment__000008,housing_v1,housing_controlled_model_landlords_experiment,episode_attempt_323c86d2b48a726a321d,84be955a6dcb12f417d333060789b168313c740e88eabf99a5253bf4ca5d520a,included,housing_social_welfare_leaf,1.0.0,social_welfare,1.0.0,capture,tenant_1,tenant_1,591.97,utility_points,"{""disagreement_utility"":0.0}",ok,valid,[],"[""event_00000227""]",evaluation_receipt,episode_attempt_323c86d2b48a726a321d,84be955a6dcb12f417d333060789b168313c740e88eabf99a5253bf4ca5d520a,true
result_6c8c9f20aad21b4427d59042,runplan_dba33a0a9cb5c08f,cell_95d86bc14606fb7e00d8,housing_v1__experiment__000008,housing_v1,housing_controlled_model_landlords_experiment,episode_attempt_323c86d2b48a726a321d,84be955a6dcb12f417d333060789b168313c740e88eabf99a5253bf4ca5d520a,included,housing_social_welfare_leaf,1.0.0,social_welfare,1.0.0,capture,tenant_2,tenant_2,0.0,utility_points,"{""disagreement_utility"":0.0}",ok,valid,[],"[""event_00000227""]",evaluation_receipt,episode_attempt_323c86d2b48a726a321d,84be955a6dcb12f417d333060789b168313c740e88eabf99a5253bf4ca5d520a,true
result_585fe17fae855b82d408a8ef,runplan_dba33a0a9cb5c08f,cell_95d86bc14606fb7e00d8,housing_v1__experiment__000008,housing_v1,housing_controlled_model_landlords_experiment,episode_attempt_323c86d2b48a726a321d,84be955a6dcb12f417d333060789b168313c740e88eabf99a5253bf4ca5d520a,included,housing_social_welfare_leaf,1.0.0,social_welfare,1.0.0,capture,tenant_3,tenant_3,323.05,utility_points,"{""disagreement_utility"":0.0}",ok,valid,[],"[""event_00000227""]",evaluation_receipt,episode_attempt_323c86d2b48a726a321d,84be955a6dcb12f417d333060789b168313c740e88eabf99a5253bf4ca5d520a,true
result_f36ce2fff2ff1b2795f70cb7,runplan_dba33a0a9cb5c08f,cell_95d86bc14606fb7e00d8,housing_v1__experiment__000008,housing_v1,housing_controlled_model_landlords_experiment,episode_attempt_323c86d2b48a726a321d,84be955a6dcb12f417d333060789b168313c740e88eabf99a5253bf4ca5d520a,included,housing_social_welfare_leaf,1.0.0,social_welfare,1.0.0,capture,tenant_4,tenant_4,198.11,utility_points,"{""disagreement_utility"":0.0}",ok,valid,[],"[""event_00000227""]",evaluation_receipt,episode_attempt_323c86d2b48a726a321d,84be955a6dcb12f417d333060789b168313c740e88eabf99a5253bf4ca5d520a,true
result_60dcced147cd47ab031c243e,runplan_dba33a0a9cb5c08f,cell_95d86bc14606fb7e00d8,housing_v1__experiment__000008,housing_v1,housing_controlled_model_landlords_experiment,episode_attempt_323c86d2b48a726a321d,84be955a6dcb12f417d333060789b168313c740e88eabf99a5253bf4ca5d520a,included,housing_social_welfare_leaf,1.0.0,social_welfare,1.0.0,capture,tenant_5,tenant_5,0.0,utility_points,"{""disagreement_utility"":0.0}",ok,valid,[],"[""event_00000227""]",evaluation_receipt,episode_attempt_323c86d2b48a726a321d,84be955a6dcb12f417d333060789b168313c740e88eabf99a5253bf4ca5d520a,true
result_d945ef3c9000c708988b73c6,runplan_dba33a0a9cb5c08f,cell_9fe76c3efabe6e670a2a,housing_v1__experiment__000005,housing_v1,housing_controlled_model_landlords_experiment,episode_attempt_a458a37fcc61e5e0fb41,1c0614506feb1f89c03facb95e91664358a8013644c017702b0bfa2c14d8d2ff,included,housing_social_welfare_leaf,1.0.0,social_welfare,1.0.0,primary,social_welfare,,1264.58,utility_points,{},ok,valid,[],"[""event_00000249""]",evaluation_receipt,episode_attempt_a458a37fcc61e5e0fb41,1c0614506feb1f89c03facb95e91664358a8013644c017702b0bfa2c14d8d2ff,true
result_b0c4d9def377adec90811737,runplan_dba33a0a9cb5c08f,cell_9fe76c3efabe6e670a2a,housing_v1__experiment__000005,housing_v1,housing_controlled_model_landlords_experiment,episode_attempt_a458a37fcc61e5e0fb41,1c0614506feb1f89c03facb95e91664358a8013644c017702b0bfa2c14d8d2ff,included,housing_social_welfare_leaf,1.0.0,social_welfare,1.0.0,metric,comparison_baseline_gap,,32.809999999999945,utility_points,{},ok,valid,[],"[""event_00000249""]",evaluation_receipt,episode_attempt_a458a37fcc61e5e0fb41,1c0614506feb1f89c03facb95e91664358a8013644c017702b0bfa2c14d8d2ff,true
result_fdb7038c5289ba6c9eb2e3b6,runplan_dba33a0a9cb5c08f,cell_9fe76c3efabe6e670a2a,housing_v1__experiment__000005,housing_v1,housing_controlled_model_landlords_experiment,episode_attempt_a458a37fcc61e5e0fb41,1c0614506feb1f89c03facb95e91664358a8013644c017702b0bfa2c14d8d2ff,included,housing_social_welfare_leaf,1.0.0,social_welfare,1.0.0,metric,ir_violation_count,,0.0,count,{},ok,valid,[],"[""event_00000249""]",evaluation_receipt,episode_attempt_a458a37fcc61e5e0fb41,1c0614506feb1f89c03facb95e91664358a8013644c017702b0bfa2c14d8d2ff,true
result_11f2604952914d97cc2ef158,runplan_dba33a0a9cb5c08f,cell_9fe76c3efabe6e670a2a,housing_v1__experiment__000005,housing_v1,housing_controlled_model_landlords_experiment,episode_attempt_a458a37fcc61e5e0fb41,1c0614506feb1f89c03facb95e91664358a8013644c017702b0bfa2c14d8d2ff,included,housing_social_welfare_leaf,1.0.0,social_welfare,1.0.0,metric,social_welfare,,1264.58,utility_points,{},ok,valid,[],"[""event_00000249""]",evaluation_receipt,episode_attempt_a458a37fcc61e5e0fb41,1c0614506feb1f89c03facb95e91664358a8013644c017702b0bfa2c14d8d2ff,true
result_857ec3a1779eed25b98bf65e,runplan_dba33a0a9cb5c08f,cell_9fe76c3efabe6e670a2a,housing_v1__experiment__000005,housing_v1,housing_controlled_model_landlords_experiment,episode_attempt_a458a37fcc61e5e0fb41,1c0614506feb1f89c03facb95e91664358a8013644c017702b0bfa2c14d8d2ff,included,housing_social_welfare_leaf,1.0.0,social_welfare,1.0.0,metric,upper_bound_gap,,84.21000000000004,utility_points,{},ok,valid,[],"[""event_00000249""]",evaluation_receipt,episode_attempt_a458a37fcc61e5e0fb41,1c0614506feb1f89c03facb95e91664358a8013644c017702b0bfa2c14d8d2ff,true
result_9a5d8f020436dd30e31c28b7,runplan_dba33a0a9cb5c08f,cell_9fe76c3efabe6e670a2a,housing_v1__experiment__000005,housing_v1,housing_controlled_model_landlords_experiment,episode_attempt_a458a37fcc61e5e0fb41,1c0614506feb1f89c03facb95e91664358a8013644c017702b0bfa2c14d8d2ff,included,housing_social_welfare_leaf,1.0.0,social_welfare,1.0.0,metric,wasted_contacts,,7.0,count,{},ok,valid,[],"[""event_00000249""]",evaluation_receipt,episode_attempt_a458a37fcc61e5e0fb41,1c0614506feb1f89c03facb95e91664358a8013644c017702b0bfa2c14d8d2ff,true
result_82fcd0a8bfb873ab085f4d1c,runplan_dba33a0a9cb5c08f,cell_9fe76c3efabe6e670a2a,housing_v1__experiment__000005,housing_v1,housing_controlled_model_landlords_experiment,episode_attempt_a458a37fcc61e5e0fb41,1c0614506feb1f89c03facb95e91664358a8013644c017702b0bfa2c14d8d2ff,included,housing_social_welfare_leaf,1.0.0,social_welfare,1.0.0,metric,within_case_score,,0.9375662630950704,ratio,{},ok,valid,[],"[""event_00000249""]",evaluation_receipt,episode_attempt_a458a37fcc61e5e0fb41,1c0614506feb1f89c03facb95e91664358a8013644c017702b0bfa2c14d8d2ff,true
result_ed5fa24f605d4f12b479fab5,runplan_dba33a0a9cb5c08f,cell_9fe76c3efabe6e670a2a,housing_v1__experiment__000005,housing_v1,housing_controlled_model_landlords_experiment,episode_attempt_a458a37fcc61e5e0fb41,1c0614506feb1f89c03facb95e91664358a8013644c017702b0bfa2c14d8d2ff,included,housing_social_welfare_leaf,1.0.0,social_welfare,1.0.0,reference,comparison_baseline,,1231.77,utility_points,"{""policy"":""naive"",""reference_kind"":""comparison_baseline""}",ok,valid,[],"[""event_00000249""]",evaluation_receipt,episode_attempt_a458a37fcc61e5e0fb41,1c0614506feb1f89c03facb95e91664358a8013644c017702b0bfa2c14d8d2ff,true
result_50cfece7293b72ee2dbe7fad,runplan_dba33a0a9cb5c08f,cell_9fe76c3efabe6e670a2a,housing_v1__experiment__000005,housing_v1,housing_controlled_model_landlords_experiment,episode_attempt_a458a37fcc61e5e0fb41,1c0614506feb1f89c03facb95e91664358a8013644c017702b0bfa2c14d8d2ff,included,housing_social_welfare_leaf,1.0.0,social_welfare,1.0.0,reference,optimum_lower_bound,,0.0,utility_points,"{""policy"":""do_nothing"",""reference_kind"":""objective_lower_bound""}",ok,valid,[],"[""event_00000249""]",evaluation_receipt,episode_attempt_a458a37fcc61e5e0fb41,1c0614506feb1f89c03facb95e91664358a8013644c017702b0bfa2c14d8d2ff,true
result_be714d097392de9991f32993,runplan_dba33a0a9cb5c08f,cell_9fe76c3efabe6e670a2a,housing_v1__experiment__000005,housing_v1,housing_controlled_model_landlords_experiment,episode_attempt_a458a37fcc61e5e0fb41,1c0614506feb1f89c03facb95e91664358a8013644c017702b0bfa2c14d8d2ff,included,housing_social_welfare_leaf,1.0.0,social_welfare,1.0.0,reference,optimum_upper_bound,,1348.79,utility_points,"{""reference_kind"":""objective_upper_bound"",""semantics"":""full_information_allocation_relaxation""}",ok,valid,[],"[""event_00000249""]",evaluation_receipt,episode_attempt_a458a37fcc61e5e0fb41,1c0614506feb1f89c03facb95e91664358a8013644c017702b0bfa2c14d8d2ff,true
result_fd798dc89de65a9268d93957,runplan_dba33a0a9cb5c08f,cell_9fe76c3efabe6e670a2a,housing_v1__experiment__000005,housing_v1,housing_controlled_model_landlords_experiment,episode_attempt_a458a37fcc61e5e0fb41,1c0614506feb1f89c03facb95e91664358a8013644c017702b0bfa2c14d8d2ff,included,housing_social_welfare_leaf,1.0.0,social_welfare,1.0.0,utility,landlord_0,landlord_0,30.29,utility_points,"{""disagreement_utility"":0.0}",ok,valid,[],"[""event_00000249""]",evaluation_receipt,episode_attempt_a458a37fcc61e5e0fb41,1c0614506feb1f89c03facb95e91664358a8013644c017702b0bfa2c14d8d2ff,true
result_43dc703c201210ff90792374,runplan_dba33a0a9cb5c08f,cell_9fe76c3efabe6e670a2a,housing_v1__experiment__000005,housing_v1,housing_controlled_model_landlords_experiment,episode_attempt_a458a37fcc61e5e0fb41,1c0614506feb1f89c03facb95e91664358a8013644c017702b0bfa2c14d8d2ff,included,housing_social_welfare_leaf,1.0.0,social_welfare,1.0.0,utility,landlord_1,landlord_1,0.0,utility_points,"{""disagreement_utility"":0.0}",ok,valid,[],"[""event_00000249""]",evaluation_receipt,episode_attempt_a458a37fcc61e5e0fb41,1c0614506feb1f89c03facb95e91664358a8013644c017702b0bfa2c14d8d2ff,true
result_1645825e8282ad18b28d1cb3,runplan_dba33a0a9cb5c08f,cell_9fe76c3efabe6e670a2a,housing_v1__experiment__000005,housing_v1,housing_controlled_model_landlords_experiment,episode_attempt_a458a37fcc61e5e0fb41,1c0614506feb1f89c03facb95e91664358a8013644c017702b0bfa2c14d8d2ff,included,housing_social_welfare_leaf,1.0.0,social_welfare,1.0.0,utility,landlord_2,landlord_2,73.64,utility_points,"{""disagreement_utility"":0.0}",ok,valid,[],"[""event_00000249""]",evaluation_receipt,episode_attempt_a458a37fcc61e5e0fb41,1c0614506feb1f89c03facb95e91664358a8013644c017702b0bfa2c14d8d2ff,true
result_25254dfe47e16c35d88dc8fa,runplan_dba33a0a9cb5c08f,cell_9fe76c3efabe6e670a2a,housing_v1__experiment__000005,housing_v1,housing_controlled_model_landlords_experiment,episode_attempt_a458a37fcc61e5e0fb41,1c0614506feb1f89c03facb95e91664358a8013644c017702b0bfa2c14d8d2ff,included,housing_social_welfare_leaf,1.0.0,social_welfare,1.0.0,utility,landlord_3,landlord_3,103.77,utility_points,"{""disagreement_utility"":0.0}",ok,valid,[],"[""event_00000249""]",evaluation_receipt,episode_attempt_a458a37fcc61e5e0fb41,1c0614506feb1f89c03facb95e91664358a8013644c017702b0bfa2c14d8d2ff,true
result_a2f038799a26425125071e76,runplan_dba33a0a9cb5c08f,cell_9fe76c3efabe6e670a2a,housing_v1__experiment__000005,housing_v1,housing_controlled_model_landlords_experiment,episode_attempt_a458a37fcc61e5e0fb41,1c0614506feb1f89c03facb95e91664358a8013644c017702b0bfa2c14d8d2ff,included,housing_social_welfare_leaf,1.0.0,social_welfare,1.0.0,utility,tenant_0,tenant_0,472.54,utility_points,"{""disagreement_utility"":0.0}",ok,valid,[],"[""event_00000249""]",evaluation_receipt,episode_attempt_a458a37fcc61e5e0fb41,1c0614506feb1f89c03facb95e91664358a8013644c017702b0bfa2c14d8d2ff,true
result_d83f72345246f1c0123a15f6,runplan_dba33a0a9cb5c08f,cell_9fe76c3efabe6e670a2a,housing_v1__experiment__000005,housing_v1,housing_controlled_model_landlords_experiment,episode_attempt_a458a37fcc61e5e0fb41,1c0614506feb1f89c03facb95e91664358a8013644c017702b0bfa2c14d8d2ff,included,housing_social_welfare_leaf,1.0.0,social_welfare,1.0.0,utility,tenant_1,tenant_1,106.85,utility_points,"{""disagreement_utility"":0.0}",ok,valid,[],"[""event_00000249""]",evaluation_receipt,episode_attempt_a458a37fcc61e5e0fb41,1c0614506feb1f89c03facb95e91664358a8013644c017702b0bfa2c14d8d2ff,true
result_c9fbb75d686bc96169fea00a,runplan_dba33a0a9cb5c08f,cell_9fe76c3efabe6e670a2a,housing_v1__experiment__000005,housing_v1,housing_controlled_model_landlords_experiment,episode_attempt_a458a37fcc61e5e0fb41,1c0614506feb1f89c03facb95e91664358a8013644c017702b0bfa2c14d8d2ff,included,housing_social_welfare_leaf,1.0.0,social_welfare,1.0.0,utility,tenant_2,tenant_2,0.0,utility_points,"{""disagreement_utility"":0.0}",ok,valid,[],"[""event_00000249""]",evaluation_receipt,episode_attempt_a458a37fcc61e5e0fb41,1c0614506feb1f89c03facb95e91664358a8013644c017702b0bfa2c14d8d2ff,true
result_bf464d0f1daca0fe33e9bdb1,runplan_dba33a0a9cb5c08f,cell_9fe76c3efabe6e670a2a,housing_v1__experiment__000005,housing_v1,housing_controlled_model_landlords_experiment,episode_attempt_a458a37fcc61e5e0fb41,1c0614506feb1f89c03facb95e91664358a8013644c017702b0bfa2c14d8d2ff,included,housing_social_welfare_leaf,1.0.0,social_welfare,1.0.0,utility,tenant_3,tenant_3,477.49,utility_points,"{""disagreement_utility"":0.0}",ok,valid,[],"[""event_00000249""]",evaluation_receipt,episode_attempt_a458a37fcc61e5e0fb41,1c0614506feb1f89c03facb95e91664358a8013644c017702b0bfa2c14d8d2ff,true
result_7dc2b41168a7d1f8ef3ed0cb,runplan_dba33a0a9cb5c08f,cell_9fe76c3efabe6e670a2a,housing_v1__experiment__000005,housing_v1,housing_controlled_model_landlords_experiment,episode_attempt_a458a37fcc61e5e0fb41,1c0614506feb1f89c03facb95e91664358a8013644c017702b0bfa2c14d8d2ff,included,housing_social_welfare_leaf,1.0.0,social_welfare,1.0.0,utility,tenant_4,tenant_4,0.0,utility_points,"{""disagreement_utility"":0.0}",ok,valid,[],"[""event_00000249""]",evaluation_receipt,episode_attempt_a458a37fcc61e5e0fb41,1c0614506feb1f89c03facb95e91664358a8013644c017702b0bfa2c14d8d2ff,true
result_e37d0e81ad62813c29415622,runplan_dba33a0a9cb5c08f,cell_9fe76c3efabe6e670a2a,housing_v1__experiment__000005,housing_v1,housing_controlled_model_landlords_experiment,episode_attempt_a458a37fcc61e5e0fb41,1c0614506feb1f89c03facb95e91664358a8013644c017702b0bfa2c14d8d2ff,included,housing_social_welfare_leaf,1.0.0,social_welfare,1.0.0,utility,tenant_5,tenant_5,0.0,utility_points,"{""disagreement_utility"":0.0}",ok,valid,[],"[""event_00000249""]",evaluation_receipt,episode_attempt_a458a37fcc61e5e0fb41,1c0614506feb1f89c03facb95e91664358a8013644c017702b0bfa2c14d8d2ff,true
result_cad33b876920550b84155912,runplan_dba33a0a9cb5c08f,cell_9fe76c3efabe6e670a2a,housing_v1__experiment__000005,housing_v1,housing_controlled_model_landlords_experiment,episode_attempt_a458a37fcc61e5e0fb41,1c0614506feb1f89c03facb95e91664358a8013644c017702b0bfa2c14d8d2ff,included,housing_social_welfare_leaf,1.0.0,social_welfare,1.0.0,capture,landlord_0,landlord_0,30.29,utility_points,"{""disagreement_utility"":0.0}",ok,valid,[],"[""event_00000249""]",evaluation_receipt,episode_attempt_a458a37fcc61e5e0fb41,1c0614506feb1f89c03facb95e91664358a8013644c017702b0bfa2c14d8d2ff,true
result_db4b33ce39658d9aca0b6375,runplan_dba33a0a9cb5c08f,cell_9fe76c3efabe6e670a2a,housing_v1__experiment__000005,housing_v1,housing_controlled_model_landlords_experiment,episode_attempt_a458a37fcc61e5e0fb41,1c0614506feb1f89c03facb95e91664358a8013644c017702b0bfa2c14d8d2ff,included,housing_social_welfare_leaf,1.0.0,social_welfare,1.0.0,capture,landlord_1,landlord_1,0.0,utility_points,"{""disagreement_utility"":0.0}",ok,valid,[],"[""event_00000249""]",evaluation_receipt,episode_attempt_a458a37fcc61e5e0fb41,1c0614506feb1f89c03facb95e91664358a8013644c017702b0bfa2c14d8d2ff,true
result_e16d6a4e31a2f7a4abec6414,runplan_dba33a0a9cb5c08f,cell_9fe76c3efabe6e670a2a,housing_v1__experiment__000005,housing_v1,housing_controlled_model_landlords_experiment,episode_attempt_a458a37fcc61e5e0fb41,1c0614506feb1f89c03facb95e91664358a8013644c017702b0bfa2c14d8d2ff,included,housing_social_welfare_leaf,1.0.0,social_welfare,1.0.0,capture,landlord_2,landlord_2,73.64,utility_points,"{""disagreement_utility"":0.0}",ok,valid,[],"[""event_00000249""]",evaluation_receipt,episode_attempt_a458a37fcc61e5e0fb41,1c0614506feb1f89c03facb95e91664358a8013644c017702b0bfa2c14d8d2ff,true
result_632935270521bff0a67f9bfd,runplan_dba33a0a9cb5c08f,cell_9fe76c3efabe6e670a2a,housing_v1__experiment__000005,housing_v1,housing_controlled_model_landlords_experiment,episode_attempt_a458a37fcc61e5e0fb41,1c0614506feb1f89c03facb95e91664358a8013644c017702b0bfa2c14d8d2ff,included,housing_social_welfare_leaf,1.0.0,social_welfare,1.0.0,capture,landlord_3,landlord_3,103.77,utility_points,"{""disagreement_utility"":0.0}",ok,valid,[],"[""event_00000249""]",evaluation_receipt,episode_attempt_a458a37fcc61e5e0fb41,1c0614506feb1f89c03facb95e91664358a8013644c017702b0bfa2c14d8d2ff,true
result_6c0d37a8e681ed5b42efe005,runplan_dba33a0a9cb5c08f,cell_9fe76c3efabe6e670a2a,housing_v1__experiment__000005,housing_v1,housing_controlled_model_landlords_experiment,episode_attempt_a458a37fcc61e5e0fb41,1c0614506feb1f89c03facb95e91664358a8013644c017702b0bfa2c14d8d2ff,included,housing_social_welfare_leaf,1.0.0,social_welfare,1.0.0,capture,tenant_0,tenant_0,472.54,utility_points,"{""disagreement_utility"":0.0}",ok,valid,[],"[""event_00000249""]",evaluation_receipt,episode_attempt_a458a37fcc61e5e0fb41,1c0614506feb1f89c03facb95e91664358a8013644c017702b0bfa2c14d8d2ff,true
result_2fe5d860387d9a7f772adb99,runplan_dba33a0a9cb5c08f,cell_9fe76c3efabe6e670a2a,housing_v1__experiment__000005,housing_v1,housing_controlled_model_landlords_experiment,episode_attempt_a458a37fcc61e5e0fb41,1c0614506feb1f89c03facb95e91664358a8013644c017702b0bfa2c14d8d2ff,included,housing_social_welfare_leaf,1.0.0,social_welfare,1.0.0,capture,tenant_1,tenant_1,106.85,utility_points,"{""disagreement_utility"":0.0}",ok,valid,[],"[""event_00000249""]",evaluation_receipt,episode_attempt_a458a37fcc61e5e0fb41,1c0614506feb1f89c03facb95e91664358a8013644c017702b0bfa2c14d8d2ff,true
result_443ecd03247a4cb746b60f82,runplan_dba33a0a9cb5c08f,cell_9fe76c3efabe6e670a2a,housing_v1__experiment__000005,housing_v1,housing_controlled_model_landlords_experiment,episode_attempt_a458a37fcc61e5e0fb41,1c0614506feb1f89c03facb95e91664358a8013644c017702b0bfa2c14d8d2ff,included,housing_social_welfare_leaf,1.0.0,social_welfare,1.0.0,capture,tenant_2,tenant_2,0.0,utility_points,"{""disagreement_utility"":0.0}",ok,valid,[],"[""event_00000249""]",evaluation_receipt,episode_attempt_a458a37fcc61e5e0fb41,1c0614506feb1f89c03facb95e91664358a8013644c017702b0bfa2c14d8d2ff,true
result_cdbbb64154a62e8efeb89590,runplan_dba33a0a9cb5c08f,cell_9fe76c3efabe6e670a2a,housing_v1__experiment__000005,housing_v1,housing_controlled_model_landlords_experiment,episode_attempt_a458a37fcc61e5e0fb41,1c0614506feb1f89c03facb95e91664358a8013644c017702b0bfa2c14d8d2ff,included,housing_social_welfare_leaf,1.0.0,social_welfare,1.0.0,capture,tenant_3,tenant_3,477.49,utility_points,"{""disagreement_utility"":0.0}",ok,valid,[],"[""event_00000249""]",evaluation_receipt,episode_attempt_a458a37fcc61e5e0fb41,1c0614506feb1f89c03facb95e91664358a8013644c017702b0bfa2c14d8d2ff,true
result_3e5d76e10bdb19d1aad8998a,runplan_dba33a0a9cb5c08f,cell_9fe76c3efabe6e670a2a,housing_v1__experiment__000005,housing_v1,housing_controlled_model_landlords_experiment,episode_attempt_a458a37fcc61e5e0fb41,1c0614506feb1f89c03facb95e91664358a8013644c017702b0bfa2c14d8d2ff,included,housing_social_welfare_leaf,1.0.0,social_welfare,1.0.0,capture,tenant_4,tenant_4,0.0,utility_points,"{""disagreement_utility"":0.0}",ok,valid,[],"[""event_00000249""]",evaluation_receipt,episode_attempt_a458a37fcc61e5e0fb41,1c0614506feb1f89c03facb95e91664358a8013644c017702b0bfa2c14d8d2ff,true
result_f158cb8e024b2964c8286646,runplan_dba33a0a9cb5c08f,cell_9fe76c3efabe6e670a2a,housing_v1__experiment__000005,housing_v1,housing_controlled_model_landlords_experiment,episode_attempt_a458a37fcc61e5e0fb41,1c0614506feb1f89c03facb95e91664358a8013644c017702b0bfa2c14d8d2ff,included,housing_social_welfare_leaf,1.0.0,social_welfare,1.0.0,capture,tenant_5,tenant_5,0.0,utility_points,"{""disagreement_utility"":0.0}",ok,valid,[],"[""event_00000249""]",evaluation_receipt,episode_attempt_a458a37fcc61e5e0fb41,1c0614506feb1f89c03facb95e91664358a8013644c017702b0bfa2c14d8d2ff,true
result_afcaeed7c90e100602a66003,runplan_dba33a0a9cb5c08f,cell_a6282835a26114a2b318,housing_v1__experiment__000002,housing_v1,housing_controlled_model_landlords_experiment,episode_attempt_b03fc2577e4b1f4d5610,f76bec631ea21846f19df09d68532e2b2ae9db258e16185bd9761663f1ddc5dc,included,housing_social_welfare_leaf,1.0.0,social_welfare,1.0.0,primary,social_welfare,,674.56,utility_points,{},ok,valid,[],"[""event_00000261""]",evaluation_receipt,episode_attempt_b03fc2577e4b1f4d5610,f76bec631ea21846f19df09d68532e2b2ae9db258e16185bd9761663f1ddc5dc,true
result_0a2ebacb4d2e2f9819224b25,runplan_dba33a0a9cb5c08f,cell_a6282835a26114a2b318,housing_v1__experiment__000002,housing_v1,housing_controlled_model_landlords_experiment,episode_attempt_b03fc2577e4b1f4d5610,f76bec631ea21846f19df09d68532e2b2ae9db258e16185bd9761663f1ddc5dc,included,housing_social_welfare_leaf,1.0.0,social_welfare,1.0.0,metric,comparison_baseline_gap,,-67.03000000000009,utility_points,{},ok,valid,[],"[""event_00000261""]",evaluation_receipt,episode_attempt_b03fc2577e4b1f4d5610,f76bec631ea21846f19df09d68532e2b2ae9db258e16185bd9761663f1ddc5dc,true
result_a06a377b5140ea2b48d6c2d1,runplan_dba33a0a9cb5c08f,cell_a6282835a26114a2b318,housing_v1__experiment__000002,housing_v1,housing_controlled_model_landlords_experiment,episode_attempt_b03fc2577e4b1f4d5610,f76bec631ea21846f19df09d68532e2b2ae9db258e16185bd9761663f1ddc5dc,included,housing_social_welfare_leaf,1.0.0,social_welfare,1.0.0,metric,ir_violation_count,,2.0,count,{},ok,valid,[],"[""event_00000261""]",evaluation_receipt,episode_attempt_b03fc2577e4b1f4d5610,f76bec631ea21846f19df09d68532e2b2ae9db258e16185bd9761663f1ddc5dc,true
result_12bbc9ce7daee2f699d22af1,runplan_dba33a0a9cb5c08f,cell_a6282835a26114a2b318,housing_v1__experiment__000002,housing_v1,housing_controlled_model_landlords_experiment,episode_attempt_b03fc2577e4b1f4d5610,f76bec631ea21846f19df09d68532e2b2ae9db258e16185bd9761663f1ddc5dc,included,housing_social_welfare_leaf,1.0.0,social_welfare,1.0.0,metric,social_welfare,,674.56,utility_points,{},ok,valid,[],"[""event_00000261""]",evaluation_receipt,episode_attempt_b03fc2577e4b1f4d5610,f76bec631ea21846f19df09d68532e2b2ae9db258e16185bd9761663f1ddc5dc,true
result_c300381a90bd9c03aa166463,runplan_dba33a0a9cb5c08f,cell_a6282835a26114a2b318,housing_v1__experiment__000002,housing_v1,housing_controlled_model_landlords_experiment,episode_attempt_b03fc2577e4b1f4d5610,f76bec631ea21846f19df09d68532e2b2ae9db258e16185bd9761663f1ddc5dc,included,housing_social_welfare_leaf,1.0.0,social_welfare,1.0.0,metric,upper_bound_gap,,332.23,utility_points,{},ok,valid,[],"[""event_00000261""]",evaluation_receipt,episode_attempt_b03fc2577e4b1f4d5610,f76bec631ea21846f19df09d68532e2b2ae9db258e16185bd9761663f1ddc5dc,true
result_56063f14e000cbf51b4f36eb,runplan_dba33a0a9cb5c08f,cell_a6282835a26114a2b318,housing_v1__experiment__000002,housing_v1,housing_controlled_model_landlords_experiment,episode_attempt_b03fc2577e4b1f4d5610,f76bec631ea21846f19df09d68532e2b2ae9db258e16185bd9761663f1ddc5dc,included,housing_social_welfare_leaf,1.0.0,social_welfare,1.0.0,metric,wasted_contacts,,9.0,count,{},ok,valid,[],"[""event_00000261""]",evaluation_receipt,episode_attempt_b03fc2577e4b1f4d5610,f76bec631ea21846f19df09d68532e2b2ae9db258e16185bd9761663f1ddc5dc,true
result_c672538519f4f1af0688bbed,runplan_dba33a0a9cb5c08f,cell_a6282835a26114a2b318,housing_v1__experiment__000002,housing_v1,housing_controlled_model_landlords_experiment,episode_attempt_b03fc2577e4b1f4d5610,f76bec631ea21846f19df09d68532e2b2ae9db258e16185bd9761663f1ddc5dc,included,housing_social_welfare_leaf,1.0.0,social_welfare,1.0.0,metric,within_case_score,,0.6700106278369868,ratio,{},ok,valid,[],"[""event_00000261""]",evaluation_receipt,episode_attempt_b03fc2577e4b1f4d5610,f76bec631ea21846f19df09d68532e2b2ae9db258e16185bd9761663f1ddc5dc,true
result_60ee394f3a0a8005d8659d8e,runplan_dba33a0a9cb5c08f,cell_a6282835a26114a2b318,housing_v1__experiment__000002,housing_v1,housing_controlled_model_landlords_experiment,episode_attempt_b03fc2577e4b1f4d5610,f76bec631ea21846f19df09d68532e2b2ae9db258e16185bd9761663f1ddc5dc,included,housing_social_welfare_leaf,1.0.0,social_welfare,1.0.0,reference,comparison_baseline,,741.59,utility_points,"{""policy"":""naive"",""reference_kind"":""comparison_baseline""}",ok,valid,[],"[""event_00000261""]",evaluation_receipt,episode_attempt_b03fc2577e4b1f4d5610,f76bec631ea21846f19df09d68532e2b2ae9db258e16185bd9761663f1ddc5dc,true
result_afe200cfba8289a4eddc32cb,runplan_dba33a0a9cb5c08f,cell_a6282835a26114a2b318,housing_v1__experiment__000002,housing_v1,housing_controlled_model_landlords_experiment,episode_attempt_b03fc2577e4b1f4d5610,f76bec631ea21846f19df09d68532e2b2ae9db258e16185bd9761663f1ddc5dc,included,housing_social_welfare_leaf,1.0.0,social_welfare,1.0.0,reference,optimum_lower_bound,,0.0,utility_points,"{""policy"":""do_nothing"",""reference_kind"":""objective_lower_bound""}",ok,valid,[],"[""event_00000261""]",evaluation_receipt,episode_attempt_b03fc2577e4b1f4d5610,f76bec631ea21846f19df09d68532e2b2ae9db258e16185bd9761663f1ddc5dc,true
result_3ac38e8858bbf88b163d042a,runplan_dba33a0a9cb5c08f,cell_a6282835a26114a2b318,housing_v1__experiment__000002,housing_v1,housing_controlled_model_landlords_experiment,episode_attempt_b03fc2577e4b1f4d5610,f76bec631ea21846f19df09d68532e2b2ae9db258e16185bd9761663f1ddc5dc,included,housing_social_welfare_leaf,1.0.0,social_welfare,1.0.0,reference,optimum_upper_bound,,1006.79,utility_points,"{""reference_kind"":""objective_upper_bound"",""semantics"":""full_information_allocation_relaxation""}",ok,valid,[],"[""event_00000261""]",evaluation_receipt,episode_attempt_b03fc2577e4b1f4d5610,f76bec631ea21846f19df09d68532e2b2ae9db258e16185bd9761663f1ddc5dc,true
result_adf60fff0ad35b83470808f6,runplan_dba33a0a9cb5c08f,cell_a6282835a26114a2b318,housing_v1__experiment__000002,housing_v1,housing_controlled_model_landlords_experiment,episode_attempt_b03fc2577e4b1f4d5610,f76bec631ea21846f19df09d68532e2b2ae9db258e16185bd9761663f1ddc5dc,included,housing_social_welfare_leaf,1.0.0,social_welfare,1.0.0,utility,landlord_0,landlord_0,0.0,utility_points,"{""disagreement_utility"":0.0}",ok,valid,[],"[""event_00000261""]",evaluation_receipt,episode_attempt_b03fc2577e4b1f4d5610,f76bec631ea21846f19df09d68532e2b2ae9db258e16185bd9761663f1ddc5dc,true
result_1ef9b198977e9fbac2d6e101,runplan_dba33a0a9cb5c08f,cell_a6282835a26114a2b318,housing_v1__experiment__000002,housing_v1,housing_controlled_model_landlords_experiment,episode_attempt_b03fc2577e4b1f4d5610,f76bec631ea21846f19df09d68532e2b2ae9db258e16185bd9761663f1ddc5dc,included,housing_social_welfare_leaf,1.0.0,social_welfare,1.0.0,utility,landlord_1,landlord_1,-2062.13,utility_points,"{""disagreement_utility"":0.0}",ok,valid,[],"[""event_00000261""]",evaluation_receipt,episode_attempt_b03fc2577e4b1f4d5610,f76bec631ea21846f19df09d68532e2b2ae9db258e16185bd9761663f1ddc5dc,true
result_1d70e0f663ee74ae06c566b3,runplan_dba33a0a9cb5c08f,cell_a6282835a26114a2b318,housing_v1__experiment__000002,housing_v1,housing_controlled_model_landlords_experiment,episode_attempt_b03fc2577e4b1f4d5610,f76bec631ea21846f19df09d68532e2b2ae9db258e16185bd9761663f1ddc5dc,included,housing_social_welfare_leaf,1.0.0,social_welfare,1.0.0,utility,landlord_2,landlord_2,0.0,utility_points,"{""disagreement_utility"":0.0}",ok,valid,[],"[""event_00000261""]",evaluation_receipt,episode_attempt_b03fc2577e4b1f4d5610,f76bec631ea21846f19df09d68532e2b2ae9db258e16185bd9761663f1ddc5dc,true
result_2a2520bd95a831a2662b7930,runplan_dba33a0a9cb5c08f,cell_a6282835a26114a2b318,housing_v1__experiment__000002,housing_v1,housing_controlled_model_landlords_experiment,episode_attempt_b03fc2577e4b1f4d5610,f76bec631ea21846f19df09d68532e2b2ae9db258e16185bd9761663f1ddc5dc,included,housing_social_welfare_leaf,1.0.0,social_welfare,1.0.0,utility,landlord_3,landlord_3,-3070.87,utility_points,"{""disagreement_utility"":0.0}",ok,valid,[],"[""event_00000261""]",evaluation_receipt,episode_attempt_b03fc2577e4b1f4d5610,f76bec631ea21846f19df09d68532e2b2ae9db258e16185bd9761663f1ddc5dc,true
result_e984220520bad332b409ecc9,runplan_dba33a0a9cb5c08f,cell_a6282835a26114a2b318,housing_v1__experiment__000002,housing_v1,housing_controlled_model_landlords_experiment,episode_attempt_b03fc2577e4b1f4d5610,f76bec631ea21846f19df09d68532e2b2ae9db258e16185bd9761663f1ddc5dc,included,housing_social_welfare_leaf,1.0.0,social_welfare,1.0.0,utility,tenant_0,tenant_0,0.0,utility_points,"{""disagreement_utility"":0.0}",ok,valid,[],"[""event_00000261""]",evaluation_receipt,episode_attempt_b03fc2577e4b1f4d5610,f76bec631ea21846f19df09d68532e2b2ae9db258e16185bd9761663f1ddc5dc,true
result_2d6453e9e82acb0bd9a9c683,runplan_dba33a0a9cb5c08f,cell_a6282835a26114a2b318,housing_v1__experiment__000002,housing_v1,housing_controlled_model_landlords_experiment,episode_attempt_b03fc2577e4b1f4d5610,f76bec631ea21846f19df09d68532e2b2ae9db258e16185bd9761663f1ddc5dc,included,housing_social_welfare_leaf,1.0.0,social_welfare,1.0.0,utility,tenant_1,tenant_1,3424.43,utility_points,"{""disagreement_utility"":0.0}",ok,valid,[],"[""event_00000261""]",evaluation_receipt,episode_attempt_b03fc2577e4b1f4d5610,f76bec631ea21846f19df09d68532e2b2ae9db258e16185bd9761663f1ddc5dc,true
result_aa8a4ff5083ce8b50f4eb773,runplan_dba33a0a9cb5c08f,cell_a6282835a26114a2b318,housing_v1__experiment__000002,housing_v1,housing_controlled_model_landlords_experiment,episode_attempt_b03fc2577e4b1f4d5610,f76bec631ea21846f19df09d68532e2b2ae9db258e16185bd9761663f1ddc5dc,included,housing_social_welfare_leaf,1.0.0,social_welfare,1.0.0,utility,tenant_2,tenant_2,2383.13,utility_points,"{""disagreement_utility"":0.0}",ok,valid,[],"[""event_00000261""]",evaluation_receipt,episode_attempt_b03fc2577e4b1f4d5610,f76bec631ea21846f19df09d68532e2b2ae9db258e16185bd9761663f1ddc5dc,true
result_86f0038926d132fb852d350b,runplan_dba33a0a9cb5c08f,cell_a6282835a26114a2b318,housing_v1__experiment__000002,housing_v1,housing_controlled_model_landlords_experiment,episode_attempt_b03fc2577e4b1f4d5610,f76bec631ea21846f19df09d68532e2b2ae9db258e16185bd9761663f1ddc5dc,included,housing_social_welfare_leaf,1.0.0,social_welfare,1.0.0,utility,tenant_3,tenant_3,0.0,utility_points,"{""disagreement_utility"":0.0}",ok,valid,[],"[""event_00000261""]",evaluation_receipt,episode_attempt_b03fc2577e4b1f4d5610,f76bec631ea21846f19df09d68532e2b2ae9db258e16185bd9761663f1ddc5dc,true
result_da1667a2d1736faafbbeb090,runplan_dba33a0a9cb5c08f,cell_a6282835a26114a2b318,housing_v1__experiment__000002,housing_v1,housing_controlled_model_landlords_experiment,episode_attempt_b03fc2577e4b1f4d5610,f76bec631ea21846f19df09d68532e2b2ae9db258e16185bd9761663f1ddc5dc,included,housing_social_welfare_leaf,1.0.0,social_welfare,1.0.0,utility,tenant_4,tenant_4,0.0,utility_points,"{""disagreement_utility"":0.0}",ok,valid,[],"[""event_00000261""]",evaluation_receipt,episode_attempt_b03fc2577e4b1f4d5610,f76bec631ea21846f19df09d68532e2b2ae9db258e16185bd9761663f1ddc5dc,true
result_5d3ab7ab66dfbe761647f842,runplan_dba33a0a9cb5c08f,cell_a6282835a26114a2b318,housing_v1__experiment__000002,housing_v1,housing_controlled_model_landlords_experiment,episode_attempt_b03fc2577e4b1f4d5610,f76bec631ea21846f19df09d68532e2b2ae9db258e16185bd9761663f1ddc5dc,included,housing_social_welfare_leaf,1.0.0,social_welfare,1.0.0,utility,tenant_5,tenant_5,0.0,utility_points,"{""disagreement_utility"":0.0}",ok,valid,[],"[""event_00000261""]",evaluation_receipt,episode_attempt_b03fc2577e4b1f4d5610,f76bec631ea21846f19df09d68532e2b2ae9db258e16185bd9761663f1ddc5dc,true
result_06c54bb304c4c7e6411046a0,runplan_dba33a0a9cb5c08f,cell_a6282835a26114a2b318,housing_v1__experiment__000002,housing_v1,housing_controlled_model_landlords_experiment,episode_attempt_b03fc2577e4b1f4d5610,f76bec631ea21846f19df09d68532e2b2ae9db258e16185bd9761663f1ddc5dc,included,housing_social_welfare_leaf,1.0.0,social_welfare,1.0.0,capture,landlord_0,landlord_0,0.0,utility_points,"{""disagreement_utility"":0.0}",ok,valid,[],"[""event_00000261""]",evaluation_receipt,episode_attempt_b03fc2577e4b1f4d5610,f76bec631ea21846f19df09d68532e2b2ae9db258e16185bd9761663f1ddc5dc,true
result_900ff726260ca5e39dae0ed9,runplan_dba33a0a9cb5c08f,cell_a6282835a26114a2b318,housing_v1__experiment__000002,housing_v1,housing_controlled_model_landlords_experiment,episode_attempt_b03fc2577e4b1f4d5610,f76bec631ea21846f19df09d68532e2b2ae9db258e16185bd9761663f1ddc5dc,included,housing_social_welfare_leaf,1.0.0,social_welfare,1.0.0,capture,landlord_1,landlord_1,-2062.13,utility_points,"{""disagreement_utility"":0.0}",ok,valid,[],"[""event_00000261""]",evaluation_receipt,episode_attempt_b03fc2577e4b1f4d5610,f76bec631ea21846f19df09d68532e2b2ae9db258e16185bd9761663f1ddc5dc,true
result_5493a53c90acf12e32857fc0,runplan_dba33a0a9cb5c08f,cell_a6282835a26114a2b318,housing_v1__experiment__000002,housing_v1,housing_controlled_model_landlords_experiment,episode_attempt_b03fc2577e4b1f4d5610,f76bec631ea21846f19df09d68532e2b2ae9db258e16185bd9761663f1ddc5dc,included,housing_social_welfare_leaf,1.0.0,social_welfare,1.0.0,capture,landlord_2,landlord_2,0.0,utility_points,"{""disagreement_utility"":0.0}",ok,valid,[],"[""event_00000261""]",evaluation_receipt,episode_attempt_b03fc2577e4b1f4d5610,f76bec631ea21846f19df09d68532e2b2ae9db258e16185bd9761663f1ddc5dc,true
result_ec21f59e46a544502d8fc535,runplan_dba33a0a9cb5c08f,cell_a6282835a26114a2b318,housing_v1__experiment__000002,housing_v1,housing_controlled_model_landlords_experiment,episode_attempt_b03fc2577e4b1f4d5610,f76bec631ea21846f19df09d68532e2b2ae9db258e16185bd9761663f1ddc5dc,included,housing_social_welfare_leaf,1.0.0,social_welfare,1.0.0,capture,landlord_3,landlord_3,-3070.87,utility_points,"{""disagreement_utility"":0.0}",ok,valid,[],"[""event_00000261""]",evaluation_receipt,episode_attempt_b03fc2577e4b1f4d5610,f76bec631ea21846f19df09d68532e2b2ae9db258e16185bd9761663f1ddc5dc,true
result_ceae3c60a34c2a14e8113ea7,runplan_dba33a0a9cb5c08f,cell_a6282835a26114a2b318,housing_v1__experiment__000002,housing_v1,housing_controlled_model_landlords_experiment,episode_attempt_b03fc2577e4b1f4d5610,f76bec631ea21846f19df09d68532e2b2ae9db258e16185bd9761663f1ddc5dc,included,housing_social_welfare_leaf,1.0.0,social_welfare,1.0.0,capture,tenant_0,tenant_0,0.0,utility_points,"{""disagreement_utility"":0.0}",ok,valid,[],"[""event_00000261""]",evaluation_receipt,episode_attempt_b03fc2577e4b1f4d5610,f76bec631ea21846f19df09d68532e2b2ae9db258e16185bd9761663f1ddc5dc,true
result_cb8ccb3672ac40ce402eaf06,runplan_dba33a0a9cb5c08f,cell_a6282835a26114a2b318,housing_v1__experiment__000002,housing_v1,housing_controlled_model_landlords_experiment,episode_attempt_b03fc2577e4b1f4d5610,f76bec631ea21846f19df09d68532e2b2ae9db258e16185bd9761663f1ddc5dc,included,housing_social_welfare_leaf,1.0.0,social_welfare,1.0.0,capture,tenant_1,tenant_1,3424.43,utility_points,"{""disagreement_utility"":0.0}",ok,valid,[],"[""event_00000261""]",evaluation_receipt,episode_attempt_b03fc2577e4b1f4d5610,f76bec631ea21846f19df09d68532e2b2ae9db258e16185bd9761663f1ddc5dc,true
result_32915184842e8ef63807b63f,runplan_dba33a0a9cb5c08f,cell_a6282835a26114a2b318,housing_v1__experiment__000002,housing_v1,housing_controlled_model_landlords_experiment,episode_attempt_b03fc2577e4b1f4d5610,f76bec631ea21846f19df09d68532e2b2ae9db258e16185bd9761663f1ddc5dc,included,housing_social_welfare_leaf,1.0.0,social_welfare,1.0.0,capture,tenant_2,tenant_2,2383.13,utility_points,"{""disagreement_utility"":0.0}",ok,valid,[],"[""event_00000261""]",evaluation_receipt,episode_attempt_b03fc2577e4b1f4d5610,f76bec631ea21846f19df09d68532e2b2ae9db258e16185bd9761663f1ddc5dc,true
result_7002cf93fbfcf3163c749b4e,runplan_dba33a0a9cb5c08f,cell_a6282835a26114a2b318,housing_v1__experiment__000002,housing_v1,housing_controlled_model_landlords_experiment,episode_attempt_b03fc2577e4b1f4d5610,f76bec631ea21846f19df09d68532e2b2ae9db258e16185bd9761663f1ddc5dc,included,housing_social_welfare_leaf,1.0.0,social_welfare,1.0.0,capture,tenant_3,tenant_3,0.0,utility_points,"{""disagreement_utility"":0.0}",ok,valid,[],"[""event_00000261""]",evaluation_receipt,episode_attempt_b03fc2577e4b1f4d5610,f76bec631ea21846f19df09d68532e2b2ae9db258e16185bd9761663f1ddc5dc,true
result_207ba7fde3c26a3c4856536f,runplan_dba33a0a9cb5c08f,cell_a6282835a26114a2b318,housing_v1__experiment__000002,housing_v1,housing_controlled_model_landlords_experiment,episode_attempt_b03fc2577e4b1f4d5610,f76bec631ea21846f19df09d68532e2b2ae9db258e16185bd9761663f1ddc5dc,included,housing_social_welfare_leaf,1.0.0,social_welfare,1.0.0,capture,tenant_4,tenant_4,0.0,utility_points,"{""disagreement_utility"":0.0}",ok,valid,[],"[""event_00000261""]",evaluation_receipt,episode_attempt_b03fc2577e4b1f4d5610,f76bec631ea21846f19df09d68532e2b2ae9db258e16185bd9761663f1ddc5dc,true
result_76e86135afbc01c67fde2cca,runplan_dba33a0a9cb5c08f,cell_a6282835a26114a2b318,housing_v1__experiment__000002,housing_v1,housing_controlled_model_landlords_experiment,episode_attempt_b03fc2577e4b1f4d5610,f76bec631ea21846f19df09d68532e2b2ae9db258e16185bd9761663f1ddc5dc,included,housing_social_welfare_leaf,1.0.0,social_welfare,1.0.0,capture,tenant_5,tenant_5,0.0,utility_points,"{""disagreement_utility"":0.0}",ok,valid,[],"[""event_00000261""]",evaluation_receipt,episode_attempt_b03fc2577e4b1f4d5610,f76bec631ea21846f19df09d68532e2b2ae9db258e16185bd9761663f1ddc5dc,true
result_7bdc67460cd6c9aec8bba31b,runplan_dba33a0a9cb5c08f,cell_b67a3c0ee5f98ce486cc,housing_v1__experiment__000002,housing_v1,housing_controlled_model_landlords_experiment,episode_attempt_33696820ce09c2ba2999,8c27b70da096877173068d7816e2bb35e403c152fc3316b4e7a1573292ff88a8,included,housing_social_welfare_leaf,1.0.0,social_welfare,1.0.0,primary,social_welfare,,804.79,utility_points,{},ok,valid,[],"[""event_00000259""]",evaluation_receipt,episode_attempt_33696820ce09c2ba2999,8c27b70da096877173068d7816e2bb35e403c152fc3316b4e7a1573292ff88a8,true
result_3c46c3ea9c0b8a9bf95d768d,runplan_dba33a0a9cb5c08f,cell_b67a3c0ee5f98ce486cc,housing_v1__experiment__000002,housing_v1,housing_controlled_model_landlords_experiment,episode_attempt_33696820ce09c2ba2999,8c27b70da096877173068d7816e2bb35e403c152fc3316b4e7a1573292ff88a8,included,housing_social_welfare_leaf,1.0.0,social_welfare,1.0.0,metric,comparison_baseline_gap,,63.19999999999993,utility_points,{},ok,valid,[],"[""event_00000259""]",evaluation_receipt,episode_attempt_33696820ce09c2ba2999,8c27b70da096877173068d7816e2bb35e403c152fc3316b4e7a1573292ff88a8,true
result_5c36ca5665a5d15cfdd330e2,runplan_dba33a0a9cb5c08f,cell_b67a3c0ee5f98ce486cc,housing_v1__experiment__000002,housing_v1,housing_controlled_model_landlords_experiment,episode_attempt_33696820ce09c2ba2999,8c27b70da096877173068d7816e2bb35e403c152fc3316b4e7a1573292ff88a8,included,housing_social_welfare_leaf,1.0.0,social_welfare,1.0.0,metric,ir_violation_count,,1.0,count,{},ok,valid,[],"[""event_00000259""]",evaluation_receipt,episode_attempt_33696820ce09c2ba2999,8c27b70da096877173068d7816e2bb35e403c152fc3316b4e7a1573292ff88a8,true
result_21598d5c4c5dac1668b1df89,runplan_dba33a0a9cb5c08f,cell_b67a3c0ee5f98ce486cc,housing_v1__experiment__000002,housing_v1,housing_controlled_model_landlords_experiment,episode_attempt_33696820ce09c2ba2999,8c27b70da096877173068d7816e2bb35e403c152fc3316b4e7a1573292ff88a8,included,housing_social_welfare_leaf,1.0.0,social_welfare,1.0.0,metric,social_welfare,,804.79,utility_points,{},ok,valid,[],"[""event_00000259""]",evaluation_receipt,episode_attempt_33696820ce09c2ba2999,8c27b70da096877173068d7816e2bb35e403c152fc3316b4e7a1573292ff88a8,true
result_2f7017fcefca11d9864dae7d,runplan_dba33a0a9cb5c08f,cell_b67a3c0ee5f98ce486cc,housing_v1__experiment__000002,housing_v1,housing_controlled_model_landlords_experiment,episode_attempt_33696820ce09c2ba2999,8c27b70da096877173068d7816e2bb35e403c152fc3316b4e7a1573292ff88a8,included,housing_social_welfare_leaf,1.0.0,social_welfare,1.0.0,metric,upper_bound_gap,,202.0,utility_points,{},ok,valid,[],"[""event_00000259""]",evaluation_receipt,episode_attempt_33696820ce09c2ba2999,8c27b70da096877173068d7816e2bb35e403c152fc3316b4e7a1573292ff88a8,true
result_1bd1ba9d149ff85934c74747,runplan_dba33a0a9cb5c08f,cell_b67a3c0ee5f98ce486cc,housing_v1__experiment__000002,housing_v1,housing_controlled_model_landlords_experiment,episode_attempt_33696820ce09c2ba2999,8c27b70da096877173068d7816e2bb35e403c152fc3316b4e7a1573292ff88a8,included,housing_social_welfare_leaf,1.0.0,social_welfare,1.0.0,metric,wasted_contacts,,9.0,count,{},ok,valid,[],"[""event_00000259""]",evaluation_receipt,episode_attempt_33696820ce09c2ba2999,8c27b70da096877173068d7816e2bb35e403c152fc3316b4e7a1573292ff88a8,true
result_7e6b431ca4d9825395b565d5,runplan_dba33a0a9cb5c08f,cell_b67a3c0ee5f98ce486cc,housing_v1__experiment__000002,housing_v1,housing_controlled_model_landlords_experiment,episode_attempt_33696820ce09c2ba2999,8c27b70da096877173068d7816e2bb35e403c152fc3316b4e7a1573292ff88a8,included,housing_social_welfare_leaf,1.0.0,social_welfare,1.0.0,metric,within_case_score,,0.7993623297807885,ratio,{},ok,valid,[],"[""event_00000259""]",evaluation_receipt,episode_attempt_33696820ce09c2ba2999,8c27b70da096877173068d7816e2bb35e403c152fc3316b4e7a1573292ff88a8,true
result_d6e833e14c8c2dd3fc9beb21,runplan_dba33a0a9cb5c08f,cell_b67a3c0ee5f98ce486cc,housing_v1__experiment__000002,housing_v1,housing_controlled_model_landlords_experiment,episode_attempt_33696820ce09c2ba2999,8c27b70da096877173068d7816e2bb35e403c152fc3316b4e7a1573292ff88a8,included,housing_social_welfare_leaf,1.0.0,social_welfare,1.0.0,reference,comparison_baseline,,741.59,utility_points,"{""policy"":""naive"",""reference_kind"":""comparison_baseline""}",ok,valid,[],"[""event_00000259""]",evaluation_receipt,episode_attempt_33696820ce09c2ba2999,8c27b70da096877173068d7816e2bb35e403c152fc3316b4e7a1573292ff88a8,true
result_57d3590879af102321efd5a5,runplan_dba33a0a9cb5c08f,cell_b67a3c0ee5f98ce486cc,housing_v1__experiment__000002,housing_v1,housing_controlled_model_landlords_experiment,episode_attempt_33696820ce09c2ba2999,8c27b70da096877173068d7816e2bb35e403c152fc3316b4e7a1573292ff88a8,included,housing_social_welfare_leaf,1.0.0,social_welfare,1.0.0,reference,optimum_lower_bound,,0.0,utility_points,"{""policy"":""do_nothing"",""reference_kind"":""objective_lower_bound""}",ok,valid,[],"[""event_00000259""]",evaluation_receipt,episode_attempt_33696820ce09c2ba2999,8c27b70da096877173068d7816e2bb35e403c152fc3316b4e7a1573292ff88a8,true
result_674d588c6299572793dc1862,runplan_dba33a0a9cb5c08f,cell_b67a3c0ee5f98ce486cc,housing_v1__experiment__000002,housing_v1,housing_controlled_model_landlords_experiment,episode_attempt_33696820ce09c2ba2999,8c27b70da096877173068d7816e2bb35e403c152fc3316b4e7a1573292ff88a8,included,housing_social_welfare_leaf,1.0.0,social_welfare,1.0.0,reference,optimum_upper_bound,,1006.79,utility_points,"{""reference_kind"":""objective_upper_bound"",""semantics"":""full_information_allocation_relaxation""}",ok,valid,[],"[""event_00000259""]",evaluation_receipt,episode_attempt_33696820ce09c2ba2999,8c27b70da096877173068d7816e2bb35e403c152fc3316b4e7a1573292ff88a8,true
result_8264c0d52288bd7ed5118263,runplan_dba33a0a9cb5c08f,cell_b67a3c0ee5f98ce486cc,housing_v1__experiment__000002,housing_v1,housing_controlled_model_landlords_experiment,episode_attempt_33696820ce09c2ba2999,8c27b70da096877173068d7816e2bb35e403c152fc3316b4e7a1573292ff88a8,included,housing_social_welfare_leaf,1.0.0,social_welfare,1.0.0,utility,landlord_0,landlord_0,0.0,utility_points,"{""disagreement_utility"":0.0}",ok,valid,[],"[""event_00000259""]",evaluation_receipt,episode_attempt_33696820ce09c2ba2999,8c27b70da096877173068d7816e2bb35e403c152fc3316b4e7a1573292ff88a8,true
result_647af63f9d79003c6165583c,runplan_dba33a0a9cb5c08f,cell_b67a3c0ee5f98ce486cc,housing_v1__experiment__000002,housing_v1,housing_controlled_model_landlords_experiment,episode_attempt_33696820ce09c2ba2999,8c27b70da096877173068d7816e2bb35e403c152fc3316b4e7a1573292ff88a8,included,housing_social_welfare_leaf,1.0.0,social_welfare,1.0.0,utility,landlord_1,landlord_1,-2062.13,utility_points,"{""disagreement_utility"":0.0}",ok,valid,[],"[""event_00000259""]",evaluation_receipt,episode_attempt_33696820ce09c2ba2999,8c27b70da096877173068d7816e2bb35e403c152fc3316b4e7a1573292ff88a8,true
result_d6ff1e4c2acc2bca1d0b5cea,runplan_dba33a0a9cb5c08f,cell_b67a3c0ee5f98ce486cc,housing_v1__experiment__000002,housing_v1,housing_controlled_model_landlords_experiment,episode_attempt_33696820ce09c2ba2999,8c27b70da096877173068d7816e2bb35e403c152fc3316b4e7a1573292ff88a8,included,housing_social_welfare_leaf,1.0.0,social_welfare,1.0.0,utility,landlord_2,landlord_2,0.0,utility_points,"{""disagreement_utility"":0.0}",ok,valid,[],"[""event_00000259""]",evaluation_receipt,episode_attempt_33696820ce09c2ba2999,8c27b70da096877173068d7816e2bb35e403c152fc3316b4e7a1573292ff88a8,true
result_d7856238802335e574b070f7,runplan_dba33a0a9cb5c08f,cell_b67a3c0ee5f98ce486cc,housing_v1__experiment__000002,housing_v1,housing_controlled_model_landlords_experiment,episode_attempt_33696820ce09c2ba2999,8c27b70da096877173068d7816e2bb35e403c152fc3316b4e7a1573292ff88a8,included,housing_social_welfare_leaf,1.0.0,social_welfare,1.0.0,utility,landlord_3,landlord_3,129.13,utility_points,"{""disagreement_utility"":0.0}",ok,valid,[],"[""event_00000259""]",evaluation_receipt,episode_attempt_33696820ce09c2ba2999,8c27b70da096877173068d7816e2bb35e403c152fc3316b4e7a1573292ff88a8,true
result_82aead5c8fc1001c461cb136,runplan_dba33a0a9cb5c08f,cell_b67a3c0ee5f98ce486cc,housing_v1__experiment__000002,housing_v1,housing_controlled_model_landlords_experiment,episode_attempt_33696820ce09c2ba2999,8c27b70da096877173068d7816e2bb35e403c152fc3316b4e7a1573292ff88a8,included,housing_social_welfare_leaf,1.0.0,social_welfare,1.0.0,utility,tenant_0,tenant_0,297.97,utility_points,"{""disagreement_utility"":0.0}",ok,valid,[],"[""event_00000259""]",evaluation_receipt,episode_attempt_33696820ce09c2ba2999,8c27b70da096877173068d7816e2bb35e403c152fc3316b4e7a1573292ff88a8,true
result_26a1c788734edbfc2124d754,runplan_dba33a0a9cb5c08f,cell_b67a3c0ee5f98ce486cc,housing_v1__experiment__000002,housing_v1,housing_controlled_model_landlords_experiment,episode_attempt_33696820ce09c2ba2999,8c27b70da096877173068d7816e2bb35e403c152fc3316b4e7a1573292ff88a8,included,housing_social_welfare_leaf,1.0.0,social_welfare,1.0.0,utility,tenant_1,tenant_1,0.0,utility_points,"{""disagreement_utility"":0.0}",ok,valid,[],"[""event_00000259""]",evaluation_receipt,episode_attempt_33696820ce09c2ba2999,8c27b70da096877173068d7816e2bb35e403c152fc3316b4e7a1573292ff88a8,true
result_82f1f0878ed8e38f3a3c3bd6,runplan_dba33a0a9cb5c08f,cell_b67a3c0ee5f98ce486cc,housing_v1__experiment__000002,housing_v1,housing_controlled_model_landlords_experiment,episode_attempt_33696820ce09c2ba2999,8c27b70da096877173068d7816e2bb35e403c152fc3316b4e7a1573292ff88a8,included,housing_social_welfare_leaf,1.0.0,social_welfare,1.0.0,utility,tenant_2,tenant_2,0.0,utility_points,"{""disagreement_utility"":0.0}",ok,valid,[],"[""event_00000259""]",evaluation_receipt,episode_attempt_33696820ce09c2ba2999,8c27b70da096877173068d7816e2bb35e403c152fc3316b4e7a1573292ff88a8,true
result_2d31d748128820af3e201091,runplan_dba33a0a9cb5c08f,cell_b67a3c0ee5f98ce486cc,housing_v1__experiment__000002,housing_v1,housing_controlled_model_landlords_experiment,episode_attempt_33696820ce09c2ba2999,8c27b70da096877173068d7816e2bb35e403c152fc3316b4e7a1573292ff88a8,included,housing_social_welfare_leaf,1.0.0,social_welfare,1.0.0,utility,tenant_3,tenant_3,0.0,utility_points,"{""disagreement_utility"":0.0}",ok,valid,[],"[""event_00000259""]",evaluation_receipt,episode_attempt_33696820ce09c2ba2999,8c27b70da096877173068d7816e2bb35e403c152fc3316b4e7a1573292ff88a8,true
result_a2fd5e18198d8cfeaef8f501,runplan_dba33a0a9cb5c08f,cell_b67a3c0ee5f98ce486cc,housing_v1__experiment__000002,housing_v1,housing_controlled_model_landlords_experiment,episode_attempt_33696820ce09c2ba2999,8c27b70da096877173068d7816e2bb35e403c152fc3316b4e7a1573292ff88a8,included,housing_social_welfare_leaf,1.0.0,social_welfare,1.0.0,utility,tenant_4,tenant_4,0.0,utility_points,"{""disagreement_utility"":0.0}",ok,valid,[],"[""event_00000259""]",evaluation_receipt,episode_attempt_33696820ce09c2ba2999,8c27b70da096877173068d7816e2bb35e403c152fc3316b4e7a1573292ff88a8,true
result_787aec4b10a9bf744f6174a4,runplan_dba33a0a9cb5c08f,cell_b67a3c0ee5f98ce486cc,housing_v1__experiment__000002,housing_v1,housing_controlled_model_landlords_experiment,episode_attempt_33696820ce09c2ba2999,8c27b70da096877173068d7816e2bb35e403c152fc3316b4e7a1573292ff88a8,included,housing_social_welfare_leaf,1.0.0,social_welfare,1.0.0,utility,tenant_5,tenant_5,2439.82,utility_points,"{""disagreement_utility"":0.0}",ok,valid,[],"[""event_00000259""]",evaluation_receipt,episode_attempt_33696820ce09c2ba2999,8c27b70da096877173068d7816e2bb35e403c152fc3316b4e7a1573292ff88a8,true
result_f9416fce5b32c045af9f856f,runplan_dba33a0a9cb5c08f,cell_b67a3c0ee5f98ce486cc,housing_v1__experiment__000002,housing_v1,housing_controlled_model_landlords_experiment,episode_attempt_33696820ce09c2ba2999,8c27b70da096877173068d7816e2bb35e403c152fc3316b4e7a1573292ff88a8,included,housing_social_welfare_leaf,1.0.0,social_welfare,1.0.0,capture,landlord_0,landlord_0,0.0,utility_points,"{""disagreement_utility"":0.0}",ok,valid,[],"[""event_00000259""]",evaluation_receipt,episode_attempt_33696820ce09c2ba2999,8c27b70da096877173068d7816e2bb35e403c152fc3316b4e7a1573292ff88a8,true
result_ff8242f7f8ec885ddfe1f411,runplan_dba33a0a9cb5c08f,cell_b67a3c0ee5f98ce486cc,housing_v1__experiment__000002,housing_v1,housing_controlled_model_landlords_experiment,episode_attempt_33696820ce09c2ba2999,8c27b70da096877173068d7816e2bb35e403c152fc3316b4e7a1573292ff88a8,included,housing_social_welfare_leaf,1.0.0,social_welfare,1.0.0,capture,landlord_1,landlord_1,-2062.13,utility_points,"{""disagreement_utility"":0.0}",ok,valid,[],"[""event_00000259""]",evaluation_receipt,episode_attempt_33696820ce09c2ba2999,8c27b70da096877173068d7816e2bb35e403c152fc3316b4e7a1573292ff88a8,true
result_845c537fc57c4374bc37661e,runplan_dba33a0a9cb5c08f,cell_b67a3c0ee5f98ce486cc,housing_v1__experiment__000002,housing_v1,housing_controlled_model_landlords_experiment,episode_attempt_33696820ce09c2ba2999,8c27b70da096877173068d7816e2bb35e403c152fc3316b4e7a1573292ff88a8,included,housing_social_welfare_leaf,1.0.0,social_welfare,1.0.0,capture,landlord_2,landlord_2,0.0,utility_points,"{""disagreement_utility"":0.0}",ok,valid,[],"[""event_00000259""]",evaluation_receipt,episode_attempt_33696820ce09c2ba2999,8c27b70da096877173068d7816e2bb35e403c152fc3316b4e7a1573292ff88a8,true
result_44ab00a7fb4fd3428100a591,runplan_dba33a0a9cb5c08f,cell_b67a3c0ee5f98ce486cc,housing_v1__experiment__000002,housing_v1,housing_controlled_model_landlords_experiment,episode_attempt_33696820ce09c2ba2999,8c27b70da096877173068d7816e2bb35e403c152fc3316b4e7a1573292ff88a8,included,housing_social_welfare_leaf,1.0.0,social_welfare,1.0.0,capture,landlord_3,landlord_3,129.13,utility_points,"{""disagreement_utility"":0.0}",ok,valid,[],"[""event_00000259""]",evaluation_receipt,episode_attempt_33696820ce09c2ba2999,8c27b70da096877173068d7816e2bb35e403c152fc3316b4e7a1573292ff88a8,true
result_d81c6270f169a2bc4a01367e,runplan_dba33a0a9cb5c08f,cell_b67a3c0ee5f98ce486cc,housing_v1__experiment__000002,housing_v1,housing_controlled_model_landlords_experiment,episode_attempt_33696820ce09c2ba2999,8c27b70da096877173068d7816e2bb35e403c152fc3316b4e7a1573292ff88a8,included,housing_social_welfare_leaf,1.0.0,social_welfare,1.0.0,capture,tenant_0,tenant_0,297.97,utility_points,"{""disagreement_utility"":0.0}",ok,valid,[],"[""event_00000259""]",evaluation_receipt,episode_attempt_33696820ce09c2ba2999,8c27b70da096877173068d7816e2bb35e403c152fc3316b4e7a1573292ff88a8,true
result_f93afb17597c79f73f303ff4,runplan_dba33a0a9cb5c08f,cell_b67a3c0ee5f98ce486cc,housing_v1__experiment__000002,housing_v1,housing_controlled_model_landlords_experiment,episode_attempt_33696820ce09c2ba2999,8c27b70da096877173068d7816e2bb35e403c152fc3316b4e7a1573292ff88a8,included,housing_social_welfare_leaf,1.0.0,social_welfare,1.0.0,capture,tenant_1,tenant_1,0.0,utility_points,"{""disagreement_utility"":0.0}",ok,valid,[],"[""event_00000259""]",evaluation_receipt,episode_attempt_33696820ce09c2ba2999,8c27b70da096877173068d7816e2bb35e403c152fc3316b4e7a1573292ff88a8,true
result_c66a7e85c5f12c26c5e01e5a,runplan_dba33a0a9cb5c08f,cell_b67a3c0ee5f98ce486cc,housing_v1__experiment__000002,housing_v1,housing_controlled_model_landlords_experiment,episode_attempt_33696820ce09c2ba2999,8c27b70da096877173068d7816e2bb35e403c152fc3316b4e7a1573292ff88a8,included,housing_social_welfare_leaf,1.0.0,social_welfare,1.0.0,capture,tenant_2,tenant_2,0.0,utility_points,"{""disagreement_utility"":0.0}",ok,valid,[],"[""event_00000259""]",evaluation_receipt,episode_attempt_33696820ce09c2ba2999,8c27b70da096877173068d7816e2bb35e403c152fc3316b4e7a1573292ff88a8,true
result_13974df013b4f7b91666e47b,runplan_dba33a0a9cb5c08f,cell_b67a3c0ee5f98ce486cc,housing_v1__experiment__000002,housing_v1,housing_controlled_model_landlords_experiment,episode_attempt_33696820ce09c2ba2999,8c27b70da096877173068d7816e2bb35e403c152fc3316b4e7a1573292ff88a8,included,housing_social_welfare_leaf,1.0.0,social_welfare,1.0.0,capture,tenant_3,tenant_3,0.0,utility_points,"{""disagreement_utility"":0.0}",ok,valid,[],"[""event_00000259""]",evaluation_receipt,episode_attempt_33696820ce09c2ba2999,8c27b70da096877173068d7816e2bb35e403c152fc3316b4e7a1573292ff88a8,true
result_aac5cfec5f081c4b95fcb580,runplan_dba33a0a9cb5c08f,cell_b67a3c0ee5f98ce486cc,housing_v1__experiment__000002,housing_v1,housing_controlled_model_landlords_experiment,episode_attempt_33696820ce09c2ba2999,8c27b70da096877173068d7816e2bb35e403c152fc3316b4e7a1573292ff88a8,included,housing_social_welfare_leaf,1.0.0,social_welfare,1.0.0,capture,tenant_4,tenant_4,0.0,utility_points,"{""disagreement_utility"":0.0}",ok,valid,[],"[""event_00000259""]",evaluation_receipt,episode_attempt_33696820ce09c2ba2999,8c27b70da096877173068d7816e2bb35e403c152fc3316b4e7a1573292ff88a8,true
result_f51f4cf6ea41f82a1830ec30,runplan_dba33a0a9cb5c08f,cell_b67a3c0ee5f98ce486cc,housing_v1__experiment__000002,housing_v1,housing_controlled_model_landlords_experiment,episode_attempt_33696820ce09c2ba2999,8c27b70da096877173068d7816e2bb35e403c152fc3316b4e7a1573292ff88a8,included,housing_social_welfare_leaf,1.0.0,social_welfare,1.0.0,capture,tenant_5,tenant_5,2439.82,utility_points,"{""disagreement_utility"":0.0}",ok,valid,[],"[""event_00000259""]",evaluation_receipt,episode_attempt_33696820ce09c2ba2999,8c27b70da096877173068d7816e2bb35e403c152fc3316b4e7a1573292ff88a8,true
result_fb9a7b7309e047da75ca2c93,runplan_dba33a0a9cb5c08f,cell_baf425aecfc239492883,housing_v1__experiment__000004,housing_v1,housing_controlled_model_landlords_experiment,episode_attempt_14fac5f1fe8b2245e12b,0c2a1262c79ab8e14b50eaf89406fdb282e299d9c7295e827179243757cb7ca1,included,housing_social_welfare_leaf,1.0.0,social_welfare,1.0.0,primary,social_welfare,,1027.73,utility_points,{},ok,valid,[],"[""event_00000251""]",evaluation_receipt,episode_attempt_14fac5f1fe8b2245e12b,0c2a1262c79ab8e14b50eaf89406fdb282e299d9c7295e827179243757cb7ca1,true
result_a5567bffe4fa4704328f18f4,runplan_dba33a0a9cb5c08f,cell_baf425aecfc239492883,housing_v1__experiment__000004,housing_v1,housing_controlled_model_landlords_experiment,episode_attempt_14fac5f1fe8b2245e12b,0c2a1262c79ab8e14b50eaf89406fdb282e299d9c7295e827179243757cb7ca1,included,housing_social_welfare_leaf,1.0.0,social_welfare,1.0.0,metric,comparison_baseline_gap,,-21.589999999999918,utility_points,{},ok,valid,[],"[""event_00000251""]",evaluation_receipt,episode_attempt_14fac5f1fe8b2245e12b,0c2a1262c79ab8e14b50eaf89406fdb282e299d9c7295e827179243757cb7ca1,true
result_f2c4c3f5543b600251c08b1a,runplan_dba33a0a9cb5c08f,cell_baf425aecfc239492883,housing_v1__experiment__000004,housing_v1,housing_controlled_model_landlords_experiment,episode_attempt_14fac5f1fe8b2245e12b,0c2a1262c79ab8e14b50eaf89406fdb282e299d9c7295e827179243757cb7ca1,included,housing_social_welfare_leaf,1.0.0,social_welfare,1.0.0,metric,ir_violation_count,,1.0,count,{},ok,valid,[],"[""event_00000251""]",evaluation_receipt,episode_attempt_14fac5f1fe8b2245e12b,0c2a1262c79ab8e14b50eaf89406fdb282e299d9c7295e827179243757cb7ca1,true
result_cd6566be73afa1476936a535,runplan_dba33a0a9cb5c08f,cell_baf425aecfc239492883,housing_v1__experiment__000004,housing_v1,housing_controlled_model_landlords_experiment,episode_attempt_14fac5f1fe8b2245e12b,0c2a1262c79ab8e14b50eaf89406fdb282e299d9c7295e827179243757cb7ca1,included,housing_social_welfare_leaf,1.0.0,social_welfare,1.0.0,metric,social_welfare,,1027.73,utility_points,{},ok,valid,[],"[""event_00000251""]",evaluation_receipt,episode_attempt_14fac5f1fe8b2245e12b,0c2a1262c79ab8e14b50eaf89406fdb282e299d9c7295e827179243757cb7ca1,true
result_bc603a3d2f3bdbc2d78f5143,runplan_dba33a0a9cb5c08f,cell_baf425aecfc239492883,housing_v1__experiment__000004,housing_v1,housing_controlled_model_landlords_experiment,episode_attempt_14fac5f1fe8b2245e12b,0c2a1262c79ab8e14b50eaf89406fdb282e299d9c7295e827179243757cb7ca1,included,housing_social_welfare_leaf,1.0.0,social_welfare,1.0.0,metric,upper_bound_gap,,160.31999999999994,utility_points,{},ok,valid,[],"[""event_00000251""]",evaluation_receipt,episode_attempt_14fac5f1fe8b2245e12b,0c2a1262c79ab8e14b50eaf89406fdb282e299d9c7295e827179243757cb7ca1,true
result_03ac08d3a7e280eb81ab7517,runplan_dba33a0a9cb5c08f,cell_baf425aecfc239492883,housing_v1__experiment__000004,housing_v1,housing_controlled_model_landlords_experiment,episode_attempt_14fac5f1fe8b2245e12b,0c2a1262c79ab8e14b50eaf89406fdb282e299d9c7295e827179243757cb7ca1,included,housing_social_welfare_leaf,1.0.0,social_welfare,1.0.0,metric,wasted_contacts,,9.0,count,{},ok,valid,[],"[""event_00000251""]",evaluation_receipt,episode_attempt_14fac5f1fe8b2245e12b,0c2a1262c79ab8e14b50eaf89406fdb282e299d9c7295e827179243757cb7ca1,true
result_624f91b88a02aa34f6e36029,runplan_dba33a0a9cb5c08f,cell_baf425aecfc239492883,housing_v1__experiment__000004,housing_v1,housing_controlled_model_landlords_experiment,episode_attempt_14fac5f1fe8b2245e12b,0c2a1262c79ab8e14b50eaf89406fdb282e299d9c7295e827179243757cb7ca1,included,housing_social_welfare_leaf,1.0.0,social_welfare,1.0.0,metric,within_case_score,,0.8650561845040192,ratio,{},ok,valid,[],"[""event_00000251""]",evaluation_receipt,episode_attempt_14fac5f1fe8b2245e12b,0c2a1262c79ab8e14b50eaf89406fdb282e299d9c7295e827179243757cb7ca1,true
result_863a74d3e31e6082007bd759,runplan_dba33a0a9cb5c08f,cell_baf425aecfc239492883,housing_v1__experiment__000004,housing_v1,housing_controlled_model_landlords_experiment,episode_attempt_14fac5f1fe8b2245e12b,0c2a1262c79ab8e14b50eaf89406fdb282e299d9c7295e827179243757cb7ca1,included,housing_social_welfare_leaf,1.0.0,social_welfare,1.0.0,reference,comparison_baseline,,1049.32,utility_points,"{""policy"":""naive"",""reference_kind"":""comparison_baseline""}",ok,valid,[],"[""event_00000251""]",evaluation_receipt,episode_attempt_14fac5f1fe8b2245e12b,0c2a1262c79ab8e14b50eaf89406fdb282e299d9c7295e827179243757cb7ca1,true
result_e1e5b5368064094c4066e353,runplan_dba33a0a9cb5c08f,cell_baf425aecfc239492883,housing_v1__experiment__000004,housing_v1,housing_controlled_model_landlords_experiment,episode_attempt_14fac5f1fe8b2245e12b,0c2a1262c79ab8e14b50eaf89406fdb282e299d9c7295e827179243757cb7ca1,included,housing_social_welfare_leaf,1.0.0,social_welfare,1.0.0,reference,optimum_lower_bound,,0.0,utility_points,"{""policy"":""do_nothing"",""reference_kind"":""objective_lower_bound""}",ok,valid,[],"[""event_00000251""]",evaluation_receipt,episode_attempt_14fac5f1fe8b2245e12b,0c2a1262c79ab8e14b50eaf89406fdb282e299d9c7295e827179243757cb7ca1,true
result_b009295a93392fcb629ea88d,runplan_dba33a0a9cb5c08f,cell_baf425aecfc239492883,housing_v1__experiment__000004,housing_v1,housing_controlled_model_landlords_experiment,episode_attempt_14fac5f1fe8b2245e12b,0c2a1262c79ab8e14b50eaf89406fdb282e299d9c7295e827179243757cb7ca1,included,housing_social_welfare_leaf,1.0.0,social_welfare,1.0.0,reference,optimum_upper_bound,,1188.05,utility_points,"{""reference_kind"":""objective_upper_bound"",""semantics"":""full_information_allocation_relaxation""}",ok,valid,[],"[""event_00000251""]",evaluation_receipt,episode_attempt_14fac5f1fe8b2245e12b,0c2a1262c79ab8e14b50eaf89406fdb282e299d9c7295e827179243757cb7ca1,true
result_4b875855bf26e04605d23cb8,runplan_dba33a0a9cb5c08f,cell_baf425aecfc239492883,housing_v1__experiment__000004,housing_v1,housing_controlled_model_landlords_experiment,episode_attempt_14fac5f1fe8b2245e12b,0c2a1262c79ab8e14b50eaf89406fdb282e299d9c7295e827179243757cb7ca1,included,housing_social_welfare_leaf,1.0.0,social_welfare,1.0.0,utility,landlord_0,landlord_0,0.0,utility_points,"{""disagreement_utility"":0.0}",ok,valid,[],"[""event_00000251""]",evaluation_receipt,episode_attempt_14fac5f1fe8b2245e12b,0c2a1262c79ab8e14b50eaf89406fdb282e299d9c7295e827179243757cb7ca1,true
result_246291ee0774384e4cfcf1a2,runplan_dba33a0a9cb5c08f,cell_baf425aecfc239492883,housing_v1__experiment__000004,housing_v1,housing_controlled_model_landlords_experiment,episode_attempt_14fac5f1fe8b2245e12b,0c2a1262c79ab8e14b50eaf89406fdb282e299d9c7295e827179243757cb7ca1,included,housing_social_welfare_leaf,1.0.0,social_welfare,1.0.0,utility,landlord_1,landlord_1,0.0,utility_points,"{""disagreement_utility"":0.0}",ok,valid,[],"[""event_00000251""]",evaluation_receipt,episode_attempt_14fac5f1fe8b2245e12b,0c2a1262c79ab8e14b50eaf89406fdb282e299d9c7295e827179243757cb7ca1,true
result_8e603766ae53cc043f8cb910,runplan_dba33a0a9cb5c08f,cell_baf425aecfc239492883,housing_v1__experiment__000004,housing_v1,housing_controlled_model_landlords_experiment,episode_attempt_14fac5f1fe8b2245e12b,0c2a1262c79ab8e14b50eaf89406fdb282e299d9c7295e827179243757cb7ca1,included,housing_social_welfare_leaf,1.0.0,social_welfare,1.0.0,utility,landlord_2,landlord_2,-2279.24,utility_points,"{""disagreement_utility"":0.0}",ok,valid,[],"[""event_00000251""]",evaluation_receipt,episode_attempt_14fac5f1fe8b2245e12b,0c2a1262c79ab8e14b50eaf89406fdb282e299d9c7295e827179243757cb7ca1,true
result_3064139e8075c5fa97797121,runplan_dba33a0a9cb5c08f,cell_baf425aecfc239492883,housing_v1__experiment__000004,housing_v1,housing_controlled_model_landlords_experiment,episode_attempt_14fac5f1fe8b2245e12b,0c2a1262c79ab8e14b50eaf89406fdb282e299d9c7295e827179243757cb7ca1,included,housing_social_welfare_leaf,1.0.0,social_welfare,1.0.0,utility,landlord_3,landlord_3,44.18,utility_points,"{""disagreement_utility"":0.0}",ok,valid,[],"[""event_00000251""]",evaluation_receipt,episode_attempt_14fac5f1fe8b2245e12b,0c2a1262c79ab8e14b50eaf89406fdb282e299d9c7295e827179243757cb7ca1,true
result_e59c88eb9a6977da8b71febc,runplan_dba33a0a9cb5c08f,cell_baf425aecfc239492883,housing_v1__experiment__000004,housing_v1,housing_controlled_model_landlords_experiment,episode_attempt_14fac5f1fe8b2245e12b,0c2a1262c79ab8e14b50eaf89406fdb282e299d9c7295e827179243757cb7ca1,included,housing_social_welfare_leaf,1.0.0,social_welfare,1.0.0,utility,tenant_0,tenant_0,386.43,utility_points,"{""disagreement_utility"":0.0}",ok,valid,[],"[""event_00000251""]",evaluation_receipt,episode_attempt_14fac5f1fe8b2245e12b,0c2a1262c79ab8e14b50eaf89406fdb282e299d9c7295e827179243757cb7ca1,true
result_cb6d8b00fb57ceb2b42594b5,runplan_dba33a0a9cb5c08f,cell_baf425aecfc239492883,housing_v1__experiment__000004,housing_v1,housing_controlled_model_landlords_experiment,episode_attempt_14fac5f1fe8b2245e12b,0c2a1262c79ab8e14b50eaf89406fdb282e299d9c7295e827179243757cb7ca1,included,housing_social_welfare_leaf,1.0.0,social_welfare,1.0.0,utility,tenant_1,tenant_1,0.0,utility_points,"{""disagreement_utility"":0.0}",ok,valid,[],"[""event_00000251""]",evaluation_receipt,episode_attempt_14fac5f1fe8b2245e12b,0c2a1262c79ab8e14b50eaf89406fdb282e299d9c7295e827179243757cb7ca1,true
result_c85319a3797d397e2d715a2d,runplan_dba33a0a9cb5c08f,cell_baf425aecfc239492883,housing_v1__experiment__000004,housing_v1,housing_controlled_model_landlords_experiment,episode_attempt_14fac5f1fe8b2245e12b,0c2a1262c79ab8e14b50eaf89406fdb282e299d9c7295e827179243757cb7ca1,included,housing_social_welfare_leaf,1.0.0,social_welfare,1.0.0,utility,tenant_2,tenant_2,2876.36,utility_points,"{""disagreement_utility"":0.0}",ok,valid,[],"[""event_00000251""]",evaluation_receipt,episode_attempt_14fac5f1fe8b2245e12b,0c2a1262c79ab8e14b50eaf89406fdb282e299d9c7295e827179243757cb7ca1,true
result_64df71b1ad32baa8adee3acf,runplan_dba33a0a9cb5c08f,cell_baf425aecfc239492883,housing_v1__experiment__000004,housing_v1,housing_controlled_model_landlords_experiment,episode_attempt_14fac5f1fe8b2245e12b,0c2a1262c79ab8e14b50eaf89406fdb282e299d9c7295e827179243757cb7ca1,included,housing_social_welfare_leaf,1.0.0,social_welfare,1.0.0,utility,tenant_3,tenant_3,0.0,utility_points,"{""disagreement_utility"":0.0}",ok,valid,[],"[""event_00000251""]",evaluation_receipt,episode_attempt_14fac5f1fe8b2245e12b,0c2a1262c79ab8e14b50eaf89406fdb282e299d9c7295e827179243757cb7ca1,true
result_3db0a7eca88442c3474fe5ca,runplan_dba33a0a9cb5c08f,cell_baf425aecfc239492883,housing_v1__experiment__000004,housing_v1,housing_controlled_model_landlords_experiment,episode_attempt_14fac5f1fe8b2245e12b,0c2a1262c79ab8e14b50eaf89406fdb282e299d9c7295e827179243757cb7ca1,included,housing_social_welfare_leaf,1.0.0,social_welfare,1.0.0,utility,tenant_4,tenant_4,0.0,utility_points,"{""disagreement_utility"":0.0}",ok,valid,[],"[""event_00000251""]",evaluation_receipt,episode_attempt_14fac5f1fe8b2245e12b,0c2a1262c79ab8e14b50eaf89406fdb282e299d9c7295e827179243757cb7ca1,true
result_1827a71ebffcf2c039b0af3e,runplan_dba33a0a9cb5c08f,cell_baf425aecfc239492883,housing_v1__experiment__000004,housing_v1,housing_controlled_model_landlords_experiment,episode_attempt_14fac5f1fe8b2245e12b,0c2a1262c79ab8e14b50eaf89406fdb282e299d9c7295e827179243757cb7ca1,included,housing_social_welfare_leaf,1.0.0,social_welfare,1.0.0,utility,tenant_5,tenant_5,0.0,utility_points,"{""disagreement_utility"":0.0}",ok,valid,[],"[""event_00000251""]",evaluation_receipt,episode_attempt_14fac5f1fe8b2245e12b,0c2a1262c79ab8e14b50eaf89406fdb282e299d9c7295e827179243757cb7ca1,true
result_97118465e926c2f4f88baf0f,runplan_dba33a0a9cb5c08f,cell_baf425aecfc239492883,housing_v1__experiment__000004,housing_v1,housing_controlled_model_landlords_experiment,episode_attempt_14fac5f1fe8b2245e12b,0c2a1262c79ab8e14b50eaf89406fdb282e299d9c7295e827179243757cb7ca1,included,housing_social_welfare_leaf,1.0.0,social_welfare,1.0.0,capture,landlord_0,landlord_0,0.0,utility_points,"{""disagreement_utility"":0.0}",ok,valid,[],"[""event_00000251""]",evaluation_receipt,episode_attempt_14fac5f1fe8b2245e12b,0c2a1262c79ab8e14b50eaf89406fdb282e299d9c7295e827179243757cb7ca1,true
result_3bd07a67052ccd9fe7ce8c08,runplan_dba33a0a9cb5c08f,cell_baf425aecfc239492883,housing_v1__experiment__000004,housing_v1,housing_controlled_model_landlords_experiment,episode_attempt_14fac5f1fe8b2245e12b,0c2a1262c79ab8e14b50eaf89406fdb282e299d9c7295e827179243757cb7ca1,included,housing_social_welfare_leaf,1.0.0,social_welfare,1.0.0,capture,landlord_1,landlord_1,0.0,utility_points,"{""disagreement_utility"":0.0}",ok,valid,[],"[""event_00000251""]",evaluation_receipt,episode_attempt_14fac5f1fe8b2245e12b,0c2a1262c79ab8e14b50eaf89406fdb282e299d9c7295e827179243757cb7ca1,true
result_e94406304d73d00d45f52db0,runplan_dba33a0a9cb5c08f,cell_baf425aecfc239492883,housing_v1__experiment__000004,housing_v1,housing_controlled_model_landlords_experiment,episode_attempt_14fac5f1fe8b2245e12b,0c2a1262c79ab8e14b50eaf89406fdb282e299d9c7295e827179243757cb7ca1,included,housing_social_welfare_leaf,1.0.0,social_welfare,1.0.0,capture,landlord_2,landlord_2,-2279.24,utility_points,"{""disagreement_utility"":0.0}",ok,valid,[],"[""event_00000251""]",evaluation_receipt,episode_attempt_14fac5f1fe8b2245e12b,0c2a1262c79ab8e14b50eaf89406fdb282e299d9c7295e827179243757cb7ca1,true
result_623dd761780b98f6c507a0be,runplan_dba33a0a9cb5c08f,cell_baf425aecfc239492883,housing_v1__experiment__000004,housing_v1,housing_controlled_model_landlords_experiment,episode_attempt_14fac5f1fe8b2245e12b,0c2a1262c79ab8e14b50eaf89406fdb282e299d9c7295e827179243757cb7ca1,included,housing_social_welfare_leaf,1.0.0,social_welfare,1.0.0,capture,landlord_3,landlord_3,44.18,utility_points,"{""disagreement_utility"":0.0}",ok,valid,[],"[""event_00000251""]",evaluation_receipt,episode_attempt_14fac5f1fe8b2245e12b,0c2a1262c79ab8e14b50eaf89406fdb282e299d9c7295e827179243757cb7ca1,true
result_f17d94ca654f46c6f5134d52,runplan_dba33a0a9cb5c08f,cell_baf425aecfc239492883,housing_v1__experiment__000004,housing_v1,housing_controlled_model_landlords_experiment,episode_attempt_14fac5f1fe8b2245e12b,0c2a1262c79ab8e14b50eaf89406fdb282e299d9c7295e827179243757cb7ca1,included,housing_social_welfare_leaf,1.0.0,social_welfare,1.0.0,capture,tenant_0,tenant_0,386.43,utility_points,"{""disagreement_utility"":0.0}",ok,valid,[],"[""event_00000251""]",evaluation_receipt,episode_attempt_14fac5f1fe8b2245e12b,0c2a1262c79ab8e14b50eaf89406fdb282e299d9c7295e827179243757cb7ca1,true
result_cea6af5e8f526f7468b19479,runplan_dba33a0a9cb5c08f,cell_baf425aecfc239492883,housing_v1__experiment__000004,housing_v1,housing_controlled_model_landlords_experiment,episode_attempt_14fac5f1fe8b2245e12b,0c2a1262c79ab8e14b50eaf89406fdb282e299d9c7295e827179243757cb7ca1,included,housing_social_welfare_leaf,1.0.0,social_welfare,1.0.0,capture,tenant_1,tenant_1,0.0,utility_points,"{""disagreement_utility"":0.0}",ok,valid,[],"[""event_00000251""]",evaluation_receipt,episode_attempt_14fac5f1fe8b2245e12b,0c2a1262c79ab8e14b50eaf89406fdb282e299d9c7295e827179243757cb7ca1,true
result_1c57d260bb60d3186fcdc6f5,runplan_dba33a0a9cb5c08f,cell_baf425aecfc239492883,housing_v1__experiment__000004,housing_v1,housing_controlled_model_landlords_experiment,episode_attempt_14fac5f1fe8b2245e12b,0c2a1262c79ab8e14b50eaf89406fdb282e299d9c7295e827179243757cb7ca1,included,housing_social_welfare_leaf,1.0.0,social_welfare,1.0.0,capture,tenant_2,tenant_2,2876.36,utility_points,"{""disagreement_utility"":0.0}",ok,valid,[],"[""event_00000251""]",evaluation_receipt,episode_attempt_14fac5f1fe8b2245e12b,0c2a1262c79ab8e14b50eaf89406fdb282e299d9c7295e827179243757cb7ca1,true
result_a3f749efafd9ea8cff7b4663,runplan_dba33a0a9cb5c08f,cell_baf425aecfc239492883,housing_v1__experiment__000004,housing_v1,housing_controlled_model_landlords_experiment,episode_attempt_14fac5f1fe8b2245e12b,0c2a1262c79ab8e14b50eaf89406fdb282e299d9c7295e827179243757cb7ca1,included,housing_social_welfare_leaf,1.0.0,social_welfare,1.0.0,capture,tenant_3,tenant_3,0.0,utility_points,"{""disagreement_utility"":0.0}",ok,valid,[],"[""event_00000251""]",evaluation_receipt,episode_attempt_14fac5f1fe8b2245e12b,0c2a1262c79ab8e14b50eaf89406fdb282e299d9c7295e827179243757cb7ca1,true
result_bce54923fb8c8626e31cc39d,runplan_dba33a0a9cb5c08f,cell_baf425aecfc239492883,housing_v1__experiment__000004,housing_v1,housing_controlled_model_landlords_experiment,episode_attempt_14fac5f1fe8b2245e12b,0c2a1262c79ab8e14b50eaf89406fdb282e299d9c7295e827179243757cb7ca1,included,housing_social_welfare_leaf,1.0.0,social_welfare,1.0.0,capture,tenant_4,tenant_4,0.0,utility_points,"{""disagreement_utility"":0.0}",ok,valid,[],"[""event_00000251""]",evaluation_receipt,episode_attempt_14fac5f1fe8b2245e12b,0c2a1262c79ab8e14b50eaf89406fdb282e299d9c7295e827179243757cb7ca1,true
result_ce0cefb4a308a3d3022a0e11,runplan_dba33a0a9cb5c08f,cell_baf425aecfc239492883,housing_v1__experiment__000004,housing_v1,housing_controlled_model_landlords_experiment,episode_attempt_14fac5f1fe8b2245e12b,0c2a1262c79ab8e14b50eaf89406fdb282e299d9c7295e827179243757cb7ca1,included,housing_social_welfare_leaf,1.0.0,social_welfare,1.0.0,capture,tenant_5,tenant_5,0.0,utility_points,"{""disagreement_utility"":0.0}",ok,valid,[],"[""event_00000251""]",evaluation_receipt,episode_attempt_14fac5f1fe8b2245e12b,0c2a1262c79ab8e14b50eaf89406fdb282e299d9c7295e827179243757cb7ca1,true
result_c5b8dcd3b39f5e3d085fe9b6,runplan_dba33a0a9cb5c08f,cell_d5f9cd642b32af9c73cf,housing_v1__experiment__000003,housing_v1,housing_controlled_model_landlords_experiment,episode_attempt_6992a17caf2edefbc403,48bcdfee317e065582223ff493e6eb4520f05fd72019924bd5e7ed753ce03b32,included,housing_social_welfare_leaf,1.0.0,social_welfare,1.0.0,primary,social_welfare,,696.95,utility_points,{},ok,valid,[],"[""event_00000285""]",evaluation_receipt,episode_attempt_6992a17caf2edefbc403,48bcdfee317e065582223ff493e6eb4520f05fd72019924bd5e7ed753ce03b32,true
result_ace24b0c9c3c4f73962c2810,runplan_dba33a0a9cb5c08f,cell_d5f9cd642b32af9c73cf,housing_v1__experiment__000003,housing_v1,housing_controlled_model_landlords_experiment,episode_attempt_6992a17caf2edefbc403,48bcdfee317e065582223ff493e6eb4520f05fd72019924bd5e7ed753ce03b32,included,housing_social_welfare_leaf,1.0.0,social_welfare,1.0.0,metric,comparison_baseline_gap,,-90.08999999999992,utility_points,{},ok,valid,[],"[""event_00000285""]",evaluation_receipt,episode_attempt_6992a17caf2edefbc403,48bcdfee317e065582223ff493e6eb4520f05fd72019924bd5e7ed753ce03b32,true
result_3baf2966e52a9aff3566649f,runplan_dba33a0a9cb5c08f,cell_d5f9cd642b32af9c73cf,housing_v1__experiment__000003,housing_v1,housing_controlled_model_landlords_experiment,episode_attempt_6992a17caf2edefbc403,48bcdfee317e065582223ff493e6eb4520f05fd72019924bd5e7ed753ce03b32,included,housing_social_welfare_leaf,1.0.0,social_welfare,1.0.0,metric,ir_violation_count,,0.0,count,{},ok,valid,[],"[""event_00000285""]",evaluation_receipt,episode_attempt_6992a17caf2edefbc403,48bcdfee317e065582223ff493e6eb4520f05fd72019924bd5e7ed753ce03b32,true
result_e89df13bc7f652dda1a7b701,runplan_dba33a0a9cb5c08f,cell_d5f9cd642b32af9c73cf,housing_v1__experiment__000003,housing_v1,housing_controlled_model_landlords_experiment,episode_attempt_6992a17caf2edefbc403,48bcdfee317e065582223ff493e6eb4520f05fd72019924bd5e7ed753ce03b32,included,housing_social_welfare_leaf,1.0.0,social_welfare,1.0.0,metric,social_welfare,,696.95,utility_points,{},ok,valid,[],"[""event_00000285""]",evaluation_receipt,episode_attempt_6992a17caf2edefbc403,48bcdfee317e065582223ff493e6eb4520f05fd72019924bd5e7ed753ce03b32,true
result_bd6895dcf278699676d48cfe,runplan_dba33a0a9cb5c08f,cell_d5f9cd642b32af9c73cf,housing_v1__experiment__000003,housing_v1,housing_controlled_model_landlords_experiment,episode_attempt_6992a17caf2edefbc403,48bcdfee317e065582223ff493e6eb4520f05fd72019924bd5e7ed753ce03b32,included,housing_social_welfare_leaf,1.0.0,social_welfare,1.0.0,metric,upper_bound_gap,,301.28999999999996,utility_points,{},ok,valid,[],"[""event_00000285""]",evaluation_receipt,episode_attempt_6992a17caf2edefbc403,48bcdfee317e065582223ff493e6eb4520f05fd72019924bd5e7ed753ce03b32,true
result_1e9eb369d6cdba8e02533476,runplan_dba33a0a9cb5c08f,cell_d5f9cd642b32af9c73cf,housing_v1__experiment__000003,housing_v1,housing_controlled_model_landlords_experiment,episode_attempt_6992a17caf2edefbc403,48bcdfee317e065582223ff493e6eb4520f05fd72019924bd5e7ed753ce03b32,included,housing_social_welfare_leaf,1.0.0,social_welfare,1.0.0,metric,wasted_contacts,,9.0,count,{},ok,valid,[],"[""event_00000285""]",evaluation_receipt,episode_attempt_6992a17caf2edefbc403,48bcdfee317e065582223ff493e6eb4520f05fd72019924bd5e7ed753ce03b32,true
result_13c3a9a7f1caeabe3ae7c4fd,runplan_dba33a0a9cb5c08f,cell_d5f9cd642b32af9c73cf,housing_v1__experiment__000003,housing_v1,housing_controlled_model_landlords_experiment,episode_attempt_6992a17caf2edefbc403,48bcdfee317e065582223ff493e6eb4520f05fd72019924bd5e7ed753ce03b32,included,housing_social_welfare_leaf,1.0.0,social_welfare,1.0.0,metric,within_case_score,,0.6981787946786344,ratio,{},ok,valid,[],"[""event_00000285""]",evaluation_receipt,episode_attempt_6992a17caf2edefbc403,48bcdfee317e065582223ff493e6eb4520f05fd72019924bd5e7ed753ce03b32,true
result_eb98e2e8583153e22d578a90,runplan_dba33a0a9cb5c08f,cell_d5f9cd642b32af9c73cf,housing_v1__experiment__000003,housing_v1,housing_controlled_model_landlords_experiment,episode_attempt_6992a17caf2edefbc403,48bcdfee317e065582223ff493e6eb4520f05fd72019924bd5e7ed753ce03b32,included,housing_social_welfare_leaf,1.0.0,social_welfare,1.0.0,reference,comparison_baseline,,787.04,utility_points,"{""policy"":""naive"",""reference_kind"":""comparison_baseline""}",ok,valid,[],"[""event_00000285""]",evaluation_receipt,episode_attempt_6992a17caf2edefbc403,48bcdfee317e065582223ff493e6eb4520f05fd72019924bd5e7ed753ce03b32,true
result_90df079509d5de3710a2d9f1,runplan_dba33a0a9cb5c08f,cell_d5f9cd642b32af9c73cf,housing_v1__experiment__000003,housing_v1,housing_controlled_model_landlords_experiment,episode_attempt_6992a17caf2edefbc403,48bcdfee317e065582223ff493e6eb4520f05fd72019924bd5e7ed753ce03b32,included,housing_social_welfare_leaf,1.0.0,social_welfare,1.0.0,reference,optimum_lower_bound,,0.0,utility_points,"{""policy"":""do_nothing"",""reference_kind"":""objective_lower_bound""}",ok,valid,[],"[""event_00000285""]",evaluation_receipt,episode_attempt_6992a17caf2edefbc403,48bcdfee317e065582223ff493e6eb4520f05fd72019924bd5e7ed753ce03b32,true
result_bff42b0f4d57d2ccc0b3ab49,runplan_dba33a0a9cb5c08f,cell_d5f9cd642b32af9c73cf,housing_v1__experiment__000003,housing_v1,housing_controlled_model_landlords_experiment,episode_attempt_6992a17caf2edefbc403,48bcdfee317e065582223ff493e6eb4520f05fd72019924bd5e7ed753ce03b32,included,housing_social_welfare_leaf,1.0.0,social_welfare,1.0.0,reference,optimum_upper_bound,,998.24,utility_points,"{""reference_kind"":""objective_upper_bound"",""semantics"":""full_information_allocation_relaxation""}",ok,valid,[],"[""event_00000285""]",evaluation_receipt,episode_attempt_6992a17caf2edefbc403,48bcdfee317e065582223ff493e6eb4520f05fd72019924bd5e7ed753ce03b32,true
result_3a184578f40fdb125acca28d,runplan_dba33a0a9cb5c08f,cell_d5f9cd642b32af9c73cf,housing_v1__experiment__000003,housing_v1,housing_controlled_model_landlords_experiment,episode_attempt_6992a17caf2edefbc403,48bcdfee317e065582223ff493e6eb4520f05fd72019924bd5e7ed753ce03b32,included,housing_social_welfare_leaf,1.0.0,social_welfare,1.0.0,utility,landlord_0,landlord_0,191.85,utility_points,"{""disagreement_utility"":0.0}",ok,valid,[],"[""event_00000285""]",evaluation_receipt,episode_attempt_6992a17caf2edefbc403,48bcdfee317e065582223ff493e6eb4520f05fd72019924bd5e7ed753ce03b32,true
result_a3271516184aadb7f8dd96db,runplan_dba33a0a9cb5c08f,cell_d5f9cd642b32af9c73cf,housing_v1__experiment__000003,housing_v1,housing_controlled_model_landlords_experiment,episode_attempt_6992a17caf2edefbc403,48bcdfee317e065582223ff493e6eb4520f05fd72019924bd5e7ed753ce03b32,included,housing_social_welfare_leaf,1.0.0,social_welfare,1.0.0,utility,landlord_1,landlord_1,0.0,utility_points,"{""disagreement_utility"":0.0}",ok,valid,[],"[""event_00000285""]",evaluation_receipt,episode_attempt_6992a17caf2edefbc403,48bcdfee317e065582223ff493e6eb4520f05fd72019924bd5e7ed753ce03b32,true
result_d0a60634424862760890b004,runplan_dba33a0a9cb5c08f,cell_d5f9cd642b32af9c73cf,housing_v1__experiment__000003,housing_v1,housing_controlled_model_landlords_experiment,episode_attempt_6992a17caf2edefbc403,48bcdfee317e065582223ff493e6eb4520f05fd72019924bd5e7ed753ce03b32,included,housing_social_welfare_leaf,1.0.0,social_welfare,1.0.0,utility,landlord_2,landlord_2,0.0,utility_points,"{""disagreement_utility"":0.0}",ok,valid,[],"[""event_00000285""]",evaluation_receipt,episode_attempt_6992a17caf2edefbc403,48bcdfee317e065582223ff493e6eb4520f05fd72019924bd5e7ed753ce03b32,true
result_df4ef6df68a7ed9de309c189,runplan_dba33a0a9cb5c08f,cell_d5f9cd642b32af9c73cf,housing_v1__experiment__000003,housing_v1,housing_controlled_model_landlords_experiment,episode_attempt_6992a17caf2edefbc403,48bcdfee317e065582223ff493e6eb4520f05fd72019924bd5e7ed753ce03b32,included,housing_social_welfare_leaf,1.0.0,social_welfare,1.0.0,utility,landlord_3,landlord_3,54.11,utility_points,"{""disagreement_utility"":0.0}",ok,valid,[],"[""event_00000285""]",evaluation_receipt,episode_attempt_6992a17caf2edefbc403,48bcdfee317e065582223ff493e6eb4520f05fd72019924bd5e7ed753ce03b32,true
result_fb4c8f51f4d4cd3bad81a2a3,runplan_dba33a0a9cb5c08f,cell_d5f9cd642b32af9c73cf,housing_v1__experiment__000003,housing_v1,housing_controlled_model_landlords_experiment,episode_attempt_6992a17caf2edefbc403,48bcdfee317e065582223ff493e6eb4520f05fd72019924bd5e7ed753ce03b32,included,housing_social_welfare_leaf,1.0.0,social_welfare,1.0.0,utility,tenant_0,tenant_0,400.28,utility_points,"{""disagreement_utility"":0.0}",ok,valid,[],"[""event_00000285""]",evaluation_receipt,episode_attempt_6992a17caf2edefbc403,48bcdfee317e065582223ff493e6eb4520f05fd72019924bd5e7ed753ce03b32,true
result_8ebfce3811096973a42438c5,runplan_dba33a0a9cb5c08f,cell_d5f9cd642b32af9c73cf,housing_v1__experiment__000003,housing_v1,housing_controlled_model_landlords_experiment,episode_attempt_6992a17caf2edefbc403,48bcdfee317e065582223ff493e6eb4520f05fd72019924bd5e7ed753ce03b32,included,housing_social_welfare_leaf,1.0.0,social_welfare,1.0.0,utility,tenant_1,tenant_1,0.0,utility_points,"{""disagreement_utility"":0.0}",ok,valid,[],"[""event_00000285""]",evaluation_receipt,episode_attempt_6992a17caf2edefbc403,48bcdfee317e065582223ff493e6eb4520f05fd72019924bd5e7ed753ce03b32,true
result_a075b85b56ab94fd02449ffd,runplan_dba33a0a9cb5c08f,cell_d5f9cd642b32af9c73cf,housing_v1__experiment__000003,housing_v1,housing_controlled_model_landlords_experiment,episode_attempt_6992a17caf2edefbc403,48bcdfee317e065582223ff493e6eb4520f05fd72019924bd5e7ed753ce03b32,included,housing_social_welfare_leaf,1.0.0,social_welfare,1.0.0,utility,tenant_2,tenant_2,0.0,utility_points,"{""disagreement_utility"":0.0}",ok,valid,[],"[""event_00000285""]",evaluation_receipt,episode_attempt_6992a17caf2edefbc403,48bcdfee317e065582223ff493e6eb4520f05fd72019924bd5e7ed753ce03b32,true
result_45872892afa0265649b111e8,runplan_dba33a0a9cb5c08f,cell_d5f9cd642b32af9c73cf,housing_v1__experiment__000003,housing_v1,housing_controlled_model_landlords_experiment,episode_attempt_6992a17caf2edefbc403,48bcdfee317e065582223ff493e6eb4520f05fd72019924bd5e7ed753ce03b32,included,housing_social_welfare_leaf,1.0.0,social_welfare,1.0.0,utility,tenant_3,tenant_3,0.0,utility_points,"{""disagreement_utility"":0.0}",ok,valid,[],"[""event_00000285""]",evaluation_receipt,episode_attempt_6992a17caf2edefbc403,48bcdfee317e065582223ff493e6eb4520f05fd72019924bd5e7ed753ce03b32,true
result_acef89856c9729408c4b2ac8,runplan_dba33a0a9cb5c08f,cell_d5f9cd642b32af9c73cf,housing_v1__experiment__000003,housing_v1,housing_controlled_model_landlords_experiment,episode_attempt_6992a17caf2edefbc403,48bcdfee317e065582223ff493e6eb4520f05fd72019924bd5e7ed753ce03b32,included,housing_social_welfare_leaf,1.0.0,social_welfare,1.0.0,utility,tenant_4,tenant_4,50.71,utility_points,"{""disagreement_utility"":0.0}",ok,valid,[],"[""event_00000285""]",evaluation_receipt,episode_attempt_6992a17caf2edefbc403,48bcdfee317e065582223ff493e6eb4520f05fd72019924bd5e7ed753ce03b32,true
result_50fbe24e902c9399dee3d1ae,runplan_dba33a0a9cb5c08f,cell_d5f9cd642b32af9c73cf,housing_v1__experiment__000003,housing_v1,housing_controlled_model_landlords_experiment,episode_attempt_6992a17caf2edefbc403,48bcdfee317e065582223ff493e6eb4520f05fd72019924bd5e7ed753ce03b32,included,housing_social_welfare_leaf,1.0.0,social_welfare,1.0.0,utility,tenant_5,tenant_5,0.0,utility_points,"{""disagreement_utility"":0.0}",ok,valid,[],"[""event_00000285""]",evaluation_receipt,episode_attempt_6992a17caf2edefbc403,48bcdfee317e065582223ff493e6eb4520f05fd72019924bd5e7ed753ce03b32,true
result_cdeba0ee95ea3e63c520d533,runplan_dba33a0a9cb5c08f,cell_d5f9cd642b32af9c73cf,housing_v1__experiment__000003,housing_v1,housing_controlled_model_landlords_experiment,episode_attempt_6992a17caf2edefbc403,48bcdfee317e065582223ff493e6eb4520f05fd72019924bd5e7ed753ce03b32,included,housing_social_welfare_leaf,1.0.0,social_welfare,1.0.0,capture,landlord_0,landlord_0,191.85,utility_points,"{""disagreement_utility"":0.0}",ok,valid,[],"[""event_00000285""]",evaluation_receipt,episode_attempt_6992a17caf2edefbc403,48bcdfee317e065582223ff493e6eb4520f05fd72019924bd5e7ed753ce03b32,true
result_5933024e8714427a6723ddfb,runplan_dba33a0a9cb5c08f,cell_d5f9cd642b32af9c73cf,housing_v1__experiment__000003,housing_v1,housing_controlled_model_landlords_experiment,episode_attempt_6992a17caf2edefbc403,48bcdfee317e065582223ff493e6eb4520f05fd72019924bd5e7ed753ce03b32,included,housing_social_welfare_leaf,1.0.0,social_welfare,1.0.0,capture,landlord_1,landlord_1,0.0,utility_points,"{""disagreement_utility"":0.0}",ok,valid,[],"[""event_00000285""]",evaluation_receipt,episode_attempt_6992a17caf2edefbc403,48bcdfee317e065582223ff493e6eb4520f05fd72019924bd5e7ed753ce03b32,true
result_6f269b2f0482449d2b8c8ff2,runplan_dba33a0a9cb5c08f,cell_d5f9cd642b32af9c73cf,housing_v1__experiment__000003,housing_v1,housing_controlled_model_landlords_experiment,episode_attempt_6992a17caf2edefbc403,48bcdfee317e065582223ff493e6eb4520f05fd72019924bd5e7ed753ce03b32,included,housing_social_welfare_leaf,1.0.0,social_welfare,1.0.0,capture,landlord_2,landlord_2,0.0,utility_points,"{""disagreement_utility"":0.0}",ok,valid,[],"[""event_00000285""]",evaluation_receipt,episode_attempt_6992a17caf2edefbc403,48bcdfee317e065582223ff493e6eb4520f05fd72019924bd5e7ed753ce03b32,true
result_9e43a653628994b0d3a2ef32,runplan_dba33a0a9cb5c08f,cell_d5f9cd642b32af9c73cf,housing_v1__experiment__000003,housing_v1,housing_controlled_model_landlords_experiment,episode_attempt_6992a17caf2edefbc403,48bcdfee317e065582223ff493e6eb4520f05fd72019924bd5e7ed753ce03b32,included,housing_social_welfare_leaf,1.0.0,social_welfare,1.0.0,capture,landlord_3,landlord_3,54.11,utility_points,"{""disagreement_utility"":0.0}",ok,valid,[],"[""event_00000285""]",evaluation_receipt,episode_attempt_6992a17caf2edefbc403,48bcdfee317e065582223ff493e6eb4520f05fd72019924bd5e7ed753ce03b32,true
result_d26070d459dee1ffd5a349b3,runplan_dba33a0a9cb5c08f,cell_d5f9cd642b32af9c73cf,housing_v1__experiment__000003,housing_v1,housing_controlled_model_landlords_experiment,episode_attempt_6992a17caf2edefbc403,48bcdfee317e065582223ff493e6eb4520f05fd72019924bd5e7ed753ce03b32,included,housing_social_welfare_leaf,1.0.0,social_welfare,1.0.0,capture,tenant_0,tenant_0,400.28,utility_points,"{""disagreement_utility"":0.0}",ok,valid,[],"[""event_00000285""]",evaluation_receipt,episode_attempt_6992a17caf2edefbc403,48bcdfee317e065582223ff493e6eb4520f05fd72019924bd5e7ed753ce03b32,true
result_3da752cae5a08ce3a7b6cbd6,runplan_dba33a0a9cb5c08f,cell_d5f9cd642b32af9c73cf,housing_v1__experiment__000003,housing_v1,housing_controlled_model_landlords_experiment,episode_attempt_6992a17caf2edefbc403,48bcdfee317e065582223ff493e6eb4520f05fd72019924bd5e7ed753ce03b32,included,housing_social_welfare_leaf,1.0.0,social_welfare,1.0.0,capture,tenant_1,tenant_1,0.0,utility_points,"{""disagreement_utility"":0.0}",ok,valid,[],"[""event_00000285""]",evaluation_receipt,episode_attempt_6992a17caf2edefbc403,48bcdfee317e065582223ff493e6eb4520f05fd72019924bd5e7ed753ce03b32,true
result_94d67ddde2ef98ba02670c79,runplan_dba33a0a9cb5c08f,cell_d5f9cd642b32af9c73cf,housing_v1__experiment__000003,housing_v1,housing_controlled_model_landlords_experiment,episode_attempt_6992a17caf2edefbc403,48bcdfee317e065582223ff493e6eb4520f05fd72019924bd5e7ed753ce03b32,included,housing_social_welfare_leaf,1.0.0,social_welfare,1.0.0,capture,tenant_2,tenant_2,0.0,utility_points,"{""disagreement_utility"":0.0}",ok,valid,[],"[""event_00000285""]",evaluation_receipt,episode_attempt_6992a17caf2edefbc403,48bcdfee317e065582223ff493e6eb4520f05fd72019924bd5e7ed753ce03b32,true
result_b248ec2b4352e3f1664bd085,runplan_dba33a0a9cb5c08f,cell_d5f9cd642b32af9c73cf,housing_v1__experiment__000003,housing_v1,housing_controlled_model_landlords_experiment,episode_attempt_6992a17caf2edefbc403,48bcdfee317e065582223ff493e6eb4520f05fd72019924bd5e7ed753ce03b32,included,housing_social_welfare_leaf,1.0.0,social_welfare,1.0.0,capture,tenant_3,tenant_3,0.0,utility_points,"{""disagreement_utility"":0.0}",ok,valid,[],"[""event_00000285""]",evaluation_receipt,episode_attempt_6992a17caf2edefbc403,48bcdfee317e065582223ff493e6eb4520f05fd72019924bd5e7ed753ce03b32,true
result_416017d7eeb61fb526114e97,runplan_dba33a0a9cb5c08f,cell_d5f9cd642b32af9c73cf,housing_v1__experiment__000003,housing_v1,housing_controlled_model_landlords_experiment,episode_attempt_6992a17caf2edefbc403,48bcdfee317e065582223ff493e6eb4520f05fd72019924bd5e7ed753ce03b32,included,housing_social_welfare_leaf,1.0.0,social_welfare,1.0.0,capture,tenant_4,tenant_4,50.71,utility_points,"{""disagreement_utility"":0.0}",ok,valid,[],"[""event_00000285""]",evaluation_receipt,episode_attempt_6992a17caf2edefbc403,48bcdfee317e065582223ff493e6eb4520f05fd72019924bd5e7ed753ce03b32,true
result_f5465ba822afb6eefe14542e,runplan_dba33a0a9cb5c08f,cell_d5f9cd642b32af9c73cf,housing_v1__experiment__000003,housing_v1,housing_controlled_model_landlords_experiment,episode_attempt_6992a17caf2edefbc403,48bcdfee317e065582223ff493e6eb4520f05fd72019924bd5e7ed753ce03b32,included,housing_social_welfare_leaf,1.0.0,social_welfare,1.0.0,capture,tenant_5,tenant_5,0.0,utility_points,"{""disagreement_utility"":0.0}",ok,valid,[],"[""event_00000285""]",evaluation_receipt,episode_attempt_6992a17caf2edefbc403,48bcdfee317e065582223ff493e6eb4520f05fd72019924bd5e7ed753ce03b32,true
