fact_id,run_id,task_id,case_id,family_id,block_id,episode_attempt_id,receipt_sha256,inclusion_status,leaf_id,leaf_version,estimand_id,estimand_version,metric_role,metric_name,seat_id,value,unit,metric_metadata,score_status,validity_status,validity_reasons,evidence_refs,source_kind,source_id,source_sha256,reportable
result_a2dcb7079d99fc20cf3fc32a,runplan_3294d84d7cc1ba81,cell_0e3c024c3b637b72ef27,housing_v1__experiment__000007,housing_v1,housing_controlled_model_landlords_experiment,episode_attempt_e202c31fa18fb4c3f6e9,e22fc1657eb8e9b84a5a2e74c07be94155774866c440695ca1ac73a2628ec884,included,housing_social_welfare_leaf,1.0.0,social_welfare,1.0.0,primary,social_welfare,,692.52,utility_points,{},ok,valid,[],"[""event_00000211""]",evaluation_receipt,episode_attempt_e202c31fa18fb4c3f6e9,e22fc1657eb8e9b84a5a2e74c07be94155774866c440695ca1ac73a2628ec884,true
result_5431173490cf20dca7b1a937,runplan_3294d84d7cc1ba81,cell_0e3c024c3b637b72ef27,housing_v1__experiment__000007,housing_v1,housing_controlled_model_landlords_experiment,episode_attempt_e202c31fa18fb4c3f6e9,e22fc1657eb8e9b84a5a2e74c07be94155774866c440695ca1ac73a2628ec884,included,housing_social_welfare_leaf,1.0.0,social_welfare,1.0.0,metric,comparison_baseline_gap,,-76.02999999999997,utility_points,{},ok,valid,[],"[""event_00000211""]",evaluation_receipt,episode_attempt_e202c31fa18fb4c3f6e9,e22fc1657eb8e9b84a5a2e74c07be94155774866c440695ca1ac73a2628ec884,true
result_705fb8f1778879b5d38cd676,runplan_3294d84d7cc1ba81,cell_0e3c024c3b637b72ef27,housing_v1__experiment__000007,housing_v1,housing_controlled_model_landlords_experiment,episode_attempt_e202c31fa18fb4c3f6e9,e22fc1657eb8e9b84a5a2e74c07be94155774866c440695ca1ac73a2628ec884,included,housing_social_welfare_leaf,1.0.0,social_welfare,1.0.0,metric,ir_violation_count,,0.0,count,{},ok,valid,[],"[""event_00000211""]",evaluation_receipt,episode_attempt_e202c31fa18fb4c3f6e9,e22fc1657eb8e9b84a5a2e74c07be94155774866c440695ca1ac73a2628ec884,true
result_42caaef3a362240fd9d4fad5,runplan_3294d84d7cc1ba81,cell_0e3c024c3b637b72ef27,housing_v1__experiment__000007,housing_v1,housing_controlled_model_landlords_experiment,episode_attempt_e202c31fa18fb4c3f6e9,e22fc1657eb8e9b84a5a2e74c07be94155774866c440695ca1ac73a2628ec884,included,housing_social_welfare_leaf,1.0.0,social_welfare,1.0.0,metric,social_welfare,,692.52,utility_points,{},ok,valid,[],"[""event_00000211""]",evaluation_receipt,episode_attempt_e202c31fa18fb4c3f6e9,e22fc1657eb8e9b84a5a2e74c07be94155774866c440695ca1ac73a2628ec884,true
result_2d557fdf0fa6f7dfb3ec6403,runplan_3294d84d7cc1ba81,cell_0e3c024c3b637b72ef27,housing_v1__experiment__000007,housing_v1,housing_controlled_model_landlords_experiment,episode_attempt_e202c31fa18fb4c3f6e9,e22fc1657eb8e9b84a5a2e74c07be94155774866c440695ca1ac73a2628ec884,included,housing_social_welfare_leaf,1.0.0,social_welfare,1.0.0,metric,upper_bound_gap,,640.1600000000001,utility_points,{},ok,valid,[],"[""event_00000211""]",evaluation_receipt,episode_attempt_e202c31fa18fb4c3f6e9,e22fc1657eb8e9b84a5a2e74c07be94155774866c440695ca1ac73a2628ec884,true
result_92604bafaac0b0f22e66ded8,runplan_3294d84d7cc1ba81,cell_0e3c024c3b637b72ef27,housing_v1__experiment__000007,housing_v1,housing_controlled_model_landlords_experiment,episode_attempt_e202c31fa18fb4c3f6e9,e22fc1657eb8e9b84a5a2e74c07be94155774866c440695ca1ac73a2628ec884,included,housing_social_welfare_leaf,1.0.0,social_welfare,1.0.0,metric,wasted_contacts,,5.0,count,{},ok,valid,[],"[""event_00000211""]",evaluation_receipt,episode_attempt_e202c31fa18fb4c3f6e9,e22fc1657eb8e9b84a5a2e74c07be94155774866c440695ca1ac73a2628ec884,true
result_047460b54501b98cd51f23eb,runplan_3294d84d7cc1ba81,cell_0e3c024c3b637b72ef27,housing_v1__experiment__000007,housing_v1,housing_controlled_model_landlords_experiment,episode_attempt_e202c31fa18fb4c3f6e9,e22fc1657eb8e9b84a5a2e74c07be94155774866c440695ca1ac73a2628ec884,included,housing_social_welfare_leaf,1.0.0,social_welfare,1.0.0,metric,within_case_score,,0.5196446258666746,ratio,{},ok,valid,[],"[""event_00000211""]",evaluation_receipt,episode_attempt_e202c31fa18fb4c3f6e9,e22fc1657eb8e9b84a5a2e74c07be94155774866c440695ca1ac73a2628ec884,true
result_8b31a9ef25ac16c530263a02,runplan_3294d84d7cc1ba81,cell_0e3c024c3b637b72ef27,housing_v1__experiment__000007,housing_v1,housing_controlled_model_landlords_experiment,episode_attempt_e202c31fa18fb4c3f6e9,e22fc1657eb8e9b84a5a2e74c07be94155774866c440695ca1ac73a2628ec884,included,housing_social_welfare_leaf,1.0.0,social_welfare,1.0.0,reference,comparison_baseline,,768.55,utility_points,"{""policy"":""naive"",""reference_kind"":""comparison_baseline""}",ok,valid,[],"[""event_00000211""]",evaluation_receipt,episode_attempt_e202c31fa18fb4c3f6e9,e22fc1657eb8e9b84a5a2e74c07be94155774866c440695ca1ac73a2628ec884,true
result_50669fbdc3557e1d3a11faea,runplan_3294d84d7cc1ba81,cell_0e3c024c3b637b72ef27,housing_v1__experiment__000007,housing_v1,housing_controlled_model_landlords_experiment,episode_attempt_e202c31fa18fb4c3f6e9,e22fc1657eb8e9b84a5a2e74c07be94155774866c440695ca1ac73a2628ec884,included,housing_social_welfare_leaf,1.0.0,social_welfare,1.0.0,reference,optimum_lower_bound,,0.0,utility_points,"{""policy"":""do_nothing"",""reference_kind"":""objective_lower_bound""}",ok,valid,[],"[""event_00000211""]",evaluation_receipt,episode_attempt_e202c31fa18fb4c3f6e9,e22fc1657eb8e9b84a5a2e74c07be94155774866c440695ca1ac73a2628ec884,true
result_b122584994eee49f921eeae7,runplan_3294d84d7cc1ba81,cell_0e3c024c3b637b72ef27,housing_v1__experiment__000007,housing_v1,housing_controlled_model_landlords_experiment,episode_attempt_e202c31fa18fb4c3f6e9,e22fc1657eb8e9b84a5a2e74c07be94155774866c440695ca1ac73a2628ec884,included,housing_social_welfare_leaf,1.0.0,social_welfare,1.0.0,reference,optimum_upper_bound,,1332.68,utility_points,"{""reference_kind"":""objective_upper_bound"",""semantics"":""full_information_allocation_relaxation""}",ok,valid,[],"[""event_00000211""]",evaluation_receipt,episode_attempt_e202c31fa18fb4c3f6e9,e22fc1657eb8e9b84a5a2e74c07be94155774866c440695ca1ac73a2628ec884,true
result_201f37558f6e56f942329b65,runplan_3294d84d7cc1ba81,cell_0e3c024c3b637b72ef27,housing_v1__experiment__000007,housing_v1,housing_controlled_model_landlords_experiment,episode_attempt_e202c31fa18fb4c3f6e9,e22fc1657eb8e9b84a5a2e74c07be94155774866c440695ca1ac73a2628ec884,included,housing_social_welfare_leaf,1.0.0,social_welfare,1.0.0,utility,landlord_0,landlord_0,23.64,utility_points,"{""disagreement_utility"":0.0}",ok,valid,[],"[""event_00000211""]",evaluation_receipt,episode_attempt_e202c31fa18fb4c3f6e9,e22fc1657eb8e9b84a5a2e74c07be94155774866c440695ca1ac73a2628ec884,true
result_69eb0b141c607d7ca84495dc,runplan_3294d84d7cc1ba81,cell_0e3c024c3b637b72ef27,housing_v1__experiment__000007,housing_v1,housing_controlled_model_landlords_experiment,episode_attempt_e202c31fa18fb4c3f6e9,e22fc1657eb8e9b84a5a2e74c07be94155774866c440695ca1ac73a2628ec884,included,housing_social_welfare_leaf,1.0.0,social_welfare,1.0.0,utility,landlord_1,landlord_1,26.68,utility_points,"{""disagreement_utility"":0.0}",ok,valid,[],"[""event_00000211""]",evaluation_receipt,episode_attempt_e202c31fa18fb4c3f6e9,e22fc1657eb8e9b84a5a2e74c07be94155774866c440695ca1ac73a2628ec884,true
result_aad7d622ac21d5f1287bc901,runplan_3294d84d7cc1ba81,cell_0e3c024c3b637b72ef27,housing_v1__experiment__000007,housing_v1,housing_controlled_model_landlords_experiment,episode_attempt_e202c31fa18fb4c3f6e9,e22fc1657eb8e9b84a5a2e74c07be94155774866c440695ca1ac73a2628ec884,included,housing_social_welfare_leaf,1.0.0,social_welfare,1.0.0,utility,landlord_2,landlord_2,75.42,utility_points,"{""disagreement_utility"":0.0}",ok,valid,[],"[""event_00000211""]",evaluation_receipt,episode_attempt_e202c31fa18fb4c3f6e9,e22fc1657eb8e9b84a5a2e74c07be94155774866c440695ca1ac73a2628ec884,true
result_21d8e88452552c24c6ee1f03,runplan_3294d84d7cc1ba81,cell_0e3c024c3b637b72ef27,housing_v1__experiment__000007,housing_v1,housing_controlled_model_landlords_experiment,episode_attempt_e202c31fa18fb4c3f6e9,e22fc1657eb8e9b84a5a2e74c07be94155774866c440695ca1ac73a2628ec884,included,housing_social_welfare_leaf,1.0.0,social_welfare,1.0.0,utility,tenant_0,tenant_0,229.36,utility_points,"{""disagreement_utility"":0.0}",ok,valid,[],"[""event_00000211""]",evaluation_receipt,episode_attempt_e202c31fa18fb4c3f6e9,e22fc1657eb8e9b84a5a2e74c07be94155774866c440695ca1ac73a2628ec884,true
result_429ca4952860ec928328cee5,runplan_3294d84d7cc1ba81,cell_0e3c024c3b637b72ef27,housing_v1__experiment__000007,housing_v1,housing_controlled_model_landlords_experiment,episode_attempt_e202c31fa18fb4c3f6e9,e22fc1657eb8e9b84a5a2e74c07be94155774866c440695ca1ac73a2628ec884,included,housing_social_welfare_leaf,1.0.0,social_welfare,1.0.0,utility,tenant_1,tenant_1,252.86,utility_points,"{""disagreement_utility"":0.0}",ok,valid,[],"[""event_00000211""]",evaluation_receipt,episode_attempt_e202c31fa18fb4c3f6e9,e22fc1657eb8e9b84a5a2e74c07be94155774866c440695ca1ac73a2628ec884,true
result_7205e68fef816556a99ee824,runplan_3294d84d7cc1ba81,cell_0e3c024c3b637b72ef27,housing_v1__experiment__000007,housing_v1,housing_controlled_model_landlords_experiment,episode_attempt_e202c31fa18fb4c3f6e9,e22fc1657eb8e9b84a5a2e74c07be94155774866c440695ca1ac73a2628ec884,included,housing_social_welfare_leaf,1.0.0,social_welfare,1.0.0,utility,tenant_2,tenant_2,84.56,utility_points,"{""disagreement_utility"":0.0}",ok,valid,[],"[""event_00000211""]",evaluation_receipt,episode_attempt_e202c31fa18fb4c3f6e9,e22fc1657eb8e9b84a5a2e74c07be94155774866c440695ca1ac73a2628ec884,true
result_561f48fab249911a632ca7ae,runplan_3294d84d7cc1ba81,cell_0e3c024c3b637b72ef27,housing_v1__experiment__000007,housing_v1,housing_controlled_model_landlords_experiment,episode_attempt_e202c31fa18fb4c3f6e9,e22fc1657eb8e9b84a5a2e74c07be94155774866c440695ca1ac73a2628ec884,included,housing_social_welfare_leaf,1.0.0,social_welfare,1.0.0,utility,tenant_3,tenant_3,0.0,utility_points,"{""disagreement_utility"":0.0}",ok,valid,[],"[""event_00000211""]",evaluation_receipt,episode_attempt_e202c31fa18fb4c3f6e9,e22fc1657eb8e9b84a5a2e74c07be94155774866c440695ca1ac73a2628ec884,true
result_97829d99b6007b4ccb1d00e0,runplan_3294d84d7cc1ba81,cell_0e3c024c3b637b72ef27,housing_v1__experiment__000007,housing_v1,housing_controlled_model_landlords_experiment,episode_attempt_e202c31fa18fb4c3f6e9,e22fc1657eb8e9b84a5a2e74c07be94155774866c440695ca1ac73a2628ec884,included,housing_social_welfare_leaf,1.0.0,social_welfare,1.0.0,utility,tenant_4,tenant_4,0.0,utility_points,"{""disagreement_utility"":0.0}",ok,valid,[],"[""event_00000211""]",evaluation_receipt,episode_attempt_e202c31fa18fb4c3f6e9,e22fc1657eb8e9b84a5a2e74c07be94155774866c440695ca1ac73a2628ec884,true
result_55b4049cdcbadba8ae06c1e6,runplan_3294d84d7cc1ba81,cell_0e3c024c3b637b72ef27,housing_v1__experiment__000007,housing_v1,housing_controlled_model_landlords_experiment,episode_attempt_e202c31fa18fb4c3f6e9,e22fc1657eb8e9b84a5a2e74c07be94155774866c440695ca1ac73a2628ec884,included,housing_social_welfare_leaf,1.0.0,social_welfare,1.0.0,utility,tenant_5,tenant_5,0.0,utility_points,"{""disagreement_utility"":0.0}",ok,valid,[],"[""event_00000211""]",evaluation_receipt,episode_attempt_e202c31fa18fb4c3f6e9,e22fc1657eb8e9b84a5a2e74c07be94155774866c440695ca1ac73a2628ec884,true
result_be5eb050f721d5f5134855c7,runplan_3294d84d7cc1ba81,cell_0e3c024c3b637b72ef27,housing_v1__experiment__000007,housing_v1,housing_controlled_model_landlords_experiment,episode_attempt_e202c31fa18fb4c3f6e9,e22fc1657eb8e9b84a5a2e74c07be94155774866c440695ca1ac73a2628ec884,included,housing_social_welfare_leaf,1.0.0,social_welfare,1.0.0,capture,landlord_0,landlord_0,23.64,utility_points,"{""disagreement_utility"":0.0}",ok,valid,[],"[""event_00000211""]",evaluation_receipt,episode_attempt_e202c31fa18fb4c3f6e9,e22fc1657eb8e9b84a5a2e74c07be94155774866c440695ca1ac73a2628ec884,true
result_c97fa552dfc6fbd8f1978745,runplan_3294d84d7cc1ba81,cell_0e3c024c3b637b72ef27,housing_v1__experiment__000007,housing_v1,housing_controlled_model_landlords_experiment,episode_attempt_e202c31fa18fb4c3f6e9,e22fc1657eb8e9b84a5a2e74c07be94155774866c440695ca1ac73a2628ec884,included,housing_social_welfare_leaf,1.0.0,social_welfare,1.0.0,capture,landlord_1,landlord_1,26.68,utility_points,"{""disagreement_utility"":0.0}",ok,valid,[],"[""event_00000211""]",evaluation_receipt,episode_attempt_e202c31fa18fb4c3f6e9,e22fc1657eb8e9b84a5a2e74c07be94155774866c440695ca1ac73a2628ec884,true
result_af891b90036af99983a86e4f,runplan_3294d84d7cc1ba81,cell_0e3c024c3b637b72ef27,housing_v1__experiment__000007,housing_v1,housing_controlled_model_landlords_experiment,episode_attempt_e202c31fa18fb4c3f6e9,e22fc1657eb8e9b84a5a2e74c07be94155774866c440695ca1ac73a2628ec884,included,housing_social_welfare_leaf,1.0.0,social_welfare,1.0.0,capture,landlord_2,landlord_2,75.42,utility_points,"{""disagreement_utility"":0.0}",ok,valid,[],"[""event_00000211""]",evaluation_receipt,episode_attempt_e202c31fa18fb4c3f6e9,e22fc1657eb8e9b84a5a2e74c07be94155774866c440695ca1ac73a2628ec884,true
result_e8f94ef91c17c5475ee78fb1,runplan_3294d84d7cc1ba81,cell_0e3c024c3b637b72ef27,housing_v1__experiment__000007,housing_v1,housing_controlled_model_landlords_experiment,episode_attempt_e202c31fa18fb4c3f6e9,e22fc1657eb8e9b84a5a2e74c07be94155774866c440695ca1ac73a2628ec884,included,housing_social_welfare_leaf,1.0.0,social_welfare,1.0.0,capture,tenant_0,tenant_0,229.36,utility_points,"{""disagreement_utility"":0.0}",ok,valid,[],"[""event_00000211""]",evaluation_receipt,episode_attempt_e202c31fa18fb4c3f6e9,e22fc1657eb8e9b84a5a2e74c07be94155774866c440695ca1ac73a2628ec884,true
result_d7dd14e8bab47fee9f4d62b3,runplan_3294d84d7cc1ba81,cell_0e3c024c3b637b72ef27,housing_v1__experiment__000007,housing_v1,housing_controlled_model_landlords_experiment,episode_attempt_e202c31fa18fb4c3f6e9,e22fc1657eb8e9b84a5a2e74c07be94155774866c440695ca1ac73a2628ec884,included,housing_social_welfare_leaf,1.0.0,social_welfare,1.0.0,capture,tenant_1,tenant_1,252.86,utility_points,"{""disagreement_utility"":0.0}",ok,valid,[],"[""event_00000211""]",evaluation_receipt,episode_attempt_e202c31fa18fb4c3f6e9,e22fc1657eb8e9b84a5a2e74c07be94155774866c440695ca1ac73a2628ec884,true
result_26bf1b48f41577ef8bb80232,runplan_3294d84d7cc1ba81,cell_0e3c024c3b637b72ef27,housing_v1__experiment__000007,housing_v1,housing_controlled_model_landlords_experiment,episode_attempt_e202c31fa18fb4c3f6e9,e22fc1657eb8e9b84a5a2e74c07be94155774866c440695ca1ac73a2628ec884,included,housing_social_welfare_leaf,1.0.0,social_welfare,1.0.0,capture,tenant_2,tenant_2,84.56,utility_points,"{""disagreement_utility"":0.0}",ok,valid,[],"[""event_00000211""]",evaluation_receipt,episode_attempt_e202c31fa18fb4c3f6e9,e22fc1657eb8e9b84a5a2e74c07be94155774866c440695ca1ac73a2628ec884,true
result_7c657ffa096da3e02d0640ae,runplan_3294d84d7cc1ba81,cell_0e3c024c3b637b72ef27,housing_v1__experiment__000007,housing_v1,housing_controlled_model_landlords_experiment,episode_attempt_e202c31fa18fb4c3f6e9,e22fc1657eb8e9b84a5a2e74c07be94155774866c440695ca1ac73a2628ec884,included,housing_social_welfare_leaf,1.0.0,social_welfare,1.0.0,capture,tenant_3,tenant_3,0.0,utility_points,"{""disagreement_utility"":0.0}",ok,valid,[],"[""event_00000211""]",evaluation_receipt,episode_attempt_e202c31fa18fb4c3f6e9,e22fc1657eb8e9b84a5a2e74c07be94155774866c440695ca1ac73a2628ec884,true
result_1df3c76a55a549aa0abe3a33,runplan_3294d84d7cc1ba81,cell_0e3c024c3b637b72ef27,housing_v1__experiment__000007,housing_v1,housing_controlled_model_landlords_experiment,episode_attempt_e202c31fa18fb4c3f6e9,e22fc1657eb8e9b84a5a2e74c07be94155774866c440695ca1ac73a2628ec884,included,housing_social_welfare_leaf,1.0.0,social_welfare,1.0.0,capture,tenant_4,tenant_4,0.0,utility_points,"{""disagreement_utility"":0.0}",ok,valid,[],"[""event_00000211""]",evaluation_receipt,episode_attempt_e202c31fa18fb4c3f6e9,e22fc1657eb8e9b84a5a2e74c07be94155774866c440695ca1ac73a2628ec884,true
result_e13ba3e087532ebd2785384f,runplan_3294d84d7cc1ba81,cell_0e3c024c3b637b72ef27,housing_v1__experiment__000007,housing_v1,housing_controlled_model_landlords_experiment,episode_attempt_e202c31fa18fb4c3f6e9,e22fc1657eb8e9b84a5a2e74c07be94155774866c440695ca1ac73a2628ec884,included,housing_social_welfare_leaf,1.0.0,social_welfare,1.0.0,capture,tenant_5,tenant_5,0.0,utility_points,"{""disagreement_utility"":0.0}",ok,valid,[],"[""event_00000211""]",evaluation_receipt,episode_attempt_e202c31fa18fb4c3f6e9,e22fc1657eb8e9b84a5a2e74c07be94155774866c440695ca1ac73a2628ec884,true
result_4c68a60270a0fc4c11230670,runplan_3294d84d7cc1ba81,cell_2c896414c58dc93c8794,housing_v1__experiment__000008,housing_v1,housing_controlled_model_landlords_experiment,episode_attempt_e53b7409a11392b5ad91,212b8be3cd54f3d033ff76d83651325194b0c03926a9e55a60674cfaff48568c,included,housing_social_welfare_leaf,1.0.0,social_welfare,1.0.0,primary,social_welfare,,1610.99,utility_points,{},ok,valid,[],"[""event_00000130""]",evaluation_receipt,episode_attempt_e53b7409a11392b5ad91,212b8be3cd54f3d033ff76d83651325194b0c03926a9e55a60674cfaff48568c,true
result_ccb983385254ef40b2863d3d,runplan_3294d84d7cc1ba81,cell_2c896414c58dc93c8794,housing_v1__experiment__000008,housing_v1,housing_controlled_model_landlords_experiment,episode_attempt_e53b7409a11392b5ad91,212b8be3cd54f3d033ff76d83651325194b0c03926a9e55a60674cfaff48568c,included,housing_social_welfare_leaf,1.0.0,social_welfare,1.0.0,metric,comparison_baseline_gap,,0.5,utility_points,{},ok,valid,[],"[""event_00000130""]",evaluation_receipt,episode_attempt_e53b7409a11392b5ad91,212b8be3cd54f3d033ff76d83651325194b0c03926a9e55a60674cfaff48568c,true
result_3fc205d26dd985ae3a3083a3,runplan_3294d84d7cc1ba81,cell_2c896414c58dc93c8794,housing_v1__experiment__000008,housing_v1,housing_controlled_model_landlords_experiment,episode_attempt_e53b7409a11392b5ad91,212b8be3cd54f3d033ff76d83651325194b0c03926a9e55a60674cfaff48568c,included,housing_social_welfare_leaf,1.0.0,social_welfare,1.0.0,metric,ir_violation_count,,0.0,count,{},ok,valid,[],"[""event_00000130""]",evaluation_receipt,episode_attempt_e53b7409a11392b5ad91,212b8be3cd54f3d033ff76d83651325194b0c03926a9e55a60674cfaff48568c,true
result_0b986b8174771a38613c9a6d,runplan_3294d84d7cc1ba81,cell_2c896414c58dc93c8794,housing_v1__experiment__000008,housing_v1,housing_controlled_model_landlords_experiment,episode_attempt_e53b7409a11392b5ad91,212b8be3cd54f3d033ff76d83651325194b0c03926a9e55a60674cfaff48568c,included,housing_social_welfare_leaf,1.0.0,social_welfare,1.0.0,metric,social_welfare,,1610.99,utility_points,{},ok,valid,[],"[""event_00000130""]",evaluation_receipt,episode_attempt_e53b7409a11392b5ad91,212b8be3cd54f3d033ff76d83651325194b0c03926a9e55a60674cfaff48568c,true
result_e51a3e64faa6aa8358e68650,runplan_3294d84d7cc1ba81,cell_2c896414c58dc93c8794,housing_v1__experiment__000008,housing_v1,housing_controlled_model_landlords_experiment,episode_attempt_e53b7409a11392b5ad91,212b8be3cd54f3d033ff76d83651325194b0c03926a9e55a60674cfaff48568c,included,housing_social_welfare_leaf,1.0.0,social_welfare,1.0.0,metric,upper_bound_gap,,0.0,utility_points,{},ok,valid,[],"[""event_00000130""]",evaluation_receipt,episode_attempt_e53b7409a11392b5ad91,212b8be3cd54f3d033ff76d83651325194b0c03926a9e55a60674cfaff48568c,true
result_0ff8ff28f3d2c72ffb3db855,runplan_3294d84d7cc1ba81,cell_2c896414c58dc93c8794,housing_v1__experiment__000008,housing_v1,housing_controlled_model_landlords_experiment,episode_attempt_e53b7409a11392b5ad91,212b8be3cd54f3d033ff76d83651325194b0c03926a9e55a60674cfaff48568c,included,housing_social_welfare_leaf,1.0.0,social_welfare,1.0.0,metric,wasted_contacts,,3.0,count,{},ok,valid,[],"[""event_00000130""]",evaluation_receipt,episode_attempt_e53b7409a11392b5ad91,212b8be3cd54f3d033ff76d83651325194b0c03926a9e55a60674cfaff48568c,true
result_1ad955dc2ed91bc4c26c2366,runplan_3294d84d7cc1ba81,cell_2c896414c58dc93c8794,housing_v1__experiment__000008,housing_v1,housing_controlled_model_landlords_experiment,episode_attempt_e53b7409a11392b5ad91,212b8be3cd54f3d033ff76d83651325194b0c03926a9e55a60674cfaff48568c,included,housing_social_welfare_leaf,1.0.0,social_welfare,1.0.0,metric,within_case_score,,1.0,ratio,{},ok,valid,[],"[""event_00000130""]",evaluation_receipt,episode_attempt_e53b7409a11392b5ad91,212b8be3cd54f3d033ff76d83651325194b0c03926a9e55a60674cfaff48568c,true
result_6136c0385af5aa98bd3b6675,runplan_3294d84d7cc1ba81,cell_2c896414c58dc93c8794,housing_v1__experiment__000008,housing_v1,housing_controlled_model_landlords_experiment,episode_attempt_e53b7409a11392b5ad91,212b8be3cd54f3d033ff76d83651325194b0c03926a9e55a60674cfaff48568c,included,housing_social_welfare_leaf,1.0.0,social_welfare,1.0.0,reference,comparison_baseline,,1610.49,utility_points,"{""policy"":""naive"",""reference_kind"":""comparison_baseline""}",ok,valid,[],"[""event_00000130""]",evaluation_receipt,episode_attempt_e53b7409a11392b5ad91,212b8be3cd54f3d033ff76d83651325194b0c03926a9e55a60674cfaff48568c,true
result_5a79feaf52f8b811cdcb2296,runplan_3294d84d7cc1ba81,cell_2c896414c58dc93c8794,housing_v1__experiment__000008,housing_v1,housing_controlled_model_landlords_experiment,episode_attempt_e53b7409a11392b5ad91,212b8be3cd54f3d033ff76d83651325194b0c03926a9e55a60674cfaff48568c,included,housing_social_welfare_leaf,1.0.0,social_welfare,1.0.0,reference,optimum_lower_bound,,0.0,utility_points,"{""policy"":""do_nothing"",""reference_kind"":""objective_lower_bound""}",ok,valid,[],"[""event_00000130""]",evaluation_receipt,episode_attempt_e53b7409a11392b5ad91,212b8be3cd54f3d033ff76d83651325194b0c03926a9e55a60674cfaff48568c,true
result_c0e6da83a9e1b26957a560f9,runplan_3294d84d7cc1ba81,cell_2c896414c58dc93c8794,housing_v1__experiment__000008,housing_v1,housing_controlled_model_landlords_experiment,episode_attempt_e53b7409a11392b5ad91,212b8be3cd54f3d033ff76d83651325194b0c03926a9e55a60674cfaff48568c,included,housing_social_welfare_leaf,1.0.0,social_welfare,1.0.0,reference,optimum_upper_bound,,1610.99,utility_points,"{""reference_kind"":""objective_upper_bound"",""semantics"":""full_information_allocation_relaxation""}",ok,valid,[],"[""event_00000130""]",evaluation_receipt,episode_attempt_e53b7409a11392b5ad91,212b8be3cd54f3d033ff76d83651325194b0c03926a9e55a60674cfaff48568c,true
result_5d1cf548dd5333646bb51f4a,runplan_3294d84d7cc1ba81,cell_2c896414c58dc93c8794,housing_v1__experiment__000008,housing_v1,housing_controlled_model_landlords_experiment,episode_attempt_e53b7409a11392b5ad91,212b8be3cd54f3d033ff76d83651325194b0c03926a9e55a60674cfaff48568c,included,housing_social_welfare_leaf,1.0.0,social_welfare,1.0.0,utility,landlord_0,landlord_0,37.7,utility_points,"{""disagreement_utility"":0.0}",ok,valid,[],"[""event_00000130""]",evaluation_receipt,episode_attempt_e53b7409a11392b5ad91,212b8be3cd54f3d033ff76d83651325194b0c03926a9e55a60674cfaff48568c,true
result_941562cbaa004bb430e3dcd4,runplan_3294d84d7cc1ba81,cell_2c896414c58dc93c8794,housing_v1__experiment__000008,housing_v1,housing_controlled_model_landlords_experiment,episode_attempt_e53b7409a11392b5ad91,212b8be3cd54f3d033ff76d83651325194b0c03926a9e55a60674cfaff48568c,included,housing_social_welfare_leaf,1.0.0,social_welfare,1.0.0,utility,landlord_1,landlord_1,50.51,utility_points,"{""disagreement_utility"":0.0}",ok,valid,[],"[""event_00000130""]",evaluation_receipt,episode_attempt_e53b7409a11392b5ad91,212b8be3cd54f3d033ff76d83651325194b0c03926a9e55a60674cfaff48568c,true
result_80a652dfee9196cc6db1f35f,runplan_3294d84d7cc1ba81,cell_2c896414c58dc93c8794,housing_v1__experiment__000008,housing_v1,housing_controlled_model_landlords_experiment,episode_attempt_e53b7409a11392b5ad91,212b8be3cd54f3d033ff76d83651325194b0c03926a9e55a60674cfaff48568c,included,housing_social_welfare_leaf,1.0.0,social_welfare,1.0.0,utility,landlord_2,landlord_2,317.3,utility_points,"{""disagreement_utility"":0.0}",ok,valid,[],"[""event_00000130""]",evaluation_receipt,episode_attempt_e53b7409a11392b5ad91,212b8be3cd54f3d033ff76d83651325194b0c03926a9e55a60674cfaff48568c,true
result_a91dd913af3bc6358b298d1a,runplan_3294d84d7cc1ba81,cell_2c896414c58dc93c8794,housing_v1__experiment__000008,housing_v1,housing_controlled_model_landlords_experiment,episode_attempt_e53b7409a11392b5ad91,212b8be3cd54f3d033ff76d83651325194b0c03926a9e55a60674cfaff48568c,included,housing_social_welfare_leaf,1.0.0,social_welfare,1.0.0,utility,tenant_0,tenant_0,625.19,utility_points,"{""disagreement_utility"":0.0}",ok,valid,[],"[""event_00000130""]",evaluation_receipt,episode_attempt_e53b7409a11392b5ad91,212b8be3cd54f3d033ff76d83651325194b0c03926a9e55a60674cfaff48568c,true
result_41422a0579ed08aba89ed8f1,runplan_3294d84d7cc1ba81,cell_2c896414c58dc93c8794,housing_v1__experiment__000008,housing_v1,housing_controlled_model_landlords_experiment,episode_attempt_e53b7409a11392b5ad91,212b8be3cd54f3d033ff76d83651325194b0c03926a9e55a60674cfaff48568c,included,housing_social_welfare_leaf,1.0.0,social_welfare,1.0.0,utility,tenant_1,tenant_1,438.46,utility_points,"{""disagreement_utility"":0.0}",ok,valid,[],"[""event_00000130""]",evaluation_receipt,episode_attempt_e53b7409a11392b5ad91,212b8be3cd54f3d033ff76d83651325194b0c03926a9e55a60674cfaff48568c,true
result_bf1a5bf9cc94fd935a820c60,runplan_3294d84d7cc1ba81,cell_2c896414c58dc93c8794,housing_v1__experiment__000008,housing_v1,housing_controlled_model_landlords_experiment,episode_attempt_e53b7409a11392b5ad91,212b8be3cd54f3d033ff76d83651325194b0c03926a9e55a60674cfaff48568c,included,housing_social_welfare_leaf,1.0.0,social_welfare,1.0.0,utility,tenant_2,tenant_2,0.0,utility_points,"{""disagreement_utility"":0.0}",ok,valid,[],"[""event_00000130""]",evaluation_receipt,episode_attempt_e53b7409a11392b5ad91,212b8be3cd54f3d033ff76d83651325194b0c03926a9e55a60674cfaff48568c,true
result_2e0cb99b18236357e2de5fbf,runplan_3294d84d7cc1ba81,cell_2c896414c58dc93c8794,housing_v1__experiment__000008,housing_v1,housing_controlled_model_landlords_experiment,episode_attempt_e53b7409a11392b5ad91,212b8be3cd54f3d033ff76d83651325194b0c03926a9e55a60674cfaff48568c,included,housing_social_welfare_leaf,1.0.0,social_welfare,1.0.0,utility,tenant_3,tenant_3,141.83,utility_points,"{""disagreement_utility"":0.0}",ok,valid,[],"[""event_00000130""]",evaluation_receipt,episode_attempt_e53b7409a11392b5ad91,212b8be3cd54f3d033ff76d83651325194b0c03926a9e55a60674cfaff48568c,true
result_e630e58830b6ac5b62b76649,runplan_3294d84d7cc1ba81,cell_2c896414c58dc93c8794,housing_v1__experiment__000008,housing_v1,housing_controlled_model_landlords_experiment,episode_attempt_e53b7409a11392b5ad91,212b8be3cd54f3d033ff76d83651325194b0c03926a9e55a60674cfaff48568c,included,housing_social_welfare_leaf,1.0.0,social_welfare,1.0.0,utility,tenant_4,tenant_4,0.0,utility_points,"{""disagreement_utility"":0.0}",ok,valid,[],"[""event_00000130""]",evaluation_receipt,episode_attempt_e53b7409a11392b5ad91,212b8be3cd54f3d033ff76d83651325194b0c03926a9e55a60674cfaff48568c,true
result_67ee6fe7e2f48ba885915348,runplan_3294d84d7cc1ba81,cell_2c896414c58dc93c8794,housing_v1__experiment__000008,housing_v1,housing_controlled_model_landlords_experiment,episode_attempt_e53b7409a11392b5ad91,212b8be3cd54f3d033ff76d83651325194b0c03926a9e55a60674cfaff48568c,included,housing_social_welfare_leaf,1.0.0,social_welfare,1.0.0,utility,tenant_5,tenant_5,0.0,utility_points,"{""disagreement_utility"":0.0}",ok,valid,[],"[""event_00000130""]",evaluation_receipt,episode_attempt_e53b7409a11392b5ad91,212b8be3cd54f3d033ff76d83651325194b0c03926a9e55a60674cfaff48568c,true
result_739b722ac5af9bcca95d0583,runplan_3294d84d7cc1ba81,cell_2c896414c58dc93c8794,housing_v1__experiment__000008,housing_v1,housing_controlled_model_landlords_experiment,episode_attempt_e53b7409a11392b5ad91,212b8be3cd54f3d033ff76d83651325194b0c03926a9e55a60674cfaff48568c,included,housing_social_welfare_leaf,1.0.0,social_welfare,1.0.0,capture,landlord_0,landlord_0,37.7,utility_points,"{""disagreement_utility"":0.0}",ok,valid,[],"[""event_00000130""]",evaluation_receipt,episode_attempt_e53b7409a11392b5ad91,212b8be3cd54f3d033ff76d83651325194b0c03926a9e55a60674cfaff48568c,true
result_bb66cd97a79278f7f9713a7d,runplan_3294d84d7cc1ba81,cell_2c896414c58dc93c8794,housing_v1__experiment__000008,housing_v1,housing_controlled_model_landlords_experiment,episode_attempt_e53b7409a11392b5ad91,212b8be3cd54f3d033ff76d83651325194b0c03926a9e55a60674cfaff48568c,included,housing_social_welfare_leaf,1.0.0,social_welfare,1.0.0,capture,landlord_1,landlord_1,50.51,utility_points,"{""disagreement_utility"":0.0}",ok,valid,[],"[""event_00000130""]",evaluation_receipt,episode_attempt_e53b7409a11392b5ad91,212b8be3cd54f3d033ff76d83651325194b0c03926a9e55a60674cfaff48568c,true
result_5d614f6c01d5e78bf3f042a6,runplan_3294d84d7cc1ba81,cell_2c896414c58dc93c8794,housing_v1__experiment__000008,housing_v1,housing_controlled_model_landlords_experiment,episode_attempt_e53b7409a11392b5ad91,212b8be3cd54f3d033ff76d83651325194b0c03926a9e55a60674cfaff48568c,included,housing_social_welfare_leaf,1.0.0,social_welfare,1.0.0,capture,landlord_2,landlord_2,317.3,utility_points,"{""disagreement_utility"":0.0}",ok,valid,[],"[""event_00000130""]",evaluation_receipt,episode_attempt_e53b7409a11392b5ad91,212b8be3cd54f3d033ff76d83651325194b0c03926a9e55a60674cfaff48568c,true
result_fbcbff5243f3f13346fb1ac0,runplan_3294d84d7cc1ba81,cell_2c896414c58dc93c8794,housing_v1__experiment__000008,housing_v1,housing_controlled_model_landlords_experiment,episode_attempt_e53b7409a11392b5ad91,212b8be3cd54f3d033ff76d83651325194b0c03926a9e55a60674cfaff48568c,included,housing_social_welfare_leaf,1.0.0,social_welfare,1.0.0,capture,tenant_0,tenant_0,625.19,utility_points,"{""disagreement_utility"":0.0}",ok,valid,[],"[""event_00000130""]",evaluation_receipt,episode_attempt_e53b7409a11392b5ad91,212b8be3cd54f3d033ff76d83651325194b0c03926a9e55a60674cfaff48568c,true
result_afed2285a6717c400164bd0f,runplan_3294d84d7cc1ba81,cell_2c896414c58dc93c8794,housing_v1__experiment__000008,housing_v1,housing_controlled_model_landlords_experiment,episode_attempt_e53b7409a11392b5ad91,212b8be3cd54f3d033ff76d83651325194b0c03926a9e55a60674cfaff48568c,included,housing_social_welfare_leaf,1.0.0,social_welfare,1.0.0,capture,tenant_1,tenant_1,438.46,utility_points,"{""disagreement_utility"":0.0}",ok,valid,[],"[""event_00000130""]",evaluation_receipt,episode_attempt_e53b7409a11392b5ad91,212b8be3cd54f3d033ff76d83651325194b0c03926a9e55a60674cfaff48568c,true
result_b45cac8f69c465914c85bfd2,runplan_3294d84d7cc1ba81,cell_2c896414c58dc93c8794,housing_v1__experiment__000008,housing_v1,housing_controlled_model_landlords_experiment,episode_attempt_e53b7409a11392b5ad91,212b8be3cd54f3d033ff76d83651325194b0c03926a9e55a60674cfaff48568c,included,housing_social_welfare_leaf,1.0.0,social_welfare,1.0.0,capture,tenant_2,tenant_2,0.0,utility_points,"{""disagreement_utility"":0.0}",ok,valid,[],"[""event_00000130""]",evaluation_receipt,episode_attempt_e53b7409a11392b5ad91,212b8be3cd54f3d033ff76d83651325194b0c03926a9e55a60674cfaff48568c,true
result_c1c1d91074c8a8f226c10ec1,runplan_3294d84d7cc1ba81,cell_2c896414c58dc93c8794,housing_v1__experiment__000008,housing_v1,housing_controlled_model_landlords_experiment,episode_attempt_e53b7409a11392b5ad91,212b8be3cd54f3d033ff76d83651325194b0c03926a9e55a60674cfaff48568c,included,housing_social_welfare_leaf,1.0.0,social_welfare,1.0.0,capture,tenant_3,tenant_3,141.83,utility_points,"{""disagreement_utility"":0.0}",ok,valid,[],"[""event_00000130""]",evaluation_receipt,episode_attempt_e53b7409a11392b5ad91,212b8be3cd54f3d033ff76d83651325194b0c03926a9e55a60674cfaff48568c,true
result_81ac0316140c575ab820888b,runplan_3294d84d7cc1ba81,cell_2c896414c58dc93c8794,housing_v1__experiment__000008,housing_v1,housing_controlled_model_landlords_experiment,episode_attempt_e53b7409a11392b5ad91,212b8be3cd54f3d033ff76d83651325194b0c03926a9e55a60674cfaff48568c,included,housing_social_welfare_leaf,1.0.0,social_welfare,1.0.0,capture,tenant_4,tenant_4,0.0,utility_points,"{""disagreement_utility"":0.0}",ok,valid,[],"[""event_00000130""]",evaluation_receipt,episode_attempt_e53b7409a11392b5ad91,212b8be3cd54f3d033ff76d83651325194b0c03926a9e55a60674cfaff48568c,true
result_e4190eeb78da49cee1245d56,runplan_3294d84d7cc1ba81,cell_2c896414c58dc93c8794,housing_v1__experiment__000008,housing_v1,housing_controlled_model_landlords_experiment,episode_attempt_e53b7409a11392b5ad91,212b8be3cd54f3d033ff76d83651325194b0c03926a9e55a60674cfaff48568c,included,housing_social_welfare_leaf,1.0.0,social_welfare,1.0.0,capture,tenant_5,tenant_5,0.0,utility_points,"{""disagreement_utility"":0.0}",ok,valid,[],"[""event_00000130""]",evaluation_receipt,episode_attempt_e53b7409a11392b5ad91,212b8be3cd54f3d033ff76d83651325194b0c03926a9e55a60674cfaff48568c,true
result_c6ce9372ee08735926653cdc,runplan_3294d84d7cc1ba81,cell_323ae30f39d595f3aa41,housing_v1__experiment__000005,housing_v1,housing_controlled_model_landlords_experiment,episode_attempt_b6f183b4c3b6ba00ad21,f06795f8c9b53d6d7dc255ea543e7fdbdaf023a5e93036c52e373caed68b012a,included,housing_social_welfare_leaf,1.0.0,social_welfare,1.0.0,primary,social_welfare,,1386.38,utility_points,{},ok,valid,[],"[""event_00000219""]",evaluation_receipt,episode_attempt_b6f183b4c3b6ba00ad21,f06795f8c9b53d6d7dc255ea543e7fdbdaf023a5e93036c52e373caed68b012a,true
result_cea0057286125b10166c899d,runplan_3294d84d7cc1ba81,cell_323ae30f39d595f3aa41,housing_v1__experiment__000005,housing_v1,housing_controlled_model_landlords_experiment,episode_attempt_b6f183b4c3b6ba00ad21,f06795f8c9b53d6d7dc255ea543e7fdbdaf023a5e93036c52e373caed68b012a,included,housing_social_welfare_leaf,1.0.0,social_welfare,1.0.0,metric,comparison_baseline_gap,,227.44000000000005,utility_points,{},ok,valid,[],"[""event_00000219""]",evaluation_receipt,episode_attempt_b6f183b4c3b6ba00ad21,f06795f8c9b53d6d7dc255ea543e7fdbdaf023a5e93036c52e373caed68b012a,true
result_81917aa0d0dd97d54dc8cb0c,runplan_3294d84d7cc1ba81,cell_323ae30f39d595f3aa41,housing_v1__experiment__000005,housing_v1,housing_controlled_model_landlords_experiment,episode_attempt_b6f183b4c3b6ba00ad21,f06795f8c9b53d6d7dc255ea543e7fdbdaf023a5e93036c52e373caed68b012a,included,housing_social_welfare_leaf,1.0.0,social_welfare,1.0.0,metric,ir_violation_count,,0.0,count,{},ok,valid,[],"[""event_00000219""]",evaluation_receipt,episode_attempt_b6f183b4c3b6ba00ad21,f06795f8c9b53d6d7dc255ea543e7fdbdaf023a5e93036c52e373caed68b012a,true
result_c63594686e7775475618e744,runplan_3294d84d7cc1ba81,cell_323ae30f39d595f3aa41,housing_v1__experiment__000005,housing_v1,housing_controlled_model_landlords_experiment,episode_attempt_b6f183b4c3b6ba00ad21,f06795f8c9b53d6d7dc255ea543e7fdbdaf023a5e93036c52e373caed68b012a,included,housing_social_welfare_leaf,1.0.0,social_welfare,1.0.0,metric,social_welfare,,1386.38,utility_points,{},ok,valid,[],"[""event_00000219""]",evaluation_receipt,episode_attempt_b6f183b4c3b6ba00ad21,f06795f8c9b53d6d7dc255ea543e7fdbdaf023a5e93036c52e373caed68b012a,true
result_6e45236404f702bc3f17e70f,runplan_3294d84d7cc1ba81,cell_323ae30f39d595f3aa41,housing_v1__experiment__000005,housing_v1,housing_controlled_model_landlords_experiment,episode_attempt_b6f183b4c3b6ba00ad21,f06795f8c9b53d6d7dc255ea543e7fdbdaf023a5e93036c52e373caed68b012a,included,housing_social_welfare_leaf,1.0.0,social_welfare,1.0.0,metric,upper_bound_gap,,70.95999999999981,utility_points,{},ok,valid,[],"[""event_00000219""]",evaluation_receipt,episode_attempt_b6f183b4c3b6ba00ad21,f06795f8c9b53d6d7dc255ea543e7fdbdaf023a5e93036c52e373caed68b012a,true
result_0b5adfd915056f578aa4e3c7,runplan_3294d84d7cc1ba81,cell_323ae30f39d595f3aa41,housing_v1__experiment__000005,housing_v1,housing_controlled_model_landlords_experiment,episode_attempt_b6f183b4c3b6ba00ad21,f06795f8c9b53d6d7dc255ea543e7fdbdaf023a5e93036c52e373caed68b012a,included,housing_social_welfare_leaf,1.0.0,social_welfare,1.0.0,metric,wasted_contacts,,7.0,count,{},ok,valid,[],"[""event_00000219""]",evaluation_receipt,episode_attempt_b6f183b4c3b6ba00ad21,f06795f8c9b53d6d7dc255ea543e7fdbdaf023a5e93036c52e373caed68b012a,true
result_ae3131d098200c9f4ae3ca9e,runplan_3294d84d7cc1ba81,cell_323ae30f39d595f3aa41,housing_v1__experiment__000005,housing_v1,housing_controlled_model_landlords_experiment,episode_attempt_b6f183b4c3b6ba00ad21,f06795f8c9b53d6d7dc255ea543e7fdbdaf023a5e93036c52e373caed68b012a,included,housing_social_welfare_leaf,1.0.0,social_welfare,1.0.0,metric,within_case_score,,0.9513085484512881,ratio,{},ok,valid,[],"[""event_00000219""]",evaluation_receipt,episode_attempt_b6f183b4c3b6ba00ad21,f06795f8c9b53d6d7dc255ea543e7fdbdaf023a5e93036c52e373caed68b012a,true
result_5837d76e03d72a9dba37fc7e,runplan_3294d84d7cc1ba81,cell_323ae30f39d595f3aa41,housing_v1__experiment__000005,housing_v1,housing_controlled_model_landlords_experiment,episode_attempt_b6f183b4c3b6ba00ad21,f06795f8c9b53d6d7dc255ea543e7fdbdaf023a5e93036c52e373caed68b012a,included,housing_social_welfare_leaf,1.0.0,social_welfare,1.0.0,reference,comparison_baseline,,1158.94,utility_points,"{""policy"":""naive"",""reference_kind"":""comparison_baseline""}",ok,valid,[],"[""event_00000219""]",evaluation_receipt,episode_attempt_b6f183b4c3b6ba00ad21,f06795f8c9b53d6d7dc255ea543e7fdbdaf023a5e93036c52e373caed68b012a,true
result_ff01c76f01c7991183d36a7a,runplan_3294d84d7cc1ba81,cell_323ae30f39d595f3aa41,housing_v1__experiment__000005,housing_v1,housing_controlled_model_landlords_experiment,episode_attempt_b6f183b4c3b6ba00ad21,f06795f8c9b53d6d7dc255ea543e7fdbdaf023a5e93036c52e373caed68b012a,included,housing_social_welfare_leaf,1.0.0,social_welfare,1.0.0,reference,optimum_lower_bound,,0.0,utility_points,"{""policy"":""do_nothing"",""reference_kind"":""objective_lower_bound""}",ok,valid,[],"[""event_00000219""]",evaluation_receipt,episode_attempt_b6f183b4c3b6ba00ad21,f06795f8c9b53d6d7dc255ea543e7fdbdaf023a5e93036c52e373caed68b012a,true
result_4c709cc43955bd4d77d4e99b,runplan_3294d84d7cc1ba81,cell_323ae30f39d595f3aa41,housing_v1__experiment__000005,housing_v1,housing_controlled_model_landlords_experiment,episode_attempt_b6f183b4c3b6ba00ad21,f06795f8c9b53d6d7dc255ea543e7fdbdaf023a5e93036c52e373caed68b012a,included,housing_social_welfare_leaf,1.0.0,social_welfare,1.0.0,reference,optimum_upper_bound,,1457.34,utility_points,"{""reference_kind"":""objective_upper_bound"",""semantics"":""full_information_allocation_relaxation""}",ok,valid,[],"[""event_00000219""]",evaluation_receipt,episode_attempt_b6f183b4c3b6ba00ad21,f06795f8c9b53d6d7dc255ea543e7fdbdaf023a5e93036c52e373caed68b012a,true
result_dea065378d3f58d919963737,runplan_3294d84d7cc1ba81,cell_323ae30f39d595f3aa41,housing_v1__experiment__000005,housing_v1,housing_controlled_model_landlords_experiment,episode_attempt_b6f183b4c3b6ba00ad21,f06795f8c9b53d6d7dc255ea543e7fdbdaf023a5e93036c52e373caed68b012a,included,housing_social_welfare_leaf,1.0.0,social_welfare,1.0.0,utility,landlord_0,landlord_0,162.29,utility_points,"{""disagreement_utility"":0.0}",ok,valid,[],"[""event_00000219""]",evaluation_receipt,episode_attempt_b6f183b4c3b6ba00ad21,f06795f8c9b53d6d7dc255ea543e7fdbdaf023a5e93036c52e373caed68b012a,true
result_0a3f04a2259bdaf0b8a06e21,runplan_3294d84d7cc1ba81,cell_323ae30f39d595f3aa41,housing_v1__experiment__000005,housing_v1,housing_controlled_model_landlords_experiment,episode_attempt_b6f183b4c3b6ba00ad21,f06795f8c9b53d6d7dc255ea543e7fdbdaf023a5e93036c52e373caed68b012a,included,housing_social_welfare_leaf,1.0.0,social_welfare,1.0.0,utility,landlord_1,landlord_1,501.18,utility_points,"{""disagreement_utility"":0.0}",ok,valid,[],"[""event_00000219""]",evaluation_receipt,episode_attempt_b6f183b4c3b6ba00ad21,f06795f8c9b53d6d7dc255ea543e7fdbdaf023a5e93036c52e373caed68b012a,true
result_032da85334481b759c630f6c,runplan_3294d84d7cc1ba81,cell_323ae30f39d595f3aa41,housing_v1__experiment__000005,housing_v1,housing_controlled_model_landlords_experiment,episode_attempt_b6f183b4c3b6ba00ad21,f06795f8c9b53d6d7dc255ea543e7fdbdaf023a5e93036c52e373caed68b012a,included,housing_social_welfare_leaf,1.0.0,social_welfare,1.0.0,utility,landlord_2,landlord_2,73.64,utility_points,"{""disagreement_utility"":0.0}",ok,valid,[],"[""event_00000219""]",evaluation_receipt,episode_attempt_b6f183b4c3b6ba00ad21,f06795f8c9b53d6d7dc255ea543e7fdbdaf023a5e93036c52e373caed68b012a,true
result_0d3c91ac1b9fb0390ad7c7ca,runplan_3294d84d7cc1ba81,cell_323ae30f39d595f3aa41,housing_v1__experiment__000005,housing_v1,housing_controlled_model_landlords_experiment,episode_attempt_b6f183b4c3b6ba00ad21,f06795f8c9b53d6d7dc255ea543e7fdbdaf023a5e93036c52e373caed68b012a,included,housing_social_welfare_leaf,1.0.0,social_welfare,1.0.0,utility,tenant_0,tenant_0,352.72,utility_points,"{""disagreement_utility"":0.0}",ok,valid,[],"[""event_00000219""]",evaluation_receipt,episode_attempt_b6f183b4c3b6ba00ad21,f06795f8c9b53d6d7dc255ea543e7fdbdaf023a5e93036c52e373caed68b012a,true
result_50692ebce99337f6d05157e5,runplan_3294d84d7cc1ba81,cell_323ae30f39d595f3aa41,housing_v1__experiment__000005,housing_v1,housing_controlled_model_landlords_experiment,episode_attempt_b6f183b4c3b6ba00ad21,f06795f8c9b53d6d7dc255ea543e7fdbdaf023a5e93036c52e373caed68b012a,included,housing_social_welfare_leaf,1.0.0,social_welfare,1.0.0,utility,tenant_1,tenant_1,0.0,utility_points,"{""disagreement_utility"":0.0}",ok,valid,[],"[""event_00000219""]",evaluation_receipt,episode_attempt_b6f183b4c3b6ba00ad21,f06795f8c9b53d6d7dc255ea543e7fdbdaf023a5e93036c52e373caed68b012a,true
result_28a78e62c8452441675ab9ed,runplan_3294d84d7cc1ba81,cell_323ae30f39d595f3aa41,housing_v1__experiment__000005,housing_v1,housing_controlled_model_landlords_experiment,episode_attempt_b6f183b4c3b6ba00ad21,f06795f8c9b53d6d7dc255ea543e7fdbdaf023a5e93036c52e373caed68b012a,included,housing_social_welfare_leaf,1.0.0,social_welfare,1.0.0,utility,tenant_2,tenant_2,0.0,utility_points,"{""disagreement_utility"":0.0}",ok,valid,[],"[""event_00000219""]",evaluation_receipt,episode_attempt_b6f183b4c3b6ba00ad21,f06795f8c9b53d6d7dc255ea543e7fdbdaf023a5e93036c52e373caed68b012a,true
result_894e77ae09b61be847122710,runplan_3294d84d7cc1ba81,cell_323ae30f39d595f3aa41,housing_v1__experiment__000005,housing_v1,housing_controlled_model_landlords_experiment,episode_attempt_b6f183b4c3b6ba00ad21,f06795f8c9b53d6d7dc255ea543e7fdbdaf023a5e93036c52e373caed68b012a,included,housing_social_welfare_leaf,1.0.0,social_welfare,1.0.0,utility,tenant_3,tenant_3,0.0,utility_points,"{""disagreement_utility"":0.0}",ok,valid,[],"[""event_00000219""]",evaluation_receipt,episode_attempt_b6f183b4c3b6ba00ad21,f06795f8c9b53d6d7dc255ea543e7fdbdaf023a5e93036c52e373caed68b012a,true
result_7f28c2fe14574f2840d83d8b,runplan_3294d84d7cc1ba81,cell_323ae30f39d595f3aa41,housing_v1__experiment__000005,housing_v1,housing_controlled_model_landlords_experiment,episode_attempt_b6f183b4c3b6ba00ad21,f06795f8c9b53d6d7dc255ea543e7fdbdaf023a5e93036c52e373caed68b012a,included,housing_social_welfare_leaf,1.0.0,social_welfare,1.0.0,utility,tenant_4,tenant_4,296.55,utility_points,"{""disagreement_utility"":0.0}",ok,valid,[],"[""event_00000219""]",evaluation_receipt,episode_attempt_b6f183b4c3b6ba00ad21,f06795f8c9b53d6d7dc255ea543e7fdbdaf023a5e93036c52e373caed68b012a,true
result_f943201b0f3c066beb78c7f5,runplan_3294d84d7cc1ba81,cell_323ae30f39d595f3aa41,housing_v1__experiment__000005,housing_v1,housing_controlled_model_landlords_experiment,episode_attempt_b6f183b4c3b6ba00ad21,f06795f8c9b53d6d7dc255ea543e7fdbdaf023a5e93036c52e373caed68b012a,included,housing_social_welfare_leaf,1.0.0,social_welfare,1.0.0,utility,tenant_5,tenant_5,0.0,utility_points,"{""disagreement_utility"":0.0}",ok,valid,[],"[""event_00000219""]",evaluation_receipt,episode_attempt_b6f183b4c3b6ba00ad21,f06795f8c9b53d6d7dc255ea543e7fdbdaf023a5e93036c52e373caed68b012a,true
result_61b37c27ad50dd59ae78ea49,runplan_3294d84d7cc1ba81,cell_323ae30f39d595f3aa41,housing_v1__experiment__000005,housing_v1,housing_controlled_model_landlords_experiment,episode_attempt_b6f183b4c3b6ba00ad21,f06795f8c9b53d6d7dc255ea543e7fdbdaf023a5e93036c52e373caed68b012a,included,housing_social_welfare_leaf,1.0.0,social_welfare,1.0.0,capture,landlord_0,landlord_0,162.29,utility_points,"{""disagreement_utility"":0.0}",ok,valid,[],"[""event_00000219""]",evaluation_receipt,episode_attempt_b6f183b4c3b6ba00ad21,f06795f8c9b53d6d7dc255ea543e7fdbdaf023a5e93036c52e373caed68b012a,true
result_75551132da5e0dc12c0d6e17,runplan_3294d84d7cc1ba81,cell_323ae30f39d595f3aa41,housing_v1__experiment__000005,housing_v1,housing_controlled_model_landlords_experiment,episode_attempt_b6f183b4c3b6ba00ad21,f06795f8c9b53d6d7dc255ea543e7fdbdaf023a5e93036c52e373caed68b012a,included,housing_social_welfare_leaf,1.0.0,social_welfare,1.0.0,capture,landlord_1,landlord_1,501.18,utility_points,"{""disagreement_utility"":0.0}",ok,valid,[],"[""event_00000219""]",evaluation_receipt,episode_attempt_b6f183b4c3b6ba00ad21,f06795f8c9b53d6d7dc255ea543e7fdbdaf023a5e93036c52e373caed68b012a,true
result_d30a9c0bcaf0511bd9fcf910,runplan_3294d84d7cc1ba81,cell_323ae30f39d595f3aa41,housing_v1__experiment__000005,housing_v1,housing_controlled_model_landlords_experiment,episode_attempt_b6f183b4c3b6ba00ad21,f06795f8c9b53d6d7dc255ea543e7fdbdaf023a5e93036c52e373caed68b012a,included,housing_social_welfare_leaf,1.0.0,social_welfare,1.0.0,capture,landlord_2,landlord_2,73.64,utility_points,"{""disagreement_utility"":0.0}",ok,valid,[],"[""event_00000219""]",evaluation_receipt,episode_attempt_b6f183b4c3b6ba00ad21,f06795f8c9b53d6d7dc255ea543e7fdbdaf023a5e93036c52e373caed68b012a,true
result_461784e61daba199f7d2fe2e,runplan_3294d84d7cc1ba81,cell_323ae30f39d595f3aa41,housing_v1__experiment__000005,housing_v1,housing_controlled_model_landlords_experiment,episode_attempt_b6f183b4c3b6ba00ad21,f06795f8c9b53d6d7dc255ea543e7fdbdaf023a5e93036c52e373caed68b012a,included,housing_social_welfare_leaf,1.0.0,social_welfare,1.0.0,capture,tenant_0,tenant_0,352.72,utility_points,"{""disagreement_utility"":0.0}",ok,valid,[],"[""event_00000219""]",evaluation_receipt,episode_attempt_b6f183b4c3b6ba00ad21,f06795f8c9b53d6d7dc255ea543e7fdbdaf023a5e93036c52e373caed68b012a,true
result_e012007e82c5940d4b1844d5,runplan_3294d84d7cc1ba81,cell_323ae30f39d595f3aa41,housing_v1__experiment__000005,housing_v1,housing_controlled_model_landlords_experiment,episode_attempt_b6f183b4c3b6ba00ad21,f06795f8c9b53d6d7dc255ea543e7fdbdaf023a5e93036c52e373caed68b012a,included,housing_social_welfare_leaf,1.0.0,social_welfare,1.0.0,capture,tenant_1,tenant_1,0.0,utility_points,"{""disagreement_utility"":0.0}",ok,valid,[],"[""event_00000219""]",evaluation_receipt,episode_attempt_b6f183b4c3b6ba00ad21,f06795f8c9b53d6d7dc255ea543e7fdbdaf023a5e93036c52e373caed68b012a,true
result_06dd1da5590f15d4ea55bb77,runplan_3294d84d7cc1ba81,cell_323ae30f39d595f3aa41,housing_v1__experiment__000005,housing_v1,housing_controlled_model_landlords_experiment,episode_attempt_b6f183b4c3b6ba00ad21,f06795f8c9b53d6d7dc255ea543e7fdbdaf023a5e93036c52e373caed68b012a,included,housing_social_welfare_leaf,1.0.0,social_welfare,1.0.0,capture,tenant_2,tenant_2,0.0,utility_points,"{""disagreement_utility"":0.0}",ok,valid,[],"[""event_00000219""]",evaluation_receipt,episode_attempt_b6f183b4c3b6ba00ad21,f06795f8c9b53d6d7dc255ea543e7fdbdaf023a5e93036c52e373caed68b012a,true
result_e8c594e4ff7798adbb41520a,runplan_3294d84d7cc1ba81,cell_323ae30f39d595f3aa41,housing_v1__experiment__000005,housing_v1,housing_controlled_model_landlords_experiment,episode_attempt_b6f183b4c3b6ba00ad21,f06795f8c9b53d6d7dc255ea543e7fdbdaf023a5e93036c52e373caed68b012a,included,housing_social_welfare_leaf,1.0.0,social_welfare,1.0.0,capture,tenant_3,tenant_3,0.0,utility_points,"{""disagreement_utility"":0.0}",ok,valid,[],"[""event_00000219""]",evaluation_receipt,episode_attempt_b6f183b4c3b6ba00ad21,f06795f8c9b53d6d7dc255ea543e7fdbdaf023a5e93036c52e373caed68b012a,true
result_e27ffdb3f7e2f41da8520449,runplan_3294d84d7cc1ba81,cell_323ae30f39d595f3aa41,housing_v1__experiment__000005,housing_v1,housing_controlled_model_landlords_experiment,episode_attempt_b6f183b4c3b6ba00ad21,f06795f8c9b53d6d7dc255ea543e7fdbdaf023a5e93036c52e373caed68b012a,included,housing_social_welfare_leaf,1.0.0,social_welfare,1.0.0,capture,tenant_4,tenant_4,296.55,utility_points,"{""disagreement_utility"":0.0}",ok,valid,[],"[""event_00000219""]",evaluation_receipt,episode_attempt_b6f183b4c3b6ba00ad21,f06795f8c9b53d6d7dc255ea543e7fdbdaf023a5e93036c52e373caed68b012a,true
result_89354463359c14eaa5b2956d,runplan_3294d84d7cc1ba81,cell_323ae30f39d595f3aa41,housing_v1__experiment__000005,housing_v1,housing_controlled_model_landlords_experiment,episode_attempt_b6f183b4c3b6ba00ad21,f06795f8c9b53d6d7dc255ea543e7fdbdaf023a5e93036c52e373caed68b012a,included,housing_social_welfare_leaf,1.0.0,social_welfare,1.0.0,capture,tenant_5,tenant_5,0.0,utility_points,"{""disagreement_utility"":0.0}",ok,valid,[],"[""event_00000219""]",evaluation_receipt,episode_attempt_b6f183b4c3b6ba00ad21,f06795f8c9b53d6d7dc255ea543e7fdbdaf023a5e93036c52e373caed68b012a,true
result_02620e9fca4b061b18b3c9a1,runplan_3294d84d7cc1ba81,cell_3695c99a986eed2e3ece,housing_v1__experiment__000003,housing_v1,housing_controlled_model_landlords_experiment,episode_attempt_c5e88dd88e8450ff26ff,30dd436ad9dc0df76693cfc8879eb4e9a56e93c69e1e65ca85e3414bd7d50591,included,housing_social_welfare_leaf,1.0.0,social_welfare,1.0.0,primary,social_welfare,,1461.7,utility_points,{},ok,valid,[],"[""event_00000130""]",evaluation_receipt,episode_attempt_c5e88dd88e8450ff26ff,30dd436ad9dc0df76693cfc8879eb4e9a56e93c69e1e65ca85e3414bd7d50591,true
result_8ea162001942acf51fc1c19b,runplan_3294d84d7cc1ba81,cell_3695c99a986eed2e3ece,housing_v1__experiment__000003,housing_v1,housing_controlled_model_landlords_experiment,episode_attempt_c5e88dd88e8450ff26ff,30dd436ad9dc0df76693cfc8879eb4e9a56e93c69e1e65ca85e3414bd7d50591,included,housing_social_welfare_leaf,1.0.0,social_welfare,1.0.0,metric,comparison_baseline_gap,,0.0,utility_points,{},ok,valid,[],"[""event_00000130""]",evaluation_receipt,episode_attempt_c5e88dd88e8450ff26ff,30dd436ad9dc0df76693cfc8879eb4e9a56e93c69e1e65ca85e3414bd7d50591,true
result_8c03555373f8cd563604c873,runplan_3294d84d7cc1ba81,cell_3695c99a986eed2e3ece,housing_v1__experiment__000003,housing_v1,housing_controlled_model_landlords_experiment,episode_attempt_c5e88dd88e8450ff26ff,30dd436ad9dc0df76693cfc8879eb4e9a56e93c69e1e65ca85e3414bd7d50591,included,housing_social_welfare_leaf,1.0.0,social_welfare,1.0.0,metric,ir_violation_count,,0.0,count,{},ok,valid,[],"[""event_00000130""]",evaluation_receipt,episode_attempt_c5e88dd88e8450ff26ff,30dd436ad9dc0df76693cfc8879eb4e9a56e93c69e1e65ca85e3414bd7d50591,true
result_3eae61bdddb8628151d63f02,runplan_3294d84d7cc1ba81,cell_3695c99a986eed2e3ece,housing_v1__experiment__000003,housing_v1,housing_controlled_model_landlords_experiment,episode_attempt_c5e88dd88e8450ff26ff,30dd436ad9dc0df76693cfc8879eb4e9a56e93c69e1e65ca85e3414bd7d50591,included,housing_social_welfare_leaf,1.0.0,social_welfare,1.0.0,metric,social_welfare,,1461.7,utility_points,{},ok,valid,[],"[""event_00000130""]",evaluation_receipt,episode_attempt_c5e88dd88e8450ff26ff,30dd436ad9dc0df76693cfc8879eb4e9a56e93c69e1e65ca85e3414bd7d50591,true
result_87c9774d2d289ded72f10d05,runplan_3294d84d7cc1ba81,cell_3695c99a986eed2e3ece,housing_v1__experiment__000003,housing_v1,housing_controlled_model_landlords_experiment,episode_attempt_c5e88dd88e8450ff26ff,30dd436ad9dc0df76693cfc8879eb4e9a56e93c69e1e65ca85e3414bd7d50591,included,housing_social_welfare_leaf,1.0.0,social_welfare,1.0.0,metric,upper_bound_gap,,276.51,utility_points,{},ok,valid,[],"[""event_00000130""]",evaluation_receipt,episode_attempt_c5e88dd88e8450ff26ff,30dd436ad9dc0df76693cfc8879eb4e9a56e93c69e1e65ca85e3414bd7d50591,true
result_7e7d09f9d9ffa6bc14617292,runplan_3294d84d7cc1ba81,cell_3695c99a986eed2e3ece,housing_v1__experiment__000003,housing_v1,housing_controlled_model_landlords_experiment,episode_attempt_c5e88dd88e8450ff26ff,30dd436ad9dc0df76693cfc8879eb4e9a56e93c69e1e65ca85e3414bd7d50591,included,housing_social_welfare_leaf,1.0.0,social_welfare,1.0.0,metric,wasted_contacts,,3.0,count,{},ok,valid,[],"[""event_00000130""]",evaluation_receipt,episode_attempt_c5e88dd88e8450ff26ff,30dd436ad9dc0df76693cfc8879eb4e9a56e93c69e1e65ca85e3414bd7d50591,true
result_329022e7a46f8284a73c3a9e,runplan_3294d84d7cc1ba81,cell_3695c99a986eed2e3ece,housing_v1__experiment__000003,housing_v1,housing_controlled_model_landlords_experiment,episode_attempt_c5e88dd88e8450ff26ff,30dd436ad9dc0df76693cfc8879eb4e9a56e93c69e1e65ca85e3414bd7d50591,included,housing_social_welfare_leaf,1.0.0,social_welfare,1.0.0,metric,within_case_score,,0.8409225582639612,ratio,{},ok,valid,[],"[""event_00000130""]",evaluation_receipt,episode_attempt_c5e88dd88e8450ff26ff,30dd436ad9dc0df76693cfc8879eb4e9a56e93c69e1e65ca85e3414bd7d50591,true
result_6d8d4665076a53bc565e8e6e,runplan_3294d84d7cc1ba81,cell_3695c99a986eed2e3ece,housing_v1__experiment__000003,housing_v1,housing_controlled_model_landlords_experiment,episode_attempt_c5e88dd88e8450ff26ff,30dd436ad9dc0df76693cfc8879eb4e9a56e93c69e1e65ca85e3414bd7d50591,included,housing_social_welfare_leaf,1.0.0,social_welfare,1.0.0,reference,comparison_baseline,,1461.7,utility_points,"{""policy"":""naive"",""reference_kind"":""comparison_baseline""}",ok,valid,[],"[""event_00000130""]",evaluation_receipt,episode_attempt_c5e88dd88e8450ff26ff,30dd436ad9dc0df76693cfc8879eb4e9a56e93c69e1e65ca85e3414bd7d50591,true
result_da1c88391a16d56503068c83,runplan_3294d84d7cc1ba81,cell_3695c99a986eed2e3ece,housing_v1__experiment__000003,housing_v1,housing_controlled_model_landlords_experiment,episode_attempt_c5e88dd88e8450ff26ff,30dd436ad9dc0df76693cfc8879eb4e9a56e93c69e1e65ca85e3414bd7d50591,included,housing_social_welfare_leaf,1.0.0,social_welfare,1.0.0,reference,optimum_lower_bound,,0.0,utility_points,"{""policy"":""do_nothing"",""reference_kind"":""objective_lower_bound""}",ok,valid,[],"[""event_00000130""]",evaluation_receipt,episode_attempt_c5e88dd88e8450ff26ff,30dd436ad9dc0df76693cfc8879eb4e9a56e93c69e1e65ca85e3414bd7d50591,true
result_cd384834b69925ab9bac6a44,runplan_3294d84d7cc1ba81,cell_3695c99a986eed2e3ece,housing_v1__experiment__000003,housing_v1,housing_controlled_model_landlords_experiment,episode_attempt_c5e88dd88e8450ff26ff,30dd436ad9dc0df76693cfc8879eb4e9a56e93c69e1e65ca85e3414bd7d50591,included,housing_social_welfare_leaf,1.0.0,social_welfare,1.0.0,reference,optimum_upper_bound,,1738.21,utility_points,"{""reference_kind"":""objective_upper_bound"",""semantics"":""full_information_allocation_relaxation""}",ok,valid,[],"[""event_00000130""]",evaluation_receipt,episode_attempt_c5e88dd88e8450ff26ff,30dd436ad9dc0df76693cfc8879eb4e9a56e93c69e1e65ca85e3414bd7d50591,true
result_4b5c105558f669c977601d95,runplan_3294d84d7cc1ba81,cell_3695c99a986eed2e3ece,housing_v1__experiment__000003,housing_v1,housing_controlled_model_landlords_experiment,episode_attempt_c5e88dd88e8450ff26ff,30dd436ad9dc0df76693cfc8879eb4e9a56e93c69e1e65ca85e3414bd7d50591,included,housing_social_welfare_leaf,1.0.0,social_welfare,1.0.0,utility,landlord_0,landlord_0,37.85,utility_points,"{""disagreement_utility"":0.0}",ok,valid,[],"[""event_00000130""]",evaluation_receipt,episode_attempt_c5e88dd88e8450ff26ff,30dd436ad9dc0df76693cfc8879eb4e9a56e93c69e1e65ca85e3414bd7d50591,true
result_7397ff6f8f6e4cd080146f81,runplan_3294d84d7cc1ba81,cell_3695c99a986eed2e3ece,housing_v1__experiment__000003,housing_v1,housing_controlled_model_landlords_experiment,episode_attempt_c5e88dd88e8450ff26ff,30dd436ad9dc0df76693cfc8879eb4e9a56e93c69e1e65ca85e3414bd7d50591,included,housing_social_welfare_leaf,1.0.0,social_welfare,1.0.0,utility,landlord_1,landlord_1,328.45,utility_points,"{""disagreement_utility"":0.0}",ok,valid,[],"[""event_00000130""]",evaluation_receipt,episode_attempt_c5e88dd88e8450ff26ff,30dd436ad9dc0df76693cfc8879eb4e9a56e93c69e1e65ca85e3414bd7d50591,true
result_a482b35d2dfd86dc8c022999,runplan_3294d84d7cc1ba81,cell_3695c99a986eed2e3ece,housing_v1__experiment__000003,housing_v1,housing_controlled_model_landlords_experiment,episode_attempt_c5e88dd88e8450ff26ff,30dd436ad9dc0df76693cfc8879eb4e9a56e93c69e1e65ca85e3414bd7d50591,included,housing_social_welfare_leaf,1.0.0,social_welfare,1.0.0,utility,landlord_2,landlord_2,76.96,utility_points,"{""disagreement_utility"":0.0}",ok,valid,[],"[""event_00000130""]",evaluation_receipt,episode_attempt_c5e88dd88e8450ff26ff,30dd436ad9dc0df76693cfc8879eb4e9a56e93c69e1e65ca85e3414bd7d50591,true
result_369eab09551fb5072905efb9,runplan_3294d84d7cc1ba81,cell_3695c99a986eed2e3ece,housing_v1__experiment__000003,housing_v1,housing_controlled_model_landlords_experiment,episode_attempt_c5e88dd88e8450ff26ff,30dd436ad9dc0df76693cfc8879eb4e9a56e93c69e1e65ca85e3414bd7d50591,included,housing_social_welfare_leaf,1.0.0,social_welfare,1.0.0,utility,tenant_0,tenant_0,490.84,utility_points,"{""disagreement_utility"":0.0}",ok,valid,[],"[""event_00000130""]",evaluation_receipt,episode_attempt_c5e88dd88e8450ff26ff,30dd436ad9dc0df76693cfc8879eb4e9a56e93c69e1e65ca85e3414bd7d50591,true
result_0a5bb004f05637362f922d74,runplan_3294d84d7cc1ba81,cell_3695c99a986eed2e3ece,housing_v1__experiment__000003,housing_v1,housing_controlled_model_landlords_experiment,episode_attempt_c5e88dd88e8450ff26ff,30dd436ad9dc0df76693cfc8879eb4e9a56e93c69e1e65ca85e3414bd7d50591,included,housing_social_welfare_leaf,1.0.0,social_welfare,1.0.0,utility,tenant_1,tenant_1,47.88,utility_points,"{""disagreement_utility"":0.0}",ok,valid,[],"[""event_00000130""]",evaluation_receipt,episode_attempt_c5e88dd88e8450ff26ff,30dd436ad9dc0df76693cfc8879eb4e9a56e93c69e1e65ca85e3414bd7d50591,true
result_85b454ba8d934b0673bbd210,runplan_3294d84d7cc1ba81,cell_3695c99a986eed2e3ece,housing_v1__experiment__000003,housing_v1,housing_controlled_model_landlords_experiment,episode_attempt_c5e88dd88e8450ff26ff,30dd436ad9dc0df76693cfc8879eb4e9a56e93c69e1e65ca85e3414bd7d50591,included,housing_social_welfare_leaf,1.0.0,social_welfare,1.0.0,utility,tenant_2,tenant_2,479.72,utility_points,"{""disagreement_utility"":0.0}",ok,valid,[],"[""event_00000130""]",evaluation_receipt,episode_attempt_c5e88dd88e8450ff26ff,30dd436ad9dc0df76693cfc8879eb4e9a56e93c69e1e65ca85e3414bd7d50591,true
result_d801a52f89aa00fca981cfe3,runplan_3294d84d7cc1ba81,cell_3695c99a986eed2e3ece,housing_v1__experiment__000003,housing_v1,housing_controlled_model_landlords_experiment,episode_attempt_c5e88dd88e8450ff26ff,30dd436ad9dc0df76693cfc8879eb4e9a56e93c69e1e65ca85e3414bd7d50591,included,housing_social_welfare_leaf,1.0.0,social_welfare,1.0.0,utility,tenant_3,tenant_3,0.0,utility_points,"{""disagreement_utility"":0.0}",ok,valid,[],"[""event_00000130""]",evaluation_receipt,episode_attempt_c5e88dd88e8450ff26ff,30dd436ad9dc0df76693cfc8879eb4e9a56e93c69e1e65ca85e3414bd7d50591,true
result_c418bf2f48e0c1add081f1ef,runplan_3294d84d7cc1ba81,cell_3695c99a986eed2e3ece,housing_v1__experiment__000003,housing_v1,housing_controlled_model_landlords_experiment,episode_attempt_c5e88dd88e8450ff26ff,30dd436ad9dc0df76693cfc8879eb4e9a56e93c69e1e65ca85e3414bd7d50591,included,housing_social_welfare_leaf,1.0.0,social_welfare,1.0.0,utility,tenant_4,tenant_4,0.0,utility_points,"{""disagreement_utility"":0.0}",ok,valid,[],"[""event_00000130""]",evaluation_receipt,episode_attempt_c5e88dd88e8450ff26ff,30dd436ad9dc0df76693cfc8879eb4e9a56e93c69e1e65ca85e3414bd7d50591,true
result_299eb0ff32a3b80449583250,runplan_3294d84d7cc1ba81,cell_3695c99a986eed2e3ece,housing_v1__experiment__000003,housing_v1,housing_controlled_model_landlords_experiment,episode_attempt_c5e88dd88e8450ff26ff,30dd436ad9dc0df76693cfc8879eb4e9a56e93c69e1e65ca85e3414bd7d50591,included,housing_social_welfare_leaf,1.0.0,social_welfare,1.0.0,utility,tenant_5,tenant_5,0.0,utility_points,"{""disagreement_utility"":0.0}",ok,valid,[],"[""event_00000130""]",evaluation_receipt,episode_attempt_c5e88dd88e8450ff26ff,30dd436ad9dc0df76693cfc8879eb4e9a56e93c69e1e65ca85e3414bd7d50591,true
result_b42793752e6d5b17b99ee5be,runplan_3294d84d7cc1ba81,cell_3695c99a986eed2e3ece,housing_v1__experiment__000003,housing_v1,housing_controlled_model_landlords_experiment,episode_attempt_c5e88dd88e8450ff26ff,30dd436ad9dc0df76693cfc8879eb4e9a56e93c69e1e65ca85e3414bd7d50591,included,housing_social_welfare_leaf,1.0.0,social_welfare,1.0.0,capture,landlord_0,landlord_0,37.85,utility_points,"{""disagreement_utility"":0.0}",ok,valid,[],"[""event_00000130""]",evaluation_receipt,episode_attempt_c5e88dd88e8450ff26ff,30dd436ad9dc0df76693cfc8879eb4e9a56e93c69e1e65ca85e3414bd7d50591,true
result_0f13e205de09d74a89b9dc46,runplan_3294d84d7cc1ba81,cell_3695c99a986eed2e3ece,housing_v1__experiment__000003,housing_v1,housing_controlled_model_landlords_experiment,episode_attempt_c5e88dd88e8450ff26ff,30dd436ad9dc0df76693cfc8879eb4e9a56e93c69e1e65ca85e3414bd7d50591,included,housing_social_welfare_leaf,1.0.0,social_welfare,1.0.0,capture,landlord_1,landlord_1,328.45,utility_points,"{""disagreement_utility"":0.0}",ok,valid,[],"[""event_00000130""]",evaluation_receipt,episode_attempt_c5e88dd88e8450ff26ff,30dd436ad9dc0df76693cfc8879eb4e9a56e93c69e1e65ca85e3414bd7d50591,true
result_e5fa3cd24ba6c09dec0b29f5,runplan_3294d84d7cc1ba81,cell_3695c99a986eed2e3ece,housing_v1__experiment__000003,housing_v1,housing_controlled_model_landlords_experiment,episode_attempt_c5e88dd88e8450ff26ff,30dd436ad9dc0df76693cfc8879eb4e9a56e93c69e1e65ca85e3414bd7d50591,included,housing_social_welfare_leaf,1.0.0,social_welfare,1.0.0,capture,landlord_2,landlord_2,76.96,utility_points,"{""disagreement_utility"":0.0}",ok,valid,[],"[""event_00000130""]",evaluation_receipt,episode_attempt_c5e88dd88e8450ff26ff,30dd436ad9dc0df76693cfc8879eb4e9a56e93c69e1e65ca85e3414bd7d50591,true
result_29a9c717ecf7c931075d416c,runplan_3294d84d7cc1ba81,cell_3695c99a986eed2e3ece,housing_v1__experiment__000003,housing_v1,housing_controlled_model_landlords_experiment,episode_attempt_c5e88dd88e8450ff26ff,30dd436ad9dc0df76693cfc8879eb4e9a56e93c69e1e65ca85e3414bd7d50591,included,housing_social_welfare_leaf,1.0.0,social_welfare,1.0.0,capture,tenant_0,tenant_0,490.84,utility_points,"{""disagreement_utility"":0.0}",ok,valid,[],"[""event_00000130""]",evaluation_receipt,episode_attempt_c5e88dd88e8450ff26ff,30dd436ad9dc0df76693cfc8879eb4e9a56e93c69e1e65ca85e3414bd7d50591,true
result_3b47d34e1dbdf3bc5eb3104b,runplan_3294d84d7cc1ba81,cell_3695c99a986eed2e3ece,housing_v1__experiment__000003,housing_v1,housing_controlled_model_landlords_experiment,episode_attempt_c5e88dd88e8450ff26ff,30dd436ad9dc0df76693cfc8879eb4e9a56e93c69e1e65ca85e3414bd7d50591,included,housing_social_welfare_leaf,1.0.0,social_welfare,1.0.0,capture,tenant_1,tenant_1,47.88,utility_points,"{""disagreement_utility"":0.0}",ok,valid,[],"[""event_00000130""]",evaluation_receipt,episode_attempt_c5e88dd88e8450ff26ff,30dd436ad9dc0df76693cfc8879eb4e9a56e93c69e1e65ca85e3414bd7d50591,true
result_bde0e718e20ec1827d105705,runplan_3294d84d7cc1ba81,cell_3695c99a986eed2e3ece,housing_v1__experiment__000003,housing_v1,housing_controlled_model_landlords_experiment,episode_attempt_c5e88dd88e8450ff26ff,30dd436ad9dc0df76693cfc8879eb4e9a56e93c69e1e65ca85e3414bd7d50591,included,housing_social_welfare_leaf,1.0.0,social_welfare,1.0.0,capture,tenant_2,tenant_2,479.72,utility_points,"{""disagreement_utility"":0.0}",ok,valid,[],"[""event_00000130""]",evaluation_receipt,episode_attempt_c5e88dd88e8450ff26ff,30dd436ad9dc0df76693cfc8879eb4e9a56e93c69e1e65ca85e3414bd7d50591,true
result_4d5339e38b9cc8fe92b516c2,runplan_3294d84d7cc1ba81,cell_3695c99a986eed2e3ece,housing_v1__experiment__000003,housing_v1,housing_controlled_model_landlords_experiment,episode_attempt_c5e88dd88e8450ff26ff,30dd436ad9dc0df76693cfc8879eb4e9a56e93c69e1e65ca85e3414bd7d50591,included,housing_social_welfare_leaf,1.0.0,social_welfare,1.0.0,capture,tenant_3,tenant_3,0.0,utility_points,"{""disagreement_utility"":0.0}",ok,valid,[],"[""event_00000130""]",evaluation_receipt,episode_attempt_c5e88dd88e8450ff26ff,30dd436ad9dc0df76693cfc8879eb4e9a56e93c69e1e65ca85e3414bd7d50591,true
result_8ed23808f950b7153345f8c0,runplan_3294d84d7cc1ba81,cell_3695c99a986eed2e3ece,housing_v1__experiment__000003,housing_v1,housing_controlled_model_landlords_experiment,episode_attempt_c5e88dd88e8450ff26ff,30dd436ad9dc0df76693cfc8879eb4e9a56e93c69e1e65ca85e3414bd7d50591,included,housing_social_welfare_leaf,1.0.0,social_welfare,1.0.0,capture,tenant_4,tenant_4,0.0,utility_points,"{""disagreement_utility"":0.0}",ok,valid,[],"[""event_00000130""]",evaluation_receipt,episode_attempt_c5e88dd88e8450ff26ff,30dd436ad9dc0df76693cfc8879eb4e9a56e93c69e1e65ca85e3414bd7d50591,true
result_7bdfd60a0d6c937f8ac12a4b,runplan_3294d84d7cc1ba81,cell_3695c99a986eed2e3ece,housing_v1__experiment__000003,housing_v1,housing_controlled_model_landlords_experiment,episode_attempt_c5e88dd88e8450ff26ff,30dd436ad9dc0df76693cfc8879eb4e9a56e93c69e1e65ca85e3414bd7d50591,included,housing_social_welfare_leaf,1.0.0,social_welfare,1.0.0,capture,tenant_5,tenant_5,0.0,utility_points,"{""disagreement_utility"":0.0}",ok,valid,[],"[""event_00000130""]",evaluation_receipt,episode_attempt_c5e88dd88e8450ff26ff,30dd436ad9dc0df76693cfc8879eb4e9a56e93c69e1e65ca85e3414bd7d50591,true
result_7a6ce76858bf16e038da5bce,runplan_3294d84d7cc1ba81,cell_3d63231cc9859026eb91,housing_v1__experiment__000005,housing_v1,housing_controlled_model_landlords_experiment,episode_attempt_c7d0fc692cb10b9d1163,06b1026c7934eb523d2e6f36345ac7a375c1fd9030516c032f622be1f472a8af,included,housing_social_welfare_leaf,1.0.0,social_welfare,1.0.0,primary,social_welfare,,779.69,utility_points,{},ok,valid,[],"[""event_00000215""]",evaluation_receipt,episode_attempt_c7d0fc692cb10b9d1163,06b1026c7934eb523d2e6f36345ac7a375c1fd9030516c032f622be1f472a8af,true
result_bc5ca11cf1c8c000d7be1b2b,runplan_3294d84d7cc1ba81,cell_3d63231cc9859026eb91,housing_v1__experiment__000005,housing_v1,housing_controlled_model_landlords_experiment,episode_attempt_c7d0fc692cb10b9d1163,06b1026c7934eb523d2e6f36345ac7a375c1fd9030516c032f622be1f472a8af,included,housing_social_welfare_leaf,1.0.0,social_welfare,1.0.0,metric,comparison_baseline_gap,,-379.25,utility_points,{},ok,valid,[],"[""event_00000215""]",evaluation_receipt,episode_attempt_c7d0fc692cb10b9d1163,06b1026c7934eb523d2e6f36345ac7a375c1fd9030516c032f622be1f472a8af,true
result_d81c2dec81533c0cc7724e49,runplan_3294d84d7cc1ba81,cell_3d63231cc9859026eb91,housing_v1__experiment__000005,housing_v1,housing_controlled_model_landlords_experiment,episode_attempt_c7d0fc692cb10b9d1163,06b1026c7934eb523d2e6f36345ac7a375c1fd9030516c032f622be1f472a8af,included,housing_social_welfare_leaf,1.0.0,social_welfare,1.0.0,metric,ir_violation_count,,0.0,count,{},ok,valid,[],"[""event_00000215""]",evaluation_receipt,episode_attempt_c7d0fc692cb10b9d1163,06b1026c7934eb523d2e6f36345ac7a375c1fd9030516c032f622be1f472a8af,true
result_ca13cb9acfe3c28a3a7e65e3,runplan_3294d84d7cc1ba81,cell_3d63231cc9859026eb91,housing_v1__experiment__000005,housing_v1,housing_controlled_model_landlords_experiment,episode_attempt_c7d0fc692cb10b9d1163,06b1026c7934eb523d2e6f36345ac7a375c1fd9030516c032f622be1f472a8af,included,housing_social_welfare_leaf,1.0.0,social_welfare,1.0.0,metric,social_welfare,,779.69,utility_points,{},ok,valid,[],"[""event_00000215""]",evaluation_receipt,episode_attempt_c7d0fc692cb10b9d1163,06b1026c7934eb523d2e6f36345ac7a375c1fd9030516c032f622be1f472a8af,true
result_0e7b728b237cced5449a95b6,runplan_3294d84d7cc1ba81,cell_3d63231cc9859026eb91,housing_v1__experiment__000005,housing_v1,housing_controlled_model_landlords_experiment,episode_attempt_c7d0fc692cb10b9d1163,06b1026c7934eb523d2e6f36345ac7a375c1fd9030516c032f622be1f472a8af,included,housing_social_welfare_leaf,1.0.0,social_welfare,1.0.0,metric,upper_bound_gap,,677.6499999999999,utility_points,{},ok,valid,[],"[""event_00000215""]",evaluation_receipt,episode_attempt_c7d0fc692cb10b9d1163,06b1026c7934eb523d2e6f36345ac7a375c1fd9030516c032f622be1f472a8af,true
result_89f8b67a900130a366cd8204,runplan_3294d84d7cc1ba81,cell_3d63231cc9859026eb91,housing_v1__experiment__000005,housing_v1,housing_controlled_model_landlords_experiment,episode_attempt_c7d0fc692cb10b9d1163,06b1026c7934eb523d2e6f36345ac7a375c1fd9030516c032f622be1f472a8af,included,housing_social_welfare_leaf,1.0.0,social_welfare,1.0.0,metric,wasted_contacts,,7.0,count,{},ok,valid,[],"[""event_00000215""]",evaluation_receipt,episode_attempt_c7d0fc692cb10b9d1163,06b1026c7934eb523d2e6f36345ac7a375c1fd9030516c032f622be1f472a8af,true
result_2ce20d978129daedbadaff02,runplan_3294d84d7cc1ba81,cell_3d63231cc9859026eb91,housing_v1__experiment__000005,housing_v1,housing_controlled_model_landlords_experiment,episode_attempt_c7d0fc692cb10b9d1163,06b1026c7934eb523d2e6f36345ac7a375c1fd9030516c032f622be1f472a8af,included,housing_social_welfare_leaf,1.0.0,social_welfare,1.0.0,metric,within_case_score,,0.5350089889799224,ratio,{},ok,valid,[],"[""event_00000215""]",evaluation_receipt,episode_attempt_c7d0fc692cb10b9d1163,06b1026c7934eb523d2e6f36345ac7a375c1fd9030516c032f622be1f472a8af,true
result_8a053650197021c402f1df84,runplan_3294d84d7cc1ba81,cell_3d63231cc9859026eb91,housing_v1__experiment__000005,housing_v1,housing_controlled_model_landlords_experiment,episode_attempt_c7d0fc692cb10b9d1163,06b1026c7934eb523d2e6f36345ac7a375c1fd9030516c032f622be1f472a8af,included,housing_social_welfare_leaf,1.0.0,social_welfare,1.0.0,reference,comparison_baseline,,1158.94,utility_points,"{""policy"":""naive"",""reference_kind"":""comparison_baseline""}",ok,valid,[],"[""event_00000215""]",evaluation_receipt,episode_attempt_c7d0fc692cb10b9d1163,06b1026c7934eb523d2e6f36345ac7a375c1fd9030516c032f622be1f472a8af,true
result_5d2a00cd8a1f991e50801c05,runplan_3294d84d7cc1ba81,cell_3d63231cc9859026eb91,housing_v1__experiment__000005,housing_v1,housing_controlled_model_landlords_experiment,episode_attempt_c7d0fc692cb10b9d1163,06b1026c7934eb523d2e6f36345ac7a375c1fd9030516c032f622be1f472a8af,included,housing_social_welfare_leaf,1.0.0,social_welfare,1.0.0,reference,optimum_lower_bound,,0.0,utility_points,"{""policy"":""do_nothing"",""reference_kind"":""objective_lower_bound""}",ok,valid,[],"[""event_00000215""]",evaluation_receipt,episode_attempt_c7d0fc692cb10b9d1163,06b1026c7934eb523d2e6f36345ac7a375c1fd9030516c032f622be1f472a8af,true
result_d54abd87f1c2656248dd1c9f,runplan_3294d84d7cc1ba81,cell_3d63231cc9859026eb91,housing_v1__experiment__000005,housing_v1,housing_controlled_model_landlords_experiment,episode_attempt_c7d0fc692cb10b9d1163,06b1026c7934eb523d2e6f36345ac7a375c1fd9030516c032f622be1f472a8af,included,housing_social_welfare_leaf,1.0.0,social_welfare,1.0.0,reference,optimum_upper_bound,,1457.34,utility_points,"{""reference_kind"":""objective_upper_bound"",""semantics"":""full_information_allocation_relaxation""}",ok,valid,[],"[""event_00000215""]",evaluation_receipt,episode_attempt_c7d0fc692cb10b9d1163,06b1026c7934eb523d2e6f36345ac7a375c1fd9030516c032f622be1f472a8af,true
result_e345facc0ed0f7814bb079a9,runplan_3294d84d7cc1ba81,cell_3d63231cc9859026eb91,housing_v1__experiment__000005,housing_v1,housing_controlled_model_landlords_experiment,episode_attempt_c7d0fc692cb10b9d1163,06b1026c7934eb523d2e6f36345ac7a375c1fd9030516c032f622be1f472a8af,included,housing_social_welfare_leaf,1.0.0,social_welfare,1.0.0,utility,landlord_0,landlord_0,30.29,utility_points,"{""disagreement_utility"":0.0}",ok,valid,[],"[""event_00000215""]",evaluation_receipt,episode_attempt_c7d0fc692cb10b9d1163,06b1026c7934eb523d2e6f36345ac7a375c1fd9030516c032f622be1f472a8af,true
result_5298f2514647b38a62d235f5,runplan_3294d84d7cc1ba81,cell_3d63231cc9859026eb91,housing_v1__experiment__000005,housing_v1,housing_controlled_model_landlords_experiment,episode_attempt_c7d0fc692cb10b9d1163,06b1026c7934eb523d2e6f36345ac7a375c1fd9030516c032f622be1f472a8af,included,housing_social_welfare_leaf,1.0.0,social_welfare,1.0.0,utility,landlord_1,landlord_1,77.99,utility_points,"{""disagreement_utility"":0.0}",ok,valid,[],"[""event_00000215""]",evaluation_receipt,episode_attempt_c7d0fc692cb10b9d1163,06b1026c7934eb523d2e6f36345ac7a375c1fd9030516c032f622be1f472a8af,true
result_4c70b0c3136e36a8eac3a2c5,runplan_3294d84d7cc1ba81,cell_3d63231cc9859026eb91,housing_v1__experiment__000005,housing_v1,housing_controlled_model_landlords_experiment,episode_attempt_c7d0fc692cb10b9d1163,06b1026c7934eb523d2e6f36345ac7a375c1fd9030516c032f622be1f472a8af,included,housing_social_welfare_leaf,1.0.0,social_welfare,1.0.0,utility,landlord_2,landlord_2,426.36,utility_points,"{""disagreement_utility"":0.0}",ok,valid,[],"[""event_00000215""]",evaluation_receipt,episode_attempt_c7d0fc692cb10b9d1163,06b1026c7934eb523d2e6f36345ac7a375c1fd9030516c032f622be1f472a8af,true
result_d90534d2f93dc5dd2f1de8ba,runplan_3294d84d7cc1ba81,cell_3d63231cc9859026eb91,housing_v1__experiment__000005,housing_v1,housing_controlled_model_landlords_experiment,episode_attempt_c7d0fc692cb10b9d1163,06b1026c7934eb523d2e6f36345ac7a375c1fd9030516c032f622be1f472a8af,included,housing_social_welfare_leaf,1.0.0,social_welfare,1.0.0,utility,tenant_0,tenant_0,0.0,utility_points,"{""disagreement_utility"":0.0}",ok,valid,[],"[""event_00000215""]",evaluation_receipt,episode_attempt_c7d0fc692cb10b9d1163,06b1026c7934eb523d2e6f36345ac7a375c1fd9030516c032f622be1f472a8af,true
result_a4a7a0191117aad7a4c8bc30,runplan_3294d84d7cc1ba81,cell_3d63231cc9859026eb91,housing_v1__experiment__000005,housing_v1,housing_controlled_model_landlords_experiment,episode_attempt_c7d0fc692cb10b9d1163,06b1026c7934eb523d2e6f36345ac7a375c1fd9030516c032f622be1f472a8af,included,housing_social_welfare_leaf,1.0.0,social_welfare,1.0.0,utility,tenant_1,tenant_1,0.0,utility_points,"{""disagreement_utility"":0.0}",ok,valid,[],"[""event_00000215""]",evaluation_receipt,episode_attempt_c7d0fc692cb10b9d1163,06b1026c7934eb523d2e6f36345ac7a375c1fd9030516c032f622be1f472a8af,true
result_9684c51426276c2420e0cda2,runplan_3294d84d7cc1ba81,cell_3d63231cc9859026eb91,housing_v1__experiment__000005,housing_v1,housing_controlled_model_landlords_experiment,episode_attempt_c7d0fc692cb10b9d1163,06b1026c7934eb523d2e6f36345ac7a375c1fd9030516c032f622be1f472a8af,included,housing_social_welfare_leaf,1.0.0,social_welfare,1.0.0,utility,tenant_2,tenant_2,195.75,utility_points,"{""disagreement_utility"":0.0}",ok,valid,[],"[""event_00000215""]",evaluation_receipt,episode_attempt_c7d0fc692cb10b9d1163,06b1026c7934eb523d2e6f36345ac7a375c1fd9030516c032f622be1f472a8af,true
result_8e47ba396ab69ac49fc8ecce,runplan_3294d84d7cc1ba81,cell_3d63231cc9859026eb91,housing_v1__experiment__000005,housing_v1,housing_controlled_model_landlords_experiment,episode_attempt_c7d0fc692cb10b9d1163,06b1026c7934eb523d2e6f36345ac7a375c1fd9030516c032f622be1f472a8af,included,housing_social_welfare_leaf,1.0.0,social_welfare,1.0.0,utility,tenant_3,tenant_3,0.0,utility_points,"{""disagreement_utility"":0.0}",ok,valid,[],"[""event_00000215""]",evaluation_receipt,episode_attempt_c7d0fc692cb10b9d1163,06b1026c7934eb523d2e6f36345ac7a375c1fd9030516c032f622be1f472a8af,true
result_c033e7652b52ad1b5771a9d7,runplan_3294d84d7cc1ba81,cell_3d63231cc9859026eb91,housing_v1__experiment__000005,housing_v1,housing_controlled_model_landlords_experiment,episode_attempt_c7d0fc692cb10b9d1163,06b1026c7934eb523d2e6f36345ac7a375c1fd9030516c032f622be1f472a8af,included,housing_social_welfare_leaf,1.0.0,social_welfare,1.0.0,utility,tenant_4,tenant_4,0.0,utility_points,"{""disagreement_utility"":0.0}",ok,valid,[],"[""event_00000215""]",evaluation_receipt,episode_attempt_c7d0fc692cb10b9d1163,06b1026c7934eb523d2e6f36345ac7a375c1fd9030516c032f622be1f472a8af,true
result_3ad65de4385825149170b7fc,runplan_3294d84d7cc1ba81,cell_3d63231cc9859026eb91,housing_v1__experiment__000005,housing_v1,housing_controlled_model_landlords_experiment,episode_attempt_c7d0fc692cb10b9d1163,06b1026c7934eb523d2e6f36345ac7a375c1fd9030516c032f622be1f472a8af,included,housing_social_welfare_leaf,1.0.0,social_welfare,1.0.0,utility,tenant_5,tenant_5,49.3,utility_points,"{""disagreement_utility"":0.0}",ok,valid,[],"[""event_00000215""]",evaluation_receipt,episode_attempt_c7d0fc692cb10b9d1163,06b1026c7934eb523d2e6f36345ac7a375c1fd9030516c032f622be1f472a8af,true
result_525fbfad38601ec384230fc8,runplan_3294d84d7cc1ba81,cell_3d63231cc9859026eb91,housing_v1__experiment__000005,housing_v1,housing_controlled_model_landlords_experiment,episode_attempt_c7d0fc692cb10b9d1163,06b1026c7934eb523d2e6f36345ac7a375c1fd9030516c032f622be1f472a8af,included,housing_social_welfare_leaf,1.0.0,social_welfare,1.0.0,capture,landlord_0,landlord_0,30.29,utility_points,"{""disagreement_utility"":0.0}",ok,valid,[],"[""event_00000215""]",evaluation_receipt,episode_attempt_c7d0fc692cb10b9d1163,06b1026c7934eb523d2e6f36345ac7a375c1fd9030516c032f622be1f472a8af,true
result_c13febda3d8cce73a947a651,runplan_3294d84d7cc1ba81,cell_3d63231cc9859026eb91,housing_v1__experiment__000005,housing_v1,housing_controlled_model_landlords_experiment,episode_attempt_c7d0fc692cb10b9d1163,06b1026c7934eb523d2e6f36345ac7a375c1fd9030516c032f622be1f472a8af,included,housing_social_welfare_leaf,1.0.0,social_welfare,1.0.0,capture,landlord_1,landlord_1,77.99,utility_points,"{""disagreement_utility"":0.0}",ok,valid,[],"[""event_00000215""]",evaluation_receipt,episode_attempt_c7d0fc692cb10b9d1163,06b1026c7934eb523d2e6f36345ac7a375c1fd9030516c032f622be1f472a8af,true
result_991ae7f934a5b9e8a314ab40,runplan_3294d84d7cc1ba81,cell_3d63231cc9859026eb91,housing_v1__experiment__000005,housing_v1,housing_controlled_model_landlords_experiment,episode_attempt_c7d0fc692cb10b9d1163,06b1026c7934eb523d2e6f36345ac7a375c1fd9030516c032f622be1f472a8af,included,housing_social_welfare_leaf,1.0.0,social_welfare,1.0.0,capture,landlord_2,landlord_2,426.36,utility_points,"{""disagreement_utility"":0.0}",ok,valid,[],"[""event_00000215""]",evaluation_receipt,episode_attempt_c7d0fc692cb10b9d1163,06b1026c7934eb523d2e6f36345ac7a375c1fd9030516c032f622be1f472a8af,true
result_14f4191b6fb3a922cb1732c8,runplan_3294d84d7cc1ba81,cell_3d63231cc9859026eb91,housing_v1__experiment__000005,housing_v1,housing_controlled_model_landlords_experiment,episode_attempt_c7d0fc692cb10b9d1163,06b1026c7934eb523d2e6f36345ac7a375c1fd9030516c032f622be1f472a8af,included,housing_social_welfare_leaf,1.0.0,social_welfare,1.0.0,capture,tenant_0,tenant_0,0.0,utility_points,"{""disagreement_utility"":0.0}",ok,valid,[],"[""event_00000215""]",evaluation_receipt,episode_attempt_c7d0fc692cb10b9d1163,06b1026c7934eb523d2e6f36345ac7a375c1fd9030516c032f622be1f472a8af,true
result_9afea4aa86ea492cea9955c3,runplan_3294d84d7cc1ba81,cell_3d63231cc9859026eb91,housing_v1__experiment__000005,housing_v1,housing_controlled_model_landlords_experiment,episode_attempt_c7d0fc692cb10b9d1163,06b1026c7934eb523d2e6f36345ac7a375c1fd9030516c032f622be1f472a8af,included,housing_social_welfare_leaf,1.0.0,social_welfare,1.0.0,capture,tenant_1,tenant_1,0.0,utility_points,"{""disagreement_utility"":0.0}",ok,valid,[],"[""event_00000215""]",evaluation_receipt,episode_attempt_c7d0fc692cb10b9d1163,06b1026c7934eb523d2e6f36345ac7a375c1fd9030516c032f622be1f472a8af,true
result_422e0565a89705f626d95056,runplan_3294d84d7cc1ba81,cell_3d63231cc9859026eb91,housing_v1__experiment__000005,housing_v1,housing_controlled_model_landlords_experiment,episode_attempt_c7d0fc692cb10b9d1163,06b1026c7934eb523d2e6f36345ac7a375c1fd9030516c032f622be1f472a8af,included,housing_social_welfare_leaf,1.0.0,social_welfare,1.0.0,capture,tenant_2,tenant_2,195.75,utility_points,"{""disagreement_utility"":0.0}",ok,valid,[],"[""event_00000215""]",evaluation_receipt,episode_attempt_c7d0fc692cb10b9d1163,06b1026c7934eb523d2e6f36345ac7a375c1fd9030516c032f622be1f472a8af,true
result_19c8ad3740cf0162db46c498,runplan_3294d84d7cc1ba81,cell_3d63231cc9859026eb91,housing_v1__experiment__000005,housing_v1,housing_controlled_model_landlords_experiment,episode_attempt_c7d0fc692cb10b9d1163,06b1026c7934eb523d2e6f36345ac7a375c1fd9030516c032f622be1f472a8af,included,housing_social_welfare_leaf,1.0.0,social_welfare,1.0.0,capture,tenant_3,tenant_3,0.0,utility_points,"{""disagreement_utility"":0.0}",ok,valid,[],"[""event_00000215""]",evaluation_receipt,episode_attempt_c7d0fc692cb10b9d1163,06b1026c7934eb523d2e6f36345ac7a375c1fd9030516c032f622be1f472a8af,true
result_b82223a839df4409e97932c1,runplan_3294d84d7cc1ba81,cell_3d63231cc9859026eb91,housing_v1__experiment__000005,housing_v1,housing_controlled_model_landlords_experiment,episode_attempt_c7d0fc692cb10b9d1163,06b1026c7934eb523d2e6f36345ac7a375c1fd9030516c032f622be1f472a8af,included,housing_social_welfare_leaf,1.0.0,social_welfare,1.0.0,capture,tenant_4,tenant_4,0.0,utility_points,"{""disagreement_utility"":0.0}",ok,valid,[],"[""event_00000215""]",evaluation_receipt,episode_attempt_c7d0fc692cb10b9d1163,06b1026c7934eb523d2e6f36345ac7a375c1fd9030516c032f622be1f472a8af,true
result_f22c807995b3af2baa99740d,runplan_3294d84d7cc1ba81,cell_3d63231cc9859026eb91,housing_v1__experiment__000005,housing_v1,housing_controlled_model_landlords_experiment,episode_attempt_c7d0fc692cb10b9d1163,06b1026c7934eb523d2e6f36345ac7a375c1fd9030516c032f622be1f472a8af,included,housing_social_welfare_leaf,1.0.0,social_welfare,1.0.0,capture,tenant_5,tenant_5,49.3,utility_points,"{""disagreement_utility"":0.0}",ok,valid,[],"[""event_00000215""]",evaluation_receipt,episode_attempt_c7d0fc692cb10b9d1163,06b1026c7934eb523d2e6f36345ac7a375c1fd9030516c032f622be1f472a8af,true
result_b9bbde331ecd996431015f04,runplan_3294d84d7cc1ba81,cell_60324fee61dd632acae3,housing_v1__experiment__000001,housing_v1,housing_controlled_model_landlords_experiment,episode_attempt_2d80be113cb447dcf131,56f61a80c013073543b877fa289f1201cdafed5888d1a4c306ccc550f08f220e,included,housing_social_welfare_leaf,1.0.0,social_welfare,1.0.0,primary,social_welfare,,1029.74,utility_points,{},ok,valid,[],"[""event_00000134""]",evaluation_receipt,episode_attempt_2d80be113cb447dcf131,56f61a80c013073543b877fa289f1201cdafed5888d1a4c306ccc550f08f220e,true
result_0f7a2c0f35850d2357a40788,runplan_3294d84d7cc1ba81,cell_60324fee61dd632acae3,housing_v1__experiment__000001,housing_v1,housing_controlled_model_landlords_experiment,episode_attempt_2d80be113cb447dcf131,56f61a80c013073543b877fa289f1201cdafed5888d1a4c306ccc550f08f220e,included,housing_social_welfare_leaf,1.0.0,social_welfare,1.0.0,metric,comparison_baseline_gap,,0.0,utility_points,{},ok,valid,[],"[""event_00000134""]",evaluation_receipt,episode_attempt_2d80be113cb447dcf131,56f61a80c013073543b877fa289f1201cdafed5888d1a4c306ccc550f08f220e,true
result_3948fe2db982074bf9ac7ee2,runplan_3294d84d7cc1ba81,cell_60324fee61dd632acae3,housing_v1__experiment__000001,housing_v1,housing_controlled_model_landlords_experiment,episode_attempt_2d80be113cb447dcf131,56f61a80c013073543b877fa289f1201cdafed5888d1a4c306ccc550f08f220e,included,housing_social_welfare_leaf,1.0.0,social_welfare,1.0.0,metric,ir_violation_count,,0.0,count,{},ok,valid,[],"[""event_00000134""]",evaluation_receipt,episode_attempt_2d80be113cb447dcf131,56f61a80c013073543b877fa289f1201cdafed5888d1a4c306ccc550f08f220e,true
result_b93f6d981e0d147740964863,runplan_3294d84d7cc1ba81,cell_60324fee61dd632acae3,housing_v1__experiment__000001,housing_v1,housing_controlled_model_landlords_experiment,episode_attempt_2d80be113cb447dcf131,56f61a80c013073543b877fa289f1201cdafed5888d1a4c306ccc550f08f220e,included,housing_social_welfare_leaf,1.0.0,social_welfare,1.0.0,metric,social_welfare,,1029.74,utility_points,{},ok,valid,[],"[""event_00000134""]",evaluation_receipt,episode_attempt_2d80be113cb447dcf131,56f61a80c013073543b877fa289f1201cdafed5888d1a4c306ccc550f08f220e,true
result_7755afb6351fdb4ae83494d7,runplan_3294d84d7cc1ba81,cell_60324fee61dd632acae3,housing_v1__experiment__000001,housing_v1,housing_controlled_model_landlords_experiment,episode_attempt_2d80be113cb447dcf131,56f61a80c013073543b877fa289f1201cdafed5888d1a4c306ccc550f08f220e,included,housing_social_welfare_leaf,1.0.0,social_welfare,1.0.0,metric,upper_bound_gap,,146.02999999999997,utility_points,{},ok,valid,[],"[""event_00000134""]",evaluation_receipt,episode_attempt_2d80be113cb447dcf131,56f61a80c013073543b877fa289f1201cdafed5888d1a4c306ccc550f08f220e,true
result_17e6d4387b55911f7d4a02e1,runplan_3294d84d7cc1ba81,cell_60324fee61dd632acae3,housing_v1__experiment__000001,housing_v1,housing_controlled_model_landlords_experiment,episode_attempt_2d80be113cb447dcf131,56f61a80c013073543b877fa289f1201cdafed5888d1a4c306ccc550f08f220e,included,housing_social_welfare_leaf,1.0.0,social_welfare,1.0.0,metric,wasted_contacts,,3.0,count,{},ok,valid,[],"[""event_00000134""]",evaluation_receipt,episode_attempt_2d80be113cb447dcf131,56f61a80c013073543b877fa289f1201cdafed5888d1a4c306ccc550f08f220e,true
result_f157b10813eb445103131b86,runplan_3294d84d7cc1ba81,cell_60324fee61dd632acae3,housing_v1__experiment__000001,housing_v1,housing_controlled_model_landlords_experiment,episode_attempt_2d80be113cb447dcf131,56f61a80c013073543b877fa289f1201cdafed5888d1a4c306ccc550f08f220e,included,housing_social_welfare_leaf,1.0.0,social_welfare,1.0.0,metric,within_case_score,,0.8758005392211062,ratio,{},ok,valid,[],"[""event_00000134""]",evaluation_receipt,episode_attempt_2d80be113cb447dcf131,56f61a80c013073543b877fa289f1201cdafed5888d1a4c306ccc550f08f220e,true
result_8364392b0959bcada9e936e5,runplan_3294d84d7cc1ba81,cell_60324fee61dd632acae3,housing_v1__experiment__000001,housing_v1,housing_controlled_model_landlords_experiment,episode_attempt_2d80be113cb447dcf131,56f61a80c013073543b877fa289f1201cdafed5888d1a4c306ccc550f08f220e,included,housing_social_welfare_leaf,1.0.0,social_welfare,1.0.0,reference,comparison_baseline,,1029.74,utility_points,"{""policy"":""naive"",""reference_kind"":""comparison_baseline""}",ok,valid,[],"[""event_00000134""]",evaluation_receipt,episode_attempt_2d80be113cb447dcf131,56f61a80c013073543b877fa289f1201cdafed5888d1a4c306ccc550f08f220e,true
result_99a91e1c8213c2b9967bfe2a,runplan_3294d84d7cc1ba81,cell_60324fee61dd632acae3,housing_v1__experiment__000001,housing_v1,housing_controlled_model_landlords_experiment,episode_attempt_2d80be113cb447dcf131,56f61a80c013073543b877fa289f1201cdafed5888d1a4c306ccc550f08f220e,included,housing_social_welfare_leaf,1.0.0,social_welfare,1.0.0,reference,optimum_lower_bound,,0.0,utility_points,"{""policy"":""do_nothing"",""reference_kind"":""objective_lower_bound""}",ok,valid,[],"[""event_00000134""]",evaluation_receipt,episode_attempt_2d80be113cb447dcf131,56f61a80c013073543b877fa289f1201cdafed5888d1a4c306ccc550f08f220e,true
result_85815ea8dd8317042910cae2,runplan_3294d84d7cc1ba81,cell_60324fee61dd632acae3,housing_v1__experiment__000001,housing_v1,housing_controlled_model_landlords_experiment,episode_attempt_2d80be113cb447dcf131,56f61a80c013073543b877fa289f1201cdafed5888d1a4c306ccc550f08f220e,included,housing_social_welfare_leaf,1.0.0,social_welfare,1.0.0,reference,optimum_upper_bound,,1175.77,utility_points,"{""reference_kind"":""objective_upper_bound"",""semantics"":""full_information_allocation_relaxation""}",ok,valid,[],"[""event_00000134""]",evaluation_receipt,episode_attempt_2d80be113cb447dcf131,56f61a80c013073543b877fa289f1201cdafed5888d1a4c306ccc550f08f220e,true
result_526c2b62a85776dfe171a733,runplan_3294d84d7cc1ba81,cell_60324fee61dd632acae3,housing_v1__experiment__000001,housing_v1,housing_controlled_model_landlords_experiment,episode_attempt_2d80be113cb447dcf131,56f61a80c013073543b877fa289f1201cdafed5888d1a4c306ccc550f08f220e,included,housing_social_welfare_leaf,1.0.0,social_welfare,1.0.0,utility,landlord_0,landlord_0,93.6,utility_points,"{""disagreement_utility"":0.0}",ok,valid,[],"[""event_00000134""]",evaluation_receipt,episode_attempt_2d80be113cb447dcf131,56f61a80c013073543b877fa289f1201cdafed5888d1a4c306ccc550f08f220e,true
result_e325bb6e93a2ed8612de87b0,runplan_3294d84d7cc1ba81,cell_60324fee61dd632acae3,housing_v1__experiment__000001,housing_v1,housing_controlled_model_landlords_experiment,episode_attempt_2d80be113cb447dcf131,56f61a80c013073543b877fa289f1201cdafed5888d1a4c306ccc550f08f220e,included,housing_social_welfare_leaf,1.0.0,social_welfare,1.0.0,utility,landlord_1,landlord_1,58.62,utility_points,"{""disagreement_utility"":0.0}",ok,valid,[],"[""event_00000134""]",evaluation_receipt,episode_attempt_2d80be113cb447dcf131,56f61a80c013073543b877fa289f1201cdafed5888d1a4c306ccc550f08f220e,true
result_c64dcd96c1c2f3e30cfd621e,runplan_3294d84d7cc1ba81,cell_60324fee61dd632acae3,housing_v1__experiment__000001,housing_v1,housing_controlled_model_landlords_experiment,episode_attempt_2d80be113cb447dcf131,56f61a80c013073543b877fa289f1201cdafed5888d1a4c306ccc550f08f220e,included,housing_social_welfare_leaf,1.0.0,social_welfare,1.0.0,utility,landlord_2,landlord_2,75.36,utility_points,"{""disagreement_utility"":0.0}",ok,valid,[],"[""event_00000134""]",evaluation_receipt,episode_attempt_2d80be113cb447dcf131,56f61a80c013073543b877fa289f1201cdafed5888d1a4c306ccc550f08f220e,true
result_46dec68af947694a3fd61b56,runplan_3294d84d7cc1ba81,cell_60324fee61dd632acae3,housing_v1__experiment__000001,housing_v1,housing_controlled_model_landlords_experiment,episode_attempt_2d80be113cb447dcf131,56f61a80c013073543b877fa289f1201cdafed5888d1a4c306ccc550f08f220e,included,housing_social_welfare_leaf,1.0.0,social_welfare,1.0.0,utility,tenant_0,tenant_0,258.29,utility_points,"{""disagreement_utility"":0.0}",ok,valid,[],"[""event_00000134""]",evaluation_receipt,episode_attempt_2d80be113cb447dcf131,56f61a80c013073543b877fa289f1201cdafed5888d1a4c306ccc550f08f220e,true
result_fbbc1bd2bd676cb2867b3751,runplan_3294d84d7cc1ba81,cell_60324fee61dd632acae3,housing_v1__experiment__000001,housing_v1,housing_controlled_model_landlords_experiment,episode_attempt_2d80be113cb447dcf131,56f61a80c013073543b877fa289f1201cdafed5888d1a4c306ccc550f08f220e,included,housing_social_welfare_leaf,1.0.0,social_welfare,1.0.0,utility,tenant_1,tenant_1,300.62,utility_points,"{""disagreement_utility"":0.0}",ok,valid,[],"[""event_00000134""]",evaluation_receipt,episode_attempt_2d80be113cb447dcf131,56f61a80c013073543b877fa289f1201cdafed5888d1a4c306ccc550f08f220e,true
result_eb10cb2bbc10dd448faba9fb,runplan_3294d84d7cc1ba81,cell_60324fee61dd632acae3,housing_v1__experiment__000001,housing_v1,housing_controlled_model_landlords_experiment,episode_attempt_2d80be113cb447dcf131,56f61a80c013073543b877fa289f1201cdafed5888d1a4c306ccc550f08f220e,included,housing_social_welfare_leaf,1.0.0,social_welfare,1.0.0,utility,tenant_2,tenant_2,243.25,utility_points,"{""disagreement_utility"":0.0}",ok,valid,[],"[""event_00000134""]",evaluation_receipt,episode_attempt_2d80be113cb447dcf131,56f61a80c013073543b877fa289f1201cdafed5888d1a4c306ccc550f08f220e,true
result_8815c413301e2bd7de3f7459,runplan_3294d84d7cc1ba81,cell_60324fee61dd632acae3,housing_v1__experiment__000001,housing_v1,housing_controlled_model_landlords_experiment,episode_attempt_2d80be113cb447dcf131,56f61a80c013073543b877fa289f1201cdafed5888d1a4c306ccc550f08f220e,included,housing_social_welfare_leaf,1.0.0,social_welfare,1.0.0,utility,tenant_3,tenant_3,0.0,utility_points,"{""disagreement_utility"":0.0}",ok,valid,[],"[""event_00000134""]",evaluation_receipt,episode_attempt_2d80be113cb447dcf131,56f61a80c013073543b877fa289f1201cdafed5888d1a4c306ccc550f08f220e,true
result_fa20503279bcb57651118f3e,runplan_3294d84d7cc1ba81,cell_60324fee61dd632acae3,housing_v1__experiment__000001,housing_v1,housing_controlled_model_landlords_experiment,episode_attempt_2d80be113cb447dcf131,56f61a80c013073543b877fa289f1201cdafed5888d1a4c306ccc550f08f220e,included,housing_social_welfare_leaf,1.0.0,social_welfare,1.0.0,utility,tenant_4,tenant_4,0.0,utility_points,"{""disagreement_utility"":0.0}",ok,valid,[],"[""event_00000134""]",evaluation_receipt,episode_attempt_2d80be113cb447dcf131,56f61a80c013073543b877fa289f1201cdafed5888d1a4c306ccc550f08f220e,true
result_125c9d0fce300d5c10651914,runplan_3294d84d7cc1ba81,cell_60324fee61dd632acae3,housing_v1__experiment__000001,housing_v1,housing_controlled_model_landlords_experiment,episode_attempt_2d80be113cb447dcf131,56f61a80c013073543b877fa289f1201cdafed5888d1a4c306ccc550f08f220e,included,housing_social_welfare_leaf,1.0.0,social_welfare,1.0.0,utility,tenant_5,tenant_5,0.0,utility_points,"{""disagreement_utility"":0.0}",ok,valid,[],"[""event_00000134""]",evaluation_receipt,episode_attempt_2d80be113cb447dcf131,56f61a80c013073543b877fa289f1201cdafed5888d1a4c306ccc550f08f220e,true
result_91fccabaeb00b39ea239c282,runplan_3294d84d7cc1ba81,cell_60324fee61dd632acae3,housing_v1__experiment__000001,housing_v1,housing_controlled_model_landlords_experiment,episode_attempt_2d80be113cb447dcf131,56f61a80c013073543b877fa289f1201cdafed5888d1a4c306ccc550f08f220e,included,housing_social_welfare_leaf,1.0.0,social_welfare,1.0.0,capture,landlord_0,landlord_0,93.6,utility_points,"{""disagreement_utility"":0.0}",ok,valid,[],"[""event_00000134""]",evaluation_receipt,episode_attempt_2d80be113cb447dcf131,56f61a80c013073543b877fa289f1201cdafed5888d1a4c306ccc550f08f220e,true
result_bfaac2f4dbb3e8ffea37e790,runplan_3294d84d7cc1ba81,cell_60324fee61dd632acae3,housing_v1__experiment__000001,housing_v1,housing_controlled_model_landlords_experiment,episode_attempt_2d80be113cb447dcf131,56f61a80c013073543b877fa289f1201cdafed5888d1a4c306ccc550f08f220e,included,housing_social_welfare_leaf,1.0.0,social_welfare,1.0.0,capture,landlord_1,landlord_1,58.62,utility_points,"{""disagreement_utility"":0.0}",ok,valid,[],"[""event_00000134""]",evaluation_receipt,episode_attempt_2d80be113cb447dcf131,56f61a80c013073543b877fa289f1201cdafed5888d1a4c306ccc550f08f220e,true
result_536f1598f417ac378dc18b02,runplan_3294d84d7cc1ba81,cell_60324fee61dd632acae3,housing_v1__experiment__000001,housing_v1,housing_controlled_model_landlords_experiment,episode_attempt_2d80be113cb447dcf131,56f61a80c013073543b877fa289f1201cdafed5888d1a4c306ccc550f08f220e,included,housing_social_welfare_leaf,1.0.0,social_welfare,1.0.0,capture,landlord_2,landlord_2,75.36,utility_points,"{""disagreement_utility"":0.0}",ok,valid,[],"[""event_00000134""]",evaluation_receipt,episode_attempt_2d80be113cb447dcf131,56f61a80c013073543b877fa289f1201cdafed5888d1a4c306ccc550f08f220e,true
result_c31df37e5c900fbf39066ded,runplan_3294d84d7cc1ba81,cell_60324fee61dd632acae3,housing_v1__experiment__000001,housing_v1,housing_controlled_model_landlords_experiment,episode_attempt_2d80be113cb447dcf131,56f61a80c013073543b877fa289f1201cdafed5888d1a4c306ccc550f08f220e,included,housing_social_welfare_leaf,1.0.0,social_welfare,1.0.0,capture,tenant_0,tenant_0,258.29,utility_points,"{""disagreement_utility"":0.0}",ok,valid,[],"[""event_00000134""]",evaluation_receipt,episode_attempt_2d80be113cb447dcf131,56f61a80c013073543b877fa289f1201cdafed5888d1a4c306ccc550f08f220e,true
result_37ab7691c046b505211996b2,runplan_3294d84d7cc1ba81,cell_60324fee61dd632acae3,housing_v1__experiment__000001,housing_v1,housing_controlled_model_landlords_experiment,episode_attempt_2d80be113cb447dcf131,56f61a80c013073543b877fa289f1201cdafed5888d1a4c306ccc550f08f220e,included,housing_social_welfare_leaf,1.0.0,social_welfare,1.0.0,capture,tenant_1,tenant_1,300.62,utility_points,"{""disagreement_utility"":0.0}",ok,valid,[],"[""event_00000134""]",evaluation_receipt,episode_attempt_2d80be113cb447dcf131,56f61a80c013073543b877fa289f1201cdafed5888d1a4c306ccc550f08f220e,true
result_967894f20febc9fc8bc80144,runplan_3294d84d7cc1ba81,cell_60324fee61dd632acae3,housing_v1__experiment__000001,housing_v1,housing_controlled_model_landlords_experiment,episode_attempt_2d80be113cb447dcf131,56f61a80c013073543b877fa289f1201cdafed5888d1a4c306ccc550f08f220e,included,housing_social_welfare_leaf,1.0.0,social_welfare,1.0.0,capture,tenant_2,tenant_2,243.25,utility_points,"{""disagreement_utility"":0.0}",ok,valid,[],"[""event_00000134""]",evaluation_receipt,episode_attempt_2d80be113cb447dcf131,56f61a80c013073543b877fa289f1201cdafed5888d1a4c306ccc550f08f220e,true
result_dc98fd94936b78d1eac04b99,runplan_3294d84d7cc1ba81,cell_60324fee61dd632acae3,housing_v1__experiment__000001,housing_v1,housing_controlled_model_landlords_experiment,episode_attempt_2d80be113cb447dcf131,56f61a80c013073543b877fa289f1201cdafed5888d1a4c306ccc550f08f220e,included,housing_social_welfare_leaf,1.0.0,social_welfare,1.0.0,capture,tenant_3,tenant_3,0.0,utility_points,"{""disagreement_utility"":0.0}",ok,valid,[],"[""event_00000134""]",evaluation_receipt,episode_attempt_2d80be113cb447dcf131,56f61a80c013073543b877fa289f1201cdafed5888d1a4c306ccc550f08f220e,true
result_09474beada310da79bcd2874,runplan_3294d84d7cc1ba81,cell_60324fee61dd632acae3,housing_v1__experiment__000001,housing_v1,housing_controlled_model_landlords_experiment,episode_attempt_2d80be113cb447dcf131,56f61a80c013073543b877fa289f1201cdafed5888d1a4c306ccc550f08f220e,included,housing_social_welfare_leaf,1.0.0,social_welfare,1.0.0,capture,tenant_4,tenant_4,0.0,utility_points,"{""disagreement_utility"":0.0}",ok,valid,[],"[""event_00000134""]",evaluation_receipt,episode_attempt_2d80be113cb447dcf131,56f61a80c013073543b877fa289f1201cdafed5888d1a4c306ccc550f08f220e,true
result_7e34e83a83d7df1cad3f9c30,runplan_3294d84d7cc1ba81,cell_60324fee61dd632acae3,housing_v1__experiment__000001,housing_v1,housing_controlled_model_landlords_experiment,episode_attempt_2d80be113cb447dcf131,56f61a80c013073543b877fa289f1201cdafed5888d1a4c306ccc550f08f220e,included,housing_social_welfare_leaf,1.0.0,social_welfare,1.0.0,capture,tenant_5,tenant_5,0.0,utility_points,"{""disagreement_utility"":0.0}",ok,valid,[],"[""event_00000134""]",evaluation_receipt,episode_attempt_2d80be113cb447dcf131,56f61a80c013073543b877fa289f1201cdafed5888d1a4c306ccc550f08f220e,true
result_09cf1033e80bb164043a7b78,runplan_3294d84d7cc1ba81,cell_76ab4ddca976bbc59673,housing_v1__experiment__000006,housing_v1,housing_controlled_model_landlords_experiment,episode_attempt_efdfa5f01b6b1d7fe563,6d2a7481f3128e222bd656858dfcc2396728c119dbb243ade8adc11f81ece737,included,housing_social_welfare_leaf,1.0.0,social_welfare,1.0.0,primary,social_welfare,,1182.79,utility_points,{},ok,valid,[],"[""event_00000215""]",evaluation_receipt,episode_attempt_efdfa5f01b6b1d7fe563,6d2a7481f3128e222bd656858dfcc2396728c119dbb243ade8adc11f81ece737,true
result_cb3eb1dbc7101e9c3539f917,runplan_3294d84d7cc1ba81,cell_76ab4ddca976bbc59673,housing_v1__experiment__000006,housing_v1,housing_controlled_model_landlords_experiment,episode_attempt_efdfa5f01b6b1d7fe563,6d2a7481f3128e222bd656858dfcc2396728c119dbb243ade8adc11f81ece737,included,housing_social_welfare_leaf,1.0.0,social_welfare,1.0.0,metric,comparison_baseline_gap,,0.0,utility_points,{},ok,valid,[],"[""event_00000215""]",evaluation_receipt,episode_attempt_efdfa5f01b6b1d7fe563,6d2a7481f3128e222bd656858dfcc2396728c119dbb243ade8adc11f81ece737,true
result_a5ac723466b3d8b2d21926c1,runplan_3294d84d7cc1ba81,cell_76ab4ddca976bbc59673,housing_v1__experiment__000006,housing_v1,housing_controlled_model_landlords_experiment,episode_attempt_efdfa5f01b6b1d7fe563,6d2a7481f3128e222bd656858dfcc2396728c119dbb243ade8adc11f81ece737,included,housing_social_welfare_leaf,1.0.0,social_welfare,1.0.0,metric,ir_violation_count,,0.0,count,{},ok,valid,[],"[""event_00000215""]",evaluation_receipt,episode_attempt_efdfa5f01b6b1d7fe563,6d2a7481f3128e222bd656858dfcc2396728c119dbb243ade8adc11f81ece737,true
result_ec15efec71898142e3fe4009,runplan_3294d84d7cc1ba81,cell_76ab4ddca976bbc59673,housing_v1__experiment__000006,housing_v1,housing_controlled_model_landlords_experiment,episode_attempt_efdfa5f01b6b1d7fe563,6d2a7481f3128e222bd656858dfcc2396728c119dbb243ade8adc11f81ece737,included,housing_social_welfare_leaf,1.0.0,social_welfare,1.0.0,metric,social_welfare,,1182.79,utility_points,{},ok,valid,[],"[""event_00000215""]",evaluation_receipt,episode_attempt_efdfa5f01b6b1d7fe563,6d2a7481f3128e222bd656858dfcc2396728c119dbb243ade8adc11f81ece737,true
result_cf0f9f685cead7455dbde93d,runplan_3294d84d7cc1ba81,cell_76ab4ddca976bbc59673,housing_v1__experiment__000006,housing_v1,housing_controlled_model_landlords_experiment,episode_attempt_efdfa5f01b6b1d7fe563,6d2a7481f3128e222bd656858dfcc2396728c119dbb243ade8adc11f81ece737,included,housing_social_welfare_leaf,1.0.0,social_welfare,1.0.0,metric,upper_bound_gap,,378.3900000000001,utility_points,{},ok,valid,[],"[""event_00000215""]",evaluation_receipt,episode_attempt_efdfa5f01b6b1d7fe563,6d2a7481f3128e222bd656858dfcc2396728c119dbb243ade8adc11f81ece737,true
result_89c22ccbbc88271e1fe8765e,runplan_3294d84d7cc1ba81,cell_76ab4ddca976bbc59673,housing_v1__experiment__000006,housing_v1,housing_controlled_model_landlords_experiment,episode_attempt_efdfa5f01b6b1d7fe563,6d2a7481f3128e222bd656858dfcc2396728c119dbb243ade8adc11f81ece737,included,housing_social_welfare_leaf,1.0.0,social_welfare,1.0.0,metric,wasted_contacts,,7.0,count,{},ok,valid,[],"[""event_00000215""]",evaluation_receipt,episode_attempt_efdfa5f01b6b1d7fe563,6d2a7481f3128e222bd656858dfcc2396728c119dbb243ade8adc11f81ece737,true
result_b4d925d7bf2a8c26b5aeff46,runplan_3294d84d7cc1ba81,cell_76ab4ddca976bbc59673,housing_v1__experiment__000006,housing_v1,housing_controlled_model_landlords_experiment,episode_attempt_efdfa5f01b6b1d7fe563,6d2a7481f3128e222bd656858dfcc2396728c119dbb243ade8adc11f81ece737,included,housing_social_welfare_leaf,1.0.0,social_welfare,1.0.0,metric,within_case_score,,0.757625642142482,ratio,{},ok,valid,[],"[""event_00000215""]",evaluation_receipt,episode_attempt_efdfa5f01b6b1d7fe563,6d2a7481f3128e222bd656858dfcc2396728c119dbb243ade8adc11f81ece737,true
result_d05ed983a2ce755c5517b648,runplan_3294d84d7cc1ba81,cell_76ab4ddca976bbc59673,housing_v1__experiment__000006,housing_v1,housing_controlled_model_landlords_experiment,episode_attempt_efdfa5f01b6b1d7fe563,6d2a7481f3128e222bd656858dfcc2396728c119dbb243ade8adc11f81ece737,included,housing_social_welfare_leaf,1.0.0,social_welfare,1.0.0,reference,comparison_baseline,,1182.79,utility_points,"{""policy"":""naive"",""reference_kind"":""comparison_baseline""}",ok,valid,[],"[""event_00000215""]",evaluation_receipt,episode_attempt_efdfa5f01b6b1d7fe563,6d2a7481f3128e222bd656858dfcc2396728c119dbb243ade8adc11f81ece737,true
result_2da4985451190be625fdf702,runplan_3294d84d7cc1ba81,cell_76ab4ddca976bbc59673,housing_v1__experiment__000006,housing_v1,housing_controlled_model_landlords_experiment,episode_attempt_efdfa5f01b6b1d7fe563,6d2a7481f3128e222bd656858dfcc2396728c119dbb243ade8adc11f81ece737,included,housing_social_welfare_leaf,1.0.0,social_welfare,1.0.0,reference,optimum_lower_bound,,0.0,utility_points,"{""policy"":""do_nothing"",""reference_kind"":""objective_lower_bound""}",ok,valid,[],"[""event_00000215""]",evaluation_receipt,episode_attempt_efdfa5f01b6b1d7fe563,6d2a7481f3128e222bd656858dfcc2396728c119dbb243ade8adc11f81ece737,true
result_9b8aa5c8aff9c86baed435c6,runplan_3294d84d7cc1ba81,cell_76ab4ddca976bbc59673,housing_v1__experiment__000006,housing_v1,housing_controlled_model_landlords_experiment,episode_attempt_efdfa5f01b6b1d7fe563,6d2a7481f3128e222bd656858dfcc2396728c119dbb243ade8adc11f81ece737,included,housing_social_welfare_leaf,1.0.0,social_welfare,1.0.0,reference,optimum_upper_bound,,1561.18,utility_points,"{""reference_kind"":""objective_upper_bound"",""semantics"":""full_information_allocation_relaxation""}",ok,valid,[],"[""event_00000215""]",evaluation_receipt,episode_attempt_efdfa5f01b6b1d7fe563,6d2a7481f3128e222bd656858dfcc2396728c119dbb243ade8adc11f81ece737,true
result_713d7278e082ce910fb429b8,runplan_3294d84d7cc1ba81,cell_76ab4ddca976bbc59673,housing_v1__experiment__000006,housing_v1,housing_controlled_model_landlords_experiment,episode_attempt_efdfa5f01b6b1d7fe563,6d2a7481f3128e222bd656858dfcc2396728c119dbb243ade8adc11f81ece737,included,housing_social_welfare_leaf,1.0.0,social_welfare,1.0.0,utility,landlord_0,landlord_0,31.31,utility_points,"{""disagreement_utility"":0.0}",ok,valid,[],"[""event_00000215""]",evaluation_receipt,episode_attempt_efdfa5f01b6b1d7fe563,6d2a7481f3128e222bd656858dfcc2396728c119dbb243ade8adc11f81ece737,true
result_427fa6157aae320d912c5c5a,runplan_3294d84d7cc1ba81,cell_76ab4ddca976bbc59673,housing_v1__experiment__000006,housing_v1,housing_controlled_model_landlords_experiment,episode_attempt_efdfa5f01b6b1d7fe563,6d2a7481f3128e222bd656858dfcc2396728c119dbb243ade8adc11f81ece737,included,housing_social_welfare_leaf,1.0.0,social_welfare,1.0.0,utility,landlord_1,landlord_1,71.73,utility_points,"{""disagreement_utility"":0.0}",ok,valid,[],"[""event_00000215""]",evaluation_receipt,episode_attempt_efdfa5f01b6b1d7fe563,6d2a7481f3128e222bd656858dfcc2396728c119dbb243ade8adc11f81ece737,true
result_7d9521be21b04d542d526ba2,runplan_3294d84d7cc1ba81,cell_76ab4ddca976bbc59673,housing_v1__experiment__000006,housing_v1,housing_controlled_model_landlords_experiment,episode_attempt_efdfa5f01b6b1d7fe563,6d2a7481f3128e222bd656858dfcc2396728c119dbb243ade8adc11f81ece737,included,housing_social_welfare_leaf,1.0.0,social_welfare,1.0.0,utility,landlord_2,landlord_2,76.53,utility_points,"{""disagreement_utility"":0.0}",ok,valid,[],"[""event_00000215""]",evaluation_receipt,episode_attempt_efdfa5f01b6b1d7fe563,6d2a7481f3128e222bd656858dfcc2396728c119dbb243ade8adc11f81ece737,true
result_8463337bb8be2b731682f5a4,runplan_3294d84d7cc1ba81,cell_76ab4ddca976bbc59673,housing_v1__experiment__000006,housing_v1,housing_controlled_model_landlords_experiment,episode_attempt_efdfa5f01b6b1d7fe563,6d2a7481f3128e222bd656858dfcc2396728c119dbb243ade8adc11f81ece737,included,housing_social_welfare_leaf,1.0.0,social_welfare,1.0.0,utility,tenant_0,tenant_0,254.62,utility_points,"{""disagreement_utility"":0.0}",ok,valid,[],"[""event_00000215""]",evaluation_receipt,episode_attempt_efdfa5f01b6b1d7fe563,6d2a7481f3128e222bd656858dfcc2396728c119dbb243ade8adc11f81ece737,true
result_e0ee8ec2ce1d50d2e836f622,runplan_3294d84d7cc1ba81,cell_76ab4ddca976bbc59673,housing_v1__experiment__000006,housing_v1,housing_controlled_model_landlords_experiment,episode_attempt_efdfa5f01b6b1d7fe563,6d2a7481f3128e222bd656858dfcc2396728c119dbb243ade8adc11f81ece737,included,housing_social_welfare_leaf,1.0.0,social_welfare,1.0.0,utility,tenant_1,tenant_1,279.32,utility_points,"{""disagreement_utility"":0.0}",ok,valid,[],"[""event_00000215""]",evaluation_receipt,episode_attempt_efdfa5f01b6b1d7fe563,6d2a7481f3128e222bd656858dfcc2396728c119dbb243ade8adc11f81ece737,true
result_5ed2bc0d5b13dc9015b690ea,runplan_3294d84d7cc1ba81,cell_76ab4ddca976bbc59673,housing_v1__experiment__000006,housing_v1,housing_controlled_model_landlords_experiment,episode_attempt_efdfa5f01b6b1d7fe563,6d2a7481f3128e222bd656858dfcc2396728c119dbb243ade8adc11f81ece737,included,housing_social_welfare_leaf,1.0.0,social_welfare,1.0.0,utility,tenant_2,tenant_2,0.0,utility_points,"{""disagreement_utility"":0.0}",ok,valid,[],"[""event_00000215""]",evaluation_receipt,episode_attempt_efdfa5f01b6b1d7fe563,6d2a7481f3128e222bd656858dfcc2396728c119dbb243ade8adc11f81ece737,true
result_365b46b98552408c2053dc2a,runplan_3294d84d7cc1ba81,cell_76ab4ddca976bbc59673,housing_v1__experiment__000006,housing_v1,housing_controlled_model_landlords_experiment,episode_attempt_efdfa5f01b6b1d7fe563,6d2a7481f3128e222bd656858dfcc2396728c119dbb243ade8adc11f81ece737,included,housing_social_welfare_leaf,1.0.0,social_welfare,1.0.0,utility,tenant_3,tenant_3,469.28,utility_points,"{""disagreement_utility"":0.0}",ok,valid,[],"[""event_00000215""]",evaluation_receipt,episode_attempt_efdfa5f01b6b1d7fe563,6d2a7481f3128e222bd656858dfcc2396728c119dbb243ade8adc11f81ece737,true
result_8764448f053210d6f4fe6ee3,runplan_3294d84d7cc1ba81,cell_76ab4ddca976bbc59673,housing_v1__experiment__000006,housing_v1,housing_controlled_model_landlords_experiment,episode_attempt_efdfa5f01b6b1d7fe563,6d2a7481f3128e222bd656858dfcc2396728c119dbb243ade8adc11f81ece737,included,housing_social_welfare_leaf,1.0.0,social_welfare,1.0.0,utility,tenant_4,tenant_4,0.0,utility_points,"{""disagreement_utility"":0.0}",ok,valid,[],"[""event_00000215""]",evaluation_receipt,episode_attempt_efdfa5f01b6b1d7fe563,6d2a7481f3128e222bd656858dfcc2396728c119dbb243ade8adc11f81ece737,true
result_ba4ca3cd71dad434a3080cbb,runplan_3294d84d7cc1ba81,cell_76ab4ddca976bbc59673,housing_v1__experiment__000006,housing_v1,housing_controlled_model_landlords_experiment,episode_attempt_efdfa5f01b6b1d7fe563,6d2a7481f3128e222bd656858dfcc2396728c119dbb243ade8adc11f81ece737,included,housing_social_welfare_leaf,1.0.0,social_welfare,1.0.0,utility,tenant_5,tenant_5,0.0,utility_points,"{""disagreement_utility"":0.0}",ok,valid,[],"[""event_00000215""]",evaluation_receipt,episode_attempt_efdfa5f01b6b1d7fe563,6d2a7481f3128e222bd656858dfcc2396728c119dbb243ade8adc11f81ece737,true
result_75a462f5fe2bbc838bf9b6eb,runplan_3294d84d7cc1ba81,cell_76ab4ddca976bbc59673,housing_v1__experiment__000006,housing_v1,housing_controlled_model_landlords_experiment,episode_attempt_efdfa5f01b6b1d7fe563,6d2a7481f3128e222bd656858dfcc2396728c119dbb243ade8adc11f81ece737,included,housing_social_welfare_leaf,1.0.0,social_welfare,1.0.0,capture,landlord_0,landlord_0,31.31,utility_points,"{""disagreement_utility"":0.0}",ok,valid,[],"[""event_00000215""]",evaluation_receipt,episode_attempt_efdfa5f01b6b1d7fe563,6d2a7481f3128e222bd656858dfcc2396728c119dbb243ade8adc11f81ece737,true
result_9e4b95ceb2d26035b0c616d6,runplan_3294d84d7cc1ba81,cell_76ab4ddca976bbc59673,housing_v1__experiment__000006,housing_v1,housing_controlled_model_landlords_experiment,episode_attempt_efdfa5f01b6b1d7fe563,6d2a7481f3128e222bd656858dfcc2396728c119dbb243ade8adc11f81ece737,included,housing_social_welfare_leaf,1.0.0,social_welfare,1.0.0,capture,landlord_1,landlord_1,71.73,utility_points,"{""disagreement_utility"":0.0}",ok,valid,[],"[""event_00000215""]",evaluation_receipt,episode_attempt_efdfa5f01b6b1d7fe563,6d2a7481f3128e222bd656858dfcc2396728c119dbb243ade8adc11f81ece737,true
result_5af35581b4fa3c2932ae5888,runplan_3294d84d7cc1ba81,cell_76ab4ddca976bbc59673,housing_v1__experiment__000006,housing_v1,housing_controlled_model_landlords_experiment,episode_attempt_efdfa5f01b6b1d7fe563,6d2a7481f3128e222bd656858dfcc2396728c119dbb243ade8adc11f81ece737,included,housing_social_welfare_leaf,1.0.0,social_welfare,1.0.0,capture,landlord_2,landlord_2,76.53,utility_points,"{""disagreement_utility"":0.0}",ok,valid,[],"[""event_00000215""]",evaluation_receipt,episode_attempt_efdfa5f01b6b1d7fe563,6d2a7481f3128e222bd656858dfcc2396728c119dbb243ade8adc11f81ece737,true
result_232fcf10f7c78867de4ed673,runplan_3294d84d7cc1ba81,cell_76ab4ddca976bbc59673,housing_v1__experiment__000006,housing_v1,housing_controlled_model_landlords_experiment,episode_attempt_efdfa5f01b6b1d7fe563,6d2a7481f3128e222bd656858dfcc2396728c119dbb243ade8adc11f81ece737,included,housing_social_welfare_leaf,1.0.0,social_welfare,1.0.0,capture,tenant_0,tenant_0,254.62,utility_points,"{""disagreement_utility"":0.0}",ok,valid,[],"[""event_00000215""]",evaluation_receipt,episode_attempt_efdfa5f01b6b1d7fe563,6d2a7481f3128e222bd656858dfcc2396728c119dbb243ade8adc11f81ece737,true
result_218f12fc580ddb3781f1f8a9,runplan_3294d84d7cc1ba81,cell_76ab4ddca976bbc59673,housing_v1__experiment__000006,housing_v1,housing_controlled_model_landlords_experiment,episode_attempt_efdfa5f01b6b1d7fe563,6d2a7481f3128e222bd656858dfcc2396728c119dbb243ade8adc11f81ece737,included,housing_social_welfare_leaf,1.0.0,social_welfare,1.0.0,capture,tenant_1,tenant_1,279.32,utility_points,"{""disagreement_utility"":0.0}",ok,valid,[],"[""event_00000215""]",evaluation_receipt,episode_attempt_efdfa5f01b6b1d7fe563,6d2a7481f3128e222bd656858dfcc2396728c119dbb243ade8adc11f81ece737,true
result_fc19d70cde590b277b575546,runplan_3294d84d7cc1ba81,cell_76ab4ddca976bbc59673,housing_v1__experiment__000006,housing_v1,housing_controlled_model_landlords_experiment,episode_attempt_efdfa5f01b6b1d7fe563,6d2a7481f3128e222bd656858dfcc2396728c119dbb243ade8adc11f81ece737,included,housing_social_welfare_leaf,1.0.0,social_welfare,1.0.0,capture,tenant_2,tenant_2,0.0,utility_points,"{""disagreement_utility"":0.0}",ok,valid,[],"[""event_00000215""]",evaluation_receipt,episode_attempt_efdfa5f01b6b1d7fe563,6d2a7481f3128e222bd656858dfcc2396728c119dbb243ade8adc11f81ece737,true
result_0bca9c1b30c58a931863c221,runplan_3294d84d7cc1ba81,cell_76ab4ddca976bbc59673,housing_v1__experiment__000006,housing_v1,housing_controlled_model_landlords_experiment,episode_attempt_efdfa5f01b6b1d7fe563,6d2a7481f3128e222bd656858dfcc2396728c119dbb243ade8adc11f81ece737,included,housing_social_welfare_leaf,1.0.0,social_welfare,1.0.0,capture,tenant_3,tenant_3,469.28,utility_points,"{""disagreement_utility"":0.0}",ok,valid,[],"[""event_00000215""]",evaluation_receipt,episode_attempt_efdfa5f01b6b1d7fe563,6d2a7481f3128e222bd656858dfcc2396728c119dbb243ade8adc11f81ece737,true
result_dcaaff6b604e9726388dbaa4,runplan_3294d84d7cc1ba81,cell_76ab4ddca976bbc59673,housing_v1__experiment__000006,housing_v1,housing_controlled_model_landlords_experiment,episode_attempt_efdfa5f01b6b1d7fe563,6d2a7481f3128e222bd656858dfcc2396728c119dbb243ade8adc11f81ece737,included,housing_social_welfare_leaf,1.0.0,social_welfare,1.0.0,capture,tenant_4,tenant_4,0.0,utility_points,"{""disagreement_utility"":0.0}",ok,valid,[],"[""event_00000215""]",evaluation_receipt,episode_attempt_efdfa5f01b6b1d7fe563,6d2a7481f3128e222bd656858dfcc2396728c119dbb243ade8adc11f81ece737,true
result_42035702a67bc3c2250b629d,runplan_3294d84d7cc1ba81,cell_76ab4ddca976bbc59673,housing_v1__experiment__000006,housing_v1,housing_controlled_model_landlords_experiment,episode_attempt_efdfa5f01b6b1d7fe563,6d2a7481f3128e222bd656858dfcc2396728c119dbb243ade8adc11f81ece737,included,housing_social_welfare_leaf,1.0.0,social_welfare,1.0.0,capture,tenant_5,tenant_5,0.0,utility_points,"{""disagreement_utility"":0.0}",ok,valid,[],"[""event_00000215""]",evaluation_receipt,episode_attempt_efdfa5f01b6b1d7fe563,6d2a7481f3128e222bd656858dfcc2396728c119dbb243ade8adc11f81ece737,true
result_d625beb08010730531d7ba1d,runplan_3294d84d7cc1ba81,cell_85ad704337aaf0756471,housing_v1__experiment__000002,housing_v1,housing_controlled_model_landlords_experiment,episode_attempt_9393439f1cc7d5e9cbe3,66c85e909a6c19cb89c92a8814a2fda96f84385e1127f6f9177a5445ad2e8115,included,housing_social_welfare_leaf,1.0.0,social_welfare,1.0.0,primary,social_welfare,,1395.41,utility_points,{},ok,valid,[],"[""event_00000130""]",evaluation_receipt,episode_attempt_9393439f1cc7d5e9cbe3,66c85e909a6c19cb89c92a8814a2fda96f84385e1127f6f9177a5445ad2e8115,true
result_42284c75b9f6a7612ecafd23,runplan_3294d84d7cc1ba81,cell_85ad704337aaf0756471,housing_v1__experiment__000002,housing_v1,housing_controlled_model_landlords_experiment,episode_attempt_9393439f1cc7d5e9cbe3,66c85e909a6c19cb89c92a8814a2fda96f84385e1127f6f9177a5445ad2e8115,included,housing_social_welfare_leaf,1.0.0,social_welfare,1.0.0,metric,comparison_baseline_gap,,0.0,utility_points,{},ok,valid,[],"[""event_00000130""]",evaluation_receipt,episode_attempt_9393439f1cc7d5e9cbe3,66c85e909a6c19cb89c92a8814a2fda96f84385e1127f6f9177a5445ad2e8115,true
result_dce52cd93c8280e1633f86e2,runplan_3294d84d7cc1ba81,cell_85ad704337aaf0756471,housing_v1__experiment__000002,housing_v1,housing_controlled_model_landlords_experiment,episode_attempt_9393439f1cc7d5e9cbe3,66c85e909a6c19cb89c92a8814a2fda96f84385e1127f6f9177a5445ad2e8115,included,housing_social_welfare_leaf,1.0.0,social_welfare,1.0.0,metric,ir_violation_count,,0.0,count,{},ok,valid,[],"[""event_00000130""]",evaluation_receipt,episode_attempt_9393439f1cc7d5e9cbe3,66c85e909a6c19cb89c92a8814a2fda96f84385e1127f6f9177a5445ad2e8115,true
result_287fb7e7b280f85b35eede53,runplan_3294d84d7cc1ba81,cell_85ad704337aaf0756471,housing_v1__experiment__000002,housing_v1,housing_controlled_model_landlords_experiment,episode_attempt_9393439f1cc7d5e9cbe3,66c85e909a6c19cb89c92a8814a2fda96f84385e1127f6f9177a5445ad2e8115,included,housing_social_welfare_leaf,1.0.0,social_welfare,1.0.0,metric,social_welfare,,1395.41,utility_points,{},ok,valid,[],"[""event_00000130""]",evaluation_receipt,episode_attempt_9393439f1cc7d5e9cbe3,66c85e909a6c19cb89c92a8814a2fda96f84385e1127f6f9177a5445ad2e8115,true
result_9d5ce91cc145dfab4ca0696d,runplan_3294d84d7cc1ba81,cell_85ad704337aaf0756471,housing_v1__experiment__000002,housing_v1,housing_controlled_model_landlords_experiment,episode_attempt_9393439f1cc7d5e9cbe3,66c85e909a6c19cb89c92a8814a2fda96f84385e1127f6f9177a5445ad2e8115,included,housing_social_welfare_leaf,1.0.0,social_welfare,1.0.0,metric,upper_bound_gap,,373.89999999999986,utility_points,{},ok,valid,[],"[""event_00000130""]",evaluation_receipt,episode_attempt_9393439f1cc7d5e9cbe3,66c85e909a6c19cb89c92a8814a2fda96f84385e1127f6f9177a5445ad2e8115,true
result_2617557251f4ac6f31aca555,runplan_3294d84d7cc1ba81,cell_85ad704337aaf0756471,housing_v1__experiment__000002,housing_v1,housing_controlled_model_landlords_experiment,episode_attempt_9393439f1cc7d5e9cbe3,66c85e909a6c19cb89c92a8814a2fda96f84385e1127f6f9177a5445ad2e8115,included,housing_social_welfare_leaf,1.0.0,social_welfare,1.0.0,metric,wasted_contacts,,3.0,count,{},ok,valid,[],"[""event_00000130""]",evaluation_receipt,episode_attempt_9393439f1cc7d5e9cbe3,66c85e909a6c19cb89c92a8814a2fda96f84385e1127f6f9177a5445ad2e8115,true
result_0822a1489f84348fedbc3e1a,runplan_3294d84d7cc1ba81,cell_85ad704337aaf0756471,housing_v1__experiment__000002,housing_v1,housing_controlled_model_landlords_experiment,episode_attempt_9393439f1cc7d5e9cbe3,66c85e909a6c19cb89c92a8814a2fda96f84385e1127f6f9177a5445ad2e8115,included,housing_social_welfare_leaf,1.0.0,social_welfare,1.0.0,metric,within_case_score,,0.7886746810903686,ratio,{},ok,valid,[],"[""event_00000130""]",evaluation_receipt,episode_attempt_9393439f1cc7d5e9cbe3,66c85e909a6c19cb89c92a8814a2fda96f84385e1127f6f9177a5445ad2e8115,true
result_91110004f40d45d8a722fd51,runplan_3294d84d7cc1ba81,cell_85ad704337aaf0756471,housing_v1__experiment__000002,housing_v1,housing_controlled_model_landlords_experiment,episode_attempt_9393439f1cc7d5e9cbe3,66c85e909a6c19cb89c92a8814a2fda96f84385e1127f6f9177a5445ad2e8115,included,housing_social_welfare_leaf,1.0.0,social_welfare,1.0.0,reference,comparison_baseline,,1395.41,utility_points,"{""policy"":""naive"",""reference_kind"":""comparison_baseline""}",ok,valid,[],"[""event_00000130""]",evaluation_receipt,episode_attempt_9393439f1cc7d5e9cbe3,66c85e909a6c19cb89c92a8814a2fda96f84385e1127f6f9177a5445ad2e8115,true
result_b56e3e2e0c16216a3f4eb564,runplan_3294d84d7cc1ba81,cell_85ad704337aaf0756471,housing_v1__experiment__000002,housing_v1,housing_controlled_model_landlords_experiment,episode_attempt_9393439f1cc7d5e9cbe3,66c85e909a6c19cb89c92a8814a2fda96f84385e1127f6f9177a5445ad2e8115,included,housing_social_welfare_leaf,1.0.0,social_welfare,1.0.0,reference,optimum_lower_bound,,0.0,utility_points,"{""policy"":""do_nothing"",""reference_kind"":""objective_lower_bound""}",ok,valid,[],"[""event_00000130""]",evaluation_receipt,episode_attempt_9393439f1cc7d5e9cbe3,66c85e909a6c19cb89c92a8814a2fda96f84385e1127f6f9177a5445ad2e8115,true
result_a0c16da8082a69d2fea1f2f8,runplan_3294d84d7cc1ba81,cell_85ad704337aaf0756471,housing_v1__experiment__000002,housing_v1,housing_controlled_model_landlords_experiment,episode_attempt_9393439f1cc7d5e9cbe3,66c85e909a6c19cb89c92a8814a2fda96f84385e1127f6f9177a5445ad2e8115,included,housing_social_welfare_leaf,1.0.0,social_welfare,1.0.0,reference,optimum_upper_bound,,1769.31,utility_points,"{""reference_kind"":""objective_upper_bound"",""semantics"":""full_information_allocation_relaxation""}",ok,valid,[],"[""event_00000130""]",evaluation_receipt,episode_attempt_9393439f1cc7d5e9cbe3,66c85e909a6c19cb89c92a8814a2fda96f84385e1127f6f9177a5445ad2e8115,true
result_98cc1a09edff6328dab44a4b,runplan_3294d84d7cc1ba81,cell_85ad704337aaf0756471,housing_v1__experiment__000002,housing_v1,housing_controlled_model_landlords_experiment,episode_attempt_9393439f1cc7d5e9cbe3,66c85e909a6c19cb89c92a8814a2fda96f84385e1127f6f9177a5445ad2e8115,included,housing_social_welfare_leaf,1.0.0,social_welfare,1.0.0,utility,landlord_0,landlord_0,25.2,utility_points,"{""disagreement_utility"":0.0}",ok,valid,[],"[""event_00000130""]",evaluation_receipt,episode_attempt_9393439f1cc7d5e9cbe3,66c85e909a6c19cb89c92a8814a2fda96f84385e1127f6f9177a5445ad2e8115,true
result_e5cfc57b7207ed3a6cd0c7c0,runplan_3294d84d7cc1ba81,cell_85ad704337aaf0756471,housing_v1__experiment__000002,housing_v1,housing_controlled_model_landlords_experiment,episode_attempt_9393439f1cc7d5e9cbe3,66c85e909a6c19cb89c92a8814a2fda96f84385e1127f6f9177a5445ad2e8115,included,housing_social_welfare_leaf,1.0.0,social_welfare,1.0.0,utility,landlord_1,landlord_1,69.87,utility_points,"{""disagreement_utility"":0.0}",ok,valid,[],"[""event_00000130""]",evaluation_receipt,episode_attempt_9393439f1cc7d5e9cbe3,66c85e909a6c19cb89c92a8814a2fda96f84385e1127f6f9177a5445ad2e8115,true
result_d20587d8eb76770815c1914c,runplan_3294d84d7cc1ba81,cell_85ad704337aaf0756471,housing_v1__experiment__000002,housing_v1,housing_controlled_model_landlords_experiment,episode_attempt_9393439f1cc7d5e9cbe3,66c85e909a6c19cb89c92a8814a2fda96f84385e1127f6f9177a5445ad2e8115,included,housing_social_welfare_leaf,1.0.0,social_welfare,1.0.0,utility,landlord_2,landlord_2,255.43,utility_points,"{""disagreement_utility"":0.0}",ok,valid,[],"[""event_00000130""]",evaluation_receipt,episode_attempt_9393439f1cc7d5e9cbe3,66c85e909a6c19cb89c92a8814a2fda96f84385e1127f6f9177a5445ad2e8115,true
result_360748d84d32336b0ecb6658,runplan_3294d84d7cc1ba81,cell_85ad704337aaf0756471,housing_v1__experiment__000002,housing_v1,housing_controlled_model_landlords_experiment,episode_attempt_9393439f1cc7d5e9cbe3,66c85e909a6c19cb89c92a8814a2fda96f84385e1127f6f9177a5445ad2e8115,included,housing_social_welfare_leaf,1.0.0,social_welfare,1.0.0,utility,tenant_0,tenant_0,272.83,utility_points,"{""disagreement_utility"":0.0}",ok,valid,[],"[""event_00000130""]",evaluation_receipt,episode_attempt_9393439f1cc7d5e9cbe3,66c85e909a6c19cb89c92a8814a2fda96f84385e1127f6f9177a5445ad2e8115,true
result_7bb374a1aa48b14b1308cd74,runplan_3294d84d7cc1ba81,cell_85ad704337aaf0756471,housing_v1__experiment__000002,housing_v1,housing_controlled_model_landlords_experiment,episode_attempt_9393439f1cc7d5e9cbe3,66c85e909a6c19cb89c92a8814a2fda96f84385e1127f6f9177a5445ad2e8115,included,housing_social_welfare_leaf,1.0.0,social_welfare,1.0.0,utility,tenant_1,tenant_1,201.66,utility_points,"{""disagreement_utility"":0.0}",ok,valid,[],"[""event_00000130""]",evaluation_receipt,episode_attempt_9393439f1cc7d5e9cbe3,66c85e909a6c19cb89c92a8814a2fda96f84385e1127f6f9177a5445ad2e8115,true
result_f4d9fcfe2d08c4e7230561c9,runplan_3294d84d7cc1ba81,cell_85ad704337aaf0756471,housing_v1__experiment__000002,housing_v1,housing_controlled_model_landlords_experiment,episode_attempt_9393439f1cc7d5e9cbe3,66c85e909a6c19cb89c92a8814a2fda96f84385e1127f6f9177a5445ad2e8115,included,housing_social_welfare_leaf,1.0.0,social_welfare,1.0.0,utility,tenant_2,tenant_2,570.42,utility_points,"{""disagreement_utility"":0.0}",ok,valid,[],"[""event_00000130""]",evaluation_receipt,episode_attempt_9393439f1cc7d5e9cbe3,66c85e909a6c19cb89c92a8814a2fda96f84385e1127f6f9177a5445ad2e8115,true
result_b49b7e08b507ce40794a8428,runplan_3294d84d7cc1ba81,cell_85ad704337aaf0756471,housing_v1__experiment__000002,housing_v1,housing_controlled_model_landlords_experiment,episode_attempt_9393439f1cc7d5e9cbe3,66c85e909a6c19cb89c92a8814a2fda96f84385e1127f6f9177a5445ad2e8115,included,housing_social_welfare_leaf,1.0.0,social_welfare,1.0.0,utility,tenant_3,tenant_3,0.0,utility_points,"{""disagreement_utility"":0.0}",ok,valid,[],"[""event_00000130""]",evaluation_receipt,episode_attempt_9393439f1cc7d5e9cbe3,66c85e909a6c19cb89c92a8814a2fda96f84385e1127f6f9177a5445ad2e8115,true
result_c7f29d9c56a4fef2eb84d6e4,runplan_3294d84d7cc1ba81,cell_85ad704337aaf0756471,housing_v1__experiment__000002,housing_v1,housing_controlled_model_landlords_experiment,episode_attempt_9393439f1cc7d5e9cbe3,66c85e909a6c19cb89c92a8814a2fda96f84385e1127f6f9177a5445ad2e8115,included,housing_social_welfare_leaf,1.0.0,social_welfare,1.0.0,utility,tenant_4,tenant_4,0.0,utility_points,"{""disagreement_utility"":0.0}",ok,valid,[],"[""event_00000130""]",evaluation_receipt,episode_attempt_9393439f1cc7d5e9cbe3,66c85e909a6c19cb89c92a8814a2fda96f84385e1127f6f9177a5445ad2e8115,true
result_76ca69ad44a0baf2754fd2fb,runplan_3294d84d7cc1ba81,cell_85ad704337aaf0756471,housing_v1__experiment__000002,housing_v1,housing_controlled_model_landlords_experiment,episode_attempt_9393439f1cc7d5e9cbe3,66c85e909a6c19cb89c92a8814a2fda96f84385e1127f6f9177a5445ad2e8115,included,housing_social_welfare_leaf,1.0.0,social_welfare,1.0.0,utility,tenant_5,tenant_5,0.0,utility_points,"{""disagreement_utility"":0.0}",ok,valid,[],"[""event_00000130""]",evaluation_receipt,episode_attempt_9393439f1cc7d5e9cbe3,66c85e909a6c19cb89c92a8814a2fda96f84385e1127f6f9177a5445ad2e8115,true
result_2f478ca91142c2b00876e24e,runplan_3294d84d7cc1ba81,cell_85ad704337aaf0756471,housing_v1__experiment__000002,housing_v1,housing_controlled_model_landlords_experiment,episode_attempt_9393439f1cc7d5e9cbe3,66c85e909a6c19cb89c92a8814a2fda96f84385e1127f6f9177a5445ad2e8115,included,housing_social_welfare_leaf,1.0.0,social_welfare,1.0.0,capture,landlord_0,landlord_0,25.2,utility_points,"{""disagreement_utility"":0.0}",ok,valid,[],"[""event_00000130""]",evaluation_receipt,episode_attempt_9393439f1cc7d5e9cbe3,66c85e909a6c19cb89c92a8814a2fda96f84385e1127f6f9177a5445ad2e8115,true
result_db337147c04321bc181c5226,runplan_3294d84d7cc1ba81,cell_85ad704337aaf0756471,housing_v1__experiment__000002,housing_v1,housing_controlled_model_landlords_experiment,episode_attempt_9393439f1cc7d5e9cbe3,66c85e909a6c19cb89c92a8814a2fda96f84385e1127f6f9177a5445ad2e8115,included,housing_social_welfare_leaf,1.0.0,social_welfare,1.0.0,capture,landlord_1,landlord_1,69.87,utility_points,"{""disagreement_utility"":0.0}",ok,valid,[],"[""event_00000130""]",evaluation_receipt,episode_attempt_9393439f1cc7d5e9cbe3,66c85e909a6c19cb89c92a8814a2fda96f84385e1127f6f9177a5445ad2e8115,true
result_4e354d8141fd233e8d455afe,runplan_3294d84d7cc1ba81,cell_85ad704337aaf0756471,housing_v1__experiment__000002,housing_v1,housing_controlled_model_landlords_experiment,episode_attempt_9393439f1cc7d5e9cbe3,66c85e909a6c19cb89c92a8814a2fda96f84385e1127f6f9177a5445ad2e8115,included,housing_social_welfare_leaf,1.0.0,social_welfare,1.0.0,capture,landlord_2,landlord_2,255.43,utility_points,"{""disagreement_utility"":0.0}",ok,valid,[],"[""event_00000130""]",evaluation_receipt,episode_attempt_9393439f1cc7d5e9cbe3,66c85e909a6c19cb89c92a8814a2fda96f84385e1127f6f9177a5445ad2e8115,true
result_70908abc4b00e9a2cf7d2a3f,runplan_3294d84d7cc1ba81,cell_85ad704337aaf0756471,housing_v1__experiment__000002,housing_v1,housing_controlled_model_landlords_experiment,episode_attempt_9393439f1cc7d5e9cbe3,66c85e909a6c19cb89c92a8814a2fda96f84385e1127f6f9177a5445ad2e8115,included,housing_social_welfare_leaf,1.0.0,social_welfare,1.0.0,capture,tenant_0,tenant_0,272.83,utility_points,"{""disagreement_utility"":0.0}",ok,valid,[],"[""event_00000130""]",evaluation_receipt,episode_attempt_9393439f1cc7d5e9cbe3,66c85e909a6c19cb89c92a8814a2fda96f84385e1127f6f9177a5445ad2e8115,true
result_8cb559d53f3f111c167fc774,runplan_3294d84d7cc1ba81,cell_85ad704337aaf0756471,housing_v1__experiment__000002,housing_v1,housing_controlled_model_landlords_experiment,episode_attempt_9393439f1cc7d5e9cbe3,66c85e909a6c19cb89c92a8814a2fda96f84385e1127f6f9177a5445ad2e8115,included,housing_social_welfare_leaf,1.0.0,social_welfare,1.0.0,capture,tenant_1,tenant_1,201.66,utility_points,"{""disagreement_utility"":0.0}",ok,valid,[],"[""event_00000130""]",evaluation_receipt,episode_attempt_9393439f1cc7d5e9cbe3,66c85e909a6c19cb89c92a8814a2fda96f84385e1127f6f9177a5445ad2e8115,true
result_6e671b9c423af64df77b20d2,runplan_3294d84d7cc1ba81,cell_85ad704337aaf0756471,housing_v1__experiment__000002,housing_v1,housing_controlled_model_landlords_experiment,episode_attempt_9393439f1cc7d5e9cbe3,66c85e909a6c19cb89c92a8814a2fda96f84385e1127f6f9177a5445ad2e8115,included,housing_social_welfare_leaf,1.0.0,social_welfare,1.0.0,capture,tenant_2,tenant_2,570.42,utility_points,"{""disagreement_utility"":0.0}",ok,valid,[],"[""event_00000130""]",evaluation_receipt,episode_attempt_9393439f1cc7d5e9cbe3,66c85e909a6c19cb89c92a8814a2fda96f84385e1127f6f9177a5445ad2e8115,true
result_092722e835c783c3e2b25f9c,runplan_3294d84d7cc1ba81,cell_85ad704337aaf0756471,housing_v1__experiment__000002,housing_v1,housing_controlled_model_landlords_experiment,episode_attempt_9393439f1cc7d5e9cbe3,66c85e909a6c19cb89c92a8814a2fda96f84385e1127f6f9177a5445ad2e8115,included,housing_social_welfare_leaf,1.0.0,social_welfare,1.0.0,capture,tenant_3,tenant_3,0.0,utility_points,"{""disagreement_utility"":0.0}",ok,valid,[],"[""event_00000130""]",evaluation_receipt,episode_attempt_9393439f1cc7d5e9cbe3,66c85e909a6c19cb89c92a8814a2fda96f84385e1127f6f9177a5445ad2e8115,true
result_5b6b98a665aa69474c92e626,runplan_3294d84d7cc1ba81,cell_85ad704337aaf0756471,housing_v1__experiment__000002,housing_v1,housing_controlled_model_landlords_experiment,episode_attempt_9393439f1cc7d5e9cbe3,66c85e909a6c19cb89c92a8814a2fda96f84385e1127f6f9177a5445ad2e8115,included,housing_social_welfare_leaf,1.0.0,social_welfare,1.0.0,capture,tenant_4,tenant_4,0.0,utility_points,"{""disagreement_utility"":0.0}",ok,valid,[],"[""event_00000130""]",evaluation_receipt,episode_attempt_9393439f1cc7d5e9cbe3,66c85e909a6c19cb89c92a8814a2fda96f84385e1127f6f9177a5445ad2e8115,true
result_cba734c82f23032db19785a4,runplan_3294d84d7cc1ba81,cell_85ad704337aaf0756471,housing_v1__experiment__000002,housing_v1,housing_controlled_model_landlords_experiment,episode_attempt_9393439f1cc7d5e9cbe3,66c85e909a6c19cb89c92a8814a2fda96f84385e1127f6f9177a5445ad2e8115,included,housing_social_welfare_leaf,1.0.0,social_welfare,1.0.0,capture,tenant_5,tenant_5,0.0,utility_points,"{""disagreement_utility"":0.0}",ok,valid,[],"[""event_00000130""]",evaluation_receipt,episode_attempt_9393439f1cc7d5e9cbe3,66c85e909a6c19cb89c92a8814a2fda96f84385e1127f6f9177a5445ad2e8115,true
result_da4e43fce41607c8ed70bf6b,runplan_3294d84d7cc1ba81,cell_a5512068bd4c2fc5485b,housing_v1__experiment__000004,housing_v1,housing_controlled_model_landlords_experiment,episode_attempt_c46910d2fa92ca64dcd6,416ccf3b7f4460d7272a33f66f860de4b898ea606643ec30d12479543e1fbd98,included,housing_social_welfare_leaf,1.0.0,social_welfare,1.0.0,primary,social_welfare,,753.69,utility_points,{},ok,valid,[],"[""event_00000134""]",evaluation_receipt,episode_attempt_c46910d2fa92ca64dcd6,416ccf3b7f4460d7272a33f66f860de4b898ea606643ec30d12479543e1fbd98,true
result_c10503ba2f3389bb47e44db1,runplan_3294d84d7cc1ba81,cell_a5512068bd4c2fc5485b,housing_v1__experiment__000004,housing_v1,housing_controlled_model_landlords_experiment,episode_attempt_c46910d2fa92ca64dcd6,416ccf3b7f4460d7272a33f66f860de4b898ea606643ec30d12479543e1fbd98,included,housing_social_welfare_leaf,1.0.0,social_welfare,1.0.0,metric,comparison_baseline_gap,,0.0,utility_points,{},ok,valid,[],"[""event_00000134""]",evaluation_receipt,episode_attempt_c46910d2fa92ca64dcd6,416ccf3b7f4460d7272a33f66f860de4b898ea606643ec30d12479543e1fbd98,true
result_5de5e7e0f8bf71a737e8ebc7,runplan_3294d84d7cc1ba81,cell_a5512068bd4c2fc5485b,housing_v1__experiment__000004,housing_v1,housing_controlled_model_landlords_experiment,episode_attempt_c46910d2fa92ca64dcd6,416ccf3b7f4460d7272a33f66f860de4b898ea606643ec30d12479543e1fbd98,included,housing_social_welfare_leaf,1.0.0,social_welfare,1.0.0,metric,ir_violation_count,,0.0,count,{},ok,valid,[],"[""event_00000134""]",evaluation_receipt,episode_attempt_c46910d2fa92ca64dcd6,416ccf3b7f4460d7272a33f66f860de4b898ea606643ec30d12479543e1fbd98,true
result_d5fe90e11f973b3bdeac93f1,runplan_3294d84d7cc1ba81,cell_a5512068bd4c2fc5485b,housing_v1__experiment__000004,housing_v1,housing_controlled_model_landlords_experiment,episode_attempt_c46910d2fa92ca64dcd6,416ccf3b7f4460d7272a33f66f860de4b898ea606643ec30d12479543e1fbd98,included,housing_social_welfare_leaf,1.0.0,social_welfare,1.0.0,metric,social_welfare,,753.69,utility_points,{},ok,valid,[],"[""event_00000134""]",evaluation_receipt,episode_attempt_c46910d2fa92ca64dcd6,416ccf3b7f4460d7272a33f66f860de4b898ea606643ec30d12479543e1fbd98,true
result_81590646d52ca38eafbb9e7d,runplan_3294d84d7cc1ba81,cell_a5512068bd4c2fc5485b,housing_v1__experiment__000004,housing_v1,housing_controlled_model_landlords_experiment,episode_attempt_c46910d2fa92ca64dcd6,416ccf3b7f4460d7272a33f66f860de4b898ea606643ec30d12479543e1fbd98,included,housing_social_welfare_leaf,1.0.0,social_welfare,1.0.0,metric,upper_bound_gap,,385.03999999999996,utility_points,{},ok,valid,[],"[""event_00000134""]",evaluation_receipt,episode_attempt_c46910d2fa92ca64dcd6,416ccf3b7f4460d7272a33f66f860de4b898ea606643ec30d12479543e1fbd98,true
result_52ab4f7af0f37354d8ca4fc7,runplan_3294d84d7cc1ba81,cell_a5512068bd4c2fc5485b,housing_v1__experiment__000004,housing_v1,housing_controlled_model_landlords_experiment,episode_attempt_c46910d2fa92ca64dcd6,416ccf3b7f4460d7272a33f66f860de4b898ea606643ec30d12479543e1fbd98,included,housing_social_welfare_leaf,1.0.0,social_welfare,1.0.0,metric,wasted_contacts,,3.0,count,{},ok,valid,[],"[""event_00000134""]",evaluation_receipt,episode_attempt_c46910d2fa92ca64dcd6,416ccf3b7f4460d7272a33f66f860de4b898ea606643ec30d12479543e1fbd98,true
result_e6c6ce7ed7ad5bba36ba7aa9,runplan_3294d84d7cc1ba81,cell_a5512068bd4c2fc5485b,housing_v1__experiment__000004,housing_v1,housing_controlled_model_landlords_experiment,episode_attempt_c46910d2fa92ca64dcd6,416ccf3b7f4460d7272a33f66f860de4b898ea606643ec30d12479543e1fbd98,included,housing_social_welfare_leaf,1.0.0,social_welfare,1.0.0,metric,within_case_score,,0.6618689241523452,ratio,{},ok,valid,[],"[""event_00000134""]",evaluation_receipt,episode_attempt_c46910d2fa92ca64dcd6,416ccf3b7f4460d7272a33f66f860de4b898ea606643ec30d12479543e1fbd98,true
result_b053f792be73ff44009773d9,runplan_3294d84d7cc1ba81,cell_a5512068bd4c2fc5485b,housing_v1__experiment__000004,housing_v1,housing_controlled_model_landlords_experiment,episode_attempt_c46910d2fa92ca64dcd6,416ccf3b7f4460d7272a33f66f860de4b898ea606643ec30d12479543e1fbd98,included,housing_social_welfare_leaf,1.0.0,social_welfare,1.0.0,reference,comparison_baseline,,753.69,utility_points,"{""policy"":""naive"",""reference_kind"":""comparison_baseline""}",ok,valid,[],"[""event_00000134""]",evaluation_receipt,episode_attempt_c46910d2fa92ca64dcd6,416ccf3b7f4460d7272a33f66f860de4b898ea606643ec30d12479543e1fbd98,true
result_ae3a532a35f3a393d3b7faf4,runplan_3294d84d7cc1ba81,cell_a5512068bd4c2fc5485b,housing_v1__experiment__000004,housing_v1,housing_controlled_model_landlords_experiment,episode_attempt_c46910d2fa92ca64dcd6,416ccf3b7f4460d7272a33f66f860de4b898ea606643ec30d12479543e1fbd98,included,housing_social_welfare_leaf,1.0.0,social_welfare,1.0.0,reference,optimum_lower_bound,,0.0,utility_points,"{""policy"":""do_nothing"",""reference_kind"":""objective_lower_bound""}",ok,valid,[],"[""event_00000134""]",evaluation_receipt,episode_attempt_c46910d2fa92ca64dcd6,416ccf3b7f4460d7272a33f66f860de4b898ea606643ec30d12479543e1fbd98,true
result_421191d9719f2cf5343372b8,runplan_3294d84d7cc1ba81,cell_a5512068bd4c2fc5485b,housing_v1__experiment__000004,housing_v1,housing_controlled_model_landlords_experiment,episode_attempt_c46910d2fa92ca64dcd6,416ccf3b7f4460d7272a33f66f860de4b898ea606643ec30d12479543e1fbd98,included,housing_social_welfare_leaf,1.0.0,social_welfare,1.0.0,reference,optimum_upper_bound,,1138.73,utility_points,"{""reference_kind"":""objective_upper_bound"",""semantics"":""full_information_allocation_relaxation""}",ok,valid,[],"[""event_00000134""]",evaluation_receipt,episode_attempt_c46910d2fa92ca64dcd6,416ccf3b7f4460d7272a33f66f860de4b898ea606643ec30d12479543e1fbd98,true
result_0d157e7fdb66ee94a85751bd,runplan_3294d84d7cc1ba81,cell_a5512068bd4c2fc5485b,housing_v1__experiment__000004,housing_v1,housing_controlled_model_landlords_experiment,episode_attempt_c46910d2fa92ca64dcd6,416ccf3b7f4460d7272a33f66f860de4b898ea606643ec30d12479543e1fbd98,included,housing_social_welfare_leaf,1.0.0,social_welfare,1.0.0,utility,landlord_0,landlord_0,41.38,utility_points,"{""disagreement_utility"":0.0}",ok,valid,[],"[""event_00000134""]",evaluation_receipt,episode_attempt_c46910d2fa92ca64dcd6,416ccf3b7f4460d7272a33f66f860de4b898ea606643ec30d12479543e1fbd98,true
result_366b710336b59f288a2ddaf5,runplan_3294d84d7cc1ba81,cell_a5512068bd4c2fc5485b,housing_v1__experiment__000004,housing_v1,housing_controlled_model_landlords_experiment,episode_attempt_c46910d2fa92ca64dcd6,416ccf3b7f4460d7272a33f66f860de4b898ea606643ec30d12479543e1fbd98,included,housing_social_welfare_leaf,1.0.0,social_welfare,1.0.0,utility,landlord_1,landlord_1,51.25,utility_points,"{""disagreement_utility"":0.0}",ok,valid,[],"[""event_00000134""]",evaluation_receipt,episode_attempt_c46910d2fa92ca64dcd6,416ccf3b7f4460d7272a33f66f860de4b898ea606643ec30d12479543e1fbd98,true
result_01168233b5d3af98e5db3871,runplan_3294d84d7cc1ba81,cell_a5512068bd4c2fc5485b,housing_v1__experiment__000004,housing_v1,housing_controlled_model_landlords_experiment,episode_attempt_c46910d2fa92ca64dcd6,416ccf3b7f4460d7272a33f66f860de4b898ea606643ec30d12479543e1fbd98,included,housing_social_welfare_leaf,1.0.0,social_welfare,1.0.0,utility,landlord_2,landlord_2,52.76,utility_points,"{""disagreement_utility"":0.0}",ok,valid,[],"[""event_00000134""]",evaluation_receipt,episode_attempt_c46910d2fa92ca64dcd6,416ccf3b7f4460d7272a33f66f860de4b898ea606643ec30d12479543e1fbd98,true
result_2a39c9bc208c4f28e207c095,runplan_3294d84d7cc1ba81,cell_a5512068bd4c2fc5485b,housing_v1__experiment__000004,housing_v1,housing_controlled_model_landlords_experiment,episode_attempt_c46910d2fa92ca64dcd6,416ccf3b7f4460d7272a33f66f860de4b898ea606643ec30d12479543e1fbd98,included,housing_social_welfare_leaf,1.0.0,social_welfare,1.0.0,utility,tenant_0,tenant_0,232.62,utility_points,"{""disagreement_utility"":0.0}",ok,valid,[],"[""event_00000134""]",evaluation_receipt,episode_attempt_c46910d2fa92ca64dcd6,416ccf3b7f4460d7272a33f66f860de4b898ea606643ec30d12479543e1fbd98,true
result_0feeccada62bcf05c53a075e,runplan_3294d84d7cc1ba81,cell_a5512068bd4c2fc5485b,housing_v1__experiment__000004,housing_v1,housing_controlled_model_landlords_experiment,episode_attempt_c46910d2fa92ca64dcd6,416ccf3b7f4460d7272a33f66f860de4b898ea606643ec30d12479543e1fbd98,included,housing_social_welfare_leaf,1.0.0,social_welfare,1.0.0,utility,tenant_1,tenant_1,0.0,utility_points,"{""disagreement_utility"":0.0}",ok,valid,[],"[""event_00000134""]",evaluation_receipt,episode_attempt_c46910d2fa92ca64dcd6,416ccf3b7f4460d7272a33f66f860de4b898ea606643ec30d12479543e1fbd98,true
result_e8fc1b438ebbec8efb2566d7,runplan_3294d84d7cc1ba81,cell_a5512068bd4c2fc5485b,housing_v1__experiment__000004,housing_v1,housing_controlled_model_landlords_experiment,episode_attempt_c46910d2fa92ca64dcd6,416ccf3b7f4460d7272a33f66f860de4b898ea606643ec30d12479543e1fbd98,included,housing_social_welfare_leaf,1.0.0,social_welfare,1.0.0,utility,tenant_2,tenant_2,259.87,utility_points,"{""disagreement_utility"":0.0}",ok,valid,[],"[""event_00000134""]",evaluation_receipt,episode_attempt_c46910d2fa92ca64dcd6,416ccf3b7f4460d7272a33f66f860de4b898ea606643ec30d12479543e1fbd98,true
result_e1103192252caa32676806de,runplan_3294d84d7cc1ba81,cell_a5512068bd4c2fc5485b,housing_v1__experiment__000004,housing_v1,housing_controlled_model_landlords_experiment,episode_attempt_c46910d2fa92ca64dcd6,416ccf3b7f4460d7272a33f66f860de4b898ea606643ec30d12479543e1fbd98,included,housing_social_welfare_leaf,1.0.0,social_welfare,1.0.0,utility,tenant_3,tenant_3,115.81,utility_points,"{""disagreement_utility"":0.0}",ok,valid,[],"[""event_00000134""]",evaluation_receipt,episode_attempt_c46910d2fa92ca64dcd6,416ccf3b7f4460d7272a33f66f860de4b898ea606643ec30d12479543e1fbd98,true
result_3ac3656fe4d43c726b48d0f8,runplan_3294d84d7cc1ba81,cell_a5512068bd4c2fc5485b,housing_v1__experiment__000004,housing_v1,housing_controlled_model_landlords_experiment,episode_attempt_c46910d2fa92ca64dcd6,416ccf3b7f4460d7272a33f66f860de4b898ea606643ec30d12479543e1fbd98,included,housing_social_welfare_leaf,1.0.0,social_welfare,1.0.0,utility,tenant_4,tenant_4,0.0,utility_points,"{""disagreement_utility"":0.0}",ok,valid,[],"[""event_00000134""]",evaluation_receipt,episode_attempt_c46910d2fa92ca64dcd6,416ccf3b7f4460d7272a33f66f860de4b898ea606643ec30d12479543e1fbd98,true
result_56cf241e5af49c0be7842665,runplan_3294d84d7cc1ba81,cell_a5512068bd4c2fc5485b,housing_v1__experiment__000004,housing_v1,housing_controlled_model_landlords_experiment,episode_attempt_c46910d2fa92ca64dcd6,416ccf3b7f4460d7272a33f66f860de4b898ea606643ec30d12479543e1fbd98,included,housing_social_welfare_leaf,1.0.0,social_welfare,1.0.0,utility,tenant_5,tenant_5,0.0,utility_points,"{""disagreement_utility"":0.0}",ok,valid,[],"[""event_00000134""]",evaluation_receipt,episode_attempt_c46910d2fa92ca64dcd6,416ccf3b7f4460d7272a33f66f860de4b898ea606643ec30d12479543e1fbd98,true
result_e339477ca4ba4564a32c3951,runplan_3294d84d7cc1ba81,cell_a5512068bd4c2fc5485b,housing_v1__experiment__000004,housing_v1,housing_controlled_model_landlords_experiment,episode_attempt_c46910d2fa92ca64dcd6,416ccf3b7f4460d7272a33f66f860de4b898ea606643ec30d12479543e1fbd98,included,housing_social_welfare_leaf,1.0.0,social_welfare,1.0.0,capture,landlord_0,landlord_0,41.38,utility_points,"{""disagreement_utility"":0.0}",ok,valid,[],"[""event_00000134""]",evaluation_receipt,episode_attempt_c46910d2fa92ca64dcd6,416ccf3b7f4460d7272a33f66f860de4b898ea606643ec30d12479543e1fbd98,true
result_2b17c365888ade151bc3be9d,runplan_3294d84d7cc1ba81,cell_a5512068bd4c2fc5485b,housing_v1__experiment__000004,housing_v1,housing_controlled_model_landlords_experiment,episode_attempt_c46910d2fa92ca64dcd6,416ccf3b7f4460d7272a33f66f860de4b898ea606643ec30d12479543e1fbd98,included,housing_social_welfare_leaf,1.0.0,social_welfare,1.0.0,capture,landlord_1,landlord_1,51.25,utility_points,"{""disagreement_utility"":0.0}",ok,valid,[],"[""event_00000134""]",evaluation_receipt,episode_attempt_c46910d2fa92ca64dcd6,416ccf3b7f4460d7272a33f66f860de4b898ea606643ec30d12479543e1fbd98,true
result_9ab9e09cfa5fd02460e1a494,runplan_3294d84d7cc1ba81,cell_a5512068bd4c2fc5485b,housing_v1__experiment__000004,housing_v1,housing_controlled_model_landlords_experiment,episode_attempt_c46910d2fa92ca64dcd6,416ccf3b7f4460d7272a33f66f860de4b898ea606643ec30d12479543e1fbd98,included,housing_social_welfare_leaf,1.0.0,social_welfare,1.0.0,capture,landlord_2,landlord_2,52.76,utility_points,"{""disagreement_utility"":0.0}",ok,valid,[],"[""event_00000134""]",evaluation_receipt,episode_attempt_c46910d2fa92ca64dcd6,416ccf3b7f4460d7272a33f66f860de4b898ea606643ec30d12479543e1fbd98,true
result_d9f8870d667e2bb9c2105585,runplan_3294d84d7cc1ba81,cell_a5512068bd4c2fc5485b,housing_v1__experiment__000004,housing_v1,housing_controlled_model_landlords_experiment,episode_attempt_c46910d2fa92ca64dcd6,416ccf3b7f4460d7272a33f66f860de4b898ea606643ec30d12479543e1fbd98,included,housing_social_welfare_leaf,1.0.0,social_welfare,1.0.0,capture,tenant_0,tenant_0,232.62,utility_points,"{""disagreement_utility"":0.0}",ok,valid,[],"[""event_00000134""]",evaluation_receipt,episode_attempt_c46910d2fa92ca64dcd6,416ccf3b7f4460d7272a33f66f860de4b898ea606643ec30d12479543e1fbd98,true
result_5c353cc04895c9ff91290b5b,runplan_3294d84d7cc1ba81,cell_a5512068bd4c2fc5485b,housing_v1__experiment__000004,housing_v1,housing_controlled_model_landlords_experiment,episode_attempt_c46910d2fa92ca64dcd6,416ccf3b7f4460d7272a33f66f860de4b898ea606643ec30d12479543e1fbd98,included,housing_social_welfare_leaf,1.0.0,social_welfare,1.0.0,capture,tenant_1,tenant_1,0.0,utility_points,"{""disagreement_utility"":0.0}",ok,valid,[],"[""event_00000134""]",evaluation_receipt,episode_attempt_c46910d2fa92ca64dcd6,416ccf3b7f4460d7272a33f66f860de4b898ea606643ec30d12479543e1fbd98,true
result_94442839105e50e0a553fdd2,runplan_3294d84d7cc1ba81,cell_a5512068bd4c2fc5485b,housing_v1__experiment__000004,housing_v1,housing_controlled_model_landlords_experiment,episode_attempt_c46910d2fa92ca64dcd6,416ccf3b7f4460d7272a33f66f860de4b898ea606643ec30d12479543e1fbd98,included,housing_social_welfare_leaf,1.0.0,social_welfare,1.0.0,capture,tenant_2,tenant_2,259.87,utility_points,"{""disagreement_utility"":0.0}",ok,valid,[],"[""event_00000134""]",evaluation_receipt,episode_attempt_c46910d2fa92ca64dcd6,416ccf3b7f4460d7272a33f66f860de4b898ea606643ec30d12479543e1fbd98,true
result_7b23f4a31a6cbb8cfe1fe06d,runplan_3294d84d7cc1ba81,cell_a5512068bd4c2fc5485b,housing_v1__experiment__000004,housing_v1,housing_controlled_model_landlords_experiment,episode_attempt_c46910d2fa92ca64dcd6,416ccf3b7f4460d7272a33f66f860de4b898ea606643ec30d12479543e1fbd98,included,housing_social_welfare_leaf,1.0.0,social_welfare,1.0.0,capture,tenant_3,tenant_3,115.81,utility_points,"{""disagreement_utility"":0.0}",ok,valid,[],"[""event_00000134""]",evaluation_receipt,episode_attempt_c46910d2fa92ca64dcd6,416ccf3b7f4460d7272a33f66f860de4b898ea606643ec30d12479543e1fbd98,true
result_e90fc2a77be1d2fe236573fd,runplan_3294d84d7cc1ba81,cell_a5512068bd4c2fc5485b,housing_v1__experiment__000004,housing_v1,housing_controlled_model_landlords_experiment,episode_attempt_c46910d2fa92ca64dcd6,416ccf3b7f4460d7272a33f66f860de4b898ea606643ec30d12479543e1fbd98,included,housing_social_welfare_leaf,1.0.0,social_welfare,1.0.0,capture,tenant_4,tenant_4,0.0,utility_points,"{""disagreement_utility"":0.0}",ok,valid,[],"[""event_00000134""]",evaluation_receipt,episode_attempt_c46910d2fa92ca64dcd6,416ccf3b7f4460d7272a33f66f860de4b898ea606643ec30d12479543e1fbd98,true
result_988121e0ee97a95997bb0fc2,runplan_3294d84d7cc1ba81,cell_a5512068bd4c2fc5485b,housing_v1__experiment__000004,housing_v1,housing_controlled_model_landlords_experiment,episode_attempt_c46910d2fa92ca64dcd6,416ccf3b7f4460d7272a33f66f860de4b898ea606643ec30d12479543e1fbd98,included,housing_social_welfare_leaf,1.0.0,social_welfare,1.0.0,capture,tenant_5,tenant_5,0.0,utility_points,"{""disagreement_utility"":0.0}",ok,valid,[],"[""event_00000134""]",evaluation_receipt,episode_attempt_c46910d2fa92ca64dcd6,416ccf3b7f4460d7272a33f66f860de4b898ea606643ec30d12479543e1fbd98,true
result_e8efce1cda6724dc6d14954e,runplan_3294d84d7cc1ba81,cell_a8e3be25c91ab0fa077a,housing_v1__experiment__000007,housing_v1,housing_controlled_model_landlords_experiment,episode_attempt_f3c3bfe585dc94052408,187e7e80189cf5db89de4d0a13d416d578562c3282b4b50a92927d4ff8e7de3a,included,housing_social_welfare_leaf,1.0.0,social_welfare,1.0.0,primary,social_welfare,,1000.32,utility_points,{},ok,valid,[],"[""event_00000134""]",evaluation_receipt,episode_attempt_f3c3bfe585dc94052408,187e7e80189cf5db89de4d0a13d416d578562c3282b4b50a92927d4ff8e7de3a,true
result_8e0fb37ae36cca07b20a31c5,runplan_3294d84d7cc1ba81,cell_a8e3be25c91ab0fa077a,housing_v1__experiment__000007,housing_v1,housing_controlled_model_landlords_experiment,episode_attempt_f3c3bfe585dc94052408,187e7e80189cf5db89de4d0a13d416d578562c3282b4b50a92927d4ff8e7de3a,included,housing_social_welfare_leaf,1.0.0,social_welfare,1.0.0,metric,comparison_baseline_gap,,231.7700000000001,utility_points,{},ok,valid,[],"[""event_00000134""]",evaluation_receipt,episode_attempt_f3c3bfe585dc94052408,187e7e80189cf5db89de4d0a13d416d578562c3282b4b50a92927d4ff8e7de3a,true
result_46f360f6443b6247982cb0b6,runplan_3294d84d7cc1ba81,cell_a8e3be25c91ab0fa077a,housing_v1__experiment__000007,housing_v1,housing_controlled_model_landlords_experiment,episode_attempt_f3c3bfe585dc94052408,187e7e80189cf5db89de4d0a13d416d578562c3282b4b50a92927d4ff8e7de3a,included,housing_social_welfare_leaf,1.0.0,social_welfare,1.0.0,metric,ir_violation_count,,0.0,count,{},ok,valid,[],"[""event_00000134""]",evaluation_receipt,episode_attempt_f3c3bfe585dc94052408,187e7e80189cf5db89de4d0a13d416d578562c3282b4b50a92927d4ff8e7de3a,true
result_0c864701e265d602d20c8604,runplan_3294d84d7cc1ba81,cell_a8e3be25c91ab0fa077a,housing_v1__experiment__000007,housing_v1,housing_controlled_model_landlords_experiment,episode_attempt_f3c3bfe585dc94052408,187e7e80189cf5db89de4d0a13d416d578562c3282b4b50a92927d4ff8e7de3a,included,housing_social_welfare_leaf,1.0.0,social_welfare,1.0.0,metric,social_welfare,,1000.32,utility_points,{},ok,valid,[],"[""event_00000134""]",evaluation_receipt,episode_attempt_f3c3bfe585dc94052408,187e7e80189cf5db89de4d0a13d416d578562c3282b4b50a92927d4ff8e7de3a,true
result_adfdb5eb373970103b4f4b99,runplan_3294d84d7cc1ba81,cell_a8e3be25c91ab0fa077a,housing_v1__experiment__000007,housing_v1,housing_controlled_model_landlords_experiment,episode_attempt_f3c3bfe585dc94052408,187e7e80189cf5db89de4d0a13d416d578562c3282b4b50a92927d4ff8e7de3a,included,housing_social_welfare_leaf,1.0.0,social_welfare,1.0.0,metric,upper_bound_gap,,332.36,utility_points,{},ok,valid,[],"[""event_00000134""]",evaluation_receipt,episode_attempt_f3c3bfe585dc94052408,187e7e80189cf5db89de4d0a13d416d578562c3282b4b50a92927d4ff8e7de3a,true
result_467e8cd5c91eda2d6a710695,runplan_3294d84d7cc1ba81,cell_a8e3be25c91ab0fa077a,housing_v1__experiment__000007,housing_v1,housing_controlled_model_landlords_experiment,episode_attempt_f3c3bfe585dc94052408,187e7e80189cf5db89de4d0a13d416d578562c3282b4b50a92927d4ff8e7de3a,included,housing_social_welfare_leaf,1.0.0,social_welfare,1.0.0,metric,wasted_contacts,,3.0,count,{},ok,valid,[],"[""event_00000134""]",evaluation_receipt,episode_attempt_f3c3bfe585dc94052408,187e7e80189cf5db89de4d0a13d416d578562c3282b4b50a92927d4ff8e7de3a,true
result_9030206efda2177e22661e32,runplan_3294d84d7cc1ba81,cell_a8e3be25c91ab0fa077a,housing_v1__experiment__000007,housing_v1,housing_controlled_model_landlords_experiment,episode_attempt_f3c3bfe585dc94052408,187e7e80189cf5db89de4d0a13d416d578562c3282b4b50a92927d4ff8e7de3a,included,housing_social_welfare_leaf,1.0.0,social_welfare,1.0.0,metric,within_case_score,,0.7506077978209322,ratio,{},ok,valid,[],"[""event_00000134""]",evaluation_receipt,episode_attempt_f3c3bfe585dc94052408,187e7e80189cf5db89de4d0a13d416d578562c3282b4b50a92927d4ff8e7de3a,true
result_43b93e766b536373907138a2,runplan_3294d84d7cc1ba81,cell_a8e3be25c91ab0fa077a,housing_v1__experiment__000007,housing_v1,housing_controlled_model_landlords_experiment,episode_attempt_f3c3bfe585dc94052408,187e7e80189cf5db89de4d0a13d416d578562c3282b4b50a92927d4ff8e7de3a,included,housing_social_welfare_leaf,1.0.0,social_welfare,1.0.0,reference,comparison_baseline,,768.55,utility_points,"{""policy"":""naive"",""reference_kind"":""comparison_baseline""}",ok,valid,[],"[""event_00000134""]",evaluation_receipt,episode_attempt_f3c3bfe585dc94052408,187e7e80189cf5db89de4d0a13d416d578562c3282b4b50a92927d4ff8e7de3a,true
result_1122e6b164436ec77c8b0f6b,runplan_3294d84d7cc1ba81,cell_a8e3be25c91ab0fa077a,housing_v1__experiment__000007,housing_v1,housing_controlled_model_landlords_experiment,episode_attempt_f3c3bfe585dc94052408,187e7e80189cf5db89de4d0a13d416d578562c3282b4b50a92927d4ff8e7de3a,included,housing_social_welfare_leaf,1.0.0,social_welfare,1.0.0,reference,optimum_lower_bound,,0.0,utility_points,"{""policy"":""do_nothing"",""reference_kind"":""objective_lower_bound""}",ok,valid,[],"[""event_00000134""]",evaluation_receipt,episode_attempt_f3c3bfe585dc94052408,187e7e80189cf5db89de4d0a13d416d578562c3282b4b50a92927d4ff8e7de3a,true
result_556753b281f3e5be6ead1e23,runplan_3294d84d7cc1ba81,cell_a8e3be25c91ab0fa077a,housing_v1__experiment__000007,housing_v1,housing_controlled_model_landlords_experiment,episode_attempt_f3c3bfe585dc94052408,187e7e80189cf5db89de4d0a13d416d578562c3282b4b50a92927d4ff8e7de3a,included,housing_social_welfare_leaf,1.0.0,social_welfare,1.0.0,reference,optimum_upper_bound,,1332.68,utility_points,"{""reference_kind"":""objective_upper_bound"",""semantics"":""full_information_allocation_relaxation""}",ok,valid,[],"[""event_00000134""]",evaluation_receipt,episode_attempt_f3c3bfe585dc94052408,187e7e80189cf5db89de4d0a13d416d578562c3282b4b50a92927d4ff8e7de3a,true
result_f832393a5fe666d9bb6b326c,runplan_3294d84d7cc1ba81,cell_a8e3be25c91ab0fa077a,housing_v1__experiment__000007,housing_v1,housing_controlled_model_landlords_experiment,episode_attempt_f3c3bfe585dc94052408,187e7e80189cf5db89de4d0a13d416d578562c3282b4b50a92927d4ff8e7de3a,included,housing_social_welfare_leaf,1.0.0,social_welfare,1.0.0,utility,landlord_0,landlord_0,23.64,utility_points,"{""disagreement_utility"":0.0}",ok,valid,[],"[""event_00000134""]",evaluation_receipt,episode_attempt_f3c3bfe585dc94052408,187e7e80189cf5db89de4d0a13d416d578562c3282b4b50a92927d4ff8e7de3a,true
result_787fddd5db471b46b59c9681,runplan_3294d84d7cc1ba81,cell_a8e3be25c91ab0fa077a,housing_v1__experiment__000007,housing_v1,housing_controlled_model_landlords_experiment,episode_attempt_f3c3bfe585dc94052408,187e7e80189cf5db89de4d0a13d416d578562c3282b4b50a92927d4ff8e7de3a,included,housing_social_welfare_leaf,1.0.0,social_welfare,1.0.0,utility,landlord_1,landlord_1,26.68,utility_points,"{""disagreement_utility"":0.0}",ok,valid,[],"[""event_00000134""]",evaluation_receipt,episode_attempt_f3c3bfe585dc94052408,187e7e80189cf5db89de4d0a13d416d578562c3282b4b50a92927d4ff8e7de3a,true
result_72ac44ce15fe3686eb1d768c,runplan_3294d84d7cc1ba81,cell_a8e3be25c91ab0fa077a,housing_v1__experiment__000007,housing_v1,housing_controlled_model_landlords_experiment,episode_attempt_f3c3bfe585dc94052408,187e7e80189cf5db89de4d0a13d416d578562c3282b4b50a92927d4ff8e7de3a,included,housing_social_welfare_leaf,1.0.0,social_welfare,1.0.0,utility,landlord_2,landlord_2,88.42,utility_points,"{""disagreement_utility"":0.0}",ok,valid,[],"[""event_00000134""]",evaluation_receipt,episode_attempt_f3c3bfe585dc94052408,187e7e80189cf5db89de4d0a13d416d578562c3282b4b50a92927d4ff8e7de3a,true
result_3db6bdbb5418694a9f561847,runplan_3294d84d7cc1ba81,cell_a8e3be25c91ab0fa077a,housing_v1__experiment__000007,housing_v1,housing_controlled_model_landlords_experiment,episode_attempt_f3c3bfe585dc94052408,187e7e80189cf5db89de4d0a13d416d578562c3282b4b50a92927d4ff8e7de3a,included,housing_social_welfare_leaf,1.0.0,social_welfare,1.0.0,utility,tenant_0,tenant_0,131.23,utility_points,"{""disagreement_utility"":0.0}",ok,valid,[],"[""event_00000134""]",evaluation_receipt,episode_attempt_f3c3bfe585dc94052408,187e7e80189cf5db89de4d0a13d416d578562c3282b4b50a92927d4ff8e7de3a,true
result_bdb924535d456d7c23a16e6e,runplan_3294d84d7cc1ba81,cell_a8e3be25c91ab0fa077a,housing_v1__experiment__000007,housing_v1,housing_controlled_model_landlords_experiment,episode_attempt_f3c3bfe585dc94052408,187e7e80189cf5db89de4d0a13d416d578562c3282b4b50a92927d4ff8e7de3a,included,housing_social_welfare_leaf,1.0.0,social_welfare,1.0.0,utility,tenant_1,tenant_1,355.31,utility_points,"{""disagreement_utility"":0.0}",ok,valid,[],"[""event_00000134""]",evaluation_receipt,episode_attempt_f3c3bfe585dc94052408,187e7e80189cf5db89de4d0a13d416d578562c3282b4b50a92927d4ff8e7de3a,true
result_67ba1092477f6d48df27c59d,runplan_3294d84d7cc1ba81,cell_a8e3be25c91ab0fa077a,housing_v1__experiment__000007,housing_v1,housing_controlled_model_landlords_experiment,episode_attempt_f3c3bfe585dc94052408,187e7e80189cf5db89de4d0a13d416d578562c3282b4b50a92927d4ff8e7de3a,included,housing_social_welfare_leaf,1.0.0,social_welfare,1.0.0,utility,tenant_2,tenant_2,0.0,utility_points,"{""disagreement_utility"":0.0}",ok,valid,[],"[""event_00000134""]",evaluation_receipt,episode_attempt_f3c3bfe585dc94052408,187e7e80189cf5db89de4d0a13d416d578562c3282b4b50a92927d4ff8e7de3a,true
result_5cbc6d60fa2ff7d124335829,runplan_3294d84d7cc1ba81,cell_a8e3be25c91ab0fa077a,housing_v1__experiment__000007,housing_v1,housing_controlled_model_landlords_experiment,episode_attempt_f3c3bfe585dc94052408,187e7e80189cf5db89de4d0a13d416d578562c3282b4b50a92927d4ff8e7de3a,included,housing_social_welfare_leaf,1.0.0,social_welfare,1.0.0,utility,tenant_3,tenant_3,0.0,utility_points,"{""disagreement_utility"":0.0}",ok,valid,[],"[""event_00000134""]",evaluation_receipt,episode_attempt_f3c3bfe585dc94052408,187e7e80189cf5db89de4d0a13d416d578562c3282b4b50a92927d4ff8e7de3a,true
result_2afe1b9d1eeef8b40ed726dc,runplan_3294d84d7cc1ba81,cell_a8e3be25c91ab0fa077a,housing_v1__experiment__000007,housing_v1,housing_controlled_model_landlords_experiment,episode_attempt_f3c3bfe585dc94052408,187e7e80189cf5db89de4d0a13d416d578562c3282b4b50a92927d4ff8e7de3a,included,housing_social_welfare_leaf,1.0.0,social_welfare,1.0.0,utility,tenant_4,tenant_4,375.04,utility_points,"{""disagreement_utility"":0.0}",ok,valid,[],"[""event_00000134""]",evaluation_receipt,episode_attempt_f3c3bfe585dc94052408,187e7e80189cf5db89de4d0a13d416d578562c3282b4b50a92927d4ff8e7de3a,true
result_2ddf6b5fa93616d6f83ecfbd,runplan_3294d84d7cc1ba81,cell_a8e3be25c91ab0fa077a,housing_v1__experiment__000007,housing_v1,housing_controlled_model_landlords_experiment,episode_attempt_f3c3bfe585dc94052408,187e7e80189cf5db89de4d0a13d416d578562c3282b4b50a92927d4ff8e7de3a,included,housing_social_welfare_leaf,1.0.0,social_welfare,1.0.0,utility,tenant_5,tenant_5,0.0,utility_points,"{""disagreement_utility"":0.0}",ok,valid,[],"[""event_00000134""]",evaluation_receipt,episode_attempt_f3c3bfe585dc94052408,187e7e80189cf5db89de4d0a13d416d578562c3282b4b50a92927d4ff8e7de3a,true
result_fb63bce1eecc1347c444065f,runplan_3294d84d7cc1ba81,cell_a8e3be25c91ab0fa077a,housing_v1__experiment__000007,housing_v1,housing_controlled_model_landlords_experiment,episode_attempt_f3c3bfe585dc94052408,187e7e80189cf5db89de4d0a13d416d578562c3282b4b50a92927d4ff8e7de3a,included,housing_social_welfare_leaf,1.0.0,social_welfare,1.0.0,capture,landlord_0,landlord_0,23.64,utility_points,"{""disagreement_utility"":0.0}",ok,valid,[],"[""event_00000134""]",evaluation_receipt,episode_attempt_f3c3bfe585dc94052408,187e7e80189cf5db89de4d0a13d416d578562c3282b4b50a92927d4ff8e7de3a,true
result_46085280fcd934f3dc8f9982,runplan_3294d84d7cc1ba81,cell_a8e3be25c91ab0fa077a,housing_v1__experiment__000007,housing_v1,housing_controlled_model_landlords_experiment,episode_attempt_f3c3bfe585dc94052408,187e7e80189cf5db89de4d0a13d416d578562c3282b4b50a92927d4ff8e7de3a,included,housing_social_welfare_leaf,1.0.0,social_welfare,1.0.0,capture,landlord_1,landlord_1,26.68,utility_points,"{""disagreement_utility"":0.0}",ok,valid,[],"[""event_00000134""]",evaluation_receipt,episode_attempt_f3c3bfe585dc94052408,187e7e80189cf5db89de4d0a13d416d578562c3282b4b50a92927d4ff8e7de3a,true
result_685d73bb8e5a0eaae1d7e22a,runplan_3294d84d7cc1ba81,cell_a8e3be25c91ab0fa077a,housing_v1__experiment__000007,housing_v1,housing_controlled_model_landlords_experiment,episode_attempt_f3c3bfe585dc94052408,187e7e80189cf5db89de4d0a13d416d578562c3282b4b50a92927d4ff8e7de3a,included,housing_social_welfare_leaf,1.0.0,social_welfare,1.0.0,capture,landlord_2,landlord_2,88.42,utility_points,"{""disagreement_utility"":0.0}",ok,valid,[],"[""event_00000134""]",evaluation_receipt,episode_attempt_f3c3bfe585dc94052408,187e7e80189cf5db89de4d0a13d416d578562c3282b4b50a92927d4ff8e7de3a,true
result_d8cd8a1cba73512143b83d0e,runplan_3294d84d7cc1ba81,cell_a8e3be25c91ab0fa077a,housing_v1__experiment__000007,housing_v1,housing_controlled_model_landlords_experiment,episode_attempt_f3c3bfe585dc94052408,187e7e80189cf5db89de4d0a13d416d578562c3282b4b50a92927d4ff8e7de3a,included,housing_social_welfare_leaf,1.0.0,social_welfare,1.0.0,capture,tenant_0,tenant_0,131.23,utility_points,"{""disagreement_utility"":0.0}",ok,valid,[],"[""event_00000134""]",evaluation_receipt,episode_attempt_f3c3bfe585dc94052408,187e7e80189cf5db89de4d0a13d416d578562c3282b4b50a92927d4ff8e7de3a,true
result_97fab5376e652ee961aaa3d7,runplan_3294d84d7cc1ba81,cell_a8e3be25c91ab0fa077a,housing_v1__experiment__000007,housing_v1,housing_controlled_model_landlords_experiment,episode_attempt_f3c3bfe585dc94052408,187e7e80189cf5db89de4d0a13d416d578562c3282b4b50a92927d4ff8e7de3a,included,housing_social_welfare_leaf,1.0.0,social_welfare,1.0.0,capture,tenant_1,tenant_1,355.31,utility_points,"{""disagreement_utility"":0.0}",ok,valid,[],"[""event_00000134""]",evaluation_receipt,episode_attempt_f3c3bfe585dc94052408,187e7e80189cf5db89de4d0a13d416d578562c3282b4b50a92927d4ff8e7de3a,true
result_e31b98a1b1159aa30b50c80e,runplan_3294d84d7cc1ba81,cell_a8e3be25c91ab0fa077a,housing_v1__experiment__000007,housing_v1,housing_controlled_model_landlords_experiment,episode_attempt_f3c3bfe585dc94052408,187e7e80189cf5db89de4d0a13d416d578562c3282b4b50a92927d4ff8e7de3a,included,housing_social_welfare_leaf,1.0.0,social_welfare,1.0.0,capture,tenant_2,tenant_2,0.0,utility_points,"{""disagreement_utility"":0.0}",ok,valid,[],"[""event_00000134""]",evaluation_receipt,episode_attempt_f3c3bfe585dc94052408,187e7e80189cf5db89de4d0a13d416d578562c3282b4b50a92927d4ff8e7de3a,true
result_35950ecc319e3551654976fc,runplan_3294d84d7cc1ba81,cell_a8e3be25c91ab0fa077a,housing_v1__experiment__000007,housing_v1,housing_controlled_model_landlords_experiment,episode_attempt_f3c3bfe585dc94052408,187e7e80189cf5db89de4d0a13d416d578562c3282b4b50a92927d4ff8e7de3a,included,housing_social_welfare_leaf,1.0.0,social_welfare,1.0.0,capture,tenant_3,tenant_3,0.0,utility_points,"{""disagreement_utility"":0.0}",ok,valid,[],"[""event_00000134""]",evaluation_receipt,episode_attempt_f3c3bfe585dc94052408,187e7e80189cf5db89de4d0a13d416d578562c3282b4b50a92927d4ff8e7de3a,true
result_f6694c3aa7716c1e9fe4cae7,runplan_3294d84d7cc1ba81,cell_a8e3be25c91ab0fa077a,housing_v1__experiment__000007,housing_v1,housing_controlled_model_landlords_experiment,episode_attempt_f3c3bfe585dc94052408,187e7e80189cf5db89de4d0a13d416d578562c3282b4b50a92927d4ff8e7de3a,included,housing_social_welfare_leaf,1.0.0,social_welfare,1.0.0,capture,tenant_4,tenant_4,375.04,utility_points,"{""disagreement_utility"":0.0}",ok,valid,[],"[""event_00000134""]",evaluation_receipt,episode_attempt_f3c3bfe585dc94052408,187e7e80189cf5db89de4d0a13d416d578562c3282b4b50a92927d4ff8e7de3a,true
result_93ca018a74baa359ddec4886,runplan_3294d84d7cc1ba81,cell_a8e3be25c91ab0fa077a,housing_v1__experiment__000007,housing_v1,housing_controlled_model_landlords_experiment,episode_attempt_f3c3bfe585dc94052408,187e7e80189cf5db89de4d0a13d416d578562c3282b4b50a92927d4ff8e7de3a,included,housing_social_welfare_leaf,1.0.0,social_welfare,1.0.0,capture,tenant_5,tenant_5,0.0,utility_points,"{""disagreement_utility"":0.0}",ok,valid,[],"[""event_00000134""]",evaluation_receipt,episode_attempt_f3c3bfe585dc94052408,187e7e80189cf5db89de4d0a13d416d578562c3282b4b50a92927d4ff8e7de3a,true
result_59b39860a6b6432dd9422a2e,runplan_3294d84d7cc1ba81,cell_d646949fed73abbb8fe3,housing_v1__experiment__000004,housing_v1,housing_controlled_model_landlords_experiment,episode_attempt_7cf6e48fc4921b2e29b7,5d8b83ba5d3a0155c72b7e011d8d8bf61b7395060974885d114a6b9d2196e389,included,housing_social_welfare_leaf,1.0.0,social_welfare,1.0.0,primary,social_welfare,,753.69,utility_points,{},ok,valid,[],"[""event_00000130""]",evaluation_receipt,episode_attempt_7cf6e48fc4921b2e29b7,5d8b83ba5d3a0155c72b7e011d8d8bf61b7395060974885d114a6b9d2196e389,true
result_685306a24150f01c2bccdc57,runplan_3294d84d7cc1ba81,cell_d646949fed73abbb8fe3,housing_v1__experiment__000004,housing_v1,housing_controlled_model_landlords_experiment,episode_attempt_7cf6e48fc4921b2e29b7,5d8b83ba5d3a0155c72b7e011d8d8bf61b7395060974885d114a6b9d2196e389,included,housing_social_welfare_leaf,1.0.0,social_welfare,1.0.0,metric,comparison_baseline_gap,,0.0,utility_points,{},ok,valid,[],"[""event_00000130""]",evaluation_receipt,episode_attempt_7cf6e48fc4921b2e29b7,5d8b83ba5d3a0155c72b7e011d8d8bf61b7395060974885d114a6b9d2196e389,true
result_2992945faeec69a510f93d92,runplan_3294d84d7cc1ba81,cell_d646949fed73abbb8fe3,housing_v1__experiment__000004,housing_v1,housing_controlled_model_landlords_experiment,episode_attempt_7cf6e48fc4921b2e29b7,5d8b83ba5d3a0155c72b7e011d8d8bf61b7395060974885d114a6b9d2196e389,included,housing_social_welfare_leaf,1.0.0,social_welfare,1.0.0,metric,ir_violation_count,,0.0,count,{},ok,valid,[],"[""event_00000130""]",evaluation_receipt,episode_attempt_7cf6e48fc4921b2e29b7,5d8b83ba5d3a0155c72b7e011d8d8bf61b7395060974885d114a6b9d2196e389,true
result_d8367f5851af91ab49e46b5b,runplan_3294d84d7cc1ba81,cell_d646949fed73abbb8fe3,housing_v1__experiment__000004,housing_v1,housing_controlled_model_landlords_experiment,episode_attempt_7cf6e48fc4921b2e29b7,5d8b83ba5d3a0155c72b7e011d8d8bf61b7395060974885d114a6b9d2196e389,included,housing_social_welfare_leaf,1.0.0,social_welfare,1.0.0,metric,social_welfare,,753.69,utility_points,{},ok,valid,[],"[""event_00000130""]",evaluation_receipt,episode_attempt_7cf6e48fc4921b2e29b7,5d8b83ba5d3a0155c72b7e011d8d8bf61b7395060974885d114a6b9d2196e389,true
result_243cf0d620983ed3450f764a,runplan_3294d84d7cc1ba81,cell_d646949fed73abbb8fe3,housing_v1__experiment__000004,housing_v1,housing_controlled_model_landlords_experiment,episode_attempt_7cf6e48fc4921b2e29b7,5d8b83ba5d3a0155c72b7e011d8d8bf61b7395060974885d114a6b9d2196e389,included,housing_social_welfare_leaf,1.0.0,social_welfare,1.0.0,metric,upper_bound_gap,,385.03999999999996,utility_points,{},ok,valid,[],"[""event_00000130""]",evaluation_receipt,episode_attempt_7cf6e48fc4921b2e29b7,5d8b83ba5d3a0155c72b7e011d8d8bf61b7395060974885d114a6b9d2196e389,true
result_8b799683cb307a57198bf04e,runplan_3294d84d7cc1ba81,cell_d646949fed73abbb8fe3,housing_v1__experiment__000004,housing_v1,housing_controlled_model_landlords_experiment,episode_attempt_7cf6e48fc4921b2e29b7,5d8b83ba5d3a0155c72b7e011d8d8bf61b7395060974885d114a6b9d2196e389,included,housing_social_welfare_leaf,1.0.0,social_welfare,1.0.0,metric,wasted_contacts,,3.0,count,{},ok,valid,[],"[""event_00000130""]",evaluation_receipt,episode_attempt_7cf6e48fc4921b2e29b7,5d8b83ba5d3a0155c72b7e011d8d8bf61b7395060974885d114a6b9d2196e389,true
result_82da543850c512ef792243f3,runplan_3294d84d7cc1ba81,cell_d646949fed73abbb8fe3,housing_v1__experiment__000004,housing_v1,housing_controlled_model_landlords_experiment,episode_attempt_7cf6e48fc4921b2e29b7,5d8b83ba5d3a0155c72b7e011d8d8bf61b7395060974885d114a6b9d2196e389,included,housing_social_welfare_leaf,1.0.0,social_welfare,1.0.0,metric,within_case_score,,0.6618689241523452,ratio,{},ok,valid,[],"[""event_00000130""]",evaluation_receipt,episode_attempt_7cf6e48fc4921b2e29b7,5d8b83ba5d3a0155c72b7e011d8d8bf61b7395060974885d114a6b9d2196e389,true
result_10b911402cc57dd63175f980,runplan_3294d84d7cc1ba81,cell_d646949fed73abbb8fe3,housing_v1__experiment__000004,housing_v1,housing_controlled_model_landlords_experiment,episode_attempt_7cf6e48fc4921b2e29b7,5d8b83ba5d3a0155c72b7e011d8d8bf61b7395060974885d114a6b9d2196e389,included,housing_social_welfare_leaf,1.0.0,social_welfare,1.0.0,reference,comparison_baseline,,753.69,utility_points,"{""policy"":""naive"",""reference_kind"":""comparison_baseline""}",ok,valid,[],"[""event_00000130""]",evaluation_receipt,episode_attempt_7cf6e48fc4921b2e29b7,5d8b83ba5d3a0155c72b7e011d8d8bf61b7395060974885d114a6b9d2196e389,true
result_44f542f4b2559bd61151a454,runplan_3294d84d7cc1ba81,cell_d646949fed73abbb8fe3,housing_v1__experiment__000004,housing_v1,housing_controlled_model_landlords_experiment,episode_attempt_7cf6e48fc4921b2e29b7,5d8b83ba5d3a0155c72b7e011d8d8bf61b7395060974885d114a6b9d2196e389,included,housing_social_welfare_leaf,1.0.0,social_welfare,1.0.0,reference,optimum_lower_bound,,0.0,utility_points,"{""policy"":""do_nothing"",""reference_kind"":""objective_lower_bound""}",ok,valid,[],"[""event_00000130""]",evaluation_receipt,episode_attempt_7cf6e48fc4921b2e29b7,5d8b83ba5d3a0155c72b7e011d8d8bf61b7395060974885d114a6b9d2196e389,true
result_85128e2f2c7f99a27f40c8e5,runplan_3294d84d7cc1ba81,cell_d646949fed73abbb8fe3,housing_v1__experiment__000004,housing_v1,housing_controlled_model_landlords_experiment,episode_attempt_7cf6e48fc4921b2e29b7,5d8b83ba5d3a0155c72b7e011d8d8bf61b7395060974885d114a6b9d2196e389,included,housing_social_welfare_leaf,1.0.0,social_welfare,1.0.0,reference,optimum_upper_bound,,1138.73,utility_points,"{""reference_kind"":""objective_upper_bound"",""semantics"":""full_information_allocation_relaxation""}",ok,valid,[],"[""event_00000130""]",evaluation_receipt,episode_attempt_7cf6e48fc4921b2e29b7,5d8b83ba5d3a0155c72b7e011d8d8bf61b7395060974885d114a6b9d2196e389,true
result_cc81e1fdeaaaac04acedea43,runplan_3294d84d7cc1ba81,cell_d646949fed73abbb8fe3,housing_v1__experiment__000004,housing_v1,housing_controlled_model_landlords_experiment,episode_attempt_7cf6e48fc4921b2e29b7,5d8b83ba5d3a0155c72b7e011d8d8bf61b7395060974885d114a6b9d2196e389,included,housing_social_welfare_leaf,1.0.0,social_welfare,1.0.0,utility,landlord_0,landlord_0,88.38,utility_points,"{""disagreement_utility"":0.0}",ok,valid,[],"[""event_00000130""]",evaluation_receipt,episode_attempt_7cf6e48fc4921b2e29b7,5d8b83ba5d3a0155c72b7e011d8d8bf61b7395060974885d114a6b9d2196e389,true
result_3c7a8c3ab5bc4198a64faba8,runplan_3294d84d7cc1ba81,cell_d646949fed73abbb8fe3,housing_v1__experiment__000004,housing_v1,housing_controlled_model_landlords_experiment,episode_attempt_7cf6e48fc4921b2e29b7,5d8b83ba5d3a0155c72b7e011d8d8bf61b7395060974885d114a6b9d2196e389,included,housing_social_welfare_leaf,1.0.0,social_welfare,1.0.0,utility,landlord_1,landlord_1,51.25,utility_points,"{""disagreement_utility"":0.0}",ok,valid,[],"[""event_00000130""]",evaluation_receipt,episode_attempt_7cf6e48fc4921b2e29b7,5d8b83ba5d3a0155c72b7e011d8d8bf61b7395060974885d114a6b9d2196e389,true
result_963ce7818b914a65234b3d60,runplan_3294d84d7cc1ba81,cell_d646949fed73abbb8fe3,housing_v1__experiment__000004,housing_v1,housing_controlled_model_landlords_experiment,episode_attempt_7cf6e48fc4921b2e29b7,5d8b83ba5d3a0155c72b7e011d8d8bf61b7395060974885d114a6b9d2196e389,included,housing_social_welfare_leaf,1.0.0,social_welfare,1.0.0,utility,landlord_2,landlord_2,52.76,utility_points,"{""disagreement_utility"":0.0}",ok,valid,[],"[""event_00000130""]",evaluation_receipt,episode_attempt_7cf6e48fc4921b2e29b7,5d8b83ba5d3a0155c72b7e011d8d8bf61b7395060974885d114a6b9d2196e389,true
result_f10140dfc611de4afcab2d6b,runplan_3294d84d7cc1ba81,cell_d646949fed73abbb8fe3,housing_v1__experiment__000004,housing_v1,housing_controlled_model_landlords_experiment,episode_attempt_7cf6e48fc4921b2e29b7,5d8b83ba5d3a0155c72b7e011d8d8bf61b7395060974885d114a6b9d2196e389,included,housing_social_welfare_leaf,1.0.0,social_welfare,1.0.0,utility,tenant_0,tenant_0,185.62,utility_points,"{""disagreement_utility"":0.0}",ok,valid,[],"[""event_00000130""]",evaluation_receipt,episode_attempt_7cf6e48fc4921b2e29b7,5d8b83ba5d3a0155c72b7e011d8d8bf61b7395060974885d114a6b9d2196e389,true
result_e34e72c10ab0dade1a969a53,runplan_3294d84d7cc1ba81,cell_d646949fed73abbb8fe3,housing_v1__experiment__000004,housing_v1,housing_controlled_model_landlords_experiment,episode_attempt_7cf6e48fc4921b2e29b7,5d8b83ba5d3a0155c72b7e011d8d8bf61b7395060974885d114a6b9d2196e389,included,housing_social_welfare_leaf,1.0.0,social_welfare,1.0.0,utility,tenant_1,tenant_1,0.0,utility_points,"{""disagreement_utility"":0.0}",ok,valid,[],"[""event_00000130""]",evaluation_receipt,episode_attempt_7cf6e48fc4921b2e29b7,5d8b83ba5d3a0155c72b7e011d8d8bf61b7395060974885d114a6b9d2196e389,true
result_07f5e05e83c6661f59f70c01,runplan_3294d84d7cc1ba81,cell_d646949fed73abbb8fe3,housing_v1__experiment__000004,housing_v1,housing_controlled_model_landlords_experiment,episode_attempt_7cf6e48fc4921b2e29b7,5d8b83ba5d3a0155c72b7e011d8d8bf61b7395060974885d114a6b9d2196e389,included,housing_social_welfare_leaf,1.0.0,social_welfare,1.0.0,utility,tenant_2,tenant_2,259.87,utility_points,"{""disagreement_utility"":0.0}",ok,valid,[],"[""event_00000130""]",evaluation_receipt,episode_attempt_7cf6e48fc4921b2e29b7,5d8b83ba5d3a0155c72b7e011d8d8bf61b7395060974885d114a6b9d2196e389,true
result_f18959835ae97d18de47e6ab,runplan_3294d84d7cc1ba81,cell_d646949fed73abbb8fe3,housing_v1__experiment__000004,housing_v1,housing_controlled_model_landlords_experiment,episode_attempt_7cf6e48fc4921b2e29b7,5d8b83ba5d3a0155c72b7e011d8d8bf61b7395060974885d114a6b9d2196e389,included,housing_social_welfare_leaf,1.0.0,social_welfare,1.0.0,utility,tenant_3,tenant_3,115.81,utility_points,"{""disagreement_utility"":0.0}",ok,valid,[],"[""event_00000130""]",evaluation_receipt,episode_attempt_7cf6e48fc4921b2e29b7,5d8b83ba5d3a0155c72b7e011d8d8bf61b7395060974885d114a6b9d2196e389,true
result_6d728c55238fe5bf00395c22,runplan_3294d84d7cc1ba81,cell_d646949fed73abbb8fe3,housing_v1__experiment__000004,housing_v1,housing_controlled_model_landlords_experiment,episode_attempt_7cf6e48fc4921b2e29b7,5d8b83ba5d3a0155c72b7e011d8d8bf61b7395060974885d114a6b9d2196e389,included,housing_social_welfare_leaf,1.0.0,social_welfare,1.0.0,utility,tenant_4,tenant_4,0.0,utility_points,"{""disagreement_utility"":0.0}",ok,valid,[],"[""event_00000130""]",evaluation_receipt,episode_attempt_7cf6e48fc4921b2e29b7,5d8b83ba5d3a0155c72b7e011d8d8bf61b7395060974885d114a6b9d2196e389,true
result_1dcce3622504771379dddc7d,runplan_3294d84d7cc1ba81,cell_d646949fed73abbb8fe3,housing_v1__experiment__000004,housing_v1,housing_controlled_model_landlords_experiment,episode_attempt_7cf6e48fc4921b2e29b7,5d8b83ba5d3a0155c72b7e011d8d8bf61b7395060974885d114a6b9d2196e389,included,housing_social_welfare_leaf,1.0.0,social_welfare,1.0.0,utility,tenant_5,tenant_5,0.0,utility_points,"{""disagreement_utility"":0.0}",ok,valid,[],"[""event_00000130""]",evaluation_receipt,episode_attempt_7cf6e48fc4921b2e29b7,5d8b83ba5d3a0155c72b7e011d8d8bf61b7395060974885d114a6b9d2196e389,true
result_1ce5cb4c50e3b26ce39c7d00,runplan_3294d84d7cc1ba81,cell_d646949fed73abbb8fe3,housing_v1__experiment__000004,housing_v1,housing_controlled_model_landlords_experiment,episode_attempt_7cf6e48fc4921b2e29b7,5d8b83ba5d3a0155c72b7e011d8d8bf61b7395060974885d114a6b9d2196e389,included,housing_social_welfare_leaf,1.0.0,social_welfare,1.0.0,capture,landlord_0,landlord_0,88.38,utility_points,"{""disagreement_utility"":0.0}",ok,valid,[],"[""event_00000130""]",evaluation_receipt,episode_attempt_7cf6e48fc4921b2e29b7,5d8b83ba5d3a0155c72b7e011d8d8bf61b7395060974885d114a6b9d2196e389,true
result_a6990ea70c105f9e03a4af10,runplan_3294d84d7cc1ba81,cell_d646949fed73abbb8fe3,housing_v1__experiment__000004,housing_v1,housing_controlled_model_landlords_experiment,episode_attempt_7cf6e48fc4921b2e29b7,5d8b83ba5d3a0155c72b7e011d8d8bf61b7395060974885d114a6b9d2196e389,included,housing_social_welfare_leaf,1.0.0,social_welfare,1.0.0,capture,landlord_1,landlord_1,51.25,utility_points,"{""disagreement_utility"":0.0}",ok,valid,[],"[""event_00000130""]",evaluation_receipt,episode_attempt_7cf6e48fc4921b2e29b7,5d8b83ba5d3a0155c72b7e011d8d8bf61b7395060974885d114a6b9d2196e389,true
result_b24646923917a96948dfa5ca,runplan_3294d84d7cc1ba81,cell_d646949fed73abbb8fe3,housing_v1__experiment__000004,housing_v1,housing_controlled_model_landlords_experiment,episode_attempt_7cf6e48fc4921b2e29b7,5d8b83ba5d3a0155c72b7e011d8d8bf61b7395060974885d114a6b9d2196e389,included,housing_social_welfare_leaf,1.0.0,social_welfare,1.0.0,capture,landlord_2,landlord_2,52.76,utility_points,"{""disagreement_utility"":0.0}",ok,valid,[],"[""event_00000130""]",evaluation_receipt,episode_attempt_7cf6e48fc4921b2e29b7,5d8b83ba5d3a0155c72b7e011d8d8bf61b7395060974885d114a6b9d2196e389,true
result_9d2fd475076e42f1597f90c4,runplan_3294d84d7cc1ba81,cell_d646949fed73abbb8fe3,housing_v1__experiment__000004,housing_v1,housing_controlled_model_landlords_experiment,episode_attempt_7cf6e48fc4921b2e29b7,5d8b83ba5d3a0155c72b7e011d8d8bf61b7395060974885d114a6b9d2196e389,included,housing_social_welfare_leaf,1.0.0,social_welfare,1.0.0,capture,tenant_0,tenant_0,185.62,utility_points,"{""disagreement_utility"":0.0}",ok,valid,[],"[""event_00000130""]",evaluation_receipt,episode_attempt_7cf6e48fc4921b2e29b7,5d8b83ba5d3a0155c72b7e011d8d8bf61b7395060974885d114a6b9d2196e389,true
result_7d1593471254b3153589d5d8,runplan_3294d84d7cc1ba81,cell_d646949fed73abbb8fe3,housing_v1__experiment__000004,housing_v1,housing_controlled_model_landlords_experiment,episode_attempt_7cf6e48fc4921b2e29b7,5d8b83ba5d3a0155c72b7e011d8d8bf61b7395060974885d114a6b9d2196e389,included,housing_social_welfare_leaf,1.0.0,social_welfare,1.0.0,capture,tenant_1,tenant_1,0.0,utility_points,"{""disagreement_utility"":0.0}",ok,valid,[],"[""event_00000130""]",evaluation_receipt,episode_attempt_7cf6e48fc4921b2e29b7,5d8b83ba5d3a0155c72b7e011d8d8bf61b7395060974885d114a6b9d2196e389,true
result_835daa2a7fa7d55b2dfc52c8,runplan_3294d84d7cc1ba81,cell_d646949fed73abbb8fe3,housing_v1__experiment__000004,housing_v1,housing_controlled_model_landlords_experiment,episode_attempt_7cf6e48fc4921b2e29b7,5d8b83ba5d3a0155c72b7e011d8d8bf61b7395060974885d114a6b9d2196e389,included,housing_social_welfare_leaf,1.0.0,social_welfare,1.0.0,capture,tenant_2,tenant_2,259.87,utility_points,"{""disagreement_utility"":0.0}",ok,valid,[],"[""event_00000130""]",evaluation_receipt,episode_attempt_7cf6e48fc4921b2e29b7,5d8b83ba5d3a0155c72b7e011d8d8bf61b7395060974885d114a6b9d2196e389,true
result_18ea72fecfcb429ee5fe5522,runplan_3294d84d7cc1ba81,cell_d646949fed73abbb8fe3,housing_v1__experiment__000004,housing_v1,housing_controlled_model_landlords_experiment,episode_attempt_7cf6e48fc4921b2e29b7,5d8b83ba5d3a0155c72b7e011d8d8bf61b7395060974885d114a6b9d2196e389,included,housing_social_welfare_leaf,1.0.0,social_welfare,1.0.0,capture,tenant_3,tenant_3,115.81,utility_points,"{""disagreement_utility"":0.0}",ok,valid,[],"[""event_00000130""]",evaluation_receipt,episode_attempt_7cf6e48fc4921b2e29b7,5d8b83ba5d3a0155c72b7e011d8d8bf61b7395060974885d114a6b9d2196e389,true
result_6a9b64dc44f8473cabfa2fcc,runplan_3294d84d7cc1ba81,cell_d646949fed73abbb8fe3,housing_v1__experiment__000004,housing_v1,housing_controlled_model_landlords_experiment,episode_attempt_7cf6e48fc4921b2e29b7,5d8b83ba5d3a0155c72b7e011d8d8bf61b7395060974885d114a6b9d2196e389,included,housing_social_welfare_leaf,1.0.0,social_welfare,1.0.0,capture,tenant_4,tenant_4,0.0,utility_points,"{""disagreement_utility"":0.0}",ok,valid,[],"[""event_00000130""]",evaluation_receipt,episode_attempt_7cf6e48fc4921b2e29b7,5d8b83ba5d3a0155c72b7e011d8d8bf61b7395060974885d114a6b9d2196e389,true
result_ef8308c1782b99fdf1235436,runplan_3294d84d7cc1ba81,cell_d646949fed73abbb8fe3,housing_v1__experiment__000004,housing_v1,housing_controlled_model_landlords_experiment,episode_attempt_7cf6e48fc4921b2e29b7,5d8b83ba5d3a0155c72b7e011d8d8bf61b7395060974885d114a6b9d2196e389,included,housing_social_welfare_leaf,1.0.0,social_welfare,1.0.0,capture,tenant_5,tenant_5,0.0,utility_points,"{""disagreement_utility"":0.0}",ok,valid,[],"[""event_00000130""]",evaluation_receipt,episode_attempt_7cf6e48fc4921b2e29b7,5d8b83ba5d3a0155c72b7e011d8d8bf61b7395060974885d114a6b9d2196e389,true
result_edf6b73d028d7b92316e3b4b,runplan_3294d84d7cc1ba81,cell_e0a0862faac93d8549ee,housing_v1__experiment__000002,housing_v1,housing_controlled_model_landlords_experiment,episode_attempt_7157d2345a860e3f73f8,d9ad8539c047c693433dedcf16372945f0095318f5d3f482b91088f7ec41a60b,included,housing_social_welfare_leaf,1.0.0,social_welfare,1.0.0,primary,social_welfare,,1767.11,utility_points,{},ok,valid,[],"[""event_00000130""]",evaluation_receipt,episode_attempt_7157d2345a860e3f73f8,d9ad8539c047c693433dedcf16372945f0095318f5d3f482b91088f7ec41a60b,true
result_14b43b934e675cff9379d7dd,runplan_3294d84d7cc1ba81,cell_e0a0862faac93d8549ee,housing_v1__experiment__000002,housing_v1,housing_controlled_model_landlords_experiment,episode_attempt_7157d2345a860e3f73f8,d9ad8539c047c693433dedcf16372945f0095318f5d3f482b91088f7ec41a60b,included,housing_social_welfare_leaf,1.0.0,social_welfare,1.0.0,metric,comparison_baseline_gap,,371.6999999999998,utility_points,{},ok,valid,[],"[""event_00000130""]",evaluation_receipt,episode_attempt_7157d2345a860e3f73f8,d9ad8539c047c693433dedcf16372945f0095318f5d3f482b91088f7ec41a60b,true
result_7d15488d6c4f7d9be42b83a6,runplan_3294d84d7cc1ba81,cell_e0a0862faac93d8549ee,housing_v1__experiment__000002,housing_v1,housing_controlled_model_landlords_experiment,episode_attempt_7157d2345a860e3f73f8,d9ad8539c047c693433dedcf16372945f0095318f5d3f482b91088f7ec41a60b,included,housing_social_welfare_leaf,1.0.0,social_welfare,1.0.0,metric,ir_violation_count,,0.0,count,{},ok,valid,[],"[""event_00000130""]",evaluation_receipt,episode_attempt_7157d2345a860e3f73f8,d9ad8539c047c693433dedcf16372945f0095318f5d3f482b91088f7ec41a60b,true
result_53b66226148e0aad5d1a6a82,runplan_3294d84d7cc1ba81,cell_e0a0862faac93d8549ee,housing_v1__experiment__000002,housing_v1,housing_controlled_model_landlords_experiment,episode_attempt_7157d2345a860e3f73f8,d9ad8539c047c693433dedcf16372945f0095318f5d3f482b91088f7ec41a60b,included,housing_social_welfare_leaf,1.0.0,social_welfare,1.0.0,metric,social_welfare,,1767.11,utility_points,{},ok,valid,[],"[""event_00000130""]",evaluation_receipt,episode_attempt_7157d2345a860e3f73f8,d9ad8539c047c693433dedcf16372945f0095318f5d3f482b91088f7ec41a60b,true
result_fa906e3069cb56686988e4fb,runplan_3294d84d7cc1ba81,cell_e0a0862faac93d8549ee,housing_v1__experiment__000002,housing_v1,housing_controlled_model_landlords_experiment,episode_attempt_7157d2345a860e3f73f8,d9ad8539c047c693433dedcf16372945f0095318f5d3f482b91088f7ec41a60b,included,housing_social_welfare_leaf,1.0.0,social_welfare,1.0.0,metric,upper_bound_gap,,2.2000000000000455,utility_points,{},ok,valid,[],"[""event_00000130""]",evaluation_receipt,episode_attempt_7157d2345a860e3f73f8,d9ad8539c047c693433dedcf16372945f0095318f5d3f482b91088f7ec41a60b,true
result_ddae5187201d07af12a4c7c8,runplan_3294d84d7cc1ba81,cell_e0a0862faac93d8549ee,housing_v1__experiment__000002,housing_v1,housing_controlled_model_landlords_experiment,episode_attempt_7157d2345a860e3f73f8,d9ad8539c047c693433dedcf16372945f0095318f5d3f482b91088f7ec41a60b,included,housing_social_welfare_leaf,1.0.0,social_welfare,1.0.0,metric,wasted_contacts,,3.0,count,{},ok,valid,[],"[""event_00000130""]",evaluation_receipt,episode_attempt_7157d2345a860e3f73f8,d9ad8539c047c693433dedcf16372945f0095318f5d3f482b91088f7ec41a60b,true
result_4eb0ea297146fee64f69e78f,runplan_3294d84d7cc1ba81,cell_e0a0862faac93d8549ee,housing_v1__experiment__000002,housing_v1,housing_controlled_model_landlords_experiment,episode_attempt_7157d2345a860e3f73f8,d9ad8539c047c693433dedcf16372945f0095318f5d3f482b91088f7ec41a60b,included,housing_social_welfare_leaf,1.0.0,social_welfare,1.0.0,metric,within_case_score,,0.9987565774228371,ratio,{},ok,valid,[],"[""event_00000130""]",evaluation_receipt,episode_attempt_7157d2345a860e3f73f8,d9ad8539c047c693433dedcf16372945f0095318f5d3f482b91088f7ec41a60b,true
result_bdf5ca7af847fc3204cf15c4,runplan_3294d84d7cc1ba81,cell_e0a0862faac93d8549ee,housing_v1__experiment__000002,housing_v1,housing_controlled_model_landlords_experiment,episode_attempt_7157d2345a860e3f73f8,d9ad8539c047c693433dedcf16372945f0095318f5d3f482b91088f7ec41a60b,included,housing_social_welfare_leaf,1.0.0,social_welfare,1.0.0,reference,comparison_baseline,,1395.41,utility_points,"{""policy"":""naive"",""reference_kind"":""comparison_baseline""}",ok,valid,[],"[""event_00000130""]",evaluation_receipt,episode_attempt_7157d2345a860e3f73f8,d9ad8539c047c693433dedcf16372945f0095318f5d3f482b91088f7ec41a60b,true
result_00f52045ad76d651ca8f5c1b,runplan_3294d84d7cc1ba81,cell_e0a0862faac93d8549ee,housing_v1__experiment__000002,housing_v1,housing_controlled_model_landlords_experiment,episode_attempt_7157d2345a860e3f73f8,d9ad8539c047c693433dedcf16372945f0095318f5d3f482b91088f7ec41a60b,included,housing_social_welfare_leaf,1.0.0,social_welfare,1.0.0,reference,optimum_lower_bound,,0.0,utility_points,"{""policy"":""do_nothing"",""reference_kind"":""objective_lower_bound""}",ok,valid,[],"[""event_00000130""]",evaluation_receipt,episode_attempt_7157d2345a860e3f73f8,d9ad8539c047c693433dedcf16372945f0095318f5d3f482b91088f7ec41a60b,true
result_68bd64223db2d4cd6e67e018,runplan_3294d84d7cc1ba81,cell_e0a0862faac93d8549ee,housing_v1__experiment__000002,housing_v1,housing_controlled_model_landlords_experiment,episode_attempt_7157d2345a860e3f73f8,d9ad8539c047c693433dedcf16372945f0095318f5d3f482b91088f7ec41a60b,included,housing_social_welfare_leaf,1.0.0,social_welfare,1.0.0,reference,optimum_upper_bound,,1769.31,utility_points,"{""reference_kind"":""objective_upper_bound"",""semantics"":""full_information_allocation_relaxation""}",ok,valid,[],"[""event_00000130""]",evaluation_receipt,episode_attempt_7157d2345a860e3f73f8,d9ad8539c047c693433dedcf16372945f0095318f5d3f482b91088f7ec41a60b,true
result_0268e1ac80ec9c8df64acc44,runplan_3294d84d7cc1ba81,cell_e0a0862faac93d8549ee,housing_v1__experiment__000002,housing_v1,housing_controlled_model_landlords_experiment,episode_attempt_7157d2345a860e3f73f8,d9ad8539c047c693433dedcf16372945f0095318f5d3f482b91088f7ec41a60b,included,housing_social_welfare_leaf,1.0.0,social_welfare,1.0.0,utility,landlord_0,landlord_0,25.2,utility_points,"{""disagreement_utility"":0.0}",ok,valid,[],"[""event_00000130""]",evaluation_receipt,episode_attempt_7157d2345a860e3f73f8,d9ad8539c047c693433dedcf16372945f0095318f5d3f482b91088f7ec41a60b,true
result_838c5f713ca883934956aa5f,runplan_3294d84d7cc1ba81,cell_e0a0862faac93d8549ee,housing_v1__experiment__000002,housing_v1,housing_controlled_model_landlords_experiment,episode_attempt_7157d2345a860e3f73f8,d9ad8539c047c693433dedcf16372945f0095318f5d3f482b91088f7ec41a60b,included,housing_social_welfare_leaf,1.0.0,social_welfare,1.0.0,utility,landlord_1,landlord_1,137.87,utility_points,"{""disagreement_utility"":0.0}",ok,valid,[],"[""event_00000130""]",evaluation_receipt,episode_attempt_7157d2345a860e3f73f8,d9ad8539c047c693433dedcf16372945f0095318f5d3f482b91088f7ec41a60b,true
result_14aa6b9bc289000e92dddaef,runplan_3294d84d7cc1ba81,cell_e0a0862faac93d8549ee,housing_v1__experiment__000002,housing_v1,housing_controlled_model_landlords_experiment,episode_attempt_7157d2345a860e3f73f8,d9ad8539c047c693433dedcf16372945f0095318f5d3f482b91088f7ec41a60b,included,housing_social_welfare_leaf,1.0.0,social_welfare,1.0.0,utility,landlord_2,landlord_2,36.43,utility_points,"{""disagreement_utility"":0.0}",ok,valid,[],"[""event_00000130""]",evaluation_receipt,episode_attempt_7157d2345a860e3f73f8,d9ad8539c047c693433dedcf16372945f0095318f5d3f482b91088f7ec41a60b,true
result_448c94a4ac828f4888eabbfc,runplan_3294d84d7cc1ba81,cell_e0a0862faac93d8549ee,housing_v1__experiment__000002,housing_v1,housing_controlled_model_landlords_experiment,episode_attempt_7157d2345a860e3f73f8,d9ad8539c047c693433dedcf16372945f0095318f5d3f482b91088f7ec41a60b,included,housing_social_welfare_leaf,1.0.0,social_welfare,1.0.0,utility,tenant_0,tenant_0,0.0,utility_points,"{""disagreement_utility"":0.0}",ok,valid,[],"[""event_00000130""]",evaluation_receipt,episode_attempt_7157d2345a860e3f73f8,d9ad8539c047c693433dedcf16372945f0095318f5d3f482b91088f7ec41a60b,true
result_9462835c767eee0ecc0edc6a,runplan_3294d84d7cc1ba81,cell_e0a0862faac93d8549ee,housing_v1__experiment__000002,housing_v1,housing_controlled_model_landlords_experiment,episode_attempt_7157d2345a860e3f73f8,d9ad8539c047c693433dedcf16372945f0095318f5d3f482b91088f7ec41a60b,included,housing_social_welfare_leaf,1.0.0,social_welfare,1.0.0,utility,tenant_1,tenant_1,420.66,utility_points,"{""disagreement_utility"":0.0}",ok,valid,[],"[""event_00000130""]",evaluation_receipt,episode_attempt_7157d2345a860e3f73f8,d9ad8539c047c693433dedcf16372945f0095318f5d3f482b91088f7ec41a60b,true
result_fddc72544826656ad6160960,runplan_3294d84d7cc1ba81,cell_e0a0862faac93d8549ee,housing_v1__experiment__000002,housing_v1,housing_controlled_model_landlords_experiment,episode_attempt_7157d2345a860e3f73f8,d9ad8539c047c693433dedcf16372945f0095318f5d3f482b91088f7ec41a60b,included,housing_social_welfare_leaf,1.0.0,social_welfare,1.0.0,utility,tenant_2,tenant_2,570.42,utility_points,"{""disagreement_utility"":0.0}",ok,valid,[],"[""event_00000130""]",evaluation_receipt,episode_attempt_7157d2345a860e3f73f8,d9ad8539c047c693433dedcf16372945f0095318f5d3f482b91088f7ec41a60b,true
result_019d39380e4240ddcb6e95e3,runplan_3294d84d7cc1ba81,cell_e0a0862faac93d8549ee,housing_v1__experiment__000002,housing_v1,housing_controlled_model_landlords_experiment,episode_attempt_7157d2345a860e3f73f8,d9ad8539c047c693433dedcf16372945f0095318f5d3f482b91088f7ec41a60b,included,housing_social_welfare_leaf,1.0.0,social_welfare,1.0.0,utility,tenant_3,tenant_3,576.53,utility_points,"{""disagreement_utility"":0.0}",ok,valid,[],"[""event_00000130""]",evaluation_receipt,episode_attempt_7157d2345a860e3f73f8,d9ad8539c047c693433dedcf16372945f0095318f5d3f482b91088f7ec41a60b,true
result_18e181398c6558686a4bd8cd,runplan_3294d84d7cc1ba81,cell_e0a0862faac93d8549ee,housing_v1__experiment__000002,housing_v1,housing_controlled_model_landlords_experiment,episode_attempt_7157d2345a860e3f73f8,d9ad8539c047c693433dedcf16372945f0095318f5d3f482b91088f7ec41a60b,included,housing_social_welfare_leaf,1.0.0,social_welfare,1.0.0,utility,tenant_4,tenant_4,0.0,utility_points,"{""disagreement_utility"":0.0}",ok,valid,[],"[""event_00000130""]",evaluation_receipt,episode_attempt_7157d2345a860e3f73f8,d9ad8539c047c693433dedcf16372945f0095318f5d3f482b91088f7ec41a60b,true
result_9838a49ef46d3b8aa79c7704,runplan_3294d84d7cc1ba81,cell_e0a0862faac93d8549ee,housing_v1__experiment__000002,housing_v1,housing_controlled_model_landlords_experiment,episode_attempt_7157d2345a860e3f73f8,d9ad8539c047c693433dedcf16372945f0095318f5d3f482b91088f7ec41a60b,included,housing_social_welfare_leaf,1.0.0,social_welfare,1.0.0,utility,tenant_5,tenant_5,0.0,utility_points,"{""disagreement_utility"":0.0}",ok,valid,[],"[""event_00000130""]",evaluation_receipt,episode_attempt_7157d2345a860e3f73f8,d9ad8539c047c693433dedcf16372945f0095318f5d3f482b91088f7ec41a60b,true
result_d283cb11a657845586cea429,runplan_3294d84d7cc1ba81,cell_e0a0862faac93d8549ee,housing_v1__experiment__000002,housing_v1,housing_controlled_model_landlords_experiment,episode_attempt_7157d2345a860e3f73f8,d9ad8539c047c693433dedcf16372945f0095318f5d3f482b91088f7ec41a60b,included,housing_social_welfare_leaf,1.0.0,social_welfare,1.0.0,capture,landlord_0,landlord_0,25.2,utility_points,"{""disagreement_utility"":0.0}",ok,valid,[],"[""event_00000130""]",evaluation_receipt,episode_attempt_7157d2345a860e3f73f8,d9ad8539c047c693433dedcf16372945f0095318f5d3f482b91088f7ec41a60b,true
result_f85c80d0ad3fe75f5bd0ad87,runplan_3294d84d7cc1ba81,cell_e0a0862faac93d8549ee,housing_v1__experiment__000002,housing_v1,housing_controlled_model_landlords_experiment,episode_attempt_7157d2345a860e3f73f8,d9ad8539c047c693433dedcf16372945f0095318f5d3f482b91088f7ec41a60b,included,housing_social_welfare_leaf,1.0.0,social_welfare,1.0.0,capture,landlord_1,landlord_1,137.87,utility_points,"{""disagreement_utility"":0.0}",ok,valid,[],"[""event_00000130""]",evaluation_receipt,episode_attempt_7157d2345a860e3f73f8,d9ad8539c047c693433dedcf16372945f0095318f5d3f482b91088f7ec41a60b,true
result_638384c7116af6c735c86395,runplan_3294d84d7cc1ba81,cell_e0a0862faac93d8549ee,housing_v1__experiment__000002,housing_v1,housing_controlled_model_landlords_experiment,episode_attempt_7157d2345a860e3f73f8,d9ad8539c047c693433dedcf16372945f0095318f5d3f482b91088f7ec41a60b,included,housing_social_welfare_leaf,1.0.0,social_welfare,1.0.0,capture,landlord_2,landlord_2,36.43,utility_points,"{""disagreement_utility"":0.0}",ok,valid,[],"[""event_00000130""]",evaluation_receipt,episode_attempt_7157d2345a860e3f73f8,d9ad8539c047c693433dedcf16372945f0095318f5d3f482b91088f7ec41a60b,true
result_b50cda1824b53803908cb776,runplan_3294d84d7cc1ba81,cell_e0a0862faac93d8549ee,housing_v1__experiment__000002,housing_v1,housing_controlled_model_landlords_experiment,episode_attempt_7157d2345a860e3f73f8,d9ad8539c047c693433dedcf16372945f0095318f5d3f482b91088f7ec41a60b,included,housing_social_welfare_leaf,1.0.0,social_welfare,1.0.0,capture,tenant_0,tenant_0,0.0,utility_points,"{""disagreement_utility"":0.0}",ok,valid,[],"[""event_00000130""]",evaluation_receipt,episode_attempt_7157d2345a860e3f73f8,d9ad8539c047c693433dedcf16372945f0095318f5d3f482b91088f7ec41a60b,true
result_d50af5ca14ea300fe6ce9120,runplan_3294d84d7cc1ba81,cell_e0a0862faac93d8549ee,housing_v1__experiment__000002,housing_v1,housing_controlled_model_landlords_experiment,episode_attempt_7157d2345a860e3f73f8,d9ad8539c047c693433dedcf16372945f0095318f5d3f482b91088f7ec41a60b,included,housing_social_welfare_leaf,1.0.0,social_welfare,1.0.0,capture,tenant_1,tenant_1,420.66,utility_points,"{""disagreement_utility"":0.0}",ok,valid,[],"[""event_00000130""]",evaluation_receipt,episode_attempt_7157d2345a860e3f73f8,d9ad8539c047c693433dedcf16372945f0095318f5d3f482b91088f7ec41a60b,true
result_2cf2d8d64bf7570cf9afbe69,runplan_3294d84d7cc1ba81,cell_e0a0862faac93d8549ee,housing_v1__experiment__000002,housing_v1,housing_controlled_model_landlords_experiment,episode_attempt_7157d2345a860e3f73f8,d9ad8539c047c693433dedcf16372945f0095318f5d3f482b91088f7ec41a60b,included,housing_social_welfare_leaf,1.0.0,social_welfare,1.0.0,capture,tenant_2,tenant_2,570.42,utility_points,"{""disagreement_utility"":0.0}",ok,valid,[],"[""event_00000130""]",evaluation_receipt,episode_attempt_7157d2345a860e3f73f8,d9ad8539c047c693433dedcf16372945f0095318f5d3f482b91088f7ec41a60b,true
result_41e00799f4e8470633c3ff58,runplan_3294d84d7cc1ba81,cell_e0a0862faac93d8549ee,housing_v1__experiment__000002,housing_v1,housing_controlled_model_landlords_experiment,episode_attempt_7157d2345a860e3f73f8,d9ad8539c047c693433dedcf16372945f0095318f5d3f482b91088f7ec41a60b,included,housing_social_welfare_leaf,1.0.0,social_welfare,1.0.0,capture,tenant_3,tenant_3,576.53,utility_points,"{""disagreement_utility"":0.0}",ok,valid,[],"[""event_00000130""]",evaluation_receipt,episode_attempt_7157d2345a860e3f73f8,d9ad8539c047c693433dedcf16372945f0095318f5d3f482b91088f7ec41a60b,true
result_3d86d7967d21cd353548db19,runplan_3294d84d7cc1ba81,cell_e0a0862faac93d8549ee,housing_v1__experiment__000002,housing_v1,housing_controlled_model_landlords_experiment,episode_attempt_7157d2345a860e3f73f8,d9ad8539c047c693433dedcf16372945f0095318f5d3f482b91088f7ec41a60b,included,housing_social_welfare_leaf,1.0.0,social_welfare,1.0.0,capture,tenant_4,tenant_4,0.0,utility_points,"{""disagreement_utility"":0.0}",ok,valid,[],"[""event_00000130""]",evaluation_receipt,episode_attempt_7157d2345a860e3f73f8,d9ad8539c047c693433dedcf16372945f0095318f5d3f482b91088f7ec41a60b,true
result_c0cdf53e90c93c400331fd9c,runplan_3294d84d7cc1ba81,cell_e0a0862faac93d8549ee,housing_v1__experiment__000002,housing_v1,housing_controlled_model_landlords_experiment,episode_attempt_7157d2345a860e3f73f8,d9ad8539c047c693433dedcf16372945f0095318f5d3f482b91088f7ec41a60b,included,housing_social_welfare_leaf,1.0.0,social_welfare,1.0.0,capture,tenant_5,tenant_5,0.0,utility_points,"{""disagreement_utility"":0.0}",ok,valid,[],"[""event_00000130""]",evaluation_receipt,episode_attempt_7157d2345a860e3f73f8,d9ad8539c047c693433dedcf16372945f0095318f5d3f482b91088f7ec41a60b,true
result_f671688ce114736ee2ee44c6,runplan_3294d84d7cc1ba81,cell_eb9c725e95dc2c1bd196,housing_v1__experiment__000006,housing_v1,housing_controlled_model_landlords_experiment,episode_attempt_3efd83b9cd84db98b266,c8c15f8a171f529261c97e2b099c2ab11ea86a2938a25cc76366630204837ba4,included,housing_social_welfare_leaf,1.0.0,social_welfare,1.0.0,primary,social_welfare,,914.63,utility_points,{},ok,valid,[],"[""event_00000211""]",evaluation_receipt,episode_attempt_3efd83b9cd84db98b266,c8c15f8a171f529261c97e2b099c2ab11ea86a2938a25cc76366630204837ba4,true
result_d986af84c6bdfcf45250fea3,runplan_3294d84d7cc1ba81,cell_eb9c725e95dc2c1bd196,housing_v1__experiment__000006,housing_v1,housing_controlled_model_landlords_experiment,episode_attempt_3efd83b9cd84db98b266,c8c15f8a171f529261c97e2b099c2ab11ea86a2938a25cc76366630204837ba4,included,housing_social_welfare_leaf,1.0.0,social_welfare,1.0.0,metric,comparison_baseline_gap,,-268.15999999999997,utility_points,{},ok,valid,[],"[""event_00000211""]",evaluation_receipt,episode_attempt_3efd83b9cd84db98b266,c8c15f8a171f529261c97e2b099c2ab11ea86a2938a25cc76366630204837ba4,true
result_66edf940710e964541d9ae35,runplan_3294d84d7cc1ba81,cell_eb9c725e95dc2c1bd196,housing_v1__experiment__000006,housing_v1,housing_controlled_model_landlords_experiment,episode_attempt_3efd83b9cd84db98b266,c8c15f8a171f529261c97e2b099c2ab11ea86a2938a25cc76366630204837ba4,included,housing_social_welfare_leaf,1.0.0,social_welfare,1.0.0,metric,ir_violation_count,,0.0,count,{},ok,valid,[],"[""event_00000211""]",evaluation_receipt,episode_attempt_3efd83b9cd84db98b266,c8c15f8a171f529261c97e2b099c2ab11ea86a2938a25cc76366630204837ba4,true
result_4f57e39bf59c7781ab27609e,runplan_3294d84d7cc1ba81,cell_eb9c725e95dc2c1bd196,housing_v1__experiment__000006,housing_v1,housing_controlled_model_landlords_experiment,episode_attempt_3efd83b9cd84db98b266,c8c15f8a171f529261c97e2b099c2ab11ea86a2938a25cc76366630204837ba4,included,housing_social_welfare_leaf,1.0.0,social_welfare,1.0.0,metric,social_welfare,,914.63,utility_points,{},ok,valid,[],"[""event_00000211""]",evaluation_receipt,episode_attempt_3efd83b9cd84db98b266,c8c15f8a171f529261c97e2b099c2ab11ea86a2938a25cc76366630204837ba4,true
result_59593c6da820efa0e5d85ba8,runplan_3294d84d7cc1ba81,cell_eb9c725e95dc2c1bd196,housing_v1__experiment__000006,housing_v1,housing_controlled_model_landlords_experiment,episode_attempt_3efd83b9cd84db98b266,c8c15f8a171f529261c97e2b099c2ab11ea86a2938a25cc76366630204837ba4,included,housing_social_welfare_leaf,1.0.0,social_welfare,1.0.0,metric,upper_bound_gap,,646.5500000000001,utility_points,{},ok,valid,[],"[""event_00000211""]",evaluation_receipt,episode_attempt_3efd83b9cd84db98b266,c8c15f8a171f529261c97e2b099c2ab11ea86a2938a25cc76366630204837ba4,true
result_e1fff8f74858492d35e5c34b,runplan_3294d84d7cc1ba81,cell_eb9c725e95dc2c1bd196,housing_v1__experiment__000006,housing_v1,housing_controlled_model_landlords_experiment,episode_attempt_3efd83b9cd84db98b266,c8c15f8a171f529261c97e2b099c2ab11ea86a2938a25cc76366630204837ba4,included,housing_social_welfare_leaf,1.0.0,social_welfare,1.0.0,metric,wasted_contacts,,6.0,count,{},ok,valid,[],"[""event_00000211""]",evaluation_receipt,episode_attempt_3efd83b9cd84db98b266,c8c15f8a171f529261c97e2b099c2ab11ea86a2938a25cc76366630204837ba4,true
result_1fa37492a2ef8fadfa32353a,runplan_3294d84d7cc1ba81,cell_eb9c725e95dc2c1bd196,housing_v1__experiment__000006,housing_v1,housing_controlled_model_landlords_experiment,episode_attempt_3efd83b9cd84db98b266,c8c15f8a171f529261c97e2b099c2ab11ea86a2938a25cc76366630204837ba4,included,housing_social_welfare_leaf,1.0.0,social_welfare,1.0.0,metric,within_case_score,,0.5858581329507168,ratio,{},ok,valid,[],"[""event_00000211""]",evaluation_receipt,episode_attempt_3efd83b9cd84db98b266,c8c15f8a171f529261c97e2b099c2ab11ea86a2938a25cc76366630204837ba4,true
result_0095eb581253bf575f8d4c2d,runplan_3294d84d7cc1ba81,cell_eb9c725e95dc2c1bd196,housing_v1__experiment__000006,housing_v1,housing_controlled_model_landlords_experiment,episode_attempt_3efd83b9cd84db98b266,c8c15f8a171f529261c97e2b099c2ab11ea86a2938a25cc76366630204837ba4,included,housing_social_welfare_leaf,1.0.0,social_welfare,1.0.0,reference,comparison_baseline,,1182.79,utility_points,"{""policy"":""naive"",""reference_kind"":""comparison_baseline""}",ok,valid,[],"[""event_00000211""]",evaluation_receipt,episode_attempt_3efd83b9cd84db98b266,c8c15f8a171f529261c97e2b099c2ab11ea86a2938a25cc76366630204837ba4,true
result_f46581233360662af8374a87,runplan_3294d84d7cc1ba81,cell_eb9c725e95dc2c1bd196,housing_v1__experiment__000006,housing_v1,housing_controlled_model_landlords_experiment,episode_attempt_3efd83b9cd84db98b266,c8c15f8a171f529261c97e2b099c2ab11ea86a2938a25cc76366630204837ba4,included,housing_social_welfare_leaf,1.0.0,social_welfare,1.0.0,reference,optimum_lower_bound,,0.0,utility_points,"{""policy"":""do_nothing"",""reference_kind"":""objective_lower_bound""}",ok,valid,[],"[""event_00000211""]",evaluation_receipt,episode_attempt_3efd83b9cd84db98b266,c8c15f8a171f529261c97e2b099c2ab11ea86a2938a25cc76366630204837ba4,true
result_18c730dda5c7101b7c16cc88,runplan_3294d84d7cc1ba81,cell_eb9c725e95dc2c1bd196,housing_v1__experiment__000006,housing_v1,housing_controlled_model_landlords_experiment,episode_attempt_3efd83b9cd84db98b266,c8c15f8a171f529261c97e2b099c2ab11ea86a2938a25cc76366630204837ba4,included,housing_social_welfare_leaf,1.0.0,social_welfare,1.0.0,reference,optimum_upper_bound,,1561.18,utility_points,"{""reference_kind"":""objective_upper_bound"",""semantics"":""full_information_allocation_relaxation""}",ok,valid,[],"[""event_00000211""]",evaluation_receipt,episode_attempt_3efd83b9cd84db98b266,c8c15f8a171f529261c97e2b099c2ab11ea86a2938a25cc76366630204837ba4,true
result_bcceead2311e97a657272226,runplan_3294d84d7cc1ba81,cell_eb9c725e95dc2c1bd196,housing_v1__experiment__000006,housing_v1,housing_controlled_model_landlords_experiment,episode_attempt_3efd83b9cd84db98b266,c8c15f8a171f529261c97e2b099c2ab11ea86a2938a25cc76366630204837ba4,included,housing_social_welfare_leaf,1.0.0,social_welfare,1.0.0,utility,landlord_0,landlord_0,31.31,utility_points,"{""disagreement_utility"":0.0}",ok,valid,[],"[""event_00000211""]",evaluation_receipt,episode_attempt_3efd83b9cd84db98b266,c8c15f8a171f529261c97e2b099c2ab11ea86a2938a25cc76366630204837ba4,true
result_e179cb9f827525ad44ee6dab,runplan_3294d84d7cc1ba81,cell_eb9c725e95dc2c1bd196,housing_v1__experiment__000006,housing_v1,housing_controlled_model_landlords_experiment,episode_attempt_3efd83b9cd84db98b266,c8c15f8a171f529261c97e2b099c2ab11ea86a2938a25cc76366630204837ba4,included,housing_social_welfare_leaf,1.0.0,social_welfare,1.0.0,utility,landlord_1,landlord_1,500.73,utility_points,"{""disagreement_utility"":0.0}",ok,valid,[],"[""event_00000211""]",evaluation_receipt,episode_attempt_3efd83b9cd84db98b266,c8c15f8a171f529261c97e2b099c2ab11ea86a2938a25cc76366630204837ba4,true
result_c411c865f77823a2546de4dd,runplan_3294d84d7cc1ba81,cell_eb9c725e95dc2c1bd196,housing_v1__experiment__000006,housing_v1,housing_controlled_model_landlords_experiment,episode_attempt_3efd83b9cd84db98b266,c8c15f8a171f529261c97e2b099c2ab11ea86a2938a25cc76366630204837ba4,included,housing_social_welfare_leaf,1.0.0,social_welfare,1.0.0,utility,landlord_2,landlord_2,76.53,utility_points,"{""disagreement_utility"":0.0}",ok,valid,[],"[""event_00000211""]",evaluation_receipt,episode_attempt_3efd83b9cd84db98b266,c8c15f8a171f529261c97e2b099c2ab11ea86a2938a25cc76366630204837ba4,true
result_005bbf8ba2ab54614fd29a69,runplan_3294d84d7cc1ba81,cell_eb9c725e95dc2c1bd196,housing_v1__experiment__000006,housing_v1,housing_controlled_model_landlords_experiment,episode_attempt_3efd83b9cd84db98b266,c8c15f8a171f529261c97e2b099c2ab11ea86a2938a25cc76366630204837ba4,included,housing_social_welfare_leaf,1.0.0,social_welfare,1.0.0,utility,tenant_0,tenant_0,254.62,utility_points,"{""disagreement_utility"":0.0}",ok,valid,[],"[""event_00000211""]",evaluation_receipt,episode_attempt_3efd83b9cd84db98b266,c8c15f8a171f529261c97e2b099c2ab11ea86a2938a25cc76366630204837ba4,true
result_5d8b15f57ccb917138e4ba65,runplan_3294d84d7cc1ba81,cell_eb9c725e95dc2c1bd196,housing_v1__experiment__000006,housing_v1,housing_controlled_model_landlords_experiment,episode_attempt_3efd83b9cd84db98b266,c8c15f8a171f529261c97e2b099c2ab11ea86a2938a25cc76366630204837ba4,included,housing_social_welfare_leaf,1.0.0,social_welfare,1.0.0,utility,tenant_1,tenant_1,0.0,utility_points,"{""disagreement_utility"":0.0}",ok,valid,[],"[""event_00000211""]",evaluation_receipt,episode_attempt_3efd83b9cd84db98b266,c8c15f8a171f529261c97e2b099c2ab11ea86a2938a25cc76366630204837ba4,true
result_1a9086e3a4b54cd0a342d458,runplan_3294d84d7cc1ba81,cell_eb9c725e95dc2c1bd196,housing_v1__experiment__000006,housing_v1,housing_controlled_model_landlords_experiment,episode_attempt_3efd83b9cd84db98b266,c8c15f8a171f529261c97e2b099c2ab11ea86a2938a25cc76366630204837ba4,included,housing_social_welfare_leaf,1.0.0,social_welfare,1.0.0,utility,tenant_2,tenant_2,0.0,utility_points,"{""disagreement_utility"":0.0}",ok,valid,[],"[""event_00000211""]",evaluation_receipt,episode_attempt_3efd83b9cd84db98b266,c8c15f8a171f529261c97e2b099c2ab11ea86a2938a25cc76366630204837ba4,true
result_ce671335c294e10c165dada7,runplan_3294d84d7cc1ba81,cell_eb9c725e95dc2c1bd196,housing_v1__experiment__000006,housing_v1,housing_controlled_model_landlords_experiment,episode_attempt_3efd83b9cd84db98b266,c8c15f8a171f529261c97e2b099c2ab11ea86a2938a25cc76366630204837ba4,included,housing_social_welfare_leaf,1.0.0,social_welfare,1.0.0,utility,tenant_3,tenant_3,40.28,utility_points,"{""disagreement_utility"":0.0}",ok,valid,[],"[""event_00000211""]",evaluation_receipt,episode_attempt_3efd83b9cd84db98b266,c8c15f8a171f529261c97e2b099c2ab11ea86a2938a25cc76366630204837ba4,true
result_0dd14deab48dba0930b6d41a,runplan_3294d84d7cc1ba81,cell_eb9c725e95dc2c1bd196,housing_v1__experiment__000006,housing_v1,housing_controlled_model_landlords_experiment,episode_attempt_3efd83b9cd84db98b266,c8c15f8a171f529261c97e2b099c2ab11ea86a2938a25cc76366630204837ba4,included,housing_social_welfare_leaf,1.0.0,social_welfare,1.0.0,utility,tenant_4,tenant_4,0.0,utility_points,"{""disagreement_utility"":0.0}",ok,valid,[],"[""event_00000211""]",evaluation_receipt,episode_attempt_3efd83b9cd84db98b266,c8c15f8a171f529261c97e2b099c2ab11ea86a2938a25cc76366630204837ba4,true
result_983161e3e43d6fd6492ac86d,runplan_3294d84d7cc1ba81,cell_eb9c725e95dc2c1bd196,housing_v1__experiment__000006,housing_v1,housing_controlled_model_landlords_experiment,episode_attempt_3efd83b9cd84db98b266,c8c15f8a171f529261c97e2b099c2ab11ea86a2938a25cc76366630204837ba4,included,housing_social_welfare_leaf,1.0.0,social_welfare,1.0.0,utility,tenant_5,tenant_5,11.16,utility_points,"{""disagreement_utility"":0.0}",ok,valid,[],"[""event_00000211""]",evaluation_receipt,episode_attempt_3efd83b9cd84db98b266,c8c15f8a171f529261c97e2b099c2ab11ea86a2938a25cc76366630204837ba4,true
result_e0edf4f0a7b0857c68c144d8,runplan_3294d84d7cc1ba81,cell_eb9c725e95dc2c1bd196,housing_v1__experiment__000006,housing_v1,housing_controlled_model_landlords_experiment,episode_attempt_3efd83b9cd84db98b266,c8c15f8a171f529261c97e2b099c2ab11ea86a2938a25cc76366630204837ba4,included,housing_social_welfare_leaf,1.0.0,social_welfare,1.0.0,capture,landlord_0,landlord_0,31.31,utility_points,"{""disagreement_utility"":0.0}",ok,valid,[],"[""event_00000211""]",evaluation_receipt,episode_attempt_3efd83b9cd84db98b266,c8c15f8a171f529261c97e2b099c2ab11ea86a2938a25cc76366630204837ba4,true
result_7521542411c6be3ce9fd7d0b,runplan_3294d84d7cc1ba81,cell_eb9c725e95dc2c1bd196,housing_v1__experiment__000006,housing_v1,housing_controlled_model_landlords_experiment,episode_attempt_3efd83b9cd84db98b266,c8c15f8a171f529261c97e2b099c2ab11ea86a2938a25cc76366630204837ba4,included,housing_social_welfare_leaf,1.0.0,social_welfare,1.0.0,capture,landlord_1,landlord_1,500.73,utility_points,"{""disagreement_utility"":0.0}",ok,valid,[],"[""event_00000211""]",evaluation_receipt,episode_attempt_3efd83b9cd84db98b266,c8c15f8a171f529261c97e2b099c2ab11ea86a2938a25cc76366630204837ba4,true
result_acbaf81da2913f8083bd8eb0,runplan_3294d84d7cc1ba81,cell_eb9c725e95dc2c1bd196,housing_v1__experiment__000006,housing_v1,housing_controlled_model_landlords_experiment,episode_attempt_3efd83b9cd84db98b266,c8c15f8a171f529261c97e2b099c2ab11ea86a2938a25cc76366630204837ba4,included,housing_social_welfare_leaf,1.0.0,social_welfare,1.0.0,capture,landlord_2,landlord_2,76.53,utility_points,"{""disagreement_utility"":0.0}",ok,valid,[],"[""event_00000211""]",evaluation_receipt,episode_attempt_3efd83b9cd84db98b266,c8c15f8a171f529261c97e2b099c2ab11ea86a2938a25cc76366630204837ba4,true
result_e09b16597c38d3ccbd322ae4,runplan_3294d84d7cc1ba81,cell_eb9c725e95dc2c1bd196,housing_v1__experiment__000006,housing_v1,housing_controlled_model_landlords_experiment,episode_attempt_3efd83b9cd84db98b266,c8c15f8a171f529261c97e2b099c2ab11ea86a2938a25cc76366630204837ba4,included,housing_social_welfare_leaf,1.0.0,social_welfare,1.0.0,capture,tenant_0,tenant_0,254.62,utility_points,"{""disagreement_utility"":0.0}",ok,valid,[],"[""event_00000211""]",evaluation_receipt,episode_attempt_3efd83b9cd84db98b266,c8c15f8a171f529261c97e2b099c2ab11ea86a2938a25cc76366630204837ba4,true
result_ef12c8e4d49a94bd45757cda,runplan_3294d84d7cc1ba81,cell_eb9c725e95dc2c1bd196,housing_v1__experiment__000006,housing_v1,housing_controlled_model_landlords_experiment,episode_attempt_3efd83b9cd84db98b266,c8c15f8a171f529261c97e2b099c2ab11ea86a2938a25cc76366630204837ba4,included,housing_social_welfare_leaf,1.0.0,social_welfare,1.0.0,capture,tenant_1,tenant_1,0.0,utility_points,"{""disagreement_utility"":0.0}",ok,valid,[],"[""event_00000211""]",evaluation_receipt,episode_attempt_3efd83b9cd84db98b266,c8c15f8a171f529261c97e2b099c2ab11ea86a2938a25cc76366630204837ba4,true
result_ae88100245fdd62dcd53fa32,runplan_3294d84d7cc1ba81,cell_eb9c725e95dc2c1bd196,housing_v1__experiment__000006,housing_v1,housing_controlled_model_landlords_experiment,episode_attempt_3efd83b9cd84db98b266,c8c15f8a171f529261c97e2b099c2ab11ea86a2938a25cc76366630204837ba4,included,housing_social_welfare_leaf,1.0.0,social_welfare,1.0.0,capture,tenant_2,tenant_2,0.0,utility_points,"{""disagreement_utility"":0.0}",ok,valid,[],"[""event_00000211""]",evaluation_receipt,episode_attempt_3efd83b9cd84db98b266,c8c15f8a171f529261c97e2b099c2ab11ea86a2938a25cc76366630204837ba4,true
result_dad6597a5f741632708c97a5,runplan_3294d84d7cc1ba81,cell_eb9c725e95dc2c1bd196,housing_v1__experiment__000006,housing_v1,housing_controlled_model_landlords_experiment,episode_attempt_3efd83b9cd84db98b266,c8c15f8a171f529261c97e2b099c2ab11ea86a2938a25cc76366630204837ba4,included,housing_social_welfare_leaf,1.0.0,social_welfare,1.0.0,capture,tenant_3,tenant_3,40.28,utility_points,"{""disagreement_utility"":0.0}",ok,valid,[],"[""event_00000211""]",evaluation_receipt,episode_attempt_3efd83b9cd84db98b266,c8c15f8a171f529261c97e2b099c2ab11ea86a2938a25cc76366630204837ba4,true
result_ba0f28adc24702d8579dd4f1,runplan_3294d84d7cc1ba81,cell_eb9c725e95dc2c1bd196,housing_v1__experiment__000006,housing_v1,housing_controlled_model_landlords_experiment,episode_attempt_3efd83b9cd84db98b266,c8c15f8a171f529261c97e2b099c2ab11ea86a2938a25cc76366630204837ba4,included,housing_social_welfare_leaf,1.0.0,social_welfare,1.0.0,capture,tenant_4,tenant_4,0.0,utility_points,"{""disagreement_utility"":0.0}",ok,valid,[],"[""event_00000211""]",evaluation_receipt,episode_attempt_3efd83b9cd84db98b266,c8c15f8a171f529261c97e2b099c2ab11ea86a2938a25cc76366630204837ba4,true
result_7c218b2643c5096051cf0c1a,runplan_3294d84d7cc1ba81,cell_eb9c725e95dc2c1bd196,housing_v1__experiment__000006,housing_v1,housing_controlled_model_landlords_experiment,episode_attempt_3efd83b9cd84db98b266,c8c15f8a171f529261c97e2b099c2ab11ea86a2938a25cc76366630204837ba4,included,housing_social_welfare_leaf,1.0.0,social_welfare,1.0.0,capture,tenant_5,tenant_5,11.16,utility_points,"{""disagreement_utility"":0.0}",ok,valid,[],"[""event_00000211""]",evaluation_receipt,episode_attempt_3efd83b9cd84db98b266,c8c15f8a171f529261c97e2b099c2ab11ea86a2938a25cc76366630204837ba4,true
result_e028d80a3d825110a1b58d57,runplan_3294d84d7cc1ba81,cell_eed875f0689b540d8c32,housing_v1__experiment__000008,housing_v1,housing_controlled_model_landlords_experiment,episode_attempt_7c2341367b88096a8110,870143bf7cdd13765b207c5c133acf7088f57d874805eae13dada0ec07977d03,included,housing_social_welfare_leaf,1.0.0,social_welfare,1.0.0,primary,social_welfare,,1333.67,utility_points,{},ok,valid,[],"[""event_00000130""]",evaluation_receipt,episode_attempt_7c2341367b88096a8110,870143bf7cdd13765b207c5c133acf7088f57d874805eae13dada0ec07977d03,true
result_b7844127e1efd23c7f72381c,runplan_3294d84d7cc1ba81,cell_eed875f0689b540d8c32,housing_v1__experiment__000008,housing_v1,housing_controlled_model_landlords_experiment,episode_attempt_7c2341367b88096a8110,870143bf7cdd13765b207c5c133acf7088f57d874805eae13dada0ec07977d03,included,housing_social_welfare_leaf,1.0.0,social_welfare,1.0.0,metric,comparison_baseline_gap,,-276.81999999999994,utility_points,{},ok,valid,[],"[""event_00000130""]",evaluation_receipt,episode_attempt_7c2341367b88096a8110,870143bf7cdd13765b207c5c133acf7088f57d874805eae13dada0ec07977d03,true
result_b8cc22d3d699d1f289b06cbf,runplan_3294d84d7cc1ba81,cell_eed875f0689b540d8c32,housing_v1__experiment__000008,housing_v1,housing_controlled_model_landlords_experiment,episode_attempt_7c2341367b88096a8110,870143bf7cdd13765b207c5c133acf7088f57d874805eae13dada0ec07977d03,included,housing_social_welfare_leaf,1.0.0,social_welfare,1.0.0,metric,ir_violation_count,,0.0,count,{},ok,valid,[],"[""event_00000130""]",evaluation_receipt,episode_attempt_7c2341367b88096a8110,870143bf7cdd13765b207c5c133acf7088f57d874805eae13dada0ec07977d03,true
result_afc69d539bc8a26c016c4c60,runplan_3294d84d7cc1ba81,cell_eed875f0689b540d8c32,housing_v1__experiment__000008,housing_v1,housing_controlled_model_landlords_experiment,episode_attempt_7c2341367b88096a8110,870143bf7cdd13765b207c5c133acf7088f57d874805eae13dada0ec07977d03,included,housing_social_welfare_leaf,1.0.0,social_welfare,1.0.0,metric,social_welfare,,1333.67,utility_points,{},ok,valid,[],"[""event_00000130""]",evaluation_receipt,episode_attempt_7c2341367b88096a8110,870143bf7cdd13765b207c5c133acf7088f57d874805eae13dada0ec07977d03,true
result_9d61535b9634c2509c810066,runplan_3294d84d7cc1ba81,cell_eed875f0689b540d8c32,housing_v1__experiment__000008,housing_v1,housing_controlled_model_landlords_experiment,episode_attempt_7c2341367b88096a8110,870143bf7cdd13765b207c5c133acf7088f57d874805eae13dada0ec07977d03,included,housing_social_welfare_leaf,1.0.0,social_welfare,1.0.0,metric,upper_bound_gap,,277.31999999999994,utility_points,{},ok,valid,[],"[""event_00000130""]",evaluation_receipt,episode_attempt_7c2341367b88096a8110,870143bf7cdd13765b207c5c133acf7088f57d874805eae13dada0ec07977d03,true
result_9e89d1862e9f599081450df3,runplan_3294d84d7cc1ba81,cell_eed875f0689b540d8c32,housing_v1__experiment__000008,housing_v1,housing_controlled_model_landlords_experiment,episode_attempt_7c2341367b88096a8110,870143bf7cdd13765b207c5c133acf7088f57d874805eae13dada0ec07977d03,included,housing_social_welfare_leaf,1.0.0,social_welfare,1.0.0,metric,wasted_contacts,,3.0,count,{},ok,valid,[],"[""event_00000130""]",evaluation_receipt,episode_attempt_7c2341367b88096a8110,870143bf7cdd13765b207c5c133acf7088f57d874805eae13dada0ec07977d03,true
result_a3f0c7bd51fa6a88e2b6c8fb,runplan_3294d84d7cc1ba81,cell_eed875f0689b540d8c32,housing_v1__experiment__000008,housing_v1,housing_controlled_model_landlords_experiment,episode_attempt_7c2341367b88096a8110,870143bf7cdd13765b207c5c133acf7088f57d874805eae13dada0ec07977d03,included,housing_social_welfare_leaf,1.0.0,social_welfare,1.0.0,metric,within_case_score,,0.8278574044531624,ratio,{},ok,valid,[],"[""event_00000130""]",evaluation_receipt,episode_attempt_7c2341367b88096a8110,870143bf7cdd13765b207c5c133acf7088f57d874805eae13dada0ec07977d03,true
result_14a7a78a23efaa3e8cde02dc,runplan_3294d84d7cc1ba81,cell_eed875f0689b540d8c32,housing_v1__experiment__000008,housing_v1,housing_controlled_model_landlords_experiment,episode_attempt_7c2341367b88096a8110,870143bf7cdd13765b207c5c133acf7088f57d874805eae13dada0ec07977d03,included,housing_social_welfare_leaf,1.0.0,social_welfare,1.0.0,reference,comparison_baseline,,1610.49,utility_points,"{""policy"":""naive"",""reference_kind"":""comparison_baseline""}",ok,valid,[],"[""event_00000130""]",evaluation_receipt,episode_attempt_7c2341367b88096a8110,870143bf7cdd13765b207c5c133acf7088f57d874805eae13dada0ec07977d03,true
result_83a8c776a55ec42f43b7cf18,runplan_3294d84d7cc1ba81,cell_eed875f0689b540d8c32,housing_v1__experiment__000008,housing_v1,housing_controlled_model_landlords_experiment,episode_attempt_7c2341367b88096a8110,870143bf7cdd13765b207c5c133acf7088f57d874805eae13dada0ec07977d03,included,housing_social_welfare_leaf,1.0.0,social_welfare,1.0.0,reference,optimum_lower_bound,,0.0,utility_points,"{""policy"":""do_nothing"",""reference_kind"":""objective_lower_bound""}",ok,valid,[],"[""event_00000130""]",evaluation_receipt,episode_attempt_7c2341367b88096a8110,870143bf7cdd13765b207c5c133acf7088f57d874805eae13dada0ec07977d03,true
result_b4f185f8c0ac6e2a75c72e34,runplan_3294d84d7cc1ba81,cell_eed875f0689b540d8c32,housing_v1__experiment__000008,housing_v1,housing_controlled_model_landlords_experiment,episode_attempt_7c2341367b88096a8110,870143bf7cdd13765b207c5c133acf7088f57d874805eae13dada0ec07977d03,included,housing_social_welfare_leaf,1.0.0,social_welfare,1.0.0,reference,optimum_upper_bound,,1610.99,utility_points,"{""reference_kind"":""objective_upper_bound"",""semantics"":""full_information_allocation_relaxation""}",ok,valid,[],"[""event_00000130""]",evaluation_receipt,episode_attempt_7c2341367b88096a8110,870143bf7cdd13765b207c5c133acf7088f57d874805eae13dada0ec07977d03,true
result_ed42c9088066626c3401962d,runplan_3294d84d7cc1ba81,cell_eed875f0689b540d8c32,housing_v1__experiment__000008,housing_v1,housing_controlled_model_landlords_experiment,episode_attempt_7c2341367b88096a8110,870143bf7cdd13765b207c5c133acf7088f57d874805eae13dada0ec07977d03,included,housing_social_welfare_leaf,1.0.0,social_welfare,1.0.0,utility,landlord_0,landlord_0,189.7,utility_points,"{""disagreement_utility"":0.0}",ok,valid,[],"[""event_00000130""]",evaluation_receipt,episode_attempt_7c2341367b88096a8110,870143bf7cdd13765b207c5c133acf7088f57d874805eae13dada0ec07977d03,true
result_15c5a1e328bf26bd9ba45b68,runplan_3294d84d7cc1ba81,cell_eed875f0689b540d8c32,housing_v1__experiment__000008,housing_v1,housing_controlled_model_landlords_experiment,episode_attempt_7c2341367b88096a8110,870143bf7cdd13765b207c5c133acf7088f57d874805eae13dada0ec07977d03,included,housing_social_welfare_leaf,1.0.0,social_welfare,1.0.0,utility,landlord_1,landlord_1,50.51,utility_points,"{""disagreement_utility"":0.0}",ok,valid,[],"[""event_00000130""]",evaluation_receipt,episode_attempt_7c2341367b88096a8110,870143bf7cdd13765b207c5c133acf7088f57d874805eae13dada0ec07977d03,true
result_7d108a9fe434bbcef65c596f,runplan_3294d84d7cc1ba81,cell_eed875f0689b540d8c32,housing_v1__experiment__000008,housing_v1,housing_controlled_model_landlords_experiment,episode_attempt_7c2341367b88096a8110,870143bf7cdd13765b207c5c133acf7088f57d874805eae13dada0ec07977d03,included,housing_social_welfare_leaf,1.0.0,social_welfare,1.0.0,utility,landlord_2,landlord_2,41.3,utility_points,"{""disagreement_utility"":0.0}",ok,valid,[],"[""event_00000130""]",evaluation_receipt,episode_attempt_7c2341367b88096a8110,870143bf7cdd13765b207c5c133acf7088f57d874805eae13dada0ec07977d03,true
result_4c82b10a2fe7190eed687c72,runplan_3294d84d7cc1ba81,cell_eed875f0689b540d8c32,housing_v1__experiment__000008,housing_v1,housing_controlled_model_landlords_experiment,episode_attempt_7c2341367b88096a8110,870143bf7cdd13765b207c5c133acf7088f57d874805eae13dada0ec07977d03,included,housing_social_welfare_leaf,1.0.0,social_welfare,1.0.0,utility,tenant_0,tenant_0,0.0,utility_points,"{""disagreement_utility"":0.0}",ok,valid,[],"[""event_00000130""]",evaluation_receipt,episode_attempt_7c2341367b88096a8110,870143bf7cdd13765b207c5c133acf7088f57d874805eae13dada0ec07977d03,true
result_ceb81eb239e903cef0a595e9,runplan_3294d84d7cc1ba81,cell_eed875f0689b540d8c32,housing_v1__experiment__000008,housing_v1,housing_controlled_model_landlords_experiment,episode_attempt_7c2341367b88096a8110,870143bf7cdd13765b207c5c133acf7088f57d874805eae13dada0ec07977d03,included,housing_social_welfare_leaf,1.0.0,social_welfare,1.0.0,utility,tenant_1,tenant_1,438.46,utility_points,"{""disagreement_utility"":0.0}",ok,valid,[],"[""event_00000130""]",evaluation_receipt,episode_attempt_7c2341367b88096a8110,870143bf7cdd13765b207c5c133acf7088f57d874805eae13dada0ec07977d03,true
result_0040e2ae9e46c7f15f5b308b,runplan_3294d84d7cc1ba81,cell_eed875f0689b540d8c32,housing_v1__experiment__000008,housing_v1,housing_controlled_model_landlords_experiment,episode_attempt_7c2341367b88096a8110,870143bf7cdd13765b207c5c133acf7088f57d874805eae13dada0ec07977d03,included,housing_social_welfare_leaf,1.0.0,social_welfare,1.0.0,utility,tenant_2,tenant_2,417.33,utility_points,"{""disagreement_utility"":0.0}",ok,valid,[],"[""event_00000130""]",evaluation_receipt,episode_attempt_7c2341367b88096a8110,870143bf7cdd13765b207c5c133acf7088f57d874805eae13dada0ec07977d03,true
result_49ccc0ba594ca1739452f0a3,runplan_3294d84d7cc1ba81,cell_eed875f0689b540d8c32,housing_v1__experiment__000008,housing_v1,housing_controlled_model_landlords_experiment,episode_attempt_7c2341367b88096a8110,870143bf7cdd13765b207c5c133acf7088f57d874805eae13dada0ec07977d03,included,housing_social_welfare_leaf,1.0.0,social_welfare,1.0.0,utility,tenant_3,tenant_3,0.0,utility_points,"{""disagreement_utility"":0.0}",ok,valid,[],"[""event_00000130""]",evaluation_receipt,episode_attempt_7c2341367b88096a8110,870143bf7cdd13765b207c5c133acf7088f57d874805eae13dada0ec07977d03,true
result_2eeacb92ee1bbac993f31393,runplan_3294d84d7cc1ba81,cell_eed875f0689b540d8c32,housing_v1__experiment__000008,housing_v1,housing_controlled_model_landlords_experiment,episode_attempt_7c2341367b88096a8110,870143bf7cdd13765b207c5c133acf7088f57d874805eae13dada0ec07977d03,included,housing_social_welfare_leaf,1.0.0,social_welfare,1.0.0,utility,tenant_4,tenant_4,0.0,utility_points,"{""disagreement_utility"":0.0}",ok,valid,[],"[""event_00000130""]",evaluation_receipt,episode_attempt_7c2341367b88096a8110,870143bf7cdd13765b207c5c133acf7088f57d874805eae13dada0ec07977d03,true
result_578d89f684e12bab80217425,runplan_3294d84d7cc1ba81,cell_eed875f0689b540d8c32,housing_v1__experiment__000008,housing_v1,housing_controlled_model_landlords_experiment,episode_attempt_7c2341367b88096a8110,870143bf7cdd13765b207c5c133acf7088f57d874805eae13dada0ec07977d03,included,housing_social_welfare_leaf,1.0.0,social_welfare,1.0.0,utility,tenant_5,tenant_5,196.37,utility_points,"{""disagreement_utility"":0.0}",ok,valid,[],"[""event_00000130""]",evaluation_receipt,episode_attempt_7c2341367b88096a8110,870143bf7cdd13765b207c5c133acf7088f57d874805eae13dada0ec07977d03,true
result_f2608d696b6b0fa5f6497d5c,runplan_3294d84d7cc1ba81,cell_eed875f0689b540d8c32,housing_v1__experiment__000008,housing_v1,housing_controlled_model_landlords_experiment,episode_attempt_7c2341367b88096a8110,870143bf7cdd13765b207c5c133acf7088f57d874805eae13dada0ec07977d03,included,housing_social_welfare_leaf,1.0.0,social_welfare,1.0.0,capture,landlord_0,landlord_0,189.7,utility_points,"{""disagreement_utility"":0.0}",ok,valid,[],"[""event_00000130""]",evaluation_receipt,episode_attempt_7c2341367b88096a8110,870143bf7cdd13765b207c5c133acf7088f57d874805eae13dada0ec07977d03,true
result_1349733e7f1209b69ee701e2,runplan_3294d84d7cc1ba81,cell_eed875f0689b540d8c32,housing_v1__experiment__000008,housing_v1,housing_controlled_model_landlords_experiment,episode_attempt_7c2341367b88096a8110,870143bf7cdd13765b207c5c133acf7088f57d874805eae13dada0ec07977d03,included,housing_social_welfare_leaf,1.0.0,social_welfare,1.0.0,capture,landlord_1,landlord_1,50.51,utility_points,"{""disagreement_utility"":0.0}",ok,valid,[],"[""event_00000130""]",evaluation_receipt,episode_attempt_7c2341367b88096a8110,870143bf7cdd13765b207c5c133acf7088f57d874805eae13dada0ec07977d03,true
result_a4cf649630a9b08a552fa2b5,runplan_3294d84d7cc1ba81,cell_eed875f0689b540d8c32,housing_v1__experiment__000008,housing_v1,housing_controlled_model_landlords_experiment,episode_attempt_7c2341367b88096a8110,870143bf7cdd13765b207c5c133acf7088f57d874805eae13dada0ec07977d03,included,housing_social_welfare_leaf,1.0.0,social_welfare,1.0.0,capture,landlord_2,landlord_2,41.3,utility_points,"{""disagreement_utility"":0.0}",ok,valid,[],"[""event_00000130""]",evaluation_receipt,episode_attempt_7c2341367b88096a8110,870143bf7cdd13765b207c5c133acf7088f57d874805eae13dada0ec07977d03,true
result_3732636ab0d32050fef91ba1,runplan_3294d84d7cc1ba81,cell_eed875f0689b540d8c32,housing_v1__experiment__000008,housing_v1,housing_controlled_model_landlords_experiment,episode_attempt_7c2341367b88096a8110,870143bf7cdd13765b207c5c133acf7088f57d874805eae13dada0ec07977d03,included,housing_social_welfare_leaf,1.0.0,social_welfare,1.0.0,capture,tenant_0,tenant_0,0.0,utility_points,"{""disagreement_utility"":0.0}",ok,valid,[],"[""event_00000130""]",evaluation_receipt,episode_attempt_7c2341367b88096a8110,870143bf7cdd13765b207c5c133acf7088f57d874805eae13dada0ec07977d03,true
result_89cdbb2d83308235f3cacd41,runplan_3294d84d7cc1ba81,cell_eed875f0689b540d8c32,housing_v1__experiment__000008,housing_v1,housing_controlled_model_landlords_experiment,episode_attempt_7c2341367b88096a8110,870143bf7cdd13765b207c5c133acf7088f57d874805eae13dada0ec07977d03,included,housing_social_welfare_leaf,1.0.0,social_welfare,1.0.0,capture,tenant_1,tenant_1,438.46,utility_points,"{""disagreement_utility"":0.0}",ok,valid,[],"[""event_00000130""]",evaluation_receipt,episode_attempt_7c2341367b88096a8110,870143bf7cdd13765b207c5c133acf7088f57d874805eae13dada0ec07977d03,true
result_798b3bdd2657633499860e72,runplan_3294d84d7cc1ba81,cell_eed875f0689b540d8c32,housing_v1__experiment__000008,housing_v1,housing_controlled_model_landlords_experiment,episode_attempt_7c2341367b88096a8110,870143bf7cdd13765b207c5c133acf7088f57d874805eae13dada0ec07977d03,included,housing_social_welfare_leaf,1.0.0,social_welfare,1.0.0,capture,tenant_2,tenant_2,417.33,utility_points,"{""disagreement_utility"":0.0}",ok,valid,[],"[""event_00000130""]",evaluation_receipt,episode_attempt_7c2341367b88096a8110,870143bf7cdd13765b207c5c133acf7088f57d874805eae13dada0ec07977d03,true
result_b8cc69f01dc31d43c228fabf,runplan_3294d84d7cc1ba81,cell_eed875f0689b540d8c32,housing_v1__experiment__000008,housing_v1,housing_controlled_model_landlords_experiment,episode_attempt_7c2341367b88096a8110,870143bf7cdd13765b207c5c133acf7088f57d874805eae13dada0ec07977d03,included,housing_social_welfare_leaf,1.0.0,social_welfare,1.0.0,capture,tenant_3,tenant_3,0.0,utility_points,"{""disagreement_utility"":0.0}",ok,valid,[],"[""event_00000130""]",evaluation_receipt,episode_attempt_7c2341367b88096a8110,870143bf7cdd13765b207c5c133acf7088f57d874805eae13dada0ec07977d03,true
result_56e92137b89407a4424241b2,runplan_3294d84d7cc1ba81,cell_eed875f0689b540d8c32,housing_v1__experiment__000008,housing_v1,housing_controlled_model_landlords_experiment,episode_attempt_7c2341367b88096a8110,870143bf7cdd13765b207c5c133acf7088f57d874805eae13dada0ec07977d03,included,housing_social_welfare_leaf,1.0.0,social_welfare,1.0.0,capture,tenant_4,tenant_4,0.0,utility_points,"{""disagreement_utility"":0.0}",ok,valid,[],"[""event_00000130""]",evaluation_receipt,episode_attempt_7c2341367b88096a8110,870143bf7cdd13765b207c5c133acf7088f57d874805eae13dada0ec07977d03,true
result_ccc409505b50fab8f715e8dc,runplan_3294d84d7cc1ba81,cell_eed875f0689b540d8c32,housing_v1__experiment__000008,housing_v1,housing_controlled_model_landlords_experiment,episode_attempt_7c2341367b88096a8110,870143bf7cdd13765b207c5c133acf7088f57d874805eae13dada0ec07977d03,included,housing_social_welfare_leaf,1.0.0,social_welfare,1.0.0,capture,tenant_5,tenant_5,196.37,utility_points,"{""disagreement_utility"":0.0}",ok,valid,[],"[""event_00000130""]",evaluation_receipt,episode_attempt_7c2341367b88096a8110,870143bf7cdd13765b207c5c133acf7088f57d874805eae13dada0ec07977d03,true
result_409453c5c375e9ebb8e0e050,runplan_3294d84d7cc1ba81,cell_f204818d0f7b0b44bf78,housing_v1__experiment__000001,housing_v1,housing_controlled_model_landlords_experiment,episode_attempt_f988c916890c8a7d207f,5f6f1f5673d1970bd0ef1636d4381d131b8f363fa837d5261d16721462d0a71e,included,housing_social_welfare_leaf,1.0.0,social_welfare,1.0.0,primary,social_welfare,,1029.74,utility_points,{},ok,valid,[],"[""event_00000130""]",evaluation_receipt,episode_attempt_f988c916890c8a7d207f,5f6f1f5673d1970bd0ef1636d4381d131b8f363fa837d5261d16721462d0a71e,true
result_a7aee00178e456171e757682,runplan_3294d84d7cc1ba81,cell_f204818d0f7b0b44bf78,housing_v1__experiment__000001,housing_v1,housing_controlled_model_landlords_experiment,episode_attempt_f988c916890c8a7d207f,5f6f1f5673d1970bd0ef1636d4381d131b8f363fa837d5261d16721462d0a71e,included,housing_social_welfare_leaf,1.0.0,social_welfare,1.0.0,metric,comparison_baseline_gap,,0.0,utility_points,{},ok,valid,[],"[""event_00000130""]",evaluation_receipt,episode_attempt_f988c916890c8a7d207f,5f6f1f5673d1970bd0ef1636d4381d131b8f363fa837d5261d16721462d0a71e,true
result_bd4d755c3fdf4ccf355ede6f,runplan_3294d84d7cc1ba81,cell_f204818d0f7b0b44bf78,housing_v1__experiment__000001,housing_v1,housing_controlled_model_landlords_experiment,episode_attempt_f988c916890c8a7d207f,5f6f1f5673d1970bd0ef1636d4381d131b8f363fa837d5261d16721462d0a71e,included,housing_social_welfare_leaf,1.0.0,social_welfare,1.0.0,metric,ir_violation_count,,0.0,count,{},ok,valid,[],"[""event_00000130""]",evaluation_receipt,episode_attempt_f988c916890c8a7d207f,5f6f1f5673d1970bd0ef1636d4381d131b8f363fa837d5261d16721462d0a71e,true
result_f97813e95a89d9a77128d1b5,runplan_3294d84d7cc1ba81,cell_f204818d0f7b0b44bf78,housing_v1__experiment__000001,housing_v1,housing_controlled_model_landlords_experiment,episode_attempt_f988c916890c8a7d207f,5f6f1f5673d1970bd0ef1636d4381d131b8f363fa837d5261d16721462d0a71e,included,housing_social_welfare_leaf,1.0.0,social_welfare,1.0.0,metric,social_welfare,,1029.74,utility_points,{},ok,valid,[],"[""event_00000130""]",evaluation_receipt,episode_attempt_f988c916890c8a7d207f,5f6f1f5673d1970bd0ef1636d4381d131b8f363fa837d5261d16721462d0a71e,true
result_cde2ab0ac4ee0c71545414f3,runplan_3294d84d7cc1ba81,cell_f204818d0f7b0b44bf78,housing_v1__experiment__000001,housing_v1,housing_controlled_model_landlords_experiment,episode_attempt_f988c916890c8a7d207f,5f6f1f5673d1970bd0ef1636d4381d131b8f363fa837d5261d16721462d0a71e,included,housing_social_welfare_leaf,1.0.0,social_welfare,1.0.0,metric,upper_bound_gap,,146.02999999999997,utility_points,{},ok,valid,[],"[""event_00000130""]",evaluation_receipt,episode_attempt_f988c916890c8a7d207f,5f6f1f5673d1970bd0ef1636d4381d131b8f363fa837d5261d16721462d0a71e,true
result_07539f375b67ce4f97d03965,runplan_3294d84d7cc1ba81,cell_f204818d0f7b0b44bf78,housing_v1__experiment__000001,housing_v1,housing_controlled_model_landlords_experiment,episode_attempt_f988c916890c8a7d207f,5f6f1f5673d1970bd0ef1636d4381d131b8f363fa837d5261d16721462d0a71e,included,housing_social_welfare_leaf,1.0.0,social_welfare,1.0.0,metric,wasted_contacts,,3.0,count,{},ok,valid,[],"[""event_00000130""]",evaluation_receipt,episode_attempt_f988c916890c8a7d207f,5f6f1f5673d1970bd0ef1636d4381d131b8f363fa837d5261d16721462d0a71e,true
result_7fadf50275bb02a411ad6c9d,runplan_3294d84d7cc1ba81,cell_f204818d0f7b0b44bf78,housing_v1__experiment__000001,housing_v1,housing_controlled_model_landlords_experiment,episode_attempt_f988c916890c8a7d207f,5f6f1f5673d1970bd0ef1636d4381d131b8f363fa837d5261d16721462d0a71e,included,housing_social_welfare_leaf,1.0.0,social_welfare,1.0.0,metric,within_case_score,,0.8758005392211062,ratio,{},ok,valid,[],"[""event_00000130""]",evaluation_receipt,episode_attempt_f988c916890c8a7d207f,5f6f1f5673d1970bd0ef1636d4381d131b8f363fa837d5261d16721462d0a71e,true
result_243432ee44ca1f9da8f9ab1a,runplan_3294d84d7cc1ba81,cell_f204818d0f7b0b44bf78,housing_v1__experiment__000001,housing_v1,housing_controlled_model_landlords_experiment,episode_attempt_f988c916890c8a7d207f,5f6f1f5673d1970bd0ef1636d4381d131b8f363fa837d5261d16721462d0a71e,included,housing_social_welfare_leaf,1.0.0,social_welfare,1.0.0,reference,comparison_baseline,,1029.74,utility_points,"{""policy"":""naive"",""reference_kind"":""comparison_baseline""}",ok,valid,[],"[""event_00000130""]",evaluation_receipt,episode_attempt_f988c916890c8a7d207f,5f6f1f5673d1970bd0ef1636d4381d131b8f363fa837d5261d16721462d0a71e,true
result_501e09f99654bdbf5be1d615,runplan_3294d84d7cc1ba81,cell_f204818d0f7b0b44bf78,housing_v1__experiment__000001,housing_v1,housing_controlled_model_landlords_experiment,episode_attempt_f988c916890c8a7d207f,5f6f1f5673d1970bd0ef1636d4381d131b8f363fa837d5261d16721462d0a71e,included,housing_social_welfare_leaf,1.0.0,social_welfare,1.0.0,reference,optimum_lower_bound,,0.0,utility_points,"{""policy"":""do_nothing"",""reference_kind"":""objective_lower_bound""}",ok,valid,[],"[""event_00000130""]",evaluation_receipt,episode_attempt_f988c916890c8a7d207f,5f6f1f5673d1970bd0ef1636d4381d131b8f363fa837d5261d16721462d0a71e,true
result_8393a8424a828c521a57141b,runplan_3294d84d7cc1ba81,cell_f204818d0f7b0b44bf78,housing_v1__experiment__000001,housing_v1,housing_controlled_model_landlords_experiment,episode_attempt_f988c916890c8a7d207f,5f6f1f5673d1970bd0ef1636d4381d131b8f363fa837d5261d16721462d0a71e,included,housing_social_welfare_leaf,1.0.0,social_welfare,1.0.0,reference,optimum_upper_bound,,1175.77,utility_points,"{""reference_kind"":""objective_upper_bound"",""semantics"":""full_information_allocation_relaxation""}",ok,valid,[],"[""event_00000130""]",evaluation_receipt,episode_attempt_f988c916890c8a7d207f,5f6f1f5673d1970bd0ef1636d4381d131b8f363fa837d5261d16721462d0a71e,true
result_eec0d070fb373bdbdc30b16a,runplan_3294d84d7cc1ba81,cell_f204818d0f7b0b44bf78,housing_v1__experiment__000001,housing_v1,housing_controlled_model_landlords_experiment,episode_attempt_f988c916890c8a7d207f,5f6f1f5673d1970bd0ef1636d4381d131b8f363fa837d5261d16721462d0a71e,included,housing_social_welfare_leaf,1.0.0,social_welfare,1.0.0,utility,landlord_0,landlord_0,56.6,utility_points,"{""disagreement_utility"":0.0}",ok,valid,[],"[""event_00000130""]",evaluation_receipt,episode_attempt_f988c916890c8a7d207f,5f6f1f5673d1970bd0ef1636d4381d131b8f363fa837d5261d16721462d0a71e,true
result_32d30837209b6d62ef9047a2,runplan_3294d84d7cc1ba81,cell_f204818d0f7b0b44bf78,housing_v1__experiment__000001,housing_v1,housing_controlled_model_landlords_experiment,episode_attempt_f988c916890c8a7d207f,5f6f1f5673d1970bd0ef1636d4381d131b8f363fa837d5261d16721462d0a71e,included,housing_social_welfare_leaf,1.0.0,social_welfare,1.0.0,utility,landlord_1,landlord_1,58.62,utility_points,"{""disagreement_utility"":0.0}",ok,valid,[],"[""event_00000130""]",evaluation_receipt,episode_attempt_f988c916890c8a7d207f,5f6f1f5673d1970bd0ef1636d4381d131b8f363fa837d5261d16721462d0a71e,true
result_2d58299fab6f12f585052ba2,runplan_3294d84d7cc1ba81,cell_f204818d0f7b0b44bf78,housing_v1__experiment__000001,housing_v1,housing_controlled_model_landlords_experiment,episode_attempt_f988c916890c8a7d207f,5f6f1f5673d1970bd0ef1636d4381d131b8f363fa837d5261d16721462d0a71e,included,housing_social_welfare_leaf,1.0.0,social_welfare,1.0.0,utility,landlord_2,landlord_2,75.36,utility_points,"{""disagreement_utility"":0.0}",ok,valid,[],"[""event_00000130""]",evaluation_receipt,episode_attempt_f988c916890c8a7d207f,5f6f1f5673d1970bd0ef1636d4381d131b8f363fa837d5261d16721462d0a71e,true
result_de825e3a39084be3ade51ca6,runplan_3294d84d7cc1ba81,cell_f204818d0f7b0b44bf78,housing_v1__experiment__000001,housing_v1,housing_controlled_model_landlords_experiment,episode_attempt_f988c916890c8a7d207f,5f6f1f5673d1970bd0ef1636d4381d131b8f363fa837d5261d16721462d0a71e,included,housing_social_welfare_leaf,1.0.0,social_welfare,1.0.0,utility,tenant_0,tenant_0,295.29,utility_points,"{""disagreement_utility"":0.0}",ok,valid,[],"[""event_00000130""]",evaluation_receipt,episode_attempt_f988c916890c8a7d207f,5f6f1f5673d1970bd0ef1636d4381d131b8f363fa837d5261d16721462d0a71e,true
result_740ddf8ce2d637ff189681d9,runplan_3294d84d7cc1ba81,cell_f204818d0f7b0b44bf78,housing_v1__experiment__000001,housing_v1,housing_controlled_model_landlords_experiment,episode_attempt_f988c916890c8a7d207f,5f6f1f5673d1970bd0ef1636d4381d131b8f363fa837d5261d16721462d0a71e,included,housing_social_welfare_leaf,1.0.0,social_welfare,1.0.0,utility,tenant_1,tenant_1,300.62,utility_points,"{""disagreement_utility"":0.0}",ok,valid,[],"[""event_00000130""]",evaluation_receipt,episode_attempt_f988c916890c8a7d207f,5f6f1f5673d1970bd0ef1636d4381d131b8f363fa837d5261d16721462d0a71e,true
result_74dc9e3de86f36b9dafab6a9,runplan_3294d84d7cc1ba81,cell_f204818d0f7b0b44bf78,housing_v1__experiment__000001,housing_v1,housing_controlled_model_landlords_experiment,episode_attempt_f988c916890c8a7d207f,5f6f1f5673d1970bd0ef1636d4381d131b8f363fa837d5261d16721462d0a71e,included,housing_social_welfare_leaf,1.0.0,social_welfare,1.0.0,utility,tenant_2,tenant_2,243.25,utility_points,"{""disagreement_utility"":0.0}",ok,valid,[],"[""event_00000130""]",evaluation_receipt,episode_attempt_f988c916890c8a7d207f,5f6f1f5673d1970bd0ef1636d4381d131b8f363fa837d5261d16721462d0a71e,true
result_7653c25cd25006f189ddf5a9,runplan_3294d84d7cc1ba81,cell_f204818d0f7b0b44bf78,housing_v1__experiment__000001,housing_v1,housing_controlled_model_landlords_experiment,episode_attempt_f988c916890c8a7d207f,5f6f1f5673d1970bd0ef1636d4381d131b8f363fa837d5261d16721462d0a71e,included,housing_social_welfare_leaf,1.0.0,social_welfare,1.0.0,utility,tenant_3,tenant_3,0.0,utility_points,"{""disagreement_utility"":0.0}",ok,valid,[],"[""event_00000130""]",evaluation_receipt,episode_attempt_f988c916890c8a7d207f,5f6f1f5673d1970bd0ef1636d4381d131b8f363fa837d5261d16721462d0a71e,true
result_3d8ba39677a8252598eabdcf,runplan_3294d84d7cc1ba81,cell_f204818d0f7b0b44bf78,housing_v1__experiment__000001,housing_v1,housing_controlled_model_landlords_experiment,episode_attempt_f988c916890c8a7d207f,5f6f1f5673d1970bd0ef1636d4381d131b8f363fa837d5261d16721462d0a71e,included,housing_social_welfare_leaf,1.0.0,social_welfare,1.0.0,utility,tenant_4,tenant_4,0.0,utility_points,"{""disagreement_utility"":0.0}",ok,valid,[],"[""event_00000130""]",evaluation_receipt,episode_attempt_f988c916890c8a7d207f,5f6f1f5673d1970bd0ef1636d4381d131b8f363fa837d5261d16721462d0a71e,true
result_4f0332632ceb5c088c5bd20c,runplan_3294d84d7cc1ba81,cell_f204818d0f7b0b44bf78,housing_v1__experiment__000001,housing_v1,housing_controlled_model_landlords_experiment,episode_attempt_f988c916890c8a7d207f,5f6f1f5673d1970bd0ef1636d4381d131b8f363fa837d5261d16721462d0a71e,included,housing_social_welfare_leaf,1.0.0,social_welfare,1.0.0,utility,tenant_5,tenant_5,0.0,utility_points,"{""disagreement_utility"":0.0}",ok,valid,[],"[""event_00000130""]",evaluation_receipt,episode_attempt_f988c916890c8a7d207f,5f6f1f5673d1970bd0ef1636d4381d131b8f363fa837d5261d16721462d0a71e,true
result_835dfc8e57e26f9051aaa130,runplan_3294d84d7cc1ba81,cell_f204818d0f7b0b44bf78,housing_v1__experiment__000001,housing_v1,housing_controlled_model_landlords_experiment,episode_attempt_f988c916890c8a7d207f,5f6f1f5673d1970bd0ef1636d4381d131b8f363fa837d5261d16721462d0a71e,included,housing_social_welfare_leaf,1.0.0,social_welfare,1.0.0,capture,landlord_0,landlord_0,56.6,utility_points,"{""disagreement_utility"":0.0}",ok,valid,[],"[""event_00000130""]",evaluation_receipt,episode_attempt_f988c916890c8a7d207f,5f6f1f5673d1970bd0ef1636d4381d131b8f363fa837d5261d16721462d0a71e,true
result_187584be7cb7db3558e51706,runplan_3294d84d7cc1ba81,cell_f204818d0f7b0b44bf78,housing_v1__experiment__000001,housing_v1,housing_controlled_model_landlords_experiment,episode_attempt_f988c916890c8a7d207f,5f6f1f5673d1970bd0ef1636d4381d131b8f363fa837d5261d16721462d0a71e,included,housing_social_welfare_leaf,1.0.0,social_welfare,1.0.0,capture,landlord_1,landlord_1,58.62,utility_points,"{""disagreement_utility"":0.0}",ok,valid,[],"[""event_00000130""]",evaluation_receipt,episode_attempt_f988c916890c8a7d207f,5f6f1f5673d1970bd0ef1636d4381d131b8f363fa837d5261d16721462d0a71e,true
result_a0ef5ec78126ca850894fe54,runplan_3294d84d7cc1ba81,cell_f204818d0f7b0b44bf78,housing_v1__experiment__000001,housing_v1,housing_controlled_model_landlords_experiment,episode_attempt_f988c916890c8a7d207f,5f6f1f5673d1970bd0ef1636d4381d131b8f363fa837d5261d16721462d0a71e,included,housing_social_welfare_leaf,1.0.0,social_welfare,1.0.0,capture,landlord_2,landlord_2,75.36,utility_points,"{""disagreement_utility"":0.0}",ok,valid,[],"[""event_00000130""]",evaluation_receipt,episode_attempt_f988c916890c8a7d207f,5f6f1f5673d1970bd0ef1636d4381d131b8f363fa837d5261d16721462d0a71e,true
result_243cb05385bba4486affbf05,runplan_3294d84d7cc1ba81,cell_f204818d0f7b0b44bf78,housing_v1__experiment__000001,housing_v1,housing_controlled_model_landlords_experiment,episode_attempt_f988c916890c8a7d207f,5f6f1f5673d1970bd0ef1636d4381d131b8f363fa837d5261d16721462d0a71e,included,housing_social_welfare_leaf,1.0.0,social_welfare,1.0.0,capture,tenant_0,tenant_0,295.29,utility_points,"{""disagreement_utility"":0.0}",ok,valid,[],"[""event_00000130""]",evaluation_receipt,episode_attempt_f988c916890c8a7d207f,5f6f1f5673d1970bd0ef1636d4381d131b8f363fa837d5261d16721462d0a71e,true
result_419c3ae2cca887db7c1f6339,runplan_3294d84d7cc1ba81,cell_f204818d0f7b0b44bf78,housing_v1__experiment__000001,housing_v1,housing_controlled_model_landlords_experiment,episode_attempt_f988c916890c8a7d207f,5f6f1f5673d1970bd0ef1636d4381d131b8f363fa837d5261d16721462d0a71e,included,housing_social_welfare_leaf,1.0.0,social_welfare,1.0.0,capture,tenant_1,tenant_1,300.62,utility_points,"{""disagreement_utility"":0.0}",ok,valid,[],"[""event_00000130""]",evaluation_receipt,episode_attempt_f988c916890c8a7d207f,5f6f1f5673d1970bd0ef1636d4381d131b8f363fa837d5261d16721462d0a71e,true
result_4288b003afe0641af5f87eee,runplan_3294d84d7cc1ba81,cell_f204818d0f7b0b44bf78,housing_v1__experiment__000001,housing_v1,housing_controlled_model_landlords_experiment,episode_attempt_f988c916890c8a7d207f,5f6f1f5673d1970bd0ef1636d4381d131b8f363fa837d5261d16721462d0a71e,included,housing_social_welfare_leaf,1.0.0,social_welfare,1.0.0,capture,tenant_2,tenant_2,243.25,utility_points,"{""disagreement_utility"":0.0}",ok,valid,[],"[""event_00000130""]",evaluation_receipt,episode_attempt_f988c916890c8a7d207f,5f6f1f5673d1970bd0ef1636d4381d131b8f363fa837d5261d16721462d0a71e,true
result_0a8f23f09b8dff96ec8f4575,runplan_3294d84d7cc1ba81,cell_f204818d0f7b0b44bf78,housing_v1__experiment__000001,housing_v1,housing_controlled_model_landlords_experiment,episode_attempt_f988c916890c8a7d207f,5f6f1f5673d1970bd0ef1636d4381d131b8f363fa837d5261d16721462d0a71e,included,housing_social_welfare_leaf,1.0.0,social_welfare,1.0.0,capture,tenant_3,tenant_3,0.0,utility_points,"{""disagreement_utility"":0.0}",ok,valid,[],"[""event_00000130""]",evaluation_receipt,episode_attempt_f988c916890c8a7d207f,5f6f1f5673d1970bd0ef1636d4381d131b8f363fa837d5261d16721462d0a71e,true
result_68d7b44fa9f35f1ab02807b6,runplan_3294d84d7cc1ba81,cell_f204818d0f7b0b44bf78,housing_v1__experiment__000001,housing_v1,housing_controlled_model_landlords_experiment,episode_attempt_f988c916890c8a7d207f,5f6f1f5673d1970bd0ef1636d4381d131b8f363fa837d5261d16721462d0a71e,included,housing_social_welfare_leaf,1.0.0,social_welfare,1.0.0,capture,tenant_4,tenant_4,0.0,utility_points,"{""disagreement_utility"":0.0}",ok,valid,[],"[""event_00000130""]",evaluation_receipt,episode_attempt_f988c916890c8a7d207f,5f6f1f5673d1970bd0ef1636d4381d131b8f363fa837d5261d16721462d0a71e,true
result_79997d1d952800fb1a96453f,runplan_3294d84d7cc1ba81,cell_f204818d0f7b0b44bf78,housing_v1__experiment__000001,housing_v1,housing_controlled_model_landlords_experiment,episode_attempt_f988c916890c8a7d207f,5f6f1f5673d1970bd0ef1636d4381d131b8f363fa837d5261d16721462d0a71e,included,housing_social_welfare_leaf,1.0.0,social_welfare,1.0.0,capture,tenant_5,tenant_5,0.0,utility_points,"{""disagreement_utility"":0.0}",ok,valid,[],"[""event_00000130""]",evaluation_receipt,episode_attempt_f988c916890c8a7d207f,5f6f1f5673d1970bd0ef1636d4381d131b8f363fa837d5261d16721462d0a71e,true
result_f09db6a651f09dab713061a2,runplan_3294d84d7cc1ba81,cell_fa84e753abfe895609c0,housing_v1__experiment__000003,housing_v1,housing_controlled_model_landlords_experiment,episode_attempt_20238400b9991e0d3fae,e36f8332faae2fb3ebaf0b9fa7ea00c69926fd0d5d2024c26ada86eeeeaf2e59,included,housing_social_welfare_leaf,1.0.0,social_welfare,1.0.0,primary,social_welfare,,1614.08,utility_points,{},ok,valid,[],"[""event_00000130""]",evaluation_receipt,episode_attempt_20238400b9991e0d3fae,e36f8332faae2fb3ebaf0b9fa7ea00c69926fd0d5d2024c26ada86eeeeaf2e59,true
result_f699199e9dd67d9ff61168cf,runplan_3294d84d7cc1ba81,cell_fa84e753abfe895609c0,housing_v1__experiment__000003,housing_v1,housing_controlled_model_landlords_experiment,episode_attempt_20238400b9991e0d3fae,e36f8332faae2fb3ebaf0b9fa7ea00c69926fd0d5d2024c26ada86eeeeaf2e59,included,housing_social_welfare_leaf,1.0.0,social_welfare,1.0.0,metric,comparison_baseline_gap,,152.37999999999988,utility_points,{},ok,valid,[],"[""event_00000130""]",evaluation_receipt,episode_attempt_20238400b9991e0d3fae,e36f8332faae2fb3ebaf0b9fa7ea00c69926fd0d5d2024c26ada86eeeeaf2e59,true
result_da54b96297c1313e1f3670ef,runplan_3294d84d7cc1ba81,cell_fa84e753abfe895609c0,housing_v1__experiment__000003,housing_v1,housing_controlled_model_landlords_experiment,episode_attempt_20238400b9991e0d3fae,e36f8332faae2fb3ebaf0b9fa7ea00c69926fd0d5d2024c26ada86eeeeaf2e59,included,housing_social_welfare_leaf,1.0.0,social_welfare,1.0.0,metric,ir_violation_count,,0.0,count,{},ok,valid,[],"[""event_00000130""]",evaluation_receipt,episode_attempt_20238400b9991e0d3fae,e36f8332faae2fb3ebaf0b9fa7ea00c69926fd0d5d2024c26ada86eeeeaf2e59,true
result_409fc6a9d069a3f39789ff70,runplan_3294d84d7cc1ba81,cell_fa84e753abfe895609c0,housing_v1__experiment__000003,housing_v1,housing_controlled_model_landlords_experiment,episode_attempt_20238400b9991e0d3fae,e36f8332faae2fb3ebaf0b9fa7ea00c69926fd0d5d2024c26ada86eeeeaf2e59,included,housing_social_welfare_leaf,1.0.0,social_welfare,1.0.0,metric,social_welfare,,1614.08,utility_points,{},ok,valid,[],"[""event_00000130""]",evaluation_receipt,episode_attempt_20238400b9991e0d3fae,e36f8332faae2fb3ebaf0b9fa7ea00c69926fd0d5d2024c26ada86eeeeaf2e59,true
result_5e70b6829bfa3e8013f2e450,runplan_3294d84d7cc1ba81,cell_fa84e753abfe895609c0,housing_v1__experiment__000003,housing_v1,housing_controlled_model_landlords_experiment,episode_attempt_20238400b9991e0d3fae,e36f8332faae2fb3ebaf0b9fa7ea00c69926fd0d5d2024c26ada86eeeeaf2e59,included,housing_social_welfare_leaf,1.0.0,social_welfare,1.0.0,metric,upper_bound_gap,,124.13000000000011,utility_points,{},ok,valid,[],"[""event_00000130""]",evaluation_receipt,episode_attempt_20238400b9991e0d3fae,e36f8332faae2fb3ebaf0b9fa7ea00c69926fd0d5d2024c26ada86eeeeaf2e59,true
result_9dd022f695f35430a55fdbc5,runplan_3294d84d7cc1ba81,cell_fa84e753abfe895609c0,housing_v1__experiment__000003,housing_v1,housing_controlled_model_landlords_experiment,episode_attempt_20238400b9991e0d3fae,e36f8332faae2fb3ebaf0b9fa7ea00c69926fd0d5d2024c26ada86eeeeaf2e59,included,housing_social_welfare_leaf,1.0.0,social_welfare,1.0.0,metric,wasted_contacts,,3.0,count,{},ok,valid,[],"[""event_00000130""]",evaluation_receipt,episode_attempt_20238400b9991e0d3fae,e36f8332faae2fb3ebaf0b9fa7ea00c69926fd0d5d2024c26ada86eeeeaf2e59,true
result_d957c14b6a8f5b4cc9d7f81f,runplan_3294d84d7cc1ba81,cell_fa84e753abfe895609c0,housing_v1__experiment__000003,housing_v1,housing_controlled_model_landlords_experiment,episode_attempt_20238400b9991e0d3fae,e36f8332faae2fb3ebaf0b9fa7ea00c69926fd0d5d2024c26ada86eeeeaf2e59,included,housing_social_welfare_leaf,1.0.0,social_welfare,1.0.0,metric,within_case_score,,0.9285874549105113,ratio,{},ok,valid,[],"[""event_00000130""]",evaluation_receipt,episode_attempt_20238400b9991e0d3fae,e36f8332faae2fb3ebaf0b9fa7ea00c69926fd0d5d2024c26ada86eeeeaf2e59,true
result_8a833585cc0f201964f80ad8,runplan_3294d84d7cc1ba81,cell_fa84e753abfe895609c0,housing_v1__experiment__000003,housing_v1,housing_controlled_model_landlords_experiment,episode_attempt_20238400b9991e0d3fae,e36f8332faae2fb3ebaf0b9fa7ea00c69926fd0d5d2024c26ada86eeeeaf2e59,included,housing_social_welfare_leaf,1.0.0,social_welfare,1.0.0,reference,comparison_baseline,,1461.7,utility_points,"{""policy"":""naive"",""reference_kind"":""comparison_baseline""}",ok,valid,[],"[""event_00000130""]",evaluation_receipt,episode_attempt_20238400b9991e0d3fae,e36f8332faae2fb3ebaf0b9fa7ea00c69926fd0d5d2024c26ada86eeeeaf2e59,true
result_e89baf33c9605330772c602f,runplan_3294d84d7cc1ba81,cell_fa84e753abfe895609c0,housing_v1__experiment__000003,housing_v1,housing_controlled_model_landlords_experiment,episode_attempt_20238400b9991e0d3fae,e36f8332faae2fb3ebaf0b9fa7ea00c69926fd0d5d2024c26ada86eeeeaf2e59,included,housing_social_welfare_leaf,1.0.0,social_welfare,1.0.0,reference,optimum_lower_bound,,0.0,utility_points,"{""policy"":""do_nothing"",""reference_kind"":""objective_lower_bound""}",ok,valid,[],"[""event_00000130""]",evaluation_receipt,episode_attempt_20238400b9991e0d3fae,e36f8332faae2fb3ebaf0b9fa7ea00c69926fd0d5d2024c26ada86eeeeaf2e59,true
result_016e8abdc65ad53cd2ef558b,runplan_3294d84d7cc1ba81,cell_fa84e753abfe895609c0,housing_v1__experiment__000003,housing_v1,housing_controlled_model_landlords_experiment,episode_attempt_20238400b9991e0d3fae,e36f8332faae2fb3ebaf0b9fa7ea00c69926fd0d5d2024c26ada86eeeeaf2e59,included,housing_social_welfare_leaf,1.0.0,social_welfare,1.0.0,reference,optimum_upper_bound,,1738.21,utility_points,"{""reference_kind"":""objective_upper_bound"",""semantics"":""full_information_allocation_relaxation""}",ok,valid,[],"[""event_00000130""]",evaluation_receipt,episode_attempt_20238400b9991e0d3fae,e36f8332faae2fb3ebaf0b9fa7ea00c69926fd0d5d2024c26ada86eeeeaf2e59,true
result_ef1fbdfe8cbc0d4101ae6471,runplan_3294d84d7cc1ba81,cell_fa84e753abfe895609c0,housing_v1__experiment__000003,housing_v1,housing_controlled_model_landlords_experiment,episode_attempt_20238400b9991e0d3fae,e36f8332faae2fb3ebaf0b9fa7ea00c69926fd0d5d2024c26ada86eeeeaf2e59,included,housing_social_welfare_leaf,1.0.0,social_welfare,1.0.0,utility,landlord_0,landlord_0,681.07,utility_points,"{""disagreement_utility"":0.0}",ok,valid,[],"[""event_00000130""]",evaluation_receipt,episode_attempt_20238400b9991e0d3fae,e36f8332faae2fb3ebaf0b9fa7ea00c69926fd0d5d2024c26ada86eeeeaf2e59,true
result_24c7fc8594f339e2202893fa,runplan_3294d84d7cc1ba81,cell_fa84e753abfe895609c0,housing_v1__experiment__000003,housing_v1,housing_controlled_model_landlords_experiment,episode_attempt_20238400b9991e0d3fae,e36f8332faae2fb3ebaf0b9fa7ea00c69926fd0d5d2024c26ada86eeeeaf2e59,included,housing_social_welfare_leaf,1.0.0,social_welfare,1.0.0,utility,landlord_1,landlord_1,66.45,utility_points,"{""disagreement_utility"":0.0}",ok,valid,[],"[""event_00000130""]",evaluation_receipt,episode_attempt_20238400b9991e0d3fae,e36f8332faae2fb3ebaf0b9fa7ea00c69926fd0d5d2024c26ada86eeeeaf2e59,true
result_11864808d14c2eaa301fe2e4,runplan_3294d84d7cc1ba81,cell_fa84e753abfe895609c0,housing_v1__experiment__000003,housing_v1,housing_controlled_model_landlords_experiment,episode_attempt_20238400b9991e0d3fae,e36f8332faae2fb3ebaf0b9fa7ea00c69926fd0d5d2024c26ada86eeeeaf2e59,included,housing_social_welfare_leaf,1.0.0,social_welfare,1.0.0,utility,landlord_2,landlord_2,76.96,utility_points,"{""disagreement_utility"":0.0}",ok,valid,[],"[""event_00000130""]",evaluation_receipt,episode_attempt_20238400b9991e0d3fae,e36f8332faae2fb3ebaf0b9fa7ea00c69926fd0d5d2024c26ada86eeeeaf2e59,true
result_39c9e8441ee9dfb72aec3011,runplan_3294d84d7cc1ba81,cell_fa84e753abfe895609c0,housing_v1__experiment__000003,housing_v1,housing_controlled_model_landlords_experiment,episode_attempt_20238400b9991e0d3fae,e36f8332faae2fb3ebaf0b9fa7ea00c69926fd0d5d2024c26ada86eeeeaf2e59,included,housing_social_welfare_leaf,1.0.0,social_welfare,1.0.0,utility,tenant_0,tenant_0,0.0,utility_points,"{""disagreement_utility"":0.0}",ok,valid,[],"[""event_00000130""]",evaluation_receipt,episode_attempt_20238400b9991e0d3fae,e36f8332faae2fb3ebaf0b9fa7ea00c69926fd0d5d2024c26ada86eeeeaf2e59,true
result_c0c89e883e3942ef89a39ae6,runplan_3294d84d7cc1ba81,cell_fa84e753abfe895609c0,housing_v1__experiment__000003,housing_v1,housing_controlled_model_landlords_experiment,episode_attempt_20238400b9991e0d3fae,e36f8332faae2fb3ebaf0b9fa7ea00c69926fd0d5d2024c26ada86eeeeaf2e59,included,housing_social_welfare_leaf,1.0.0,social_welfare,1.0.0,utility,tenant_1,tenant_1,309.88,utility_points,"{""disagreement_utility"":0.0}",ok,valid,[],"[""event_00000130""]",evaluation_receipt,episode_attempt_20238400b9991e0d3fae,e36f8332faae2fb3ebaf0b9fa7ea00c69926fd0d5d2024c26ada86eeeeaf2e59,true
result_26fba0fc44bf3e22c540b4d0,runplan_3294d84d7cc1ba81,cell_fa84e753abfe895609c0,housing_v1__experiment__000003,housing_v1,housing_controlled_model_landlords_experiment,episode_attempt_20238400b9991e0d3fae,e36f8332faae2fb3ebaf0b9fa7ea00c69926fd0d5d2024c26ada86eeeeaf2e59,included,housing_social_welfare_leaf,1.0.0,social_welfare,1.0.0,utility,tenant_2,tenant_2,479.72,utility_points,"{""disagreement_utility"":0.0}",ok,valid,[],"[""event_00000130""]",evaluation_receipt,episode_attempt_20238400b9991e0d3fae,e36f8332faae2fb3ebaf0b9fa7ea00c69926fd0d5d2024c26ada86eeeeaf2e59,true
result_19a064ee40611c579d6d1bfe,runplan_3294d84d7cc1ba81,cell_fa84e753abfe895609c0,housing_v1__experiment__000003,housing_v1,housing_controlled_model_landlords_experiment,episode_attempt_20238400b9991e0d3fae,e36f8332faae2fb3ebaf0b9fa7ea00c69926fd0d5d2024c26ada86eeeeaf2e59,included,housing_social_welfare_leaf,1.0.0,social_welfare,1.0.0,utility,tenant_3,tenant_3,0.0,utility_points,"{""disagreement_utility"":0.0}",ok,valid,[],"[""event_00000130""]",evaluation_receipt,episode_attempt_20238400b9991e0d3fae,e36f8332faae2fb3ebaf0b9fa7ea00c69926fd0d5d2024c26ada86eeeeaf2e59,true
result_1b8530d1d8588874f71dcd3d,runplan_3294d84d7cc1ba81,cell_fa84e753abfe895609c0,housing_v1__experiment__000003,housing_v1,housing_controlled_model_landlords_experiment,episode_attempt_20238400b9991e0d3fae,e36f8332faae2fb3ebaf0b9fa7ea00c69926fd0d5d2024c26ada86eeeeaf2e59,included,housing_social_welfare_leaf,1.0.0,social_welfare,1.0.0,utility,tenant_4,tenant_4,0.0,utility_points,"{""disagreement_utility"":0.0}",ok,valid,[],"[""event_00000130""]",evaluation_receipt,episode_attempt_20238400b9991e0d3fae,e36f8332faae2fb3ebaf0b9fa7ea00c69926fd0d5d2024c26ada86eeeeaf2e59,true
result_dee07f831d3ca8d65c2a71bf,runplan_3294d84d7cc1ba81,cell_fa84e753abfe895609c0,housing_v1__experiment__000003,housing_v1,housing_controlled_model_landlords_experiment,episode_attempt_20238400b9991e0d3fae,e36f8332faae2fb3ebaf0b9fa7ea00c69926fd0d5d2024c26ada86eeeeaf2e59,included,housing_social_welfare_leaf,1.0.0,social_welfare,1.0.0,utility,tenant_5,tenant_5,0.0,utility_points,"{""disagreement_utility"":0.0}",ok,valid,[],"[""event_00000130""]",evaluation_receipt,episode_attempt_20238400b9991e0d3fae,e36f8332faae2fb3ebaf0b9fa7ea00c69926fd0d5d2024c26ada86eeeeaf2e59,true
result_29df132db7bd98d942b11686,runplan_3294d84d7cc1ba81,cell_fa84e753abfe895609c0,housing_v1__experiment__000003,housing_v1,housing_controlled_model_landlords_experiment,episode_attempt_20238400b9991e0d3fae,e36f8332faae2fb3ebaf0b9fa7ea00c69926fd0d5d2024c26ada86eeeeaf2e59,included,housing_social_welfare_leaf,1.0.0,social_welfare,1.0.0,capture,landlord_0,landlord_0,681.07,utility_points,"{""disagreement_utility"":0.0}",ok,valid,[],"[""event_00000130""]",evaluation_receipt,episode_attempt_20238400b9991e0d3fae,e36f8332faae2fb3ebaf0b9fa7ea00c69926fd0d5d2024c26ada86eeeeaf2e59,true
result_eb2cc33f3ed1515e6acf4795,runplan_3294d84d7cc1ba81,cell_fa84e753abfe895609c0,housing_v1__experiment__000003,housing_v1,housing_controlled_model_landlords_experiment,episode_attempt_20238400b9991e0d3fae,e36f8332faae2fb3ebaf0b9fa7ea00c69926fd0d5d2024c26ada86eeeeaf2e59,included,housing_social_welfare_leaf,1.0.0,social_welfare,1.0.0,capture,landlord_1,landlord_1,66.45,utility_points,"{""disagreement_utility"":0.0}",ok,valid,[],"[""event_00000130""]",evaluation_receipt,episode_attempt_20238400b9991e0d3fae,e36f8332faae2fb3ebaf0b9fa7ea00c69926fd0d5d2024c26ada86eeeeaf2e59,true
result_b8e04a23604f4be620b6fa81,runplan_3294d84d7cc1ba81,cell_fa84e753abfe895609c0,housing_v1__experiment__000003,housing_v1,housing_controlled_model_landlords_experiment,episode_attempt_20238400b9991e0d3fae,e36f8332faae2fb3ebaf0b9fa7ea00c69926fd0d5d2024c26ada86eeeeaf2e59,included,housing_social_welfare_leaf,1.0.0,social_welfare,1.0.0,capture,landlord_2,landlord_2,76.96,utility_points,"{""disagreement_utility"":0.0}",ok,valid,[],"[""event_00000130""]",evaluation_receipt,episode_attempt_20238400b9991e0d3fae,e36f8332faae2fb3ebaf0b9fa7ea00c69926fd0d5d2024c26ada86eeeeaf2e59,true
result_a1be2d053a8def523fd6a2c8,runplan_3294d84d7cc1ba81,cell_fa84e753abfe895609c0,housing_v1__experiment__000003,housing_v1,housing_controlled_model_landlords_experiment,episode_attempt_20238400b9991e0d3fae,e36f8332faae2fb3ebaf0b9fa7ea00c69926fd0d5d2024c26ada86eeeeaf2e59,included,housing_social_welfare_leaf,1.0.0,social_welfare,1.0.0,capture,tenant_0,tenant_0,0.0,utility_points,"{""disagreement_utility"":0.0}",ok,valid,[],"[""event_00000130""]",evaluation_receipt,episode_attempt_20238400b9991e0d3fae,e36f8332faae2fb3ebaf0b9fa7ea00c69926fd0d5d2024c26ada86eeeeaf2e59,true
result_5f6a0b4d12e1e309773fe44d,runplan_3294d84d7cc1ba81,cell_fa84e753abfe895609c0,housing_v1__experiment__000003,housing_v1,housing_controlled_model_landlords_experiment,episode_attempt_20238400b9991e0d3fae,e36f8332faae2fb3ebaf0b9fa7ea00c69926fd0d5d2024c26ada86eeeeaf2e59,included,housing_social_welfare_leaf,1.0.0,social_welfare,1.0.0,capture,tenant_1,tenant_1,309.88,utility_points,"{""disagreement_utility"":0.0}",ok,valid,[],"[""event_00000130""]",evaluation_receipt,episode_attempt_20238400b9991e0d3fae,e36f8332faae2fb3ebaf0b9fa7ea00c69926fd0d5d2024c26ada86eeeeaf2e59,true
result_2b1ebe92a7b66968a23454a8,runplan_3294d84d7cc1ba81,cell_fa84e753abfe895609c0,housing_v1__experiment__000003,housing_v1,housing_controlled_model_landlords_experiment,episode_attempt_20238400b9991e0d3fae,e36f8332faae2fb3ebaf0b9fa7ea00c69926fd0d5d2024c26ada86eeeeaf2e59,included,housing_social_welfare_leaf,1.0.0,social_welfare,1.0.0,capture,tenant_2,tenant_2,479.72,utility_points,"{""disagreement_utility"":0.0}",ok,valid,[],"[""event_00000130""]",evaluation_receipt,episode_attempt_20238400b9991e0d3fae,e36f8332faae2fb3ebaf0b9fa7ea00c69926fd0d5d2024c26ada86eeeeaf2e59,true
result_4e61ae000d2d05a9814b3867,runplan_3294d84d7cc1ba81,cell_fa84e753abfe895609c0,housing_v1__experiment__000003,housing_v1,housing_controlled_model_landlords_experiment,episode_attempt_20238400b9991e0d3fae,e36f8332faae2fb3ebaf0b9fa7ea00c69926fd0d5d2024c26ada86eeeeaf2e59,included,housing_social_welfare_leaf,1.0.0,social_welfare,1.0.0,capture,tenant_3,tenant_3,0.0,utility_points,"{""disagreement_utility"":0.0}",ok,valid,[],"[""event_00000130""]",evaluation_receipt,episode_attempt_20238400b9991e0d3fae,e36f8332faae2fb3ebaf0b9fa7ea00c69926fd0d5d2024c26ada86eeeeaf2e59,true
result_3664c6b292ae38274c1b443f,runplan_3294d84d7cc1ba81,cell_fa84e753abfe895609c0,housing_v1__experiment__000003,housing_v1,housing_controlled_model_landlords_experiment,episode_attempt_20238400b9991e0d3fae,e36f8332faae2fb3ebaf0b9fa7ea00c69926fd0d5d2024c26ada86eeeeaf2e59,included,housing_social_welfare_leaf,1.0.0,social_welfare,1.0.0,capture,tenant_4,tenant_4,0.0,utility_points,"{""disagreement_utility"":0.0}",ok,valid,[],"[""event_00000130""]",evaluation_receipt,episode_attempt_20238400b9991e0d3fae,e36f8332faae2fb3ebaf0b9fa7ea00c69926fd0d5d2024c26ada86eeeeaf2e59,true
result_40fae359b1326295c28751ad,runplan_3294d84d7cc1ba81,cell_fa84e753abfe895609c0,housing_v1__experiment__000003,housing_v1,housing_controlled_model_landlords_experiment,episode_attempt_20238400b9991e0d3fae,e36f8332faae2fb3ebaf0b9fa7ea00c69926fd0d5d2024c26ada86eeeeaf2e59,included,housing_social_welfare_leaf,1.0.0,social_welfare,1.0.0,capture,tenant_5,tenant_5,0.0,utility_points,"{""disagreement_utility"":0.0}",ok,valid,[],"[""event_00000130""]",evaluation_receipt,episode_attempt_20238400b9991e0d3fae,e36f8332faae2fb3ebaf0b9fa7ea00c69926fd0d5d2024c26ada86eeeeaf2e59,true
