fact_id,run_id,task_id,case_id,family_id,block_id,episode_attempt_id,receipt_sha256,inclusion_status,leaf_id,leaf_version,estimand_id,estimand_version,metric_role,metric_name,seat_id,value,unit,metric_metadata,score_status,validity_status,validity_reasons,evidence_refs,source_kind,source_id,source_sha256,reportable
result_37ead6d3f7ced1730d56930f,runplan_ddfd0ff85d087e32,cell_06f3a55abccfb65cb0ea,housing_v1__experiment__000008,housing_v1,housing_controlled_model_landlords_experiment,episode_attempt_1c84b39eb9fce8de327b,d6d106c0c774ef902d0cbb2b8e3f4fd2436eb6d49b937ac316c87fa2c3043216,included,housing_social_welfare_leaf,1.0.0,social_welfare,1.0.0,primary,social_welfare,,1865.52,utility_points,{},ok,valid,[],"[""event_00000251""]",evaluation_receipt,episode_attempt_1c84b39eb9fce8de327b,d6d106c0c774ef902d0cbb2b8e3f4fd2436eb6d49b937ac316c87fa2c3043216,true
result_93a68fa425686c86f0ad53d1,runplan_ddfd0ff85d087e32,cell_06f3a55abccfb65cb0ea,housing_v1__experiment__000008,housing_v1,housing_controlled_model_landlords_experiment,episode_attempt_1c84b39eb9fce8de327b,d6d106c0c774ef902d0cbb2b8e3f4fd2436eb6d49b937ac316c87fa2c3043216,included,housing_social_welfare_leaf,1.0.0,social_welfare,1.0.0,metric,comparison_baseline_gap,,-19.329999999999927,utility_points,{},ok,valid,[],"[""event_00000251""]",evaluation_receipt,episode_attempt_1c84b39eb9fce8de327b,d6d106c0c774ef902d0cbb2b8e3f4fd2436eb6d49b937ac316c87fa2c3043216,true
result_780c0e639e16b39cec46c3aa,runplan_ddfd0ff85d087e32,cell_06f3a55abccfb65cb0ea,housing_v1__experiment__000008,housing_v1,housing_controlled_model_landlords_experiment,episode_attempt_1c84b39eb9fce8de327b,d6d106c0c774ef902d0cbb2b8e3f4fd2436eb6d49b937ac316c87fa2c3043216,included,housing_social_welfare_leaf,1.0.0,social_welfare,1.0.0,metric,ir_violation_count,,0.0,count,{},ok,valid,[],"[""event_00000251""]",evaluation_receipt,episode_attempt_1c84b39eb9fce8de327b,d6d106c0c774ef902d0cbb2b8e3f4fd2436eb6d49b937ac316c87fa2c3043216,true
result_1565f26b970bfdbc9912b880,runplan_ddfd0ff85d087e32,cell_06f3a55abccfb65cb0ea,housing_v1__experiment__000008,housing_v1,housing_controlled_model_landlords_experiment,episode_attempt_1c84b39eb9fce8de327b,d6d106c0c774ef902d0cbb2b8e3f4fd2436eb6d49b937ac316c87fa2c3043216,included,housing_social_welfare_leaf,1.0.0,social_welfare,1.0.0,metric,social_welfare,,1865.52,utility_points,{},ok,valid,[],"[""event_00000251""]",evaluation_receipt,episode_attempt_1c84b39eb9fce8de327b,d6d106c0c774ef902d0cbb2b8e3f4fd2436eb6d49b937ac316c87fa2c3043216,true
result_62a78fb4ad7ed10caacdf901,runplan_ddfd0ff85d087e32,cell_06f3a55abccfb65cb0ea,housing_v1__experiment__000008,housing_v1,housing_controlled_model_landlords_experiment,episode_attempt_1c84b39eb9fce8de327b,d6d106c0c774ef902d0cbb2b8e3f4fd2436eb6d49b937ac316c87fa2c3043216,included,housing_social_welfare_leaf,1.0.0,social_welfare,1.0.0,metric,upper_bound_gap,,81.70000000000005,utility_points,{},ok,valid,[],"[""event_00000251""]",evaluation_receipt,episode_attempt_1c84b39eb9fce8de327b,d6d106c0c774ef902d0cbb2b8e3f4fd2436eb6d49b937ac316c87fa2c3043216,true
result_3133d37566b5cc01101fc257,runplan_ddfd0ff85d087e32,cell_06f3a55abccfb65cb0ea,housing_v1__experiment__000008,housing_v1,housing_controlled_model_landlords_experiment,episode_attempt_1c84b39eb9fce8de327b,d6d106c0c774ef902d0cbb2b8e3f4fd2436eb6d49b937ac316c87fa2c3043216,included,housing_social_welfare_leaf,1.0.0,social_welfare,1.0.0,metric,wasted_contacts,,6.0,count,{},ok,valid,[],"[""event_00000251""]",evaluation_receipt,episode_attempt_1c84b39eb9fce8de327b,d6d106c0c774ef902d0cbb2b8e3f4fd2436eb6d49b937ac316c87fa2c3043216,true
result_49dcbd4017b5a6b5d4d08bf4,runplan_ddfd0ff85d087e32,cell_06f3a55abccfb65cb0ea,housing_v1__experiment__000008,housing_v1,housing_controlled_model_landlords_experiment,episode_attempt_1c84b39eb9fce8de327b,d6d106c0c774ef902d0cbb2b8e3f4fd2436eb6d49b937ac316c87fa2c3043216,included,housing_social_welfare_leaf,1.0.0,social_welfare,1.0.0,metric,within_case_score,,0.958042748122965,ratio,{},ok,valid,[],"[""event_00000251""]",evaluation_receipt,episode_attempt_1c84b39eb9fce8de327b,d6d106c0c774ef902d0cbb2b8e3f4fd2436eb6d49b937ac316c87fa2c3043216,true
result_aff7c48faecdf6cbc5efc82a,runplan_ddfd0ff85d087e32,cell_06f3a55abccfb65cb0ea,housing_v1__experiment__000008,housing_v1,housing_controlled_model_landlords_experiment,episode_attempt_1c84b39eb9fce8de327b,d6d106c0c774ef902d0cbb2b8e3f4fd2436eb6d49b937ac316c87fa2c3043216,included,housing_social_welfare_leaf,1.0.0,social_welfare,1.0.0,reference,comparison_baseline,,1884.85,utility_points,"{""policy"":""naive"",""reference_kind"":""comparison_baseline""}",ok,valid,[],"[""event_00000251""]",evaluation_receipt,episode_attempt_1c84b39eb9fce8de327b,d6d106c0c774ef902d0cbb2b8e3f4fd2436eb6d49b937ac316c87fa2c3043216,true
result_7cffb3f8d8e54c5ce7506a06,runplan_ddfd0ff85d087e32,cell_06f3a55abccfb65cb0ea,housing_v1__experiment__000008,housing_v1,housing_controlled_model_landlords_experiment,episode_attempt_1c84b39eb9fce8de327b,d6d106c0c774ef902d0cbb2b8e3f4fd2436eb6d49b937ac316c87fa2c3043216,included,housing_social_welfare_leaf,1.0.0,social_welfare,1.0.0,reference,optimum_lower_bound,,0.0,utility_points,"{""policy"":""do_nothing"",""reference_kind"":""objective_lower_bound""}",ok,valid,[],"[""event_00000251""]",evaluation_receipt,episode_attempt_1c84b39eb9fce8de327b,d6d106c0c774ef902d0cbb2b8e3f4fd2436eb6d49b937ac316c87fa2c3043216,true
result_16f27a6b01d6497fed956ded,runplan_ddfd0ff85d087e32,cell_06f3a55abccfb65cb0ea,housing_v1__experiment__000008,housing_v1,housing_controlled_model_landlords_experiment,episode_attempt_1c84b39eb9fce8de327b,d6d106c0c774ef902d0cbb2b8e3f4fd2436eb6d49b937ac316c87fa2c3043216,included,housing_social_welfare_leaf,1.0.0,social_welfare,1.0.0,reference,optimum_upper_bound,,1947.22,utility_points,"{""reference_kind"":""objective_upper_bound"",""semantics"":""full_information_allocation_relaxation""}",ok,valid,[],"[""event_00000251""]",evaluation_receipt,episode_attempt_1c84b39eb9fce8de327b,d6d106c0c774ef902d0cbb2b8e3f4fd2436eb6d49b937ac316c87fa2c3043216,true
result_fb473f0e30b7927c3e197476,runplan_ddfd0ff85d087e32,cell_06f3a55abccfb65cb0ea,housing_v1__experiment__000008,housing_v1,housing_controlled_model_landlords_experiment,episode_attempt_1c84b39eb9fce8de327b,d6d106c0c774ef902d0cbb2b8e3f4fd2436eb6d49b937ac316c87fa2c3043216,included,housing_social_welfare_leaf,1.0.0,social_welfare,1.0.0,utility,landlord_0,landlord_0,89.7,utility_points,"{""disagreement_utility"":0.0}",ok,valid,[],"[""event_00000251""]",evaluation_receipt,episode_attempt_1c84b39eb9fce8de327b,d6d106c0c774ef902d0cbb2b8e3f4fd2436eb6d49b937ac316c87fa2c3043216,true
result_73366cdf88c2d860b06cd1a5,runplan_ddfd0ff85d087e32,cell_06f3a55abccfb65cb0ea,housing_v1__experiment__000008,housing_v1,housing_controlled_model_landlords_experiment,episode_attempt_1c84b39eb9fce8de327b,d6d106c0c774ef902d0cbb2b8e3f4fd2436eb6d49b937ac316c87fa2c3043216,included,housing_social_welfare_leaf,1.0.0,social_welfare,1.0.0,utility,landlord_1,landlord_1,72.51,utility_points,"{""disagreement_utility"":0.0}",ok,valid,[],"[""event_00000251""]",evaluation_receipt,episode_attempt_1c84b39eb9fce8de327b,d6d106c0c774ef902d0cbb2b8e3f4fd2436eb6d49b937ac316c87fa2c3043216,true
result_279531341513b0e78b80cdb0,runplan_ddfd0ff85d087e32,cell_06f3a55abccfb65cb0ea,housing_v1__experiment__000008,housing_v1,housing_controlled_model_landlords_experiment,episode_attempt_1c84b39eb9fce8de327b,d6d106c0c774ef902d0cbb2b8e3f4fd2436eb6d49b937ac316c87fa2c3043216,included,housing_social_welfare_leaf,1.0.0,social_welfare,1.0.0,utility,landlord_2,landlord_2,41.3,utility_points,"{""disagreement_utility"":0.0}",ok,valid,[],"[""event_00000251""]",evaluation_receipt,episode_attempt_1c84b39eb9fce8de327b,d6d106c0c774ef902d0cbb2b8e3f4fd2436eb6d49b937ac316c87fa2c3043216,true
result_a25acea7e25174b1db2c301f,runplan_ddfd0ff85d087e32,cell_06f3a55abccfb65cb0ea,housing_v1__experiment__000008,housing_v1,housing_controlled_model_landlords_experiment,episode_attempt_1c84b39eb9fce8de327b,d6d106c0c774ef902d0cbb2b8e3f4fd2436eb6d49b937ac316c87fa2c3043216,included,housing_social_welfare_leaf,1.0.0,social_welfare,1.0.0,utility,landlord_3,landlord_3,147.98,utility_points,"{""disagreement_utility"":0.0}",ok,valid,[],"[""event_00000251""]",evaluation_receipt,episode_attempt_1c84b39eb9fce8de327b,d6d106c0c774ef902d0cbb2b8e3f4fd2436eb6d49b937ac316c87fa2c3043216,true
result_0bf7b0d4db0e94d70f7a3341,runplan_ddfd0ff85d087e32,cell_06f3a55abccfb65cb0ea,housing_v1__experiment__000008,housing_v1,housing_controlled_model_landlords_experiment,episode_attempt_1c84b39eb9fce8de327b,d6d106c0c774ef902d0cbb2b8e3f4fd2436eb6d49b937ac316c87fa2c3043216,included,housing_social_welfare_leaf,1.0.0,social_welfare,1.0.0,utility,tenant_0,tenant_0,0.0,utility_points,"{""disagreement_utility"":0.0}",ok,valid,[],"[""event_00000251""]",evaluation_receipt,episode_attempt_1c84b39eb9fce8de327b,d6d106c0c774ef902d0cbb2b8e3f4fd2436eb6d49b937ac316c87fa2c3043216,true
result_782120c030beda3ff85db525,runplan_ddfd0ff85d087e32,cell_06f3a55abccfb65cb0ea,housing_v1__experiment__000008,housing_v1,housing_controlled_model_landlords_experiment,episode_attempt_1c84b39eb9fce8de327b,d6d106c0c774ef902d0cbb2b8e3f4fd2436eb6d49b937ac316c87fa2c3043216,included,housing_social_welfare_leaf,1.0.0,social_welfare,1.0.0,utility,tenant_1,tenant_1,225.74,utility_points,"{""disagreement_utility"":0.0}",ok,valid,[],"[""event_00000251""]",evaluation_receipt,episode_attempt_1c84b39eb9fce8de327b,d6d106c0c774ef902d0cbb2b8e3f4fd2436eb6d49b937ac316c87fa2c3043216,true
result_4248f3b4d7e23b5bb11eab19,runplan_ddfd0ff85d087e32,cell_06f3a55abccfb65cb0ea,housing_v1__experiment__000008,housing_v1,housing_controlled_model_landlords_experiment,episode_attempt_1c84b39eb9fce8de327b,d6d106c0c774ef902d0cbb2b8e3f4fd2436eb6d49b937ac316c87fa2c3043216,included,housing_social_welfare_leaf,1.0.0,social_welfare,1.0.0,utility,tenant_2,tenant_2,0.0,utility_points,"{""disagreement_utility"":0.0}",ok,valid,[],"[""event_00000251""]",evaluation_receipt,episode_attempt_1c84b39eb9fce8de327b,d6d106c0c774ef902d0cbb2b8e3f4fd2436eb6d49b937ac316c87fa2c3043216,true
result_9dba661e7bb5df70842adf20,runplan_ddfd0ff85d087e32,cell_06f3a55abccfb65cb0ea,housing_v1__experiment__000008,housing_v1,housing_controlled_model_landlords_experiment,episode_attempt_1c84b39eb9fce8de327b,d6d106c0c774ef902d0cbb2b8e3f4fd2436eb6d49b937ac316c87fa2c3043216,included,housing_social_welfare_leaf,1.0.0,social_welfare,1.0.0,utility,tenant_3,tenant_3,192.37,utility_points,"{""disagreement_utility"":0.0}",ok,valid,[],"[""event_00000251""]",evaluation_receipt,episode_attempt_1c84b39eb9fce8de327b,d6d106c0c774ef902d0cbb2b8e3f4fd2436eb6d49b937ac316c87fa2c3043216,true
result_2b0475966b39e93b708f53a6,runplan_ddfd0ff85d087e32,cell_06f3a55abccfb65cb0ea,housing_v1__experiment__000008,housing_v1,housing_controlled_model_landlords_experiment,episode_attempt_1c84b39eb9fce8de327b,d6d106c0c774ef902d0cbb2b8e3f4fd2436eb6d49b937ac316c87fa2c3043216,included,housing_social_welfare_leaf,1.0.0,social_welfare,1.0.0,utility,tenant_4,tenant_4,577.16,utility_points,"{""disagreement_utility"":0.0}",ok,valid,[],"[""event_00000251""]",evaluation_receipt,episode_attempt_1c84b39eb9fce8de327b,d6d106c0c774ef902d0cbb2b8e3f4fd2436eb6d49b937ac316c87fa2c3043216,true
result_626e56ce4c586c076d760568,runplan_ddfd0ff85d087e32,cell_06f3a55abccfb65cb0ea,housing_v1__experiment__000008,housing_v1,housing_controlled_model_landlords_experiment,episode_attempt_1c84b39eb9fce8de327b,d6d106c0c774ef902d0cbb2b8e3f4fd2436eb6d49b937ac316c87fa2c3043216,included,housing_social_welfare_leaf,1.0.0,social_welfare,1.0.0,utility,tenant_5,tenant_5,518.76,utility_points,"{""disagreement_utility"":0.0}",ok,valid,[],"[""event_00000251""]",evaluation_receipt,episode_attempt_1c84b39eb9fce8de327b,d6d106c0c774ef902d0cbb2b8e3f4fd2436eb6d49b937ac316c87fa2c3043216,true
result_9ca3cdede3b984e14fc3daaf,runplan_ddfd0ff85d087e32,cell_06f3a55abccfb65cb0ea,housing_v1__experiment__000008,housing_v1,housing_controlled_model_landlords_experiment,episode_attempt_1c84b39eb9fce8de327b,d6d106c0c774ef902d0cbb2b8e3f4fd2436eb6d49b937ac316c87fa2c3043216,included,housing_social_welfare_leaf,1.0.0,social_welfare,1.0.0,capture,landlord_0,landlord_0,89.7,utility_points,"{""disagreement_utility"":0.0}",ok,valid,[],"[""event_00000251""]",evaluation_receipt,episode_attempt_1c84b39eb9fce8de327b,d6d106c0c774ef902d0cbb2b8e3f4fd2436eb6d49b937ac316c87fa2c3043216,true
result_f49dfdcf388084049432d6c1,runplan_ddfd0ff85d087e32,cell_06f3a55abccfb65cb0ea,housing_v1__experiment__000008,housing_v1,housing_controlled_model_landlords_experiment,episode_attempt_1c84b39eb9fce8de327b,d6d106c0c774ef902d0cbb2b8e3f4fd2436eb6d49b937ac316c87fa2c3043216,included,housing_social_welfare_leaf,1.0.0,social_welfare,1.0.0,capture,landlord_1,landlord_1,72.51,utility_points,"{""disagreement_utility"":0.0}",ok,valid,[],"[""event_00000251""]",evaluation_receipt,episode_attempt_1c84b39eb9fce8de327b,d6d106c0c774ef902d0cbb2b8e3f4fd2436eb6d49b937ac316c87fa2c3043216,true
result_0822a240a8760c0d7fdc364f,runplan_ddfd0ff85d087e32,cell_06f3a55abccfb65cb0ea,housing_v1__experiment__000008,housing_v1,housing_controlled_model_landlords_experiment,episode_attempt_1c84b39eb9fce8de327b,d6d106c0c774ef902d0cbb2b8e3f4fd2436eb6d49b937ac316c87fa2c3043216,included,housing_social_welfare_leaf,1.0.0,social_welfare,1.0.0,capture,landlord_2,landlord_2,41.3,utility_points,"{""disagreement_utility"":0.0}",ok,valid,[],"[""event_00000251""]",evaluation_receipt,episode_attempt_1c84b39eb9fce8de327b,d6d106c0c774ef902d0cbb2b8e3f4fd2436eb6d49b937ac316c87fa2c3043216,true
result_aaf9b2ef14a742515348c6be,runplan_ddfd0ff85d087e32,cell_06f3a55abccfb65cb0ea,housing_v1__experiment__000008,housing_v1,housing_controlled_model_landlords_experiment,episode_attempt_1c84b39eb9fce8de327b,d6d106c0c774ef902d0cbb2b8e3f4fd2436eb6d49b937ac316c87fa2c3043216,included,housing_social_welfare_leaf,1.0.0,social_welfare,1.0.0,capture,landlord_3,landlord_3,147.98,utility_points,"{""disagreement_utility"":0.0}",ok,valid,[],"[""event_00000251""]",evaluation_receipt,episode_attempt_1c84b39eb9fce8de327b,d6d106c0c774ef902d0cbb2b8e3f4fd2436eb6d49b937ac316c87fa2c3043216,true
result_2db2cccaf19ecccb86ed0497,runplan_ddfd0ff85d087e32,cell_06f3a55abccfb65cb0ea,housing_v1__experiment__000008,housing_v1,housing_controlled_model_landlords_experiment,episode_attempt_1c84b39eb9fce8de327b,d6d106c0c774ef902d0cbb2b8e3f4fd2436eb6d49b937ac316c87fa2c3043216,included,housing_social_welfare_leaf,1.0.0,social_welfare,1.0.0,capture,tenant_0,tenant_0,0.0,utility_points,"{""disagreement_utility"":0.0}",ok,valid,[],"[""event_00000251""]",evaluation_receipt,episode_attempt_1c84b39eb9fce8de327b,d6d106c0c774ef902d0cbb2b8e3f4fd2436eb6d49b937ac316c87fa2c3043216,true
result_abb6f906d633be18960da95e,runplan_ddfd0ff85d087e32,cell_06f3a55abccfb65cb0ea,housing_v1__experiment__000008,housing_v1,housing_controlled_model_landlords_experiment,episode_attempt_1c84b39eb9fce8de327b,d6d106c0c774ef902d0cbb2b8e3f4fd2436eb6d49b937ac316c87fa2c3043216,included,housing_social_welfare_leaf,1.0.0,social_welfare,1.0.0,capture,tenant_1,tenant_1,225.74,utility_points,"{""disagreement_utility"":0.0}",ok,valid,[],"[""event_00000251""]",evaluation_receipt,episode_attempt_1c84b39eb9fce8de327b,d6d106c0c774ef902d0cbb2b8e3f4fd2436eb6d49b937ac316c87fa2c3043216,true
result_d48fb4ecd57573b6ff711420,runplan_ddfd0ff85d087e32,cell_06f3a55abccfb65cb0ea,housing_v1__experiment__000008,housing_v1,housing_controlled_model_landlords_experiment,episode_attempt_1c84b39eb9fce8de327b,d6d106c0c774ef902d0cbb2b8e3f4fd2436eb6d49b937ac316c87fa2c3043216,included,housing_social_welfare_leaf,1.0.0,social_welfare,1.0.0,capture,tenant_2,tenant_2,0.0,utility_points,"{""disagreement_utility"":0.0}",ok,valid,[],"[""event_00000251""]",evaluation_receipt,episode_attempt_1c84b39eb9fce8de327b,d6d106c0c774ef902d0cbb2b8e3f4fd2436eb6d49b937ac316c87fa2c3043216,true
result_c109b3b1b878d88842801762,runplan_ddfd0ff85d087e32,cell_06f3a55abccfb65cb0ea,housing_v1__experiment__000008,housing_v1,housing_controlled_model_landlords_experiment,episode_attempt_1c84b39eb9fce8de327b,d6d106c0c774ef902d0cbb2b8e3f4fd2436eb6d49b937ac316c87fa2c3043216,included,housing_social_welfare_leaf,1.0.0,social_welfare,1.0.0,capture,tenant_3,tenant_3,192.37,utility_points,"{""disagreement_utility"":0.0}",ok,valid,[],"[""event_00000251""]",evaluation_receipt,episode_attempt_1c84b39eb9fce8de327b,d6d106c0c774ef902d0cbb2b8e3f4fd2436eb6d49b937ac316c87fa2c3043216,true
result_77ac55e03740c373094b88ec,runplan_ddfd0ff85d087e32,cell_06f3a55abccfb65cb0ea,housing_v1__experiment__000008,housing_v1,housing_controlled_model_landlords_experiment,episode_attempt_1c84b39eb9fce8de327b,d6d106c0c774ef902d0cbb2b8e3f4fd2436eb6d49b937ac316c87fa2c3043216,included,housing_social_welfare_leaf,1.0.0,social_welfare,1.0.0,capture,tenant_4,tenant_4,577.16,utility_points,"{""disagreement_utility"":0.0}",ok,valid,[],"[""event_00000251""]",evaluation_receipt,episode_attempt_1c84b39eb9fce8de327b,d6d106c0c774ef902d0cbb2b8e3f4fd2436eb6d49b937ac316c87fa2c3043216,true
result_d71ad89ab8dfbb186c87005d,runplan_ddfd0ff85d087e32,cell_06f3a55abccfb65cb0ea,housing_v1__experiment__000008,housing_v1,housing_controlled_model_landlords_experiment,episode_attempt_1c84b39eb9fce8de327b,d6d106c0c774ef902d0cbb2b8e3f4fd2436eb6d49b937ac316c87fa2c3043216,included,housing_social_welfare_leaf,1.0.0,social_welfare,1.0.0,capture,tenant_5,tenant_5,518.76,utility_points,"{""disagreement_utility"":0.0}",ok,valid,[],"[""event_00000251""]",evaluation_receipt,episode_attempt_1c84b39eb9fce8de327b,d6d106c0c774ef902d0cbb2b8e3f4fd2436eb6d49b937ac316c87fa2c3043216,true
result_f06ad201bda3ba331625b900,runplan_ddfd0ff85d087e32,cell_11222556508fce9d9fa8,housing_v1__experiment__000007,housing_v1,housing_controlled_model_landlords_experiment,episode_attempt_77503b278aed9e9649f2,8a2fa3ea6ddd49e0f3ac2cd5d6742b95c33e76892e0ce712400a516d81e6b18d,included,housing_social_welfare_leaf,1.0.0,social_welfare,1.0.0,primary,social_welfare,,1118.56,utility_points,{},ok,valid,[],"[""event_00000227""]",evaluation_receipt,episode_attempt_77503b278aed9e9649f2,8a2fa3ea6ddd49e0f3ac2cd5d6742b95c33e76892e0ce712400a516d81e6b18d,true
result_e69e4df3ec1fdeafe07f98ad,runplan_ddfd0ff85d087e32,cell_11222556508fce9d9fa8,housing_v1__experiment__000007,housing_v1,housing_controlled_model_landlords_experiment,episode_attempt_77503b278aed9e9649f2,8a2fa3ea6ddd49e0f3ac2cd5d6742b95c33e76892e0ce712400a516d81e6b18d,included,housing_social_welfare_leaf,1.0.0,social_welfare,1.0.0,metric,comparison_baseline_gap,,10.3599999999999,utility_points,{},ok,valid,[],"[""event_00000227""]",evaluation_receipt,episode_attempt_77503b278aed9e9649f2,8a2fa3ea6ddd49e0f3ac2cd5d6742b95c33e76892e0ce712400a516d81e6b18d,true
result_e89db46ac41ca6ee3813161a,runplan_ddfd0ff85d087e32,cell_11222556508fce9d9fa8,housing_v1__experiment__000007,housing_v1,housing_controlled_model_landlords_experiment,episode_attempt_77503b278aed9e9649f2,8a2fa3ea6ddd49e0f3ac2cd5d6742b95c33e76892e0ce712400a516d81e6b18d,included,housing_social_welfare_leaf,1.0.0,social_welfare,1.0.0,metric,ir_violation_count,,0.0,count,{},ok,valid,[],"[""event_00000227""]",evaluation_receipt,episode_attempt_77503b278aed9e9649f2,8a2fa3ea6ddd49e0f3ac2cd5d6742b95c33e76892e0ce712400a516d81e6b18d,true
result_13ffb875cad0d06968a5f52f,runplan_ddfd0ff85d087e32,cell_11222556508fce9d9fa8,housing_v1__experiment__000007,housing_v1,housing_controlled_model_landlords_experiment,episode_attempt_77503b278aed9e9649f2,8a2fa3ea6ddd49e0f3ac2cd5d6742b95c33e76892e0ce712400a516d81e6b18d,included,housing_social_welfare_leaf,1.0.0,social_welfare,1.0.0,metric,social_welfare,,1118.56,utility_points,{},ok,valid,[],"[""event_00000227""]",evaluation_receipt,episode_attempt_77503b278aed9e9649f2,8a2fa3ea6ddd49e0f3ac2cd5d6742b95c33e76892e0ce712400a516d81e6b18d,true
result_0d334aece35cc0689f9b5647,runplan_ddfd0ff85d087e32,cell_11222556508fce9d9fa8,housing_v1__experiment__000007,housing_v1,housing_controlled_model_landlords_experiment,episode_attempt_77503b278aed9e9649f2,8a2fa3ea6ddd49e0f3ac2cd5d6742b95c33e76892e0ce712400a516d81e6b18d,included,housing_social_welfare_leaf,1.0.0,social_welfare,1.0.0,metric,upper_bound_gap,,206.04999999999995,utility_points,{},ok,valid,[],"[""event_00000227""]",evaluation_receipt,episode_attempt_77503b278aed9e9649f2,8a2fa3ea6ddd49e0f3ac2cd5d6742b95c33e76892e0ce712400a516d81e6b18d,true
result_0620206f002ace1401306457,runplan_ddfd0ff85d087e32,cell_11222556508fce9d9fa8,housing_v1__experiment__000007,housing_v1,housing_controlled_model_landlords_experiment,episode_attempt_77503b278aed9e9649f2,8a2fa3ea6ddd49e0f3ac2cd5d6742b95c33e76892e0ce712400a516d81e6b18d,included,housing_social_welfare_leaf,1.0.0,social_welfare,1.0.0,metric,wasted_contacts,,6.0,count,{},ok,valid,[],"[""event_00000227""]",evaluation_receipt,episode_attempt_77503b278aed9e9649f2,8a2fa3ea6ddd49e0f3ac2cd5d6742b95c33e76892e0ce712400a516d81e6b18d,true
result_5c8bf4e5b599b92792952b07,runplan_ddfd0ff85d087e32,cell_11222556508fce9d9fa8,housing_v1__experiment__000007,housing_v1,housing_controlled_model_landlords_experiment,episode_attempt_77503b278aed9e9649f2,8a2fa3ea6ddd49e0f3ac2cd5d6742b95c33e76892e0ce712400a516d81e6b18d,included,housing_social_welfare_leaf,1.0.0,social_welfare,1.0.0,metric,within_case_score,,0.8444447799729732,ratio,{},ok,valid,[],"[""event_00000227""]",evaluation_receipt,episode_attempt_77503b278aed9e9649f2,8a2fa3ea6ddd49e0f3ac2cd5d6742b95c33e76892e0ce712400a516d81e6b18d,true
result_49f13b5c36b990a2efb65a7d,runplan_ddfd0ff85d087e32,cell_11222556508fce9d9fa8,housing_v1__experiment__000007,housing_v1,housing_controlled_model_landlords_experiment,episode_attempt_77503b278aed9e9649f2,8a2fa3ea6ddd49e0f3ac2cd5d6742b95c33e76892e0ce712400a516d81e6b18d,included,housing_social_welfare_leaf,1.0.0,social_welfare,1.0.0,reference,comparison_baseline,,1108.2,utility_points,"{""policy"":""naive"",""reference_kind"":""comparison_baseline""}",ok,valid,[],"[""event_00000227""]",evaluation_receipt,episode_attempt_77503b278aed9e9649f2,8a2fa3ea6ddd49e0f3ac2cd5d6742b95c33e76892e0ce712400a516d81e6b18d,true
result_d1a6344071ac164f497ff3f0,runplan_ddfd0ff85d087e32,cell_11222556508fce9d9fa8,housing_v1__experiment__000007,housing_v1,housing_controlled_model_landlords_experiment,episode_attempt_77503b278aed9e9649f2,8a2fa3ea6ddd49e0f3ac2cd5d6742b95c33e76892e0ce712400a516d81e6b18d,included,housing_social_welfare_leaf,1.0.0,social_welfare,1.0.0,reference,optimum_lower_bound,,0.0,utility_points,"{""policy"":""do_nothing"",""reference_kind"":""objective_lower_bound""}",ok,valid,[],"[""event_00000227""]",evaluation_receipt,episode_attempt_77503b278aed9e9649f2,8a2fa3ea6ddd49e0f3ac2cd5d6742b95c33e76892e0ce712400a516d81e6b18d,true
result_bbba981ca86d0502f6ec5690,runplan_ddfd0ff85d087e32,cell_11222556508fce9d9fa8,housing_v1__experiment__000007,housing_v1,housing_controlled_model_landlords_experiment,episode_attempt_77503b278aed9e9649f2,8a2fa3ea6ddd49e0f3ac2cd5d6742b95c33e76892e0ce712400a516d81e6b18d,included,housing_social_welfare_leaf,1.0.0,social_welfare,1.0.0,reference,optimum_upper_bound,,1324.61,utility_points,"{""reference_kind"":""objective_upper_bound"",""semantics"":""full_information_allocation_relaxation""}",ok,valid,[],"[""event_00000227""]",evaluation_receipt,episode_attempt_77503b278aed9e9649f2,8a2fa3ea6ddd49e0f3ac2cd5d6742b95c33e76892e0ce712400a516d81e6b18d,true
result_5ed1f0d2021bd9225d492610,runplan_ddfd0ff85d087e32,cell_11222556508fce9d9fa8,housing_v1__experiment__000007,housing_v1,housing_controlled_model_landlords_experiment,episode_attempt_77503b278aed9e9649f2,8a2fa3ea6ddd49e0f3ac2cd5d6742b95c33e76892e0ce712400a516d81e6b18d,included,housing_social_welfare_leaf,1.0.0,social_welfare,1.0.0,utility,landlord_0,landlord_0,23.64,utility_points,"{""disagreement_utility"":0.0}",ok,valid,[],"[""event_00000227""]",evaluation_receipt,episode_attempt_77503b278aed9e9649f2,8a2fa3ea6ddd49e0f3ac2cd5d6742b95c33e76892e0ce712400a516d81e6b18d,true
result_9b188d5ebb9669ffd22f5116,runplan_ddfd0ff85d087e32,cell_11222556508fce9d9fa8,housing_v1__experiment__000007,housing_v1,housing_controlled_model_landlords_experiment,episode_attempt_77503b278aed9e9649f2,8a2fa3ea6ddd49e0f3ac2cd5d6742b95c33e76892e0ce712400a516d81e6b18d,included,housing_social_welfare_leaf,1.0.0,social_welfare,1.0.0,utility,landlord_1,landlord_1,26.68,utility_points,"{""disagreement_utility"":0.0}",ok,valid,[],"[""event_00000227""]",evaluation_receipt,episode_attempt_77503b278aed9e9649f2,8a2fa3ea6ddd49e0f3ac2cd5d6742b95c33e76892e0ce712400a516d81e6b18d,true
result_7cee9b85de20afb0ad3ae61a,runplan_ddfd0ff85d087e32,cell_11222556508fce9d9fa8,housing_v1__experiment__000007,housing_v1,housing_controlled_model_landlords_experiment,episode_attempt_77503b278aed9e9649f2,8a2fa3ea6ddd49e0f3ac2cd5d6742b95c33e76892e0ce712400a516d81e6b18d,included,housing_social_welfare_leaf,1.0.0,social_welfare,1.0.0,utility,landlord_2,landlord_2,0.0,utility_points,"{""disagreement_utility"":0.0}",ok,valid,[],"[""event_00000227""]",evaluation_receipt,episode_attempt_77503b278aed9e9649f2,8a2fa3ea6ddd49e0f3ac2cd5d6742b95c33e76892e0ce712400a516d81e6b18d,true
result_313a278eaff77617af4406e3,runplan_ddfd0ff85d087e32,cell_11222556508fce9d9fa8,housing_v1__experiment__000007,housing_v1,housing_controlled_model_landlords_experiment,episode_attempt_77503b278aed9e9649f2,8a2fa3ea6ddd49e0f3ac2cd5d6742b95c33e76892e0ce712400a516d81e6b18d,included,housing_social_welfare_leaf,1.0.0,social_welfare,1.0.0,utility,landlord_3,landlord_3,124.7,utility_points,"{""disagreement_utility"":0.0}",ok,valid,[],"[""event_00000227""]",evaluation_receipt,episode_attempt_77503b278aed9e9649f2,8a2fa3ea6ddd49e0f3ac2cd5d6742b95c33e76892e0ce712400a516d81e6b18d,true
result_4e94f9999bb979ea6fcc3cbb,runplan_ddfd0ff85d087e32,cell_11222556508fce9d9fa8,housing_v1__experiment__000007,housing_v1,housing_controlled_model_landlords_experiment,episode_attempt_77503b278aed9e9649f2,8a2fa3ea6ddd49e0f3ac2cd5d6742b95c33e76892e0ce712400a516d81e6b18d,included,housing_social_welfare_leaf,1.0.0,social_welfare,1.0.0,utility,tenant_0,tenant_0,0.0,utility_points,"{""disagreement_utility"":0.0}",ok,valid,[],"[""event_00000227""]",evaluation_receipt,episode_attempt_77503b278aed9e9649f2,8a2fa3ea6ddd49e0f3ac2cd5d6742b95c33e76892e0ce712400a516d81e6b18d,true
result_00450d2afd1e81a38891ee84,runplan_ddfd0ff85d087e32,cell_11222556508fce9d9fa8,housing_v1__experiment__000007,housing_v1,housing_controlled_model_landlords_experiment,episode_attempt_77503b278aed9e9649f2,8a2fa3ea6ddd49e0f3ac2cd5d6742b95c33e76892e0ce712400a516d81e6b18d,included,housing_social_welfare_leaf,1.0.0,social_welfare,1.0.0,utility,tenant_1,tenant_1,428.61,utility_points,"{""disagreement_utility"":0.0}",ok,valid,[],"[""event_00000227""]",evaluation_receipt,episode_attempt_77503b278aed9e9649f2,8a2fa3ea6ddd49e0f3ac2cd5d6742b95c33e76892e0ce712400a516d81e6b18d,true
result_76638527ff54cbdb05a05a24,runplan_ddfd0ff85d087e32,cell_11222556508fce9d9fa8,housing_v1__experiment__000007,housing_v1,housing_controlled_model_landlords_experiment,episode_attempt_77503b278aed9e9649f2,8a2fa3ea6ddd49e0f3ac2cd5d6742b95c33e76892e0ce712400a516d81e6b18d,included,housing_social_welfare_leaf,1.0.0,social_welfare,1.0.0,utility,tenant_2,tenant_2,0.0,utility_points,"{""disagreement_utility"":0.0}",ok,valid,[],"[""event_00000227""]",evaluation_receipt,episode_attempt_77503b278aed9e9649f2,8a2fa3ea6ddd49e0f3ac2cd5d6742b95c33e76892e0ce712400a516d81e6b18d,true
result_a21cec25a23b8893c8be391f,runplan_ddfd0ff85d087e32,cell_11222556508fce9d9fa8,housing_v1__experiment__000007,housing_v1,housing_controlled_model_landlords_experiment,episode_attempt_77503b278aed9e9649f2,8a2fa3ea6ddd49e0f3ac2cd5d6742b95c33e76892e0ce712400a516d81e6b18d,included,housing_social_welfare_leaf,1.0.0,social_welfare,1.0.0,utility,tenant_3,tenant_3,29.22,utility_points,"{""disagreement_utility"":0.0}",ok,valid,[],"[""event_00000227""]",evaluation_receipt,episode_attempt_77503b278aed9e9649f2,8a2fa3ea6ddd49e0f3ac2cd5d6742b95c33e76892e0ce712400a516d81e6b18d,true
result_ce858cf2768ea3c887b1f964,runplan_ddfd0ff85d087e32,cell_11222556508fce9d9fa8,housing_v1__experiment__000007,housing_v1,housing_controlled_model_landlords_experiment,episode_attempt_77503b278aed9e9649f2,8a2fa3ea6ddd49e0f3ac2cd5d6742b95c33e76892e0ce712400a516d81e6b18d,included,housing_social_welfare_leaf,1.0.0,social_welfare,1.0.0,utility,tenant_4,tenant_4,485.71,utility_points,"{""disagreement_utility"":0.0}",ok,valid,[],"[""event_00000227""]",evaluation_receipt,episode_attempt_77503b278aed9e9649f2,8a2fa3ea6ddd49e0f3ac2cd5d6742b95c33e76892e0ce712400a516d81e6b18d,true
result_40b67a9c974080afa61cadb2,runplan_ddfd0ff85d087e32,cell_11222556508fce9d9fa8,housing_v1__experiment__000007,housing_v1,housing_controlled_model_landlords_experiment,episode_attempt_77503b278aed9e9649f2,8a2fa3ea6ddd49e0f3ac2cd5d6742b95c33e76892e0ce712400a516d81e6b18d,included,housing_social_welfare_leaf,1.0.0,social_welfare,1.0.0,utility,tenant_5,tenant_5,0.0,utility_points,"{""disagreement_utility"":0.0}",ok,valid,[],"[""event_00000227""]",evaluation_receipt,episode_attempt_77503b278aed9e9649f2,8a2fa3ea6ddd49e0f3ac2cd5d6742b95c33e76892e0ce712400a516d81e6b18d,true
result_6a366177685be5152c552345,runplan_ddfd0ff85d087e32,cell_11222556508fce9d9fa8,housing_v1__experiment__000007,housing_v1,housing_controlled_model_landlords_experiment,episode_attempt_77503b278aed9e9649f2,8a2fa3ea6ddd49e0f3ac2cd5d6742b95c33e76892e0ce712400a516d81e6b18d,included,housing_social_welfare_leaf,1.0.0,social_welfare,1.0.0,capture,landlord_0,landlord_0,23.64,utility_points,"{""disagreement_utility"":0.0}",ok,valid,[],"[""event_00000227""]",evaluation_receipt,episode_attempt_77503b278aed9e9649f2,8a2fa3ea6ddd49e0f3ac2cd5d6742b95c33e76892e0ce712400a516d81e6b18d,true
result_83dbbaf22504d00a4875af16,runplan_ddfd0ff85d087e32,cell_11222556508fce9d9fa8,housing_v1__experiment__000007,housing_v1,housing_controlled_model_landlords_experiment,episode_attempt_77503b278aed9e9649f2,8a2fa3ea6ddd49e0f3ac2cd5d6742b95c33e76892e0ce712400a516d81e6b18d,included,housing_social_welfare_leaf,1.0.0,social_welfare,1.0.0,capture,landlord_1,landlord_1,26.68,utility_points,"{""disagreement_utility"":0.0}",ok,valid,[],"[""event_00000227""]",evaluation_receipt,episode_attempt_77503b278aed9e9649f2,8a2fa3ea6ddd49e0f3ac2cd5d6742b95c33e76892e0ce712400a516d81e6b18d,true
result_6275cb73323117c4907a9360,runplan_ddfd0ff85d087e32,cell_11222556508fce9d9fa8,housing_v1__experiment__000007,housing_v1,housing_controlled_model_landlords_experiment,episode_attempt_77503b278aed9e9649f2,8a2fa3ea6ddd49e0f3ac2cd5d6742b95c33e76892e0ce712400a516d81e6b18d,included,housing_social_welfare_leaf,1.0.0,social_welfare,1.0.0,capture,landlord_2,landlord_2,0.0,utility_points,"{""disagreement_utility"":0.0}",ok,valid,[],"[""event_00000227""]",evaluation_receipt,episode_attempt_77503b278aed9e9649f2,8a2fa3ea6ddd49e0f3ac2cd5d6742b95c33e76892e0ce712400a516d81e6b18d,true
result_b07890142d9ba9ceda8e5827,runplan_ddfd0ff85d087e32,cell_11222556508fce9d9fa8,housing_v1__experiment__000007,housing_v1,housing_controlled_model_landlords_experiment,episode_attempt_77503b278aed9e9649f2,8a2fa3ea6ddd49e0f3ac2cd5d6742b95c33e76892e0ce712400a516d81e6b18d,included,housing_social_welfare_leaf,1.0.0,social_welfare,1.0.0,capture,landlord_3,landlord_3,124.7,utility_points,"{""disagreement_utility"":0.0}",ok,valid,[],"[""event_00000227""]",evaluation_receipt,episode_attempt_77503b278aed9e9649f2,8a2fa3ea6ddd49e0f3ac2cd5d6742b95c33e76892e0ce712400a516d81e6b18d,true
result_7e37c50e551faa896810799a,runplan_ddfd0ff85d087e32,cell_11222556508fce9d9fa8,housing_v1__experiment__000007,housing_v1,housing_controlled_model_landlords_experiment,episode_attempt_77503b278aed9e9649f2,8a2fa3ea6ddd49e0f3ac2cd5d6742b95c33e76892e0ce712400a516d81e6b18d,included,housing_social_welfare_leaf,1.0.0,social_welfare,1.0.0,capture,tenant_0,tenant_0,0.0,utility_points,"{""disagreement_utility"":0.0}",ok,valid,[],"[""event_00000227""]",evaluation_receipt,episode_attempt_77503b278aed9e9649f2,8a2fa3ea6ddd49e0f3ac2cd5d6742b95c33e76892e0ce712400a516d81e6b18d,true
result_6d7a2d4ee07b64ddd9bd5044,runplan_ddfd0ff85d087e32,cell_11222556508fce9d9fa8,housing_v1__experiment__000007,housing_v1,housing_controlled_model_landlords_experiment,episode_attempt_77503b278aed9e9649f2,8a2fa3ea6ddd49e0f3ac2cd5d6742b95c33e76892e0ce712400a516d81e6b18d,included,housing_social_welfare_leaf,1.0.0,social_welfare,1.0.0,capture,tenant_1,tenant_1,428.61,utility_points,"{""disagreement_utility"":0.0}",ok,valid,[],"[""event_00000227""]",evaluation_receipt,episode_attempt_77503b278aed9e9649f2,8a2fa3ea6ddd49e0f3ac2cd5d6742b95c33e76892e0ce712400a516d81e6b18d,true
result_54a21c3d2258b113d7cd0e61,runplan_ddfd0ff85d087e32,cell_11222556508fce9d9fa8,housing_v1__experiment__000007,housing_v1,housing_controlled_model_landlords_experiment,episode_attempt_77503b278aed9e9649f2,8a2fa3ea6ddd49e0f3ac2cd5d6742b95c33e76892e0ce712400a516d81e6b18d,included,housing_social_welfare_leaf,1.0.0,social_welfare,1.0.0,capture,tenant_2,tenant_2,0.0,utility_points,"{""disagreement_utility"":0.0}",ok,valid,[],"[""event_00000227""]",evaluation_receipt,episode_attempt_77503b278aed9e9649f2,8a2fa3ea6ddd49e0f3ac2cd5d6742b95c33e76892e0ce712400a516d81e6b18d,true
result_2ef9bb1d7717229e8d9dd744,runplan_ddfd0ff85d087e32,cell_11222556508fce9d9fa8,housing_v1__experiment__000007,housing_v1,housing_controlled_model_landlords_experiment,episode_attempt_77503b278aed9e9649f2,8a2fa3ea6ddd49e0f3ac2cd5d6742b95c33e76892e0ce712400a516d81e6b18d,included,housing_social_welfare_leaf,1.0.0,social_welfare,1.0.0,capture,tenant_3,tenant_3,29.22,utility_points,"{""disagreement_utility"":0.0}",ok,valid,[],"[""event_00000227""]",evaluation_receipt,episode_attempt_77503b278aed9e9649f2,8a2fa3ea6ddd49e0f3ac2cd5d6742b95c33e76892e0ce712400a516d81e6b18d,true
result_568b4f62a663b0c649efc022,runplan_ddfd0ff85d087e32,cell_11222556508fce9d9fa8,housing_v1__experiment__000007,housing_v1,housing_controlled_model_landlords_experiment,episode_attempt_77503b278aed9e9649f2,8a2fa3ea6ddd49e0f3ac2cd5d6742b95c33e76892e0ce712400a516d81e6b18d,included,housing_social_welfare_leaf,1.0.0,social_welfare,1.0.0,capture,tenant_4,tenant_4,485.71,utility_points,"{""disagreement_utility"":0.0}",ok,valid,[],"[""event_00000227""]",evaluation_receipt,episode_attempt_77503b278aed9e9649f2,8a2fa3ea6ddd49e0f3ac2cd5d6742b95c33e76892e0ce712400a516d81e6b18d,true
result_d1a1398f8bddff5b9682f492,runplan_ddfd0ff85d087e32,cell_11222556508fce9d9fa8,housing_v1__experiment__000007,housing_v1,housing_controlled_model_landlords_experiment,episode_attempt_77503b278aed9e9649f2,8a2fa3ea6ddd49e0f3ac2cd5d6742b95c33e76892e0ce712400a516d81e6b18d,included,housing_social_welfare_leaf,1.0.0,social_welfare,1.0.0,capture,tenant_5,tenant_5,0.0,utility_points,"{""disagreement_utility"":0.0}",ok,valid,[],"[""event_00000227""]",evaluation_receipt,episode_attempt_77503b278aed9e9649f2,8a2fa3ea6ddd49e0f3ac2cd5d6742b95c33e76892e0ce712400a516d81e6b18d,true
result_0fd6c1e95ccf44700137c266,runplan_ddfd0ff85d087e32,cell_1d6ad9eca53802f85bf0,housing_v1__experiment__000005,housing_v1,housing_controlled_model_landlords_experiment,episode_attempt_ecc5e9bac2e859e7eb1d,0053654e5d23dc621607acf8d2072d564b69de3e513fbfe561436faf88997ad3,included,housing_social_welfare_leaf,1.0.0,social_welfare,1.0.0,primary,social_welfare,,1277.83,utility_points,{},ok,valid,[],"[""event_00000251""]",evaluation_receipt,episode_attempt_ecc5e9bac2e859e7eb1d,0053654e5d23dc621607acf8d2072d564b69de3e513fbfe561436faf88997ad3,true
result_6a3db795e3be3c39fcce4b77,runplan_ddfd0ff85d087e32,cell_1d6ad9eca53802f85bf0,housing_v1__experiment__000005,housing_v1,housing_controlled_model_landlords_experiment,episode_attempt_ecc5e9bac2e859e7eb1d,0053654e5d23dc621607acf8d2072d564b69de3e513fbfe561436faf88997ad3,included,housing_social_welfare_leaf,1.0.0,social_welfare,1.0.0,metric,comparison_baseline_gap,,46.059999999999945,utility_points,{},ok,valid,[],"[""event_00000251""]",evaluation_receipt,episode_attempt_ecc5e9bac2e859e7eb1d,0053654e5d23dc621607acf8d2072d564b69de3e513fbfe561436faf88997ad3,true
result_17bccbc597bf1094267bf6b9,runplan_ddfd0ff85d087e32,cell_1d6ad9eca53802f85bf0,housing_v1__experiment__000005,housing_v1,housing_controlled_model_landlords_experiment,episode_attempt_ecc5e9bac2e859e7eb1d,0053654e5d23dc621607acf8d2072d564b69de3e513fbfe561436faf88997ad3,included,housing_social_welfare_leaf,1.0.0,social_welfare,1.0.0,metric,ir_violation_count,,0.0,count,{},ok,valid,[],"[""event_00000251""]",evaluation_receipt,episode_attempt_ecc5e9bac2e859e7eb1d,0053654e5d23dc621607acf8d2072d564b69de3e513fbfe561436faf88997ad3,true
result_7b8272e586549d239e52f7a9,runplan_ddfd0ff85d087e32,cell_1d6ad9eca53802f85bf0,housing_v1__experiment__000005,housing_v1,housing_controlled_model_landlords_experiment,episode_attempt_ecc5e9bac2e859e7eb1d,0053654e5d23dc621607acf8d2072d564b69de3e513fbfe561436faf88997ad3,included,housing_social_welfare_leaf,1.0.0,social_welfare,1.0.0,metric,social_welfare,,1277.83,utility_points,{},ok,valid,[],"[""event_00000251""]",evaluation_receipt,episode_attempt_ecc5e9bac2e859e7eb1d,0053654e5d23dc621607acf8d2072d564b69de3e513fbfe561436faf88997ad3,true
result_b0bb0fa48955586408129ec5,runplan_ddfd0ff85d087e32,cell_1d6ad9eca53802f85bf0,housing_v1__experiment__000005,housing_v1,housing_controlled_model_landlords_experiment,episode_attempt_ecc5e9bac2e859e7eb1d,0053654e5d23dc621607acf8d2072d564b69de3e513fbfe561436faf88997ad3,included,housing_social_welfare_leaf,1.0.0,social_welfare,1.0.0,metric,upper_bound_gap,,70.96000000000004,utility_points,{},ok,valid,[],"[""event_00000251""]",evaluation_receipt,episode_attempt_ecc5e9bac2e859e7eb1d,0053654e5d23dc621607acf8d2072d564b69de3e513fbfe561436faf88997ad3,true
result_8409a78c8a6e19aa56a136cd,runplan_ddfd0ff85d087e32,cell_1d6ad9eca53802f85bf0,housing_v1__experiment__000005,housing_v1,housing_controlled_model_landlords_experiment,episode_attempt_ecc5e9bac2e859e7eb1d,0053654e5d23dc621607acf8d2072d564b69de3e513fbfe561436faf88997ad3,included,housing_social_welfare_leaf,1.0.0,social_welfare,1.0.0,metric,wasted_contacts,,7.0,count,{},ok,valid,[],"[""event_00000251""]",evaluation_receipt,episode_attempt_ecc5e9bac2e859e7eb1d,0053654e5d23dc621607acf8d2072d564b69de3e513fbfe561436faf88997ad3,true
result_4c470fe844c306ea202e3c9a,runplan_ddfd0ff85d087e32,cell_1d6ad9eca53802f85bf0,housing_v1__experiment__000005,housing_v1,housing_controlled_model_landlords_experiment,episode_attempt_ecc5e9bac2e859e7eb1d,0053654e5d23dc621607acf8d2072d564b69de3e513fbfe561436faf88997ad3,included,housing_social_welfare_leaf,1.0.0,social_welfare,1.0.0,metric,within_case_score,,0.9473898827838284,ratio,{},ok,valid,[],"[""event_00000251""]",evaluation_receipt,episode_attempt_ecc5e9bac2e859e7eb1d,0053654e5d23dc621607acf8d2072d564b69de3e513fbfe561436faf88997ad3,true
result_fc32a4f140879bafcd0a579f,runplan_ddfd0ff85d087e32,cell_1d6ad9eca53802f85bf0,housing_v1__experiment__000005,housing_v1,housing_controlled_model_landlords_experiment,episode_attempt_ecc5e9bac2e859e7eb1d,0053654e5d23dc621607acf8d2072d564b69de3e513fbfe561436faf88997ad3,included,housing_social_welfare_leaf,1.0.0,social_welfare,1.0.0,reference,comparison_baseline,,1231.77,utility_points,"{""policy"":""naive"",""reference_kind"":""comparison_baseline""}",ok,valid,[],"[""event_00000251""]",evaluation_receipt,episode_attempt_ecc5e9bac2e859e7eb1d,0053654e5d23dc621607acf8d2072d564b69de3e513fbfe561436faf88997ad3,true
result_c28b001b73dac176d05ce87c,runplan_ddfd0ff85d087e32,cell_1d6ad9eca53802f85bf0,housing_v1__experiment__000005,housing_v1,housing_controlled_model_landlords_experiment,episode_attempt_ecc5e9bac2e859e7eb1d,0053654e5d23dc621607acf8d2072d564b69de3e513fbfe561436faf88997ad3,included,housing_social_welfare_leaf,1.0.0,social_welfare,1.0.0,reference,optimum_lower_bound,,0.0,utility_points,"{""policy"":""do_nothing"",""reference_kind"":""objective_lower_bound""}",ok,valid,[],"[""event_00000251""]",evaluation_receipt,episode_attempt_ecc5e9bac2e859e7eb1d,0053654e5d23dc621607acf8d2072d564b69de3e513fbfe561436faf88997ad3,true
result_b90bf6e91262b571cad752e0,runplan_ddfd0ff85d087e32,cell_1d6ad9eca53802f85bf0,housing_v1__experiment__000005,housing_v1,housing_controlled_model_landlords_experiment,episode_attempt_ecc5e9bac2e859e7eb1d,0053654e5d23dc621607acf8d2072d564b69de3e513fbfe561436faf88997ad3,included,housing_social_welfare_leaf,1.0.0,social_welfare,1.0.0,reference,optimum_upper_bound,,1348.79,utility_points,"{""reference_kind"":""objective_upper_bound"",""semantics"":""full_information_allocation_relaxation""}",ok,valid,[],"[""event_00000251""]",evaluation_receipt,episode_attempt_ecc5e9bac2e859e7eb1d,0053654e5d23dc621607acf8d2072d564b69de3e513fbfe561436faf88997ad3,true
result_37e5e1cdb94d22a09048af76,runplan_ddfd0ff85d087e32,cell_1d6ad9eca53802f85bf0,housing_v1__experiment__000005,housing_v1,housing_controlled_model_landlords_experiment,episode_attempt_ecc5e9bac2e859e7eb1d,0053654e5d23dc621607acf8d2072d564b69de3e513fbfe561436faf88997ad3,included,housing_social_welfare_leaf,1.0.0,social_welfare,1.0.0,utility,landlord_0,landlord_0,162.29,utility_points,"{""disagreement_utility"":0.0}",ok,valid,[],"[""event_00000251""]",evaluation_receipt,episode_attempt_ecc5e9bac2e859e7eb1d,0053654e5d23dc621607acf8d2072d564b69de3e513fbfe561436faf88997ad3,true
result_e3317c8dd796b23265e311d9,runplan_ddfd0ff85d087e32,cell_1d6ad9eca53802f85bf0,housing_v1__experiment__000005,housing_v1,housing_controlled_model_landlords_experiment,episode_attempt_ecc5e9bac2e859e7eb1d,0053654e5d23dc621607acf8d2072d564b69de3e513fbfe561436faf88997ad3,included,housing_social_welfare_leaf,1.0.0,social_welfare,1.0.0,utility,landlord_1,landlord_1,0.0,utility_points,"{""disagreement_utility"":0.0}",ok,valid,[],"[""event_00000251""]",evaluation_receipt,episode_attempt_ecc5e9bac2e859e7eb1d,0053654e5d23dc621607acf8d2072d564b69de3e513fbfe561436faf88997ad3,true
result_5e8e17666ad784b30273210e,runplan_ddfd0ff85d087e32,cell_1d6ad9eca53802f85bf0,housing_v1__experiment__000005,housing_v1,housing_controlled_model_landlords_experiment,episode_attempt_ecc5e9bac2e859e7eb1d,0053654e5d23dc621607acf8d2072d564b69de3e513fbfe561436faf88997ad3,included,housing_social_welfare_leaf,1.0.0,social_welfare,1.0.0,utility,landlord_2,landlord_2,75.64,utility_points,"{""disagreement_utility"":0.0}",ok,valid,[],"[""event_00000251""]",evaluation_receipt,episode_attempt_ecc5e9bac2e859e7eb1d,0053654e5d23dc621607acf8d2072d564b69de3e513fbfe561436faf88997ad3,true
result_a663dcba27983bd1ffc95d11,runplan_ddfd0ff85d087e32,cell_1d6ad9eca53802f85bf0,housing_v1__experiment__000005,housing_v1,housing_controlled_model_landlords_experiment,episode_attempt_ecc5e9bac2e859e7eb1d,0053654e5d23dc621607acf8d2072d564b69de3e513fbfe561436faf88997ad3,included,housing_social_welfare_leaf,1.0.0,social_welfare,1.0.0,utility,landlord_3,landlord_3,103.77,utility_points,"{""disagreement_utility"":0.0}",ok,valid,[],"[""event_00000251""]",evaluation_receipt,episode_attempt_ecc5e9bac2e859e7eb1d,0053654e5d23dc621607acf8d2072d564b69de3e513fbfe561436faf88997ad3,true
result_cc6b9af82610786fcb2ceb20,runplan_ddfd0ff85d087e32,cell_1d6ad9eca53802f85bf0,housing_v1__experiment__000005,housing_v1,housing_controlled_model_landlords_experiment,episode_attempt_ecc5e9bac2e859e7eb1d,0053654e5d23dc621607acf8d2072d564b69de3e513fbfe561436faf88997ad3,included,housing_social_welfare_leaf,1.0.0,social_welfare,1.0.0,utility,tenant_0,tenant_0,0.0,utility_points,"{""disagreement_utility"":0.0}",ok,valid,[],"[""event_00000251""]",evaluation_receipt,episode_attempt_ecc5e9bac2e859e7eb1d,0053654e5d23dc621607acf8d2072d564b69de3e513fbfe561436faf88997ad3,true
result_93b65ab08a6f7980befcb574,runplan_ddfd0ff85d087e32,cell_1d6ad9eca53802f85bf0,housing_v1__experiment__000005,housing_v1,housing_controlled_model_landlords_experiment,episode_attempt_ecc5e9bac2e859e7eb1d,0053654e5d23dc621607acf8d2072d564b69de3e513fbfe561436faf88997ad3,included,housing_social_welfare_leaf,1.0.0,social_welfare,1.0.0,utility,tenant_1,tenant_1,104.85,utility_points,"{""disagreement_utility"":0.0}",ok,valid,[],"[""event_00000251""]",evaluation_receipt,episode_attempt_ecc5e9bac2e859e7eb1d,0053654e5d23dc621607acf8d2072d564b69de3e513fbfe561436faf88997ad3,true
result_426a8395ebc4ce0c0028a14b,runplan_ddfd0ff85d087e32,cell_1d6ad9eca53802f85bf0,housing_v1__experiment__000005,housing_v1,housing_controlled_model_landlords_experiment,episode_attempt_ecc5e9bac2e859e7eb1d,0053654e5d23dc621607acf8d2072d564b69de3e513fbfe561436faf88997ad3,included,housing_social_welfare_leaf,1.0.0,social_welfare,1.0.0,utility,tenant_2,tenant_2,0.0,utility_points,"{""disagreement_utility"":0.0}",ok,valid,[],"[""event_00000251""]",evaluation_receipt,episode_attempt_ecc5e9bac2e859e7eb1d,0053654e5d23dc621607acf8d2072d564b69de3e513fbfe561436faf88997ad3,true
result_9a3f76d85dd1b45713db8fb2,runplan_ddfd0ff85d087e32,cell_1d6ad9eca53802f85bf0,housing_v1__experiment__000005,housing_v1,housing_controlled_model_landlords_experiment,episode_attempt_ecc5e9bac2e859e7eb1d,0053654e5d23dc621607acf8d2072d564b69de3e513fbfe561436faf88997ad3,included,housing_social_welfare_leaf,1.0.0,social_welfare,1.0.0,utility,tenant_3,tenant_3,477.49,utility_points,"{""disagreement_utility"":0.0}",ok,valid,[],"[""event_00000251""]",evaluation_receipt,episode_attempt_ecc5e9bac2e859e7eb1d,0053654e5d23dc621607acf8d2072d564b69de3e513fbfe561436faf88997ad3,true
result_43766c2233e4b9732a32d7cf,runplan_ddfd0ff85d087e32,cell_1d6ad9eca53802f85bf0,housing_v1__experiment__000005,housing_v1,housing_controlled_model_landlords_experiment,episode_attempt_ecc5e9bac2e859e7eb1d,0053654e5d23dc621607acf8d2072d564b69de3e513fbfe561436faf88997ad3,included,housing_social_welfare_leaf,1.0.0,social_welfare,1.0.0,utility,tenant_4,tenant_4,0.0,utility_points,"{""disagreement_utility"":0.0}",ok,valid,[],"[""event_00000251""]",evaluation_receipt,episode_attempt_ecc5e9bac2e859e7eb1d,0053654e5d23dc621607acf8d2072d564b69de3e513fbfe561436faf88997ad3,true
result_2de703696b77d424f20f1b82,runplan_ddfd0ff85d087e32,cell_1d6ad9eca53802f85bf0,housing_v1__experiment__000005,housing_v1,housing_controlled_model_landlords_experiment,episode_attempt_ecc5e9bac2e859e7eb1d,0053654e5d23dc621607acf8d2072d564b69de3e513fbfe561436faf88997ad3,included,housing_social_welfare_leaf,1.0.0,social_welfare,1.0.0,utility,tenant_5,tenant_5,353.79,utility_points,"{""disagreement_utility"":0.0}",ok,valid,[],"[""event_00000251""]",evaluation_receipt,episode_attempt_ecc5e9bac2e859e7eb1d,0053654e5d23dc621607acf8d2072d564b69de3e513fbfe561436faf88997ad3,true
result_3da68716b1d4bc5b8c62ff44,runplan_ddfd0ff85d087e32,cell_1d6ad9eca53802f85bf0,housing_v1__experiment__000005,housing_v1,housing_controlled_model_landlords_experiment,episode_attempt_ecc5e9bac2e859e7eb1d,0053654e5d23dc621607acf8d2072d564b69de3e513fbfe561436faf88997ad3,included,housing_social_welfare_leaf,1.0.0,social_welfare,1.0.0,capture,landlord_0,landlord_0,162.29,utility_points,"{""disagreement_utility"":0.0}",ok,valid,[],"[""event_00000251""]",evaluation_receipt,episode_attempt_ecc5e9bac2e859e7eb1d,0053654e5d23dc621607acf8d2072d564b69de3e513fbfe561436faf88997ad3,true
result_a6b3bafa0919ab63cce0c613,runplan_ddfd0ff85d087e32,cell_1d6ad9eca53802f85bf0,housing_v1__experiment__000005,housing_v1,housing_controlled_model_landlords_experiment,episode_attempt_ecc5e9bac2e859e7eb1d,0053654e5d23dc621607acf8d2072d564b69de3e513fbfe561436faf88997ad3,included,housing_social_welfare_leaf,1.0.0,social_welfare,1.0.0,capture,landlord_1,landlord_1,0.0,utility_points,"{""disagreement_utility"":0.0}",ok,valid,[],"[""event_00000251""]",evaluation_receipt,episode_attempt_ecc5e9bac2e859e7eb1d,0053654e5d23dc621607acf8d2072d564b69de3e513fbfe561436faf88997ad3,true
result_d44a57216a730a8db33a30ee,runplan_ddfd0ff85d087e32,cell_1d6ad9eca53802f85bf0,housing_v1__experiment__000005,housing_v1,housing_controlled_model_landlords_experiment,episode_attempt_ecc5e9bac2e859e7eb1d,0053654e5d23dc621607acf8d2072d564b69de3e513fbfe561436faf88997ad3,included,housing_social_welfare_leaf,1.0.0,social_welfare,1.0.0,capture,landlord_2,landlord_2,75.64,utility_points,"{""disagreement_utility"":0.0}",ok,valid,[],"[""event_00000251""]",evaluation_receipt,episode_attempt_ecc5e9bac2e859e7eb1d,0053654e5d23dc621607acf8d2072d564b69de3e513fbfe561436faf88997ad3,true
result_f30846b64afd15fa505a03ce,runplan_ddfd0ff85d087e32,cell_1d6ad9eca53802f85bf0,housing_v1__experiment__000005,housing_v1,housing_controlled_model_landlords_experiment,episode_attempt_ecc5e9bac2e859e7eb1d,0053654e5d23dc621607acf8d2072d564b69de3e513fbfe561436faf88997ad3,included,housing_social_welfare_leaf,1.0.0,social_welfare,1.0.0,capture,landlord_3,landlord_3,103.77,utility_points,"{""disagreement_utility"":0.0}",ok,valid,[],"[""event_00000251""]",evaluation_receipt,episode_attempt_ecc5e9bac2e859e7eb1d,0053654e5d23dc621607acf8d2072d564b69de3e513fbfe561436faf88997ad3,true
result_eef63f2cc82c29f2501d68e0,runplan_ddfd0ff85d087e32,cell_1d6ad9eca53802f85bf0,housing_v1__experiment__000005,housing_v1,housing_controlled_model_landlords_experiment,episode_attempt_ecc5e9bac2e859e7eb1d,0053654e5d23dc621607acf8d2072d564b69de3e513fbfe561436faf88997ad3,included,housing_social_welfare_leaf,1.0.0,social_welfare,1.0.0,capture,tenant_0,tenant_0,0.0,utility_points,"{""disagreement_utility"":0.0}",ok,valid,[],"[""event_00000251""]",evaluation_receipt,episode_attempt_ecc5e9bac2e859e7eb1d,0053654e5d23dc621607acf8d2072d564b69de3e513fbfe561436faf88997ad3,true
result_bc45427db71f86f22dc03138,runplan_ddfd0ff85d087e32,cell_1d6ad9eca53802f85bf0,housing_v1__experiment__000005,housing_v1,housing_controlled_model_landlords_experiment,episode_attempt_ecc5e9bac2e859e7eb1d,0053654e5d23dc621607acf8d2072d564b69de3e513fbfe561436faf88997ad3,included,housing_social_welfare_leaf,1.0.0,social_welfare,1.0.0,capture,tenant_1,tenant_1,104.85,utility_points,"{""disagreement_utility"":0.0}",ok,valid,[],"[""event_00000251""]",evaluation_receipt,episode_attempt_ecc5e9bac2e859e7eb1d,0053654e5d23dc621607acf8d2072d564b69de3e513fbfe561436faf88997ad3,true
result_e2c5557e6ca5aa5d4deb9f9c,runplan_ddfd0ff85d087e32,cell_1d6ad9eca53802f85bf0,housing_v1__experiment__000005,housing_v1,housing_controlled_model_landlords_experiment,episode_attempt_ecc5e9bac2e859e7eb1d,0053654e5d23dc621607acf8d2072d564b69de3e513fbfe561436faf88997ad3,included,housing_social_welfare_leaf,1.0.0,social_welfare,1.0.0,capture,tenant_2,tenant_2,0.0,utility_points,"{""disagreement_utility"":0.0}",ok,valid,[],"[""event_00000251""]",evaluation_receipt,episode_attempt_ecc5e9bac2e859e7eb1d,0053654e5d23dc621607acf8d2072d564b69de3e513fbfe561436faf88997ad3,true
result_3fde1d2ab57bbce9f8caeeff,runplan_ddfd0ff85d087e32,cell_1d6ad9eca53802f85bf0,housing_v1__experiment__000005,housing_v1,housing_controlled_model_landlords_experiment,episode_attempt_ecc5e9bac2e859e7eb1d,0053654e5d23dc621607acf8d2072d564b69de3e513fbfe561436faf88997ad3,included,housing_social_welfare_leaf,1.0.0,social_welfare,1.0.0,capture,tenant_3,tenant_3,477.49,utility_points,"{""disagreement_utility"":0.0}",ok,valid,[],"[""event_00000251""]",evaluation_receipt,episode_attempt_ecc5e9bac2e859e7eb1d,0053654e5d23dc621607acf8d2072d564b69de3e513fbfe561436faf88997ad3,true
result_5bb49c56e90461e22f50a163,runplan_ddfd0ff85d087e32,cell_1d6ad9eca53802f85bf0,housing_v1__experiment__000005,housing_v1,housing_controlled_model_landlords_experiment,episode_attempt_ecc5e9bac2e859e7eb1d,0053654e5d23dc621607acf8d2072d564b69de3e513fbfe561436faf88997ad3,included,housing_social_welfare_leaf,1.0.0,social_welfare,1.0.0,capture,tenant_4,tenant_4,0.0,utility_points,"{""disagreement_utility"":0.0}",ok,valid,[],"[""event_00000251""]",evaluation_receipt,episode_attempt_ecc5e9bac2e859e7eb1d,0053654e5d23dc621607acf8d2072d564b69de3e513fbfe561436faf88997ad3,true
result_ef53508b428adb252f9851a4,runplan_ddfd0ff85d087e32,cell_1d6ad9eca53802f85bf0,housing_v1__experiment__000005,housing_v1,housing_controlled_model_landlords_experiment,episode_attempt_ecc5e9bac2e859e7eb1d,0053654e5d23dc621607acf8d2072d564b69de3e513fbfe561436faf88997ad3,included,housing_social_welfare_leaf,1.0.0,social_welfare,1.0.0,capture,tenant_5,tenant_5,353.79,utility_points,"{""disagreement_utility"":0.0}",ok,valid,[],"[""event_00000251""]",evaluation_receipt,episode_attempt_ecc5e9bac2e859e7eb1d,0053654e5d23dc621607acf8d2072d564b69de3e513fbfe561436faf88997ad3,true
result_d8e1e911872c802d2e432aa7,runplan_ddfd0ff85d087e32,cell_4dda5724aa590d7aed76,housing_v1__experiment__000001,housing_v1,housing_controlled_model_landlords_experiment,episode_attempt_81d5502f716777dd55af,1e3084e80614d52104f729be49cb531ec19b43c7d79ec3f9a2b95e8c3981b3b5,included,housing_social_welfare_leaf,1.0.0,social_welfare,1.0.0,primary,social_welfare,,1890.36,utility_points,{},ok,valid,[],"[""event_00000227""]",evaluation_receipt,episode_attempt_81d5502f716777dd55af,1e3084e80614d52104f729be49cb531ec19b43c7d79ec3f9a2b95e8c3981b3b5,true
result_6fc423bd25ef0bf0274f1c41,runplan_ddfd0ff85d087e32,cell_4dda5724aa590d7aed76,housing_v1__experiment__000001,housing_v1,housing_controlled_model_landlords_experiment,episode_attempt_81d5502f716777dd55af,1e3084e80614d52104f729be49cb531ec19b43c7d79ec3f9a2b95e8c3981b3b5,included,housing_social_welfare_leaf,1.0.0,social_welfare,1.0.0,metric,comparison_baseline_gap,,336.8399999999999,utility_points,{},ok,valid,[],"[""event_00000227""]",evaluation_receipt,episode_attempt_81d5502f716777dd55af,1e3084e80614d52104f729be49cb531ec19b43c7d79ec3f9a2b95e8c3981b3b5,true
result_e3b715cbd5fecdf8d7640040,runplan_ddfd0ff85d087e32,cell_4dda5724aa590d7aed76,housing_v1__experiment__000001,housing_v1,housing_controlled_model_landlords_experiment,episode_attempt_81d5502f716777dd55af,1e3084e80614d52104f729be49cb531ec19b43c7d79ec3f9a2b95e8c3981b3b5,included,housing_social_welfare_leaf,1.0.0,social_welfare,1.0.0,metric,ir_violation_count,,0.0,count,{},ok,valid,[],"[""event_00000227""]",evaluation_receipt,episode_attempt_81d5502f716777dd55af,1e3084e80614d52104f729be49cb531ec19b43c7d79ec3f9a2b95e8c3981b3b5,true
result_f268eacf4a81b2729a161e65,runplan_ddfd0ff85d087e32,cell_4dda5724aa590d7aed76,housing_v1__experiment__000001,housing_v1,housing_controlled_model_landlords_experiment,episode_attempt_81d5502f716777dd55af,1e3084e80614d52104f729be49cb531ec19b43c7d79ec3f9a2b95e8c3981b3b5,included,housing_social_welfare_leaf,1.0.0,social_welfare,1.0.0,metric,social_welfare,,1890.36,utility_points,{},ok,valid,[],"[""event_00000227""]",evaluation_receipt,episode_attempt_81d5502f716777dd55af,1e3084e80614d52104f729be49cb531ec19b43c7d79ec3f9a2b95e8c3981b3b5,true
result_d46b4efcb0073520b0da4b4c,runplan_ddfd0ff85d087e32,cell_4dda5724aa590d7aed76,housing_v1__experiment__000001,housing_v1,housing_controlled_model_landlords_experiment,episode_attempt_81d5502f716777dd55af,1e3084e80614d52104f729be49cb531ec19b43c7d79ec3f9a2b95e8c3981b3b5,included,housing_social_welfare_leaf,1.0.0,social_welfare,1.0.0,metric,upper_bound_gap,,113.93000000000006,utility_points,{},ok,valid,[],"[""event_00000227""]",evaluation_receipt,episode_attempt_81d5502f716777dd55af,1e3084e80614d52104f729be49cb531ec19b43c7d79ec3f9a2b95e8c3981b3b5,true
result_818e98f8a6b14a32930a9b01,runplan_ddfd0ff85d087e32,cell_4dda5724aa590d7aed76,housing_v1__experiment__000001,housing_v1,housing_controlled_model_landlords_experiment,episode_attempt_81d5502f716777dd55af,1e3084e80614d52104f729be49cb531ec19b43c7d79ec3f9a2b95e8c3981b3b5,included,housing_social_welfare_leaf,1.0.0,social_welfare,1.0.0,metric,wasted_contacts,,6.0,count,{},ok,valid,[],"[""event_00000227""]",evaluation_receipt,episode_attempt_81d5502f716777dd55af,1e3084e80614d52104f729be49cb531ec19b43c7d79ec3f9a2b95e8c3981b3b5,true
result_5d038bfa62e09324d2764588,runplan_ddfd0ff85d087e32,cell_4dda5724aa590d7aed76,housing_v1__experiment__000001,housing_v1,housing_controlled_model_landlords_experiment,episode_attempt_81d5502f716777dd55af,1e3084e80614d52104f729be49cb531ec19b43c7d79ec3f9a2b95e8c3981b3b5,included,housing_social_welfare_leaf,1.0.0,social_welfare,1.0.0,metric,within_case_score,,0.9431569283886064,ratio,{},ok,valid,[],"[""event_00000227""]",evaluation_receipt,episode_attempt_81d5502f716777dd55af,1e3084e80614d52104f729be49cb531ec19b43c7d79ec3f9a2b95e8c3981b3b5,true
result_e8c5b832020cba504f4e064a,runplan_ddfd0ff85d087e32,cell_4dda5724aa590d7aed76,housing_v1__experiment__000001,housing_v1,housing_controlled_model_landlords_experiment,episode_attempt_81d5502f716777dd55af,1e3084e80614d52104f729be49cb531ec19b43c7d79ec3f9a2b95e8c3981b3b5,included,housing_social_welfare_leaf,1.0.0,social_welfare,1.0.0,reference,comparison_baseline,,1553.52,utility_points,"{""policy"":""naive"",""reference_kind"":""comparison_baseline""}",ok,valid,[],"[""event_00000227""]",evaluation_receipt,episode_attempt_81d5502f716777dd55af,1e3084e80614d52104f729be49cb531ec19b43c7d79ec3f9a2b95e8c3981b3b5,true
result_2aec963af27d1368fa047cc7,runplan_ddfd0ff85d087e32,cell_4dda5724aa590d7aed76,housing_v1__experiment__000001,housing_v1,housing_controlled_model_landlords_experiment,episode_attempt_81d5502f716777dd55af,1e3084e80614d52104f729be49cb531ec19b43c7d79ec3f9a2b95e8c3981b3b5,included,housing_social_welfare_leaf,1.0.0,social_welfare,1.0.0,reference,optimum_lower_bound,,0.0,utility_points,"{""policy"":""do_nothing"",""reference_kind"":""objective_lower_bound""}",ok,valid,[],"[""event_00000227""]",evaluation_receipt,episode_attempt_81d5502f716777dd55af,1e3084e80614d52104f729be49cb531ec19b43c7d79ec3f9a2b95e8c3981b3b5,true
result_6a9486255dfaa204cd267c99,runplan_ddfd0ff85d087e32,cell_4dda5724aa590d7aed76,housing_v1__experiment__000001,housing_v1,housing_controlled_model_landlords_experiment,episode_attempt_81d5502f716777dd55af,1e3084e80614d52104f729be49cb531ec19b43c7d79ec3f9a2b95e8c3981b3b5,included,housing_social_welfare_leaf,1.0.0,social_welfare,1.0.0,reference,optimum_upper_bound,,2004.29,utility_points,"{""reference_kind"":""objective_upper_bound"",""semantics"":""full_information_allocation_relaxation""}",ok,valid,[],"[""event_00000227""]",evaluation_receipt,episode_attempt_81d5502f716777dd55af,1e3084e80614d52104f729be49cb531ec19b43c7d79ec3f9a2b95e8c3981b3b5,true
result_1b0136616b21606e8ce292ff,runplan_ddfd0ff85d087e32,cell_4dda5724aa590d7aed76,housing_v1__experiment__000001,housing_v1,housing_controlled_model_landlords_experiment,episode_attempt_81d5502f716777dd55af,1e3084e80614d52104f729be49cb531ec19b43c7d79ec3f9a2b95e8c3981b3b5,included,housing_social_welfare_leaf,1.0.0,social_welfare,1.0.0,utility,landlord_0,landlord_0,83.6,utility_points,"{""disagreement_utility"":0.0}",ok,valid,[],"[""event_00000227""]",evaluation_receipt,episode_attempt_81d5502f716777dd55af,1e3084e80614d52104f729be49cb531ec19b43c7d79ec3f9a2b95e8c3981b3b5,true
result_87e26f5a775820b6fb80d512,runplan_ddfd0ff85d087e32,cell_4dda5724aa590d7aed76,housing_v1__experiment__000001,housing_v1,housing_controlled_model_landlords_experiment,episode_attempt_81d5502f716777dd55af,1e3084e80614d52104f729be49cb531ec19b43c7d79ec3f9a2b95e8c3981b3b5,included,housing_social_welfare_leaf,1.0.0,social_welfare,1.0.0,utility,landlord_1,landlord_1,106.62,utility_points,"{""disagreement_utility"":0.0}",ok,valid,[],"[""event_00000227""]",evaluation_receipt,episode_attempt_81d5502f716777dd55af,1e3084e80614d52104f729be49cb531ec19b43c7d79ec3f9a2b95e8c3981b3b5,true
result_7f21a784364d08fe9f239e4e,runplan_ddfd0ff85d087e32,cell_4dda5724aa590d7aed76,housing_v1__experiment__000001,housing_v1,housing_controlled_model_landlords_experiment,episode_attempt_81d5502f716777dd55af,1e3084e80614d52104f729be49cb531ec19b43c7d79ec3f9a2b95e8c3981b3b5,included,housing_social_welfare_leaf,1.0.0,social_welfare,1.0.0,utility,landlord_2,landlord_2,118.36,utility_points,"{""disagreement_utility"":0.0}",ok,valid,[],"[""event_00000227""]",evaluation_receipt,episode_attempt_81d5502f716777dd55af,1e3084e80614d52104f729be49cb531ec19b43c7d79ec3f9a2b95e8c3981b3b5,true
result_bbe017b54d11b2fce4d5ad14,runplan_ddfd0ff85d087e32,cell_4dda5724aa590d7aed76,housing_v1__experiment__000001,housing_v1,housing_controlled_model_landlords_experiment,episode_attempt_81d5502f716777dd55af,1e3084e80614d52104f729be49cb531ec19b43c7d79ec3f9a2b95e8c3981b3b5,included,housing_social_welfare_leaf,1.0.0,social_welfare,1.0.0,utility,landlord_3,landlord_3,97.64,utility_points,"{""disagreement_utility"":0.0}",ok,valid,[],"[""event_00000227""]",evaluation_receipt,episode_attempt_81d5502f716777dd55af,1e3084e80614d52104f729be49cb531ec19b43c7d79ec3f9a2b95e8c3981b3b5,true
result_b72f35626a0715d62d1374ad,runplan_ddfd0ff85d087e32,cell_4dda5724aa590d7aed76,housing_v1__experiment__000001,housing_v1,housing_controlled_model_landlords_experiment,episode_attempt_81d5502f716777dd55af,1e3084e80614d52104f729be49cb531ec19b43c7d79ec3f9a2b95e8c3981b3b5,included,housing_social_welfare_leaf,1.0.0,social_welfare,1.0.0,utility,tenant_0,tenant_0,0.0,utility_points,"{""disagreement_utility"":0.0}",ok,valid,[],"[""event_00000227""]",evaluation_receipt,episode_attempt_81d5502f716777dd55af,1e3084e80614d52104f729be49cb531ec19b43c7d79ec3f9a2b95e8c3981b3b5,true
result_7a51277521c176807d860347,runplan_ddfd0ff85d087e32,cell_4dda5724aa590d7aed76,housing_v1__experiment__000001,housing_v1,housing_controlled_model_landlords_experiment,episode_attempt_81d5502f716777dd55af,1e3084e80614d52104f729be49cb531ec19b43c7d79ec3f9a2b95e8c3981b3b5,included,housing_social_welfare_leaf,1.0.0,social_welfare,1.0.0,utility,tenant_1,tenant_1,0.0,utility_points,"{""disagreement_utility"":0.0}",ok,valid,[],"[""event_00000227""]",evaluation_receipt,episode_attempt_81d5502f716777dd55af,1e3084e80614d52104f729be49cb531ec19b43c7d79ec3f9a2b95e8c3981b3b5,true
result_e4a9a94b1cdd1b8c2a725006,runplan_ddfd0ff85d087e32,cell_4dda5724aa590d7aed76,housing_v1__experiment__000001,housing_v1,housing_controlled_model_landlords_experiment,episode_attempt_81d5502f716777dd55af,1e3084e80614d52104f729be49cb531ec19b43c7d79ec3f9a2b95e8c3981b3b5,included,housing_social_welfare_leaf,1.0.0,social_welfare,1.0.0,utility,tenant_2,tenant_2,433.32,utility_points,"{""disagreement_utility"":0.0}",ok,valid,[],"[""event_00000227""]",evaluation_receipt,episode_attempt_81d5502f716777dd55af,1e3084e80614d52104f729be49cb531ec19b43c7d79ec3f9a2b95e8c3981b3b5,true
result_7a125a8f3ce11953ef713785,runplan_ddfd0ff85d087e32,cell_4dda5724aa590d7aed76,housing_v1__experiment__000001,housing_v1,housing_controlled_model_landlords_experiment,episode_attempt_81d5502f716777dd55af,1e3084e80614d52104f729be49cb531ec19b43c7d79ec3f9a2b95e8c3981b3b5,included,housing_social_welfare_leaf,1.0.0,social_welfare,1.0.0,utility,tenant_3,tenant_3,436.83,utility_points,"{""disagreement_utility"":0.0}",ok,valid,[],"[""event_00000227""]",evaluation_receipt,episode_attempt_81d5502f716777dd55af,1e3084e80614d52104f729be49cb531ec19b43c7d79ec3f9a2b95e8c3981b3b5,true
result_99116b06f5c1e9539a22f205,runplan_ddfd0ff85d087e32,cell_4dda5724aa590d7aed76,housing_v1__experiment__000001,housing_v1,housing_controlled_model_landlords_experiment,episode_attempt_81d5502f716777dd55af,1e3084e80614d52104f729be49cb531ec19b43c7d79ec3f9a2b95e8c3981b3b5,included,housing_social_welfare_leaf,1.0.0,social_welfare,1.0.0,utility,tenant_4,tenant_4,222.4,utility_points,"{""disagreement_utility"":0.0}",ok,valid,[],"[""event_00000227""]",evaluation_receipt,episode_attempt_81d5502f716777dd55af,1e3084e80614d52104f729be49cb531ec19b43c7d79ec3f9a2b95e8c3981b3b5,true
result_30d5c2b259c223e60fe8c7b0,runplan_ddfd0ff85d087e32,cell_4dda5724aa590d7aed76,housing_v1__experiment__000001,housing_v1,housing_controlled_model_landlords_experiment,episode_attempt_81d5502f716777dd55af,1e3084e80614d52104f729be49cb531ec19b43c7d79ec3f9a2b95e8c3981b3b5,included,housing_social_welfare_leaf,1.0.0,social_welfare,1.0.0,utility,tenant_5,tenant_5,391.59,utility_points,"{""disagreement_utility"":0.0}",ok,valid,[],"[""event_00000227""]",evaluation_receipt,episode_attempt_81d5502f716777dd55af,1e3084e80614d52104f729be49cb531ec19b43c7d79ec3f9a2b95e8c3981b3b5,true
result_95682319fbb74f552ebd074f,runplan_ddfd0ff85d087e32,cell_4dda5724aa590d7aed76,housing_v1__experiment__000001,housing_v1,housing_controlled_model_landlords_experiment,episode_attempt_81d5502f716777dd55af,1e3084e80614d52104f729be49cb531ec19b43c7d79ec3f9a2b95e8c3981b3b5,included,housing_social_welfare_leaf,1.0.0,social_welfare,1.0.0,capture,landlord_0,landlord_0,83.6,utility_points,"{""disagreement_utility"":0.0}",ok,valid,[],"[""event_00000227""]",evaluation_receipt,episode_attempt_81d5502f716777dd55af,1e3084e80614d52104f729be49cb531ec19b43c7d79ec3f9a2b95e8c3981b3b5,true
result_68a9b3f92ca3b24ee861f8b8,runplan_ddfd0ff85d087e32,cell_4dda5724aa590d7aed76,housing_v1__experiment__000001,housing_v1,housing_controlled_model_landlords_experiment,episode_attempt_81d5502f716777dd55af,1e3084e80614d52104f729be49cb531ec19b43c7d79ec3f9a2b95e8c3981b3b5,included,housing_social_welfare_leaf,1.0.0,social_welfare,1.0.0,capture,landlord_1,landlord_1,106.62,utility_points,"{""disagreement_utility"":0.0}",ok,valid,[],"[""event_00000227""]",evaluation_receipt,episode_attempt_81d5502f716777dd55af,1e3084e80614d52104f729be49cb531ec19b43c7d79ec3f9a2b95e8c3981b3b5,true
result_81f554b2fb9b56193bac0209,runplan_ddfd0ff85d087e32,cell_4dda5724aa590d7aed76,housing_v1__experiment__000001,housing_v1,housing_controlled_model_landlords_experiment,episode_attempt_81d5502f716777dd55af,1e3084e80614d52104f729be49cb531ec19b43c7d79ec3f9a2b95e8c3981b3b5,included,housing_social_welfare_leaf,1.0.0,social_welfare,1.0.0,capture,landlord_2,landlord_2,118.36,utility_points,"{""disagreement_utility"":0.0}",ok,valid,[],"[""event_00000227""]",evaluation_receipt,episode_attempt_81d5502f716777dd55af,1e3084e80614d52104f729be49cb531ec19b43c7d79ec3f9a2b95e8c3981b3b5,true
result_a22547124b61fdb0bf1b1773,runplan_ddfd0ff85d087e32,cell_4dda5724aa590d7aed76,housing_v1__experiment__000001,housing_v1,housing_controlled_model_landlords_experiment,episode_attempt_81d5502f716777dd55af,1e3084e80614d52104f729be49cb531ec19b43c7d79ec3f9a2b95e8c3981b3b5,included,housing_social_welfare_leaf,1.0.0,social_welfare,1.0.0,capture,landlord_3,landlord_3,97.64,utility_points,"{""disagreement_utility"":0.0}",ok,valid,[],"[""event_00000227""]",evaluation_receipt,episode_attempt_81d5502f716777dd55af,1e3084e80614d52104f729be49cb531ec19b43c7d79ec3f9a2b95e8c3981b3b5,true
result_785ac1fc1282f502287ac81b,runplan_ddfd0ff85d087e32,cell_4dda5724aa590d7aed76,housing_v1__experiment__000001,housing_v1,housing_controlled_model_landlords_experiment,episode_attempt_81d5502f716777dd55af,1e3084e80614d52104f729be49cb531ec19b43c7d79ec3f9a2b95e8c3981b3b5,included,housing_social_welfare_leaf,1.0.0,social_welfare,1.0.0,capture,tenant_0,tenant_0,0.0,utility_points,"{""disagreement_utility"":0.0}",ok,valid,[],"[""event_00000227""]",evaluation_receipt,episode_attempt_81d5502f716777dd55af,1e3084e80614d52104f729be49cb531ec19b43c7d79ec3f9a2b95e8c3981b3b5,true
result_1237b4c22b788f7e9bfbfd42,runplan_ddfd0ff85d087e32,cell_4dda5724aa590d7aed76,housing_v1__experiment__000001,housing_v1,housing_controlled_model_landlords_experiment,episode_attempt_81d5502f716777dd55af,1e3084e80614d52104f729be49cb531ec19b43c7d79ec3f9a2b95e8c3981b3b5,included,housing_social_welfare_leaf,1.0.0,social_welfare,1.0.0,capture,tenant_1,tenant_1,0.0,utility_points,"{""disagreement_utility"":0.0}",ok,valid,[],"[""event_00000227""]",evaluation_receipt,episode_attempt_81d5502f716777dd55af,1e3084e80614d52104f729be49cb531ec19b43c7d79ec3f9a2b95e8c3981b3b5,true
result_a3788373aea6b02d851d25a7,runplan_ddfd0ff85d087e32,cell_4dda5724aa590d7aed76,housing_v1__experiment__000001,housing_v1,housing_controlled_model_landlords_experiment,episode_attempt_81d5502f716777dd55af,1e3084e80614d52104f729be49cb531ec19b43c7d79ec3f9a2b95e8c3981b3b5,included,housing_social_welfare_leaf,1.0.0,social_welfare,1.0.0,capture,tenant_2,tenant_2,433.32,utility_points,"{""disagreement_utility"":0.0}",ok,valid,[],"[""event_00000227""]",evaluation_receipt,episode_attempt_81d5502f716777dd55af,1e3084e80614d52104f729be49cb531ec19b43c7d79ec3f9a2b95e8c3981b3b5,true
result_f80f0a7a8f3c1154f77849a1,runplan_ddfd0ff85d087e32,cell_4dda5724aa590d7aed76,housing_v1__experiment__000001,housing_v1,housing_controlled_model_landlords_experiment,episode_attempt_81d5502f716777dd55af,1e3084e80614d52104f729be49cb531ec19b43c7d79ec3f9a2b95e8c3981b3b5,included,housing_social_welfare_leaf,1.0.0,social_welfare,1.0.0,capture,tenant_3,tenant_3,436.83,utility_points,"{""disagreement_utility"":0.0}",ok,valid,[],"[""event_00000227""]",evaluation_receipt,episode_attempt_81d5502f716777dd55af,1e3084e80614d52104f729be49cb531ec19b43c7d79ec3f9a2b95e8c3981b3b5,true
result_3fc60efd0a480bb4f0641d8f,runplan_ddfd0ff85d087e32,cell_4dda5724aa590d7aed76,housing_v1__experiment__000001,housing_v1,housing_controlled_model_landlords_experiment,episode_attempt_81d5502f716777dd55af,1e3084e80614d52104f729be49cb531ec19b43c7d79ec3f9a2b95e8c3981b3b5,included,housing_social_welfare_leaf,1.0.0,social_welfare,1.0.0,capture,tenant_4,tenant_4,222.4,utility_points,"{""disagreement_utility"":0.0}",ok,valid,[],"[""event_00000227""]",evaluation_receipt,episode_attempt_81d5502f716777dd55af,1e3084e80614d52104f729be49cb531ec19b43c7d79ec3f9a2b95e8c3981b3b5,true
result_aa4e6fedaca891ef3222883c,runplan_ddfd0ff85d087e32,cell_4dda5724aa590d7aed76,housing_v1__experiment__000001,housing_v1,housing_controlled_model_landlords_experiment,episode_attempt_81d5502f716777dd55af,1e3084e80614d52104f729be49cb531ec19b43c7d79ec3f9a2b95e8c3981b3b5,included,housing_social_welfare_leaf,1.0.0,social_welfare,1.0.0,capture,tenant_5,tenant_5,391.59,utility_points,"{""disagreement_utility"":0.0}",ok,valid,[],"[""event_00000227""]",evaluation_receipt,episode_attempt_81d5502f716777dd55af,1e3084e80614d52104f729be49cb531ec19b43c7d79ec3f9a2b95e8c3981b3b5,true
result_1f0d52b87b41338a3bc4a993,runplan_ddfd0ff85d087e32,cell_5adc3db9759b0b80177e,housing_v1__experiment__000003,housing_v1,housing_controlled_model_landlords_experiment,episode_attempt_be80347f999088ff1d5a,e2111901bf1410aad7cc08d6b4df25cafa6cce0cc8cd408cef62407d9b37df66,included,housing_social_welfare_leaf,1.0.0,social_welfare,1.0.0,primary,social_welfare,,862.17,utility_points,{},ok,valid,[],"[""event_00000233""]",evaluation_receipt,episode_attempt_be80347f999088ff1d5a,e2111901bf1410aad7cc08d6b4df25cafa6cce0cc8cd408cef62407d9b37df66,true
result_19976d4326a33450bfbdf9d2,runplan_ddfd0ff85d087e32,cell_5adc3db9759b0b80177e,housing_v1__experiment__000003,housing_v1,housing_controlled_model_landlords_experiment,episode_attempt_be80347f999088ff1d5a,e2111901bf1410aad7cc08d6b4df25cafa6cce0cc8cd408cef62407d9b37df66,included,housing_social_welfare_leaf,1.0.0,social_welfare,1.0.0,metric,comparison_baseline_gap,,75.13,utility_points,{},ok,valid,[],"[""event_00000233""]",evaluation_receipt,episode_attempt_be80347f999088ff1d5a,e2111901bf1410aad7cc08d6b4df25cafa6cce0cc8cd408cef62407d9b37df66,true
result_1b4dae0f5e9beeb4036de05d,runplan_ddfd0ff85d087e32,cell_5adc3db9759b0b80177e,housing_v1__experiment__000003,housing_v1,housing_controlled_model_landlords_experiment,episode_attempt_be80347f999088ff1d5a,e2111901bf1410aad7cc08d6b4df25cafa6cce0cc8cd408cef62407d9b37df66,included,housing_social_welfare_leaf,1.0.0,social_welfare,1.0.0,metric,ir_violation_count,,0.0,count,{},ok,valid,[],"[""event_00000233""]",evaluation_receipt,episode_attempt_be80347f999088ff1d5a,e2111901bf1410aad7cc08d6b4df25cafa6cce0cc8cd408cef62407d9b37df66,true
result_1c517fa9ecdeb28bb1316df7,runplan_ddfd0ff85d087e32,cell_5adc3db9759b0b80177e,housing_v1__experiment__000003,housing_v1,housing_controlled_model_landlords_experiment,episode_attempt_be80347f999088ff1d5a,e2111901bf1410aad7cc08d6b4df25cafa6cce0cc8cd408cef62407d9b37df66,included,housing_social_welfare_leaf,1.0.0,social_welfare,1.0.0,metric,social_welfare,,862.17,utility_points,{},ok,valid,[],"[""event_00000233""]",evaluation_receipt,episode_attempt_be80347f999088ff1d5a,e2111901bf1410aad7cc08d6b4df25cafa6cce0cc8cd408cef62407d9b37df66,true
result_d46110a9f23adba9892a5d28,runplan_ddfd0ff85d087e32,cell_5adc3db9759b0b80177e,housing_v1__experiment__000003,housing_v1,housing_controlled_model_landlords_experiment,episode_attempt_be80347f999088ff1d5a,e2111901bf1410aad7cc08d6b4df25cafa6cce0cc8cd408cef62407d9b37df66,included,housing_social_welfare_leaf,1.0.0,social_welfare,1.0.0,metric,upper_bound_gap,,136.07000000000005,utility_points,{},ok,valid,[],"[""event_00000233""]",evaluation_receipt,episode_attempt_be80347f999088ff1d5a,e2111901bf1410aad7cc08d6b4df25cafa6cce0cc8cd408cef62407d9b37df66,true
result_3ce15aef1f4cb14f69f88ba6,runplan_ddfd0ff85d087e32,cell_5adc3db9759b0b80177e,housing_v1__experiment__000003,housing_v1,housing_controlled_model_landlords_experiment,episode_attempt_be80347f999088ff1d5a,e2111901bf1410aad7cc08d6b4df25cafa6cce0cc8cd408cef62407d9b37df66,included,housing_social_welfare_leaf,1.0.0,social_welfare,1.0.0,metric,wasted_contacts,,6.0,count,{},ok,valid,[],"[""event_00000233""]",evaluation_receipt,episode_attempt_be80347f999088ff1d5a,e2111901bf1410aad7cc08d6b4df25cafa6cce0cc8cd408cef62407d9b37df66,true
result_35de280dc2a852ec6a319764,runplan_ddfd0ff85d087e32,cell_5adc3db9759b0b80177e,housing_v1__experiment__000003,housing_v1,housing_controlled_model_landlords_experiment,episode_attempt_be80347f999088ff1d5a,e2111901bf1410aad7cc08d6b4df25cafa6cce0cc8cd408cef62407d9b37df66,included,housing_social_welfare_leaf,1.0.0,social_welfare,1.0.0,metric,within_case_score,,0.8636900945664369,ratio,{},ok,valid,[],"[""event_00000233""]",evaluation_receipt,episode_attempt_be80347f999088ff1d5a,e2111901bf1410aad7cc08d6b4df25cafa6cce0cc8cd408cef62407d9b37df66,true
result_6fc3a2a6318aba47475094d8,runplan_ddfd0ff85d087e32,cell_5adc3db9759b0b80177e,housing_v1__experiment__000003,housing_v1,housing_controlled_model_landlords_experiment,episode_attempt_be80347f999088ff1d5a,e2111901bf1410aad7cc08d6b4df25cafa6cce0cc8cd408cef62407d9b37df66,included,housing_social_welfare_leaf,1.0.0,social_welfare,1.0.0,reference,comparison_baseline,,787.04,utility_points,"{""policy"":""naive"",""reference_kind"":""comparison_baseline""}",ok,valid,[],"[""event_00000233""]",evaluation_receipt,episode_attempt_be80347f999088ff1d5a,e2111901bf1410aad7cc08d6b4df25cafa6cce0cc8cd408cef62407d9b37df66,true
result_64ea6d75b84138dcc2f28afb,runplan_ddfd0ff85d087e32,cell_5adc3db9759b0b80177e,housing_v1__experiment__000003,housing_v1,housing_controlled_model_landlords_experiment,episode_attempt_be80347f999088ff1d5a,e2111901bf1410aad7cc08d6b4df25cafa6cce0cc8cd408cef62407d9b37df66,included,housing_social_welfare_leaf,1.0.0,social_welfare,1.0.0,reference,optimum_lower_bound,,0.0,utility_points,"{""policy"":""do_nothing"",""reference_kind"":""objective_lower_bound""}",ok,valid,[],"[""event_00000233""]",evaluation_receipt,episode_attempt_be80347f999088ff1d5a,e2111901bf1410aad7cc08d6b4df25cafa6cce0cc8cd408cef62407d9b37df66,true
result_fe3e4fba222d456532283d72,runplan_ddfd0ff85d087e32,cell_5adc3db9759b0b80177e,housing_v1__experiment__000003,housing_v1,housing_controlled_model_landlords_experiment,episode_attempt_be80347f999088ff1d5a,e2111901bf1410aad7cc08d6b4df25cafa6cce0cc8cd408cef62407d9b37df66,included,housing_social_welfare_leaf,1.0.0,social_welfare,1.0.0,reference,optimum_upper_bound,,998.24,utility_points,"{""reference_kind"":""objective_upper_bound"",""semantics"":""full_information_allocation_relaxation""}",ok,valid,[],"[""event_00000233""]",evaluation_receipt,episode_attempt_be80347f999088ff1d5a,e2111901bf1410aad7cc08d6b4df25cafa6cce0cc8cd408cef62407d9b37df66,true
result_14250b1f4187b67d6d9088a4,runplan_ddfd0ff85d087e32,cell_5adc3db9759b0b80177e,housing_v1__experiment__000003,housing_v1,housing_controlled_model_landlords_experiment,episode_attempt_be80347f999088ff1d5a,e2111901bf1410aad7cc08d6b4df25cafa6cce0cc8cd408cef62407d9b37df66,included,housing_social_welfare_leaf,1.0.0,social_welfare,1.0.0,utility,landlord_0,landlord_0,51.85,utility_points,"{""disagreement_utility"":0.0}",ok,valid,[],"[""event_00000233""]",evaluation_receipt,episode_attempt_be80347f999088ff1d5a,e2111901bf1410aad7cc08d6b4df25cafa6cce0cc8cd408cef62407d9b37df66,true
result_c65b2a780179848fc39ca23b,runplan_ddfd0ff85d087e32,cell_5adc3db9759b0b80177e,housing_v1__experiment__000003,housing_v1,housing_controlled_model_landlords_experiment,episode_attempt_be80347f999088ff1d5a,e2111901bf1410aad7cc08d6b4df25cafa6cce0cc8cd408cef62407d9b37df66,included,housing_social_welfare_leaf,1.0.0,social_welfare,1.0.0,utility,landlord_1,landlord_1,66.45,utility_points,"{""disagreement_utility"":0.0}",ok,valid,[],"[""event_00000233""]",evaluation_receipt,episode_attempt_be80347f999088ff1d5a,e2111901bf1410aad7cc08d6b4df25cafa6cce0cc8cd408cef62407d9b37df66,true
result_d0f730d38439d89810429b87,runplan_ddfd0ff85d087e32,cell_5adc3db9759b0b80177e,housing_v1__experiment__000003,housing_v1,housing_controlled_model_landlords_experiment,episode_attempt_be80347f999088ff1d5a,e2111901bf1410aad7cc08d6b4df25cafa6cce0cc8cd408cef62407d9b37df66,included,housing_social_welfare_leaf,1.0.0,social_welfare,1.0.0,utility,landlord_2,landlord_2,76.96,utility_points,"{""disagreement_utility"":0.0}",ok,valid,[],"[""event_00000233""]",evaluation_receipt,episode_attempt_be80347f999088ff1d5a,e2111901bf1410aad7cc08d6b4df25cafa6cce0cc8cd408cef62407d9b37df66,true
result_8183400accce5d3128f738f2,runplan_ddfd0ff85d087e32,cell_5adc3db9759b0b80177e,housing_v1__experiment__000003,housing_v1,housing_controlled_model_landlords_experiment,episode_attempt_be80347f999088ff1d5a,e2111901bf1410aad7cc08d6b4df25cafa6cce0cc8cd408cef62407d9b37df66,included,housing_social_welfare_leaf,1.0.0,social_welfare,1.0.0,utility,landlord_3,landlord_3,54.11,utility_points,"{""disagreement_utility"":0.0}",ok,valid,[],"[""event_00000233""]",evaluation_receipt,episode_attempt_be80347f999088ff1d5a,e2111901bf1410aad7cc08d6b4df25cafa6cce0cc8cd408cef62407d9b37df66,true
result_ac519ffe5874f1c015120b62,runplan_ddfd0ff85d087e32,cell_5adc3db9759b0b80177e,housing_v1__experiment__000003,housing_v1,housing_controlled_model_landlords_experiment,episode_attempt_be80347f999088ff1d5a,e2111901bf1410aad7cc08d6b4df25cafa6cce0cc8cd408cef62407d9b37df66,included,housing_social_welfare_leaf,1.0.0,social_welfare,1.0.0,utility,tenant_0,tenant_0,144.2,utility_points,"{""disagreement_utility"":0.0}",ok,valid,[],"[""event_00000233""]",evaluation_receipt,episode_attempt_be80347f999088ff1d5a,e2111901bf1410aad7cc08d6b4df25cafa6cce0cc8cd408cef62407d9b37df66,true
result_dd264fced3b2c9ed6a1d6b93,runplan_ddfd0ff85d087e32,cell_5adc3db9759b0b80177e,housing_v1__experiment__000003,housing_v1,housing_controlled_model_landlords_experiment,episode_attempt_be80347f999088ff1d5a,e2111901bf1410aad7cc08d6b4df25cafa6cce0cc8cd408cef62407d9b37df66,included,housing_social_welfare_leaf,1.0.0,social_welfare,1.0.0,utility,tenant_1,tenant_1,47.38,utility_points,"{""disagreement_utility"":0.0}",ok,valid,[],"[""event_00000233""]",evaluation_receipt,episode_attempt_be80347f999088ff1d5a,e2111901bf1410aad7cc08d6b4df25cafa6cce0cc8cd408cef62407d9b37df66,true
result_3b3090e08c1600bacbc6bac9,runplan_ddfd0ff85d087e32,cell_5adc3db9759b0b80177e,housing_v1__experiment__000003,housing_v1,housing_controlled_model_landlords_experiment,episode_attempt_be80347f999088ff1d5a,e2111901bf1410aad7cc08d6b4df25cafa6cce0cc8cd408cef62407d9b37df66,included,housing_social_welfare_leaf,1.0.0,social_welfare,1.0.0,utility,tenant_2,tenant_2,0.0,utility_points,"{""disagreement_utility"":0.0}",ok,valid,[],"[""event_00000233""]",evaluation_receipt,episode_attempt_be80347f999088ff1d5a,e2111901bf1410aad7cc08d6b4df25cafa6cce0cc8cd408cef62407d9b37df66,true
result_aca985fd4aff2328a8c44390,runplan_ddfd0ff85d087e32,cell_5adc3db9759b0b80177e,housing_v1__experiment__000003,housing_v1,housing_controlled_model_landlords_experiment,episode_attempt_be80347f999088ff1d5a,e2111901bf1410aad7cc08d6b4df25cafa6cce0cc8cd408cef62407d9b37df66,included,housing_social_welfare_leaf,1.0.0,social_welfare,1.0.0,utility,tenant_3,tenant_3,0.0,utility_points,"{""disagreement_utility"":0.0}",ok,valid,[],"[""event_00000233""]",evaluation_receipt,episode_attempt_be80347f999088ff1d5a,e2111901bf1410aad7cc08d6b4df25cafa6cce0cc8cd408cef62407d9b37df66,true
result_adb173c93d7f0af2978b0d1e,runplan_ddfd0ff85d087e32,cell_5adc3db9759b0b80177e,housing_v1__experiment__000003,housing_v1,housing_controlled_model_landlords_experiment,episode_attempt_be80347f999088ff1d5a,e2111901bf1410aad7cc08d6b4df25cafa6cce0cc8cd408cef62407d9b37df66,included,housing_social_welfare_leaf,1.0.0,social_welfare,1.0.0,utility,tenant_4,tenant_4,20.93,utility_points,"{""disagreement_utility"":0.0}",ok,valid,[],"[""event_00000233""]",evaluation_receipt,episode_attempt_be80347f999088ff1d5a,e2111901bf1410aad7cc08d6b4df25cafa6cce0cc8cd408cef62407d9b37df66,true
result_68ca9ab31a9ad4701db46cc8,runplan_ddfd0ff85d087e32,cell_5adc3db9759b0b80177e,housing_v1__experiment__000003,housing_v1,housing_controlled_model_landlords_experiment,episode_attempt_be80347f999088ff1d5a,e2111901bf1410aad7cc08d6b4df25cafa6cce0cc8cd408cef62407d9b37df66,included,housing_social_welfare_leaf,1.0.0,social_welfare,1.0.0,utility,tenant_5,tenant_5,400.29,utility_points,"{""disagreement_utility"":0.0}",ok,valid,[],"[""event_00000233""]",evaluation_receipt,episode_attempt_be80347f999088ff1d5a,e2111901bf1410aad7cc08d6b4df25cafa6cce0cc8cd408cef62407d9b37df66,true
result_8a13f46fdbcd18e8337939d4,runplan_ddfd0ff85d087e32,cell_5adc3db9759b0b80177e,housing_v1__experiment__000003,housing_v1,housing_controlled_model_landlords_experiment,episode_attempt_be80347f999088ff1d5a,e2111901bf1410aad7cc08d6b4df25cafa6cce0cc8cd408cef62407d9b37df66,included,housing_social_welfare_leaf,1.0.0,social_welfare,1.0.0,capture,landlord_0,landlord_0,51.85,utility_points,"{""disagreement_utility"":0.0}",ok,valid,[],"[""event_00000233""]",evaluation_receipt,episode_attempt_be80347f999088ff1d5a,e2111901bf1410aad7cc08d6b4df25cafa6cce0cc8cd408cef62407d9b37df66,true
result_5c5c0f2bd86cf9a4cb0a98fd,runplan_ddfd0ff85d087e32,cell_5adc3db9759b0b80177e,housing_v1__experiment__000003,housing_v1,housing_controlled_model_landlords_experiment,episode_attempt_be80347f999088ff1d5a,e2111901bf1410aad7cc08d6b4df25cafa6cce0cc8cd408cef62407d9b37df66,included,housing_social_welfare_leaf,1.0.0,social_welfare,1.0.0,capture,landlord_1,landlord_1,66.45,utility_points,"{""disagreement_utility"":0.0}",ok,valid,[],"[""event_00000233""]",evaluation_receipt,episode_attempt_be80347f999088ff1d5a,e2111901bf1410aad7cc08d6b4df25cafa6cce0cc8cd408cef62407d9b37df66,true
result_18cd484e130d5e3f61edc772,runplan_ddfd0ff85d087e32,cell_5adc3db9759b0b80177e,housing_v1__experiment__000003,housing_v1,housing_controlled_model_landlords_experiment,episode_attempt_be80347f999088ff1d5a,e2111901bf1410aad7cc08d6b4df25cafa6cce0cc8cd408cef62407d9b37df66,included,housing_social_welfare_leaf,1.0.0,social_welfare,1.0.0,capture,landlord_2,landlord_2,76.96,utility_points,"{""disagreement_utility"":0.0}",ok,valid,[],"[""event_00000233""]",evaluation_receipt,episode_attempt_be80347f999088ff1d5a,e2111901bf1410aad7cc08d6b4df25cafa6cce0cc8cd408cef62407d9b37df66,true
result_854361c42addaed262f33119,runplan_ddfd0ff85d087e32,cell_5adc3db9759b0b80177e,housing_v1__experiment__000003,housing_v1,housing_controlled_model_landlords_experiment,episode_attempt_be80347f999088ff1d5a,e2111901bf1410aad7cc08d6b4df25cafa6cce0cc8cd408cef62407d9b37df66,included,housing_social_welfare_leaf,1.0.0,social_welfare,1.0.0,capture,landlord_3,landlord_3,54.11,utility_points,"{""disagreement_utility"":0.0}",ok,valid,[],"[""event_00000233""]",evaluation_receipt,episode_attempt_be80347f999088ff1d5a,e2111901bf1410aad7cc08d6b4df25cafa6cce0cc8cd408cef62407d9b37df66,true
result_cc67295d6a3ff9b6aa33ad2e,runplan_ddfd0ff85d087e32,cell_5adc3db9759b0b80177e,housing_v1__experiment__000003,housing_v1,housing_controlled_model_landlords_experiment,episode_attempt_be80347f999088ff1d5a,e2111901bf1410aad7cc08d6b4df25cafa6cce0cc8cd408cef62407d9b37df66,included,housing_social_welfare_leaf,1.0.0,social_welfare,1.0.0,capture,tenant_0,tenant_0,144.2,utility_points,"{""disagreement_utility"":0.0}",ok,valid,[],"[""event_00000233""]",evaluation_receipt,episode_attempt_be80347f999088ff1d5a,e2111901bf1410aad7cc08d6b4df25cafa6cce0cc8cd408cef62407d9b37df66,true
result_2b2e3aebe8941498fd85ccdc,runplan_ddfd0ff85d087e32,cell_5adc3db9759b0b80177e,housing_v1__experiment__000003,housing_v1,housing_controlled_model_landlords_experiment,episode_attempt_be80347f999088ff1d5a,e2111901bf1410aad7cc08d6b4df25cafa6cce0cc8cd408cef62407d9b37df66,included,housing_social_welfare_leaf,1.0.0,social_welfare,1.0.0,capture,tenant_1,tenant_1,47.38,utility_points,"{""disagreement_utility"":0.0}",ok,valid,[],"[""event_00000233""]",evaluation_receipt,episode_attempt_be80347f999088ff1d5a,e2111901bf1410aad7cc08d6b4df25cafa6cce0cc8cd408cef62407d9b37df66,true
result_597b233f8923e681ccf144b1,runplan_ddfd0ff85d087e32,cell_5adc3db9759b0b80177e,housing_v1__experiment__000003,housing_v1,housing_controlled_model_landlords_experiment,episode_attempt_be80347f999088ff1d5a,e2111901bf1410aad7cc08d6b4df25cafa6cce0cc8cd408cef62407d9b37df66,included,housing_social_welfare_leaf,1.0.0,social_welfare,1.0.0,capture,tenant_2,tenant_2,0.0,utility_points,"{""disagreement_utility"":0.0}",ok,valid,[],"[""event_00000233""]",evaluation_receipt,episode_attempt_be80347f999088ff1d5a,e2111901bf1410aad7cc08d6b4df25cafa6cce0cc8cd408cef62407d9b37df66,true
result_f37f211f29fe5d897421fa7a,runplan_ddfd0ff85d087e32,cell_5adc3db9759b0b80177e,housing_v1__experiment__000003,housing_v1,housing_controlled_model_landlords_experiment,episode_attempt_be80347f999088ff1d5a,e2111901bf1410aad7cc08d6b4df25cafa6cce0cc8cd408cef62407d9b37df66,included,housing_social_welfare_leaf,1.0.0,social_welfare,1.0.0,capture,tenant_3,tenant_3,0.0,utility_points,"{""disagreement_utility"":0.0}",ok,valid,[],"[""event_00000233""]",evaluation_receipt,episode_attempt_be80347f999088ff1d5a,e2111901bf1410aad7cc08d6b4df25cafa6cce0cc8cd408cef62407d9b37df66,true
result_2e21a0a1f99bf8e04a5df22d,runplan_ddfd0ff85d087e32,cell_5adc3db9759b0b80177e,housing_v1__experiment__000003,housing_v1,housing_controlled_model_landlords_experiment,episode_attempt_be80347f999088ff1d5a,e2111901bf1410aad7cc08d6b4df25cafa6cce0cc8cd408cef62407d9b37df66,included,housing_social_welfare_leaf,1.0.0,social_welfare,1.0.0,capture,tenant_4,tenant_4,20.93,utility_points,"{""disagreement_utility"":0.0}",ok,valid,[],"[""event_00000233""]",evaluation_receipt,episode_attempt_be80347f999088ff1d5a,e2111901bf1410aad7cc08d6b4df25cafa6cce0cc8cd408cef62407d9b37df66,true
result_673af09577b2be3ffa1ba9dd,runplan_ddfd0ff85d087e32,cell_5adc3db9759b0b80177e,housing_v1__experiment__000003,housing_v1,housing_controlled_model_landlords_experiment,episode_attempt_be80347f999088ff1d5a,e2111901bf1410aad7cc08d6b4df25cafa6cce0cc8cd408cef62407d9b37df66,included,housing_social_welfare_leaf,1.0.0,social_welfare,1.0.0,capture,tenant_5,tenant_5,400.29,utility_points,"{""disagreement_utility"":0.0}",ok,valid,[],"[""event_00000233""]",evaluation_receipt,episode_attempt_be80347f999088ff1d5a,e2111901bf1410aad7cc08d6b4df25cafa6cce0cc8cd408cef62407d9b37df66,true
result_a647fd372771b7ad59be7e0b,runplan_ddfd0ff85d087e32,cell_612569147b50f8b43b9d,housing_v1__experiment__000004,housing_v1,housing_controlled_model_landlords_experiment,episode_attempt_0b5a2eda550592bec74e,14cfe4846c61c2f2b401c16fd762182bd165fde715a24984e03ad3b846fe176c,included,housing_social_welfare_leaf,1.0.0,social_welfare,1.0.0,primary,social_welfare,,1030.71,utility_points,{},ok,valid,[],"[""event_00000251""]",evaluation_receipt,episode_attempt_0b5a2eda550592bec74e,14cfe4846c61c2f2b401c16fd762182bd165fde715a24984e03ad3b846fe176c,true
result_8efec81ed714b59e81086b09,runplan_ddfd0ff85d087e32,cell_612569147b50f8b43b9d,housing_v1__experiment__000004,housing_v1,housing_controlled_model_landlords_experiment,episode_attempt_0b5a2eda550592bec74e,14cfe4846c61c2f2b401c16fd762182bd165fde715a24984e03ad3b846fe176c,included,housing_social_welfare_leaf,1.0.0,social_welfare,1.0.0,metric,comparison_baseline_gap,,-18.6099999999999,utility_points,{},ok,valid,[],"[""event_00000251""]",evaluation_receipt,episode_attempt_0b5a2eda550592bec74e,14cfe4846c61c2f2b401c16fd762182bd165fde715a24984e03ad3b846fe176c,true
result_e3eda731c885506d77a85877,runplan_ddfd0ff85d087e32,cell_612569147b50f8b43b9d,housing_v1__experiment__000004,housing_v1,housing_controlled_model_landlords_experiment,episode_attempt_0b5a2eda550592bec74e,14cfe4846c61c2f2b401c16fd762182bd165fde715a24984e03ad3b846fe176c,included,housing_social_welfare_leaf,1.0.0,social_welfare,1.0.0,metric,ir_violation_count,,0.0,count,{},ok,valid,[],"[""event_00000251""]",evaluation_receipt,episode_attempt_0b5a2eda550592bec74e,14cfe4846c61c2f2b401c16fd762182bd165fde715a24984e03ad3b846fe176c,true
result_738b6ed6550b8870e1203ed6,runplan_ddfd0ff85d087e32,cell_612569147b50f8b43b9d,housing_v1__experiment__000004,housing_v1,housing_controlled_model_landlords_experiment,episode_attempt_0b5a2eda550592bec74e,14cfe4846c61c2f2b401c16fd762182bd165fde715a24984e03ad3b846fe176c,included,housing_social_welfare_leaf,1.0.0,social_welfare,1.0.0,metric,social_welfare,,1030.71,utility_points,{},ok,valid,[],"[""event_00000251""]",evaluation_receipt,episode_attempt_0b5a2eda550592bec74e,14cfe4846c61c2f2b401c16fd762182bd165fde715a24984e03ad3b846fe176c,true
result_354f1e46bca87ac9a2611e67,runplan_ddfd0ff85d087e32,cell_612569147b50f8b43b9d,housing_v1__experiment__000004,housing_v1,housing_controlled_model_landlords_experiment,episode_attempt_0b5a2eda550592bec74e,14cfe4846c61c2f2b401c16fd762182bd165fde715a24984e03ad3b846fe176c,included,housing_social_welfare_leaf,1.0.0,social_welfare,1.0.0,metric,upper_bound_gap,,157.33999999999992,utility_points,{},ok,valid,[],"[""event_00000251""]",evaluation_receipt,episode_attempt_0b5a2eda550592bec74e,14cfe4846c61c2f2b401c16fd762182bd165fde715a24984e03ad3b846fe176c,true
result_6706211aecbe4332a0294f42,runplan_ddfd0ff85d087e32,cell_612569147b50f8b43b9d,housing_v1__experiment__000004,housing_v1,housing_controlled_model_landlords_experiment,episode_attempt_0b5a2eda550592bec74e,14cfe4846c61c2f2b401c16fd762182bd165fde715a24984e03ad3b846fe176c,included,housing_social_welfare_leaf,1.0.0,social_welfare,1.0.0,metric,wasted_contacts,,7.0,count,{},ok,valid,[],"[""event_00000251""]",evaluation_receipt,episode_attempt_0b5a2eda550592bec74e,14cfe4846c61c2f2b401c16fd762182bd165fde715a24984e03ad3b846fe176c,true
result_1cc89ab3594eab0f3f13ae6b,runplan_ddfd0ff85d087e32,cell_612569147b50f8b43b9d,housing_v1__experiment__000004,housing_v1,housing_controlled_model_landlords_experiment,episode_attempt_0b5a2eda550592bec74e,14cfe4846c61c2f2b401c16fd762182bd165fde715a24984e03ad3b846fe176c,included,housing_social_welfare_leaf,1.0.0,social_welfare,1.0.0,metric,within_case_score,,0.8675644964437524,ratio,{},ok,valid,[],"[""event_00000251""]",evaluation_receipt,episode_attempt_0b5a2eda550592bec74e,14cfe4846c61c2f2b401c16fd762182bd165fde715a24984e03ad3b846fe176c,true
result_30e78213e41c268d639d2a99,runplan_ddfd0ff85d087e32,cell_612569147b50f8b43b9d,housing_v1__experiment__000004,housing_v1,housing_controlled_model_landlords_experiment,episode_attempt_0b5a2eda550592bec74e,14cfe4846c61c2f2b401c16fd762182bd165fde715a24984e03ad3b846fe176c,included,housing_social_welfare_leaf,1.0.0,social_welfare,1.0.0,reference,comparison_baseline,,1049.32,utility_points,"{""policy"":""naive"",""reference_kind"":""comparison_baseline""}",ok,valid,[],"[""event_00000251""]",evaluation_receipt,episode_attempt_0b5a2eda550592bec74e,14cfe4846c61c2f2b401c16fd762182bd165fde715a24984e03ad3b846fe176c,true
result_62c98d43401576d67f718c2e,runplan_ddfd0ff85d087e32,cell_612569147b50f8b43b9d,housing_v1__experiment__000004,housing_v1,housing_controlled_model_landlords_experiment,episode_attempt_0b5a2eda550592bec74e,14cfe4846c61c2f2b401c16fd762182bd165fde715a24984e03ad3b846fe176c,included,housing_social_welfare_leaf,1.0.0,social_welfare,1.0.0,reference,optimum_lower_bound,,0.0,utility_points,"{""policy"":""do_nothing"",""reference_kind"":""objective_lower_bound""}",ok,valid,[],"[""event_00000251""]",evaluation_receipt,episode_attempt_0b5a2eda550592bec74e,14cfe4846c61c2f2b401c16fd762182bd165fde715a24984e03ad3b846fe176c,true
result_68394e7952a04b11fbd09888,runplan_ddfd0ff85d087e32,cell_612569147b50f8b43b9d,housing_v1__experiment__000004,housing_v1,housing_controlled_model_landlords_experiment,episode_attempt_0b5a2eda550592bec74e,14cfe4846c61c2f2b401c16fd762182bd165fde715a24984e03ad3b846fe176c,included,housing_social_welfare_leaf,1.0.0,social_welfare,1.0.0,reference,optimum_upper_bound,,1188.05,utility_points,"{""reference_kind"":""objective_upper_bound"",""semantics"":""full_information_allocation_relaxation""}",ok,valid,[],"[""event_00000251""]",evaluation_receipt,episode_attempt_0b5a2eda550592bec74e,14cfe4846c61c2f2b401c16fd762182bd165fde715a24984e03ad3b846fe176c,true
result_27cbd2209a68ae31ad123805,runplan_ddfd0ff85d087e32,cell_612569147b50f8b43b9d,housing_v1__experiment__000004,housing_v1,housing_controlled_model_landlords_experiment,episode_attempt_0b5a2eda550592bec74e,14cfe4846c61c2f2b401c16fd762182bd165fde715a24984e03ad3b846fe176c,included,housing_social_welfare_leaf,1.0.0,social_welfare,1.0.0,utility,landlord_0,landlord_0,41.38,utility_points,"{""disagreement_utility"":0.0}",ok,valid,[],"[""event_00000251""]",evaluation_receipt,episode_attempt_0b5a2eda550592bec74e,14cfe4846c61c2f2b401c16fd762182bd165fde715a24984e03ad3b846fe176c,true
result_d03d26ad6f8e208e175a4829,runplan_ddfd0ff85d087e32,cell_612569147b50f8b43b9d,housing_v1__experiment__000004,housing_v1,housing_controlled_model_landlords_experiment,episode_attempt_0b5a2eda550592bec74e,14cfe4846c61c2f2b401c16fd762182bd165fde715a24984e03ad3b846fe176c,included,housing_social_welfare_leaf,1.0.0,social_welfare,1.0.0,utility,landlord_1,landlord_1,0.0,utility_points,"{""disagreement_utility"":0.0}",ok,valid,[],"[""event_00000251""]",evaluation_receipt,episode_attempt_0b5a2eda550592bec74e,14cfe4846c61c2f2b401c16fd762182bd165fde715a24984e03ad3b846fe176c,true
result_8d3cc0036d58cbfd82fa4562,runplan_ddfd0ff85d087e32,cell_612569147b50f8b43b9d,housing_v1__experiment__000004,housing_v1,housing_controlled_model_landlords_experiment,episode_attempt_0b5a2eda550592bec74e,14cfe4846c61c2f2b401c16fd762182bd165fde715a24984e03ad3b846fe176c,included,housing_social_welfare_leaf,1.0.0,social_welfare,1.0.0,utility,landlord_2,landlord_2,120.76,utility_points,"{""disagreement_utility"":0.0}",ok,valid,[],"[""event_00000251""]",evaluation_receipt,episode_attempt_0b5a2eda550592bec74e,14cfe4846c61c2f2b401c16fd762182bd165fde715a24984e03ad3b846fe176c,true
result_bcf6b968dbed7e56e26fd8da,runplan_ddfd0ff85d087e32,cell_612569147b50f8b43b9d,housing_v1__experiment__000004,housing_v1,housing_controlled_model_landlords_experiment,episode_attempt_0b5a2eda550592bec74e,14cfe4846c61c2f2b401c16fd762182bd165fde715a24984e03ad3b846fe176c,included,housing_social_welfare_leaf,1.0.0,social_welfare,1.0.0,utility,landlord_3,landlord_3,44.18,utility_points,"{""disagreement_utility"":0.0}",ok,valid,[],"[""event_00000251""]",evaluation_receipt,episode_attempt_0b5a2eda550592bec74e,14cfe4846c61c2f2b401c16fd762182bd165fde715a24984e03ad3b846fe176c,true
result_931b54e469bd068402d74b55,runplan_ddfd0ff85d087e32,cell_612569147b50f8b43b9d,housing_v1__experiment__000004,housing_v1,housing_controlled_model_landlords_experiment,episode_attempt_0b5a2eda550592bec74e,14cfe4846c61c2f2b401c16fd762182bd165fde715a24984e03ad3b846fe176c,included,housing_social_welfare_leaf,1.0.0,social_welfare,1.0.0,utility,tenant_0,tenant_0,386.43,utility_points,"{""disagreement_utility"":0.0}",ok,valid,[],"[""event_00000251""]",evaluation_receipt,episode_attempt_0b5a2eda550592bec74e,14cfe4846c61c2f2b401c16fd762182bd165fde715a24984e03ad3b846fe176c,true
result_e4a2ce44f22bfcc5fc7e26d9,runplan_ddfd0ff85d087e32,cell_612569147b50f8b43b9d,housing_v1__experiment__000004,housing_v1,housing_controlled_model_landlords_experiment,episode_attempt_0b5a2eda550592bec74e,14cfe4846c61c2f2b401c16fd762182bd165fde715a24984e03ad3b846fe176c,included,housing_social_welfare_leaf,1.0.0,social_welfare,1.0.0,utility,tenant_1,tenant_1,0.0,utility_points,"{""disagreement_utility"":0.0}",ok,valid,[],"[""event_00000251""]",evaluation_receipt,episode_attempt_0b5a2eda550592bec74e,14cfe4846c61c2f2b401c16fd762182bd165fde715a24984e03ad3b846fe176c,true
result_a8914286f0f7f820aebb648d,runplan_ddfd0ff85d087e32,cell_612569147b50f8b43b9d,housing_v1__experiment__000004,housing_v1,housing_controlled_model_landlords_experiment,episode_attempt_0b5a2eda550592bec74e,14cfe4846c61c2f2b401c16fd762182bd165fde715a24984e03ad3b846fe176c,included,housing_social_welfare_leaf,1.0.0,social_welfare,1.0.0,utility,tenant_2,tenant_2,0.0,utility_points,"{""disagreement_utility"":0.0}",ok,valid,[],"[""event_00000251""]",evaluation_receipt,episode_attempt_0b5a2eda550592bec74e,14cfe4846c61c2f2b401c16fd762182bd165fde715a24984e03ad3b846fe176c,true
result_9d2d106963b2cd7b2eb0be10,runplan_ddfd0ff85d087e32,cell_612569147b50f8b43b9d,housing_v1__experiment__000004,housing_v1,housing_controlled_model_landlords_experiment,episode_attempt_0b5a2eda550592bec74e,14cfe4846c61c2f2b401c16fd762182bd165fde715a24984e03ad3b846fe176c,included,housing_social_welfare_leaf,1.0.0,social_welfare,1.0.0,utility,tenant_3,tenant_3,12.42,utility_points,"{""disagreement_utility"":0.0}",ok,valid,[],"[""event_00000251""]",evaluation_receipt,episode_attempt_0b5a2eda550592bec74e,14cfe4846c61c2f2b401c16fd762182bd165fde715a24984e03ad3b846fe176c,true
result_95f366826128c72c988380be,runplan_ddfd0ff85d087e32,cell_612569147b50f8b43b9d,housing_v1__experiment__000004,housing_v1,housing_controlled_model_landlords_experiment,episode_attempt_0b5a2eda550592bec74e,14cfe4846c61c2f2b401c16fd762182bd165fde715a24984e03ad3b846fe176c,included,housing_social_welfare_leaf,1.0.0,social_welfare,1.0.0,utility,tenant_4,tenant_4,0.0,utility_points,"{""disagreement_utility"":0.0}",ok,valid,[],"[""event_00000251""]",evaluation_receipt,episode_attempt_0b5a2eda550592bec74e,14cfe4846c61c2f2b401c16fd762182bd165fde715a24984e03ad3b846fe176c,true
result_a9bd2f126e4208cbac9d6a51,runplan_ddfd0ff85d087e32,cell_612569147b50f8b43b9d,housing_v1__experiment__000004,housing_v1,housing_controlled_model_landlords_experiment,episode_attempt_0b5a2eda550592bec74e,14cfe4846c61c2f2b401c16fd762182bd165fde715a24984e03ad3b846fe176c,included,housing_social_welfare_leaf,1.0.0,social_welfare,1.0.0,utility,tenant_5,tenant_5,425.54,utility_points,"{""disagreement_utility"":0.0}",ok,valid,[],"[""event_00000251""]",evaluation_receipt,episode_attempt_0b5a2eda550592bec74e,14cfe4846c61c2f2b401c16fd762182bd165fde715a24984e03ad3b846fe176c,true
result_15de078c7ff544011508d4d3,runplan_ddfd0ff85d087e32,cell_612569147b50f8b43b9d,housing_v1__experiment__000004,housing_v1,housing_controlled_model_landlords_experiment,episode_attempt_0b5a2eda550592bec74e,14cfe4846c61c2f2b401c16fd762182bd165fde715a24984e03ad3b846fe176c,included,housing_social_welfare_leaf,1.0.0,social_welfare,1.0.0,capture,landlord_0,landlord_0,41.38,utility_points,"{""disagreement_utility"":0.0}",ok,valid,[],"[""event_00000251""]",evaluation_receipt,episode_attempt_0b5a2eda550592bec74e,14cfe4846c61c2f2b401c16fd762182bd165fde715a24984e03ad3b846fe176c,true
result_11ca90db5621ac92ebbd3cd3,runplan_ddfd0ff85d087e32,cell_612569147b50f8b43b9d,housing_v1__experiment__000004,housing_v1,housing_controlled_model_landlords_experiment,episode_attempt_0b5a2eda550592bec74e,14cfe4846c61c2f2b401c16fd762182bd165fde715a24984e03ad3b846fe176c,included,housing_social_welfare_leaf,1.0.0,social_welfare,1.0.0,capture,landlord_1,landlord_1,0.0,utility_points,"{""disagreement_utility"":0.0}",ok,valid,[],"[""event_00000251""]",evaluation_receipt,episode_attempt_0b5a2eda550592bec74e,14cfe4846c61c2f2b401c16fd762182bd165fde715a24984e03ad3b846fe176c,true
result_2f04acf54569f9bf3eeae38e,runplan_ddfd0ff85d087e32,cell_612569147b50f8b43b9d,housing_v1__experiment__000004,housing_v1,housing_controlled_model_landlords_experiment,episode_attempt_0b5a2eda550592bec74e,14cfe4846c61c2f2b401c16fd762182bd165fde715a24984e03ad3b846fe176c,included,housing_social_welfare_leaf,1.0.0,social_welfare,1.0.0,capture,landlord_2,landlord_2,120.76,utility_points,"{""disagreement_utility"":0.0}",ok,valid,[],"[""event_00000251""]",evaluation_receipt,episode_attempt_0b5a2eda550592bec74e,14cfe4846c61c2f2b401c16fd762182bd165fde715a24984e03ad3b846fe176c,true
result_2658d5dc12cf7a8627300938,runplan_ddfd0ff85d087e32,cell_612569147b50f8b43b9d,housing_v1__experiment__000004,housing_v1,housing_controlled_model_landlords_experiment,episode_attempt_0b5a2eda550592bec74e,14cfe4846c61c2f2b401c16fd762182bd165fde715a24984e03ad3b846fe176c,included,housing_social_welfare_leaf,1.0.0,social_welfare,1.0.0,capture,landlord_3,landlord_3,44.18,utility_points,"{""disagreement_utility"":0.0}",ok,valid,[],"[""event_00000251""]",evaluation_receipt,episode_attempt_0b5a2eda550592bec74e,14cfe4846c61c2f2b401c16fd762182bd165fde715a24984e03ad3b846fe176c,true
result_db0b2b236fea63b93c8e3103,runplan_ddfd0ff85d087e32,cell_612569147b50f8b43b9d,housing_v1__experiment__000004,housing_v1,housing_controlled_model_landlords_experiment,episode_attempt_0b5a2eda550592bec74e,14cfe4846c61c2f2b401c16fd762182bd165fde715a24984e03ad3b846fe176c,included,housing_social_welfare_leaf,1.0.0,social_welfare,1.0.0,capture,tenant_0,tenant_0,386.43,utility_points,"{""disagreement_utility"":0.0}",ok,valid,[],"[""event_00000251""]",evaluation_receipt,episode_attempt_0b5a2eda550592bec74e,14cfe4846c61c2f2b401c16fd762182bd165fde715a24984e03ad3b846fe176c,true
result_c918a47cc92da600149bef31,runplan_ddfd0ff85d087e32,cell_612569147b50f8b43b9d,housing_v1__experiment__000004,housing_v1,housing_controlled_model_landlords_experiment,episode_attempt_0b5a2eda550592bec74e,14cfe4846c61c2f2b401c16fd762182bd165fde715a24984e03ad3b846fe176c,included,housing_social_welfare_leaf,1.0.0,social_welfare,1.0.0,capture,tenant_1,tenant_1,0.0,utility_points,"{""disagreement_utility"":0.0}",ok,valid,[],"[""event_00000251""]",evaluation_receipt,episode_attempt_0b5a2eda550592bec74e,14cfe4846c61c2f2b401c16fd762182bd165fde715a24984e03ad3b846fe176c,true
result_37ac4e9bf10fdc82bd6cfdaa,runplan_ddfd0ff85d087e32,cell_612569147b50f8b43b9d,housing_v1__experiment__000004,housing_v1,housing_controlled_model_landlords_experiment,episode_attempt_0b5a2eda550592bec74e,14cfe4846c61c2f2b401c16fd762182bd165fde715a24984e03ad3b846fe176c,included,housing_social_welfare_leaf,1.0.0,social_welfare,1.0.0,capture,tenant_2,tenant_2,0.0,utility_points,"{""disagreement_utility"":0.0}",ok,valid,[],"[""event_00000251""]",evaluation_receipt,episode_attempt_0b5a2eda550592bec74e,14cfe4846c61c2f2b401c16fd762182bd165fde715a24984e03ad3b846fe176c,true
result_b81501ccafff4593d2f1c639,runplan_ddfd0ff85d087e32,cell_612569147b50f8b43b9d,housing_v1__experiment__000004,housing_v1,housing_controlled_model_landlords_experiment,episode_attempt_0b5a2eda550592bec74e,14cfe4846c61c2f2b401c16fd762182bd165fde715a24984e03ad3b846fe176c,included,housing_social_welfare_leaf,1.0.0,social_welfare,1.0.0,capture,tenant_3,tenant_3,12.42,utility_points,"{""disagreement_utility"":0.0}",ok,valid,[],"[""event_00000251""]",evaluation_receipt,episode_attempt_0b5a2eda550592bec74e,14cfe4846c61c2f2b401c16fd762182bd165fde715a24984e03ad3b846fe176c,true
result_3ddf2ed1a4df8a567f70417d,runplan_ddfd0ff85d087e32,cell_612569147b50f8b43b9d,housing_v1__experiment__000004,housing_v1,housing_controlled_model_landlords_experiment,episode_attempt_0b5a2eda550592bec74e,14cfe4846c61c2f2b401c16fd762182bd165fde715a24984e03ad3b846fe176c,included,housing_social_welfare_leaf,1.0.0,social_welfare,1.0.0,capture,tenant_4,tenant_4,0.0,utility_points,"{""disagreement_utility"":0.0}",ok,valid,[],"[""event_00000251""]",evaluation_receipt,episode_attempt_0b5a2eda550592bec74e,14cfe4846c61c2f2b401c16fd762182bd165fde715a24984e03ad3b846fe176c,true
result_33974ea9d41f772090992f43,runplan_ddfd0ff85d087e32,cell_612569147b50f8b43b9d,housing_v1__experiment__000004,housing_v1,housing_controlled_model_landlords_experiment,episode_attempt_0b5a2eda550592bec74e,14cfe4846c61c2f2b401c16fd762182bd165fde715a24984e03ad3b846fe176c,included,housing_social_welfare_leaf,1.0.0,social_welfare,1.0.0,capture,tenant_5,tenant_5,425.54,utility_points,"{""disagreement_utility"":0.0}",ok,valid,[],"[""event_00000251""]",evaluation_receipt,episode_attempt_0b5a2eda550592bec74e,14cfe4846c61c2f2b401c16fd762182bd165fde715a24984e03ad3b846fe176c,true
result_ea95fc560c91f33ad4fb84a8,runplan_ddfd0ff85d087e32,cell_8eeaa300f06365a10aca,housing_v1__experiment__000006,housing_v1,housing_controlled_model_landlords_experiment,episode_attempt_d7111332e393f28f2d99,0fa359cad10d731a56862e80d07a0788e3c9a67b764edad1541525d98b88af81,included,housing_social_welfare_leaf,1.0.0,social_welfare,1.0.0,primary,social_welfare,,785.17,utility_points,{},ok,valid,[],"[""event_00000299""]",evaluation_receipt,episode_attempt_d7111332e393f28f2d99,0fa359cad10d731a56862e80d07a0788e3c9a67b764edad1541525d98b88af81,true
result_1e1ea8129510859a5be5bbd8,runplan_ddfd0ff85d087e32,cell_8eeaa300f06365a10aca,housing_v1__experiment__000006,housing_v1,housing_controlled_model_landlords_experiment,episode_attempt_d7111332e393f28f2d99,0fa359cad10d731a56862e80d07a0788e3c9a67b764edad1541525d98b88af81,included,housing_social_welfare_leaf,1.0.0,social_welfare,1.0.0,metric,comparison_baseline_gap,,66.27999999999997,utility_points,{},ok,valid,[],"[""event_00000299""]",evaluation_receipt,episode_attempt_d7111332e393f28f2d99,0fa359cad10d731a56862e80d07a0788e3c9a67b764edad1541525d98b88af81,true
result_4f3117c9e812a060a53fd4cf,runplan_ddfd0ff85d087e32,cell_8eeaa300f06365a10aca,housing_v1__experiment__000006,housing_v1,housing_controlled_model_landlords_experiment,episode_attempt_d7111332e393f28f2d99,0fa359cad10d731a56862e80d07a0788e3c9a67b764edad1541525d98b88af81,included,housing_social_welfare_leaf,1.0.0,social_welfare,1.0.0,metric,ir_violation_count,,0.0,count,{},ok,valid,[],"[""event_00000299""]",evaluation_receipt,episode_attempt_d7111332e393f28f2d99,0fa359cad10d731a56862e80d07a0788e3c9a67b764edad1541525d98b88af81,true
result_2d5d31b4d7ab6ef5e04de91f,runplan_ddfd0ff85d087e32,cell_8eeaa300f06365a10aca,housing_v1__experiment__000006,housing_v1,housing_controlled_model_landlords_experiment,episode_attempt_d7111332e393f28f2d99,0fa359cad10d731a56862e80d07a0788e3c9a67b764edad1541525d98b88af81,included,housing_social_welfare_leaf,1.0.0,social_welfare,1.0.0,metric,social_welfare,,785.17,utility_points,{},ok,valid,[],"[""event_00000299""]",evaluation_receipt,episode_attempt_d7111332e393f28f2d99,0fa359cad10d731a56862e80d07a0788e3c9a67b764edad1541525d98b88af81,true
result_60ff9540c4f8a94d36915da1,runplan_ddfd0ff85d087e32,cell_8eeaa300f06365a10aca,housing_v1__experiment__000006,housing_v1,housing_controlled_model_landlords_experiment,episode_attempt_d7111332e393f28f2d99,0fa359cad10d731a56862e80d07a0788e3c9a67b764edad1541525d98b88af81,included,housing_social_welfare_leaf,1.0.0,social_welfare,1.0.0,metric,upper_bound_gap,,342.96000000000015,utility_points,{},ok,valid,[],"[""event_00000299""]",evaluation_receipt,episode_attempt_d7111332e393f28f2d99,0fa359cad10d731a56862e80d07a0788e3c9a67b764edad1541525d98b88af81,true
result_4a94c6d898d5e0d8199722af,runplan_ddfd0ff85d087e32,cell_8eeaa300f06365a10aca,housing_v1__experiment__000006,housing_v1,housing_controlled_model_landlords_experiment,episode_attempt_d7111332e393f28f2d99,0fa359cad10d731a56862e80d07a0788e3c9a67b764edad1541525d98b88af81,included,housing_social_welfare_leaf,1.0.0,social_welfare,1.0.0,metric,wasted_contacts,,9.0,count,{},ok,valid,[],"[""event_00000299""]",evaluation_receipt,episode_attempt_d7111332e393f28f2d99,0fa359cad10d731a56862e80d07a0788e3c9a67b764edad1541525d98b88af81,true
result_ac092ec26b926c57f7a6240e,runplan_ddfd0ff85d087e32,cell_8eeaa300f06365a10aca,housing_v1__experiment__000006,housing_v1,housing_controlled_model_landlords_experiment,episode_attempt_d7111332e393f28f2d99,0fa359cad10d731a56862e80d07a0788e3c9a67b764edad1541525d98b88af81,included,housing_social_welfare_leaf,1.0.0,social_welfare,1.0.0,metric,within_case_score,,0.6959924831358087,ratio,{},ok,valid,[],"[""event_00000299""]",evaluation_receipt,episode_attempt_d7111332e393f28f2d99,0fa359cad10d731a56862e80d07a0788e3c9a67b764edad1541525d98b88af81,true
result_9d18f1d72193d7b239939673,runplan_ddfd0ff85d087e32,cell_8eeaa300f06365a10aca,housing_v1__experiment__000006,housing_v1,housing_controlled_model_landlords_experiment,episode_attempt_d7111332e393f28f2d99,0fa359cad10d731a56862e80d07a0788e3c9a67b764edad1541525d98b88af81,included,housing_social_welfare_leaf,1.0.0,social_welfare,1.0.0,reference,comparison_baseline,,718.89,utility_points,"{""policy"":""naive"",""reference_kind"":""comparison_baseline""}",ok,valid,[],"[""event_00000299""]",evaluation_receipt,episode_attempt_d7111332e393f28f2d99,0fa359cad10d731a56862e80d07a0788e3c9a67b764edad1541525d98b88af81,true
result_6154a61e68e85fa44facb0e7,runplan_ddfd0ff85d087e32,cell_8eeaa300f06365a10aca,housing_v1__experiment__000006,housing_v1,housing_controlled_model_landlords_experiment,episode_attempt_d7111332e393f28f2d99,0fa359cad10d731a56862e80d07a0788e3c9a67b764edad1541525d98b88af81,included,housing_social_welfare_leaf,1.0.0,social_welfare,1.0.0,reference,optimum_lower_bound,,0.0,utility_points,"{""policy"":""do_nothing"",""reference_kind"":""objective_lower_bound""}",ok,valid,[],"[""event_00000299""]",evaluation_receipt,episode_attempt_d7111332e393f28f2d99,0fa359cad10d731a56862e80d07a0788e3c9a67b764edad1541525d98b88af81,true
result_2ef0216bb8a3e7bc0e7d8797,runplan_ddfd0ff85d087e32,cell_8eeaa300f06365a10aca,housing_v1__experiment__000006,housing_v1,housing_controlled_model_landlords_experiment,episode_attempt_d7111332e393f28f2d99,0fa359cad10d731a56862e80d07a0788e3c9a67b764edad1541525d98b88af81,included,housing_social_welfare_leaf,1.0.0,social_welfare,1.0.0,reference,optimum_upper_bound,,1128.13,utility_points,"{""reference_kind"":""objective_upper_bound"",""semantics"":""full_information_allocation_relaxation""}",ok,valid,[],"[""event_00000299""]",evaluation_receipt,episode_attempt_d7111332e393f28f2d99,0fa359cad10d731a56862e80d07a0788e3c9a67b764edad1541525d98b88af81,true
result_45bd313693a0dfd7ffde0154,runplan_ddfd0ff85d087e32,cell_8eeaa300f06365a10aca,housing_v1__experiment__000006,housing_v1,housing_controlled_model_landlords_experiment,episode_attempt_d7111332e393f28f2d99,0fa359cad10d731a56862e80d07a0788e3c9a67b764edad1541525d98b88af81,included,housing_social_welfare_leaf,1.0.0,social_welfare,1.0.0,utility,landlord_0,landlord_0,98.31,utility_points,"{""disagreement_utility"":0.0}",ok,valid,[],"[""event_00000299""]",evaluation_receipt,episode_attempt_d7111332e393f28f2d99,0fa359cad10d731a56862e80d07a0788e3c9a67b764edad1541525d98b88af81,true
result_8a465fa6bda8497c60c71e10,runplan_ddfd0ff85d087e32,cell_8eeaa300f06365a10aca,housing_v1__experiment__000006,housing_v1,housing_controlled_model_landlords_experiment,episode_attempt_d7111332e393f28f2d99,0fa359cad10d731a56862e80d07a0788e3c9a67b764edad1541525d98b88af81,included,housing_social_welfare_leaf,1.0.0,social_welfare,1.0.0,utility,landlord_1,landlord_1,100.73,utility_points,"{""disagreement_utility"":0.0}",ok,valid,[],"[""event_00000299""]",evaluation_receipt,episode_attempt_d7111332e393f28f2d99,0fa359cad10d731a56862e80d07a0788e3c9a67b764edad1541525d98b88af81,true
result_88e636cb111bc2db5052811f,runplan_ddfd0ff85d087e32,cell_8eeaa300f06365a10aca,housing_v1__experiment__000006,housing_v1,housing_controlled_model_landlords_experiment,episode_attempt_d7111332e393f28f2d99,0fa359cad10d731a56862e80d07a0788e3c9a67b764edad1541525d98b88af81,included,housing_social_welfare_leaf,1.0.0,social_welfare,1.0.0,utility,landlord_2,landlord_2,0.0,utility_points,"{""disagreement_utility"":0.0}",ok,valid,[],"[""event_00000299""]",evaluation_receipt,episode_attempt_d7111332e393f28f2d99,0fa359cad10d731a56862e80d07a0788e3c9a67b764edad1541525d98b88af81,true
result_734e1e17a97c6867e771c6d3,runplan_ddfd0ff85d087e32,cell_8eeaa300f06365a10aca,housing_v1__experiment__000006,housing_v1,housing_controlled_model_landlords_experiment,episode_attempt_d7111332e393f28f2d99,0fa359cad10d731a56862e80d07a0788e3c9a67b764edad1541525d98b88af81,included,housing_social_welfare_leaf,1.0.0,social_welfare,1.0.0,utility,landlord_3,landlord_3,0.0,utility_points,"{""disagreement_utility"":0.0}",ok,valid,[],"[""event_00000299""]",evaluation_receipt,episode_attempt_d7111332e393f28f2d99,0fa359cad10d731a56862e80d07a0788e3c9a67b764edad1541525d98b88af81,true
result_d7ab833caef3fd8bd3673666,runplan_ddfd0ff85d087e32,cell_8eeaa300f06365a10aca,housing_v1__experiment__000006,housing_v1,housing_controlled_model_landlords_experiment,episode_attempt_d7111332e393f28f2d99,0fa359cad10d731a56862e80d07a0788e3c9a67b764edad1541525d98b88af81,included,housing_social_welfare_leaf,1.0.0,social_welfare,1.0.0,utility,tenant_0,tenant_0,0.0,utility_points,"{""disagreement_utility"":0.0}",ok,valid,[],"[""event_00000299""]",evaluation_receipt,episode_attempt_d7111332e393f28f2d99,0fa359cad10d731a56862e80d07a0788e3c9a67b764edad1541525d98b88af81,true
result_7f2c354a2686f9f15e19a138,runplan_ddfd0ff85d087e32,cell_8eeaa300f06365a10aca,housing_v1__experiment__000006,housing_v1,housing_controlled_model_landlords_experiment,episode_attempt_d7111332e393f28f2d99,0fa359cad10d731a56862e80d07a0788e3c9a67b764edad1541525d98b88af81,included,housing_social_welfare_leaf,1.0.0,social_welfare,1.0.0,utility,tenant_1,tenant_1,0.0,utility_points,"{""disagreement_utility"":0.0}",ok,valid,[],"[""event_00000299""]",evaluation_receipt,episode_attempt_d7111332e393f28f2d99,0fa359cad10d731a56862e80d07a0788e3c9a67b764edad1541525d98b88af81,true
result_226aec0e6f86f8d483bfa1b0,runplan_ddfd0ff85d087e32,cell_8eeaa300f06365a10aca,housing_v1__experiment__000006,housing_v1,housing_controlled_model_landlords_experiment,episode_attempt_d7111332e393f28f2d99,0fa359cad10d731a56862e80d07a0788e3c9a67b764edad1541525d98b88af81,included,housing_social_welfare_leaf,1.0.0,social_welfare,1.0.0,utility,tenant_2,tenant_2,0.0,utility_points,"{""disagreement_utility"":0.0}",ok,valid,[],"[""event_00000299""]",evaluation_receipt,episode_attempt_d7111332e393f28f2d99,0fa359cad10d731a56862e80d07a0788e3c9a67b764edad1541525d98b88af81,true
result_ce947343e24c526b9e616542,runplan_ddfd0ff85d087e32,cell_8eeaa300f06365a10aca,housing_v1__experiment__000006,housing_v1,housing_controlled_model_landlords_experiment,episode_attempt_d7111332e393f28f2d99,0fa359cad10d731a56862e80d07a0788e3c9a67b764edad1541525d98b88af81,included,housing_social_welfare_leaf,1.0.0,social_welfare,1.0.0,utility,tenant_3,tenant_3,510.65,utility_points,"{""disagreement_utility"":0.0}",ok,valid,[],"[""event_00000299""]",evaluation_receipt,episode_attempt_d7111332e393f28f2d99,0fa359cad10d731a56862e80d07a0788e3c9a67b764edad1541525d98b88af81,true
result_296954ee180cbed7d0422056,runplan_ddfd0ff85d087e32,cell_8eeaa300f06365a10aca,housing_v1__experiment__000006,housing_v1,housing_controlled_model_landlords_experiment,episode_attempt_d7111332e393f28f2d99,0fa359cad10d731a56862e80d07a0788e3c9a67b764edad1541525d98b88af81,included,housing_social_welfare_leaf,1.0.0,social_welfare,1.0.0,utility,tenant_4,tenant_4,75.48,utility_points,"{""disagreement_utility"":0.0}",ok,valid,[],"[""event_00000299""]",evaluation_receipt,episode_attempt_d7111332e393f28f2d99,0fa359cad10d731a56862e80d07a0788e3c9a67b764edad1541525d98b88af81,true
result_9de1eddaf4a94e2b88d5358b,runplan_ddfd0ff85d087e32,cell_8eeaa300f06365a10aca,housing_v1__experiment__000006,housing_v1,housing_controlled_model_landlords_experiment,episode_attempt_d7111332e393f28f2d99,0fa359cad10d731a56862e80d07a0788e3c9a67b764edad1541525d98b88af81,included,housing_social_welfare_leaf,1.0.0,social_welfare,1.0.0,utility,tenant_5,tenant_5,0.0,utility_points,"{""disagreement_utility"":0.0}",ok,valid,[],"[""event_00000299""]",evaluation_receipt,episode_attempt_d7111332e393f28f2d99,0fa359cad10d731a56862e80d07a0788e3c9a67b764edad1541525d98b88af81,true
result_5ae79594c498bda28b94fa69,runplan_ddfd0ff85d087e32,cell_8eeaa300f06365a10aca,housing_v1__experiment__000006,housing_v1,housing_controlled_model_landlords_experiment,episode_attempt_d7111332e393f28f2d99,0fa359cad10d731a56862e80d07a0788e3c9a67b764edad1541525d98b88af81,included,housing_social_welfare_leaf,1.0.0,social_welfare,1.0.0,capture,landlord_0,landlord_0,98.31,utility_points,"{""disagreement_utility"":0.0}",ok,valid,[],"[""event_00000299""]",evaluation_receipt,episode_attempt_d7111332e393f28f2d99,0fa359cad10d731a56862e80d07a0788e3c9a67b764edad1541525d98b88af81,true
result_2e543c40964a384ad549984b,runplan_ddfd0ff85d087e32,cell_8eeaa300f06365a10aca,housing_v1__experiment__000006,housing_v1,housing_controlled_model_landlords_experiment,episode_attempt_d7111332e393f28f2d99,0fa359cad10d731a56862e80d07a0788e3c9a67b764edad1541525d98b88af81,included,housing_social_welfare_leaf,1.0.0,social_welfare,1.0.0,capture,landlord_1,landlord_1,100.73,utility_points,"{""disagreement_utility"":0.0}",ok,valid,[],"[""event_00000299""]",evaluation_receipt,episode_attempt_d7111332e393f28f2d99,0fa359cad10d731a56862e80d07a0788e3c9a67b764edad1541525d98b88af81,true
result_078a2c2e8335d12789530c9c,runplan_ddfd0ff85d087e32,cell_8eeaa300f06365a10aca,housing_v1__experiment__000006,housing_v1,housing_controlled_model_landlords_experiment,episode_attempt_d7111332e393f28f2d99,0fa359cad10d731a56862e80d07a0788e3c9a67b764edad1541525d98b88af81,included,housing_social_welfare_leaf,1.0.0,social_welfare,1.0.0,capture,landlord_2,landlord_2,0.0,utility_points,"{""disagreement_utility"":0.0}",ok,valid,[],"[""event_00000299""]",evaluation_receipt,episode_attempt_d7111332e393f28f2d99,0fa359cad10d731a56862e80d07a0788e3c9a67b764edad1541525d98b88af81,true
result_e972d1772bddb3f9f1f43a24,runplan_ddfd0ff85d087e32,cell_8eeaa300f06365a10aca,housing_v1__experiment__000006,housing_v1,housing_controlled_model_landlords_experiment,episode_attempt_d7111332e393f28f2d99,0fa359cad10d731a56862e80d07a0788e3c9a67b764edad1541525d98b88af81,included,housing_social_welfare_leaf,1.0.0,social_welfare,1.0.0,capture,landlord_3,landlord_3,0.0,utility_points,"{""disagreement_utility"":0.0}",ok,valid,[],"[""event_00000299""]",evaluation_receipt,episode_attempt_d7111332e393f28f2d99,0fa359cad10d731a56862e80d07a0788e3c9a67b764edad1541525d98b88af81,true
result_6c545d4256323d588b09060c,runplan_ddfd0ff85d087e32,cell_8eeaa300f06365a10aca,housing_v1__experiment__000006,housing_v1,housing_controlled_model_landlords_experiment,episode_attempt_d7111332e393f28f2d99,0fa359cad10d731a56862e80d07a0788e3c9a67b764edad1541525d98b88af81,included,housing_social_welfare_leaf,1.0.0,social_welfare,1.0.0,capture,tenant_0,tenant_0,0.0,utility_points,"{""disagreement_utility"":0.0}",ok,valid,[],"[""event_00000299""]",evaluation_receipt,episode_attempt_d7111332e393f28f2d99,0fa359cad10d731a56862e80d07a0788e3c9a67b764edad1541525d98b88af81,true
result_551bb1613306bc7ce9d9efca,runplan_ddfd0ff85d087e32,cell_8eeaa300f06365a10aca,housing_v1__experiment__000006,housing_v1,housing_controlled_model_landlords_experiment,episode_attempt_d7111332e393f28f2d99,0fa359cad10d731a56862e80d07a0788e3c9a67b764edad1541525d98b88af81,included,housing_social_welfare_leaf,1.0.0,social_welfare,1.0.0,capture,tenant_1,tenant_1,0.0,utility_points,"{""disagreement_utility"":0.0}",ok,valid,[],"[""event_00000299""]",evaluation_receipt,episode_attempt_d7111332e393f28f2d99,0fa359cad10d731a56862e80d07a0788e3c9a67b764edad1541525d98b88af81,true
result_edccabc1fee0c79e1771b934,runplan_ddfd0ff85d087e32,cell_8eeaa300f06365a10aca,housing_v1__experiment__000006,housing_v1,housing_controlled_model_landlords_experiment,episode_attempt_d7111332e393f28f2d99,0fa359cad10d731a56862e80d07a0788e3c9a67b764edad1541525d98b88af81,included,housing_social_welfare_leaf,1.0.0,social_welfare,1.0.0,capture,tenant_2,tenant_2,0.0,utility_points,"{""disagreement_utility"":0.0}",ok,valid,[],"[""event_00000299""]",evaluation_receipt,episode_attempt_d7111332e393f28f2d99,0fa359cad10d731a56862e80d07a0788e3c9a67b764edad1541525d98b88af81,true
result_c084020956e216df05ad017e,runplan_ddfd0ff85d087e32,cell_8eeaa300f06365a10aca,housing_v1__experiment__000006,housing_v1,housing_controlled_model_landlords_experiment,episode_attempt_d7111332e393f28f2d99,0fa359cad10d731a56862e80d07a0788e3c9a67b764edad1541525d98b88af81,included,housing_social_welfare_leaf,1.0.0,social_welfare,1.0.0,capture,tenant_3,tenant_3,510.65,utility_points,"{""disagreement_utility"":0.0}",ok,valid,[],"[""event_00000299""]",evaluation_receipt,episode_attempt_d7111332e393f28f2d99,0fa359cad10d731a56862e80d07a0788e3c9a67b764edad1541525d98b88af81,true
result_e00c8019d62170b9cd8aeae0,runplan_ddfd0ff85d087e32,cell_8eeaa300f06365a10aca,housing_v1__experiment__000006,housing_v1,housing_controlled_model_landlords_experiment,episode_attempt_d7111332e393f28f2d99,0fa359cad10d731a56862e80d07a0788e3c9a67b764edad1541525d98b88af81,included,housing_social_welfare_leaf,1.0.0,social_welfare,1.0.0,capture,tenant_4,tenant_4,75.48,utility_points,"{""disagreement_utility"":0.0}",ok,valid,[],"[""event_00000299""]",evaluation_receipt,episode_attempt_d7111332e393f28f2d99,0fa359cad10d731a56862e80d07a0788e3c9a67b764edad1541525d98b88af81,true
result_c49b07d4ed09677434d30db5,runplan_ddfd0ff85d087e32,cell_8eeaa300f06365a10aca,housing_v1__experiment__000006,housing_v1,housing_controlled_model_landlords_experiment,episode_attempt_d7111332e393f28f2d99,0fa359cad10d731a56862e80d07a0788e3c9a67b764edad1541525d98b88af81,included,housing_social_welfare_leaf,1.0.0,social_welfare,1.0.0,capture,tenant_5,tenant_5,0.0,utility_points,"{""disagreement_utility"":0.0}",ok,valid,[],"[""event_00000299""]",evaluation_receipt,episode_attempt_d7111332e393f28f2d99,0fa359cad10d731a56862e80d07a0788e3c9a67b764edad1541525d98b88af81,true
result_3ab9e94764db33210fbd8d04,runplan_ddfd0ff85d087e32,cell_93f167ff2d41bc3427a8,housing_v1__experiment__000006,housing_v1,housing_controlled_model_landlords_experiment,episode_attempt_3ae1728e25d9afda8898,e0d661038001c935033836b83705fb2cfa879ae3bfebc70e71bfc503f56fbb6f,included,housing_social_welfare_leaf,1.0.0,social_welfare,1.0.0,primary,social_welfare,,1072.09,utility_points,{},ok,valid,[],"[""event_00000257""]",evaluation_receipt,episode_attempt_3ae1728e25d9afda8898,e0d661038001c935033836b83705fb2cfa879ae3bfebc70e71bfc503f56fbb6f,true
result_95ca0bff485169eb255768bf,runplan_ddfd0ff85d087e32,cell_93f167ff2d41bc3427a8,housing_v1__experiment__000006,housing_v1,housing_controlled_model_landlords_experiment,episode_attempt_3ae1728e25d9afda8898,e0d661038001c935033836b83705fb2cfa879ae3bfebc70e71bfc503f56fbb6f,included,housing_social_welfare_leaf,1.0.0,social_welfare,1.0.0,metric,comparison_baseline_gap,,353.19999999999993,utility_points,{},ok,valid,[],"[""event_00000257""]",evaluation_receipt,episode_attempt_3ae1728e25d9afda8898,e0d661038001c935033836b83705fb2cfa879ae3bfebc70e71bfc503f56fbb6f,true
result_5930b87540dd16762eb08c81,runplan_ddfd0ff85d087e32,cell_93f167ff2d41bc3427a8,housing_v1__experiment__000006,housing_v1,housing_controlled_model_landlords_experiment,episode_attempt_3ae1728e25d9afda8898,e0d661038001c935033836b83705fb2cfa879ae3bfebc70e71bfc503f56fbb6f,included,housing_social_welfare_leaf,1.0.0,social_welfare,1.0.0,metric,ir_violation_count,,0.0,count,{},ok,valid,[],"[""event_00000257""]",evaluation_receipt,episode_attempt_3ae1728e25d9afda8898,e0d661038001c935033836b83705fb2cfa879ae3bfebc70e71bfc503f56fbb6f,true
result_c99f20e55f8d2d3c804d0df4,runplan_ddfd0ff85d087e32,cell_93f167ff2d41bc3427a8,housing_v1__experiment__000006,housing_v1,housing_controlled_model_landlords_experiment,episode_attempt_3ae1728e25d9afda8898,e0d661038001c935033836b83705fb2cfa879ae3bfebc70e71bfc503f56fbb6f,included,housing_social_welfare_leaf,1.0.0,social_welfare,1.0.0,metric,social_welfare,,1072.09,utility_points,{},ok,valid,[],"[""event_00000257""]",evaluation_receipt,episode_attempt_3ae1728e25d9afda8898,e0d661038001c935033836b83705fb2cfa879ae3bfebc70e71bfc503f56fbb6f,true
result_7e0336780440a966db467e53,runplan_ddfd0ff85d087e32,cell_93f167ff2d41bc3427a8,housing_v1__experiment__000006,housing_v1,housing_controlled_model_landlords_experiment,episode_attempt_3ae1728e25d9afda8898,e0d661038001c935033836b83705fb2cfa879ae3bfebc70e71bfc503f56fbb6f,included,housing_social_welfare_leaf,1.0.0,social_welfare,1.0.0,metric,upper_bound_gap,,56.04000000000019,utility_points,{},ok,valid,[],"[""event_00000257""]",evaluation_receipt,episode_attempt_3ae1728e25d9afda8898,e0d661038001c935033836b83705fb2cfa879ae3bfebc70e71bfc503f56fbb6f,true
result_d2282ba64787e932af438c66,runplan_ddfd0ff85d087e32,cell_93f167ff2d41bc3427a8,housing_v1__experiment__000006,housing_v1,housing_controlled_model_landlords_experiment,episode_attempt_3ae1728e25d9afda8898,e0d661038001c935033836b83705fb2cfa879ae3bfebc70e71bfc503f56fbb6f,included,housing_social_welfare_leaf,1.0.0,social_welfare,1.0.0,metric,wasted_contacts,,8.0,count,{},ok,valid,[],"[""event_00000257""]",evaluation_receipt,episode_attempt_3ae1728e25d9afda8898,e0d661038001c935033836b83705fb2cfa879ae3bfebc70e71bfc503f56fbb6f,true
result_3d2077895ba7d2890c678cb0,runplan_ddfd0ff85d087e32,cell_93f167ff2d41bc3427a8,housing_v1__experiment__000006,housing_v1,housing_controlled_model_landlords_experiment,episode_attempt_3ae1728e25d9afda8898,e0d661038001c935033836b83705fb2cfa879ae3bfebc70e71bfc503f56fbb6f,included,housing_social_welfare_leaf,1.0.0,social_welfare,1.0.0,metric,within_case_score,,0.9503248739063759,ratio,{},ok,valid,[],"[""event_00000257""]",evaluation_receipt,episode_attempt_3ae1728e25d9afda8898,e0d661038001c935033836b83705fb2cfa879ae3bfebc70e71bfc503f56fbb6f,true
result_eb2c13cbbe941ff17fd24865,runplan_ddfd0ff85d087e32,cell_93f167ff2d41bc3427a8,housing_v1__experiment__000006,housing_v1,housing_controlled_model_landlords_experiment,episode_attempt_3ae1728e25d9afda8898,e0d661038001c935033836b83705fb2cfa879ae3bfebc70e71bfc503f56fbb6f,included,housing_social_welfare_leaf,1.0.0,social_welfare,1.0.0,reference,comparison_baseline,,718.89,utility_points,"{""policy"":""naive"",""reference_kind"":""comparison_baseline""}",ok,valid,[],"[""event_00000257""]",evaluation_receipt,episode_attempt_3ae1728e25d9afda8898,e0d661038001c935033836b83705fb2cfa879ae3bfebc70e71bfc503f56fbb6f,true
result_df2420802784c801f61df977,runplan_ddfd0ff85d087e32,cell_93f167ff2d41bc3427a8,housing_v1__experiment__000006,housing_v1,housing_controlled_model_landlords_experiment,episode_attempt_3ae1728e25d9afda8898,e0d661038001c935033836b83705fb2cfa879ae3bfebc70e71bfc503f56fbb6f,included,housing_social_welfare_leaf,1.0.0,social_welfare,1.0.0,reference,optimum_lower_bound,,0.0,utility_points,"{""policy"":""do_nothing"",""reference_kind"":""objective_lower_bound""}",ok,valid,[],"[""event_00000257""]",evaluation_receipt,episode_attempt_3ae1728e25d9afda8898,e0d661038001c935033836b83705fb2cfa879ae3bfebc70e71bfc503f56fbb6f,true
result_11ffeb02873bb71b314f1dbb,runplan_ddfd0ff85d087e32,cell_93f167ff2d41bc3427a8,housing_v1__experiment__000006,housing_v1,housing_controlled_model_landlords_experiment,episode_attempt_3ae1728e25d9afda8898,e0d661038001c935033836b83705fb2cfa879ae3bfebc70e71bfc503f56fbb6f,included,housing_social_welfare_leaf,1.0.0,social_welfare,1.0.0,reference,optimum_upper_bound,,1128.13,utility_points,"{""reference_kind"":""objective_upper_bound"",""semantics"":""full_information_allocation_relaxation""}",ok,valid,[],"[""event_00000257""]",evaluation_receipt,episode_attempt_3ae1728e25d9afda8898,e0d661038001c935033836b83705fb2cfa879ae3bfebc70e71bfc503f56fbb6f,true
result_2abd39c944fbbe25a48b454c,runplan_ddfd0ff85d087e32,cell_93f167ff2d41bc3427a8,housing_v1__experiment__000006,housing_v1,housing_controlled_model_landlords_experiment,episode_attempt_3ae1728e25d9afda8898,e0d661038001c935033836b83705fb2cfa879ae3bfebc70e71bfc503f56fbb6f,included,housing_social_welfare_leaf,1.0.0,social_welfare,1.0.0,utility,landlord_0,landlord_0,31.31,utility_points,"{""disagreement_utility"":0.0}",ok,valid,[],"[""event_00000257""]",evaluation_receipt,episode_attempt_3ae1728e25d9afda8898,e0d661038001c935033836b83705fb2cfa879ae3bfebc70e71bfc503f56fbb6f,true
result_a3c4d257b71bdd53d8a63f0d,runplan_ddfd0ff85d087e32,cell_93f167ff2d41bc3427a8,housing_v1__experiment__000006,housing_v1,housing_controlled_model_landlords_experiment,episode_attempt_3ae1728e25d9afda8898,e0d661038001c935033836b83705fb2cfa879ae3bfebc70e71bfc503f56fbb6f,included,housing_social_welfare_leaf,1.0.0,social_welfare,1.0.0,utility,landlord_1,landlord_1,100.73,utility_points,"{""disagreement_utility"":0.0}",ok,valid,[],"[""event_00000257""]",evaluation_receipt,episode_attempt_3ae1728e25d9afda8898,e0d661038001c935033836b83705fb2cfa879ae3bfebc70e71bfc503f56fbb6f,true
result_4311461a5437cb693d20e43d,runplan_ddfd0ff85d087e32,cell_93f167ff2d41bc3427a8,housing_v1__experiment__000006,housing_v1,housing_controlled_model_landlords_experiment,episode_attempt_3ae1728e25d9afda8898,e0d661038001c935033836b83705fb2cfa879ae3bfebc70e71bfc503f56fbb6f,included,housing_social_welfare_leaf,1.0.0,social_welfare,1.0.0,utility,landlord_2,landlord_2,0.0,utility_points,"{""disagreement_utility"":0.0}",ok,valid,[],"[""event_00000257""]",evaluation_receipt,episode_attempt_3ae1728e25d9afda8898,e0d661038001c935033836b83705fb2cfa879ae3bfebc70e71bfc503f56fbb6f,true
result_d4da623dc6cae9c493863ade,runplan_ddfd0ff85d087e32,cell_93f167ff2d41bc3427a8,housing_v1__experiment__000006,housing_v1,housing_controlled_model_landlords_experiment,episode_attempt_3ae1728e25d9afda8898,e0d661038001c935033836b83705fb2cfa879ae3bfebc70e71bfc503f56fbb6f,included,housing_social_welfare_leaf,1.0.0,social_welfare,1.0.0,utility,landlord_3,landlord_3,63.83,utility_points,"{""disagreement_utility"":0.0}",ok,valid,[],"[""event_00000257""]",evaluation_receipt,episode_attempt_3ae1728e25d9afda8898,e0d661038001c935033836b83705fb2cfa879ae3bfebc70e71bfc503f56fbb6f,true
result_5ce0f03a0cc25142e59bee11,runplan_ddfd0ff85d087e32,cell_93f167ff2d41bc3427a8,housing_v1__experiment__000006,housing_v1,housing_controlled_model_landlords_experiment,episode_attempt_3ae1728e25d9afda8898,e0d661038001c935033836b83705fb2cfa879ae3bfebc70e71bfc503f56fbb6f,included,housing_social_welfare_leaf,1.0.0,social_welfare,1.0.0,utility,tenant_0,tenant_0,0.0,utility_points,"{""disagreement_utility"":0.0}",ok,valid,[],"[""event_00000257""]",evaluation_receipt,episode_attempt_3ae1728e25d9afda8898,e0d661038001c935033836b83705fb2cfa879ae3bfebc70e71bfc503f56fbb6f,true
result_f16b58f5b44d8fcd685ca4ca,runplan_ddfd0ff85d087e32,cell_93f167ff2d41bc3427a8,housing_v1__experiment__000006,housing_v1,housing_controlled_model_landlords_experiment,episode_attempt_3ae1728e25d9afda8898,e0d661038001c935033836b83705fb2cfa879ae3bfebc70e71bfc503f56fbb6f,included,housing_social_welfare_leaf,1.0.0,social_welfare,1.0.0,utility,tenant_1,tenant_1,0.0,utility_points,"{""disagreement_utility"":0.0}",ok,valid,[],"[""event_00000257""]",evaluation_receipt,episode_attempt_3ae1728e25d9afda8898,e0d661038001c935033836b83705fb2cfa879ae3bfebc70e71bfc503f56fbb6f,true
result_e666d38007d23078a4839595,runplan_ddfd0ff85d087e32,cell_93f167ff2d41bc3427a8,housing_v1__experiment__000006,housing_v1,housing_controlled_model_landlords_experiment,episode_attempt_3ae1728e25d9afda8898,e0d661038001c935033836b83705fb2cfa879ae3bfebc70e71bfc503f56fbb6f,included,housing_social_welfare_leaf,1.0.0,social_welfare,1.0.0,utility,tenant_2,tenant_2,190.4,utility_points,"{""disagreement_utility"":0.0}",ok,valid,[],"[""event_00000257""]",evaluation_receipt,episode_attempt_3ae1728e25d9afda8898,e0d661038001c935033836b83705fb2cfa879ae3bfebc70e71bfc503f56fbb6f,true
result_d5527f3e160de2d2df76aa0e,runplan_ddfd0ff85d087e32,cell_93f167ff2d41bc3427a8,housing_v1__experiment__000006,housing_v1,housing_controlled_model_landlords_experiment,episode_attempt_3ae1728e25d9afda8898,e0d661038001c935033836b83705fb2cfa879ae3bfebc70e71bfc503f56fbb6f,included,housing_social_welfare_leaf,1.0.0,social_welfare,1.0.0,utility,tenant_3,tenant_3,510.65,utility_points,"{""disagreement_utility"":0.0}",ok,valid,[],"[""event_00000257""]",evaluation_receipt,episode_attempt_3ae1728e25d9afda8898,e0d661038001c935033836b83705fb2cfa879ae3bfebc70e71bfc503f56fbb6f,true
result_8abaf012e4106d385dc0a2cf,runplan_ddfd0ff85d087e32,cell_93f167ff2d41bc3427a8,housing_v1__experiment__000006,housing_v1,housing_controlled_model_landlords_experiment,episode_attempt_3ae1728e25d9afda8898,e0d661038001c935033836b83705fb2cfa879ae3bfebc70e71bfc503f56fbb6f,included,housing_social_welfare_leaf,1.0.0,social_welfare,1.0.0,utility,tenant_4,tenant_4,0.0,utility_points,"{""disagreement_utility"":0.0}",ok,valid,[],"[""event_00000257""]",evaluation_receipt,episode_attempt_3ae1728e25d9afda8898,e0d661038001c935033836b83705fb2cfa879ae3bfebc70e71bfc503f56fbb6f,true
result_aefd4a2cb96d740fea087cc5,runplan_ddfd0ff85d087e32,cell_93f167ff2d41bc3427a8,housing_v1__experiment__000006,housing_v1,housing_controlled_model_landlords_experiment,episode_attempt_3ae1728e25d9afda8898,e0d661038001c935033836b83705fb2cfa879ae3bfebc70e71bfc503f56fbb6f,included,housing_social_welfare_leaf,1.0.0,social_welfare,1.0.0,utility,tenant_5,tenant_5,175.17,utility_points,"{""disagreement_utility"":0.0}",ok,valid,[],"[""event_00000257""]",evaluation_receipt,episode_attempt_3ae1728e25d9afda8898,e0d661038001c935033836b83705fb2cfa879ae3bfebc70e71bfc503f56fbb6f,true
result_abac5b5f88520218a50917db,runplan_ddfd0ff85d087e32,cell_93f167ff2d41bc3427a8,housing_v1__experiment__000006,housing_v1,housing_controlled_model_landlords_experiment,episode_attempt_3ae1728e25d9afda8898,e0d661038001c935033836b83705fb2cfa879ae3bfebc70e71bfc503f56fbb6f,included,housing_social_welfare_leaf,1.0.0,social_welfare,1.0.0,capture,landlord_0,landlord_0,31.31,utility_points,"{""disagreement_utility"":0.0}",ok,valid,[],"[""event_00000257""]",evaluation_receipt,episode_attempt_3ae1728e25d9afda8898,e0d661038001c935033836b83705fb2cfa879ae3bfebc70e71bfc503f56fbb6f,true
result_5f0b0f5e5fb2036555745ad3,runplan_ddfd0ff85d087e32,cell_93f167ff2d41bc3427a8,housing_v1__experiment__000006,housing_v1,housing_controlled_model_landlords_experiment,episode_attempt_3ae1728e25d9afda8898,e0d661038001c935033836b83705fb2cfa879ae3bfebc70e71bfc503f56fbb6f,included,housing_social_welfare_leaf,1.0.0,social_welfare,1.0.0,capture,landlord_1,landlord_1,100.73,utility_points,"{""disagreement_utility"":0.0}",ok,valid,[],"[""event_00000257""]",evaluation_receipt,episode_attempt_3ae1728e25d9afda8898,e0d661038001c935033836b83705fb2cfa879ae3bfebc70e71bfc503f56fbb6f,true
result_c41dc6539a62186672e1497c,runplan_ddfd0ff85d087e32,cell_93f167ff2d41bc3427a8,housing_v1__experiment__000006,housing_v1,housing_controlled_model_landlords_experiment,episode_attempt_3ae1728e25d9afda8898,e0d661038001c935033836b83705fb2cfa879ae3bfebc70e71bfc503f56fbb6f,included,housing_social_welfare_leaf,1.0.0,social_welfare,1.0.0,capture,landlord_2,landlord_2,0.0,utility_points,"{""disagreement_utility"":0.0}",ok,valid,[],"[""event_00000257""]",evaluation_receipt,episode_attempt_3ae1728e25d9afda8898,e0d661038001c935033836b83705fb2cfa879ae3bfebc70e71bfc503f56fbb6f,true
result_5371d2535e8ca58304072240,runplan_ddfd0ff85d087e32,cell_93f167ff2d41bc3427a8,housing_v1__experiment__000006,housing_v1,housing_controlled_model_landlords_experiment,episode_attempt_3ae1728e25d9afda8898,e0d661038001c935033836b83705fb2cfa879ae3bfebc70e71bfc503f56fbb6f,included,housing_social_welfare_leaf,1.0.0,social_welfare,1.0.0,capture,landlord_3,landlord_3,63.83,utility_points,"{""disagreement_utility"":0.0}",ok,valid,[],"[""event_00000257""]",evaluation_receipt,episode_attempt_3ae1728e25d9afda8898,e0d661038001c935033836b83705fb2cfa879ae3bfebc70e71bfc503f56fbb6f,true
result_ae44c3dd27d1d15c22f81b4b,runplan_ddfd0ff85d087e32,cell_93f167ff2d41bc3427a8,housing_v1__experiment__000006,housing_v1,housing_controlled_model_landlords_experiment,episode_attempt_3ae1728e25d9afda8898,e0d661038001c935033836b83705fb2cfa879ae3bfebc70e71bfc503f56fbb6f,included,housing_social_welfare_leaf,1.0.0,social_welfare,1.0.0,capture,tenant_0,tenant_0,0.0,utility_points,"{""disagreement_utility"":0.0}",ok,valid,[],"[""event_00000257""]",evaluation_receipt,episode_attempt_3ae1728e25d9afda8898,e0d661038001c935033836b83705fb2cfa879ae3bfebc70e71bfc503f56fbb6f,true
result_63a1c9c3a6b2d71b4ba5c1af,runplan_ddfd0ff85d087e32,cell_93f167ff2d41bc3427a8,housing_v1__experiment__000006,housing_v1,housing_controlled_model_landlords_experiment,episode_attempt_3ae1728e25d9afda8898,e0d661038001c935033836b83705fb2cfa879ae3bfebc70e71bfc503f56fbb6f,included,housing_social_welfare_leaf,1.0.0,social_welfare,1.0.0,capture,tenant_1,tenant_1,0.0,utility_points,"{""disagreement_utility"":0.0}",ok,valid,[],"[""event_00000257""]",evaluation_receipt,episode_attempt_3ae1728e25d9afda8898,e0d661038001c935033836b83705fb2cfa879ae3bfebc70e71bfc503f56fbb6f,true
result_9f8f1937161cc53e0f21f6b8,runplan_ddfd0ff85d087e32,cell_93f167ff2d41bc3427a8,housing_v1__experiment__000006,housing_v1,housing_controlled_model_landlords_experiment,episode_attempt_3ae1728e25d9afda8898,e0d661038001c935033836b83705fb2cfa879ae3bfebc70e71bfc503f56fbb6f,included,housing_social_welfare_leaf,1.0.0,social_welfare,1.0.0,capture,tenant_2,tenant_2,190.4,utility_points,"{""disagreement_utility"":0.0}",ok,valid,[],"[""event_00000257""]",evaluation_receipt,episode_attempt_3ae1728e25d9afda8898,e0d661038001c935033836b83705fb2cfa879ae3bfebc70e71bfc503f56fbb6f,true
result_9040418f810fb65c458543d6,runplan_ddfd0ff85d087e32,cell_93f167ff2d41bc3427a8,housing_v1__experiment__000006,housing_v1,housing_controlled_model_landlords_experiment,episode_attempt_3ae1728e25d9afda8898,e0d661038001c935033836b83705fb2cfa879ae3bfebc70e71bfc503f56fbb6f,included,housing_social_welfare_leaf,1.0.0,social_welfare,1.0.0,capture,tenant_3,tenant_3,510.65,utility_points,"{""disagreement_utility"":0.0}",ok,valid,[],"[""event_00000257""]",evaluation_receipt,episode_attempt_3ae1728e25d9afda8898,e0d661038001c935033836b83705fb2cfa879ae3bfebc70e71bfc503f56fbb6f,true
result_f69c88f0613703e830f5d2d5,runplan_ddfd0ff85d087e32,cell_93f167ff2d41bc3427a8,housing_v1__experiment__000006,housing_v1,housing_controlled_model_landlords_experiment,episode_attempt_3ae1728e25d9afda8898,e0d661038001c935033836b83705fb2cfa879ae3bfebc70e71bfc503f56fbb6f,included,housing_social_welfare_leaf,1.0.0,social_welfare,1.0.0,capture,tenant_4,tenant_4,0.0,utility_points,"{""disagreement_utility"":0.0}",ok,valid,[],"[""event_00000257""]",evaluation_receipt,episode_attempt_3ae1728e25d9afda8898,e0d661038001c935033836b83705fb2cfa879ae3bfebc70e71bfc503f56fbb6f,true
result_a3ad2ce0be55d81e971310b5,runplan_ddfd0ff85d087e32,cell_93f167ff2d41bc3427a8,housing_v1__experiment__000006,housing_v1,housing_controlled_model_landlords_experiment,episode_attempt_3ae1728e25d9afda8898,e0d661038001c935033836b83705fb2cfa879ae3bfebc70e71bfc503f56fbb6f,included,housing_social_welfare_leaf,1.0.0,social_welfare,1.0.0,capture,tenant_5,tenant_5,175.17,utility_points,"{""disagreement_utility"":0.0}",ok,valid,[],"[""event_00000257""]",evaluation_receipt,episode_attempt_3ae1728e25d9afda8898,e0d661038001c935033836b83705fb2cfa879ae3bfebc70e71bfc503f56fbb6f,true
result_768a646b20e4b1ca4ce90ade,runplan_ddfd0ff85d087e32,cell_94a45d113172ab34433d,housing_v1__experiment__000005,housing_v1,housing_controlled_model_landlords_experiment,episode_attempt_7e9ab67e0dd24a4692b6,9dba88fd64e17e6a3875566169f5bf12c647f59cf1cda27744a4ee108a052928,included,housing_social_welfare_leaf,1.0.0,social_welfare,1.0.0,primary,social_welfare,,1143.07,utility_points,{},ok,valid,[],"[""event_00000227""]",evaluation_receipt,episode_attempt_7e9ab67e0dd24a4692b6,9dba88fd64e17e6a3875566169f5bf12c647f59cf1cda27744a4ee108a052928,true
result_fae8a7e87e33911899ebc9f5,runplan_ddfd0ff85d087e32,cell_94a45d113172ab34433d,housing_v1__experiment__000005,housing_v1,housing_controlled_model_landlords_experiment,episode_attempt_7e9ab67e0dd24a4692b6,9dba88fd64e17e6a3875566169f5bf12c647f59cf1cda27744a4ee108a052928,included,housing_social_welfare_leaf,1.0.0,social_welfare,1.0.0,metric,comparison_baseline_gap,,-88.70000000000005,utility_points,{},ok,valid,[],"[""event_00000227""]",evaluation_receipt,episode_attempt_7e9ab67e0dd24a4692b6,9dba88fd64e17e6a3875566169f5bf12c647f59cf1cda27744a4ee108a052928,true
result_5fe8a07e9f43cfa3c641c79d,runplan_ddfd0ff85d087e32,cell_94a45d113172ab34433d,housing_v1__experiment__000005,housing_v1,housing_controlled_model_landlords_experiment,episode_attempt_7e9ab67e0dd24a4692b6,9dba88fd64e17e6a3875566169f5bf12c647f59cf1cda27744a4ee108a052928,included,housing_social_welfare_leaf,1.0.0,social_welfare,1.0.0,metric,ir_violation_count,,0.0,count,{},ok,valid,[],"[""event_00000227""]",evaluation_receipt,episode_attempt_7e9ab67e0dd24a4692b6,9dba88fd64e17e6a3875566169f5bf12c647f59cf1cda27744a4ee108a052928,true
result_f4416fb5911a216631bda829,runplan_ddfd0ff85d087e32,cell_94a45d113172ab34433d,housing_v1__experiment__000005,housing_v1,housing_controlled_model_landlords_experiment,episode_attempt_7e9ab67e0dd24a4692b6,9dba88fd64e17e6a3875566169f5bf12c647f59cf1cda27744a4ee108a052928,included,housing_social_welfare_leaf,1.0.0,social_welfare,1.0.0,metric,social_welfare,,1143.07,utility_points,{},ok,valid,[],"[""event_00000227""]",evaluation_receipt,episode_attempt_7e9ab67e0dd24a4692b6,9dba88fd64e17e6a3875566169f5bf12c647f59cf1cda27744a4ee108a052928,true
result_e719d34c07249222a15c91fd,runplan_ddfd0ff85d087e32,cell_94a45d113172ab34433d,housing_v1__experiment__000005,housing_v1,housing_controlled_model_landlords_experiment,episode_attempt_7e9ab67e0dd24a4692b6,9dba88fd64e17e6a3875566169f5bf12c647f59cf1cda27744a4ee108a052928,included,housing_social_welfare_leaf,1.0.0,social_welfare,1.0.0,metric,upper_bound_gap,,205.72000000000003,utility_points,{},ok,valid,[],"[""event_00000227""]",evaluation_receipt,episode_attempt_7e9ab67e0dd24a4692b6,9dba88fd64e17e6a3875566169f5bf12c647f59cf1cda27744a4ee108a052928,true
result_900d7bad703b8f60e67fc66c,runplan_ddfd0ff85d087e32,cell_94a45d113172ab34433d,housing_v1__experiment__000005,housing_v1,housing_controlled_model_landlords_experiment,episode_attempt_7e9ab67e0dd24a4692b6,9dba88fd64e17e6a3875566169f5bf12c647f59cf1cda27744a4ee108a052928,included,housing_social_welfare_leaf,1.0.0,social_welfare,1.0.0,metric,wasted_contacts,,6.0,count,{},ok,valid,[],"[""event_00000227""]",evaluation_receipt,episode_attempt_7e9ab67e0dd24a4692b6,9dba88fd64e17e6a3875566169f5bf12c647f59cf1cda27744a4ee108a052928,true
result_d019b1e22ed62c86f035426e,runplan_ddfd0ff85d087e32,cell_94a45d113172ab34433d,housing_v1__experiment__000005,housing_v1,housing_controlled_model_landlords_experiment,episode_attempt_7e9ab67e0dd24a4692b6,9dba88fd64e17e6a3875566169f5bf12c647f59cf1cda27744a4ee108a052928,included,housing_social_welfare_leaf,1.0.0,social_welfare,1.0.0,metric,within_case_score,,0.8474781100097124,ratio,{},ok,valid,[],"[""event_00000227""]",evaluation_receipt,episode_attempt_7e9ab67e0dd24a4692b6,9dba88fd64e17e6a3875566169f5bf12c647f59cf1cda27744a4ee108a052928,true
result_4793e62d8ff7a05a2c17988c,runplan_ddfd0ff85d087e32,cell_94a45d113172ab34433d,housing_v1__experiment__000005,housing_v1,housing_controlled_model_landlords_experiment,episode_attempt_7e9ab67e0dd24a4692b6,9dba88fd64e17e6a3875566169f5bf12c647f59cf1cda27744a4ee108a052928,included,housing_social_welfare_leaf,1.0.0,social_welfare,1.0.0,reference,comparison_baseline,,1231.77,utility_points,"{""policy"":""naive"",""reference_kind"":""comparison_baseline""}",ok,valid,[],"[""event_00000227""]",evaluation_receipt,episode_attempt_7e9ab67e0dd24a4692b6,9dba88fd64e17e6a3875566169f5bf12c647f59cf1cda27744a4ee108a052928,true
result_c50aa09a9e61fdd9e9950973,runplan_ddfd0ff85d087e32,cell_94a45d113172ab34433d,housing_v1__experiment__000005,housing_v1,housing_controlled_model_landlords_experiment,episode_attempt_7e9ab67e0dd24a4692b6,9dba88fd64e17e6a3875566169f5bf12c647f59cf1cda27744a4ee108a052928,included,housing_social_welfare_leaf,1.0.0,social_welfare,1.0.0,reference,optimum_lower_bound,,0.0,utility_points,"{""policy"":""do_nothing"",""reference_kind"":""objective_lower_bound""}",ok,valid,[],"[""event_00000227""]",evaluation_receipt,episode_attempt_7e9ab67e0dd24a4692b6,9dba88fd64e17e6a3875566169f5bf12c647f59cf1cda27744a4ee108a052928,true
result_78c52d2e7d338ce4230ffd8b,runplan_ddfd0ff85d087e32,cell_94a45d113172ab34433d,housing_v1__experiment__000005,housing_v1,housing_controlled_model_landlords_experiment,episode_attempt_7e9ab67e0dd24a4692b6,9dba88fd64e17e6a3875566169f5bf12c647f59cf1cda27744a4ee108a052928,included,housing_social_welfare_leaf,1.0.0,social_welfare,1.0.0,reference,optimum_upper_bound,,1348.79,utility_points,"{""reference_kind"":""objective_upper_bound"",""semantics"":""full_information_allocation_relaxation""}",ok,valid,[],"[""event_00000227""]",evaluation_receipt,episode_attempt_7e9ab67e0dd24a4692b6,9dba88fd64e17e6a3875566169f5bf12c647f59cf1cda27744a4ee108a052928,true
result_ce8a1cf8797b318cb0487676,runplan_ddfd0ff85d087e32,cell_94a45d113172ab34433d,housing_v1__experiment__000005,housing_v1,housing_controlled_model_landlords_experiment,episode_attempt_7e9ab67e0dd24a4692b6,9dba88fd64e17e6a3875566169f5bf12c647f59cf1cda27744a4ee108a052928,included,housing_social_welfare_leaf,1.0.0,social_welfare,1.0.0,utility,landlord_0,landlord_0,62.29,utility_points,"{""disagreement_utility"":0.0}",ok,valid,[],"[""event_00000227""]",evaluation_receipt,episode_attempt_7e9ab67e0dd24a4692b6,9dba88fd64e17e6a3875566169f5bf12c647f59cf1cda27744a4ee108a052928,true
result_b2615dd596b50bc7c807536c,runplan_ddfd0ff85d087e32,cell_94a45d113172ab34433d,housing_v1__experiment__000005,housing_v1,housing_controlled_model_landlords_experiment,episode_attempt_7e9ab67e0dd24a4692b6,9dba88fd64e17e6a3875566169f5bf12c647f59cf1cda27744a4ee108a052928,included,housing_social_welfare_leaf,1.0.0,social_welfare,1.0.0,utility,landlord_1,landlord_1,0.0,utility_points,"{""disagreement_utility"":0.0}",ok,valid,[],"[""event_00000227""]",evaluation_receipt,episode_attempt_7e9ab67e0dd24a4692b6,9dba88fd64e17e6a3875566169f5bf12c647f59cf1cda27744a4ee108a052928,true
result_c2b4e20fa828e185cdd00bbe,runplan_ddfd0ff85d087e32,cell_94a45d113172ab34433d,housing_v1__experiment__000005,housing_v1,housing_controlled_model_landlords_experiment,episode_attempt_7e9ab67e0dd24a4692b6,9dba88fd64e17e6a3875566169f5bf12c647f59cf1cda27744a4ee108a052928,included,housing_social_welfare_leaf,1.0.0,social_welfare,1.0.0,utility,landlord_2,landlord_2,73.64,utility_points,"{""disagreement_utility"":0.0}",ok,valid,[],"[""event_00000227""]",evaluation_receipt,episode_attempt_7e9ab67e0dd24a4692b6,9dba88fd64e17e6a3875566169f5bf12c647f59cf1cda27744a4ee108a052928,true
result_f459d33cdc00f96051494413,runplan_ddfd0ff85d087e32,cell_94a45d113172ab34433d,housing_v1__experiment__000005,housing_v1,housing_controlled_model_landlords_experiment,episode_attempt_7e9ab67e0dd24a4692b6,9dba88fd64e17e6a3875566169f5bf12c647f59cf1cda27744a4ee108a052928,included,housing_social_welfare_leaf,1.0.0,social_welfare,1.0.0,utility,landlord_3,landlord_3,43.77,utility_points,"{""disagreement_utility"":0.0}",ok,valid,[],"[""event_00000227""]",evaluation_receipt,episode_attempt_7e9ab67e0dd24a4692b6,9dba88fd64e17e6a3875566169f5bf12c647f59cf1cda27744a4ee108a052928,true
result_553bfd92f2b6c065921b9d3d,runplan_ddfd0ff85d087e32,cell_94a45d113172ab34433d,housing_v1__experiment__000005,housing_v1,housing_controlled_model_landlords_experiment,episode_attempt_7e9ab67e0dd24a4692b6,9dba88fd64e17e6a3875566169f5bf12c647f59cf1cda27744a4ee108a052928,included,housing_social_welfare_leaf,1.0.0,social_welfare,1.0.0,utility,tenant_0,tenant_0,44.79,utility_points,"{""disagreement_utility"":0.0}",ok,valid,[],"[""event_00000227""]",evaluation_receipt,episode_attempt_7e9ab67e0dd24a4692b6,9dba88fd64e17e6a3875566169f5bf12c647f59cf1cda27744a4ee108a052928,true
result_c479a967ee25ca8718ad27ca,runplan_ddfd0ff85d087e32,cell_94a45d113172ab34433d,housing_v1__experiment__000005,housing_v1,housing_controlled_model_landlords_experiment,episode_attempt_7e9ab67e0dd24a4692b6,9dba88fd64e17e6a3875566169f5bf12c647f59cf1cda27744a4ee108a052928,included,housing_social_welfare_leaf,1.0.0,social_welfare,1.0.0,utility,tenant_1,tenant_1,0.0,utility_points,"{""disagreement_utility"":0.0}",ok,valid,[],"[""event_00000227""]",evaluation_receipt,episode_attempt_7e9ab67e0dd24a4692b6,9dba88fd64e17e6a3875566169f5bf12c647f59cf1cda27744a4ee108a052928,true
result_8c8a094c1c946062b7a0b85f,runplan_ddfd0ff85d087e32,cell_94a45d113172ab34433d,housing_v1__experiment__000005,housing_v1,housing_controlled_model_landlords_experiment,episode_attempt_7e9ab67e0dd24a4692b6,9dba88fd64e17e6a3875566169f5bf12c647f59cf1cda27744a4ee108a052928,included,housing_social_welfare_leaf,1.0.0,social_welfare,1.0.0,utility,tenant_2,tenant_2,0.0,utility_points,"{""disagreement_utility"":0.0}",ok,valid,[],"[""event_00000227""]",evaluation_receipt,episode_attempt_7e9ab67e0dd24a4692b6,9dba88fd64e17e6a3875566169f5bf12c647f59cf1cda27744a4ee108a052928,true
result_3743612d0982ea0faf68322d,runplan_ddfd0ff85d087e32,cell_94a45d113172ab34433d,housing_v1__experiment__000005,housing_v1,housing_controlled_model_landlords_experiment,episode_attempt_7e9ab67e0dd24a4692b6,9dba88fd64e17e6a3875566169f5bf12c647f59cf1cda27744a4ee108a052928,included,housing_social_welfare_leaf,1.0.0,social_welfare,1.0.0,utility,tenant_3,tenant_3,405.48,utility_points,"{""disagreement_utility"":0.0}",ok,valid,[],"[""event_00000227""]",evaluation_receipt,episode_attempt_7e9ab67e0dd24a4692b6,9dba88fd64e17e6a3875566169f5bf12c647f59cf1cda27744a4ee108a052928,true
result_26b2f742a1becf0e098ebd4f,runplan_ddfd0ff85d087e32,cell_94a45d113172ab34433d,housing_v1__experiment__000005,housing_v1,housing_controlled_model_landlords_experiment,episode_attempt_7e9ab67e0dd24a4692b6,9dba88fd64e17e6a3875566169f5bf12c647f59cf1cda27744a4ee108a052928,included,housing_social_welfare_leaf,1.0.0,social_welfare,1.0.0,utility,tenant_4,tenant_4,513.1,utility_points,"{""disagreement_utility"":0.0}",ok,valid,[],"[""event_00000227""]",evaluation_receipt,episode_attempt_7e9ab67e0dd24a4692b6,9dba88fd64e17e6a3875566169f5bf12c647f59cf1cda27744a4ee108a052928,true
result_3a7ccd48ff0c41092481e466,runplan_ddfd0ff85d087e32,cell_94a45d113172ab34433d,housing_v1__experiment__000005,housing_v1,housing_controlled_model_landlords_experiment,episode_attempt_7e9ab67e0dd24a4692b6,9dba88fd64e17e6a3875566169f5bf12c647f59cf1cda27744a4ee108a052928,included,housing_social_welfare_leaf,1.0.0,social_welfare,1.0.0,utility,tenant_5,tenant_5,0.0,utility_points,"{""disagreement_utility"":0.0}",ok,valid,[],"[""event_00000227""]",evaluation_receipt,episode_attempt_7e9ab67e0dd24a4692b6,9dba88fd64e17e6a3875566169f5bf12c647f59cf1cda27744a4ee108a052928,true
result_f81f28373b3be0914a678972,runplan_ddfd0ff85d087e32,cell_94a45d113172ab34433d,housing_v1__experiment__000005,housing_v1,housing_controlled_model_landlords_experiment,episode_attempt_7e9ab67e0dd24a4692b6,9dba88fd64e17e6a3875566169f5bf12c647f59cf1cda27744a4ee108a052928,included,housing_social_welfare_leaf,1.0.0,social_welfare,1.0.0,capture,landlord_0,landlord_0,62.29,utility_points,"{""disagreement_utility"":0.0}",ok,valid,[],"[""event_00000227""]",evaluation_receipt,episode_attempt_7e9ab67e0dd24a4692b6,9dba88fd64e17e6a3875566169f5bf12c647f59cf1cda27744a4ee108a052928,true
result_7a3e7bf3ad9e9f6f7c0b1e1e,runplan_ddfd0ff85d087e32,cell_94a45d113172ab34433d,housing_v1__experiment__000005,housing_v1,housing_controlled_model_landlords_experiment,episode_attempt_7e9ab67e0dd24a4692b6,9dba88fd64e17e6a3875566169f5bf12c647f59cf1cda27744a4ee108a052928,included,housing_social_welfare_leaf,1.0.0,social_welfare,1.0.0,capture,landlord_1,landlord_1,0.0,utility_points,"{""disagreement_utility"":0.0}",ok,valid,[],"[""event_00000227""]",evaluation_receipt,episode_attempt_7e9ab67e0dd24a4692b6,9dba88fd64e17e6a3875566169f5bf12c647f59cf1cda27744a4ee108a052928,true
result_26faf5e20aeb0051f963da6a,runplan_ddfd0ff85d087e32,cell_94a45d113172ab34433d,housing_v1__experiment__000005,housing_v1,housing_controlled_model_landlords_experiment,episode_attempt_7e9ab67e0dd24a4692b6,9dba88fd64e17e6a3875566169f5bf12c647f59cf1cda27744a4ee108a052928,included,housing_social_welfare_leaf,1.0.0,social_welfare,1.0.0,capture,landlord_2,landlord_2,73.64,utility_points,"{""disagreement_utility"":0.0}",ok,valid,[],"[""event_00000227""]",evaluation_receipt,episode_attempt_7e9ab67e0dd24a4692b6,9dba88fd64e17e6a3875566169f5bf12c647f59cf1cda27744a4ee108a052928,true
result_ff4edfa33017df4460627924,runplan_ddfd0ff85d087e32,cell_94a45d113172ab34433d,housing_v1__experiment__000005,housing_v1,housing_controlled_model_landlords_experiment,episode_attempt_7e9ab67e0dd24a4692b6,9dba88fd64e17e6a3875566169f5bf12c647f59cf1cda27744a4ee108a052928,included,housing_social_welfare_leaf,1.0.0,social_welfare,1.0.0,capture,landlord_3,landlord_3,43.77,utility_points,"{""disagreement_utility"":0.0}",ok,valid,[],"[""event_00000227""]",evaluation_receipt,episode_attempt_7e9ab67e0dd24a4692b6,9dba88fd64e17e6a3875566169f5bf12c647f59cf1cda27744a4ee108a052928,true
result_03880776f528a1875b7424dc,runplan_ddfd0ff85d087e32,cell_94a45d113172ab34433d,housing_v1__experiment__000005,housing_v1,housing_controlled_model_landlords_experiment,episode_attempt_7e9ab67e0dd24a4692b6,9dba88fd64e17e6a3875566169f5bf12c647f59cf1cda27744a4ee108a052928,included,housing_social_welfare_leaf,1.0.0,social_welfare,1.0.0,capture,tenant_0,tenant_0,44.79,utility_points,"{""disagreement_utility"":0.0}",ok,valid,[],"[""event_00000227""]",evaluation_receipt,episode_attempt_7e9ab67e0dd24a4692b6,9dba88fd64e17e6a3875566169f5bf12c647f59cf1cda27744a4ee108a052928,true
result_927c92df51d86000970cdc55,runplan_ddfd0ff85d087e32,cell_94a45d113172ab34433d,housing_v1__experiment__000005,housing_v1,housing_controlled_model_landlords_experiment,episode_attempt_7e9ab67e0dd24a4692b6,9dba88fd64e17e6a3875566169f5bf12c647f59cf1cda27744a4ee108a052928,included,housing_social_welfare_leaf,1.0.0,social_welfare,1.0.0,capture,tenant_1,tenant_1,0.0,utility_points,"{""disagreement_utility"":0.0}",ok,valid,[],"[""event_00000227""]",evaluation_receipt,episode_attempt_7e9ab67e0dd24a4692b6,9dba88fd64e17e6a3875566169f5bf12c647f59cf1cda27744a4ee108a052928,true
result_ca5d9283d6724428a2df9919,runplan_ddfd0ff85d087e32,cell_94a45d113172ab34433d,housing_v1__experiment__000005,housing_v1,housing_controlled_model_landlords_experiment,episode_attempt_7e9ab67e0dd24a4692b6,9dba88fd64e17e6a3875566169f5bf12c647f59cf1cda27744a4ee108a052928,included,housing_social_welfare_leaf,1.0.0,social_welfare,1.0.0,capture,tenant_2,tenant_2,0.0,utility_points,"{""disagreement_utility"":0.0}",ok,valid,[],"[""event_00000227""]",evaluation_receipt,episode_attempt_7e9ab67e0dd24a4692b6,9dba88fd64e17e6a3875566169f5bf12c647f59cf1cda27744a4ee108a052928,true
result_0642c3ba5408ff4937904eba,runplan_ddfd0ff85d087e32,cell_94a45d113172ab34433d,housing_v1__experiment__000005,housing_v1,housing_controlled_model_landlords_experiment,episode_attempt_7e9ab67e0dd24a4692b6,9dba88fd64e17e6a3875566169f5bf12c647f59cf1cda27744a4ee108a052928,included,housing_social_welfare_leaf,1.0.0,social_welfare,1.0.0,capture,tenant_3,tenant_3,405.48,utility_points,"{""disagreement_utility"":0.0}",ok,valid,[],"[""event_00000227""]",evaluation_receipt,episode_attempt_7e9ab67e0dd24a4692b6,9dba88fd64e17e6a3875566169f5bf12c647f59cf1cda27744a4ee108a052928,true
result_467cd1767c10252127138517,runplan_ddfd0ff85d087e32,cell_94a45d113172ab34433d,housing_v1__experiment__000005,housing_v1,housing_controlled_model_landlords_experiment,episode_attempt_7e9ab67e0dd24a4692b6,9dba88fd64e17e6a3875566169f5bf12c647f59cf1cda27744a4ee108a052928,included,housing_social_welfare_leaf,1.0.0,social_welfare,1.0.0,capture,tenant_4,tenant_4,513.1,utility_points,"{""disagreement_utility"":0.0}",ok,valid,[],"[""event_00000227""]",evaluation_receipt,episode_attempt_7e9ab67e0dd24a4692b6,9dba88fd64e17e6a3875566169f5bf12c647f59cf1cda27744a4ee108a052928,true
result_a957bb73dc83e85270a262ff,runplan_ddfd0ff85d087e32,cell_94a45d113172ab34433d,housing_v1__experiment__000005,housing_v1,housing_controlled_model_landlords_experiment,episode_attempt_7e9ab67e0dd24a4692b6,9dba88fd64e17e6a3875566169f5bf12c647f59cf1cda27744a4ee108a052928,included,housing_social_welfare_leaf,1.0.0,social_welfare,1.0.0,capture,tenant_5,tenant_5,0.0,utility_points,"{""disagreement_utility"":0.0}",ok,valid,[],"[""event_00000227""]",evaluation_receipt,episode_attempt_7e9ab67e0dd24a4692b6,9dba88fd64e17e6a3875566169f5bf12c647f59cf1cda27744a4ee108a052928,true
result_08b0eb19d9c30ff0974352fe,runplan_ddfd0ff85d087e32,cell_979fc380e1d257ea7f19,housing_v1__experiment__000008,housing_v1,housing_controlled_model_landlords_experiment,episode_attempt_1a9c6ba7134654491d0f,3d74ba2c231e5a4fde2b64f32c4409d52aca7d46dac49b9b80fdf0b6eac52f09,included,housing_social_welfare_leaf,1.0.0,social_welfare,1.0.0,primary,social_welfare,,1807.82,utility_points,{},ok,valid,[],"[""event_00000269""]",evaluation_receipt,episode_attempt_1a9c6ba7134654491d0f,3d74ba2c231e5a4fde2b64f32c4409d52aca7d46dac49b9b80fdf0b6eac52f09,true
result_9ab9dbd2498b0394ac072351,runplan_ddfd0ff85d087e32,cell_979fc380e1d257ea7f19,housing_v1__experiment__000008,housing_v1,housing_controlled_model_landlords_experiment,episode_attempt_1a9c6ba7134654491d0f,3d74ba2c231e5a4fde2b64f32c4409d52aca7d46dac49b9b80fdf0b6eac52f09,included,housing_social_welfare_leaf,1.0.0,social_welfare,1.0.0,metric,comparison_baseline_gap,,-77.02999999999997,utility_points,{},ok,valid,[],"[""event_00000269""]",evaluation_receipt,episode_attempt_1a9c6ba7134654491d0f,3d74ba2c231e5a4fde2b64f32c4409d52aca7d46dac49b9b80fdf0b6eac52f09,true
result_7342d48578c962b7fd290fb5,runplan_ddfd0ff85d087e32,cell_979fc380e1d257ea7f19,housing_v1__experiment__000008,housing_v1,housing_controlled_model_landlords_experiment,episode_attempt_1a9c6ba7134654491d0f,3d74ba2c231e5a4fde2b64f32c4409d52aca7d46dac49b9b80fdf0b6eac52f09,included,housing_social_welfare_leaf,1.0.0,social_welfare,1.0.0,metric,ir_violation_count,,0.0,count,{},ok,valid,[],"[""event_00000269""]",evaluation_receipt,episode_attempt_1a9c6ba7134654491d0f,3d74ba2c231e5a4fde2b64f32c4409d52aca7d46dac49b9b80fdf0b6eac52f09,true
result_c36d8520e792f05515b752e6,runplan_ddfd0ff85d087e32,cell_979fc380e1d257ea7f19,housing_v1__experiment__000008,housing_v1,housing_controlled_model_landlords_experiment,episode_attempt_1a9c6ba7134654491d0f,3d74ba2c231e5a4fde2b64f32c4409d52aca7d46dac49b9b80fdf0b6eac52f09,included,housing_social_welfare_leaf,1.0.0,social_welfare,1.0.0,metric,social_welfare,,1807.82,utility_points,{},ok,valid,[],"[""event_00000269""]",evaluation_receipt,episode_attempt_1a9c6ba7134654491d0f,3d74ba2c231e5a4fde2b64f32c4409d52aca7d46dac49b9b80fdf0b6eac52f09,true
result_e73ccf23d11ceb03730b01ac,runplan_ddfd0ff85d087e32,cell_979fc380e1d257ea7f19,housing_v1__experiment__000008,housing_v1,housing_controlled_model_landlords_experiment,episode_attempt_1a9c6ba7134654491d0f,3d74ba2c231e5a4fde2b64f32c4409d52aca7d46dac49b9b80fdf0b6eac52f09,included,housing_social_welfare_leaf,1.0.0,social_welfare,1.0.0,metric,upper_bound_gap,,139.4000000000001,utility_points,{},ok,valid,[],"[""event_00000269""]",evaluation_receipt,episode_attempt_1a9c6ba7134654491d0f,3d74ba2c231e5a4fde2b64f32c4409d52aca7d46dac49b9b80fdf0b6eac52f09,true
result_79a17205783d4c5279a28f88,runplan_ddfd0ff85d087e32,cell_979fc380e1d257ea7f19,housing_v1__experiment__000008,housing_v1,housing_controlled_model_landlords_experiment,episode_attempt_1a9c6ba7134654491d0f,3d74ba2c231e5a4fde2b64f32c4409d52aca7d46dac49b9b80fdf0b6eac52f09,included,housing_social_welfare_leaf,1.0.0,social_welfare,1.0.0,metric,wasted_contacts,,6.0,count,{},ok,valid,[],"[""event_00000269""]",evaluation_receipt,episode_attempt_1a9c6ba7134654491d0f,3d74ba2c231e5a4fde2b64f32c4409d52aca7d46dac49b9b80fdf0b6eac52f09,true
result_df7eebb7fd851feeb9f5114c,runplan_ddfd0ff85d087e32,cell_979fc380e1d257ea7f19,housing_v1__experiment__000008,housing_v1,housing_controlled_model_landlords_experiment,episode_attempt_1a9c6ba7134654491d0f,3d74ba2c231e5a4fde2b64f32c4409d52aca7d46dac49b9b80fdf0b6eac52f09,included,housing_social_welfare_leaf,1.0.0,social_welfare,1.0.0,metric,within_case_score,,0.9284107599552182,ratio,{},ok,valid,[],"[""event_00000269""]",evaluation_receipt,episode_attempt_1a9c6ba7134654491d0f,3d74ba2c231e5a4fde2b64f32c4409d52aca7d46dac49b9b80fdf0b6eac52f09,true
result_c91b70f2dba5d03ac42ce0e0,runplan_ddfd0ff85d087e32,cell_979fc380e1d257ea7f19,housing_v1__experiment__000008,housing_v1,housing_controlled_model_landlords_experiment,episode_attempt_1a9c6ba7134654491d0f,3d74ba2c231e5a4fde2b64f32c4409d52aca7d46dac49b9b80fdf0b6eac52f09,included,housing_social_welfare_leaf,1.0.0,social_welfare,1.0.0,reference,comparison_baseline,,1884.85,utility_points,"{""policy"":""naive"",""reference_kind"":""comparison_baseline""}",ok,valid,[],"[""event_00000269""]",evaluation_receipt,episode_attempt_1a9c6ba7134654491d0f,3d74ba2c231e5a4fde2b64f32c4409d52aca7d46dac49b9b80fdf0b6eac52f09,true
result_02453db6dd7a69e6c9753f5e,runplan_ddfd0ff85d087e32,cell_979fc380e1d257ea7f19,housing_v1__experiment__000008,housing_v1,housing_controlled_model_landlords_experiment,episode_attempt_1a9c6ba7134654491d0f,3d74ba2c231e5a4fde2b64f32c4409d52aca7d46dac49b9b80fdf0b6eac52f09,included,housing_social_welfare_leaf,1.0.0,social_welfare,1.0.0,reference,optimum_lower_bound,,0.0,utility_points,"{""policy"":""do_nothing"",""reference_kind"":""objective_lower_bound""}",ok,valid,[],"[""event_00000269""]",evaluation_receipt,episode_attempt_1a9c6ba7134654491d0f,3d74ba2c231e5a4fde2b64f32c4409d52aca7d46dac49b9b80fdf0b6eac52f09,true
result_348a816e832dd507a74c9b8f,runplan_ddfd0ff85d087e32,cell_979fc380e1d257ea7f19,housing_v1__experiment__000008,housing_v1,housing_controlled_model_landlords_experiment,episode_attempt_1a9c6ba7134654491d0f,3d74ba2c231e5a4fde2b64f32c4409d52aca7d46dac49b9b80fdf0b6eac52f09,included,housing_social_welfare_leaf,1.0.0,social_welfare,1.0.0,reference,optimum_upper_bound,,1947.22,utility_points,"{""reference_kind"":""objective_upper_bound"",""semantics"":""full_information_allocation_relaxation""}",ok,valid,[],"[""event_00000269""]",evaluation_receipt,episode_attempt_1a9c6ba7134654491d0f,3d74ba2c231e5a4fde2b64f32c4409d52aca7d46dac49b9b80fdf0b6eac52f09,true
result_40e62b278c0f342ee19551d5,runplan_ddfd0ff85d087e32,cell_979fc380e1d257ea7f19,housing_v1__experiment__000008,housing_v1,housing_controlled_model_landlords_experiment,episode_attempt_1a9c6ba7134654491d0f,3d74ba2c231e5a4fde2b64f32c4409d52aca7d46dac49b9b80fdf0b6eac52f09,included,housing_social_welfare_leaf,1.0.0,social_welfare,1.0.0,utility,landlord_0,landlord_0,37.7,utility_points,"{""disagreement_utility"":0.0}",ok,valid,[],"[""event_00000269""]",evaluation_receipt,episode_attempt_1a9c6ba7134654491d0f,3d74ba2c231e5a4fde2b64f32c4409d52aca7d46dac49b9b80fdf0b6eac52f09,true
result_cbf4c1dd47bd529d24d25b71,runplan_ddfd0ff85d087e32,cell_979fc380e1d257ea7f19,housing_v1__experiment__000008,housing_v1,housing_controlled_model_landlords_experiment,episode_attempt_1a9c6ba7134654491d0f,3d74ba2c231e5a4fde2b64f32c4409d52aca7d46dac49b9b80fdf0b6eac52f09,included,housing_social_welfare_leaf,1.0.0,social_welfare,1.0.0,utility,landlord_1,landlord_1,72.51,utility_points,"{""disagreement_utility"":0.0}",ok,valid,[],"[""event_00000269""]",evaluation_receipt,episode_attempt_1a9c6ba7134654491d0f,3d74ba2c231e5a4fde2b64f32c4409d52aca7d46dac49b9b80fdf0b6eac52f09,true
result_ea081c9b6c80d3889d5419fb,runplan_ddfd0ff85d087e32,cell_979fc380e1d257ea7f19,housing_v1__experiment__000008,housing_v1,housing_controlled_model_landlords_experiment,episode_attempt_1a9c6ba7134654491d0f,3d74ba2c231e5a4fde2b64f32c4409d52aca7d46dac49b9b80fdf0b6eac52f09,included,housing_social_welfare_leaf,1.0.0,social_welfare,1.0.0,utility,landlord_2,landlord_2,17.3,utility_points,"{""disagreement_utility"":0.0}",ok,valid,[],"[""event_00000269""]",evaluation_receipt,episode_attempt_1a9c6ba7134654491d0f,3d74ba2c231e5a4fde2b64f32c4409d52aca7d46dac49b9b80fdf0b6eac52f09,true
result_f9ac77e3e6f99e327664fce8,runplan_ddfd0ff85d087e32,cell_979fc380e1d257ea7f19,housing_v1__experiment__000008,housing_v1,housing_controlled_model_landlords_experiment,episode_attempt_1a9c6ba7134654491d0f,3d74ba2c231e5a4fde2b64f32c4409d52aca7d46dac49b9b80fdf0b6eac52f09,included,housing_social_welfare_leaf,1.0.0,social_welfare,1.0.0,utility,landlord_3,landlord_3,97.98,utility_points,"{""disagreement_utility"":0.0}",ok,valid,[],"[""event_00000269""]",evaluation_receipt,episode_attempt_1a9c6ba7134654491d0f,3d74ba2c231e5a4fde2b64f32c4409d52aca7d46dac49b9b80fdf0b6eac52f09,true
result_87643ddee4224f3f64045e88,runplan_ddfd0ff85d087e32,cell_979fc380e1d257ea7f19,housing_v1__experiment__000008,housing_v1,housing_controlled_model_landlords_experiment,episode_attempt_1a9c6ba7134654491d0f,3d74ba2c231e5a4fde2b64f32c4409d52aca7d46dac49b9b80fdf0b6eac52f09,included,housing_social_welfare_leaf,1.0.0,social_welfare,1.0.0,utility,tenant_0,tenant_0,168.37,utility_points,"{""disagreement_utility"":0.0}",ok,valid,[],"[""event_00000269""]",evaluation_receipt,episode_attempt_1a9c6ba7134654491d0f,3d74ba2c231e5a4fde2b64f32c4409d52aca7d46dac49b9b80fdf0b6eac52f09,true
result_15e883b9ccdc18ee1de49160,runplan_ddfd0ff85d087e32,cell_979fc380e1d257ea7f19,housing_v1__experiment__000008,housing_v1,housing_controlled_model_landlords_experiment,episode_attempt_1a9c6ba7134654491d0f,3d74ba2c231e5a4fde2b64f32c4409d52aca7d46dac49b9b80fdf0b6eac52f09,included,housing_social_welfare_leaf,1.0.0,social_welfare,1.0.0,utility,tenant_1,tenant_1,591.97,utility_points,"{""disagreement_utility"":0.0}",ok,valid,[],"[""event_00000269""]",evaluation_receipt,episode_attempt_1a9c6ba7134654491d0f,3d74ba2c231e5a4fde2b64f32c4409d52aca7d46dac49b9b80fdf0b6eac52f09,true
result_dac6b0f80a412d7ba6c13480,runplan_ddfd0ff85d087e32,cell_979fc380e1d257ea7f19,housing_v1__experiment__000008,housing_v1,housing_controlled_model_landlords_experiment,episode_attempt_1a9c6ba7134654491d0f,3d74ba2c231e5a4fde2b64f32c4409d52aca7d46dac49b9b80fdf0b6eac52f09,included,housing_social_welfare_leaf,1.0.0,social_welfare,1.0.0,utility,tenant_2,tenant_2,0.0,utility_points,"{""disagreement_utility"":0.0}",ok,valid,[],"[""event_00000269""]",evaluation_receipt,episode_attempt_1a9c6ba7134654491d0f,3d74ba2c231e5a4fde2b64f32c4409d52aca7d46dac49b9b80fdf0b6eac52f09,true
result_71d6e04178228a0fb0e7beb3,runplan_ddfd0ff85d087e32,cell_979fc380e1d257ea7f19,housing_v1__experiment__000008,housing_v1,housing_controlled_model_landlords_experiment,episode_attempt_1a9c6ba7134654491d0f,3d74ba2c231e5a4fde2b64f32c4409d52aca7d46dac49b9b80fdf0b6eac52f09,included,housing_social_welfare_leaf,1.0.0,social_welfare,1.0.0,utility,tenant_3,tenant_3,216.37,utility_points,"{""disagreement_utility"":0.0}",ok,valid,[],"[""event_00000269""]",evaluation_receipt,episode_attempt_1a9c6ba7134654491d0f,3d74ba2c231e5a4fde2b64f32c4409d52aca7d46dac49b9b80fdf0b6eac52f09,true
result_bcdcb7484d0b01a1a21472a8,runplan_ddfd0ff85d087e32,cell_979fc380e1d257ea7f19,housing_v1__experiment__000008,housing_v1,housing_controlled_model_landlords_experiment,episode_attempt_1a9c6ba7134654491d0f,3d74ba2c231e5a4fde2b64f32c4409d52aca7d46dac49b9b80fdf0b6eac52f09,included,housing_social_welfare_leaf,1.0.0,social_welfare,1.0.0,utility,tenant_4,tenant_4,605.62,utility_points,"{""disagreement_utility"":0.0}",ok,valid,[],"[""event_00000269""]",evaluation_receipt,episode_attempt_1a9c6ba7134654491d0f,3d74ba2c231e5a4fde2b64f32c4409d52aca7d46dac49b9b80fdf0b6eac52f09,true
result_4d44fdf26021f713fc5c6e34,runplan_ddfd0ff85d087e32,cell_979fc380e1d257ea7f19,housing_v1__experiment__000008,housing_v1,housing_controlled_model_landlords_experiment,episode_attempt_1a9c6ba7134654491d0f,3d74ba2c231e5a4fde2b64f32c4409d52aca7d46dac49b9b80fdf0b6eac52f09,included,housing_social_welfare_leaf,1.0.0,social_welfare,1.0.0,utility,tenant_5,tenant_5,0.0,utility_points,"{""disagreement_utility"":0.0}",ok,valid,[],"[""event_00000269""]",evaluation_receipt,episode_attempt_1a9c6ba7134654491d0f,3d74ba2c231e5a4fde2b64f32c4409d52aca7d46dac49b9b80fdf0b6eac52f09,true
result_a766314c252aafcee048253c,runplan_ddfd0ff85d087e32,cell_979fc380e1d257ea7f19,housing_v1__experiment__000008,housing_v1,housing_controlled_model_landlords_experiment,episode_attempt_1a9c6ba7134654491d0f,3d74ba2c231e5a4fde2b64f32c4409d52aca7d46dac49b9b80fdf0b6eac52f09,included,housing_social_welfare_leaf,1.0.0,social_welfare,1.0.0,capture,landlord_0,landlord_0,37.7,utility_points,"{""disagreement_utility"":0.0}",ok,valid,[],"[""event_00000269""]",evaluation_receipt,episode_attempt_1a9c6ba7134654491d0f,3d74ba2c231e5a4fde2b64f32c4409d52aca7d46dac49b9b80fdf0b6eac52f09,true
result_b8f2d4bcc10aed965bad88dd,runplan_ddfd0ff85d087e32,cell_979fc380e1d257ea7f19,housing_v1__experiment__000008,housing_v1,housing_controlled_model_landlords_experiment,episode_attempt_1a9c6ba7134654491d0f,3d74ba2c231e5a4fde2b64f32c4409d52aca7d46dac49b9b80fdf0b6eac52f09,included,housing_social_welfare_leaf,1.0.0,social_welfare,1.0.0,capture,landlord_1,landlord_1,72.51,utility_points,"{""disagreement_utility"":0.0}",ok,valid,[],"[""event_00000269""]",evaluation_receipt,episode_attempt_1a9c6ba7134654491d0f,3d74ba2c231e5a4fde2b64f32c4409d52aca7d46dac49b9b80fdf0b6eac52f09,true
result_05db3c6bcdbf7da8080f5d85,runplan_ddfd0ff85d087e32,cell_979fc380e1d257ea7f19,housing_v1__experiment__000008,housing_v1,housing_controlled_model_landlords_experiment,episode_attempt_1a9c6ba7134654491d0f,3d74ba2c231e5a4fde2b64f32c4409d52aca7d46dac49b9b80fdf0b6eac52f09,included,housing_social_welfare_leaf,1.0.0,social_welfare,1.0.0,capture,landlord_2,landlord_2,17.3,utility_points,"{""disagreement_utility"":0.0}",ok,valid,[],"[""event_00000269""]",evaluation_receipt,episode_attempt_1a9c6ba7134654491d0f,3d74ba2c231e5a4fde2b64f32c4409d52aca7d46dac49b9b80fdf0b6eac52f09,true
result_d24c239202767b1e9e025849,runplan_ddfd0ff85d087e32,cell_979fc380e1d257ea7f19,housing_v1__experiment__000008,housing_v1,housing_controlled_model_landlords_experiment,episode_attempt_1a9c6ba7134654491d0f,3d74ba2c231e5a4fde2b64f32c4409d52aca7d46dac49b9b80fdf0b6eac52f09,included,housing_social_welfare_leaf,1.0.0,social_welfare,1.0.0,capture,landlord_3,landlord_3,97.98,utility_points,"{""disagreement_utility"":0.0}",ok,valid,[],"[""event_00000269""]",evaluation_receipt,episode_attempt_1a9c6ba7134654491d0f,3d74ba2c231e5a4fde2b64f32c4409d52aca7d46dac49b9b80fdf0b6eac52f09,true
result_cea986c81f643121d545d513,runplan_ddfd0ff85d087e32,cell_979fc380e1d257ea7f19,housing_v1__experiment__000008,housing_v1,housing_controlled_model_landlords_experiment,episode_attempt_1a9c6ba7134654491d0f,3d74ba2c231e5a4fde2b64f32c4409d52aca7d46dac49b9b80fdf0b6eac52f09,included,housing_social_welfare_leaf,1.0.0,social_welfare,1.0.0,capture,tenant_0,tenant_0,168.37,utility_points,"{""disagreement_utility"":0.0}",ok,valid,[],"[""event_00000269""]",evaluation_receipt,episode_attempt_1a9c6ba7134654491d0f,3d74ba2c231e5a4fde2b64f32c4409d52aca7d46dac49b9b80fdf0b6eac52f09,true
result_a804b5c26cd682da287f8094,runplan_ddfd0ff85d087e32,cell_979fc380e1d257ea7f19,housing_v1__experiment__000008,housing_v1,housing_controlled_model_landlords_experiment,episode_attempt_1a9c6ba7134654491d0f,3d74ba2c231e5a4fde2b64f32c4409d52aca7d46dac49b9b80fdf0b6eac52f09,included,housing_social_welfare_leaf,1.0.0,social_welfare,1.0.0,capture,tenant_1,tenant_1,591.97,utility_points,"{""disagreement_utility"":0.0}",ok,valid,[],"[""event_00000269""]",evaluation_receipt,episode_attempt_1a9c6ba7134654491d0f,3d74ba2c231e5a4fde2b64f32c4409d52aca7d46dac49b9b80fdf0b6eac52f09,true
result_0105404b0f55d157b5733d8e,runplan_ddfd0ff85d087e32,cell_979fc380e1d257ea7f19,housing_v1__experiment__000008,housing_v1,housing_controlled_model_landlords_experiment,episode_attempt_1a9c6ba7134654491d0f,3d74ba2c231e5a4fde2b64f32c4409d52aca7d46dac49b9b80fdf0b6eac52f09,included,housing_social_welfare_leaf,1.0.0,social_welfare,1.0.0,capture,tenant_2,tenant_2,0.0,utility_points,"{""disagreement_utility"":0.0}",ok,valid,[],"[""event_00000269""]",evaluation_receipt,episode_attempt_1a9c6ba7134654491d0f,3d74ba2c231e5a4fde2b64f32c4409d52aca7d46dac49b9b80fdf0b6eac52f09,true
result_066747f481464d43e58dc321,runplan_ddfd0ff85d087e32,cell_979fc380e1d257ea7f19,housing_v1__experiment__000008,housing_v1,housing_controlled_model_landlords_experiment,episode_attempt_1a9c6ba7134654491d0f,3d74ba2c231e5a4fde2b64f32c4409d52aca7d46dac49b9b80fdf0b6eac52f09,included,housing_social_welfare_leaf,1.0.0,social_welfare,1.0.0,capture,tenant_3,tenant_3,216.37,utility_points,"{""disagreement_utility"":0.0}",ok,valid,[],"[""event_00000269""]",evaluation_receipt,episode_attempt_1a9c6ba7134654491d0f,3d74ba2c231e5a4fde2b64f32c4409d52aca7d46dac49b9b80fdf0b6eac52f09,true
result_875d1958ee003d3910e9875d,runplan_ddfd0ff85d087e32,cell_979fc380e1d257ea7f19,housing_v1__experiment__000008,housing_v1,housing_controlled_model_landlords_experiment,episode_attempt_1a9c6ba7134654491d0f,3d74ba2c231e5a4fde2b64f32c4409d52aca7d46dac49b9b80fdf0b6eac52f09,included,housing_social_welfare_leaf,1.0.0,social_welfare,1.0.0,capture,tenant_4,tenant_4,605.62,utility_points,"{""disagreement_utility"":0.0}",ok,valid,[],"[""event_00000269""]",evaluation_receipt,episode_attempt_1a9c6ba7134654491d0f,3d74ba2c231e5a4fde2b64f32c4409d52aca7d46dac49b9b80fdf0b6eac52f09,true
result_9dd9da86c5cecd4cc4c6406c,runplan_ddfd0ff85d087e32,cell_979fc380e1d257ea7f19,housing_v1__experiment__000008,housing_v1,housing_controlled_model_landlords_experiment,episode_attempt_1a9c6ba7134654491d0f,3d74ba2c231e5a4fde2b64f32c4409d52aca7d46dac49b9b80fdf0b6eac52f09,included,housing_social_welfare_leaf,1.0.0,social_welfare,1.0.0,capture,tenant_5,tenant_5,0.0,utility_points,"{""disagreement_utility"":0.0}",ok,valid,[],"[""event_00000269""]",evaluation_receipt,episode_attempt_1a9c6ba7134654491d0f,3d74ba2c231e5a4fde2b64f32c4409d52aca7d46dac49b9b80fdf0b6eac52f09,true
result_d782321868c6f8857fc8cd56,runplan_ddfd0ff85d087e32,cell_cec304db87cd915d06b1,housing_v1__experiment__000003,housing_v1,housing_controlled_model_landlords_experiment,episode_attempt_80b7c2e10a4b597cdd51,e1723726c0cc7f0145558e7cfb83f4d340236ec95af3bcc966bf5de0a4b10c58,included,housing_social_welfare_leaf,1.0.0,social_welfare,1.0.0,primary,social_welfare,,782.07,utility_points,{},ok,valid,[],"[""event_00000227""]",evaluation_receipt,episode_attempt_80b7c2e10a4b597cdd51,e1723726c0cc7f0145558e7cfb83f4d340236ec95af3bcc966bf5de0a4b10c58,true
result_d95ce3a07b686ed87d7d9676,runplan_ddfd0ff85d087e32,cell_cec304db87cd915d06b1,housing_v1__experiment__000003,housing_v1,housing_controlled_model_landlords_experiment,episode_attempt_80b7c2e10a4b597cdd51,e1723726c0cc7f0145558e7cfb83f4d340236ec95af3bcc966bf5de0a4b10c58,included,housing_social_welfare_leaf,1.0.0,social_welfare,1.0.0,metric,comparison_baseline_gap,,-4.969999999999914,utility_points,{},ok,valid,[],"[""event_00000227""]",evaluation_receipt,episode_attempt_80b7c2e10a4b597cdd51,e1723726c0cc7f0145558e7cfb83f4d340236ec95af3bcc966bf5de0a4b10c58,true
result_5b2f84f3cd0b59430a6a5f05,runplan_ddfd0ff85d087e32,cell_cec304db87cd915d06b1,housing_v1__experiment__000003,housing_v1,housing_controlled_model_landlords_experiment,episode_attempt_80b7c2e10a4b597cdd51,e1723726c0cc7f0145558e7cfb83f4d340236ec95af3bcc966bf5de0a4b10c58,included,housing_social_welfare_leaf,1.0.0,social_welfare,1.0.0,metric,ir_violation_count,,0.0,count,{},ok,valid,[],"[""event_00000227""]",evaluation_receipt,episode_attempt_80b7c2e10a4b597cdd51,e1723726c0cc7f0145558e7cfb83f4d340236ec95af3bcc966bf5de0a4b10c58,true
result_87a37143c3b7902e4257c0c1,runplan_ddfd0ff85d087e32,cell_cec304db87cd915d06b1,housing_v1__experiment__000003,housing_v1,housing_controlled_model_landlords_experiment,episode_attempt_80b7c2e10a4b597cdd51,e1723726c0cc7f0145558e7cfb83f4d340236ec95af3bcc966bf5de0a4b10c58,included,housing_social_welfare_leaf,1.0.0,social_welfare,1.0.0,metric,social_welfare,,782.07,utility_points,{},ok,valid,[],"[""event_00000227""]",evaluation_receipt,episode_attempt_80b7c2e10a4b597cdd51,e1723726c0cc7f0145558e7cfb83f4d340236ec95af3bcc966bf5de0a4b10c58,true
result_355fb454b94bef85cdcc523d,runplan_ddfd0ff85d087e32,cell_cec304db87cd915d06b1,housing_v1__experiment__000003,housing_v1,housing_controlled_model_landlords_experiment,episode_attempt_80b7c2e10a4b597cdd51,e1723726c0cc7f0145558e7cfb83f4d340236ec95af3bcc966bf5de0a4b10c58,included,housing_social_welfare_leaf,1.0.0,social_welfare,1.0.0,metric,upper_bound_gap,,216.16999999999996,utility_points,{},ok,valid,[],"[""event_00000227""]",evaluation_receipt,episode_attempt_80b7c2e10a4b597cdd51,e1723726c0cc7f0145558e7cfb83f4d340236ec95af3bcc966bf5de0a4b10c58,true
result_b86feb8df001709f44856343,runplan_ddfd0ff85d087e32,cell_cec304db87cd915d06b1,housing_v1__experiment__000003,housing_v1,housing_controlled_model_landlords_experiment,episode_attempt_80b7c2e10a4b597cdd51,e1723726c0cc7f0145558e7cfb83f4d340236ec95af3bcc966bf5de0a4b10c58,included,housing_social_welfare_leaf,1.0.0,social_welfare,1.0.0,metric,wasted_contacts,,5.0,count,{},ok,valid,[],"[""event_00000227""]",evaluation_receipt,episode_attempt_80b7c2e10a4b597cdd51,e1723726c0cc7f0145558e7cfb83f4d340236ec95af3bcc966bf5de0a4b10c58,true
result_747fd25fef83300b392082f9,runplan_ddfd0ff85d087e32,cell_cec304db87cd915d06b1,housing_v1__experiment__000003,housing_v1,housing_controlled_model_landlords_experiment,episode_attempt_80b7c2e10a4b597cdd51,e1723726c0cc7f0145558e7cfb83f4d340236ec95af3bcc966bf5de0a4b10c58,included,housing_social_welfare_leaf,1.0.0,social_welfare,1.0.0,metric,within_case_score,,0.7834488700112198,ratio,{},ok,valid,[],"[""event_00000227""]",evaluation_receipt,episode_attempt_80b7c2e10a4b597cdd51,e1723726c0cc7f0145558e7cfb83f4d340236ec95af3bcc966bf5de0a4b10c58,true
result_423af3d47e9841967f74212b,runplan_ddfd0ff85d087e32,cell_cec304db87cd915d06b1,housing_v1__experiment__000003,housing_v1,housing_controlled_model_landlords_experiment,episode_attempt_80b7c2e10a4b597cdd51,e1723726c0cc7f0145558e7cfb83f4d340236ec95af3bcc966bf5de0a4b10c58,included,housing_social_welfare_leaf,1.0.0,social_welfare,1.0.0,reference,comparison_baseline,,787.04,utility_points,"{""policy"":""naive"",""reference_kind"":""comparison_baseline""}",ok,valid,[],"[""event_00000227""]",evaluation_receipt,episode_attempt_80b7c2e10a4b597cdd51,e1723726c0cc7f0145558e7cfb83f4d340236ec95af3bcc966bf5de0a4b10c58,true
result_81b0b833ab8509a7ccc10339,runplan_ddfd0ff85d087e32,cell_cec304db87cd915d06b1,housing_v1__experiment__000003,housing_v1,housing_controlled_model_landlords_experiment,episode_attempt_80b7c2e10a4b597cdd51,e1723726c0cc7f0145558e7cfb83f4d340236ec95af3bcc966bf5de0a4b10c58,included,housing_social_welfare_leaf,1.0.0,social_welfare,1.0.0,reference,optimum_lower_bound,,0.0,utility_points,"{""policy"":""do_nothing"",""reference_kind"":""objective_lower_bound""}",ok,valid,[],"[""event_00000227""]",evaluation_receipt,episode_attempt_80b7c2e10a4b597cdd51,e1723726c0cc7f0145558e7cfb83f4d340236ec95af3bcc966bf5de0a4b10c58,true
result_f9da1312cd3bf7d55c8b1fca,runplan_ddfd0ff85d087e32,cell_cec304db87cd915d06b1,housing_v1__experiment__000003,housing_v1,housing_controlled_model_landlords_experiment,episode_attempt_80b7c2e10a4b597cdd51,e1723726c0cc7f0145558e7cfb83f4d340236ec95af3bcc966bf5de0a4b10c58,included,housing_social_welfare_leaf,1.0.0,social_welfare,1.0.0,reference,optimum_upper_bound,,998.24,utility_points,"{""reference_kind"":""objective_upper_bound"",""semantics"":""full_information_allocation_relaxation""}",ok,valid,[],"[""event_00000227""]",evaluation_receipt,episode_attempt_80b7c2e10a4b597cdd51,e1723726c0cc7f0145558e7cfb83f4d340236ec95af3bcc966bf5de0a4b10c58,true
result_959883cf6e42d6fbd8b7ce01,runplan_ddfd0ff85d087e32,cell_cec304db87cd915d06b1,housing_v1__experiment__000003,housing_v1,housing_controlled_model_landlords_experiment,episode_attempt_80b7c2e10a4b597cdd51,e1723726c0cc7f0145558e7cfb83f4d340236ec95af3bcc966bf5de0a4b10c58,included,housing_social_welfare_leaf,1.0.0,social_welfare,1.0.0,utility,landlord_0,landlord_0,51.85,utility_points,"{""disagreement_utility"":0.0}",ok,valid,[],"[""event_00000227""]",evaluation_receipt,episode_attempt_80b7c2e10a4b597cdd51,e1723726c0cc7f0145558e7cfb83f4d340236ec95af3bcc966bf5de0a4b10c58,true
result_b8bc2d3b2376c1ec926774a7,runplan_ddfd0ff85d087e32,cell_cec304db87cd915d06b1,housing_v1__experiment__000003,housing_v1,housing_controlled_model_landlords_experiment,episode_attempt_80b7c2e10a4b597cdd51,e1723726c0cc7f0145558e7cfb83f4d340236ec95af3bcc966bf5de0a4b10c58,included,housing_social_welfare_leaf,1.0.0,social_welfare,1.0.0,utility,landlord_1,landlord_1,66.45,utility_points,"{""disagreement_utility"":0.0}",ok,valid,[],"[""event_00000227""]",evaluation_receipt,episode_attempt_80b7c2e10a4b597cdd51,e1723726c0cc7f0145558e7cfb83f4d340236ec95af3bcc966bf5de0a4b10c58,true
result_b4be37ad35f30f35dcd58ede,runplan_ddfd0ff85d087e32,cell_cec304db87cd915d06b1,housing_v1__experiment__000003,housing_v1,housing_controlled_model_landlords_experiment,episode_attempt_80b7c2e10a4b597cdd51,e1723726c0cc7f0145558e7cfb83f4d340236ec95af3bcc966bf5de0a4b10c58,included,housing_social_welfare_leaf,1.0.0,social_welfare,1.0.0,utility,landlord_2,landlord_2,76.96,utility_points,"{""disagreement_utility"":0.0}",ok,valid,[],"[""event_00000227""]",evaluation_receipt,episode_attempt_80b7c2e10a4b597cdd51,e1723726c0cc7f0145558e7cfb83f4d340236ec95af3bcc966bf5de0a4b10c58,true
result_56502a277cca54b3609fd566,runplan_ddfd0ff85d087e32,cell_cec304db87cd915d06b1,housing_v1__experiment__000003,housing_v1,housing_controlled_model_landlords_experiment,episode_attempt_80b7c2e10a4b597cdd51,e1723726c0cc7f0145558e7cfb83f4d340236ec95af3bcc966bf5de0a4b10c58,included,housing_social_welfare_leaf,1.0.0,social_welfare,1.0.0,utility,landlord_3,landlord_3,46.11,utility_points,"{""disagreement_utility"":0.0}",ok,valid,[],"[""event_00000227""]",evaluation_receipt,episode_attempt_80b7c2e10a4b597cdd51,e1723726c0cc7f0145558e7cfb83f4d340236ec95af3bcc966bf5de0a4b10c58,true
result_a54d309a3082584072a2ef86,runplan_ddfd0ff85d087e32,cell_cec304db87cd915d06b1,housing_v1__experiment__000003,housing_v1,housing_controlled_model_landlords_experiment,episode_attempt_80b7c2e10a4b597cdd51,e1723726c0cc7f0145558e7cfb83f4d340236ec95af3bcc966bf5de0a4b10c58,included,housing_social_welfare_leaf,1.0.0,social_welfare,1.0.0,utility,tenant_0,tenant_0,144.2,utility_points,"{""disagreement_utility"":0.0}",ok,valid,[],"[""event_00000227""]",evaluation_receipt,episode_attempt_80b7c2e10a4b597cdd51,e1723726c0cc7f0145558e7cfb83f4d340236ec95af3bcc966bf5de0a4b10c58,true
result_bdc11d51ece07b602bc87529,runplan_ddfd0ff85d087e32,cell_cec304db87cd915d06b1,housing_v1__experiment__000003,housing_v1,housing_controlled_model_landlords_experiment,episode_attempt_80b7c2e10a4b597cdd51,e1723726c0cc7f0145558e7cfb83f4d340236ec95af3bcc966bf5de0a4b10c58,included,housing_social_welfare_leaf,1.0.0,social_welfare,1.0.0,utility,tenant_1,tenant_1,47.38,utility_points,"{""disagreement_utility"":0.0}",ok,valid,[],"[""event_00000227""]",evaluation_receipt,episode_attempt_80b7c2e10a4b597cdd51,e1723726c0cc7f0145558e7cfb83f4d340236ec95af3bcc966bf5de0a4b10c58,true
result_695005ccef567c34d90684ae,runplan_ddfd0ff85d087e32,cell_cec304db87cd915d06b1,housing_v1__experiment__000003,housing_v1,housing_controlled_model_landlords_experiment,episode_attempt_80b7c2e10a4b597cdd51,e1723726c0cc7f0145558e7cfb83f4d340236ec95af3bcc966bf5de0a4b10c58,included,housing_social_welfare_leaf,1.0.0,social_welfare,1.0.0,utility,tenant_2,tenant_2,0.0,utility_points,"{""disagreement_utility"":0.0}",ok,valid,[],"[""event_00000227""]",evaluation_receipt,episode_attempt_80b7c2e10a4b597cdd51,e1723726c0cc7f0145558e7cfb83f4d340236ec95af3bcc966bf5de0a4b10c58,true
result_8cff8bb1e96133faeea4e2cc,runplan_ddfd0ff85d087e32,cell_cec304db87cd915d06b1,housing_v1__experiment__000003,housing_v1,housing_controlled_model_landlords_experiment,episode_attempt_80b7c2e10a4b597cdd51,e1723726c0cc7f0145558e7cfb83f4d340236ec95af3bcc966bf5de0a4b10c58,included,housing_social_welfare_leaf,1.0.0,social_welfare,1.0.0,utility,tenant_3,tenant_3,328.19,utility_points,"{""disagreement_utility"":0.0}",ok,valid,[],"[""event_00000227""]",evaluation_receipt,episode_attempt_80b7c2e10a4b597cdd51,e1723726c0cc7f0145558e7cfb83f4d340236ec95af3bcc966bf5de0a4b10c58,true
result_2a927f3471dbaee8ef62e935,runplan_ddfd0ff85d087e32,cell_cec304db87cd915d06b1,housing_v1__experiment__000003,housing_v1,housing_controlled_model_landlords_experiment,episode_attempt_80b7c2e10a4b597cdd51,e1723726c0cc7f0145558e7cfb83f4d340236ec95af3bcc966bf5de0a4b10c58,included,housing_social_welfare_leaf,1.0.0,social_welfare,1.0.0,utility,tenant_4,tenant_4,20.93,utility_points,"{""disagreement_utility"":0.0}",ok,valid,[],"[""event_00000227""]",evaluation_receipt,episode_attempt_80b7c2e10a4b597cdd51,e1723726c0cc7f0145558e7cfb83f4d340236ec95af3bcc966bf5de0a4b10c58,true
result_0226c4d47bb7b81777e2e32e,runplan_ddfd0ff85d087e32,cell_cec304db87cd915d06b1,housing_v1__experiment__000003,housing_v1,housing_controlled_model_landlords_experiment,episode_attempt_80b7c2e10a4b597cdd51,e1723726c0cc7f0145558e7cfb83f4d340236ec95af3bcc966bf5de0a4b10c58,included,housing_social_welfare_leaf,1.0.0,social_welfare,1.0.0,utility,tenant_5,tenant_5,0.0,utility_points,"{""disagreement_utility"":0.0}",ok,valid,[],"[""event_00000227""]",evaluation_receipt,episode_attempt_80b7c2e10a4b597cdd51,e1723726c0cc7f0145558e7cfb83f4d340236ec95af3bcc966bf5de0a4b10c58,true
result_a3be40de09ca9934bebe0df3,runplan_ddfd0ff85d087e32,cell_cec304db87cd915d06b1,housing_v1__experiment__000003,housing_v1,housing_controlled_model_landlords_experiment,episode_attempt_80b7c2e10a4b597cdd51,e1723726c0cc7f0145558e7cfb83f4d340236ec95af3bcc966bf5de0a4b10c58,included,housing_social_welfare_leaf,1.0.0,social_welfare,1.0.0,capture,landlord_0,landlord_0,51.85,utility_points,"{""disagreement_utility"":0.0}",ok,valid,[],"[""event_00000227""]",evaluation_receipt,episode_attempt_80b7c2e10a4b597cdd51,e1723726c0cc7f0145558e7cfb83f4d340236ec95af3bcc966bf5de0a4b10c58,true
result_dae254d4f22b39825f0670c2,runplan_ddfd0ff85d087e32,cell_cec304db87cd915d06b1,housing_v1__experiment__000003,housing_v1,housing_controlled_model_landlords_experiment,episode_attempt_80b7c2e10a4b597cdd51,e1723726c0cc7f0145558e7cfb83f4d340236ec95af3bcc966bf5de0a4b10c58,included,housing_social_welfare_leaf,1.0.0,social_welfare,1.0.0,capture,landlord_1,landlord_1,66.45,utility_points,"{""disagreement_utility"":0.0}",ok,valid,[],"[""event_00000227""]",evaluation_receipt,episode_attempt_80b7c2e10a4b597cdd51,e1723726c0cc7f0145558e7cfb83f4d340236ec95af3bcc966bf5de0a4b10c58,true
result_ceafcaa114c06d158bd39d8a,runplan_ddfd0ff85d087e32,cell_cec304db87cd915d06b1,housing_v1__experiment__000003,housing_v1,housing_controlled_model_landlords_experiment,episode_attempt_80b7c2e10a4b597cdd51,e1723726c0cc7f0145558e7cfb83f4d340236ec95af3bcc966bf5de0a4b10c58,included,housing_social_welfare_leaf,1.0.0,social_welfare,1.0.0,capture,landlord_2,landlord_2,76.96,utility_points,"{""disagreement_utility"":0.0}",ok,valid,[],"[""event_00000227""]",evaluation_receipt,episode_attempt_80b7c2e10a4b597cdd51,e1723726c0cc7f0145558e7cfb83f4d340236ec95af3bcc966bf5de0a4b10c58,true
result_4c18c36d43685256668324ec,runplan_ddfd0ff85d087e32,cell_cec304db87cd915d06b1,housing_v1__experiment__000003,housing_v1,housing_controlled_model_landlords_experiment,episode_attempt_80b7c2e10a4b597cdd51,e1723726c0cc7f0145558e7cfb83f4d340236ec95af3bcc966bf5de0a4b10c58,included,housing_social_welfare_leaf,1.0.0,social_welfare,1.0.0,capture,landlord_3,landlord_3,46.11,utility_points,"{""disagreement_utility"":0.0}",ok,valid,[],"[""event_00000227""]",evaluation_receipt,episode_attempt_80b7c2e10a4b597cdd51,e1723726c0cc7f0145558e7cfb83f4d340236ec95af3bcc966bf5de0a4b10c58,true
result_9fe083ae06c4431268da8a85,runplan_ddfd0ff85d087e32,cell_cec304db87cd915d06b1,housing_v1__experiment__000003,housing_v1,housing_controlled_model_landlords_experiment,episode_attempt_80b7c2e10a4b597cdd51,e1723726c0cc7f0145558e7cfb83f4d340236ec95af3bcc966bf5de0a4b10c58,included,housing_social_welfare_leaf,1.0.0,social_welfare,1.0.0,capture,tenant_0,tenant_0,144.2,utility_points,"{""disagreement_utility"":0.0}",ok,valid,[],"[""event_00000227""]",evaluation_receipt,episode_attempt_80b7c2e10a4b597cdd51,e1723726c0cc7f0145558e7cfb83f4d340236ec95af3bcc966bf5de0a4b10c58,true
result_0dcbf38035382592a2631194,runplan_ddfd0ff85d087e32,cell_cec304db87cd915d06b1,housing_v1__experiment__000003,housing_v1,housing_controlled_model_landlords_experiment,episode_attempt_80b7c2e10a4b597cdd51,e1723726c0cc7f0145558e7cfb83f4d340236ec95af3bcc966bf5de0a4b10c58,included,housing_social_welfare_leaf,1.0.0,social_welfare,1.0.0,capture,tenant_1,tenant_1,47.38,utility_points,"{""disagreement_utility"":0.0}",ok,valid,[],"[""event_00000227""]",evaluation_receipt,episode_attempt_80b7c2e10a4b597cdd51,e1723726c0cc7f0145558e7cfb83f4d340236ec95af3bcc966bf5de0a4b10c58,true
result_2ce8a95a26b7a040f78c70ec,runplan_ddfd0ff85d087e32,cell_cec304db87cd915d06b1,housing_v1__experiment__000003,housing_v1,housing_controlled_model_landlords_experiment,episode_attempt_80b7c2e10a4b597cdd51,e1723726c0cc7f0145558e7cfb83f4d340236ec95af3bcc966bf5de0a4b10c58,included,housing_social_welfare_leaf,1.0.0,social_welfare,1.0.0,capture,tenant_2,tenant_2,0.0,utility_points,"{""disagreement_utility"":0.0}",ok,valid,[],"[""event_00000227""]",evaluation_receipt,episode_attempt_80b7c2e10a4b597cdd51,e1723726c0cc7f0145558e7cfb83f4d340236ec95af3bcc966bf5de0a4b10c58,true
result_173ba79eeb09c75f93038be2,runplan_ddfd0ff85d087e32,cell_cec304db87cd915d06b1,housing_v1__experiment__000003,housing_v1,housing_controlled_model_landlords_experiment,episode_attempt_80b7c2e10a4b597cdd51,e1723726c0cc7f0145558e7cfb83f4d340236ec95af3bcc966bf5de0a4b10c58,included,housing_social_welfare_leaf,1.0.0,social_welfare,1.0.0,capture,tenant_3,tenant_3,328.19,utility_points,"{""disagreement_utility"":0.0}",ok,valid,[],"[""event_00000227""]",evaluation_receipt,episode_attempt_80b7c2e10a4b597cdd51,e1723726c0cc7f0145558e7cfb83f4d340236ec95af3bcc966bf5de0a4b10c58,true
result_0706de45e4ba967923770435,runplan_ddfd0ff85d087e32,cell_cec304db87cd915d06b1,housing_v1__experiment__000003,housing_v1,housing_controlled_model_landlords_experiment,episode_attempt_80b7c2e10a4b597cdd51,e1723726c0cc7f0145558e7cfb83f4d340236ec95af3bcc966bf5de0a4b10c58,included,housing_social_welfare_leaf,1.0.0,social_welfare,1.0.0,capture,tenant_4,tenant_4,20.93,utility_points,"{""disagreement_utility"":0.0}",ok,valid,[],"[""event_00000227""]",evaluation_receipt,episode_attempt_80b7c2e10a4b597cdd51,e1723726c0cc7f0145558e7cfb83f4d340236ec95af3bcc966bf5de0a4b10c58,true
result_7c56a1cf58b9bbb4b7e61e7e,runplan_ddfd0ff85d087e32,cell_cec304db87cd915d06b1,housing_v1__experiment__000003,housing_v1,housing_controlled_model_landlords_experiment,episode_attempt_80b7c2e10a4b597cdd51,e1723726c0cc7f0145558e7cfb83f4d340236ec95af3bcc966bf5de0a4b10c58,included,housing_social_welfare_leaf,1.0.0,social_welfare,1.0.0,capture,tenant_5,tenant_5,0.0,utility_points,"{""disagreement_utility"":0.0}",ok,valid,[],"[""event_00000227""]",evaluation_receipt,episode_attempt_80b7c2e10a4b597cdd51,e1723726c0cc7f0145558e7cfb83f4d340236ec95af3bcc966bf5de0a4b10c58,true
result_5cabb8e86bc2dd9f6f607e12,runplan_ddfd0ff85d087e32,cell_db32f5542933e8ba406a,housing_v1__experiment__000007,housing_v1,housing_controlled_model_landlords_experiment,episode_attempt_d3c24d740b64cd44be2b,a1b00336668595727b054dce7238fae4bad197557605f11c23b7bc274f4275d6,included,housing_social_welfare_leaf,1.0.0,social_welfare,1.0.0,primary,social_welfare,,1235.73,utility_points,{},ok,valid,[],"[""event_00000227""]",evaluation_receipt,episode_attempt_d3c24d740b64cd44be2b,a1b00336668595727b054dce7238fae4bad197557605f11c23b7bc274f4275d6,true
result_2129d2b7ca71cca7409bad5b,runplan_ddfd0ff85d087e32,cell_db32f5542933e8ba406a,housing_v1__experiment__000007,housing_v1,housing_controlled_model_landlords_experiment,episode_attempt_d3c24d740b64cd44be2b,a1b00336668595727b054dce7238fae4bad197557605f11c23b7bc274f4275d6,included,housing_social_welfare_leaf,1.0.0,social_welfare,1.0.0,metric,comparison_baseline_gap,,127.52999999999997,utility_points,{},ok,valid,[],"[""event_00000227""]",evaluation_receipt,episode_attempt_d3c24d740b64cd44be2b,a1b00336668595727b054dce7238fae4bad197557605f11c23b7bc274f4275d6,true
result_8ed13405f262ed114e6fda1e,runplan_ddfd0ff85d087e32,cell_db32f5542933e8ba406a,housing_v1__experiment__000007,housing_v1,housing_controlled_model_landlords_experiment,episode_attempt_d3c24d740b64cd44be2b,a1b00336668595727b054dce7238fae4bad197557605f11c23b7bc274f4275d6,included,housing_social_welfare_leaf,1.0.0,social_welfare,1.0.0,metric,ir_violation_count,,0.0,count,{},ok,valid,[],"[""event_00000227""]",evaluation_receipt,episode_attempt_d3c24d740b64cd44be2b,a1b00336668595727b054dce7238fae4bad197557605f11c23b7bc274f4275d6,true
result_05f5674fe4ebf8f172962511,runplan_ddfd0ff85d087e32,cell_db32f5542933e8ba406a,housing_v1__experiment__000007,housing_v1,housing_controlled_model_landlords_experiment,episode_attempt_d3c24d740b64cd44be2b,a1b00336668595727b054dce7238fae4bad197557605f11c23b7bc274f4275d6,included,housing_social_welfare_leaf,1.0.0,social_welfare,1.0.0,metric,social_welfare,,1235.73,utility_points,{},ok,valid,[],"[""event_00000227""]",evaluation_receipt,episode_attempt_d3c24d740b64cd44be2b,a1b00336668595727b054dce7238fae4bad197557605f11c23b7bc274f4275d6,true
result_c3a4cae967ed82af5f7c347b,runplan_ddfd0ff85d087e32,cell_db32f5542933e8ba406a,housing_v1__experiment__000007,housing_v1,housing_controlled_model_landlords_experiment,episode_attempt_d3c24d740b64cd44be2b,a1b00336668595727b054dce7238fae4bad197557605f11c23b7bc274f4275d6,included,housing_social_welfare_leaf,1.0.0,social_welfare,1.0.0,metric,upper_bound_gap,,88.87999999999988,utility_points,{},ok,valid,[],"[""event_00000227""]",evaluation_receipt,episode_attempt_d3c24d740b64cd44be2b,a1b00336668595727b054dce7238fae4bad197557605f11c23b7bc274f4275d6,true
result_9dfa4ceb3344414e710f12a1,runplan_ddfd0ff85d087e32,cell_db32f5542933e8ba406a,housing_v1__experiment__000007,housing_v1,housing_controlled_model_landlords_experiment,episode_attempt_d3c24d740b64cd44be2b,a1b00336668595727b054dce7238fae4bad197557605f11c23b7bc274f4275d6,included,housing_social_welfare_leaf,1.0.0,social_welfare,1.0.0,metric,wasted_contacts,,5.0,count,{},ok,valid,[],"[""event_00000227""]",evaluation_receipt,episode_attempt_d3c24d740b64cd44be2b,a1b00336668595727b054dce7238fae4bad197557605f11c23b7bc274f4275d6,true
result_492f9b826f77b816dcfdcd7a,runplan_ddfd0ff85d087e32,cell_db32f5542933e8ba406a,housing_v1__experiment__000007,housing_v1,housing_controlled_model_landlords_experiment,episode_attempt_d3c24d740b64cd44be2b,a1b00336668595727b054dce7238fae4bad197557605f11c23b7bc274f4275d6,included,housing_social_welfare_leaf,1.0.0,social_welfare,1.0.0,metric,within_case_score,,0.9329010048240615,ratio,{},ok,valid,[],"[""event_00000227""]",evaluation_receipt,episode_attempt_d3c24d740b64cd44be2b,a1b00336668595727b054dce7238fae4bad197557605f11c23b7bc274f4275d6,true
result_841414c309287f5f7459eceb,runplan_ddfd0ff85d087e32,cell_db32f5542933e8ba406a,housing_v1__experiment__000007,housing_v1,housing_controlled_model_landlords_experiment,episode_attempt_d3c24d740b64cd44be2b,a1b00336668595727b054dce7238fae4bad197557605f11c23b7bc274f4275d6,included,housing_social_welfare_leaf,1.0.0,social_welfare,1.0.0,reference,comparison_baseline,,1108.2,utility_points,"{""policy"":""naive"",""reference_kind"":""comparison_baseline""}",ok,valid,[],"[""event_00000227""]",evaluation_receipt,episode_attempt_d3c24d740b64cd44be2b,a1b00336668595727b054dce7238fae4bad197557605f11c23b7bc274f4275d6,true
result_bfb3d1fdda37cfa38ad0027a,runplan_ddfd0ff85d087e32,cell_db32f5542933e8ba406a,housing_v1__experiment__000007,housing_v1,housing_controlled_model_landlords_experiment,episode_attempt_d3c24d740b64cd44be2b,a1b00336668595727b054dce7238fae4bad197557605f11c23b7bc274f4275d6,included,housing_social_welfare_leaf,1.0.0,social_welfare,1.0.0,reference,optimum_lower_bound,,0.0,utility_points,"{""policy"":""do_nothing"",""reference_kind"":""objective_lower_bound""}",ok,valid,[],"[""event_00000227""]",evaluation_receipt,episode_attempt_d3c24d740b64cd44be2b,a1b00336668595727b054dce7238fae4bad197557605f11c23b7bc274f4275d6,true
result_57d5655146eab5960ae7c04f,runplan_ddfd0ff85d087e32,cell_db32f5542933e8ba406a,housing_v1__experiment__000007,housing_v1,housing_controlled_model_landlords_experiment,episode_attempt_d3c24d740b64cd44be2b,a1b00336668595727b054dce7238fae4bad197557605f11c23b7bc274f4275d6,included,housing_social_welfare_leaf,1.0.0,social_welfare,1.0.0,reference,optimum_upper_bound,,1324.61,utility_points,"{""reference_kind"":""objective_upper_bound"",""semantics"":""full_information_allocation_relaxation""}",ok,valid,[],"[""event_00000227""]",evaluation_receipt,episode_attempt_d3c24d740b64cd44be2b,a1b00336668595727b054dce7238fae4bad197557605f11c23b7bc274f4275d6,true
result_30019f85598093b04d206797,runplan_ddfd0ff85d087e32,cell_db32f5542933e8ba406a,housing_v1__experiment__000007,housing_v1,housing_controlled_model_landlords_experiment,episode_attempt_d3c24d740b64cd44be2b,a1b00336668595727b054dce7238fae4bad197557605f11c23b7bc274f4275d6,included,housing_social_welfare_leaf,1.0.0,social_welfare,1.0.0,utility,landlord_0,landlord_0,23.64,utility_points,"{""disagreement_utility"":0.0}",ok,valid,[],"[""event_00000227""]",evaluation_receipt,episode_attempt_d3c24d740b64cd44be2b,a1b00336668595727b054dce7238fae4bad197557605f11c23b7bc274f4275d6,true
result_74e70fecb94f0e64720297d9,runplan_ddfd0ff85d087e32,cell_db32f5542933e8ba406a,housing_v1__experiment__000007,housing_v1,housing_controlled_model_landlords_experiment,episode_attempt_d3c24d740b64cd44be2b,a1b00336668595727b054dce7238fae4bad197557605f11c23b7bc274f4275d6,included,housing_social_welfare_leaf,1.0.0,social_welfare,1.0.0,utility,landlord_1,landlord_1,26.68,utility_points,"{""disagreement_utility"":0.0}",ok,valid,[],"[""event_00000227""]",evaluation_receipt,episode_attempt_d3c24d740b64cd44be2b,a1b00336668595727b054dce7238fae4bad197557605f11c23b7bc274f4275d6,true
result_0758db7c46e1726d95dcab9f,runplan_ddfd0ff85d087e32,cell_db32f5542933e8ba406a,housing_v1__experiment__000007,housing_v1,housing_controlled_model_landlords_experiment,episode_attempt_d3c24d740b64cd44be2b,a1b00336668595727b054dce7238fae4bad197557605f11c23b7bc274f4275d6,included,housing_social_welfare_leaf,1.0.0,social_welfare,1.0.0,utility,landlord_2,landlord_2,0.0,utility_points,"{""disagreement_utility"":0.0}",ok,valid,[],"[""event_00000227""]",evaluation_receipt,episode_attempt_d3c24d740b64cd44be2b,a1b00336668595727b054dce7238fae4bad197557605f11c23b7bc274f4275d6,true
result_8bfa834c7cbd2fa787cda3d1,runplan_ddfd0ff85d087e32,cell_db32f5542933e8ba406a,housing_v1__experiment__000007,housing_v1,housing_controlled_model_landlords_experiment,episode_attempt_d3c24d740b64cd44be2b,a1b00336668595727b054dce7238fae4bad197557605f11c23b7bc274f4275d6,included,housing_social_welfare_leaf,1.0.0,social_welfare,1.0.0,utility,landlord_3,landlord_3,124.7,utility_points,"{""disagreement_utility"":0.0}",ok,valid,[],"[""event_00000227""]",evaluation_receipt,episode_attempt_d3c24d740b64cd44be2b,a1b00336668595727b054dce7238fae4bad197557605f11c23b7bc274f4275d6,true
result_ac2a30a561fa0257fc772cf5,runplan_ddfd0ff85d087e32,cell_db32f5542933e8ba406a,housing_v1__experiment__000007,housing_v1,housing_controlled_model_landlords_experiment,episode_attempt_d3c24d740b64cd44be2b,a1b00336668595727b054dce7238fae4bad197557605f11c23b7bc274f4275d6,included,housing_social_welfare_leaf,1.0.0,social_welfare,1.0.0,utility,tenant_0,tenant_0,531.25,utility_points,"{""disagreement_utility"":0.0}",ok,valid,[],"[""event_00000227""]",evaluation_receipt,episode_attempt_d3c24d740b64cd44be2b,a1b00336668595727b054dce7238fae4bad197557605f11c23b7bc274f4275d6,true
result_b818814c456117877acb6d2d,runplan_ddfd0ff85d087e32,cell_db32f5542933e8ba406a,housing_v1__experiment__000007,housing_v1,housing_controlled_model_landlords_experiment,episode_attempt_d3c24d740b64cd44be2b,a1b00336668595727b054dce7238fae4bad197557605f11c23b7bc274f4275d6,included,housing_social_welfare_leaf,1.0.0,social_welfare,1.0.0,utility,tenant_1,tenant_1,0.0,utility_points,"{""disagreement_utility"":0.0}",ok,valid,[],"[""event_00000227""]",evaluation_receipt,episode_attempt_d3c24d740b64cd44be2b,a1b00336668595727b054dce7238fae4bad197557605f11c23b7bc274f4275d6,true
result_5d95e7da53643a4f99765295,runplan_ddfd0ff85d087e32,cell_db32f5542933e8ba406a,housing_v1__experiment__000007,housing_v1,housing_controlled_model_landlords_experiment,episode_attempt_d3c24d740b64cd44be2b,a1b00336668595727b054dce7238fae4bad197557605f11c23b7bc274f4275d6,included,housing_social_welfare_leaf,1.0.0,social_welfare,1.0.0,utility,tenant_2,tenant_2,0.0,utility_points,"{""disagreement_utility"":0.0}",ok,valid,[],"[""event_00000227""]",evaluation_receipt,episode_attempt_d3c24d740b64cd44be2b,a1b00336668595727b054dce7238fae4bad197557605f11c23b7bc274f4275d6,true
result_a63c92dde1b682c93417f547,runplan_ddfd0ff85d087e32,cell_db32f5542933e8ba406a,housing_v1__experiment__000007,housing_v1,housing_controlled_model_landlords_experiment,episode_attempt_d3c24d740b64cd44be2b,a1b00336668595727b054dce7238fae4bad197557605f11c23b7bc274f4275d6,included,housing_social_welfare_leaf,1.0.0,social_welfare,1.0.0,utility,tenant_3,tenant_3,29.22,utility_points,"{""disagreement_utility"":0.0}",ok,valid,[],"[""event_00000227""]",evaluation_receipt,episode_attempt_d3c24d740b64cd44be2b,a1b00336668595727b054dce7238fae4bad197557605f11c23b7bc274f4275d6,true
result_f077567131aacad64f7977cb,runplan_ddfd0ff85d087e32,cell_db32f5542933e8ba406a,housing_v1__experiment__000007,housing_v1,housing_controlled_model_landlords_experiment,episode_attempt_d3c24d740b64cd44be2b,a1b00336668595727b054dce7238fae4bad197557605f11c23b7bc274f4275d6,included,housing_social_welfare_leaf,1.0.0,social_welfare,1.0.0,utility,tenant_4,tenant_4,500.24,utility_points,"{""disagreement_utility"":0.0}",ok,valid,[],"[""event_00000227""]",evaluation_receipt,episode_attempt_d3c24d740b64cd44be2b,a1b00336668595727b054dce7238fae4bad197557605f11c23b7bc274f4275d6,true
result_762c6d0e4c749c02ff7041a4,runplan_ddfd0ff85d087e32,cell_db32f5542933e8ba406a,housing_v1__experiment__000007,housing_v1,housing_controlled_model_landlords_experiment,episode_attempt_d3c24d740b64cd44be2b,a1b00336668595727b054dce7238fae4bad197557605f11c23b7bc274f4275d6,included,housing_social_welfare_leaf,1.0.0,social_welfare,1.0.0,utility,tenant_5,tenant_5,0.0,utility_points,"{""disagreement_utility"":0.0}",ok,valid,[],"[""event_00000227""]",evaluation_receipt,episode_attempt_d3c24d740b64cd44be2b,a1b00336668595727b054dce7238fae4bad197557605f11c23b7bc274f4275d6,true
result_4bd9cfa45fea8e32b928a078,runplan_ddfd0ff85d087e32,cell_db32f5542933e8ba406a,housing_v1__experiment__000007,housing_v1,housing_controlled_model_landlords_experiment,episode_attempt_d3c24d740b64cd44be2b,a1b00336668595727b054dce7238fae4bad197557605f11c23b7bc274f4275d6,included,housing_social_welfare_leaf,1.0.0,social_welfare,1.0.0,capture,landlord_0,landlord_0,23.64,utility_points,"{""disagreement_utility"":0.0}",ok,valid,[],"[""event_00000227""]",evaluation_receipt,episode_attempt_d3c24d740b64cd44be2b,a1b00336668595727b054dce7238fae4bad197557605f11c23b7bc274f4275d6,true
result_6d8d8303c0778edbef3bad95,runplan_ddfd0ff85d087e32,cell_db32f5542933e8ba406a,housing_v1__experiment__000007,housing_v1,housing_controlled_model_landlords_experiment,episode_attempt_d3c24d740b64cd44be2b,a1b00336668595727b054dce7238fae4bad197557605f11c23b7bc274f4275d6,included,housing_social_welfare_leaf,1.0.0,social_welfare,1.0.0,capture,landlord_1,landlord_1,26.68,utility_points,"{""disagreement_utility"":0.0}",ok,valid,[],"[""event_00000227""]",evaluation_receipt,episode_attempt_d3c24d740b64cd44be2b,a1b00336668595727b054dce7238fae4bad197557605f11c23b7bc274f4275d6,true
result_0c003c87c36fe1e26e4af306,runplan_ddfd0ff85d087e32,cell_db32f5542933e8ba406a,housing_v1__experiment__000007,housing_v1,housing_controlled_model_landlords_experiment,episode_attempt_d3c24d740b64cd44be2b,a1b00336668595727b054dce7238fae4bad197557605f11c23b7bc274f4275d6,included,housing_social_welfare_leaf,1.0.0,social_welfare,1.0.0,capture,landlord_2,landlord_2,0.0,utility_points,"{""disagreement_utility"":0.0}",ok,valid,[],"[""event_00000227""]",evaluation_receipt,episode_attempt_d3c24d740b64cd44be2b,a1b00336668595727b054dce7238fae4bad197557605f11c23b7bc274f4275d6,true
result_a1f6e5ed06349e52dd56e05e,runplan_ddfd0ff85d087e32,cell_db32f5542933e8ba406a,housing_v1__experiment__000007,housing_v1,housing_controlled_model_landlords_experiment,episode_attempt_d3c24d740b64cd44be2b,a1b00336668595727b054dce7238fae4bad197557605f11c23b7bc274f4275d6,included,housing_social_welfare_leaf,1.0.0,social_welfare,1.0.0,capture,landlord_3,landlord_3,124.7,utility_points,"{""disagreement_utility"":0.0}",ok,valid,[],"[""event_00000227""]",evaluation_receipt,episode_attempt_d3c24d740b64cd44be2b,a1b00336668595727b054dce7238fae4bad197557605f11c23b7bc274f4275d6,true
result_6a06e0012e0afc2bbc63e35e,runplan_ddfd0ff85d087e32,cell_db32f5542933e8ba406a,housing_v1__experiment__000007,housing_v1,housing_controlled_model_landlords_experiment,episode_attempt_d3c24d740b64cd44be2b,a1b00336668595727b054dce7238fae4bad197557605f11c23b7bc274f4275d6,included,housing_social_welfare_leaf,1.0.0,social_welfare,1.0.0,capture,tenant_0,tenant_0,531.25,utility_points,"{""disagreement_utility"":0.0}",ok,valid,[],"[""event_00000227""]",evaluation_receipt,episode_attempt_d3c24d740b64cd44be2b,a1b00336668595727b054dce7238fae4bad197557605f11c23b7bc274f4275d6,true
result_0f7993c95655b6c9198e28ff,runplan_ddfd0ff85d087e32,cell_db32f5542933e8ba406a,housing_v1__experiment__000007,housing_v1,housing_controlled_model_landlords_experiment,episode_attempt_d3c24d740b64cd44be2b,a1b00336668595727b054dce7238fae4bad197557605f11c23b7bc274f4275d6,included,housing_social_welfare_leaf,1.0.0,social_welfare,1.0.0,capture,tenant_1,tenant_1,0.0,utility_points,"{""disagreement_utility"":0.0}",ok,valid,[],"[""event_00000227""]",evaluation_receipt,episode_attempt_d3c24d740b64cd44be2b,a1b00336668595727b054dce7238fae4bad197557605f11c23b7bc274f4275d6,true
result_b9e72796e893e513eb7a04b6,runplan_ddfd0ff85d087e32,cell_db32f5542933e8ba406a,housing_v1__experiment__000007,housing_v1,housing_controlled_model_landlords_experiment,episode_attempt_d3c24d740b64cd44be2b,a1b00336668595727b054dce7238fae4bad197557605f11c23b7bc274f4275d6,included,housing_social_welfare_leaf,1.0.0,social_welfare,1.0.0,capture,tenant_2,tenant_2,0.0,utility_points,"{""disagreement_utility"":0.0}",ok,valid,[],"[""event_00000227""]",evaluation_receipt,episode_attempt_d3c24d740b64cd44be2b,a1b00336668595727b054dce7238fae4bad197557605f11c23b7bc274f4275d6,true
result_f40ee7c51e0955dc7df46c5e,runplan_ddfd0ff85d087e32,cell_db32f5542933e8ba406a,housing_v1__experiment__000007,housing_v1,housing_controlled_model_landlords_experiment,episode_attempt_d3c24d740b64cd44be2b,a1b00336668595727b054dce7238fae4bad197557605f11c23b7bc274f4275d6,included,housing_social_welfare_leaf,1.0.0,social_welfare,1.0.0,capture,tenant_3,tenant_3,29.22,utility_points,"{""disagreement_utility"":0.0}",ok,valid,[],"[""event_00000227""]",evaluation_receipt,episode_attempt_d3c24d740b64cd44be2b,a1b00336668595727b054dce7238fae4bad197557605f11c23b7bc274f4275d6,true
result_ea09e84bf3dfd4a0be652261,runplan_ddfd0ff85d087e32,cell_db32f5542933e8ba406a,housing_v1__experiment__000007,housing_v1,housing_controlled_model_landlords_experiment,episode_attempt_d3c24d740b64cd44be2b,a1b00336668595727b054dce7238fae4bad197557605f11c23b7bc274f4275d6,included,housing_social_welfare_leaf,1.0.0,social_welfare,1.0.0,capture,tenant_4,tenant_4,500.24,utility_points,"{""disagreement_utility"":0.0}",ok,valid,[],"[""event_00000227""]",evaluation_receipt,episode_attempt_d3c24d740b64cd44be2b,a1b00336668595727b054dce7238fae4bad197557605f11c23b7bc274f4275d6,true
result_3b63b5b5f856438fbe563950,runplan_ddfd0ff85d087e32,cell_db32f5542933e8ba406a,housing_v1__experiment__000007,housing_v1,housing_controlled_model_landlords_experiment,episode_attempt_d3c24d740b64cd44be2b,a1b00336668595727b054dce7238fae4bad197557605f11c23b7bc274f4275d6,included,housing_social_welfare_leaf,1.0.0,social_welfare,1.0.0,capture,tenant_5,tenant_5,0.0,utility_points,"{""disagreement_utility"":0.0}",ok,valid,[],"[""event_00000227""]",evaluation_receipt,episode_attempt_d3c24d740b64cd44be2b,a1b00336668595727b054dce7238fae4bad197557605f11c23b7bc274f4275d6,true
result_6dbd5c148a080cf1ab6f650c,runplan_ddfd0ff85d087e32,cell_e24d36b1cfa0d313637d,housing_v1__experiment__000002,housing_v1,housing_controlled_model_landlords_experiment,episode_attempt_76f3bd066581743f3ce4,6ec638e1f925187dc98090f57fe6fbaf81fe49442a68bdfc5e1db18123e69093,included,housing_social_welfare_leaf,1.0.0,social_welfare,1.0.0,primary,social_welfare,,925.23,utility_points,{},ok,valid,[],"[""event_00000251""]",evaluation_receipt,episode_attempt_76f3bd066581743f3ce4,6ec638e1f925187dc98090f57fe6fbaf81fe49442a68bdfc5e1db18123e69093,true
result_f05e0341525eb8d7aa3b68f3,runplan_ddfd0ff85d087e32,cell_e24d36b1cfa0d313637d,housing_v1__experiment__000002,housing_v1,housing_controlled_model_landlords_experiment,episode_attempt_76f3bd066581743f3ce4,6ec638e1f925187dc98090f57fe6fbaf81fe49442a68bdfc5e1db18123e69093,included,housing_social_welfare_leaf,1.0.0,social_welfare,1.0.0,metric,comparison_baseline_gap,,183.64,utility_points,{},ok,valid,[],"[""event_00000251""]",evaluation_receipt,episode_attempt_76f3bd066581743f3ce4,6ec638e1f925187dc98090f57fe6fbaf81fe49442a68bdfc5e1db18123e69093,true
result_2ed897f4a1e433fb24564292,runplan_ddfd0ff85d087e32,cell_e24d36b1cfa0d313637d,housing_v1__experiment__000002,housing_v1,housing_controlled_model_landlords_experiment,episode_attempt_76f3bd066581743f3ce4,6ec638e1f925187dc98090f57fe6fbaf81fe49442a68bdfc5e1db18123e69093,included,housing_social_welfare_leaf,1.0.0,social_welfare,1.0.0,metric,ir_violation_count,,0.0,count,{},ok,valid,[],"[""event_00000251""]",evaluation_receipt,episode_attempt_76f3bd066581743f3ce4,6ec638e1f925187dc98090f57fe6fbaf81fe49442a68bdfc5e1db18123e69093,true
result_6a723af9faec3a78f864670c,runplan_ddfd0ff85d087e32,cell_e24d36b1cfa0d313637d,housing_v1__experiment__000002,housing_v1,housing_controlled_model_landlords_experiment,episode_attempt_76f3bd066581743f3ce4,6ec638e1f925187dc98090f57fe6fbaf81fe49442a68bdfc5e1db18123e69093,included,housing_social_welfare_leaf,1.0.0,social_welfare,1.0.0,metric,social_welfare,,925.23,utility_points,{},ok,valid,[],"[""event_00000251""]",evaluation_receipt,episode_attempt_76f3bd066581743f3ce4,6ec638e1f925187dc98090f57fe6fbaf81fe49442a68bdfc5e1db18123e69093,true
result_6c7543782bdcf80f0929e61e,runplan_ddfd0ff85d087e32,cell_e24d36b1cfa0d313637d,housing_v1__experiment__000002,housing_v1,housing_controlled_model_landlords_experiment,episode_attempt_76f3bd066581743f3ce4,6ec638e1f925187dc98090f57fe6fbaf81fe49442a68bdfc5e1db18123e69093,included,housing_social_welfare_leaf,1.0.0,social_welfare,1.0.0,metric,upper_bound_gap,,81.55999999999995,utility_points,{},ok,valid,[],"[""event_00000251""]",evaluation_receipt,episode_attempt_76f3bd066581743f3ce4,6ec638e1f925187dc98090f57fe6fbaf81fe49442a68bdfc5e1db18123e69093,true
result_3bc64cc97f098eb10a24cecd,runplan_ddfd0ff85d087e32,cell_e24d36b1cfa0d313637d,housing_v1__experiment__000002,housing_v1,housing_controlled_model_landlords_experiment,episode_attempt_76f3bd066581743f3ce4,6ec638e1f925187dc98090f57fe6fbaf81fe49442a68bdfc5e1db18123e69093,included,housing_social_welfare_leaf,1.0.0,social_welfare,1.0.0,metric,wasted_contacts,,8.0,count,{},ok,valid,[],"[""event_00000251""]",evaluation_receipt,episode_attempt_76f3bd066581743f3ce4,6ec638e1f925187dc98090f57fe6fbaf81fe49442a68bdfc5e1db18123e69093,true
result_1847684d3c0d145b22aec0a2,runplan_ddfd0ff85d087e32,cell_e24d36b1cfa0d313637d,housing_v1__experiment__000002,housing_v1,housing_controlled_model_landlords_experiment,episode_attempt_76f3bd066581743f3ce4,6ec638e1f925187dc98090f57fe6fbaf81fe49442a68bdfc5e1db18123e69093,included,housing_social_welfare_leaf,1.0.0,social_welfare,1.0.0,metric,within_case_score,,0.9189900575095105,ratio,{},ok,valid,[],"[""event_00000251""]",evaluation_receipt,episode_attempt_76f3bd066581743f3ce4,6ec638e1f925187dc98090f57fe6fbaf81fe49442a68bdfc5e1db18123e69093,true
result_82838ea7f0583f67a8dd37c0,runplan_ddfd0ff85d087e32,cell_e24d36b1cfa0d313637d,housing_v1__experiment__000002,housing_v1,housing_controlled_model_landlords_experiment,episode_attempt_76f3bd066581743f3ce4,6ec638e1f925187dc98090f57fe6fbaf81fe49442a68bdfc5e1db18123e69093,included,housing_social_welfare_leaf,1.0.0,social_welfare,1.0.0,reference,comparison_baseline,,741.59,utility_points,"{""policy"":""naive"",""reference_kind"":""comparison_baseline""}",ok,valid,[],"[""event_00000251""]",evaluation_receipt,episode_attempt_76f3bd066581743f3ce4,6ec638e1f925187dc98090f57fe6fbaf81fe49442a68bdfc5e1db18123e69093,true
result_e9e1ff091d25706616260d16,runplan_ddfd0ff85d087e32,cell_e24d36b1cfa0d313637d,housing_v1__experiment__000002,housing_v1,housing_controlled_model_landlords_experiment,episode_attempt_76f3bd066581743f3ce4,6ec638e1f925187dc98090f57fe6fbaf81fe49442a68bdfc5e1db18123e69093,included,housing_social_welfare_leaf,1.0.0,social_welfare,1.0.0,reference,optimum_lower_bound,,0.0,utility_points,"{""policy"":""do_nothing"",""reference_kind"":""objective_lower_bound""}",ok,valid,[],"[""event_00000251""]",evaluation_receipt,episode_attempt_76f3bd066581743f3ce4,6ec638e1f925187dc98090f57fe6fbaf81fe49442a68bdfc5e1db18123e69093,true
result_3eb9fc73787653ec9af60eb5,runplan_ddfd0ff85d087e32,cell_e24d36b1cfa0d313637d,housing_v1__experiment__000002,housing_v1,housing_controlled_model_landlords_experiment,episode_attempt_76f3bd066581743f3ce4,6ec638e1f925187dc98090f57fe6fbaf81fe49442a68bdfc5e1db18123e69093,included,housing_social_welfare_leaf,1.0.0,social_welfare,1.0.0,reference,optimum_upper_bound,,1006.79,utility_points,"{""reference_kind"":""objective_upper_bound"",""semantics"":""full_information_allocation_relaxation""}",ok,valid,[],"[""event_00000251""]",evaluation_receipt,episode_attempt_76f3bd066581743f3ce4,6ec638e1f925187dc98090f57fe6fbaf81fe49442a68bdfc5e1db18123e69093,true
result_8d579953edb8d2ca325c2d0a,runplan_ddfd0ff85d087e32,cell_e24d36b1cfa0d313637d,housing_v1__experiment__000002,housing_v1,housing_controlled_model_landlords_experiment,episode_attempt_76f3bd066581743f3ce4,6ec638e1f925187dc98090f57fe6fbaf81fe49442a68bdfc5e1db18123e69093,included,housing_social_welfare_leaf,1.0.0,social_welfare,1.0.0,utility,landlord_0,landlord_0,26.2,utility_points,"{""disagreement_utility"":0.0}",ok,valid,[],"[""event_00000251""]",evaluation_receipt,episode_attempt_76f3bd066581743f3ce4,6ec638e1f925187dc98090f57fe6fbaf81fe49442a68bdfc5e1db18123e69093,true
result_d9e13c2429ba6ee023f9f8a4,runplan_ddfd0ff85d087e32,cell_e24d36b1cfa0d313637d,housing_v1__experiment__000002,housing_v1,housing_controlled_model_landlords_experiment,episode_attempt_76f3bd066581743f3ce4,6ec638e1f925187dc98090f57fe6fbaf81fe49442a68bdfc5e1db18123e69093,included,housing_social_welfare_leaf,1.0.0,social_welfare,1.0.0,utility,landlord_1,landlord_1,69.87,utility_points,"{""disagreement_utility"":0.0}",ok,valid,[],"[""event_00000251""]",evaluation_receipt,episode_attempt_76f3bd066581743f3ce4,6ec638e1f925187dc98090f57fe6fbaf81fe49442a68bdfc5e1db18123e69093,true
result_6ee727dcb80b43467b46bdfe,runplan_ddfd0ff85d087e32,cell_e24d36b1cfa0d313637d,housing_v1__experiment__000002,housing_v1,housing_controlled_model_landlords_experiment,episode_attempt_76f3bd066581743f3ce4,6ec638e1f925187dc98090f57fe6fbaf81fe49442a68bdfc5e1db18123e69093,included,housing_social_welfare_leaf,1.0.0,social_welfare,1.0.0,utility,landlord_2,landlord_2,0.0,utility_points,"{""disagreement_utility"":0.0}",ok,valid,[],"[""event_00000251""]",evaluation_receipt,episode_attempt_76f3bd066581743f3ce4,6ec638e1f925187dc98090f57fe6fbaf81fe49442a68bdfc5e1db18123e69093,true
result_eaa81cae8eb8ef8d42e2e62e,runplan_ddfd0ff85d087e32,cell_e24d36b1cfa0d313637d,housing_v1__experiment__000002,housing_v1,housing_controlled_model_landlords_experiment,episode_attempt_76f3bd066581743f3ce4,6ec638e1f925187dc98090f57fe6fbaf81fe49442a68bdfc5e1db18123e69093,included,housing_social_welfare_leaf,1.0.0,social_welfare,1.0.0,utility,landlord_3,landlord_3,49.13,utility_points,"{""disagreement_utility"":0.0}",ok,valid,[],"[""event_00000251""]",evaluation_receipt,episode_attempt_76f3bd066581743f3ce4,6ec638e1f925187dc98090f57fe6fbaf81fe49442a68bdfc5e1db18123e69093,true
result_b5a224126e03144e0de77cc3,runplan_ddfd0ff85d087e32,cell_e24d36b1cfa0d313637d,housing_v1__experiment__000002,housing_v1,housing_controlled_model_landlords_experiment,episode_attempt_76f3bd066581743f3ce4,6ec638e1f925187dc98090f57fe6fbaf81fe49442a68bdfc5e1db18123e69093,included,housing_social_welfare_leaf,1.0.0,social_welfare,1.0.0,utility,tenant_0,tenant_0,0.0,utility_points,"{""disagreement_utility"":0.0}",ok,valid,[],"[""event_00000251""]",evaluation_receipt,episode_attempt_76f3bd066581743f3ce4,6ec638e1f925187dc98090f57fe6fbaf81fe49442a68bdfc5e1db18123e69093,true
result_ad210204227299f5fc9ddf9a,runplan_ddfd0ff85d087e32,cell_e24d36b1cfa0d313637d,housing_v1__experiment__000002,housing_v1,housing_controlled_model_landlords_experiment,episode_attempt_76f3bd066581743f3ce4,6ec638e1f925187dc98090f57fe6fbaf81fe49442a68bdfc5e1db18123e69093,included,housing_social_welfare_leaf,1.0.0,social_welfare,1.0.0,utility,tenant_1,tenant_1,116.66,utility_points,"{""disagreement_utility"":0.0}",ok,valid,[],"[""event_00000251""]",evaluation_receipt,episode_attempt_76f3bd066581743f3ce4,6ec638e1f925187dc98090f57fe6fbaf81fe49442a68bdfc5e1db18123e69093,true
result_b6855718b6f829867587abe9,runplan_ddfd0ff85d087e32,cell_e24d36b1cfa0d313637d,housing_v1__experiment__000002,housing_v1,housing_controlled_model_landlords_experiment,episode_attempt_76f3bd066581743f3ce4,6ec638e1f925187dc98090f57fe6fbaf81fe49442a68bdfc5e1db18123e69093,included,housing_social_welfare_leaf,1.0.0,social_welfare,1.0.0,utility,tenant_2,tenant_2,0.0,utility_points,"{""disagreement_utility"":0.0}",ok,valid,[],"[""event_00000251""]",evaluation_receipt,episode_attempt_76f3bd066581743f3ce4,6ec638e1f925187dc98090f57fe6fbaf81fe49442a68bdfc5e1db18123e69093,true
result_ea063ba4e671df8bd71c8198,runplan_ddfd0ff85d087e32,cell_e24d36b1cfa0d313637d,housing_v1__experiment__000002,housing_v1,housing_controlled_model_landlords_experiment,episode_attempt_76f3bd066581743f3ce4,6ec638e1f925187dc98090f57fe6fbaf81fe49442a68bdfc5e1db18123e69093,included,housing_social_welfare_leaf,1.0.0,social_welfare,1.0.0,utility,tenant_3,tenant_3,0.0,utility_points,"{""disagreement_utility"":0.0}",ok,valid,[],"[""event_00000251""]",evaluation_receipt,episode_attempt_76f3bd066581743f3ce4,6ec638e1f925187dc98090f57fe6fbaf81fe49442a68bdfc5e1db18123e69093,true
result_a919d57df812bd58b5e0928e,runplan_ddfd0ff85d087e32,cell_e24d36b1cfa0d313637d,housing_v1__experiment__000002,housing_v1,housing_controlled_model_landlords_experiment,episode_attempt_76f3bd066581743f3ce4,6ec638e1f925187dc98090f57fe6fbaf81fe49442a68bdfc5e1db18123e69093,included,housing_social_welfare_leaf,1.0.0,social_welfare,1.0.0,utility,tenant_4,tenant_4,355.55,utility_points,"{""disagreement_utility"":0.0}",ok,valid,[],"[""event_00000251""]",evaluation_receipt,episode_attempt_76f3bd066581743f3ce4,6ec638e1f925187dc98090f57fe6fbaf81fe49442a68bdfc5e1db18123e69093,true
result_6fca78999463368c53c09465,runplan_ddfd0ff85d087e32,cell_e24d36b1cfa0d313637d,housing_v1__experiment__000002,housing_v1,housing_controlled_model_landlords_experiment,episode_attempt_76f3bd066581743f3ce4,6ec638e1f925187dc98090f57fe6fbaf81fe49442a68bdfc5e1db18123e69093,included,housing_social_welfare_leaf,1.0.0,social_welfare,1.0.0,utility,tenant_5,tenant_5,307.82,utility_points,"{""disagreement_utility"":0.0}",ok,valid,[],"[""event_00000251""]",evaluation_receipt,episode_attempt_76f3bd066581743f3ce4,6ec638e1f925187dc98090f57fe6fbaf81fe49442a68bdfc5e1db18123e69093,true
result_5cce40a0b5cbd2319613cf03,runplan_ddfd0ff85d087e32,cell_e24d36b1cfa0d313637d,housing_v1__experiment__000002,housing_v1,housing_controlled_model_landlords_experiment,episode_attempt_76f3bd066581743f3ce4,6ec638e1f925187dc98090f57fe6fbaf81fe49442a68bdfc5e1db18123e69093,included,housing_social_welfare_leaf,1.0.0,social_welfare,1.0.0,capture,landlord_0,landlord_0,26.2,utility_points,"{""disagreement_utility"":0.0}",ok,valid,[],"[""event_00000251""]",evaluation_receipt,episode_attempt_76f3bd066581743f3ce4,6ec638e1f925187dc98090f57fe6fbaf81fe49442a68bdfc5e1db18123e69093,true
result_152dd2e5cffbb39fa63b07f1,runplan_ddfd0ff85d087e32,cell_e24d36b1cfa0d313637d,housing_v1__experiment__000002,housing_v1,housing_controlled_model_landlords_experiment,episode_attempt_76f3bd066581743f3ce4,6ec638e1f925187dc98090f57fe6fbaf81fe49442a68bdfc5e1db18123e69093,included,housing_social_welfare_leaf,1.0.0,social_welfare,1.0.0,capture,landlord_1,landlord_1,69.87,utility_points,"{""disagreement_utility"":0.0}",ok,valid,[],"[""event_00000251""]",evaluation_receipt,episode_attempt_76f3bd066581743f3ce4,6ec638e1f925187dc98090f57fe6fbaf81fe49442a68bdfc5e1db18123e69093,true
result_7ec1f40f08cf66ed844f00a0,runplan_ddfd0ff85d087e32,cell_e24d36b1cfa0d313637d,housing_v1__experiment__000002,housing_v1,housing_controlled_model_landlords_experiment,episode_attempt_76f3bd066581743f3ce4,6ec638e1f925187dc98090f57fe6fbaf81fe49442a68bdfc5e1db18123e69093,included,housing_social_welfare_leaf,1.0.0,social_welfare,1.0.0,capture,landlord_2,landlord_2,0.0,utility_points,"{""disagreement_utility"":0.0}",ok,valid,[],"[""event_00000251""]",evaluation_receipt,episode_attempt_76f3bd066581743f3ce4,6ec638e1f925187dc98090f57fe6fbaf81fe49442a68bdfc5e1db18123e69093,true
result_c320bac1eba109053aea85d1,runplan_ddfd0ff85d087e32,cell_e24d36b1cfa0d313637d,housing_v1__experiment__000002,housing_v1,housing_controlled_model_landlords_experiment,episode_attempt_76f3bd066581743f3ce4,6ec638e1f925187dc98090f57fe6fbaf81fe49442a68bdfc5e1db18123e69093,included,housing_social_welfare_leaf,1.0.0,social_welfare,1.0.0,capture,landlord_3,landlord_3,49.13,utility_points,"{""disagreement_utility"":0.0}",ok,valid,[],"[""event_00000251""]",evaluation_receipt,episode_attempt_76f3bd066581743f3ce4,6ec638e1f925187dc98090f57fe6fbaf81fe49442a68bdfc5e1db18123e69093,true
result_316227648bed3cc98ded73d1,runplan_ddfd0ff85d087e32,cell_e24d36b1cfa0d313637d,housing_v1__experiment__000002,housing_v1,housing_controlled_model_landlords_experiment,episode_attempt_76f3bd066581743f3ce4,6ec638e1f925187dc98090f57fe6fbaf81fe49442a68bdfc5e1db18123e69093,included,housing_social_welfare_leaf,1.0.0,social_welfare,1.0.0,capture,tenant_0,tenant_0,0.0,utility_points,"{""disagreement_utility"":0.0}",ok,valid,[],"[""event_00000251""]",evaluation_receipt,episode_attempt_76f3bd066581743f3ce4,6ec638e1f925187dc98090f57fe6fbaf81fe49442a68bdfc5e1db18123e69093,true
result_9a31749d3eb076b50f549199,runplan_ddfd0ff85d087e32,cell_e24d36b1cfa0d313637d,housing_v1__experiment__000002,housing_v1,housing_controlled_model_landlords_experiment,episode_attempt_76f3bd066581743f3ce4,6ec638e1f925187dc98090f57fe6fbaf81fe49442a68bdfc5e1db18123e69093,included,housing_social_welfare_leaf,1.0.0,social_welfare,1.0.0,capture,tenant_1,tenant_1,116.66,utility_points,"{""disagreement_utility"":0.0}",ok,valid,[],"[""event_00000251""]",evaluation_receipt,episode_attempt_76f3bd066581743f3ce4,6ec638e1f925187dc98090f57fe6fbaf81fe49442a68bdfc5e1db18123e69093,true
result_8f57c3ee7b624f6e40420df0,runplan_ddfd0ff85d087e32,cell_e24d36b1cfa0d313637d,housing_v1__experiment__000002,housing_v1,housing_controlled_model_landlords_experiment,episode_attempt_76f3bd066581743f3ce4,6ec638e1f925187dc98090f57fe6fbaf81fe49442a68bdfc5e1db18123e69093,included,housing_social_welfare_leaf,1.0.0,social_welfare,1.0.0,capture,tenant_2,tenant_2,0.0,utility_points,"{""disagreement_utility"":0.0}",ok,valid,[],"[""event_00000251""]",evaluation_receipt,episode_attempt_76f3bd066581743f3ce4,6ec638e1f925187dc98090f57fe6fbaf81fe49442a68bdfc5e1db18123e69093,true
result_0b14ef277813dc7e5b5e510b,runplan_ddfd0ff85d087e32,cell_e24d36b1cfa0d313637d,housing_v1__experiment__000002,housing_v1,housing_controlled_model_landlords_experiment,episode_attempt_76f3bd066581743f3ce4,6ec638e1f925187dc98090f57fe6fbaf81fe49442a68bdfc5e1db18123e69093,included,housing_social_welfare_leaf,1.0.0,social_welfare,1.0.0,capture,tenant_3,tenant_3,0.0,utility_points,"{""disagreement_utility"":0.0}",ok,valid,[],"[""event_00000251""]",evaluation_receipt,episode_attempt_76f3bd066581743f3ce4,6ec638e1f925187dc98090f57fe6fbaf81fe49442a68bdfc5e1db18123e69093,true
result_2f02c16029e2a1ebc5142843,runplan_ddfd0ff85d087e32,cell_e24d36b1cfa0d313637d,housing_v1__experiment__000002,housing_v1,housing_controlled_model_landlords_experiment,episode_attempt_76f3bd066581743f3ce4,6ec638e1f925187dc98090f57fe6fbaf81fe49442a68bdfc5e1db18123e69093,included,housing_social_welfare_leaf,1.0.0,social_welfare,1.0.0,capture,tenant_4,tenant_4,355.55,utility_points,"{""disagreement_utility"":0.0}",ok,valid,[],"[""event_00000251""]",evaluation_receipt,episode_attempt_76f3bd066581743f3ce4,6ec638e1f925187dc98090f57fe6fbaf81fe49442a68bdfc5e1db18123e69093,true
result_297ae156ecc5a6c0fc22380d,runplan_ddfd0ff85d087e32,cell_e24d36b1cfa0d313637d,housing_v1__experiment__000002,housing_v1,housing_controlled_model_landlords_experiment,episode_attempt_76f3bd066581743f3ce4,6ec638e1f925187dc98090f57fe6fbaf81fe49442a68bdfc5e1db18123e69093,included,housing_social_welfare_leaf,1.0.0,social_welfare,1.0.0,capture,tenant_5,tenant_5,307.82,utility_points,"{""disagreement_utility"":0.0}",ok,valid,[],"[""event_00000251""]",evaluation_receipt,episode_attempt_76f3bd066581743f3ce4,6ec638e1f925187dc98090f57fe6fbaf81fe49442a68bdfc5e1db18123e69093,true
result_5e55079c5ddb648f3f69445f,runplan_ddfd0ff85d087e32,cell_f8eb861a9814237c34a0,housing_v1__experiment__000004,housing_v1,housing_controlled_model_landlords_experiment,episode_attempt_48bff2538b3d605a557d,a8bb5c2715c12588010a9d08cced065e2e5abd79f71aafc4c0741e6ffbce56a9,included,housing_social_welfare_leaf,1.0.0,social_welfare,1.0.0,primary,social_welfare,,1114.58,utility_points,{},ok,valid,[],"[""event_00000281""]",evaluation_receipt,episode_attempt_48bff2538b3d605a557d,a8bb5c2715c12588010a9d08cced065e2e5abd79f71aafc4c0741e6ffbce56a9,true
result_0d459b204abf2001f6a81045,runplan_ddfd0ff85d087e32,cell_f8eb861a9814237c34a0,housing_v1__experiment__000004,housing_v1,housing_controlled_model_landlords_experiment,episode_attempt_48bff2538b3d605a557d,a8bb5c2715c12588010a9d08cced065e2e5abd79f71aafc4c0741e6ffbce56a9,included,housing_social_welfare_leaf,1.0.0,social_welfare,1.0.0,metric,comparison_baseline_gap,,65.25999999999999,utility_points,{},ok,valid,[],"[""event_00000281""]",evaluation_receipt,episode_attempt_48bff2538b3d605a557d,a8bb5c2715c12588010a9d08cced065e2e5abd79f71aafc4c0741e6ffbce56a9,true
result_a2032acd856ebf7a2951cedb,runplan_ddfd0ff85d087e32,cell_f8eb861a9814237c34a0,housing_v1__experiment__000004,housing_v1,housing_controlled_model_landlords_experiment,episode_attempt_48bff2538b3d605a557d,a8bb5c2715c12588010a9d08cced065e2e5abd79f71aafc4c0741e6ffbce56a9,included,housing_social_welfare_leaf,1.0.0,social_welfare,1.0.0,metric,ir_violation_count,,0.0,count,{},ok,valid,[],"[""event_00000281""]",evaluation_receipt,episode_attempt_48bff2538b3d605a557d,a8bb5c2715c12588010a9d08cced065e2e5abd79f71aafc4c0741e6ffbce56a9,true
result_a725e0cb4ad9e1c319ba05d6,runplan_ddfd0ff85d087e32,cell_f8eb861a9814237c34a0,housing_v1__experiment__000004,housing_v1,housing_controlled_model_landlords_experiment,episode_attempt_48bff2538b3d605a557d,a8bb5c2715c12588010a9d08cced065e2e5abd79f71aafc4c0741e6ffbce56a9,included,housing_social_welfare_leaf,1.0.0,social_welfare,1.0.0,metric,social_welfare,,1114.58,utility_points,{},ok,valid,[],"[""event_00000281""]",evaluation_receipt,episode_attempt_48bff2538b3d605a557d,a8bb5c2715c12588010a9d08cced065e2e5abd79f71aafc4c0741e6ffbce56a9,true
result_6cc2dc2cdd5679fa2a3e8e62,runplan_ddfd0ff85d087e32,cell_f8eb861a9814237c34a0,housing_v1__experiment__000004,housing_v1,housing_controlled_model_landlords_experiment,episode_attempt_48bff2538b3d605a557d,a8bb5c2715c12588010a9d08cced065e2e5abd79f71aafc4c0741e6ffbce56a9,included,housing_social_welfare_leaf,1.0.0,social_welfare,1.0.0,metric,upper_bound_gap,,73.47000000000003,utility_points,{},ok,valid,[],"[""event_00000281""]",evaluation_receipt,episode_attempt_48bff2538b3d605a557d,a8bb5c2715c12588010a9d08cced065e2e5abd79f71aafc4c0741e6ffbce56a9,true
result_ded4689fdb19db0af3aea5b9,runplan_ddfd0ff85d087e32,cell_f8eb861a9814237c34a0,housing_v1__experiment__000004,housing_v1,housing_controlled_model_landlords_experiment,episode_attempt_48bff2538b3d605a557d,a8bb5c2715c12588010a9d08cced065e2e5abd79f71aafc4c0741e6ffbce56a9,included,housing_social_welfare_leaf,1.0.0,social_welfare,1.0.0,metric,wasted_contacts,,6.0,count,{},ok,valid,[],"[""event_00000281""]",evaluation_receipt,episode_attempt_48bff2538b3d605a557d,a8bb5c2715c12588010a9d08cced065e2e5abd79f71aafc4c0741e6ffbce56a9,true
result_8e37069921b7380f346908ee,runplan_ddfd0ff85d087e32,cell_f8eb861a9814237c34a0,housing_v1__experiment__000004,housing_v1,housing_controlled_model_landlords_experiment,episode_attempt_48bff2538b3d605a557d,a8bb5c2715c12588010a9d08cced065e2e5abd79f71aafc4c0741e6ffbce56a9,included,housing_social_welfare_leaf,1.0.0,social_welfare,1.0.0,metric,within_case_score,,0.938159168385169,ratio,{},ok,valid,[],"[""event_00000281""]",evaluation_receipt,episode_attempt_48bff2538b3d605a557d,a8bb5c2715c12588010a9d08cced065e2e5abd79f71aafc4c0741e6ffbce56a9,true
result_86da7a8eab00b52a30f90102,runplan_ddfd0ff85d087e32,cell_f8eb861a9814237c34a0,housing_v1__experiment__000004,housing_v1,housing_controlled_model_landlords_experiment,episode_attempt_48bff2538b3d605a557d,a8bb5c2715c12588010a9d08cced065e2e5abd79f71aafc4c0741e6ffbce56a9,included,housing_social_welfare_leaf,1.0.0,social_welfare,1.0.0,reference,comparison_baseline,,1049.32,utility_points,"{""policy"":""naive"",""reference_kind"":""comparison_baseline""}",ok,valid,[],"[""event_00000281""]",evaluation_receipt,episode_attempt_48bff2538b3d605a557d,a8bb5c2715c12588010a9d08cced065e2e5abd79f71aafc4c0741e6ffbce56a9,true
result_5f0833462e8859a76df8b990,runplan_ddfd0ff85d087e32,cell_f8eb861a9814237c34a0,housing_v1__experiment__000004,housing_v1,housing_controlled_model_landlords_experiment,episode_attempt_48bff2538b3d605a557d,a8bb5c2715c12588010a9d08cced065e2e5abd79f71aafc4c0741e6ffbce56a9,included,housing_social_welfare_leaf,1.0.0,social_welfare,1.0.0,reference,optimum_lower_bound,,0.0,utility_points,"{""policy"":""do_nothing"",""reference_kind"":""objective_lower_bound""}",ok,valid,[],"[""event_00000281""]",evaluation_receipt,episode_attempt_48bff2538b3d605a557d,a8bb5c2715c12588010a9d08cced065e2e5abd79f71aafc4c0741e6ffbce56a9,true
result_719df797d4fb2ade462a22b7,runplan_ddfd0ff85d087e32,cell_f8eb861a9814237c34a0,housing_v1__experiment__000004,housing_v1,housing_controlled_model_landlords_experiment,episode_attempt_48bff2538b3d605a557d,a8bb5c2715c12588010a9d08cced065e2e5abd79f71aafc4c0741e6ffbce56a9,included,housing_social_welfare_leaf,1.0.0,social_welfare,1.0.0,reference,optimum_upper_bound,,1188.05,utility_points,"{""reference_kind"":""objective_upper_bound"",""semantics"":""full_information_allocation_relaxation""}",ok,valid,[],"[""event_00000281""]",evaluation_receipt,episode_attempt_48bff2538b3d605a557d,a8bb5c2715c12588010a9d08cced065e2e5abd79f71aafc4c0741e6ffbce56a9,true
result_bfbf68f7adbe8d640e1c173f,runplan_ddfd0ff85d087e32,cell_f8eb861a9814237c34a0,housing_v1__experiment__000004,housing_v1,housing_controlled_model_landlords_experiment,episode_attempt_48bff2538b3d605a557d,a8bb5c2715c12588010a9d08cced065e2e5abd79f71aafc4c0741e6ffbce56a9,included,housing_social_welfare_leaf,1.0.0,social_welfare,1.0.0,utility,landlord_0,landlord_0,43.38,utility_points,"{""disagreement_utility"":0.0}",ok,valid,[],"[""event_00000281""]",evaluation_receipt,episode_attempt_48bff2538b3d605a557d,a8bb5c2715c12588010a9d08cced065e2e5abd79f71aafc4c0741e6ffbce56a9,true
result_3f7156bcbefa7440095745b8,runplan_ddfd0ff85d087e32,cell_f8eb861a9814237c34a0,housing_v1__experiment__000004,housing_v1,housing_controlled_model_landlords_experiment,episode_attempt_48bff2538b3d605a557d,a8bb5c2715c12588010a9d08cced065e2e5abd79f71aafc4c0741e6ffbce56a9,included,housing_social_welfare_leaf,1.0.0,social_welfare,1.0.0,utility,landlord_1,landlord_1,0.0,utility_points,"{""disagreement_utility"":0.0}",ok,valid,[],"[""event_00000281""]",evaluation_receipt,episode_attempt_48bff2538b3d605a557d,a8bb5c2715c12588010a9d08cced065e2e5abd79f71aafc4c0741e6ffbce56a9,true
result_6d5e9d1a107f7a75e0303eca,runplan_ddfd0ff85d087e32,cell_f8eb861a9814237c34a0,housing_v1__experiment__000004,housing_v1,housing_controlled_model_landlords_experiment,episode_attempt_48bff2538b3d605a557d,a8bb5c2715c12588010a9d08cced065e2e5abd79f71aafc4c0741e6ffbce56a9,included,housing_social_welfare_leaf,1.0.0,social_welfare,1.0.0,utility,landlord_2,landlord_2,320.76,utility_points,"{""disagreement_utility"":0.0}",ok,valid,[],"[""event_00000281""]",evaluation_receipt,episode_attempt_48bff2538b3d605a557d,a8bb5c2715c12588010a9d08cced065e2e5abd79f71aafc4c0741e6ffbce56a9,true
result_ed7345c450e319d891765f53,runplan_ddfd0ff85d087e32,cell_f8eb861a9814237c34a0,housing_v1__experiment__000004,housing_v1,housing_controlled_model_landlords_experiment,episode_attempt_48bff2538b3d605a557d,a8bb5c2715c12588010a9d08cced065e2e5abd79f71aafc4c0741e6ffbce56a9,included,housing_social_welfare_leaf,1.0.0,social_welfare,1.0.0,utility,landlord_3,landlord_3,111.18,utility_points,"{""disagreement_utility"":0.0}",ok,valid,[],"[""event_00000281""]",evaluation_receipt,episode_attempt_48bff2538b3d605a557d,a8bb5c2715c12588010a9d08cced065e2e5abd79f71aafc4c0741e6ffbce56a9,true
result_b7994b05d249831001d55bf1,runplan_ddfd0ff85d087e32,cell_f8eb861a9814237c34a0,housing_v1__experiment__000004,housing_v1,housing_controlled_model_landlords_experiment,episode_attempt_48bff2538b3d605a557d,a8bb5c2715c12588010a9d08cced065e2e5abd79f71aafc4c0741e6ffbce56a9,included,housing_social_welfare_leaf,1.0.0,social_welfare,1.0.0,utility,tenant_0,tenant_0,0.0,utility_points,"{""disagreement_utility"":0.0}",ok,valid,[],"[""event_00000281""]",evaluation_receipt,episode_attempt_48bff2538b3d605a557d,a8bb5c2715c12588010a9d08cced065e2e5abd79f71aafc4c0741e6ffbce56a9,true
result_1bf3341c89fb59952f681aa4,runplan_ddfd0ff85d087e32,cell_f8eb861a9814237c34a0,housing_v1__experiment__000004,housing_v1,housing_controlled_model_landlords_experiment,episode_attempt_48bff2538b3d605a557d,a8bb5c2715c12588010a9d08cced065e2e5abd79f71aafc4c0741e6ffbce56a9,included,housing_social_welfare_leaf,1.0.0,social_welfare,1.0.0,utility,tenant_1,tenant_1,0.0,utility_points,"{""disagreement_utility"":0.0}",ok,valid,[],"[""event_00000281""]",evaluation_receipt,episode_attempt_48bff2538b3d605a557d,a8bb5c2715c12588010a9d08cced065e2e5abd79f71aafc4c0741e6ffbce56a9,true
result_11ddd7e336e519f5aacb9dac,runplan_ddfd0ff85d087e32,cell_f8eb861a9814237c34a0,housing_v1__experiment__000004,housing_v1,housing_controlled_model_landlords_experiment,episode_attempt_48bff2538b3d605a557d,a8bb5c2715c12588010a9d08cced065e2e5abd79f71aafc4c0741e6ffbce56a9,included,housing_social_welfare_leaf,1.0.0,social_welfare,1.0.0,utility,tenant_2,tenant_2,276.36,utility_points,"{""disagreement_utility"":0.0}",ok,valid,[],"[""event_00000281""]",evaluation_receipt,episode_attempt_48bff2538b3d605a557d,a8bb5c2715c12588010a9d08cced065e2e5abd79f71aafc4c0741e6ffbce56a9,true
result_a5ba02b8205d50961487aad8,runplan_ddfd0ff85d087e32,cell_f8eb861a9814237c34a0,housing_v1__experiment__000004,housing_v1,housing_controlled_model_landlords_experiment,episode_attempt_48bff2538b3d605a557d,a8bb5c2715c12588010a9d08cced065e2e5abd79f71aafc4c0741e6ffbce56a9,included,housing_social_welfare_leaf,1.0.0,social_welfare,1.0.0,utility,tenant_3,tenant_3,10.42,utility_points,"{""disagreement_utility"":0.0}",ok,valid,[],"[""event_00000281""]",evaluation_receipt,episode_attempt_48bff2538b3d605a557d,a8bb5c2715c12588010a9d08cced065e2e5abd79f71aafc4c0741e6ffbce56a9,true
result_cc224fb3ef0d9cba8014e1af,runplan_ddfd0ff85d087e32,cell_f8eb861a9814237c34a0,housing_v1__experiment__000004,housing_v1,housing_controlled_model_landlords_experiment,episode_attempt_48bff2538b3d605a557d,a8bb5c2715c12588010a9d08cced065e2e5abd79f71aafc4c0741e6ffbce56a9,included,housing_social_welfare_leaf,1.0.0,social_welfare,1.0.0,utility,tenant_4,tenant_4,0.0,utility_points,"{""disagreement_utility"":0.0}",ok,valid,[],"[""event_00000281""]",evaluation_receipt,episode_attempt_48bff2538b3d605a557d,a8bb5c2715c12588010a9d08cced065e2e5abd79f71aafc4c0741e6ffbce56a9,true
result_f1421b4e03c22b1bb9b99b9c,runplan_ddfd0ff85d087e32,cell_f8eb861a9814237c34a0,housing_v1__experiment__000004,housing_v1,housing_controlled_model_landlords_experiment,episode_attempt_48bff2538b3d605a557d,a8bb5c2715c12588010a9d08cced065e2e5abd79f71aafc4c0741e6ffbce56a9,included,housing_social_welfare_leaf,1.0.0,social_welfare,1.0.0,utility,tenant_5,tenant_5,352.48,utility_points,"{""disagreement_utility"":0.0}",ok,valid,[],"[""event_00000281""]",evaluation_receipt,episode_attempt_48bff2538b3d605a557d,a8bb5c2715c12588010a9d08cced065e2e5abd79f71aafc4c0741e6ffbce56a9,true
result_0fba0586e5a5414e7289d29e,runplan_ddfd0ff85d087e32,cell_f8eb861a9814237c34a0,housing_v1__experiment__000004,housing_v1,housing_controlled_model_landlords_experiment,episode_attempt_48bff2538b3d605a557d,a8bb5c2715c12588010a9d08cced065e2e5abd79f71aafc4c0741e6ffbce56a9,included,housing_social_welfare_leaf,1.0.0,social_welfare,1.0.0,capture,landlord_0,landlord_0,43.38,utility_points,"{""disagreement_utility"":0.0}",ok,valid,[],"[""event_00000281""]",evaluation_receipt,episode_attempt_48bff2538b3d605a557d,a8bb5c2715c12588010a9d08cced065e2e5abd79f71aafc4c0741e6ffbce56a9,true
result_bb72daec90577b162e945214,runplan_ddfd0ff85d087e32,cell_f8eb861a9814237c34a0,housing_v1__experiment__000004,housing_v1,housing_controlled_model_landlords_experiment,episode_attempt_48bff2538b3d605a557d,a8bb5c2715c12588010a9d08cced065e2e5abd79f71aafc4c0741e6ffbce56a9,included,housing_social_welfare_leaf,1.0.0,social_welfare,1.0.0,capture,landlord_1,landlord_1,0.0,utility_points,"{""disagreement_utility"":0.0}",ok,valid,[],"[""event_00000281""]",evaluation_receipt,episode_attempt_48bff2538b3d605a557d,a8bb5c2715c12588010a9d08cced065e2e5abd79f71aafc4c0741e6ffbce56a9,true
result_f41811d43e1c30f88cd73b27,runplan_ddfd0ff85d087e32,cell_f8eb861a9814237c34a0,housing_v1__experiment__000004,housing_v1,housing_controlled_model_landlords_experiment,episode_attempt_48bff2538b3d605a557d,a8bb5c2715c12588010a9d08cced065e2e5abd79f71aafc4c0741e6ffbce56a9,included,housing_social_welfare_leaf,1.0.0,social_welfare,1.0.0,capture,landlord_2,landlord_2,320.76,utility_points,"{""disagreement_utility"":0.0}",ok,valid,[],"[""event_00000281""]",evaluation_receipt,episode_attempt_48bff2538b3d605a557d,a8bb5c2715c12588010a9d08cced065e2e5abd79f71aafc4c0741e6ffbce56a9,true
result_45aa64fe4e818cd173e69c0e,runplan_ddfd0ff85d087e32,cell_f8eb861a9814237c34a0,housing_v1__experiment__000004,housing_v1,housing_controlled_model_landlords_experiment,episode_attempt_48bff2538b3d605a557d,a8bb5c2715c12588010a9d08cced065e2e5abd79f71aafc4c0741e6ffbce56a9,included,housing_social_welfare_leaf,1.0.0,social_welfare,1.0.0,capture,landlord_3,landlord_3,111.18,utility_points,"{""disagreement_utility"":0.0}",ok,valid,[],"[""event_00000281""]",evaluation_receipt,episode_attempt_48bff2538b3d605a557d,a8bb5c2715c12588010a9d08cced065e2e5abd79f71aafc4c0741e6ffbce56a9,true
result_54ed43d810fb13d072ee3e2a,runplan_ddfd0ff85d087e32,cell_f8eb861a9814237c34a0,housing_v1__experiment__000004,housing_v1,housing_controlled_model_landlords_experiment,episode_attempt_48bff2538b3d605a557d,a8bb5c2715c12588010a9d08cced065e2e5abd79f71aafc4c0741e6ffbce56a9,included,housing_social_welfare_leaf,1.0.0,social_welfare,1.0.0,capture,tenant_0,tenant_0,0.0,utility_points,"{""disagreement_utility"":0.0}",ok,valid,[],"[""event_00000281""]",evaluation_receipt,episode_attempt_48bff2538b3d605a557d,a8bb5c2715c12588010a9d08cced065e2e5abd79f71aafc4c0741e6ffbce56a9,true
result_2892ea9858ca870ff4ababd8,runplan_ddfd0ff85d087e32,cell_f8eb861a9814237c34a0,housing_v1__experiment__000004,housing_v1,housing_controlled_model_landlords_experiment,episode_attempt_48bff2538b3d605a557d,a8bb5c2715c12588010a9d08cced065e2e5abd79f71aafc4c0741e6ffbce56a9,included,housing_social_welfare_leaf,1.0.0,social_welfare,1.0.0,capture,tenant_1,tenant_1,0.0,utility_points,"{""disagreement_utility"":0.0}",ok,valid,[],"[""event_00000281""]",evaluation_receipt,episode_attempt_48bff2538b3d605a557d,a8bb5c2715c12588010a9d08cced065e2e5abd79f71aafc4c0741e6ffbce56a9,true
result_31a4fe1d1cf1375c0745d43c,runplan_ddfd0ff85d087e32,cell_f8eb861a9814237c34a0,housing_v1__experiment__000004,housing_v1,housing_controlled_model_landlords_experiment,episode_attempt_48bff2538b3d605a557d,a8bb5c2715c12588010a9d08cced065e2e5abd79f71aafc4c0741e6ffbce56a9,included,housing_social_welfare_leaf,1.0.0,social_welfare,1.0.0,capture,tenant_2,tenant_2,276.36,utility_points,"{""disagreement_utility"":0.0}",ok,valid,[],"[""event_00000281""]",evaluation_receipt,episode_attempt_48bff2538b3d605a557d,a8bb5c2715c12588010a9d08cced065e2e5abd79f71aafc4c0741e6ffbce56a9,true
result_cf697c50d5283c57673407ac,runplan_ddfd0ff85d087e32,cell_f8eb861a9814237c34a0,housing_v1__experiment__000004,housing_v1,housing_controlled_model_landlords_experiment,episode_attempt_48bff2538b3d605a557d,a8bb5c2715c12588010a9d08cced065e2e5abd79f71aafc4c0741e6ffbce56a9,included,housing_social_welfare_leaf,1.0.0,social_welfare,1.0.0,capture,tenant_3,tenant_3,10.42,utility_points,"{""disagreement_utility"":0.0}",ok,valid,[],"[""event_00000281""]",evaluation_receipt,episode_attempt_48bff2538b3d605a557d,a8bb5c2715c12588010a9d08cced065e2e5abd79f71aafc4c0741e6ffbce56a9,true
result_4a9e696a66473096d8474126,runplan_ddfd0ff85d087e32,cell_f8eb861a9814237c34a0,housing_v1__experiment__000004,housing_v1,housing_controlled_model_landlords_experiment,episode_attempt_48bff2538b3d605a557d,a8bb5c2715c12588010a9d08cced065e2e5abd79f71aafc4c0741e6ffbce56a9,included,housing_social_welfare_leaf,1.0.0,social_welfare,1.0.0,capture,tenant_4,tenant_4,0.0,utility_points,"{""disagreement_utility"":0.0}",ok,valid,[],"[""event_00000281""]",evaluation_receipt,episode_attempt_48bff2538b3d605a557d,a8bb5c2715c12588010a9d08cced065e2e5abd79f71aafc4c0741e6ffbce56a9,true
result_3af1139bdf036f07f9fbb9bc,runplan_ddfd0ff85d087e32,cell_f8eb861a9814237c34a0,housing_v1__experiment__000004,housing_v1,housing_controlled_model_landlords_experiment,episode_attempt_48bff2538b3d605a557d,a8bb5c2715c12588010a9d08cced065e2e5abd79f71aafc4c0741e6ffbce56a9,included,housing_social_welfare_leaf,1.0.0,social_welfare,1.0.0,capture,tenant_5,tenant_5,352.48,utility_points,"{""disagreement_utility"":0.0}",ok,valid,[],"[""event_00000281""]",evaluation_receipt,episode_attempt_48bff2538b3d605a557d,a8bb5c2715c12588010a9d08cced065e2e5abd79f71aafc4c0741e6ffbce56a9,true
result_657d862d2ca13e46203825c6,runplan_ddfd0ff85d087e32,cell_fa0c2e72aec4b3f6009e,housing_v1__experiment__000002,housing_v1,housing_controlled_model_landlords_experiment,episode_attempt_8f1bb60393713a9f8575,d4bff05e9684be390ff16bd9dfdbc566da828ba961cb725d756d66ec48dc926e,included,housing_social_welfare_leaf,1.0.0,social_welfare,1.0.0,primary,social_welfare,,849.78,utility_points,{},ok,valid,[],"[""event_00000251""]",evaluation_receipt,episode_attempt_8f1bb60393713a9f8575,d4bff05e9684be390ff16bd9dfdbc566da828ba961cb725d756d66ec48dc926e,true
result_304ffdfa856295191defbc0a,runplan_ddfd0ff85d087e32,cell_fa0c2e72aec4b3f6009e,housing_v1__experiment__000002,housing_v1,housing_controlled_model_landlords_experiment,episode_attempt_8f1bb60393713a9f8575,d4bff05e9684be390ff16bd9dfdbc566da828ba961cb725d756d66ec48dc926e,included,housing_social_welfare_leaf,1.0.0,social_welfare,1.0.0,metric,comparison_baseline_gap,,108.18999999999994,utility_points,{},ok,valid,[],"[""event_00000251""]",evaluation_receipt,episode_attempt_8f1bb60393713a9f8575,d4bff05e9684be390ff16bd9dfdbc566da828ba961cb725d756d66ec48dc926e,true
result_8330cc7c2097c29e3a6f4318,runplan_ddfd0ff85d087e32,cell_fa0c2e72aec4b3f6009e,housing_v1__experiment__000002,housing_v1,housing_controlled_model_landlords_experiment,episode_attempt_8f1bb60393713a9f8575,d4bff05e9684be390ff16bd9dfdbc566da828ba961cb725d756d66ec48dc926e,included,housing_social_welfare_leaf,1.0.0,social_welfare,1.0.0,metric,ir_violation_count,,0.0,count,{},ok,valid,[],"[""event_00000251""]",evaluation_receipt,episode_attempt_8f1bb60393713a9f8575,d4bff05e9684be390ff16bd9dfdbc566da828ba961cb725d756d66ec48dc926e,true
result_ec8a2e3bc0025cf17ab6af9b,runplan_ddfd0ff85d087e32,cell_fa0c2e72aec4b3f6009e,housing_v1__experiment__000002,housing_v1,housing_controlled_model_landlords_experiment,episode_attempt_8f1bb60393713a9f8575,d4bff05e9684be390ff16bd9dfdbc566da828ba961cb725d756d66ec48dc926e,included,housing_social_welfare_leaf,1.0.0,social_welfare,1.0.0,metric,social_welfare,,849.78,utility_points,{},ok,valid,[],"[""event_00000251""]",evaluation_receipt,episode_attempt_8f1bb60393713a9f8575,d4bff05e9684be390ff16bd9dfdbc566da828ba961cb725d756d66ec48dc926e,true
result_5d49d0ffa10da0e53237247f,runplan_ddfd0ff85d087e32,cell_fa0c2e72aec4b3f6009e,housing_v1__experiment__000002,housing_v1,housing_controlled_model_landlords_experiment,episode_attempt_8f1bb60393713a9f8575,d4bff05e9684be390ff16bd9dfdbc566da828ba961cb725d756d66ec48dc926e,included,housing_social_welfare_leaf,1.0.0,social_welfare,1.0.0,metric,upper_bound_gap,,157.01,utility_points,{},ok,valid,[],"[""event_00000251""]",evaluation_receipt,episode_attempt_8f1bb60393713a9f8575,d4bff05e9684be390ff16bd9dfdbc566da828ba961cb725d756d66ec48dc926e,true
result_cc13add922a01b39fa75d08e,runplan_ddfd0ff85d087e32,cell_fa0c2e72aec4b3f6009e,housing_v1__experiment__000002,housing_v1,housing_controlled_model_landlords_experiment,episode_attempt_8f1bb60393713a9f8575,d4bff05e9684be390ff16bd9dfdbc566da828ba961cb725d756d66ec48dc926e,included,housing_social_welfare_leaf,1.0.0,social_welfare,1.0.0,metric,wasted_contacts,,8.0,count,{},ok,valid,[],"[""event_00000251""]",evaluation_receipt,episode_attempt_8f1bb60393713a9f8575,d4bff05e9684be390ff16bd9dfdbc566da828ba961cb725d756d66ec48dc926e,true
result_0d8d8c55693f4b3572fe11e8,runplan_ddfd0ff85d087e32,cell_fa0c2e72aec4b3f6009e,housing_v1__experiment__000002,housing_v1,housing_controlled_model_landlords_experiment,episode_attempt_8f1bb60393713a9f8575,d4bff05e9684be390ff16bd9dfdbc566da828ba961cb725d756d66ec48dc926e,included,housing_social_welfare_leaf,1.0.0,social_welfare,1.0.0,metric,within_case_score,,0.8440489079152554,ratio,{},ok,valid,[],"[""event_00000251""]",evaluation_receipt,episode_attempt_8f1bb60393713a9f8575,d4bff05e9684be390ff16bd9dfdbc566da828ba961cb725d756d66ec48dc926e,true
result_47a4e46cd5a2d0e58837a551,runplan_ddfd0ff85d087e32,cell_fa0c2e72aec4b3f6009e,housing_v1__experiment__000002,housing_v1,housing_controlled_model_landlords_experiment,episode_attempt_8f1bb60393713a9f8575,d4bff05e9684be390ff16bd9dfdbc566da828ba961cb725d756d66ec48dc926e,included,housing_social_welfare_leaf,1.0.0,social_welfare,1.0.0,reference,comparison_baseline,,741.59,utility_points,"{""policy"":""naive"",""reference_kind"":""comparison_baseline""}",ok,valid,[],"[""event_00000251""]",evaluation_receipt,episode_attempt_8f1bb60393713a9f8575,d4bff05e9684be390ff16bd9dfdbc566da828ba961cb725d756d66ec48dc926e,true
result_e05b10378bf64545adc464ab,runplan_ddfd0ff85d087e32,cell_fa0c2e72aec4b3f6009e,housing_v1__experiment__000002,housing_v1,housing_controlled_model_landlords_experiment,episode_attempt_8f1bb60393713a9f8575,d4bff05e9684be390ff16bd9dfdbc566da828ba961cb725d756d66ec48dc926e,included,housing_social_welfare_leaf,1.0.0,social_welfare,1.0.0,reference,optimum_lower_bound,,0.0,utility_points,"{""policy"":""do_nothing"",""reference_kind"":""objective_lower_bound""}",ok,valid,[],"[""event_00000251""]",evaluation_receipt,episode_attempt_8f1bb60393713a9f8575,d4bff05e9684be390ff16bd9dfdbc566da828ba961cb725d756d66ec48dc926e,true
result_ecf8ab162db828363f2a4446,runplan_ddfd0ff85d087e32,cell_fa0c2e72aec4b3f6009e,housing_v1__experiment__000002,housing_v1,housing_controlled_model_landlords_experiment,episode_attempt_8f1bb60393713a9f8575,d4bff05e9684be390ff16bd9dfdbc566da828ba961cb725d756d66ec48dc926e,included,housing_social_welfare_leaf,1.0.0,social_welfare,1.0.0,reference,optimum_upper_bound,,1006.79,utility_points,"{""reference_kind"":""objective_upper_bound"",""semantics"":""full_information_allocation_relaxation""}",ok,valid,[],"[""event_00000251""]",evaluation_receipt,episode_attempt_8f1bb60393713a9f8575,d4bff05e9684be390ff16bd9dfdbc566da828ba961cb725d756d66ec48dc926e,true
result_10fdeb6c6c1c7f8efa0f5ece,runplan_ddfd0ff85d087e32,cell_fa0c2e72aec4b3f6009e,housing_v1__experiment__000002,housing_v1,housing_controlled_model_landlords_experiment,episode_attempt_8f1bb60393713a9f8575,d4bff05e9684be390ff16bd9dfdbc566da828ba961cb725d756d66ec48dc926e,included,housing_social_welfare_leaf,1.0.0,social_welfare,1.0.0,utility,landlord_0,landlord_0,26.2,utility_points,"{""disagreement_utility"":0.0}",ok,valid,[],"[""event_00000251""]",evaluation_receipt,episode_attempt_8f1bb60393713a9f8575,d4bff05e9684be390ff16bd9dfdbc566da828ba961cb725d756d66ec48dc926e,true
result_c20023381b69834528e95822,runplan_ddfd0ff85d087e32,cell_fa0c2e72aec4b3f6009e,housing_v1__experiment__000002,housing_v1,housing_controlled_model_landlords_experiment,episode_attempt_8f1bb60393713a9f8575,d4bff05e9684be390ff16bd9dfdbc566da828ba961cb725d756d66ec48dc926e,included,housing_social_welfare_leaf,1.0.0,social_welfare,1.0.0,utility,landlord_1,landlord_1,97.87,utility_points,"{""disagreement_utility"":0.0}",ok,valid,[],"[""event_00000251""]",evaluation_receipt,episode_attempt_8f1bb60393713a9f8575,d4bff05e9684be390ff16bd9dfdbc566da828ba961cb725d756d66ec48dc926e,true
result_04c726fff9608c3408cb4566,runplan_ddfd0ff85d087e32,cell_fa0c2e72aec4b3f6009e,housing_v1__experiment__000002,housing_v1,housing_controlled_model_landlords_experiment,episode_attempt_8f1bb60393713a9f8575,d4bff05e9684be390ff16bd9dfdbc566da828ba961cb725d756d66ec48dc926e,included,housing_social_welfare_leaf,1.0.0,social_welfare,1.0.0,utility,landlord_2,landlord_2,0.0,utility_points,"{""disagreement_utility"":0.0}",ok,valid,[],"[""event_00000251""]",evaluation_receipt,episode_attempt_8f1bb60393713a9f8575,d4bff05e9684be390ff16bd9dfdbc566da828ba961cb725d756d66ec48dc926e,true
result_5f2632c0039e20ce80a352ce,runplan_ddfd0ff85d087e32,cell_fa0c2e72aec4b3f6009e,housing_v1__experiment__000002,housing_v1,housing_controlled_model_landlords_experiment,episode_attempt_8f1bb60393713a9f8575,d4bff05e9684be390ff16bd9dfdbc566da828ba961cb725d756d66ec48dc926e,included,housing_social_welfare_leaf,1.0.0,social_welfare,1.0.0,utility,landlord_3,landlord_3,79.13,utility_points,"{""disagreement_utility"":0.0}",ok,valid,[],"[""event_00000251""]",evaluation_receipt,episode_attempt_8f1bb60393713a9f8575,d4bff05e9684be390ff16bd9dfdbc566da828ba961cb725d756d66ec48dc926e,true
result_f048e3463f982d369f51136f,runplan_ddfd0ff85d087e32,cell_fa0c2e72aec4b3f6009e,housing_v1__experiment__000002,housing_v1,housing_controlled_model_landlords_experiment,episode_attempt_8f1bb60393713a9f8575,d4bff05e9684be390ff16bd9dfdbc566da828ba961cb725d756d66ec48dc926e,included,housing_social_welfare_leaf,1.0.0,social_welfare,1.0.0,utility,tenant_0,tenant_0,347.97,utility_points,"{""disagreement_utility"":0.0}",ok,valid,[],"[""event_00000251""]",evaluation_receipt,episode_attempt_8f1bb60393713a9f8575,d4bff05e9684be390ff16bd9dfdbc566da828ba961cb725d756d66ec48dc926e,true
result_3d82a82e7dafc7104764b67b,runplan_ddfd0ff85d087e32,cell_fa0c2e72aec4b3f6009e,housing_v1__experiment__000002,housing_v1,housing_controlled_model_landlords_experiment,episode_attempt_8f1bb60393713a9f8575,d4bff05e9684be390ff16bd9dfdbc566da828ba961cb725d756d66ec48dc926e,included,housing_social_welfare_leaf,1.0.0,social_welfare,1.0.0,utility,tenant_1,tenant_1,116.66,utility_points,"{""disagreement_utility"":0.0}",ok,valid,[],"[""event_00000251""]",evaluation_receipt,episode_attempt_8f1bb60393713a9f8575,d4bff05e9684be390ff16bd9dfdbc566da828ba961cb725d756d66ec48dc926e,true
result_9c6b5bca49e84acef2f7c59a,runplan_ddfd0ff85d087e32,cell_fa0c2e72aec4b3f6009e,housing_v1__experiment__000002,housing_v1,housing_controlled_model_landlords_experiment,episode_attempt_8f1bb60393713a9f8575,d4bff05e9684be390ff16bd9dfdbc566da828ba961cb725d756d66ec48dc926e,included,housing_social_welfare_leaf,1.0.0,social_welfare,1.0.0,utility,tenant_2,tenant_2,0.0,utility_points,"{""disagreement_utility"":0.0}",ok,valid,[],"[""event_00000251""]",evaluation_receipt,episode_attempt_8f1bb60393713a9f8575,d4bff05e9684be390ff16bd9dfdbc566da828ba961cb725d756d66ec48dc926e,true
result_66bdf46c660ad24484fc04d7,runplan_ddfd0ff85d087e32,cell_fa0c2e72aec4b3f6009e,housing_v1__experiment__000002,housing_v1,housing_controlled_model_landlords_experiment,episode_attempt_8f1bb60393713a9f8575,d4bff05e9684be390ff16bd9dfdbc566da828ba961cb725d756d66ec48dc926e,included,housing_social_welfare_leaf,1.0.0,social_welfare,1.0.0,utility,tenant_3,tenant_3,181.95,utility_points,"{""disagreement_utility"":0.0}",ok,valid,[],"[""event_00000251""]",evaluation_receipt,episode_attempt_8f1bb60393713a9f8575,d4bff05e9684be390ff16bd9dfdbc566da828ba961cb725d756d66ec48dc926e,true
result_8b7f77b152c20c99941a6ef7,runplan_ddfd0ff85d087e32,cell_fa0c2e72aec4b3f6009e,housing_v1__experiment__000002,housing_v1,housing_controlled_model_landlords_experiment,episode_attempt_8f1bb60393713a9f8575,d4bff05e9684be390ff16bd9dfdbc566da828ba961cb725d756d66ec48dc926e,included,housing_social_welfare_leaf,1.0.0,social_welfare,1.0.0,utility,tenant_4,tenant_4,0.0,utility_points,"{""disagreement_utility"":0.0}",ok,valid,[],"[""event_00000251""]",evaluation_receipt,episode_attempt_8f1bb60393713a9f8575,d4bff05e9684be390ff16bd9dfdbc566da828ba961cb725d756d66ec48dc926e,true
result_e44686b982a354280c8a2d4b,runplan_ddfd0ff85d087e32,cell_fa0c2e72aec4b3f6009e,housing_v1__experiment__000002,housing_v1,housing_controlled_model_landlords_experiment,episode_attempt_8f1bb60393713a9f8575,d4bff05e9684be390ff16bd9dfdbc566da828ba961cb725d756d66ec48dc926e,included,housing_social_welfare_leaf,1.0.0,social_welfare,1.0.0,utility,tenant_5,tenant_5,0.0,utility_points,"{""disagreement_utility"":0.0}",ok,valid,[],"[""event_00000251""]",evaluation_receipt,episode_attempt_8f1bb60393713a9f8575,d4bff05e9684be390ff16bd9dfdbc566da828ba961cb725d756d66ec48dc926e,true
result_f939dbcf173e6e48bf075ef5,runplan_ddfd0ff85d087e32,cell_fa0c2e72aec4b3f6009e,housing_v1__experiment__000002,housing_v1,housing_controlled_model_landlords_experiment,episode_attempt_8f1bb60393713a9f8575,d4bff05e9684be390ff16bd9dfdbc566da828ba961cb725d756d66ec48dc926e,included,housing_social_welfare_leaf,1.0.0,social_welfare,1.0.0,capture,landlord_0,landlord_0,26.2,utility_points,"{""disagreement_utility"":0.0}",ok,valid,[],"[""event_00000251""]",evaluation_receipt,episode_attempt_8f1bb60393713a9f8575,d4bff05e9684be390ff16bd9dfdbc566da828ba961cb725d756d66ec48dc926e,true
result_9d5b3bb7464dc5face9f46df,runplan_ddfd0ff85d087e32,cell_fa0c2e72aec4b3f6009e,housing_v1__experiment__000002,housing_v1,housing_controlled_model_landlords_experiment,episode_attempt_8f1bb60393713a9f8575,d4bff05e9684be390ff16bd9dfdbc566da828ba961cb725d756d66ec48dc926e,included,housing_social_welfare_leaf,1.0.0,social_welfare,1.0.0,capture,landlord_1,landlord_1,97.87,utility_points,"{""disagreement_utility"":0.0}",ok,valid,[],"[""event_00000251""]",evaluation_receipt,episode_attempt_8f1bb60393713a9f8575,d4bff05e9684be390ff16bd9dfdbc566da828ba961cb725d756d66ec48dc926e,true
result_18ec0dd7a39797032e95d728,runplan_ddfd0ff85d087e32,cell_fa0c2e72aec4b3f6009e,housing_v1__experiment__000002,housing_v1,housing_controlled_model_landlords_experiment,episode_attempt_8f1bb60393713a9f8575,d4bff05e9684be390ff16bd9dfdbc566da828ba961cb725d756d66ec48dc926e,included,housing_social_welfare_leaf,1.0.0,social_welfare,1.0.0,capture,landlord_2,landlord_2,0.0,utility_points,"{""disagreement_utility"":0.0}",ok,valid,[],"[""event_00000251""]",evaluation_receipt,episode_attempt_8f1bb60393713a9f8575,d4bff05e9684be390ff16bd9dfdbc566da828ba961cb725d756d66ec48dc926e,true
result_99cba6ec8b2873134a6fab4b,runplan_ddfd0ff85d087e32,cell_fa0c2e72aec4b3f6009e,housing_v1__experiment__000002,housing_v1,housing_controlled_model_landlords_experiment,episode_attempt_8f1bb60393713a9f8575,d4bff05e9684be390ff16bd9dfdbc566da828ba961cb725d756d66ec48dc926e,included,housing_social_welfare_leaf,1.0.0,social_welfare,1.0.0,capture,landlord_3,landlord_3,79.13,utility_points,"{""disagreement_utility"":0.0}",ok,valid,[],"[""event_00000251""]",evaluation_receipt,episode_attempt_8f1bb60393713a9f8575,d4bff05e9684be390ff16bd9dfdbc566da828ba961cb725d756d66ec48dc926e,true
result_8c9e1cdbe9b7f5818c7d5241,runplan_ddfd0ff85d087e32,cell_fa0c2e72aec4b3f6009e,housing_v1__experiment__000002,housing_v1,housing_controlled_model_landlords_experiment,episode_attempt_8f1bb60393713a9f8575,d4bff05e9684be390ff16bd9dfdbc566da828ba961cb725d756d66ec48dc926e,included,housing_social_welfare_leaf,1.0.0,social_welfare,1.0.0,capture,tenant_0,tenant_0,347.97,utility_points,"{""disagreement_utility"":0.0}",ok,valid,[],"[""event_00000251""]",evaluation_receipt,episode_attempt_8f1bb60393713a9f8575,d4bff05e9684be390ff16bd9dfdbc566da828ba961cb725d756d66ec48dc926e,true
result_3dfc7de5c19678670207769b,runplan_ddfd0ff85d087e32,cell_fa0c2e72aec4b3f6009e,housing_v1__experiment__000002,housing_v1,housing_controlled_model_landlords_experiment,episode_attempt_8f1bb60393713a9f8575,d4bff05e9684be390ff16bd9dfdbc566da828ba961cb725d756d66ec48dc926e,included,housing_social_welfare_leaf,1.0.0,social_welfare,1.0.0,capture,tenant_1,tenant_1,116.66,utility_points,"{""disagreement_utility"":0.0}",ok,valid,[],"[""event_00000251""]",evaluation_receipt,episode_attempt_8f1bb60393713a9f8575,d4bff05e9684be390ff16bd9dfdbc566da828ba961cb725d756d66ec48dc926e,true
result_5d782952a66aaf1185409c71,runplan_ddfd0ff85d087e32,cell_fa0c2e72aec4b3f6009e,housing_v1__experiment__000002,housing_v1,housing_controlled_model_landlords_experiment,episode_attempt_8f1bb60393713a9f8575,d4bff05e9684be390ff16bd9dfdbc566da828ba961cb725d756d66ec48dc926e,included,housing_social_welfare_leaf,1.0.0,social_welfare,1.0.0,capture,tenant_2,tenant_2,0.0,utility_points,"{""disagreement_utility"":0.0}",ok,valid,[],"[""event_00000251""]",evaluation_receipt,episode_attempt_8f1bb60393713a9f8575,d4bff05e9684be390ff16bd9dfdbc566da828ba961cb725d756d66ec48dc926e,true
result_290362918deb883654acd0cd,runplan_ddfd0ff85d087e32,cell_fa0c2e72aec4b3f6009e,housing_v1__experiment__000002,housing_v1,housing_controlled_model_landlords_experiment,episode_attempt_8f1bb60393713a9f8575,d4bff05e9684be390ff16bd9dfdbc566da828ba961cb725d756d66ec48dc926e,included,housing_social_welfare_leaf,1.0.0,social_welfare,1.0.0,capture,tenant_3,tenant_3,181.95,utility_points,"{""disagreement_utility"":0.0}",ok,valid,[],"[""event_00000251""]",evaluation_receipt,episode_attempt_8f1bb60393713a9f8575,d4bff05e9684be390ff16bd9dfdbc566da828ba961cb725d756d66ec48dc926e,true
result_35c91aedbca12476fdcdce8d,runplan_ddfd0ff85d087e32,cell_fa0c2e72aec4b3f6009e,housing_v1__experiment__000002,housing_v1,housing_controlled_model_landlords_experiment,episode_attempt_8f1bb60393713a9f8575,d4bff05e9684be390ff16bd9dfdbc566da828ba961cb725d756d66ec48dc926e,included,housing_social_welfare_leaf,1.0.0,social_welfare,1.0.0,capture,tenant_4,tenant_4,0.0,utility_points,"{""disagreement_utility"":0.0}",ok,valid,[],"[""event_00000251""]",evaluation_receipt,episode_attempt_8f1bb60393713a9f8575,d4bff05e9684be390ff16bd9dfdbc566da828ba961cb725d756d66ec48dc926e,true
result_6fdb9ffedd474854528f135a,runplan_ddfd0ff85d087e32,cell_fa0c2e72aec4b3f6009e,housing_v1__experiment__000002,housing_v1,housing_controlled_model_landlords_experiment,episode_attempt_8f1bb60393713a9f8575,d4bff05e9684be390ff16bd9dfdbc566da828ba961cb725d756d66ec48dc926e,included,housing_social_welfare_leaf,1.0.0,social_welfare,1.0.0,capture,tenant_5,tenant_5,0.0,utility_points,"{""disagreement_utility"":0.0}",ok,valid,[],"[""event_00000251""]",evaluation_receipt,episode_attempt_8f1bb60393713a9f8575,d4bff05e9684be390ff16bd9dfdbc566da828ba961cb725d756d66ec48dc926e,true
result_f7c317bbd16163a5fc42a963,runplan_ddfd0ff85d087e32,cell_fd3fcce46993331e126d,housing_v1__experiment__000001,housing_v1,housing_controlled_model_landlords_experiment,episode_attempt_681869e6abc1d56ea65d,b4501b56f084925b3c3216bfd2cb3b9fa973b90aef67974a4365d7f45c11018e,included,housing_social_welfare_leaf,1.0.0,social_welfare,1.0.0,primary,social_welfare,,1950.45,utility_points,{},ok,valid,[],"[""event_00000233""]",evaluation_receipt,episode_attempt_681869e6abc1d56ea65d,b4501b56f084925b3c3216bfd2cb3b9fa973b90aef67974a4365d7f45c11018e,true
result_0f33130ca4601b70427ead4b,runplan_ddfd0ff85d087e32,cell_fd3fcce46993331e126d,housing_v1__experiment__000001,housing_v1,housing_controlled_model_landlords_experiment,episode_attempt_681869e6abc1d56ea65d,b4501b56f084925b3c3216bfd2cb3b9fa973b90aef67974a4365d7f45c11018e,included,housing_social_welfare_leaf,1.0.0,social_welfare,1.0.0,metric,comparison_baseline_gap,,396.93000000000006,utility_points,{},ok,valid,[],"[""event_00000233""]",evaluation_receipt,episode_attempt_681869e6abc1d56ea65d,b4501b56f084925b3c3216bfd2cb3b9fa973b90aef67974a4365d7f45c11018e,true
result_9b12545ee3c6fe471bc9c4f3,runplan_ddfd0ff85d087e32,cell_fd3fcce46993331e126d,housing_v1__experiment__000001,housing_v1,housing_controlled_model_landlords_experiment,episode_attempt_681869e6abc1d56ea65d,b4501b56f084925b3c3216bfd2cb3b9fa973b90aef67974a4365d7f45c11018e,included,housing_social_welfare_leaf,1.0.0,social_welfare,1.0.0,metric,ir_violation_count,,0.0,count,{},ok,valid,[],"[""event_00000233""]",evaluation_receipt,episode_attempt_681869e6abc1d56ea65d,b4501b56f084925b3c3216bfd2cb3b9fa973b90aef67974a4365d7f45c11018e,true
result_751ebca8da91679eb403a11c,runplan_ddfd0ff85d087e32,cell_fd3fcce46993331e126d,housing_v1__experiment__000001,housing_v1,housing_controlled_model_landlords_experiment,episode_attempt_681869e6abc1d56ea65d,b4501b56f084925b3c3216bfd2cb3b9fa973b90aef67974a4365d7f45c11018e,included,housing_social_welfare_leaf,1.0.0,social_welfare,1.0.0,metric,social_welfare,,1950.45,utility_points,{},ok,valid,[],"[""event_00000233""]",evaluation_receipt,episode_attempt_681869e6abc1d56ea65d,b4501b56f084925b3c3216bfd2cb3b9fa973b90aef67974a4365d7f45c11018e,true
result_42181da2258af033f14eb626,runplan_ddfd0ff85d087e32,cell_fd3fcce46993331e126d,housing_v1__experiment__000001,housing_v1,housing_controlled_model_landlords_experiment,episode_attempt_681869e6abc1d56ea65d,b4501b56f084925b3c3216bfd2cb3b9fa973b90aef67974a4365d7f45c11018e,included,housing_social_welfare_leaf,1.0.0,social_welfare,1.0.0,metric,upper_bound_gap,,53.83999999999992,utility_points,{},ok,valid,[],"[""event_00000233""]",evaluation_receipt,episode_attempt_681869e6abc1d56ea65d,b4501b56f084925b3c3216bfd2cb3b9fa973b90aef67974a4365d7f45c11018e,true
result_750a9cde37a4147c3ac29308,runplan_ddfd0ff85d087e32,cell_fd3fcce46993331e126d,housing_v1__experiment__000001,housing_v1,housing_controlled_model_landlords_experiment,episode_attempt_681869e6abc1d56ea65d,b4501b56f084925b3c3216bfd2cb3b9fa973b90aef67974a4365d7f45c11018e,included,housing_social_welfare_leaf,1.0.0,social_welfare,1.0.0,metric,wasted_contacts,,6.0,count,{},ok,valid,[],"[""event_00000233""]",evaluation_receipt,episode_attempt_681869e6abc1d56ea65d,b4501b56f084925b3c3216bfd2cb3b9fa973b90aef67974a4365d7f45c11018e,true
result_e5f278f9ca020596b3114f8a,runplan_ddfd0ff85d087e32,cell_fd3fcce46993331e126d,housing_v1__experiment__000001,housing_v1,housing_controlled_model_landlords_experiment,episode_attempt_681869e6abc1d56ea65d,b4501b56f084925b3c3216bfd2cb3b9fa973b90aef67974a4365d7f45c11018e,included,housing_social_welfare_leaf,1.0.0,social_welfare,1.0.0,metric,within_case_score,,0.9731376198055172,ratio,{},ok,valid,[],"[""event_00000233""]",evaluation_receipt,episode_attempt_681869e6abc1d56ea65d,b4501b56f084925b3c3216bfd2cb3b9fa973b90aef67974a4365d7f45c11018e,true
result_6130555d73011a913cb56544,runplan_ddfd0ff85d087e32,cell_fd3fcce46993331e126d,housing_v1__experiment__000001,housing_v1,housing_controlled_model_landlords_experiment,episode_attempt_681869e6abc1d56ea65d,b4501b56f084925b3c3216bfd2cb3b9fa973b90aef67974a4365d7f45c11018e,included,housing_social_welfare_leaf,1.0.0,social_welfare,1.0.0,reference,comparison_baseline,,1553.52,utility_points,"{""policy"":""naive"",""reference_kind"":""comparison_baseline""}",ok,valid,[],"[""event_00000233""]",evaluation_receipt,episode_attempt_681869e6abc1d56ea65d,b4501b56f084925b3c3216bfd2cb3b9fa973b90aef67974a4365d7f45c11018e,true
result_1e0e27c73db3d68386bb3b8d,runplan_ddfd0ff85d087e32,cell_fd3fcce46993331e126d,housing_v1__experiment__000001,housing_v1,housing_controlled_model_landlords_experiment,episode_attempt_681869e6abc1d56ea65d,b4501b56f084925b3c3216bfd2cb3b9fa973b90aef67974a4365d7f45c11018e,included,housing_social_welfare_leaf,1.0.0,social_welfare,1.0.0,reference,optimum_lower_bound,,0.0,utility_points,"{""policy"":""do_nothing"",""reference_kind"":""objective_lower_bound""}",ok,valid,[],"[""event_00000233""]",evaluation_receipt,episode_attempt_681869e6abc1d56ea65d,b4501b56f084925b3c3216bfd2cb3b9fa973b90aef67974a4365d7f45c11018e,true
result_beffd6a0409642798a56b853,runplan_ddfd0ff85d087e32,cell_fd3fcce46993331e126d,housing_v1__experiment__000001,housing_v1,housing_controlled_model_landlords_experiment,episode_attempt_681869e6abc1d56ea65d,b4501b56f084925b3c3216bfd2cb3b9fa973b90aef67974a4365d7f45c11018e,included,housing_social_welfare_leaf,1.0.0,social_welfare,1.0.0,reference,optimum_upper_bound,,2004.29,utility_points,"{""reference_kind"":""objective_upper_bound"",""semantics"":""full_information_allocation_relaxation""}",ok,valid,[],"[""event_00000233""]",evaluation_receipt,episode_attempt_681869e6abc1d56ea65d,b4501b56f084925b3c3216bfd2cb3b9fa973b90aef67974a4365d7f45c11018e,true
result_f9d5f16258413e42bbae767c,runplan_ddfd0ff85d087e32,cell_fd3fcce46993331e126d,housing_v1__experiment__000001,housing_v1,housing_controlled_model_landlords_experiment,episode_attempt_681869e6abc1d56ea65d,b4501b56f084925b3c3216bfd2cb3b9fa973b90aef67974a4365d7f45c11018e,included,housing_social_welfare_leaf,1.0.0,social_welfare,1.0.0,utility,landlord_0,landlord_0,93.6,utility_points,"{""disagreement_utility"":0.0}",ok,valid,[],"[""event_00000233""]",evaluation_receipt,episode_attempt_681869e6abc1d56ea65d,b4501b56f084925b3c3216bfd2cb3b9fa973b90aef67974a4365d7f45c11018e,true
result_bb65b8d88f137bba6de3f1bb,runplan_ddfd0ff85d087e32,cell_fd3fcce46993331e126d,housing_v1__experiment__000001,housing_v1,housing_controlled_model_landlords_experiment,episode_attempt_681869e6abc1d56ea65d,b4501b56f084925b3c3216bfd2cb3b9fa973b90aef67974a4365d7f45c11018e,included,housing_social_welfare_leaf,1.0.0,social_welfare,1.0.0,utility,landlord_1,landlord_1,106.62,utility_points,"{""disagreement_utility"":0.0}",ok,valid,[],"[""event_00000233""]",evaluation_receipt,episode_attempt_681869e6abc1d56ea65d,b4501b56f084925b3c3216bfd2cb3b9fa973b90aef67974a4365d7f45c11018e,true
result_b754cb368b2b2238202a8ce4,runplan_ddfd0ff85d087e32,cell_fd3fcce46993331e126d,housing_v1__experiment__000001,housing_v1,housing_controlled_model_landlords_experiment,episode_attempt_681869e6abc1d56ea65d,b4501b56f084925b3c3216bfd2cb3b9fa973b90aef67974a4365d7f45c11018e,included,housing_social_welfare_leaf,1.0.0,social_welfare,1.0.0,utility,landlord_2,landlord_2,168.36,utility_points,"{""disagreement_utility"":0.0}",ok,valid,[],"[""event_00000233""]",evaluation_receipt,episode_attempt_681869e6abc1d56ea65d,b4501b56f084925b3c3216bfd2cb3b9fa973b90aef67974a4365d7f45c11018e,true
result_8dc744cc3f8b7807360e271f,runplan_ddfd0ff85d087e32,cell_fd3fcce46993331e126d,housing_v1__experiment__000001,housing_v1,housing_controlled_model_landlords_experiment,episode_attempt_681869e6abc1d56ea65d,b4501b56f084925b3c3216bfd2cb3b9fa973b90aef67974a4365d7f45c11018e,included,housing_social_welfare_leaf,1.0.0,social_welfare,1.0.0,utility,landlord_3,landlord_3,97.64,utility_points,"{""disagreement_utility"":0.0}",ok,valid,[],"[""event_00000233""]",evaluation_receipt,episode_attempt_681869e6abc1d56ea65d,b4501b56f084925b3c3216bfd2cb3b9fa973b90aef67974a4365d7f45c11018e,true
result_8d0da51f2a538402b6ace4f6,runplan_ddfd0ff85d087e32,cell_fd3fcce46993331e126d,housing_v1__experiment__000001,housing_v1,housing_controlled_model_landlords_experiment,episode_attempt_681869e6abc1d56ea65d,b4501b56f084925b3c3216bfd2cb3b9fa973b90aef67974a4365d7f45c11018e,included,housing_social_welfare_leaf,1.0.0,social_welfare,1.0.0,utility,tenant_0,tenant_0,282.49,utility_points,"{""disagreement_utility"":0.0}",ok,valid,[],"[""event_00000233""]",evaluation_receipt,episode_attempt_681869e6abc1d56ea65d,b4501b56f084925b3c3216bfd2cb3b9fa973b90aef67974a4365d7f45c11018e,true
result_03bd05b6db272298360d64a5,runplan_ddfd0ff85d087e32,cell_fd3fcce46993331e126d,housing_v1__experiment__000001,housing_v1,housing_controlled_model_landlords_experiment,episode_attempt_681869e6abc1d56ea65d,b4501b56f084925b3c3216bfd2cb3b9fa973b90aef67974a4365d7f45c11018e,included,housing_social_welfare_leaf,1.0.0,social_welfare,1.0.0,utility,tenant_1,tenant_1,0.0,utility_points,"{""disagreement_utility"":0.0}",ok,valid,[],"[""event_00000233""]",evaluation_receipt,episode_attempt_681869e6abc1d56ea65d,b4501b56f084925b3c3216bfd2cb3b9fa973b90aef67974a4365d7f45c11018e,true
result_a7332c5e950ee13ed5a19e9f,runplan_ddfd0ff85d087e32,cell_fd3fcce46993331e126d,housing_v1__experiment__000001,housing_v1,housing_controlled_model_landlords_experiment,episode_attempt_681869e6abc1d56ea65d,b4501b56f084925b3c3216bfd2cb3b9fa973b90aef67974a4365d7f45c11018e,included,housing_social_welfare_leaf,1.0.0,social_welfare,1.0.0,utility,tenant_2,tenant_2,433.32,utility_points,"{""disagreement_utility"":0.0}",ok,valid,[],"[""event_00000233""]",evaluation_receipt,episode_attempt_681869e6abc1d56ea65d,b4501b56f084925b3c3216bfd2cb3b9fa973b90aef67974a4365d7f45c11018e,true
result_56b1392dcdaadebb5116b14a,runplan_ddfd0ff85d087e32,cell_fd3fcce46993331e126d,housing_v1__experiment__000001,housing_v1,housing_controlled_model_landlords_experiment,episode_attempt_681869e6abc1d56ea65d,b4501b56f084925b3c3216bfd2cb3b9fa973b90aef67974a4365d7f45c11018e,included,housing_social_welfare_leaf,1.0.0,social_welfare,1.0.0,utility,tenant_3,tenant_3,386.83,utility_points,"{""disagreement_utility"":0.0}",ok,valid,[],"[""event_00000233""]",evaluation_receipt,episode_attempt_681869e6abc1d56ea65d,b4501b56f084925b3c3216bfd2cb3b9fa973b90aef67974a4365d7f45c11018e,true
result_6425e573ce66162532fbd57a,runplan_ddfd0ff85d087e32,cell_fd3fcce46993331e126d,housing_v1__experiment__000001,housing_v1,housing_controlled_model_landlords_experiment,episode_attempt_681869e6abc1d56ea65d,b4501b56f084925b3c3216bfd2cb3b9fa973b90aef67974a4365d7f45c11018e,included,housing_social_welfare_leaf,1.0.0,social_welfare,1.0.0,utility,tenant_4,tenant_4,0.0,utility_points,"{""disagreement_utility"":0.0}",ok,valid,[],"[""event_00000233""]",evaluation_receipt,episode_attempt_681869e6abc1d56ea65d,b4501b56f084925b3c3216bfd2cb3b9fa973b90aef67974a4365d7f45c11018e,true
result_f6e899eca244290e46975859,runplan_ddfd0ff85d087e32,cell_fd3fcce46993331e126d,housing_v1__experiment__000001,housing_v1,housing_controlled_model_landlords_experiment,episode_attempt_681869e6abc1d56ea65d,b4501b56f084925b3c3216bfd2cb3b9fa973b90aef67974a4365d7f45c11018e,included,housing_social_welfare_leaf,1.0.0,social_welfare,1.0.0,utility,tenant_5,tenant_5,381.59,utility_points,"{""disagreement_utility"":0.0}",ok,valid,[],"[""event_00000233""]",evaluation_receipt,episode_attempt_681869e6abc1d56ea65d,b4501b56f084925b3c3216bfd2cb3b9fa973b90aef67974a4365d7f45c11018e,true
result_d3110519fdf5a5747e12149b,runplan_ddfd0ff85d087e32,cell_fd3fcce46993331e126d,housing_v1__experiment__000001,housing_v1,housing_controlled_model_landlords_experiment,episode_attempt_681869e6abc1d56ea65d,b4501b56f084925b3c3216bfd2cb3b9fa973b90aef67974a4365d7f45c11018e,included,housing_social_welfare_leaf,1.0.0,social_welfare,1.0.0,capture,landlord_0,landlord_0,93.6,utility_points,"{""disagreement_utility"":0.0}",ok,valid,[],"[""event_00000233""]",evaluation_receipt,episode_attempt_681869e6abc1d56ea65d,b4501b56f084925b3c3216bfd2cb3b9fa973b90aef67974a4365d7f45c11018e,true
result_a847102f0e9212f9a0fdcc63,runplan_ddfd0ff85d087e32,cell_fd3fcce46993331e126d,housing_v1__experiment__000001,housing_v1,housing_controlled_model_landlords_experiment,episode_attempt_681869e6abc1d56ea65d,b4501b56f084925b3c3216bfd2cb3b9fa973b90aef67974a4365d7f45c11018e,included,housing_social_welfare_leaf,1.0.0,social_welfare,1.0.0,capture,landlord_1,landlord_1,106.62,utility_points,"{""disagreement_utility"":0.0}",ok,valid,[],"[""event_00000233""]",evaluation_receipt,episode_attempt_681869e6abc1d56ea65d,b4501b56f084925b3c3216bfd2cb3b9fa973b90aef67974a4365d7f45c11018e,true
result_c2af0933c6dee04fe6c75ebd,runplan_ddfd0ff85d087e32,cell_fd3fcce46993331e126d,housing_v1__experiment__000001,housing_v1,housing_controlled_model_landlords_experiment,episode_attempt_681869e6abc1d56ea65d,b4501b56f084925b3c3216bfd2cb3b9fa973b90aef67974a4365d7f45c11018e,included,housing_social_welfare_leaf,1.0.0,social_welfare,1.0.0,capture,landlord_2,landlord_2,168.36,utility_points,"{""disagreement_utility"":0.0}",ok,valid,[],"[""event_00000233""]",evaluation_receipt,episode_attempt_681869e6abc1d56ea65d,b4501b56f084925b3c3216bfd2cb3b9fa973b90aef67974a4365d7f45c11018e,true
result_0bf883a3a96599940179f28f,runplan_ddfd0ff85d087e32,cell_fd3fcce46993331e126d,housing_v1__experiment__000001,housing_v1,housing_controlled_model_landlords_experiment,episode_attempt_681869e6abc1d56ea65d,b4501b56f084925b3c3216bfd2cb3b9fa973b90aef67974a4365d7f45c11018e,included,housing_social_welfare_leaf,1.0.0,social_welfare,1.0.0,capture,landlord_3,landlord_3,97.64,utility_points,"{""disagreement_utility"":0.0}",ok,valid,[],"[""event_00000233""]",evaluation_receipt,episode_attempt_681869e6abc1d56ea65d,b4501b56f084925b3c3216bfd2cb3b9fa973b90aef67974a4365d7f45c11018e,true
result_14d64e98bafb280f921919a9,runplan_ddfd0ff85d087e32,cell_fd3fcce46993331e126d,housing_v1__experiment__000001,housing_v1,housing_controlled_model_landlords_experiment,episode_attempt_681869e6abc1d56ea65d,b4501b56f084925b3c3216bfd2cb3b9fa973b90aef67974a4365d7f45c11018e,included,housing_social_welfare_leaf,1.0.0,social_welfare,1.0.0,capture,tenant_0,tenant_0,282.49,utility_points,"{""disagreement_utility"":0.0}",ok,valid,[],"[""event_00000233""]",evaluation_receipt,episode_attempt_681869e6abc1d56ea65d,b4501b56f084925b3c3216bfd2cb3b9fa973b90aef67974a4365d7f45c11018e,true
result_0c91d8431095bdecc9fa17c9,runplan_ddfd0ff85d087e32,cell_fd3fcce46993331e126d,housing_v1__experiment__000001,housing_v1,housing_controlled_model_landlords_experiment,episode_attempt_681869e6abc1d56ea65d,b4501b56f084925b3c3216bfd2cb3b9fa973b90aef67974a4365d7f45c11018e,included,housing_social_welfare_leaf,1.0.0,social_welfare,1.0.0,capture,tenant_1,tenant_1,0.0,utility_points,"{""disagreement_utility"":0.0}",ok,valid,[],"[""event_00000233""]",evaluation_receipt,episode_attempt_681869e6abc1d56ea65d,b4501b56f084925b3c3216bfd2cb3b9fa973b90aef67974a4365d7f45c11018e,true
result_7e65de0bb0e3ffc93c7798e7,runplan_ddfd0ff85d087e32,cell_fd3fcce46993331e126d,housing_v1__experiment__000001,housing_v1,housing_controlled_model_landlords_experiment,episode_attempt_681869e6abc1d56ea65d,b4501b56f084925b3c3216bfd2cb3b9fa973b90aef67974a4365d7f45c11018e,included,housing_social_welfare_leaf,1.0.0,social_welfare,1.0.0,capture,tenant_2,tenant_2,433.32,utility_points,"{""disagreement_utility"":0.0}",ok,valid,[],"[""event_00000233""]",evaluation_receipt,episode_attempt_681869e6abc1d56ea65d,b4501b56f084925b3c3216bfd2cb3b9fa973b90aef67974a4365d7f45c11018e,true
result_9b8a07094c33c19f3c9199c2,runplan_ddfd0ff85d087e32,cell_fd3fcce46993331e126d,housing_v1__experiment__000001,housing_v1,housing_controlled_model_landlords_experiment,episode_attempt_681869e6abc1d56ea65d,b4501b56f084925b3c3216bfd2cb3b9fa973b90aef67974a4365d7f45c11018e,included,housing_social_welfare_leaf,1.0.0,social_welfare,1.0.0,capture,tenant_3,tenant_3,386.83,utility_points,"{""disagreement_utility"":0.0}",ok,valid,[],"[""event_00000233""]",evaluation_receipt,episode_attempt_681869e6abc1d56ea65d,b4501b56f084925b3c3216bfd2cb3b9fa973b90aef67974a4365d7f45c11018e,true
result_42a55cebbdeab81ba8e18858,runplan_ddfd0ff85d087e32,cell_fd3fcce46993331e126d,housing_v1__experiment__000001,housing_v1,housing_controlled_model_landlords_experiment,episode_attempt_681869e6abc1d56ea65d,b4501b56f084925b3c3216bfd2cb3b9fa973b90aef67974a4365d7f45c11018e,included,housing_social_welfare_leaf,1.0.0,social_welfare,1.0.0,capture,tenant_4,tenant_4,0.0,utility_points,"{""disagreement_utility"":0.0}",ok,valid,[],"[""event_00000233""]",evaluation_receipt,episode_attempt_681869e6abc1d56ea65d,b4501b56f084925b3c3216bfd2cb3b9fa973b90aef67974a4365d7f45c11018e,true
result_7650b73317af373be080fafa,runplan_ddfd0ff85d087e32,cell_fd3fcce46993331e126d,housing_v1__experiment__000001,housing_v1,housing_controlled_model_landlords_experiment,episode_attempt_681869e6abc1d56ea65d,b4501b56f084925b3c3216bfd2cb3b9fa973b90aef67974a4365d7f45c11018e,included,housing_social_welfare_leaf,1.0.0,social_welfare,1.0.0,capture,tenant_5,tenant_5,381.59,utility_points,"{""disagreement_utility"":0.0}",ok,valid,[],"[""event_00000233""]",evaluation_receipt,episode_attempt_681869e6abc1d56ea65d,b4501b56f084925b3c3216bfd2cb3b9fa973b90aef67974a4365d7f45c11018e,true
