fact_id,run_id,task_id,case_id,family_id,block_id,episode_attempt_id,receipt_sha256,inclusion_status,leaf_id,leaf_version,estimand_id,estimand_version,metric_role,metric_name,seat_id,value,unit,metric_metadata,score_status,validity_status,validity_reasons,evidence_refs,source_kind,source_id,source_sha256,reportable
result_906d2316ff1b1ba6f345fd4d,runplan_37e4b51f14a1cb6a,cell_07af6cace41c823ebf6f,housing_v1__experiment__000002,housing_v1,housing_controlled_model_landlords_experiment,episode_attempt_d967ff56860f84dcc941,2d147a6d98518b921627497b867188218424f46fd34de00e1b7089e28338d110,included,housing_social_welfare_leaf,1.0.0,social_welfare,1.0.0,primary,social_welfare,,977.21,utility_points,{},ok,valid,[],"[""event_00000275""]",evaluation_receipt,episode_attempt_d967ff56860f84dcc941,2d147a6d98518b921627497b867188218424f46fd34de00e1b7089e28338d110,true
result_567d03ba83d8c6b1e4c45693,runplan_37e4b51f14a1cb6a,cell_07af6cace41c823ebf6f,housing_v1__experiment__000002,housing_v1,housing_controlled_model_landlords_experiment,episode_attempt_d967ff56860f84dcc941,2d147a6d98518b921627497b867188218424f46fd34de00e1b7089e28338d110,included,housing_social_welfare_leaf,1.0.0,social_welfare,1.0.0,metric,comparison_baseline_gap,,-432.26,utility_points,{},ok,valid,[],"[""event_00000275""]",evaluation_receipt,episode_attempt_d967ff56860f84dcc941,2d147a6d98518b921627497b867188218424f46fd34de00e1b7089e28338d110,true
result_817f349e84a7b73020763c1e,runplan_37e4b51f14a1cb6a,cell_07af6cace41c823ebf6f,housing_v1__experiment__000002,housing_v1,housing_controlled_model_landlords_experiment,episode_attempt_d967ff56860f84dcc941,2d147a6d98518b921627497b867188218424f46fd34de00e1b7089e28338d110,included,housing_social_welfare_leaf,1.0.0,social_welfare,1.0.0,metric,ir_violation_count,,0.0,count,{},ok,valid,[],"[""event_00000275""]",evaluation_receipt,episode_attempt_d967ff56860f84dcc941,2d147a6d98518b921627497b867188218424f46fd34de00e1b7089e28338d110,true
result_33125d87e1da90d3590a2f2a,runplan_37e4b51f14a1cb6a,cell_07af6cace41c823ebf6f,housing_v1__experiment__000002,housing_v1,housing_controlled_model_landlords_experiment,episode_attempt_d967ff56860f84dcc941,2d147a6d98518b921627497b867188218424f46fd34de00e1b7089e28338d110,included,housing_social_welfare_leaf,1.0.0,social_welfare,1.0.0,metric,social_welfare,,977.21,utility_points,{},ok,valid,[],"[""event_00000275""]",evaluation_receipt,episode_attempt_d967ff56860f84dcc941,2d147a6d98518b921627497b867188218424f46fd34de00e1b7089e28338d110,true
result_65da58d2aafb2f517d7d35d4,runplan_37e4b51f14a1cb6a,cell_07af6cace41c823ebf6f,housing_v1__experiment__000002,housing_v1,housing_controlled_model_landlords_experiment,episode_attempt_d967ff56860f84dcc941,2d147a6d98518b921627497b867188218424f46fd34de00e1b7089e28338d110,included,housing_social_welfare_leaf,1.0.0,social_welfare,1.0.0,metric,upper_bound_gap,,1199.9299999999998,utility_points,{},ok,valid,[],"[""event_00000275""]",evaluation_receipt,episode_attempt_d967ff56860f84dcc941,2d147a6d98518b921627497b867188218424f46fd34de00e1b7089e28338d110,true
result_5b71a1341e9a1bb8c1065d5d,runplan_37e4b51f14a1cb6a,cell_07af6cace41c823ebf6f,housing_v1__experiment__000002,housing_v1,housing_controlled_model_landlords_experiment,episode_attempt_d967ff56860f84dcc941,2d147a6d98518b921627497b867188218424f46fd34de00e1b7089e28338d110,included,housing_social_welfare_leaf,1.0.0,social_welfare,1.0.0,metric,wasted_contacts,,9.0,count,{},ok,valid,[],"[""event_00000275""]",evaluation_receipt,episode_attempt_d967ff56860f84dcc941,2d147a6d98518b921627497b867188218424f46fd34de00e1b7089e28338d110,true
result_ce43194b41b53174b6568e7c,runplan_37e4b51f14a1cb6a,cell_07af6cace41c823ebf6f,housing_v1__experiment__000002,housing_v1,housing_controlled_model_landlords_experiment,episode_attempt_d967ff56860f84dcc941,2d147a6d98518b921627497b867188218424f46fd34de00e1b7089e28338d110,included,housing_social_welfare_leaf,1.0.0,social_welfare,1.0.0,metric,within_case_score,,0.4488503265752318,ratio,{},ok,valid,[],"[""event_00000275""]",evaluation_receipt,episode_attempt_d967ff56860f84dcc941,2d147a6d98518b921627497b867188218424f46fd34de00e1b7089e28338d110,true
result_60a99a2114b1574078ee710a,runplan_37e4b51f14a1cb6a,cell_07af6cace41c823ebf6f,housing_v1__experiment__000002,housing_v1,housing_controlled_model_landlords_experiment,episode_attempt_d967ff56860f84dcc941,2d147a6d98518b921627497b867188218424f46fd34de00e1b7089e28338d110,included,housing_social_welfare_leaf,1.0.0,social_welfare,1.0.0,reference,comparison_baseline,,1409.47,utility_points,"{""policy"":""naive"",""reference_kind"":""comparison_baseline""}",ok,valid,[],"[""event_00000275""]",evaluation_receipt,episode_attempt_d967ff56860f84dcc941,2d147a6d98518b921627497b867188218424f46fd34de00e1b7089e28338d110,true
result_f70838b38c134e4b8418e02d,runplan_37e4b51f14a1cb6a,cell_07af6cace41c823ebf6f,housing_v1__experiment__000002,housing_v1,housing_controlled_model_landlords_experiment,episode_attempt_d967ff56860f84dcc941,2d147a6d98518b921627497b867188218424f46fd34de00e1b7089e28338d110,included,housing_social_welfare_leaf,1.0.0,social_welfare,1.0.0,reference,optimum_lower_bound,,0.0,utility_points,"{""policy"":""do_nothing"",""reference_kind"":""objective_lower_bound""}",ok,valid,[],"[""event_00000275""]",evaluation_receipt,episode_attempt_d967ff56860f84dcc941,2d147a6d98518b921627497b867188218424f46fd34de00e1b7089e28338d110,true
result_e77da8c1c5556ebe10cc1253,runplan_37e4b51f14a1cb6a,cell_07af6cace41c823ebf6f,housing_v1__experiment__000002,housing_v1,housing_controlled_model_landlords_experiment,episode_attempt_d967ff56860f84dcc941,2d147a6d98518b921627497b867188218424f46fd34de00e1b7089e28338d110,included,housing_social_welfare_leaf,1.0.0,social_welfare,1.0.0,reference,optimum_upper_bound,,2177.14,utility_points,"{""reference_kind"":""objective_upper_bound"",""semantics"":""full_information_allocation_relaxation""}",ok,valid,[],"[""event_00000275""]",evaluation_receipt,episode_attempt_d967ff56860f84dcc941,2d147a6d98518b921627497b867188218424f46fd34de00e1b7089e28338d110,true
result_76ec4e912bcf595a04390f49,runplan_37e4b51f14a1cb6a,cell_07af6cace41c823ebf6f,housing_v1__experiment__000002,housing_v1,housing_controlled_model_landlords_experiment,episode_attempt_d967ff56860f84dcc941,2d147a6d98518b921627497b867188218424f46fd34de00e1b7089e28338d110,included,housing_social_welfare_leaf,1.0.0,social_welfare,1.0.0,utility,landlord_0,landlord_0,26.2,utility_points,"{""disagreement_utility"":0.0}",ok,valid,[],"[""event_00000275""]",evaluation_receipt,episode_attempt_d967ff56860f84dcc941,2d147a6d98518b921627497b867188218424f46fd34de00e1b7089e28338d110,true
result_b88551774ff5fe07eb6bff9f,runplan_37e4b51f14a1cb6a,cell_07af6cace41c823ebf6f,housing_v1__experiment__000002,housing_v1,housing_controlled_model_landlords_experiment,episode_attempt_d967ff56860f84dcc941,2d147a6d98518b921627497b867188218424f46fd34de00e1b7089e28338d110,included,housing_social_welfare_leaf,1.0.0,social_welfare,1.0.0,utility,landlord_1,landlord_1,0.0,utility_points,"{""disagreement_utility"":0.0}",ok,valid,[],"[""event_00000275""]",evaluation_receipt,episode_attempt_d967ff56860f84dcc941,2d147a6d98518b921627497b867188218424f46fd34de00e1b7089e28338d110,true
result_52d7ff32fdf4a278fbee0a0b,runplan_37e4b51f14a1cb6a,cell_07af6cace41c823ebf6f,housing_v1__experiment__000002,housing_v1,housing_controlled_model_landlords_experiment,episode_attempt_d967ff56860f84dcc941,2d147a6d98518b921627497b867188218424f46fd34de00e1b7089e28338d110,included,housing_social_welfare_leaf,1.0.0,social_welfare,1.0.0,utility,landlord_2,landlord_2,0.0,utility_points,"{""disagreement_utility"":0.0}",ok,valid,[],"[""event_00000275""]",evaluation_receipt,episode_attempt_d967ff56860f84dcc941,2d147a6d98518b921627497b867188218424f46fd34de00e1b7089e28338d110,true
result_ea52db7e5e02a69699a3374e,runplan_37e4b51f14a1cb6a,cell_07af6cace41c823ebf6f,housing_v1__experiment__000002,housing_v1,housing_controlled_model_landlords_experiment,episode_attempt_d967ff56860f84dcc941,2d147a6d98518b921627497b867188218424f46fd34de00e1b7089e28338d110,included,housing_social_welfare_leaf,1.0.0,social_welfare,1.0.0,utility,landlord_3,landlord_3,41.13,utility_points,"{""disagreement_utility"":0.0}",ok,valid,[],"[""event_00000275""]",evaluation_receipt,episode_attempt_d967ff56860f84dcc941,2d147a6d98518b921627497b867188218424f46fd34de00e1b7089e28338d110,true
result_45ed09e00113994dfda27736,runplan_37e4b51f14a1cb6a,cell_07af6cace41c823ebf6f,housing_v1__experiment__000002,housing_v1,housing_controlled_model_landlords_experiment,episode_attempt_d967ff56860f84dcc941,2d147a6d98518b921627497b867188218424f46fd34de00e1b7089e28338d110,included,housing_social_welfare_leaf,1.0.0,social_welfare,1.0.0,utility,landlord_4,landlord_4,0.0,utility_points,"{""disagreement_utility"":0.0}",ok,valid,[],"[""event_00000275""]",evaluation_receipt,episode_attempt_d967ff56860f84dcc941,2d147a6d98518b921627497b867188218424f46fd34de00e1b7089e28338d110,true
result_f9b46a51fb3c39f7427a8988,runplan_37e4b51f14a1cb6a,cell_07af6cace41c823ebf6f,housing_v1__experiment__000002,housing_v1,housing_controlled_model_landlords_experiment,episode_attempt_d967ff56860f84dcc941,2d147a6d98518b921627497b867188218424f46fd34de00e1b7089e28338d110,included,housing_social_welfare_leaf,1.0.0,social_welfare,1.0.0,utility,tenant_0,tenant_0,412.75,utility_points,"{""disagreement_utility"":0.0}",ok,valid,[],"[""event_00000275""]",evaluation_receipt,episode_attempt_d967ff56860f84dcc941,2d147a6d98518b921627497b867188218424f46fd34de00e1b7089e28338d110,true
result_954c9a059f08495cfd3de027,runplan_37e4b51f14a1cb6a,cell_07af6cace41c823ebf6f,housing_v1__experiment__000002,housing_v1,housing_controlled_model_landlords_experiment,episode_attempt_d967ff56860f84dcc941,2d147a6d98518b921627497b867188218424f46fd34de00e1b7089e28338d110,included,housing_social_welfare_leaf,1.0.0,social_welfare,1.0.0,utility,tenant_1,tenant_1,497.13,utility_points,"{""disagreement_utility"":0.0}",ok,valid,[],"[""event_00000275""]",evaluation_receipt,episode_attempt_d967ff56860f84dcc941,2d147a6d98518b921627497b867188218424f46fd34de00e1b7089e28338d110,true
result_092edf115f0c56fef3873f28,runplan_37e4b51f14a1cb6a,cell_07af6cace41c823ebf6f,housing_v1__experiment__000002,housing_v1,housing_controlled_model_landlords_experiment,episode_attempt_d967ff56860f84dcc941,2d147a6d98518b921627497b867188218424f46fd34de00e1b7089e28338d110,included,housing_social_welfare_leaf,1.0.0,social_welfare,1.0.0,utility,tenant_2,tenant_2,0.0,utility_points,"{""disagreement_utility"":0.0}",ok,valid,[],"[""event_00000275""]",evaluation_receipt,episode_attempt_d967ff56860f84dcc941,2d147a6d98518b921627497b867188218424f46fd34de00e1b7089e28338d110,true
result_168f50ebefb45f150814e5b7,runplan_37e4b51f14a1cb6a,cell_07af6cace41c823ebf6f,housing_v1__experiment__000002,housing_v1,housing_controlled_model_landlords_experiment,episode_attempt_d967ff56860f84dcc941,2d147a6d98518b921627497b867188218424f46fd34de00e1b7089e28338d110,included,housing_social_welfare_leaf,1.0.0,social_welfare,1.0.0,utility,tenant_3,tenant_3,0.0,utility_points,"{""disagreement_utility"":0.0}",ok,valid,[],"[""event_00000275""]",evaluation_receipt,episode_attempt_d967ff56860f84dcc941,2d147a6d98518b921627497b867188218424f46fd34de00e1b7089e28338d110,true
result_16ef58388bd2935e6c17e2f0,runplan_37e4b51f14a1cb6a,cell_07af6cace41c823ebf6f,housing_v1__experiment__000002,housing_v1,housing_controlled_model_landlords_experiment,episode_attempt_d967ff56860f84dcc941,2d147a6d98518b921627497b867188218424f46fd34de00e1b7089e28338d110,included,housing_social_welfare_leaf,1.0.0,social_welfare,1.0.0,utility,tenant_4,tenant_4,0.0,utility_points,"{""disagreement_utility"":0.0}",ok,valid,[],"[""event_00000275""]",evaluation_receipt,episode_attempt_d967ff56860f84dcc941,2d147a6d98518b921627497b867188218424f46fd34de00e1b7089e28338d110,true
result_3ce68df8a92a8fa7673e9572,runplan_37e4b51f14a1cb6a,cell_07af6cace41c823ebf6f,housing_v1__experiment__000002,housing_v1,housing_controlled_model_landlords_experiment,episode_attempt_d967ff56860f84dcc941,2d147a6d98518b921627497b867188218424f46fd34de00e1b7089e28338d110,included,housing_social_welfare_leaf,1.0.0,social_welfare,1.0.0,utility,tenant_5,tenant_5,0.0,utility_points,"{""disagreement_utility"":0.0}",ok,valid,[],"[""event_00000275""]",evaluation_receipt,episode_attempt_d967ff56860f84dcc941,2d147a6d98518b921627497b867188218424f46fd34de00e1b7089e28338d110,true
result_4c3ea638d9a17ce2f130be9d,runplan_37e4b51f14a1cb6a,cell_07af6cace41c823ebf6f,housing_v1__experiment__000002,housing_v1,housing_controlled_model_landlords_experiment,episode_attempt_d967ff56860f84dcc941,2d147a6d98518b921627497b867188218424f46fd34de00e1b7089e28338d110,included,housing_social_welfare_leaf,1.0.0,social_welfare,1.0.0,capture,landlord_0,landlord_0,26.2,utility_points,"{""disagreement_utility"":0.0}",ok,valid,[],"[""event_00000275""]",evaluation_receipt,episode_attempt_d967ff56860f84dcc941,2d147a6d98518b921627497b867188218424f46fd34de00e1b7089e28338d110,true
result_3989d7be9471124af28856a7,runplan_37e4b51f14a1cb6a,cell_07af6cace41c823ebf6f,housing_v1__experiment__000002,housing_v1,housing_controlled_model_landlords_experiment,episode_attempt_d967ff56860f84dcc941,2d147a6d98518b921627497b867188218424f46fd34de00e1b7089e28338d110,included,housing_social_welfare_leaf,1.0.0,social_welfare,1.0.0,capture,landlord_1,landlord_1,0.0,utility_points,"{""disagreement_utility"":0.0}",ok,valid,[],"[""event_00000275""]",evaluation_receipt,episode_attempt_d967ff56860f84dcc941,2d147a6d98518b921627497b867188218424f46fd34de00e1b7089e28338d110,true
result_4f351700546fdfe13156c7e1,runplan_37e4b51f14a1cb6a,cell_07af6cace41c823ebf6f,housing_v1__experiment__000002,housing_v1,housing_controlled_model_landlords_experiment,episode_attempt_d967ff56860f84dcc941,2d147a6d98518b921627497b867188218424f46fd34de00e1b7089e28338d110,included,housing_social_welfare_leaf,1.0.0,social_welfare,1.0.0,capture,landlord_2,landlord_2,0.0,utility_points,"{""disagreement_utility"":0.0}",ok,valid,[],"[""event_00000275""]",evaluation_receipt,episode_attempt_d967ff56860f84dcc941,2d147a6d98518b921627497b867188218424f46fd34de00e1b7089e28338d110,true
result_6541f7c832355782f6c37ea8,runplan_37e4b51f14a1cb6a,cell_07af6cace41c823ebf6f,housing_v1__experiment__000002,housing_v1,housing_controlled_model_landlords_experiment,episode_attempt_d967ff56860f84dcc941,2d147a6d98518b921627497b867188218424f46fd34de00e1b7089e28338d110,included,housing_social_welfare_leaf,1.0.0,social_welfare,1.0.0,capture,landlord_3,landlord_3,41.13,utility_points,"{""disagreement_utility"":0.0}",ok,valid,[],"[""event_00000275""]",evaluation_receipt,episode_attempt_d967ff56860f84dcc941,2d147a6d98518b921627497b867188218424f46fd34de00e1b7089e28338d110,true
result_ad0abb97cec246f6791311a9,runplan_37e4b51f14a1cb6a,cell_07af6cace41c823ebf6f,housing_v1__experiment__000002,housing_v1,housing_controlled_model_landlords_experiment,episode_attempt_d967ff56860f84dcc941,2d147a6d98518b921627497b867188218424f46fd34de00e1b7089e28338d110,included,housing_social_welfare_leaf,1.0.0,social_welfare,1.0.0,capture,landlord_4,landlord_4,0.0,utility_points,"{""disagreement_utility"":0.0}",ok,valid,[],"[""event_00000275""]",evaluation_receipt,episode_attempt_d967ff56860f84dcc941,2d147a6d98518b921627497b867188218424f46fd34de00e1b7089e28338d110,true
result_800b23ff08f96c0b3105c43b,runplan_37e4b51f14a1cb6a,cell_07af6cace41c823ebf6f,housing_v1__experiment__000002,housing_v1,housing_controlled_model_landlords_experiment,episode_attempt_d967ff56860f84dcc941,2d147a6d98518b921627497b867188218424f46fd34de00e1b7089e28338d110,included,housing_social_welfare_leaf,1.0.0,social_welfare,1.0.0,capture,tenant_0,tenant_0,412.75,utility_points,"{""disagreement_utility"":0.0}",ok,valid,[],"[""event_00000275""]",evaluation_receipt,episode_attempt_d967ff56860f84dcc941,2d147a6d98518b921627497b867188218424f46fd34de00e1b7089e28338d110,true
result_1fdfe474395317cbc65914ff,runplan_37e4b51f14a1cb6a,cell_07af6cace41c823ebf6f,housing_v1__experiment__000002,housing_v1,housing_controlled_model_landlords_experiment,episode_attempt_d967ff56860f84dcc941,2d147a6d98518b921627497b867188218424f46fd34de00e1b7089e28338d110,included,housing_social_welfare_leaf,1.0.0,social_welfare,1.0.0,capture,tenant_1,tenant_1,497.13,utility_points,"{""disagreement_utility"":0.0}",ok,valid,[],"[""event_00000275""]",evaluation_receipt,episode_attempt_d967ff56860f84dcc941,2d147a6d98518b921627497b867188218424f46fd34de00e1b7089e28338d110,true
result_090dd65353f0b19c39a0ef60,runplan_37e4b51f14a1cb6a,cell_07af6cace41c823ebf6f,housing_v1__experiment__000002,housing_v1,housing_controlled_model_landlords_experiment,episode_attempt_d967ff56860f84dcc941,2d147a6d98518b921627497b867188218424f46fd34de00e1b7089e28338d110,included,housing_social_welfare_leaf,1.0.0,social_welfare,1.0.0,capture,tenant_2,tenant_2,0.0,utility_points,"{""disagreement_utility"":0.0}",ok,valid,[],"[""event_00000275""]",evaluation_receipt,episode_attempt_d967ff56860f84dcc941,2d147a6d98518b921627497b867188218424f46fd34de00e1b7089e28338d110,true
result_6ea800ffac385514c2a6b868,runplan_37e4b51f14a1cb6a,cell_07af6cace41c823ebf6f,housing_v1__experiment__000002,housing_v1,housing_controlled_model_landlords_experiment,episode_attempt_d967ff56860f84dcc941,2d147a6d98518b921627497b867188218424f46fd34de00e1b7089e28338d110,included,housing_social_welfare_leaf,1.0.0,social_welfare,1.0.0,capture,tenant_3,tenant_3,0.0,utility_points,"{""disagreement_utility"":0.0}",ok,valid,[],"[""event_00000275""]",evaluation_receipt,episode_attempt_d967ff56860f84dcc941,2d147a6d98518b921627497b867188218424f46fd34de00e1b7089e28338d110,true
result_9e8434c08be67b43d39e8314,runplan_37e4b51f14a1cb6a,cell_07af6cace41c823ebf6f,housing_v1__experiment__000002,housing_v1,housing_controlled_model_landlords_experiment,episode_attempt_d967ff56860f84dcc941,2d147a6d98518b921627497b867188218424f46fd34de00e1b7089e28338d110,included,housing_social_welfare_leaf,1.0.0,social_welfare,1.0.0,capture,tenant_4,tenant_4,0.0,utility_points,"{""disagreement_utility"":0.0}",ok,valid,[],"[""event_00000275""]",evaluation_receipt,episode_attempt_d967ff56860f84dcc941,2d147a6d98518b921627497b867188218424f46fd34de00e1b7089e28338d110,true
result_fbc34d13008fbe5e83cc8361,runplan_37e4b51f14a1cb6a,cell_07af6cace41c823ebf6f,housing_v1__experiment__000002,housing_v1,housing_controlled_model_landlords_experiment,episode_attempt_d967ff56860f84dcc941,2d147a6d98518b921627497b867188218424f46fd34de00e1b7089e28338d110,included,housing_social_welfare_leaf,1.0.0,social_welfare,1.0.0,capture,tenant_5,tenant_5,0.0,utility_points,"{""disagreement_utility"":0.0}",ok,valid,[],"[""event_00000275""]",evaluation_receipt,episode_attempt_d967ff56860f84dcc941,2d147a6d98518b921627497b867188218424f46fd34de00e1b7089e28338d110,true
result_649bb197a71be70d3ac0d5f1,runplan_37e4b51f14a1cb6a,cell_0ef493f29f7db58c2c34,housing_v1__experiment__000003,housing_v1,housing_controlled_model_landlords_experiment,episode_attempt_92c8219a4e256519e9f1,c90e182c330cd6add419f86403c52b8fa8ecc775f7b3376b1a981ef9c3d0906a,included,housing_social_welfare_leaf,1.0.0,social_welfare,1.0.0,primary,social_welfare,,2019.97,utility_points,{},ok,valid,[],"[""event_00000247""]",evaluation_receipt,episode_attempt_92c8219a4e256519e9f1,c90e182c330cd6add419f86403c52b8fa8ecc775f7b3376b1a981ef9c3d0906a,true
result_56cbec70160f82b9b28c8ac0,runplan_37e4b51f14a1cb6a,cell_0ef493f29f7db58c2c34,housing_v1__experiment__000003,housing_v1,housing_controlled_model_landlords_experiment,episode_attempt_92c8219a4e256519e9f1,c90e182c330cd6add419f86403c52b8fa8ecc775f7b3376b1a981ef9c3d0906a,included,housing_social_welfare_leaf,1.0.0,social_welfare,1.0.0,metric,comparison_baseline_gap,,25.170000000000073,utility_points,{},ok,valid,[],"[""event_00000247""]",evaluation_receipt,episode_attempt_92c8219a4e256519e9f1,c90e182c330cd6add419f86403c52b8fa8ecc775f7b3376b1a981ef9c3d0906a,true
result_559b8280f2dfb2d832a0d6c4,runplan_37e4b51f14a1cb6a,cell_0ef493f29f7db58c2c34,housing_v1__experiment__000003,housing_v1,housing_controlled_model_landlords_experiment,episode_attempt_92c8219a4e256519e9f1,c90e182c330cd6add419f86403c52b8fa8ecc775f7b3376b1a981ef9c3d0906a,included,housing_social_welfare_leaf,1.0.0,social_welfare,1.0.0,metric,ir_violation_count,,0.0,count,{},ok,valid,[],"[""event_00000247""]",evaluation_receipt,episode_attempt_92c8219a4e256519e9f1,c90e182c330cd6add419f86403c52b8fa8ecc775f7b3376b1a981ef9c3d0906a,true
result_4fdfd4a5ea82bf2efd270321,runplan_37e4b51f14a1cb6a,cell_0ef493f29f7db58c2c34,housing_v1__experiment__000003,housing_v1,housing_controlled_model_landlords_experiment,episode_attempt_92c8219a4e256519e9f1,c90e182c330cd6add419f86403c52b8fa8ecc775f7b3376b1a981ef9c3d0906a,included,housing_social_welfare_leaf,1.0.0,social_welfare,1.0.0,metric,social_welfare,,2019.97,utility_points,{},ok,valid,[],"[""event_00000247""]",evaluation_receipt,episode_attempt_92c8219a4e256519e9f1,c90e182c330cd6add419f86403c52b8fa8ecc775f7b3376b1a981ef9c3d0906a,true
result_9ca643f2ac49de41b529b7e3,runplan_37e4b51f14a1cb6a,cell_0ef493f29f7db58c2c34,housing_v1__experiment__000003,housing_v1,housing_controlled_model_landlords_experiment,episode_attempt_92c8219a4e256519e9f1,c90e182c330cd6add419f86403c52b8fa8ecc775f7b3376b1a981ef9c3d0906a,included,housing_social_welfare_leaf,1.0.0,social_welfare,1.0.0,metric,upper_bound_gap,,110.20999999999981,utility_points,{},ok,valid,[],"[""event_00000247""]",evaluation_receipt,episode_attempt_92c8219a4e256519e9f1,c90e182c330cd6add419f86403c52b8fa8ecc775f7b3376b1a981ef9c3d0906a,true
result_23391bfcf25594ae426db83c,runplan_37e4b51f14a1cb6a,cell_0ef493f29f7db58c2c34,housing_v1__experiment__000003,housing_v1,housing_controlled_model_landlords_experiment,episode_attempt_92c8219a4e256519e9f1,c90e182c330cd6add419f86403c52b8fa8ecc775f7b3376b1a981ef9c3d0906a,included,housing_social_welfare_leaf,1.0.0,social_welfare,1.0.0,metric,wasted_contacts,,7.0,count,{},ok,valid,[],"[""event_00000247""]",evaluation_receipt,episode_attempt_92c8219a4e256519e9f1,c90e182c330cd6add419f86403c52b8fa8ecc775f7b3376b1a981ef9c3d0906a,true
result_d5537f9cac124f65aff7ab7f,runplan_37e4b51f14a1cb6a,cell_0ef493f29f7db58c2c34,housing_v1__experiment__000003,housing_v1,housing_controlled_model_landlords_experiment,episode_attempt_92c8219a4e256519e9f1,c90e182c330cd6add419f86403c52b8fa8ecc775f7b3376b1a981ef9c3d0906a,included,housing_social_welfare_leaf,1.0.0,social_welfare,1.0.0,metric,within_case_score,,0.9482625881380917,ratio,{},ok,valid,[],"[""event_00000247""]",evaluation_receipt,episode_attempt_92c8219a4e256519e9f1,c90e182c330cd6add419f86403c52b8fa8ecc775f7b3376b1a981ef9c3d0906a,true
result_b981067083974bd977fc7a85,runplan_37e4b51f14a1cb6a,cell_0ef493f29f7db58c2c34,housing_v1__experiment__000003,housing_v1,housing_controlled_model_landlords_experiment,episode_attempt_92c8219a4e256519e9f1,c90e182c330cd6add419f86403c52b8fa8ecc775f7b3376b1a981ef9c3d0906a,included,housing_social_welfare_leaf,1.0.0,social_welfare,1.0.0,reference,comparison_baseline,,1994.8,utility_points,"{""policy"":""naive"",""reference_kind"":""comparison_baseline""}",ok,valid,[],"[""event_00000247""]",evaluation_receipt,episode_attempt_92c8219a4e256519e9f1,c90e182c330cd6add419f86403c52b8fa8ecc775f7b3376b1a981ef9c3d0906a,true
result_6e56dfcf30a64335f26973d9,runplan_37e4b51f14a1cb6a,cell_0ef493f29f7db58c2c34,housing_v1__experiment__000003,housing_v1,housing_controlled_model_landlords_experiment,episode_attempt_92c8219a4e256519e9f1,c90e182c330cd6add419f86403c52b8fa8ecc775f7b3376b1a981ef9c3d0906a,included,housing_social_welfare_leaf,1.0.0,social_welfare,1.0.0,reference,optimum_lower_bound,,0.0,utility_points,"{""policy"":""do_nothing"",""reference_kind"":""objective_lower_bound""}",ok,valid,[],"[""event_00000247""]",evaluation_receipt,episode_attempt_92c8219a4e256519e9f1,c90e182c330cd6add419f86403c52b8fa8ecc775f7b3376b1a981ef9c3d0906a,true
result_7c34ee0e1bc1fab1cb830933,runplan_37e4b51f14a1cb6a,cell_0ef493f29f7db58c2c34,housing_v1__experiment__000003,housing_v1,housing_controlled_model_landlords_experiment,episode_attempt_92c8219a4e256519e9f1,c90e182c330cd6add419f86403c52b8fa8ecc775f7b3376b1a981ef9c3d0906a,included,housing_social_welfare_leaf,1.0.0,social_welfare,1.0.0,reference,optimum_upper_bound,,2130.18,utility_points,"{""reference_kind"":""objective_upper_bound"",""semantics"":""full_information_allocation_relaxation""}",ok,valid,[],"[""event_00000247""]",evaluation_receipt,episode_attempt_92c8219a4e256519e9f1,c90e182c330cd6add419f86403c52b8fa8ecc775f7b3376b1a981ef9c3d0906a,true
result_044bcaffab7a07c03fbf03c4,runplan_37e4b51f14a1cb6a,cell_0ef493f29f7db58c2c34,housing_v1__experiment__000003,housing_v1,housing_controlled_model_landlords_experiment,episode_attempt_92c8219a4e256519e9f1,c90e182c330cd6add419f86403c52b8fa8ecc775f7b3376b1a981ef9c3d0906a,included,housing_social_welfare_leaf,1.0.0,social_welfare,1.0.0,utility,landlord_0,landlord_0,0.0,utility_points,"{""disagreement_utility"":0.0}",ok,valid,[],"[""event_00000247""]",evaluation_receipt,episode_attempt_92c8219a4e256519e9f1,c90e182c330cd6add419f86403c52b8fa8ecc775f7b3376b1a981ef9c3d0906a,true
result_ff0baa8700061ed6be3cb7fa,runplan_37e4b51f14a1cb6a,cell_0ef493f29f7db58c2c34,housing_v1__experiment__000003,housing_v1,housing_controlled_model_landlords_experiment,episode_attempt_92c8219a4e256519e9f1,c90e182c330cd6add419f86403c52b8fa8ecc775f7b3376b1a981ef9c3d0906a,included,housing_social_welfare_leaf,1.0.0,social_welfare,1.0.0,utility,landlord_1,landlord_1,0.0,utility_points,"{""disagreement_utility"":0.0}",ok,valid,[],"[""event_00000247""]",evaluation_receipt,episode_attempt_92c8219a4e256519e9f1,c90e182c330cd6add419f86403c52b8fa8ecc775f7b3376b1a981ef9c3d0906a,true
result_745c44612e07f5082a91acd4,runplan_37e4b51f14a1cb6a,cell_0ef493f29f7db58c2c34,housing_v1__experiment__000003,housing_v1,housing_controlled_model_landlords_experiment,episode_attempt_92c8219a4e256519e9f1,c90e182c330cd6add419f86403c52b8fa8ecc775f7b3376b1a981ef9c3d0906a,included,housing_social_welfare_leaf,1.0.0,social_welfare,1.0.0,utility,landlord_2,landlord_2,76.96,utility_points,"{""disagreement_utility"":0.0}",ok,valid,[],"[""event_00000247""]",evaluation_receipt,episode_attempt_92c8219a4e256519e9f1,c90e182c330cd6add419f86403c52b8fa8ecc775f7b3376b1a981ef9c3d0906a,true
result_0c4fdf5f132e02e86fe65863,runplan_37e4b51f14a1cb6a,cell_0ef493f29f7db58c2c34,housing_v1__experiment__000003,housing_v1,housing_controlled_model_landlords_experiment,episode_attempt_92c8219a4e256519e9f1,c90e182c330cd6add419f86403c52b8fa8ecc775f7b3376b1a981ef9c3d0906a,included,housing_social_welfare_leaf,1.0.0,social_welfare,1.0.0,utility,landlord_3,landlord_3,54.11,utility_points,"{""disagreement_utility"":0.0}",ok,valid,[],"[""event_00000247""]",evaluation_receipt,episode_attempt_92c8219a4e256519e9f1,c90e182c330cd6add419f86403c52b8fa8ecc775f7b3376b1a981ef9c3d0906a,true
result_a390d18b293208c235929a60,runplan_37e4b51f14a1cb6a,cell_0ef493f29f7db58c2c34,housing_v1__experiment__000003,housing_v1,housing_controlled_model_landlords_experiment,episode_attempt_92c8219a4e256519e9f1,c90e182c330cd6add419f86403c52b8fa8ecc775f7b3376b1a981ef9c3d0906a,included,housing_social_welfare_leaf,1.0.0,social_welfare,1.0.0,utility,landlord_4,landlord_4,187.85,utility_points,"{""disagreement_utility"":0.0}",ok,valid,[],"[""event_00000247""]",evaluation_receipt,episode_attempt_92c8219a4e256519e9f1,c90e182c330cd6add419f86403c52b8fa8ecc775f7b3376b1a981ef9c3d0906a,true
result_a2d3f299b3dc84f0cd54e3ed,runplan_37e4b51f14a1cb6a,cell_0ef493f29f7db58c2c34,housing_v1__experiment__000003,housing_v1,housing_controlled_model_landlords_experiment,episode_attempt_92c8219a4e256519e9f1,c90e182c330cd6add419f86403c52b8fa8ecc775f7b3376b1a981ef9c3d0906a,included,housing_social_welfare_leaf,1.0.0,social_welfare,1.0.0,utility,tenant_0,tenant_0,544.58,utility_points,"{""disagreement_utility"":0.0}",ok,valid,[],"[""event_00000247""]",evaluation_receipt,episode_attempt_92c8219a4e256519e9f1,c90e182c330cd6add419f86403c52b8fa8ecc775f7b3376b1a981ef9c3d0906a,true
result_1ef5ab6a4a616ab1ff7cbdd6,runplan_37e4b51f14a1cb6a,cell_0ef493f29f7db58c2c34,housing_v1__experiment__000003,housing_v1,housing_controlled_model_landlords_experiment,episode_attempt_92c8219a4e256519e9f1,c90e182c330cd6add419f86403c52b8fa8ecc775f7b3376b1a981ef9c3d0906a,included,housing_social_welfare_leaf,1.0.0,social_welfare,1.0.0,utility,tenant_1,tenant_1,0.0,utility_points,"{""disagreement_utility"":0.0}",ok,valid,[],"[""event_00000247""]",evaluation_receipt,episode_attempt_92c8219a4e256519e9f1,c90e182c330cd6add419f86403c52b8fa8ecc775f7b3376b1a981ef9c3d0906a,true
result_039a4c3b61db8bc48dcabf21,runplan_37e4b51f14a1cb6a,cell_0ef493f29f7db58c2c34,housing_v1__experiment__000003,housing_v1,housing_controlled_model_landlords_experiment,episode_attempt_92c8219a4e256519e9f1,c90e182c330cd6add419f86403c52b8fa8ecc775f7b3376b1a981ef9c3d0906a,included,housing_social_welfare_leaf,1.0.0,social_welfare,1.0.0,utility,tenant_2,tenant_2,0.0,utility_points,"{""disagreement_utility"":0.0}",ok,valid,[],"[""event_00000247""]",evaluation_receipt,episode_attempt_92c8219a4e256519e9f1,c90e182c330cd6add419f86403c52b8fa8ecc775f7b3376b1a981ef9c3d0906a,true
result_a1cdb8e494ed580b2c0a45ac,runplan_37e4b51f14a1cb6a,cell_0ef493f29f7db58c2c34,housing_v1__experiment__000003,housing_v1,housing_controlled_model_landlords_experiment,episode_attempt_92c8219a4e256519e9f1,c90e182c330cd6add419f86403c52b8fa8ecc775f7b3376b1a981ef9c3d0906a,included,housing_social_welfare_leaf,1.0.0,social_welfare,1.0.0,utility,tenant_3,tenant_3,647.06,utility_points,"{""disagreement_utility"":0.0}",ok,valid,[],"[""event_00000247""]",evaluation_receipt,episode_attempt_92c8219a4e256519e9f1,c90e182c330cd6add419f86403c52b8fa8ecc775f7b3376b1a981ef9c3d0906a,true
result_a43dd91d8b2a044499417045,runplan_37e4b51f14a1cb6a,cell_0ef493f29f7db58c2c34,housing_v1__experiment__000003,housing_v1,housing_controlled_model_landlords_experiment,episode_attempt_92c8219a4e256519e9f1,c90e182c330cd6add419f86403c52b8fa8ecc775f7b3376b1a981ef9c3d0906a,included,housing_social_welfare_leaf,1.0.0,social_welfare,1.0.0,utility,tenant_4,tenant_4,509.41,utility_points,"{""disagreement_utility"":0.0}",ok,valid,[],"[""event_00000247""]",evaluation_receipt,episode_attempt_92c8219a4e256519e9f1,c90e182c330cd6add419f86403c52b8fa8ecc775f7b3376b1a981ef9c3d0906a,true
result_fbd708ab0e7a7868aabe1073,runplan_37e4b51f14a1cb6a,cell_0ef493f29f7db58c2c34,housing_v1__experiment__000003,housing_v1,housing_controlled_model_landlords_experiment,episode_attempt_92c8219a4e256519e9f1,c90e182c330cd6add419f86403c52b8fa8ecc775f7b3376b1a981ef9c3d0906a,included,housing_social_welfare_leaf,1.0.0,social_welfare,1.0.0,utility,tenant_5,tenant_5,0.0,utility_points,"{""disagreement_utility"":0.0}",ok,valid,[],"[""event_00000247""]",evaluation_receipt,episode_attempt_92c8219a4e256519e9f1,c90e182c330cd6add419f86403c52b8fa8ecc775f7b3376b1a981ef9c3d0906a,true
result_924df8aea65abe6a5ff43cbb,runplan_37e4b51f14a1cb6a,cell_0ef493f29f7db58c2c34,housing_v1__experiment__000003,housing_v1,housing_controlled_model_landlords_experiment,episode_attempt_92c8219a4e256519e9f1,c90e182c330cd6add419f86403c52b8fa8ecc775f7b3376b1a981ef9c3d0906a,included,housing_social_welfare_leaf,1.0.0,social_welfare,1.0.0,capture,landlord_0,landlord_0,0.0,utility_points,"{""disagreement_utility"":0.0}",ok,valid,[],"[""event_00000247""]",evaluation_receipt,episode_attempt_92c8219a4e256519e9f1,c90e182c330cd6add419f86403c52b8fa8ecc775f7b3376b1a981ef9c3d0906a,true
result_6814c51cb431f781c6e374c5,runplan_37e4b51f14a1cb6a,cell_0ef493f29f7db58c2c34,housing_v1__experiment__000003,housing_v1,housing_controlled_model_landlords_experiment,episode_attempt_92c8219a4e256519e9f1,c90e182c330cd6add419f86403c52b8fa8ecc775f7b3376b1a981ef9c3d0906a,included,housing_social_welfare_leaf,1.0.0,social_welfare,1.0.0,capture,landlord_1,landlord_1,0.0,utility_points,"{""disagreement_utility"":0.0}",ok,valid,[],"[""event_00000247""]",evaluation_receipt,episode_attempt_92c8219a4e256519e9f1,c90e182c330cd6add419f86403c52b8fa8ecc775f7b3376b1a981ef9c3d0906a,true
result_b3baf6c7bbb82c3d924d6fdb,runplan_37e4b51f14a1cb6a,cell_0ef493f29f7db58c2c34,housing_v1__experiment__000003,housing_v1,housing_controlled_model_landlords_experiment,episode_attempt_92c8219a4e256519e9f1,c90e182c330cd6add419f86403c52b8fa8ecc775f7b3376b1a981ef9c3d0906a,included,housing_social_welfare_leaf,1.0.0,social_welfare,1.0.0,capture,landlord_2,landlord_2,76.96,utility_points,"{""disagreement_utility"":0.0}",ok,valid,[],"[""event_00000247""]",evaluation_receipt,episode_attempt_92c8219a4e256519e9f1,c90e182c330cd6add419f86403c52b8fa8ecc775f7b3376b1a981ef9c3d0906a,true
result_ae5831f76c1c0727f330dfc8,runplan_37e4b51f14a1cb6a,cell_0ef493f29f7db58c2c34,housing_v1__experiment__000003,housing_v1,housing_controlled_model_landlords_experiment,episode_attempt_92c8219a4e256519e9f1,c90e182c330cd6add419f86403c52b8fa8ecc775f7b3376b1a981ef9c3d0906a,included,housing_social_welfare_leaf,1.0.0,social_welfare,1.0.0,capture,landlord_3,landlord_3,54.11,utility_points,"{""disagreement_utility"":0.0}",ok,valid,[],"[""event_00000247""]",evaluation_receipt,episode_attempt_92c8219a4e256519e9f1,c90e182c330cd6add419f86403c52b8fa8ecc775f7b3376b1a981ef9c3d0906a,true
result_849297e6ee4f28549cbd7a87,runplan_37e4b51f14a1cb6a,cell_0ef493f29f7db58c2c34,housing_v1__experiment__000003,housing_v1,housing_controlled_model_landlords_experiment,episode_attempt_92c8219a4e256519e9f1,c90e182c330cd6add419f86403c52b8fa8ecc775f7b3376b1a981ef9c3d0906a,included,housing_social_welfare_leaf,1.0.0,social_welfare,1.0.0,capture,landlord_4,landlord_4,187.85,utility_points,"{""disagreement_utility"":0.0}",ok,valid,[],"[""event_00000247""]",evaluation_receipt,episode_attempt_92c8219a4e256519e9f1,c90e182c330cd6add419f86403c52b8fa8ecc775f7b3376b1a981ef9c3d0906a,true
result_3a5e0c0232fc319ca5d8fa41,runplan_37e4b51f14a1cb6a,cell_0ef493f29f7db58c2c34,housing_v1__experiment__000003,housing_v1,housing_controlled_model_landlords_experiment,episode_attempt_92c8219a4e256519e9f1,c90e182c330cd6add419f86403c52b8fa8ecc775f7b3376b1a981ef9c3d0906a,included,housing_social_welfare_leaf,1.0.0,social_welfare,1.0.0,capture,tenant_0,tenant_0,544.58,utility_points,"{""disagreement_utility"":0.0}",ok,valid,[],"[""event_00000247""]",evaluation_receipt,episode_attempt_92c8219a4e256519e9f1,c90e182c330cd6add419f86403c52b8fa8ecc775f7b3376b1a981ef9c3d0906a,true
result_ed3ef9d5e7ff0f2e3fd3d2ed,runplan_37e4b51f14a1cb6a,cell_0ef493f29f7db58c2c34,housing_v1__experiment__000003,housing_v1,housing_controlled_model_landlords_experiment,episode_attempt_92c8219a4e256519e9f1,c90e182c330cd6add419f86403c52b8fa8ecc775f7b3376b1a981ef9c3d0906a,included,housing_social_welfare_leaf,1.0.0,social_welfare,1.0.0,capture,tenant_1,tenant_1,0.0,utility_points,"{""disagreement_utility"":0.0}",ok,valid,[],"[""event_00000247""]",evaluation_receipt,episode_attempt_92c8219a4e256519e9f1,c90e182c330cd6add419f86403c52b8fa8ecc775f7b3376b1a981ef9c3d0906a,true
result_fc0cfa1d8a9f39b4560c5b14,runplan_37e4b51f14a1cb6a,cell_0ef493f29f7db58c2c34,housing_v1__experiment__000003,housing_v1,housing_controlled_model_landlords_experiment,episode_attempt_92c8219a4e256519e9f1,c90e182c330cd6add419f86403c52b8fa8ecc775f7b3376b1a981ef9c3d0906a,included,housing_social_welfare_leaf,1.0.0,social_welfare,1.0.0,capture,tenant_2,tenant_2,0.0,utility_points,"{""disagreement_utility"":0.0}",ok,valid,[],"[""event_00000247""]",evaluation_receipt,episode_attempt_92c8219a4e256519e9f1,c90e182c330cd6add419f86403c52b8fa8ecc775f7b3376b1a981ef9c3d0906a,true
result_d0caedeab4f9bdcc468d42c6,runplan_37e4b51f14a1cb6a,cell_0ef493f29f7db58c2c34,housing_v1__experiment__000003,housing_v1,housing_controlled_model_landlords_experiment,episode_attempt_92c8219a4e256519e9f1,c90e182c330cd6add419f86403c52b8fa8ecc775f7b3376b1a981ef9c3d0906a,included,housing_social_welfare_leaf,1.0.0,social_welfare,1.0.0,capture,tenant_3,tenant_3,647.06,utility_points,"{""disagreement_utility"":0.0}",ok,valid,[],"[""event_00000247""]",evaluation_receipt,episode_attempt_92c8219a4e256519e9f1,c90e182c330cd6add419f86403c52b8fa8ecc775f7b3376b1a981ef9c3d0906a,true
result_feb92a9fd22b1faf21b3bfd0,runplan_37e4b51f14a1cb6a,cell_0ef493f29f7db58c2c34,housing_v1__experiment__000003,housing_v1,housing_controlled_model_landlords_experiment,episode_attempt_92c8219a4e256519e9f1,c90e182c330cd6add419f86403c52b8fa8ecc775f7b3376b1a981ef9c3d0906a,included,housing_social_welfare_leaf,1.0.0,social_welfare,1.0.0,capture,tenant_4,tenant_4,509.41,utility_points,"{""disagreement_utility"":0.0}",ok,valid,[],"[""event_00000247""]",evaluation_receipt,episode_attempt_92c8219a4e256519e9f1,c90e182c330cd6add419f86403c52b8fa8ecc775f7b3376b1a981ef9c3d0906a,true
result_710901516c707d5a9ed33af6,runplan_37e4b51f14a1cb6a,cell_0ef493f29f7db58c2c34,housing_v1__experiment__000003,housing_v1,housing_controlled_model_landlords_experiment,episode_attempt_92c8219a4e256519e9f1,c90e182c330cd6add419f86403c52b8fa8ecc775f7b3376b1a981ef9c3d0906a,included,housing_social_welfare_leaf,1.0.0,social_welfare,1.0.0,capture,tenant_5,tenant_5,0.0,utility_points,"{""disagreement_utility"":0.0}",ok,valid,[],"[""event_00000247""]",evaluation_receipt,episode_attempt_92c8219a4e256519e9f1,c90e182c330cd6add419f86403c52b8fa8ecc775f7b3376b1a981ef9c3d0906a,true
result_0c836ac954cb874ddb0c2fb4,runplan_37e4b51f14a1cb6a,cell_14b270ca9ff4c61b0c61,housing_v1__experiment__000007,housing_v1,housing_controlled_model_landlords_experiment,episode_attempt_ea7ef6cadd8a2a1e41a1,4fc7a9c0f0cc86b2a5c58ab8af73b8b95895bd79a6e47fdbbcea7aefb804661e,included,housing_social_welfare_leaf,1.0.0,social_welfare,1.0.0,primary,social_welfare,,492.92,utility_points,{},ok,valid,[],"[""event_00000277""]",evaluation_receipt,episode_attempt_ea7ef6cadd8a2a1e41a1,4fc7a9c0f0cc86b2a5c58ab8af73b8b95895bd79a6e47fdbbcea7aefb804661e,true
result_c3eedc098942eb881c076c71,runplan_37e4b51f14a1cb6a,cell_14b270ca9ff4c61b0c61,housing_v1__experiment__000007,housing_v1,housing_controlled_model_landlords_experiment,episode_attempt_ea7ef6cadd8a2a1e41a1,4fc7a9c0f0cc86b2a5c58ab8af73b8b95895bd79a6e47fdbbcea7aefb804661e,included,housing_social_welfare_leaf,1.0.0,social_welfare,1.0.0,metric,comparison_baseline_gap,,85.36000000000001,utility_points,{},ok,valid,[],"[""event_00000277""]",evaluation_receipt,episode_attempt_ea7ef6cadd8a2a1e41a1,4fc7a9c0f0cc86b2a5c58ab8af73b8b95895bd79a6e47fdbbcea7aefb804661e,true
result_44f801e87396390703b8c981,runplan_37e4b51f14a1cb6a,cell_14b270ca9ff4c61b0c61,housing_v1__experiment__000007,housing_v1,housing_controlled_model_landlords_experiment,episode_attempt_ea7ef6cadd8a2a1e41a1,4fc7a9c0f0cc86b2a5c58ab8af73b8b95895bd79a6e47fdbbcea7aefb804661e,included,housing_social_welfare_leaf,1.0.0,social_welfare,1.0.0,metric,ir_violation_count,,0.0,count,{},ok,valid,[],"[""event_00000277""]",evaluation_receipt,episode_attempt_ea7ef6cadd8a2a1e41a1,4fc7a9c0f0cc86b2a5c58ab8af73b8b95895bd79a6e47fdbbcea7aefb804661e,true
result_64b489e64e6fcf51881f12d7,runplan_37e4b51f14a1cb6a,cell_14b270ca9ff4c61b0c61,housing_v1__experiment__000007,housing_v1,housing_controlled_model_landlords_experiment,episode_attempt_ea7ef6cadd8a2a1e41a1,4fc7a9c0f0cc86b2a5c58ab8af73b8b95895bd79a6e47fdbbcea7aefb804661e,included,housing_social_welfare_leaf,1.0.0,social_welfare,1.0.0,metric,social_welfare,,492.92,utility_points,{},ok,valid,[],"[""event_00000277""]",evaluation_receipt,episode_attempt_ea7ef6cadd8a2a1e41a1,4fc7a9c0f0cc86b2a5c58ab8af73b8b95895bd79a6e47fdbbcea7aefb804661e,true
result_d8b12fd7ce260e8e425b0af6,runplan_37e4b51f14a1cb6a,cell_14b270ca9ff4c61b0c61,housing_v1__experiment__000007,housing_v1,housing_controlled_model_landlords_experiment,episode_attempt_ea7ef6cadd8a2a1e41a1,4fc7a9c0f0cc86b2a5c58ab8af73b8b95895bd79a6e47fdbbcea7aefb804661e,included,housing_social_welfare_leaf,1.0.0,social_welfare,1.0.0,metric,upper_bound_gap,,190.59999999999997,utility_points,{},ok,valid,[],"[""event_00000277""]",evaluation_receipt,episode_attempt_ea7ef6cadd8a2a1e41a1,4fc7a9c0f0cc86b2a5c58ab8af73b8b95895bd79a6e47fdbbcea7aefb804661e,true
result_84127d704f79f1f591dfc6d8,runplan_37e4b51f14a1cb6a,cell_14b270ca9ff4c61b0c61,housing_v1__experiment__000007,housing_v1,housing_controlled_model_landlords_experiment,episode_attempt_ea7ef6cadd8a2a1e41a1,4fc7a9c0f0cc86b2a5c58ab8af73b8b95895bd79a6e47fdbbcea7aefb804661e,included,housing_social_welfare_leaf,1.0.0,social_welfare,1.0.0,metric,wasted_contacts,,7.0,count,{},ok,valid,[],"[""event_00000277""]",evaluation_receipt,episode_attempt_ea7ef6cadd8a2a1e41a1,4fc7a9c0f0cc86b2a5c58ab8af73b8b95895bd79a6e47fdbbcea7aefb804661e,true
result_288775dab9666c00484b23f3,runplan_37e4b51f14a1cb6a,cell_14b270ca9ff4c61b0c61,housing_v1__experiment__000007,housing_v1,housing_controlled_model_landlords_experiment,episode_attempt_ea7ef6cadd8a2a1e41a1,4fc7a9c0f0cc86b2a5c58ab8af73b8b95895bd79a6e47fdbbcea7aefb804661e,included,housing_social_welfare_leaf,1.0.0,social_welfare,1.0.0,metric,within_case_score,,0.7211493445692885,ratio,{},ok,valid,[],"[""event_00000277""]",evaluation_receipt,episode_attempt_ea7ef6cadd8a2a1e41a1,4fc7a9c0f0cc86b2a5c58ab8af73b8b95895bd79a6e47fdbbcea7aefb804661e,true
result_60f204f0c0f17b243e91d727,runplan_37e4b51f14a1cb6a,cell_14b270ca9ff4c61b0c61,housing_v1__experiment__000007,housing_v1,housing_controlled_model_landlords_experiment,episode_attempt_ea7ef6cadd8a2a1e41a1,4fc7a9c0f0cc86b2a5c58ab8af73b8b95895bd79a6e47fdbbcea7aefb804661e,included,housing_social_welfare_leaf,1.0.0,social_welfare,1.0.0,reference,comparison_baseline,,407.56,utility_points,"{""policy"":""naive"",""reference_kind"":""comparison_baseline""}",ok,valid,[],"[""event_00000277""]",evaluation_receipt,episode_attempt_ea7ef6cadd8a2a1e41a1,4fc7a9c0f0cc86b2a5c58ab8af73b8b95895bd79a6e47fdbbcea7aefb804661e,true
result_c518830f19bafdacb835dc07,runplan_37e4b51f14a1cb6a,cell_14b270ca9ff4c61b0c61,housing_v1__experiment__000007,housing_v1,housing_controlled_model_landlords_experiment,episode_attempt_ea7ef6cadd8a2a1e41a1,4fc7a9c0f0cc86b2a5c58ab8af73b8b95895bd79a6e47fdbbcea7aefb804661e,included,housing_social_welfare_leaf,1.0.0,social_welfare,1.0.0,reference,optimum_lower_bound,,0.0,utility_points,"{""policy"":""do_nothing"",""reference_kind"":""objective_lower_bound""}",ok,valid,[],"[""event_00000277""]",evaluation_receipt,episode_attempt_ea7ef6cadd8a2a1e41a1,4fc7a9c0f0cc86b2a5c58ab8af73b8b95895bd79a6e47fdbbcea7aefb804661e,true
result_a033b51d7021aced48eaf43a,runplan_37e4b51f14a1cb6a,cell_14b270ca9ff4c61b0c61,housing_v1__experiment__000007,housing_v1,housing_controlled_model_landlords_experiment,episode_attempt_ea7ef6cadd8a2a1e41a1,4fc7a9c0f0cc86b2a5c58ab8af73b8b95895bd79a6e47fdbbcea7aefb804661e,included,housing_social_welfare_leaf,1.0.0,social_welfare,1.0.0,reference,optimum_upper_bound,,683.52,utility_points,"{""reference_kind"":""objective_upper_bound"",""semantics"":""full_information_allocation_relaxation""}",ok,valid,[],"[""event_00000277""]",evaluation_receipt,episode_attempt_ea7ef6cadd8a2a1e41a1,4fc7a9c0f0cc86b2a5c58ab8af73b8b95895bd79a6e47fdbbcea7aefb804661e,true
result_3b4fce104bfeae0a44bcd9d8,runplan_37e4b51f14a1cb6a,cell_14b270ca9ff4c61b0c61,housing_v1__experiment__000007,housing_v1,housing_controlled_model_landlords_experiment,episode_attempt_ea7ef6cadd8a2a1e41a1,4fc7a9c0f0cc86b2a5c58ab8af73b8b95895bd79a6e47fdbbcea7aefb804661e,included,housing_social_welfare_leaf,1.0.0,social_welfare,1.0.0,utility,landlord_0,landlord_0,58.64,utility_points,"{""disagreement_utility"":0.0}",ok,valid,[],"[""event_00000277""]",evaluation_receipt,episode_attempt_ea7ef6cadd8a2a1e41a1,4fc7a9c0f0cc86b2a5c58ab8af73b8b95895bd79a6e47fdbbcea7aefb804661e,true
result_8d9907c920b82d39b2df0e1a,runplan_37e4b51f14a1cb6a,cell_14b270ca9ff4c61b0c61,housing_v1__experiment__000007,housing_v1,housing_controlled_model_landlords_experiment,episode_attempt_ea7ef6cadd8a2a1e41a1,4fc7a9c0f0cc86b2a5c58ab8af73b8b95895bd79a6e47fdbbcea7aefb804661e,included,housing_social_welfare_leaf,1.0.0,social_welfare,1.0.0,utility,landlord_1,landlord_1,0.0,utility_points,"{""disagreement_utility"":0.0}",ok,valid,[],"[""event_00000277""]",evaluation_receipt,episode_attempt_ea7ef6cadd8a2a1e41a1,4fc7a9c0f0cc86b2a5c58ab8af73b8b95895bd79a6e47fdbbcea7aefb804661e,true
result_c3df1b5ca3de44d56830e86b,runplan_37e4b51f14a1cb6a,cell_14b270ca9ff4c61b0c61,housing_v1__experiment__000007,housing_v1,housing_controlled_model_landlords_experiment,episode_attempt_ea7ef6cadd8a2a1e41a1,4fc7a9c0f0cc86b2a5c58ab8af73b8b95895bd79a6e47fdbbcea7aefb804661e,included,housing_social_welfare_leaf,1.0.0,social_welfare,1.0.0,utility,landlord_2,landlord_2,75.42,utility_points,"{""disagreement_utility"":0.0}",ok,valid,[],"[""event_00000277""]",evaluation_receipt,episode_attempt_ea7ef6cadd8a2a1e41a1,4fc7a9c0f0cc86b2a5c58ab8af73b8b95895bd79a6e47fdbbcea7aefb804661e,true
result_09843a5b43ee1ebfc944d56b,runplan_37e4b51f14a1cb6a,cell_14b270ca9ff4c61b0c61,housing_v1__experiment__000007,housing_v1,housing_controlled_model_landlords_experiment,episode_attempt_ea7ef6cadd8a2a1e41a1,4fc7a9c0f0cc86b2a5c58ab8af73b8b95895bd79a6e47fdbbcea7aefb804661e,included,housing_social_welfare_leaf,1.0.0,social_welfare,1.0.0,utility,landlord_3,landlord_3,75.7,utility_points,"{""disagreement_utility"":0.0}",ok,valid,[],"[""event_00000277""]",evaluation_receipt,episode_attempt_ea7ef6cadd8a2a1e41a1,4fc7a9c0f0cc86b2a5c58ab8af73b8b95895bd79a6e47fdbbcea7aefb804661e,true
result_190ba79ef8c035bb06dc7487,runplan_37e4b51f14a1cb6a,cell_14b270ca9ff4c61b0c61,housing_v1__experiment__000007,housing_v1,housing_controlled_model_landlords_experiment,episode_attempt_ea7ef6cadd8a2a1e41a1,4fc7a9c0f0cc86b2a5c58ab8af73b8b95895bd79a6e47fdbbcea7aefb804661e,included,housing_social_welfare_leaf,1.0.0,social_welfare,1.0.0,utility,landlord_4,landlord_4,38.4,utility_points,"{""disagreement_utility"":0.0}",ok,valid,[],"[""event_00000277""]",evaluation_receipt,episode_attempt_ea7ef6cadd8a2a1e41a1,4fc7a9c0f0cc86b2a5c58ab8af73b8b95895bd79a6e47fdbbcea7aefb804661e,true
result_ec53bbcb8b8cb8d0d8b0b965,runplan_37e4b51f14a1cb6a,cell_14b270ca9ff4c61b0c61,housing_v1__experiment__000007,housing_v1,housing_controlled_model_landlords_experiment,episode_attempt_ea7ef6cadd8a2a1e41a1,4fc7a9c0f0cc86b2a5c58ab8af73b8b95895bd79a6e47fdbbcea7aefb804661e,included,housing_social_welfare_leaf,1.0.0,social_welfare,1.0.0,utility,tenant_0,tenant_0,14.01,utility_points,"{""disagreement_utility"":0.0}",ok,valid,[],"[""event_00000277""]",evaluation_receipt,episode_attempt_ea7ef6cadd8a2a1e41a1,4fc7a9c0f0cc86b2a5c58ab8af73b8b95895bd79a6e47fdbbcea7aefb804661e,true
result_ee341188eeb47e75fa1ef6a8,runplan_37e4b51f14a1cb6a,cell_14b270ca9ff4c61b0c61,housing_v1__experiment__000007,housing_v1,housing_controlled_model_landlords_experiment,episode_attempt_ea7ef6cadd8a2a1e41a1,4fc7a9c0f0cc86b2a5c58ab8af73b8b95895bd79a6e47fdbbcea7aefb804661e,included,housing_social_welfare_leaf,1.0.0,social_welfare,1.0.0,utility,tenant_1,tenant_1,117.81,utility_points,"{""disagreement_utility"":0.0}",ok,valid,[],"[""event_00000277""]",evaluation_receipt,episode_attempt_ea7ef6cadd8a2a1e41a1,4fc7a9c0f0cc86b2a5c58ab8af73b8b95895bd79a6e47fdbbcea7aefb804661e,true
result_bf238bee5e8d8989b97a9db2,runplan_37e4b51f14a1cb6a,cell_14b270ca9ff4c61b0c61,housing_v1__experiment__000007,housing_v1,housing_controlled_model_landlords_experiment,episode_attempt_ea7ef6cadd8a2a1e41a1,4fc7a9c0f0cc86b2a5c58ab8af73b8b95895bd79a6e47fdbbcea7aefb804661e,included,housing_social_welfare_leaf,1.0.0,social_welfare,1.0.0,utility,tenant_2,tenant_2,30.52,utility_points,"{""disagreement_utility"":0.0}",ok,valid,[],"[""event_00000277""]",evaluation_receipt,episode_attempt_ea7ef6cadd8a2a1e41a1,4fc7a9c0f0cc86b2a5c58ab8af73b8b95895bd79a6e47fdbbcea7aefb804661e,true
result_a597a68211acfc2988f5c812,runplan_37e4b51f14a1cb6a,cell_14b270ca9ff4c61b0c61,housing_v1__experiment__000007,housing_v1,housing_controlled_model_landlords_experiment,episode_attempt_ea7ef6cadd8a2a1e41a1,4fc7a9c0f0cc86b2a5c58ab8af73b8b95895bd79a6e47fdbbcea7aefb804661e,included,housing_social_welfare_leaf,1.0.0,social_welfare,1.0.0,utility,tenant_3,tenant_3,0.0,utility_points,"{""disagreement_utility"":0.0}",ok,valid,[],"[""event_00000277""]",evaluation_receipt,episode_attempt_ea7ef6cadd8a2a1e41a1,4fc7a9c0f0cc86b2a5c58ab8af73b8b95895bd79a6e47fdbbcea7aefb804661e,true
result_a6f6a150a628bcbe4de1d094,runplan_37e4b51f14a1cb6a,cell_14b270ca9ff4c61b0c61,housing_v1__experiment__000007,housing_v1,housing_controlled_model_landlords_experiment,episode_attempt_ea7ef6cadd8a2a1e41a1,4fc7a9c0f0cc86b2a5c58ab8af73b8b95895bd79a6e47fdbbcea7aefb804661e,included,housing_social_welfare_leaf,1.0.0,social_welfare,1.0.0,utility,tenant_4,tenant_4,82.42,utility_points,"{""disagreement_utility"":0.0}",ok,valid,[],"[""event_00000277""]",evaluation_receipt,episode_attempt_ea7ef6cadd8a2a1e41a1,4fc7a9c0f0cc86b2a5c58ab8af73b8b95895bd79a6e47fdbbcea7aefb804661e,true
result_e17c25072b3be83d4d2e81ac,runplan_37e4b51f14a1cb6a,cell_14b270ca9ff4c61b0c61,housing_v1__experiment__000007,housing_v1,housing_controlled_model_landlords_experiment,episode_attempt_ea7ef6cadd8a2a1e41a1,4fc7a9c0f0cc86b2a5c58ab8af73b8b95895bd79a6e47fdbbcea7aefb804661e,included,housing_social_welfare_leaf,1.0.0,social_welfare,1.0.0,utility,tenant_5,tenant_5,0.0,utility_points,"{""disagreement_utility"":0.0}",ok,valid,[],"[""event_00000277""]",evaluation_receipt,episode_attempt_ea7ef6cadd8a2a1e41a1,4fc7a9c0f0cc86b2a5c58ab8af73b8b95895bd79a6e47fdbbcea7aefb804661e,true
result_b7125550629f5392139a8ccb,runplan_37e4b51f14a1cb6a,cell_14b270ca9ff4c61b0c61,housing_v1__experiment__000007,housing_v1,housing_controlled_model_landlords_experiment,episode_attempt_ea7ef6cadd8a2a1e41a1,4fc7a9c0f0cc86b2a5c58ab8af73b8b95895bd79a6e47fdbbcea7aefb804661e,included,housing_social_welfare_leaf,1.0.0,social_welfare,1.0.0,capture,landlord_0,landlord_0,58.64,utility_points,"{""disagreement_utility"":0.0}",ok,valid,[],"[""event_00000277""]",evaluation_receipt,episode_attempt_ea7ef6cadd8a2a1e41a1,4fc7a9c0f0cc86b2a5c58ab8af73b8b95895bd79a6e47fdbbcea7aefb804661e,true
result_ccd47129344df1ac19a57eec,runplan_37e4b51f14a1cb6a,cell_14b270ca9ff4c61b0c61,housing_v1__experiment__000007,housing_v1,housing_controlled_model_landlords_experiment,episode_attempt_ea7ef6cadd8a2a1e41a1,4fc7a9c0f0cc86b2a5c58ab8af73b8b95895bd79a6e47fdbbcea7aefb804661e,included,housing_social_welfare_leaf,1.0.0,social_welfare,1.0.0,capture,landlord_1,landlord_1,0.0,utility_points,"{""disagreement_utility"":0.0}",ok,valid,[],"[""event_00000277""]",evaluation_receipt,episode_attempt_ea7ef6cadd8a2a1e41a1,4fc7a9c0f0cc86b2a5c58ab8af73b8b95895bd79a6e47fdbbcea7aefb804661e,true
result_9b26a0d8a84bc56a154b54e3,runplan_37e4b51f14a1cb6a,cell_14b270ca9ff4c61b0c61,housing_v1__experiment__000007,housing_v1,housing_controlled_model_landlords_experiment,episode_attempt_ea7ef6cadd8a2a1e41a1,4fc7a9c0f0cc86b2a5c58ab8af73b8b95895bd79a6e47fdbbcea7aefb804661e,included,housing_social_welfare_leaf,1.0.0,social_welfare,1.0.0,capture,landlord_2,landlord_2,75.42,utility_points,"{""disagreement_utility"":0.0}",ok,valid,[],"[""event_00000277""]",evaluation_receipt,episode_attempt_ea7ef6cadd8a2a1e41a1,4fc7a9c0f0cc86b2a5c58ab8af73b8b95895bd79a6e47fdbbcea7aefb804661e,true
result_f132c9acd8275b8f58ae14c5,runplan_37e4b51f14a1cb6a,cell_14b270ca9ff4c61b0c61,housing_v1__experiment__000007,housing_v1,housing_controlled_model_landlords_experiment,episode_attempt_ea7ef6cadd8a2a1e41a1,4fc7a9c0f0cc86b2a5c58ab8af73b8b95895bd79a6e47fdbbcea7aefb804661e,included,housing_social_welfare_leaf,1.0.0,social_welfare,1.0.0,capture,landlord_3,landlord_3,75.7,utility_points,"{""disagreement_utility"":0.0}",ok,valid,[],"[""event_00000277""]",evaluation_receipt,episode_attempt_ea7ef6cadd8a2a1e41a1,4fc7a9c0f0cc86b2a5c58ab8af73b8b95895bd79a6e47fdbbcea7aefb804661e,true
result_fab0c99d14571bef0b375f35,runplan_37e4b51f14a1cb6a,cell_14b270ca9ff4c61b0c61,housing_v1__experiment__000007,housing_v1,housing_controlled_model_landlords_experiment,episode_attempt_ea7ef6cadd8a2a1e41a1,4fc7a9c0f0cc86b2a5c58ab8af73b8b95895bd79a6e47fdbbcea7aefb804661e,included,housing_social_welfare_leaf,1.0.0,social_welfare,1.0.0,capture,landlord_4,landlord_4,38.4,utility_points,"{""disagreement_utility"":0.0}",ok,valid,[],"[""event_00000277""]",evaluation_receipt,episode_attempt_ea7ef6cadd8a2a1e41a1,4fc7a9c0f0cc86b2a5c58ab8af73b8b95895bd79a6e47fdbbcea7aefb804661e,true
result_244466749230f9cd94279ec5,runplan_37e4b51f14a1cb6a,cell_14b270ca9ff4c61b0c61,housing_v1__experiment__000007,housing_v1,housing_controlled_model_landlords_experiment,episode_attempt_ea7ef6cadd8a2a1e41a1,4fc7a9c0f0cc86b2a5c58ab8af73b8b95895bd79a6e47fdbbcea7aefb804661e,included,housing_social_welfare_leaf,1.0.0,social_welfare,1.0.0,capture,tenant_0,tenant_0,14.01,utility_points,"{""disagreement_utility"":0.0}",ok,valid,[],"[""event_00000277""]",evaluation_receipt,episode_attempt_ea7ef6cadd8a2a1e41a1,4fc7a9c0f0cc86b2a5c58ab8af73b8b95895bd79a6e47fdbbcea7aefb804661e,true
result_a6e3d10820b92c5358a58dde,runplan_37e4b51f14a1cb6a,cell_14b270ca9ff4c61b0c61,housing_v1__experiment__000007,housing_v1,housing_controlled_model_landlords_experiment,episode_attempt_ea7ef6cadd8a2a1e41a1,4fc7a9c0f0cc86b2a5c58ab8af73b8b95895bd79a6e47fdbbcea7aefb804661e,included,housing_social_welfare_leaf,1.0.0,social_welfare,1.0.0,capture,tenant_1,tenant_1,117.81,utility_points,"{""disagreement_utility"":0.0}",ok,valid,[],"[""event_00000277""]",evaluation_receipt,episode_attempt_ea7ef6cadd8a2a1e41a1,4fc7a9c0f0cc86b2a5c58ab8af73b8b95895bd79a6e47fdbbcea7aefb804661e,true
result_b00e5591f3861f3f970debc8,runplan_37e4b51f14a1cb6a,cell_14b270ca9ff4c61b0c61,housing_v1__experiment__000007,housing_v1,housing_controlled_model_landlords_experiment,episode_attempt_ea7ef6cadd8a2a1e41a1,4fc7a9c0f0cc86b2a5c58ab8af73b8b95895bd79a6e47fdbbcea7aefb804661e,included,housing_social_welfare_leaf,1.0.0,social_welfare,1.0.0,capture,tenant_2,tenant_2,30.52,utility_points,"{""disagreement_utility"":0.0}",ok,valid,[],"[""event_00000277""]",evaluation_receipt,episode_attempt_ea7ef6cadd8a2a1e41a1,4fc7a9c0f0cc86b2a5c58ab8af73b8b95895bd79a6e47fdbbcea7aefb804661e,true
result_39ca34bca1c3cdf9851b8fd8,runplan_37e4b51f14a1cb6a,cell_14b270ca9ff4c61b0c61,housing_v1__experiment__000007,housing_v1,housing_controlled_model_landlords_experiment,episode_attempt_ea7ef6cadd8a2a1e41a1,4fc7a9c0f0cc86b2a5c58ab8af73b8b95895bd79a6e47fdbbcea7aefb804661e,included,housing_social_welfare_leaf,1.0.0,social_welfare,1.0.0,capture,tenant_3,tenant_3,0.0,utility_points,"{""disagreement_utility"":0.0}",ok,valid,[],"[""event_00000277""]",evaluation_receipt,episode_attempt_ea7ef6cadd8a2a1e41a1,4fc7a9c0f0cc86b2a5c58ab8af73b8b95895bd79a6e47fdbbcea7aefb804661e,true
result_bdda53f6c19eae960a57d57e,runplan_37e4b51f14a1cb6a,cell_14b270ca9ff4c61b0c61,housing_v1__experiment__000007,housing_v1,housing_controlled_model_landlords_experiment,episode_attempt_ea7ef6cadd8a2a1e41a1,4fc7a9c0f0cc86b2a5c58ab8af73b8b95895bd79a6e47fdbbcea7aefb804661e,included,housing_social_welfare_leaf,1.0.0,social_welfare,1.0.0,capture,tenant_4,tenant_4,82.42,utility_points,"{""disagreement_utility"":0.0}",ok,valid,[],"[""event_00000277""]",evaluation_receipt,episode_attempt_ea7ef6cadd8a2a1e41a1,4fc7a9c0f0cc86b2a5c58ab8af73b8b95895bd79a6e47fdbbcea7aefb804661e,true
result_e599217f1c204764c60cca90,runplan_37e4b51f14a1cb6a,cell_14b270ca9ff4c61b0c61,housing_v1__experiment__000007,housing_v1,housing_controlled_model_landlords_experiment,episode_attempt_ea7ef6cadd8a2a1e41a1,4fc7a9c0f0cc86b2a5c58ab8af73b8b95895bd79a6e47fdbbcea7aefb804661e,included,housing_social_welfare_leaf,1.0.0,social_welfare,1.0.0,capture,tenant_5,tenant_5,0.0,utility_points,"{""disagreement_utility"":0.0}",ok,valid,[],"[""event_00000277""]",evaluation_receipt,episode_attempt_ea7ef6cadd8a2a1e41a1,4fc7a9c0f0cc86b2a5c58ab8af73b8b95895bd79a6e47fdbbcea7aefb804661e,true
result_19be15aefbe92989aebc9be0,runplan_37e4b51f14a1cb6a,cell_304ba1dab9722b468a99,housing_v1__experiment__000008,housing_v1,housing_controlled_model_landlords_experiment,episode_attempt_fd075b5e0c90e7840727,bcbb5650a07e2a157b43770416ee248a9ad1ac795da0fcd6014037777e45d21f,included,housing_social_welfare_leaf,1.0.0,social_welfare,1.0.0,primary,social_welfare,,952.29,utility_points,{},ok,valid,[],"[""event_00000267""]",evaluation_receipt,episode_attempt_fd075b5e0c90e7840727,bcbb5650a07e2a157b43770416ee248a9ad1ac795da0fcd6014037777e45d21f,true
result_3a0373ab53b8a009438b76d3,runplan_37e4b51f14a1cb6a,cell_304ba1dab9722b468a99,housing_v1__experiment__000008,housing_v1,housing_controlled_model_landlords_experiment,episode_attempt_fd075b5e0c90e7840727,bcbb5650a07e2a157b43770416ee248a9ad1ac795da0fcd6014037777e45d21f,included,housing_social_welfare_leaf,1.0.0,social_welfare,1.0.0,metric,comparison_baseline_gap,,0.0,utility_points,{},ok,valid,[],"[""event_00000267""]",evaluation_receipt,episode_attempt_fd075b5e0c90e7840727,bcbb5650a07e2a157b43770416ee248a9ad1ac795da0fcd6014037777e45d21f,true
result_3ef04ac3ee34f9b174d85cf8,runplan_37e4b51f14a1cb6a,cell_304ba1dab9722b468a99,housing_v1__experiment__000008,housing_v1,housing_controlled_model_landlords_experiment,episode_attempt_fd075b5e0c90e7840727,bcbb5650a07e2a157b43770416ee248a9ad1ac795da0fcd6014037777e45d21f,included,housing_social_welfare_leaf,1.0.0,social_welfare,1.0.0,metric,ir_violation_count,,0.0,count,{},ok,valid,[],"[""event_00000267""]",evaluation_receipt,episode_attempt_fd075b5e0c90e7840727,bcbb5650a07e2a157b43770416ee248a9ad1ac795da0fcd6014037777e45d21f,true
result_2284651d06db9f9d7532b749,runplan_37e4b51f14a1cb6a,cell_304ba1dab9722b468a99,housing_v1__experiment__000008,housing_v1,housing_controlled_model_landlords_experiment,episode_attempt_fd075b5e0c90e7840727,bcbb5650a07e2a157b43770416ee248a9ad1ac795da0fcd6014037777e45d21f,included,housing_social_welfare_leaf,1.0.0,social_welfare,1.0.0,metric,social_welfare,,952.29,utility_points,{},ok,valid,[],"[""event_00000267""]",evaluation_receipt,episode_attempt_fd075b5e0c90e7840727,bcbb5650a07e2a157b43770416ee248a9ad1ac795da0fcd6014037777e45d21f,true
result_e646251508f155707e5dafab,runplan_37e4b51f14a1cb6a,cell_304ba1dab9722b468a99,housing_v1__experiment__000008,housing_v1,housing_controlled_model_landlords_experiment,episode_attempt_fd075b5e0c90e7840727,bcbb5650a07e2a157b43770416ee248a9ad1ac795da0fcd6014037777e45d21f,included,housing_social_welfare_leaf,1.0.0,social_welfare,1.0.0,metric,upper_bound_gap,,278.21000000000004,utility_points,{},ok,valid,[],"[""event_00000267""]",evaluation_receipt,episode_attempt_fd075b5e0c90e7840727,bcbb5650a07e2a157b43770416ee248a9ad1ac795da0fcd6014037777e45d21f,true
result_58022af29fe37d6ec68f8899,runplan_37e4b51f14a1cb6a,cell_304ba1dab9722b468a99,housing_v1__experiment__000008,housing_v1,housing_controlled_model_landlords_experiment,episode_attempt_fd075b5e0c90e7840727,bcbb5650a07e2a157b43770416ee248a9ad1ac795da0fcd6014037777e45d21f,included,housing_social_welfare_leaf,1.0.0,social_welfare,1.0.0,metric,wasted_contacts,,9.0,count,{},ok,valid,[],"[""event_00000267""]",evaluation_receipt,episode_attempt_fd075b5e0c90e7840727,bcbb5650a07e2a157b43770416ee248a9ad1ac795da0fcd6014037777e45d21f,true
result_241fe5212c84bb4d9884ca25,runplan_37e4b51f14a1cb6a,cell_304ba1dab9722b468a99,housing_v1__experiment__000008,housing_v1,housing_controlled_model_landlords_experiment,episode_attempt_fd075b5e0c90e7840727,bcbb5650a07e2a157b43770416ee248a9ad1ac795da0fcd6014037777e45d21f,included,housing_social_welfare_leaf,1.0.0,social_welfare,1.0.0,metric,within_case_score,,0.7739049167005282,ratio,{},ok,valid,[],"[""event_00000267""]",evaluation_receipt,episode_attempt_fd075b5e0c90e7840727,bcbb5650a07e2a157b43770416ee248a9ad1ac795da0fcd6014037777e45d21f,true
result_fcd5194903d1a0730901a6ed,runplan_37e4b51f14a1cb6a,cell_304ba1dab9722b468a99,housing_v1__experiment__000008,housing_v1,housing_controlled_model_landlords_experiment,episode_attempt_fd075b5e0c90e7840727,bcbb5650a07e2a157b43770416ee248a9ad1ac795da0fcd6014037777e45d21f,included,housing_social_welfare_leaf,1.0.0,social_welfare,1.0.0,reference,comparison_baseline,,952.29,utility_points,"{""policy"":""naive"",""reference_kind"":""comparison_baseline""}",ok,valid,[],"[""event_00000267""]",evaluation_receipt,episode_attempt_fd075b5e0c90e7840727,bcbb5650a07e2a157b43770416ee248a9ad1ac795da0fcd6014037777e45d21f,true
result_ca2cc15602fdb3dc25c5134a,runplan_37e4b51f14a1cb6a,cell_304ba1dab9722b468a99,housing_v1__experiment__000008,housing_v1,housing_controlled_model_landlords_experiment,episode_attempt_fd075b5e0c90e7840727,bcbb5650a07e2a157b43770416ee248a9ad1ac795da0fcd6014037777e45d21f,included,housing_social_welfare_leaf,1.0.0,social_welfare,1.0.0,reference,optimum_lower_bound,,0.0,utility_points,"{""policy"":""do_nothing"",""reference_kind"":""objective_lower_bound""}",ok,valid,[],"[""event_00000267""]",evaluation_receipt,episode_attempt_fd075b5e0c90e7840727,bcbb5650a07e2a157b43770416ee248a9ad1ac795da0fcd6014037777e45d21f,true
result_d39756321b6435b90a57fa72,runplan_37e4b51f14a1cb6a,cell_304ba1dab9722b468a99,housing_v1__experiment__000008,housing_v1,housing_controlled_model_landlords_experiment,episode_attempt_fd075b5e0c90e7840727,bcbb5650a07e2a157b43770416ee248a9ad1ac795da0fcd6014037777e45d21f,included,housing_social_welfare_leaf,1.0.0,social_welfare,1.0.0,reference,optimum_upper_bound,,1230.5,utility_points,"{""reference_kind"":""objective_upper_bound"",""semantics"":""full_information_allocation_relaxation""}",ok,valid,[],"[""event_00000267""]",evaluation_receipt,episode_attempt_fd075b5e0c90e7840727,bcbb5650a07e2a157b43770416ee248a9ad1ac795da0fcd6014037777e45d21f,true
result_102981f9b01fec2a6758d604,runplan_37e4b51f14a1cb6a,cell_304ba1dab9722b468a99,housing_v1__experiment__000008,housing_v1,housing_controlled_model_landlords_experiment,episode_attempt_fd075b5e0c90e7840727,bcbb5650a07e2a157b43770416ee248a9ad1ac795da0fcd6014037777e45d21f,included,housing_social_welfare_leaf,1.0.0,social_welfare,1.0.0,utility,landlord_0,landlord_0,0.0,utility_points,"{""disagreement_utility"":0.0}",ok,valid,[],"[""event_00000267""]",evaluation_receipt,episode_attempt_fd075b5e0c90e7840727,bcbb5650a07e2a157b43770416ee248a9ad1ac795da0fcd6014037777e45d21f,true
result_6a249875387578ad97f07648,runplan_37e4b51f14a1cb6a,cell_304ba1dab9722b468a99,housing_v1__experiment__000008,housing_v1,housing_controlled_model_landlords_experiment,episode_attempt_fd075b5e0c90e7840727,bcbb5650a07e2a157b43770416ee248a9ad1ac795da0fcd6014037777e45d21f,included,housing_social_welfare_leaf,1.0.0,social_welfare,1.0.0,utility,landlord_1,landlord_1,0.0,utility_points,"{""disagreement_utility"":0.0}",ok,valid,[],"[""event_00000267""]",evaluation_receipt,episode_attempt_fd075b5e0c90e7840727,bcbb5650a07e2a157b43770416ee248a9ad1ac795da0fcd6014037777e45d21f,true
result_a8194420f87cf74680111f11,runplan_37e4b51f14a1cb6a,cell_304ba1dab9722b468a99,housing_v1__experiment__000008,housing_v1,housing_controlled_model_landlords_experiment,episode_attempt_fd075b5e0c90e7840727,bcbb5650a07e2a157b43770416ee248a9ad1ac795da0fcd6014037777e45d21f,included,housing_social_welfare_leaf,1.0.0,social_welfare,1.0.0,utility,landlord_2,landlord_2,0.0,utility_points,"{""disagreement_utility"":0.0}",ok,valid,[],"[""event_00000267""]",evaluation_receipt,episode_attempt_fd075b5e0c90e7840727,bcbb5650a07e2a157b43770416ee248a9ad1ac795da0fcd6014037777e45d21f,true
result_a92fd260ec3934dd436a71e1,runplan_37e4b51f14a1cb6a,cell_304ba1dab9722b468a99,housing_v1__experiment__000008,housing_v1,housing_controlled_model_landlords_experiment,episode_attempt_fd075b5e0c90e7840727,bcbb5650a07e2a157b43770416ee248a9ad1ac795da0fcd6014037777e45d21f,included,housing_social_welfare_leaf,1.0.0,social_welfare,1.0.0,utility,landlord_3,landlord_3,347.98,utility_points,"{""disagreement_utility"":0.0}",ok,valid,[],"[""event_00000267""]",evaluation_receipt,episode_attempt_fd075b5e0c90e7840727,bcbb5650a07e2a157b43770416ee248a9ad1ac795da0fcd6014037777e45d21f,true
result_f78f319c7ae73886aef1fd9d,runplan_37e4b51f14a1cb6a,cell_304ba1dab9722b468a99,housing_v1__experiment__000008,housing_v1,housing_controlled_model_landlords_experiment,episode_attempt_fd075b5e0c90e7840727,bcbb5650a07e2a157b43770416ee248a9ad1ac795da0fcd6014037777e45d21f,included,housing_social_welfare_leaf,1.0.0,social_welfare,1.0.0,utility,landlord_4,landlord_4,60.91,utility_points,"{""disagreement_utility"":0.0}",ok,valid,[],"[""event_00000267""]",evaluation_receipt,episode_attempt_fd075b5e0c90e7840727,bcbb5650a07e2a157b43770416ee248a9ad1ac795da0fcd6014037777e45d21f,true
result_badb2fbc3f917b7039fdf649,runplan_37e4b51f14a1cb6a,cell_304ba1dab9722b468a99,housing_v1__experiment__000008,housing_v1,housing_controlled_model_landlords_experiment,episode_attempt_fd075b5e0c90e7840727,bcbb5650a07e2a157b43770416ee248a9ad1ac795da0fcd6014037777e45d21f,included,housing_social_welfare_leaf,1.0.0,social_welfare,1.0.0,utility,tenant_0,tenant_0,167.67,utility_points,"{""disagreement_utility"":0.0}",ok,valid,[],"[""event_00000267""]",evaluation_receipt,episode_attempt_fd075b5e0c90e7840727,bcbb5650a07e2a157b43770416ee248a9ad1ac795da0fcd6014037777e45d21f,true
result_96dbde7135e627d807d98df9,runplan_37e4b51f14a1cb6a,cell_304ba1dab9722b468a99,housing_v1__experiment__000008,housing_v1,housing_controlled_model_landlords_experiment,episode_attempt_fd075b5e0c90e7840727,bcbb5650a07e2a157b43770416ee248a9ad1ac795da0fcd6014037777e45d21f,included,housing_social_welfare_leaf,1.0.0,social_welfare,1.0.0,utility,tenant_1,tenant_1,375.73,utility_points,"{""disagreement_utility"":0.0}",ok,valid,[],"[""event_00000267""]",evaluation_receipt,episode_attempt_fd075b5e0c90e7840727,bcbb5650a07e2a157b43770416ee248a9ad1ac795da0fcd6014037777e45d21f,true
result_6b193b7aa5efa26837589e5a,runplan_37e4b51f14a1cb6a,cell_304ba1dab9722b468a99,housing_v1__experiment__000008,housing_v1,housing_controlled_model_landlords_experiment,episode_attempt_fd075b5e0c90e7840727,bcbb5650a07e2a157b43770416ee248a9ad1ac795da0fcd6014037777e45d21f,included,housing_social_welfare_leaf,1.0.0,social_welfare,1.0.0,utility,tenant_2,tenant_2,0.0,utility_points,"{""disagreement_utility"":0.0}",ok,valid,[],"[""event_00000267""]",evaluation_receipt,episode_attempt_fd075b5e0c90e7840727,bcbb5650a07e2a157b43770416ee248a9ad1ac795da0fcd6014037777e45d21f,true
result_487f49207ea9b8dc28ea1485,runplan_37e4b51f14a1cb6a,cell_304ba1dab9722b468a99,housing_v1__experiment__000008,housing_v1,housing_controlled_model_landlords_experiment,episode_attempt_fd075b5e0c90e7840727,bcbb5650a07e2a157b43770416ee248a9ad1ac795da0fcd6014037777e45d21f,included,housing_social_welfare_leaf,1.0.0,social_welfare,1.0.0,utility,tenant_3,tenant_3,0.0,utility_points,"{""disagreement_utility"":0.0}",ok,valid,[],"[""event_00000267""]",evaluation_receipt,episode_attempt_fd075b5e0c90e7840727,bcbb5650a07e2a157b43770416ee248a9ad1ac795da0fcd6014037777e45d21f,true
result_ec24360ccf1447a9fb136102,runplan_37e4b51f14a1cb6a,cell_304ba1dab9722b468a99,housing_v1__experiment__000008,housing_v1,housing_controlled_model_landlords_experiment,episode_attempt_fd075b5e0c90e7840727,bcbb5650a07e2a157b43770416ee248a9ad1ac795da0fcd6014037777e45d21f,included,housing_social_welfare_leaf,1.0.0,social_welfare,1.0.0,utility,tenant_4,tenant_4,0.0,utility_points,"{""disagreement_utility"":0.0}",ok,valid,[],"[""event_00000267""]",evaluation_receipt,episode_attempt_fd075b5e0c90e7840727,bcbb5650a07e2a157b43770416ee248a9ad1ac795da0fcd6014037777e45d21f,true
result_3fb36b45bc5134db7ed5e44a,runplan_37e4b51f14a1cb6a,cell_304ba1dab9722b468a99,housing_v1__experiment__000008,housing_v1,housing_controlled_model_landlords_experiment,episode_attempt_fd075b5e0c90e7840727,bcbb5650a07e2a157b43770416ee248a9ad1ac795da0fcd6014037777e45d21f,included,housing_social_welfare_leaf,1.0.0,social_welfare,1.0.0,utility,tenant_5,tenant_5,0.0,utility_points,"{""disagreement_utility"":0.0}",ok,valid,[],"[""event_00000267""]",evaluation_receipt,episode_attempt_fd075b5e0c90e7840727,bcbb5650a07e2a157b43770416ee248a9ad1ac795da0fcd6014037777e45d21f,true
result_760b1ea52f7d8374a9539fb3,runplan_37e4b51f14a1cb6a,cell_304ba1dab9722b468a99,housing_v1__experiment__000008,housing_v1,housing_controlled_model_landlords_experiment,episode_attempt_fd075b5e0c90e7840727,bcbb5650a07e2a157b43770416ee248a9ad1ac795da0fcd6014037777e45d21f,included,housing_social_welfare_leaf,1.0.0,social_welfare,1.0.0,capture,landlord_0,landlord_0,0.0,utility_points,"{""disagreement_utility"":0.0}",ok,valid,[],"[""event_00000267""]",evaluation_receipt,episode_attempt_fd075b5e0c90e7840727,bcbb5650a07e2a157b43770416ee248a9ad1ac795da0fcd6014037777e45d21f,true
result_94959a8c759eb9c2d6c65543,runplan_37e4b51f14a1cb6a,cell_304ba1dab9722b468a99,housing_v1__experiment__000008,housing_v1,housing_controlled_model_landlords_experiment,episode_attempt_fd075b5e0c90e7840727,bcbb5650a07e2a157b43770416ee248a9ad1ac795da0fcd6014037777e45d21f,included,housing_social_welfare_leaf,1.0.0,social_welfare,1.0.0,capture,landlord_1,landlord_1,0.0,utility_points,"{""disagreement_utility"":0.0}",ok,valid,[],"[""event_00000267""]",evaluation_receipt,episode_attempt_fd075b5e0c90e7840727,bcbb5650a07e2a157b43770416ee248a9ad1ac795da0fcd6014037777e45d21f,true
result_89c17bebaf118de497b72800,runplan_37e4b51f14a1cb6a,cell_304ba1dab9722b468a99,housing_v1__experiment__000008,housing_v1,housing_controlled_model_landlords_experiment,episode_attempt_fd075b5e0c90e7840727,bcbb5650a07e2a157b43770416ee248a9ad1ac795da0fcd6014037777e45d21f,included,housing_social_welfare_leaf,1.0.0,social_welfare,1.0.0,capture,landlord_2,landlord_2,0.0,utility_points,"{""disagreement_utility"":0.0}",ok,valid,[],"[""event_00000267""]",evaluation_receipt,episode_attempt_fd075b5e0c90e7840727,bcbb5650a07e2a157b43770416ee248a9ad1ac795da0fcd6014037777e45d21f,true
result_72a8c2ed2f209250a6da483c,runplan_37e4b51f14a1cb6a,cell_304ba1dab9722b468a99,housing_v1__experiment__000008,housing_v1,housing_controlled_model_landlords_experiment,episode_attempt_fd075b5e0c90e7840727,bcbb5650a07e2a157b43770416ee248a9ad1ac795da0fcd6014037777e45d21f,included,housing_social_welfare_leaf,1.0.0,social_welfare,1.0.0,capture,landlord_3,landlord_3,347.98,utility_points,"{""disagreement_utility"":0.0}",ok,valid,[],"[""event_00000267""]",evaluation_receipt,episode_attempt_fd075b5e0c90e7840727,bcbb5650a07e2a157b43770416ee248a9ad1ac795da0fcd6014037777e45d21f,true
result_3f67a67c6d393848a6d14e57,runplan_37e4b51f14a1cb6a,cell_304ba1dab9722b468a99,housing_v1__experiment__000008,housing_v1,housing_controlled_model_landlords_experiment,episode_attempt_fd075b5e0c90e7840727,bcbb5650a07e2a157b43770416ee248a9ad1ac795da0fcd6014037777e45d21f,included,housing_social_welfare_leaf,1.0.0,social_welfare,1.0.0,capture,landlord_4,landlord_4,60.91,utility_points,"{""disagreement_utility"":0.0}",ok,valid,[],"[""event_00000267""]",evaluation_receipt,episode_attempt_fd075b5e0c90e7840727,bcbb5650a07e2a157b43770416ee248a9ad1ac795da0fcd6014037777e45d21f,true
result_910222df9cd4a254255d049e,runplan_37e4b51f14a1cb6a,cell_304ba1dab9722b468a99,housing_v1__experiment__000008,housing_v1,housing_controlled_model_landlords_experiment,episode_attempt_fd075b5e0c90e7840727,bcbb5650a07e2a157b43770416ee248a9ad1ac795da0fcd6014037777e45d21f,included,housing_social_welfare_leaf,1.0.0,social_welfare,1.0.0,capture,tenant_0,tenant_0,167.67,utility_points,"{""disagreement_utility"":0.0}",ok,valid,[],"[""event_00000267""]",evaluation_receipt,episode_attempt_fd075b5e0c90e7840727,bcbb5650a07e2a157b43770416ee248a9ad1ac795da0fcd6014037777e45d21f,true
result_25f7bbfd5f93df696b15873b,runplan_37e4b51f14a1cb6a,cell_304ba1dab9722b468a99,housing_v1__experiment__000008,housing_v1,housing_controlled_model_landlords_experiment,episode_attempt_fd075b5e0c90e7840727,bcbb5650a07e2a157b43770416ee248a9ad1ac795da0fcd6014037777e45d21f,included,housing_social_welfare_leaf,1.0.0,social_welfare,1.0.0,capture,tenant_1,tenant_1,375.73,utility_points,"{""disagreement_utility"":0.0}",ok,valid,[],"[""event_00000267""]",evaluation_receipt,episode_attempt_fd075b5e0c90e7840727,bcbb5650a07e2a157b43770416ee248a9ad1ac795da0fcd6014037777e45d21f,true
result_a125cda723444fb40b5414ce,runplan_37e4b51f14a1cb6a,cell_304ba1dab9722b468a99,housing_v1__experiment__000008,housing_v1,housing_controlled_model_landlords_experiment,episode_attempt_fd075b5e0c90e7840727,bcbb5650a07e2a157b43770416ee248a9ad1ac795da0fcd6014037777e45d21f,included,housing_social_welfare_leaf,1.0.0,social_welfare,1.0.0,capture,tenant_2,tenant_2,0.0,utility_points,"{""disagreement_utility"":0.0}",ok,valid,[],"[""event_00000267""]",evaluation_receipt,episode_attempt_fd075b5e0c90e7840727,bcbb5650a07e2a157b43770416ee248a9ad1ac795da0fcd6014037777e45d21f,true
result_165051d8a239aedfbbc4103f,runplan_37e4b51f14a1cb6a,cell_304ba1dab9722b468a99,housing_v1__experiment__000008,housing_v1,housing_controlled_model_landlords_experiment,episode_attempt_fd075b5e0c90e7840727,bcbb5650a07e2a157b43770416ee248a9ad1ac795da0fcd6014037777e45d21f,included,housing_social_welfare_leaf,1.0.0,social_welfare,1.0.0,capture,tenant_3,tenant_3,0.0,utility_points,"{""disagreement_utility"":0.0}",ok,valid,[],"[""event_00000267""]",evaluation_receipt,episode_attempt_fd075b5e0c90e7840727,bcbb5650a07e2a157b43770416ee248a9ad1ac795da0fcd6014037777e45d21f,true
result_dceb528fa2655e556ae1c6a3,runplan_37e4b51f14a1cb6a,cell_304ba1dab9722b468a99,housing_v1__experiment__000008,housing_v1,housing_controlled_model_landlords_experiment,episode_attempt_fd075b5e0c90e7840727,bcbb5650a07e2a157b43770416ee248a9ad1ac795da0fcd6014037777e45d21f,included,housing_social_welfare_leaf,1.0.0,social_welfare,1.0.0,capture,tenant_4,tenant_4,0.0,utility_points,"{""disagreement_utility"":0.0}",ok,valid,[],"[""event_00000267""]",evaluation_receipt,episode_attempt_fd075b5e0c90e7840727,bcbb5650a07e2a157b43770416ee248a9ad1ac795da0fcd6014037777e45d21f,true
result_a3a1e4dee1420213a14fc543,runplan_37e4b51f14a1cb6a,cell_304ba1dab9722b468a99,housing_v1__experiment__000008,housing_v1,housing_controlled_model_landlords_experiment,episode_attempt_fd075b5e0c90e7840727,bcbb5650a07e2a157b43770416ee248a9ad1ac795da0fcd6014037777e45d21f,included,housing_social_welfare_leaf,1.0.0,social_welfare,1.0.0,capture,tenant_5,tenant_5,0.0,utility_points,"{""disagreement_utility"":0.0}",ok,valid,[],"[""event_00000267""]",evaluation_receipt,episode_attempt_fd075b5e0c90e7840727,bcbb5650a07e2a157b43770416ee248a9ad1ac795da0fcd6014037777e45d21f,true
result_0a3974ef57f5041a520444bc,runplan_37e4b51f14a1cb6a,cell_3a42991ac7e59eacfd2b,housing_v1__experiment__000004,housing_v1,housing_controlled_model_landlords_experiment,episode_attempt_fb334194ce06a106a3d3,fe448d6a87dd58fd0a7fb5f9c1ce992eadb3b862a77ffe8e0b6310b033df999f,included,housing_social_welfare_leaf,1.0.0,social_welfare,1.0.0,primary,social_welfare,,963.15,utility_points,{},ok,valid,[],"[""event_00000275""]",evaluation_receipt,episode_attempt_fb334194ce06a106a3d3,fe448d6a87dd58fd0a7fb5f9c1ce992eadb3b862a77ffe8e0b6310b033df999f,true
result_81a617453f5d10ed16a9b908,runplan_37e4b51f14a1cb6a,cell_3a42991ac7e59eacfd2b,housing_v1__experiment__000004,housing_v1,housing_controlled_model_landlords_experiment,episode_attempt_fb334194ce06a106a3d3,fe448d6a87dd58fd0a7fb5f9c1ce992eadb3b862a77ffe8e0b6310b033df999f,included,housing_social_welfare_leaf,1.0.0,social_welfare,1.0.0,metric,comparison_baseline_gap,,-327.2500000000001,utility_points,{},ok,valid,[],"[""event_00000275""]",evaluation_receipt,episode_attempt_fb334194ce06a106a3d3,fe448d6a87dd58fd0a7fb5f9c1ce992eadb3b862a77ffe8e0b6310b033df999f,true
result_40b265e238af53537b7249c2,runplan_37e4b51f14a1cb6a,cell_3a42991ac7e59eacfd2b,housing_v1__experiment__000004,housing_v1,housing_controlled_model_landlords_experiment,episode_attempt_fb334194ce06a106a3d3,fe448d6a87dd58fd0a7fb5f9c1ce992eadb3b862a77ffe8e0b6310b033df999f,included,housing_social_welfare_leaf,1.0.0,social_welfare,1.0.0,metric,ir_violation_count,,0.0,count,{},ok,valid,[],"[""event_00000275""]",evaluation_receipt,episode_attempt_fb334194ce06a106a3d3,fe448d6a87dd58fd0a7fb5f9c1ce992eadb3b862a77ffe8e0b6310b033df999f,true
result_085755e9d26e9fa3c7b30b71,runplan_37e4b51f14a1cb6a,cell_3a42991ac7e59eacfd2b,housing_v1__experiment__000004,housing_v1,housing_controlled_model_landlords_experiment,episode_attempt_fb334194ce06a106a3d3,fe448d6a87dd58fd0a7fb5f9c1ce992eadb3b862a77ffe8e0b6310b033df999f,included,housing_social_welfare_leaf,1.0.0,social_welfare,1.0.0,metric,social_welfare,,963.15,utility_points,{},ok,valid,[],"[""event_00000275""]",evaluation_receipt,episode_attempt_fb334194ce06a106a3d3,fe448d6a87dd58fd0a7fb5f9c1ce992eadb3b862a77ffe8e0b6310b033df999f,true
result_048dd252a6fc5e9e4df382aa,runplan_37e4b51f14a1cb6a,cell_3a42991ac7e59eacfd2b,housing_v1__experiment__000004,housing_v1,housing_controlled_model_landlords_experiment,episode_attempt_fb334194ce06a106a3d3,fe448d6a87dd58fd0a7fb5f9c1ce992eadb3b862a77ffe8e0b6310b033df999f,included,housing_social_welfare_leaf,1.0.0,social_welfare,1.0.0,metric,upper_bound_gap,,497.07000000000005,utility_points,{},ok,valid,[],"[""event_00000275""]",evaluation_receipt,episode_attempt_fb334194ce06a106a3d3,fe448d6a87dd58fd0a7fb5f9c1ce992eadb3b862a77ffe8e0b6310b033df999f,true
result_796e98afcaea1948a1e435bf,runplan_37e4b51f14a1cb6a,cell_3a42991ac7e59eacfd2b,housing_v1__experiment__000004,housing_v1,housing_controlled_model_landlords_experiment,episode_attempt_fb334194ce06a106a3d3,fe448d6a87dd58fd0a7fb5f9c1ce992eadb3b862a77ffe8e0b6310b033df999f,included,housing_social_welfare_leaf,1.0.0,social_welfare,1.0.0,metric,wasted_contacts,,9.0,count,{},ok,valid,[],"[""event_00000275""]",evaluation_receipt,episode_attempt_fb334194ce06a106a3d3,fe448d6a87dd58fd0a7fb5f9c1ce992eadb3b862a77ffe8e0b6310b033df999f,true
result_bcf83f26966bdaf57ecf7aba,runplan_37e4b51f14a1cb6a,cell_3a42991ac7e59eacfd2b,housing_v1__experiment__000004,housing_v1,housing_controlled_model_landlords_experiment,episode_attempt_fb334194ce06a106a3d3,fe448d6a87dd58fd0a7fb5f9c1ce992eadb3b862a77ffe8e0b6310b033df999f,included,housing_social_welfare_leaf,1.0.0,social_welfare,1.0.0,metric,within_case_score,,0.6595923901877799,ratio,{},ok,valid,[],"[""event_00000275""]",evaluation_receipt,episode_attempt_fb334194ce06a106a3d3,fe448d6a87dd58fd0a7fb5f9c1ce992eadb3b862a77ffe8e0b6310b033df999f,true
result_d4eb9b79d8fd9880ee128df0,runplan_37e4b51f14a1cb6a,cell_3a42991ac7e59eacfd2b,housing_v1__experiment__000004,housing_v1,housing_controlled_model_landlords_experiment,episode_attempt_fb334194ce06a106a3d3,fe448d6a87dd58fd0a7fb5f9c1ce992eadb3b862a77ffe8e0b6310b033df999f,included,housing_social_welfare_leaf,1.0.0,social_welfare,1.0.0,reference,comparison_baseline,,1290.4,utility_points,"{""policy"":""naive"",""reference_kind"":""comparison_baseline""}",ok,valid,[],"[""event_00000275""]",evaluation_receipt,episode_attempt_fb334194ce06a106a3d3,fe448d6a87dd58fd0a7fb5f9c1ce992eadb3b862a77ffe8e0b6310b033df999f,true
result_ff86a1d62f62a8f44a48df9c,runplan_37e4b51f14a1cb6a,cell_3a42991ac7e59eacfd2b,housing_v1__experiment__000004,housing_v1,housing_controlled_model_landlords_experiment,episode_attempt_fb334194ce06a106a3d3,fe448d6a87dd58fd0a7fb5f9c1ce992eadb3b862a77ffe8e0b6310b033df999f,included,housing_social_welfare_leaf,1.0.0,social_welfare,1.0.0,reference,optimum_lower_bound,,0.0,utility_points,"{""policy"":""do_nothing"",""reference_kind"":""objective_lower_bound""}",ok,valid,[],"[""event_00000275""]",evaluation_receipt,episode_attempt_fb334194ce06a106a3d3,fe448d6a87dd58fd0a7fb5f9c1ce992eadb3b862a77ffe8e0b6310b033df999f,true
result_2c51f7e46aed588a5ac7d55a,runplan_37e4b51f14a1cb6a,cell_3a42991ac7e59eacfd2b,housing_v1__experiment__000004,housing_v1,housing_controlled_model_landlords_experiment,episode_attempt_fb334194ce06a106a3d3,fe448d6a87dd58fd0a7fb5f9c1ce992eadb3b862a77ffe8e0b6310b033df999f,included,housing_social_welfare_leaf,1.0.0,social_welfare,1.0.0,reference,optimum_upper_bound,,1460.22,utility_points,"{""reference_kind"":""objective_upper_bound"",""semantics"":""full_information_allocation_relaxation""}",ok,valid,[],"[""event_00000275""]",evaluation_receipt,episode_attempt_fb334194ce06a106a3d3,fe448d6a87dd58fd0a7fb5f9c1ce992eadb3b862a77ffe8e0b6310b033df999f,true
result_b27f22e5e30db51c59811833,runplan_37e4b51f14a1cb6a,cell_3a42991ac7e59eacfd2b,housing_v1__experiment__000004,housing_v1,housing_controlled_model_landlords_experiment,episode_attempt_fb334194ce06a106a3d3,fe448d6a87dd58fd0a7fb5f9c1ce992eadb3b862a77ffe8e0b6310b033df999f,included,housing_social_welfare_leaf,1.0.0,social_welfare,1.0.0,utility,landlord_0,landlord_0,0.0,utility_points,"{""disagreement_utility"":0.0}",ok,valid,[],"[""event_00000275""]",evaluation_receipt,episode_attempt_fb334194ce06a106a3d3,fe448d6a87dd58fd0a7fb5f9c1ce992eadb3b862a77ffe8e0b6310b033df999f,true
result_e040eb35bbed7ec9bf44d0ff,runplan_37e4b51f14a1cb6a,cell_3a42991ac7e59eacfd2b,housing_v1__experiment__000004,housing_v1,housing_controlled_model_landlords_experiment,episode_attempt_fb334194ce06a106a3d3,fe448d6a87dd58fd0a7fb5f9c1ce992eadb3b862a77ffe8e0b6310b033df999f,included,housing_social_welfare_leaf,1.0.0,social_welfare,1.0.0,utility,landlord_1,landlord_1,0.0,utility_points,"{""disagreement_utility"":0.0}",ok,valid,[],"[""event_00000275""]",evaluation_receipt,episode_attempt_fb334194ce06a106a3d3,fe448d6a87dd58fd0a7fb5f9c1ce992eadb3b862a77ffe8e0b6310b033df999f,true
result_7ed793c5f102d71f5db4e0f1,runplan_37e4b51f14a1cb6a,cell_3a42991ac7e59eacfd2b,housing_v1__experiment__000004,housing_v1,housing_controlled_model_landlords_experiment,episode_attempt_fb334194ce06a106a3d3,fe448d6a87dd58fd0a7fb5f9c1ce992eadb3b862a77ffe8e0b6310b033df999f,included,housing_social_welfare_leaf,1.0.0,social_welfare,1.0.0,utility,landlord_2,landlord_2,52.76,utility_points,"{""disagreement_utility"":0.0}",ok,valid,[],"[""event_00000275""]",evaluation_receipt,episode_attempt_fb334194ce06a106a3d3,fe448d6a87dd58fd0a7fb5f9c1ce992eadb3b862a77ffe8e0b6310b033df999f,true
result_5b5f9f2ce4d6dbb544ebd187,runplan_37e4b51f14a1cb6a,cell_3a42991ac7e59eacfd2b,housing_v1__experiment__000004,housing_v1,housing_controlled_model_landlords_experiment,episode_attempt_fb334194ce06a106a3d3,fe448d6a87dd58fd0a7fb5f9c1ce992eadb3b862a77ffe8e0b6310b033df999f,included,housing_social_welfare_leaf,1.0.0,social_welfare,1.0.0,utility,landlord_3,landlord_3,511.18,utility_points,"{""disagreement_utility"":0.0}",ok,valid,[],"[""event_00000275""]",evaluation_receipt,episode_attempt_fb334194ce06a106a3d3,fe448d6a87dd58fd0a7fb5f9c1ce992eadb3b862a77ffe8e0b6310b033df999f,true
result_6a034db3d087ef87a08136fb,runplan_37e4b51f14a1cb6a,cell_3a42991ac7e59eacfd2b,housing_v1__experiment__000004,housing_v1,housing_controlled_model_landlords_experiment,episode_attempt_fb334194ce06a106a3d3,fe448d6a87dd58fd0a7fb5f9c1ce992eadb3b862a77ffe8e0b6310b033df999f,included,housing_social_welfare_leaf,1.0.0,social_welfare,1.0.0,utility,landlord_4,landlord_4,0.0,utility_points,"{""disagreement_utility"":0.0}",ok,valid,[],"[""event_00000275""]",evaluation_receipt,episode_attempt_fb334194ce06a106a3d3,fe448d6a87dd58fd0a7fb5f9c1ce992eadb3b862a77ffe8e0b6310b033df999f,true
result_b83b1105385aad2dbea9b65d,runplan_37e4b51f14a1cb6a,cell_3a42991ac7e59eacfd2b,housing_v1__experiment__000004,housing_v1,housing_controlled_model_landlords_experiment,episode_attempt_fb334194ce06a106a3d3,fe448d6a87dd58fd0a7fb5f9c1ce992eadb3b862a77ffe8e0b6310b033df999f,included,housing_social_welfare_leaf,1.0.0,social_welfare,1.0.0,utility,tenant_0,tenant_0,275.23,utility_points,"{""disagreement_utility"":0.0}",ok,valid,[],"[""event_00000275""]",evaluation_receipt,episode_attempt_fb334194ce06a106a3d3,fe448d6a87dd58fd0a7fb5f9c1ce992eadb3b862a77ffe8e0b6310b033df999f,true
result_e6d1ca7ac434bb94b1aa6524,runplan_37e4b51f14a1cb6a,cell_3a42991ac7e59eacfd2b,housing_v1__experiment__000004,housing_v1,housing_controlled_model_landlords_experiment,episode_attempt_fb334194ce06a106a3d3,fe448d6a87dd58fd0a7fb5f9c1ce992eadb3b862a77ffe8e0b6310b033df999f,included,housing_social_welfare_leaf,1.0.0,social_welfare,1.0.0,utility,tenant_1,tenant_1,0.0,utility_points,"{""disagreement_utility"":0.0}",ok,valid,[],"[""event_00000275""]",evaluation_receipt,episode_attempt_fb334194ce06a106a3d3,fe448d6a87dd58fd0a7fb5f9c1ce992eadb3b862a77ffe8e0b6310b033df999f,true
result_d32a1f0f71eeebea70f350dd,runplan_37e4b51f14a1cb6a,cell_3a42991ac7e59eacfd2b,housing_v1__experiment__000004,housing_v1,housing_controlled_model_landlords_experiment,episode_attempt_fb334194ce06a106a3d3,fe448d6a87dd58fd0a7fb5f9c1ce992eadb3b862a77ffe8e0b6310b033df999f,included,housing_social_welfare_leaf,1.0.0,social_welfare,1.0.0,utility,tenant_2,tenant_2,0.0,utility_points,"{""disagreement_utility"":0.0}",ok,valid,[],"[""event_00000275""]",evaluation_receipt,episode_attempt_fb334194ce06a106a3d3,fe448d6a87dd58fd0a7fb5f9c1ce992eadb3b862a77ffe8e0b6310b033df999f,true
result_6f7540df07a30d83579e078f,runplan_37e4b51f14a1cb6a,cell_3a42991ac7e59eacfd2b,housing_v1__experiment__000004,housing_v1,housing_controlled_model_landlords_experiment,episode_attempt_fb334194ce06a106a3d3,fe448d6a87dd58fd0a7fb5f9c1ce992eadb3b862a77ffe8e0b6310b033df999f,included,housing_social_welfare_leaf,1.0.0,social_welfare,1.0.0,utility,tenant_3,tenant_3,0.0,utility_points,"{""disagreement_utility"":0.0}",ok,valid,[],"[""event_00000275""]",evaluation_receipt,episode_attempt_fb334194ce06a106a3d3,fe448d6a87dd58fd0a7fb5f9c1ce992eadb3b862a77ffe8e0b6310b033df999f,true
result_197eb2530a5645e0cb7f1bae,runplan_37e4b51f14a1cb6a,cell_3a42991ac7e59eacfd2b,housing_v1__experiment__000004,housing_v1,housing_controlled_model_landlords_experiment,episode_attempt_fb334194ce06a106a3d3,fe448d6a87dd58fd0a7fb5f9c1ce992eadb3b862a77ffe8e0b6310b033df999f,included,housing_social_welfare_leaf,1.0.0,social_welfare,1.0.0,utility,tenant_4,tenant_4,123.98,utility_points,"{""disagreement_utility"":0.0}",ok,valid,[],"[""event_00000275""]",evaluation_receipt,episode_attempt_fb334194ce06a106a3d3,fe448d6a87dd58fd0a7fb5f9c1ce992eadb3b862a77ffe8e0b6310b033df999f,true
result_7d2604c56981e03d103c594f,runplan_37e4b51f14a1cb6a,cell_3a42991ac7e59eacfd2b,housing_v1__experiment__000004,housing_v1,housing_controlled_model_landlords_experiment,episode_attempt_fb334194ce06a106a3d3,fe448d6a87dd58fd0a7fb5f9c1ce992eadb3b862a77ffe8e0b6310b033df999f,included,housing_social_welfare_leaf,1.0.0,social_welfare,1.0.0,utility,tenant_5,tenant_5,0.0,utility_points,"{""disagreement_utility"":0.0}",ok,valid,[],"[""event_00000275""]",evaluation_receipt,episode_attempt_fb334194ce06a106a3d3,fe448d6a87dd58fd0a7fb5f9c1ce992eadb3b862a77ffe8e0b6310b033df999f,true
result_1da0b79e5a2cc2461bebdb5e,runplan_37e4b51f14a1cb6a,cell_3a42991ac7e59eacfd2b,housing_v1__experiment__000004,housing_v1,housing_controlled_model_landlords_experiment,episode_attempt_fb334194ce06a106a3d3,fe448d6a87dd58fd0a7fb5f9c1ce992eadb3b862a77ffe8e0b6310b033df999f,included,housing_social_welfare_leaf,1.0.0,social_welfare,1.0.0,capture,landlord_0,landlord_0,0.0,utility_points,"{""disagreement_utility"":0.0}",ok,valid,[],"[""event_00000275""]",evaluation_receipt,episode_attempt_fb334194ce06a106a3d3,fe448d6a87dd58fd0a7fb5f9c1ce992eadb3b862a77ffe8e0b6310b033df999f,true
result_66e05d6029cf811898c4fb0f,runplan_37e4b51f14a1cb6a,cell_3a42991ac7e59eacfd2b,housing_v1__experiment__000004,housing_v1,housing_controlled_model_landlords_experiment,episode_attempt_fb334194ce06a106a3d3,fe448d6a87dd58fd0a7fb5f9c1ce992eadb3b862a77ffe8e0b6310b033df999f,included,housing_social_welfare_leaf,1.0.0,social_welfare,1.0.0,capture,landlord_1,landlord_1,0.0,utility_points,"{""disagreement_utility"":0.0}",ok,valid,[],"[""event_00000275""]",evaluation_receipt,episode_attempt_fb334194ce06a106a3d3,fe448d6a87dd58fd0a7fb5f9c1ce992eadb3b862a77ffe8e0b6310b033df999f,true
result_1cdb93ab9228f585426756f8,runplan_37e4b51f14a1cb6a,cell_3a42991ac7e59eacfd2b,housing_v1__experiment__000004,housing_v1,housing_controlled_model_landlords_experiment,episode_attempt_fb334194ce06a106a3d3,fe448d6a87dd58fd0a7fb5f9c1ce992eadb3b862a77ffe8e0b6310b033df999f,included,housing_social_welfare_leaf,1.0.0,social_welfare,1.0.0,capture,landlord_2,landlord_2,52.76,utility_points,"{""disagreement_utility"":0.0}",ok,valid,[],"[""event_00000275""]",evaluation_receipt,episode_attempt_fb334194ce06a106a3d3,fe448d6a87dd58fd0a7fb5f9c1ce992eadb3b862a77ffe8e0b6310b033df999f,true
result_89e4eba9e3a56795c8fcedfd,runplan_37e4b51f14a1cb6a,cell_3a42991ac7e59eacfd2b,housing_v1__experiment__000004,housing_v1,housing_controlled_model_landlords_experiment,episode_attempt_fb334194ce06a106a3d3,fe448d6a87dd58fd0a7fb5f9c1ce992eadb3b862a77ffe8e0b6310b033df999f,included,housing_social_welfare_leaf,1.0.0,social_welfare,1.0.0,capture,landlord_3,landlord_3,511.18,utility_points,"{""disagreement_utility"":0.0}",ok,valid,[],"[""event_00000275""]",evaluation_receipt,episode_attempt_fb334194ce06a106a3d3,fe448d6a87dd58fd0a7fb5f9c1ce992eadb3b862a77ffe8e0b6310b033df999f,true
result_c137c61b992df5782a5bac55,runplan_37e4b51f14a1cb6a,cell_3a42991ac7e59eacfd2b,housing_v1__experiment__000004,housing_v1,housing_controlled_model_landlords_experiment,episode_attempt_fb334194ce06a106a3d3,fe448d6a87dd58fd0a7fb5f9c1ce992eadb3b862a77ffe8e0b6310b033df999f,included,housing_social_welfare_leaf,1.0.0,social_welfare,1.0.0,capture,landlord_4,landlord_4,0.0,utility_points,"{""disagreement_utility"":0.0}",ok,valid,[],"[""event_00000275""]",evaluation_receipt,episode_attempt_fb334194ce06a106a3d3,fe448d6a87dd58fd0a7fb5f9c1ce992eadb3b862a77ffe8e0b6310b033df999f,true
result_f127d06beb8a7b54d3e4292d,runplan_37e4b51f14a1cb6a,cell_3a42991ac7e59eacfd2b,housing_v1__experiment__000004,housing_v1,housing_controlled_model_landlords_experiment,episode_attempt_fb334194ce06a106a3d3,fe448d6a87dd58fd0a7fb5f9c1ce992eadb3b862a77ffe8e0b6310b033df999f,included,housing_social_welfare_leaf,1.0.0,social_welfare,1.0.0,capture,tenant_0,tenant_0,275.23,utility_points,"{""disagreement_utility"":0.0}",ok,valid,[],"[""event_00000275""]",evaluation_receipt,episode_attempt_fb334194ce06a106a3d3,fe448d6a87dd58fd0a7fb5f9c1ce992eadb3b862a77ffe8e0b6310b033df999f,true
result_0d7aa212b5a6a2b3d0193ff9,runplan_37e4b51f14a1cb6a,cell_3a42991ac7e59eacfd2b,housing_v1__experiment__000004,housing_v1,housing_controlled_model_landlords_experiment,episode_attempt_fb334194ce06a106a3d3,fe448d6a87dd58fd0a7fb5f9c1ce992eadb3b862a77ffe8e0b6310b033df999f,included,housing_social_welfare_leaf,1.0.0,social_welfare,1.0.0,capture,tenant_1,tenant_1,0.0,utility_points,"{""disagreement_utility"":0.0}",ok,valid,[],"[""event_00000275""]",evaluation_receipt,episode_attempt_fb334194ce06a106a3d3,fe448d6a87dd58fd0a7fb5f9c1ce992eadb3b862a77ffe8e0b6310b033df999f,true
result_88609ab4a449b33b019b443c,runplan_37e4b51f14a1cb6a,cell_3a42991ac7e59eacfd2b,housing_v1__experiment__000004,housing_v1,housing_controlled_model_landlords_experiment,episode_attempt_fb334194ce06a106a3d3,fe448d6a87dd58fd0a7fb5f9c1ce992eadb3b862a77ffe8e0b6310b033df999f,included,housing_social_welfare_leaf,1.0.0,social_welfare,1.0.0,capture,tenant_2,tenant_2,0.0,utility_points,"{""disagreement_utility"":0.0}",ok,valid,[],"[""event_00000275""]",evaluation_receipt,episode_attempt_fb334194ce06a106a3d3,fe448d6a87dd58fd0a7fb5f9c1ce992eadb3b862a77ffe8e0b6310b033df999f,true
result_fe2b8f83944fd86f9d97b4c8,runplan_37e4b51f14a1cb6a,cell_3a42991ac7e59eacfd2b,housing_v1__experiment__000004,housing_v1,housing_controlled_model_landlords_experiment,episode_attempt_fb334194ce06a106a3d3,fe448d6a87dd58fd0a7fb5f9c1ce992eadb3b862a77ffe8e0b6310b033df999f,included,housing_social_welfare_leaf,1.0.0,social_welfare,1.0.0,capture,tenant_3,tenant_3,0.0,utility_points,"{""disagreement_utility"":0.0}",ok,valid,[],"[""event_00000275""]",evaluation_receipt,episode_attempt_fb334194ce06a106a3d3,fe448d6a87dd58fd0a7fb5f9c1ce992eadb3b862a77ffe8e0b6310b033df999f,true
result_0dc18158a40c788cd6042d70,runplan_37e4b51f14a1cb6a,cell_3a42991ac7e59eacfd2b,housing_v1__experiment__000004,housing_v1,housing_controlled_model_landlords_experiment,episode_attempt_fb334194ce06a106a3d3,fe448d6a87dd58fd0a7fb5f9c1ce992eadb3b862a77ffe8e0b6310b033df999f,included,housing_social_welfare_leaf,1.0.0,social_welfare,1.0.0,capture,tenant_4,tenant_4,123.98,utility_points,"{""disagreement_utility"":0.0}",ok,valid,[],"[""event_00000275""]",evaluation_receipt,episode_attempt_fb334194ce06a106a3d3,fe448d6a87dd58fd0a7fb5f9c1ce992eadb3b862a77ffe8e0b6310b033df999f,true
result_38ccedca8122df40b8b75a50,runplan_37e4b51f14a1cb6a,cell_3a42991ac7e59eacfd2b,housing_v1__experiment__000004,housing_v1,housing_controlled_model_landlords_experiment,episode_attempt_fb334194ce06a106a3d3,fe448d6a87dd58fd0a7fb5f9c1ce992eadb3b862a77ffe8e0b6310b033df999f,included,housing_social_welfare_leaf,1.0.0,social_welfare,1.0.0,capture,tenant_5,tenant_5,0.0,utility_points,"{""disagreement_utility"":0.0}",ok,valid,[],"[""event_00000275""]",evaluation_receipt,episode_attempt_fb334194ce06a106a3d3,fe448d6a87dd58fd0a7fb5f9c1ce992eadb3b862a77ffe8e0b6310b033df999f,true
result_d1c71df67fffc7623a84f7cc,runplan_37e4b51f14a1cb6a,cell_57f5fdcc052fe29a0739,housing_v1__experiment__000003,housing_v1,housing_controlled_model_landlords_experiment,episode_attempt_c648988b2bd90ae23e64,93c71e4aac54a917f3d01ef65ff5e1b700a17be07a6fcfcbf9de5e092dedb8ab,included,housing_social_welfare_leaf,1.0.0,social_welfare,1.0.0,primary,social_welfare,,1362.51,utility_points,{},ok,valid,[],"[""event_00000267""]",evaluation_receipt,episode_attempt_c648988b2bd90ae23e64,93c71e4aac54a917f3d01ef65ff5e1b700a17be07a6fcfcbf9de5e092dedb8ab,true
result_9649f6a29a548a2ce97f3cbc,runplan_37e4b51f14a1cb6a,cell_57f5fdcc052fe29a0739,housing_v1__experiment__000003,housing_v1,housing_controlled_model_landlords_experiment,episode_attempt_c648988b2bd90ae23e64,93c71e4aac54a917f3d01ef65ff5e1b700a17be07a6fcfcbf9de5e092dedb8ab,included,housing_social_welfare_leaf,1.0.0,social_welfare,1.0.0,metric,comparison_baseline_gap,,-632.29,utility_points,{},ok,valid,[],"[""event_00000267""]",evaluation_receipt,episode_attempt_c648988b2bd90ae23e64,93c71e4aac54a917f3d01ef65ff5e1b700a17be07a6fcfcbf9de5e092dedb8ab,true
result_f546cd3e29a74ae02451b66b,runplan_37e4b51f14a1cb6a,cell_57f5fdcc052fe29a0739,housing_v1__experiment__000003,housing_v1,housing_controlled_model_landlords_experiment,episode_attempt_c648988b2bd90ae23e64,93c71e4aac54a917f3d01ef65ff5e1b700a17be07a6fcfcbf9de5e092dedb8ab,included,housing_social_welfare_leaf,1.0.0,social_welfare,1.0.0,metric,ir_violation_count,,0.0,count,{},ok,valid,[],"[""event_00000267""]",evaluation_receipt,episode_attempt_c648988b2bd90ae23e64,93c71e4aac54a917f3d01ef65ff5e1b700a17be07a6fcfcbf9de5e092dedb8ab,true
result_fd668ae61414f7eb09e44cb4,runplan_37e4b51f14a1cb6a,cell_57f5fdcc052fe29a0739,housing_v1__experiment__000003,housing_v1,housing_controlled_model_landlords_experiment,episode_attempt_c648988b2bd90ae23e64,93c71e4aac54a917f3d01ef65ff5e1b700a17be07a6fcfcbf9de5e092dedb8ab,included,housing_social_welfare_leaf,1.0.0,social_welfare,1.0.0,metric,social_welfare,,1362.51,utility_points,{},ok,valid,[],"[""event_00000267""]",evaluation_receipt,episode_attempt_c648988b2bd90ae23e64,93c71e4aac54a917f3d01ef65ff5e1b700a17be07a6fcfcbf9de5e092dedb8ab,true
result_79a5898c054496100e3f8872,runplan_37e4b51f14a1cb6a,cell_57f5fdcc052fe29a0739,housing_v1__experiment__000003,housing_v1,housing_controlled_model_landlords_experiment,episode_attempt_c648988b2bd90ae23e64,93c71e4aac54a917f3d01ef65ff5e1b700a17be07a6fcfcbf9de5e092dedb8ab,included,housing_social_welfare_leaf,1.0.0,social_welfare,1.0.0,metric,upper_bound_gap,,767.6699999999998,utility_points,{},ok,valid,[],"[""event_00000267""]",evaluation_receipt,episode_attempt_c648988b2bd90ae23e64,93c71e4aac54a917f3d01ef65ff5e1b700a17be07a6fcfcbf9de5e092dedb8ab,true
result_9193334d64273dce797e17fc,runplan_37e4b51f14a1cb6a,cell_57f5fdcc052fe29a0739,housing_v1__experiment__000003,housing_v1,housing_controlled_model_landlords_experiment,episode_attempt_c648988b2bd90ae23e64,93c71e4aac54a917f3d01ef65ff5e1b700a17be07a6fcfcbf9de5e092dedb8ab,included,housing_social_welfare_leaf,1.0.0,social_welfare,1.0.0,metric,wasted_contacts,,9.0,count,{},ok,valid,[],"[""event_00000267""]",evaluation_receipt,episode_attempt_c648988b2bd90ae23e64,93c71e4aac54a917f3d01ef65ff5e1b700a17be07a6fcfcbf9de5e092dedb8ab,true
result_4ac178b839542d0a3e93bf23,runplan_37e4b51f14a1cb6a,cell_57f5fdcc052fe29a0739,housing_v1__experiment__000003,housing_v1,housing_controlled_model_landlords_experiment,episode_attempt_c648988b2bd90ae23e64,93c71e4aac54a917f3d01ef65ff5e1b700a17be07a6fcfcbf9de5e092dedb8ab,included,housing_social_welfare_leaf,1.0.0,social_welfare,1.0.0,metric,within_case_score,,0.639622003774329,ratio,{},ok,valid,[],"[""event_00000267""]",evaluation_receipt,episode_attempt_c648988b2bd90ae23e64,93c71e4aac54a917f3d01ef65ff5e1b700a17be07a6fcfcbf9de5e092dedb8ab,true
result_0be2e3bc95947855c69230b6,runplan_37e4b51f14a1cb6a,cell_57f5fdcc052fe29a0739,housing_v1__experiment__000003,housing_v1,housing_controlled_model_landlords_experiment,episode_attempt_c648988b2bd90ae23e64,93c71e4aac54a917f3d01ef65ff5e1b700a17be07a6fcfcbf9de5e092dedb8ab,included,housing_social_welfare_leaf,1.0.0,social_welfare,1.0.0,reference,comparison_baseline,,1994.8,utility_points,"{""policy"":""naive"",""reference_kind"":""comparison_baseline""}",ok,valid,[],"[""event_00000267""]",evaluation_receipt,episode_attempt_c648988b2bd90ae23e64,93c71e4aac54a917f3d01ef65ff5e1b700a17be07a6fcfcbf9de5e092dedb8ab,true
result_9fa214e05ad8941df4bad782,runplan_37e4b51f14a1cb6a,cell_57f5fdcc052fe29a0739,housing_v1__experiment__000003,housing_v1,housing_controlled_model_landlords_experiment,episode_attempt_c648988b2bd90ae23e64,93c71e4aac54a917f3d01ef65ff5e1b700a17be07a6fcfcbf9de5e092dedb8ab,included,housing_social_welfare_leaf,1.0.0,social_welfare,1.0.0,reference,optimum_lower_bound,,0.0,utility_points,"{""policy"":""do_nothing"",""reference_kind"":""objective_lower_bound""}",ok,valid,[],"[""event_00000267""]",evaluation_receipt,episode_attempt_c648988b2bd90ae23e64,93c71e4aac54a917f3d01ef65ff5e1b700a17be07a6fcfcbf9de5e092dedb8ab,true
result_b3e1855f84d370497b09024c,runplan_37e4b51f14a1cb6a,cell_57f5fdcc052fe29a0739,housing_v1__experiment__000003,housing_v1,housing_controlled_model_landlords_experiment,episode_attempt_c648988b2bd90ae23e64,93c71e4aac54a917f3d01ef65ff5e1b700a17be07a6fcfcbf9de5e092dedb8ab,included,housing_social_welfare_leaf,1.0.0,social_welfare,1.0.0,reference,optimum_upper_bound,,2130.18,utility_points,"{""reference_kind"":""objective_upper_bound"",""semantics"":""full_information_allocation_relaxation""}",ok,valid,[],"[""event_00000267""]",evaluation_receipt,episode_attempt_c648988b2bd90ae23e64,93c71e4aac54a917f3d01ef65ff5e1b700a17be07a6fcfcbf9de5e092dedb8ab,true
result_ba2800cce6a15b8694311dd5,runplan_37e4b51f14a1cb6a,cell_57f5fdcc052fe29a0739,housing_v1__experiment__000003,housing_v1,housing_controlled_model_landlords_experiment,episode_attempt_c648988b2bd90ae23e64,93c71e4aac54a917f3d01ef65ff5e1b700a17be07a6fcfcbf9de5e092dedb8ab,included,housing_social_welfare_leaf,1.0.0,social_welfare,1.0.0,utility,landlord_0,landlord_0,0.0,utility_points,"{""disagreement_utility"":0.0}",ok,valid,[],"[""event_00000267""]",evaluation_receipt,episode_attempt_c648988b2bd90ae23e64,93c71e4aac54a917f3d01ef65ff5e1b700a17be07a6fcfcbf9de5e092dedb8ab,true
result_ed1d776746804cd84c971132,runplan_37e4b51f14a1cb6a,cell_57f5fdcc052fe29a0739,housing_v1__experiment__000003,housing_v1,housing_controlled_model_landlords_experiment,episode_attempt_c648988b2bd90ae23e64,93c71e4aac54a917f3d01ef65ff5e1b700a17be07a6fcfcbf9de5e092dedb8ab,included,housing_social_welfare_leaf,1.0.0,social_welfare,1.0.0,utility,landlord_1,landlord_1,0.0,utility_points,"{""disagreement_utility"":0.0}",ok,valid,[],"[""event_00000267""]",evaluation_receipt,episode_attempt_c648988b2bd90ae23e64,93c71e4aac54a917f3d01ef65ff5e1b700a17be07a6fcfcbf9de5e092dedb8ab,true
result_3eece0315ffb7233e7a0bd28,runplan_37e4b51f14a1cb6a,cell_57f5fdcc052fe29a0739,housing_v1__experiment__000003,housing_v1,housing_controlled_model_landlords_experiment,episode_attempt_c648988b2bd90ae23e64,93c71e4aac54a917f3d01ef65ff5e1b700a17be07a6fcfcbf9de5e092dedb8ab,included,housing_social_welfare_leaf,1.0.0,social_welfare,1.0.0,utility,landlord_2,landlord_2,0.0,utility_points,"{""disagreement_utility"":0.0}",ok,valid,[],"[""event_00000267""]",evaluation_receipt,episode_attempt_c648988b2bd90ae23e64,93c71e4aac54a917f3d01ef65ff5e1b700a17be07a6fcfcbf9de5e092dedb8ab,true
result_6017dae2a6c7c7d6e13e5444,runplan_37e4b51f14a1cb6a,cell_57f5fdcc052fe29a0739,housing_v1__experiment__000003,housing_v1,housing_controlled_model_landlords_experiment,episode_attempt_c648988b2bd90ae23e64,93c71e4aac54a917f3d01ef65ff5e1b700a17be07a6fcfcbf9de5e092dedb8ab,included,housing_social_welfare_leaf,1.0.0,social_welfare,1.0.0,utility,landlord_3,landlord_3,54.11,utility_points,"{""disagreement_utility"":0.0}",ok,valid,[],"[""event_00000267""]",evaluation_receipt,episode_attempt_c648988b2bd90ae23e64,93c71e4aac54a917f3d01ef65ff5e1b700a17be07a6fcfcbf9de5e092dedb8ab,true
result_3128906f79641e3fe3d8466e,runplan_37e4b51f14a1cb6a,cell_57f5fdcc052fe29a0739,housing_v1__experiment__000003,housing_v1,housing_controlled_model_landlords_experiment,episode_attempt_c648988b2bd90ae23e64,93c71e4aac54a917f3d01ef65ff5e1b700a17be07a6fcfcbf9de5e092dedb8ab,included,housing_social_welfare_leaf,1.0.0,social_welfare,1.0.0,utility,landlord_4,landlord_4,58.85,utility_points,"{""disagreement_utility"":0.0}",ok,valid,[],"[""event_00000267""]",evaluation_receipt,episode_attempt_c648988b2bd90ae23e64,93c71e4aac54a917f3d01ef65ff5e1b700a17be07a6fcfcbf9de5e092dedb8ab,true
result_a1643406a09fb47ccbcf8733,runplan_37e4b51f14a1cb6a,cell_57f5fdcc052fe29a0739,housing_v1__experiment__000003,housing_v1,housing_controlled_model_landlords_experiment,episode_attempt_c648988b2bd90ae23e64,93c71e4aac54a917f3d01ef65ff5e1b700a17be07a6fcfcbf9de5e092dedb8ab,included,housing_social_welfare_leaf,1.0.0,social_welfare,1.0.0,utility,tenant_0,tenant_0,636.86,utility_points,"{""disagreement_utility"":0.0}",ok,valid,[],"[""event_00000267""]",evaluation_receipt,episode_attempt_c648988b2bd90ae23e64,93c71e4aac54a917f3d01ef65ff5e1b700a17be07a6fcfcbf9de5e092dedb8ab,true
result_8102a543c6f2fdbf75a4cabe,runplan_37e4b51f14a1cb6a,cell_57f5fdcc052fe29a0739,housing_v1__experiment__000003,housing_v1,housing_controlled_model_landlords_experiment,episode_attempt_c648988b2bd90ae23e64,93c71e4aac54a917f3d01ef65ff5e1b700a17be07a6fcfcbf9de5e092dedb8ab,included,housing_social_welfare_leaf,1.0.0,social_welfare,1.0.0,utility,tenant_1,tenant_1,612.69,utility_points,"{""disagreement_utility"":0.0}",ok,valid,[],"[""event_00000267""]",evaluation_receipt,episode_attempt_c648988b2bd90ae23e64,93c71e4aac54a917f3d01ef65ff5e1b700a17be07a6fcfcbf9de5e092dedb8ab,true
result_e97e5e181ede40ef5cc83c55,runplan_37e4b51f14a1cb6a,cell_57f5fdcc052fe29a0739,housing_v1__experiment__000003,housing_v1,housing_controlled_model_landlords_experiment,episode_attempt_c648988b2bd90ae23e64,93c71e4aac54a917f3d01ef65ff5e1b700a17be07a6fcfcbf9de5e092dedb8ab,included,housing_social_welfare_leaf,1.0.0,social_welfare,1.0.0,utility,tenant_2,tenant_2,0.0,utility_points,"{""disagreement_utility"":0.0}",ok,valid,[],"[""event_00000267""]",evaluation_receipt,episode_attempt_c648988b2bd90ae23e64,93c71e4aac54a917f3d01ef65ff5e1b700a17be07a6fcfcbf9de5e092dedb8ab,true
result_5a5d8482f490dbbe170c775c,runplan_37e4b51f14a1cb6a,cell_57f5fdcc052fe29a0739,housing_v1__experiment__000003,housing_v1,housing_controlled_model_landlords_experiment,episode_attempt_c648988b2bd90ae23e64,93c71e4aac54a917f3d01ef65ff5e1b700a17be07a6fcfcbf9de5e092dedb8ab,included,housing_social_welfare_leaf,1.0.0,social_welfare,1.0.0,utility,tenant_3,tenant_3,0.0,utility_points,"{""disagreement_utility"":0.0}",ok,valid,[],"[""event_00000267""]",evaluation_receipt,episode_attempt_c648988b2bd90ae23e64,93c71e4aac54a917f3d01ef65ff5e1b700a17be07a6fcfcbf9de5e092dedb8ab,true
result_8f27f1b83cfd9fc2af3931fd,runplan_37e4b51f14a1cb6a,cell_57f5fdcc052fe29a0739,housing_v1__experiment__000003,housing_v1,housing_controlled_model_landlords_experiment,episode_attempt_c648988b2bd90ae23e64,93c71e4aac54a917f3d01ef65ff5e1b700a17be07a6fcfcbf9de5e092dedb8ab,included,housing_social_welfare_leaf,1.0.0,social_welfare,1.0.0,utility,tenant_4,tenant_4,0.0,utility_points,"{""disagreement_utility"":0.0}",ok,valid,[],"[""event_00000267""]",evaluation_receipt,episode_attempt_c648988b2bd90ae23e64,93c71e4aac54a917f3d01ef65ff5e1b700a17be07a6fcfcbf9de5e092dedb8ab,true
result_800c2f2ed1a6c2f9c0e0dba2,runplan_37e4b51f14a1cb6a,cell_57f5fdcc052fe29a0739,housing_v1__experiment__000003,housing_v1,housing_controlled_model_landlords_experiment,episode_attempt_c648988b2bd90ae23e64,93c71e4aac54a917f3d01ef65ff5e1b700a17be07a6fcfcbf9de5e092dedb8ab,included,housing_social_welfare_leaf,1.0.0,social_welfare,1.0.0,utility,tenant_5,tenant_5,0.0,utility_points,"{""disagreement_utility"":0.0}",ok,valid,[],"[""event_00000267""]",evaluation_receipt,episode_attempt_c648988b2bd90ae23e64,93c71e4aac54a917f3d01ef65ff5e1b700a17be07a6fcfcbf9de5e092dedb8ab,true
result_fcf5928fb6ee0672a0e49133,runplan_37e4b51f14a1cb6a,cell_57f5fdcc052fe29a0739,housing_v1__experiment__000003,housing_v1,housing_controlled_model_landlords_experiment,episode_attempt_c648988b2bd90ae23e64,93c71e4aac54a917f3d01ef65ff5e1b700a17be07a6fcfcbf9de5e092dedb8ab,included,housing_social_welfare_leaf,1.0.0,social_welfare,1.0.0,capture,landlord_0,landlord_0,0.0,utility_points,"{""disagreement_utility"":0.0}",ok,valid,[],"[""event_00000267""]",evaluation_receipt,episode_attempt_c648988b2bd90ae23e64,93c71e4aac54a917f3d01ef65ff5e1b700a17be07a6fcfcbf9de5e092dedb8ab,true
result_e31029c1779839f2f57eaa29,runplan_37e4b51f14a1cb6a,cell_57f5fdcc052fe29a0739,housing_v1__experiment__000003,housing_v1,housing_controlled_model_landlords_experiment,episode_attempt_c648988b2bd90ae23e64,93c71e4aac54a917f3d01ef65ff5e1b700a17be07a6fcfcbf9de5e092dedb8ab,included,housing_social_welfare_leaf,1.0.0,social_welfare,1.0.0,capture,landlord_1,landlord_1,0.0,utility_points,"{""disagreement_utility"":0.0}",ok,valid,[],"[""event_00000267""]",evaluation_receipt,episode_attempt_c648988b2bd90ae23e64,93c71e4aac54a917f3d01ef65ff5e1b700a17be07a6fcfcbf9de5e092dedb8ab,true
result_f996009e13b4ae8a96659422,runplan_37e4b51f14a1cb6a,cell_57f5fdcc052fe29a0739,housing_v1__experiment__000003,housing_v1,housing_controlled_model_landlords_experiment,episode_attempt_c648988b2bd90ae23e64,93c71e4aac54a917f3d01ef65ff5e1b700a17be07a6fcfcbf9de5e092dedb8ab,included,housing_social_welfare_leaf,1.0.0,social_welfare,1.0.0,capture,landlord_2,landlord_2,0.0,utility_points,"{""disagreement_utility"":0.0}",ok,valid,[],"[""event_00000267""]",evaluation_receipt,episode_attempt_c648988b2bd90ae23e64,93c71e4aac54a917f3d01ef65ff5e1b700a17be07a6fcfcbf9de5e092dedb8ab,true
result_d117c67fefeb94a8b9bc8cfa,runplan_37e4b51f14a1cb6a,cell_57f5fdcc052fe29a0739,housing_v1__experiment__000003,housing_v1,housing_controlled_model_landlords_experiment,episode_attempt_c648988b2bd90ae23e64,93c71e4aac54a917f3d01ef65ff5e1b700a17be07a6fcfcbf9de5e092dedb8ab,included,housing_social_welfare_leaf,1.0.0,social_welfare,1.0.0,capture,landlord_3,landlord_3,54.11,utility_points,"{""disagreement_utility"":0.0}",ok,valid,[],"[""event_00000267""]",evaluation_receipt,episode_attempt_c648988b2bd90ae23e64,93c71e4aac54a917f3d01ef65ff5e1b700a17be07a6fcfcbf9de5e092dedb8ab,true
result_51cb76c7c183228c2d797170,runplan_37e4b51f14a1cb6a,cell_57f5fdcc052fe29a0739,housing_v1__experiment__000003,housing_v1,housing_controlled_model_landlords_experiment,episode_attempt_c648988b2bd90ae23e64,93c71e4aac54a917f3d01ef65ff5e1b700a17be07a6fcfcbf9de5e092dedb8ab,included,housing_social_welfare_leaf,1.0.0,social_welfare,1.0.0,capture,landlord_4,landlord_4,58.85,utility_points,"{""disagreement_utility"":0.0}",ok,valid,[],"[""event_00000267""]",evaluation_receipt,episode_attempt_c648988b2bd90ae23e64,93c71e4aac54a917f3d01ef65ff5e1b700a17be07a6fcfcbf9de5e092dedb8ab,true
result_349db8abafb3885ef4ea541e,runplan_37e4b51f14a1cb6a,cell_57f5fdcc052fe29a0739,housing_v1__experiment__000003,housing_v1,housing_controlled_model_landlords_experiment,episode_attempt_c648988b2bd90ae23e64,93c71e4aac54a917f3d01ef65ff5e1b700a17be07a6fcfcbf9de5e092dedb8ab,included,housing_social_welfare_leaf,1.0.0,social_welfare,1.0.0,capture,tenant_0,tenant_0,636.86,utility_points,"{""disagreement_utility"":0.0}",ok,valid,[],"[""event_00000267""]",evaluation_receipt,episode_attempt_c648988b2bd90ae23e64,93c71e4aac54a917f3d01ef65ff5e1b700a17be07a6fcfcbf9de5e092dedb8ab,true
result_84666d25a87820d948fdc017,runplan_37e4b51f14a1cb6a,cell_57f5fdcc052fe29a0739,housing_v1__experiment__000003,housing_v1,housing_controlled_model_landlords_experiment,episode_attempt_c648988b2bd90ae23e64,93c71e4aac54a917f3d01ef65ff5e1b700a17be07a6fcfcbf9de5e092dedb8ab,included,housing_social_welfare_leaf,1.0.0,social_welfare,1.0.0,capture,tenant_1,tenant_1,612.69,utility_points,"{""disagreement_utility"":0.0}",ok,valid,[],"[""event_00000267""]",evaluation_receipt,episode_attempt_c648988b2bd90ae23e64,93c71e4aac54a917f3d01ef65ff5e1b700a17be07a6fcfcbf9de5e092dedb8ab,true
result_ac666dec829baa02d72edca8,runplan_37e4b51f14a1cb6a,cell_57f5fdcc052fe29a0739,housing_v1__experiment__000003,housing_v1,housing_controlled_model_landlords_experiment,episode_attempt_c648988b2bd90ae23e64,93c71e4aac54a917f3d01ef65ff5e1b700a17be07a6fcfcbf9de5e092dedb8ab,included,housing_social_welfare_leaf,1.0.0,social_welfare,1.0.0,capture,tenant_2,tenant_2,0.0,utility_points,"{""disagreement_utility"":0.0}",ok,valid,[],"[""event_00000267""]",evaluation_receipt,episode_attempt_c648988b2bd90ae23e64,93c71e4aac54a917f3d01ef65ff5e1b700a17be07a6fcfcbf9de5e092dedb8ab,true
result_efee4a4c0f44fc118df4c707,runplan_37e4b51f14a1cb6a,cell_57f5fdcc052fe29a0739,housing_v1__experiment__000003,housing_v1,housing_controlled_model_landlords_experiment,episode_attempt_c648988b2bd90ae23e64,93c71e4aac54a917f3d01ef65ff5e1b700a17be07a6fcfcbf9de5e092dedb8ab,included,housing_social_welfare_leaf,1.0.0,social_welfare,1.0.0,capture,tenant_3,tenant_3,0.0,utility_points,"{""disagreement_utility"":0.0}",ok,valid,[],"[""event_00000267""]",evaluation_receipt,episode_attempt_c648988b2bd90ae23e64,93c71e4aac54a917f3d01ef65ff5e1b700a17be07a6fcfcbf9de5e092dedb8ab,true
result_6018feab868acae627a09646,runplan_37e4b51f14a1cb6a,cell_57f5fdcc052fe29a0739,housing_v1__experiment__000003,housing_v1,housing_controlled_model_landlords_experiment,episode_attempt_c648988b2bd90ae23e64,93c71e4aac54a917f3d01ef65ff5e1b700a17be07a6fcfcbf9de5e092dedb8ab,included,housing_social_welfare_leaf,1.0.0,social_welfare,1.0.0,capture,tenant_4,tenant_4,0.0,utility_points,"{""disagreement_utility"":0.0}",ok,valid,[],"[""event_00000267""]",evaluation_receipt,episode_attempt_c648988b2bd90ae23e64,93c71e4aac54a917f3d01ef65ff5e1b700a17be07a6fcfcbf9de5e092dedb8ab,true
result_41b76f51d6b9fbfad8b32b97,runplan_37e4b51f14a1cb6a,cell_57f5fdcc052fe29a0739,housing_v1__experiment__000003,housing_v1,housing_controlled_model_landlords_experiment,episode_attempt_c648988b2bd90ae23e64,93c71e4aac54a917f3d01ef65ff5e1b700a17be07a6fcfcbf9de5e092dedb8ab,included,housing_social_welfare_leaf,1.0.0,social_welfare,1.0.0,capture,tenant_5,tenant_5,0.0,utility_points,"{""disagreement_utility"":0.0}",ok,valid,[],"[""event_00000267""]",evaluation_receipt,episode_attempt_c648988b2bd90ae23e64,93c71e4aac54a917f3d01ef65ff5e1b700a17be07a6fcfcbf9de5e092dedb8ab,true
result_4b28d5d881e870ee9c4d8899,runplan_37e4b51f14a1cb6a,cell_58782af92422522ad89a,housing_v1__experiment__000004,housing_v1,housing_controlled_model_landlords_experiment,episode_attempt_0e1ac2ed6be98ac5f3e3,df1b0c4a7f9deed02a3d2ab4c661dc1b52bab20ac2e16233253d8290ffe32240,included,housing_social_welfare_leaf,1.0.0,social_welfare,1.0.0,primary,social_welfare,,1387.5,utility_points,{},ok,valid,[],"[""event_00000243""]",evaluation_receipt,episode_attempt_0e1ac2ed6be98ac5f3e3,df1b0c4a7f9deed02a3d2ab4c661dc1b52bab20ac2e16233253d8290ffe32240,true
result_a4cca41ae969e1dd03fcb447,runplan_37e4b51f14a1cb6a,cell_58782af92422522ad89a,housing_v1__experiment__000004,housing_v1,housing_controlled_model_landlords_experiment,episode_attempt_0e1ac2ed6be98ac5f3e3,df1b0c4a7f9deed02a3d2ab4c661dc1b52bab20ac2e16233253d8290ffe32240,included,housing_social_welfare_leaf,1.0.0,social_welfare,1.0.0,metric,comparison_baseline_gap,,97.09999999999991,utility_points,{},ok,valid,[],"[""event_00000243""]",evaluation_receipt,episode_attempt_0e1ac2ed6be98ac5f3e3,df1b0c4a7f9deed02a3d2ab4c661dc1b52bab20ac2e16233253d8290ffe32240,true
result_cf5ce49ee49b1032bd5b0ba3,runplan_37e4b51f14a1cb6a,cell_58782af92422522ad89a,housing_v1__experiment__000004,housing_v1,housing_controlled_model_landlords_experiment,episode_attempt_0e1ac2ed6be98ac5f3e3,df1b0c4a7f9deed02a3d2ab4c661dc1b52bab20ac2e16233253d8290ffe32240,included,housing_social_welfare_leaf,1.0.0,social_welfare,1.0.0,metric,ir_violation_count,,0.0,count,{},ok,valid,[],"[""event_00000243""]",evaluation_receipt,episode_attempt_0e1ac2ed6be98ac5f3e3,df1b0c4a7f9deed02a3d2ab4c661dc1b52bab20ac2e16233253d8290ffe32240,true
result_26c63b171b5cadbe9f371def,runplan_37e4b51f14a1cb6a,cell_58782af92422522ad89a,housing_v1__experiment__000004,housing_v1,housing_controlled_model_landlords_experiment,episode_attempt_0e1ac2ed6be98ac5f3e3,df1b0c4a7f9deed02a3d2ab4c661dc1b52bab20ac2e16233253d8290ffe32240,included,housing_social_welfare_leaf,1.0.0,social_welfare,1.0.0,metric,social_welfare,,1387.5,utility_points,{},ok,valid,[],"[""event_00000243""]",evaluation_receipt,episode_attempt_0e1ac2ed6be98ac5f3e3,df1b0c4a7f9deed02a3d2ab4c661dc1b52bab20ac2e16233253d8290ffe32240,true
result_923770209935f44ea0811ace,runplan_37e4b51f14a1cb6a,cell_58782af92422522ad89a,housing_v1__experiment__000004,housing_v1,housing_controlled_model_landlords_experiment,episode_attempt_0e1ac2ed6be98ac5f3e3,df1b0c4a7f9deed02a3d2ab4c661dc1b52bab20ac2e16233253d8290ffe32240,included,housing_social_welfare_leaf,1.0.0,social_welfare,1.0.0,metric,upper_bound_gap,,72.72000000000003,utility_points,{},ok,valid,[],"[""event_00000243""]",evaluation_receipt,episode_attempt_0e1ac2ed6be98ac5f3e3,df1b0c4a7f9deed02a3d2ab4c661dc1b52bab20ac2e16233253d8290ffe32240,true
result_5e550a06cbac3a6190e60f1f,runplan_37e4b51f14a1cb6a,cell_58782af92422522ad89a,housing_v1__experiment__000004,housing_v1,housing_controlled_model_landlords_experiment,episode_attempt_0e1ac2ed6be98ac5f3e3,df1b0c4a7f9deed02a3d2ab4c661dc1b52bab20ac2e16233253d8290ffe32240,included,housing_social_welfare_leaf,1.0.0,social_welfare,1.0.0,metric,wasted_contacts,,6.0,count,{},ok,valid,[],"[""event_00000243""]",evaluation_receipt,episode_attempt_0e1ac2ed6be98ac5f3e3,df1b0c4a7f9deed02a3d2ab4c661dc1b52bab20ac2e16233253d8290ffe32240,true
result_d9fc23ba5f4c8e99c55f471d,runplan_37e4b51f14a1cb6a,cell_58782af92422522ad89a,housing_v1__experiment__000004,housing_v1,housing_controlled_model_landlords_experiment,episode_attempt_0e1ac2ed6be98ac5f3e3,df1b0c4a7f9deed02a3d2ab4c661dc1b52bab20ac2e16233253d8290ffe32240,included,housing_social_welfare_leaf,1.0.0,social_welfare,1.0.0,metric,within_case_score,,0.9501992850392407,ratio,{},ok,valid,[],"[""event_00000243""]",evaluation_receipt,episode_attempt_0e1ac2ed6be98ac5f3e3,df1b0c4a7f9deed02a3d2ab4c661dc1b52bab20ac2e16233253d8290ffe32240,true
result_42563ad95ab26c81aab89be0,runplan_37e4b51f14a1cb6a,cell_58782af92422522ad89a,housing_v1__experiment__000004,housing_v1,housing_controlled_model_landlords_experiment,episode_attempt_0e1ac2ed6be98ac5f3e3,df1b0c4a7f9deed02a3d2ab4c661dc1b52bab20ac2e16233253d8290ffe32240,included,housing_social_welfare_leaf,1.0.0,social_welfare,1.0.0,reference,comparison_baseline,,1290.4,utility_points,"{""policy"":""naive"",""reference_kind"":""comparison_baseline""}",ok,valid,[],"[""event_00000243""]",evaluation_receipt,episode_attempt_0e1ac2ed6be98ac5f3e3,df1b0c4a7f9deed02a3d2ab4c661dc1b52bab20ac2e16233253d8290ffe32240,true
result_dfed224104744fb348dfe104,runplan_37e4b51f14a1cb6a,cell_58782af92422522ad89a,housing_v1__experiment__000004,housing_v1,housing_controlled_model_landlords_experiment,episode_attempt_0e1ac2ed6be98ac5f3e3,df1b0c4a7f9deed02a3d2ab4c661dc1b52bab20ac2e16233253d8290ffe32240,included,housing_social_welfare_leaf,1.0.0,social_welfare,1.0.0,reference,optimum_lower_bound,,0.0,utility_points,"{""policy"":""do_nothing"",""reference_kind"":""objective_lower_bound""}",ok,valid,[],"[""event_00000243""]",evaluation_receipt,episode_attempt_0e1ac2ed6be98ac5f3e3,df1b0c4a7f9deed02a3d2ab4c661dc1b52bab20ac2e16233253d8290ffe32240,true
result_a6161b6aacf7151867ff9054,runplan_37e4b51f14a1cb6a,cell_58782af92422522ad89a,housing_v1__experiment__000004,housing_v1,housing_controlled_model_landlords_experiment,episode_attempt_0e1ac2ed6be98ac5f3e3,df1b0c4a7f9deed02a3d2ab4c661dc1b52bab20ac2e16233253d8290ffe32240,included,housing_social_welfare_leaf,1.0.0,social_welfare,1.0.0,reference,optimum_upper_bound,,1460.22,utility_points,"{""reference_kind"":""objective_upper_bound"",""semantics"":""full_information_allocation_relaxation""}",ok,valid,[],"[""event_00000243""]",evaluation_receipt,episode_attempt_0e1ac2ed6be98ac5f3e3,df1b0c4a7f9deed02a3d2ab4c661dc1b52bab20ac2e16233253d8290ffe32240,true
result_e1ffc0b0e064e5065572b190,runplan_37e4b51f14a1cb6a,cell_58782af92422522ad89a,housing_v1__experiment__000004,housing_v1,housing_controlled_model_landlords_experiment,episode_attempt_0e1ac2ed6be98ac5f3e3,df1b0c4a7f9deed02a3d2ab4c661dc1b52bab20ac2e16233253d8290ffe32240,included,housing_social_welfare_leaf,1.0.0,social_welfare,1.0.0,utility,landlord_0,landlord_0,0.0,utility_points,"{""disagreement_utility"":0.0}",ok,valid,[],"[""event_00000243""]",evaluation_receipt,episode_attempt_0e1ac2ed6be98ac5f3e3,df1b0c4a7f9deed02a3d2ab4c661dc1b52bab20ac2e16233253d8290ffe32240,true
result_3639a40b28d7258392da71e7,runplan_37e4b51f14a1cb6a,cell_58782af92422522ad89a,housing_v1__experiment__000004,housing_v1,housing_controlled_model_landlords_experiment,episode_attempt_0e1ac2ed6be98ac5f3e3,df1b0c4a7f9deed02a3d2ab4c661dc1b52bab20ac2e16233253d8290ffe32240,included,housing_social_welfare_leaf,1.0.0,social_welfare,1.0.0,utility,landlord_1,landlord_1,51.25,utility_points,"{""disagreement_utility"":0.0}",ok,valid,[],"[""event_00000243""]",evaluation_receipt,episode_attempt_0e1ac2ed6be98ac5f3e3,df1b0c4a7f9deed02a3d2ab4c661dc1b52bab20ac2e16233253d8290ffe32240,true
result_315f26951d8d1caffb73283f,runplan_37e4b51f14a1cb6a,cell_58782af92422522ad89a,housing_v1__experiment__000004,housing_v1,housing_controlled_model_landlords_experiment,episode_attempt_0e1ac2ed6be98ac5f3e3,df1b0c4a7f9deed02a3d2ab4c661dc1b52bab20ac2e16233253d8290ffe32240,included,housing_social_welfare_leaf,1.0.0,social_welfare,1.0.0,utility,landlord_2,landlord_2,52.76,utility_points,"{""disagreement_utility"":0.0}",ok,valid,[],"[""event_00000243""]",evaluation_receipt,episode_attempt_0e1ac2ed6be98ac5f3e3,df1b0c4a7f9deed02a3d2ab4c661dc1b52bab20ac2e16233253d8290ffe32240,true
result_44c2dee4e84a618404177156,runplan_37e4b51f14a1cb6a,cell_58782af92422522ad89a,housing_v1__experiment__000004,housing_v1,housing_controlled_model_landlords_experiment,episode_attempt_0e1ac2ed6be98ac5f3e3,df1b0c4a7f9deed02a3d2ab4c661dc1b52bab20ac2e16233253d8290ffe32240,included,housing_social_welfare_leaf,1.0.0,social_welfare,1.0.0,utility,landlord_3,landlord_3,661.18,utility_points,"{""disagreement_utility"":0.0}",ok,valid,[],"[""event_00000243""]",evaluation_receipt,episode_attempt_0e1ac2ed6be98ac5f3e3,df1b0c4a7f9deed02a3d2ab4c661dc1b52bab20ac2e16233253d8290ffe32240,true
result_7aa987983c1ef18d31db1d20,runplan_37e4b51f14a1cb6a,cell_58782af92422522ad89a,housing_v1__experiment__000004,housing_v1,housing_controlled_model_landlords_experiment,episode_attempt_0e1ac2ed6be98ac5f3e3,df1b0c4a7f9deed02a3d2ab4c661dc1b52bab20ac2e16233253d8290ffe32240,included,housing_social_welfare_leaf,1.0.0,social_welfare,1.0.0,utility,landlord_4,landlord_4,62.65,utility_points,"{""disagreement_utility"":0.0}",ok,valid,[],"[""event_00000243""]",evaluation_receipt,episode_attempt_0e1ac2ed6be98ac5f3e3,df1b0c4a7f9deed02a3d2ab4c661dc1b52bab20ac2e16233253d8290ffe32240,true
result_b91a52a7f2f60cc8347de1fe,runplan_37e4b51f14a1cb6a,cell_58782af92422522ad89a,housing_v1__experiment__000004,housing_v1,housing_controlled_model_landlords_experiment,episode_attempt_0e1ac2ed6be98ac5f3e3,df1b0c4a7f9deed02a3d2ab4c661dc1b52bab20ac2e16233253d8290ffe32240,included,housing_social_welfare_leaf,1.0.0,social_welfare,1.0.0,utility,tenant_0,tenant_0,39.22,utility_points,"{""disagreement_utility"":0.0}",ok,valid,[],"[""event_00000243""]",evaluation_receipt,episode_attempt_0e1ac2ed6be98ac5f3e3,df1b0c4a7f9deed02a3d2ab4c661dc1b52bab20ac2e16233253d8290ffe32240,true
result_2d85ee8246db8d8da5ca509a,runplan_37e4b51f14a1cb6a,cell_58782af92422522ad89a,housing_v1__experiment__000004,housing_v1,housing_controlled_model_landlords_experiment,episode_attempt_0e1ac2ed6be98ac5f3e3,df1b0c4a7f9deed02a3d2ab4c661dc1b52bab20ac2e16233253d8290ffe32240,included,housing_social_welfare_leaf,1.0.0,social_welfare,1.0.0,utility,tenant_1,tenant_1,266.83,utility_points,"{""disagreement_utility"":0.0}",ok,valid,[],"[""event_00000243""]",evaluation_receipt,episode_attempt_0e1ac2ed6be98ac5f3e3,df1b0c4a7f9deed02a3d2ab4c661dc1b52bab20ac2e16233253d8290ffe32240,true
result_9dfba85e493cfdda43fb2e80,runplan_37e4b51f14a1cb6a,cell_58782af92422522ad89a,housing_v1__experiment__000004,housing_v1,housing_controlled_model_landlords_experiment,episode_attempt_0e1ac2ed6be98ac5f3e3,df1b0c4a7f9deed02a3d2ab4c661dc1b52bab20ac2e16233253d8290ffe32240,included,housing_social_welfare_leaf,1.0.0,social_welfare,1.0.0,utility,tenant_2,tenant_2,7.47,utility_points,"{""disagreement_utility"":0.0}",ok,valid,[],"[""event_00000243""]",evaluation_receipt,episode_attempt_0e1ac2ed6be98ac5f3e3,df1b0c4a7f9deed02a3d2ab4c661dc1b52bab20ac2e16233253d8290ffe32240,true
result_3805a327aa3eb21eed4403b8,runplan_37e4b51f14a1cb6a,cell_58782af92422522ad89a,housing_v1__experiment__000004,housing_v1,housing_controlled_model_landlords_experiment,episode_attempt_0e1ac2ed6be98ac5f3e3,df1b0c4a7f9deed02a3d2ab4c661dc1b52bab20ac2e16233253d8290ffe32240,included,housing_social_welfare_leaf,1.0.0,social_welfare,1.0.0,utility,tenant_3,tenant_3,0.0,utility_points,"{""disagreement_utility"":0.0}",ok,valid,[],"[""event_00000243""]",evaluation_receipt,episode_attempt_0e1ac2ed6be98ac5f3e3,df1b0c4a7f9deed02a3d2ab4c661dc1b52bab20ac2e16233253d8290ffe32240,true
result_e8ad1ca0146a54d61bbecf66,runplan_37e4b51f14a1cb6a,cell_58782af92422522ad89a,housing_v1__experiment__000004,housing_v1,housing_controlled_model_landlords_experiment,episode_attempt_0e1ac2ed6be98ac5f3e3,df1b0c4a7f9deed02a3d2ab4c661dc1b52bab20ac2e16233253d8290ffe32240,included,housing_social_welfare_leaf,1.0.0,social_welfare,1.0.0,utility,tenant_4,tenant_4,246.14,utility_points,"{""disagreement_utility"":0.0}",ok,valid,[],"[""event_00000243""]",evaluation_receipt,episode_attempt_0e1ac2ed6be98ac5f3e3,df1b0c4a7f9deed02a3d2ab4c661dc1b52bab20ac2e16233253d8290ffe32240,true
result_18b8a5f6eb1cbd636ba33c7a,runplan_37e4b51f14a1cb6a,cell_58782af92422522ad89a,housing_v1__experiment__000004,housing_v1,housing_controlled_model_landlords_experiment,episode_attempt_0e1ac2ed6be98ac5f3e3,df1b0c4a7f9deed02a3d2ab4c661dc1b52bab20ac2e16233253d8290ffe32240,included,housing_social_welfare_leaf,1.0.0,social_welfare,1.0.0,utility,tenant_5,tenant_5,0.0,utility_points,"{""disagreement_utility"":0.0}",ok,valid,[],"[""event_00000243""]",evaluation_receipt,episode_attempt_0e1ac2ed6be98ac5f3e3,df1b0c4a7f9deed02a3d2ab4c661dc1b52bab20ac2e16233253d8290ffe32240,true
result_080de8317c4b32e29110fd99,runplan_37e4b51f14a1cb6a,cell_58782af92422522ad89a,housing_v1__experiment__000004,housing_v1,housing_controlled_model_landlords_experiment,episode_attempt_0e1ac2ed6be98ac5f3e3,df1b0c4a7f9deed02a3d2ab4c661dc1b52bab20ac2e16233253d8290ffe32240,included,housing_social_welfare_leaf,1.0.0,social_welfare,1.0.0,capture,landlord_0,landlord_0,0.0,utility_points,"{""disagreement_utility"":0.0}",ok,valid,[],"[""event_00000243""]",evaluation_receipt,episode_attempt_0e1ac2ed6be98ac5f3e3,df1b0c4a7f9deed02a3d2ab4c661dc1b52bab20ac2e16233253d8290ffe32240,true
result_684b3409ac34a8f92bf05f00,runplan_37e4b51f14a1cb6a,cell_58782af92422522ad89a,housing_v1__experiment__000004,housing_v1,housing_controlled_model_landlords_experiment,episode_attempt_0e1ac2ed6be98ac5f3e3,df1b0c4a7f9deed02a3d2ab4c661dc1b52bab20ac2e16233253d8290ffe32240,included,housing_social_welfare_leaf,1.0.0,social_welfare,1.0.0,capture,landlord_1,landlord_1,51.25,utility_points,"{""disagreement_utility"":0.0}",ok,valid,[],"[""event_00000243""]",evaluation_receipt,episode_attempt_0e1ac2ed6be98ac5f3e3,df1b0c4a7f9deed02a3d2ab4c661dc1b52bab20ac2e16233253d8290ffe32240,true
result_6216d141cedf2e09726dde5d,runplan_37e4b51f14a1cb6a,cell_58782af92422522ad89a,housing_v1__experiment__000004,housing_v1,housing_controlled_model_landlords_experiment,episode_attempt_0e1ac2ed6be98ac5f3e3,df1b0c4a7f9deed02a3d2ab4c661dc1b52bab20ac2e16233253d8290ffe32240,included,housing_social_welfare_leaf,1.0.0,social_welfare,1.0.0,capture,landlord_2,landlord_2,52.76,utility_points,"{""disagreement_utility"":0.0}",ok,valid,[],"[""event_00000243""]",evaluation_receipt,episode_attempt_0e1ac2ed6be98ac5f3e3,df1b0c4a7f9deed02a3d2ab4c661dc1b52bab20ac2e16233253d8290ffe32240,true
result_722b25e5fac0908a897b12bd,runplan_37e4b51f14a1cb6a,cell_58782af92422522ad89a,housing_v1__experiment__000004,housing_v1,housing_controlled_model_landlords_experiment,episode_attempt_0e1ac2ed6be98ac5f3e3,df1b0c4a7f9deed02a3d2ab4c661dc1b52bab20ac2e16233253d8290ffe32240,included,housing_social_welfare_leaf,1.0.0,social_welfare,1.0.0,capture,landlord_3,landlord_3,661.18,utility_points,"{""disagreement_utility"":0.0}",ok,valid,[],"[""event_00000243""]",evaluation_receipt,episode_attempt_0e1ac2ed6be98ac5f3e3,df1b0c4a7f9deed02a3d2ab4c661dc1b52bab20ac2e16233253d8290ffe32240,true
result_438c3c68a000b3f181c7a0f0,runplan_37e4b51f14a1cb6a,cell_58782af92422522ad89a,housing_v1__experiment__000004,housing_v1,housing_controlled_model_landlords_experiment,episode_attempt_0e1ac2ed6be98ac5f3e3,df1b0c4a7f9deed02a3d2ab4c661dc1b52bab20ac2e16233253d8290ffe32240,included,housing_social_welfare_leaf,1.0.0,social_welfare,1.0.0,capture,landlord_4,landlord_4,62.65,utility_points,"{""disagreement_utility"":0.0}",ok,valid,[],"[""event_00000243""]",evaluation_receipt,episode_attempt_0e1ac2ed6be98ac5f3e3,df1b0c4a7f9deed02a3d2ab4c661dc1b52bab20ac2e16233253d8290ffe32240,true
result_d44b437c98803c1535beec85,runplan_37e4b51f14a1cb6a,cell_58782af92422522ad89a,housing_v1__experiment__000004,housing_v1,housing_controlled_model_landlords_experiment,episode_attempt_0e1ac2ed6be98ac5f3e3,df1b0c4a7f9deed02a3d2ab4c661dc1b52bab20ac2e16233253d8290ffe32240,included,housing_social_welfare_leaf,1.0.0,social_welfare,1.0.0,capture,tenant_0,tenant_0,39.22,utility_points,"{""disagreement_utility"":0.0}",ok,valid,[],"[""event_00000243""]",evaluation_receipt,episode_attempt_0e1ac2ed6be98ac5f3e3,df1b0c4a7f9deed02a3d2ab4c661dc1b52bab20ac2e16233253d8290ffe32240,true
result_6dc32eb27a3ddf242d3a50b5,runplan_37e4b51f14a1cb6a,cell_58782af92422522ad89a,housing_v1__experiment__000004,housing_v1,housing_controlled_model_landlords_experiment,episode_attempt_0e1ac2ed6be98ac5f3e3,df1b0c4a7f9deed02a3d2ab4c661dc1b52bab20ac2e16233253d8290ffe32240,included,housing_social_welfare_leaf,1.0.0,social_welfare,1.0.0,capture,tenant_1,tenant_1,266.83,utility_points,"{""disagreement_utility"":0.0}",ok,valid,[],"[""event_00000243""]",evaluation_receipt,episode_attempt_0e1ac2ed6be98ac5f3e3,df1b0c4a7f9deed02a3d2ab4c661dc1b52bab20ac2e16233253d8290ffe32240,true
result_67d2243613d61826878fbf73,runplan_37e4b51f14a1cb6a,cell_58782af92422522ad89a,housing_v1__experiment__000004,housing_v1,housing_controlled_model_landlords_experiment,episode_attempt_0e1ac2ed6be98ac5f3e3,df1b0c4a7f9deed02a3d2ab4c661dc1b52bab20ac2e16233253d8290ffe32240,included,housing_social_welfare_leaf,1.0.0,social_welfare,1.0.0,capture,tenant_2,tenant_2,7.47,utility_points,"{""disagreement_utility"":0.0}",ok,valid,[],"[""event_00000243""]",evaluation_receipt,episode_attempt_0e1ac2ed6be98ac5f3e3,df1b0c4a7f9deed02a3d2ab4c661dc1b52bab20ac2e16233253d8290ffe32240,true
result_0173132c990b58a4d83b1a4b,runplan_37e4b51f14a1cb6a,cell_58782af92422522ad89a,housing_v1__experiment__000004,housing_v1,housing_controlled_model_landlords_experiment,episode_attempt_0e1ac2ed6be98ac5f3e3,df1b0c4a7f9deed02a3d2ab4c661dc1b52bab20ac2e16233253d8290ffe32240,included,housing_social_welfare_leaf,1.0.0,social_welfare,1.0.0,capture,tenant_3,tenant_3,0.0,utility_points,"{""disagreement_utility"":0.0}",ok,valid,[],"[""event_00000243""]",evaluation_receipt,episode_attempt_0e1ac2ed6be98ac5f3e3,df1b0c4a7f9deed02a3d2ab4c661dc1b52bab20ac2e16233253d8290ffe32240,true
result_52dee3f2b2322203456a25f3,runplan_37e4b51f14a1cb6a,cell_58782af92422522ad89a,housing_v1__experiment__000004,housing_v1,housing_controlled_model_landlords_experiment,episode_attempt_0e1ac2ed6be98ac5f3e3,df1b0c4a7f9deed02a3d2ab4c661dc1b52bab20ac2e16233253d8290ffe32240,included,housing_social_welfare_leaf,1.0.0,social_welfare,1.0.0,capture,tenant_4,tenant_4,246.14,utility_points,"{""disagreement_utility"":0.0}",ok,valid,[],"[""event_00000243""]",evaluation_receipt,episode_attempt_0e1ac2ed6be98ac5f3e3,df1b0c4a7f9deed02a3d2ab4c661dc1b52bab20ac2e16233253d8290ffe32240,true
result_684af35c1ecb5c6317ec9b8f,runplan_37e4b51f14a1cb6a,cell_58782af92422522ad89a,housing_v1__experiment__000004,housing_v1,housing_controlled_model_landlords_experiment,episode_attempt_0e1ac2ed6be98ac5f3e3,df1b0c4a7f9deed02a3d2ab4c661dc1b52bab20ac2e16233253d8290ffe32240,included,housing_social_welfare_leaf,1.0.0,social_welfare,1.0.0,capture,tenant_5,tenant_5,0.0,utility_points,"{""disagreement_utility"":0.0}",ok,valid,[],"[""event_00000243""]",evaluation_receipt,episode_attempt_0e1ac2ed6be98ac5f3e3,df1b0c4a7f9deed02a3d2ab4c661dc1b52bab20ac2e16233253d8290ffe32240,true
result_32af0bcf9644f56e38c1b0ec,runplan_37e4b51f14a1cb6a,cell_65cffd3efb039b2de431,housing_v1__experiment__000005,housing_v1,housing_controlled_model_landlords_experiment,episode_attempt_66d404fd45dc4ea1df3f,6f69715be22af914671d262db622b8cec302847e8ee8bf8b4bcdeae32c7ba223,included,housing_social_welfare_leaf,1.0.0,social_welfare,1.0.0,primary,social_welfare,,1086.37,utility_points,{},ok,valid,[],"[""event_00000251""]",evaluation_receipt,episode_attempt_66d404fd45dc4ea1df3f,6f69715be22af914671d262db622b8cec302847e8ee8bf8b4bcdeae32c7ba223,true
result_8562e2a0437459e39353bf3d,runplan_37e4b51f14a1cb6a,cell_65cffd3efb039b2de431,housing_v1__experiment__000005,housing_v1,housing_controlled_model_landlords_experiment,episode_attempt_66d404fd45dc4ea1df3f,6f69715be22af914671d262db622b8cec302847e8ee8bf8b4bcdeae32c7ba223,included,housing_social_welfare_leaf,1.0.0,social_welfare,1.0.0,metric,comparison_baseline_gap,,-91.71000000000004,utility_points,{},ok,valid,[],"[""event_00000251""]",evaluation_receipt,episode_attempt_66d404fd45dc4ea1df3f,6f69715be22af914671d262db622b8cec302847e8ee8bf8b4bcdeae32c7ba223,true
result_1b3356ddcf9a9cd32a70882f,runplan_37e4b51f14a1cb6a,cell_65cffd3efb039b2de431,housing_v1__experiment__000005,housing_v1,housing_controlled_model_landlords_experiment,episode_attempt_66d404fd45dc4ea1df3f,6f69715be22af914671d262db622b8cec302847e8ee8bf8b4bcdeae32c7ba223,included,housing_social_welfare_leaf,1.0.0,social_welfare,1.0.0,metric,ir_violation_count,,0.0,count,{},ok,valid,[],"[""event_00000251""]",evaluation_receipt,episode_attempt_66d404fd45dc4ea1df3f,6f69715be22af914671d262db622b8cec302847e8ee8bf8b4bcdeae32c7ba223,true
result_2e68827c6afceca0ef9c3b1e,runplan_37e4b51f14a1cb6a,cell_65cffd3efb039b2de431,housing_v1__experiment__000005,housing_v1,housing_controlled_model_landlords_experiment,episode_attempt_66d404fd45dc4ea1df3f,6f69715be22af914671d262db622b8cec302847e8ee8bf8b4bcdeae32c7ba223,included,housing_social_welfare_leaf,1.0.0,social_welfare,1.0.0,metric,social_welfare,,1086.37,utility_points,{},ok,valid,[],"[""event_00000251""]",evaluation_receipt,episode_attempt_66d404fd45dc4ea1df3f,6f69715be22af914671d262db622b8cec302847e8ee8bf8b4bcdeae32c7ba223,true
result_4eafa191cb89a3ddcda60cea,runplan_37e4b51f14a1cb6a,cell_65cffd3efb039b2de431,housing_v1__experiment__000005,housing_v1,housing_controlled_model_landlords_experiment,episode_attempt_66d404fd45dc4ea1df3f,6f69715be22af914671d262db622b8cec302847e8ee8bf8b4bcdeae32c7ba223,included,housing_social_welfare_leaf,1.0.0,social_welfare,1.0.0,metric,upper_bound_gap,,139.70000000000005,utility_points,{},ok,valid,[],"[""event_00000251""]",evaluation_receipt,episode_attempt_66d404fd45dc4ea1df3f,6f69715be22af914671d262db622b8cec302847e8ee8bf8b4bcdeae32c7ba223,true
result_4978df3646eababfc560a2ff,runplan_37e4b51f14a1cb6a,cell_65cffd3efb039b2de431,housing_v1__experiment__000005,housing_v1,housing_controlled_model_landlords_experiment,episode_attempt_66d404fd45dc4ea1df3f,6f69715be22af914671d262db622b8cec302847e8ee8bf8b4bcdeae32c7ba223,included,housing_social_welfare_leaf,1.0.0,social_welfare,1.0.0,metric,wasted_contacts,,7.0,count,{},ok,valid,[],"[""event_00000251""]",evaluation_receipt,episode_attempt_66d404fd45dc4ea1df3f,6f69715be22af914671d262db622b8cec302847e8ee8bf8b4bcdeae32c7ba223,true
result_4159afc62cc80647a6983175,runplan_37e4b51f14a1cb6a,cell_65cffd3efb039b2de431,housing_v1__experiment__000005,housing_v1,housing_controlled_model_landlords_experiment,episode_attempt_66d404fd45dc4ea1df3f,6f69715be22af914671d262db622b8cec302847e8ee8bf8b4bcdeae32c7ba223,included,housing_social_welfare_leaf,1.0.0,social_welfare,1.0.0,metric,within_case_score,,0.8860587079041163,ratio,{},ok,valid,[],"[""event_00000251""]",evaluation_receipt,episode_attempt_66d404fd45dc4ea1df3f,6f69715be22af914671d262db622b8cec302847e8ee8bf8b4bcdeae32c7ba223,true
result_5c339f574ae21c89edadcff8,runplan_37e4b51f14a1cb6a,cell_65cffd3efb039b2de431,housing_v1__experiment__000005,housing_v1,housing_controlled_model_landlords_experiment,episode_attempt_66d404fd45dc4ea1df3f,6f69715be22af914671d262db622b8cec302847e8ee8bf8b4bcdeae32c7ba223,included,housing_social_welfare_leaf,1.0.0,social_welfare,1.0.0,reference,comparison_baseline,,1178.08,utility_points,"{""policy"":""naive"",""reference_kind"":""comparison_baseline""}",ok,valid,[],"[""event_00000251""]",evaluation_receipt,episode_attempt_66d404fd45dc4ea1df3f,6f69715be22af914671d262db622b8cec302847e8ee8bf8b4bcdeae32c7ba223,true
result_94a5a49f8e904debe2e3633f,runplan_37e4b51f14a1cb6a,cell_65cffd3efb039b2de431,housing_v1__experiment__000005,housing_v1,housing_controlled_model_landlords_experiment,episode_attempt_66d404fd45dc4ea1df3f,6f69715be22af914671d262db622b8cec302847e8ee8bf8b4bcdeae32c7ba223,included,housing_social_welfare_leaf,1.0.0,social_welfare,1.0.0,reference,optimum_lower_bound,,0.0,utility_points,"{""policy"":""do_nothing"",""reference_kind"":""objective_lower_bound""}",ok,valid,[],"[""event_00000251""]",evaluation_receipt,episode_attempt_66d404fd45dc4ea1df3f,6f69715be22af914671d262db622b8cec302847e8ee8bf8b4bcdeae32c7ba223,true
result_d9692e3b9b847c720302d2a8,runplan_37e4b51f14a1cb6a,cell_65cffd3efb039b2de431,housing_v1__experiment__000005,housing_v1,housing_controlled_model_landlords_experiment,episode_attempt_66d404fd45dc4ea1df3f,6f69715be22af914671d262db622b8cec302847e8ee8bf8b4bcdeae32c7ba223,included,housing_social_welfare_leaf,1.0.0,social_welfare,1.0.0,reference,optimum_upper_bound,,1226.07,utility_points,"{""reference_kind"":""objective_upper_bound"",""semantics"":""full_information_allocation_relaxation""}",ok,valid,[],"[""event_00000251""]",evaluation_receipt,episode_attempt_66d404fd45dc4ea1df3f,6f69715be22af914671d262db622b8cec302847e8ee8bf8b4bcdeae32c7ba223,true
result_1bed34d9d4df7e765788a07f,runplan_37e4b51f14a1cb6a,cell_65cffd3efb039b2de431,housing_v1__experiment__000005,housing_v1,housing_controlled_model_landlords_experiment,episode_attempt_66d404fd45dc4ea1df3f,6f69715be22af914671d262db622b8cec302847e8ee8bf8b4bcdeae32c7ba223,included,housing_social_welfare_leaf,1.0.0,social_welfare,1.0.0,utility,landlord_0,landlord_0,0.0,utility_points,"{""disagreement_utility"":0.0}",ok,valid,[],"[""event_00000251""]",evaluation_receipt,episode_attempt_66d404fd45dc4ea1df3f,6f69715be22af914671d262db622b8cec302847e8ee8bf8b4bcdeae32c7ba223,true
result_e677abfc53ed862e263f991e,runplan_37e4b51f14a1cb6a,cell_65cffd3efb039b2de431,housing_v1__experiment__000005,housing_v1,housing_controlled_model_landlords_experiment,episode_attempt_66d404fd45dc4ea1df3f,6f69715be22af914671d262db622b8cec302847e8ee8bf8b4bcdeae32c7ba223,included,housing_social_welfare_leaf,1.0.0,social_welfare,1.0.0,utility,landlord_1,landlord_1,77.99,utility_points,"{""disagreement_utility"":0.0}",ok,valid,[],"[""event_00000251""]",evaluation_receipt,episode_attempt_66d404fd45dc4ea1df3f,6f69715be22af914671d262db622b8cec302847e8ee8bf8b4bcdeae32c7ba223,true
result_bc46e326e4c17f34bb8b5cef,runplan_37e4b51f14a1cb6a,cell_65cffd3efb039b2de431,housing_v1__experiment__000005,housing_v1,housing_controlled_model_landlords_experiment,episode_attempt_66d404fd45dc4ea1df3f,6f69715be22af914671d262db622b8cec302847e8ee8bf8b4bcdeae32c7ba223,included,housing_social_welfare_leaf,1.0.0,social_welfare,1.0.0,utility,landlord_2,landlord_2,0.0,utility_points,"{""disagreement_utility"":0.0}",ok,valid,[],"[""event_00000251""]",evaluation_receipt,episode_attempt_66d404fd45dc4ea1df3f,6f69715be22af914671d262db622b8cec302847e8ee8bf8b4bcdeae32c7ba223,true
result_38cf14c100d686142157733b,runplan_37e4b51f14a1cb6a,cell_65cffd3efb039b2de431,housing_v1__experiment__000005,housing_v1,housing_controlled_model_landlords_experiment,episode_attempt_66d404fd45dc4ea1df3f,6f69715be22af914671d262db622b8cec302847e8ee8bf8b4bcdeae32c7ba223,included,housing_social_welfare_leaf,1.0.0,social_welfare,1.0.0,utility,landlord_3,landlord_3,303.77,utility_points,"{""disagreement_utility"":0.0}",ok,valid,[],"[""event_00000251""]",evaluation_receipt,episode_attempt_66d404fd45dc4ea1df3f,6f69715be22af914671d262db622b8cec302847e8ee8bf8b4bcdeae32c7ba223,true
result_34f22cc9e259001f8f603ea4,runplan_37e4b51f14a1cb6a,cell_65cffd3efb039b2de431,housing_v1__experiment__000005,housing_v1,housing_controlled_model_landlords_experiment,episode_attempt_66d404fd45dc4ea1df3f,6f69715be22af914671d262db622b8cec302847e8ee8bf8b4bcdeae32c7ba223,included,housing_social_welfare_leaf,1.0.0,social_welfare,1.0.0,utility,landlord_4,landlord_4,218.66,utility_points,"{""disagreement_utility"":0.0}",ok,valid,[],"[""event_00000251""]",evaluation_receipt,episode_attempt_66d404fd45dc4ea1df3f,6f69715be22af914671d262db622b8cec302847e8ee8bf8b4bcdeae32c7ba223,true
result_1db7cb98f53e2ff7053e634e,runplan_37e4b51f14a1cb6a,cell_65cffd3efb039b2de431,housing_v1__experiment__000005,housing_v1,housing_controlled_model_landlords_experiment,episode_attempt_66d404fd45dc4ea1df3f,6f69715be22af914671d262db622b8cec302847e8ee8bf8b4bcdeae32c7ba223,included,housing_social_welfare_leaf,1.0.0,social_welfare,1.0.0,utility,tenant_0,tenant_0,59.44,utility_points,"{""disagreement_utility"":0.0}",ok,valid,[],"[""event_00000251""]",evaluation_receipt,episode_attempt_66d404fd45dc4ea1df3f,6f69715be22af914671d262db622b8cec302847e8ee8bf8b4bcdeae32c7ba223,true
result_51c4d0229536093615540ad6,runplan_37e4b51f14a1cb6a,cell_65cffd3efb039b2de431,housing_v1__experiment__000005,housing_v1,housing_controlled_model_landlords_experiment,episode_attempt_66d404fd45dc4ea1df3f,6f69715be22af914671d262db622b8cec302847e8ee8bf8b4bcdeae32c7ba223,included,housing_social_welfare_leaf,1.0.0,social_welfare,1.0.0,utility,tenant_1,tenant_1,381.25,utility_points,"{""disagreement_utility"":0.0}",ok,valid,[],"[""event_00000251""]",evaluation_receipt,episode_attempt_66d404fd45dc4ea1df3f,6f69715be22af914671d262db622b8cec302847e8ee8bf8b4bcdeae32c7ba223,true
result_0f130ad5787f53673ead7f1a,runplan_37e4b51f14a1cb6a,cell_65cffd3efb039b2de431,housing_v1__experiment__000005,housing_v1,housing_controlled_model_landlords_experiment,episode_attempt_66d404fd45dc4ea1df3f,6f69715be22af914671d262db622b8cec302847e8ee8bf8b4bcdeae32c7ba223,included,housing_social_welfare_leaf,1.0.0,social_welfare,1.0.0,utility,tenant_2,tenant_2,0.0,utility_points,"{""disagreement_utility"":0.0}",ok,valid,[],"[""event_00000251""]",evaluation_receipt,episode_attempt_66d404fd45dc4ea1df3f,6f69715be22af914671d262db622b8cec302847e8ee8bf8b4bcdeae32c7ba223,true
result_29c26951ade8b5da92ba18a6,runplan_37e4b51f14a1cb6a,cell_65cffd3efb039b2de431,housing_v1__experiment__000005,housing_v1,housing_controlled_model_landlords_experiment,episode_attempt_66d404fd45dc4ea1df3f,6f69715be22af914671d262db622b8cec302847e8ee8bf8b4bcdeae32c7ba223,included,housing_social_welfare_leaf,1.0.0,social_welfare,1.0.0,utility,tenant_3,tenant_3,0.0,utility_points,"{""disagreement_utility"":0.0}",ok,valid,[],"[""event_00000251""]",evaluation_receipt,episode_attempt_66d404fd45dc4ea1df3f,6f69715be22af914671d262db622b8cec302847e8ee8bf8b4bcdeae32c7ba223,true
result_96007088cbe2da75d00db741,runplan_37e4b51f14a1cb6a,cell_65cffd3efb039b2de431,housing_v1__experiment__000005,housing_v1,housing_controlled_model_landlords_experiment,episode_attempt_66d404fd45dc4ea1df3f,6f69715be22af914671d262db622b8cec302847e8ee8bf8b4bcdeae32c7ba223,included,housing_social_welfare_leaf,1.0.0,social_welfare,1.0.0,utility,tenant_4,tenant_4,45.26,utility_points,"{""disagreement_utility"":0.0}",ok,valid,[],"[""event_00000251""]",evaluation_receipt,episode_attempt_66d404fd45dc4ea1df3f,6f69715be22af914671d262db622b8cec302847e8ee8bf8b4bcdeae32c7ba223,true
result_929e706e7c3ceff0bec9f199,runplan_37e4b51f14a1cb6a,cell_65cffd3efb039b2de431,housing_v1__experiment__000005,housing_v1,housing_controlled_model_landlords_experiment,episode_attempt_66d404fd45dc4ea1df3f,6f69715be22af914671d262db622b8cec302847e8ee8bf8b4bcdeae32c7ba223,included,housing_social_welfare_leaf,1.0.0,social_welfare,1.0.0,utility,tenant_5,tenant_5,0.0,utility_points,"{""disagreement_utility"":0.0}",ok,valid,[],"[""event_00000251""]",evaluation_receipt,episode_attempt_66d404fd45dc4ea1df3f,6f69715be22af914671d262db622b8cec302847e8ee8bf8b4bcdeae32c7ba223,true
result_7fb3ba942fcf6f9040d70023,runplan_37e4b51f14a1cb6a,cell_65cffd3efb039b2de431,housing_v1__experiment__000005,housing_v1,housing_controlled_model_landlords_experiment,episode_attempt_66d404fd45dc4ea1df3f,6f69715be22af914671d262db622b8cec302847e8ee8bf8b4bcdeae32c7ba223,included,housing_social_welfare_leaf,1.0.0,social_welfare,1.0.0,capture,landlord_0,landlord_0,0.0,utility_points,"{""disagreement_utility"":0.0}",ok,valid,[],"[""event_00000251""]",evaluation_receipt,episode_attempt_66d404fd45dc4ea1df3f,6f69715be22af914671d262db622b8cec302847e8ee8bf8b4bcdeae32c7ba223,true
result_3cc5fc6c16a4f5f74ee816f1,runplan_37e4b51f14a1cb6a,cell_65cffd3efb039b2de431,housing_v1__experiment__000005,housing_v1,housing_controlled_model_landlords_experiment,episode_attempt_66d404fd45dc4ea1df3f,6f69715be22af914671d262db622b8cec302847e8ee8bf8b4bcdeae32c7ba223,included,housing_social_welfare_leaf,1.0.0,social_welfare,1.0.0,capture,landlord_1,landlord_1,77.99,utility_points,"{""disagreement_utility"":0.0}",ok,valid,[],"[""event_00000251""]",evaluation_receipt,episode_attempt_66d404fd45dc4ea1df3f,6f69715be22af914671d262db622b8cec302847e8ee8bf8b4bcdeae32c7ba223,true
result_54de732bfd9b1f7603cef8aa,runplan_37e4b51f14a1cb6a,cell_65cffd3efb039b2de431,housing_v1__experiment__000005,housing_v1,housing_controlled_model_landlords_experiment,episode_attempt_66d404fd45dc4ea1df3f,6f69715be22af914671d262db622b8cec302847e8ee8bf8b4bcdeae32c7ba223,included,housing_social_welfare_leaf,1.0.0,social_welfare,1.0.0,capture,landlord_2,landlord_2,0.0,utility_points,"{""disagreement_utility"":0.0}",ok,valid,[],"[""event_00000251""]",evaluation_receipt,episode_attempt_66d404fd45dc4ea1df3f,6f69715be22af914671d262db622b8cec302847e8ee8bf8b4bcdeae32c7ba223,true
result_cbff73b9d440d03063e38be3,runplan_37e4b51f14a1cb6a,cell_65cffd3efb039b2de431,housing_v1__experiment__000005,housing_v1,housing_controlled_model_landlords_experiment,episode_attempt_66d404fd45dc4ea1df3f,6f69715be22af914671d262db622b8cec302847e8ee8bf8b4bcdeae32c7ba223,included,housing_social_welfare_leaf,1.0.0,social_welfare,1.0.0,capture,landlord_3,landlord_3,303.77,utility_points,"{""disagreement_utility"":0.0}",ok,valid,[],"[""event_00000251""]",evaluation_receipt,episode_attempt_66d404fd45dc4ea1df3f,6f69715be22af914671d262db622b8cec302847e8ee8bf8b4bcdeae32c7ba223,true
result_3f15589b7bb875db98279f8c,runplan_37e4b51f14a1cb6a,cell_65cffd3efb039b2de431,housing_v1__experiment__000005,housing_v1,housing_controlled_model_landlords_experiment,episode_attempt_66d404fd45dc4ea1df3f,6f69715be22af914671d262db622b8cec302847e8ee8bf8b4bcdeae32c7ba223,included,housing_social_welfare_leaf,1.0.0,social_welfare,1.0.0,capture,landlord_4,landlord_4,218.66,utility_points,"{""disagreement_utility"":0.0}",ok,valid,[],"[""event_00000251""]",evaluation_receipt,episode_attempt_66d404fd45dc4ea1df3f,6f69715be22af914671d262db622b8cec302847e8ee8bf8b4bcdeae32c7ba223,true
result_e100a94b92ebe6a955e42d23,runplan_37e4b51f14a1cb6a,cell_65cffd3efb039b2de431,housing_v1__experiment__000005,housing_v1,housing_controlled_model_landlords_experiment,episode_attempt_66d404fd45dc4ea1df3f,6f69715be22af914671d262db622b8cec302847e8ee8bf8b4bcdeae32c7ba223,included,housing_social_welfare_leaf,1.0.0,social_welfare,1.0.0,capture,tenant_0,tenant_0,59.44,utility_points,"{""disagreement_utility"":0.0}",ok,valid,[],"[""event_00000251""]",evaluation_receipt,episode_attempt_66d404fd45dc4ea1df3f,6f69715be22af914671d262db622b8cec302847e8ee8bf8b4bcdeae32c7ba223,true
result_b230576368f1271ba04e9f46,runplan_37e4b51f14a1cb6a,cell_65cffd3efb039b2de431,housing_v1__experiment__000005,housing_v1,housing_controlled_model_landlords_experiment,episode_attempt_66d404fd45dc4ea1df3f,6f69715be22af914671d262db622b8cec302847e8ee8bf8b4bcdeae32c7ba223,included,housing_social_welfare_leaf,1.0.0,social_welfare,1.0.0,capture,tenant_1,tenant_1,381.25,utility_points,"{""disagreement_utility"":0.0}",ok,valid,[],"[""event_00000251""]",evaluation_receipt,episode_attempt_66d404fd45dc4ea1df3f,6f69715be22af914671d262db622b8cec302847e8ee8bf8b4bcdeae32c7ba223,true
result_8057385915f86276162a94b5,runplan_37e4b51f14a1cb6a,cell_65cffd3efb039b2de431,housing_v1__experiment__000005,housing_v1,housing_controlled_model_landlords_experiment,episode_attempt_66d404fd45dc4ea1df3f,6f69715be22af914671d262db622b8cec302847e8ee8bf8b4bcdeae32c7ba223,included,housing_social_welfare_leaf,1.0.0,social_welfare,1.0.0,capture,tenant_2,tenant_2,0.0,utility_points,"{""disagreement_utility"":0.0}",ok,valid,[],"[""event_00000251""]",evaluation_receipt,episode_attempt_66d404fd45dc4ea1df3f,6f69715be22af914671d262db622b8cec302847e8ee8bf8b4bcdeae32c7ba223,true
result_d4a504c11595326c0b944e1d,runplan_37e4b51f14a1cb6a,cell_65cffd3efb039b2de431,housing_v1__experiment__000005,housing_v1,housing_controlled_model_landlords_experiment,episode_attempt_66d404fd45dc4ea1df3f,6f69715be22af914671d262db622b8cec302847e8ee8bf8b4bcdeae32c7ba223,included,housing_social_welfare_leaf,1.0.0,social_welfare,1.0.0,capture,tenant_3,tenant_3,0.0,utility_points,"{""disagreement_utility"":0.0}",ok,valid,[],"[""event_00000251""]",evaluation_receipt,episode_attempt_66d404fd45dc4ea1df3f,6f69715be22af914671d262db622b8cec302847e8ee8bf8b4bcdeae32c7ba223,true
result_1e94e99cb336da354c1157fd,runplan_37e4b51f14a1cb6a,cell_65cffd3efb039b2de431,housing_v1__experiment__000005,housing_v1,housing_controlled_model_landlords_experiment,episode_attempt_66d404fd45dc4ea1df3f,6f69715be22af914671d262db622b8cec302847e8ee8bf8b4bcdeae32c7ba223,included,housing_social_welfare_leaf,1.0.0,social_welfare,1.0.0,capture,tenant_4,tenant_4,45.26,utility_points,"{""disagreement_utility"":0.0}",ok,valid,[],"[""event_00000251""]",evaluation_receipt,episode_attempt_66d404fd45dc4ea1df3f,6f69715be22af914671d262db622b8cec302847e8ee8bf8b4bcdeae32c7ba223,true
result_41277ddcd8f66322c1a8cb3d,runplan_37e4b51f14a1cb6a,cell_65cffd3efb039b2de431,housing_v1__experiment__000005,housing_v1,housing_controlled_model_landlords_experiment,episode_attempt_66d404fd45dc4ea1df3f,6f69715be22af914671d262db622b8cec302847e8ee8bf8b4bcdeae32c7ba223,included,housing_social_welfare_leaf,1.0.0,social_welfare,1.0.0,capture,tenant_5,tenant_5,0.0,utility_points,"{""disagreement_utility"":0.0}",ok,valid,[],"[""event_00000251""]",evaluation_receipt,episode_attempt_66d404fd45dc4ea1df3f,6f69715be22af914671d262db622b8cec302847e8ee8bf8b4bcdeae32c7ba223,true
result_81508db72f6914afaebbbb7b,runplan_37e4b51f14a1cb6a,cell_679f360344bef2b1e813,housing_v1__experiment__000005,housing_v1,housing_controlled_model_landlords_experiment,episode_attempt_e72e2f57b0fce286f4a4,99c08f1a5fbb29d2b5bc125b1830f20321f78bce0de8f1420b80809f28594080,included,housing_social_welfare_leaf,1.0.0,social_welfare,1.0.0,primary,social_welfare,,1066.67,utility_points,{},ok,valid,[],"[""event_00000243""]",evaluation_receipt,episode_attempt_e72e2f57b0fce286f4a4,99c08f1a5fbb29d2b5bc125b1830f20321f78bce0de8f1420b80809f28594080,true
result_64ea1e1a888aa0e148c82215,runplan_37e4b51f14a1cb6a,cell_679f360344bef2b1e813,housing_v1__experiment__000005,housing_v1,housing_controlled_model_landlords_experiment,episode_attempt_e72e2f57b0fce286f4a4,99c08f1a5fbb29d2b5bc125b1830f20321f78bce0de8f1420b80809f28594080,included,housing_social_welfare_leaf,1.0.0,social_welfare,1.0.0,metric,comparison_baseline_gap,,-111.40999999999985,utility_points,{},ok,valid,[],"[""event_00000243""]",evaluation_receipt,episode_attempt_e72e2f57b0fce286f4a4,99c08f1a5fbb29d2b5bc125b1830f20321f78bce0de8f1420b80809f28594080,true
result_ec8954f43a138250e08e2706,runplan_37e4b51f14a1cb6a,cell_679f360344bef2b1e813,housing_v1__experiment__000005,housing_v1,housing_controlled_model_landlords_experiment,episode_attempt_e72e2f57b0fce286f4a4,99c08f1a5fbb29d2b5bc125b1830f20321f78bce0de8f1420b80809f28594080,included,housing_social_welfare_leaf,1.0.0,social_welfare,1.0.0,metric,ir_violation_count,,0.0,count,{},ok,valid,[],"[""event_00000243""]",evaluation_receipt,episode_attempt_e72e2f57b0fce286f4a4,99c08f1a5fbb29d2b5bc125b1830f20321f78bce0de8f1420b80809f28594080,true
result_a96650bd2d6c55008b0ca1d2,runplan_37e4b51f14a1cb6a,cell_679f360344bef2b1e813,housing_v1__experiment__000005,housing_v1,housing_controlled_model_landlords_experiment,episode_attempt_e72e2f57b0fce286f4a4,99c08f1a5fbb29d2b5bc125b1830f20321f78bce0de8f1420b80809f28594080,included,housing_social_welfare_leaf,1.0.0,social_welfare,1.0.0,metric,social_welfare,,1066.67,utility_points,{},ok,valid,[],"[""event_00000243""]",evaluation_receipt,episode_attempt_e72e2f57b0fce286f4a4,99c08f1a5fbb29d2b5bc125b1830f20321f78bce0de8f1420b80809f28594080,true
result_3654b8dd2f697d4dbb3ec97e,runplan_37e4b51f14a1cb6a,cell_679f360344bef2b1e813,housing_v1__experiment__000005,housing_v1,housing_controlled_model_landlords_experiment,episode_attempt_e72e2f57b0fce286f4a4,99c08f1a5fbb29d2b5bc125b1830f20321f78bce0de8f1420b80809f28594080,included,housing_social_welfare_leaf,1.0.0,social_welfare,1.0.0,metric,upper_bound_gap,,159.39999999999986,utility_points,{},ok,valid,[],"[""event_00000243""]",evaluation_receipt,episode_attempt_e72e2f57b0fce286f4a4,99c08f1a5fbb29d2b5bc125b1830f20321f78bce0de8f1420b80809f28594080,true
result_fdefc2602d9677989fe465d0,runplan_37e4b51f14a1cb6a,cell_679f360344bef2b1e813,housing_v1__experiment__000005,housing_v1,housing_controlled_model_landlords_experiment,episode_attempt_e72e2f57b0fce286f4a4,99c08f1a5fbb29d2b5bc125b1830f20321f78bce0de8f1420b80809f28594080,included,housing_social_welfare_leaf,1.0.0,social_welfare,1.0.0,metric,wasted_contacts,,7.0,count,{},ok,valid,[],"[""event_00000243""]",evaluation_receipt,episode_attempt_e72e2f57b0fce286f4a4,99c08f1a5fbb29d2b5bc125b1830f20321f78bce0de8f1420b80809f28594080,true
result_48e723c9571da16e16f240c9,runplan_37e4b51f14a1cb6a,cell_679f360344bef2b1e813,housing_v1__experiment__000005,housing_v1,housing_controlled_model_landlords_experiment,episode_attempt_e72e2f57b0fce286f4a4,99c08f1a5fbb29d2b5bc125b1830f20321f78bce0de8f1420b80809f28594080,included,housing_social_welfare_leaf,1.0.0,social_welfare,1.0.0,metric,within_case_score,,0.8699911098061286,ratio,{},ok,valid,[],"[""event_00000243""]",evaluation_receipt,episode_attempt_e72e2f57b0fce286f4a4,99c08f1a5fbb29d2b5bc125b1830f20321f78bce0de8f1420b80809f28594080,true
result_9af670ce7764e00502223370,runplan_37e4b51f14a1cb6a,cell_679f360344bef2b1e813,housing_v1__experiment__000005,housing_v1,housing_controlled_model_landlords_experiment,episode_attempt_e72e2f57b0fce286f4a4,99c08f1a5fbb29d2b5bc125b1830f20321f78bce0de8f1420b80809f28594080,included,housing_social_welfare_leaf,1.0.0,social_welfare,1.0.0,reference,comparison_baseline,,1178.08,utility_points,"{""policy"":""naive"",""reference_kind"":""comparison_baseline""}",ok,valid,[],"[""event_00000243""]",evaluation_receipt,episode_attempt_e72e2f57b0fce286f4a4,99c08f1a5fbb29d2b5bc125b1830f20321f78bce0de8f1420b80809f28594080,true
result_00fc52bebae07ef8cf4393cf,runplan_37e4b51f14a1cb6a,cell_679f360344bef2b1e813,housing_v1__experiment__000005,housing_v1,housing_controlled_model_landlords_experiment,episode_attempt_e72e2f57b0fce286f4a4,99c08f1a5fbb29d2b5bc125b1830f20321f78bce0de8f1420b80809f28594080,included,housing_social_welfare_leaf,1.0.0,social_welfare,1.0.0,reference,optimum_lower_bound,,0.0,utility_points,"{""policy"":""do_nothing"",""reference_kind"":""objective_lower_bound""}",ok,valid,[],"[""event_00000243""]",evaluation_receipt,episode_attempt_e72e2f57b0fce286f4a4,99c08f1a5fbb29d2b5bc125b1830f20321f78bce0de8f1420b80809f28594080,true
result_c21132c19c8e316f9b06aa24,runplan_37e4b51f14a1cb6a,cell_679f360344bef2b1e813,housing_v1__experiment__000005,housing_v1,housing_controlled_model_landlords_experiment,episode_attempt_e72e2f57b0fce286f4a4,99c08f1a5fbb29d2b5bc125b1830f20321f78bce0de8f1420b80809f28594080,included,housing_social_welfare_leaf,1.0.0,social_welfare,1.0.0,reference,optimum_upper_bound,,1226.07,utility_points,"{""reference_kind"":""objective_upper_bound"",""semantics"":""full_information_allocation_relaxation""}",ok,valid,[],"[""event_00000243""]",evaluation_receipt,episode_attempt_e72e2f57b0fce286f4a4,99c08f1a5fbb29d2b5bc125b1830f20321f78bce0de8f1420b80809f28594080,true
result_f5f7a58020403f030c373581,runplan_37e4b51f14a1cb6a,cell_679f360344bef2b1e813,housing_v1__experiment__000005,housing_v1,housing_controlled_model_landlords_experiment,episode_attempt_e72e2f57b0fce286f4a4,99c08f1a5fbb29d2b5bc125b1830f20321f78bce0de8f1420b80809f28594080,included,housing_social_welfare_leaf,1.0.0,social_welfare,1.0.0,utility,landlord_0,landlord_0,0.0,utility_points,"{""disagreement_utility"":0.0}",ok,valid,[],"[""event_00000243""]",evaluation_receipt,episode_attempt_e72e2f57b0fce286f4a4,99c08f1a5fbb29d2b5bc125b1830f20321f78bce0de8f1420b80809f28594080,true
result_80dbca45d74d79541e02e3d9,runplan_37e4b51f14a1cb6a,cell_679f360344bef2b1e813,housing_v1__experiment__000005,housing_v1,housing_controlled_model_landlords_experiment,episode_attempt_e72e2f57b0fce286f4a4,99c08f1a5fbb29d2b5bc125b1830f20321f78bce0de8f1420b80809f28594080,included,housing_social_welfare_leaf,1.0.0,social_welfare,1.0.0,utility,landlord_1,landlord_1,77.99,utility_points,"{""disagreement_utility"":0.0}",ok,valid,[],"[""event_00000243""]",evaluation_receipt,episode_attempt_e72e2f57b0fce286f4a4,99c08f1a5fbb29d2b5bc125b1830f20321f78bce0de8f1420b80809f28594080,true
result_1fe9c7d3966d7c0a45784e52,runplan_37e4b51f14a1cb6a,cell_679f360344bef2b1e813,housing_v1__experiment__000005,housing_v1,housing_controlled_model_landlords_experiment,episode_attempt_e72e2f57b0fce286f4a4,99c08f1a5fbb29d2b5bc125b1830f20321f78bce0de8f1420b80809f28594080,included,housing_social_welfare_leaf,1.0.0,social_welfare,1.0.0,utility,landlord_2,landlord_2,0.0,utility_points,"{""disagreement_utility"":0.0}",ok,valid,[],"[""event_00000243""]",evaluation_receipt,episode_attempt_e72e2f57b0fce286f4a4,99c08f1a5fbb29d2b5bc125b1830f20321f78bce0de8f1420b80809f28594080,true
result_26d08227733b0a2bab125c79,runplan_37e4b51f14a1cb6a,cell_679f360344bef2b1e813,housing_v1__experiment__000005,housing_v1,housing_controlled_model_landlords_experiment,episode_attempt_e72e2f57b0fce286f4a4,99c08f1a5fbb29d2b5bc125b1830f20321f78bce0de8f1420b80809f28594080,included,housing_social_welfare_leaf,1.0.0,social_welfare,1.0.0,utility,landlord_3,landlord_3,103.77,utility_points,"{""disagreement_utility"":0.0}",ok,valid,[],"[""event_00000243""]",evaluation_receipt,episode_attempt_e72e2f57b0fce286f4a4,99c08f1a5fbb29d2b5bc125b1830f20321f78bce0de8f1420b80809f28594080,true
result_d399096604c0a7f75af2e1f1,runplan_37e4b51f14a1cb6a,cell_679f360344bef2b1e813,housing_v1__experiment__000005,housing_v1,housing_controlled_model_landlords_experiment,episode_attempt_e72e2f57b0fce286f4a4,99c08f1a5fbb29d2b5bc125b1830f20321f78bce0de8f1420b80809f28594080,included,housing_social_welfare_leaf,1.0.0,social_welfare,1.0.0,utility,landlord_4,landlord_4,118.66,utility_points,"{""disagreement_utility"":0.0}",ok,valid,[],"[""event_00000243""]",evaluation_receipt,episode_attempt_e72e2f57b0fce286f4a4,99c08f1a5fbb29d2b5bc125b1830f20321f78bce0de8f1420b80809f28594080,true
result_7451a419a3cf662dc80e42a5,runplan_37e4b51f14a1cb6a,cell_679f360344bef2b1e813,housing_v1__experiment__000005,housing_v1,housing_controlled_model_landlords_experiment,episode_attempt_e72e2f57b0fce286f4a4,99c08f1a5fbb29d2b5bc125b1830f20321f78bce0de8f1420b80809f28594080,included,housing_social_welfare_leaf,1.0.0,social_welfare,1.0.0,utility,tenant_0,tenant_0,431.79,utility_points,"{""disagreement_utility"":0.0}",ok,valid,[],"[""event_00000243""]",evaluation_receipt,episode_attempt_e72e2f57b0fce286f4a4,99c08f1a5fbb29d2b5bc125b1830f20321f78bce0de8f1420b80809f28594080,true
result_591dec6eb31e78b32228bf78,runplan_37e4b51f14a1cb6a,cell_679f360344bef2b1e813,housing_v1__experiment__000005,housing_v1,housing_controlled_model_landlords_experiment,episode_attempt_e72e2f57b0fce286f4a4,99c08f1a5fbb29d2b5bc125b1830f20321f78bce0de8f1420b80809f28594080,included,housing_social_welfare_leaf,1.0.0,social_welfare,1.0.0,utility,tenant_1,tenant_1,0.0,utility_points,"{""disagreement_utility"":0.0}",ok,valid,[],"[""event_00000243""]",evaluation_receipt,episode_attempt_e72e2f57b0fce286f4a4,99c08f1a5fbb29d2b5bc125b1830f20321f78bce0de8f1420b80809f28594080,true
result_c5c9a792484962f53a7428e8,runplan_37e4b51f14a1cb6a,cell_679f360344bef2b1e813,housing_v1__experiment__000005,housing_v1,housing_controlled_model_landlords_experiment,episode_attempt_e72e2f57b0fce286f4a4,99c08f1a5fbb29d2b5bc125b1830f20321f78bce0de8f1420b80809f28594080,included,housing_social_welfare_leaf,1.0.0,social_welfare,1.0.0,utility,tenant_2,tenant_2,189.2,utility_points,"{""disagreement_utility"":0.0}",ok,valid,[],"[""event_00000243""]",evaluation_receipt,episode_attempt_e72e2f57b0fce286f4a4,99c08f1a5fbb29d2b5bc125b1830f20321f78bce0de8f1420b80809f28594080,true
result_f2efd3b29142c1c206523183,runplan_37e4b51f14a1cb6a,cell_679f360344bef2b1e813,housing_v1__experiment__000005,housing_v1,housing_controlled_model_landlords_experiment,episode_attempt_e72e2f57b0fce286f4a4,99c08f1a5fbb29d2b5bc125b1830f20321f78bce0de8f1420b80809f28594080,included,housing_social_welfare_leaf,1.0.0,social_welfare,1.0.0,utility,tenant_3,tenant_3,0.0,utility_points,"{""disagreement_utility"":0.0}",ok,valid,[],"[""event_00000243""]",evaluation_receipt,episode_attempt_e72e2f57b0fce286f4a4,99c08f1a5fbb29d2b5bc125b1830f20321f78bce0de8f1420b80809f28594080,true
result_accbeaa71cbd939224b06899,runplan_37e4b51f14a1cb6a,cell_679f360344bef2b1e813,housing_v1__experiment__000005,housing_v1,housing_controlled_model_landlords_experiment,episode_attempt_e72e2f57b0fce286f4a4,99c08f1a5fbb29d2b5bc125b1830f20321f78bce0de8f1420b80809f28594080,included,housing_social_welfare_leaf,1.0.0,social_welfare,1.0.0,utility,tenant_4,tenant_4,145.26,utility_points,"{""disagreement_utility"":0.0}",ok,valid,[],"[""event_00000243""]",evaluation_receipt,episode_attempt_e72e2f57b0fce286f4a4,99c08f1a5fbb29d2b5bc125b1830f20321f78bce0de8f1420b80809f28594080,true
result_1ca0e399beac1afcf45cd10e,runplan_37e4b51f14a1cb6a,cell_679f360344bef2b1e813,housing_v1__experiment__000005,housing_v1,housing_controlled_model_landlords_experiment,episode_attempt_e72e2f57b0fce286f4a4,99c08f1a5fbb29d2b5bc125b1830f20321f78bce0de8f1420b80809f28594080,included,housing_social_welfare_leaf,1.0.0,social_welfare,1.0.0,utility,tenant_5,tenant_5,0.0,utility_points,"{""disagreement_utility"":0.0}",ok,valid,[],"[""event_00000243""]",evaluation_receipt,episode_attempt_e72e2f57b0fce286f4a4,99c08f1a5fbb29d2b5bc125b1830f20321f78bce0de8f1420b80809f28594080,true
result_5ba686f7fa94cf43cd26260e,runplan_37e4b51f14a1cb6a,cell_679f360344bef2b1e813,housing_v1__experiment__000005,housing_v1,housing_controlled_model_landlords_experiment,episode_attempt_e72e2f57b0fce286f4a4,99c08f1a5fbb29d2b5bc125b1830f20321f78bce0de8f1420b80809f28594080,included,housing_social_welfare_leaf,1.0.0,social_welfare,1.0.0,capture,landlord_0,landlord_0,0.0,utility_points,"{""disagreement_utility"":0.0}",ok,valid,[],"[""event_00000243""]",evaluation_receipt,episode_attempt_e72e2f57b0fce286f4a4,99c08f1a5fbb29d2b5bc125b1830f20321f78bce0de8f1420b80809f28594080,true
result_13e9fc2bd30af8c4881c20e2,runplan_37e4b51f14a1cb6a,cell_679f360344bef2b1e813,housing_v1__experiment__000005,housing_v1,housing_controlled_model_landlords_experiment,episode_attempt_e72e2f57b0fce286f4a4,99c08f1a5fbb29d2b5bc125b1830f20321f78bce0de8f1420b80809f28594080,included,housing_social_welfare_leaf,1.0.0,social_welfare,1.0.0,capture,landlord_1,landlord_1,77.99,utility_points,"{""disagreement_utility"":0.0}",ok,valid,[],"[""event_00000243""]",evaluation_receipt,episode_attempt_e72e2f57b0fce286f4a4,99c08f1a5fbb29d2b5bc125b1830f20321f78bce0de8f1420b80809f28594080,true
result_ab2f8136e30533036f34a93a,runplan_37e4b51f14a1cb6a,cell_679f360344bef2b1e813,housing_v1__experiment__000005,housing_v1,housing_controlled_model_landlords_experiment,episode_attempt_e72e2f57b0fce286f4a4,99c08f1a5fbb29d2b5bc125b1830f20321f78bce0de8f1420b80809f28594080,included,housing_social_welfare_leaf,1.0.0,social_welfare,1.0.0,capture,landlord_2,landlord_2,0.0,utility_points,"{""disagreement_utility"":0.0}",ok,valid,[],"[""event_00000243""]",evaluation_receipt,episode_attempt_e72e2f57b0fce286f4a4,99c08f1a5fbb29d2b5bc125b1830f20321f78bce0de8f1420b80809f28594080,true
result_fbc8437763bb150501ca4aef,runplan_37e4b51f14a1cb6a,cell_679f360344bef2b1e813,housing_v1__experiment__000005,housing_v1,housing_controlled_model_landlords_experiment,episode_attempt_e72e2f57b0fce286f4a4,99c08f1a5fbb29d2b5bc125b1830f20321f78bce0de8f1420b80809f28594080,included,housing_social_welfare_leaf,1.0.0,social_welfare,1.0.0,capture,landlord_3,landlord_3,103.77,utility_points,"{""disagreement_utility"":0.0}",ok,valid,[],"[""event_00000243""]",evaluation_receipt,episode_attempt_e72e2f57b0fce286f4a4,99c08f1a5fbb29d2b5bc125b1830f20321f78bce0de8f1420b80809f28594080,true
result_8db8f59861f8dc7be8e692ce,runplan_37e4b51f14a1cb6a,cell_679f360344bef2b1e813,housing_v1__experiment__000005,housing_v1,housing_controlled_model_landlords_experiment,episode_attempt_e72e2f57b0fce286f4a4,99c08f1a5fbb29d2b5bc125b1830f20321f78bce0de8f1420b80809f28594080,included,housing_social_welfare_leaf,1.0.0,social_welfare,1.0.0,capture,landlord_4,landlord_4,118.66,utility_points,"{""disagreement_utility"":0.0}",ok,valid,[],"[""event_00000243""]",evaluation_receipt,episode_attempt_e72e2f57b0fce286f4a4,99c08f1a5fbb29d2b5bc125b1830f20321f78bce0de8f1420b80809f28594080,true
result_d9d84ba8c546375d93064602,runplan_37e4b51f14a1cb6a,cell_679f360344bef2b1e813,housing_v1__experiment__000005,housing_v1,housing_controlled_model_landlords_experiment,episode_attempt_e72e2f57b0fce286f4a4,99c08f1a5fbb29d2b5bc125b1830f20321f78bce0de8f1420b80809f28594080,included,housing_social_welfare_leaf,1.0.0,social_welfare,1.0.0,capture,tenant_0,tenant_0,431.79,utility_points,"{""disagreement_utility"":0.0}",ok,valid,[],"[""event_00000243""]",evaluation_receipt,episode_attempt_e72e2f57b0fce286f4a4,99c08f1a5fbb29d2b5bc125b1830f20321f78bce0de8f1420b80809f28594080,true
result_acff4e1100f3c8b741d77c21,runplan_37e4b51f14a1cb6a,cell_679f360344bef2b1e813,housing_v1__experiment__000005,housing_v1,housing_controlled_model_landlords_experiment,episode_attempt_e72e2f57b0fce286f4a4,99c08f1a5fbb29d2b5bc125b1830f20321f78bce0de8f1420b80809f28594080,included,housing_social_welfare_leaf,1.0.0,social_welfare,1.0.0,capture,tenant_1,tenant_1,0.0,utility_points,"{""disagreement_utility"":0.0}",ok,valid,[],"[""event_00000243""]",evaluation_receipt,episode_attempt_e72e2f57b0fce286f4a4,99c08f1a5fbb29d2b5bc125b1830f20321f78bce0de8f1420b80809f28594080,true
result_230b680259acd86db294dfef,runplan_37e4b51f14a1cb6a,cell_679f360344bef2b1e813,housing_v1__experiment__000005,housing_v1,housing_controlled_model_landlords_experiment,episode_attempt_e72e2f57b0fce286f4a4,99c08f1a5fbb29d2b5bc125b1830f20321f78bce0de8f1420b80809f28594080,included,housing_social_welfare_leaf,1.0.0,social_welfare,1.0.0,capture,tenant_2,tenant_2,189.2,utility_points,"{""disagreement_utility"":0.0}",ok,valid,[],"[""event_00000243""]",evaluation_receipt,episode_attempt_e72e2f57b0fce286f4a4,99c08f1a5fbb29d2b5bc125b1830f20321f78bce0de8f1420b80809f28594080,true
result_163cea522b4139fbf9eca010,runplan_37e4b51f14a1cb6a,cell_679f360344bef2b1e813,housing_v1__experiment__000005,housing_v1,housing_controlled_model_landlords_experiment,episode_attempt_e72e2f57b0fce286f4a4,99c08f1a5fbb29d2b5bc125b1830f20321f78bce0de8f1420b80809f28594080,included,housing_social_welfare_leaf,1.0.0,social_welfare,1.0.0,capture,tenant_3,tenant_3,0.0,utility_points,"{""disagreement_utility"":0.0}",ok,valid,[],"[""event_00000243""]",evaluation_receipt,episode_attempt_e72e2f57b0fce286f4a4,99c08f1a5fbb29d2b5bc125b1830f20321f78bce0de8f1420b80809f28594080,true
result_af66214669967a0f09f81b0a,runplan_37e4b51f14a1cb6a,cell_679f360344bef2b1e813,housing_v1__experiment__000005,housing_v1,housing_controlled_model_landlords_experiment,episode_attempt_e72e2f57b0fce286f4a4,99c08f1a5fbb29d2b5bc125b1830f20321f78bce0de8f1420b80809f28594080,included,housing_social_welfare_leaf,1.0.0,social_welfare,1.0.0,capture,tenant_4,tenant_4,145.26,utility_points,"{""disagreement_utility"":0.0}",ok,valid,[],"[""event_00000243""]",evaluation_receipt,episode_attempt_e72e2f57b0fce286f4a4,99c08f1a5fbb29d2b5bc125b1830f20321f78bce0de8f1420b80809f28594080,true
result_242224d7b58284524438aadf,runplan_37e4b51f14a1cb6a,cell_679f360344bef2b1e813,housing_v1__experiment__000005,housing_v1,housing_controlled_model_landlords_experiment,episode_attempt_e72e2f57b0fce286f4a4,99c08f1a5fbb29d2b5bc125b1830f20321f78bce0de8f1420b80809f28594080,included,housing_social_welfare_leaf,1.0.0,social_welfare,1.0.0,capture,tenant_5,tenant_5,0.0,utility_points,"{""disagreement_utility"":0.0}",ok,valid,[],"[""event_00000243""]",evaluation_receipt,episode_attempt_e72e2f57b0fce286f4a4,99c08f1a5fbb29d2b5bc125b1830f20321f78bce0de8f1420b80809f28594080,true
result_1ce9e99c525384f60e40a080,runplan_37e4b51f14a1cb6a,cell_72d1cc36b15ce0cc7764,housing_v1__experiment__000006,housing_v1,housing_controlled_model_landlords_experiment,episode_attempt_f473c0d326fb9a0b3a26,6c25d824554db300e2c0be8faee52adff41fd593aa846ce33b2785956f9e59cd,included,housing_social_welfare_leaf,1.0.0,social_welfare,1.0.0,primary,social_welfare,,1500.12,utility_points,{},ok,valid,[],"[""event_00000243""]",evaluation_receipt,episode_attempt_f473c0d326fb9a0b3a26,6c25d824554db300e2c0be8faee52adff41fd593aa846ce33b2785956f9e59cd,true
result_940288bc33baf4a447f393c0,runplan_37e4b51f14a1cb6a,cell_72d1cc36b15ce0cc7764,housing_v1__experiment__000006,housing_v1,housing_controlled_model_landlords_experiment,episode_attempt_f473c0d326fb9a0b3a26,6c25d824554db300e2c0be8faee52adff41fd593aa846ce33b2785956f9e59cd,included,housing_social_welfare_leaf,1.0.0,social_welfare,1.0.0,metric,comparison_baseline_gap,,-66.44000000000005,utility_points,{},ok,valid,[],"[""event_00000243""]",evaluation_receipt,episode_attempt_f473c0d326fb9a0b3a26,6c25d824554db300e2c0be8faee52adff41fd593aa846ce33b2785956f9e59cd,true
result_c521a8033badacf291389586,runplan_37e4b51f14a1cb6a,cell_72d1cc36b15ce0cc7764,housing_v1__experiment__000006,housing_v1,housing_controlled_model_landlords_experiment,episode_attempt_f473c0d326fb9a0b3a26,6c25d824554db300e2c0be8faee52adff41fd593aa846ce33b2785956f9e59cd,included,housing_social_welfare_leaf,1.0.0,social_welfare,1.0.0,metric,ir_violation_count,,0.0,count,{},ok,valid,[],"[""event_00000243""]",evaluation_receipt,episode_attempt_f473c0d326fb9a0b3a26,6c25d824554db300e2c0be8faee52adff41fd593aa846ce33b2785956f9e59cd,true
result_0e451c2a8f6a363a038fee89,runplan_37e4b51f14a1cb6a,cell_72d1cc36b15ce0cc7764,housing_v1__experiment__000006,housing_v1,housing_controlled_model_landlords_experiment,episode_attempt_f473c0d326fb9a0b3a26,6c25d824554db300e2c0be8faee52adff41fd593aa846ce33b2785956f9e59cd,included,housing_social_welfare_leaf,1.0.0,social_welfare,1.0.0,metric,social_welfare,,1500.12,utility_points,{},ok,valid,[],"[""event_00000243""]",evaluation_receipt,episode_attempt_f473c0d326fb9a0b3a26,6c25d824554db300e2c0be8faee52adff41fd593aa846ce33b2785956f9e59cd,true
result_d8a8ff4d9a47b7c65c0fef57,runplan_37e4b51f14a1cb6a,cell_72d1cc36b15ce0cc7764,housing_v1__experiment__000006,housing_v1,housing_controlled_model_landlords_experiment,episode_attempt_f473c0d326fb9a0b3a26,6c25d824554db300e2c0be8faee52adff41fd593aa846ce33b2785956f9e59cd,included,housing_social_welfare_leaf,1.0.0,social_welfare,1.0.0,metric,upper_bound_gap,,138.24,utility_points,{},ok,valid,[],"[""event_00000243""]",evaluation_receipt,episode_attempt_f473c0d326fb9a0b3a26,6c25d824554db300e2c0be8faee52adff41fd593aa846ce33b2785956f9e59cd,true
result_0c1336237979ed4e2aac2bbb,runplan_37e4b51f14a1cb6a,cell_72d1cc36b15ce0cc7764,housing_v1__experiment__000006,housing_v1,housing_controlled_model_landlords_experiment,episode_attempt_f473c0d326fb9a0b3a26,6c25d824554db300e2c0be8faee52adff41fd593aa846ce33b2785956f9e59cd,included,housing_social_welfare_leaf,1.0.0,social_welfare,1.0.0,metric,wasted_contacts,,7.0,count,{},ok,valid,[],"[""event_00000243""]",evaluation_receipt,episode_attempt_f473c0d326fb9a0b3a26,6c25d824554db300e2c0be8faee52adff41fd593aa846ce33b2785956f9e59cd,true
result_f0259f67b9d24e0941127061,runplan_37e4b51f14a1cb6a,cell_72d1cc36b15ce0cc7764,housing_v1__experiment__000006,housing_v1,housing_controlled_model_landlords_experiment,episode_attempt_f473c0d326fb9a0b3a26,6c25d824554db300e2c0be8faee52adff41fd593aa846ce33b2785956f9e59cd,included,housing_social_welfare_leaf,1.0.0,social_welfare,1.0.0,metric,within_case_score,,0.9156229400131839,ratio,{},ok,valid,[],"[""event_00000243""]",evaluation_receipt,episode_attempt_f473c0d326fb9a0b3a26,6c25d824554db300e2c0be8faee52adff41fd593aa846ce33b2785956f9e59cd,true
result_4f5cc37bace08d852d9e874e,runplan_37e4b51f14a1cb6a,cell_72d1cc36b15ce0cc7764,housing_v1__experiment__000006,housing_v1,housing_controlled_model_landlords_experiment,episode_attempt_f473c0d326fb9a0b3a26,6c25d824554db300e2c0be8faee52adff41fd593aa846ce33b2785956f9e59cd,included,housing_social_welfare_leaf,1.0.0,social_welfare,1.0.0,reference,comparison_baseline,,1566.56,utility_points,"{""policy"":""naive"",""reference_kind"":""comparison_baseline""}",ok,valid,[],"[""event_00000243""]",evaluation_receipt,episode_attempt_f473c0d326fb9a0b3a26,6c25d824554db300e2c0be8faee52adff41fd593aa846ce33b2785956f9e59cd,true
result_abb7ce7114892a80b7317fad,runplan_37e4b51f14a1cb6a,cell_72d1cc36b15ce0cc7764,housing_v1__experiment__000006,housing_v1,housing_controlled_model_landlords_experiment,episode_attempt_f473c0d326fb9a0b3a26,6c25d824554db300e2c0be8faee52adff41fd593aa846ce33b2785956f9e59cd,included,housing_social_welfare_leaf,1.0.0,social_welfare,1.0.0,reference,optimum_lower_bound,,0.0,utility_points,"{""policy"":""do_nothing"",""reference_kind"":""objective_lower_bound""}",ok,valid,[],"[""event_00000243""]",evaluation_receipt,episode_attempt_f473c0d326fb9a0b3a26,6c25d824554db300e2c0be8faee52adff41fd593aa846ce33b2785956f9e59cd,true
result_31ca204c7806b3b9b80e4829,runplan_37e4b51f14a1cb6a,cell_72d1cc36b15ce0cc7764,housing_v1__experiment__000006,housing_v1,housing_controlled_model_landlords_experiment,episode_attempt_f473c0d326fb9a0b3a26,6c25d824554db300e2c0be8faee52adff41fd593aa846ce33b2785956f9e59cd,included,housing_social_welfare_leaf,1.0.0,social_welfare,1.0.0,reference,optimum_upper_bound,,1638.36,utility_points,"{""reference_kind"":""objective_upper_bound"",""semantics"":""full_information_allocation_relaxation""}",ok,valid,[],"[""event_00000243""]",evaluation_receipt,episode_attempt_f473c0d326fb9a0b3a26,6c25d824554db300e2c0be8faee52adff41fd593aa846ce33b2785956f9e59cd,true
result_aae2e33001acdf67e091c16c,runplan_37e4b51f14a1cb6a,cell_72d1cc36b15ce0cc7764,housing_v1__experiment__000006,housing_v1,housing_controlled_model_landlords_experiment,episode_attempt_f473c0d326fb9a0b3a26,6c25d824554db300e2c0be8faee52adff41fd593aa846ce33b2785956f9e59cd,included,housing_social_welfare_leaf,1.0.0,social_welfare,1.0.0,utility,landlord_0,landlord_0,0.0,utility_points,"{""disagreement_utility"":0.0}",ok,valid,[],"[""event_00000243""]",evaluation_receipt,episode_attempt_f473c0d326fb9a0b3a26,6c25d824554db300e2c0be8faee52adff41fd593aa846ce33b2785956f9e59cd,true
result_b14d40e24e0cd77fb5573d12,runplan_37e4b51f14a1cb6a,cell_72d1cc36b15ce0cc7764,housing_v1__experiment__000006,housing_v1,housing_controlled_model_landlords_experiment,episode_attempt_f473c0d326fb9a0b3a26,6c25d824554db300e2c0be8faee52adff41fd593aa846ce33b2785956f9e59cd,included,housing_social_welfare_leaf,1.0.0,social_welfare,1.0.0,utility,landlord_1,landlord_1,100.73,utility_points,"{""disagreement_utility"":0.0}",ok,valid,[],"[""event_00000243""]",evaluation_receipt,episode_attempt_f473c0d326fb9a0b3a26,6c25d824554db300e2c0be8faee52adff41fd593aa846ce33b2785956f9e59cd,true
result_3631f0240ffd4e68af3abf7f,runplan_37e4b51f14a1cb6a,cell_72d1cc36b15ce0cc7764,housing_v1__experiment__000006,housing_v1,housing_controlled_model_landlords_experiment,episode_attempt_f473c0d326fb9a0b3a26,6c25d824554db300e2c0be8faee52adff41fd593aa846ce33b2785956f9e59cd,included,housing_social_welfare_leaf,1.0.0,social_welfare,1.0.0,utility,landlord_2,landlord_2,76.53,utility_points,"{""disagreement_utility"":0.0}",ok,valid,[],"[""event_00000243""]",evaluation_receipt,episode_attempt_f473c0d326fb9a0b3a26,6c25d824554db300e2c0be8faee52adff41fd593aa846ce33b2785956f9e59cd,true
result_99e296867eb1f75e5662fc35,runplan_37e4b51f14a1cb6a,cell_72d1cc36b15ce0cc7764,housing_v1__experiment__000006,housing_v1,housing_controlled_model_landlords_experiment,episode_attempt_f473c0d326fb9a0b3a26,6c25d824554db300e2c0be8faee52adff41fd593aa846ce33b2785956f9e59cd,included,housing_social_welfare_leaf,1.0.0,social_welfare,1.0.0,utility,landlord_3,landlord_3,44.83,utility_points,"{""disagreement_utility"":0.0}",ok,valid,[],"[""event_00000243""]",evaluation_receipt,episode_attempt_f473c0d326fb9a0b3a26,6c25d824554db300e2c0be8faee52adff41fd593aa846ce33b2785956f9e59cd,true
result_d8aaa70347d447042e64f020,runplan_37e4b51f14a1cb6a,cell_72d1cc36b15ce0cc7764,housing_v1__experiment__000006,housing_v1,housing_controlled_model_landlords_experiment,episode_attempt_f473c0d326fb9a0b3a26,6c25d824554db300e2c0be8faee52adff41fd593aa846ce33b2785956f9e59cd,included,housing_social_welfare_leaf,1.0.0,social_welfare,1.0.0,utility,landlord_4,landlord_4,0.0,utility_points,"{""disagreement_utility"":0.0}",ok,valid,[],"[""event_00000243""]",evaluation_receipt,episode_attempt_f473c0d326fb9a0b3a26,6c25d824554db300e2c0be8faee52adff41fd593aa846ce33b2785956f9e59cd,true
result_b1fdd08717dbdaa80e0e69cb,runplan_37e4b51f14a1cb6a,cell_72d1cc36b15ce0cc7764,housing_v1__experiment__000006,housing_v1,housing_controlled_model_landlords_experiment,episode_attempt_f473c0d326fb9a0b3a26,6c25d824554db300e2c0be8faee52adff41fd593aa846ce33b2785956f9e59cd,included,housing_social_welfare_leaf,1.0.0,social_welfare,1.0.0,utility,tenant_0,tenant_0,183.66,utility_points,"{""disagreement_utility"":0.0}",ok,valid,[],"[""event_00000243""]",evaluation_receipt,episode_attempt_f473c0d326fb9a0b3a26,6c25d824554db300e2c0be8faee52adff41fd593aa846ce33b2785956f9e59cd,true
result_ca7156619f4492decb2f892b,runplan_37e4b51f14a1cb6a,cell_72d1cc36b15ce0cc7764,housing_v1__experiment__000006,housing_v1,housing_controlled_model_landlords_experiment,episode_attempt_f473c0d326fb9a0b3a26,6c25d824554db300e2c0be8faee52adff41fd593aa846ce33b2785956f9e59cd,included,housing_social_welfare_leaf,1.0.0,social_welfare,1.0.0,utility,tenant_1,tenant_1,536.38,utility_points,"{""disagreement_utility"":0.0}",ok,valid,[],"[""event_00000243""]",evaluation_receipt,episode_attempt_f473c0d326fb9a0b3a26,6c25d824554db300e2c0be8faee52adff41fd593aa846ce33b2785956f9e59cd,true
result_d6551176e103eee66b7a8b79,runplan_37e4b51f14a1cb6a,cell_72d1cc36b15ce0cc7764,housing_v1__experiment__000006,housing_v1,housing_controlled_model_landlords_experiment,episode_attempt_f473c0d326fb9a0b3a26,6c25d824554db300e2c0be8faee52adff41fd593aa846ce33b2785956f9e59cd,included,housing_social_welfare_leaf,1.0.0,social_welfare,1.0.0,utility,tenant_2,tenant_2,0.0,utility_points,"{""disagreement_utility"":0.0}",ok,valid,[],"[""event_00000243""]",evaluation_receipt,episode_attempt_f473c0d326fb9a0b3a26,6c25d824554db300e2c0be8faee52adff41fd593aa846ce33b2785956f9e59cd,true
result_7ddb231e6b246498641c2ce1,runplan_37e4b51f14a1cb6a,cell_72d1cc36b15ce0cc7764,housing_v1__experiment__000006,housing_v1,housing_controlled_model_landlords_experiment,episode_attempt_f473c0d326fb9a0b3a26,6c25d824554db300e2c0be8faee52adff41fd593aa846ce33b2785956f9e59cd,included,housing_social_welfare_leaf,1.0.0,social_welfare,1.0.0,utility,tenant_3,tenant_3,0.0,utility_points,"{""disagreement_utility"":0.0}",ok,valid,[],"[""event_00000243""]",evaluation_receipt,episode_attempt_f473c0d326fb9a0b3a26,6c25d824554db300e2c0be8faee52adff41fd593aa846ce33b2785956f9e59cd,true
result_ed32d823abbeaebc8ec183fb,runplan_37e4b51f14a1cb6a,cell_72d1cc36b15ce0cc7764,housing_v1__experiment__000006,housing_v1,housing_controlled_model_landlords_experiment,episode_attempt_f473c0d326fb9a0b3a26,6c25d824554db300e2c0be8faee52adff41fd593aa846ce33b2785956f9e59cd,included,housing_social_welfare_leaf,1.0.0,social_welfare,1.0.0,utility,tenant_4,tenant_4,0.0,utility_points,"{""disagreement_utility"":0.0}",ok,valid,[],"[""event_00000243""]",evaluation_receipt,episode_attempt_f473c0d326fb9a0b3a26,6c25d824554db300e2c0be8faee52adff41fd593aa846ce33b2785956f9e59cd,true
result_da4a712f0187f857bc0dae8a,runplan_37e4b51f14a1cb6a,cell_72d1cc36b15ce0cc7764,housing_v1__experiment__000006,housing_v1,housing_controlled_model_landlords_experiment,episode_attempt_f473c0d326fb9a0b3a26,6c25d824554db300e2c0be8faee52adff41fd593aa846ce33b2785956f9e59cd,included,housing_social_welfare_leaf,1.0.0,social_welfare,1.0.0,utility,tenant_5,tenant_5,557.99,utility_points,"{""disagreement_utility"":0.0}",ok,valid,[],"[""event_00000243""]",evaluation_receipt,episode_attempt_f473c0d326fb9a0b3a26,6c25d824554db300e2c0be8faee52adff41fd593aa846ce33b2785956f9e59cd,true
result_926962ffe32e12916d864e23,runplan_37e4b51f14a1cb6a,cell_72d1cc36b15ce0cc7764,housing_v1__experiment__000006,housing_v1,housing_controlled_model_landlords_experiment,episode_attempt_f473c0d326fb9a0b3a26,6c25d824554db300e2c0be8faee52adff41fd593aa846ce33b2785956f9e59cd,included,housing_social_welfare_leaf,1.0.0,social_welfare,1.0.0,capture,landlord_0,landlord_0,0.0,utility_points,"{""disagreement_utility"":0.0}",ok,valid,[],"[""event_00000243""]",evaluation_receipt,episode_attempt_f473c0d326fb9a0b3a26,6c25d824554db300e2c0be8faee52adff41fd593aa846ce33b2785956f9e59cd,true
result_ec1f5063b893b93e9c5b19c6,runplan_37e4b51f14a1cb6a,cell_72d1cc36b15ce0cc7764,housing_v1__experiment__000006,housing_v1,housing_controlled_model_landlords_experiment,episode_attempt_f473c0d326fb9a0b3a26,6c25d824554db300e2c0be8faee52adff41fd593aa846ce33b2785956f9e59cd,included,housing_social_welfare_leaf,1.0.0,social_welfare,1.0.0,capture,landlord_1,landlord_1,100.73,utility_points,"{""disagreement_utility"":0.0}",ok,valid,[],"[""event_00000243""]",evaluation_receipt,episode_attempt_f473c0d326fb9a0b3a26,6c25d824554db300e2c0be8faee52adff41fd593aa846ce33b2785956f9e59cd,true
result_10ec6b35fe403ceea8a1bcba,runplan_37e4b51f14a1cb6a,cell_72d1cc36b15ce0cc7764,housing_v1__experiment__000006,housing_v1,housing_controlled_model_landlords_experiment,episode_attempt_f473c0d326fb9a0b3a26,6c25d824554db300e2c0be8faee52adff41fd593aa846ce33b2785956f9e59cd,included,housing_social_welfare_leaf,1.0.0,social_welfare,1.0.0,capture,landlord_2,landlord_2,76.53,utility_points,"{""disagreement_utility"":0.0}",ok,valid,[],"[""event_00000243""]",evaluation_receipt,episode_attempt_f473c0d326fb9a0b3a26,6c25d824554db300e2c0be8faee52adff41fd593aa846ce33b2785956f9e59cd,true
result_1504d72eae6faf03eefa6e4a,runplan_37e4b51f14a1cb6a,cell_72d1cc36b15ce0cc7764,housing_v1__experiment__000006,housing_v1,housing_controlled_model_landlords_experiment,episode_attempt_f473c0d326fb9a0b3a26,6c25d824554db300e2c0be8faee52adff41fd593aa846ce33b2785956f9e59cd,included,housing_social_welfare_leaf,1.0.0,social_welfare,1.0.0,capture,landlord_3,landlord_3,44.83,utility_points,"{""disagreement_utility"":0.0}",ok,valid,[],"[""event_00000243""]",evaluation_receipt,episode_attempt_f473c0d326fb9a0b3a26,6c25d824554db300e2c0be8faee52adff41fd593aa846ce33b2785956f9e59cd,true
result_d542af7c4b42cfe3abfac69a,runplan_37e4b51f14a1cb6a,cell_72d1cc36b15ce0cc7764,housing_v1__experiment__000006,housing_v1,housing_controlled_model_landlords_experiment,episode_attempt_f473c0d326fb9a0b3a26,6c25d824554db300e2c0be8faee52adff41fd593aa846ce33b2785956f9e59cd,included,housing_social_welfare_leaf,1.0.0,social_welfare,1.0.0,capture,landlord_4,landlord_4,0.0,utility_points,"{""disagreement_utility"":0.0}",ok,valid,[],"[""event_00000243""]",evaluation_receipt,episode_attempt_f473c0d326fb9a0b3a26,6c25d824554db300e2c0be8faee52adff41fd593aa846ce33b2785956f9e59cd,true
result_c3c95fe58bc8211f8b145d95,runplan_37e4b51f14a1cb6a,cell_72d1cc36b15ce0cc7764,housing_v1__experiment__000006,housing_v1,housing_controlled_model_landlords_experiment,episode_attempt_f473c0d326fb9a0b3a26,6c25d824554db300e2c0be8faee52adff41fd593aa846ce33b2785956f9e59cd,included,housing_social_welfare_leaf,1.0.0,social_welfare,1.0.0,capture,tenant_0,tenant_0,183.66,utility_points,"{""disagreement_utility"":0.0}",ok,valid,[],"[""event_00000243""]",evaluation_receipt,episode_attempt_f473c0d326fb9a0b3a26,6c25d824554db300e2c0be8faee52adff41fd593aa846ce33b2785956f9e59cd,true
result_989104095c26e04b182b9f26,runplan_37e4b51f14a1cb6a,cell_72d1cc36b15ce0cc7764,housing_v1__experiment__000006,housing_v1,housing_controlled_model_landlords_experiment,episode_attempt_f473c0d326fb9a0b3a26,6c25d824554db300e2c0be8faee52adff41fd593aa846ce33b2785956f9e59cd,included,housing_social_welfare_leaf,1.0.0,social_welfare,1.0.0,capture,tenant_1,tenant_1,536.38,utility_points,"{""disagreement_utility"":0.0}",ok,valid,[],"[""event_00000243""]",evaluation_receipt,episode_attempt_f473c0d326fb9a0b3a26,6c25d824554db300e2c0be8faee52adff41fd593aa846ce33b2785956f9e59cd,true
result_8a629db29882f4ffbab6c352,runplan_37e4b51f14a1cb6a,cell_72d1cc36b15ce0cc7764,housing_v1__experiment__000006,housing_v1,housing_controlled_model_landlords_experiment,episode_attempt_f473c0d326fb9a0b3a26,6c25d824554db300e2c0be8faee52adff41fd593aa846ce33b2785956f9e59cd,included,housing_social_welfare_leaf,1.0.0,social_welfare,1.0.0,capture,tenant_2,tenant_2,0.0,utility_points,"{""disagreement_utility"":0.0}",ok,valid,[],"[""event_00000243""]",evaluation_receipt,episode_attempt_f473c0d326fb9a0b3a26,6c25d824554db300e2c0be8faee52adff41fd593aa846ce33b2785956f9e59cd,true
result_82c077c21bc6999adfa147aa,runplan_37e4b51f14a1cb6a,cell_72d1cc36b15ce0cc7764,housing_v1__experiment__000006,housing_v1,housing_controlled_model_landlords_experiment,episode_attempt_f473c0d326fb9a0b3a26,6c25d824554db300e2c0be8faee52adff41fd593aa846ce33b2785956f9e59cd,included,housing_social_welfare_leaf,1.0.0,social_welfare,1.0.0,capture,tenant_3,tenant_3,0.0,utility_points,"{""disagreement_utility"":0.0}",ok,valid,[],"[""event_00000243""]",evaluation_receipt,episode_attempt_f473c0d326fb9a0b3a26,6c25d824554db300e2c0be8faee52adff41fd593aa846ce33b2785956f9e59cd,true
result_523a98edd428b60fabf86fd8,runplan_37e4b51f14a1cb6a,cell_72d1cc36b15ce0cc7764,housing_v1__experiment__000006,housing_v1,housing_controlled_model_landlords_experiment,episode_attempt_f473c0d326fb9a0b3a26,6c25d824554db300e2c0be8faee52adff41fd593aa846ce33b2785956f9e59cd,included,housing_social_welfare_leaf,1.0.0,social_welfare,1.0.0,capture,tenant_4,tenant_4,0.0,utility_points,"{""disagreement_utility"":0.0}",ok,valid,[],"[""event_00000243""]",evaluation_receipt,episode_attempt_f473c0d326fb9a0b3a26,6c25d824554db300e2c0be8faee52adff41fd593aa846ce33b2785956f9e59cd,true
result_4571e2431437eab5d1e5d41e,runplan_37e4b51f14a1cb6a,cell_72d1cc36b15ce0cc7764,housing_v1__experiment__000006,housing_v1,housing_controlled_model_landlords_experiment,episode_attempt_f473c0d326fb9a0b3a26,6c25d824554db300e2c0be8faee52adff41fd593aa846ce33b2785956f9e59cd,included,housing_social_welfare_leaf,1.0.0,social_welfare,1.0.0,capture,tenant_5,tenant_5,557.99,utility_points,"{""disagreement_utility"":0.0}",ok,valid,[],"[""event_00000243""]",evaluation_receipt,episode_attempt_f473c0d326fb9a0b3a26,6c25d824554db300e2c0be8faee52adff41fd593aa846ce33b2785956f9e59cd,true
result_2fc3f06a9944495fc1a14e9d,runplan_37e4b51f14a1cb6a,cell_8101b5c4ccbf5635357d,housing_v1__experiment__000001,housing_v1,housing_controlled_model_landlords_experiment,episode_attempt_04c2634af407a1e1d684,39ff76ba3aba8c33d6b6bde1993d3f140512ee27f435109df1005ac9bdb9ba64,included,housing_social_welfare_leaf,1.0.0,social_welfare,1.0.0,primary,social_welfare,,1608.25,utility_points,{},ok,valid,[],"[""event_00000223""]",evaluation_receipt,episode_attempt_04c2634af407a1e1d684,39ff76ba3aba8c33d6b6bde1993d3f140512ee27f435109df1005ac9bdb9ba64,true
result_45f46b573a102d0a15b41af9,runplan_37e4b51f14a1cb6a,cell_8101b5c4ccbf5635357d,housing_v1__experiment__000001,housing_v1,housing_controlled_model_landlords_experiment,episode_attempt_04c2634af407a1e1d684,39ff76ba3aba8c33d6b6bde1993d3f140512ee27f435109df1005ac9bdb9ba64,included,housing_social_welfare_leaf,1.0.0,social_welfare,1.0.0,metric,comparison_baseline_gap,,0.0,utility_points,{},ok,valid,[],"[""event_00000223""]",evaluation_receipt,episode_attempt_04c2634af407a1e1d684,39ff76ba3aba8c33d6b6bde1993d3f140512ee27f435109df1005ac9bdb9ba64,true
result_1fc404ef640014101e0da407,runplan_37e4b51f14a1cb6a,cell_8101b5c4ccbf5635357d,housing_v1__experiment__000001,housing_v1,housing_controlled_model_landlords_experiment,episode_attempt_04c2634af407a1e1d684,39ff76ba3aba8c33d6b6bde1993d3f140512ee27f435109df1005ac9bdb9ba64,included,housing_social_welfare_leaf,1.0.0,social_welfare,1.0.0,metric,ir_violation_count,,0.0,count,{},ok,valid,[],"[""event_00000223""]",evaluation_receipt,episode_attempt_04c2634af407a1e1d684,39ff76ba3aba8c33d6b6bde1993d3f140512ee27f435109df1005ac9bdb9ba64,true
result_027ae62da923f93dd390913b,runplan_37e4b51f14a1cb6a,cell_8101b5c4ccbf5635357d,housing_v1__experiment__000001,housing_v1,housing_controlled_model_landlords_experiment,episode_attempt_04c2634af407a1e1d684,39ff76ba3aba8c33d6b6bde1993d3f140512ee27f435109df1005ac9bdb9ba64,included,housing_social_welfare_leaf,1.0.0,social_welfare,1.0.0,metric,social_welfare,,1608.25,utility_points,{},ok,valid,[],"[""event_00000223""]",evaluation_receipt,episode_attempt_04c2634af407a1e1d684,39ff76ba3aba8c33d6b6bde1993d3f140512ee27f435109df1005ac9bdb9ba64,true
result_2abb4b21528bec18245a4a40,runplan_37e4b51f14a1cb6a,cell_8101b5c4ccbf5635357d,housing_v1__experiment__000001,housing_v1,housing_controlled_model_landlords_experiment,episode_attempt_04c2634af407a1e1d684,39ff76ba3aba8c33d6b6bde1993d3f140512ee27f435109df1005ac9bdb9ba64,included,housing_social_welfare_leaf,1.0.0,social_welfare,1.0.0,metric,upper_bound_gap,,180.74,utility_points,{},ok,valid,[],"[""event_00000223""]",evaluation_receipt,episode_attempt_04c2634af407a1e1d684,39ff76ba3aba8c33d6b6bde1993d3f140512ee27f435109df1005ac9bdb9ba64,true
result_7133d3f3f34544f45ab5f746,runplan_37e4b51f14a1cb6a,cell_8101b5c4ccbf5635357d,housing_v1__experiment__000001,housing_v1,housing_controlled_model_landlords_experiment,episode_attempt_04c2634af407a1e1d684,39ff76ba3aba8c33d6b6bde1993d3f140512ee27f435109df1005ac9bdb9ba64,included,housing_social_welfare_leaf,1.0.0,social_welfare,1.0.0,metric,wasted_contacts,,3.0,count,{},ok,valid,[],"[""event_00000223""]",evaluation_receipt,episode_attempt_04c2634af407a1e1d684,39ff76ba3aba8c33d6b6bde1993d3f140512ee27f435109df1005ac9bdb9ba64,true
result_4b1c52a38a6736de87c401c3,runplan_37e4b51f14a1cb6a,cell_8101b5c4ccbf5635357d,housing_v1__experiment__000001,housing_v1,housing_controlled_model_landlords_experiment,episode_attempt_04c2634af407a1e1d684,39ff76ba3aba8c33d6b6bde1993d3f140512ee27f435109df1005ac9bdb9ba64,included,housing_social_welfare_leaf,1.0.0,social_welfare,1.0.0,metric,within_case_score,,0.8989709277301717,ratio,{},ok,valid,[],"[""event_00000223""]",evaluation_receipt,episode_attempt_04c2634af407a1e1d684,39ff76ba3aba8c33d6b6bde1993d3f140512ee27f435109df1005ac9bdb9ba64,true
result_3f32f4fc8a7049a8bbafa08b,runplan_37e4b51f14a1cb6a,cell_8101b5c4ccbf5635357d,housing_v1__experiment__000001,housing_v1,housing_controlled_model_landlords_experiment,episode_attempt_04c2634af407a1e1d684,39ff76ba3aba8c33d6b6bde1993d3f140512ee27f435109df1005ac9bdb9ba64,included,housing_social_welfare_leaf,1.0.0,social_welfare,1.0.0,reference,comparison_baseline,,1608.25,utility_points,"{""policy"":""naive"",""reference_kind"":""comparison_baseline""}",ok,valid,[],"[""event_00000223""]",evaluation_receipt,episode_attempt_04c2634af407a1e1d684,39ff76ba3aba8c33d6b6bde1993d3f140512ee27f435109df1005ac9bdb9ba64,true
result_baec20aaba8e730ace1686d7,runplan_37e4b51f14a1cb6a,cell_8101b5c4ccbf5635357d,housing_v1__experiment__000001,housing_v1,housing_controlled_model_landlords_experiment,episode_attempt_04c2634af407a1e1d684,39ff76ba3aba8c33d6b6bde1993d3f140512ee27f435109df1005ac9bdb9ba64,included,housing_social_welfare_leaf,1.0.0,social_welfare,1.0.0,reference,optimum_lower_bound,,0.0,utility_points,"{""policy"":""do_nothing"",""reference_kind"":""objective_lower_bound""}",ok,valid,[],"[""event_00000223""]",evaluation_receipt,episode_attempt_04c2634af407a1e1d684,39ff76ba3aba8c33d6b6bde1993d3f140512ee27f435109df1005ac9bdb9ba64,true
result_d6e5a060a1ff7c120c014766,runplan_37e4b51f14a1cb6a,cell_8101b5c4ccbf5635357d,housing_v1__experiment__000001,housing_v1,housing_controlled_model_landlords_experiment,episode_attempt_04c2634af407a1e1d684,39ff76ba3aba8c33d6b6bde1993d3f140512ee27f435109df1005ac9bdb9ba64,included,housing_social_welfare_leaf,1.0.0,social_welfare,1.0.0,reference,optimum_upper_bound,,1788.99,utility_points,"{""reference_kind"":""objective_upper_bound"",""semantics"":""full_information_allocation_relaxation""}",ok,valid,[],"[""event_00000223""]",evaluation_receipt,episode_attempt_04c2634af407a1e1d684,39ff76ba3aba8c33d6b6bde1993d3f140512ee27f435109df1005ac9bdb9ba64,true
result_d18f178cd5c7d59d425511cb,runplan_37e4b51f14a1cb6a,cell_8101b5c4ccbf5635357d,housing_v1__experiment__000001,housing_v1,housing_controlled_model_landlords_experiment,episode_attempt_04c2634af407a1e1d684,39ff76ba3aba8c33d6b6bde1993d3f140512ee27f435109df1005ac9bdb9ba64,included,housing_social_welfare_leaf,1.0.0,social_welfare,1.0.0,utility,landlord_0,landlord_0,56.6,utility_points,"{""disagreement_utility"":0.0}",ok,valid,[],"[""event_00000223""]",evaluation_receipt,episode_attempt_04c2634af407a1e1d684,39ff76ba3aba8c33d6b6bde1993d3f140512ee27f435109df1005ac9bdb9ba64,true
result_d298f2df20d06d4e326a54e3,runplan_37e4b51f14a1cb6a,cell_8101b5c4ccbf5635357d,housing_v1__experiment__000001,housing_v1,housing_controlled_model_landlords_experiment,episode_attempt_04c2634af407a1e1d684,39ff76ba3aba8c33d6b6bde1993d3f140512ee27f435109df1005ac9bdb9ba64,included,housing_social_welfare_leaf,1.0.0,social_welfare,1.0.0,utility,landlord_1,landlord_1,94.5,utility_points,"{""disagreement_utility"":0.0}",ok,valid,[],"[""event_00000223""]",evaluation_receipt,episode_attempt_04c2634af407a1e1d684,39ff76ba3aba8c33d6b6bde1993d3f140512ee27f435109df1005ac9bdb9ba64,true
result_4787404093529aa4573650fa,runplan_37e4b51f14a1cb6a,cell_8101b5c4ccbf5635357d,housing_v1__experiment__000001,housing_v1,housing_controlled_model_landlords_experiment,episode_attempt_04c2634af407a1e1d684,39ff76ba3aba8c33d6b6bde1993d3f140512ee27f435109df1005ac9bdb9ba64,included,housing_social_welfare_leaf,1.0.0,social_welfare,1.0.0,utility,landlord_2,landlord_2,0.0,utility_points,"{""disagreement_utility"":0.0}",ok,valid,[],"[""event_00000223""]",evaluation_receipt,episode_attempt_04c2634af407a1e1d684,39ff76ba3aba8c33d6b6bde1993d3f140512ee27f435109df1005ac9bdb9ba64,true
result_cd2344afc0f78e003aa00269,runplan_37e4b51f14a1cb6a,cell_8101b5c4ccbf5635357d,housing_v1__experiment__000001,housing_v1,housing_controlled_model_landlords_experiment,episode_attempt_04c2634af407a1e1d684,39ff76ba3aba8c33d6b6bde1993d3f140512ee27f435109df1005ac9bdb9ba64,included,housing_social_welfare_leaf,1.0.0,social_welfare,1.0.0,utility,landlord_3,landlord_3,297.64,utility_points,"{""disagreement_utility"":0.0}",ok,valid,[],"[""event_00000223""]",evaluation_receipt,episode_attempt_04c2634af407a1e1d684,39ff76ba3aba8c33d6b6bde1993d3f140512ee27f435109df1005ac9bdb9ba64,true
result_39a4de87a53e6503a9e8039d,runplan_37e4b51f14a1cb6a,cell_8101b5c4ccbf5635357d,housing_v1__experiment__000001,housing_v1,housing_controlled_model_landlords_experiment,episode_attempt_04c2634af407a1e1d684,39ff76ba3aba8c33d6b6bde1993d3f140512ee27f435109df1005ac9bdb9ba64,included,housing_social_welfare_leaf,1.0.0,social_welfare,1.0.0,utility,landlord_4,landlord_4,187.52,utility_points,"{""disagreement_utility"":0.0}",ok,valid,[],"[""event_00000223""]",evaluation_receipt,episode_attempt_04c2634af407a1e1d684,39ff76ba3aba8c33d6b6bde1993d3f140512ee27f435109df1005ac9bdb9ba64,true
result_94b890bf016eb29216bd062c,runplan_37e4b51f14a1cb6a,cell_8101b5c4ccbf5635357d,housing_v1__experiment__000001,housing_v1,housing_controlled_model_landlords_experiment,episode_attempt_04c2634af407a1e1d684,39ff76ba3aba8c33d6b6bde1993d3f140512ee27f435109df1005ac9bdb9ba64,included,housing_social_welfare_leaf,1.0.0,social_welfare,1.0.0,utility,tenant_0,tenant_0,423.79,utility_points,"{""disagreement_utility"":0.0}",ok,valid,[],"[""event_00000223""]",evaluation_receipt,episode_attempt_04c2634af407a1e1d684,39ff76ba3aba8c33d6b6bde1993d3f140512ee27f435109df1005ac9bdb9ba64,true
result_3206c332528f890097f7df71,runplan_37e4b51f14a1cb6a,cell_8101b5c4ccbf5635357d,housing_v1__experiment__000001,housing_v1,housing_controlled_model_landlords_experiment,episode_attempt_04c2634af407a1e1d684,39ff76ba3aba8c33d6b6bde1993d3f140512ee27f435109df1005ac9bdb9ba64,included,housing_social_welfare_leaf,1.0.0,social_welfare,1.0.0,utility,tenant_1,tenant_1,193.72,utility_points,"{""disagreement_utility"":0.0}",ok,valid,[],"[""event_00000223""]",evaluation_receipt,episode_attempt_04c2634af407a1e1d684,39ff76ba3aba8c33d6b6bde1993d3f140512ee27f435109df1005ac9bdb9ba64,true
result_2413019d7a6018c00c135f30,runplan_37e4b51f14a1cb6a,cell_8101b5c4ccbf5635357d,housing_v1__experiment__000001,housing_v1,housing_controlled_model_landlords_experiment,episode_attempt_04c2634af407a1e1d684,39ff76ba3aba8c33d6b6bde1993d3f140512ee27f435109df1005ac9bdb9ba64,included,housing_social_welfare_leaf,1.0.0,social_welfare,1.0.0,utility,tenant_2,tenant_2,0.0,utility_points,"{""disagreement_utility"":0.0}",ok,valid,[],"[""event_00000223""]",evaluation_receipt,episode_attempt_04c2634af407a1e1d684,39ff76ba3aba8c33d6b6bde1993d3f140512ee27f435109df1005ac9bdb9ba64,true
result_ff68b6897d7a644c858e14c9,runplan_37e4b51f14a1cb6a,cell_8101b5c4ccbf5635357d,housing_v1__experiment__000001,housing_v1,housing_controlled_model_landlords_experiment,episode_attempt_04c2634af407a1e1d684,39ff76ba3aba8c33d6b6bde1993d3f140512ee27f435109df1005ac9bdb9ba64,included,housing_social_welfare_leaf,1.0.0,social_welfare,1.0.0,utility,tenant_3,tenant_3,0.0,utility_points,"{""disagreement_utility"":0.0}",ok,valid,[],"[""event_00000223""]",evaluation_receipt,episode_attempt_04c2634af407a1e1d684,39ff76ba3aba8c33d6b6bde1993d3f140512ee27f435109df1005ac9bdb9ba64,true
result_db8aaaac8b258f0939c5bcd8,runplan_37e4b51f14a1cb6a,cell_8101b5c4ccbf5635357d,housing_v1__experiment__000001,housing_v1,housing_controlled_model_landlords_experiment,episode_attempt_04c2634af407a1e1d684,39ff76ba3aba8c33d6b6bde1993d3f140512ee27f435109df1005ac9bdb9ba64,included,housing_social_welfare_leaf,1.0.0,social_welfare,1.0.0,utility,tenant_4,tenant_4,354.48,utility_points,"{""disagreement_utility"":0.0}",ok,valid,[],"[""event_00000223""]",evaluation_receipt,episode_attempt_04c2634af407a1e1d684,39ff76ba3aba8c33d6b6bde1993d3f140512ee27f435109df1005ac9bdb9ba64,true
result_ea91c3e980a6913a3daebb9b,runplan_37e4b51f14a1cb6a,cell_8101b5c4ccbf5635357d,housing_v1__experiment__000001,housing_v1,housing_controlled_model_landlords_experiment,episode_attempt_04c2634af407a1e1d684,39ff76ba3aba8c33d6b6bde1993d3f140512ee27f435109df1005ac9bdb9ba64,included,housing_social_welfare_leaf,1.0.0,social_welfare,1.0.0,utility,tenant_5,tenant_5,0.0,utility_points,"{""disagreement_utility"":0.0}",ok,valid,[],"[""event_00000223""]",evaluation_receipt,episode_attempt_04c2634af407a1e1d684,39ff76ba3aba8c33d6b6bde1993d3f140512ee27f435109df1005ac9bdb9ba64,true
result_3f925aa711d603404232de74,runplan_37e4b51f14a1cb6a,cell_8101b5c4ccbf5635357d,housing_v1__experiment__000001,housing_v1,housing_controlled_model_landlords_experiment,episode_attempt_04c2634af407a1e1d684,39ff76ba3aba8c33d6b6bde1993d3f140512ee27f435109df1005ac9bdb9ba64,included,housing_social_welfare_leaf,1.0.0,social_welfare,1.0.0,capture,landlord_0,landlord_0,56.6,utility_points,"{""disagreement_utility"":0.0}",ok,valid,[],"[""event_00000223""]",evaluation_receipt,episode_attempt_04c2634af407a1e1d684,39ff76ba3aba8c33d6b6bde1993d3f140512ee27f435109df1005ac9bdb9ba64,true
result_19048d3a485c8ab4df35a918,runplan_37e4b51f14a1cb6a,cell_8101b5c4ccbf5635357d,housing_v1__experiment__000001,housing_v1,housing_controlled_model_landlords_experiment,episode_attempt_04c2634af407a1e1d684,39ff76ba3aba8c33d6b6bde1993d3f140512ee27f435109df1005ac9bdb9ba64,included,housing_social_welfare_leaf,1.0.0,social_welfare,1.0.0,capture,landlord_1,landlord_1,94.5,utility_points,"{""disagreement_utility"":0.0}",ok,valid,[],"[""event_00000223""]",evaluation_receipt,episode_attempt_04c2634af407a1e1d684,39ff76ba3aba8c33d6b6bde1993d3f140512ee27f435109df1005ac9bdb9ba64,true
result_3130bfdc302bd31833971f16,runplan_37e4b51f14a1cb6a,cell_8101b5c4ccbf5635357d,housing_v1__experiment__000001,housing_v1,housing_controlled_model_landlords_experiment,episode_attempt_04c2634af407a1e1d684,39ff76ba3aba8c33d6b6bde1993d3f140512ee27f435109df1005ac9bdb9ba64,included,housing_social_welfare_leaf,1.0.0,social_welfare,1.0.0,capture,landlord_2,landlord_2,0.0,utility_points,"{""disagreement_utility"":0.0}",ok,valid,[],"[""event_00000223""]",evaluation_receipt,episode_attempt_04c2634af407a1e1d684,39ff76ba3aba8c33d6b6bde1993d3f140512ee27f435109df1005ac9bdb9ba64,true
result_e3b792b257c776068e127ff5,runplan_37e4b51f14a1cb6a,cell_8101b5c4ccbf5635357d,housing_v1__experiment__000001,housing_v1,housing_controlled_model_landlords_experiment,episode_attempt_04c2634af407a1e1d684,39ff76ba3aba8c33d6b6bde1993d3f140512ee27f435109df1005ac9bdb9ba64,included,housing_social_welfare_leaf,1.0.0,social_welfare,1.0.0,capture,landlord_3,landlord_3,297.64,utility_points,"{""disagreement_utility"":0.0}",ok,valid,[],"[""event_00000223""]",evaluation_receipt,episode_attempt_04c2634af407a1e1d684,39ff76ba3aba8c33d6b6bde1993d3f140512ee27f435109df1005ac9bdb9ba64,true
result_8746ba2d0da083da005992fe,runplan_37e4b51f14a1cb6a,cell_8101b5c4ccbf5635357d,housing_v1__experiment__000001,housing_v1,housing_controlled_model_landlords_experiment,episode_attempt_04c2634af407a1e1d684,39ff76ba3aba8c33d6b6bde1993d3f140512ee27f435109df1005ac9bdb9ba64,included,housing_social_welfare_leaf,1.0.0,social_welfare,1.0.0,capture,landlord_4,landlord_4,187.52,utility_points,"{""disagreement_utility"":0.0}",ok,valid,[],"[""event_00000223""]",evaluation_receipt,episode_attempt_04c2634af407a1e1d684,39ff76ba3aba8c33d6b6bde1993d3f140512ee27f435109df1005ac9bdb9ba64,true
result_1e2ebfd04d840d4829f12e16,runplan_37e4b51f14a1cb6a,cell_8101b5c4ccbf5635357d,housing_v1__experiment__000001,housing_v1,housing_controlled_model_landlords_experiment,episode_attempt_04c2634af407a1e1d684,39ff76ba3aba8c33d6b6bde1993d3f140512ee27f435109df1005ac9bdb9ba64,included,housing_social_welfare_leaf,1.0.0,social_welfare,1.0.0,capture,tenant_0,tenant_0,423.79,utility_points,"{""disagreement_utility"":0.0}",ok,valid,[],"[""event_00000223""]",evaluation_receipt,episode_attempt_04c2634af407a1e1d684,39ff76ba3aba8c33d6b6bde1993d3f140512ee27f435109df1005ac9bdb9ba64,true
result_5a06800dafc07c51ba4a9b1d,runplan_37e4b51f14a1cb6a,cell_8101b5c4ccbf5635357d,housing_v1__experiment__000001,housing_v1,housing_controlled_model_landlords_experiment,episode_attempt_04c2634af407a1e1d684,39ff76ba3aba8c33d6b6bde1993d3f140512ee27f435109df1005ac9bdb9ba64,included,housing_social_welfare_leaf,1.0.0,social_welfare,1.0.0,capture,tenant_1,tenant_1,193.72,utility_points,"{""disagreement_utility"":0.0}",ok,valid,[],"[""event_00000223""]",evaluation_receipt,episode_attempt_04c2634af407a1e1d684,39ff76ba3aba8c33d6b6bde1993d3f140512ee27f435109df1005ac9bdb9ba64,true
result_e2cfbf210b592466a0b226ab,runplan_37e4b51f14a1cb6a,cell_8101b5c4ccbf5635357d,housing_v1__experiment__000001,housing_v1,housing_controlled_model_landlords_experiment,episode_attempt_04c2634af407a1e1d684,39ff76ba3aba8c33d6b6bde1993d3f140512ee27f435109df1005ac9bdb9ba64,included,housing_social_welfare_leaf,1.0.0,social_welfare,1.0.0,capture,tenant_2,tenant_2,0.0,utility_points,"{""disagreement_utility"":0.0}",ok,valid,[],"[""event_00000223""]",evaluation_receipt,episode_attempt_04c2634af407a1e1d684,39ff76ba3aba8c33d6b6bde1993d3f140512ee27f435109df1005ac9bdb9ba64,true
result_80f8a80c05e6eef06cb2b33a,runplan_37e4b51f14a1cb6a,cell_8101b5c4ccbf5635357d,housing_v1__experiment__000001,housing_v1,housing_controlled_model_landlords_experiment,episode_attempt_04c2634af407a1e1d684,39ff76ba3aba8c33d6b6bde1993d3f140512ee27f435109df1005ac9bdb9ba64,included,housing_social_welfare_leaf,1.0.0,social_welfare,1.0.0,capture,tenant_3,tenant_3,0.0,utility_points,"{""disagreement_utility"":0.0}",ok,valid,[],"[""event_00000223""]",evaluation_receipt,episode_attempt_04c2634af407a1e1d684,39ff76ba3aba8c33d6b6bde1993d3f140512ee27f435109df1005ac9bdb9ba64,true
result_131b8b7f490ed7e45a40f37a,runplan_37e4b51f14a1cb6a,cell_8101b5c4ccbf5635357d,housing_v1__experiment__000001,housing_v1,housing_controlled_model_landlords_experiment,episode_attempt_04c2634af407a1e1d684,39ff76ba3aba8c33d6b6bde1993d3f140512ee27f435109df1005ac9bdb9ba64,included,housing_social_welfare_leaf,1.0.0,social_welfare,1.0.0,capture,tenant_4,tenant_4,354.48,utility_points,"{""disagreement_utility"":0.0}",ok,valid,[],"[""event_00000223""]",evaluation_receipt,episode_attempt_04c2634af407a1e1d684,39ff76ba3aba8c33d6b6bde1993d3f140512ee27f435109df1005ac9bdb9ba64,true
result_cfd4f1720d60a88ba7db3394,runplan_37e4b51f14a1cb6a,cell_8101b5c4ccbf5635357d,housing_v1__experiment__000001,housing_v1,housing_controlled_model_landlords_experiment,episode_attempt_04c2634af407a1e1d684,39ff76ba3aba8c33d6b6bde1993d3f140512ee27f435109df1005ac9bdb9ba64,included,housing_social_welfare_leaf,1.0.0,social_welfare,1.0.0,capture,tenant_5,tenant_5,0.0,utility_points,"{""disagreement_utility"":0.0}",ok,valid,[],"[""event_00000223""]",evaluation_receipt,episode_attempt_04c2634af407a1e1d684,39ff76ba3aba8c33d6b6bde1993d3f140512ee27f435109df1005ac9bdb9ba64,true
result_f397a66c6ef3b72a8ced4f21,runplan_37e4b51f14a1cb6a,cell_9321b99e64f981a82a9c,housing_v1__experiment__000002,housing_v1,housing_controlled_model_landlords_experiment,episode_attempt_aa601aa751a8007edb1a,af8d3b6ac88cabf107f9cb80f1c1d887cc13b429dc8e5db54e6538988cdd1559,included,housing_social_welfare_leaf,1.0.0,social_welfare,1.0.0,primary,social_welfare,,1436.66,utility_points,{},ok,valid,[],"[""event_00000271""]",evaluation_receipt,episode_attempt_aa601aa751a8007edb1a,af8d3b6ac88cabf107f9cb80f1c1d887cc13b429dc8e5db54e6538988cdd1559,true
result_45eb48700277ce38dcc18601,runplan_37e4b51f14a1cb6a,cell_9321b99e64f981a82a9c,housing_v1__experiment__000002,housing_v1,housing_controlled_model_landlords_experiment,episode_attempt_aa601aa751a8007edb1a,af8d3b6ac88cabf107f9cb80f1c1d887cc13b429dc8e5db54e6538988cdd1559,included,housing_social_welfare_leaf,1.0.0,social_welfare,1.0.0,metric,comparison_baseline_gap,,27.190000000000055,utility_points,{},ok,valid,[],"[""event_00000271""]",evaluation_receipt,episode_attempt_aa601aa751a8007edb1a,af8d3b6ac88cabf107f9cb80f1c1d887cc13b429dc8e5db54e6538988cdd1559,true
result_feb0ed6e3b5045cec7df4a14,runplan_37e4b51f14a1cb6a,cell_9321b99e64f981a82a9c,housing_v1__experiment__000002,housing_v1,housing_controlled_model_landlords_experiment,episode_attempt_aa601aa751a8007edb1a,af8d3b6ac88cabf107f9cb80f1c1d887cc13b429dc8e5db54e6538988cdd1559,included,housing_social_welfare_leaf,1.0.0,social_welfare,1.0.0,metric,ir_violation_count,,0.0,count,{},ok,valid,[],"[""event_00000271""]",evaluation_receipt,episode_attempt_aa601aa751a8007edb1a,af8d3b6ac88cabf107f9cb80f1c1d887cc13b429dc8e5db54e6538988cdd1559,true
result_5b949f59e3af2d3837f70685,runplan_37e4b51f14a1cb6a,cell_9321b99e64f981a82a9c,housing_v1__experiment__000002,housing_v1,housing_controlled_model_landlords_experiment,episode_attempt_aa601aa751a8007edb1a,af8d3b6ac88cabf107f9cb80f1c1d887cc13b429dc8e5db54e6538988cdd1559,included,housing_social_welfare_leaf,1.0.0,social_welfare,1.0.0,metric,social_welfare,,1436.66,utility_points,{},ok,valid,[],"[""event_00000271""]",evaluation_receipt,episode_attempt_aa601aa751a8007edb1a,af8d3b6ac88cabf107f9cb80f1c1d887cc13b429dc8e5db54e6538988cdd1559,true
result_62b30e4bf8b82a781ca63104,runplan_37e4b51f14a1cb6a,cell_9321b99e64f981a82a9c,housing_v1__experiment__000002,housing_v1,housing_controlled_model_landlords_experiment,episode_attempt_aa601aa751a8007edb1a,af8d3b6ac88cabf107f9cb80f1c1d887cc13b429dc8e5db54e6538988cdd1559,included,housing_social_welfare_leaf,1.0.0,social_welfare,1.0.0,metric,upper_bound_gap,,740.4799999999998,utility_points,{},ok,valid,[],"[""event_00000271""]",evaluation_receipt,episode_attempt_aa601aa751a8007edb1a,af8d3b6ac88cabf107f9cb80f1c1d887cc13b429dc8e5db54e6538988cdd1559,true
result_a5a1acf7e7fa73c1ba0bb3c4,runplan_37e4b51f14a1cb6a,cell_9321b99e64f981a82a9c,housing_v1__experiment__000002,housing_v1,housing_controlled_model_landlords_experiment,episode_attempt_aa601aa751a8007edb1a,af8d3b6ac88cabf107f9cb80f1c1d887cc13b429dc8e5db54e6538988cdd1559,included,housing_social_welfare_leaf,1.0.0,social_welfare,1.0.0,metric,wasted_contacts,,8.0,count,{},ok,valid,[],"[""event_00000271""]",evaluation_receipt,episode_attempt_aa601aa751a8007edb1a,af8d3b6ac88cabf107f9cb80f1c1d887cc13b429dc8e5db54e6538988cdd1559,true
result_48282f8394b29bfe7ae495ec,runplan_37e4b51f14a1cb6a,cell_9321b99e64f981a82a9c,housing_v1__experiment__000002,housing_v1,housing_controlled_model_landlords_experiment,episode_attempt_aa601aa751a8007edb1a,af8d3b6ac88cabf107f9cb80f1c1d887cc13b429dc8e5db54e6538988cdd1559,included,housing_social_welfare_leaf,1.0.0,social_welfare,1.0.0,metric,within_case_score,,0.6598840680893283,ratio,{},ok,valid,[],"[""event_00000271""]",evaluation_receipt,episode_attempt_aa601aa751a8007edb1a,af8d3b6ac88cabf107f9cb80f1c1d887cc13b429dc8e5db54e6538988cdd1559,true
result_23eb01b0f179b38d05d3598f,runplan_37e4b51f14a1cb6a,cell_9321b99e64f981a82a9c,housing_v1__experiment__000002,housing_v1,housing_controlled_model_landlords_experiment,episode_attempt_aa601aa751a8007edb1a,af8d3b6ac88cabf107f9cb80f1c1d887cc13b429dc8e5db54e6538988cdd1559,included,housing_social_welfare_leaf,1.0.0,social_welfare,1.0.0,reference,comparison_baseline,,1409.47,utility_points,"{""policy"":""naive"",""reference_kind"":""comparison_baseline""}",ok,valid,[],"[""event_00000271""]",evaluation_receipt,episode_attempt_aa601aa751a8007edb1a,af8d3b6ac88cabf107f9cb80f1c1d887cc13b429dc8e5db54e6538988cdd1559,true
result_3473e95b97a99a5e3923ee26,runplan_37e4b51f14a1cb6a,cell_9321b99e64f981a82a9c,housing_v1__experiment__000002,housing_v1,housing_controlled_model_landlords_experiment,episode_attempt_aa601aa751a8007edb1a,af8d3b6ac88cabf107f9cb80f1c1d887cc13b429dc8e5db54e6538988cdd1559,included,housing_social_welfare_leaf,1.0.0,social_welfare,1.0.0,reference,optimum_lower_bound,,0.0,utility_points,"{""policy"":""do_nothing"",""reference_kind"":""objective_lower_bound""}",ok,valid,[],"[""event_00000271""]",evaluation_receipt,episode_attempt_aa601aa751a8007edb1a,af8d3b6ac88cabf107f9cb80f1c1d887cc13b429dc8e5db54e6538988cdd1559,true
result_9031351dc55e34b4a3a5f158,runplan_37e4b51f14a1cb6a,cell_9321b99e64f981a82a9c,housing_v1__experiment__000002,housing_v1,housing_controlled_model_landlords_experiment,episode_attempt_aa601aa751a8007edb1a,af8d3b6ac88cabf107f9cb80f1c1d887cc13b429dc8e5db54e6538988cdd1559,included,housing_social_welfare_leaf,1.0.0,social_welfare,1.0.0,reference,optimum_upper_bound,,2177.14,utility_points,"{""reference_kind"":""objective_upper_bound"",""semantics"":""full_information_allocation_relaxation""}",ok,valid,[],"[""event_00000271""]",evaluation_receipt,episode_attempt_aa601aa751a8007edb1a,af8d3b6ac88cabf107f9cb80f1c1d887cc13b429dc8e5db54e6538988cdd1559,true
result_f335b7209419d21a110ae38e,runplan_37e4b51f14a1cb6a,cell_9321b99e64f981a82a9c,housing_v1__experiment__000002,housing_v1,housing_controlled_model_landlords_experiment,episode_attempt_aa601aa751a8007edb1a,af8d3b6ac88cabf107f9cb80f1c1d887cc13b429dc8e5db54e6538988cdd1559,included,housing_social_welfare_leaf,1.0.0,social_welfare,1.0.0,utility,landlord_0,landlord_0,76.2,utility_points,"{""disagreement_utility"":0.0}",ok,valid,[],"[""event_00000271""]",evaluation_receipt,episode_attempt_aa601aa751a8007edb1a,af8d3b6ac88cabf107f9cb80f1c1d887cc13b429dc8e5db54e6538988cdd1559,true
result_1e93457856e2918aca1b9e72,runplan_37e4b51f14a1cb6a,cell_9321b99e64f981a82a9c,housing_v1__experiment__000002,housing_v1,housing_controlled_model_landlords_experiment,episode_attempt_aa601aa751a8007edb1a,af8d3b6ac88cabf107f9cb80f1c1d887cc13b429dc8e5db54e6538988cdd1559,included,housing_social_welfare_leaf,1.0.0,social_welfare,1.0.0,utility,landlord_1,landlord_1,0.0,utility_points,"{""disagreement_utility"":0.0}",ok,valid,[],"[""event_00000271""]",evaluation_receipt,episode_attempt_aa601aa751a8007edb1a,af8d3b6ac88cabf107f9cb80f1c1d887cc13b429dc8e5db54e6538988cdd1559,true
result_55c8833caf01f8ab144ee101,runplan_37e4b51f14a1cb6a,cell_9321b99e64f981a82a9c,housing_v1__experiment__000002,housing_v1,housing_controlled_model_landlords_experiment,episode_attempt_aa601aa751a8007edb1a,af8d3b6ac88cabf107f9cb80f1c1d887cc13b429dc8e5db54e6538988cdd1559,included,housing_social_welfare_leaf,1.0.0,social_welfare,1.0.0,utility,landlord_2,landlord_2,36.43,utility_points,"{""disagreement_utility"":0.0}",ok,valid,[],"[""event_00000271""]",evaluation_receipt,episode_attempt_aa601aa751a8007edb1a,af8d3b6ac88cabf107f9cb80f1c1d887cc13b429dc8e5db54e6538988cdd1559,true
result_8d6b09677789f15b23e0bb0a,runplan_37e4b51f14a1cb6a,cell_9321b99e64f981a82a9c,housing_v1__experiment__000002,housing_v1,housing_controlled_model_landlords_experiment,episode_attempt_aa601aa751a8007edb1a,af8d3b6ac88cabf107f9cb80f1c1d887cc13b429dc8e5db54e6538988cdd1559,included,housing_social_welfare_leaf,1.0.0,social_welfare,1.0.0,utility,landlord_3,landlord_3,429.13,utility_points,"{""disagreement_utility"":0.0}",ok,valid,[],"[""event_00000271""]",evaluation_receipt,episode_attempt_aa601aa751a8007edb1a,af8d3b6ac88cabf107f9cb80f1c1d887cc13b429dc8e5db54e6538988cdd1559,true
result_32afd988bf4966f8a06ba5c2,runplan_37e4b51f14a1cb6a,cell_9321b99e64f981a82a9c,housing_v1__experiment__000002,housing_v1,housing_controlled_model_landlords_experiment,episode_attempt_aa601aa751a8007edb1a,af8d3b6ac88cabf107f9cb80f1c1d887cc13b429dc8e5db54e6538988cdd1559,included,housing_social_welfare_leaf,1.0.0,social_welfare,1.0.0,utility,landlord_4,landlord_4,0.0,utility_points,"{""disagreement_utility"":0.0}",ok,valid,[],"[""event_00000271""]",evaluation_receipt,episode_attempt_aa601aa751a8007edb1a,af8d3b6ac88cabf107f9cb80f1c1d887cc13b429dc8e5db54e6538988cdd1559,true
result_cc4a3f2e1c67231db1b63323,runplan_37e4b51f14a1cb6a,cell_9321b99e64f981a82a9c,housing_v1__experiment__000002,housing_v1,housing_controlled_model_landlords_experiment,episode_attempt_aa601aa751a8007edb1a,af8d3b6ac88cabf107f9cb80f1c1d887cc13b429dc8e5db54e6538988cdd1559,included,housing_social_welfare_leaf,1.0.0,social_welfare,1.0.0,utility,tenant_0,tenant_0,362.75,utility_points,"{""disagreement_utility"":0.0}",ok,valid,[],"[""event_00000271""]",evaluation_receipt,episode_attempt_aa601aa751a8007edb1a,af8d3b6ac88cabf107f9cb80f1c1d887cc13b429dc8e5db54e6538988cdd1559,true
result_797880ad48b68794f5fe8f58,runplan_37e4b51f14a1cb6a,cell_9321b99e64f981a82a9c,housing_v1__experiment__000002,housing_v1,housing_controlled_model_landlords_experiment,episode_attempt_aa601aa751a8007edb1a,af8d3b6ac88cabf107f9cb80f1c1d887cc13b429dc8e5db54e6538988cdd1559,included,housing_social_welfare_leaf,1.0.0,social_welfare,1.0.0,utility,tenant_1,tenant_1,0.0,utility_points,"{""disagreement_utility"":0.0}",ok,valid,[],"[""event_00000271""]",evaluation_receipt,episode_attempt_aa601aa751a8007edb1a,af8d3b6ac88cabf107f9cb80f1c1d887cc13b429dc8e5db54e6538988cdd1559,true
result_7103512a80cf0e8340b053ed,runplan_37e4b51f14a1cb6a,cell_9321b99e64f981a82a9c,housing_v1__experiment__000002,housing_v1,housing_controlled_model_landlords_experiment,episode_attempt_aa601aa751a8007edb1a,af8d3b6ac88cabf107f9cb80f1c1d887cc13b429dc8e5db54e6538988cdd1559,included,housing_social_welfare_leaf,1.0.0,social_welfare,1.0.0,utility,tenant_2,tenant_2,134.16,utility_points,"{""disagreement_utility"":0.0}",ok,valid,[],"[""event_00000271""]",evaluation_receipt,episode_attempt_aa601aa751a8007edb1a,af8d3b6ac88cabf107f9cb80f1c1d887cc13b429dc8e5db54e6538988cdd1559,true
result_ae445718221fa68c75f37500,runplan_37e4b51f14a1cb6a,cell_9321b99e64f981a82a9c,housing_v1__experiment__000002,housing_v1,housing_controlled_model_landlords_experiment,episode_attempt_aa601aa751a8007edb1a,af8d3b6ac88cabf107f9cb80f1c1d887cc13b429dc8e5db54e6538988cdd1559,included,housing_social_welfare_leaf,1.0.0,social_welfare,1.0.0,utility,tenant_3,tenant_3,0.0,utility_points,"{""disagreement_utility"":0.0}",ok,valid,[],"[""event_00000271""]",evaluation_receipt,episode_attempt_aa601aa751a8007edb1a,af8d3b6ac88cabf107f9cb80f1c1d887cc13b429dc8e5db54e6538988cdd1559,true
result_d23696e59ba7c4d1826d58af,runplan_37e4b51f14a1cb6a,cell_9321b99e64f981a82a9c,housing_v1__experiment__000002,housing_v1,housing_controlled_model_landlords_experiment,episode_attempt_aa601aa751a8007edb1a,af8d3b6ac88cabf107f9cb80f1c1d887cc13b429dc8e5db54e6538988cdd1559,included,housing_social_welfare_leaf,1.0.0,social_welfare,1.0.0,utility,tenant_4,tenant_4,0.0,utility_points,"{""disagreement_utility"":0.0}",ok,valid,[],"[""event_00000271""]",evaluation_receipt,episode_attempt_aa601aa751a8007edb1a,af8d3b6ac88cabf107f9cb80f1c1d887cc13b429dc8e5db54e6538988cdd1559,true
result_eb42d648a5ff5c17f32e53d9,runplan_37e4b51f14a1cb6a,cell_9321b99e64f981a82a9c,housing_v1__experiment__000002,housing_v1,housing_controlled_model_landlords_experiment,episode_attempt_aa601aa751a8007edb1a,af8d3b6ac88cabf107f9cb80f1c1d887cc13b429dc8e5db54e6538988cdd1559,included,housing_social_welfare_leaf,1.0.0,social_welfare,1.0.0,utility,tenant_5,tenant_5,397.99,utility_points,"{""disagreement_utility"":0.0}",ok,valid,[],"[""event_00000271""]",evaluation_receipt,episode_attempt_aa601aa751a8007edb1a,af8d3b6ac88cabf107f9cb80f1c1d887cc13b429dc8e5db54e6538988cdd1559,true
result_bd3cfd4f5fb2aa43b1d73fd6,runplan_37e4b51f14a1cb6a,cell_9321b99e64f981a82a9c,housing_v1__experiment__000002,housing_v1,housing_controlled_model_landlords_experiment,episode_attempt_aa601aa751a8007edb1a,af8d3b6ac88cabf107f9cb80f1c1d887cc13b429dc8e5db54e6538988cdd1559,included,housing_social_welfare_leaf,1.0.0,social_welfare,1.0.0,capture,landlord_0,landlord_0,76.2,utility_points,"{""disagreement_utility"":0.0}",ok,valid,[],"[""event_00000271""]",evaluation_receipt,episode_attempt_aa601aa751a8007edb1a,af8d3b6ac88cabf107f9cb80f1c1d887cc13b429dc8e5db54e6538988cdd1559,true
result_08a3fa8f6be8555faf5916c2,runplan_37e4b51f14a1cb6a,cell_9321b99e64f981a82a9c,housing_v1__experiment__000002,housing_v1,housing_controlled_model_landlords_experiment,episode_attempt_aa601aa751a8007edb1a,af8d3b6ac88cabf107f9cb80f1c1d887cc13b429dc8e5db54e6538988cdd1559,included,housing_social_welfare_leaf,1.0.0,social_welfare,1.0.0,capture,landlord_1,landlord_1,0.0,utility_points,"{""disagreement_utility"":0.0}",ok,valid,[],"[""event_00000271""]",evaluation_receipt,episode_attempt_aa601aa751a8007edb1a,af8d3b6ac88cabf107f9cb80f1c1d887cc13b429dc8e5db54e6538988cdd1559,true
result_90b9612fa47203e95223514f,runplan_37e4b51f14a1cb6a,cell_9321b99e64f981a82a9c,housing_v1__experiment__000002,housing_v1,housing_controlled_model_landlords_experiment,episode_attempt_aa601aa751a8007edb1a,af8d3b6ac88cabf107f9cb80f1c1d887cc13b429dc8e5db54e6538988cdd1559,included,housing_social_welfare_leaf,1.0.0,social_welfare,1.0.0,capture,landlord_2,landlord_2,36.43,utility_points,"{""disagreement_utility"":0.0}",ok,valid,[],"[""event_00000271""]",evaluation_receipt,episode_attempt_aa601aa751a8007edb1a,af8d3b6ac88cabf107f9cb80f1c1d887cc13b429dc8e5db54e6538988cdd1559,true
result_ad6c17bc2a6738ea192780a1,runplan_37e4b51f14a1cb6a,cell_9321b99e64f981a82a9c,housing_v1__experiment__000002,housing_v1,housing_controlled_model_landlords_experiment,episode_attempt_aa601aa751a8007edb1a,af8d3b6ac88cabf107f9cb80f1c1d887cc13b429dc8e5db54e6538988cdd1559,included,housing_social_welfare_leaf,1.0.0,social_welfare,1.0.0,capture,landlord_3,landlord_3,429.13,utility_points,"{""disagreement_utility"":0.0}",ok,valid,[],"[""event_00000271""]",evaluation_receipt,episode_attempt_aa601aa751a8007edb1a,af8d3b6ac88cabf107f9cb80f1c1d887cc13b429dc8e5db54e6538988cdd1559,true
result_c3507dca487fbd37a0b2ab69,runplan_37e4b51f14a1cb6a,cell_9321b99e64f981a82a9c,housing_v1__experiment__000002,housing_v1,housing_controlled_model_landlords_experiment,episode_attempt_aa601aa751a8007edb1a,af8d3b6ac88cabf107f9cb80f1c1d887cc13b429dc8e5db54e6538988cdd1559,included,housing_social_welfare_leaf,1.0.0,social_welfare,1.0.0,capture,landlord_4,landlord_4,0.0,utility_points,"{""disagreement_utility"":0.0}",ok,valid,[],"[""event_00000271""]",evaluation_receipt,episode_attempt_aa601aa751a8007edb1a,af8d3b6ac88cabf107f9cb80f1c1d887cc13b429dc8e5db54e6538988cdd1559,true
result_34eaae72e9c6db106fbc40d3,runplan_37e4b51f14a1cb6a,cell_9321b99e64f981a82a9c,housing_v1__experiment__000002,housing_v1,housing_controlled_model_landlords_experiment,episode_attempt_aa601aa751a8007edb1a,af8d3b6ac88cabf107f9cb80f1c1d887cc13b429dc8e5db54e6538988cdd1559,included,housing_social_welfare_leaf,1.0.0,social_welfare,1.0.0,capture,tenant_0,tenant_0,362.75,utility_points,"{""disagreement_utility"":0.0}",ok,valid,[],"[""event_00000271""]",evaluation_receipt,episode_attempt_aa601aa751a8007edb1a,af8d3b6ac88cabf107f9cb80f1c1d887cc13b429dc8e5db54e6538988cdd1559,true
result_7108ba0327322267962c36c6,runplan_37e4b51f14a1cb6a,cell_9321b99e64f981a82a9c,housing_v1__experiment__000002,housing_v1,housing_controlled_model_landlords_experiment,episode_attempt_aa601aa751a8007edb1a,af8d3b6ac88cabf107f9cb80f1c1d887cc13b429dc8e5db54e6538988cdd1559,included,housing_social_welfare_leaf,1.0.0,social_welfare,1.0.0,capture,tenant_1,tenant_1,0.0,utility_points,"{""disagreement_utility"":0.0}",ok,valid,[],"[""event_00000271""]",evaluation_receipt,episode_attempt_aa601aa751a8007edb1a,af8d3b6ac88cabf107f9cb80f1c1d887cc13b429dc8e5db54e6538988cdd1559,true
result_179f4bed8b0bd8ce5be4bca8,runplan_37e4b51f14a1cb6a,cell_9321b99e64f981a82a9c,housing_v1__experiment__000002,housing_v1,housing_controlled_model_landlords_experiment,episode_attempt_aa601aa751a8007edb1a,af8d3b6ac88cabf107f9cb80f1c1d887cc13b429dc8e5db54e6538988cdd1559,included,housing_social_welfare_leaf,1.0.0,social_welfare,1.0.0,capture,tenant_2,tenant_2,134.16,utility_points,"{""disagreement_utility"":0.0}",ok,valid,[],"[""event_00000271""]",evaluation_receipt,episode_attempt_aa601aa751a8007edb1a,af8d3b6ac88cabf107f9cb80f1c1d887cc13b429dc8e5db54e6538988cdd1559,true
result_a85f4a190c9922045e6cdcbb,runplan_37e4b51f14a1cb6a,cell_9321b99e64f981a82a9c,housing_v1__experiment__000002,housing_v1,housing_controlled_model_landlords_experiment,episode_attempt_aa601aa751a8007edb1a,af8d3b6ac88cabf107f9cb80f1c1d887cc13b429dc8e5db54e6538988cdd1559,included,housing_social_welfare_leaf,1.0.0,social_welfare,1.0.0,capture,tenant_3,tenant_3,0.0,utility_points,"{""disagreement_utility"":0.0}",ok,valid,[],"[""event_00000271""]",evaluation_receipt,episode_attempt_aa601aa751a8007edb1a,af8d3b6ac88cabf107f9cb80f1c1d887cc13b429dc8e5db54e6538988cdd1559,true
result_daff0777c4aa063167eea5ce,runplan_37e4b51f14a1cb6a,cell_9321b99e64f981a82a9c,housing_v1__experiment__000002,housing_v1,housing_controlled_model_landlords_experiment,episode_attempt_aa601aa751a8007edb1a,af8d3b6ac88cabf107f9cb80f1c1d887cc13b429dc8e5db54e6538988cdd1559,included,housing_social_welfare_leaf,1.0.0,social_welfare,1.0.0,capture,tenant_4,tenant_4,0.0,utility_points,"{""disagreement_utility"":0.0}",ok,valid,[],"[""event_00000271""]",evaluation_receipt,episode_attempt_aa601aa751a8007edb1a,af8d3b6ac88cabf107f9cb80f1c1d887cc13b429dc8e5db54e6538988cdd1559,true
result_9c8e149edf001a8333b3da48,runplan_37e4b51f14a1cb6a,cell_9321b99e64f981a82a9c,housing_v1__experiment__000002,housing_v1,housing_controlled_model_landlords_experiment,episode_attempt_aa601aa751a8007edb1a,af8d3b6ac88cabf107f9cb80f1c1d887cc13b429dc8e5db54e6538988cdd1559,included,housing_social_welfare_leaf,1.0.0,social_welfare,1.0.0,capture,tenant_5,tenant_5,397.99,utility_points,"{""disagreement_utility"":0.0}",ok,valid,[],"[""event_00000271""]",evaluation_receipt,episode_attempt_aa601aa751a8007edb1a,af8d3b6ac88cabf107f9cb80f1c1d887cc13b429dc8e5db54e6538988cdd1559,true
result_3b9fcda87292d22fa2fadb50,runplan_37e4b51f14a1cb6a,cell_d8030de485bd935617e1,housing_v1__experiment__000007,housing_v1,housing_controlled_model_landlords_experiment,episode_attempt_a0b15e10de5f6aedaa23,343e4b14bcf9c360f4a3ab01c469fcbc6cd415ea6cf6c705bef6d341ab88e2d8,included,housing_social_welfare_leaf,1.0.0,social_welfare,1.0.0,primary,social_welfare,,559.9,utility_points,{},ok,valid,[],"[""event_00000267""]",evaluation_receipt,episode_attempt_a0b15e10de5f6aedaa23,343e4b14bcf9c360f4a3ab01c469fcbc6cd415ea6cf6c705bef6d341ab88e2d8,true
result_569b87ef4d0d0065a973cc7a,runplan_37e4b51f14a1cb6a,cell_d8030de485bd935617e1,housing_v1__experiment__000007,housing_v1,housing_controlled_model_landlords_experiment,episode_attempt_a0b15e10de5f6aedaa23,343e4b14bcf9c360f4a3ab01c469fcbc6cd415ea6cf6c705bef6d341ab88e2d8,included,housing_social_welfare_leaf,1.0.0,social_welfare,1.0.0,metric,comparison_baseline_gap,,152.33999999999997,utility_points,{},ok,valid,[],"[""event_00000267""]",evaluation_receipt,episode_attempt_a0b15e10de5f6aedaa23,343e4b14bcf9c360f4a3ab01c469fcbc6cd415ea6cf6c705bef6d341ab88e2d8,true
result_b132e2a8e69eb57eeba43d55,runplan_37e4b51f14a1cb6a,cell_d8030de485bd935617e1,housing_v1__experiment__000007,housing_v1,housing_controlled_model_landlords_experiment,episode_attempt_a0b15e10de5f6aedaa23,343e4b14bcf9c360f4a3ab01c469fcbc6cd415ea6cf6c705bef6d341ab88e2d8,included,housing_social_welfare_leaf,1.0.0,social_welfare,1.0.0,metric,ir_violation_count,,0.0,count,{},ok,valid,[],"[""event_00000267""]",evaluation_receipt,episode_attempt_a0b15e10de5f6aedaa23,343e4b14bcf9c360f4a3ab01c469fcbc6cd415ea6cf6c705bef6d341ab88e2d8,true
result_5128f6fd7f6363f1c59d84ad,runplan_37e4b51f14a1cb6a,cell_d8030de485bd935617e1,housing_v1__experiment__000007,housing_v1,housing_controlled_model_landlords_experiment,episode_attempt_a0b15e10de5f6aedaa23,343e4b14bcf9c360f4a3ab01c469fcbc6cd415ea6cf6c705bef6d341ab88e2d8,included,housing_social_welfare_leaf,1.0.0,social_welfare,1.0.0,metric,social_welfare,,559.9,utility_points,{},ok,valid,[],"[""event_00000267""]",evaluation_receipt,episode_attempt_a0b15e10de5f6aedaa23,343e4b14bcf9c360f4a3ab01c469fcbc6cd415ea6cf6c705bef6d341ab88e2d8,true
result_76e817672b43beca124135a5,runplan_37e4b51f14a1cb6a,cell_d8030de485bd935617e1,housing_v1__experiment__000007,housing_v1,housing_controlled_model_landlords_experiment,episode_attempt_a0b15e10de5f6aedaa23,343e4b14bcf9c360f4a3ab01c469fcbc6cd415ea6cf6c705bef6d341ab88e2d8,included,housing_social_welfare_leaf,1.0.0,social_welfare,1.0.0,metric,upper_bound_gap,,123.62,utility_points,{},ok,valid,[],"[""event_00000267""]",evaluation_receipt,episode_attempt_a0b15e10de5f6aedaa23,343e4b14bcf9c360f4a3ab01c469fcbc6cd415ea6cf6c705bef6d341ab88e2d8,true
result_2e38185bc746f2dc27e01c18,runplan_37e4b51f14a1cb6a,cell_d8030de485bd935617e1,housing_v1__experiment__000007,housing_v1,housing_controlled_model_landlords_experiment,episode_attempt_a0b15e10de5f6aedaa23,343e4b14bcf9c360f4a3ab01c469fcbc6cd415ea6cf6c705bef6d341ab88e2d8,included,housing_social_welfare_leaf,1.0.0,social_welfare,1.0.0,metric,wasted_contacts,,7.0,count,{},ok,valid,[],"[""event_00000267""]",evaluation_receipt,episode_attempt_a0b15e10de5f6aedaa23,343e4b14bcf9c360f4a3ab01c469fcbc6cd415ea6cf6c705bef6d341ab88e2d8,true
result_0fd9624d00d31ed948ef578d,runplan_37e4b51f14a1cb6a,cell_d8030de485bd935617e1,housing_v1__experiment__000007,housing_v1,housing_controlled_model_landlords_experiment,episode_attempt_a0b15e10de5f6aedaa23,343e4b14bcf9c360f4a3ab01c469fcbc6cd415ea6cf6c705bef6d341ab88e2d8,included,housing_social_welfare_leaf,1.0.0,social_welfare,1.0.0,metric,within_case_score,,0.8191420880149812,ratio,{},ok,valid,[],"[""event_00000267""]",evaluation_receipt,episode_attempt_a0b15e10de5f6aedaa23,343e4b14bcf9c360f4a3ab01c469fcbc6cd415ea6cf6c705bef6d341ab88e2d8,true
result_1b574e1c4f8d3bf36f843d33,runplan_37e4b51f14a1cb6a,cell_d8030de485bd935617e1,housing_v1__experiment__000007,housing_v1,housing_controlled_model_landlords_experiment,episode_attempt_a0b15e10de5f6aedaa23,343e4b14bcf9c360f4a3ab01c469fcbc6cd415ea6cf6c705bef6d341ab88e2d8,included,housing_social_welfare_leaf,1.0.0,social_welfare,1.0.0,reference,comparison_baseline,,407.56,utility_points,"{""policy"":""naive"",""reference_kind"":""comparison_baseline""}",ok,valid,[],"[""event_00000267""]",evaluation_receipt,episode_attempt_a0b15e10de5f6aedaa23,343e4b14bcf9c360f4a3ab01c469fcbc6cd415ea6cf6c705bef6d341ab88e2d8,true
result_5062b19d6022880453d7a060,runplan_37e4b51f14a1cb6a,cell_d8030de485bd935617e1,housing_v1__experiment__000007,housing_v1,housing_controlled_model_landlords_experiment,episode_attempt_a0b15e10de5f6aedaa23,343e4b14bcf9c360f4a3ab01c469fcbc6cd415ea6cf6c705bef6d341ab88e2d8,included,housing_social_welfare_leaf,1.0.0,social_welfare,1.0.0,reference,optimum_lower_bound,,0.0,utility_points,"{""policy"":""do_nothing"",""reference_kind"":""objective_lower_bound""}",ok,valid,[],"[""event_00000267""]",evaluation_receipt,episode_attempt_a0b15e10de5f6aedaa23,343e4b14bcf9c360f4a3ab01c469fcbc6cd415ea6cf6c705bef6d341ab88e2d8,true
result_c7ce10667b260ed036007289,runplan_37e4b51f14a1cb6a,cell_d8030de485bd935617e1,housing_v1__experiment__000007,housing_v1,housing_controlled_model_landlords_experiment,episode_attempt_a0b15e10de5f6aedaa23,343e4b14bcf9c360f4a3ab01c469fcbc6cd415ea6cf6c705bef6d341ab88e2d8,included,housing_social_welfare_leaf,1.0.0,social_welfare,1.0.0,reference,optimum_upper_bound,,683.52,utility_points,"{""reference_kind"":""objective_upper_bound"",""semantics"":""full_information_allocation_relaxation""}",ok,valid,[],"[""event_00000267""]",evaluation_receipt,episode_attempt_a0b15e10de5f6aedaa23,343e4b14bcf9c360f4a3ab01c469fcbc6cd415ea6cf6c705bef6d341ab88e2d8,true
result_539673594f5feb496d1eb26c,runplan_37e4b51f14a1cb6a,cell_d8030de485bd935617e1,housing_v1__experiment__000007,housing_v1,housing_controlled_model_landlords_experiment,episode_attempt_a0b15e10de5f6aedaa23,343e4b14bcf9c360f4a3ab01c469fcbc6cd415ea6cf6c705bef6d341ab88e2d8,included,housing_social_welfare_leaf,1.0.0,social_welfare,1.0.0,utility,landlord_0,landlord_0,158.64,utility_points,"{""disagreement_utility"":0.0}",ok,valid,[],"[""event_00000267""]",evaluation_receipt,episode_attempt_a0b15e10de5f6aedaa23,343e4b14bcf9c360f4a3ab01c469fcbc6cd415ea6cf6c705bef6d341ab88e2d8,true
result_771419866e10a14fd12c591e,runplan_37e4b51f14a1cb6a,cell_d8030de485bd935617e1,housing_v1__experiment__000007,housing_v1,housing_controlled_model_landlords_experiment,episode_attempt_a0b15e10de5f6aedaa23,343e4b14bcf9c360f4a3ab01c469fcbc6cd415ea6cf6c705bef6d341ab88e2d8,included,housing_social_welfare_leaf,1.0.0,social_welfare,1.0.0,utility,landlord_1,landlord_1,0.0,utility_points,"{""disagreement_utility"":0.0}",ok,valid,[],"[""event_00000267""]",evaluation_receipt,episode_attempt_a0b15e10de5f6aedaa23,343e4b14bcf9c360f4a3ab01c469fcbc6cd415ea6cf6c705bef6d341ab88e2d8,true
result_8a0e8fd0a9a23926274745ee,runplan_37e4b51f14a1cb6a,cell_d8030de485bd935617e1,housing_v1__experiment__000007,housing_v1,housing_controlled_model_landlords_experiment,episode_attempt_a0b15e10de5f6aedaa23,343e4b14bcf9c360f4a3ab01c469fcbc6cd415ea6cf6c705bef6d341ab88e2d8,included,housing_social_welfare_leaf,1.0.0,social_welfare,1.0.0,utility,landlord_2,landlord_2,113.37,utility_points,"{""disagreement_utility"":0.0}",ok,valid,[],"[""event_00000267""]",evaluation_receipt,episode_attempt_a0b15e10de5f6aedaa23,343e4b14bcf9c360f4a3ab01c469fcbc6cd415ea6cf6c705bef6d341ab88e2d8,true
result_5ba511f5574d35d011175616,runplan_37e4b51f14a1cb6a,cell_d8030de485bd935617e1,housing_v1__experiment__000007,housing_v1,housing_controlled_model_landlords_experiment,episode_attempt_a0b15e10de5f6aedaa23,343e4b14bcf9c360f4a3ab01c469fcbc6cd415ea6cf6c705bef6d341ab88e2d8,included,housing_social_welfare_leaf,1.0.0,social_welfare,1.0.0,utility,landlord_3,landlord_3,124.7,utility_points,"{""disagreement_utility"":0.0}",ok,valid,[],"[""event_00000267""]",evaluation_receipt,episode_attempt_a0b15e10de5f6aedaa23,343e4b14bcf9c360f4a3ab01c469fcbc6cd415ea6cf6c705bef6d341ab88e2d8,true
result_303ad43511d05f1dd602f9aa,runplan_37e4b51f14a1cb6a,cell_d8030de485bd935617e1,housing_v1__experiment__000007,housing_v1,housing_controlled_model_landlords_experiment,episode_attempt_a0b15e10de5f6aedaa23,343e4b14bcf9c360f4a3ab01c469fcbc6cd415ea6cf6c705bef6d341ab88e2d8,included,housing_social_welfare_leaf,1.0.0,social_welfare,1.0.0,utility,landlord_4,landlord_4,38.4,utility_points,"{""disagreement_utility"":0.0}",ok,valid,[],"[""event_00000267""]",evaluation_receipt,episode_attempt_a0b15e10de5f6aedaa23,343e4b14bcf9c360f4a3ab01c469fcbc6cd415ea6cf6c705bef6d341ab88e2d8,true
result_c061d982ef73a9b9e48818d2,runplan_37e4b51f14a1cb6a,cell_d8030de485bd935617e1,housing_v1__experiment__000007,housing_v1,housing_controlled_model_landlords_experiment,episode_attempt_a0b15e10de5f6aedaa23,343e4b14bcf9c360f4a3ab01c469fcbc6cd415ea6cf6c705bef6d341ab88e2d8,included,housing_social_welfare_leaf,1.0.0,social_welfare,1.0.0,utility,tenant_0,tenant_0,0.0,utility_points,"{""disagreement_utility"":0.0}",ok,valid,[],"[""event_00000267""]",evaluation_receipt,episode_attempt_a0b15e10de5f6aedaa23,343e4b14bcf9c360f4a3ab01c469fcbc6cd415ea6cf6c705bef6d341ab88e2d8,true
result_c2a1cb7159122cb2a73288ba,runplan_37e4b51f14a1cb6a,cell_d8030de485bd935617e1,housing_v1__experiment__000007,housing_v1,housing_controlled_model_landlords_experiment,episode_attempt_a0b15e10de5f6aedaa23,343e4b14bcf9c360f4a3ab01c469fcbc6cd415ea6cf6c705bef6d341ab88e2d8,included,housing_social_welfare_leaf,1.0.0,social_welfare,1.0.0,utility,tenant_1,tenant_1,17.81,utility_points,"{""disagreement_utility"":0.0}",ok,valid,[],"[""event_00000267""]",evaluation_receipt,episode_attempt_a0b15e10de5f6aedaa23,343e4b14bcf9c360f4a3ab01c469fcbc6cd415ea6cf6c705bef6d341ab88e2d8,true
result_84995fadd04994f08a489a1f,runplan_37e4b51f14a1cb6a,cell_d8030de485bd935617e1,housing_v1__experiment__000007,housing_v1,housing_controlled_model_landlords_experiment,episode_attempt_a0b15e10de5f6aedaa23,343e4b14bcf9c360f4a3ab01c469fcbc6cd415ea6cf6c705bef6d341ab88e2d8,included,housing_social_welfare_leaf,1.0.0,social_welfare,1.0.0,utility,tenant_2,tenant_2,0.0,utility_points,"{""disagreement_utility"":0.0}",ok,valid,[],"[""event_00000267""]",evaluation_receipt,episode_attempt_a0b15e10de5f6aedaa23,343e4b14bcf9c360f4a3ab01c469fcbc6cd415ea6cf6c705bef6d341ab88e2d8,true
result_d5ce69ae70a8974d89e2836a,runplan_37e4b51f14a1cb6a,cell_d8030de485bd935617e1,housing_v1__experiment__000007,housing_v1,housing_controlled_model_landlords_experiment,episode_attempt_a0b15e10de5f6aedaa23,343e4b14bcf9c360f4a3ab01c469fcbc6cd415ea6cf6c705bef6d341ab88e2d8,included,housing_social_welfare_leaf,1.0.0,social_welfare,1.0.0,utility,tenant_3,tenant_3,77.34,utility_points,"{""disagreement_utility"":0.0}",ok,valid,[],"[""event_00000267""]",evaluation_receipt,episode_attempt_a0b15e10de5f6aedaa23,343e4b14bcf9c360f4a3ab01c469fcbc6cd415ea6cf6c705bef6d341ab88e2d8,true
result_2de9369c5bc03d723561dacf,runplan_37e4b51f14a1cb6a,cell_d8030de485bd935617e1,housing_v1__experiment__000007,housing_v1,housing_controlled_model_landlords_experiment,episode_attempt_a0b15e10de5f6aedaa23,343e4b14bcf9c360f4a3ab01c469fcbc6cd415ea6cf6c705bef6d341ab88e2d8,included,housing_social_welfare_leaf,1.0.0,social_welfare,1.0.0,utility,tenant_4,tenant_4,29.64,utility_points,"{""disagreement_utility"":0.0}",ok,valid,[],"[""event_00000267""]",evaluation_receipt,episode_attempt_a0b15e10de5f6aedaa23,343e4b14bcf9c360f4a3ab01c469fcbc6cd415ea6cf6c705bef6d341ab88e2d8,true
result_c60cac91ef12010916145049,runplan_37e4b51f14a1cb6a,cell_d8030de485bd935617e1,housing_v1__experiment__000007,housing_v1,housing_controlled_model_landlords_experiment,episode_attempt_a0b15e10de5f6aedaa23,343e4b14bcf9c360f4a3ab01c469fcbc6cd415ea6cf6c705bef6d341ab88e2d8,included,housing_social_welfare_leaf,1.0.0,social_welfare,1.0.0,utility,tenant_5,tenant_5,0.0,utility_points,"{""disagreement_utility"":0.0}",ok,valid,[],"[""event_00000267""]",evaluation_receipt,episode_attempt_a0b15e10de5f6aedaa23,343e4b14bcf9c360f4a3ab01c469fcbc6cd415ea6cf6c705bef6d341ab88e2d8,true
result_5574ad3d38c87b12df5c8bd2,runplan_37e4b51f14a1cb6a,cell_d8030de485bd935617e1,housing_v1__experiment__000007,housing_v1,housing_controlled_model_landlords_experiment,episode_attempt_a0b15e10de5f6aedaa23,343e4b14bcf9c360f4a3ab01c469fcbc6cd415ea6cf6c705bef6d341ab88e2d8,included,housing_social_welfare_leaf,1.0.0,social_welfare,1.0.0,capture,landlord_0,landlord_0,158.64,utility_points,"{""disagreement_utility"":0.0}",ok,valid,[],"[""event_00000267""]",evaluation_receipt,episode_attempt_a0b15e10de5f6aedaa23,343e4b14bcf9c360f4a3ab01c469fcbc6cd415ea6cf6c705bef6d341ab88e2d8,true
result_439b14f7f0cc91eaf06255a4,runplan_37e4b51f14a1cb6a,cell_d8030de485bd935617e1,housing_v1__experiment__000007,housing_v1,housing_controlled_model_landlords_experiment,episode_attempt_a0b15e10de5f6aedaa23,343e4b14bcf9c360f4a3ab01c469fcbc6cd415ea6cf6c705bef6d341ab88e2d8,included,housing_social_welfare_leaf,1.0.0,social_welfare,1.0.0,capture,landlord_1,landlord_1,0.0,utility_points,"{""disagreement_utility"":0.0}",ok,valid,[],"[""event_00000267""]",evaluation_receipt,episode_attempt_a0b15e10de5f6aedaa23,343e4b14bcf9c360f4a3ab01c469fcbc6cd415ea6cf6c705bef6d341ab88e2d8,true
result_cb5b1859418c5f71e3a98280,runplan_37e4b51f14a1cb6a,cell_d8030de485bd935617e1,housing_v1__experiment__000007,housing_v1,housing_controlled_model_landlords_experiment,episode_attempt_a0b15e10de5f6aedaa23,343e4b14bcf9c360f4a3ab01c469fcbc6cd415ea6cf6c705bef6d341ab88e2d8,included,housing_social_welfare_leaf,1.0.0,social_welfare,1.0.0,capture,landlord_2,landlord_2,113.37,utility_points,"{""disagreement_utility"":0.0}",ok,valid,[],"[""event_00000267""]",evaluation_receipt,episode_attempt_a0b15e10de5f6aedaa23,343e4b14bcf9c360f4a3ab01c469fcbc6cd415ea6cf6c705bef6d341ab88e2d8,true
result_86aae08c87aa760e97429575,runplan_37e4b51f14a1cb6a,cell_d8030de485bd935617e1,housing_v1__experiment__000007,housing_v1,housing_controlled_model_landlords_experiment,episode_attempt_a0b15e10de5f6aedaa23,343e4b14bcf9c360f4a3ab01c469fcbc6cd415ea6cf6c705bef6d341ab88e2d8,included,housing_social_welfare_leaf,1.0.0,social_welfare,1.0.0,capture,landlord_3,landlord_3,124.7,utility_points,"{""disagreement_utility"":0.0}",ok,valid,[],"[""event_00000267""]",evaluation_receipt,episode_attempt_a0b15e10de5f6aedaa23,343e4b14bcf9c360f4a3ab01c469fcbc6cd415ea6cf6c705bef6d341ab88e2d8,true
result_d14477df9d9c7ad18659e6f8,runplan_37e4b51f14a1cb6a,cell_d8030de485bd935617e1,housing_v1__experiment__000007,housing_v1,housing_controlled_model_landlords_experiment,episode_attempt_a0b15e10de5f6aedaa23,343e4b14bcf9c360f4a3ab01c469fcbc6cd415ea6cf6c705bef6d341ab88e2d8,included,housing_social_welfare_leaf,1.0.0,social_welfare,1.0.0,capture,landlord_4,landlord_4,38.4,utility_points,"{""disagreement_utility"":0.0}",ok,valid,[],"[""event_00000267""]",evaluation_receipt,episode_attempt_a0b15e10de5f6aedaa23,343e4b14bcf9c360f4a3ab01c469fcbc6cd415ea6cf6c705bef6d341ab88e2d8,true
result_9903f1e877aa24acd7fd193c,runplan_37e4b51f14a1cb6a,cell_d8030de485bd935617e1,housing_v1__experiment__000007,housing_v1,housing_controlled_model_landlords_experiment,episode_attempt_a0b15e10de5f6aedaa23,343e4b14bcf9c360f4a3ab01c469fcbc6cd415ea6cf6c705bef6d341ab88e2d8,included,housing_social_welfare_leaf,1.0.0,social_welfare,1.0.0,capture,tenant_0,tenant_0,0.0,utility_points,"{""disagreement_utility"":0.0}",ok,valid,[],"[""event_00000267""]",evaluation_receipt,episode_attempt_a0b15e10de5f6aedaa23,343e4b14bcf9c360f4a3ab01c469fcbc6cd415ea6cf6c705bef6d341ab88e2d8,true
result_8fa7fd05a50b22cde40957b0,runplan_37e4b51f14a1cb6a,cell_d8030de485bd935617e1,housing_v1__experiment__000007,housing_v1,housing_controlled_model_landlords_experiment,episode_attempt_a0b15e10de5f6aedaa23,343e4b14bcf9c360f4a3ab01c469fcbc6cd415ea6cf6c705bef6d341ab88e2d8,included,housing_social_welfare_leaf,1.0.0,social_welfare,1.0.0,capture,tenant_1,tenant_1,17.81,utility_points,"{""disagreement_utility"":0.0}",ok,valid,[],"[""event_00000267""]",evaluation_receipt,episode_attempt_a0b15e10de5f6aedaa23,343e4b14bcf9c360f4a3ab01c469fcbc6cd415ea6cf6c705bef6d341ab88e2d8,true
result_623c0c9696eb52c35e6a0d57,runplan_37e4b51f14a1cb6a,cell_d8030de485bd935617e1,housing_v1__experiment__000007,housing_v1,housing_controlled_model_landlords_experiment,episode_attempt_a0b15e10de5f6aedaa23,343e4b14bcf9c360f4a3ab01c469fcbc6cd415ea6cf6c705bef6d341ab88e2d8,included,housing_social_welfare_leaf,1.0.0,social_welfare,1.0.0,capture,tenant_2,tenant_2,0.0,utility_points,"{""disagreement_utility"":0.0}",ok,valid,[],"[""event_00000267""]",evaluation_receipt,episode_attempt_a0b15e10de5f6aedaa23,343e4b14bcf9c360f4a3ab01c469fcbc6cd415ea6cf6c705bef6d341ab88e2d8,true
result_226c1008a67256830b129a92,runplan_37e4b51f14a1cb6a,cell_d8030de485bd935617e1,housing_v1__experiment__000007,housing_v1,housing_controlled_model_landlords_experiment,episode_attempt_a0b15e10de5f6aedaa23,343e4b14bcf9c360f4a3ab01c469fcbc6cd415ea6cf6c705bef6d341ab88e2d8,included,housing_social_welfare_leaf,1.0.0,social_welfare,1.0.0,capture,tenant_3,tenant_3,77.34,utility_points,"{""disagreement_utility"":0.0}",ok,valid,[],"[""event_00000267""]",evaluation_receipt,episode_attempt_a0b15e10de5f6aedaa23,343e4b14bcf9c360f4a3ab01c469fcbc6cd415ea6cf6c705bef6d341ab88e2d8,true
result_1cc1b1ead7cb9e63988b65b3,runplan_37e4b51f14a1cb6a,cell_d8030de485bd935617e1,housing_v1__experiment__000007,housing_v1,housing_controlled_model_landlords_experiment,episode_attempt_a0b15e10de5f6aedaa23,343e4b14bcf9c360f4a3ab01c469fcbc6cd415ea6cf6c705bef6d341ab88e2d8,included,housing_social_welfare_leaf,1.0.0,social_welfare,1.0.0,capture,tenant_4,tenant_4,29.64,utility_points,"{""disagreement_utility"":0.0}",ok,valid,[],"[""event_00000267""]",evaluation_receipt,episode_attempt_a0b15e10de5f6aedaa23,343e4b14bcf9c360f4a3ab01c469fcbc6cd415ea6cf6c705bef6d341ab88e2d8,true
result_afc68cfaacc08f6b78b53259,runplan_37e4b51f14a1cb6a,cell_d8030de485bd935617e1,housing_v1__experiment__000007,housing_v1,housing_controlled_model_landlords_experiment,episode_attempt_a0b15e10de5f6aedaa23,343e4b14bcf9c360f4a3ab01c469fcbc6cd415ea6cf6c705bef6d341ab88e2d8,included,housing_social_welfare_leaf,1.0.0,social_welfare,1.0.0,capture,tenant_5,tenant_5,0.0,utility_points,"{""disagreement_utility"":0.0}",ok,valid,[],"[""event_00000267""]",evaluation_receipt,episode_attempt_a0b15e10de5f6aedaa23,343e4b14bcf9c360f4a3ab01c469fcbc6cd415ea6cf6c705bef6d341ab88e2d8,true
result_53787ef422137c4320bbbda8,runplan_37e4b51f14a1cb6a,cell_e01ec04cd8dade6c669a,housing_v1__experiment__000008,housing_v1,housing_controlled_model_landlords_experiment,episode_attempt_530c80a229159958e183,25d83a4660952e2dc4ba5fd68786630e8e9c79a1069b8c06e958c2ded3af8fe1,included,housing_social_welfare_leaf,1.0.0,social_welfare,1.0.0,primary,social_welfare,,1186.49,utility_points,{},ok,valid,[],"[""event_00000251""]",evaluation_receipt,episode_attempt_530c80a229159958e183,25d83a4660952e2dc4ba5fd68786630e8e9c79a1069b8c06e958c2ded3af8fe1,true
result_aac64ef265a82b2076b03119,runplan_37e4b51f14a1cb6a,cell_e01ec04cd8dade6c669a,housing_v1__experiment__000008,housing_v1,housing_controlled_model_landlords_experiment,episode_attempt_530c80a229159958e183,25d83a4660952e2dc4ba5fd68786630e8e9c79a1069b8c06e958c2ded3af8fe1,included,housing_social_welfare_leaf,1.0.0,social_welfare,1.0.0,metric,comparison_baseline_gap,,234.20000000000005,utility_points,{},ok,valid,[],"[""event_00000251""]",evaluation_receipt,episode_attempt_530c80a229159958e183,25d83a4660952e2dc4ba5fd68786630e8e9c79a1069b8c06e958c2ded3af8fe1,true
result_f50d5a743446d66ff5045482,runplan_37e4b51f14a1cb6a,cell_e01ec04cd8dade6c669a,housing_v1__experiment__000008,housing_v1,housing_controlled_model_landlords_experiment,episode_attempt_530c80a229159958e183,25d83a4660952e2dc4ba5fd68786630e8e9c79a1069b8c06e958c2ded3af8fe1,included,housing_social_welfare_leaf,1.0.0,social_welfare,1.0.0,metric,ir_violation_count,,0.0,count,{},ok,valid,[],"[""event_00000251""]",evaluation_receipt,episode_attempt_530c80a229159958e183,25d83a4660952e2dc4ba5fd68786630e8e9c79a1069b8c06e958c2ded3af8fe1,true
result_73d604440825f18a359c9fe1,runplan_37e4b51f14a1cb6a,cell_e01ec04cd8dade6c669a,housing_v1__experiment__000008,housing_v1,housing_controlled_model_landlords_experiment,episode_attempt_530c80a229159958e183,25d83a4660952e2dc4ba5fd68786630e8e9c79a1069b8c06e958c2ded3af8fe1,included,housing_social_welfare_leaf,1.0.0,social_welfare,1.0.0,metric,social_welfare,,1186.49,utility_points,{},ok,valid,[],"[""event_00000251""]",evaluation_receipt,episode_attempt_530c80a229159958e183,25d83a4660952e2dc4ba5fd68786630e8e9c79a1069b8c06e958c2ded3af8fe1,true
result_724063b33b4f4e5decf885b6,runplan_37e4b51f14a1cb6a,cell_e01ec04cd8dade6c669a,housing_v1__experiment__000008,housing_v1,housing_controlled_model_landlords_experiment,episode_attempt_530c80a229159958e183,25d83a4660952e2dc4ba5fd68786630e8e9c79a1069b8c06e958c2ded3af8fe1,included,housing_social_welfare_leaf,1.0.0,social_welfare,1.0.0,metric,upper_bound_gap,,44.00999999999999,utility_points,{},ok,valid,[],"[""event_00000251""]",evaluation_receipt,episode_attempt_530c80a229159958e183,25d83a4660952e2dc4ba5fd68786630e8e9c79a1069b8c06e958c2ded3af8fe1,true
result_c9da2ad2760873335bcd5d45,runplan_37e4b51f14a1cb6a,cell_e01ec04cd8dade6c669a,housing_v1__experiment__000008,housing_v1,housing_controlled_model_landlords_experiment,episode_attempt_530c80a229159958e183,25d83a4660952e2dc4ba5fd68786630e8e9c79a1069b8c06e958c2ded3af8fe1,included,housing_social_welfare_leaf,1.0.0,social_welfare,1.0.0,metric,wasted_contacts,,7.0,count,{},ok,valid,[],"[""event_00000251""]",evaluation_receipt,episode_attempt_530c80a229159958e183,25d83a4660952e2dc4ba5fd68786630e8e9c79a1069b8c06e958c2ded3af8fe1,true
result_4de641eea0907f82950dd797,runplan_37e4b51f14a1cb6a,cell_e01ec04cd8dade6c669a,housing_v1__experiment__000008,housing_v1,housing_controlled_model_landlords_experiment,episode_attempt_530c80a229159958e183,25d83a4660952e2dc4ba5fd68786630e8e9c79a1069b8c06e958c2ded3af8fe1,included,housing_social_welfare_leaf,1.0.0,social_welfare,1.0.0,metric,within_case_score,,0.9642340511986998,ratio,{},ok,valid,[],"[""event_00000251""]",evaluation_receipt,episode_attempt_530c80a229159958e183,25d83a4660952e2dc4ba5fd68786630e8e9c79a1069b8c06e958c2ded3af8fe1,true
result_d94b0017ab1ac73d41ed8d19,runplan_37e4b51f14a1cb6a,cell_e01ec04cd8dade6c669a,housing_v1__experiment__000008,housing_v1,housing_controlled_model_landlords_experiment,episode_attempt_530c80a229159958e183,25d83a4660952e2dc4ba5fd68786630e8e9c79a1069b8c06e958c2ded3af8fe1,included,housing_social_welfare_leaf,1.0.0,social_welfare,1.0.0,reference,comparison_baseline,,952.29,utility_points,"{""policy"":""naive"",""reference_kind"":""comparison_baseline""}",ok,valid,[],"[""event_00000251""]",evaluation_receipt,episode_attempt_530c80a229159958e183,25d83a4660952e2dc4ba5fd68786630e8e9c79a1069b8c06e958c2ded3af8fe1,true
result_0125cea80f12c8ece17af2e5,runplan_37e4b51f14a1cb6a,cell_e01ec04cd8dade6c669a,housing_v1__experiment__000008,housing_v1,housing_controlled_model_landlords_experiment,episode_attempt_530c80a229159958e183,25d83a4660952e2dc4ba5fd68786630e8e9c79a1069b8c06e958c2ded3af8fe1,included,housing_social_welfare_leaf,1.0.0,social_welfare,1.0.0,reference,optimum_lower_bound,,0.0,utility_points,"{""policy"":""do_nothing"",""reference_kind"":""objective_lower_bound""}",ok,valid,[],"[""event_00000251""]",evaluation_receipt,episode_attempt_530c80a229159958e183,25d83a4660952e2dc4ba5fd68786630e8e9c79a1069b8c06e958c2ded3af8fe1,true
result_6cdea3d87ffc8f2a6a522738,runplan_37e4b51f14a1cb6a,cell_e01ec04cd8dade6c669a,housing_v1__experiment__000008,housing_v1,housing_controlled_model_landlords_experiment,episode_attempt_530c80a229159958e183,25d83a4660952e2dc4ba5fd68786630e8e9c79a1069b8c06e958c2ded3af8fe1,included,housing_social_welfare_leaf,1.0.0,social_welfare,1.0.0,reference,optimum_upper_bound,,1230.5,utility_points,"{""reference_kind"":""objective_upper_bound"",""semantics"":""full_information_allocation_relaxation""}",ok,valid,[],"[""event_00000251""]",evaluation_receipt,episode_attempt_530c80a229159958e183,25d83a4660952e2dc4ba5fd68786630e8e9c79a1069b8c06e958c2ded3af8fe1,true
result_b53bd0d465ef2f86c017417c,runplan_37e4b51f14a1cb6a,cell_e01ec04cd8dade6c669a,housing_v1__experiment__000008,housing_v1,housing_controlled_model_landlords_experiment,episode_attempt_530c80a229159958e183,25d83a4660952e2dc4ba5fd68786630e8e9c79a1069b8c06e958c2ded3af8fe1,included,housing_social_welfare_leaf,1.0.0,social_welfare,1.0.0,utility,landlord_0,landlord_0,0.0,utility_points,"{""disagreement_utility"":0.0}",ok,valid,[],"[""event_00000251""]",evaluation_receipt,episode_attempt_530c80a229159958e183,25d83a4660952e2dc4ba5fd68786630e8e9c79a1069b8c06e958c2ded3af8fe1,true
result_b728f5b9218682a84889309e,runplan_37e4b51f14a1cb6a,cell_e01ec04cd8dade6c669a,housing_v1__experiment__000008,housing_v1,housing_controlled_model_landlords_experiment,episode_attempt_530c80a229159958e183,25d83a4660952e2dc4ba5fd68786630e8e9c79a1069b8c06e958c2ded3af8fe1,included,housing_social_welfare_leaf,1.0.0,social_welfare,1.0.0,utility,landlord_1,landlord_1,50.51,utility_points,"{""disagreement_utility"":0.0}",ok,valid,[],"[""event_00000251""]",evaluation_receipt,episode_attempt_530c80a229159958e183,25d83a4660952e2dc4ba5fd68786630e8e9c79a1069b8c06e958c2ded3af8fe1,true
result_93d80efd39bbe86338a8b116,runplan_37e4b51f14a1cb6a,cell_e01ec04cd8dade6c669a,housing_v1__experiment__000008,housing_v1,housing_controlled_model_landlords_experiment,episode_attempt_530c80a229159958e183,25d83a4660952e2dc4ba5fd68786630e8e9c79a1069b8c06e958c2ded3af8fe1,included,housing_social_welfare_leaf,1.0.0,social_welfare,1.0.0,utility,landlord_2,landlord_2,0.0,utility_points,"{""disagreement_utility"":0.0}",ok,valid,[],"[""event_00000251""]",evaluation_receipt,episode_attempt_530c80a229159958e183,25d83a4660952e2dc4ba5fd68786630e8e9c79a1069b8c06e958c2ded3af8fe1,true
result_2a2345565e29ff3795ef0c75,runplan_37e4b51f14a1cb6a,cell_e01ec04cd8dade6c669a,housing_v1__experiment__000008,housing_v1,housing_controlled_model_landlords_experiment,episode_attempt_530c80a229159958e183,25d83a4660952e2dc4ba5fd68786630e8e9c79a1069b8c06e958c2ded3af8fe1,included,housing_social_welfare_leaf,1.0.0,social_welfare,1.0.0,utility,landlord_3,landlord_3,147.98,utility_points,"{""disagreement_utility"":0.0}",ok,valid,[],"[""event_00000251""]",evaluation_receipt,episode_attempt_530c80a229159958e183,25d83a4660952e2dc4ba5fd68786630e8e9c79a1069b8c06e958c2ded3af8fe1,true
result_8b8ace3bb011b72c1b1ed7d6,runplan_37e4b51f14a1cb6a,cell_e01ec04cd8dade6c669a,housing_v1__experiment__000008,housing_v1,housing_controlled_model_landlords_experiment,episode_attempt_530c80a229159958e183,25d83a4660952e2dc4ba5fd68786630e8e9c79a1069b8c06e958c2ded3af8fe1,included,housing_social_welfare_leaf,1.0.0,social_welfare,1.0.0,utility,landlord_4,landlord_4,234.91,utility_points,"{""disagreement_utility"":0.0}",ok,valid,[],"[""event_00000251""]",evaluation_receipt,episode_attempt_530c80a229159958e183,25d83a4660952e2dc4ba5fd68786630e8e9c79a1069b8c06e958c2ded3af8fe1,true
result_2ee622be49deb089b7df57c2,runplan_37e4b51f14a1cb6a,cell_e01ec04cd8dade6c669a,housing_v1__experiment__000008,housing_v1,housing_controlled_model_landlords_experiment,episode_attempt_530c80a229159958e183,25d83a4660952e2dc4ba5fd68786630e8e9c79a1069b8c06e958c2ded3af8fe1,included,housing_social_welfare_leaf,1.0.0,social_welfare,1.0.0,utility,tenant_0,tenant_0,109.9,utility_points,"{""disagreement_utility"":0.0}",ok,valid,[],"[""event_00000251""]",evaluation_receipt,episode_attempt_530c80a229159958e183,25d83a4660952e2dc4ba5fd68786630e8e9c79a1069b8c06e958c2ded3af8fe1,true
result_a1cb30e119947dbe4c66d097,runplan_37e4b51f14a1cb6a,cell_e01ec04cd8dade6c669a,housing_v1__experiment__000008,housing_v1,housing_controlled_model_landlords_experiment,episode_attempt_530c80a229159958e183,25d83a4660952e2dc4ba5fd68786630e8e9c79a1069b8c06e958c2ded3af8fe1,included,housing_social_welfare_leaf,1.0.0,social_welfare,1.0.0,utility,tenant_1,tenant_1,0.0,utility_points,"{""disagreement_utility"":0.0}",ok,valid,[],"[""event_00000251""]",evaluation_receipt,episode_attempt_530c80a229159958e183,25d83a4660952e2dc4ba5fd68786630e8e9c79a1069b8c06e958c2ded3af8fe1,true
result_5108fc0c6191e9c1ac64858b,runplan_37e4b51f14a1cb6a,cell_e01ec04cd8dade6c669a,housing_v1__experiment__000008,housing_v1,housing_controlled_model_landlords_experiment,episode_attempt_530c80a229159958e183,25d83a4660952e2dc4ba5fd68786630e8e9c79a1069b8c06e958c2ded3af8fe1,included,housing_social_welfare_leaf,1.0.0,social_welfare,1.0.0,utility,tenant_2,tenant_2,485.47,utility_points,"{""disagreement_utility"":0.0}",ok,valid,[],"[""event_00000251""]",evaluation_receipt,episode_attempt_530c80a229159958e183,25d83a4660952e2dc4ba5fd68786630e8e9c79a1069b8c06e958c2ded3af8fe1,true
result_f3006cc87d558671a647553b,runplan_37e4b51f14a1cb6a,cell_e01ec04cd8dade6c669a,housing_v1__experiment__000008,housing_v1,housing_controlled_model_landlords_experiment,episode_attempt_530c80a229159958e183,25d83a4660952e2dc4ba5fd68786630e8e9c79a1069b8c06e958c2ded3af8fe1,included,housing_social_welfare_leaf,1.0.0,social_welfare,1.0.0,utility,tenant_3,tenant_3,157.72,utility_points,"{""disagreement_utility"":0.0}",ok,valid,[],"[""event_00000251""]",evaluation_receipt,episode_attempt_530c80a229159958e183,25d83a4660952e2dc4ba5fd68786630e8e9c79a1069b8c06e958c2ded3af8fe1,true
result_f09c2e4318cc7fad9fab4d5e,runplan_37e4b51f14a1cb6a,cell_e01ec04cd8dade6c669a,housing_v1__experiment__000008,housing_v1,housing_controlled_model_landlords_experiment,episode_attempt_530c80a229159958e183,25d83a4660952e2dc4ba5fd68786630e8e9c79a1069b8c06e958c2ded3af8fe1,included,housing_social_welfare_leaf,1.0.0,social_welfare,1.0.0,utility,tenant_4,tenant_4,0.0,utility_points,"{""disagreement_utility"":0.0}",ok,valid,[],"[""event_00000251""]",evaluation_receipt,episode_attempt_530c80a229159958e183,25d83a4660952e2dc4ba5fd68786630e8e9c79a1069b8c06e958c2ded3af8fe1,true
result_d09c10284c867e0b82d27f1e,runplan_37e4b51f14a1cb6a,cell_e01ec04cd8dade6c669a,housing_v1__experiment__000008,housing_v1,housing_controlled_model_landlords_experiment,episode_attempt_530c80a229159958e183,25d83a4660952e2dc4ba5fd68786630e8e9c79a1069b8c06e958c2ded3af8fe1,included,housing_social_welfare_leaf,1.0.0,social_welfare,1.0.0,utility,tenant_5,tenant_5,0.0,utility_points,"{""disagreement_utility"":0.0}",ok,valid,[],"[""event_00000251""]",evaluation_receipt,episode_attempt_530c80a229159958e183,25d83a4660952e2dc4ba5fd68786630e8e9c79a1069b8c06e958c2ded3af8fe1,true
result_5e92d5dcc04948549845af02,runplan_37e4b51f14a1cb6a,cell_e01ec04cd8dade6c669a,housing_v1__experiment__000008,housing_v1,housing_controlled_model_landlords_experiment,episode_attempt_530c80a229159958e183,25d83a4660952e2dc4ba5fd68786630e8e9c79a1069b8c06e958c2ded3af8fe1,included,housing_social_welfare_leaf,1.0.0,social_welfare,1.0.0,capture,landlord_0,landlord_0,0.0,utility_points,"{""disagreement_utility"":0.0}",ok,valid,[],"[""event_00000251""]",evaluation_receipt,episode_attempt_530c80a229159958e183,25d83a4660952e2dc4ba5fd68786630e8e9c79a1069b8c06e958c2ded3af8fe1,true
result_8dcf84cd6f8ae61653be4380,runplan_37e4b51f14a1cb6a,cell_e01ec04cd8dade6c669a,housing_v1__experiment__000008,housing_v1,housing_controlled_model_landlords_experiment,episode_attempt_530c80a229159958e183,25d83a4660952e2dc4ba5fd68786630e8e9c79a1069b8c06e958c2ded3af8fe1,included,housing_social_welfare_leaf,1.0.0,social_welfare,1.0.0,capture,landlord_1,landlord_1,50.51,utility_points,"{""disagreement_utility"":0.0}",ok,valid,[],"[""event_00000251""]",evaluation_receipt,episode_attempt_530c80a229159958e183,25d83a4660952e2dc4ba5fd68786630e8e9c79a1069b8c06e958c2ded3af8fe1,true
result_44a4cc3aa825b3842d0c06f9,runplan_37e4b51f14a1cb6a,cell_e01ec04cd8dade6c669a,housing_v1__experiment__000008,housing_v1,housing_controlled_model_landlords_experiment,episode_attempt_530c80a229159958e183,25d83a4660952e2dc4ba5fd68786630e8e9c79a1069b8c06e958c2ded3af8fe1,included,housing_social_welfare_leaf,1.0.0,social_welfare,1.0.0,capture,landlord_2,landlord_2,0.0,utility_points,"{""disagreement_utility"":0.0}",ok,valid,[],"[""event_00000251""]",evaluation_receipt,episode_attempt_530c80a229159958e183,25d83a4660952e2dc4ba5fd68786630e8e9c79a1069b8c06e958c2ded3af8fe1,true
result_66b41a88694e41ae11084108,runplan_37e4b51f14a1cb6a,cell_e01ec04cd8dade6c669a,housing_v1__experiment__000008,housing_v1,housing_controlled_model_landlords_experiment,episode_attempt_530c80a229159958e183,25d83a4660952e2dc4ba5fd68786630e8e9c79a1069b8c06e958c2ded3af8fe1,included,housing_social_welfare_leaf,1.0.0,social_welfare,1.0.0,capture,landlord_3,landlord_3,147.98,utility_points,"{""disagreement_utility"":0.0}",ok,valid,[],"[""event_00000251""]",evaluation_receipt,episode_attempt_530c80a229159958e183,25d83a4660952e2dc4ba5fd68786630e8e9c79a1069b8c06e958c2ded3af8fe1,true
result_e13c5b893bb774809e6b8b73,runplan_37e4b51f14a1cb6a,cell_e01ec04cd8dade6c669a,housing_v1__experiment__000008,housing_v1,housing_controlled_model_landlords_experiment,episode_attempt_530c80a229159958e183,25d83a4660952e2dc4ba5fd68786630e8e9c79a1069b8c06e958c2ded3af8fe1,included,housing_social_welfare_leaf,1.0.0,social_welfare,1.0.0,capture,landlord_4,landlord_4,234.91,utility_points,"{""disagreement_utility"":0.0}",ok,valid,[],"[""event_00000251""]",evaluation_receipt,episode_attempt_530c80a229159958e183,25d83a4660952e2dc4ba5fd68786630e8e9c79a1069b8c06e958c2ded3af8fe1,true
result_5d5f5f5f2cd9c70269178e2a,runplan_37e4b51f14a1cb6a,cell_e01ec04cd8dade6c669a,housing_v1__experiment__000008,housing_v1,housing_controlled_model_landlords_experiment,episode_attempt_530c80a229159958e183,25d83a4660952e2dc4ba5fd68786630e8e9c79a1069b8c06e958c2ded3af8fe1,included,housing_social_welfare_leaf,1.0.0,social_welfare,1.0.0,capture,tenant_0,tenant_0,109.9,utility_points,"{""disagreement_utility"":0.0}",ok,valid,[],"[""event_00000251""]",evaluation_receipt,episode_attempt_530c80a229159958e183,25d83a4660952e2dc4ba5fd68786630e8e9c79a1069b8c06e958c2ded3af8fe1,true
result_6c957ddf7302c867179b22d0,runplan_37e4b51f14a1cb6a,cell_e01ec04cd8dade6c669a,housing_v1__experiment__000008,housing_v1,housing_controlled_model_landlords_experiment,episode_attempt_530c80a229159958e183,25d83a4660952e2dc4ba5fd68786630e8e9c79a1069b8c06e958c2ded3af8fe1,included,housing_social_welfare_leaf,1.0.0,social_welfare,1.0.0,capture,tenant_1,tenant_1,0.0,utility_points,"{""disagreement_utility"":0.0}",ok,valid,[],"[""event_00000251""]",evaluation_receipt,episode_attempt_530c80a229159958e183,25d83a4660952e2dc4ba5fd68786630e8e9c79a1069b8c06e958c2ded3af8fe1,true
result_06575018f24f950944ded8b8,runplan_37e4b51f14a1cb6a,cell_e01ec04cd8dade6c669a,housing_v1__experiment__000008,housing_v1,housing_controlled_model_landlords_experiment,episode_attempt_530c80a229159958e183,25d83a4660952e2dc4ba5fd68786630e8e9c79a1069b8c06e958c2ded3af8fe1,included,housing_social_welfare_leaf,1.0.0,social_welfare,1.0.0,capture,tenant_2,tenant_2,485.47,utility_points,"{""disagreement_utility"":0.0}",ok,valid,[],"[""event_00000251""]",evaluation_receipt,episode_attempt_530c80a229159958e183,25d83a4660952e2dc4ba5fd68786630e8e9c79a1069b8c06e958c2ded3af8fe1,true
result_e5c494449977d67692b1e2b9,runplan_37e4b51f14a1cb6a,cell_e01ec04cd8dade6c669a,housing_v1__experiment__000008,housing_v1,housing_controlled_model_landlords_experiment,episode_attempt_530c80a229159958e183,25d83a4660952e2dc4ba5fd68786630e8e9c79a1069b8c06e958c2ded3af8fe1,included,housing_social_welfare_leaf,1.0.0,social_welfare,1.0.0,capture,tenant_3,tenant_3,157.72,utility_points,"{""disagreement_utility"":0.0}",ok,valid,[],"[""event_00000251""]",evaluation_receipt,episode_attempt_530c80a229159958e183,25d83a4660952e2dc4ba5fd68786630e8e9c79a1069b8c06e958c2ded3af8fe1,true
result_5319fda66755374d9aeb118e,runplan_37e4b51f14a1cb6a,cell_e01ec04cd8dade6c669a,housing_v1__experiment__000008,housing_v1,housing_controlled_model_landlords_experiment,episode_attempt_530c80a229159958e183,25d83a4660952e2dc4ba5fd68786630e8e9c79a1069b8c06e958c2ded3af8fe1,included,housing_social_welfare_leaf,1.0.0,social_welfare,1.0.0,capture,tenant_4,tenant_4,0.0,utility_points,"{""disagreement_utility"":0.0}",ok,valid,[],"[""event_00000251""]",evaluation_receipt,episode_attempt_530c80a229159958e183,25d83a4660952e2dc4ba5fd68786630e8e9c79a1069b8c06e958c2ded3af8fe1,true
result_f0f40a5dad6c898d0dce8081,runplan_37e4b51f14a1cb6a,cell_e01ec04cd8dade6c669a,housing_v1__experiment__000008,housing_v1,housing_controlled_model_landlords_experiment,episode_attempt_530c80a229159958e183,25d83a4660952e2dc4ba5fd68786630e8e9c79a1069b8c06e958c2ded3af8fe1,included,housing_social_welfare_leaf,1.0.0,social_welfare,1.0.0,capture,tenant_5,tenant_5,0.0,utility_points,"{""disagreement_utility"":0.0}",ok,valid,[],"[""event_00000251""]",evaluation_receipt,episode_attempt_530c80a229159958e183,25d83a4660952e2dc4ba5fd68786630e8e9c79a1069b8c06e958c2ded3af8fe1,true
result_1024b8b984fbf73f538b7eee,runplan_37e4b51f14a1cb6a,cell_e1e58cd115c7ebf0ee63,housing_v1__experiment__000006,housing_v1,housing_controlled_model_landlords_experiment,episode_attempt_85bca740380c024db331,c981c042b529ec616f7abc358176d3f7979f2fb42960d52b9b26d15fce65c85d,included,housing_social_welfare_leaf,1.0.0,social_welfare,1.0.0,primary,social_welfare,,1519.81,utility_points,{},ok,valid,[],"[""event_00000251""]",evaluation_receipt,episode_attempt_85bca740380c024db331,c981c042b529ec616f7abc358176d3f7979f2fb42960d52b9b26d15fce65c85d,true
result_d21d6a53ca597b10c27bb58b,runplan_37e4b51f14a1cb6a,cell_e1e58cd115c7ebf0ee63,housing_v1__experiment__000006,housing_v1,housing_controlled_model_landlords_experiment,episode_attempt_85bca740380c024db331,c981c042b529ec616f7abc358176d3f7979f2fb42960d52b9b26d15fce65c85d,included,housing_social_welfare_leaf,1.0.0,social_welfare,1.0.0,metric,comparison_baseline_gap,,-46.75,utility_points,{},ok,valid,[],"[""event_00000251""]",evaluation_receipt,episode_attempt_85bca740380c024db331,c981c042b529ec616f7abc358176d3f7979f2fb42960d52b9b26d15fce65c85d,true
result_ff8b4d30f4147eb169332d08,runplan_37e4b51f14a1cb6a,cell_e1e58cd115c7ebf0ee63,housing_v1__experiment__000006,housing_v1,housing_controlled_model_landlords_experiment,episode_attempt_85bca740380c024db331,c981c042b529ec616f7abc358176d3f7979f2fb42960d52b9b26d15fce65c85d,included,housing_social_welfare_leaf,1.0.0,social_welfare,1.0.0,metric,ir_violation_count,,0.0,count,{},ok,valid,[],"[""event_00000251""]",evaluation_receipt,episode_attempt_85bca740380c024db331,c981c042b529ec616f7abc358176d3f7979f2fb42960d52b9b26d15fce65c85d,true
result_ed7f20c15be3ed3b47cb5576,runplan_37e4b51f14a1cb6a,cell_e1e58cd115c7ebf0ee63,housing_v1__experiment__000006,housing_v1,housing_controlled_model_landlords_experiment,episode_attempt_85bca740380c024db331,c981c042b529ec616f7abc358176d3f7979f2fb42960d52b9b26d15fce65c85d,included,housing_social_welfare_leaf,1.0.0,social_welfare,1.0.0,metric,social_welfare,,1519.81,utility_points,{},ok,valid,[],"[""event_00000251""]",evaluation_receipt,episode_attempt_85bca740380c024db331,c981c042b529ec616f7abc358176d3f7979f2fb42960d52b9b26d15fce65c85d,true
result_5a143f1575c3d4a2d56972bd,runplan_37e4b51f14a1cb6a,cell_e1e58cd115c7ebf0ee63,housing_v1__experiment__000006,housing_v1,housing_controlled_model_landlords_experiment,episode_attempt_85bca740380c024db331,c981c042b529ec616f7abc358176d3f7979f2fb42960d52b9b26d15fce65c85d,included,housing_social_welfare_leaf,1.0.0,social_welfare,1.0.0,metric,upper_bound_gap,,118.54999999999995,utility_points,{},ok,valid,[],"[""event_00000251""]",evaluation_receipt,episode_attempt_85bca740380c024db331,c981c042b529ec616f7abc358176d3f7979f2fb42960d52b9b26d15fce65c85d,true
result_6fd9bf778a8ae9664e826a07,runplan_37e4b51f14a1cb6a,cell_e1e58cd115c7ebf0ee63,housing_v1__experiment__000006,housing_v1,housing_controlled_model_landlords_experiment,episode_attempt_85bca740380c024db331,c981c042b529ec616f7abc358176d3f7979f2fb42960d52b9b26d15fce65c85d,included,housing_social_welfare_leaf,1.0.0,social_welfare,1.0.0,metric,wasted_contacts,,7.0,count,{},ok,valid,[],"[""event_00000251""]",evaluation_receipt,episode_attempt_85bca740380c024db331,c981c042b529ec616f7abc358176d3f7979f2fb42960d52b9b26d15fce65c85d,true
result_6e6f87f74721ec91cd4c1e60,runplan_37e4b51f14a1cb6a,cell_e1e58cd115c7ebf0ee63,housing_v1__experiment__000006,housing_v1,housing_controlled_model_landlords_experiment,episode_attempt_85bca740380c024db331,c981c042b529ec616f7abc358176d3f7979f2fb42960d52b9b26d15fce65c85d,included,housing_social_welfare_leaf,1.0.0,social_welfare,1.0.0,metric,within_case_score,,0.9276410556898362,ratio,{},ok,valid,[],"[""event_00000251""]",evaluation_receipt,episode_attempt_85bca740380c024db331,c981c042b529ec616f7abc358176d3f7979f2fb42960d52b9b26d15fce65c85d,true
result_796019e23f4a5eecdfe3b3f2,runplan_37e4b51f14a1cb6a,cell_e1e58cd115c7ebf0ee63,housing_v1__experiment__000006,housing_v1,housing_controlled_model_landlords_experiment,episode_attempt_85bca740380c024db331,c981c042b529ec616f7abc358176d3f7979f2fb42960d52b9b26d15fce65c85d,included,housing_social_welfare_leaf,1.0.0,social_welfare,1.0.0,reference,comparison_baseline,,1566.56,utility_points,"{""policy"":""naive"",""reference_kind"":""comparison_baseline""}",ok,valid,[],"[""event_00000251""]",evaluation_receipt,episode_attempt_85bca740380c024db331,c981c042b529ec616f7abc358176d3f7979f2fb42960d52b9b26d15fce65c85d,true
result_cd084cac79f93964af9e2d18,runplan_37e4b51f14a1cb6a,cell_e1e58cd115c7ebf0ee63,housing_v1__experiment__000006,housing_v1,housing_controlled_model_landlords_experiment,episode_attempt_85bca740380c024db331,c981c042b529ec616f7abc358176d3f7979f2fb42960d52b9b26d15fce65c85d,included,housing_social_welfare_leaf,1.0.0,social_welfare,1.0.0,reference,optimum_lower_bound,,0.0,utility_points,"{""policy"":""do_nothing"",""reference_kind"":""objective_lower_bound""}",ok,valid,[],"[""event_00000251""]",evaluation_receipt,episode_attempt_85bca740380c024db331,c981c042b529ec616f7abc358176d3f7979f2fb42960d52b9b26d15fce65c85d,true
result_e25062724b50362bb9cf3483,runplan_37e4b51f14a1cb6a,cell_e1e58cd115c7ebf0ee63,housing_v1__experiment__000006,housing_v1,housing_controlled_model_landlords_experiment,episode_attempt_85bca740380c024db331,c981c042b529ec616f7abc358176d3f7979f2fb42960d52b9b26d15fce65c85d,included,housing_social_welfare_leaf,1.0.0,social_welfare,1.0.0,reference,optimum_upper_bound,,1638.36,utility_points,"{""reference_kind"":""objective_upper_bound"",""semantics"":""full_information_allocation_relaxation""}",ok,valid,[],"[""event_00000251""]",evaluation_receipt,episode_attempt_85bca740380c024db331,c981c042b529ec616f7abc358176d3f7979f2fb42960d52b9b26d15fce65c85d,true
result_b35db7ba9fb80e957bda608a,runplan_37e4b51f14a1cb6a,cell_e1e58cd115c7ebf0ee63,housing_v1__experiment__000006,housing_v1,housing_controlled_model_landlords_experiment,episode_attempt_85bca740380c024db331,c981c042b529ec616f7abc358176d3f7979f2fb42960d52b9b26d15fce65c85d,included,housing_social_welfare_leaf,1.0.0,social_welfare,1.0.0,utility,landlord_0,landlord_0,0.0,utility_points,"{""disagreement_utility"":0.0}",ok,valid,[],"[""event_00000251""]",evaluation_receipt,episode_attempt_85bca740380c024db331,c981c042b529ec616f7abc358176d3f7979f2fb42960d52b9b26d15fce65c85d,true
result_a4ed3acf03126e10efd24b31,runplan_37e4b51f14a1cb6a,cell_e1e58cd115c7ebf0ee63,housing_v1__experiment__000006,housing_v1,housing_controlled_model_landlords_experiment,episode_attempt_85bca740380c024db331,c981c042b529ec616f7abc358176d3f7979f2fb42960d52b9b26d15fce65c85d,included,housing_social_welfare_leaf,1.0.0,social_welfare,1.0.0,utility,landlord_1,landlord_1,100.73,utility_points,"{""disagreement_utility"":0.0}",ok,valid,[],"[""event_00000251""]",evaluation_receipt,episode_attempt_85bca740380c024db331,c981c042b529ec616f7abc358176d3f7979f2fb42960d52b9b26d15fce65c85d,true
result_d102abb31feb11ca0012861c,runplan_37e4b51f14a1cb6a,cell_e1e58cd115c7ebf0ee63,housing_v1__experiment__000006,housing_v1,housing_controlled_model_landlords_experiment,episode_attempt_85bca740380c024db331,c981c042b529ec616f7abc358176d3f7979f2fb42960d52b9b26d15fce65c85d,included,housing_social_welfare_leaf,1.0.0,social_welfare,1.0.0,utility,landlord_2,landlord_2,76.53,utility_points,"{""disagreement_utility"":0.0}",ok,valid,[],"[""event_00000251""]",evaluation_receipt,episode_attempt_85bca740380c024db331,c981c042b529ec616f7abc358176d3f7979f2fb42960d52b9b26d15fce65c85d,true
result_d9e982d60b17a94b4cf268af,runplan_37e4b51f14a1cb6a,cell_e1e58cd115c7ebf0ee63,housing_v1__experiment__000006,housing_v1,housing_controlled_model_landlords_experiment,episode_attempt_85bca740380c024db331,c981c042b529ec616f7abc358176d3f7979f2fb42960d52b9b26d15fce65c85d,included,housing_social_welfare_leaf,1.0.0,social_welfare,1.0.0,utility,landlord_3,landlord_3,44.83,utility_points,"{""disagreement_utility"":0.0}",ok,valid,[],"[""event_00000251""]",evaluation_receipt,episode_attempt_85bca740380c024db331,c981c042b529ec616f7abc358176d3f7979f2fb42960d52b9b26d15fce65c85d,true
result_cbdcbda7545ad07aa2e03bc2,runplan_37e4b51f14a1cb6a,cell_e1e58cd115c7ebf0ee63,housing_v1__experiment__000006,housing_v1,housing_controlled_model_landlords_experiment,episode_attempt_85bca740380c024db331,c981c042b529ec616f7abc358176d3f7979f2fb42960d52b9b26d15fce65c85d,included,housing_social_welfare_leaf,1.0.0,social_welfare,1.0.0,utility,landlord_4,landlord_4,0.0,utility_points,"{""disagreement_utility"":0.0}",ok,valid,[],"[""event_00000251""]",evaluation_receipt,episode_attempt_85bca740380c024db331,c981c042b529ec616f7abc358176d3f7979f2fb42960d52b9b26d15fce65c85d,true
result_b663bc1a35c263ff29c5ef24,runplan_37e4b51f14a1cb6a,cell_e1e58cd115c7ebf0ee63,housing_v1__experiment__000006,housing_v1,housing_controlled_model_landlords_experiment,episode_attempt_85bca740380c024db331,c981c042b529ec616f7abc358176d3f7979f2fb42960d52b9b26d15fce65c85d,included,housing_social_welfare_leaf,1.0.0,social_welfare,1.0.0,utility,tenant_0,tenant_0,0.0,utility_points,"{""disagreement_utility"":0.0}",ok,valid,[],"[""event_00000251""]",evaluation_receipt,episode_attempt_85bca740380c024db331,c981c042b529ec616f7abc358176d3f7979f2fb42960d52b9b26d15fce65c85d,true
result_083348eb288d86763233880f,runplan_37e4b51f14a1cb6a,cell_e1e58cd115c7ebf0ee63,housing_v1__experiment__000006,housing_v1,housing_controlled_model_landlords_experiment,episode_attempt_85bca740380c024db331,c981c042b529ec616f7abc358176d3f7979f2fb42960d52b9b26d15fce65c85d,included,housing_social_welfare_leaf,1.0.0,social_welfare,1.0.0,utility,tenant_1,tenant_1,0.0,utility_points,"{""disagreement_utility"":0.0}",ok,valid,[],"[""event_00000251""]",evaluation_receipt,episode_attempt_85bca740380c024db331,c981c042b529ec616f7abc358176d3f7979f2fb42960d52b9b26d15fce65c85d,true
result_6d80e090120f7a95ca802881,runplan_37e4b51f14a1cb6a,cell_e1e58cd115c7ebf0ee63,housing_v1__experiment__000006,housing_v1,housing_controlled_model_landlords_experiment,episode_attempt_85bca740380c024db331,c981c042b529ec616f7abc358176d3f7979f2fb42960d52b9b26d15fce65c85d,included,housing_social_welfare_leaf,1.0.0,social_welfare,1.0.0,utility,tenant_2,tenant_2,549.76,utility_points,"{""disagreement_utility"":0.0}",ok,valid,[],"[""event_00000251""]",evaluation_receipt,episode_attempt_85bca740380c024db331,c981c042b529ec616f7abc358176d3f7979f2fb42960d52b9b26d15fce65c85d,true
result_746bfee8c60be64923d444ae,runplan_37e4b51f14a1cb6a,cell_e1e58cd115c7ebf0ee63,housing_v1__experiment__000006,housing_v1,housing_controlled_model_landlords_experiment,episode_attempt_85bca740380c024db331,c981c042b529ec616f7abc358176d3f7979f2fb42960d52b9b26d15fce65c85d,included,housing_social_welfare_leaf,1.0.0,social_welfare,1.0.0,utility,tenant_3,tenant_3,210.44,utility_points,"{""disagreement_utility"":0.0}",ok,valid,[],"[""event_00000251""]",evaluation_receipt,episode_attempt_85bca740380c024db331,c981c042b529ec616f7abc358176d3f7979f2fb42960d52b9b26d15fce65c85d,true
result_2eae8cf2043b9d4968c6442e,runplan_37e4b51f14a1cb6a,cell_e1e58cd115c7ebf0ee63,housing_v1__experiment__000006,housing_v1,housing_controlled_model_landlords_experiment,episode_attempt_85bca740380c024db331,c981c042b529ec616f7abc358176d3f7979f2fb42960d52b9b26d15fce65c85d,included,housing_social_welfare_leaf,1.0.0,social_welfare,1.0.0,utility,tenant_4,tenant_4,537.52,utility_points,"{""disagreement_utility"":0.0}",ok,valid,[],"[""event_00000251""]",evaluation_receipt,episode_attempt_85bca740380c024db331,c981c042b529ec616f7abc358176d3f7979f2fb42960d52b9b26d15fce65c85d,true
result_7eac4c08d9543edac159018b,runplan_37e4b51f14a1cb6a,cell_e1e58cd115c7ebf0ee63,housing_v1__experiment__000006,housing_v1,housing_controlled_model_landlords_experiment,episode_attempt_85bca740380c024db331,c981c042b529ec616f7abc358176d3f7979f2fb42960d52b9b26d15fce65c85d,included,housing_social_welfare_leaf,1.0.0,social_welfare,1.0.0,utility,tenant_5,tenant_5,0.0,utility_points,"{""disagreement_utility"":0.0}",ok,valid,[],"[""event_00000251""]",evaluation_receipt,episode_attempt_85bca740380c024db331,c981c042b529ec616f7abc358176d3f7979f2fb42960d52b9b26d15fce65c85d,true
result_21407022ea0a8b2df6d59184,runplan_37e4b51f14a1cb6a,cell_e1e58cd115c7ebf0ee63,housing_v1__experiment__000006,housing_v1,housing_controlled_model_landlords_experiment,episode_attempt_85bca740380c024db331,c981c042b529ec616f7abc358176d3f7979f2fb42960d52b9b26d15fce65c85d,included,housing_social_welfare_leaf,1.0.0,social_welfare,1.0.0,capture,landlord_0,landlord_0,0.0,utility_points,"{""disagreement_utility"":0.0}",ok,valid,[],"[""event_00000251""]",evaluation_receipt,episode_attempt_85bca740380c024db331,c981c042b529ec616f7abc358176d3f7979f2fb42960d52b9b26d15fce65c85d,true
result_1c1f57023410144ad69d70a4,runplan_37e4b51f14a1cb6a,cell_e1e58cd115c7ebf0ee63,housing_v1__experiment__000006,housing_v1,housing_controlled_model_landlords_experiment,episode_attempt_85bca740380c024db331,c981c042b529ec616f7abc358176d3f7979f2fb42960d52b9b26d15fce65c85d,included,housing_social_welfare_leaf,1.0.0,social_welfare,1.0.0,capture,landlord_1,landlord_1,100.73,utility_points,"{""disagreement_utility"":0.0}",ok,valid,[],"[""event_00000251""]",evaluation_receipt,episode_attempt_85bca740380c024db331,c981c042b529ec616f7abc358176d3f7979f2fb42960d52b9b26d15fce65c85d,true
result_070b658f672b71a93baaf539,runplan_37e4b51f14a1cb6a,cell_e1e58cd115c7ebf0ee63,housing_v1__experiment__000006,housing_v1,housing_controlled_model_landlords_experiment,episode_attempt_85bca740380c024db331,c981c042b529ec616f7abc358176d3f7979f2fb42960d52b9b26d15fce65c85d,included,housing_social_welfare_leaf,1.0.0,social_welfare,1.0.0,capture,landlord_2,landlord_2,76.53,utility_points,"{""disagreement_utility"":0.0}",ok,valid,[],"[""event_00000251""]",evaluation_receipt,episode_attempt_85bca740380c024db331,c981c042b529ec616f7abc358176d3f7979f2fb42960d52b9b26d15fce65c85d,true
result_3eb5b377d2c8dd8eed418968,runplan_37e4b51f14a1cb6a,cell_e1e58cd115c7ebf0ee63,housing_v1__experiment__000006,housing_v1,housing_controlled_model_landlords_experiment,episode_attempt_85bca740380c024db331,c981c042b529ec616f7abc358176d3f7979f2fb42960d52b9b26d15fce65c85d,included,housing_social_welfare_leaf,1.0.0,social_welfare,1.0.0,capture,landlord_3,landlord_3,44.83,utility_points,"{""disagreement_utility"":0.0}",ok,valid,[],"[""event_00000251""]",evaluation_receipt,episode_attempt_85bca740380c024db331,c981c042b529ec616f7abc358176d3f7979f2fb42960d52b9b26d15fce65c85d,true
result_5974dc71b2eddd05e5389b82,runplan_37e4b51f14a1cb6a,cell_e1e58cd115c7ebf0ee63,housing_v1__experiment__000006,housing_v1,housing_controlled_model_landlords_experiment,episode_attempt_85bca740380c024db331,c981c042b529ec616f7abc358176d3f7979f2fb42960d52b9b26d15fce65c85d,included,housing_social_welfare_leaf,1.0.0,social_welfare,1.0.0,capture,landlord_4,landlord_4,0.0,utility_points,"{""disagreement_utility"":0.0}",ok,valid,[],"[""event_00000251""]",evaluation_receipt,episode_attempt_85bca740380c024db331,c981c042b529ec616f7abc358176d3f7979f2fb42960d52b9b26d15fce65c85d,true
result_7c40f1cf2ccb5813e643ac17,runplan_37e4b51f14a1cb6a,cell_e1e58cd115c7ebf0ee63,housing_v1__experiment__000006,housing_v1,housing_controlled_model_landlords_experiment,episode_attempt_85bca740380c024db331,c981c042b529ec616f7abc358176d3f7979f2fb42960d52b9b26d15fce65c85d,included,housing_social_welfare_leaf,1.0.0,social_welfare,1.0.0,capture,tenant_0,tenant_0,0.0,utility_points,"{""disagreement_utility"":0.0}",ok,valid,[],"[""event_00000251""]",evaluation_receipt,episode_attempt_85bca740380c024db331,c981c042b529ec616f7abc358176d3f7979f2fb42960d52b9b26d15fce65c85d,true
result_fce23b100d309125d60d4496,runplan_37e4b51f14a1cb6a,cell_e1e58cd115c7ebf0ee63,housing_v1__experiment__000006,housing_v1,housing_controlled_model_landlords_experiment,episode_attempt_85bca740380c024db331,c981c042b529ec616f7abc358176d3f7979f2fb42960d52b9b26d15fce65c85d,included,housing_social_welfare_leaf,1.0.0,social_welfare,1.0.0,capture,tenant_1,tenant_1,0.0,utility_points,"{""disagreement_utility"":0.0}",ok,valid,[],"[""event_00000251""]",evaluation_receipt,episode_attempt_85bca740380c024db331,c981c042b529ec616f7abc358176d3f7979f2fb42960d52b9b26d15fce65c85d,true
result_b5f22eeb3e7420be663efc2c,runplan_37e4b51f14a1cb6a,cell_e1e58cd115c7ebf0ee63,housing_v1__experiment__000006,housing_v1,housing_controlled_model_landlords_experiment,episode_attempt_85bca740380c024db331,c981c042b529ec616f7abc358176d3f7979f2fb42960d52b9b26d15fce65c85d,included,housing_social_welfare_leaf,1.0.0,social_welfare,1.0.0,capture,tenant_2,tenant_2,549.76,utility_points,"{""disagreement_utility"":0.0}",ok,valid,[],"[""event_00000251""]",evaluation_receipt,episode_attempt_85bca740380c024db331,c981c042b529ec616f7abc358176d3f7979f2fb42960d52b9b26d15fce65c85d,true
result_565bb2c97865eb7b3669e494,runplan_37e4b51f14a1cb6a,cell_e1e58cd115c7ebf0ee63,housing_v1__experiment__000006,housing_v1,housing_controlled_model_landlords_experiment,episode_attempt_85bca740380c024db331,c981c042b529ec616f7abc358176d3f7979f2fb42960d52b9b26d15fce65c85d,included,housing_social_welfare_leaf,1.0.0,social_welfare,1.0.0,capture,tenant_3,tenant_3,210.44,utility_points,"{""disagreement_utility"":0.0}",ok,valid,[],"[""event_00000251""]",evaluation_receipt,episode_attempt_85bca740380c024db331,c981c042b529ec616f7abc358176d3f7979f2fb42960d52b9b26d15fce65c85d,true
result_44ed6837ce1f56cca598050f,runplan_37e4b51f14a1cb6a,cell_e1e58cd115c7ebf0ee63,housing_v1__experiment__000006,housing_v1,housing_controlled_model_landlords_experiment,episode_attempt_85bca740380c024db331,c981c042b529ec616f7abc358176d3f7979f2fb42960d52b9b26d15fce65c85d,included,housing_social_welfare_leaf,1.0.0,social_welfare,1.0.0,capture,tenant_4,tenant_4,537.52,utility_points,"{""disagreement_utility"":0.0}",ok,valid,[],"[""event_00000251""]",evaluation_receipt,episode_attempt_85bca740380c024db331,c981c042b529ec616f7abc358176d3f7979f2fb42960d52b9b26d15fce65c85d,true
result_a745c32df51ca144aba0f575,runplan_37e4b51f14a1cb6a,cell_e1e58cd115c7ebf0ee63,housing_v1__experiment__000006,housing_v1,housing_controlled_model_landlords_experiment,episode_attempt_85bca740380c024db331,c981c042b529ec616f7abc358176d3f7979f2fb42960d52b9b26d15fce65c85d,included,housing_social_welfare_leaf,1.0.0,social_welfare,1.0.0,capture,tenant_5,tenant_5,0.0,utility_points,"{""disagreement_utility"":0.0}",ok,valid,[],"[""event_00000251""]",evaluation_receipt,episode_attempt_85bca740380c024db331,c981c042b529ec616f7abc358176d3f7979f2fb42960d52b9b26d15fce65c85d,true
result_c1b50d4021a8fd0e3d1bf23f,runplan_37e4b51f14a1cb6a,cell_ecdf376f497a55389312,housing_v1__experiment__000001,housing_v1,housing_controlled_model_landlords_experiment,episode_attempt_0b8bd941b72caf9c0ba9,692b5860df9b4c6e584dc5796fe3e327f6ea0a46aa6c40ba10121e31fab28888,included,housing_social_welfare_leaf,1.0.0,social_welfare,1.0.0,primary,social_welfare,,1683.84,utility_points,{},ok,valid,[],"[""event_00000227""]",evaluation_receipt,episode_attempt_0b8bd941b72caf9c0ba9,692b5860df9b4c6e584dc5796fe3e327f6ea0a46aa6c40ba10121e31fab28888,true
result_ee755273122e2ad519605551,runplan_37e4b51f14a1cb6a,cell_ecdf376f497a55389312,housing_v1__experiment__000001,housing_v1,housing_controlled_model_landlords_experiment,episode_attempt_0b8bd941b72caf9c0ba9,692b5860df9b4c6e584dc5796fe3e327f6ea0a46aa6c40ba10121e31fab28888,included,housing_social_welfare_leaf,1.0.0,social_welfare,1.0.0,metric,comparison_baseline_gap,,75.58999999999992,utility_points,{},ok,valid,[],"[""event_00000227""]",evaluation_receipt,episode_attempt_0b8bd941b72caf9c0ba9,692b5860df9b4c6e584dc5796fe3e327f6ea0a46aa6c40ba10121e31fab28888,true
result_17d15f7242d3415ecd4e5314,runplan_37e4b51f14a1cb6a,cell_ecdf376f497a55389312,housing_v1__experiment__000001,housing_v1,housing_controlled_model_landlords_experiment,episode_attempt_0b8bd941b72caf9c0ba9,692b5860df9b4c6e584dc5796fe3e327f6ea0a46aa6c40ba10121e31fab28888,included,housing_social_welfare_leaf,1.0.0,social_welfare,1.0.0,metric,ir_violation_count,,0.0,count,{},ok,valid,[],"[""event_00000227""]",evaluation_receipt,episode_attempt_0b8bd941b72caf9c0ba9,692b5860df9b4c6e584dc5796fe3e327f6ea0a46aa6c40ba10121e31fab28888,true
result_66a7f61c4d51ed03a04183bc,runplan_37e4b51f14a1cb6a,cell_ecdf376f497a55389312,housing_v1__experiment__000001,housing_v1,housing_controlled_model_landlords_experiment,episode_attempt_0b8bd941b72caf9c0ba9,692b5860df9b4c6e584dc5796fe3e327f6ea0a46aa6c40ba10121e31fab28888,included,housing_social_welfare_leaf,1.0.0,social_welfare,1.0.0,metric,social_welfare,,1683.84,utility_points,{},ok,valid,[],"[""event_00000227""]",evaluation_receipt,episode_attempt_0b8bd941b72caf9c0ba9,692b5860df9b4c6e584dc5796fe3e327f6ea0a46aa6c40ba10121e31fab28888,true
result_c1ace7069cf76711b906a45b,runplan_37e4b51f14a1cb6a,cell_ecdf376f497a55389312,housing_v1__experiment__000001,housing_v1,housing_controlled_model_landlords_experiment,episode_attempt_0b8bd941b72caf9c0ba9,692b5860df9b4c6e584dc5796fe3e327f6ea0a46aa6c40ba10121e31fab28888,included,housing_social_welfare_leaf,1.0.0,social_welfare,1.0.0,metric,upper_bound_gap,,105.15000000000009,utility_points,{},ok,valid,[],"[""event_00000227""]",evaluation_receipt,episode_attempt_0b8bd941b72caf9c0ba9,692b5860df9b4c6e584dc5796fe3e327f6ea0a46aa6c40ba10121e31fab28888,true
result_8dec876316a6069058b49969,runplan_37e4b51f14a1cb6a,cell_ecdf376f497a55389312,housing_v1__experiment__000001,housing_v1,housing_controlled_model_landlords_experiment,episode_attempt_0b8bd941b72caf9c0ba9,692b5860df9b4c6e584dc5796fe3e327f6ea0a46aa6c40ba10121e31fab28888,included,housing_social_welfare_leaf,1.0.0,social_welfare,1.0.0,metric,wasted_contacts,,5.0,count,{},ok,valid,[],"[""event_00000227""]",evaluation_receipt,episode_attempt_0b8bd941b72caf9c0ba9,692b5860df9b4c6e584dc5796fe3e327f6ea0a46aa6c40ba10121e31fab28888,true
result_44854e43ebd00e6ee56d7f01,runplan_37e4b51f14a1cb6a,cell_ecdf376f497a55389312,housing_v1__experiment__000001,housing_v1,housing_controlled_model_landlords_experiment,episode_attempt_0b8bd941b72caf9c0ba9,692b5860df9b4c6e584dc5796fe3e327f6ea0a46aa6c40ba10121e31fab28888,included,housing_social_welfare_leaf,1.0.0,social_welfare,1.0.0,metric,within_case_score,,0.941223819026378,ratio,{},ok,valid,[],"[""event_00000227""]",evaluation_receipt,episode_attempt_0b8bd941b72caf9c0ba9,692b5860df9b4c6e584dc5796fe3e327f6ea0a46aa6c40ba10121e31fab28888,true
result_17f43c02176bddf27fe7467d,runplan_37e4b51f14a1cb6a,cell_ecdf376f497a55389312,housing_v1__experiment__000001,housing_v1,housing_controlled_model_landlords_experiment,episode_attempt_0b8bd941b72caf9c0ba9,692b5860df9b4c6e584dc5796fe3e327f6ea0a46aa6c40ba10121e31fab28888,included,housing_social_welfare_leaf,1.0.0,social_welfare,1.0.0,reference,comparison_baseline,,1608.25,utility_points,"{""policy"":""naive"",""reference_kind"":""comparison_baseline""}",ok,valid,[],"[""event_00000227""]",evaluation_receipt,episode_attempt_0b8bd941b72caf9c0ba9,692b5860df9b4c6e584dc5796fe3e327f6ea0a46aa6c40ba10121e31fab28888,true
result_ef860fe427627bee57b8a081,runplan_37e4b51f14a1cb6a,cell_ecdf376f497a55389312,housing_v1__experiment__000001,housing_v1,housing_controlled_model_landlords_experiment,episode_attempt_0b8bd941b72caf9c0ba9,692b5860df9b4c6e584dc5796fe3e327f6ea0a46aa6c40ba10121e31fab28888,included,housing_social_welfare_leaf,1.0.0,social_welfare,1.0.0,reference,optimum_lower_bound,,0.0,utility_points,"{""policy"":""do_nothing"",""reference_kind"":""objective_lower_bound""}",ok,valid,[],"[""event_00000227""]",evaluation_receipt,episode_attempt_0b8bd941b72caf9c0ba9,692b5860df9b4c6e584dc5796fe3e327f6ea0a46aa6c40ba10121e31fab28888,true
result_c34057b3e841d629d97b0df8,runplan_37e4b51f14a1cb6a,cell_ecdf376f497a55389312,housing_v1__experiment__000001,housing_v1,housing_controlled_model_landlords_experiment,episode_attempt_0b8bd941b72caf9c0ba9,692b5860df9b4c6e584dc5796fe3e327f6ea0a46aa6c40ba10121e31fab28888,included,housing_social_welfare_leaf,1.0.0,social_welfare,1.0.0,reference,optimum_upper_bound,,1788.99,utility_points,"{""reference_kind"":""objective_upper_bound"",""semantics"":""full_information_allocation_relaxation""}",ok,valid,[],"[""event_00000227""]",evaluation_receipt,episode_attempt_0b8bd941b72caf9c0ba9,692b5860df9b4c6e584dc5796fe3e327f6ea0a46aa6c40ba10121e31fab28888,true
result_e688dbde2c59c2a23eeb70f9,runplan_37e4b51f14a1cb6a,cell_ecdf376f497a55389312,housing_v1__experiment__000001,housing_v1,housing_controlled_model_landlords_experiment,episode_attempt_0b8bd941b72caf9c0ba9,692b5860df9b4c6e584dc5796fe3e327f6ea0a46aa6c40ba10121e31fab28888,included,housing_social_welfare_leaf,1.0.0,social_welfare,1.0.0,utility,landlord_0,landlord_0,56.6,utility_points,"{""disagreement_utility"":0.0}",ok,valid,[],"[""event_00000227""]",evaluation_receipt,episode_attempt_0b8bd941b72caf9c0ba9,692b5860df9b4c6e584dc5796fe3e327f6ea0a46aa6c40ba10121e31fab28888,true
result_188f9093f18e640daa2fa476,runplan_37e4b51f14a1cb6a,cell_ecdf376f497a55389312,housing_v1__experiment__000001,housing_v1,housing_controlled_model_landlords_experiment,episode_attempt_0b8bd941b72caf9c0ba9,692b5860df9b4c6e584dc5796fe3e327f6ea0a46aa6c40ba10121e31fab28888,included,housing_social_welfare_leaf,1.0.0,social_welfare,1.0.0,utility,landlord_1,landlord_1,58.62,utility_points,"{""disagreement_utility"":0.0}",ok,valid,[],"[""event_00000227""]",evaluation_receipt,episode_attempt_0b8bd941b72caf9c0ba9,692b5860df9b4c6e584dc5796fe3e327f6ea0a46aa6c40ba10121e31fab28888,true
result_134ddef59c24aad3da186c0a,runplan_37e4b51f14a1cb6a,cell_ecdf376f497a55389312,housing_v1__experiment__000001,housing_v1,housing_controlled_model_landlords_experiment,episode_attempt_0b8bd941b72caf9c0ba9,692b5860df9b4c6e584dc5796fe3e327f6ea0a46aa6c40ba10121e31fab28888,included,housing_social_welfare_leaf,1.0.0,social_welfare,1.0.0,utility,landlord_2,landlord_2,0.0,utility_points,"{""disagreement_utility"":0.0}",ok,valid,[],"[""event_00000227""]",evaluation_receipt,episode_attempt_0b8bd941b72caf9c0ba9,692b5860df9b4c6e584dc5796fe3e327f6ea0a46aa6c40ba10121e31fab28888,true
result_aebdbbdf977289d862d08883,runplan_37e4b51f14a1cb6a,cell_ecdf376f497a55389312,housing_v1__experiment__000001,housing_v1,housing_controlled_model_landlords_experiment,episode_attempt_0b8bd941b72caf9c0ba9,692b5860df9b4c6e584dc5796fe3e327f6ea0a46aa6c40ba10121e31fab28888,included,housing_social_welfare_leaf,1.0.0,social_welfare,1.0.0,utility,landlord_3,landlord_3,597.64,utility_points,"{""disagreement_utility"":0.0}",ok,valid,[],"[""event_00000227""]",evaluation_receipt,episode_attempt_0b8bd941b72caf9c0ba9,692b5860df9b4c6e584dc5796fe3e327f6ea0a46aa6c40ba10121e31fab28888,true
result_ed97ce745d745d57ccd7e501,runplan_37e4b51f14a1cb6a,cell_ecdf376f497a55389312,housing_v1__experiment__000001,housing_v1,housing_controlled_model_landlords_experiment,episode_attempt_0b8bd941b72caf9c0ba9,692b5860df9b4c6e584dc5796fe3e327f6ea0a46aa6c40ba10121e31fab28888,included,housing_social_welfare_leaf,1.0.0,social_welfare,1.0.0,utility,landlord_4,landlord_4,187.52,utility_points,"{""disagreement_utility"":0.0}",ok,valid,[],"[""event_00000227""]",evaluation_receipt,episode_attempt_0b8bd941b72caf9c0ba9,692b5860df9b4c6e584dc5796fe3e327f6ea0a46aa6c40ba10121e31fab28888,true
result_c71e901446cad8e745ce3a49,runplan_37e4b51f14a1cb6a,cell_ecdf376f497a55389312,housing_v1__experiment__000001,housing_v1,housing_controlled_model_landlords_experiment,episode_attempt_0b8bd941b72caf9c0ba9,692b5860df9b4c6e584dc5796fe3e327f6ea0a46aa6c40ba10121e31fab28888,included,housing_social_welfare_leaf,1.0.0,social_welfare,1.0.0,utility,tenant_0,tenant_0,423.79,utility_points,"{""disagreement_utility"":0.0}",ok,valid,[],"[""event_00000227""]",evaluation_receipt,episode_attempt_0b8bd941b72caf9c0ba9,692b5860df9b4c6e584dc5796fe3e327f6ea0a46aa6c40ba10121e31fab28888,true
result_9cd3d9a1dd0a4a5dbdf97031,runplan_37e4b51f14a1cb6a,cell_ecdf376f497a55389312,housing_v1__experiment__000001,housing_v1,housing_controlled_model_landlords_experiment,episode_attempt_0b8bd941b72caf9c0ba9,692b5860df9b4c6e584dc5796fe3e327f6ea0a46aa6c40ba10121e31fab28888,included,housing_social_welfare_leaf,1.0.0,social_welfare,1.0.0,utility,tenant_1,tenant_1,2.6,utility_points,"{""disagreement_utility"":0.0}",ok,valid,[],"[""event_00000227""]",evaluation_receipt,episode_attempt_0b8bd941b72caf9c0ba9,692b5860df9b4c6e584dc5796fe3e327f6ea0a46aa6c40ba10121e31fab28888,true
result_3258d7d75d2f7115431f501e,runplan_37e4b51f14a1cb6a,cell_ecdf376f497a55389312,housing_v1__experiment__000001,housing_v1,housing_controlled_model_landlords_experiment,episode_attempt_0b8bd941b72caf9c0ba9,692b5860df9b4c6e584dc5796fe3e327f6ea0a46aa6c40ba10121e31fab28888,included,housing_social_welfare_leaf,1.0.0,social_welfare,1.0.0,utility,tenant_2,tenant_2,0.0,utility_points,"{""disagreement_utility"":0.0}",ok,valid,[],"[""event_00000227""]",evaluation_receipt,episode_attempt_0b8bd941b72caf9c0ba9,692b5860df9b4c6e584dc5796fe3e327f6ea0a46aa6c40ba10121e31fab28888,true
result_98373c97099376b13bd9b690,runplan_37e4b51f14a1cb6a,cell_ecdf376f497a55389312,housing_v1__experiment__000001,housing_v1,housing_controlled_model_landlords_experiment,episode_attempt_0b8bd941b72caf9c0ba9,692b5860df9b4c6e584dc5796fe3e327f6ea0a46aa6c40ba10121e31fab28888,included,housing_social_welfare_leaf,1.0.0,social_welfare,1.0.0,utility,tenant_3,tenant_3,0.0,utility_points,"{""disagreement_utility"":0.0}",ok,valid,[],"[""event_00000227""]",evaluation_receipt,episode_attempt_0b8bd941b72caf9c0ba9,692b5860df9b4c6e584dc5796fe3e327f6ea0a46aa6c40ba10121e31fab28888,true
result_c223f4e8e85b7cf13ab5928b,runplan_37e4b51f14a1cb6a,cell_ecdf376f497a55389312,housing_v1__experiment__000001,housing_v1,housing_controlled_model_landlords_experiment,episode_attempt_0b8bd941b72caf9c0ba9,692b5860df9b4c6e584dc5796fe3e327f6ea0a46aa6c40ba10121e31fab28888,included,housing_social_welfare_leaf,1.0.0,social_welfare,1.0.0,utility,tenant_4,tenant_4,354.48,utility_points,"{""disagreement_utility"":0.0}",ok,valid,[],"[""event_00000227""]",evaluation_receipt,episode_attempt_0b8bd941b72caf9c0ba9,692b5860df9b4c6e584dc5796fe3e327f6ea0a46aa6c40ba10121e31fab28888,true
result_6eb0a37e9f454c50661dbcaf,runplan_37e4b51f14a1cb6a,cell_ecdf376f497a55389312,housing_v1__experiment__000001,housing_v1,housing_controlled_model_landlords_experiment,episode_attempt_0b8bd941b72caf9c0ba9,692b5860df9b4c6e584dc5796fe3e327f6ea0a46aa6c40ba10121e31fab28888,included,housing_social_welfare_leaf,1.0.0,social_welfare,1.0.0,utility,tenant_5,tenant_5,2.59,utility_points,"{""disagreement_utility"":0.0}",ok,valid,[],"[""event_00000227""]",evaluation_receipt,episode_attempt_0b8bd941b72caf9c0ba9,692b5860df9b4c6e584dc5796fe3e327f6ea0a46aa6c40ba10121e31fab28888,true
result_11f335329e8426a25f4a7b76,runplan_37e4b51f14a1cb6a,cell_ecdf376f497a55389312,housing_v1__experiment__000001,housing_v1,housing_controlled_model_landlords_experiment,episode_attempt_0b8bd941b72caf9c0ba9,692b5860df9b4c6e584dc5796fe3e327f6ea0a46aa6c40ba10121e31fab28888,included,housing_social_welfare_leaf,1.0.0,social_welfare,1.0.0,capture,landlord_0,landlord_0,56.6,utility_points,"{""disagreement_utility"":0.0}",ok,valid,[],"[""event_00000227""]",evaluation_receipt,episode_attempt_0b8bd941b72caf9c0ba9,692b5860df9b4c6e584dc5796fe3e327f6ea0a46aa6c40ba10121e31fab28888,true
result_2480d456fb671f8f2b7f27af,runplan_37e4b51f14a1cb6a,cell_ecdf376f497a55389312,housing_v1__experiment__000001,housing_v1,housing_controlled_model_landlords_experiment,episode_attempt_0b8bd941b72caf9c0ba9,692b5860df9b4c6e584dc5796fe3e327f6ea0a46aa6c40ba10121e31fab28888,included,housing_social_welfare_leaf,1.0.0,social_welfare,1.0.0,capture,landlord_1,landlord_1,58.62,utility_points,"{""disagreement_utility"":0.0}",ok,valid,[],"[""event_00000227""]",evaluation_receipt,episode_attempt_0b8bd941b72caf9c0ba9,692b5860df9b4c6e584dc5796fe3e327f6ea0a46aa6c40ba10121e31fab28888,true
result_f0dc7eecd0953b13909f28d6,runplan_37e4b51f14a1cb6a,cell_ecdf376f497a55389312,housing_v1__experiment__000001,housing_v1,housing_controlled_model_landlords_experiment,episode_attempt_0b8bd941b72caf9c0ba9,692b5860df9b4c6e584dc5796fe3e327f6ea0a46aa6c40ba10121e31fab28888,included,housing_social_welfare_leaf,1.0.0,social_welfare,1.0.0,capture,landlord_2,landlord_2,0.0,utility_points,"{""disagreement_utility"":0.0}",ok,valid,[],"[""event_00000227""]",evaluation_receipt,episode_attempt_0b8bd941b72caf9c0ba9,692b5860df9b4c6e584dc5796fe3e327f6ea0a46aa6c40ba10121e31fab28888,true
result_c0ae49f49157c32c0be6e80d,runplan_37e4b51f14a1cb6a,cell_ecdf376f497a55389312,housing_v1__experiment__000001,housing_v1,housing_controlled_model_landlords_experiment,episode_attempt_0b8bd941b72caf9c0ba9,692b5860df9b4c6e584dc5796fe3e327f6ea0a46aa6c40ba10121e31fab28888,included,housing_social_welfare_leaf,1.0.0,social_welfare,1.0.0,capture,landlord_3,landlord_3,597.64,utility_points,"{""disagreement_utility"":0.0}",ok,valid,[],"[""event_00000227""]",evaluation_receipt,episode_attempt_0b8bd941b72caf9c0ba9,692b5860df9b4c6e584dc5796fe3e327f6ea0a46aa6c40ba10121e31fab28888,true
result_d82ef2d19daa6678a2f2993f,runplan_37e4b51f14a1cb6a,cell_ecdf376f497a55389312,housing_v1__experiment__000001,housing_v1,housing_controlled_model_landlords_experiment,episode_attempt_0b8bd941b72caf9c0ba9,692b5860df9b4c6e584dc5796fe3e327f6ea0a46aa6c40ba10121e31fab28888,included,housing_social_welfare_leaf,1.0.0,social_welfare,1.0.0,capture,landlord_4,landlord_4,187.52,utility_points,"{""disagreement_utility"":0.0}",ok,valid,[],"[""event_00000227""]",evaluation_receipt,episode_attempt_0b8bd941b72caf9c0ba9,692b5860df9b4c6e584dc5796fe3e327f6ea0a46aa6c40ba10121e31fab28888,true
result_3c530cfd06ce07a90e444237,runplan_37e4b51f14a1cb6a,cell_ecdf376f497a55389312,housing_v1__experiment__000001,housing_v1,housing_controlled_model_landlords_experiment,episode_attempt_0b8bd941b72caf9c0ba9,692b5860df9b4c6e584dc5796fe3e327f6ea0a46aa6c40ba10121e31fab28888,included,housing_social_welfare_leaf,1.0.0,social_welfare,1.0.0,capture,tenant_0,tenant_0,423.79,utility_points,"{""disagreement_utility"":0.0}",ok,valid,[],"[""event_00000227""]",evaluation_receipt,episode_attempt_0b8bd941b72caf9c0ba9,692b5860df9b4c6e584dc5796fe3e327f6ea0a46aa6c40ba10121e31fab28888,true
result_24fccf58bb0acfc3af86a0ac,runplan_37e4b51f14a1cb6a,cell_ecdf376f497a55389312,housing_v1__experiment__000001,housing_v1,housing_controlled_model_landlords_experiment,episode_attempt_0b8bd941b72caf9c0ba9,692b5860df9b4c6e584dc5796fe3e327f6ea0a46aa6c40ba10121e31fab28888,included,housing_social_welfare_leaf,1.0.0,social_welfare,1.0.0,capture,tenant_1,tenant_1,2.6,utility_points,"{""disagreement_utility"":0.0}",ok,valid,[],"[""event_00000227""]",evaluation_receipt,episode_attempt_0b8bd941b72caf9c0ba9,692b5860df9b4c6e584dc5796fe3e327f6ea0a46aa6c40ba10121e31fab28888,true
result_4aa6f104b64886aa9c2da730,runplan_37e4b51f14a1cb6a,cell_ecdf376f497a55389312,housing_v1__experiment__000001,housing_v1,housing_controlled_model_landlords_experiment,episode_attempt_0b8bd941b72caf9c0ba9,692b5860df9b4c6e584dc5796fe3e327f6ea0a46aa6c40ba10121e31fab28888,included,housing_social_welfare_leaf,1.0.0,social_welfare,1.0.0,capture,tenant_2,tenant_2,0.0,utility_points,"{""disagreement_utility"":0.0}",ok,valid,[],"[""event_00000227""]",evaluation_receipt,episode_attempt_0b8bd941b72caf9c0ba9,692b5860df9b4c6e584dc5796fe3e327f6ea0a46aa6c40ba10121e31fab28888,true
result_fecf42c104e367e7be0b99cf,runplan_37e4b51f14a1cb6a,cell_ecdf376f497a55389312,housing_v1__experiment__000001,housing_v1,housing_controlled_model_landlords_experiment,episode_attempt_0b8bd941b72caf9c0ba9,692b5860df9b4c6e584dc5796fe3e327f6ea0a46aa6c40ba10121e31fab28888,included,housing_social_welfare_leaf,1.0.0,social_welfare,1.0.0,capture,tenant_3,tenant_3,0.0,utility_points,"{""disagreement_utility"":0.0}",ok,valid,[],"[""event_00000227""]",evaluation_receipt,episode_attempt_0b8bd941b72caf9c0ba9,692b5860df9b4c6e584dc5796fe3e327f6ea0a46aa6c40ba10121e31fab28888,true
result_19c3fa10bb183b1f913739cb,runplan_37e4b51f14a1cb6a,cell_ecdf376f497a55389312,housing_v1__experiment__000001,housing_v1,housing_controlled_model_landlords_experiment,episode_attempt_0b8bd941b72caf9c0ba9,692b5860df9b4c6e584dc5796fe3e327f6ea0a46aa6c40ba10121e31fab28888,included,housing_social_welfare_leaf,1.0.0,social_welfare,1.0.0,capture,tenant_4,tenant_4,354.48,utility_points,"{""disagreement_utility"":0.0}",ok,valid,[],"[""event_00000227""]",evaluation_receipt,episode_attempt_0b8bd941b72caf9c0ba9,692b5860df9b4c6e584dc5796fe3e327f6ea0a46aa6c40ba10121e31fab28888,true
result_bd2e7e564a4850cdb91cfa2f,runplan_37e4b51f14a1cb6a,cell_ecdf376f497a55389312,housing_v1__experiment__000001,housing_v1,housing_controlled_model_landlords_experiment,episode_attempt_0b8bd941b72caf9c0ba9,692b5860df9b4c6e584dc5796fe3e327f6ea0a46aa6c40ba10121e31fab28888,included,housing_social_welfare_leaf,1.0.0,social_welfare,1.0.0,capture,tenant_5,tenant_5,2.59,utility_points,"{""disagreement_utility"":0.0}",ok,valid,[],"[""event_00000227""]",evaluation_receipt,episode_attempt_0b8bd941b72caf9c0ba9,692b5860df9b4c6e584dc5796fe3e327f6ea0a46aa6c40ba10121e31fab28888,true
