fact_id,run_id,task_id,case_id,family_id,block_id,episode_attempt_id,receipt_sha256,inclusion_status,leaf_id,leaf_version,estimand_id,estimand_version,metric_role,metric_name,seat_id,value,unit,metric_metadata,score_status,validity_status,validity_reasons,evidence_refs,source_kind,source_id,source_sha256,reportable
result_d830acdbad5410730b88a10c,runplan_655e5cbdd097e7a2,cell_06c67847b6996d31c896,housing_v1__experiment__000004,housing_v1,housing_controlled_model_landlords_experiment,episode_attempt_105e4ad76423576f0720,ffdfd4a0dacecff29b593364bb878b2ca5cd1442505fe8b3728d724c625fd2ef,included,housing_social_welfare_leaf,1.0.0,social_welfare,1.0.0,primary,social_welfare,,1009.35,utility_points,{},ok,valid,[],"[""event_00000251""]",evaluation_receipt,episode_attempt_105e4ad76423576f0720,ffdfd4a0dacecff29b593364bb878b2ca5cd1442505fe8b3728d724c625fd2ef,true
result_5f99109a433e791afb1a01b9,runplan_655e5cbdd097e7a2,cell_06c67847b6996d31c896,housing_v1__experiment__000004,housing_v1,housing_controlled_model_landlords_experiment,episode_attempt_105e4ad76423576f0720,ffdfd4a0dacecff29b593364bb878b2ca5cd1442505fe8b3728d724c625fd2ef,included,housing_social_welfare_leaf,1.0.0,social_welfare,1.0.0,metric,comparison_baseline_gap,,-39.969999999999914,utility_points,{},ok,valid,[],"[""event_00000251""]",evaluation_receipt,episode_attempt_105e4ad76423576f0720,ffdfd4a0dacecff29b593364bb878b2ca5cd1442505fe8b3728d724c625fd2ef,true
result_e8a55ebab717c40bb31ae817,runplan_655e5cbdd097e7a2,cell_06c67847b6996d31c896,housing_v1__experiment__000004,housing_v1,housing_controlled_model_landlords_experiment,episode_attempt_105e4ad76423576f0720,ffdfd4a0dacecff29b593364bb878b2ca5cd1442505fe8b3728d724c625fd2ef,included,housing_social_welfare_leaf,1.0.0,social_welfare,1.0.0,metric,ir_violation_count,,2.0,count,{},ok,valid,[],"[""event_00000251""]",evaluation_receipt,episode_attempt_105e4ad76423576f0720,ffdfd4a0dacecff29b593364bb878b2ca5cd1442505fe8b3728d724c625fd2ef,true
result_9e7118a484760e1f96582472,runplan_655e5cbdd097e7a2,cell_06c67847b6996d31c896,housing_v1__experiment__000004,housing_v1,housing_controlled_model_landlords_experiment,episode_attempt_105e4ad76423576f0720,ffdfd4a0dacecff29b593364bb878b2ca5cd1442505fe8b3728d724c625fd2ef,included,housing_social_welfare_leaf,1.0.0,social_welfare,1.0.0,metric,social_welfare,,1009.35,utility_points,{},ok,valid,[],"[""event_00000251""]",evaluation_receipt,episode_attempt_105e4ad76423576f0720,ffdfd4a0dacecff29b593364bb878b2ca5cd1442505fe8b3728d724c625fd2ef,true
result_a32ecb269aa0d8d6da135f8e,runplan_655e5cbdd097e7a2,cell_06c67847b6996d31c896,housing_v1__experiment__000004,housing_v1,housing_controlled_model_landlords_experiment,episode_attempt_105e4ad76423576f0720,ffdfd4a0dacecff29b593364bb878b2ca5cd1442505fe8b3728d724c625fd2ef,included,housing_social_welfare_leaf,1.0.0,social_welfare,1.0.0,metric,upper_bound_gap,,178.69999999999993,utility_points,{},ok,valid,[],"[""event_00000251""]",evaluation_receipt,episode_attempt_105e4ad76423576f0720,ffdfd4a0dacecff29b593364bb878b2ca5cd1442505fe8b3728d724c625fd2ef,true
result_3b2a44329ee097f171141e08,runplan_655e5cbdd097e7a2,cell_06c67847b6996d31c896,housing_v1__experiment__000004,housing_v1,housing_controlled_model_landlords_experiment,episode_attempt_105e4ad76423576f0720,ffdfd4a0dacecff29b593364bb878b2ca5cd1442505fe8b3728d724c625fd2ef,included,housing_social_welfare_leaf,1.0.0,social_welfare,1.0.0,metric,wasted_contacts,,9.0,count,{},ok,valid,[],"[""event_00000251""]",evaluation_receipt,episode_attempt_105e4ad76423576f0720,ffdfd4a0dacecff29b593364bb878b2ca5cd1442505fe8b3728d724c625fd2ef,true
result_2188b72c5deb4bdeeffff4b5,runplan_655e5cbdd097e7a2,cell_06c67847b6996d31c896,housing_v1__experiment__000004,housing_v1,housing_controlled_model_landlords_experiment,episode_attempt_105e4ad76423576f0720,ffdfd4a0dacecff29b593364bb878b2ca5cd1442505fe8b3728d724c625fd2ef,included,housing_social_welfare_leaf,1.0.0,social_welfare,1.0.0,metric,within_case_score,,0.8495854551576113,ratio,{},ok,valid,[],"[""event_00000251""]",evaluation_receipt,episode_attempt_105e4ad76423576f0720,ffdfd4a0dacecff29b593364bb878b2ca5cd1442505fe8b3728d724c625fd2ef,true
result_61320ec74270a0930f750a48,runplan_655e5cbdd097e7a2,cell_06c67847b6996d31c896,housing_v1__experiment__000004,housing_v1,housing_controlled_model_landlords_experiment,episode_attempt_105e4ad76423576f0720,ffdfd4a0dacecff29b593364bb878b2ca5cd1442505fe8b3728d724c625fd2ef,included,housing_social_welfare_leaf,1.0.0,social_welfare,1.0.0,reference,comparison_baseline,,1049.32,utility_points,"{""policy"":""naive"",""reference_kind"":""comparison_baseline""}",ok,valid,[],"[""event_00000251""]",evaluation_receipt,episode_attempt_105e4ad76423576f0720,ffdfd4a0dacecff29b593364bb878b2ca5cd1442505fe8b3728d724c625fd2ef,true
result_225e31d66fed64115531071c,runplan_655e5cbdd097e7a2,cell_06c67847b6996d31c896,housing_v1__experiment__000004,housing_v1,housing_controlled_model_landlords_experiment,episode_attempt_105e4ad76423576f0720,ffdfd4a0dacecff29b593364bb878b2ca5cd1442505fe8b3728d724c625fd2ef,included,housing_social_welfare_leaf,1.0.0,social_welfare,1.0.0,reference,optimum_lower_bound,,0.0,utility_points,"{""policy"":""do_nothing"",""reference_kind"":""objective_lower_bound""}",ok,valid,[],"[""event_00000251""]",evaluation_receipt,episode_attempt_105e4ad76423576f0720,ffdfd4a0dacecff29b593364bb878b2ca5cd1442505fe8b3728d724c625fd2ef,true
result_527a4895bd3c5345e88fae81,runplan_655e5cbdd097e7a2,cell_06c67847b6996d31c896,housing_v1__experiment__000004,housing_v1,housing_controlled_model_landlords_experiment,episode_attempt_105e4ad76423576f0720,ffdfd4a0dacecff29b593364bb878b2ca5cd1442505fe8b3728d724c625fd2ef,included,housing_social_welfare_leaf,1.0.0,social_welfare,1.0.0,reference,optimum_upper_bound,,1188.05,utility_points,"{""reference_kind"":""objective_upper_bound"",""semantics"":""full_information_allocation_relaxation""}",ok,valid,[],"[""event_00000251""]",evaluation_receipt,episode_attempt_105e4ad76423576f0720,ffdfd4a0dacecff29b593364bb878b2ca5cd1442505fe8b3728d724c625fd2ef,true
result_ef2c81e4cf6dc0a19d011f30,runplan_655e5cbdd097e7a2,cell_06c67847b6996d31c896,housing_v1__experiment__000004,housing_v1,housing_controlled_model_landlords_experiment,episode_attempt_105e4ad76423576f0720,ffdfd4a0dacecff29b593364bb878b2ca5cd1442505fe8b3728d724c625fd2ef,included,housing_social_welfare_leaf,1.0.0,social_welfare,1.0.0,utility,landlord_0,landlord_0,0.0,utility_points,"{""disagreement_utility"":0.0}",ok,valid,[],"[""event_00000251""]",evaluation_receipt,episode_attempt_105e4ad76423576f0720,ffdfd4a0dacecff29b593364bb878b2ca5cd1442505fe8b3728d724c625fd2ef,true
result_b9245b523da81870e065d2b8,runplan_655e5cbdd097e7a2,cell_06c67847b6996d31c896,housing_v1__experiment__000004,housing_v1,housing_controlled_model_landlords_experiment,episode_attempt_105e4ad76423576f0720,ffdfd4a0dacecff29b593364bb878b2ca5cd1442505fe8b3728d724c625fd2ef,included,housing_social_welfare_leaf,1.0.0,social_welfare,1.0.0,utility,landlord_1,landlord_1,0.0,utility_points,"{""disagreement_utility"":0.0}",ok,valid,[],"[""event_00000251""]",evaluation_receipt,episode_attempt_105e4ad76423576f0720,ffdfd4a0dacecff29b593364bb878b2ca5cd1442505fe8b3728d724c625fd2ef,true
result_6a7cfb9645c3f23000c92ea5,runplan_655e5cbdd097e7a2,cell_06c67847b6996d31c896,housing_v1__experiment__000004,housing_v1,housing_controlled_model_landlords_experiment,episode_attempt_105e4ad76423576f0720,ffdfd4a0dacecff29b593364bb878b2ca5cd1442505fe8b3728d724c625fd2ef,included,housing_social_welfare_leaf,1.0.0,social_welfare,1.0.0,utility,landlord_2,landlord_2,-2279.24,utility_points,"{""disagreement_utility"":0.0}",ok,valid,[],"[""event_00000251""]",evaluation_receipt,episode_attempt_105e4ad76423576f0720,ffdfd4a0dacecff29b593364bb878b2ca5cd1442505fe8b3728d724c625fd2ef,true
result_7ab5df17e5d3703e09820310,runplan_655e5cbdd097e7a2,cell_06c67847b6996d31c896,housing_v1__experiment__000004,housing_v1,housing_controlled_model_landlords_experiment,episode_attempt_105e4ad76423576f0720,ffdfd4a0dacecff29b593364bb878b2ca5cd1442505fe8b3728d724c625fd2ef,included,housing_social_welfare_leaf,1.0.0,social_welfare,1.0.0,utility,landlord_3,landlord_3,-1988.82,utility_points,"{""disagreement_utility"":0.0}",ok,valid,[],"[""event_00000251""]",evaluation_receipt,episode_attempt_105e4ad76423576f0720,ffdfd4a0dacecff29b593364bb878b2ca5cd1442505fe8b3728d724c625fd2ef,true
result_142f287cd3098828860b8b70,runplan_655e5cbdd097e7a2,cell_06c67847b6996d31c896,housing_v1__experiment__000004,housing_v1,housing_controlled_model_landlords_experiment,episode_attempt_105e4ad76423576f0720,ffdfd4a0dacecff29b593364bb878b2ca5cd1442505fe8b3728d724c625fd2ef,included,housing_social_welfare_leaf,1.0.0,social_welfare,1.0.0,utility,tenant_0,tenant_0,0.0,utility_points,"{""disagreement_utility"":0.0}",ok,valid,[],"[""event_00000251""]",evaluation_receipt,episode_attempt_105e4ad76423576f0720,ffdfd4a0dacecff29b593364bb878b2ca5cd1442505fe8b3728d724c625fd2ef,true
result_18bf6792cbdc35b8e60ce415,runplan_655e5cbdd097e7a2,cell_06c67847b6996d31c896,housing_v1__experiment__000004,housing_v1,housing_controlled_model_landlords_experiment,episode_attempt_105e4ad76423576f0720,ffdfd4a0dacecff29b593364bb878b2ca5cd1442505fe8b3728d724c625fd2ef,included,housing_social_welfare_leaf,1.0.0,social_welfare,1.0.0,utility,tenant_1,tenant_1,2451.87,utility_points,"{""disagreement_utility"":0.0}",ok,valid,[],"[""event_00000251""]",evaluation_receipt,episode_attempt_105e4ad76423576f0720,ffdfd4a0dacecff29b593364bb878b2ca5cd1442505fe8b3728d724c625fd2ef,true
result_33f82ee8a0d3d8be0f27598b,runplan_655e5cbdd097e7a2,cell_06c67847b6996d31c896,housing_v1__experiment__000004,housing_v1,housing_controlled_model_landlords_experiment,episode_attempt_105e4ad76423576f0720,ffdfd4a0dacecff29b593364bb878b2ca5cd1442505fe8b3728d724c625fd2ef,included,housing_social_welfare_leaf,1.0.0,social_welfare,1.0.0,utility,tenant_2,tenant_2,0.0,utility_points,"{""disagreement_utility"":0.0}",ok,valid,[],"[""event_00000251""]",evaluation_receipt,episode_attempt_105e4ad76423576f0720,ffdfd4a0dacecff29b593364bb878b2ca5cd1442505fe8b3728d724c625fd2ef,true
result_c40f15aec26bb142c109c8af,runplan_655e5cbdd097e7a2,cell_06c67847b6996d31c896,housing_v1__experiment__000004,housing_v1,housing_controlled_model_landlords_experiment,episode_attempt_105e4ad76423576f0720,ffdfd4a0dacecff29b593364bb878b2ca5cd1442505fe8b3728d724c625fd2ef,included,housing_social_welfare_leaf,1.0.0,social_welfare,1.0.0,utility,tenant_3,tenant_3,0.0,utility_points,"{""disagreement_utility"":0.0}",ok,valid,[],"[""event_00000251""]",evaluation_receipt,episode_attempt_105e4ad76423576f0720,ffdfd4a0dacecff29b593364bb878b2ca5cd1442505fe8b3728d724c625fd2ef,true
result_bb7d19a590d20f9a029c29d9,runplan_655e5cbdd097e7a2,cell_06c67847b6996d31c896,housing_v1__experiment__000004,housing_v1,housing_controlled_model_landlords_experiment,episode_attempt_105e4ad76423576f0720,ffdfd4a0dacecff29b593364bb878b2ca5cd1442505fe8b3728d724c625fd2ef,included,housing_social_welfare_leaf,1.0.0,social_welfare,1.0.0,utility,tenant_4,tenant_4,0.0,utility_points,"{""disagreement_utility"":0.0}",ok,valid,[],"[""event_00000251""]",evaluation_receipt,episode_attempt_105e4ad76423576f0720,ffdfd4a0dacecff29b593364bb878b2ca5cd1442505fe8b3728d724c625fd2ef,true
result_b34c7f244c1e2699614f65f6,runplan_655e5cbdd097e7a2,cell_06c67847b6996d31c896,housing_v1__experiment__000004,housing_v1,housing_controlled_model_landlords_experiment,episode_attempt_105e4ad76423576f0720,ffdfd4a0dacecff29b593364bb878b2ca5cd1442505fe8b3728d724c625fd2ef,included,housing_social_welfare_leaf,1.0.0,social_welfare,1.0.0,utility,tenant_5,tenant_5,2825.54,utility_points,"{""disagreement_utility"":0.0}",ok,valid,[],"[""event_00000251""]",evaluation_receipt,episode_attempt_105e4ad76423576f0720,ffdfd4a0dacecff29b593364bb878b2ca5cd1442505fe8b3728d724c625fd2ef,true
result_385790389725f87c6da6ac68,runplan_655e5cbdd097e7a2,cell_06c67847b6996d31c896,housing_v1__experiment__000004,housing_v1,housing_controlled_model_landlords_experiment,episode_attempt_105e4ad76423576f0720,ffdfd4a0dacecff29b593364bb878b2ca5cd1442505fe8b3728d724c625fd2ef,included,housing_social_welfare_leaf,1.0.0,social_welfare,1.0.0,capture,landlord_0,landlord_0,0.0,utility_points,"{""disagreement_utility"":0.0}",ok,valid,[],"[""event_00000251""]",evaluation_receipt,episode_attempt_105e4ad76423576f0720,ffdfd4a0dacecff29b593364bb878b2ca5cd1442505fe8b3728d724c625fd2ef,true
result_20f6711b1be55244c454f495,runplan_655e5cbdd097e7a2,cell_06c67847b6996d31c896,housing_v1__experiment__000004,housing_v1,housing_controlled_model_landlords_experiment,episode_attempt_105e4ad76423576f0720,ffdfd4a0dacecff29b593364bb878b2ca5cd1442505fe8b3728d724c625fd2ef,included,housing_social_welfare_leaf,1.0.0,social_welfare,1.0.0,capture,landlord_1,landlord_1,0.0,utility_points,"{""disagreement_utility"":0.0}",ok,valid,[],"[""event_00000251""]",evaluation_receipt,episode_attempt_105e4ad76423576f0720,ffdfd4a0dacecff29b593364bb878b2ca5cd1442505fe8b3728d724c625fd2ef,true
result_22d875d212437055a0286985,runplan_655e5cbdd097e7a2,cell_06c67847b6996d31c896,housing_v1__experiment__000004,housing_v1,housing_controlled_model_landlords_experiment,episode_attempt_105e4ad76423576f0720,ffdfd4a0dacecff29b593364bb878b2ca5cd1442505fe8b3728d724c625fd2ef,included,housing_social_welfare_leaf,1.0.0,social_welfare,1.0.0,capture,landlord_2,landlord_2,-2279.24,utility_points,"{""disagreement_utility"":0.0}",ok,valid,[],"[""event_00000251""]",evaluation_receipt,episode_attempt_105e4ad76423576f0720,ffdfd4a0dacecff29b593364bb878b2ca5cd1442505fe8b3728d724c625fd2ef,true
result_8771e87ac01805e2d6a837a0,runplan_655e5cbdd097e7a2,cell_06c67847b6996d31c896,housing_v1__experiment__000004,housing_v1,housing_controlled_model_landlords_experiment,episode_attempt_105e4ad76423576f0720,ffdfd4a0dacecff29b593364bb878b2ca5cd1442505fe8b3728d724c625fd2ef,included,housing_social_welfare_leaf,1.0.0,social_welfare,1.0.0,capture,landlord_3,landlord_3,-1988.82,utility_points,"{""disagreement_utility"":0.0}",ok,valid,[],"[""event_00000251""]",evaluation_receipt,episode_attempt_105e4ad76423576f0720,ffdfd4a0dacecff29b593364bb878b2ca5cd1442505fe8b3728d724c625fd2ef,true
result_55ac33620919bc2ed80f12f7,runplan_655e5cbdd097e7a2,cell_06c67847b6996d31c896,housing_v1__experiment__000004,housing_v1,housing_controlled_model_landlords_experiment,episode_attempt_105e4ad76423576f0720,ffdfd4a0dacecff29b593364bb878b2ca5cd1442505fe8b3728d724c625fd2ef,included,housing_social_welfare_leaf,1.0.0,social_welfare,1.0.0,capture,tenant_0,tenant_0,0.0,utility_points,"{""disagreement_utility"":0.0}",ok,valid,[],"[""event_00000251""]",evaluation_receipt,episode_attempt_105e4ad76423576f0720,ffdfd4a0dacecff29b593364bb878b2ca5cd1442505fe8b3728d724c625fd2ef,true
result_e03a7ef2994e7fc4e1f26898,runplan_655e5cbdd097e7a2,cell_06c67847b6996d31c896,housing_v1__experiment__000004,housing_v1,housing_controlled_model_landlords_experiment,episode_attempt_105e4ad76423576f0720,ffdfd4a0dacecff29b593364bb878b2ca5cd1442505fe8b3728d724c625fd2ef,included,housing_social_welfare_leaf,1.0.0,social_welfare,1.0.0,capture,tenant_1,tenant_1,2451.87,utility_points,"{""disagreement_utility"":0.0}",ok,valid,[],"[""event_00000251""]",evaluation_receipt,episode_attempt_105e4ad76423576f0720,ffdfd4a0dacecff29b593364bb878b2ca5cd1442505fe8b3728d724c625fd2ef,true
result_09f8dab8d2363080917c8a78,runplan_655e5cbdd097e7a2,cell_06c67847b6996d31c896,housing_v1__experiment__000004,housing_v1,housing_controlled_model_landlords_experiment,episode_attempt_105e4ad76423576f0720,ffdfd4a0dacecff29b593364bb878b2ca5cd1442505fe8b3728d724c625fd2ef,included,housing_social_welfare_leaf,1.0.0,social_welfare,1.0.0,capture,tenant_2,tenant_2,0.0,utility_points,"{""disagreement_utility"":0.0}",ok,valid,[],"[""event_00000251""]",evaluation_receipt,episode_attempt_105e4ad76423576f0720,ffdfd4a0dacecff29b593364bb878b2ca5cd1442505fe8b3728d724c625fd2ef,true
result_95329fddd0ffbe24f5e5120a,runplan_655e5cbdd097e7a2,cell_06c67847b6996d31c896,housing_v1__experiment__000004,housing_v1,housing_controlled_model_landlords_experiment,episode_attempt_105e4ad76423576f0720,ffdfd4a0dacecff29b593364bb878b2ca5cd1442505fe8b3728d724c625fd2ef,included,housing_social_welfare_leaf,1.0.0,social_welfare,1.0.0,capture,tenant_3,tenant_3,0.0,utility_points,"{""disagreement_utility"":0.0}",ok,valid,[],"[""event_00000251""]",evaluation_receipt,episode_attempt_105e4ad76423576f0720,ffdfd4a0dacecff29b593364bb878b2ca5cd1442505fe8b3728d724c625fd2ef,true
result_c3101a3857b74708df3165cd,runplan_655e5cbdd097e7a2,cell_06c67847b6996d31c896,housing_v1__experiment__000004,housing_v1,housing_controlled_model_landlords_experiment,episode_attempt_105e4ad76423576f0720,ffdfd4a0dacecff29b593364bb878b2ca5cd1442505fe8b3728d724c625fd2ef,included,housing_social_welfare_leaf,1.0.0,social_welfare,1.0.0,capture,tenant_4,tenant_4,0.0,utility_points,"{""disagreement_utility"":0.0}",ok,valid,[],"[""event_00000251""]",evaluation_receipt,episode_attempt_105e4ad76423576f0720,ffdfd4a0dacecff29b593364bb878b2ca5cd1442505fe8b3728d724c625fd2ef,true
result_ede0611d29228ac37907ef4c,runplan_655e5cbdd097e7a2,cell_06c67847b6996d31c896,housing_v1__experiment__000004,housing_v1,housing_controlled_model_landlords_experiment,episode_attempt_105e4ad76423576f0720,ffdfd4a0dacecff29b593364bb878b2ca5cd1442505fe8b3728d724c625fd2ef,included,housing_social_welfare_leaf,1.0.0,social_welfare,1.0.0,capture,tenant_5,tenant_5,2825.54,utility_points,"{""disagreement_utility"":0.0}",ok,valid,[],"[""event_00000251""]",evaluation_receipt,episode_attempt_105e4ad76423576f0720,ffdfd4a0dacecff29b593364bb878b2ca5cd1442505fe8b3728d724c625fd2ef,true
result_aeb365cd8294bb23d9a687fb,runplan_655e5cbdd097e7a2,cell_0901e98907b00b344ae4,housing_v1__experiment__000004,housing_v1,housing_controlled_model_landlords_experiment,episode_attempt_827bb881437581ea696b,f260e65a1a239e2638f150e00afa4b63e540d196072b3cd32530728e8c82bb70,included,housing_social_welfare_leaf,1.0.0,social_welfare,1.0.0,primary,social_welfare,,906.82,utility_points,{},ok,valid,[],"[""event_00000283""]",evaluation_receipt,episode_attempt_827bb881437581ea696b,f260e65a1a239e2638f150e00afa4b63e540d196072b3cd32530728e8c82bb70,true
result_82d057ba79b3589b9b8c852d,runplan_655e5cbdd097e7a2,cell_0901e98907b00b344ae4,housing_v1__experiment__000004,housing_v1,housing_controlled_model_landlords_experiment,episode_attempt_827bb881437581ea696b,f260e65a1a239e2638f150e00afa4b63e540d196072b3cd32530728e8c82bb70,included,housing_social_welfare_leaf,1.0.0,social_welfare,1.0.0,metric,comparison_baseline_gap,,-142.4999999999999,utility_points,{},ok,valid,[],"[""event_00000283""]",evaluation_receipt,episode_attempt_827bb881437581ea696b,f260e65a1a239e2638f150e00afa4b63e540d196072b3cd32530728e8c82bb70,true
result_7b0ae38ec477d39ee5af5496,runplan_655e5cbdd097e7a2,cell_0901e98907b00b344ae4,housing_v1__experiment__000004,housing_v1,housing_controlled_model_landlords_experiment,episode_attempt_827bb881437581ea696b,f260e65a1a239e2638f150e00afa4b63e540d196072b3cd32530728e8c82bb70,included,housing_social_welfare_leaf,1.0.0,social_welfare,1.0.0,metric,ir_violation_count,,1.0,count,{},ok,valid,[],"[""event_00000283""]",evaluation_receipt,episode_attempt_827bb881437581ea696b,f260e65a1a239e2638f150e00afa4b63e540d196072b3cd32530728e8c82bb70,true
result_d28ccc187de6746c826c3b9b,runplan_655e5cbdd097e7a2,cell_0901e98907b00b344ae4,housing_v1__experiment__000004,housing_v1,housing_controlled_model_landlords_experiment,episode_attempt_827bb881437581ea696b,f260e65a1a239e2638f150e00afa4b63e540d196072b3cd32530728e8c82bb70,included,housing_social_welfare_leaf,1.0.0,social_welfare,1.0.0,metric,social_welfare,,906.82,utility_points,{},ok,valid,[],"[""event_00000283""]",evaluation_receipt,episode_attempt_827bb881437581ea696b,f260e65a1a239e2638f150e00afa4b63e540d196072b3cd32530728e8c82bb70,true
result_22ec26c625f59ed47be6f28c,runplan_655e5cbdd097e7a2,cell_0901e98907b00b344ae4,housing_v1__experiment__000004,housing_v1,housing_controlled_model_landlords_experiment,episode_attempt_827bb881437581ea696b,f260e65a1a239e2638f150e00afa4b63e540d196072b3cd32530728e8c82bb70,included,housing_social_welfare_leaf,1.0.0,social_welfare,1.0.0,metric,upper_bound_gap,,281.2299999999999,utility_points,{},ok,valid,[],"[""event_00000283""]",evaluation_receipt,episode_attempt_827bb881437581ea696b,f260e65a1a239e2638f150e00afa4b63e540d196072b3cd32530728e8c82bb70,true
result_2b9c2b8d0e26edbf6e793a02,runplan_655e5cbdd097e7a2,cell_0901e98907b00b344ae4,housing_v1__experiment__000004,housing_v1,housing_controlled_model_landlords_experiment,episode_attempt_827bb881437581ea696b,f260e65a1a239e2638f150e00afa4b63e540d196072b3cd32530728e8c82bb70,included,housing_social_welfare_leaf,1.0.0,social_welfare,1.0.0,metric,wasted_contacts,,9.0,count,{},ok,valid,[],"[""event_00000283""]",evaluation_receipt,episode_attempt_827bb881437581ea696b,f260e65a1a239e2638f150e00afa4b63e540d196072b3cd32530728e8c82bb70,true
result_96fa5b3c112681103e6b384b,runplan_655e5cbdd097e7a2,cell_0901e98907b00b344ae4,housing_v1__experiment__000004,housing_v1,housing_controlled_model_landlords_experiment,episode_attempt_827bb881437581ea696b,f260e65a1a239e2638f150e00afa4b63e540d196072b3cd32530728e8c82bb70,included,housing_social_welfare_leaf,1.0.0,social_welfare,1.0.0,metric,within_case_score,,0.7632843735533017,ratio,{},ok,valid,[],"[""event_00000283""]",evaluation_receipt,episode_attempt_827bb881437581ea696b,f260e65a1a239e2638f150e00afa4b63e540d196072b3cd32530728e8c82bb70,true
result_77879518301bc39c6ee77d96,runplan_655e5cbdd097e7a2,cell_0901e98907b00b344ae4,housing_v1__experiment__000004,housing_v1,housing_controlled_model_landlords_experiment,episode_attempt_827bb881437581ea696b,f260e65a1a239e2638f150e00afa4b63e540d196072b3cd32530728e8c82bb70,included,housing_social_welfare_leaf,1.0.0,social_welfare,1.0.0,reference,comparison_baseline,,1049.32,utility_points,"{""policy"":""naive"",""reference_kind"":""comparison_baseline""}",ok,valid,[],"[""event_00000283""]",evaluation_receipt,episode_attempt_827bb881437581ea696b,f260e65a1a239e2638f150e00afa4b63e540d196072b3cd32530728e8c82bb70,true
result_69d1c69da866696c95b09f28,runplan_655e5cbdd097e7a2,cell_0901e98907b00b344ae4,housing_v1__experiment__000004,housing_v1,housing_controlled_model_landlords_experiment,episode_attempt_827bb881437581ea696b,f260e65a1a239e2638f150e00afa4b63e540d196072b3cd32530728e8c82bb70,included,housing_social_welfare_leaf,1.0.0,social_welfare,1.0.0,reference,optimum_lower_bound,,0.0,utility_points,"{""policy"":""do_nothing"",""reference_kind"":""objective_lower_bound""}",ok,valid,[],"[""event_00000283""]",evaluation_receipt,episode_attempt_827bb881437581ea696b,f260e65a1a239e2638f150e00afa4b63e540d196072b3cd32530728e8c82bb70,true
result_09ba3516d6980f52ffea39d5,runplan_655e5cbdd097e7a2,cell_0901e98907b00b344ae4,housing_v1__experiment__000004,housing_v1,housing_controlled_model_landlords_experiment,episode_attempt_827bb881437581ea696b,f260e65a1a239e2638f150e00afa4b63e540d196072b3cd32530728e8c82bb70,included,housing_social_welfare_leaf,1.0.0,social_welfare,1.0.0,reference,optimum_upper_bound,,1188.05,utility_points,"{""reference_kind"":""objective_upper_bound"",""semantics"":""full_information_allocation_relaxation""}",ok,valid,[],"[""event_00000283""]",evaluation_receipt,episode_attempt_827bb881437581ea696b,f260e65a1a239e2638f150e00afa4b63e540d196072b3cd32530728e8c82bb70,true
result_fc792a7129a149e1b158dd6e,runplan_655e5cbdd097e7a2,cell_0901e98907b00b344ae4,housing_v1__experiment__000004,housing_v1,housing_controlled_model_landlords_experiment,episode_attempt_827bb881437581ea696b,f260e65a1a239e2638f150e00afa4b63e540d196072b3cd32530728e8c82bb70,included,housing_social_welfare_leaf,1.0.0,social_welfare,1.0.0,utility,landlord_0,landlord_0,0.0,utility_points,"{""disagreement_utility"":0.0}",ok,valid,[],"[""event_00000283""]",evaluation_receipt,episode_attempt_827bb881437581ea696b,f260e65a1a239e2638f150e00afa4b63e540d196072b3cd32530728e8c82bb70,true
result_e4a1856e24f5878fb71dab9d,runplan_655e5cbdd097e7a2,cell_0901e98907b00b344ae4,housing_v1__experiment__000004,housing_v1,housing_controlled_model_landlords_experiment,episode_attempt_827bb881437581ea696b,f260e65a1a239e2638f150e00afa4b63e540d196072b3cd32530728e8c82bb70,included,housing_social_welfare_leaf,1.0.0,social_welfare,1.0.0,utility,landlord_1,landlord_1,0.0,utility_points,"{""disagreement_utility"":0.0}",ok,valid,[],"[""event_00000283""]",evaluation_receipt,episode_attempt_827bb881437581ea696b,f260e65a1a239e2638f150e00afa4b63e540d196072b3cd32530728e8c82bb70,true
result_3b9f20e6df658e138f0f26c9,runplan_655e5cbdd097e7a2,cell_0901e98907b00b344ae4,housing_v1__experiment__000004,housing_v1,housing_controlled_model_landlords_experiment,episode_attempt_827bb881437581ea696b,f260e65a1a239e2638f150e00afa4b63e540d196072b3cd32530728e8c82bb70,included,housing_social_welfare_leaf,1.0.0,social_welfare,1.0.0,utility,landlord_2,landlord_2,120.76,utility_points,"{""disagreement_utility"":0.0}",ok,valid,[],"[""event_00000283""]",evaluation_receipt,episode_attempt_827bb881437581ea696b,f260e65a1a239e2638f150e00afa4b63e540d196072b3cd32530728e8c82bb70,true
result_2958099c3b963cc8e6faedb1,runplan_655e5cbdd097e7a2,cell_0901e98907b00b344ae4,housing_v1__experiment__000004,housing_v1,housing_controlled_model_landlords_experiment,episode_attempt_827bb881437581ea696b,f260e65a1a239e2638f150e00afa4b63e540d196072b3cd32530728e8c82bb70,included,housing_social_welfare_leaf,1.0.0,social_welfare,1.0.0,utility,landlord_3,landlord_3,-1988.82,utility_points,"{""disagreement_utility"":0.0}",ok,valid,[],"[""event_00000283""]",evaluation_receipt,episode_attempt_827bb881437581ea696b,f260e65a1a239e2638f150e00afa4b63e540d196072b3cd32530728e8c82bb70,true
result_86948c8ebf21fe261860be1f,runplan_655e5cbdd097e7a2,cell_0901e98907b00b344ae4,housing_v1__experiment__000004,housing_v1,housing_controlled_model_landlords_experiment,episode_attempt_827bb881437581ea696b,f260e65a1a239e2638f150e00afa4b63e540d196072b3cd32530728e8c82bb70,included,housing_social_welfare_leaf,1.0.0,social_welfare,1.0.0,utility,tenant_0,tenant_0,0.0,utility_points,"{""disagreement_utility"":0.0}",ok,valid,[],"[""event_00000283""]",evaluation_receipt,episode_attempt_827bb881437581ea696b,f260e65a1a239e2638f150e00afa4b63e540d196072b3cd32530728e8c82bb70,true
result_1461882f22015d08bfca8487,runplan_655e5cbdd097e7a2,cell_0901e98907b00b344ae4,housing_v1__experiment__000004,housing_v1,housing_controlled_model_landlords_experiment,episode_attempt_827bb881437581ea696b,f260e65a1a239e2638f150e00afa4b63e540d196072b3cd32530728e8c82bb70,included,housing_social_welfare_leaf,1.0.0,social_welfare,1.0.0,utility,tenant_1,tenant_1,0.0,utility_points,"{""disagreement_utility"":0.0}",ok,valid,[],"[""event_00000283""]",evaluation_receipt,episode_attempt_827bb881437581ea696b,f260e65a1a239e2638f150e00afa4b63e540d196072b3cd32530728e8c82bb70,true
result_57bd9f5695787fd0c2d9cdc6,runplan_655e5cbdd097e7a2,cell_0901e98907b00b344ae4,housing_v1__experiment__000004,housing_v1,housing_controlled_model_landlords_experiment,episode_attempt_827bb881437581ea696b,f260e65a1a239e2638f150e00afa4b63e540d196072b3cd32530728e8c82bb70,included,housing_social_welfare_leaf,1.0.0,social_welfare,1.0.0,utility,tenant_2,tenant_2,2349.34,utility_points,"{""disagreement_utility"":0.0}",ok,valid,[],"[""event_00000283""]",evaluation_receipt,episode_attempt_827bb881437581ea696b,f260e65a1a239e2638f150e00afa4b63e540d196072b3cd32530728e8c82bb70,true
result_fef2662aae968cf9e88b1b02,runplan_655e5cbdd097e7a2,cell_0901e98907b00b344ae4,housing_v1__experiment__000004,housing_v1,housing_controlled_model_landlords_experiment,episode_attempt_827bb881437581ea696b,f260e65a1a239e2638f150e00afa4b63e540d196072b3cd32530728e8c82bb70,included,housing_social_welfare_leaf,1.0.0,social_welfare,1.0.0,utility,tenant_3,tenant_3,0.0,utility_points,"{""disagreement_utility"":0.0}",ok,valid,[],"[""event_00000283""]",evaluation_receipt,episode_attempt_827bb881437581ea696b,f260e65a1a239e2638f150e00afa4b63e540d196072b3cd32530728e8c82bb70,true
result_e5daed936421c92360b3f6b8,runplan_655e5cbdd097e7a2,cell_0901e98907b00b344ae4,housing_v1__experiment__000004,housing_v1,housing_controlled_model_landlords_experiment,episode_attempt_827bb881437581ea696b,f260e65a1a239e2638f150e00afa4b63e540d196072b3cd32530728e8c82bb70,included,housing_social_welfare_leaf,1.0.0,social_welfare,1.0.0,utility,tenant_4,tenant_4,0.0,utility_points,"{""disagreement_utility"":0.0}",ok,valid,[],"[""event_00000283""]",evaluation_receipt,episode_attempt_827bb881437581ea696b,f260e65a1a239e2638f150e00afa4b63e540d196072b3cd32530728e8c82bb70,true
result_c07832d0c44e15062015888e,runplan_655e5cbdd097e7a2,cell_0901e98907b00b344ae4,housing_v1__experiment__000004,housing_v1,housing_controlled_model_landlords_experiment,episode_attempt_827bb881437581ea696b,f260e65a1a239e2638f150e00afa4b63e540d196072b3cd32530728e8c82bb70,included,housing_social_welfare_leaf,1.0.0,social_welfare,1.0.0,utility,tenant_5,tenant_5,425.54,utility_points,"{""disagreement_utility"":0.0}",ok,valid,[],"[""event_00000283""]",evaluation_receipt,episode_attempt_827bb881437581ea696b,f260e65a1a239e2638f150e00afa4b63e540d196072b3cd32530728e8c82bb70,true
result_2032268eb98941e05014421a,runplan_655e5cbdd097e7a2,cell_0901e98907b00b344ae4,housing_v1__experiment__000004,housing_v1,housing_controlled_model_landlords_experiment,episode_attempt_827bb881437581ea696b,f260e65a1a239e2638f150e00afa4b63e540d196072b3cd32530728e8c82bb70,included,housing_social_welfare_leaf,1.0.0,social_welfare,1.0.0,capture,landlord_0,landlord_0,0.0,utility_points,"{""disagreement_utility"":0.0}",ok,valid,[],"[""event_00000283""]",evaluation_receipt,episode_attempt_827bb881437581ea696b,f260e65a1a239e2638f150e00afa4b63e540d196072b3cd32530728e8c82bb70,true
result_7819545722e1f39b46057f27,runplan_655e5cbdd097e7a2,cell_0901e98907b00b344ae4,housing_v1__experiment__000004,housing_v1,housing_controlled_model_landlords_experiment,episode_attempt_827bb881437581ea696b,f260e65a1a239e2638f150e00afa4b63e540d196072b3cd32530728e8c82bb70,included,housing_social_welfare_leaf,1.0.0,social_welfare,1.0.0,capture,landlord_1,landlord_1,0.0,utility_points,"{""disagreement_utility"":0.0}",ok,valid,[],"[""event_00000283""]",evaluation_receipt,episode_attempt_827bb881437581ea696b,f260e65a1a239e2638f150e00afa4b63e540d196072b3cd32530728e8c82bb70,true
result_64a6f9fa5a87c235f6ee1b95,runplan_655e5cbdd097e7a2,cell_0901e98907b00b344ae4,housing_v1__experiment__000004,housing_v1,housing_controlled_model_landlords_experiment,episode_attempt_827bb881437581ea696b,f260e65a1a239e2638f150e00afa4b63e540d196072b3cd32530728e8c82bb70,included,housing_social_welfare_leaf,1.0.0,social_welfare,1.0.0,capture,landlord_2,landlord_2,120.76,utility_points,"{""disagreement_utility"":0.0}",ok,valid,[],"[""event_00000283""]",evaluation_receipt,episode_attempt_827bb881437581ea696b,f260e65a1a239e2638f150e00afa4b63e540d196072b3cd32530728e8c82bb70,true
result_c765e4538b4f7120e1eeff4c,runplan_655e5cbdd097e7a2,cell_0901e98907b00b344ae4,housing_v1__experiment__000004,housing_v1,housing_controlled_model_landlords_experiment,episode_attempt_827bb881437581ea696b,f260e65a1a239e2638f150e00afa4b63e540d196072b3cd32530728e8c82bb70,included,housing_social_welfare_leaf,1.0.0,social_welfare,1.0.0,capture,landlord_3,landlord_3,-1988.82,utility_points,"{""disagreement_utility"":0.0}",ok,valid,[],"[""event_00000283""]",evaluation_receipt,episode_attempt_827bb881437581ea696b,f260e65a1a239e2638f150e00afa4b63e540d196072b3cd32530728e8c82bb70,true
result_dfae23923bcb0a72d5003a9d,runplan_655e5cbdd097e7a2,cell_0901e98907b00b344ae4,housing_v1__experiment__000004,housing_v1,housing_controlled_model_landlords_experiment,episode_attempt_827bb881437581ea696b,f260e65a1a239e2638f150e00afa4b63e540d196072b3cd32530728e8c82bb70,included,housing_social_welfare_leaf,1.0.0,social_welfare,1.0.0,capture,tenant_0,tenant_0,0.0,utility_points,"{""disagreement_utility"":0.0}",ok,valid,[],"[""event_00000283""]",evaluation_receipt,episode_attempt_827bb881437581ea696b,f260e65a1a239e2638f150e00afa4b63e540d196072b3cd32530728e8c82bb70,true
result_8999364d177fbffcb98d44d8,runplan_655e5cbdd097e7a2,cell_0901e98907b00b344ae4,housing_v1__experiment__000004,housing_v1,housing_controlled_model_landlords_experiment,episode_attempt_827bb881437581ea696b,f260e65a1a239e2638f150e00afa4b63e540d196072b3cd32530728e8c82bb70,included,housing_social_welfare_leaf,1.0.0,social_welfare,1.0.0,capture,tenant_1,tenant_1,0.0,utility_points,"{""disagreement_utility"":0.0}",ok,valid,[],"[""event_00000283""]",evaluation_receipt,episode_attempt_827bb881437581ea696b,f260e65a1a239e2638f150e00afa4b63e540d196072b3cd32530728e8c82bb70,true
result_3cf99ebc4c44f9aa210affe5,runplan_655e5cbdd097e7a2,cell_0901e98907b00b344ae4,housing_v1__experiment__000004,housing_v1,housing_controlled_model_landlords_experiment,episode_attempt_827bb881437581ea696b,f260e65a1a239e2638f150e00afa4b63e540d196072b3cd32530728e8c82bb70,included,housing_social_welfare_leaf,1.0.0,social_welfare,1.0.0,capture,tenant_2,tenant_2,2349.34,utility_points,"{""disagreement_utility"":0.0}",ok,valid,[],"[""event_00000283""]",evaluation_receipt,episode_attempt_827bb881437581ea696b,f260e65a1a239e2638f150e00afa4b63e540d196072b3cd32530728e8c82bb70,true
result_81085cdfb7b694252cbea87b,runplan_655e5cbdd097e7a2,cell_0901e98907b00b344ae4,housing_v1__experiment__000004,housing_v1,housing_controlled_model_landlords_experiment,episode_attempt_827bb881437581ea696b,f260e65a1a239e2638f150e00afa4b63e540d196072b3cd32530728e8c82bb70,included,housing_social_welfare_leaf,1.0.0,social_welfare,1.0.0,capture,tenant_3,tenant_3,0.0,utility_points,"{""disagreement_utility"":0.0}",ok,valid,[],"[""event_00000283""]",evaluation_receipt,episode_attempt_827bb881437581ea696b,f260e65a1a239e2638f150e00afa4b63e540d196072b3cd32530728e8c82bb70,true
result_913ec64f349823ac4baac2cb,runplan_655e5cbdd097e7a2,cell_0901e98907b00b344ae4,housing_v1__experiment__000004,housing_v1,housing_controlled_model_landlords_experiment,episode_attempt_827bb881437581ea696b,f260e65a1a239e2638f150e00afa4b63e540d196072b3cd32530728e8c82bb70,included,housing_social_welfare_leaf,1.0.0,social_welfare,1.0.0,capture,tenant_4,tenant_4,0.0,utility_points,"{""disagreement_utility"":0.0}",ok,valid,[],"[""event_00000283""]",evaluation_receipt,episode_attempt_827bb881437581ea696b,f260e65a1a239e2638f150e00afa4b63e540d196072b3cd32530728e8c82bb70,true
result_34e36c81e0e2196d617bb033,runplan_655e5cbdd097e7a2,cell_0901e98907b00b344ae4,housing_v1__experiment__000004,housing_v1,housing_controlled_model_landlords_experiment,episode_attempt_827bb881437581ea696b,f260e65a1a239e2638f150e00afa4b63e540d196072b3cd32530728e8c82bb70,included,housing_social_welfare_leaf,1.0.0,social_welfare,1.0.0,capture,tenant_5,tenant_5,425.54,utility_points,"{""disagreement_utility"":0.0}",ok,valid,[],"[""event_00000283""]",evaluation_receipt,episode_attempt_827bb881437581ea696b,f260e65a1a239e2638f150e00afa4b63e540d196072b3cd32530728e8c82bb70,true
result_195f67766cd34210872d4423,runplan_655e5cbdd097e7a2,cell_0b93784c1e30c43427df,housing_v1__experiment__000006,housing_v1,housing_controlled_model_landlords_experiment,episode_attempt_f1a244d1ee3983ca384b,a1568286dc445693db1ead4031f3782bb12ab5f78cd289ff2613ebcf849091a8,included,housing_social_welfare_leaf,1.0.0,social_welfare,1.0.0,primary,social_welfare,,754.18,utility_points,{},ok,valid,[],"[""event_00000257""]",evaluation_receipt,episode_attempt_f1a244d1ee3983ca384b,a1568286dc445693db1ead4031f3782bb12ab5f78cd289ff2613ebcf849091a8,true
result_02092918811854aae7cc8c2d,runplan_655e5cbdd097e7a2,cell_0b93784c1e30c43427df,housing_v1__experiment__000006,housing_v1,housing_controlled_model_landlords_experiment,episode_attempt_f1a244d1ee3983ca384b,a1568286dc445693db1ead4031f3782bb12ab5f78cd289ff2613ebcf849091a8,included,housing_social_welfare_leaf,1.0.0,social_welfare,1.0.0,metric,comparison_baseline_gap,,35.289999999999964,utility_points,{},ok,valid,[],"[""event_00000257""]",evaluation_receipt,episode_attempt_f1a244d1ee3983ca384b,a1568286dc445693db1ead4031f3782bb12ab5f78cd289ff2613ebcf849091a8,true
result_198fde9a9e9fdb8b9bf8931b,runplan_655e5cbdd097e7a2,cell_0b93784c1e30c43427df,housing_v1__experiment__000006,housing_v1,housing_controlled_model_landlords_experiment,episode_attempt_f1a244d1ee3983ca384b,a1568286dc445693db1ead4031f3782bb12ab5f78cd289ff2613ebcf849091a8,included,housing_social_welfare_leaf,1.0.0,social_welfare,1.0.0,metric,ir_violation_count,,0.0,count,{},ok,valid,[],"[""event_00000257""]",evaluation_receipt,episode_attempt_f1a244d1ee3983ca384b,a1568286dc445693db1ead4031f3782bb12ab5f78cd289ff2613ebcf849091a8,true
result_b5f7db3a7ecb00eaa3c4dd75,runplan_655e5cbdd097e7a2,cell_0b93784c1e30c43427df,housing_v1__experiment__000006,housing_v1,housing_controlled_model_landlords_experiment,episode_attempt_f1a244d1ee3983ca384b,a1568286dc445693db1ead4031f3782bb12ab5f78cd289ff2613ebcf849091a8,included,housing_social_welfare_leaf,1.0.0,social_welfare,1.0.0,metric,social_welfare,,754.18,utility_points,{},ok,valid,[],"[""event_00000257""]",evaluation_receipt,episode_attempt_f1a244d1ee3983ca384b,a1568286dc445693db1ead4031f3782bb12ab5f78cd289ff2613ebcf849091a8,true
result_8715edb184ba865ef7866eaa,runplan_655e5cbdd097e7a2,cell_0b93784c1e30c43427df,housing_v1__experiment__000006,housing_v1,housing_controlled_model_landlords_experiment,episode_attempt_f1a244d1ee3983ca384b,a1568286dc445693db1ead4031f3782bb12ab5f78cd289ff2613ebcf849091a8,included,housing_social_welfare_leaf,1.0.0,social_welfare,1.0.0,metric,upper_bound_gap,,373.95000000000016,utility_points,{},ok,valid,[],"[""event_00000257""]",evaluation_receipt,episode_attempt_f1a244d1ee3983ca384b,a1568286dc445693db1ead4031f3782bb12ab5f78cd289ff2613ebcf849091a8,true
result_b6f2569b11e67edc1eb88b71,runplan_655e5cbdd097e7a2,cell_0b93784c1e30c43427df,housing_v1__experiment__000006,housing_v1,housing_controlled_model_landlords_experiment,episode_attempt_f1a244d1ee3983ca384b,a1568286dc445693db1ead4031f3782bb12ab5f78cd289ff2613ebcf849091a8,included,housing_social_welfare_leaf,1.0.0,social_welfare,1.0.0,metric,wasted_contacts,,9.0,count,{},ok,valid,[],"[""event_00000257""]",evaluation_receipt,episode_attempt_f1a244d1ee3983ca384b,a1568286dc445693db1ead4031f3782bb12ab5f78cd289ff2613ebcf849091a8,true
result_ba87f184cdb8865f9f198fe1,runplan_655e5cbdd097e7a2,cell_0b93784c1e30c43427df,housing_v1__experiment__000006,housing_v1,housing_controlled_model_landlords_experiment,episode_attempt_f1a244d1ee3983ca384b,a1568286dc445693db1ead4031f3782bb12ab5f78cd289ff2613ebcf849091a8,included,housing_social_welfare_leaf,1.0.0,social_welfare,1.0.0,metric,within_case_score,,0.6685222447767544,ratio,{},ok,valid,[],"[""event_00000257""]",evaluation_receipt,episode_attempt_f1a244d1ee3983ca384b,a1568286dc445693db1ead4031f3782bb12ab5f78cd289ff2613ebcf849091a8,true
result_41d5cdad98d40caa665950bd,runplan_655e5cbdd097e7a2,cell_0b93784c1e30c43427df,housing_v1__experiment__000006,housing_v1,housing_controlled_model_landlords_experiment,episode_attempt_f1a244d1ee3983ca384b,a1568286dc445693db1ead4031f3782bb12ab5f78cd289ff2613ebcf849091a8,included,housing_social_welfare_leaf,1.0.0,social_welfare,1.0.0,reference,comparison_baseline,,718.89,utility_points,"{""policy"":""naive"",""reference_kind"":""comparison_baseline""}",ok,valid,[],"[""event_00000257""]",evaluation_receipt,episode_attempt_f1a244d1ee3983ca384b,a1568286dc445693db1ead4031f3782bb12ab5f78cd289ff2613ebcf849091a8,true
result_ce82df239113c1ab424daa2f,runplan_655e5cbdd097e7a2,cell_0b93784c1e30c43427df,housing_v1__experiment__000006,housing_v1,housing_controlled_model_landlords_experiment,episode_attempt_f1a244d1ee3983ca384b,a1568286dc445693db1ead4031f3782bb12ab5f78cd289ff2613ebcf849091a8,included,housing_social_welfare_leaf,1.0.0,social_welfare,1.0.0,reference,optimum_lower_bound,,0.0,utility_points,"{""policy"":""do_nothing"",""reference_kind"":""objective_lower_bound""}",ok,valid,[],"[""event_00000257""]",evaluation_receipt,episode_attempt_f1a244d1ee3983ca384b,a1568286dc445693db1ead4031f3782bb12ab5f78cd289ff2613ebcf849091a8,true
result_76f6f399608f756ffccc71aa,runplan_655e5cbdd097e7a2,cell_0b93784c1e30c43427df,housing_v1__experiment__000006,housing_v1,housing_controlled_model_landlords_experiment,episode_attempt_f1a244d1ee3983ca384b,a1568286dc445693db1ead4031f3782bb12ab5f78cd289ff2613ebcf849091a8,included,housing_social_welfare_leaf,1.0.0,social_welfare,1.0.0,reference,optimum_upper_bound,,1128.13,utility_points,"{""reference_kind"":""objective_upper_bound"",""semantics"":""full_information_allocation_relaxation""}",ok,valid,[],"[""event_00000257""]",evaluation_receipt,episode_attempt_f1a244d1ee3983ca384b,a1568286dc445693db1ead4031f3782bb12ab5f78cd289ff2613ebcf849091a8,true
result_7073def303a403bba0c16fe6,runplan_655e5cbdd097e7a2,cell_0b93784c1e30c43427df,housing_v1__experiment__000006,housing_v1,housing_controlled_model_landlords_experiment,episode_attempt_f1a244d1ee3983ca384b,a1568286dc445693db1ead4031f3782bb12ab5f78cd289ff2613ebcf849091a8,included,housing_social_welfare_leaf,1.0.0,social_welfare,1.0.0,utility,landlord_0,landlord_0,0.0,utility_points,"{""disagreement_utility"":0.0}",ok,valid,[],"[""event_00000257""]",evaluation_receipt,episode_attempt_f1a244d1ee3983ca384b,a1568286dc445693db1ead4031f3782bb12ab5f78cd289ff2613ebcf849091a8,true
result_1f6697512c013c1e7e657cc5,runplan_655e5cbdd097e7a2,cell_0b93784c1e30c43427df,housing_v1__experiment__000006,housing_v1,housing_controlled_model_landlords_experiment,episode_attempt_f1a244d1ee3983ca384b,a1568286dc445693db1ead4031f3782bb12ab5f78cd289ff2613ebcf849091a8,included,housing_social_welfare_leaf,1.0.0,social_welfare,1.0.0,utility,landlord_1,landlord_1,150.73,utility_points,"{""disagreement_utility"":0.0}",ok,valid,[],"[""event_00000257""]",evaluation_receipt,episode_attempt_f1a244d1ee3983ca384b,a1568286dc445693db1ead4031f3782bb12ab5f78cd289ff2613ebcf849091a8,true
result_3f8dc9e9659440bb70541872,runplan_655e5cbdd097e7a2,cell_0b93784c1e30c43427df,housing_v1__experiment__000006,housing_v1,housing_controlled_model_landlords_experiment,episode_attempt_f1a244d1ee3983ca384b,a1568286dc445693db1ead4031f3782bb12ab5f78cd289ff2613ebcf849091a8,included,housing_social_welfare_leaf,1.0.0,social_welfare,1.0.0,utility,landlord_2,landlord_2,0.0,utility_points,"{""disagreement_utility"":0.0}",ok,valid,[],"[""event_00000257""]",evaluation_receipt,episode_attempt_f1a244d1ee3983ca384b,a1568286dc445693db1ead4031f3782bb12ab5f78cd289ff2613ebcf849091a8,true
result_46b2bf67550a708337b9ab50,runplan_655e5cbdd097e7a2,cell_0b93784c1e30c43427df,housing_v1__experiment__000006,housing_v1,housing_controlled_model_landlords_experiment,episode_attempt_f1a244d1ee3983ca384b,a1568286dc445693db1ead4031f3782bb12ab5f78cd289ff2613ebcf849091a8,included,housing_social_welfare_leaf,1.0.0,social_welfare,1.0.0,utility,landlord_3,landlord_3,44.83,utility_points,"{""disagreement_utility"":0.0}",ok,valid,[],"[""event_00000257""]",evaluation_receipt,episode_attempt_f1a244d1ee3983ca384b,a1568286dc445693db1ead4031f3782bb12ab5f78cd289ff2613ebcf849091a8,true
result_0674798b464e0a6aaee1359c,runplan_655e5cbdd097e7a2,cell_0b93784c1e30c43427df,housing_v1__experiment__000006,housing_v1,housing_controlled_model_landlords_experiment,episode_attempt_f1a244d1ee3983ca384b,a1568286dc445693db1ead4031f3782bb12ab5f78cd289ff2613ebcf849091a8,included,housing_social_welfare_leaf,1.0.0,social_welfare,1.0.0,utility,tenant_0,tenant_0,349.22,utility_points,"{""disagreement_utility"":0.0}",ok,valid,[],"[""event_00000257""]",evaluation_receipt,episode_attempt_f1a244d1ee3983ca384b,a1568286dc445693db1ead4031f3782bb12ab5f78cd289ff2613ebcf849091a8,true
result_b8ec4fa037ec37797e9f5777,runplan_655e5cbdd097e7a2,cell_0b93784c1e30c43427df,housing_v1__experiment__000006,housing_v1,housing_controlled_model_landlords_experiment,episode_attempt_f1a244d1ee3983ca384b,a1568286dc445693db1ead4031f3782bb12ab5f78cd289ff2613ebcf849091a8,included,housing_social_welfare_leaf,1.0.0,social_welfare,1.0.0,utility,tenant_1,tenant_1,0.0,utility_points,"{""disagreement_utility"":0.0}",ok,valid,[],"[""event_00000257""]",evaluation_receipt,episode_attempt_f1a244d1ee3983ca384b,a1568286dc445693db1ead4031f3782bb12ab5f78cd289ff2613ebcf849091a8,true
result_0b850c02826a27a688b52419,runplan_655e5cbdd097e7a2,cell_0b93784c1e30c43427df,housing_v1__experiment__000006,housing_v1,housing_controlled_model_landlords_experiment,episode_attempt_f1a244d1ee3983ca384b,a1568286dc445693db1ead4031f3782bb12ab5f78cd289ff2613ebcf849091a8,included,housing_social_welfare_leaf,1.0.0,social_welfare,1.0.0,utility,tenant_2,tenant_2,209.4,utility_points,"{""disagreement_utility"":0.0}",ok,valid,[],"[""event_00000257""]",evaluation_receipt,episode_attempt_f1a244d1ee3983ca384b,a1568286dc445693db1ead4031f3782bb12ab5f78cd289ff2613ebcf849091a8,true
result_035026dbaa2d0fb2eb449eb8,runplan_655e5cbdd097e7a2,cell_0b93784c1e30c43427df,housing_v1__experiment__000006,housing_v1,housing_controlled_model_landlords_experiment,episode_attempt_f1a244d1ee3983ca384b,a1568286dc445693db1ead4031f3782bb12ab5f78cd289ff2613ebcf849091a8,included,housing_social_welfare_leaf,1.0.0,social_welfare,1.0.0,utility,tenant_3,tenant_3,0.0,utility_points,"{""disagreement_utility"":0.0}",ok,valid,[],"[""event_00000257""]",evaluation_receipt,episode_attempt_f1a244d1ee3983ca384b,a1568286dc445693db1ead4031f3782bb12ab5f78cd289ff2613ebcf849091a8,true
result_c7f6bfccc28f67221812dd73,runplan_655e5cbdd097e7a2,cell_0b93784c1e30c43427df,housing_v1__experiment__000006,housing_v1,housing_controlled_model_landlords_experiment,episode_attempt_f1a244d1ee3983ca384b,a1568286dc445693db1ead4031f3782bb12ab5f78cd289ff2613ebcf849091a8,included,housing_social_welfare_leaf,1.0.0,social_welfare,1.0.0,utility,tenant_4,tenant_4,0.0,utility_points,"{""disagreement_utility"":0.0}",ok,valid,[],"[""event_00000257""]",evaluation_receipt,episode_attempt_f1a244d1ee3983ca384b,a1568286dc445693db1ead4031f3782bb12ab5f78cd289ff2613ebcf849091a8,true
result_af655727ddf2e7f7ca3dfcc9,runplan_655e5cbdd097e7a2,cell_0b93784c1e30c43427df,housing_v1__experiment__000006,housing_v1,housing_controlled_model_landlords_experiment,episode_attempt_f1a244d1ee3983ca384b,a1568286dc445693db1ead4031f3782bb12ab5f78cd289ff2613ebcf849091a8,included,housing_social_welfare_leaf,1.0.0,social_welfare,1.0.0,utility,tenant_5,tenant_5,0.0,utility_points,"{""disagreement_utility"":0.0}",ok,valid,[],"[""event_00000257""]",evaluation_receipt,episode_attempt_f1a244d1ee3983ca384b,a1568286dc445693db1ead4031f3782bb12ab5f78cd289ff2613ebcf849091a8,true
result_7de9b429e2f4a7bd33304c46,runplan_655e5cbdd097e7a2,cell_0b93784c1e30c43427df,housing_v1__experiment__000006,housing_v1,housing_controlled_model_landlords_experiment,episode_attempt_f1a244d1ee3983ca384b,a1568286dc445693db1ead4031f3782bb12ab5f78cd289ff2613ebcf849091a8,included,housing_social_welfare_leaf,1.0.0,social_welfare,1.0.0,capture,landlord_0,landlord_0,0.0,utility_points,"{""disagreement_utility"":0.0}",ok,valid,[],"[""event_00000257""]",evaluation_receipt,episode_attempt_f1a244d1ee3983ca384b,a1568286dc445693db1ead4031f3782bb12ab5f78cd289ff2613ebcf849091a8,true
result_b803492378bd327529974921,runplan_655e5cbdd097e7a2,cell_0b93784c1e30c43427df,housing_v1__experiment__000006,housing_v1,housing_controlled_model_landlords_experiment,episode_attempt_f1a244d1ee3983ca384b,a1568286dc445693db1ead4031f3782bb12ab5f78cd289ff2613ebcf849091a8,included,housing_social_welfare_leaf,1.0.0,social_welfare,1.0.0,capture,landlord_1,landlord_1,150.73,utility_points,"{""disagreement_utility"":0.0}",ok,valid,[],"[""event_00000257""]",evaluation_receipt,episode_attempt_f1a244d1ee3983ca384b,a1568286dc445693db1ead4031f3782bb12ab5f78cd289ff2613ebcf849091a8,true
result_2f8f0d11d450bf4d48e77405,runplan_655e5cbdd097e7a2,cell_0b93784c1e30c43427df,housing_v1__experiment__000006,housing_v1,housing_controlled_model_landlords_experiment,episode_attempt_f1a244d1ee3983ca384b,a1568286dc445693db1ead4031f3782bb12ab5f78cd289ff2613ebcf849091a8,included,housing_social_welfare_leaf,1.0.0,social_welfare,1.0.0,capture,landlord_2,landlord_2,0.0,utility_points,"{""disagreement_utility"":0.0}",ok,valid,[],"[""event_00000257""]",evaluation_receipt,episode_attempt_f1a244d1ee3983ca384b,a1568286dc445693db1ead4031f3782bb12ab5f78cd289ff2613ebcf849091a8,true
result_93f711c955d0017c2424710d,runplan_655e5cbdd097e7a2,cell_0b93784c1e30c43427df,housing_v1__experiment__000006,housing_v1,housing_controlled_model_landlords_experiment,episode_attempt_f1a244d1ee3983ca384b,a1568286dc445693db1ead4031f3782bb12ab5f78cd289ff2613ebcf849091a8,included,housing_social_welfare_leaf,1.0.0,social_welfare,1.0.0,capture,landlord_3,landlord_3,44.83,utility_points,"{""disagreement_utility"":0.0}",ok,valid,[],"[""event_00000257""]",evaluation_receipt,episode_attempt_f1a244d1ee3983ca384b,a1568286dc445693db1ead4031f3782bb12ab5f78cd289ff2613ebcf849091a8,true
result_8b2bea59e406a062ead42ef5,runplan_655e5cbdd097e7a2,cell_0b93784c1e30c43427df,housing_v1__experiment__000006,housing_v1,housing_controlled_model_landlords_experiment,episode_attempt_f1a244d1ee3983ca384b,a1568286dc445693db1ead4031f3782bb12ab5f78cd289ff2613ebcf849091a8,included,housing_social_welfare_leaf,1.0.0,social_welfare,1.0.0,capture,tenant_0,tenant_0,349.22,utility_points,"{""disagreement_utility"":0.0}",ok,valid,[],"[""event_00000257""]",evaluation_receipt,episode_attempt_f1a244d1ee3983ca384b,a1568286dc445693db1ead4031f3782bb12ab5f78cd289ff2613ebcf849091a8,true
result_48a37fff8fb37741aab8168d,runplan_655e5cbdd097e7a2,cell_0b93784c1e30c43427df,housing_v1__experiment__000006,housing_v1,housing_controlled_model_landlords_experiment,episode_attempt_f1a244d1ee3983ca384b,a1568286dc445693db1ead4031f3782bb12ab5f78cd289ff2613ebcf849091a8,included,housing_social_welfare_leaf,1.0.0,social_welfare,1.0.0,capture,tenant_1,tenant_1,0.0,utility_points,"{""disagreement_utility"":0.0}",ok,valid,[],"[""event_00000257""]",evaluation_receipt,episode_attempt_f1a244d1ee3983ca384b,a1568286dc445693db1ead4031f3782bb12ab5f78cd289ff2613ebcf849091a8,true
result_090b95047f637c65137957d2,runplan_655e5cbdd097e7a2,cell_0b93784c1e30c43427df,housing_v1__experiment__000006,housing_v1,housing_controlled_model_landlords_experiment,episode_attempt_f1a244d1ee3983ca384b,a1568286dc445693db1ead4031f3782bb12ab5f78cd289ff2613ebcf849091a8,included,housing_social_welfare_leaf,1.0.0,social_welfare,1.0.0,capture,tenant_2,tenant_2,209.4,utility_points,"{""disagreement_utility"":0.0}",ok,valid,[],"[""event_00000257""]",evaluation_receipt,episode_attempt_f1a244d1ee3983ca384b,a1568286dc445693db1ead4031f3782bb12ab5f78cd289ff2613ebcf849091a8,true
result_de303be2ee4a4ed0dee000c6,runplan_655e5cbdd097e7a2,cell_0b93784c1e30c43427df,housing_v1__experiment__000006,housing_v1,housing_controlled_model_landlords_experiment,episode_attempt_f1a244d1ee3983ca384b,a1568286dc445693db1ead4031f3782bb12ab5f78cd289ff2613ebcf849091a8,included,housing_social_welfare_leaf,1.0.0,social_welfare,1.0.0,capture,tenant_3,tenant_3,0.0,utility_points,"{""disagreement_utility"":0.0}",ok,valid,[],"[""event_00000257""]",evaluation_receipt,episode_attempt_f1a244d1ee3983ca384b,a1568286dc445693db1ead4031f3782bb12ab5f78cd289ff2613ebcf849091a8,true
result_0b7ab705be60fe18c87bcd08,runplan_655e5cbdd097e7a2,cell_0b93784c1e30c43427df,housing_v1__experiment__000006,housing_v1,housing_controlled_model_landlords_experiment,episode_attempt_f1a244d1ee3983ca384b,a1568286dc445693db1ead4031f3782bb12ab5f78cd289ff2613ebcf849091a8,included,housing_social_welfare_leaf,1.0.0,social_welfare,1.0.0,capture,tenant_4,tenant_4,0.0,utility_points,"{""disagreement_utility"":0.0}",ok,valid,[],"[""event_00000257""]",evaluation_receipt,episode_attempt_f1a244d1ee3983ca384b,a1568286dc445693db1ead4031f3782bb12ab5f78cd289ff2613ebcf849091a8,true
result_1dd53d28e53c0bf4b5035b13,runplan_655e5cbdd097e7a2,cell_0b93784c1e30c43427df,housing_v1__experiment__000006,housing_v1,housing_controlled_model_landlords_experiment,episode_attempt_f1a244d1ee3983ca384b,a1568286dc445693db1ead4031f3782bb12ab5f78cd289ff2613ebcf849091a8,included,housing_social_welfare_leaf,1.0.0,social_welfare,1.0.0,capture,tenant_5,tenant_5,0.0,utility_points,"{""disagreement_utility"":0.0}",ok,valid,[],"[""event_00000257""]",evaluation_receipt,episode_attempt_f1a244d1ee3983ca384b,a1568286dc445693db1ead4031f3782bb12ab5f78cd289ff2613ebcf849091a8,true
result_ab8c752aa82cb8c9bd4b7914,runplan_655e5cbdd097e7a2,cell_119fe813dcd248a80e3b,housing_v1__experiment__000002,housing_v1,housing_controlled_model_landlords_experiment,episode_attempt_f5fae8ce278a9348dae1,62b374c92f5b4826ebc01a0323f6cbfb0967ef8a2a2c99a5925908334a827315,included,housing_social_welfare_leaf,1.0.0,social_welfare,1.0.0,primary,social_welfare,,741.59,utility_points,{},ok,valid,[],"[""event_00000261""]",evaluation_receipt,episode_attempt_f5fae8ce278a9348dae1,62b374c92f5b4826ebc01a0323f6cbfb0967ef8a2a2c99a5925908334a827315,true
result_04dd99353115808010251559,runplan_655e5cbdd097e7a2,cell_119fe813dcd248a80e3b,housing_v1__experiment__000002,housing_v1,housing_controlled_model_landlords_experiment,episode_attempt_f5fae8ce278a9348dae1,62b374c92f5b4826ebc01a0323f6cbfb0967ef8a2a2c99a5925908334a827315,included,housing_social_welfare_leaf,1.0.0,social_welfare,1.0.0,metric,comparison_baseline_gap,,0.0,utility_points,{},ok,valid,[],"[""event_00000261""]",evaluation_receipt,episode_attempt_f5fae8ce278a9348dae1,62b374c92f5b4826ebc01a0323f6cbfb0967ef8a2a2c99a5925908334a827315,true
result_7e6add3ee6954eebfd4e5622,runplan_655e5cbdd097e7a2,cell_119fe813dcd248a80e3b,housing_v1__experiment__000002,housing_v1,housing_controlled_model_landlords_experiment,episode_attempt_f5fae8ce278a9348dae1,62b374c92f5b4826ebc01a0323f6cbfb0967ef8a2a2c99a5925908334a827315,included,housing_social_welfare_leaf,1.0.0,social_welfare,1.0.0,metric,ir_violation_count,,0.0,count,{},ok,valid,[],"[""event_00000261""]",evaluation_receipt,episode_attempt_f5fae8ce278a9348dae1,62b374c92f5b4826ebc01a0323f6cbfb0967ef8a2a2c99a5925908334a827315,true
result_2ff2b76882843b08af239c50,runplan_655e5cbdd097e7a2,cell_119fe813dcd248a80e3b,housing_v1__experiment__000002,housing_v1,housing_controlled_model_landlords_experiment,episode_attempt_f5fae8ce278a9348dae1,62b374c92f5b4826ebc01a0323f6cbfb0967ef8a2a2c99a5925908334a827315,included,housing_social_welfare_leaf,1.0.0,social_welfare,1.0.0,metric,social_welfare,,741.59,utility_points,{},ok,valid,[],"[""event_00000261""]",evaluation_receipt,episode_attempt_f5fae8ce278a9348dae1,62b374c92f5b4826ebc01a0323f6cbfb0967ef8a2a2c99a5925908334a827315,true
result_e20c2b1736a1e7534db505b0,runplan_655e5cbdd097e7a2,cell_119fe813dcd248a80e3b,housing_v1__experiment__000002,housing_v1,housing_controlled_model_landlords_experiment,episode_attempt_f5fae8ce278a9348dae1,62b374c92f5b4826ebc01a0323f6cbfb0967ef8a2a2c99a5925908334a827315,included,housing_social_welfare_leaf,1.0.0,social_welfare,1.0.0,metric,upper_bound_gap,,265.19999999999993,utility_points,{},ok,valid,[],"[""event_00000261""]",evaluation_receipt,episode_attempt_f5fae8ce278a9348dae1,62b374c92f5b4826ebc01a0323f6cbfb0967ef8a2a2c99a5925908334a827315,true
result_1d4670b80ebde2ae38385c7e,runplan_655e5cbdd097e7a2,cell_119fe813dcd248a80e3b,housing_v1__experiment__000002,housing_v1,housing_controlled_model_landlords_experiment,episode_attempt_f5fae8ce278a9348dae1,62b374c92f5b4826ebc01a0323f6cbfb0967ef8a2a2c99a5925908334a827315,included,housing_social_welfare_leaf,1.0.0,social_welfare,1.0.0,metric,wasted_contacts,,9.0,count,{},ok,valid,[],"[""event_00000261""]",evaluation_receipt,episode_attempt_f5fae8ce278a9348dae1,62b374c92f5b4826ebc01a0323f6cbfb0967ef8a2a2c99a5925908334a827315,true
result_8cdfc7778906292560420e77,runplan_655e5cbdd097e7a2,cell_119fe813dcd248a80e3b,housing_v1__experiment__000002,housing_v1,housing_controlled_model_landlords_experiment,episode_attempt_f5fae8ce278a9348dae1,62b374c92f5b4826ebc01a0323f6cbfb0967ef8a2a2c99a5925908334a827315,included,housing_social_welfare_leaf,1.0.0,social_welfare,1.0.0,metric,within_case_score,,0.7365885636527976,ratio,{},ok,valid,[],"[""event_00000261""]",evaluation_receipt,episode_attempt_f5fae8ce278a9348dae1,62b374c92f5b4826ebc01a0323f6cbfb0967ef8a2a2c99a5925908334a827315,true
result_f2aa99e53e1dea42c40d4b52,runplan_655e5cbdd097e7a2,cell_119fe813dcd248a80e3b,housing_v1__experiment__000002,housing_v1,housing_controlled_model_landlords_experiment,episode_attempt_f5fae8ce278a9348dae1,62b374c92f5b4826ebc01a0323f6cbfb0967ef8a2a2c99a5925908334a827315,included,housing_social_welfare_leaf,1.0.0,social_welfare,1.0.0,reference,comparison_baseline,,741.59,utility_points,"{""policy"":""naive"",""reference_kind"":""comparison_baseline""}",ok,valid,[],"[""event_00000261""]",evaluation_receipt,episode_attempt_f5fae8ce278a9348dae1,62b374c92f5b4826ebc01a0323f6cbfb0967ef8a2a2c99a5925908334a827315,true
result_eae8c936553d4bae5be665a3,runplan_655e5cbdd097e7a2,cell_119fe813dcd248a80e3b,housing_v1__experiment__000002,housing_v1,housing_controlled_model_landlords_experiment,episode_attempt_f5fae8ce278a9348dae1,62b374c92f5b4826ebc01a0323f6cbfb0967ef8a2a2c99a5925908334a827315,included,housing_social_welfare_leaf,1.0.0,social_welfare,1.0.0,reference,optimum_lower_bound,,0.0,utility_points,"{""policy"":""do_nothing"",""reference_kind"":""objective_lower_bound""}",ok,valid,[],"[""event_00000261""]",evaluation_receipt,episode_attempt_f5fae8ce278a9348dae1,62b374c92f5b4826ebc01a0323f6cbfb0967ef8a2a2c99a5925908334a827315,true
result_a18fcd9aea8139721728d05a,runplan_655e5cbdd097e7a2,cell_119fe813dcd248a80e3b,housing_v1__experiment__000002,housing_v1,housing_controlled_model_landlords_experiment,episode_attempt_f5fae8ce278a9348dae1,62b374c92f5b4826ebc01a0323f6cbfb0967ef8a2a2c99a5925908334a827315,included,housing_social_welfare_leaf,1.0.0,social_welfare,1.0.0,reference,optimum_upper_bound,,1006.79,utility_points,"{""reference_kind"":""objective_upper_bound"",""semantics"":""full_information_allocation_relaxation""}",ok,valid,[],"[""event_00000261""]",evaluation_receipt,episode_attempt_f5fae8ce278a9348dae1,62b374c92f5b4826ebc01a0323f6cbfb0967ef8a2a2c99a5925908334a827315,true
result_2b896a037812e656a556bcfa,runplan_655e5cbdd097e7a2,cell_119fe813dcd248a80e3b,housing_v1__experiment__000002,housing_v1,housing_controlled_model_landlords_experiment,episode_attempt_f5fae8ce278a9348dae1,62b374c92f5b4826ebc01a0323f6cbfb0967ef8a2a2c99a5925908334a827315,included,housing_social_welfare_leaf,1.0.0,social_welfare,1.0.0,utility,landlord_0,landlord_0,0.0,utility_points,"{""disagreement_utility"":0.0}",ok,valid,[],"[""event_00000261""]",evaluation_receipt,episode_attempt_f5fae8ce278a9348dae1,62b374c92f5b4826ebc01a0323f6cbfb0967ef8a2a2c99a5925908334a827315,true
result_162fe7f2d4ed17bb1e1784e1,runplan_655e5cbdd097e7a2,cell_119fe813dcd248a80e3b,housing_v1__experiment__000002,housing_v1,housing_controlled_model_landlords_experiment,episode_attempt_f5fae8ce278a9348dae1,62b374c92f5b4826ebc01a0323f6cbfb0967ef8a2a2c99a5925908334a827315,included,housing_social_welfare_leaf,1.0.0,social_welfare,1.0.0,utility,landlord_1,landlord_1,137.87,utility_points,"{""disagreement_utility"":0.0}",ok,valid,[],"[""event_00000261""]",evaluation_receipt,episode_attempt_f5fae8ce278a9348dae1,62b374c92f5b4826ebc01a0323f6cbfb0967ef8a2a2c99a5925908334a827315,true
result_c58401734f372599d24fb898,runplan_655e5cbdd097e7a2,cell_119fe813dcd248a80e3b,housing_v1__experiment__000002,housing_v1,housing_controlled_model_landlords_experiment,episode_attempt_f5fae8ce278a9348dae1,62b374c92f5b4826ebc01a0323f6cbfb0967ef8a2a2c99a5925908334a827315,included,housing_social_welfare_leaf,1.0.0,social_welfare,1.0.0,utility,landlord_2,landlord_2,0.0,utility_points,"{""disagreement_utility"":0.0}",ok,valid,[],"[""event_00000261""]",evaluation_receipt,episode_attempt_f5fae8ce278a9348dae1,62b374c92f5b4826ebc01a0323f6cbfb0967ef8a2a2c99a5925908334a827315,true
result_98c758c3ad303ebff72e33ca,runplan_655e5cbdd097e7a2,cell_119fe813dcd248a80e3b,housing_v1__experiment__000002,housing_v1,housing_controlled_model_landlords_experiment,episode_attempt_f5fae8ce278a9348dae1,62b374c92f5b4826ebc01a0323f6cbfb0967ef8a2a2c99a5925908334a827315,included,housing_social_welfare_leaf,1.0.0,social_welfare,1.0.0,utility,landlord_3,landlord_3,229.13,utility_points,"{""disagreement_utility"":0.0}",ok,valid,[],"[""event_00000261""]",evaluation_receipt,episode_attempt_f5fae8ce278a9348dae1,62b374c92f5b4826ebc01a0323f6cbfb0967ef8a2a2c99a5925908334a827315,true
result_6e3f856f0c23b064f93785d9,runplan_655e5cbdd097e7a2,cell_119fe813dcd248a80e3b,housing_v1__experiment__000002,housing_v1,housing_controlled_model_landlords_experiment,episode_attempt_f5fae8ce278a9348dae1,62b374c92f5b4826ebc01a0323f6cbfb0967ef8a2a2c99a5925908334a827315,included,housing_social_welfare_leaf,1.0.0,social_welfare,1.0.0,utility,tenant_0,tenant_0,197.97,utility_points,"{""disagreement_utility"":0.0}",ok,valid,[],"[""event_00000261""]",evaluation_receipt,episode_attempt_f5fae8ce278a9348dae1,62b374c92f5b4826ebc01a0323f6cbfb0967ef8a2a2c99a5925908334a827315,true
result_406f963e03f13ef90e72d9de,runplan_655e5cbdd097e7a2,cell_119fe813dcd248a80e3b,housing_v1__experiment__000002,housing_v1,housing_controlled_model_landlords_experiment,episode_attempt_f5fae8ce278a9348dae1,62b374c92f5b4826ebc01a0323f6cbfb0967ef8a2a2c99a5925908334a827315,included,housing_social_welfare_leaf,1.0.0,social_welfare,1.0.0,utility,tenant_1,tenant_1,176.62,utility_points,"{""disagreement_utility"":0.0}",ok,valid,[],"[""event_00000261""]",evaluation_receipt,episode_attempt_f5fae8ce278a9348dae1,62b374c92f5b4826ebc01a0323f6cbfb0967ef8a2a2c99a5925908334a827315,true
result_3902ed70fcb5640974f0296b,runplan_655e5cbdd097e7a2,cell_119fe813dcd248a80e3b,housing_v1__experiment__000002,housing_v1,housing_controlled_model_landlords_experiment,episode_attempt_f5fae8ce278a9348dae1,62b374c92f5b4826ebc01a0323f6cbfb0967ef8a2a2c99a5925908334a827315,included,housing_social_welfare_leaf,1.0.0,social_welfare,1.0.0,utility,tenant_2,tenant_2,0.0,utility_points,"{""disagreement_utility"":0.0}",ok,valid,[],"[""event_00000261""]",evaluation_receipt,episode_attempt_f5fae8ce278a9348dae1,62b374c92f5b4826ebc01a0323f6cbfb0967ef8a2a2c99a5925908334a827315,true
result_883c1d468acf36ac10e7fb5d,runplan_655e5cbdd097e7a2,cell_119fe813dcd248a80e3b,housing_v1__experiment__000002,housing_v1,housing_controlled_model_landlords_experiment,episode_attempt_f5fae8ce278a9348dae1,62b374c92f5b4826ebc01a0323f6cbfb0967ef8a2a2c99a5925908334a827315,included,housing_social_welfare_leaf,1.0.0,social_welfare,1.0.0,utility,tenant_3,tenant_3,0.0,utility_points,"{""disagreement_utility"":0.0}",ok,valid,[],"[""event_00000261""]",evaluation_receipt,episode_attempt_f5fae8ce278a9348dae1,62b374c92f5b4826ebc01a0323f6cbfb0967ef8a2a2c99a5925908334a827315,true
result_84726fc4a5723bea2c1eff39,runplan_655e5cbdd097e7a2,cell_119fe813dcd248a80e3b,housing_v1__experiment__000002,housing_v1,housing_controlled_model_landlords_experiment,episode_attempt_f5fae8ce278a9348dae1,62b374c92f5b4826ebc01a0323f6cbfb0967ef8a2a2c99a5925908334a827315,included,housing_social_welfare_leaf,1.0.0,social_welfare,1.0.0,utility,tenant_4,tenant_4,0.0,utility_points,"{""disagreement_utility"":0.0}",ok,valid,[],"[""event_00000261""]",evaluation_receipt,episode_attempt_f5fae8ce278a9348dae1,62b374c92f5b4826ebc01a0323f6cbfb0967ef8a2a2c99a5925908334a827315,true
result_24447f72a177ff83d8ab578e,runplan_655e5cbdd097e7a2,cell_119fe813dcd248a80e3b,housing_v1__experiment__000002,housing_v1,housing_controlled_model_landlords_experiment,episode_attempt_f5fae8ce278a9348dae1,62b374c92f5b4826ebc01a0323f6cbfb0967ef8a2a2c99a5925908334a827315,included,housing_social_welfare_leaf,1.0.0,social_welfare,1.0.0,utility,tenant_5,tenant_5,0.0,utility_points,"{""disagreement_utility"":0.0}",ok,valid,[],"[""event_00000261""]",evaluation_receipt,episode_attempt_f5fae8ce278a9348dae1,62b374c92f5b4826ebc01a0323f6cbfb0967ef8a2a2c99a5925908334a827315,true
result_855b8237f9b7af6590a4a3f7,runplan_655e5cbdd097e7a2,cell_119fe813dcd248a80e3b,housing_v1__experiment__000002,housing_v1,housing_controlled_model_landlords_experiment,episode_attempt_f5fae8ce278a9348dae1,62b374c92f5b4826ebc01a0323f6cbfb0967ef8a2a2c99a5925908334a827315,included,housing_social_welfare_leaf,1.0.0,social_welfare,1.0.0,capture,landlord_0,landlord_0,0.0,utility_points,"{""disagreement_utility"":0.0}",ok,valid,[],"[""event_00000261""]",evaluation_receipt,episode_attempt_f5fae8ce278a9348dae1,62b374c92f5b4826ebc01a0323f6cbfb0967ef8a2a2c99a5925908334a827315,true
result_b1a6d6526a1e721fce549956,runplan_655e5cbdd097e7a2,cell_119fe813dcd248a80e3b,housing_v1__experiment__000002,housing_v1,housing_controlled_model_landlords_experiment,episode_attempt_f5fae8ce278a9348dae1,62b374c92f5b4826ebc01a0323f6cbfb0967ef8a2a2c99a5925908334a827315,included,housing_social_welfare_leaf,1.0.0,social_welfare,1.0.0,capture,landlord_1,landlord_1,137.87,utility_points,"{""disagreement_utility"":0.0}",ok,valid,[],"[""event_00000261""]",evaluation_receipt,episode_attempt_f5fae8ce278a9348dae1,62b374c92f5b4826ebc01a0323f6cbfb0967ef8a2a2c99a5925908334a827315,true
result_691a0cdeda9e3726e310fbe9,runplan_655e5cbdd097e7a2,cell_119fe813dcd248a80e3b,housing_v1__experiment__000002,housing_v1,housing_controlled_model_landlords_experiment,episode_attempt_f5fae8ce278a9348dae1,62b374c92f5b4826ebc01a0323f6cbfb0967ef8a2a2c99a5925908334a827315,included,housing_social_welfare_leaf,1.0.0,social_welfare,1.0.0,capture,landlord_2,landlord_2,0.0,utility_points,"{""disagreement_utility"":0.0}",ok,valid,[],"[""event_00000261""]",evaluation_receipt,episode_attempt_f5fae8ce278a9348dae1,62b374c92f5b4826ebc01a0323f6cbfb0967ef8a2a2c99a5925908334a827315,true
result_7b3ae7eb7338f08a897b43ca,runplan_655e5cbdd097e7a2,cell_119fe813dcd248a80e3b,housing_v1__experiment__000002,housing_v1,housing_controlled_model_landlords_experiment,episode_attempt_f5fae8ce278a9348dae1,62b374c92f5b4826ebc01a0323f6cbfb0967ef8a2a2c99a5925908334a827315,included,housing_social_welfare_leaf,1.0.0,social_welfare,1.0.0,capture,landlord_3,landlord_3,229.13,utility_points,"{""disagreement_utility"":0.0}",ok,valid,[],"[""event_00000261""]",evaluation_receipt,episode_attempt_f5fae8ce278a9348dae1,62b374c92f5b4826ebc01a0323f6cbfb0967ef8a2a2c99a5925908334a827315,true
result_5544df5b69786abb1ba27e78,runplan_655e5cbdd097e7a2,cell_119fe813dcd248a80e3b,housing_v1__experiment__000002,housing_v1,housing_controlled_model_landlords_experiment,episode_attempt_f5fae8ce278a9348dae1,62b374c92f5b4826ebc01a0323f6cbfb0967ef8a2a2c99a5925908334a827315,included,housing_social_welfare_leaf,1.0.0,social_welfare,1.0.0,capture,tenant_0,tenant_0,197.97,utility_points,"{""disagreement_utility"":0.0}",ok,valid,[],"[""event_00000261""]",evaluation_receipt,episode_attempt_f5fae8ce278a9348dae1,62b374c92f5b4826ebc01a0323f6cbfb0967ef8a2a2c99a5925908334a827315,true
result_b09f5e20425c4ab15e7b0a5e,runplan_655e5cbdd097e7a2,cell_119fe813dcd248a80e3b,housing_v1__experiment__000002,housing_v1,housing_controlled_model_landlords_experiment,episode_attempt_f5fae8ce278a9348dae1,62b374c92f5b4826ebc01a0323f6cbfb0967ef8a2a2c99a5925908334a827315,included,housing_social_welfare_leaf,1.0.0,social_welfare,1.0.0,capture,tenant_1,tenant_1,176.62,utility_points,"{""disagreement_utility"":0.0}",ok,valid,[],"[""event_00000261""]",evaluation_receipt,episode_attempt_f5fae8ce278a9348dae1,62b374c92f5b4826ebc01a0323f6cbfb0967ef8a2a2c99a5925908334a827315,true
result_ed4e967dd41325a5fc607e58,runplan_655e5cbdd097e7a2,cell_119fe813dcd248a80e3b,housing_v1__experiment__000002,housing_v1,housing_controlled_model_landlords_experiment,episode_attempt_f5fae8ce278a9348dae1,62b374c92f5b4826ebc01a0323f6cbfb0967ef8a2a2c99a5925908334a827315,included,housing_social_welfare_leaf,1.0.0,social_welfare,1.0.0,capture,tenant_2,tenant_2,0.0,utility_points,"{""disagreement_utility"":0.0}",ok,valid,[],"[""event_00000261""]",evaluation_receipt,episode_attempt_f5fae8ce278a9348dae1,62b374c92f5b4826ebc01a0323f6cbfb0967ef8a2a2c99a5925908334a827315,true
result_e3698c296c3a9980dee26972,runplan_655e5cbdd097e7a2,cell_119fe813dcd248a80e3b,housing_v1__experiment__000002,housing_v1,housing_controlled_model_landlords_experiment,episode_attempt_f5fae8ce278a9348dae1,62b374c92f5b4826ebc01a0323f6cbfb0967ef8a2a2c99a5925908334a827315,included,housing_social_welfare_leaf,1.0.0,social_welfare,1.0.0,capture,tenant_3,tenant_3,0.0,utility_points,"{""disagreement_utility"":0.0}",ok,valid,[],"[""event_00000261""]",evaluation_receipt,episode_attempt_f5fae8ce278a9348dae1,62b374c92f5b4826ebc01a0323f6cbfb0967ef8a2a2c99a5925908334a827315,true
result_c65c3878f441180896ee7c9b,runplan_655e5cbdd097e7a2,cell_119fe813dcd248a80e3b,housing_v1__experiment__000002,housing_v1,housing_controlled_model_landlords_experiment,episode_attempt_f5fae8ce278a9348dae1,62b374c92f5b4826ebc01a0323f6cbfb0967ef8a2a2c99a5925908334a827315,included,housing_social_welfare_leaf,1.0.0,social_welfare,1.0.0,capture,tenant_4,tenant_4,0.0,utility_points,"{""disagreement_utility"":0.0}",ok,valid,[],"[""event_00000261""]",evaluation_receipt,episode_attempt_f5fae8ce278a9348dae1,62b374c92f5b4826ebc01a0323f6cbfb0967ef8a2a2c99a5925908334a827315,true
result_c5fae62d30a14fd76965e880,runplan_655e5cbdd097e7a2,cell_119fe813dcd248a80e3b,housing_v1__experiment__000002,housing_v1,housing_controlled_model_landlords_experiment,episode_attempt_f5fae8ce278a9348dae1,62b374c92f5b4826ebc01a0323f6cbfb0967ef8a2a2c99a5925908334a827315,included,housing_social_welfare_leaf,1.0.0,social_welfare,1.0.0,capture,tenant_5,tenant_5,0.0,utility_points,"{""disagreement_utility"":0.0}",ok,valid,[],"[""event_00000261""]",evaluation_receipt,episode_attempt_f5fae8ce278a9348dae1,62b374c92f5b4826ebc01a0323f6cbfb0967ef8a2a2c99a5925908334a827315,true
result_b5a3ee87b8a650f32a5b42cc,runplan_655e5cbdd097e7a2,cell_5f8547db611f1f2a0ea4,housing_v1__experiment__000001,housing_v1,housing_controlled_model_landlords_experiment,episode_attempt_6a67482d6c9d9384f41d,3ef7a3631097510c04692e0d8db860c38dfb36ebaefcf39a1215fe74adb76bfa,included,housing_social_welfare_leaf,1.0.0,social_welfare,1.0.0,primary,social_welfare,,1553.52,utility_points,{},ok,valid,[],"[""event_00000231""]",evaluation_receipt,episode_attempt_6a67482d6c9d9384f41d,3ef7a3631097510c04692e0d8db860c38dfb36ebaefcf39a1215fe74adb76bfa,true
result_181fbdf3053b4766c9d482b5,runplan_655e5cbdd097e7a2,cell_5f8547db611f1f2a0ea4,housing_v1__experiment__000001,housing_v1,housing_controlled_model_landlords_experiment,episode_attempt_6a67482d6c9d9384f41d,3ef7a3631097510c04692e0d8db860c38dfb36ebaefcf39a1215fe74adb76bfa,included,housing_social_welfare_leaf,1.0.0,social_welfare,1.0.0,metric,comparison_baseline_gap,,0.0,utility_points,{},ok,valid,[],"[""event_00000231""]",evaluation_receipt,episode_attempt_6a67482d6c9d9384f41d,3ef7a3631097510c04692e0d8db860c38dfb36ebaefcf39a1215fe74adb76bfa,true
result_94eb6748c55de563759dd3b0,runplan_655e5cbdd097e7a2,cell_5f8547db611f1f2a0ea4,housing_v1__experiment__000001,housing_v1,housing_controlled_model_landlords_experiment,episode_attempt_6a67482d6c9d9384f41d,3ef7a3631097510c04692e0d8db860c38dfb36ebaefcf39a1215fe74adb76bfa,included,housing_social_welfare_leaf,1.0.0,social_welfare,1.0.0,metric,ir_violation_count,,0.0,count,{},ok,valid,[],"[""event_00000231""]",evaluation_receipt,episode_attempt_6a67482d6c9d9384f41d,3ef7a3631097510c04692e0d8db860c38dfb36ebaefcf39a1215fe74adb76bfa,true
result_2c238bd38e504d0f9d567ab6,runplan_655e5cbdd097e7a2,cell_5f8547db611f1f2a0ea4,housing_v1__experiment__000001,housing_v1,housing_controlled_model_landlords_experiment,episode_attempt_6a67482d6c9d9384f41d,3ef7a3631097510c04692e0d8db860c38dfb36ebaefcf39a1215fe74adb76bfa,included,housing_social_welfare_leaf,1.0.0,social_welfare,1.0.0,metric,social_welfare,,1553.52,utility_points,{},ok,valid,[],"[""event_00000231""]",evaluation_receipt,episode_attempt_6a67482d6c9d9384f41d,3ef7a3631097510c04692e0d8db860c38dfb36ebaefcf39a1215fe74adb76bfa,true
result_80a7205470d90b102ffaed86,runplan_655e5cbdd097e7a2,cell_5f8547db611f1f2a0ea4,housing_v1__experiment__000001,housing_v1,housing_controlled_model_landlords_experiment,episode_attempt_6a67482d6c9d9384f41d,3ef7a3631097510c04692e0d8db860c38dfb36ebaefcf39a1215fe74adb76bfa,included,housing_social_welfare_leaf,1.0.0,social_welfare,1.0.0,metric,upper_bound_gap,,450.77,utility_points,{},ok,valid,[],"[""event_00000231""]",evaluation_receipt,episode_attempt_6a67482d6c9d9384f41d,3ef7a3631097510c04692e0d8db860c38dfb36ebaefcf39a1215fe74adb76bfa,true
result_2ec2eaf767d856b28f1f51c2,runplan_655e5cbdd097e7a2,cell_5f8547db611f1f2a0ea4,housing_v1__experiment__000001,housing_v1,housing_controlled_model_landlords_experiment,episode_attempt_6a67482d6c9d9384f41d,3ef7a3631097510c04692e0d8db860c38dfb36ebaefcf39a1215fe74adb76bfa,included,housing_social_welfare_leaf,1.0.0,social_welfare,1.0.0,metric,wasted_contacts,,6.0,count,{},ok,valid,[],"[""event_00000231""]",evaluation_receipt,episode_attempt_6a67482d6c9d9384f41d,3ef7a3631097510c04692e0d8db860c38dfb36ebaefcf39a1215fe74adb76bfa,true
result_ec7fa0c8769b89332bba5536,runplan_655e5cbdd097e7a2,cell_5f8547db611f1f2a0ea4,housing_v1__experiment__000001,housing_v1,housing_controlled_model_landlords_experiment,episode_attempt_6a67482d6c9d9384f41d,3ef7a3631097510c04692e0d8db860c38dfb36ebaefcf39a1215fe74adb76bfa,included,housing_social_welfare_leaf,1.0.0,social_welfare,1.0.0,metric,within_case_score,,0.7750974160425886,ratio,{},ok,valid,[],"[""event_00000231""]",evaluation_receipt,episode_attempt_6a67482d6c9d9384f41d,3ef7a3631097510c04692e0d8db860c38dfb36ebaefcf39a1215fe74adb76bfa,true
result_e54a466297453a7207c929f2,runplan_655e5cbdd097e7a2,cell_5f8547db611f1f2a0ea4,housing_v1__experiment__000001,housing_v1,housing_controlled_model_landlords_experiment,episode_attempt_6a67482d6c9d9384f41d,3ef7a3631097510c04692e0d8db860c38dfb36ebaefcf39a1215fe74adb76bfa,included,housing_social_welfare_leaf,1.0.0,social_welfare,1.0.0,reference,comparison_baseline,,1553.52,utility_points,"{""policy"":""naive"",""reference_kind"":""comparison_baseline""}",ok,valid,[],"[""event_00000231""]",evaluation_receipt,episode_attempt_6a67482d6c9d9384f41d,3ef7a3631097510c04692e0d8db860c38dfb36ebaefcf39a1215fe74adb76bfa,true
result_13a866a3934aadabeb4aa4e4,runplan_655e5cbdd097e7a2,cell_5f8547db611f1f2a0ea4,housing_v1__experiment__000001,housing_v1,housing_controlled_model_landlords_experiment,episode_attempt_6a67482d6c9d9384f41d,3ef7a3631097510c04692e0d8db860c38dfb36ebaefcf39a1215fe74adb76bfa,included,housing_social_welfare_leaf,1.0.0,social_welfare,1.0.0,reference,optimum_lower_bound,,0.0,utility_points,"{""policy"":""do_nothing"",""reference_kind"":""objective_lower_bound""}",ok,valid,[],"[""event_00000231""]",evaluation_receipt,episode_attempt_6a67482d6c9d9384f41d,3ef7a3631097510c04692e0d8db860c38dfb36ebaefcf39a1215fe74adb76bfa,true
result_e1c0599a982ae2c85fdaafe8,runplan_655e5cbdd097e7a2,cell_5f8547db611f1f2a0ea4,housing_v1__experiment__000001,housing_v1,housing_controlled_model_landlords_experiment,episode_attempt_6a67482d6c9d9384f41d,3ef7a3631097510c04692e0d8db860c38dfb36ebaefcf39a1215fe74adb76bfa,included,housing_social_welfare_leaf,1.0.0,social_welfare,1.0.0,reference,optimum_upper_bound,,2004.29,utility_points,"{""reference_kind"":""objective_upper_bound"",""semantics"":""full_information_allocation_relaxation""}",ok,valid,[],"[""event_00000231""]",evaluation_receipt,episode_attempt_6a67482d6c9d9384f41d,3ef7a3631097510c04692e0d8db860c38dfb36ebaefcf39a1215fe74adb76bfa,true
result_b1a2549f1eac47a1737f4ef7,runplan_655e5cbdd097e7a2,cell_5f8547db611f1f2a0ea4,housing_v1__experiment__000001,housing_v1,housing_controlled_model_landlords_experiment,episode_attempt_6a67482d6c9d9384f41d,3ef7a3631097510c04692e0d8db860c38dfb36ebaefcf39a1215fe74adb76bfa,included,housing_social_welfare_leaf,1.0.0,social_welfare,1.0.0,utility,landlord_0,landlord_0,56.6,utility_points,"{""disagreement_utility"":0.0}",ok,valid,[],"[""event_00000231""]",evaluation_receipt,episode_attempt_6a67482d6c9d9384f41d,3ef7a3631097510c04692e0d8db860c38dfb36ebaefcf39a1215fe74adb76bfa,true
result_4187a3765da8c6c302867b50,runplan_655e5cbdd097e7a2,cell_5f8547db611f1f2a0ea4,housing_v1__experiment__000001,housing_v1,housing_controlled_model_landlords_experiment,episode_attempt_6a67482d6c9d9384f41d,3ef7a3631097510c04692e0d8db860c38dfb36ebaefcf39a1215fe74adb76bfa,included,housing_social_welfare_leaf,1.0.0,social_welfare,1.0.0,utility,landlord_1,landlord_1,0.0,utility_points,"{""disagreement_utility"":0.0}",ok,valid,[],"[""event_00000231""]",evaluation_receipt,episode_attempt_6a67482d6c9d9384f41d,3ef7a3631097510c04692e0d8db860c38dfb36ebaefcf39a1215fe74adb76bfa,true
result_b6d1565fca8cc30c882c90a0,runplan_655e5cbdd097e7a2,cell_5f8547db611f1f2a0ea4,housing_v1__experiment__000001,housing_v1,housing_controlled_model_landlords_experiment,episode_attempt_6a67482d6c9d9384f41d,3ef7a3631097510c04692e0d8db860c38dfb36ebaefcf39a1215fe74adb76bfa,included,housing_social_welfare_leaf,1.0.0,social_welfare,1.0.0,utility,landlord_2,landlord_2,75.36,utility_points,"{""disagreement_utility"":0.0}",ok,valid,[],"[""event_00000231""]",evaluation_receipt,episode_attempt_6a67482d6c9d9384f41d,3ef7a3631097510c04692e0d8db860c38dfb36ebaefcf39a1215fe74adb76bfa,true
result_557202692f88b69dfb666419,runplan_655e5cbdd097e7a2,cell_5f8547db611f1f2a0ea4,housing_v1__experiment__000001,housing_v1,housing_controlled_model_landlords_experiment,episode_attempt_6a67482d6c9d9384f41d,3ef7a3631097510c04692e0d8db860c38dfb36ebaefcf39a1215fe74adb76bfa,included,housing_social_welfare_leaf,1.0.0,social_welfare,1.0.0,utility,landlord_3,landlord_3,78.64,utility_points,"{""disagreement_utility"":0.0}",ok,valid,[],"[""event_00000231""]",evaluation_receipt,episode_attempt_6a67482d6c9d9384f41d,3ef7a3631097510c04692e0d8db860c38dfb36ebaefcf39a1215fe74adb76bfa,true
result_93616aa28abfb551366c10a1,runplan_655e5cbdd097e7a2,cell_5f8547db611f1f2a0ea4,housing_v1__experiment__000001,housing_v1,housing_controlled_model_landlords_experiment,episode_attempt_6a67482d6c9d9384f41d,3ef7a3631097510c04692e0d8db860c38dfb36ebaefcf39a1215fe74adb76bfa,included,housing_social_welfare_leaf,1.0.0,social_welfare,1.0.0,utility,tenant_0,tenant_0,481.28,utility_points,"{""disagreement_utility"":0.0}",ok,valid,[],"[""event_00000231""]",evaluation_receipt,episode_attempt_6a67482d6c9d9384f41d,3ef7a3631097510c04692e0d8db860c38dfb36ebaefcf39a1215fe74adb76bfa,true
result_0b898439b04a5f411392befb,runplan_655e5cbdd097e7a2,cell_5f8547db611f1f2a0ea4,housing_v1__experiment__000001,housing_v1,housing_controlled_model_landlords_experiment,episode_attempt_6a67482d6c9d9384f41d,3ef7a3631097510c04692e0d8db860c38dfb36ebaefcf39a1215fe74adb76bfa,included,housing_social_welfare_leaf,1.0.0,social_welfare,1.0.0,utility,tenant_1,tenant_1,458.0,utility_points,"{""disagreement_utility"":0.0}",ok,valid,[],"[""event_00000231""]",evaluation_receipt,episode_attempt_6a67482d6c9d9384f41d,3ef7a3631097510c04692e0d8db860c38dfb36ebaefcf39a1215fe74adb76bfa,true
result_3e884e0628d34c43f6d4fb50,runplan_655e5cbdd097e7a2,cell_5f8547db611f1f2a0ea4,housing_v1__experiment__000001,housing_v1,housing_controlled_model_landlords_experiment,episode_attempt_6a67482d6c9d9384f41d,3ef7a3631097510c04692e0d8db860c38dfb36ebaefcf39a1215fe74adb76bfa,included,housing_social_welfare_leaf,1.0.0,social_welfare,1.0.0,utility,tenant_2,tenant_2,403.64,utility_points,"{""disagreement_utility"":0.0}",ok,valid,[],"[""event_00000231""]",evaluation_receipt,episode_attempt_6a67482d6c9d9384f41d,3ef7a3631097510c04692e0d8db860c38dfb36ebaefcf39a1215fe74adb76bfa,true
result_39b9a709966a1e2607dbd36f,runplan_655e5cbdd097e7a2,cell_5f8547db611f1f2a0ea4,housing_v1__experiment__000001,housing_v1,housing_controlled_model_landlords_experiment,episode_attempt_6a67482d6c9d9384f41d,3ef7a3631097510c04692e0d8db860c38dfb36ebaefcf39a1215fe74adb76bfa,included,housing_social_welfare_leaf,1.0.0,social_welfare,1.0.0,utility,tenant_3,tenant_3,0.0,utility_points,"{""disagreement_utility"":0.0}",ok,valid,[],"[""event_00000231""]",evaluation_receipt,episode_attempt_6a67482d6c9d9384f41d,3ef7a3631097510c04692e0d8db860c38dfb36ebaefcf39a1215fe74adb76bfa,true
result_9214da53b2699ab8b19c8f90,runplan_655e5cbdd097e7a2,cell_5f8547db611f1f2a0ea4,housing_v1__experiment__000001,housing_v1,housing_controlled_model_landlords_experiment,episode_attempt_6a67482d6c9d9384f41d,3ef7a3631097510c04692e0d8db860c38dfb36ebaefcf39a1215fe74adb76bfa,included,housing_social_welfare_leaf,1.0.0,social_welfare,1.0.0,utility,tenant_4,tenant_4,0.0,utility_points,"{""disagreement_utility"":0.0}",ok,valid,[],"[""event_00000231""]",evaluation_receipt,episode_attempt_6a67482d6c9d9384f41d,3ef7a3631097510c04692e0d8db860c38dfb36ebaefcf39a1215fe74adb76bfa,true
result_ab66f18da53b30d13e0c22c4,runplan_655e5cbdd097e7a2,cell_5f8547db611f1f2a0ea4,housing_v1__experiment__000001,housing_v1,housing_controlled_model_landlords_experiment,episode_attempt_6a67482d6c9d9384f41d,3ef7a3631097510c04692e0d8db860c38dfb36ebaefcf39a1215fe74adb76bfa,included,housing_social_welfare_leaf,1.0.0,social_welfare,1.0.0,utility,tenant_5,tenant_5,0.0,utility_points,"{""disagreement_utility"":0.0}",ok,valid,[],"[""event_00000231""]",evaluation_receipt,episode_attempt_6a67482d6c9d9384f41d,3ef7a3631097510c04692e0d8db860c38dfb36ebaefcf39a1215fe74adb76bfa,true
result_2b9d179c15ff46353d3b5429,runplan_655e5cbdd097e7a2,cell_5f8547db611f1f2a0ea4,housing_v1__experiment__000001,housing_v1,housing_controlled_model_landlords_experiment,episode_attempt_6a67482d6c9d9384f41d,3ef7a3631097510c04692e0d8db860c38dfb36ebaefcf39a1215fe74adb76bfa,included,housing_social_welfare_leaf,1.0.0,social_welfare,1.0.0,capture,landlord_0,landlord_0,56.6,utility_points,"{""disagreement_utility"":0.0}",ok,valid,[],"[""event_00000231""]",evaluation_receipt,episode_attempt_6a67482d6c9d9384f41d,3ef7a3631097510c04692e0d8db860c38dfb36ebaefcf39a1215fe74adb76bfa,true
result_406bf41124f4387f422614c9,runplan_655e5cbdd097e7a2,cell_5f8547db611f1f2a0ea4,housing_v1__experiment__000001,housing_v1,housing_controlled_model_landlords_experiment,episode_attempt_6a67482d6c9d9384f41d,3ef7a3631097510c04692e0d8db860c38dfb36ebaefcf39a1215fe74adb76bfa,included,housing_social_welfare_leaf,1.0.0,social_welfare,1.0.0,capture,landlord_1,landlord_1,0.0,utility_points,"{""disagreement_utility"":0.0}",ok,valid,[],"[""event_00000231""]",evaluation_receipt,episode_attempt_6a67482d6c9d9384f41d,3ef7a3631097510c04692e0d8db860c38dfb36ebaefcf39a1215fe74adb76bfa,true
result_7e41d2894cd58b92b304235b,runplan_655e5cbdd097e7a2,cell_5f8547db611f1f2a0ea4,housing_v1__experiment__000001,housing_v1,housing_controlled_model_landlords_experiment,episode_attempt_6a67482d6c9d9384f41d,3ef7a3631097510c04692e0d8db860c38dfb36ebaefcf39a1215fe74adb76bfa,included,housing_social_welfare_leaf,1.0.0,social_welfare,1.0.0,capture,landlord_2,landlord_2,75.36,utility_points,"{""disagreement_utility"":0.0}",ok,valid,[],"[""event_00000231""]",evaluation_receipt,episode_attempt_6a67482d6c9d9384f41d,3ef7a3631097510c04692e0d8db860c38dfb36ebaefcf39a1215fe74adb76bfa,true
result_339803c523070b23e7a69dcb,runplan_655e5cbdd097e7a2,cell_5f8547db611f1f2a0ea4,housing_v1__experiment__000001,housing_v1,housing_controlled_model_landlords_experiment,episode_attempt_6a67482d6c9d9384f41d,3ef7a3631097510c04692e0d8db860c38dfb36ebaefcf39a1215fe74adb76bfa,included,housing_social_welfare_leaf,1.0.0,social_welfare,1.0.0,capture,landlord_3,landlord_3,78.64,utility_points,"{""disagreement_utility"":0.0}",ok,valid,[],"[""event_00000231""]",evaluation_receipt,episode_attempt_6a67482d6c9d9384f41d,3ef7a3631097510c04692e0d8db860c38dfb36ebaefcf39a1215fe74adb76bfa,true
result_fc72d61af0f3ed1deb1af6ea,runplan_655e5cbdd097e7a2,cell_5f8547db611f1f2a0ea4,housing_v1__experiment__000001,housing_v1,housing_controlled_model_landlords_experiment,episode_attempt_6a67482d6c9d9384f41d,3ef7a3631097510c04692e0d8db860c38dfb36ebaefcf39a1215fe74adb76bfa,included,housing_social_welfare_leaf,1.0.0,social_welfare,1.0.0,capture,tenant_0,tenant_0,481.28,utility_points,"{""disagreement_utility"":0.0}",ok,valid,[],"[""event_00000231""]",evaluation_receipt,episode_attempt_6a67482d6c9d9384f41d,3ef7a3631097510c04692e0d8db860c38dfb36ebaefcf39a1215fe74adb76bfa,true
result_17fff4f816d6ee4f90bd90da,runplan_655e5cbdd097e7a2,cell_5f8547db611f1f2a0ea4,housing_v1__experiment__000001,housing_v1,housing_controlled_model_landlords_experiment,episode_attempt_6a67482d6c9d9384f41d,3ef7a3631097510c04692e0d8db860c38dfb36ebaefcf39a1215fe74adb76bfa,included,housing_social_welfare_leaf,1.0.0,social_welfare,1.0.0,capture,tenant_1,tenant_1,458.0,utility_points,"{""disagreement_utility"":0.0}",ok,valid,[],"[""event_00000231""]",evaluation_receipt,episode_attempt_6a67482d6c9d9384f41d,3ef7a3631097510c04692e0d8db860c38dfb36ebaefcf39a1215fe74adb76bfa,true
result_c7b8339b68cde12983d8de6f,runplan_655e5cbdd097e7a2,cell_5f8547db611f1f2a0ea4,housing_v1__experiment__000001,housing_v1,housing_controlled_model_landlords_experiment,episode_attempt_6a67482d6c9d9384f41d,3ef7a3631097510c04692e0d8db860c38dfb36ebaefcf39a1215fe74adb76bfa,included,housing_social_welfare_leaf,1.0.0,social_welfare,1.0.0,capture,tenant_2,tenant_2,403.64,utility_points,"{""disagreement_utility"":0.0}",ok,valid,[],"[""event_00000231""]",evaluation_receipt,episode_attempt_6a67482d6c9d9384f41d,3ef7a3631097510c04692e0d8db860c38dfb36ebaefcf39a1215fe74adb76bfa,true
result_a627b33c738ce83a7cd0767c,runplan_655e5cbdd097e7a2,cell_5f8547db611f1f2a0ea4,housing_v1__experiment__000001,housing_v1,housing_controlled_model_landlords_experiment,episode_attempt_6a67482d6c9d9384f41d,3ef7a3631097510c04692e0d8db860c38dfb36ebaefcf39a1215fe74adb76bfa,included,housing_social_welfare_leaf,1.0.0,social_welfare,1.0.0,capture,tenant_3,tenant_3,0.0,utility_points,"{""disagreement_utility"":0.0}",ok,valid,[],"[""event_00000231""]",evaluation_receipt,episode_attempt_6a67482d6c9d9384f41d,3ef7a3631097510c04692e0d8db860c38dfb36ebaefcf39a1215fe74adb76bfa,true
result_3a249b1b718509837783ebfd,runplan_655e5cbdd097e7a2,cell_5f8547db611f1f2a0ea4,housing_v1__experiment__000001,housing_v1,housing_controlled_model_landlords_experiment,episode_attempt_6a67482d6c9d9384f41d,3ef7a3631097510c04692e0d8db860c38dfb36ebaefcf39a1215fe74adb76bfa,included,housing_social_welfare_leaf,1.0.0,social_welfare,1.0.0,capture,tenant_4,tenant_4,0.0,utility_points,"{""disagreement_utility"":0.0}",ok,valid,[],"[""event_00000231""]",evaluation_receipt,episode_attempt_6a67482d6c9d9384f41d,3ef7a3631097510c04692e0d8db860c38dfb36ebaefcf39a1215fe74adb76bfa,true
result_05502c907af2cab4039015ad,runplan_655e5cbdd097e7a2,cell_5f8547db611f1f2a0ea4,housing_v1__experiment__000001,housing_v1,housing_controlled_model_landlords_experiment,episode_attempt_6a67482d6c9d9384f41d,3ef7a3631097510c04692e0d8db860c38dfb36ebaefcf39a1215fe74adb76bfa,included,housing_social_welfare_leaf,1.0.0,social_welfare,1.0.0,capture,tenant_5,tenant_5,0.0,utility_points,"{""disagreement_utility"":0.0}",ok,valid,[],"[""event_00000231""]",evaluation_receipt,episode_attempt_6a67482d6c9d9384f41d,3ef7a3631097510c04692e0d8db860c38dfb36ebaefcf39a1215fe74adb76bfa,true
result_c58fb773ba12276e13584d05,runplan_655e5cbdd097e7a2,cell_76f16e0fdcc3fd1b98fe,housing_v1__experiment__000006,housing_v1,housing_controlled_model_landlords_experiment,episode_attempt_9c14b76e6d7ce77ffdb3,de97ecdae99448e7144747f60f298f45b6f0e1c528db81ffa30c7967fb23b8fd,included,housing_social_welfare_leaf,1.0.0,social_welfare,1.0.0,primary,social_welfare,,798.81,utility_points,{},ok,valid,[],"[""event_00000261""]",evaluation_receipt,episode_attempt_9c14b76e6d7ce77ffdb3,de97ecdae99448e7144747f60f298f45b6f0e1c528db81ffa30c7967fb23b8fd,true
result_83208304f34a467dafdc302a,runplan_655e5cbdd097e7a2,cell_76f16e0fdcc3fd1b98fe,housing_v1__experiment__000006,housing_v1,housing_controlled_model_landlords_experiment,episode_attempt_9c14b76e6d7ce77ffdb3,de97ecdae99448e7144747f60f298f45b6f0e1c528db81ffa30c7967fb23b8fd,included,housing_social_welfare_leaf,1.0.0,social_welfare,1.0.0,metric,comparison_baseline_gap,,79.91999999999996,utility_points,{},ok,valid,[],"[""event_00000261""]",evaluation_receipt,episode_attempt_9c14b76e6d7ce77ffdb3,de97ecdae99448e7144747f60f298f45b6f0e1c528db81ffa30c7967fb23b8fd,true
result_dc765ec403a89aca04ac9b34,runplan_655e5cbdd097e7a2,cell_76f16e0fdcc3fd1b98fe,housing_v1__experiment__000006,housing_v1,housing_controlled_model_landlords_experiment,episode_attempt_9c14b76e6d7ce77ffdb3,de97ecdae99448e7144747f60f298f45b6f0e1c528db81ffa30c7967fb23b8fd,included,housing_social_welfare_leaf,1.0.0,social_welfare,1.0.0,metric,ir_violation_count,,0.0,count,{},ok,valid,[],"[""event_00000261""]",evaluation_receipt,episode_attempt_9c14b76e6d7ce77ffdb3,de97ecdae99448e7144747f60f298f45b6f0e1c528db81ffa30c7967fb23b8fd,true
result_fdbd06b45df2f32606d48101,runplan_655e5cbdd097e7a2,cell_76f16e0fdcc3fd1b98fe,housing_v1__experiment__000006,housing_v1,housing_controlled_model_landlords_experiment,episode_attempt_9c14b76e6d7ce77ffdb3,de97ecdae99448e7144747f60f298f45b6f0e1c528db81ffa30c7967fb23b8fd,included,housing_social_welfare_leaf,1.0.0,social_welfare,1.0.0,metric,social_welfare,,798.81,utility_points,{},ok,valid,[],"[""event_00000261""]",evaluation_receipt,episode_attempt_9c14b76e6d7ce77ffdb3,de97ecdae99448e7144747f60f298f45b6f0e1c528db81ffa30c7967fb23b8fd,true
result_8e7f44700fededace21570df,runplan_655e5cbdd097e7a2,cell_76f16e0fdcc3fd1b98fe,housing_v1__experiment__000006,housing_v1,housing_controlled_model_landlords_experiment,episode_attempt_9c14b76e6d7ce77ffdb3,de97ecdae99448e7144747f60f298f45b6f0e1c528db81ffa30c7967fb23b8fd,included,housing_social_welfare_leaf,1.0.0,social_welfare,1.0.0,metric,upper_bound_gap,,329.32000000000016,utility_points,{},ok,valid,[],"[""event_00000261""]",evaluation_receipt,episode_attempt_9c14b76e6d7ce77ffdb3,de97ecdae99448e7144747f60f298f45b6f0e1c528db81ffa30c7967fb23b8fd,true
result_b9175854355810c5650d55c1,runplan_655e5cbdd097e7a2,cell_76f16e0fdcc3fd1b98fe,housing_v1__experiment__000006,housing_v1,housing_controlled_model_landlords_experiment,episode_attempt_9c14b76e6d7ce77ffdb3,de97ecdae99448e7144747f60f298f45b6f0e1c528db81ffa30c7967fb23b8fd,included,housing_social_welfare_leaf,1.0.0,social_welfare,1.0.0,metric,wasted_contacts,,8.0,count,{},ok,valid,[],"[""event_00000261""]",evaluation_receipt,episode_attempt_9c14b76e6d7ce77ffdb3,de97ecdae99448e7144747f60f298f45b6f0e1c528db81ffa30c7967fb23b8fd,true
result_e15e0f312b83e3ff93445ac1,runplan_655e5cbdd097e7a2,cell_76f16e0fdcc3fd1b98fe,housing_v1__experiment__000006,housing_v1,housing_controlled_model_landlords_experiment,episode_attempt_9c14b76e6d7ce77ffdb3,de97ecdae99448e7144747f60f298f45b6f0e1c528db81ffa30c7967fb23b8fd,included,housing_social_welfare_leaf,1.0.0,social_welfare,1.0.0,metric,within_case_score,,0.7080832882735144,ratio,{},ok,valid,[],"[""event_00000261""]",evaluation_receipt,episode_attempt_9c14b76e6d7ce77ffdb3,de97ecdae99448e7144747f60f298f45b6f0e1c528db81ffa30c7967fb23b8fd,true
result_0108674dbdb478ea3cb8918b,runplan_655e5cbdd097e7a2,cell_76f16e0fdcc3fd1b98fe,housing_v1__experiment__000006,housing_v1,housing_controlled_model_landlords_experiment,episode_attempt_9c14b76e6d7ce77ffdb3,de97ecdae99448e7144747f60f298f45b6f0e1c528db81ffa30c7967fb23b8fd,included,housing_social_welfare_leaf,1.0.0,social_welfare,1.0.0,reference,comparison_baseline,,718.89,utility_points,"{""policy"":""naive"",""reference_kind"":""comparison_baseline""}",ok,valid,[],"[""event_00000261""]",evaluation_receipt,episode_attempt_9c14b76e6d7ce77ffdb3,de97ecdae99448e7144747f60f298f45b6f0e1c528db81ffa30c7967fb23b8fd,true
result_fd93b5dcd9edf80890a8f505,runplan_655e5cbdd097e7a2,cell_76f16e0fdcc3fd1b98fe,housing_v1__experiment__000006,housing_v1,housing_controlled_model_landlords_experiment,episode_attempt_9c14b76e6d7ce77ffdb3,de97ecdae99448e7144747f60f298f45b6f0e1c528db81ffa30c7967fb23b8fd,included,housing_social_welfare_leaf,1.0.0,social_welfare,1.0.0,reference,optimum_lower_bound,,0.0,utility_points,"{""policy"":""do_nothing"",""reference_kind"":""objective_lower_bound""}",ok,valid,[],"[""event_00000261""]",evaluation_receipt,episode_attempt_9c14b76e6d7ce77ffdb3,de97ecdae99448e7144747f60f298f45b6f0e1c528db81ffa30c7967fb23b8fd,true
result_2231d5701c45fb7f0b8aafb8,runplan_655e5cbdd097e7a2,cell_76f16e0fdcc3fd1b98fe,housing_v1__experiment__000006,housing_v1,housing_controlled_model_landlords_experiment,episode_attempt_9c14b76e6d7ce77ffdb3,de97ecdae99448e7144747f60f298f45b6f0e1c528db81ffa30c7967fb23b8fd,included,housing_social_welfare_leaf,1.0.0,social_welfare,1.0.0,reference,optimum_upper_bound,,1128.13,utility_points,"{""reference_kind"":""objective_upper_bound"",""semantics"":""full_information_allocation_relaxation""}",ok,valid,[],"[""event_00000261""]",evaluation_receipt,episode_attempt_9c14b76e6d7ce77ffdb3,de97ecdae99448e7144747f60f298f45b6f0e1c528db81ffa30c7967fb23b8fd,true
result_5257e28379b1dd869b80fc3e,runplan_655e5cbdd097e7a2,cell_76f16e0fdcc3fd1b98fe,housing_v1__experiment__000006,housing_v1,housing_controlled_model_landlords_experiment,episode_attempt_9c14b76e6d7ce77ffdb3,de97ecdae99448e7144747f60f298f45b6f0e1c528db81ffa30c7967fb23b8fd,included,housing_social_welfare_leaf,1.0.0,social_welfare,1.0.0,utility,landlord_0,landlord_0,31.31,utility_points,"{""disagreement_utility"":0.0}",ok,valid,[],"[""event_00000261""]",evaluation_receipt,episode_attempt_9c14b76e6d7ce77ffdb3,de97ecdae99448e7144747f60f298f45b6f0e1c528db81ffa30c7967fb23b8fd,true
result_ae542d6d67a510a9fa77f414,runplan_655e5cbdd097e7a2,cell_76f16e0fdcc3fd1b98fe,housing_v1__experiment__000006,housing_v1,housing_controlled_model_landlords_experiment,episode_attempt_9c14b76e6d7ce77ffdb3,de97ecdae99448e7144747f60f298f45b6f0e1c528db81ffa30c7967fb23b8fd,included,housing_social_welfare_leaf,1.0.0,social_welfare,1.0.0,utility,landlord_1,landlord_1,100.73,utility_points,"{""disagreement_utility"":0.0}",ok,valid,[],"[""event_00000261""]",evaluation_receipt,episode_attempt_9c14b76e6d7ce77ffdb3,de97ecdae99448e7144747f60f298f45b6f0e1c528db81ffa30c7967fb23b8fd,true
result_bf45c21ce0dac82dbc01aacf,runplan_655e5cbdd097e7a2,cell_76f16e0fdcc3fd1b98fe,housing_v1__experiment__000006,housing_v1,housing_controlled_model_landlords_experiment,episode_attempt_9c14b76e6d7ce77ffdb3,de97ecdae99448e7144747f60f298f45b6f0e1c528db81ffa30c7967fb23b8fd,included,housing_social_welfare_leaf,1.0.0,social_welfare,1.0.0,utility,landlord_2,landlord_2,0.0,utility_points,"{""disagreement_utility"":0.0}",ok,valid,[],"[""event_00000261""]",evaluation_receipt,episode_attempt_9c14b76e6d7ce77ffdb3,de97ecdae99448e7144747f60f298f45b6f0e1c528db81ffa30c7967fb23b8fd,true
result_f08df041dbf321768ef35d44,runplan_655e5cbdd097e7a2,cell_76f16e0fdcc3fd1b98fe,housing_v1__experiment__000006,housing_v1,housing_controlled_model_landlords_experiment,episode_attempt_9c14b76e6d7ce77ffdb3,de97ecdae99448e7144747f60f298f45b6f0e1c528db81ffa30c7967fb23b8fd,included,housing_social_welfare_leaf,1.0.0,social_welfare,1.0.0,utility,landlord_3,landlord_3,44.83,utility_points,"{""disagreement_utility"":0.0}",ok,valid,[],"[""event_00000261""]",evaluation_receipt,episode_attempt_9c14b76e6d7ce77ffdb3,de97ecdae99448e7144747f60f298f45b6f0e1c528db81ffa30c7967fb23b8fd,true
result_b1e7fdafa45c94e947d99309,runplan_655e5cbdd097e7a2,cell_76f16e0fdcc3fd1b98fe,housing_v1__experiment__000006,housing_v1,housing_controlled_model_landlords_experiment,episode_attempt_9c14b76e6d7ce77ffdb3,de97ecdae99448e7144747f60f298f45b6f0e1c528db81ffa30c7967fb23b8fd,included,housing_social_welfare_leaf,1.0.0,social_welfare,1.0.0,utility,tenant_0,tenant_0,63.64,utility_points,"{""disagreement_utility"":0.0}",ok,valid,[],"[""event_00000261""]",evaluation_receipt,episode_attempt_9c14b76e6d7ce77ffdb3,de97ecdae99448e7144747f60f298f45b6f0e1c528db81ffa30c7967fb23b8fd,true
result_e713205032507fc1842f514c,runplan_655e5cbdd097e7a2,cell_76f16e0fdcc3fd1b98fe,housing_v1__experiment__000006,housing_v1,housing_controlled_model_landlords_experiment,episode_attempt_9c14b76e6d7ce77ffdb3,de97ecdae99448e7144747f60f298f45b6f0e1c528db81ffa30c7967fb23b8fd,included,housing_social_welfare_leaf,1.0.0,social_welfare,1.0.0,utility,tenant_1,tenant_1,391.11,utility_points,"{""disagreement_utility"":0.0}",ok,valid,[],"[""event_00000261""]",evaluation_receipt,episode_attempt_9c14b76e6d7ce77ffdb3,de97ecdae99448e7144747f60f298f45b6f0e1c528db81ffa30c7967fb23b8fd,true
result_3e6afb667c382e56a4793c74,runplan_655e5cbdd097e7a2,cell_76f16e0fdcc3fd1b98fe,housing_v1__experiment__000006,housing_v1,housing_controlled_model_landlords_experiment,episode_attempt_9c14b76e6d7ce77ffdb3,de97ecdae99448e7144747f60f298f45b6f0e1c528db81ffa30c7967fb23b8fd,included,housing_social_welfare_leaf,1.0.0,social_welfare,1.0.0,utility,tenant_2,tenant_2,0.0,utility_points,"{""disagreement_utility"":0.0}",ok,valid,[],"[""event_00000261""]",evaluation_receipt,episode_attempt_9c14b76e6d7ce77ffdb3,de97ecdae99448e7144747f60f298f45b6f0e1c528db81ffa30c7967fb23b8fd,true
result_6903202c3a49bf7390f2468c,runplan_655e5cbdd097e7a2,cell_76f16e0fdcc3fd1b98fe,housing_v1__experiment__000006,housing_v1,housing_controlled_model_landlords_experiment,episode_attempt_9c14b76e6d7ce77ffdb3,de97ecdae99448e7144747f60f298f45b6f0e1c528db81ffa30c7967fb23b8fd,included,housing_social_welfare_leaf,1.0.0,social_welfare,1.0.0,utility,tenant_3,tenant_3,167.19,utility_points,"{""disagreement_utility"":0.0}",ok,valid,[],"[""event_00000261""]",evaluation_receipt,episode_attempt_9c14b76e6d7ce77ffdb3,de97ecdae99448e7144747f60f298f45b6f0e1c528db81ffa30c7967fb23b8fd,true
result_ee16762ef021f7b5d40160fb,runplan_655e5cbdd097e7a2,cell_76f16e0fdcc3fd1b98fe,housing_v1__experiment__000006,housing_v1,housing_controlled_model_landlords_experiment,episode_attempt_9c14b76e6d7ce77ffdb3,de97ecdae99448e7144747f60f298f45b6f0e1c528db81ffa30c7967fb23b8fd,included,housing_social_welfare_leaf,1.0.0,social_welfare,1.0.0,utility,tenant_4,tenant_4,0.0,utility_points,"{""disagreement_utility"":0.0}",ok,valid,[],"[""event_00000261""]",evaluation_receipt,episode_attempt_9c14b76e6d7ce77ffdb3,de97ecdae99448e7144747f60f298f45b6f0e1c528db81ffa30c7967fb23b8fd,true
result_06122d4dde190711608a6ca2,runplan_655e5cbdd097e7a2,cell_76f16e0fdcc3fd1b98fe,housing_v1__experiment__000006,housing_v1,housing_controlled_model_landlords_experiment,episode_attempt_9c14b76e6d7ce77ffdb3,de97ecdae99448e7144747f60f298f45b6f0e1c528db81ffa30c7967fb23b8fd,included,housing_social_welfare_leaf,1.0.0,social_welfare,1.0.0,utility,tenant_5,tenant_5,0.0,utility_points,"{""disagreement_utility"":0.0}",ok,valid,[],"[""event_00000261""]",evaluation_receipt,episode_attempt_9c14b76e6d7ce77ffdb3,de97ecdae99448e7144747f60f298f45b6f0e1c528db81ffa30c7967fb23b8fd,true
result_ddc64a50982f8557eb81dbd9,runplan_655e5cbdd097e7a2,cell_76f16e0fdcc3fd1b98fe,housing_v1__experiment__000006,housing_v1,housing_controlled_model_landlords_experiment,episode_attempt_9c14b76e6d7ce77ffdb3,de97ecdae99448e7144747f60f298f45b6f0e1c528db81ffa30c7967fb23b8fd,included,housing_social_welfare_leaf,1.0.0,social_welfare,1.0.0,capture,landlord_0,landlord_0,31.31,utility_points,"{""disagreement_utility"":0.0}",ok,valid,[],"[""event_00000261""]",evaluation_receipt,episode_attempt_9c14b76e6d7ce77ffdb3,de97ecdae99448e7144747f60f298f45b6f0e1c528db81ffa30c7967fb23b8fd,true
result_bf02eccfa89cde9045d418ee,runplan_655e5cbdd097e7a2,cell_76f16e0fdcc3fd1b98fe,housing_v1__experiment__000006,housing_v1,housing_controlled_model_landlords_experiment,episode_attempt_9c14b76e6d7ce77ffdb3,de97ecdae99448e7144747f60f298f45b6f0e1c528db81ffa30c7967fb23b8fd,included,housing_social_welfare_leaf,1.0.0,social_welfare,1.0.0,capture,landlord_1,landlord_1,100.73,utility_points,"{""disagreement_utility"":0.0}",ok,valid,[],"[""event_00000261""]",evaluation_receipt,episode_attempt_9c14b76e6d7ce77ffdb3,de97ecdae99448e7144747f60f298f45b6f0e1c528db81ffa30c7967fb23b8fd,true
result_9b8730973940406b43e09364,runplan_655e5cbdd097e7a2,cell_76f16e0fdcc3fd1b98fe,housing_v1__experiment__000006,housing_v1,housing_controlled_model_landlords_experiment,episode_attempt_9c14b76e6d7ce77ffdb3,de97ecdae99448e7144747f60f298f45b6f0e1c528db81ffa30c7967fb23b8fd,included,housing_social_welfare_leaf,1.0.0,social_welfare,1.0.0,capture,landlord_2,landlord_2,0.0,utility_points,"{""disagreement_utility"":0.0}",ok,valid,[],"[""event_00000261""]",evaluation_receipt,episode_attempt_9c14b76e6d7ce77ffdb3,de97ecdae99448e7144747f60f298f45b6f0e1c528db81ffa30c7967fb23b8fd,true
result_fdf9a5d3ef61d4e92d6dc9a7,runplan_655e5cbdd097e7a2,cell_76f16e0fdcc3fd1b98fe,housing_v1__experiment__000006,housing_v1,housing_controlled_model_landlords_experiment,episode_attempt_9c14b76e6d7ce77ffdb3,de97ecdae99448e7144747f60f298f45b6f0e1c528db81ffa30c7967fb23b8fd,included,housing_social_welfare_leaf,1.0.0,social_welfare,1.0.0,capture,landlord_3,landlord_3,44.83,utility_points,"{""disagreement_utility"":0.0}",ok,valid,[],"[""event_00000261""]",evaluation_receipt,episode_attempt_9c14b76e6d7ce77ffdb3,de97ecdae99448e7144747f60f298f45b6f0e1c528db81ffa30c7967fb23b8fd,true
result_a63e07d5107d64ae6632d44e,runplan_655e5cbdd097e7a2,cell_76f16e0fdcc3fd1b98fe,housing_v1__experiment__000006,housing_v1,housing_controlled_model_landlords_experiment,episode_attempt_9c14b76e6d7ce77ffdb3,de97ecdae99448e7144747f60f298f45b6f0e1c528db81ffa30c7967fb23b8fd,included,housing_social_welfare_leaf,1.0.0,social_welfare,1.0.0,capture,tenant_0,tenant_0,63.64,utility_points,"{""disagreement_utility"":0.0}",ok,valid,[],"[""event_00000261""]",evaluation_receipt,episode_attempt_9c14b76e6d7ce77ffdb3,de97ecdae99448e7144747f60f298f45b6f0e1c528db81ffa30c7967fb23b8fd,true
result_b3f56b54e4a70e1af6879c11,runplan_655e5cbdd097e7a2,cell_76f16e0fdcc3fd1b98fe,housing_v1__experiment__000006,housing_v1,housing_controlled_model_landlords_experiment,episode_attempt_9c14b76e6d7ce77ffdb3,de97ecdae99448e7144747f60f298f45b6f0e1c528db81ffa30c7967fb23b8fd,included,housing_social_welfare_leaf,1.0.0,social_welfare,1.0.0,capture,tenant_1,tenant_1,391.11,utility_points,"{""disagreement_utility"":0.0}",ok,valid,[],"[""event_00000261""]",evaluation_receipt,episode_attempt_9c14b76e6d7ce77ffdb3,de97ecdae99448e7144747f60f298f45b6f0e1c528db81ffa30c7967fb23b8fd,true
result_441d267f7bab15eaef3a1543,runplan_655e5cbdd097e7a2,cell_76f16e0fdcc3fd1b98fe,housing_v1__experiment__000006,housing_v1,housing_controlled_model_landlords_experiment,episode_attempt_9c14b76e6d7ce77ffdb3,de97ecdae99448e7144747f60f298f45b6f0e1c528db81ffa30c7967fb23b8fd,included,housing_social_welfare_leaf,1.0.0,social_welfare,1.0.0,capture,tenant_2,tenant_2,0.0,utility_points,"{""disagreement_utility"":0.0}",ok,valid,[],"[""event_00000261""]",evaluation_receipt,episode_attempt_9c14b76e6d7ce77ffdb3,de97ecdae99448e7144747f60f298f45b6f0e1c528db81ffa30c7967fb23b8fd,true
result_39039e56e961a45f3a8c0adf,runplan_655e5cbdd097e7a2,cell_76f16e0fdcc3fd1b98fe,housing_v1__experiment__000006,housing_v1,housing_controlled_model_landlords_experiment,episode_attempt_9c14b76e6d7ce77ffdb3,de97ecdae99448e7144747f60f298f45b6f0e1c528db81ffa30c7967fb23b8fd,included,housing_social_welfare_leaf,1.0.0,social_welfare,1.0.0,capture,tenant_3,tenant_3,167.19,utility_points,"{""disagreement_utility"":0.0}",ok,valid,[],"[""event_00000261""]",evaluation_receipt,episode_attempt_9c14b76e6d7ce77ffdb3,de97ecdae99448e7144747f60f298f45b6f0e1c528db81ffa30c7967fb23b8fd,true
result_bd298cb31d4311f7771736fd,runplan_655e5cbdd097e7a2,cell_76f16e0fdcc3fd1b98fe,housing_v1__experiment__000006,housing_v1,housing_controlled_model_landlords_experiment,episode_attempt_9c14b76e6d7ce77ffdb3,de97ecdae99448e7144747f60f298f45b6f0e1c528db81ffa30c7967fb23b8fd,included,housing_social_welfare_leaf,1.0.0,social_welfare,1.0.0,capture,tenant_4,tenant_4,0.0,utility_points,"{""disagreement_utility"":0.0}",ok,valid,[],"[""event_00000261""]",evaluation_receipt,episode_attempt_9c14b76e6d7ce77ffdb3,de97ecdae99448e7144747f60f298f45b6f0e1c528db81ffa30c7967fb23b8fd,true
result_be19611e10447eafcdaa6ded,runplan_655e5cbdd097e7a2,cell_76f16e0fdcc3fd1b98fe,housing_v1__experiment__000006,housing_v1,housing_controlled_model_landlords_experiment,episode_attempt_9c14b76e6d7ce77ffdb3,de97ecdae99448e7144747f60f298f45b6f0e1c528db81ffa30c7967fb23b8fd,included,housing_social_welfare_leaf,1.0.0,social_welfare,1.0.0,capture,tenant_5,tenant_5,0.0,utility_points,"{""disagreement_utility"":0.0}",ok,valid,[],"[""event_00000261""]",evaluation_receipt,episode_attempt_9c14b76e6d7ce77ffdb3,de97ecdae99448e7144747f60f298f45b6f0e1c528db81ffa30c7967fb23b8fd,true
result_56c9c33eeac162c883485922,runplan_655e5cbdd097e7a2,cell_78f478e390b08d83bf22,housing_v1__experiment__000007,housing_v1,housing_controlled_model_landlords_experiment,episode_attempt_b27df50621a33e89c3a7,fe2ed8738d78b955d8b26e4bbc569a8053769754412f14fc807454ccb61bb19f,included,housing_social_welfare_leaf,1.0.0,social_welfare,1.0.0,primary,social_welfare,,1057.99,utility_points,{},ok,valid,[],"[""event_00000265""]",evaluation_receipt,episode_attempt_b27df50621a33e89c3a7,fe2ed8738d78b955d8b26e4bbc569a8053769754412f14fc807454ccb61bb19f,true
result_4da12844cce822e5ac706242,runplan_655e5cbdd097e7a2,cell_78f478e390b08d83bf22,housing_v1__experiment__000007,housing_v1,housing_controlled_model_landlords_experiment,episode_attempt_b27df50621a33e89c3a7,fe2ed8738d78b955d8b26e4bbc569a8053769754412f14fc807454ccb61bb19f,included,housing_social_welfare_leaf,1.0.0,social_welfare,1.0.0,metric,comparison_baseline_gap,,-50.210000000000036,utility_points,{},ok,valid,[],"[""event_00000265""]",evaluation_receipt,episode_attempt_b27df50621a33e89c3a7,fe2ed8738d78b955d8b26e4bbc569a8053769754412f14fc807454ccb61bb19f,true
result_bad99e6a2bfb26a1c56eee05,runplan_655e5cbdd097e7a2,cell_78f478e390b08d83bf22,housing_v1__experiment__000007,housing_v1,housing_controlled_model_landlords_experiment,episode_attempt_b27df50621a33e89c3a7,fe2ed8738d78b955d8b26e4bbc569a8053769754412f14fc807454ccb61bb19f,included,housing_social_welfare_leaf,1.0.0,social_welfare,1.0.0,metric,ir_violation_count,,1.0,count,{},ok,valid,[],"[""event_00000265""]",evaluation_receipt,episode_attempt_b27df50621a33e89c3a7,fe2ed8738d78b955d8b26e4bbc569a8053769754412f14fc807454ccb61bb19f,true
result_ac6544c2e2c8a77653891aaa,runplan_655e5cbdd097e7a2,cell_78f478e390b08d83bf22,housing_v1__experiment__000007,housing_v1,housing_controlled_model_landlords_experiment,episode_attempt_b27df50621a33e89c3a7,fe2ed8738d78b955d8b26e4bbc569a8053769754412f14fc807454ccb61bb19f,included,housing_social_welfare_leaf,1.0.0,social_welfare,1.0.0,metric,social_welfare,,1057.99,utility_points,{},ok,valid,[],"[""event_00000265""]",evaluation_receipt,episode_attempt_b27df50621a33e89c3a7,fe2ed8738d78b955d8b26e4bbc569a8053769754412f14fc807454ccb61bb19f,true
result_b234a9fa5e6724cb70ef61eb,runplan_655e5cbdd097e7a2,cell_78f478e390b08d83bf22,housing_v1__experiment__000007,housing_v1,housing_controlled_model_landlords_experiment,episode_attempt_b27df50621a33e89c3a7,fe2ed8738d78b955d8b26e4bbc569a8053769754412f14fc807454ccb61bb19f,included,housing_social_welfare_leaf,1.0.0,social_welfare,1.0.0,metric,upper_bound_gap,,266.6199999999999,utility_points,{},ok,valid,[],"[""event_00000265""]",evaluation_receipt,episode_attempt_b27df50621a33e89c3a7,fe2ed8738d78b955d8b26e4bbc569a8053769754412f14fc807454ccb61bb19f,true
result_2fb9b6e9c9b2ad44c0b0df30,runplan_655e5cbdd097e7a2,cell_78f478e390b08d83bf22,housing_v1__experiment__000007,housing_v1,housing_controlled_model_landlords_experiment,episode_attempt_b27df50621a33e89c3a7,fe2ed8738d78b955d8b26e4bbc569a8053769754412f14fc807454ccb61bb19f,included,housing_social_welfare_leaf,1.0.0,social_welfare,1.0.0,metric,wasted_contacts,,9.0,count,{},ok,valid,[],"[""event_00000265""]",evaluation_receipt,episode_attempt_b27df50621a33e89c3a7,fe2ed8738d78b955d8b26e4bbc569a8053769754412f14fc807454ccb61bb19f,true
result_e0ad7e9375b9a814edeee4c6,runplan_655e5cbdd097e7a2,cell_78f478e390b08d83bf22,housing_v1__experiment__000007,housing_v1,housing_controlled_model_landlords_experiment,episode_attempt_b27df50621a33e89c3a7,fe2ed8738d78b955d8b26e4bbc569a8053769754412f14fc807454ccb61bb19f,included,housing_social_welfare_leaf,1.0.0,social_welfare,1.0.0,metric,within_case_score,,0.7987181132559773,ratio,{},ok,valid,[],"[""event_00000265""]",evaluation_receipt,episode_attempt_b27df50621a33e89c3a7,fe2ed8738d78b955d8b26e4bbc569a8053769754412f14fc807454ccb61bb19f,true
result_941f4b0f790ec3182236418a,runplan_655e5cbdd097e7a2,cell_78f478e390b08d83bf22,housing_v1__experiment__000007,housing_v1,housing_controlled_model_landlords_experiment,episode_attempt_b27df50621a33e89c3a7,fe2ed8738d78b955d8b26e4bbc569a8053769754412f14fc807454ccb61bb19f,included,housing_social_welfare_leaf,1.0.0,social_welfare,1.0.0,reference,comparison_baseline,,1108.2,utility_points,"{""policy"":""naive"",""reference_kind"":""comparison_baseline""}",ok,valid,[],"[""event_00000265""]",evaluation_receipt,episode_attempt_b27df50621a33e89c3a7,fe2ed8738d78b955d8b26e4bbc569a8053769754412f14fc807454ccb61bb19f,true
result_8b50824d12e66f9be72a6e4d,runplan_655e5cbdd097e7a2,cell_78f478e390b08d83bf22,housing_v1__experiment__000007,housing_v1,housing_controlled_model_landlords_experiment,episode_attempt_b27df50621a33e89c3a7,fe2ed8738d78b955d8b26e4bbc569a8053769754412f14fc807454ccb61bb19f,included,housing_social_welfare_leaf,1.0.0,social_welfare,1.0.0,reference,optimum_lower_bound,,0.0,utility_points,"{""policy"":""do_nothing"",""reference_kind"":""objective_lower_bound""}",ok,valid,[],"[""event_00000265""]",evaluation_receipt,episode_attempt_b27df50621a33e89c3a7,fe2ed8738d78b955d8b26e4bbc569a8053769754412f14fc807454ccb61bb19f,true
result_974f9b653014b38d4dc795fa,runplan_655e5cbdd097e7a2,cell_78f478e390b08d83bf22,housing_v1__experiment__000007,housing_v1,housing_controlled_model_landlords_experiment,episode_attempt_b27df50621a33e89c3a7,fe2ed8738d78b955d8b26e4bbc569a8053769754412f14fc807454ccb61bb19f,included,housing_social_welfare_leaf,1.0.0,social_welfare,1.0.0,reference,optimum_upper_bound,,1324.61,utility_points,"{""reference_kind"":""objective_upper_bound"",""semantics"":""full_information_allocation_relaxation""}",ok,valid,[],"[""event_00000265""]",evaluation_receipt,episode_attempt_b27df50621a33e89c3a7,fe2ed8738d78b955d8b26e4bbc569a8053769754412f14fc807454ccb61bb19f,true
result_f7e9b0cf7bef0fc87ffc6f63,runplan_655e5cbdd097e7a2,cell_78f478e390b08d83bf22,housing_v1__experiment__000007,housing_v1,housing_controlled_model_landlords_experiment,episode_attempt_b27df50621a33e89c3a7,fe2ed8738d78b955d8b26e4bbc569a8053769754412f14fc807454ccb61bb19f,included,housing_social_welfare_leaf,1.0.0,social_welfare,1.0.0,utility,landlord_0,landlord_0,358.64,utility_points,"{""disagreement_utility"":0.0}",ok,valid,[],"[""event_00000265""]",evaluation_receipt,episode_attempt_b27df50621a33e89c3a7,fe2ed8738d78b955d8b26e4bbc569a8053769754412f14fc807454ccb61bb19f,true
result_de0525738bc6b1b2bd934b66,runplan_655e5cbdd097e7a2,cell_78f478e390b08d83bf22,housing_v1__experiment__000007,housing_v1,housing_controlled_model_landlords_experiment,episode_attempt_b27df50621a33e89c3a7,fe2ed8738d78b955d8b26e4bbc569a8053769754412f14fc807454ccb61bb19f,included,housing_social_welfare_leaf,1.0.0,social_welfare,1.0.0,utility,landlord_1,landlord_1,0.0,utility_points,"{""disagreement_utility"":0.0}",ok,valid,[],"[""event_00000265""]",evaluation_receipt,episode_attempt_b27df50621a33e89c3a7,fe2ed8738d78b955d8b26e4bbc569a8053769754412f14fc807454ccb61bb19f,true
result_8a87e19b419549a15a4cec88,runplan_655e5cbdd097e7a2,cell_78f478e390b08d83bf22,housing_v1__experiment__000007,housing_v1,housing_controlled_model_landlords_experiment,episode_attempt_b27df50621a33e89c3a7,fe2ed8738d78b955d8b26e4bbc569a8053769754412f14fc807454ccb61bb19f,included,housing_social_welfare_leaf,1.0.0,social_welfare,1.0.0,utility,landlord_2,landlord_2,0.0,utility_points,"{""disagreement_utility"":0.0}",ok,valid,[],"[""event_00000265""]",evaluation_receipt,episode_attempt_b27df50621a33e89c3a7,fe2ed8738d78b955d8b26e4bbc569a8053769754412f14fc807454ccb61bb19f,true
result_179a06315cfcd9834d6eb76e,runplan_655e5cbdd097e7a2,cell_78f478e390b08d83bf22,housing_v1__experiment__000007,housing_v1,housing_controlled_model_landlords_experiment,episode_attempt_b27df50621a33e89c3a7,fe2ed8738d78b955d8b26e4bbc569a8053769754412f14fc807454ccb61bb19f,included,housing_social_welfare_leaf,1.0.0,social_welfare,1.0.0,utility,landlord_3,landlord_3,-1525.3,utility_points,"{""disagreement_utility"":0.0}",ok,valid,[],"[""event_00000265""]",evaluation_receipt,episode_attempt_b27df50621a33e89c3a7,fe2ed8738d78b955d8b26e4bbc569a8053769754412f14fc807454ccb61bb19f,true
result_076e5ce95ef022691a963b1f,runplan_655e5cbdd097e7a2,cell_78f478e390b08d83bf22,housing_v1__experiment__000007,housing_v1,housing_controlled_model_landlords_experiment,episode_attempt_b27df50621a33e89c3a7,fe2ed8738d78b955d8b26e4bbc569a8053769754412f14fc807454ccb61bb19f,included,housing_social_welfare_leaf,1.0.0,social_welfare,1.0.0,utility,tenant_0,tenant_0,0.0,utility_points,"{""disagreement_utility"":0.0}",ok,valid,[],"[""event_00000265""]",evaluation_receipt,episode_attempt_b27df50621a33e89c3a7,fe2ed8738d78b955d8b26e4bbc569a8053769754412f14fc807454ccb61bb19f,true
result_4c020cb2606a6591fbfeaff5,runplan_655e5cbdd097e7a2,cell_78f478e390b08d83bf22,housing_v1__experiment__000007,housing_v1,housing_controlled_model_landlords_experiment,episode_attempt_b27df50621a33e89c3a7,fe2ed8738d78b955d8b26e4bbc569a8053769754412f14fc807454ccb61bb19f,included,housing_social_welfare_leaf,1.0.0,social_welfare,1.0.0,utility,tenant_1,tenant_1,0.0,utility_points,"{""disagreement_utility"":0.0}",ok,valid,[],"[""event_00000265""]",evaluation_receipt,episode_attempt_b27df50621a33e89c3a7,fe2ed8738d78b955d8b26e4bbc569a8053769754412f14fc807454ccb61bb19f,true
result_86a104f13845aa3960377025,runplan_655e5cbdd097e7a2,cell_78f478e390b08d83bf22,housing_v1__experiment__000007,housing_v1,housing_controlled_model_landlords_experiment,episode_attempt_b27df50621a33e89c3a7,fe2ed8738d78b955d8b26e4bbc569a8053769754412f14fc807454ccb61bb19f,included,housing_social_welfare_leaf,1.0.0,social_welfare,1.0.0,utility,tenant_2,tenant_2,0.0,utility_points,"{""disagreement_utility"":0.0}",ok,valid,[],"[""event_00000265""]",evaluation_receipt,episode_attempt_b27df50621a33e89c3a7,fe2ed8738d78b955d8b26e4bbc569a8053769754412f14fc807454ccb61bb19f,true
result_73269a3f418e58e18ca6d1aa,runplan_655e5cbdd097e7a2,cell_78f478e390b08d83bf22,housing_v1__experiment__000007,housing_v1,housing_controlled_model_landlords_experiment,episode_attempt_b27df50621a33e89c3a7,fe2ed8738d78b955d8b26e4bbc569a8053769754412f14fc807454ccb61bb19f,included,housing_social_welfare_leaf,1.0.0,social_welfare,1.0.0,utility,tenant_3,tenant_3,88.94,utility_points,"{""disagreement_utility"":0.0}",ok,valid,[],"[""event_00000265""]",evaluation_receipt,episode_attempt_b27df50621a33e89c3a7,fe2ed8738d78b955d8b26e4bbc569a8053769754412f14fc807454ccb61bb19f,true
result_9738b1e37b5b6d5f12da7630,runplan_655e5cbdd097e7a2,cell_78f478e390b08d83bf22,housing_v1__experiment__000007,housing_v1,housing_controlled_model_landlords_experiment,episode_attempt_b27df50621a33e89c3a7,fe2ed8738d78b955d8b26e4bbc569a8053769754412f14fc807454ccb61bb19f,included,housing_social_welfare_leaf,1.0.0,social_welfare,1.0.0,utility,tenant_4,tenant_4,2135.71,utility_points,"{""disagreement_utility"":0.0}",ok,valid,[],"[""event_00000265""]",evaluation_receipt,episode_attempt_b27df50621a33e89c3a7,fe2ed8738d78b955d8b26e4bbc569a8053769754412f14fc807454ccb61bb19f,true
result_779107ab8fe8dc513921b3d6,runplan_655e5cbdd097e7a2,cell_78f478e390b08d83bf22,housing_v1__experiment__000007,housing_v1,housing_controlled_model_landlords_experiment,episode_attempt_b27df50621a33e89c3a7,fe2ed8738d78b955d8b26e4bbc569a8053769754412f14fc807454ccb61bb19f,included,housing_social_welfare_leaf,1.0.0,social_welfare,1.0.0,utility,tenant_5,tenant_5,0.0,utility_points,"{""disagreement_utility"":0.0}",ok,valid,[],"[""event_00000265""]",evaluation_receipt,episode_attempt_b27df50621a33e89c3a7,fe2ed8738d78b955d8b26e4bbc569a8053769754412f14fc807454ccb61bb19f,true
result_26cf84be461001f494155e5f,runplan_655e5cbdd097e7a2,cell_78f478e390b08d83bf22,housing_v1__experiment__000007,housing_v1,housing_controlled_model_landlords_experiment,episode_attempt_b27df50621a33e89c3a7,fe2ed8738d78b955d8b26e4bbc569a8053769754412f14fc807454ccb61bb19f,included,housing_social_welfare_leaf,1.0.0,social_welfare,1.0.0,capture,landlord_0,landlord_0,358.64,utility_points,"{""disagreement_utility"":0.0}",ok,valid,[],"[""event_00000265""]",evaluation_receipt,episode_attempt_b27df50621a33e89c3a7,fe2ed8738d78b955d8b26e4bbc569a8053769754412f14fc807454ccb61bb19f,true
result_d0923f0e77edc54a78c8154a,runplan_655e5cbdd097e7a2,cell_78f478e390b08d83bf22,housing_v1__experiment__000007,housing_v1,housing_controlled_model_landlords_experiment,episode_attempt_b27df50621a33e89c3a7,fe2ed8738d78b955d8b26e4bbc569a8053769754412f14fc807454ccb61bb19f,included,housing_social_welfare_leaf,1.0.0,social_welfare,1.0.0,capture,landlord_1,landlord_1,0.0,utility_points,"{""disagreement_utility"":0.0}",ok,valid,[],"[""event_00000265""]",evaluation_receipt,episode_attempt_b27df50621a33e89c3a7,fe2ed8738d78b955d8b26e4bbc569a8053769754412f14fc807454ccb61bb19f,true
result_5d7e72d458ada03f71ea7edb,runplan_655e5cbdd097e7a2,cell_78f478e390b08d83bf22,housing_v1__experiment__000007,housing_v1,housing_controlled_model_landlords_experiment,episode_attempt_b27df50621a33e89c3a7,fe2ed8738d78b955d8b26e4bbc569a8053769754412f14fc807454ccb61bb19f,included,housing_social_welfare_leaf,1.0.0,social_welfare,1.0.0,capture,landlord_2,landlord_2,0.0,utility_points,"{""disagreement_utility"":0.0}",ok,valid,[],"[""event_00000265""]",evaluation_receipt,episode_attempt_b27df50621a33e89c3a7,fe2ed8738d78b955d8b26e4bbc569a8053769754412f14fc807454ccb61bb19f,true
result_f61872b860948c2ab358e790,runplan_655e5cbdd097e7a2,cell_78f478e390b08d83bf22,housing_v1__experiment__000007,housing_v1,housing_controlled_model_landlords_experiment,episode_attempt_b27df50621a33e89c3a7,fe2ed8738d78b955d8b26e4bbc569a8053769754412f14fc807454ccb61bb19f,included,housing_social_welfare_leaf,1.0.0,social_welfare,1.0.0,capture,landlord_3,landlord_3,-1525.3,utility_points,"{""disagreement_utility"":0.0}",ok,valid,[],"[""event_00000265""]",evaluation_receipt,episode_attempt_b27df50621a33e89c3a7,fe2ed8738d78b955d8b26e4bbc569a8053769754412f14fc807454ccb61bb19f,true
result_8dda0c4528208e5f3c1fddf0,runplan_655e5cbdd097e7a2,cell_78f478e390b08d83bf22,housing_v1__experiment__000007,housing_v1,housing_controlled_model_landlords_experiment,episode_attempt_b27df50621a33e89c3a7,fe2ed8738d78b955d8b26e4bbc569a8053769754412f14fc807454ccb61bb19f,included,housing_social_welfare_leaf,1.0.0,social_welfare,1.0.0,capture,tenant_0,tenant_0,0.0,utility_points,"{""disagreement_utility"":0.0}",ok,valid,[],"[""event_00000265""]",evaluation_receipt,episode_attempt_b27df50621a33e89c3a7,fe2ed8738d78b955d8b26e4bbc569a8053769754412f14fc807454ccb61bb19f,true
result_7913fa50c0832eac5dfc96b1,runplan_655e5cbdd097e7a2,cell_78f478e390b08d83bf22,housing_v1__experiment__000007,housing_v1,housing_controlled_model_landlords_experiment,episode_attempt_b27df50621a33e89c3a7,fe2ed8738d78b955d8b26e4bbc569a8053769754412f14fc807454ccb61bb19f,included,housing_social_welfare_leaf,1.0.0,social_welfare,1.0.0,capture,tenant_1,tenant_1,0.0,utility_points,"{""disagreement_utility"":0.0}",ok,valid,[],"[""event_00000265""]",evaluation_receipt,episode_attempt_b27df50621a33e89c3a7,fe2ed8738d78b955d8b26e4bbc569a8053769754412f14fc807454ccb61bb19f,true
result_b06227a9c79dceccd2ac2121,runplan_655e5cbdd097e7a2,cell_78f478e390b08d83bf22,housing_v1__experiment__000007,housing_v1,housing_controlled_model_landlords_experiment,episode_attempt_b27df50621a33e89c3a7,fe2ed8738d78b955d8b26e4bbc569a8053769754412f14fc807454ccb61bb19f,included,housing_social_welfare_leaf,1.0.0,social_welfare,1.0.0,capture,tenant_2,tenant_2,0.0,utility_points,"{""disagreement_utility"":0.0}",ok,valid,[],"[""event_00000265""]",evaluation_receipt,episode_attempt_b27df50621a33e89c3a7,fe2ed8738d78b955d8b26e4bbc569a8053769754412f14fc807454ccb61bb19f,true
result_07082ae5e9af515f7b4608d4,runplan_655e5cbdd097e7a2,cell_78f478e390b08d83bf22,housing_v1__experiment__000007,housing_v1,housing_controlled_model_landlords_experiment,episode_attempt_b27df50621a33e89c3a7,fe2ed8738d78b955d8b26e4bbc569a8053769754412f14fc807454ccb61bb19f,included,housing_social_welfare_leaf,1.0.0,social_welfare,1.0.0,capture,tenant_3,tenant_3,88.94,utility_points,"{""disagreement_utility"":0.0}",ok,valid,[],"[""event_00000265""]",evaluation_receipt,episode_attempt_b27df50621a33e89c3a7,fe2ed8738d78b955d8b26e4bbc569a8053769754412f14fc807454ccb61bb19f,true
result_407bb59e4446a25fc6e9563e,runplan_655e5cbdd097e7a2,cell_78f478e390b08d83bf22,housing_v1__experiment__000007,housing_v1,housing_controlled_model_landlords_experiment,episode_attempt_b27df50621a33e89c3a7,fe2ed8738d78b955d8b26e4bbc569a8053769754412f14fc807454ccb61bb19f,included,housing_social_welfare_leaf,1.0.0,social_welfare,1.0.0,capture,tenant_4,tenant_4,2135.71,utility_points,"{""disagreement_utility"":0.0}",ok,valid,[],"[""event_00000265""]",evaluation_receipt,episode_attempt_b27df50621a33e89c3a7,fe2ed8738d78b955d8b26e4bbc569a8053769754412f14fc807454ccb61bb19f,true
result_d6b49966c379cbbdd51dea8e,runplan_655e5cbdd097e7a2,cell_78f478e390b08d83bf22,housing_v1__experiment__000007,housing_v1,housing_controlled_model_landlords_experiment,episode_attempt_b27df50621a33e89c3a7,fe2ed8738d78b955d8b26e4bbc569a8053769754412f14fc807454ccb61bb19f,included,housing_social_welfare_leaf,1.0.0,social_welfare,1.0.0,capture,tenant_5,tenant_5,0.0,utility_points,"{""disagreement_utility"":0.0}",ok,valid,[],"[""event_00000265""]",evaluation_receipt,episode_attempt_b27df50621a33e89c3a7,fe2ed8738d78b955d8b26e4bbc569a8053769754412f14fc807454ccb61bb19f,true
result_bb676b7f898d4b561b5b33d9,runplan_655e5cbdd097e7a2,cell_822ff8257433aa2c20ac,housing_v1__experiment__000003,housing_v1,housing_controlled_model_landlords_experiment,episode_attempt_2588516849bd6111a422,a46864379498cdc5b1088706c196217225e12055447393fa5095b6d765d8b7e0,included,housing_social_welfare_leaf,1.0.0,social_welfare,1.0.0,primary,social_welfare,,996.77,utility_points,{},ok,valid,[],"[""event_00000235""]",evaluation_receipt,episode_attempt_2588516849bd6111a422,a46864379498cdc5b1088706c196217225e12055447393fa5095b6d765d8b7e0,true
result_a9c11d7c0d5f29d258ef42f5,runplan_655e5cbdd097e7a2,cell_822ff8257433aa2c20ac,housing_v1__experiment__000003,housing_v1,housing_controlled_model_landlords_experiment,episode_attempt_2588516849bd6111a422,a46864379498cdc5b1088706c196217225e12055447393fa5095b6d765d8b7e0,included,housing_social_welfare_leaf,1.0.0,social_welfare,1.0.0,metric,comparison_baseline_gap,,209.73000000000002,utility_points,{},ok,valid,[],"[""event_00000235""]",evaluation_receipt,episode_attempt_2588516849bd6111a422,a46864379498cdc5b1088706c196217225e12055447393fa5095b6d765d8b7e0,true
result_e01f6b7cd18011f66396a0d5,runplan_655e5cbdd097e7a2,cell_822ff8257433aa2c20ac,housing_v1__experiment__000003,housing_v1,housing_controlled_model_landlords_experiment,episode_attempt_2588516849bd6111a422,a46864379498cdc5b1088706c196217225e12055447393fa5095b6d765d8b7e0,included,housing_social_welfare_leaf,1.0.0,social_welfare,1.0.0,metric,ir_violation_count,,0.0,count,{},ok,valid,[],"[""event_00000235""]",evaluation_receipt,episode_attempt_2588516849bd6111a422,a46864379498cdc5b1088706c196217225e12055447393fa5095b6d765d8b7e0,true
result_04c6cb957175e4374024a26e,runplan_655e5cbdd097e7a2,cell_822ff8257433aa2c20ac,housing_v1__experiment__000003,housing_v1,housing_controlled_model_landlords_experiment,episode_attempt_2588516849bd6111a422,a46864379498cdc5b1088706c196217225e12055447393fa5095b6d765d8b7e0,included,housing_social_welfare_leaf,1.0.0,social_welfare,1.0.0,metric,social_welfare,,996.77,utility_points,{},ok,valid,[],"[""event_00000235""]",evaluation_receipt,episode_attempt_2588516849bd6111a422,a46864379498cdc5b1088706c196217225e12055447393fa5095b6d765d8b7e0,true
result_d83d100956456877d5e4aa8d,runplan_655e5cbdd097e7a2,cell_822ff8257433aa2c20ac,housing_v1__experiment__000003,housing_v1,housing_controlled_model_landlords_experiment,episode_attempt_2588516849bd6111a422,a46864379498cdc5b1088706c196217225e12055447393fa5095b6d765d8b7e0,included,housing_social_welfare_leaf,1.0.0,social_welfare,1.0.0,metric,upper_bound_gap,,1.4700000000000273,utility_points,{},ok,valid,[],"[""event_00000235""]",evaluation_receipt,episode_attempt_2588516849bd6111a422,a46864379498cdc5b1088706c196217225e12055447393fa5095b6d765d8b7e0,true
result_4cebaaf8fa746b70de7bc6e2,runplan_655e5cbdd097e7a2,cell_822ff8257433aa2c20ac,housing_v1__experiment__000003,housing_v1,housing_controlled_model_landlords_experiment,episode_attempt_2588516849bd6111a422,a46864379498cdc5b1088706c196217225e12055447393fa5095b6d765d8b7e0,included,housing_social_welfare_leaf,1.0.0,social_welfare,1.0.0,metric,wasted_contacts,,6.0,count,{},ok,valid,[],"[""event_00000235""]",evaluation_receipt,episode_attempt_2588516849bd6111a422,a46864379498cdc5b1088706c196217225e12055447393fa5095b6d765d8b7e0,true
result_c0e1013541ee6d40c5ae5a80,runplan_655e5cbdd097e7a2,cell_822ff8257433aa2c20ac,housing_v1__experiment__000003,housing_v1,housing_controlled_model_landlords_experiment,episode_attempt_2588516849bd6111a422,a46864379498cdc5b1088706c196217225e12055447393fa5095b6d765d8b7e0,included,housing_social_welfare_leaf,1.0.0,social_welfare,1.0.0,metric,within_case_score,,0.9985274082384997,ratio,{},ok,valid,[],"[""event_00000235""]",evaluation_receipt,episode_attempt_2588516849bd6111a422,a46864379498cdc5b1088706c196217225e12055447393fa5095b6d765d8b7e0,true
result_db7e45fe31d1cffc67942734,runplan_655e5cbdd097e7a2,cell_822ff8257433aa2c20ac,housing_v1__experiment__000003,housing_v1,housing_controlled_model_landlords_experiment,episode_attempt_2588516849bd6111a422,a46864379498cdc5b1088706c196217225e12055447393fa5095b6d765d8b7e0,included,housing_social_welfare_leaf,1.0.0,social_welfare,1.0.0,reference,comparison_baseline,,787.04,utility_points,"{""policy"":""naive"",""reference_kind"":""comparison_baseline""}",ok,valid,[],"[""event_00000235""]",evaluation_receipt,episode_attempt_2588516849bd6111a422,a46864379498cdc5b1088706c196217225e12055447393fa5095b6d765d8b7e0,true
result_f4cb51c43435f963d5d5ff83,runplan_655e5cbdd097e7a2,cell_822ff8257433aa2c20ac,housing_v1__experiment__000003,housing_v1,housing_controlled_model_landlords_experiment,episode_attempt_2588516849bd6111a422,a46864379498cdc5b1088706c196217225e12055447393fa5095b6d765d8b7e0,included,housing_social_welfare_leaf,1.0.0,social_welfare,1.0.0,reference,optimum_lower_bound,,0.0,utility_points,"{""policy"":""do_nothing"",""reference_kind"":""objective_lower_bound""}",ok,valid,[],"[""event_00000235""]",evaluation_receipt,episode_attempt_2588516849bd6111a422,a46864379498cdc5b1088706c196217225e12055447393fa5095b6d765d8b7e0,true
result_819f72298ba34be206fe9b0e,runplan_655e5cbdd097e7a2,cell_822ff8257433aa2c20ac,housing_v1__experiment__000003,housing_v1,housing_controlled_model_landlords_experiment,episode_attempt_2588516849bd6111a422,a46864379498cdc5b1088706c196217225e12055447393fa5095b6d765d8b7e0,included,housing_social_welfare_leaf,1.0.0,social_welfare,1.0.0,reference,optimum_upper_bound,,998.24,utility_points,"{""reference_kind"":""objective_upper_bound"",""semantics"":""full_information_allocation_relaxation""}",ok,valid,[],"[""event_00000235""]",evaluation_receipt,episode_attempt_2588516849bd6111a422,a46864379498cdc5b1088706c196217225e12055447393fa5095b6d765d8b7e0,true
result_df036cf90552d94125d03c35,runplan_655e5cbdd097e7a2,cell_822ff8257433aa2c20ac,housing_v1__experiment__000003,housing_v1,housing_controlled_model_landlords_experiment,episode_attempt_2588516849bd6111a422,a46864379498cdc5b1088706c196217225e12055447393fa5095b6d765d8b7e0,included,housing_social_welfare_leaf,1.0.0,social_welfare,1.0.0,utility,landlord_0,landlord_0,37.85,utility_points,"{""disagreement_utility"":0.0}",ok,valid,[],"[""event_00000235""]",evaluation_receipt,episode_attempt_2588516849bd6111a422,a46864379498cdc5b1088706c196217225e12055447393fa5095b6d765d8b7e0,true
result_4145496cc966ec8300dab83e,runplan_655e5cbdd097e7a2,cell_822ff8257433aa2c20ac,housing_v1__experiment__000003,housing_v1,housing_controlled_model_landlords_experiment,episode_attempt_2588516849bd6111a422,a46864379498cdc5b1088706c196217225e12055447393fa5095b6d765d8b7e0,included,housing_social_welfare_leaf,1.0.0,social_welfare,1.0.0,utility,landlord_1,landlord_1,66.45,utility_points,"{""disagreement_utility"":0.0}",ok,valid,[],"[""event_00000235""]",evaluation_receipt,episode_attempt_2588516849bd6111a422,a46864379498cdc5b1088706c196217225e12055447393fa5095b6d765d8b7e0,true
result_369700dd7e48691d4f7cfe1c,runplan_655e5cbdd097e7a2,cell_822ff8257433aa2c20ac,housing_v1__experiment__000003,housing_v1,housing_controlled_model_landlords_experiment,episode_attempt_2588516849bd6111a422,a46864379498cdc5b1088706c196217225e12055447393fa5095b6d765d8b7e0,included,housing_social_welfare_leaf,1.0.0,social_welfare,1.0.0,utility,landlord_2,landlord_2,76.96,utility_points,"{""disagreement_utility"":0.0}",ok,valid,[],"[""event_00000235""]",evaluation_receipt,episode_attempt_2588516849bd6111a422,a46864379498cdc5b1088706c196217225e12055447393fa5095b6d765d8b7e0,true
result_bd1c9f50b2cf428f89759354,runplan_655e5cbdd097e7a2,cell_822ff8257433aa2c20ac,housing_v1__experiment__000003,housing_v1,housing_controlled_model_landlords_experiment,episode_attempt_2588516849bd6111a422,a46864379498cdc5b1088706c196217225e12055447393fa5095b6d765d8b7e0,included,housing_social_welfare_leaf,1.0.0,social_welfare,1.0.0,utility,landlord_3,landlord_3,54.11,utility_points,"{""disagreement_utility"":0.0}",ok,valid,[],"[""event_00000235""]",evaluation_receipt,episode_attempt_2588516849bd6111a422,a46864379498cdc5b1088706c196217225e12055447393fa5095b6d765d8b7e0,true
result_c43c1691a5c82290b961255f,runplan_655e5cbdd097e7a2,cell_822ff8257433aa2c20ac,housing_v1__experiment__000003,housing_v1,housing_controlled_model_landlords_experiment,episode_attempt_2588516849bd6111a422,a46864379498cdc5b1088706c196217225e12055447393fa5095b6d765d8b7e0,included,housing_social_welfare_leaf,1.0.0,social_welfare,1.0.0,utility,tenant_0,tenant_0,400.28,utility_points,"{""disagreement_utility"":0.0}",ok,valid,[],"[""event_00000235""]",evaluation_receipt,episode_attempt_2588516849bd6111a422,a46864379498cdc5b1088706c196217225e12055447393fa5095b6d765d8b7e0,true
result_60c3b5c8ee564dfda577bb57,runplan_655e5cbdd097e7a2,cell_822ff8257433aa2c20ac,housing_v1__experiment__000003,housing_v1,housing_controlled_model_landlords_experiment,episode_attempt_2588516849bd6111a422,a46864379498cdc5b1088706c196217225e12055447393fa5095b6d765d8b7e0,included,housing_social_welfare_leaf,1.0.0,social_welfare,1.0.0,utility,tenant_1,tenant_1,47.38,utility_points,"{""disagreement_utility"":0.0}",ok,valid,[],"[""event_00000235""]",evaluation_receipt,episode_attempt_2588516849bd6111a422,a46864379498cdc5b1088706c196217225e12055447393fa5095b6d765d8b7e0,true
result_b983b0174bd354572d0b6f55,runplan_655e5cbdd097e7a2,cell_822ff8257433aa2c20ac,housing_v1__experiment__000003,housing_v1,housing_controlled_model_landlords_experiment,episode_attempt_2588516849bd6111a422,a46864379498cdc5b1088706c196217225e12055447393fa5095b6d765d8b7e0,included,housing_social_welfare_leaf,1.0.0,social_welfare,1.0.0,utility,tenant_2,tenant_2,0.0,utility_points,"{""disagreement_utility"":0.0}",ok,valid,[],"[""event_00000235""]",evaluation_receipt,episode_attempt_2588516849bd6111a422,a46864379498cdc5b1088706c196217225e12055447393fa5095b6d765d8b7e0,true
result_3ad63f87e5a921a0a2ef0f76,runplan_655e5cbdd097e7a2,cell_822ff8257433aa2c20ac,housing_v1__experiment__000003,housing_v1,housing_controlled_model_landlords_experiment,episode_attempt_2588516849bd6111a422,a46864379498cdc5b1088706c196217225e12055447393fa5095b6d765d8b7e0,included,housing_social_welfare_leaf,1.0.0,social_welfare,1.0.0,utility,tenant_3,tenant_3,0.0,utility_points,"{""disagreement_utility"":0.0}",ok,valid,[],"[""event_00000235""]",evaluation_receipt,episode_attempt_2588516849bd6111a422,a46864379498cdc5b1088706c196217225e12055447393fa5095b6d765d8b7e0,true
result_0c18828657a0d7f9a95ee49f,runplan_655e5cbdd097e7a2,cell_822ff8257433aa2c20ac,housing_v1__experiment__000003,housing_v1,housing_controlled_model_landlords_experiment,episode_attempt_2588516849bd6111a422,a46864379498cdc5b1088706c196217225e12055447393fa5095b6d765d8b7e0,included,housing_social_welfare_leaf,1.0.0,social_welfare,1.0.0,utility,tenant_4,tenant_4,20.93,utility_points,"{""disagreement_utility"":0.0}",ok,valid,[],"[""event_00000235""]",evaluation_receipt,episode_attempt_2588516849bd6111a422,a46864379498cdc5b1088706c196217225e12055447393fa5095b6d765d8b7e0,true
result_ecf1724217ca375b68732f26,runplan_655e5cbdd097e7a2,cell_822ff8257433aa2c20ac,housing_v1__experiment__000003,housing_v1,housing_controlled_model_landlords_experiment,episode_attempt_2588516849bd6111a422,a46864379498cdc5b1088706c196217225e12055447393fa5095b6d765d8b7e0,included,housing_social_welfare_leaf,1.0.0,social_welfare,1.0.0,utility,tenant_5,tenant_5,292.81,utility_points,"{""disagreement_utility"":0.0}",ok,valid,[],"[""event_00000235""]",evaluation_receipt,episode_attempt_2588516849bd6111a422,a46864379498cdc5b1088706c196217225e12055447393fa5095b6d765d8b7e0,true
result_d95a05baca8bac892ef5d7b5,runplan_655e5cbdd097e7a2,cell_822ff8257433aa2c20ac,housing_v1__experiment__000003,housing_v1,housing_controlled_model_landlords_experiment,episode_attempt_2588516849bd6111a422,a46864379498cdc5b1088706c196217225e12055447393fa5095b6d765d8b7e0,included,housing_social_welfare_leaf,1.0.0,social_welfare,1.0.0,capture,landlord_0,landlord_0,37.85,utility_points,"{""disagreement_utility"":0.0}",ok,valid,[],"[""event_00000235""]",evaluation_receipt,episode_attempt_2588516849bd6111a422,a46864379498cdc5b1088706c196217225e12055447393fa5095b6d765d8b7e0,true
result_d62b8ccab7fcdd26c07d93ce,runplan_655e5cbdd097e7a2,cell_822ff8257433aa2c20ac,housing_v1__experiment__000003,housing_v1,housing_controlled_model_landlords_experiment,episode_attempt_2588516849bd6111a422,a46864379498cdc5b1088706c196217225e12055447393fa5095b6d765d8b7e0,included,housing_social_welfare_leaf,1.0.0,social_welfare,1.0.0,capture,landlord_1,landlord_1,66.45,utility_points,"{""disagreement_utility"":0.0}",ok,valid,[],"[""event_00000235""]",evaluation_receipt,episode_attempt_2588516849bd6111a422,a46864379498cdc5b1088706c196217225e12055447393fa5095b6d765d8b7e0,true
result_f50f9b5f8e40878e11b494a7,runplan_655e5cbdd097e7a2,cell_822ff8257433aa2c20ac,housing_v1__experiment__000003,housing_v1,housing_controlled_model_landlords_experiment,episode_attempt_2588516849bd6111a422,a46864379498cdc5b1088706c196217225e12055447393fa5095b6d765d8b7e0,included,housing_social_welfare_leaf,1.0.0,social_welfare,1.0.0,capture,landlord_2,landlord_2,76.96,utility_points,"{""disagreement_utility"":0.0}",ok,valid,[],"[""event_00000235""]",evaluation_receipt,episode_attempt_2588516849bd6111a422,a46864379498cdc5b1088706c196217225e12055447393fa5095b6d765d8b7e0,true
result_62daf24f649e5919dedfa01d,runplan_655e5cbdd097e7a2,cell_822ff8257433aa2c20ac,housing_v1__experiment__000003,housing_v1,housing_controlled_model_landlords_experiment,episode_attempt_2588516849bd6111a422,a46864379498cdc5b1088706c196217225e12055447393fa5095b6d765d8b7e0,included,housing_social_welfare_leaf,1.0.0,social_welfare,1.0.0,capture,landlord_3,landlord_3,54.11,utility_points,"{""disagreement_utility"":0.0}",ok,valid,[],"[""event_00000235""]",evaluation_receipt,episode_attempt_2588516849bd6111a422,a46864379498cdc5b1088706c196217225e12055447393fa5095b6d765d8b7e0,true
result_b4a18c9553198270cc4053c9,runplan_655e5cbdd097e7a2,cell_822ff8257433aa2c20ac,housing_v1__experiment__000003,housing_v1,housing_controlled_model_landlords_experiment,episode_attempt_2588516849bd6111a422,a46864379498cdc5b1088706c196217225e12055447393fa5095b6d765d8b7e0,included,housing_social_welfare_leaf,1.0.0,social_welfare,1.0.0,capture,tenant_0,tenant_0,400.28,utility_points,"{""disagreement_utility"":0.0}",ok,valid,[],"[""event_00000235""]",evaluation_receipt,episode_attempt_2588516849bd6111a422,a46864379498cdc5b1088706c196217225e12055447393fa5095b6d765d8b7e0,true
result_7989f8fe16d7349a0e0cc6b5,runplan_655e5cbdd097e7a2,cell_822ff8257433aa2c20ac,housing_v1__experiment__000003,housing_v1,housing_controlled_model_landlords_experiment,episode_attempt_2588516849bd6111a422,a46864379498cdc5b1088706c196217225e12055447393fa5095b6d765d8b7e0,included,housing_social_welfare_leaf,1.0.0,social_welfare,1.0.0,capture,tenant_1,tenant_1,47.38,utility_points,"{""disagreement_utility"":0.0}",ok,valid,[],"[""event_00000235""]",evaluation_receipt,episode_attempt_2588516849bd6111a422,a46864379498cdc5b1088706c196217225e12055447393fa5095b6d765d8b7e0,true
result_8915eca8fab3586988e4ce24,runplan_655e5cbdd097e7a2,cell_822ff8257433aa2c20ac,housing_v1__experiment__000003,housing_v1,housing_controlled_model_landlords_experiment,episode_attempt_2588516849bd6111a422,a46864379498cdc5b1088706c196217225e12055447393fa5095b6d765d8b7e0,included,housing_social_welfare_leaf,1.0.0,social_welfare,1.0.0,capture,tenant_2,tenant_2,0.0,utility_points,"{""disagreement_utility"":0.0}",ok,valid,[],"[""event_00000235""]",evaluation_receipt,episode_attempt_2588516849bd6111a422,a46864379498cdc5b1088706c196217225e12055447393fa5095b6d765d8b7e0,true
result_a8ccc756db7ec1ac5d7100cd,runplan_655e5cbdd097e7a2,cell_822ff8257433aa2c20ac,housing_v1__experiment__000003,housing_v1,housing_controlled_model_landlords_experiment,episode_attempt_2588516849bd6111a422,a46864379498cdc5b1088706c196217225e12055447393fa5095b6d765d8b7e0,included,housing_social_welfare_leaf,1.0.0,social_welfare,1.0.0,capture,tenant_3,tenant_3,0.0,utility_points,"{""disagreement_utility"":0.0}",ok,valid,[],"[""event_00000235""]",evaluation_receipt,episode_attempt_2588516849bd6111a422,a46864379498cdc5b1088706c196217225e12055447393fa5095b6d765d8b7e0,true
result_90f34d7ba0ae952ead618eb0,runplan_655e5cbdd097e7a2,cell_822ff8257433aa2c20ac,housing_v1__experiment__000003,housing_v1,housing_controlled_model_landlords_experiment,episode_attempt_2588516849bd6111a422,a46864379498cdc5b1088706c196217225e12055447393fa5095b6d765d8b7e0,included,housing_social_welfare_leaf,1.0.0,social_welfare,1.0.0,capture,tenant_4,tenant_4,20.93,utility_points,"{""disagreement_utility"":0.0}",ok,valid,[],"[""event_00000235""]",evaluation_receipt,episode_attempt_2588516849bd6111a422,a46864379498cdc5b1088706c196217225e12055447393fa5095b6d765d8b7e0,true
result_28550f6f034a23d84a9b1e6a,runplan_655e5cbdd097e7a2,cell_822ff8257433aa2c20ac,housing_v1__experiment__000003,housing_v1,housing_controlled_model_landlords_experiment,episode_attempt_2588516849bd6111a422,a46864379498cdc5b1088706c196217225e12055447393fa5095b6d765d8b7e0,included,housing_social_welfare_leaf,1.0.0,social_welfare,1.0.0,capture,tenant_5,tenant_5,292.81,utility_points,"{""disagreement_utility"":0.0}",ok,valid,[],"[""event_00000235""]",evaluation_receipt,episode_attempt_2588516849bd6111a422,a46864379498cdc5b1088706c196217225e12055447393fa5095b6d765d8b7e0,true
result_4d98f677dc7074feb5cb9e30,runplan_655e5cbdd097e7a2,cell_8dc62d6b3405b8f877a2,housing_v1__experiment__000007,housing_v1,housing_controlled_model_landlords_experiment,episode_attempt_2c209b72e100698acfc3,2c24665e94561a31bb93ff73c6e29dbeee8b31cd3bdc568caffcb8108574e167,included,housing_social_welfare_leaf,1.0.0,social_welfare,1.0.0,primary,social_welfare,,1197.94,utility_points,{},ok,valid,[],"[""event_00000235""]",evaluation_receipt,episode_attempt_2c209b72e100698acfc3,2c24665e94561a31bb93ff73c6e29dbeee8b31cd3bdc568caffcb8108574e167,true
result_4e23101967516d2f17825d61,runplan_655e5cbdd097e7a2,cell_8dc62d6b3405b8f877a2,housing_v1__experiment__000007,housing_v1,housing_controlled_model_landlords_experiment,episode_attempt_2c209b72e100698acfc3,2c24665e94561a31bb93ff73c6e29dbeee8b31cd3bdc568caffcb8108574e167,included,housing_social_welfare_leaf,1.0.0,social_welfare,1.0.0,metric,comparison_baseline_gap,,89.74000000000001,utility_points,{},ok,valid,[],"[""event_00000235""]",evaluation_receipt,episode_attempt_2c209b72e100698acfc3,2c24665e94561a31bb93ff73c6e29dbeee8b31cd3bdc568caffcb8108574e167,true
result_0496e1912f5f25f20d3d9789,runplan_655e5cbdd097e7a2,cell_8dc62d6b3405b8f877a2,housing_v1__experiment__000007,housing_v1,housing_controlled_model_landlords_experiment,episode_attempt_2c209b72e100698acfc3,2c24665e94561a31bb93ff73c6e29dbeee8b31cd3bdc568caffcb8108574e167,included,housing_social_welfare_leaf,1.0.0,social_welfare,1.0.0,metric,ir_violation_count,,0.0,count,{},ok,valid,[],"[""event_00000235""]",evaluation_receipt,episode_attempt_2c209b72e100698acfc3,2c24665e94561a31bb93ff73c6e29dbeee8b31cd3bdc568caffcb8108574e167,true
result_44533336dc8ba6b566608907,runplan_655e5cbdd097e7a2,cell_8dc62d6b3405b8f877a2,housing_v1__experiment__000007,housing_v1,housing_controlled_model_landlords_experiment,episode_attempt_2c209b72e100698acfc3,2c24665e94561a31bb93ff73c6e29dbeee8b31cd3bdc568caffcb8108574e167,included,housing_social_welfare_leaf,1.0.0,social_welfare,1.0.0,metric,social_welfare,,1197.94,utility_points,{},ok,valid,[],"[""event_00000235""]",evaluation_receipt,episode_attempt_2c209b72e100698acfc3,2c24665e94561a31bb93ff73c6e29dbeee8b31cd3bdc568caffcb8108574e167,true
result_c82b9b385ed199fc3417455f,runplan_655e5cbdd097e7a2,cell_8dc62d6b3405b8f877a2,housing_v1__experiment__000007,housing_v1,housing_controlled_model_landlords_experiment,episode_attempt_2c209b72e100698acfc3,2c24665e94561a31bb93ff73c6e29dbeee8b31cd3bdc568caffcb8108574e167,included,housing_social_welfare_leaf,1.0.0,social_welfare,1.0.0,metric,upper_bound_gap,,126.66999999999985,utility_points,{},ok,valid,[],"[""event_00000235""]",evaluation_receipt,episode_attempt_2c209b72e100698acfc3,2c24665e94561a31bb93ff73c6e29dbeee8b31cd3bdc568caffcb8108574e167,true
result_bcaeb1be1c951f398bc00dd6,runplan_655e5cbdd097e7a2,cell_8dc62d6b3405b8f877a2,housing_v1__experiment__000007,housing_v1,housing_controlled_model_landlords_experiment,episode_attempt_2c209b72e100698acfc3,2c24665e94561a31bb93ff73c6e29dbeee8b31cd3bdc568caffcb8108574e167,included,housing_social_welfare_leaf,1.0.0,social_welfare,1.0.0,metric,wasted_contacts,,6.0,count,{},ok,valid,[],"[""event_00000235""]",evaluation_receipt,episode_attempt_2c209b72e100698acfc3,2c24665e94561a31bb93ff73c6e29dbeee8b31cd3bdc568caffcb8108574e167,true
result_16813181bf2310c0e1dbbd55,runplan_655e5cbdd097e7a2,cell_8dc62d6b3405b8f877a2,housing_v1__experiment__000007,housing_v1,housing_controlled_model_landlords_experiment,episode_attempt_2c209b72e100698acfc3,2c24665e94561a31bb93ff73c6e29dbeee8b31cd3bdc568caffcb8108574e167,included,housing_social_welfare_leaf,1.0.0,social_welfare,1.0.0,metric,within_case_score,,0.9043718528472533,ratio,{},ok,valid,[],"[""event_00000235""]",evaluation_receipt,episode_attempt_2c209b72e100698acfc3,2c24665e94561a31bb93ff73c6e29dbeee8b31cd3bdc568caffcb8108574e167,true
result_28baff83e437f6337a024a49,runplan_655e5cbdd097e7a2,cell_8dc62d6b3405b8f877a2,housing_v1__experiment__000007,housing_v1,housing_controlled_model_landlords_experiment,episode_attempt_2c209b72e100698acfc3,2c24665e94561a31bb93ff73c6e29dbeee8b31cd3bdc568caffcb8108574e167,included,housing_social_welfare_leaf,1.0.0,social_welfare,1.0.0,reference,comparison_baseline,,1108.2,utility_points,"{""policy"":""naive"",""reference_kind"":""comparison_baseline""}",ok,valid,[],"[""event_00000235""]",evaluation_receipt,episode_attempt_2c209b72e100698acfc3,2c24665e94561a31bb93ff73c6e29dbeee8b31cd3bdc568caffcb8108574e167,true
result_bd5d5f92dcae350da71a661c,runplan_655e5cbdd097e7a2,cell_8dc62d6b3405b8f877a2,housing_v1__experiment__000007,housing_v1,housing_controlled_model_landlords_experiment,episode_attempt_2c209b72e100698acfc3,2c24665e94561a31bb93ff73c6e29dbeee8b31cd3bdc568caffcb8108574e167,included,housing_social_welfare_leaf,1.0.0,social_welfare,1.0.0,reference,optimum_lower_bound,,0.0,utility_points,"{""policy"":""do_nothing"",""reference_kind"":""objective_lower_bound""}",ok,valid,[],"[""event_00000235""]",evaluation_receipt,episode_attempt_2c209b72e100698acfc3,2c24665e94561a31bb93ff73c6e29dbeee8b31cd3bdc568caffcb8108574e167,true
result_baac5f4e48be7494494815c5,runplan_655e5cbdd097e7a2,cell_8dc62d6b3405b8f877a2,housing_v1__experiment__000007,housing_v1,housing_controlled_model_landlords_experiment,episode_attempt_2c209b72e100698acfc3,2c24665e94561a31bb93ff73c6e29dbeee8b31cd3bdc568caffcb8108574e167,included,housing_social_welfare_leaf,1.0.0,social_welfare,1.0.0,reference,optimum_upper_bound,,1324.61,utility_points,"{""reference_kind"":""objective_upper_bound"",""semantics"":""full_information_allocation_relaxation""}",ok,valid,[],"[""event_00000235""]",evaluation_receipt,episode_attempt_2c209b72e100698acfc3,2c24665e94561a31bb93ff73c6e29dbeee8b31cd3bdc568caffcb8108574e167,true
result_a9f9cf47b816695016b9e088,runplan_655e5cbdd097e7a2,cell_8dc62d6b3405b8f877a2,housing_v1__experiment__000007,housing_v1,housing_controlled_model_landlords_experiment,episode_attempt_2c209b72e100698acfc3,2c24665e94561a31bb93ff73c6e29dbeee8b31cd3bdc568caffcb8108574e167,included,housing_social_welfare_leaf,1.0.0,social_welfare,1.0.0,utility,landlord_0,landlord_0,58.64,utility_points,"{""disagreement_utility"":0.0}",ok,valid,[],"[""event_00000235""]",evaluation_receipt,episode_attempt_2c209b72e100698acfc3,2c24665e94561a31bb93ff73c6e29dbeee8b31cd3bdc568caffcb8108574e167,true
result_229abdb531872c2f309a8cb1,runplan_655e5cbdd097e7a2,cell_8dc62d6b3405b8f877a2,housing_v1__experiment__000007,housing_v1,housing_controlled_model_landlords_experiment,episode_attempt_2c209b72e100698acfc3,2c24665e94561a31bb93ff73c6e29dbeee8b31cd3bdc568caffcb8108574e167,included,housing_social_welfare_leaf,1.0.0,social_welfare,1.0.0,utility,landlord_1,landlord_1,26.68,utility_points,"{""disagreement_utility"":0.0}",ok,valid,[],"[""event_00000235""]",evaluation_receipt,episode_attempt_2c209b72e100698acfc3,2c24665e94561a31bb93ff73c6e29dbeee8b31cd3bdc568caffcb8108574e167,true
result_48938fd2ba7e51b287f40292,runplan_655e5cbdd097e7a2,cell_8dc62d6b3405b8f877a2,housing_v1__experiment__000007,housing_v1,housing_controlled_model_landlords_experiment,episode_attempt_2c209b72e100698acfc3,2c24665e94561a31bb93ff73c6e29dbeee8b31cd3bdc568caffcb8108574e167,included,housing_social_welfare_leaf,1.0.0,social_welfare,1.0.0,utility,landlord_2,landlord_2,38.42,utility_points,"{""disagreement_utility"":0.0}",ok,valid,[],"[""event_00000235""]",evaluation_receipt,episode_attempt_2c209b72e100698acfc3,2c24665e94561a31bb93ff73c6e29dbeee8b31cd3bdc568caffcb8108574e167,true
result_8c009fcda7738ec931b43682,runplan_655e5cbdd097e7a2,cell_8dc62d6b3405b8f877a2,housing_v1__experiment__000007,housing_v1,housing_controlled_model_landlords_experiment,episode_attempt_2c209b72e100698acfc3,2c24665e94561a31bb93ff73c6e29dbeee8b31cd3bdc568caffcb8108574e167,included,housing_social_welfare_leaf,1.0.0,social_welfare,1.0.0,utility,landlord_3,landlord_3,474.7,utility_points,"{""disagreement_utility"":0.0}",ok,valid,[],"[""event_00000235""]",evaluation_receipt,episode_attempt_2c209b72e100698acfc3,2c24665e94561a31bb93ff73c6e29dbeee8b31cd3bdc568caffcb8108574e167,true
result_de2d8dbc59cdbe7dabbf5385,runplan_655e5cbdd097e7a2,cell_8dc62d6b3405b8f877a2,housing_v1__experiment__000007,housing_v1,housing_controlled_model_landlords_experiment,episode_attempt_2c209b72e100698acfc3,2c24665e94561a31bb93ff73c6e29dbeee8b31cd3bdc568caffcb8108574e167,included,housing_social_welfare_leaf,1.0.0,social_welfare,1.0.0,utility,tenant_0,tenant_0,0.0,utility_points,"{""disagreement_utility"":0.0}",ok,valid,[],"[""event_00000235""]",evaluation_receipt,episode_attempt_2c209b72e100698acfc3,2c24665e94561a31bb93ff73c6e29dbeee8b31cd3bdc568caffcb8108574e167,true
result_66e3d559e0747455c23b11d1,runplan_655e5cbdd097e7a2,cell_8dc62d6b3405b8f877a2,housing_v1__experiment__000007,housing_v1,housing_controlled_model_landlords_experiment,episode_attempt_2c209b72e100698acfc3,2c24665e94561a31bb93ff73c6e29dbeee8b31cd3bdc568caffcb8108574e167,included,housing_social_welfare_leaf,1.0.0,social_welfare,1.0.0,utility,tenant_1,tenant_1,393.61,utility_points,"{""disagreement_utility"":0.0}",ok,valid,[],"[""event_00000235""]",evaluation_receipt,episode_attempt_2c209b72e100698acfc3,2c24665e94561a31bb93ff73c6e29dbeee8b31cd3bdc568caffcb8108574e167,true
result_5ef9bae2b58e20d89050208e,runplan_655e5cbdd097e7a2,cell_8dc62d6b3405b8f877a2,housing_v1__experiment__000007,housing_v1,housing_controlled_model_landlords_experiment,episode_attempt_2c209b72e100698acfc3,2c24665e94561a31bb93ff73c6e29dbeee8b31cd3bdc568caffcb8108574e167,included,housing_social_welfare_leaf,1.0.0,social_welfare,1.0.0,utility,tenant_2,tenant_2,0.0,utility_points,"{""disagreement_utility"":0.0}",ok,valid,[],"[""event_00000235""]",evaluation_receipt,episode_attempt_2c209b72e100698acfc3,2c24665e94561a31bb93ff73c6e29dbeee8b31cd3bdc568caffcb8108574e167,true
result_3e462380a40fef98bff64626,runplan_655e5cbdd097e7a2,cell_8dc62d6b3405b8f877a2,housing_v1__experiment__000007,housing_v1,housing_controlled_model_landlords_experiment,episode_attempt_2c209b72e100698acfc3,2c24665e94561a31bb93ff73c6e29dbeee8b31cd3bdc568caffcb8108574e167,included,housing_social_welfare_leaf,1.0.0,social_welfare,1.0.0,utility,tenant_3,tenant_3,29.22,utility_points,"{""disagreement_utility"":0.0}",ok,valid,[],"[""event_00000235""]",evaluation_receipt,episode_attempt_2c209b72e100698acfc3,2c24665e94561a31bb93ff73c6e29dbeee8b31cd3bdc568caffcb8108574e167,true
result_95b0dfb2451f5f32767d8eb3,runplan_655e5cbdd097e7a2,cell_8dc62d6b3405b8f877a2,housing_v1__experiment__000007,housing_v1,housing_controlled_model_landlords_experiment,episode_attempt_2c209b72e100698acfc3,2c24665e94561a31bb93ff73c6e29dbeee8b31cd3bdc568caffcb8108574e167,included,housing_social_welfare_leaf,1.0.0,social_welfare,1.0.0,utility,tenant_4,tenant_4,1.06,utility_points,"{""disagreement_utility"":0.0}",ok,valid,[],"[""event_00000235""]",evaluation_receipt,episode_attempt_2c209b72e100698acfc3,2c24665e94561a31bb93ff73c6e29dbeee8b31cd3bdc568caffcb8108574e167,true
result_9bc72ea93ec0d90ab546080f,runplan_655e5cbdd097e7a2,cell_8dc62d6b3405b8f877a2,housing_v1__experiment__000007,housing_v1,housing_controlled_model_landlords_experiment,episode_attempt_2c209b72e100698acfc3,2c24665e94561a31bb93ff73c6e29dbeee8b31cd3bdc568caffcb8108574e167,included,housing_social_welfare_leaf,1.0.0,social_welfare,1.0.0,utility,tenant_5,tenant_5,175.61,utility_points,"{""disagreement_utility"":0.0}",ok,valid,[],"[""event_00000235""]",evaluation_receipt,episode_attempt_2c209b72e100698acfc3,2c24665e94561a31bb93ff73c6e29dbeee8b31cd3bdc568caffcb8108574e167,true
result_9fe6be235cb92065835126ec,runplan_655e5cbdd097e7a2,cell_8dc62d6b3405b8f877a2,housing_v1__experiment__000007,housing_v1,housing_controlled_model_landlords_experiment,episode_attempt_2c209b72e100698acfc3,2c24665e94561a31bb93ff73c6e29dbeee8b31cd3bdc568caffcb8108574e167,included,housing_social_welfare_leaf,1.0.0,social_welfare,1.0.0,capture,landlord_0,landlord_0,58.64,utility_points,"{""disagreement_utility"":0.0}",ok,valid,[],"[""event_00000235""]",evaluation_receipt,episode_attempt_2c209b72e100698acfc3,2c24665e94561a31bb93ff73c6e29dbeee8b31cd3bdc568caffcb8108574e167,true
result_913844ec2706d60a1ef2661c,runplan_655e5cbdd097e7a2,cell_8dc62d6b3405b8f877a2,housing_v1__experiment__000007,housing_v1,housing_controlled_model_landlords_experiment,episode_attempt_2c209b72e100698acfc3,2c24665e94561a31bb93ff73c6e29dbeee8b31cd3bdc568caffcb8108574e167,included,housing_social_welfare_leaf,1.0.0,social_welfare,1.0.0,capture,landlord_1,landlord_1,26.68,utility_points,"{""disagreement_utility"":0.0}",ok,valid,[],"[""event_00000235""]",evaluation_receipt,episode_attempt_2c209b72e100698acfc3,2c24665e94561a31bb93ff73c6e29dbeee8b31cd3bdc568caffcb8108574e167,true
result_c813ef6c65924b40be00f342,runplan_655e5cbdd097e7a2,cell_8dc62d6b3405b8f877a2,housing_v1__experiment__000007,housing_v1,housing_controlled_model_landlords_experiment,episode_attempt_2c209b72e100698acfc3,2c24665e94561a31bb93ff73c6e29dbeee8b31cd3bdc568caffcb8108574e167,included,housing_social_welfare_leaf,1.0.0,social_welfare,1.0.0,capture,landlord_2,landlord_2,38.42,utility_points,"{""disagreement_utility"":0.0}",ok,valid,[],"[""event_00000235""]",evaluation_receipt,episode_attempt_2c209b72e100698acfc3,2c24665e94561a31bb93ff73c6e29dbeee8b31cd3bdc568caffcb8108574e167,true
result_62dcd65aba8c5fb1a84e5d34,runplan_655e5cbdd097e7a2,cell_8dc62d6b3405b8f877a2,housing_v1__experiment__000007,housing_v1,housing_controlled_model_landlords_experiment,episode_attempt_2c209b72e100698acfc3,2c24665e94561a31bb93ff73c6e29dbeee8b31cd3bdc568caffcb8108574e167,included,housing_social_welfare_leaf,1.0.0,social_welfare,1.0.0,capture,landlord_3,landlord_3,474.7,utility_points,"{""disagreement_utility"":0.0}",ok,valid,[],"[""event_00000235""]",evaluation_receipt,episode_attempt_2c209b72e100698acfc3,2c24665e94561a31bb93ff73c6e29dbeee8b31cd3bdc568caffcb8108574e167,true
result_22c5bc27dd35eead05766352,runplan_655e5cbdd097e7a2,cell_8dc62d6b3405b8f877a2,housing_v1__experiment__000007,housing_v1,housing_controlled_model_landlords_experiment,episode_attempt_2c209b72e100698acfc3,2c24665e94561a31bb93ff73c6e29dbeee8b31cd3bdc568caffcb8108574e167,included,housing_social_welfare_leaf,1.0.0,social_welfare,1.0.0,capture,tenant_0,tenant_0,0.0,utility_points,"{""disagreement_utility"":0.0}",ok,valid,[],"[""event_00000235""]",evaluation_receipt,episode_attempt_2c209b72e100698acfc3,2c24665e94561a31bb93ff73c6e29dbeee8b31cd3bdc568caffcb8108574e167,true
result_94d6f7fe5deaab742c092e08,runplan_655e5cbdd097e7a2,cell_8dc62d6b3405b8f877a2,housing_v1__experiment__000007,housing_v1,housing_controlled_model_landlords_experiment,episode_attempt_2c209b72e100698acfc3,2c24665e94561a31bb93ff73c6e29dbeee8b31cd3bdc568caffcb8108574e167,included,housing_social_welfare_leaf,1.0.0,social_welfare,1.0.0,capture,tenant_1,tenant_1,393.61,utility_points,"{""disagreement_utility"":0.0}",ok,valid,[],"[""event_00000235""]",evaluation_receipt,episode_attempt_2c209b72e100698acfc3,2c24665e94561a31bb93ff73c6e29dbeee8b31cd3bdc568caffcb8108574e167,true
result_e24a1e7e534acc505a4cc22a,runplan_655e5cbdd097e7a2,cell_8dc62d6b3405b8f877a2,housing_v1__experiment__000007,housing_v1,housing_controlled_model_landlords_experiment,episode_attempt_2c209b72e100698acfc3,2c24665e94561a31bb93ff73c6e29dbeee8b31cd3bdc568caffcb8108574e167,included,housing_social_welfare_leaf,1.0.0,social_welfare,1.0.0,capture,tenant_2,tenant_2,0.0,utility_points,"{""disagreement_utility"":0.0}",ok,valid,[],"[""event_00000235""]",evaluation_receipt,episode_attempt_2c209b72e100698acfc3,2c24665e94561a31bb93ff73c6e29dbeee8b31cd3bdc568caffcb8108574e167,true
result_2833b23db5416bf6d7b7a5e3,runplan_655e5cbdd097e7a2,cell_8dc62d6b3405b8f877a2,housing_v1__experiment__000007,housing_v1,housing_controlled_model_landlords_experiment,episode_attempt_2c209b72e100698acfc3,2c24665e94561a31bb93ff73c6e29dbeee8b31cd3bdc568caffcb8108574e167,included,housing_social_welfare_leaf,1.0.0,social_welfare,1.0.0,capture,tenant_3,tenant_3,29.22,utility_points,"{""disagreement_utility"":0.0}",ok,valid,[],"[""event_00000235""]",evaluation_receipt,episode_attempt_2c209b72e100698acfc3,2c24665e94561a31bb93ff73c6e29dbeee8b31cd3bdc568caffcb8108574e167,true
result_8b754a064fe62bc064b93af2,runplan_655e5cbdd097e7a2,cell_8dc62d6b3405b8f877a2,housing_v1__experiment__000007,housing_v1,housing_controlled_model_landlords_experiment,episode_attempt_2c209b72e100698acfc3,2c24665e94561a31bb93ff73c6e29dbeee8b31cd3bdc568caffcb8108574e167,included,housing_social_welfare_leaf,1.0.0,social_welfare,1.0.0,capture,tenant_4,tenant_4,1.06,utility_points,"{""disagreement_utility"":0.0}",ok,valid,[],"[""event_00000235""]",evaluation_receipt,episode_attempt_2c209b72e100698acfc3,2c24665e94561a31bb93ff73c6e29dbeee8b31cd3bdc568caffcb8108574e167,true
result_09e7bcac9d42b2703854e64f,runplan_655e5cbdd097e7a2,cell_8dc62d6b3405b8f877a2,housing_v1__experiment__000007,housing_v1,housing_controlled_model_landlords_experiment,episode_attempt_2c209b72e100698acfc3,2c24665e94561a31bb93ff73c6e29dbeee8b31cd3bdc568caffcb8108574e167,included,housing_social_welfare_leaf,1.0.0,social_welfare,1.0.0,capture,tenant_5,tenant_5,175.61,utility_points,"{""disagreement_utility"":0.0}",ok,valid,[],"[""event_00000235""]",evaluation_receipt,episode_attempt_2c209b72e100698acfc3,2c24665e94561a31bb93ff73c6e29dbeee8b31cd3bdc568caffcb8108574e167,true
result_1cf2c7b2c8a684b85a8301e9,runplan_655e5cbdd097e7a2,cell_a1fd899747db4f3b5b29,housing_v1__experiment__000005,housing_v1,housing_controlled_model_landlords_experiment,episode_attempt_932ed8f4304dc4bde5c2,a5c5008785c311fe2a7d0812945fc5bea84009e278f749a1f4f2bec4dade008d,included,housing_social_welfare_leaf,1.0.0,social_welfare,1.0.0,primary,social_welfare,,1239.34,utility_points,{},ok,valid,[],"[""event_00000227""]",evaluation_receipt,episode_attempt_932ed8f4304dc4bde5c2,a5c5008785c311fe2a7d0812945fc5bea84009e278f749a1f4f2bec4dade008d,true
result_2eb7d83e878a22991bedf110,runplan_655e5cbdd097e7a2,cell_a1fd899747db4f3b5b29,housing_v1__experiment__000005,housing_v1,housing_controlled_model_landlords_experiment,episode_attempt_932ed8f4304dc4bde5c2,a5c5008785c311fe2a7d0812945fc5bea84009e278f749a1f4f2bec4dade008d,included,housing_social_welfare_leaf,1.0.0,social_welfare,1.0.0,metric,comparison_baseline_gap,,7.569999999999936,utility_points,{},ok,valid,[],"[""event_00000227""]",evaluation_receipt,episode_attempt_932ed8f4304dc4bde5c2,a5c5008785c311fe2a7d0812945fc5bea84009e278f749a1f4f2bec4dade008d,true
result_3cc5fb2868be3864b5e684c9,runplan_655e5cbdd097e7a2,cell_a1fd899747db4f3b5b29,housing_v1__experiment__000005,housing_v1,housing_controlled_model_landlords_experiment,episode_attempt_932ed8f4304dc4bde5c2,a5c5008785c311fe2a7d0812945fc5bea84009e278f749a1f4f2bec4dade008d,included,housing_social_welfare_leaf,1.0.0,social_welfare,1.0.0,metric,ir_violation_count,,0.0,count,{},ok,valid,[],"[""event_00000227""]",evaluation_receipt,episode_attempt_932ed8f4304dc4bde5c2,a5c5008785c311fe2a7d0812945fc5bea84009e278f749a1f4f2bec4dade008d,true
result_1cacee50345b4369091fb02b,runplan_655e5cbdd097e7a2,cell_a1fd899747db4f3b5b29,housing_v1__experiment__000005,housing_v1,housing_controlled_model_landlords_experiment,episode_attempt_932ed8f4304dc4bde5c2,a5c5008785c311fe2a7d0812945fc5bea84009e278f749a1f4f2bec4dade008d,included,housing_social_welfare_leaf,1.0.0,social_welfare,1.0.0,metric,social_welfare,,1239.34,utility_points,{},ok,valid,[],"[""event_00000227""]",evaluation_receipt,episode_attempt_932ed8f4304dc4bde5c2,a5c5008785c311fe2a7d0812945fc5bea84009e278f749a1f4f2bec4dade008d,true
result_0c07ea4bf7d96a546c9d883e,runplan_655e5cbdd097e7a2,cell_a1fd899747db4f3b5b29,housing_v1__experiment__000005,housing_v1,housing_controlled_model_landlords_experiment,episode_attempt_932ed8f4304dc4bde5c2,a5c5008785c311fe2a7d0812945fc5bea84009e278f749a1f4f2bec4dade008d,included,housing_social_welfare_leaf,1.0.0,social_welfare,1.0.0,metric,upper_bound_gap,,109.45000000000005,utility_points,{},ok,valid,[],"[""event_00000227""]",evaluation_receipt,episode_attempt_932ed8f4304dc4bde5c2,a5c5008785c311fe2a7d0812945fc5bea84009e278f749a1f4f2bec4dade008d,true
result_be7ed74e7e6d8a7d4f2e0bc5,runplan_655e5cbdd097e7a2,cell_a1fd899747db4f3b5b29,housing_v1__experiment__000005,housing_v1,housing_controlled_model_landlords_experiment,episode_attempt_932ed8f4304dc4bde5c2,a5c5008785c311fe2a7d0812945fc5bea84009e278f749a1f4f2bec4dade008d,included,housing_social_welfare_leaf,1.0.0,social_welfare,1.0.0,metric,wasted_contacts,,7.0,count,{},ok,valid,[],"[""event_00000227""]",evaluation_receipt,episode_attempt_932ed8f4304dc4bde5c2,a5c5008785c311fe2a7d0812945fc5bea84009e278f749a1f4f2bec4dade008d,true
result_2ec5ba6f906faf4274466b47,runplan_655e5cbdd097e7a2,cell_a1fd899747db4f3b5b29,housing_v1__experiment__000005,housing_v1,housing_controlled_model_landlords_experiment,episode_attempt_932ed8f4304dc4bde5c2,a5c5008785c311fe2a7d0812945fc5bea84009e278f749a1f4f2bec4dade008d,included,housing_social_welfare_leaf,1.0.0,social_welfare,1.0.0,metric,within_case_score,,0.9188531943445607,ratio,{},ok,valid,[],"[""event_00000227""]",evaluation_receipt,episode_attempt_932ed8f4304dc4bde5c2,a5c5008785c311fe2a7d0812945fc5bea84009e278f749a1f4f2bec4dade008d,true
result_514bf65602bd55b818d71460,runplan_655e5cbdd097e7a2,cell_a1fd899747db4f3b5b29,housing_v1__experiment__000005,housing_v1,housing_controlled_model_landlords_experiment,episode_attempt_932ed8f4304dc4bde5c2,a5c5008785c311fe2a7d0812945fc5bea84009e278f749a1f4f2bec4dade008d,included,housing_social_welfare_leaf,1.0.0,social_welfare,1.0.0,reference,comparison_baseline,,1231.77,utility_points,"{""policy"":""naive"",""reference_kind"":""comparison_baseline""}",ok,valid,[],"[""event_00000227""]",evaluation_receipt,episode_attempt_932ed8f4304dc4bde5c2,a5c5008785c311fe2a7d0812945fc5bea84009e278f749a1f4f2bec4dade008d,true
result_911bff9309043f1144a65872,runplan_655e5cbdd097e7a2,cell_a1fd899747db4f3b5b29,housing_v1__experiment__000005,housing_v1,housing_controlled_model_landlords_experiment,episode_attempt_932ed8f4304dc4bde5c2,a5c5008785c311fe2a7d0812945fc5bea84009e278f749a1f4f2bec4dade008d,included,housing_social_welfare_leaf,1.0.0,social_welfare,1.0.0,reference,optimum_lower_bound,,0.0,utility_points,"{""policy"":""do_nothing"",""reference_kind"":""objective_lower_bound""}",ok,valid,[],"[""event_00000227""]",evaluation_receipt,episode_attempt_932ed8f4304dc4bde5c2,a5c5008785c311fe2a7d0812945fc5bea84009e278f749a1f4f2bec4dade008d,true
result_ebe39f2cbaae3ca459288b30,runplan_655e5cbdd097e7a2,cell_a1fd899747db4f3b5b29,housing_v1__experiment__000005,housing_v1,housing_controlled_model_landlords_experiment,episode_attempt_932ed8f4304dc4bde5c2,a5c5008785c311fe2a7d0812945fc5bea84009e278f749a1f4f2bec4dade008d,included,housing_social_welfare_leaf,1.0.0,social_welfare,1.0.0,reference,optimum_upper_bound,,1348.79,utility_points,"{""reference_kind"":""objective_upper_bound"",""semantics"":""full_information_allocation_relaxation""}",ok,valid,[],"[""event_00000227""]",evaluation_receipt,episode_attempt_932ed8f4304dc4bde5c2,a5c5008785c311fe2a7d0812945fc5bea84009e278f749a1f4f2bec4dade008d,true
result_0d01df8257c4a4e2408796f6,runplan_655e5cbdd097e7a2,cell_a1fd899747db4f3b5b29,housing_v1__experiment__000005,housing_v1,housing_controlled_model_landlords_experiment,episode_attempt_932ed8f4304dc4bde5c2,a5c5008785c311fe2a7d0812945fc5bea84009e278f749a1f4f2bec4dade008d,included,housing_social_welfare_leaf,1.0.0,social_welfare,1.0.0,utility,landlord_0,landlord_0,162.29,utility_points,"{""disagreement_utility"":0.0}",ok,valid,[],"[""event_00000227""]",evaluation_receipt,episode_attempt_932ed8f4304dc4bde5c2,a5c5008785c311fe2a7d0812945fc5bea84009e278f749a1f4f2bec4dade008d,true
result_c974facdf634a7eeb789ea1d,runplan_655e5cbdd097e7a2,cell_a1fd899747db4f3b5b29,housing_v1__experiment__000005,housing_v1,housing_controlled_model_landlords_experiment,episode_attempt_932ed8f4304dc4bde5c2,a5c5008785c311fe2a7d0812945fc5bea84009e278f749a1f4f2bec4dade008d,included,housing_social_welfare_leaf,1.0.0,social_welfare,1.0.0,utility,landlord_1,landlord_1,0.0,utility_points,"{""disagreement_utility"":0.0}",ok,valid,[],"[""event_00000227""]",evaluation_receipt,episode_attempt_932ed8f4304dc4bde5c2,a5c5008785c311fe2a7d0812945fc5bea84009e278f749a1f4f2bec4dade008d,true
result_8c2563410595f3f392433372,runplan_655e5cbdd097e7a2,cell_a1fd899747db4f3b5b29,housing_v1__experiment__000005,housing_v1,housing_controlled_model_landlords_experiment,episode_attempt_932ed8f4304dc4bde5c2,a5c5008785c311fe2a7d0812945fc5bea84009e278f749a1f4f2bec4dade008d,included,housing_social_welfare_leaf,1.0.0,social_welfare,1.0.0,utility,landlord_2,landlord_2,75.64,utility_points,"{""disagreement_utility"":0.0}",ok,valid,[],"[""event_00000227""]",evaluation_receipt,episode_attempt_932ed8f4304dc4bde5c2,a5c5008785c311fe2a7d0812945fc5bea84009e278f749a1f4f2bec4dade008d,true
result_89a4b9f67b93cecb84a9e260,runplan_655e5cbdd097e7a2,cell_a1fd899747db4f3b5b29,housing_v1__experiment__000005,housing_v1,housing_controlled_model_landlords_experiment,episode_attempt_932ed8f4304dc4bde5c2,a5c5008785c311fe2a7d0812945fc5bea84009e278f749a1f4f2bec4dade008d,included,housing_social_welfare_leaf,1.0.0,social_welfare,1.0.0,utility,landlord_3,landlord_3,43.77,utility_points,"{""disagreement_utility"":0.0}",ok,valid,[],"[""event_00000227""]",evaluation_receipt,episode_attempt_932ed8f4304dc4bde5c2,a5c5008785c311fe2a7d0812945fc5bea84009e278f749a1f4f2bec4dade008d,true
result_4d6b4a53b0dcf17406cadbe0,runplan_655e5cbdd097e7a2,cell_a1fd899747db4f3b5b29,housing_v1__experiment__000005,housing_v1,housing_controlled_model_landlords_experiment,episode_attempt_932ed8f4304dc4bde5c2,a5c5008785c311fe2a7d0812945fc5bea84009e278f749a1f4f2bec4dade008d,included,housing_social_welfare_leaf,1.0.0,social_welfare,1.0.0,utility,tenant_0,tenant_0,340.54,utility_points,"{""disagreement_utility"":0.0}",ok,valid,[],"[""event_00000227""]",evaluation_receipt,episode_attempt_932ed8f4304dc4bde5c2,a5c5008785c311fe2a7d0812945fc5bea84009e278f749a1f4f2bec4dade008d,true
result_7a562afd379e6f8672b1fe33,runplan_655e5cbdd097e7a2,cell_a1fd899747db4f3b5b29,housing_v1__experiment__000005,housing_v1,housing_controlled_model_landlords_experiment,episode_attempt_932ed8f4304dc4bde5c2,a5c5008785c311fe2a7d0812945fc5bea84009e278f749a1f4f2bec4dade008d,included,housing_social_welfare_leaf,1.0.0,social_welfare,1.0.0,utility,tenant_1,tenant_1,104.85,utility_points,"{""disagreement_utility"":0.0}",ok,valid,[],"[""event_00000227""]",evaluation_receipt,episode_attempt_932ed8f4304dc4bde5c2,a5c5008785c311fe2a7d0812945fc5bea84009e278f749a1f4f2bec4dade008d,true
result_e57a6d45783085bb5127db5b,runplan_655e5cbdd097e7a2,cell_a1fd899747db4f3b5b29,housing_v1__experiment__000005,housing_v1,housing_controlled_model_landlords_experiment,episode_attempt_932ed8f4304dc4bde5c2,a5c5008785c311fe2a7d0812945fc5bea84009e278f749a1f4f2bec4dade008d,included,housing_social_welfare_leaf,1.0.0,social_welfare,1.0.0,utility,tenant_2,tenant_2,512.25,utility_points,"{""disagreement_utility"":0.0}",ok,valid,[],"[""event_00000227""]",evaluation_receipt,episode_attempt_932ed8f4304dc4bde5c2,a5c5008785c311fe2a7d0812945fc5bea84009e278f749a1f4f2bec4dade008d,true
result_ff6f3ab601a2fac14fbea40e,runplan_655e5cbdd097e7a2,cell_a1fd899747db4f3b5b29,housing_v1__experiment__000005,housing_v1,housing_controlled_model_landlords_experiment,episode_attempt_932ed8f4304dc4bde5c2,a5c5008785c311fe2a7d0812945fc5bea84009e278f749a1f4f2bec4dade008d,included,housing_social_welfare_leaf,1.0.0,social_welfare,1.0.0,utility,tenant_3,tenant_3,0.0,utility_points,"{""disagreement_utility"":0.0}",ok,valid,[],"[""event_00000227""]",evaluation_receipt,episode_attempt_932ed8f4304dc4bde5c2,a5c5008785c311fe2a7d0812945fc5bea84009e278f749a1f4f2bec4dade008d,true
result_9137c819e15b11c8660496f4,runplan_655e5cbdd097e7a2,cell_a1fd899747db4f3b5b29,housing_v1__experiment__000005,housing_v1,housing_controlled_model_landlords_experiment,episode_attempt_932ed8f4304dc4bde5c2,a5c5008785c311fe2a7d0812945fc5bea84009e278f749a1f4f2bec4dade008d,included,housing_social_welfare_leaf,1.0.0,social_welfare,1.0.0,utility,tenant_4,tenant_4,0.0,utility_points,"{""disagreement_utility"":0.0}",ok,valid,[],"[""event_00000227""]",evaluation_receipt,episode_attempt_932ed8f4304dc4bde5c2,a5c5008785c311fe2a7d0812945fc5bea84009e278f749a1f4f2bec4dade008d,true
result_f77381794c6aaa31fa0112c3,runplan_655e5cbdd097e7a2,cell_a1fd899747db4f3b5b29,housing_v1__experiment__000005,housing_v1,housing_controlled_model_landlords_experiment,episode_attempt_932ed8f4304dc4bde5c2,a5c5008785c311fe2a7d0812945fc5bea84009e278f749a1f4f2bec4dade008d,included,housing_social_welfare_leaf,1.0.0,social_welfare,1.0.0,utility,tenant_5,tenant_5,0.0,utility_points,"{""disagreement_utility"":0.0}",ok,valid,[],"[""event_00000227""]",evaluation_receipt,episode_attempt_932ed8f4304dc4bde5c2,a5c5008785c311fe2a7d0812945fc5bea84009e278f749a1f4f2bec4dade008d,true
result_c1f7ea68117f884e72cfc599,runplan_655e5cbdd097e7a2,cell_a1fd899747db4f3b5b29,housing_v1__experiment__000005,housing_v1,housing_controlled_model_landlords_experiment,episode_attempt_932ed8f4304dc4bde5c2,a5c5008785c311fe2a7d0812945fc5bea84009e278f749a1f4f2bec4dade008d,included,housing_social_welfare_leaf,1.0.0,social_welfare,1.0.0,capture,landlord_0,landlord_0,162.29,utility_points,"{""disagreement_utility"":0.0}",ok,valid,[],"[""event_00000227""]",evaluation_receipt,episode_attempt_932ed8f4304dc4bde5c2,a5c5008785c311fe2a7d0812945fc5bea84009e278f749a1f4f2bec4dade008d,true
result_457b4401abcc4fbcd0933a3f,runplan_655e5cbdd097e7a2,cell_a1fd899747db4f3b5b29,housing_v1__experiment__000005,housing_v1,housing_controlled_model_landlords_experiment,episode_attempt_932ed8f4304dc4bde5c2,a5c5008785c311fe2a7d0812945fc5bea84009e278f749a1f4f2bec4dade008d,included,housing_social_welfare_leaf,1.0.0,social_welfare,1.0.0,capture,landlord_1,landlord_1,0.0,utility_points,"{""disagreement_utility"":0.0}",ok,valid,[],"[""event_00000227""]",evaluation_receipt,episode_attempt_932ed8f4304dc4bde5c2,a5c5008785c311fe2a7d0812945fc5bea84009e278f749a1f4f2bec4dade008d,true
result_d37e15a88a615dba962e9820,runplan_655e5cbdd097e7a2,cell_a1fd899747db4f3b5b29,housing_v1__experiment__000005,housing_v1,housing_controlled_model_landlords_experiment,episode_attempt_932ed8f4304dc4bde5c2,a5c5008785c311fe2a7d0812945fc5bea84009e278f749a1f4f2bec4dade008d,included,housing_social_welfare_leaf,1.0.0,social_welfare,1.0.0,capture,landlord_2,landlord_2,75.64,utility_points,"{""disagreement_utility"":0.0}",ok,valid,[],"[""event_00000227""]",evaluation_receipt,episode_attempt_932ed8f4304dc4bde5c2,a5c5008785c311fe2a7d0812945fc5bea84009e278f749a1f4f2bec4dade008d,true
result_b63efa89340c52983c5902f6,runplan_655e5cbdd097e7a2,cell_a1fd899747db4f3b5b29,housing_v1__experiment__000005,housing_v1,housing_controlled_model_landlords_experiment,episode_attempt_932ed8f4304dc4bde5c2,a5c5008785c311fe2a7d0812945fc5bea84009e278f749a1f4f2bec4dade008d,included,housing_social_welfare_leaf,1.0.0,social_welfare,1.0.0,capture,landlord_3,landlord_3,43.77,utility_points,"{""disagreement_utility"":0.0}",ok,valid,[],"[""event_00000227""]",evaluation_receipt,episode_attempt_932ed8f4304dc4bde5c2,a5c5008785c311fe2a7d0812945fc5bea84009e278f749a1f4f2bec4dade008d,true
result_388b948f4b0ac36c6d43ea4c,runplan_655e5cbdd097e7a2,cell_a1fd899747db4f3b5b29,housing_v1__experiment__000005,housing_v1,housing_controlled_model_landlords_experiment,episode_attempt_932ed8f4304dc4bde5c2,a5c5008785c311fe2a7d0812945fc5bea84009e278f749a1f4f2bec4dade008d,included,housing_social_welfare_leaf,1.0.0,social_welfare,1.0.0,capture,tenant_0,tenant_0,340.54,utility_points,"{""disagreement_utility"":0.0}",ok,valid,[],"[""event_00000227""]",evaluation_receipt,episode_attempt_932ed8f4304dc4bde5c2,a5c5008785c311fe2a7d0812945fc5bea84009e278f749a1f4f2bec4dade008d,true
result_1140a637811b85d8fc1a6334,runplan_655e5cbdd097e7a2,cell_a1fd899747db4f3b5b29,housing_v1__experiment__000005,housing_v1,housing_controlled_model_landlords_experiment,episode_attempt_932ed8f4304dc4bde5c2,a5c5008785c311fe2a7d0812945fc5bea84009e278f749a1f4f2bec4dade008d,included,housing_social_welfare_leaf,1.0.0,social_welfare,1.0.0,capture,tenant_1,tenant_1,104.85,utility_points,"{""disagreement_utility"":0.0}",ok,valid,[],"[""event_00000227""]",evaluation_receipt,episode_attempt_932ed8f4304dc4bde5c2,a5c5008785c311fe2a7d0812945fc5bea84009e278f749a1f4f2bec4dade008d,true
result_b2c118bf40886520f90fde63,runplan_655e5cbdd097e7a2,cell_a1fd899747db4f3b5b29,housing_v1__experiment__000005,housing_v1,housing_controlled_model_landlords_experiment,episode_attempt_932ed8f4304dc4bde5c2,a5c5008785c311fe2a7d0812945fc5bea84009e278f749a1f4f2bec4dade008d,included,housing_social_welfare_leaf,1.0.0,social_welfare,1.0.0,capture,tenant_2,tenant_2,512.25,utility_points,"{""disagreement_utility"":0.0}",ok,valid,[],"[""event_00000227""]",evaluation_receipt,episode_attempt_932ed8f4304dc4bde5c2,a5c5008785c311fe2a7d0812945fc5bea84009e278f749a1f4f2bec4dade008d,true
result_4a3de64f51ae0583bb080126,runplan_655e5cbdd097e7a2,cell_a1fd899747db4f3b5b29,housing_v1__experiment__000005,housing_v1,housing_controlled_model_landlords_experiment,episode_attempt_932ed8f4304dc4bde5c2,a5c5008785c311fe2a7d0812945fc5bea84009e278f749a1f4f2bec4dade008d,included,housing_social_welfare_leaf,1.0.0,social_welfare,1.0.0,capture,tenant_3,tenant_3,0.0,utility_points,"{""disagreement_utility"":0.0}",ok,valid,[],"[""event_00000227""]",evaluation_receipt,episode_attempt_932ed8f4304dc4bde5c2,a5c5008785c311fe2a7d0812945fc5bea84009e278f749a1f4f2bec4dade008d,true
result_326b61bec85dc05197341f91,runplan_655e5cbdd097e7a2,cell_a1fd899747db4f3b5b29,housing_v1__experiment__000005,housing_v1,housing_controlled_model_landlords_experiment,episode_attempt_932ed8f4304dc4bde5c2,a5c5008785c311fe2a7d0812945fc5bea84009e278f749a1f4f2bec4dade008d,included,housing_social_welfare_leaf,1.0.0,social_welfare,1.0.0,capture,tenant_4,tenant_4,0.0,utility_points,"{""disagreement_utility"":0.0}",ok,valid,[],"[""event_00000227""]",evaluation_receipt,episode_attempt_932ed8f4304dc4bde5c2,a5c5008785c311fe2a7d0812945fc5bea84009e278f749a1f4f2bec4dade008d,true
result_9bf0f23e80d1f99a3c646900,runplan_655e5cbdd097e7a2,cell_a1fd899747db4f3b5b29,housing_v1__experiment__000005,housing_v1,housing_controlled_model_landlords_experiment,episode_attempt_932ed8f4304dc4bde5c2,a5c5008785c311fe2a7d0812945fc5bea84009e278f749a1f4f2bec4dade008d,included,housing_social_welfare_leaf,1.0.0,social_welfare,1.0.0,capture,tenant_5,tenant_5,0.0,utility_points,"{""disagreement_utility"":0.0}",ok,valid,[],"[""event_00000227""]",evaluation_receipt,episode_attempt_932ed8f4304dc4bde5c2,a5c5008785c311fe2a7d0812945fc5bea84009e278f749a1f4f2bec4dade008d,true
result_db00ef08fefe9e026d1e14c9,runplan_655e5cbdd097e7a2,cell_aaf4c5ec00a51204e6f4,housing_v1__experiment__000008,housing_v1,housing_controlled_model_landlords_experiment,episode_attempt_cbc85a8996da4a8d8d09,ecbdfbe1ffdabe933434ecac10b823cc1524d685e88308e0d3c3d676f34f8d82,included,housing_social_welfare_leaf,1.0.0,social_welfare,1.0.0,primary,social_welfare,,1851.63,utility_points,{},ok,valid,[],"[""event_00000283""]",evaluation_receipt,episode_attempt_cbc85a8996da4a8d8d09,ecbdfbe1ffdabe933434ecac10b823cc1524d685e88308e0d3c3d676f34f8d82,true
result_c4c431ac069374f10641e2b0,runplan_655e5cbdd097e7a2,cell_aaf4c5ec00a51204e6f4,housing_v1__experiment__000008,housing_v1,housing_controlled_model_landlords_experiment,episode_attempt_cbc85a8996da4a8d8d09,ecbdfbe1ffdabe933434ecac10b823cc1524d685e88308e0d3c3d676f34f8d82,included,housing_social_welfare_leaf,1.0.0,social_welfare,1.0.0,metric,comparison_baseline_gap,,-33.2199999999998,utility_points,{},ok,valid,[],"[""event_00000283""]",evaluation_receipt,episode_attempt_cbc85a8996da4a8d8d09,ecbdfbe1ffdabe933434ecac10b823cc1524d685e88308e0d3c3d676f34f8d82,true
result_88863c3a4cb23de0d418be23,runplan_655e5cbdd097e7a2,cell_aaf4c5ec00a51204e6f4,housing_v1__experiment__000008,housing_v1,housing_controlled_model_landlords_experiment,episode_attempt_cbc85a8996da4a8d8d09,ecbdfbe1ffdabe933434ecac10b823cc1524d685e88308e0d3c3d676f34f8d82,included,housing_social_welfare_leaf,1.0.0,social_welfare,1.0.0,metric,ir_violation_count,,0.0,count,{},ok,valid,[],"[""event_00000283""]",evaluation_receipt,episode_attempt_cbc85a8996da4a8d8d09,ecbdfbe1ffdabe933434ecac10b823cc1524d685e88308e0d3c3d676f34f8d82,true
result_68bd36c228e39157f699a10b,runplan_655e5cbdd097e7a2,cell_aaf4c5ec00a51204e6f4,housing_v1__experiment__000008,housing_v1,housing_controlled_model_landlords_experiment,episode_attempt_cbc85a8996da4a8d8d09,ecbdfbe1ffdabe933434ecac10b823cc1524d685e88308e0d3c3d676f34f8d82,included,housing_social_welfare_leaf,1.0.0,social_welfare,1.0.0,metric,social_welfare,,1851.63,utility_points,{},ok,valid,[],"[""event_00000283""]",evaluation_receipt,episode_attempt_cbc85a8996da4a8d8d09,ecbdfbe1ffdabe933434ecac10b823cc1524d685e88308e0d3c3d676f34f8d82,true
result_b64eb911e9a50a7b826ebca9,runplan_655e5cbdd097e7a2,cell_aaf4c5ec00a51204e6f4,housing_v1__experiment__000008,housing_v1,housing_controlled_model_landlords_experiment,episode_attempt_cbc85a8996da4a8d8d09,ecbdfbe1ffdabe933434ecac10b823cc1524d685e88308e0d3c3d676f34f8d82,included,housing_social_welfare_leaf,1.0.0,social_welfare,1.0.0,metric,upper_bound_gap,,95.58999999999992,utility_points,{},ok,valid,[],"[""event_00000283""]",evaluation_receipt,episode_attempt_cbc85a8996da4a8d8d09,ecbdfbe1ffdabe933434ecac10b823cc1524d685e88308e0d3c3d676f34f8d82,true
result_3e46c2793262c93a8fec5388,runplan_655e5cbdd097e7a2,cell_aaf4c5ec00a51204e6f4,housing_v1__experiment__000008,housing_v1,housing_controlled_model_landlords_experiment,episode_attempt_cbc85a8996da4a8d8d09,ecbdfbe1ffdabe933434ecac10b823cc1524d685e88308e0d3c3d676f34f8d82,included,housing_social_welfare_leaf,1.0.0,social_welfare,1.0.0,metric,wasted_contacts,,6.0,count,{},ok,valid,[],"[""event_00000283""]",evaluation_receipt,episode_attempt_cbc85a8996da4a8d8d09,ecbdfbe1ffdabe933434ecac10b823cc1524d685e88308e0d3c3d676f34f8d82,true
result_a45df724ac8bf5ca5186ca1b,runplan_655e5cbdd097e7a2,cell_aaf4c5ec00a51204e6f4,housing_v1__experiment__000008,housing_v1,housing_controlled_model_landlords_experiment,episode_attempt_cbc85a8996da4a8d8d09,ecbdfbe1ffdabe933434ecac10b823cc1524d685e88308e0d3c3d676f34f8d82,included,housing_social_welfare_leaf,1.0.0,social_welfare,1.0.0,metric,within_case_score,,0.9509095017512146,ratio,{},ok,valid,[],"[""event_00000283""]",evaluation_receipt,episode_attempt_cbc85a8996da4a8d8d09,ecbdfbe1ffdabe933434ecac10b823cc1524d685e88308e0d3c3d676f34f8d82,true
result_fde1b482aebf5f5c768a0a1d,runplan_655e5cbdd097e7a2,cell_aaf4c5ec00a51204e6f4,housing_v1__experiment__000008,housing_v1,housing_controlled_model_landlords_experiment,episode_attempt_cbc85a8996da4a8d8d09,ecbdfbe1ffdabe933434ecac10b823cc1524d685e88308e0d3c3d676f34f8d82,included,housing_social_welfare_leaf,1.0.0,social_welfare,1.0.0,reference,comparison_baseline,,1884.85,utility_points,"{""policy"":""naive"",""reference_kind"":""comparison_baseline""}",ok,valid,[],"[""event_00000283""]",evaluation_receipt,episode_attempt_cbc85a8996da4a8d8d09,ecbdfbe1ffdabe933434ecac10b823cc1524d685e88308e0d3c3d676f34f8d82,true
result_c3543d37a3d25fa0dad5b573,runplan_655e5cbdd097e7a2,cell_aaf4c5ec00a51204e6f4,housing_v1__experiment__000008,housing_v1,housing_controlled_model_landlords_experiment,episode_attempt_cbc85a8996da4a8d8d09,ecbdfbe1ffdabe933434ecac10b823cc1524d685e88308e0d3c3d676f34f8d82,included,housing_social_welfare_leaf,1.0.0,social_welfare,1.0.0,reference,optimum_lower_bound,,0.0,utility_points,"{""policy"":""do_nothing"",""reference_kind"":""objective_lower_bound""}",ok,valid,[],"[""event_00000283""]",evaluation_receipt,episode_attempt_cbc85a8996da4a8d8d09,ecbdfbe1ffdabe933434ecac10b823cc1524d685e88308e0d3c3d676f34f8d82,true
result_0f9efbf1e1aebd5531446f03,runplan_655e5cbdd097e7a2,cell_aaf4c5ec00a51204e6f4,housing_v1__experiment__000008,housing_v1,housing_controlled_model_landlords_experiment,episode_attempt_cbc85a8996da4a8d8d09,ecbdfbe1ffdabe933434ecac10b823cc1524d685e88308e0d3c3d676f34f8d82,included,housing_social_welfare_leaf,1.0.0,social_welfare,1.0.0,reference,optimum_upper_bound,,1947.22,utility_points,"{""reference_kind"":""objective_upper_bound"",""semantics"":""full_information_allocation_relaxation""}",ok,valid,[],"[""event_00000283""]",evaluation_receipt,episode_attempt_cbc85a8996da4a8d8d09,ecbdfbe1ffdabe933434ecac10b823cc1524d685e88308e0d3c3d676f34f8d82,true
result_88b15bc82f02182dd80fc360,runplan_655e5cbdd097e7a2,cell_aaf4c5ec00a51204e6f4,housing_v1__experiment__000008,housing_v1,housing_controlled_model_landlords_experiment,episode_attempt_cbc85a8996da4a8d8d09,ecbdfbe1ffdabe933434ecac10b823cc1524d685e88308e0d3c3d676f34f8d82,included,housing_social_welfare_leaf,1.0.0,social_welfare,1.0.0,utility,landlord_0,landlord_0,37.7,utility_points,"{""disagreement_utility"":0.0}",ok,valid,[],"[""event_00000283""]",evaluation_receipt,episode_attempt_cbc85a8996da4a8d8d09,ecbdfbe1ffdabe933434ecac10b823cc1524d685e88308e0d3c3d676f34f8d82,true
result_dbf80da47bd022813b8980fa,runplan_655e5cbdd097e7a2,cell_aaf4c5ec00a51204e6f4,housing_v1__experiment__000008,housing_v1,housing_controlled_model_landlords_experiment,episode_attempt_cbc85a8996da4a8d8d09,ecbdfbe1ffdabe933434ecac10b823cc1524d685e88308e0d3c3d676f34f8d82,included,housing_social_welfare_leaf,1.0.0,social_welfare,1.0.0,utility,landlord_1,landlord_1,50.51,utility_points,"{""disagreement_utility"":0.0}",ok,valid,[],"[""event_00000283""]",evaluation_receipt,episode_attempt_cbc85a8996da4a8d8d09,ecbdfbe1ffdabe933434ecac10b823cc1524d685e88308e0d3c3d676f34f8d82,true
result_2f7c9fe08a1653b346b98099,runplan_655e5cbdd097e7a2,cell_aaf4c5ec00a51204e6f4,housing_v1__experiment__000008,housing_v1,housing_controlled_model_landlords_experiment,episode_attempt_cbc85a8996da4a8d8d09,ecbdfbe1ffdabe933434ecac10b823cc1524d685e88308e0d3c3d676f34f8d82,included,housing_social_welfare_leaf,1.0.0,social_welfare,1.0.0,utility,landlord_2,landlord_2,41.3,utility_points,"{""disagreement_utility"":0.0}",ok,valid,[],"[""event_00000283""]",evaluation_receipt,episode_attempt_cbc85a8996da4a8d8d09,ecbdfbe1ffdabe933434ecac10b823cc1524d685e88308e0d3c3d676f34f8d82,true
result_cec095ae18cbe3092e5cd957,runplan_655e5cbdd097e7a2,cell_aaf4c5ec00a51204e6f4,housing_v1__experiment__000008,housing_v1,housing_controlled_model_landlords_experiment,episode_attempt_cbc85a8996da4a8d8d09,ecbdfbe1ffdabe933434ecac10b823cc1524d685e88308e0d3c3d676f34f8d82,included,housing_social_welfare_leaf,1.0.0,social_welfare,1.0.0,utility,landlord_3,landlord_3,73.98,utility_points,"{""disagreement_utility"":0.0}",ok,valid,[],"[""event_00000283""]",evaluation_receipt,episode_attempt_cbc85a8996da4a8d8d09,ecbdfbe1ffdabe933434ecac10b823cc1524d685e88308e0d3c3d676f34f8d82,true
result_7392ae61665652cabd6c7f7a,runplan_655e5cbdd097e7a2,cell_aaf4c5ec00a51204e6f4,housing_v1__experiment__000008,housing_v1,housing_controlled_model_landlords_experiment,episode_attempt_cbc85a8996da4a8d8d09,ecbdfbe1ffdabe933434ecac10b823cc1524d685e88308e0d3c3d676f34f8d82,included,housing_social_welfare_leaf,1.0.0,social_welfare,1.0.0,utility,tenant_0,tenant_0,674.46,utility_points,"{""disagreement_utility"":0.0}",ok,valid,[],"[""event_00000283""]",evaluation_receipt,episode_attempt_cbc85a8996da4a8d8d09,ecbdfbe1ffdabe933434ecac10b823cc1524d685e88308e0d3c3d676f34f8d82,true
result_892d2e3865f0e09c10f56263,runplan_655e5cbdd097e7a2,cell_aaf4c5ec00a51204e6f4,housing_v1__experiment__000008,housing_v1,housing_controlled_model_landlords_experiment,episode_attempt_cbc85a8996da4a8d8d09,ecbdfbe1ffdabe933434ecac10b823cc1524d685e88308e0d3c3d676f34f8d82,included,housing_social_welfare_leaf,1.0.0,social_welfare,1.0.0,utility,tenant_1,tenant_1,591.97,utility_points,"{""disagreement_utility"":0.0}",ok,valid,[],"[""event_00000283""]",evaluation_receipt,episode_attempt_cbc85a8996da4a8d8d09,ecbdfbe1ffdabe933434ecac10b823cc1524d685e88308e0d3c3d676f34f8d82,true
result_71f8b037dbf5749ec77c0d02,runplan_655e5cbdd097e7a2,cell_aaf4c5ec00a51204e6f4,housing_v1__experiment__000008,housing_v1,housing_controlled_model_landlords_experiment,episode_attempt_cbc85a8996da4a8d8d09,ecbdfbe1ffdabe933434ecac10b823cc1524d685e88308e0d3c3d676f34f8d82,included,housing_social_welfare_leaf,1.0.0,social_welfare,1.0.0,utility,tenant_2,tenant_2,0.0,utility_points,"{""disagreement_utility"":0.0}",ok,valid,[],"[""event_00000283""]",evaluation_receipt,episode_attempt_cbc85a8996da4a8d8d09,ecbdfbe1ffdabe933434ecac10b823cc1524d685e88308e0d3c3d676f34f8d82,true
result_8174d6cf60e22b4657fede3f,runplan_655e5cbdd097e7a2,cell_aaf4c5ec00a51204e6f4,housing_v1__experiment__000008,housing_v1,housing_controlled_model_landlords_experiment,episode_attempt_cbc85a8996da4a8d8d09,ecbdfbe1ffdabe933434ecac10b823cc1524d685e88308e0d3c3d676f34f8d82,included,housing_social_welfare_leaf,1.0.0,social_welfare,1.0.0,utility,tenant_3,tenant_3,192.37,utility_points,"{""disagreement_utility"":0.0}",ok,valid,[],"[""event_00000283""]",evaluation_receipt,episode_attempt_cbc85a8996da4a8d8d09,ecbdfbe1ffdabe933434ecac10b823cc1524d685e88308e0d3c3d676f34f8d82,true
result_958ab30d130904a3670c04e4,runplan_655e5cbdd097e7a2,cell_aaf4c5ec00a51204e6f4,housing_v1__experiment__000008,housing_v1,housing_controlled_model_landlords_experiment,episode_attempt_cbc85a8996da4a8d8d09,ecbdfbe1ffdabe933434ecac10b823cc1524d685e88308e0d3c3d676f34f8d82,included,housing_social_welfare_leaf,1.0.0,social_welfare,1.0.0,utility,tenant_4,tenant_4,0.0,utility_points,"{""disagreement_utility"":0.0}",ok,valid,[],"[""event_00000283""]",evaluation_receipt,episode_attempt_cbc85a8996da4a8d8d09,ecbdfbe1ffdabe933434ecac10b823cc1524d685e88308e0d3c3d676f34f8d82,true
result_b8756bd174c4fa1d02d012ce,runplan_655e5cbdd097e7a2,cell_aaf4c5ec00a51204e6f4,housing_v1__experiment__000008,housing_v1,housing_controlled_model_landlords_experiment,episode_attempt_cbc85a8996da4a8d8d09,ecbdfbe1ffdabe933434ecac10b823cc1524d685e88308e0d3c3d676f34f8d82,included,housing_social_welfare_leaf,1.0.0,social_welfare,1.0.0,utility,tenant_5,tenant_5,189.34,utility_points,"{""disagreement_utility"":0.0}",ok,valid,[],"[""event_00000283""]",evaluation_receipt,episode_attempt_cbc85a8996da4a8d8d09,ecbdfbe1ffdabe933434ecac10b823cc1524d685e88308e0d3c3d676f34f8d82,true
result_68120a14f93000f39dc0bc0e,runplan_655e5cbdd097e7a2,cell_aaf4c5ec00a51204e6f4,housing_v1__experiment__000008,housing_v1,housing_controlled_model_landlords_experiment,episode_attempt_cbc85a8996da4a8d8d09,ecbdfbe1ffdabe933434ecac10b823cc1524d685e88308e0d3c3d676f34f8d82,included,housing_social_welfare_leaf,1.0.0,social_welfare,1.0.0,capture,landlord_0,landlord_0,37.7,utility_points,"{""disagreement_utility"":0.0}",ok,valid,[],"[""event_00000283""]",evaluation_receipt,episode_attempt_cbc85a8996da4a8d8d09,ecbdfbe1ffdabe933434ecac10b823cc1524d685e88308e0d3c3d676f34f8d82,true
result_dd6e11c3a263dab6c786795c,runplan_655e5cbdd097e7a2,cell_aaf4c5ec00a51204e6f4,housing_v1__experiment__000008,housing_v1,housing_controlled_model_landlords_experiment,episode_attempt_cbc85a8996da4a8d8d09,ecbdfbe1ffdabe933434ecac10b823cc1524d685e88308e0d3c3d676f34f8d82,included,housing_social_welfare_leaf,1.0.0,social_welfare,1.0.0,capture,landlord_1,landlord_1,50.51,utility_points,"{""disagreement_utility"":0.0}",ok,valid,[],"[""event_00000283""]",evaluation_receipt,episode_attempt_cbc85a8996da4a8d8d09,ecbdfbe1ffdabe933434ecac10b823cc1524d685e88308e0d3c3d676f34f8d82,true
result_f871e3bc7653cda7481680ce,runplan_655e5cbdd097e7a2,cell_aaf4c5ec00a51204e6f4,housing_v1__experiment__000008,housing_v1,housing_controlled_model_landlords_experiment,episode_attempt_cbc85a8996da4a8d8d09,ecbdfbe1ffdabe933434ecac10b823cc1524d685e88308e0d3c3d676f34f8d82,included,housing_social_welfare_leaf,1.0.0,social_welfare,1.0.0,capture,landlord_2,landlord_2,41.3,utility_points,"{""disagreement_utility"":0.0}",ok,valid,[],"[""event_00000283""]",evaluation_receipt,episode_attempt_cbc85a8996da4a8d8d09,ecbdfbe1ffdabe933434ecac10b823cc1524d685e88308e0d3c3d676f34f8d82,true
result_3c4d491e060a155dd9fa2062,runplan_655e5cbdd097e7a2,cell_aaf4c5ec00a51204e6f4,housing_v1__experiment__000008,housing_v1,housing_controlled_model_landlords_experiment,episode_attempt_cbc85a8996da4a8d8d09,ecbdfbe1ffdabe933434ecac10b823cc1524d685e88308e0d3c3d676f34f8d82,included,housing_social_welfare_leaf,1.0.0,social_welfare,1.0.0,capture,landlord_3,landlord_3,73.98,utility_points,"{""disagreement_utility"":0.0}",ok,valid,[],"[""event_00000283""]",evaluation_receipt,episode_attempt_cbc85a8996da4a8d8d09,ecbdfbe1ffdabe933434ecac10b823cc1524d685e88308e0d3c3d676f34f8d82,true
result_a3ff72f4de9e9cf2c4f2681e,runplan_655e5cbdd097e7a2,cell_aaf4c5ec00a51204e6f4,housing_v1__experiment__000008,housing_v1,housing_controlled_model_landlords_experiment,episode_attempt_cbc85a8996da4a8d8d09,ecbdfbe1ffdabe933434ecac10b823cc1524d685e88308e0d3c3d676f34f8d82,included,housing_social_welfare_leaf,1.0.0,social_welfare,1.0.0,capture,tenant_0,tenant_0,674.46,utility_points,"{""disagreement_utility"":0.0}",ok,valid,[],"[""event_00000283""]",evaluation_receipt,episode_attempt_cbc85a8996da4a8d8d09,ecbdfbe1ffdabe933434ecac10b823cc1524d685e88308e0d3c3d676f34f8d82,true
result_e0a90fecd06c7b9a6252e794,runplan_655e5cbdd097e7a2,cell_aaf4c5ec00a51204e6f4,housing_v1__experiment__000008,housing_v1,housing_controlled_model_landlords_experiment,episode_attempt_cbc85a8996da4a8d8d09,ecbdfbe1ffdabe933434ecac10b823cc1524d685e88308e0d3c3d676f34f8d82,included,housing_social_welfare_leaf,1.0.0,social_welfare,1.0.0,capture,tenant_1,tenant_1,591.97,utility_points,"{""disagreement_utility"":0.0}",ok,valid,[],"[""event_00000283""]",evaluation_receipt,episode_attempt_cbc85a8996da4a8d8d09,ecbdfbe1ffdabe933434ecac10b823cc1524d685e88308e0d3c3d676f34f8d82,true
result_333f966dbf08517349d458a6,runplan_655e5cbdd097e7a2,cell_aaf4c5ec00a51204e6f4,housing_v1__experiment__000008,housing_v1,housing_controlled_model_landlords_experiment,episode_attempt_cbc85a8996da4a8d8d09,ecbdfbe1ffdabe933434ecac10b823cc1524d685e88308e0d3c3d676f34f8d82,included,housing_social_welfare_leaf,1.0.0,social_welfare,1.0.0,capture,tenant_2,tenant_2,0.0,utility_points,"{""disagreement_utility"":0.0}",ok,valid,[],"[""event_00000283""]",evaluation_receipt,episode_attempt_cbc85a8996da4a8d8d09,ecbdfbe1ffdabe933434ecac10b823cc1524d685e88308e0d3c3d676f34f8d82,true
result_2bd551a5b53d6a110c52dd7c,runplan_655e5cbdd097e7a2,cell_aaf4c5ec00a51204e6f4,housing_v1__experiment__000008,housing_v1,housing_controlled_model_landlords_experiment,episode_attempt_cbc85a8996da4a8d8d09,ecbdfbe1ffdabe933434ecac10b823cc1524d685e88308e0d3c3d676f34f8d82,included,housing_social_welfare_leaf,1.0.0,social_welfare,1.0.0,capture,tenant_3,tenant_3,192.37,utility_points,"{""disagreement_utility"":0.0}",ok,valid,[],"[""event_00000283""]",evaluation_receipt,episode_attempt_cbc85a8996da4a8d8d09,ecbdfbe1ffdabe933434ecac10b823cc1524d685e88308e0d3c3d676f34f8d82,true
result_4fc79036c8e93360cd0216f7,runplan_655e5cbdd097e7a2,cell_aaf4c5ec00a51204e6f4,housing_v1__experiment__000008,housing_v1,housing_controlled_model_landlords_experiment,episode_attempt_cbc85a8996da4a8d8d09,ecbdfbe1ffdabe933434ecac10b823cc1524d685e88308e0d3c3d676f34f8d82,included,housing_social_welfare_leaf,1.0.0,social_welfare,1.0.0,capture,tenant_4,tenant_4,0.0,utility_points,"{""disagreement_utility"":0.0}",ok,valid,[],"[""event_00000283""]",evaluation_receipt,episode_attempt_cbc85a8996da4a8d8d09,ecbdfbe1ffdabe933434ecac10b823cc1524d685e88308e0d3c3d676f34f8d82,true
result_1734453348ba25e606f488ba,runplan_655e5cbdd097e7a2,cell_aaf4c5ec00a51204e6f4,housing_v1__experiment__000008,housing_v1,housing_controlled_model_landlords_experiment,episode_attempt_cbc85a8996da4a8d8d09,ecbdfbe1ffdabe933434ecac10b823cc1524d685e88308e0d3c3d676f34f8d82,included,housing_social_welfare_leaf,1.0.0,social_welfare,1.0.0,capture,tenant_5,tenant_5,189.34,utility_points,"{""disagreement_utility"":0.0}",ok,valid,[],"[""event_00000283""]",evaluation_receipt,episode_attempt_cbc85a8996da4a8d8d09,ecbdfbe1ffdabe933434ecac10b823cc1524d685e88308e0d3c3d676f34f8d82,true
result_250e8fcab57c1e77ee17e461,runplan_655e5cbdd097e7a2,cell_b64f9c40ee31dcafb6f6,housing_v1__experiment__000001,housing_v1,housing_controlled_model_landlords_experiment,episode_attempt_93c1e72c28d44aeef233,34c16cfa4dca8766d2ded0e361586726736e3d5800483ff91b4aeb853a7a4d59,included,housing_social_welfare_leaf,1.0.0,social_welfare,1.0.0,primary,social_welfare,,1544.95,utility_points,{},ok,valid,[],"[""event_00000237""]",evaluation_receipt,episode_attempt_93c1e72c28d44aeef233,34c16cfa4dca8766d2ded0e361586726736e3d5800483ff91b4aeb853a7a4d59,true
result_fe9dcf50e8f66249f7238c9e,runplan_655e5cbdd097e7a2,cell_b64f9c40ee31dcafb6f6,housing_v1__experiment__000001,housing_v1,housing_controlled_model_landlords_experiment,episode_attempt_93c1e72c28d44aeef233,34c16cfa4dca8766d2ded0e361586726736e3d5800483ff91b4aeb853a7a4d59,included,housing_social_welfare_leaf,1.0.0,social_welfare,1.0.0,metric,comparison_baseline_gap,,-8.569999999999936,utility_points,{},ok,valid,[],"[""event_00000237""]",evaluation_receipt,episode_attempt_93c1e72c28d44aeef233,34c16cfa4dca8766d2ded0e361586726736e3d5800483ff91b4aeb853a7a4d59,true
result_b833e4651b28d3b7bb015cf3,runplan_655e5cbdd097e7a2,cell_b64f9c40ee31dcafb6f6,housing_v1__experiment__000001,housing_v1,housing_controlled_model_landlords_experiment,episode_attempt_93c1e72c28d44aeef233,34c16cfa4dca8766d2ded0e361586726736e3d5800483ff91b4aeb853a7a4d59,included,housing_social_welfare_leaf,1.0.0,social_welfare,1.0.0,metric,ir_violation_count,,0.0,count,{},ok,valid,[],"[""event_00000237""]",evaluation_receipt,episode_attempt_93c1e72c28d44aeef233,34c16cfa4dca8766d2ded0e361586726736e3d5800483ff91b4aeb853a7a4d59,true
result_21044b00a59cbea12ec24f35,runplan_655e5cbdd097e7a2,cell_b64f9c40ee31dcafb6f6,housing_v1__experiment__000001,housing_v1,housing_controlled_model_landlords_experiment,episode_attempt_93c1e72c28d44aeef233,34c16cfa4dca8766d2ded0e361586726736e3d5800483ff91b4aeb853a7a4d59,included,housing_social_welfare_leaf,1.0.0,social_welfare,1.0.0,metric,social_welfare,,1544.95,utility_points,{},ok,valid,[],"[""event_00000237""]",evaluation_receipt,episode_attempt_93c1e72c28d44aeef233,34c16cfa4dca8766d2ded0e361586726736e3d5800483ff91b4aeb853a7a4d59,true
result_92395542b08ac9e2070f0f8b,runplan_655e5cbdd097e7a2,cell_b64f9c40ee31dcafb6f6,housing_v1__experiment__000001,housing_v1,housing_controlled_model_landlords_experiment,episode_attempt_93c1e72c28d44aeef233,34c16cfa4dca8766d2ded0e361586726736e3d5800483ff91b4aeb853a7a4d59,included,housing_social_welfare_leaf,1.0.0,social_welfare,1.0.0,metric,upper_bound_gap,,459.3399999999999,utility_points,{},ok,valid,[],"[""event_00000237""]",evaluation_receipt,episode_attempt_93c1e72c28d44aeef233,34c16cfa4dca8766d2ded0e361586726736e3d5800483ff91b4aeb853a7a4d59,true
result_1ef94100de70fa2e4feef3dc,runplan_655e5cbdd097e7a2,cell_b64f9c40ee31dcafb6f6,housing_v1__experiment__000001,housing_v1,housing_controlled_model_landlords_experiment,episode_attempt_93c1e72c28d44aeef233,34c16cfa4dca8766d2ded0e361586726736e3d5800483ff91b4aeb853a7a4d59,included,housing_social_welfare_leaf,1.0.0,social_welfare,1.0.0,metric,wasted_contacts,,7.0,count,{},ok,valid,[],"[""event_00000237""]",evaluation_receipt,episode_attempt_93c1e72c28d44aeef233,34c16cfa4dca8766d2ded0e361586726736e3d5800483ff91b4aeb853a7a4d59,true
result_94aa195e8c0641e61b3e3e72,runplan_655e5cbdd097e7a2,cell_b64f9c40ee31dcafb6f6,housing_v1__experiment__000001,housing_v1,housing_controlled_model_landlords_experiment,episode_attempt_93c1e72c28d44aeef233,34c16cfa4dca8766d2ded0e361586726736e3d5800483ff91b4aeb853a7a4d59,included,housing_social_welfare_leaf,1.0.0,social_welfare,1.0.0,metric,within_case_score,,0.7708215876943956,ratio,{},ok,valid,[],"[""event_00000237""]",evaluation_receipt,episode_attempt_93c1e72c28d44aeef233,34c16cfa4dca8766d2ded0e361586726736e3d5800483ff91b4aeb853a7a4d59,true
result_374e744df01340ec36a22d02,runplan_655e5cbdd097e7a2,cell_b64f9c40ee31dcafb6f6,housing_v1__experiment__000001,housing_v1,housing_controlled_model_landlords_experiment,episode_attempt_93c1e72c28d44aeef233,34c16cfa4dca8766d2ded0e361586726736e3d5800483ff91b4aeb853a7a4d59,included,housing_social_welfare_leaf,1.0.0,social_welfare,1.0.0,reference,comparison_baseline,,1553.52,utility_points,"{""policy"":""naive"",""reference_kind"":""comparison_baseline""}",ok,valid,[],"[""event_00000237""]",evaluation_receipt,episode_attempt_93c1e72c28d44aeef233,34c16cfa4dca8766d2ded0e361586726736e3d5800483ff91b4aeb853a7a4d59,true
result_2c4398d0090c589b5f111bda,runplan_655e5cbdd097e7a2,cell_b64f9c40ee31dcafb6f6,housing_v1__experiment__000001,housing_v1,housing_controlled_model_landlords_experiment,episode_attempt_93c1e72c28d44aeef233,34c16cfa4dca8766d2ded0e361586726736e3d5800483ff91b4aeb853a7a4d59,included,housing_social_welfare_leaf,1.0.0,social_welfare,1.0.0,reference,optimum_lower_bound,,0.0,utility_points,"{""policy"":""do_nothing"",""reference_kind"":""objective_lower_bound""}",ok,valid,[],"[""event_00000237""]",evaluation_receipt,episode_attempt_93c1e72c28d44aeef233,34c16cfa4dca8766d2ded0e361586726736e3d5800483ff91b4aeb853a7a4d59,true
result_b676be449b912f64b1de6a54,runplan_655e5cbdd097e7a2,cell_b64f9c40ee31dcafb6f6,housing_v1__experiment__000001,housing_v1,housing_controlled_model_landlords_experiment,episode_attempt_93c1e72c28d44aeef233,34c16cfa4dca8766d2ded0e361586726736e3d5800483ff91b4aeb853a7a4d59,included,housing_social_welfare_leaf,1.0.0,social_welfare,1.0.0,reference,optimum_upper_bound,,2004.29,utility_points,"{""reference_kind"":""objective_upper_bound"",""semantics"":""full_information_allocation_relaxation""}",ok,valid,[],"[""event_00000237""]",evaluation_receipt,episode_attempt_93c1e72c28d44aeef233,34c16cfa4dca8766d2ded0e361586726736e3d5800483ff91b4aeb853a7a4d59,true
result_ae5a58b6967d455009d54c6a,runplan_655e5cbdd097e7a2,cell_b64f9c40ee31dcafb6f6,housing_v1__experiment__000001,housing_v1,housing_controlled_model_landlords_experiment,episode_attempt_93c1e72c28d44aeef233,34c16cfa4dca8766d2ded0e361586726736e3d5800483ff91b4aeb853a7a4d59,included,housing_social_welfare_leaf,1.0.0,social_welfare,1.0.0,utility,landlord_0,landlord_0,43.6,utility_points,"{""disagreement_utility"":0.0}",ok,valid,[],"[""event_00000237""]",evaluation_receipt,episode_attempt_93c1e72c28d44aeef233,34c16cfa4dca8766d2ded0e361586726736e3d5800483ff91b4aeb853a7a4d59,true
result_7ee2ac71a8af0868571581c2,runplan_655e5cbdd097e7a2,cell_b64f9c40ee31dcafb6f6,housing_v1__experiment__000001,housing_v1,housing_controlled_model_landlords_experiment,episode_attempt_93c1e72c28d44aeef233,34c16cfa4dca8766d2ded0e361586726736e3d5800483ff91b4aeb853a7a4d59,included,housing_social_welfare_leaf,1.0.0,social_welfare,1.0.0,utility,landlord_1,landlord_1,0.0,utility_points,"{""disagreement_utility"":0.0}",ok,valid,[],"[""event_00000237""]",evaluation_receipt,episode_attempt_93c1e72c28d44aeef233,34c16cfa4dca8766d2ded0e361586726736e3d5800483ff91b4aeb853a7a4d59,true
result_1647532bd51c01437f76287d,runplan_655e5cbdd097e7a2,cell_b64f9c40ee31dcafb6f6,housing_v1__experiment__000001,housing_v1,housing_controlled_model_landlords_experiment,episode_attempt_93c1e72c28d44aeef233,34c16cfa4dca8766d2ded0e361586726736e3d5800483ff91b4aeb853a7a4d59,included,housing_social_welfare_leaf,1.0.0,social_welfare,1.0.0,utility,landlord_2,landlord_2,318.36,utility_points,"{""disagreement_utility"":0.0}",ok,valid,[],"[""event_00000237""]",evaluation_receipt,episode_attempt_93c1e72c28d44aeef233,34c16cfa4dca8766d2ded0e361586726736e3d5800483ff91b4aeb853a7a4d59,true
result_18becf83ff6d89913e1486d1,runplan_655e5cbdd097e7a2,cell_b64f9c40ee31dcafb6f6,housing_v1__experiment__000001,housing_v1,housing_controlled_model_landlords_experiment,episode_attempt_93c1e72c28d44aeef233,34c16cfa4dca8766d2ded0e361586726736e3d5800483ff91b4aeb853a7a4d59,included,housing_social_welfare_leaf,1.0.0,social_welfare,1.0.0,utility,landlord_3,landlord_3,297.64,utility_points,"{""disagreement_utility"":0.0}",ok,valid,[],"[""event_00000237""]",evaluation_receipt,episode_attempt_93c1e72c28d44aeef233,34c16cfa4dca8766d2ded0e361586726736e3d5800483ff91b4aeb853a7a4d59,true
result_4a4b44b15a9f57c3f6c04a94,runplan_655e5cbdd097e7a2,cell_b64f9c40ee31dcafb6f6,housing_v1__experiment__000001,housing_v1,housing_controlled_model_landlords_experiment,episode_attempt_93c1e72c28d44aeef233,34c16cfa4dca8766d2ded0e361586726736e3d5800483ff91b4aeb853a7a4d59,included,housing_social_welfare_leaf,1.0.0,social_welfare,1.0.0,utility,tenant_0,tenant_0,494.28,utility_points,"{""disagreement_utility"":0.0}",ok,valid,[],"[""event_00000237""]",evaluation_receipt,episode_attempt_93c1e72c28d44aeef233,34c16cfa4dca8766d2ded0e361586726736e3d5800483ff91b4aeb853a7a4d59,true
result_f7f250568a3e26029fb15b94,runplan_655e5cbdd097e7a2,cell_b64f9c40ee31dcafb6f6,housing_v1__experiment__000001,housing_v1,housing_controlled_model_landlords_experiment,episode_attempt_93c1e72c28d44aeef233,34c16cfa4dca8766d2ded0e361586726736e3d5800483ff91b4aeb853a7a4d59,included,housing_social_welfare_leaf,1.0.0,social_welfare,1.0.0,utility,tenant_1,tenant_1,157.75,utility_points,"{""disagreement_utility"":0.0}",ok,valid,[],"[""event_00000237""]",evaluation_receipt,episode_attempt_93c1e72c28d44aeef233,34c16cfa4dca8766d2ded0e361586726736e3d5800483ff91b4aeb853a7a4d59,true
result_d18241d569b3c6b37983fd50,runplan_655e5cbdd097e7a2,cell_b64f9c40ee31dcafb6f6,housing_v1__experiment__000001,housing_v1,housing_controlled_model_landlords_experiment,episode_attempt_93c1e72c28d44aeef233,34c16cfa4dca8766d2ded0e361586726736e3d5800483ff91b4aeb853a7a4d59,included,housing_social_welfare_leaf,1.0.0,social_welfare,1.0.0,utility,tenant_2,tenant_2,233.32,utility_points,"{""disagreement_utility"":0.0}",ok,valid,[],"[""event_00000237""]",evaluation_receipt,episode_attempt_93c1e72c28d44aeef233,34c16cfa4dca8766d2ded0e361586726736e3d5800483ff91b4aeb853a7a4d59,true
result_6962496a707d55f7bb62a0f7,runplan_655e5cbdd097e7a2,cell_b64f9c40ee31dcafb6f6,housing_v1__experiment__000001,housing_v1,housing_controlled_model_landlords_experiment,episode_attempt_93c1e72c28d44aeef233,34c16cfa4dca8766d2ded0e361586726736e3d5800483ff91b4aeb853a7a4d59,included,housing_social_welfare_leaf,1.0.0,social_welfare,1.0.0,utility,tenant_3,tenant_3,0.0,utility_points,"{""disagreement_utility"":0.0}",ok,valid,[],"[""event_00000237""]",evaluation_receipt,episode_attempt_93c1e72c28d44aeef233,34c16cfa4dca8766d2ded0e361586726736e3d5800483ff91b4aeb853a7a4d59,true
result_852702af8346c43348fe7666,runplan_655e5cbdd097e7a2,cell_b64f9c40ee31dcafb6f6,housing_v1__experiment__000001,housing_v1,housing_controlled_model_landlords_experiment,episode_attempt_93c1e72c28d44aeef233,34c16cfa4dca8766d2ded0e361586726736e3d5800483ff91b4aeb853a7a4d59,included,housing_social_welfare_leaf,1.0.0,social_welfare,1.0.0,utility,tenant_4,tenant_4,0.0,utility_points,"{""disagreement_utility"":0.0}",ok,valid,[],"[""event_00000237""]",evaluation_receipt,episode_attempt_93c1e72c28d44aeef233,34c16cfa4dca8766d2ded0e361586726736e3d5800483ff91b4aeb853a7a4d59,true
result_a489c950ef841f0d8604a858,runplan_655e5cbdd097e7a2,cell_b64f9c40ee31dcafb6f6,housing_v1__experiment__000001,housing_v1,housing_controlled_model_landlords_experiment,episode_attempt_93c1e72c28d44aeef233,34c16cfa4dca8766d2ded0e361586726736e3d5800483ff91b4aeb853a7a4d59,included,housing_social_welfare_leaf,1.0.0,social_welfare,1.0.0,utility,tenant_5,tenant_5,0.0,utility_points,"{""disagreement_utility"":0.0}",ok,valid,[],"[""event_00000237""]",evaluation_receipt,episode_attempt_93c1e72c28d44aeef233,34c16cfa4dca8766d2ded0e361586726736e3d5800483ff91b4aeb853a7a4d59,true
result_ee6e96ae01bb6be94009c360,runplan_655e5cbdd097e7a2,cell_b64f9c40ee31dcafb6f6,housing_v1__experiment__000001,housing_v1,housing_controlled_model_landlords_experiment,episode_attempt_93c1e72c28d44aeef233,34c16cfa4dca8766d2ded0e361586726736e3d5800483ff91b4aeb853a7a4d59,included,housing_social_welfare_leaf,1.0.0,social_welfare,1.0.0,capture,landlord_0,landlord_0,43.6,utility_points,"{""disagreement_utility"":0.0}",ok,valid,[],"[""event_00000237""]",evaluation_receipt,episode_attempt_93c1e72c28d44aeef233,34c16cfa4dca8766d2ded0e361586726736e3d5800483ff91b4aeb853a7a4d59,true
result_00e43d5f1a08182b015e8c5c,runplan_655e5cbdd097e7a2,cell_b64f9c40ee31dcafb6f6,housing_v1__experiment__000001,housing_v1,housing_controlled_model_landlords_experiment,episode_attempt_93c1e72c28d44aeef233,34c16cfa4dca8766d2ded0e361586726736e3d5800483ff91b4aeb853a7a4d59,included,housing_social_welfare_leaf,1.0.0,social_welfare,1.0.0,capture,landlord_1,landlord_1,0.0,utility_points,"{""disagreement_utility"":0.0}",ok,valid,[],"[""event_00000237""]",evaluation_receipt,episode_attempt_93c1e72c28d44aeef233,34c16cfa4dca8766d2ded0e361586726736e3d5800483ff91b4aeb853a7a4d59,true
result_7a79f5deaebb76dc405fd090,runplan_655e5cbdd097e7a2,cell_b64f9c40ee31dcafb6f6,housing_v1__experiment__000001,housing_v1,housing_controlled_model_landlords_experiment,episode_attempt_93c1e72c28d44aeef233,34c16cfa4dca8766d2ded0e361586726736e3d5800483ff91b4aeb853a7a4d59,included,housing_social_welfare_leaf,1.0.0,social_welfare,1.0.0,capture,landlord_2,landlord_2,318.36,utility_points,"{""disagreement_utility"":0.0}",ok,valid,[],"[""event_00000237""]",evaluation_receipt,episode_attempt_93c1e72c28d44aeef233,34c16cfa4dca8766d2ded0e361586726736e3d5800483ff91b4aeb853a7a4d59,true
result_dfee9511f999d858ed9c53cd,runplan_655e5cbdd097e7a2,cell_b64f9c40ee31dcafb6f6,housing_v1__experiment__000001,housing_v1,housing_controlled_model_landlords_experiment,episode_attempt_93c1e72c28d44aeef233,34c16cfa4dca8766d2ded0e361586726736e3d5800483ff91b4aeb853a7a4d59,included,housing_social_welfare_leaf,1.0.0,social_welfare,1.0.0,capture,landlord_3,landlord_3,297.64,utility_points,"{""disagreement_utility"":0.0}",ok,valid,[],"[""event_00000237""]",evaluation_receipt,episode_attempt_93c1e72c28d44aeef233,34c16cfa4dca8766d2ded0e361586726736e3d5800483ff91b4aeb853a7a4d59,true
result_941401540cdfcfcd5c48c7c4,runplan_655e5cbdd097e7a2,cell_b64f9c40ee31dcafb6f6,housing_v1__experiment__000001,housing_v1,housing_controlled_model_landlords_experiment,episode_attempt_93c1e72c28d44aeef233,34c16cfa4dca8766d2ded0e361586726736e3d5800483ff91b4aeb853a7a4d59,included,housing_social_welfare_leaf,1.0.0,social_welfare,1.0.0,capture,tenant_0,tenant_0,494.28,utility_points,"{""disagreement_utility"":0.0}",ok,valid,[],"[""event_00000237""]",evaluation_receipt,episode_attempt_93c1e72c28d44aeef233,34c16cfa4dca8766d2ded0e361586726736e3d5800483ff91b4aeb853a7a4d59,true
result_a75e0054b6d95cf13b372823,runplan_655e5cbdd097e7a2,cell_b64f9c40ee31dcafb6f6,housing_v1__experiment__000001,housing_v1,housing_controlled_model_landlords_experiment,episode_attempt_93c1e72c28d44aeef233,34c16cfa4dca8766d2ded0e361586726736e3d5800483ff91b4aeb853a7a4d59,included,housing_social_welfare_leaf,1.0.0,social_welfare,1.0.0,capture,tenant_1,tenant_1,157.75,utility_points,"{""disagreement_utility"":0.0}",ok,valid,[],"[""event_00000237""]",evaluation_receipt,episode_attempt_93c1e72c28d44aeef233,34c16cfa4dca8766d2ded0e361586726736e3d5800483ff91b4aeb853a7a4d59,true
result_630395e91c0121b5fc44e98b,runplan_655e5cbdd097e7a2,cell_b64f9c40ee31dcafb6f6,housing_v1__experiment__000001,housing_v1,housing_controlled_model_landlords_experiment,episode_attempt_93c1e72c28d44aeef233,34c16cfa4dca8766d2ded0e361586726736e3d5800483ff91b4aeb853a7a4d59,included,housing_social_welfare_leaf,1.0.0,social_welfare,1.0.0,capture,tenant_2,tenant_2,233.32,utility_points,"{""disagreement_utility"":0.0}",ok,valid,[],"[""event_00000237""]",evaluation_receipt,episode_attempt_93c1e72c28d44aeef233,34c16cfa4dca8766d2ded0e361586726736e3d5800483ff91b4aeb853a7a4d59,true
result_98e549fd48a5d741c2857d40,runplan_655e5cbdd097e7a2,cell_b64f9c40ee31dcafb6f6,housing_v1__experiment__000001,housing_v1,housing_controlled_model_landlords_experiment,episode_attempt_93c1e72c28d44aeef233,34c16cfa4dca8766d2ded0e361586726736e3d5800483ff91b4aeb853a7a4d59,included,housing_social_welfare_leaf,1.0.0,social_welfare,1.0.0,capture,tenant_3,tenant_3,0.0,utility_points,"{""disagreement_utility"":0.0}",ok,valid,[],"[""event_00000237""]",evaluation_receipt,episode_attempt_93c1e72c28d44aeef233,34c16cfa4dca8766d2ded0e361586726736e3d5800483ff91b4aeb853a7a4d59,true
result_a9ac64658f69ff97ac7c2d97,runplan_655e5cbdd097e7a2,cell_b64f9c40ee31dcafb6f6,housing_v1__experiment__000001,housing_v1,housing_controlled_model_landlords_experiment,episode_attempt_93c1e72c28d44aeef233,34c16cfa4dca8766d2ded0e361586726736e3d5800483ff91b4aeb853a7a4d59,included,housing_social_welfare_leaf,1.0.0,social_welfare,1.0.0,capture,tenant_4,tenant_4,0.0,utility_points,"{""disagreement_utility"":0.0}",ok,valid,[],"[""event_00000237""]",evaluation_receipt,episode_attempt_93c1e72c28d44aeef233,34c16cfa4dca8766d2ded0e361586726736e3d5800483ff91b4aeb853a7a4d59,true
result_df5c15449e2f476f475e61d9,runplan_655e5cbdd097e7a2,cell_b64f9c40ee31dcafb6f6,housing_v1__experiment__000001,housing_v1,housing_controlled_model_landlords_experiment,episode_attempt_93c1e72c28d44aeef233,34c16cfa4dca8766d2ded0e361586726736e3d5800483ff91b4aeb853a7a4d59,included,housing_social_welfare_leaf,1.0.0,social_welfare,1.0.0,capture,tenant_5,tenant_5,0.0,utility_points,"{""disagreement_utility"":0.0}",ok,valid,[],"[""event_00000237""]",evaluation_receipt,episode_attempt_93c1e72c28d44aeef233,34c16cfa4dca8766d2ded0e361586726736e3d5800483ff91b4aeb853a7a4d59,true
result_63048c15380c1f409f9bc57e,runplan_655e5cbdd097e7a2,cell_e1d4e8d199ec30dc426a,housing_v1__experiment__000005,housing_v1,housing_controlled_model_landlords_experiment,episode_attempt_342bf0756de79dc2ee28,41bfe52a1424d1f93acea919f0d0dcfb396f5d6998b842d5e375b6db96d18296,included,housing_social_welfare_leaf,1.0.0,social_welfare,1.0.0,primary,social_welfare,,1239.34,utility_points,{},ok,valid,[],"[""event_00000273""]",evaluation_receipt,episode_attempt_342bf0756de79dc2ee28,41bfe52a1424d1f93acea919f0d0dcfb396f5d6998b842d5e375b6db96d18296,true
result_7cd05c929a8c112803babb6c,runplan_655e5cbdd097e7a2,cell_e1d4e8d199ec30dc426a,housing_v1__experiment__000005,housing_v1,housing_controlled_model_landlords_experiment,episode_attempt_342bf0756de79dc2ee28,41bfe52a1424d1f93acea919f0d0dcfb396f5d6998b842d5e375b6db96d18296,included,housing_social_welfare_leaf,1.0.0,social_welfare,1.0.0,metric,comparison_baseline_gap,,7.569999999999936,utility_points,{},ok,valid,[],"[""event_00000273""]",evaluation_receipt,episode_attempt_342bf0756de79dc2ee28,41bfe52a1424d1f93acea919f0d0dcfb396f5d6998b842d5e375b6db96d18296,true
result_6d1862c49a0b2d8e589e3bcf,runplan_655e5cbdd097e7a2,cell_e1d4e8d199ec30dc426a,housing_v1__experiment__000005,housing_v1,housing_controlled_model_landlords_experiment,episode_attempt_342bf0756de79dc2ee28,41bfe52a1424d1f93acea919f0d0dcfb396f5d6998b842d5e375b6db96d18296,included,housing_social_welfare_leaf,1.0.0,social_welfare,1.0.0,metric,ir_violation_count,,0.0,count,{},ok,valid,[],"[""event_00000273""]",evaluation_receipt,episode_attempt_342bf0756de79dc2ee28,41bfe52a1424d1f93acea919f0d0dcfb396f5d6998b842d5e375b6db96d18296,true
result_f30a8dabed01db15971a2437,runplan_655e5cbdd097e7a2,cell_e1d4e8d199ec30dc426a,housing_v1__experiment__000005,housing_v1,housing_controlled_model_landlords_experiment,episode_attempt_342bf0756de79dc2ee28,41bfe52a1424d1f93acea919f0d0dcfb396f5d6998b842d5e375b6db96d18296,included,housing_social_welfare_leaf,1.0.0,social_welfare,1.0.0,metric,social_welfare,,1239.34,utility_points,{},ok,valid,[],"[""event_00000273""]",evaluation_receipt,episode_attempt_342bf0756de79dc2ee28,41bfe52a1424d1f93acea919f0d0dcfb396f5d6998b842d5e375b6db96d18296,true
result_d3ae25f978599125193f32e5,runplan_655e5cbdd097e7a2,cell_e1d4e8d199ec30dc426a,housing_v1__experiment__000005,housing_v1,housing_controlled_model_landlords_experiment,episode_attempt_342bf0756de79dc2ee28,41bfe52a1424d1f93acea919f0d0dcfb396f5d6998b842d5e375b6db96d18296,included,housing_social_welfare_leaf,1.0.0,social_welfare,1.0.0,metric,upper_bound_gap,,109.45000000000005,utility_points,{},ok,valid,[],"[""event_00000273""]",evaluation_receipt,episode_attempt_342bf0756de79dc2ee28,41bfe52a1424d1f93acea919f0d0dcfb396f5d6998b842d5e375b6db96d18296,true
result_220343e77aeac2a2be394d38,runplan_655e5cbdd097e7a2,cell_e1d4e8d199ec30dc426a,housing_v1__experiment__000005,housing_v1,housing_controlled_model_landlords_experiment,episode_attempt_342bf0756de79dc2ee28,41bfe52a1424d1f93acea919f0d0dcfb396f5d6998b842d5e375b6db96d18296,included,housing_social_welfare_leaf,1.0.0,social_welfare,1.0.0,metric,wasted_contacts,,7.0,count,{},ok,valid,[],"[""event_00000273""]",evaluation_receipt,episode_attempt_342bf0756de79dc2ee28,41bfe52a1424d1f93acea919f0d0dcfb396f5d6998b842d5e375b6db96d18296,true
result_9a2d85fbb672a6c635e1c4a8,runplan_655e5cbdd097e7a2,cell_e1d4e8d199ec30dc426a,housing_v1__experiment__000005,housing_v1,housing_controlled_model_landlords_experiment,episode_attempt_342bf0756de79dc2ee28,41bfe52a1424d1f93acea919f0d0dcfb396f5d6998b842d5e375b6db96d18296,included,housing_social_welfare_leaf,1.0.0,social_welfare,1.0.0,metric,within_case_score,,0.9188531943445607,ratio,{},ok,valid,[],"[""event_00000273""]",evaluation_receipt,episode_attempt_342bf0756de79dc2ee28,41bfe52a1424d1f93acea919f0d0dcfb396f5d6998b842d5e375b6db96d18296,true
result_c3b2b10a8f3b48a034c53fba,runplan_655e5cbdd097e7a2,cell_e1d4e8d199ec30dc426a,housing_v1__experiment__000005,housing_v1,housing_controlled_model_landlords_experiment,episode_attempt_342bf0756de79dc2ee28,41bfe52a1424d1f93acea919f0d0dcfb396f5d6998b842d5e375b6db96d18296,included,housing_social_welfare_leaf,1.0.0,social_welfare,1.0.0,reference,comparison_baseline,,1231.77,utility_points,"{""policy"":""naive"",""reference_kind"":""comparison_baseline""}",ok,valid,[],"[""event_00000273""]",evaluation_receipt,episode_attempt_342bf0756de79dc2ee28,41bfe52a1424d1f93acea919f0d0dcfb396f5d6998b842d5e375b6db96d18296,true
result_a7a25dc03dc827ada9eb9f8e,runplan_655e5cbdd097e7a2,cell_e1d4e8d199ec30dc426a,housing_v1__experiment__000005,housing_v1,housing_controlled_model_landlords_experiment,episode_attempt_342bf0756de79dc2ee28,41bfe52a1424d1f93acea919f0d0dcfb396f5d6998b842d5e375b6db96d18296,included,housing_social_welfare_leaf,1.0.0,social_welfare,1.0.0,reference,optimum_lower_bound,,0.0,utility_points,"{""policy"":""do_nothing"",""reference_kind"":""objective_lower_bound""}",ok,valid,[],"[""event_00000273""]",evaluation_receipt,episode_attempt_342bf0756de79dc2ee28,41bfe52a1424d1f93acea919f0d0dcfb396f5d6998b842d5e375b6db96d18296,true
result_623223211d45a1e507a3209a,runplan_655e5cbdd097e7a2,cell_e1d4e8d199ec30dc426a,housing_v1__experiment__000005,housing_v1,housing_controlled_model_landlords_experiment,episode_attempt_342bf0756de79dc2ee28,41bfe52a1424d1f93acea919f0d0dcfb396f5d6998b842d5e375b6db96d18296,included,housing_social_welfare_leaf,1.0.0,social_welfare,1.0.0,reference,optimum_upper_bound,,1348.79,utility_points,"{""reference_kind"":""objective_upper_bound"",""semantics"":""full_information_allocation_relaxation""}",ok,valid,[],"[""event_00000273""]",evaluation_receipt,episode_attempt_342bf0756de79dc2ee28,41bfe52a1424d1f93acea919f0d0dcfb396f5d6998b842d5e375b6db96d18296,true
result_9234d8eb146031d2e74cce44,runplan_655e5cbdd097e7a2,cell_e1d4e8d199ec30dc426a,housing_v1__experiment__000005,housing_v1,housing_controlled_model_landlords_experiment,episode_attempt_342bf0756de79dc2ee28,41bfe52a1424d1f93acea919f0d0dcfb396f5d6998b842d5e375b6db96d18296,included,housing_social_welfare_leaf,1.0.0,social_welfare,1.0.0,utility,landlord_0,landlord_0,30.29,utility_points,"{""disagreement_utility"":0.0}",ok,valid,[],"[""event_00000273""]",evaluation_receipt,episode_attempt_342bf0756de79dc2ee28,41bfe52a1424d1f93acea919f0d0dcfb396f5d6998b842d5e375b6db96d18296,true
result_17e90d87b831ef4d19bbd6f8,runplan_655e5cbdd097e7a2,cell_e1d4e8d199ec30dc426a,housing_v1__experiment__000005,housing_v1,housing_controlled_model_landlords_experiment,episode_attempt_342bf0756de79dc2ee28,41bfe52a1424d1f93acea919f0d0dcfb396f5d6998b842d5e375b6db96d18296,included,housing_social_welfare_leaf,1.0.0,social_welfare,1.0.0,utility,landlord_1,landlord_1,0.0,utility_points,"{""disagreement_utility"":0.0}",ok,valid,[],"[""event_00000273""]",evaluation_receipt,episode_attempt_342bf0756de79dc2ee28,41bfe52a1424d1f93acea919f0d0dcfb396f5d6998b842d5e375b6db96d18296,true
result_d84be82a2b3fd967b3d87d10,runplan_655e5cbdd097e7a2,cell_e1d4e8d199ec30dc426a,housing_v1__experiment__000005,housing_v1,housing_controlled_model_landlords_experiment,episode_attempt_342bf0756de79dc2ee28,41bfe52a1424d1f93acea919f0d0dcfb396f5d6998b842d5e375b6db96d18296,included,housing_social_welfare_leaf,1.0.0,social_welfare,1.0.0,utility,landlord_2,landlord_2,73.64,utility_points,"{""disagreement_utility"":0.0}",ok,valid,[],"[""event_00000273""]",evaluation_receipt,episode_attempt_342bf0756de79dc2ee28,41bfe52a1424d1f93acea919f0d0dcfb396f5d6998b842d5e375b6db96d18296,true
result_dd2af569248fe1d49ae5c3b4,runplan_655e5cbdd097e7a2,cell_e1d4e8d199ec30dc426a,housing_v1__experiment__000005,housing_v1,housing_controlled_model_landlords_experiment,episode_attempt_342bf0756de79dc2ee28,41bfe52a1424d1f93acea919f0d0dcfb396f5d6998b842d5e375b6db96d18296,included,housing_social_welfare_leaf,1.0.0,social_welfare,1.0.0,utility,landlord_3,landlord_3,503.77,utility_points,"{""disagreement_utility"":0.0}",ok,valid,[],"[""event_00000273""]",evaluation_receipt,episode_attempt_342bf0756de79dc2ee28,41bfe52a1424d1f93acea919f0d0dcfb396f5d6998b842d5e375b6db96d18296,true
result_7c67894eec6fe3dd1538fdf9,runplan_655e5cbdd097e7a2,cell_e1d4e8d199ec30dc426a,housing_v1__experiment__000005,housing_v1,housing_controlled_model_landlords_experiment,episode_attempt_342bf0756de79dc2ee28,41bfe52a1424d1f93acea919f0d0dcfb396f5d6998b842d5e375b6db96d18296,included,housing_social_welfare_leaf,1.0.0,social_welfare,1.0.0,utility,tenant_0,tenant_0,472.54,utility_points,"{""disagreement_utility"":0.0}",ok,valid,[],"[""event_00000273""]",evaluation_receipt,episode_attempt_342bf0756de79dc2ee28,41bfe52a1424d1f93acea919f0d0dcfb396f5d6998b842d5e375b6db96d18296,true
result_7404c84e82ab2a894dc8c748,runplan_655e5cbdd097e7a2,cell_e1d4e8d199ec30dc426a,housing_v1__experiment__000005,housing_v1,housing_controlled_model_landlords_experiment,episode_attempt_342bf0756de79dc2ee28,41bfe52a1424d1f93acea919f0d0dcfb396f5d6998b842d5e375b6db96d18296,included,housing_social_welfare_leaf,1.0.0,social_welfare,1.0.0,utility,tenant_1,tenant_1,106.85,utility_points,"{""disagreement_utility"":0.0}",ok,valid,[],"[""event_00000273""]",evaluation_receipt,episode_attempt_342bf0756de79dc2ee28,41bfe52a1424d1f93acea919f0d0dcfb396f5d6998b842d5e375b6db96d18296,true
result_9b7733f2cf8449043d1bca62,runplan_655e5cbdd097e7a2,cell_e1d4e8d199ec30dc426a,housing_v1__experiment__000005,housing_v1,housing_controlled_model_landlords_experiment,episode_attempt_342bf0756de79dc2ee28,41bfe52a1424d1f93acea919f0d0dcfb396f5d6998b842d5e375b6db96d18296,included,housing_social_welfare_leaf,1.0.0,social_welfare,1.0.0,utility,tenant_2,tenant_2,52.25,utility_points,"{""disagreement_utility"":0.0}",ok,valid,[],"[""event_00000273""]",evaluation_receipt,episode_attempt_342bf0756de79dc2ee28,41bfe52a1424d1f93acea919f0d0dcfb396f5d6998b842d5e375b6db96d18296,true
result_370266fdc81cb139a3a3729d,runplan_655e5cbdd097e7a2,cell_e1d4e8d199ec30dc426a,housing_v1__experiment__000005,housing_v1,housing_controlled_model_landlords_experiment,episode_attempt_342bf0756de79dc2ee28,41bfe52a1424d1f93acea919f0d0dcfb396f5d6998b842d5e375b6db96d18296,included,housing_social_welfare_leaf,1.0.0,social_welfare,1.0.0,utility,tenant_3,tenant_3,0.0,utility_points,"{""disagreement_utility"":0.0}",ok,valid,[],"[""event_00000273""]",evaluation_receipt,episode_attempt_342bf0756de79dc2ee28,41bfe52a1424d1f93acea919f0d0dcfb396f5d6998b842d5e375b6db96d18296,true
result_880a0030e814dc28dedc48d8,runplan_655e5cbdd097e7a2,cell_e1d4e8d199ec30dc426a,housing_v1__experiment__000005,housing_v1,housing_controlled_model_landlords_experiment,episode_attempt_342bf0756de79dc2ee28,41bfe52a1424d1f93acea919f0d0dcfb396f5d6998b842d5e375b6db96d18296,included,housing_social_welfare_leaf,1.0.0,social_welfare,1.0.0,utility,tenant_4,tenant_4,0.0,utility_points,"{""disagreement_utility"":0.0}",ok,valid,[],"[""event_00000273""]",evaluation_receipt,episode_attempt_342bf0756de79dc2ee28,41bfe52a1424d1f93acea919f0d0dcfb396f5d6998b842d5e375b6db96d18296,true
result_d600bdca619a6705338eca69,runplan_655e5cbdd097e7a2,cell_e1d4e8d199ec30dc426a,housing_v1__experiment__000005,housing_v1,housing_controlled_model_landlords_experiment,episode_attempt_342bf0756de79dc2ee28,41bfe52a1424d1f93acea919f0d0dcfb396f5d6998b842d5e375b6db96d18296,included,housing_social_welfare_leaf,1.0.0,social_welfare,1.0.0,utility,tenant_5,tenant_5,0.0,utility_points,"{""disagreement_utility"":0.0}",ok,valid,[],"[""event_00000273""]",evaluation_receipt,episode_attempt_342bf0756de79dc2ee28,41bfe52a1424d1f93acea919f0d0dcfb396f5d6998b842d5e375b6db96d18296,true
result_7ea42e04893c7ff0d4288a27,runplan_655e5cbdd097e7a2,cell_e1d4e8d199ec30dc426a,housing_v1__experiment__000005,housing_v1,housing_controlled_model_landlords_experiment,episode_attempt_342bf0756de79dc2ee28,41bfe52a1424d1f93acea919f0d0dcfb396f5d6998b842d5e375b6db96d18296,included,housing_social_welfare_leaf,1.0.0,social_welfare,1.0.0,capture,landlord_0,landlord_0,30.29,utility_points,"{""disagreement_utility"":0.0}",ok,valid,[],"[""event_00000273""]",evaluation_receipt,episode_attempt_342bf0756de79dc2ee28,41bfe52a1424d1f93acea919f0d0dcfb396f5d6998b842d5e375b6db96d18296,true
result_672d06381a032738ba128fe8,runplan_655e5cbdd097e7a2,cell_e1d4e8d199ec30dc426a,housing_v1__experiment__000005,housing_v1,housing_controlled_model_landlords_experiment,episode_attempt_342bf0756de79dc2ee28,41bfe52a1424d1f93acea919f0d0dcfb396f5d6998b842d5e375b6db96d18296,included,housing_social_welfare_leaf,1.0.0,social_welfare,1.0.0,capture,landlord_1,landlord_1,0.0,utility_points,"{""disagreement_utility"":0.0}",ok,valid,[],"[""event_00000273""]",evaluation_receipt,episode_attempt_342bf0756de79dc2ee28,41bfe52a1424d1f93acea919f0d0dcfb396f5d6998b842d5e375b6db96d18296,true
result_7bf36f9bef2fc60e5f5823b3,runplan_655e5cbdd097e7a2,cell_e1d4e8d199ec30dc426a,housing_v1__experiment__000005,housing_v1,housing_controlled_model_landlords_experiment,episode_attempt_342bf0756de79dc2ee28,41bfe52a1424d1f93acea919f0d0dcfb396f5d6998b842d5e375b6db96d18296,included,housing_social_welfare_leaf,1.0.0,social_welfare,1.0.0,capture,landlord_2,landlord_2,73.64,utility_points,"{""disagreement_utility"":0.0}",ok,valid,[],"[""event_00000273""]",evaluation_receipt,episode_attempt_342bf0756de79dc2ee28,41bfe52a1424d1f93acea919f0d0dcfb396f5d6998b842d5e375b6db96d18296,true
result_d031654347cc8e7416ba4df8,runplan_655e5cbdd097e7a2,cell_e1d4e8d199ec30dc426a,housing_v1__experiment__000005,housing_v1,housing_controlled_model_landlords_experiment,episode_attempt_342bf0756de79dc2ee28,41bfe52a1424d1f93acea919f0d0dcfb396f5d6998b842d5e375b6db96d18296,included,housing_social_welfare_leaf,1.0.0,social_welfare,1.0.0,capture,landlord_3,landlord_3,503.77,utility_points,"{""disagreement_utility"":0.0}",ok,valid,[],"[""event_00000273""]",evaluation_receipt,episode_attempt_342bf0756de79dc2ee28,41bfe52a1424d1f93acea919f0d0dcfb396f5d6998b842d5e375b6db96d18296,true
result_410a8fd10dde8a02be489fc0,runplan_655e5cbdd097e7a2,cell_e1d4e8d199ec30dc426a,housing_v1__experiment__000005,housing_v1,housing_controlled_model_landlords_experiment,episode_attempt_342bf0756de79dc2ee28,41bfe52a1424d1f93acea919f0d0dcfb396f5d6998b842d5e375b6db96d18296,included,housing_social_welfare_leaf,1.0.0,social_welfare,1.0.0,capture,tenant_0,tenant_0,472.54,utility_points,"{""disagreement_utility"":0.0}",ok,valid,[],"[""event_00000273""]",evaluation_receipt,episode_attempt_342bf0756de79dc2ee28,41bfe52a1424d1f93acea919f0d0dcfb396f5d6998b842d5e375b6db96d18296,true
result_54a9f3ce63075df0dfce1118,runplan_655e5cbdd097e7a2,cell_e1d4e8d199ec30dc426a,housing_v1__experiment__000005,housing_v1,housing_controlled_model_landlords_experiment,episode_attempt_342bf0756de79dc2ee28,41bfe52a1424d1f93acea919f0d0dcfb396f5d6998b842d5e375b6db96d18296,included,housing_social_welfare_leaf,1.0.0,social_welfare,1.0.0,capture,tenant_1,tenant_1,106.85,utility_points,"{""disagreement_utility"":0.0}",ok,valid,[],"[""event_00000273""]",evaluation_receipt,episode_attempt_342bf0756de79dc2ee28,41bfe52a1424d1f93acea919f0d0dcfb396f5d6998b842d5e375b6db96d18296,true
result_f3748fd74051420f7f6ad4a8,runplan_655e5cbdd097e7a2,cell_e1d4e8d199ec30dc426a,housing_v1__experiment__000005,housing_v1,housing_controlled_model_landlords_experiment,episode_attempt_342bf0756de79dc2ee28,41bfe52a1424d1f93acea919f0d0dcfb396f5d6998b842d5e375b6db96d18296,included,housing_social_welfare_leaf,1.0.0,social_welfare,1.0.0,capture,tenant_2,tenant_2,52.25,utility_points,"{""disagreement_utility"":0.0}",ok,valid,[],"[""event_00000273""]",evaluation_receipt,episode_attempt_342bf0756de79dc2ee28,41bfe52a1424d1f93acea919f0d0dcfb396f5d6998b842d5e375b6db96d18296,true
result_92d1b6f8f297375b9165c8d7,runplan_655e5cbdd097e7a2,cell_e1d4e8d199ec30dc426a,housing_v1__experiment__000005,housing_v1,housing_controlled_model_landlords_experiment,episode_attempt_342bf0756de79dc2ee28,41bfe52a1424d1f93acea919f0d0dcfb396f5d6998b842d5e375b6db96d18296,included,housing_social_welfare_leaf,1.0.0,social_welfare,1.0.0,capture,tenant_3,tenant_3,0.0,utility_points,"{""disagreement_utility"":0.0}",ok,valid,[],"[""event_00000273""]",evaluation_receipt,episode_attempt_342bf0756de79dc2ee28,41bfe52a1424d1f93acea919f0d0dcfb396f5d6998b842d5e375b6db96d18296,true
result_2c3afeff425ba8ad987959a8,runplan_655e5cbdd097e7a2,cell_e1d4e8d199ec30dc426a,housing_v1__experiment__000005,housing_v1,housing_controlled_model_landlords_experiment,episode_attempt_342bf0756de79dc2ee28,41bfe52a1424d1f93acea919f0d0dcfb396f5d6998b842d5e375b6db96d18296,included,housing_social_welfare_leaf,1.0.0,social_welfare,1.0.0,capture,tenant_4,tenant_4,0.0,utility_points,"{""disagreement_utility"":0.0}",ok,valid,[],"[""event_00000273""]",evaluation_receipt,episode_attempt_342bf0756de79dc2ee28,41bfe52a1424d1f93acea919f0d0dcfb396f5d6998b842d5e375b6db96d18296,true
result_f0ac9c169e86bee0c878a600,runplan_655e5cbdd097e7a2,cell_e1d4e8d199ec30dc426a,housing_v1__experiment__000005,housing_v1,housing_controlled_model_landlords_experiment,episode_attempt_342bf0756de79dc2ee28,41bfe52a1424d1f93acea919f0d0dcfb396f5d6998b842d5e375b6db96d18296,included,housing_social_welfare_leaf,1.0.0,social_welfare,1.0.0,capture,tenant_5,tenant_5,0.0,utility_points,"{""disagreement_utility"":0.0}",ok,valid,[],"[""event_00000273""]",evaluation_receipt,episode_attempt_342bf0756de79dc2ee28,41bfe52a1424d1f93acea919f0d0dcfb396f5d6998b842d5e375b6db96d18296,true
result_4ecd0337465e81f1fb7c3977,runplan_655e5cbdd097e7a2,cell_e20abefba0dfba42fb39,housing_v1__experiment__000003,housing_v1,housing_controlled_model_landlords_experiment,episode_attempt_c56f6f7d6f99be18ebdd,2e30b5707eca915e37806e85245244455e862c42df9be5c8e4baf4443172ea64,included,housing_social_welfare_leaf,1.0.0,social_welfare,1.0.0,primary,social_welfare,,765.97,utility_points,{},ok,valid,[],"[""event_00000227""]",evaluation_receipt,episode_attempt_c56f6f7d6f99be18ebdd,2e30b5707eca915e37806e85245244455e862c42df9be5c8e4baf4443172ea64,true
result_65d7fc7a7a279f2329d0060b,runplan_655e5cbdd097e7a2,cell_e20abefba0dfba42fb39,housing_v1__experiment__000003,housing_v1,housing_controlled_model_landlords_experiment,episode_attempt_c56f6f7d6f99be18ebdd,2e30b5707eca915e37806e85245244455e862c42df9be5c8e4baf4443172ea64,included,housing_social_welfare_leaf,1.0.0,social_welfare,1.0.0,metric,comparison_baseline_gap,,-21.069999999999936,utility_points,{},ok,valid,[],"[""event_00000227""]",evaluation_receipt,episode_attempt_c56f6f7d6f99be18ebdd,2e30b5707eca915e37806e85245244455e862c42df9be5c8e4baf4443172ea64,true
result_a9403e39f17474b85d593f68,runplan_655e5cbdd097e7a2,cell_e20abefba0dfba42fb39,housing_v1__experiment__000003,housing_v1,housing_controlled_model_landlords_experiment,episode_attempt_c56f6f7d6f99be18ebdd,2e30b5707eca915e37806e85245244455e862c42df9be5c8e4baf4443172ea64,included,housing_social_welfare_leaf,1.0.0,social_welfare,1.0.0,metric,ir_violation_count,,0.0,count,{},ok,valid,[],"[""event_00000227""]",evaluation_receipt,episode_attempt_c56f6f7d6f99be18ebdd,2e30b5707eca915e37806e85245244455e862c42df9be5c8e4baf4443172ea64,true
result_f216b6af765a000947c5c02e,runplan_655e5cbdd097e7a2,cell_e20abefba0dfba42fb39,housing_v1__experiment__000003,housing_v1,housing_controlled_model_landlords_experiment,episode_attempt_c56f6f7d6f99be18ebdd,2e30b5707eca915e37806e85245244455e862c42df9be5c8e4baf4443172ea64,included,housing_social_welfare_leaf,1.0.0,social_welfare,1.0.0,metric,social_welfare,,765.97,utility_points,{},ok,valid,[],"[""event_00000227""]",evaluation_receipt,episode_attempt_c56f6f7d6f99be18ebdd,2e30b5707eca915e37806e85245244455e862c42df9be5c8e4baf4443172ea64,true
result_0decede3b92f6b3316c4eb08,runplan_655e5cbdd097e7a2,cell_e20abefba0dfba42fb39,housing_v1__experiment__000003,housing_v1,housing_controlled_model_landlords_experiment,episode_attempt_c56f6f7d6f99be18ebdd,2e30b5707eca915e37806e85245244455e862c42df9be5c8e4baf4443172ea64,included,housing_social_welfare_leaf,1.0.0,social_welfare,1.0.0,metric,upper_bound_gap,,232.26999999999998,utility_points,{},ok,valid,[],"[""event_00000227""]",evaluation_receipt,episode_attempt_c56f6f7d6f99be18ebdd,2e30b5707eca915e37806e85245244455e862c42df9be5c8e4baf4443172ea64,true
result_bc345d7326c05614a4c2b1a2,runplan_655e5cbdd097e7a2,cell_e20abefba0dfba42fb39,housing_v1__experiment__000003,housing_v1,housing_controlled_model_landlords_experiment,episode_attempt_c56f6f7d6f99be18ebdd,2e30b5707eca915e37806e85245244455e862c42df9be5c8e4baf4443172ea64,included,housing_social_welfare_leaf,1.0.0,social_welfare,1.0.0,metric,wasted_contacts,,6.0,count,{},ok,valid,[],"[""event_00000227""]",evaluation_receipt,episode_attempt_c56f6f7d6f99be18ebdd,2e30b5707eca915e37806e85245244455e862c42df9be5c8e4baf4443172ea64,true
result_0ce40edaa9584d4ebda935fb,runplan_655e5cbdd097e7a2,cell_e20abefba0dfba42fb39,housing_v1__experiment__000003,housing_v1,housing_controlled_model_landlords_experiment,episode_attempt_c56f6f7d6f99be18ebdd,2e30b5707eca915e37806e85245244455e862c42df9be5c8e4baf4443172ea64,included,housing_social_welfare_leaf,1.0.0,social_welfare,1.0.0,metric,within_case_score,,0.7673204840519314,ratio,{},ok,valid,[],"[""event_00000227""]",evaluation_receipt,episode_attempt_c56f6f7d6f99be18ebdd,2e30b5707eca915e37806e85245244455e862c42df9be5c8e4baf4443172ea64,true
result_35dd4aba87c7fc8b5895ded0,runplan_655e5cbdd097e7a2,cell_e20abefba0dfba42fb39,housing_v1__experiment__000003,housing_v1,housing_controlled_model_landlords_experiment,episode_attempt_c56f6f7d6f99be18ebdd,2e30b5707eca915e37806e85245244455e862c42df9be5c8e4baf4443172ea64,included,housing_social_welfare_leaf,1.0.0,social_welfare,1.0.0,reference,comparison_baseline,,787.04,utility_points,"{""policy"":""naive"",""reference_kind"":""comparison_baseline""}",ok,valid,[],"[""event_00000227""]",evaluation_receipt,episode_attempt_c56f6f7d6f99be18ebdd,2e30b5707eca915e37806e85245244455e862c42df9be5c8e4baf4443172ea64,true
result_d81dfed92fe7e885f3ee1f36,runplan_655e5cbdd097e7a2,cell_e20abefba0dfba42fb39,housing_v1__experiment__000003,housing_v1,housing_controlled_model_landlords_experiment,episode_attempt_c56f6f7d6f99be18ebdd,2e30b5707eca915e37806e85245244455e862c42df9be5c8e4baf4443172ea64,included,housing_social_welfare_leaf,1.0.0,social_welfare,1.0.0,reference,optimum_lower_bound,,0.0,utility_points,"{""policy"":""do_nothing"",""reference_kind"":""objective_lower_bound""}",ok,valid,[],"[""event_00000227""]",evaluation_receipt,episode_attempt_c56f6f7d6f99be18ebdd,2e30b5707eca915e37806e85245244455e862c42df9be5c8e4baf4443172ea64,true
result_7dfbf317a183162f5529b423,runplan_655e5cbdd097e7a2,cell_e20abefba0dfba42fb39,housing_v1__experiment__000003,housing_v1,housing_controlled_model_landlords_experiment,episode_attempt_c56f6f7d6f99be18ebdd,2e30b5707eca915e37806e85245244455e862c42df9be5c8e4baf4443172ea64,included,housing_social_welfare_leaf,1.0.0,social_welfare,1.0.0,reference,optimum_upper_bound,,998.24,utility_points,"{""reference_kind"":""objective_upper_bound"",""semantics"":""full_information_allocation_relaxation""}",ok,valid,[],"[""event_00000227""]",evaluation_receipt,episode_attempt_c56f6f7d6f99be18ebdd,2e30b5707eca915e37806e85245244455e862c42df9be5c8e4baf4443172ea64,true
result_acfaa4effcdefe2057f3c234,runplan_655e5cbdd097e7a2,cell_e20abefba0dfba42fb39,housing_v1__experiment__000003,housing_v1,housing_controlled_model_landlords_experiment,episode_attempt_c56f6f7d6f99be18ebdd,2e30b5707eca915e37806e85245244455e862c42df9be5c8e4baf4443172ea64,included,housing_social_welfare_leaf,1.0.0,social_welfare,1.0.0,utility,landlord_0,landlord_0,37.85,utility_points,"{""disagreement_utility"":0.0}",ok,valid,[],"[""event_00000227""]",evaluation_receipt,episode_attempt_c56f6f7d6f99be18ebdd,2e30b5707eca915e37806e85245244455e862c42df9be5c8e4baf4443172ea64,true
result_24eed713778623b072c4bbe3,runplan_655e5cbdd097e7a2,cell_e20abefba0dfba42fb39,housing_v1__experiment__000003,housing_v1,housing_controlled_model_landlords_experiment,episode_attempt_c56f6f7d6f99be18ebdd,2e30b5707eca915e37806e85245244455e862c42df9be5c8e4baf4443172ea64,included,housing_social_welfare_leaf,1.0.0,social_welfare,1.0.0,utility,landlord_1,landlord_1,25.3,utility_points,"{""disagreement_utility"":0.0}",ok,valid,[],"[""event_00000227""]",evaluation_receipt,episode_attempt_c56f6f7d6f99be18ebdd,2e30b5707eca915e37806e85245244455e862c42df9be5c8e4baf4443172ea64,true
result_2e3f2f822fa3f9fbc82eea39,runplan_655e5cbdd097e7a2,cell_e20abefba0dfba42fb39,housing_v1__experiment__000003,housing_v1,housing_controlled_model_landlords_experiment,episode_attempt_c56f6f7d6f99be18ebdd,2e30b5707eca915e37806e85245244455e862c42df9be5c8e4baf4443172ea64,included,housing_social_welfare_leaf,1.0.0,social_welfare,1.0.0,utility,landlord_2,landlord_2,123.81,utility_points,"{""disagreement_utility"":0.0}",ok,valid,[],"[""event_00000227""]",evaluation_receipt,episode_attempt_c56f6f7d6f99be18ebdd,2e30b5707eca915e37806e85245244455e862c42df9be5c8e4baf4443172ea64,true
result_de58d15433b030b54bb3940d,runplan_655e5cbdd097e7a2,cell_e20abefba0dfba42fb39,housing_v1__experiment__000003,housing_v1,housing_controlled_model_landlords_experiment,episode_attempt_c56f6f7d6f99be18ebdd,2e30b5707eca915e37806e85245244455e862c42df9be5c8e4baf4443172ea64,included,housing_social_welfare_leaf,1.0.0,social_welfare,1.0.0,utility,landlord_3,landlord_3,96.11,utility_points,"{""disagreement_utility"":0.0}",ok,valid,[],"[""event_00000227""]",evaluation_receipt,episode_attempt_c56f6f7d6f99be18ebdd,2e30b5707eca915e37806e85245244455e862c42df9be5c8e4baf4443172ea64,true
result_ede835f0ba7be183b1123bc3,runplan_655e5cbdd097e7a2,cell_e20abefba0dfba42fb39,housing_v1__experiment__000003,housing_v1,housing_controlled_model_landlords_experiment,episode_attempt_c56f6f7d6f99be18ebdd,2e30b5707eca915e37806e85245244455e862c42df9be5c8e4baf4443172ea64,included,housing_social_welfare_leaf,1.0.0,social_welfare,1.0.0,utility,tenant_0,tenant_0,0.0,utility_points,"{""disagreement_utility"":0.0}",ok,valid,[],"[""event_00000227""]",evaluation_receipt,episode_attempt_c56f6f7d6f99be18ebdd,2e30b5707eca915e37806e85245244455e862c42df9be5c8e4baf4443172ea64,true
result_a856d56583ab68cba3f8d719,runplan_655e5cbdd097e7a2,cell_e20abefba0dfba42fb39,housing_v1__experiment__000003,housing_v1,housing_controlled_model_landlords_experiment,episode_attempt_c56f6f7d6f99be18ebdd,2e30b5707eca915e37806e85245244455e862c42df9be5c8e4baf4443172ea64,included,housing_social_welfare_leaf,1.0.0,social_welfare,1.0.0,utility,tenant_1,tenant_1,0.0,utility_points,"{""disagreement_utility"":0.0}",ok,valid,[],"[""event_00000227""]",evaluation_receipt,episode_attempt_c56f6f7d6f99be18ebdd,2e30b5707eca915e37806e85245244455e862c42df9be5c8e4baf4443172ea64,true
result_9fd9d1e6d9e09b918f1521a6,runplan_655e5cbdd097e7a2,cell_e20abefba0dfba42fb39,housing_v1__experiment__000003,housing_v1,housing_controlled_model_landlords_experiment,episode_attempt_c56f6f7d6f99be18ebdd,2e30b5707eca915e37806e85245244455e862c42df9be5c8e4baf4443172ea64,included,housing_social_welfare_leaf,1.0.0,social_welfare,1.0.0,utility,tenant_2,tenant_2,0.0,utility_points,"{""disagreement_utility"":0.0}",ok,valid,[],"[""event_00000227""]",evaluation_receipt,episode_attempt_c56f6f7d6f99be18ebdd,2e30b5707eca915e37806e85245244455e862c42df9be5c8e4baf4443172ea64,true
result_e085ad00d746ef304432f5ab,runplan_655e5cbdd097e7a2,cell_e20abefba0dfba42fb39,housing_v1__experiment__000003,housing_v1,housing_controlled_model_landlords_experiment,episode_attempt_c56f6f7d6f99be18ebdd,2e30b5707eca915e37806e85245244455e862c42df9be5c8e4baf4443172ea64,included,housing_social_welfare_leaf,1.0.0,social_welfare,1.0.0,utility,tenant_3,tenant_3,278.19,utility_points,"{""disagreement_utility"":0.0}",ok,valid,[],"[""event_00000227""]",evaluation_receipt,episode_attempt_c56f6f7d6f99be18ebdd,2e30b5707eca915e37806e85245244455e862c42df9be5c8e4baf4443172ea64,true
result_b46177dceec2c6bfa53a396d,runplan_655e5cbdd097e7a2,cell_e20abefba0dfba42fb39,housing_v1__experiment__000003,housing_v1,housing_controlled_model_landlords_experiment,episode_attempt_c56f6f7d6f99be18ebdd,2e30b5707eca915e37806e85245244455e862c42df9be5c8e4baf4443172ea64,included,housing_social_welfare_leaf,1.0.0,social_welfare,1.0.0,utility,tenant_4,tenant_4,204.71,utility_points,"{""disagreement_utility"":0.0}",ok,valid,[],"[""event_00000227""]",evaluation_receipt,episode_attempt_c56f6f7d6f99be18ebdd,2e30b5707eca915e37806e85245244455e862c42df9be5c8e4baf4443172ea64,true
result_27e24054981e3d23947f98ef,runplan_655e5cbdd097e7a2,cell_e20abefba0dfba42fb39,housing_v1__experiment__000003,housing_v1,housing_controlled_model_landlords_experiment,episode_attempt_c56f6f7d6f99be18ebdd,2e30b5707eca915e37806e85245244455e862c42df9be5c8e4baf4443172ea64,included,housing_social_welfare_leaf,1.0.0,social_welfare,1.0.0,utility,tenant_5,tenant_5,0.0,utility_points,"{""disagreement_utility"":0.0}",ok,valid,[],"[""event_00000227""]",evaluation_receipt,episode_attempt_c56f6f7d6f99be18ebdd,2e30b5707eca915e37806e85245244455e862c42df9be5c8e4baf4443172ea64,true
result_cdd263d70381bbd6ad3c7a71,runplan_655e5cbdd097e7a2,cell_e20abefba0dfba42fb39,housing_v1__experiment__000003,housing_v1,housing_controlled_model_landlords_experiment,episode_attempt_c56f6f7d6f99be18ebdd,2e30b5707eca915e37806e85245244455e862c42df9be5c8e4baf4443172ea64,included,housing_social_welfare_leaf,1.0.0,social_welfare,1.0.0,capture,landlord_0,landlord_0,37.85,utility_points,"{""disagreement_utility"":0.0}",ok,valid,[],"[""event_00000227""]",evaluation_receipt,episode_attempt_c56f6f7d6f99be18ebdd,2e30b5707eca915e37806e85245244455e862c42df9be5c8e4baf4443172ea64,true
result_29838dc616df57bd42db4448,runplan_655e5cbdd097e7a2,cell_e20abefba0dfba42fb39,housing_v1__experiment__000003,housing_v1,housing_controlled_model_landlords_experiment,episode_attempt_c56f6f7d6f99be18ebdd,2e30b5707eca915e37806e85245244455e862c42df9be5c8e4baf4443172ea64,included,housing_social_welfare_leaf,1.0.0,social_welfare,1.0.0,capture,landlord_1,landlord_1,25.3,utility_points,"{""disagreement_utility"":0.0}",ok,valid,[],"[""event_00000227""]",evaluation_receipt,episode_attempt_c56f6f7d6f99be18ebdd,2e30b5707eca915e37806e85245244455e862c42df9be5c8e4baf4443172ea64,true
result_6bc4c53bb2810a9cfef75bf2,runplan_655e5cbdd097e7a2,cell_e20abefba0dfba42fb39,housing_v1__experiment__000003,housing_v1,housing_controlled_model_landlords_experiment,episode_attempt_c56f6f7d6f99be18ebdd,2e30b5707eca915e37806e85245244455e862c42df9be5c8e4baf4443172ea64,included,housing_social_welfare_leaf,1.0.0,social_welfare,1.0.0,capture,landlord_2,landlord_2,123.81,utility_points,"{""disagreement_utility"":0.0}",ok,valid,[],"[""event_00000227""]",evaluation_receipt,episode_attempt_c56f6f7d6f99be18ebdd,2e30b5707eca915e37806e85245244455e862c42df9be5c8e4baf4443172ea64,true
result_00d720435dbbb16c3bee73ce,runplan_655e5cbdd097e7a2,cell_e20abefba0dfba42fb39,housing_v1__experiment__000003,housing_v1,housing_controlled_model_landlords_experiment,episode_attempt_c56f6f7d6f99be18ebdd,2e30b5707eca915e37806e85245244455e862c42df9be5c8e4baf4443172ea64,included,housing_social_welfare_leaf,1.0.0,social_welfare,1.0.0,capture,landlord_3,landlord_3,96.11,utility_points,"{""disagreement_utility"":0.0}",ok,valid,[],"[""event_00000227""]",evaluation_receipt,episode_attempt_c56f6f7d6f99be18ebdd,2e30b5707eca915e37806e85245244455e862c42df9be5c8e4baf4443172ea64,true
result_d87500ec0154ed757cc34ae8,runplan_655e5cbdd097e7a2,cell_e20abefba0dfba42fb39,housing_v1__experiment__000003,housing_v1,housing_controlled_model_landlords_experiment,episode_attempt_c56f6f7d6f99be18ebdd,2e30b5707eca915e37806e85245244455e862c42df9be5c8e4baf4443172ea64,included,housing_social_welfare_leaf,1.0.0,social_welfare,1.0.0,capture,tenant_0,tenant_0,0.0,utility_points,"{""disagreement_utility"":0.0}",ok,valid,[],"[""event_00000227""]",evaluation_receipt,episode_attempt_c56f6f7d6f99be18ebdd,2e30b5707eca915e37806e85245244455e862c42df9be5c8e4baf4443172ea64,true
result_3b7395a5d44fbc779fc57bf7,runplan_655e5cbdd097e7a2,cell_e20abefba0dfba42fb39,housing_v1__experiment__000003,housing_v1,housing_controlled_model_landlords_experiment,episode_attempt_c56f6f7d6f99be18ebdd,2e30b5707eca915e37806e85245244455e862c42df9be5c8e4baf4443172ea64,included,housing_social_welfare_leaf,1.0.0,social_welfare,1.0.0,capture,tenant_1,tenant_1,0.0,utility_points,"{""disagreement_utility"":0.0}",ok,valid,[],"[""event_00000227""]",evaluation_receipt,episode_attempt_c56f6f7d6f99be18ebdd,2e30b5707eca915e37806e85245244455e862c42df9be5c8e4baf4443172ea64,true
result_934607b9be90a661465efcc1,runplan_655e5cbdd097e7a2,cell_e20abefba0dfba42fb39,housing_v1__experiment__000003,housing_v1,housing_controlled_model_landlords_experiment,episode_attempt_c56f6f7d6f99be18ebdd,2e30b5707eca915e37806e85245244455e862c42df9be5c8e4baf4443172ea64,included,housing_social_welfare_leaf,1.0.0,social_welfare,1.0.0,capture,tenant_2,tenant_2,0.0,utility_points,"{""disagreement_utility"":0.0}",ok,valid,[],"[""event_00000227""]",evaluation_receipt,episode_attempt_c56f6f7d6f99be18ebdd,2e30b5707eca915e37806e85245244455e862c42df9be5c8e4baf4443172ea64,true
result_4a1b45d3abc90e835638bdcf,runplan_655e5cbdd097e7a2,cell_e20abefba0dfba42fb39,housing_v1__experiment__000003,housing_v1,housing_controlled_model_landlords_experiment,episode_attempt_c56f6f7d6f99be18ebdd,2e30b5707eca915e37806e85245244455e862c42df9be5c8e4baf4443172ea64,included,housing_social_welfare_leaf,1.0.0,social_welfare,1.0.0,capture,tenant_3,tenant_3,278.19,utility_points,"{""disagreement_utility"":0.0}",ok,valid,[],"[""event_00000227""]",evaluation_receipt,episode_attempt_c56f6f7d6f99be18ebdd,2e30b5707eca915e37806e85245244455e862c42df9be5c8e4baf4443172ea64,true
result_51ab6b20dbe1464667f9f426,runplan_655e5cbdd097e7a2,cell_e20abefba0dfba42fb39,housing_v1__experiment__000003,housing_v1,housing_controlled_model_landlords_experiment,episode_attempt_c56f6f7d6f99be18ebdd,2e30b5707eca915e37806e85245244455e862c42df9be5c8e4baf4443172ea64,included,housing_social_welfare_leaf,1.0.0,social_welfare,1.0.0,capture,tenant_4,tenant_4,204.71,utility_points,"{""disagreement_utility"":0.0}",ok,valid,[],"[""event_00000227""]",evaluation_receipt,episode_attempt_c56f6f7d6f99be18ebdd,2e30b5707eca915e37806e85245244455e862c42df9be5c8e4baf4443172ea64,true
result_fd56094079b2d120623d8d87,runplan_655e5cbdd097e7a2,cell_e20abefba0dfba42fb39,housing_v1__experiment__000003,housing_v1,housing_controlled_model_landlords_experiment,episode_attempt_c56f6f7d6f99be18ebdd,2e30b5707eca915e37806e85245244455e862c42df9be5c8e4baf4443172ea64,included,housing_social_welfare_leaf,1.0.0,social_welfare,1.0.0,capture,tenant_5,tenant_5,0.0,utility_points,"{""disagreement_utility"":0.0}",ok,valid,[],"[""event_00000227""]",evaluation_receipt,episode_attempt_c56f6f7d6f99be18ebdd,2e30b5707eca915e37806e85245244455e862c42df9be5c8e4baf4443172ea64,true
result_635a3175a8238e2b8f6cfa96,runplan_655e5cbdd097e7a2,cell_ea78ff303f3c1cca1fec,housing_v1__experiment__000002,housing_v1,housing_controlled_model_landlords_experiment,episode_attempt_aeca446a0b6bae4f37b8,cd0629bb348eefc09c075141dc848738140f71d2d847a4dcb891607ad0b233d5,included,housing_social_welfare_leaf,1.0.0,social_welfare,1.0.0,primary,social_welfare,,377.69,utility_points,{},ok,valid,[],"[""event_00000275""]",evaluation_receipt,episode_attempt_aeca446a0b6bae4f37b8,cd0629bb348eefc09c075141dc848738140f71d2d847a4dcb891607ad0b233d5,true
result_352af6feaeeffbfa39fa91c0,runplan_655e5cbdd097e7a2,cell_ea78ff303f3c1cca1fec,housing_v1__experiment__000002,housing_v1,housing_controlled_model_landlords_experiment,episode_attempt_aeca446a0b6bae4f37b8,cd0629bb348eefc09c075141dc848738140f71d2d847a4dcb891607ad0b233d5,included,housing_social_welfare_leaf,1.0.0,social_welfare,1.0.0,metric,comparison_baseline_gap,,-363.90000000000003,utility_points,{},ok,valid,[],"[""event_00000275""]",evaluation_receipt,episode_attempt_aeca446a0b6bae4f37b8,cd0629bb348eefc09c075141dc848738140f71d2d847a4dcb891607ad0b233d5,true
result_d107cc5ad81bc7152234a954,runplan_655e5cbdd097e7a2,cell_ea78ff303f3c1cca1fec,housing_v1__experiment__000002,housing_v1,housing_controlled_model_landlords_experiment,episode_attempt_aeca446a0b6bae4f37b8,cd0629bb348eefc09c075141dc848738140f71d2d847a4dcb891607ad0b233d5,included,housing_social_welfare_leaf,1.0.0,social_welfare,1.0.0,metric,ir_violation_count,,1.0,count,{},ok,valid,[],"[""event_00000275""]",evaluation_receipt,episode_attempt_aeca446a0b6bae4f37b8,cd0629bb348eefc09c075141dc848738140f71d2d847a4dcb891607ad0b233d5,true
result_5ca1e66bd9b7b4ea8f182323,runplan_655e5cbdd097e7a2,cell_ea78ff303f3c1cca1fec,housing_v1__experiment__000002,housing_v1,housing_controlled_model_landlords_experiment,episode_attempt_aeca446a0b6bae4f37b8,cd0629bb348eefc09c075141dc848738140f71d2d847a4dcb891607ad0b233d5,included,housing_social_welfare_leaf,1.0.0,social_welfare,1.0.0,metric,social_welfare,,377.69,utility_points,{},ok,valid,[],"[""event_00000275""]",evaluation_receipt,episode_attempt_aeca446a0b6bae4f37b8,cd0629bb348eefc09c075141dc848738140f71d2d847a4dcb891607ad0b233d5,true
result_37e993f9050b6b9572596320,runplan_655e5cbdd097e7a2,cell_ea78ff303f3c1cca1fec,housing_v1__experiment__000002,housing_v1,housing_controlled_model_landlords_experiment,episode_attempt_aeca446a0b6bae4f37b8,cd0629bb348eefc09c075141dc848738140f71d2d847a4dcb891607ad0b233d5,included,housing_social_welfare_leaf,1.0.0,social_welfare,1.0.0,metric,upper_bound_gap,,629.0999999999999,utility_points,{},ok,valid,[],"[""event_00000275""]",evaluation_receipt,episode_attempt_aeca446a0b6bae4f37b8,cd0629bb348eefc09c075141dc848738140f71d2d847a4dcb891607ad0b233d5,true
result_92be1eec96eb31a975a95b0b,runplan_655e5cbdd097e7a2,cell_ea78ff303f3c1cca1fec,housing_v1__experiment__000002,housing_v1,housing_controlled_model_landlords_experiment,episode_attempt_aeca446a0b6bae4f37b8,cd0629bb348eefc09c075141dc848738140f71d2d847a4dcb891607ad0b233d5,included,housing_social_welfare_leaf,1.0.0,social_welfare,1.0.0,metric,wasted_contacts,,10.0,count,{},ok,valid,[],"[""event_00000275""]",evaluation_receipt,episode_attempt_aeca446a0b6bae4f37b8,cd0629bb348eefc09c075141dc848738140f71d2d847a4dcb891607ad0b233d5,true
result_8b33d17ec9f0929ba261b1a6,runplan_655e5cbdd097e7a2,cell_ea78ff303f3c1cca1fec,housing_v1__experiment__000002,housing_v1,housing_controlled_model_landlords_experiment,episode_attempt_aeca446a0b6bae4f37b8,cd0629bb348eefc09c075141dc848738140f71d2d847a4dcb891607ad0b233d5,included,housing_social_welfare_leaf,1.0.0,social_welfare,1.0.0,metric,within_case_score,,0.3751427805202674,ratio,{},ok,valid,[],"[""event_00000275""]",evaluation_receipt,episode_attempt_aeca446a0b6bae4f37b8,cd0629bb348eefc09c075141dc848738140f71d2d847a4dcb891607ad0b233d5,true
result_dd4986d7b3609f02cbd3ee0b,runplan_655e5cbdd097e7a2,cell_ea78ff303f3c1cca1fec,housing_v1__experiment__000002,housing_v1,housing_controlled_model_landlords_experiment,episode_attempt_aeca446a0b6bae4f37b8,cd0629bb348eefc09c075141dc848738140f71d2d847a4dcb891607ad0b233d5,included,housing_social_welfare_leaf,1.0.0,social_welfare,1.0.0,reference,comparison_baseline,,741.59,utility_points,"{""policy"":""naive"",""reference_kind"":""comparison_baseline""}",ok,valid,[],"[""event_00000275""]",evaluation_receipt,episode_attempt_aeca446a0b6bae4f37b8,cd0629bb348eefc09c075141dc848738140f71d2d847a4dcb891607ad0b233d5,true
result_d0cce15d2cc94c356cc89ecd,runplan_655e5cbdd097e7a2,cell_ea78ff303f3c1cca1fec,housing_v1__experiment__000002,housing_v1,housing_controlled_model_landlords_experiment,episode_attempt_aeca446a0b6bae4f37b8,cd0629bb348eefc09c075141dc848738140f71d2d847a4dcb891607ad0b233d5,included,housing_social_welfare_leaf,1.0.0,social_welfare,1.0.0,reference,optimum_lower_bound,,0.0,utility_points,"{""policy"":""do_nothing"",""reference_kind"":""objective_lower_bound""}",ok,valid,[],"[""event_00000275""]",evaluation_receipt,episode_attempt_aeca446a0b6bae4f37b8,cd0629bb348eefc09c075141dc848738140f71d2d847a4dcb891607ad0b233d5,true
result_387c453dba2b5cbece784e0b,runplan_655e5cbdd097e7a2,cell_ea78ff303f3c1cca1fec,housing_v1__experiment__000002,housing_v1,housing_controlled_model_landlords_experiment,episode_attempt_aeca446a0b6bae4f37b8,cd0629bb348eefc09c075141dc848738140f71d2d847a4dcb891607ad0b233d5,included,housing_social_welfare_leaf,1.0.0,social_welfare,1.0.0,reference,optimum_upper_bound,,1006.79,utility_points,"{""reference_kind"":""objective_upper_bound"",""semantics"":""full_information_allocation_relaxation""}",ok,valid,[],"[""event_00000275""]",evaluation_receipt,episode_attempt_aeca446a0b6bae4f37b8,cd0629bb348eefc09c075141dc848738140f71d2d847a4dcb891607ad0b233d5,true
result_1360ac91872f47e750981e70,runplan_655e5cbdd097e7a2,cell_ea78ff303f3c1cca1fec,housing_v1__experiment__000002,housing_v1,housing_controlled_model_landlords_experiment,episode_attempt_aeca446a0b6bae4f37b8,cd0629bb348eefc09c075141dc848738140f71d2d847a4dcb891607ad0b233d5,included,housing_social_welfare_leaf,1.0.0,social_welfare,1.0.0,utility,landlord_0,landlord_0,0.0,utility_points,"{""disagreement_utility"":0.0}",ok,valid,[],"[""event_00000275""]",evaluation_receipt,episode_attempt_aeca446a0b6bae4f37b8,cd0629bb348eefc09c075141dc848738140f71d2d847a4dcb891607ad0b233d5,true
result_8775cf3acc0f2b2d9e626a91,runplan_655e5cbdd097e7a2,cell_ea78ff303f3c1cca1fec,housing_v1__experiment__000002,housing_v1,housing_controlled_model_landlords_experiment,episode_attempt_aeca446a0b6bae4f37b8,cd0629bb348eefc09c075141dc848738140f71d2d847a4dcb891607ad0b233d5,included,housing_social_welfare_leaf,1.0.0,social_welfare,1.0.0,utility,landlord_1,landlord_1,-2062.13,utility_points,"{""disagreement_utility"":0.0}",ok,valid,[],"[""event_00000275""]",evaluation_receipt,episode_attempt_aeca446a0b6bae4f37b8,cd0629bb348eefc09c075141dc848738140f71d2d847a4dcb891607ad0b233d5,true
result_19c0c633dc6102c848e1b299,runplan_655e5cbdd097e7a2,cell_ea78ff303f3c1cca1fec,housing_v1__experiment__000002,housing_v1,housing_controlled_model_landlords_experiment,episode_attempt_aeca446a0b6bae4f37b8,cd0629bb348eefc09c075141dc848738140f71d2d847a4dcb891607ad0b233d5,included,housing_social_welfare_leaf,1.0.0,social_welfare,1.0.0,utility,landlord_2,landlord_2,0.0,utility_points,"{""disagreement_utility"":0.0}",ok,valid,[],"[""event_00000275""]",evaluation_receipt,episode_attempt_aeca446a0b6bae4f37b8,cd0629bb348eefc09c075141dc848738140f71d2d847a4dcb891607ad0b233d5,true
result_058a0874d6a50e873570d2f0,runplan_655e5cbdd097e7a2,cell_ea78ff303f3c1cca1fec,housing_v1__experiment__000002,housing_v1,housing_controlled_model_landlords_experiment,episode_attempt_aeca446a0b6bae4f37b8,cd0629bb348eefc09c075141dc848738140f71d2d847a4dcb891607ad0b233d5,included,housing_social_welfare_leaf,1.0.0,social_welfare,1.0.0,utility,landlord_3,landlord_3,0.0,utility_points,"{""disagreement_utility"":0.0}",ok,valid,[],"[""event_00000275""]",evaluation_receipt,episode_attempt_aeca446a0b6bae4f37b8,cd0629bb348eefc09c075141dc848738140f71d2d847a4dcb891607ad0b233d5,true
result_b3b25639ba40e52db31c1446,runplan_655e5cbdd097e7a2,cell_ea78ff303f3c1cca1fec,housing_v1__experiment__000002,housing_v1,housing_controlled_model_landlords_experiment,episode_attempt_aeca446a0b6bae4f37b8,cd0629bb348eefc09c075141dc848738140f71d2d847a4dcb891607ad0b233d5,included,housing_social_welfare_leaf,1.0.0,social_welfare,1.0.0,utility,tenant_0,tenant_0,0.0,utility_points,"{""disagreement_utility"":0.0}",ok,valid,[],"[""event_00000275""]",evaluation_receipt,episode_attempt_aeca446a0b6bae4f37b8,cd0629bb348eefc09c075141dc848738140f71d2d847a4dcb891607ad0b233d5,true
result_9cec23a22cdac9023e45c300,runplan_655e5cbdd097e7a2,cell_ea78ff303f3c1cca1fec,housing_v1__experiment__000002,housing_v1,housing_controlled_model_landlords_experiment,episode_attempt_aeca446a0b6bae4f37b8,cd0629bb348eefc09c075141dc848738140f71d2d847a4dcb891607ad0b233d5,included,housing_social_welfare_leaf,1.0.0,social_welfare,1.0.0,utility,tenant_1,tenant_1,0.0,utility_points,"{""disagreement_utility"":0.0}",ok,valid,[],"[""event_00000275""]",evaluation_receipt,episode_attempt_aeca446a0b6bae4f37b8,cd0629bb348eefc09c075141dc848738140f71d2d847a4dcb891607ad0b233d5,true
result_18983b62056f8d0f12289b10,runplan_655e5cbdd097e7a2,cell_ea78ff303f3c1cca1fec,housing_v1__experiment__000002,housing_v1,housing_controlled_model_landlords_experiment,episode_attempt_aeca446a0b6bae4f37b8,cd0629bb348eefc09c075141dc848738140f71d2d847a4dcb891607ad0b233d5,included,housing_social_welfare_leaf,1.0.0,social_welfare,1.0.0,utility,tenant_2,tenant_2,0.0,utility_points,"{""disagreement_utility"":0.0}",ok,valid,[],"[""event_00000275""]",evaluation_receipt,episode_attempt_aeca446a0b6bae4f37b8,cd0629bb348eefc09c075141dc848738140f71d2d847a4dcb891607ad0b233d5,true
result_795ed1dafc5fd93c5f89e6ff,runplan_655e5cbdd097e7a2,cell_ea78ff303f3c1cca1fec,housing_v1__experiment__000002,housing_v1,housing_controlled_model_landlords_experiment,episode_attempt_aeca446a0b6bae4f37b8,cd0629bb348eefc09c075141dc848738140f71d2d847a4dcb891607ad0b233d5,included,housing_social_welfare_leaf,1.0.0,social_welfare,1.0.0,utility,tenant_3,tenant_3,0.0,utility_points,"{""disagreement_utility"":0.0}",ok,valid,[],"[""event_00000275""]",evaluation_receipt,episode_attempt_aeca446a0b6bae4f37b8,cd0629bb348eefc09c075141dc848738140f71d2d847a4dcb891607ad0b233d5,true
result_c3a8fac032311ea7cfb40248,runplan_655e5cbdd097e7a2,cell_ea78ff303f3c1cca1fec,housing_v1__experiment__000002,housing_v1,housing_controlled_model_landlords_experiment,episode_attempt_aeca446a0b6bae4f37b8,cd0629bb348eefc09c075141dc848738140f71d2d847a4dcb891607ad0b233d5,included,housing_social_welfare_leaf,1.0.0,social_welfare,1.0.0,utility,tenant_4,tenant_4,0.0,utility_points,"{""disagreement_utility"":0.0}",ok,valid,[],"[""event_00000275""]",evaluation_receipt,episode_attempt_aeca446a0b6bae4f37b8,cd0629bb348eefc09c075141dc848738140f71d2d847a4dcb891607ad0b233d5,true
result_58045ba15503a4fcc4d1f888,runplan_655e5cbdd097e7a2,cell_ea78ff303f3c1cca1fec,housing_v1__experiment__000002,housing_v1,housing_controlled_model_landlords_experiment,episode_attempt_aeca446a0b6bae4f37b8,cd0629bb348eefc09c075141dc848738140f71d2d847a4dcb891607ad0b233d5,included,housing_social_welfare_leaf,1.0.0,social_welfare,1.0.0,utility,tenant_5,tenant_5,2439.82,utility_points,"{""disagreement_utility"":0.0}",ok,valid,[],"[""event_00000275""]",evaluation_receipt,episode_attempt_aeca446a0b6bae4f37b8,cd0629bb348eefc09c075141dc848738140f71d2d847a4dcb891607ad0b233d5,true
result_d0df1153b6a85f73f3a75ea2,runplan_655e5cbdd097e7a2,cell_ea78ff303f3c1cca1fec,housing_v1__experiment__000002,housing_v1,housing_controlled_model_landlords_experiment,episode_attempt_aeca446a0b6bae4f37b8,cd0629bb348eefc09c075141dc848738140f71d2d847a4dcb891607ad0b233d5,included,housing_social_welfare_leaf,1.0.0,social_welfare,1.0.0,capture,landlord_0,landlord_0,0.0,utility_points,"{""disagreement_utility"":0.0}",ok,valid,[],"[""event_00000275""]",evaluation_receipt,episode_attempt_aeca446a0b6bae4f37b8,cd0629bb348eefc09c075141dc848738140f71d2d847a4dcb891607ad0b233d5,true
result_99cfdb3dd253867cb849d0b3,runplan_655e5cbdd097e7a2,cell_ea78ff303f3c1cca1fec,housing_v1__experiment__000002,housing_v1,housing_controlled_model_landlords_experiment,episode_attempt_aeca446a0b6bae4f37b8,cd0629bb348eefc09c075141dc848738140f71d2d847a4dcb891607ad0b233d5,included,housing_social_welfare_leaf,1.0.0,social_welfare,1.0.0,capture,landlord_1,landlord_1,-2062.13,utility_points,"{""disagreement_utility"":0.0}",ok,valid,[],"[""event_00000275""]",evaluation_receipt,episode_attempt_aeca446a0b6bae4f37b8,cd0629bb348eefc09c075141dc848738140f71d2d847a4dcb891607ad0b233d5,true
result_9fca850a32c5aa53ff962032,runplan_655e5cbdd097e7a2,cell_ea78ff303f3c1cca1fec,housing_v1__experiment__000002,housing_v1,housing_controlled_model_landlords_experiment,episode_attempt_aeca446a0b6bae4f37b8,cd0629bb348eefc09c075141dc848738140f71d2d847a4dcb891607ad0b233d5,included,housing_social_welfare_leaf,1.0.0,social_welfare,1.0.0,capture,landlord_2,landlord_2,0.0,utility_points,"{""disagreement_utility"":0.0}",ok,valid,[],"[""event_00000275""]",evaluation_receipt,episode_attempt_aeca446a0b6bae4f37b8,cd0629bb348eefc09c075141dc848738140f71d2d847a4dcb891607ad0b233d5,true
result_2ad21ffdd69435900c5a42e6,runplan_655e5cbdd097e7a2,cell_ea78ff303f3c1cca1fec,housing_v1__experiment__000002,housing_v1,housing_controlled_model_landlords_experiment,episode_attempt_aeca446a0b6bae4f37b8,cd0629bb348eefc09c075141dc848738140f71d2d847a4dcb891607ad0b233d5,included,housing_social_welfare_leaf,1.0.0,social_welfare,1.0.0,capture,landlord_3,landlord_3,0.0,utility_points,"{""disagreement_utility"":0.0}",ok,valid,[],"[""event_00000275""]",evaluation_receipt,episode_attempt_aeca446a0b6bae4f37b8,cd0629bb348eefc09c075141dc848738140f71d2d847a4dcb891607ad0b233d5,true
result_af4c371e5130d28b0a2a06e7,runplan_655e5cbdd097e7a2,cell_ea78ff303f3c1cca1fec,housing_v1__experiment__000002,housing_v1,housing_controlled_model_landlords_experiment,episode_attempt_aeca446a0b6bae4f37b8,cd0629bb348eefc09c075141dc848738140f71d2d847a4dcb891607ad0b233d5,included,housing_social_welfare_leaf,1.0.0,social_welfare,1.0.0,capture,tenant_0,tenant_0,0.0,utility_points,"{""disagreement_utility"":0.0}",ok,valid,[],"[""event_00000275""]",evaluation_receipt,episode_attempt_aeca446a0b6bae4f37b8,cd0629bb348eefc09c075141dc848738140f71d2d847a4dcb891607ad0b233d5,true
result_4585b7e8477751ace816d127,runplan_655e5cbdd097e7a2,cell_ea78ff303f3c1cca1fec,housing_v1__experiment__000002,housing_v1,housing_controlled_model_landlords_experiment,episode_attempt_aeca446a0b6bae4f37b8,cd0629bb348eefc09c075141dc848738140f71d2d847a4dcb891607ad0b233d5,included,housing_social_welfare_leaf,1.0.0,social_welfare,1.0.0,capture,tenant_1,tenant_1,0.0,utility_points,"{""disagreement_utility"":0.0}",ok,valid,[],"[""event_00000275""]",evaluation_receipt,episode_attempt_aeca446a0b6bae4f37b8,cd0629bb348eefc09c075141dc848738140f71d2d847a4dcb891607ad0b233d5,true
result_692fcf5ede8541cdd7771309,runplan_655e5cbdd097e7a2,cell_ea78ff303f3c1cca1fec,housing_v1__experiment__000002,housing_v1,housing_controlled_model_landlords_experiment,episode_attempt_aeca446a0b6bae4f37b8,cd0629bb348eefc09c075141dc848738140f71d2d847a4dcb891607ad0b233d5,included,housing_social_welfare_leaf,1.0.0,social_welfare,1.0.0,capture,tenant_2,tenant_2,0.0,utility_points,"{""disagreement_utility"":0.0}",ok,valid,[],"[""event_00000275""]",evaluation_receipt,episode_attempt_aeca446a0b6bae4f37b8,cd0629bb348eefc09c075141dc848738140f71d2d847a4dcb891607ad0b233d5,true
result_23cf167b74dd33a5c5b09cfa,runplan_655e5cbdd097e7a2,cell_ea78ff303f3c1cca1fec,housing_v1__experiment__000002,housing_v1,housing_controlled_model_landlords_experiment,episode_attempt_aeca446a0b6bae4f37b8,cd0629bb348eefc09c075141dc848738140f71d2d847a4dcb891607ad0b233d5,included,housing_social_welfare_leaf,1.0.0,social_welfare,1.0.0,capture,tenant_3,tenant_3,0.0,utility_points,"{""disagreement_utility"":0.0}",ok,valid,[],"[""event_00000275""]",evaluation_receipt,episode_attempt_aeca446a0b6bae4f37b8,cd0629bb348eefc09c075141dc848738140f71d2d847a4dcb891607ad0b233d5,true
result_3d7fd3718db5ec9dbd89fc54,runplan_655e5cbdd097e7a2,cell_ea78ff303f3c1cca1fec,housing_v1__experiment__000002,housing_v1,housing_controlled_model_landlords_experiment,episode_attempt_aeca446a0b6bae4f37b8,cd0629bb348eefc09c075141dc848738140f71d2d847a4dcb891607ad0b233d5,included,housing_social_welfare_leaf,1.0.0,social_welfare,1.0.0,capture,tenant_4,tenant_4,0.0,utility_points,"{""disagreement_utility"":0.0}",ok,valid,[],"[""event_00000275""]",evaluation_receipt,episode_attempt_aeca446a0b6bae4f37b8,cd0629bb348eefc09c075141dc848738140f71d2d847a4dcb891607ad0b233d5,true
result_aa7e79ce50e51f413a004a5d,runplan_655e5cbdd097e7a2,cell_ea78ff303f3c1cca1fec,housing_v1__experiment__000002,housing_v1,housing_controlled_model_landlords_experiment,episode_attempt_aeca446a0b6bae4f37b8,cd0629bb348eefc09c075141dc848738140f71d2d847a4dcb891607ad0b233d5,included,housing_social_welfare_leaf,1.0.0,social_welfare,1.0.0,capture,tenant_5,tenant_5,2439.82,utility_points,"{""disagreement_utility"":0.0}",ok,valid,[],"[""event_00000275""]",evaluation_receipt,episode_attempt_aeca446a0b6bae4f37b8,cd0629bb348eefc09c075141dc848738140f71d2d847a4dcb891607ad0b233d5,true
result_b6183354a510aa3318002c04,runplan_655e5cbdd097e7a2,cell_f080cc51120275a4a8be,housing_v1__experiment__000008,housing_v1,housing_controlled_model_landlords_experiment,episode_attempt_d06cef1ce925d0aafbec,a8a034c8e68aef03db005fa6a29c4633480e52eedff77b3737f01655a7297f96,included,housing_social_welfare_leaf,1.0.0,social_welfare,1.0.0,primary,social_welfare,,1803.15,utility_points,{},ok,valid,[],"[""event_00000261""]",evaluation_receipt,episode_attempt_d06cef1ce925d0aafbec,a8a034c8e68aef03db005fa6a29c4633480e52eedff77b3737f01655a7297f96,true
result_da5711a7c59dd106a0f8f12e,runplan_655e5cbdd097e7a2,cell_f080cc51120275a4a8be,housing_v1__experiment__000008,housing_v1,housing_controlled_model_landlords_experiment,episode_attempt_d06cef1ce925d0aafbec,a8a034c8e68aef03db005fa6a29c4633480e52eedff77b3737f01655a7297f96,included,housing_social_welfare_leaf,1.0.0,social_welfare,1.0.0,metric,comparison_baseline_gap,,-81.69999999999982,utility_points,{},ok,valid,[],"[""event_00000261""]",evaluation_receipt,episode_attempt_d06cef1ce925d0aafbec,a8a034c8e68aef03db005fa6a29c4633480e52eedff77b3737f01655a7297f96,true
result_6e33718576949760a456e814,runplan_655e5cbdd097e7a2,cell_f080cc51120275a4a8be,housing_v1__experiment__000008,housing_v1,housing_controlled_model_landlords_experiment,episode_attempt_d06cef1ce925d0aafbec,a8a034c8e68aef03db005fa6a29c4633480e52eedff77b3737f01655a7297f96,included,housing_social_welfare_leaf,1.0.0,social_welfare,1.0.0,metric,ir_violation_count,,0.0,count,{},ok,valid,[],"[""event_00000261""]",evaluation_receipt,episode_attempt_d06cef1ce925d0aafbec,a8a034c8e68aef03db005fa6a29c4633480e52eedff77b3737f01655a7297f96,true
result_a05f52ded0cc90fa223027fb,runplan_655e5cbdd097e7a2,cell_f080cc51120275a4a8be,housing_v1__experiment__000008,housing_v1,housing_controlled_model_landlords_experiment,episode_attempt_d06cef1ce925d0aafbec,a8a034c8e68aef03db005fa6a29c4633480e52eedff77b3737f01655a7297f96,included,housing_social_welfare_leaf,1.0.0,social_welfare,1.0.0,metric,social_welfare,,1803.15,utility_points,{},ok,valid,[],"[""event_00000261""]",evaluation_receipt,episode_attempt_d06cef1ce925d0aafbec,a8a034c8e68aef03db005fa6a29c4633480e52eedff77b3737f01655a7297f96,true
result_a4fec320c5493443e128338e,runplan_655e5cbdd097e7a2,cell_f080cc51120275a4a8be,housing_v1__experiment__000008,housing_v1,housing_controlled_model_landlords_experiment,episode_attempt_d06cef1ce925d0aafbec,a8a034c8e68aef03db005fa6a29c4633480e52eedff77b3737f01655a7297f96,included,housing_social_welfare_leaf,1.0.0,social_welfare,1.0.0,metric,upper_bound_gap,,144.06999999999994,utility_points,{},ok,valid,[],"[""event_00000261""]",evaluation_receipt,episode_attempt_d06cef1ce925d0aafbec,a8a034c8e68aef03db005fa6a29c4633480e52eedff77b3737f01655a7297f96,true
result_07dab06f6ef5cdd2fef61615,runplan_655e5cbdd097e7a2,cell_f080cc51120275a4a8be,housing_v1__experiment__000008,housing_v1,housing_controlled_model_landlords_experiment,episode_attempt_d06cef1ce925d0aafbec,a8a034c8e68aef03db005fa6a29c4633480e52eedff77b3737f01655a7297f96,included,housing_social_welfare_leaf,1.0.0,social_welfare,1.0.0,metric,wasted_contacts,,6.0,count,{},ok,valid,[],"[""event_00000261""]",evaluation_receipt,episode_attempt_d06cef1ce925d0aafbec,a8a034c8e68aef03db005fa6a29c4633480e52eedff77b3737f01655a7297f96,true
result_46d8df8345cbc7ab48f2fe99,runplan_655e5cbdd097e7a2,cell_f080cc51120275a4a8be,housing_v1__experiment__000008,housing_v1,housing_controlled_model_landlords_experiment,episode_attempt_d06cef1ce925d0aafbec,a8a034c8e68aef03db005fa6a29c4633480e52eedff77b3737f01655a7297f96,included,housing_social_welfare_leaf,1.0.0,social_welfare,1.0.0,metric,within_case_score,,0.9260124690584526,ratio,{},ok,valid,[],"[""event_00000261""]",evaluation_receipt,episode_attempt_d06cef1ce925d0aafbec,a8a034c8e68aef03db005fa6a29c4633480e52eedff77b3737f01655a7297f96,true
result_19ee2224a935af8db2303a4d,runplan_655e5cbdd097e7a2,cell_f080cc51120275a4a8be,housing_v1__experiment__000008,housing_v1,housing_controlled_model_landlords_experiment,episode_attempt_d06cef1ce925d0aafbec,a8a034c8e68aef03db005fa6a29c4633480e52eedff77b3737f01655a7297f96,included,housing_social_welfare_leaf,1.0.0,social_welfare,1.0.0,reference,comparison_baseline,,1884.85,utility_points,"{""policy"":""naive"",""reference_kind"":""comparison_baseline""}",ok,valid,[],"[""event_00000261""]",evaluation_receipt,episode_attempt_d06cef1ce925d0aafbec,a8a034c8e68aef03db005fa6a29c4633480e52eedff77b3737f01655a7297f96,true
result_80ec7173ca509308165507ec,runplan_655e5cbdd097e7a2,cell_f080cc51120275a4a8be,housing_v1__experiment__000008,housing_v1,housing_controlled_model_landlords_experiment,episode_attempt_d06cef1ce925d0aafbec,a8a034c8e68aef03db005fa6a29c4633480e52eedff77b3737f01655a7297f96,included,housing_social_welfare_leaf,1.0.0,social_welfare,1.0.0,reference,optimum_lower_bound,,0.0,utility_points,"{""policy"":""do_nothing"",""reference_kind"":""objective_lower_bound""}",ok,valid,[],"[""event_00000261""]",evaluation_receipt,episode_attempt_d06cef1ce925d0aafbec,a8a034c8e68aef03db005fa6a29c4633480e52eedff77b3737f01655a7297f96,true
result_5e1db25cf0e198d7a49a92b8,runplan_655e5cbdd097e7a2,cell_f080cc51120275a4a8be,housing_v1__experiment__000008,housing_v1,housing_controlled_model_landlords_experiment,episode_attempt_d06cef1ce925d0aafbec,a8a034c8e68aef03db005fa6a29c4633480e52eedff77b3737f01655a7297f96,included,housing_social_welfare_leaf,1.0.0,social_welfare,1.0.0,reference,optimum_upper_bound,,1947.22,utility_points,"{""reference_kind"":""objective_upper_bound"",""semantics"":""full_information_allocation_relaxation""}",ok,valid,[],"[""event_00000261""]",evaluation_receipt,episode_attempt_d06cef1ce925d0aafbec,a8a034c8e68aef03db005fa6a29c4633480e52eedff77b3737f01655a7297f96,true
result_6779a663b87a69fab9988dfd,runplan_655e5cbdd097e7a2,cell_f080cc51120275a4a8be,housing_v1__experiment__000008,housing_v1,housing_controlled_model_landlords_experiment,episode_attempt_d06cef1ce925d0aafbec,a8a034c8e68aef03db005fa6a29c4633480e52eedff77b3737f01655a7297f96,included,housing_social_welfare_leaf,1.0.0,social_welfare,1.0.0,utility,landlord_0,landlord_0,37.7,utility_points,"{""disagreement_utility"":0.0}",ok,valid,[],"[""event_00000261""]",evaluation_receipt,episode_attempt_d06cef1ce925d0aafbec,a8a034c8e68aef03db005fa6a29c4633480e52eedff77b3737f01655a7297f96,true
result_dce368ce09fc007a2a805156,runplan_655e5cbdd097e7a2,cell_f080cc51120275a4a8be,housing_v1__experiment__000008,housing_v1,housing_controlled_model_landlords_experiment,episode_attempt_d06cef1ce925d0aafbec,a8a034c8e68aef03db005fa6a29c4633480e52eedff77b3737f01655a7297f96,included,housing_social_welfare_leaf,1.0.0,social_welfare,1.0.0,utility,landlord_1,landlord_1,72.51,utility_points,"{""disagreement_utility"":0.0}",ok,valid,[],"[""event_00000261""]",evaluation_receipt,episode_attempt_d06cef1ce925d0aafbec,a8a034c8e68aef03db005fa6a29c4633480e52eedff77b3737f01655a7297f96,true
result_e86048eba524a6b116db0b2a,runplan_655e5cbdd097e7a2,cell_f080cc51120275a4a8be,housing_v1__experiment__000008,housing_v1,housing_controlled_model_landlords_experiment,episode_attempt_d06cef1ce925d0aafbec,a8a034c8e68aef03db005fa6a29c4633480e52eedff77b3737f01655a7297f96,included,housing_social_welfare_leaf,1.0.0,social_welfare,1.0.0,utility,landlord_2,landlord_2,41.3,utility_points,"{""disagreement_utility"":0.0}",ok,valid,[],"[""event_00000261""]",evaluation_receipt,episode_attempt_d06cef1ce925d0aafbec,a8a034c8e68aef03db005fa6a29c4633480e52eedff77b3737f01655a7297f96,true
result_2b3e9f1d839bf28a2fda7b99,runplan_655e5cbdd097e7a2,cell_f080cc51120275a4a8be,housing_v1__experiment__000008,housing_v1,housing_controlled_model_landlords_experiment,episode_attempt_d06cef1ce925d0aafbec,a8a034c8e68aef03db005fa6a29c4633480e52eedff77b3737f01655a7297f96,included,housing_social_welfare_leaf,1.0.0,social_welfare,1.0.0,utility,landlord_3,landlord_3,666.74,utility_points,"{""disagreement_utility"":0.0}",ok,valid,[],"[""event_00000261""]",evaluation_receipt,episode_attempt_d06cef1ce925d0aafbec,a8a034c8e68aef03db005fa6a29c4633480e52eedff77b3737f01655a7297f96,true
result_64ebc553d106f42e29c3db90,runplan_655e5cbdd097e7a2,cell_f080cc51120275a4a8be,housing_v1__experiment__000008,housing_v1,housing_controlled_model_landlords_experiment,episode_attempt_d06cef1ce925d0aafbec,a8a034c8e68aef03db005fa6a29c4633480e52eedff77b3737f01655a7297f96,included,housing_social_welfare_leaf,1.0.0,social_welfare,1.0.0,utility,tenant_0,tenant_0,0.0,utility_points,"{""disagreement_utility"":0.0}",ok,valid,[],"[""event_00000261""]",evaluation_receipt,episode_attempt_d06cef1ce925d0aafbec,a8a034c8e68aef03db005fa6a29c4633480e52eedff77b3737f01655a7297f96,true
result_de6d8e4c3c4b2a726d2cc49e,runplan_655e5cbdd097e7a2,cell_f080cc51120275a4a8be,housing_v1__experiment__000008,housing_v1,housing_controlled_model_landlords_experiment,episode_attempt_d06cef1ce925d0aafbec,a8a034c8e68aef03db005fa6a29c4633480e52eedff77b3737f01655a7297f96,included,housing_social_welfare_leaf,1.0.0,social_welfare,1.0.0,utility,tenant_1,tenant_1,591.97,utility_points,"{""disagreement_utility"":0.0}",ok,valid,[],"[""event_00000261""]",evaluation_receipt,episode_attempt_d06cef1ce925d0aafbec,a8a034c8e68aef03db005fa6a29c4633480e52eedff77b3737f01655a7297f96,true
result_5db590f62729861f545d6676,runplan_655e5cbdd097e7a2,cell_f080cc51120275a4a8be,housing_v1__experiment__000008,housing_v1,housing_controlled_model_landlords_experiment,episode_attempt_d06cef1ce925d0aafbec,a8a034c8e68aef03db005fa6a29c4633480e52eedff77b3737f01655a7297f96,included,housing_social_welfare_leaf,1.0.0,social_welfare,1.0.0,utility,tenant_2,tenant_2,200.56,utility_points,"{""disagreement_utility"":0.0}",ok,valid,[],"[""event_00000261""]",evaluation_receipt,episode_attempt_d06cef1ce925d0aafbec,a8a034c8e68aef03db005fa6a29c4633480e52eedff77b3737f01655a7297f96,true
result_49accea8059b5c1339bbcf11,runplan_655e5cbdd097e7a2,cell_f080cc51120275a4a8be,housing_v1__experiment__000008,housing_v1,housing_controlled_model_landlords_experiment,episode_attempt_d06cef1ce925d0aafbec,a8a034c8e68aef03db005fa6a29c4633480e52eedff77b3737f01655a7297f96,included,housing_social_welfare_leaf,1.0.0,social_welfare,1.0.0,utility,tenant_3,tenant_3,192.37,utility_points,"{""disagreement_utility"":0.0}",ok,valid,[],"[""event_00000261""]",evaluation_receipt,episode_attempt_d06cef1ce925d0aafbec,a8a034c8e68aef03db005fa6a29c4633480e52eedff77b3737f01655a7297f96,true
result_d14716f276486e9de54eefac,runplan_655e5cbdd097e7a2,cell_f080cc51120275a4a8be,housing_v1__experiment__000008,housing_v1,housing_controlled_model_landlords_experiment,episode_attempt_d06cef1ce925d0aafbec,a8a034c8e68aef03db005fa6a29c4633480e52eedff77b3737f01655a7297f96,included,housing_social_welfare_leaf,1.0.0,social_welfare,1.0.0,utility,tenant_4,tenant_4,0.0,utility_points,"{""disagreement_utility"":0.0}",ok,valid,[],"[""event_00000261""]",evaluation_receipt,episode_attempt_d06cef1ce925d0aafbec,a8a034c8e68aef03db005fa6a29c4633480e52eedff77b3737f01655a7297f96,true
result_df5d3b6cdc31239585ea2d5a,runplan_655e5cbdd097e7a2,cell_f080cc51120275a4a8be,housing_v1__experiment__000008,housing_v1,housing_controlled_model_landlords_experiment,episode_attempt_d06cef1ce925d0aafbec,a8a034c8e68aef03db005fa6a29c4633480e52eedff77b3737f01655a7297f96,included,housing_social_welfare_leaf,1.0.0,social_welfare,1.0.0,utility,tenant_5,tenant_5,0.0,utility_points,"{""disagreement_utility"":0.0}",ok,valid,[],"[""event_00000261""]",evaluation_receipt,episode_attempt_d06cef1ce925d0aafbec,a8a034c8e68aef03db005fa6a29c4633480e52eedff77b3737f01655a7297f96,true
result_154b76acdf5d9a444f0ff5ae,runplan_655e5cbdd097e7a2,cell_f080cc51120275a4a8be,housing_v1__experiment__000008,housing_v1,housing_controlled_model_landlords_experiment,episode_attempt_d06cef1ce925d0aafbec,a8a034c8e68aef03db005fa6a29c4633480e52eedff77b3737f01655a7297f96,included,housing_social_welfare_leaf,1.0.0,social_welfare,1.0.0,capture,landlord_0,landlord_0,37.7,utility_points,"{""disagreement_utility"":0.0}",ok,valid,[],"[""event_00000261""]",evaluation_receipt,episode_attempt_d06cef1ce925d0aafbec,a8a034c8e68aef03db005fa6a29c4633480e52eedff77b3737f01655a7297f96,true
result_f5dbbc16ef41dde2f614c20f,runplan_655e5cbdd097e7a2,cell_f080cc51120275a4a8be,housing_v1__experiment__000008,housing_v1,housing_controlled_model_landlords_experiment,episode_attempt_d06cef1ce925d0aafbec,a8a034c8e68aef03db005fa6a29c4633480e52eedff77b3737f01655a7297f96,included,housing_social_welfare_leaf,1.0.0,social_welfare,1.0.0,capture,landlord_1,landlord_1,72.51,utility_points,"{""disagreement_utility"":0.0}",ok,valid,[],"[""event_00000261""]",evaluation_receipt,episode_attempt_d06cef1ce925d0aafbec,a8a034c8e68aef03db005fa6a29c4633480e52eedff77b3737f01655a7297f96,true
result_03420f5b33845cdff060b078,runplan_655e5cbdd097e7a2,cell_f080cc51120275a4a8be,housing_v1__experiment__000008,housing_v1,housing_controlled_model_landlords_experiment,episode_attempt_d06cef1ce925d0aafbec,a8a034c8e68aef03db005fa6a29c4633480e52eedff77b3737f01655a7297f96,included,housing_social_welfare_leaf,1.0.0,social_welfare,1.0.0,capture,landlord_2,landlord_2,41.3,utility_points,"{""disagreement_utility"":0.0}",ok,valid,[],"[""event_00000261""]",evaluation_receipt,episode_attempt_d06cef1ce925d0aafbec,a8a034c8e68aef03db005fa6a29c4633480e52eedff77b3737f01655a7297f96,true
result_47b86230c294f0d11c53189e,runplan_655e5cbdd097e7a2,cell_f080cc51120275a4a8be,housing_v1__experiment__000008,housing_v1,housing_controlled_model_landlords_experiment,episode_attempt_d06cef1ce925d0aafbec,a8a034c8e68aef03db005fa6a29c4633480e52eedff77b3737f01655a7297f96,included,housing_social_welfare_leaf,1.0.0,social_welfare,1.0.0,capture,landlord_3,landlord_3,666.74,utility_points,"{""disagreement_utility"":0.0}",ok,valid,[],"[""event_00000261""]",evaluation_receipt,episode_attempt_d06cef1ce925d0aafbec,a8a034c8e68aef03db005fa6a29c4633480e52eedff77b3737f01655a7297f96,true
result_608abd59f6d0941bcd9c534c,runplan_655e5cbdd097e7a2,cell_f080cc51120275a4a8be,housing_v1__experiment__000008,housing_v1,housing_controlled_model_landlords_experiment,episode_attempt_d06cef1ce925d0aafbec,a8a034c8e68aef03db005fa6a29c4633480e52eedff77b3737f01655a7297f96,included,housing_social_welfare_leaf,1.0.0,social_welfare,1.0.0,capture,tenant_0,tenant_0,0.0,utility_points,"{""disagreement_utility"":0.0}",ok,valid,[],"[""event_00000261""]",evaluation_receipt,episode_attempt_d06cef1ce925d0aafbec,a8a034c8e68aef03db005fa6a29c4633480e52eedff77b3737f01655a7297f96,true
result_85f19d0271be1a744ff27d2e,runplan_655e5cbdd097e7a2,cell_f080cc51120275a4a8be,housing_v1__experiment__000008,housing_v1,housing_controlled_model_landlords_experiment,episode_attempt_d06cef1ce925d0aafbec,a8a034c8e68aef03db005fa6a29c4633480e52eedff77b3737f01655a7297f96,included,housing_social_welfare_leaf,1.0.0,social_welfare,1.0.0,capture,tenant_1,tenant_1,591.97,utility_points,"{""disagreement_utility"":0.0}",ok,valid,[],"[""event_00000261""]",evaluation_receipt,episode_attempt_d06cef1ce925d0aafbec,a8a034c8e68aef03db005fa6a29c4633480e52eedff77b3737f01655a7297f96,true
result_94305390481bb2eb433fdb9d,runplan_655e5cbdd097e7a2,cell_f080cc51120275a4a8be,housing_v1__experiment__000008,housing_v1,housing_controlled_model_landlords_experiment,episode_attempt_d06cef1ce925d0aafbec,a8a034c8e68aef03db005fa6a29c4633480e52eedff77b3737f01655a7297f96,included,housing_social_welfare_leaf,1.0.0,social_welfare,1.0.0,capture,tenant_2,tenant_2,200.56,utility_points,"{""disagreement_utility"":0.0}",ok,valid,[],"[""event_00000261""]",evaluation_receipt,episode_attempt_d06cef1ce925d0aafbec,a8a034c8e68aef03db005fa6a29c4633480e52eedff77b3737f01655a7297f96,true
result_5cbf69f041b664c238e56fe4,runplan_655e5cbdd097e7a2,cell_f080cc51120275a4a8be,housing_v1__experiment__000008,housing_v1,housing_controlled_model_landlords_experiment,episode_attempt_d06cef1ce925d0aafbec,a8a034c8e68aef03db005fa6a29c4633480e52eedff77b3737f01655a7297f96,included,housing_social_welfare_leaf,1.0.0,social_welfare,1.0.0,capture,tenant_3,tenant_3,192.37,utility_points,"{""disagreement_utility"":0.0}",ok,valid,[],"[""event_00000261""]",evaluation_receipt,episode_attempt_d06cef1ce925d0aafbec,a8a034c8e68aef03db005fa6a29c4633480e52eedff77b3737f01655a7297f96,true
result_4d742f8cf53cae88d421d8f0,runplan_655e5cbdd097e7a2,cell_f080cc51120275a4a8be,housing_v1__experiment__000008,housing_v1,housing_controlled_model_landlords_experiment,episode_attempt_d06cef1ce925d0aafbec,a8a034c8e68aef03db005fa6a29c4633480e52eedff77b3737f01655a7297f96,included,housing_social_welfare_leaf,1.0.0,social_welfare,1.0.0,capture,tenant_4,tenant_4,0.0,utility_points,"{""disagreement_utility"":0.0}",ok,valid,[],"[""event_00000261""]",evaluation_receipt,episode_attempt_d06cef1ce925d0aafbec,a8a034c8e68aef03db005fa6a29c4633480e52eedff77b3737f01655a7297f96,true
result_3b327cab7ffe4ad809478542,runplan_655e5cbdd097e7a2,cell_f080cc51120275a4a8be,housing_v1__experiment__000008,housing_v1,housing_controlled_model_landlords_experiment,episode_attempt_d06cef1ce925d0aafbec,a8a034c8e68aef03db005fa6a29c4633480e52eedff77b3737f01655a7297f96,included,housing_social_welfare_leaf,1.0.0,social_welfare,1.0.0,capture,tenant_5,tenant_5,0.0,utility_points,"{""disagreement_utility"":0.0}",ok,valid,[],"[""event_00000261""]",evaluation_receipt,episode_attempt_d06cef1ce925d0aafbec,a8a034c8e68aef03db005fa6a29c4633480e52eedff77b3737f01655a7297f96,true
